S02B0000433A2F55736572732F6D706D656E2F53696D706C696369747953747564696F2F424C452D7468657319
S31508000000C00A0020B926000825D6020825D6020807
S3150800001031F2020825D6020825D6020825D6020896
S3150800002025D6020825D6020825D6020825D60208AE
S3150800003025D6020825D6020849C7020825D6020889
S3150800004025D6020825D6020825D6020825D602088E
S3150800005025D6020825D6020825D6020825D602087E
S3150800006025D6020825D6020825D6020801B00008BA
S31508000070410F030825D6020825D6020825D6020808
S3150800008025D6020825D6020825D6020825D602084E
S3150800009025D602084D30000825D6020825D60208BE
S315080000A025D602088D2C00086D2C000825D60208D6
S315080000B025D6020815A70208E9AF020859D303088E
S315080000C055D303085DA702086FD303085DD3030859
S315080000D0B9AF020861D3030829B0020891B0020833
S315080000E025D6020825D6020825D6020825D60208EE
S315080000F0E7E6020825D6020825D6020825D602080C
S3150800010025D6020825D6020825D6020825D60208CD
S3150800011025D6020825D6020825D6020825D60208BD
S3150800012025D6020825D6020825D6020825D60208AD
S3150800013025D6020825D6020825D6020825D602089D
S3150800014025D6020825D6020825D6020843EE030856
S31508000150D591020825D6020843D3030849D30308D4
S3150800016025D6020825D6020825D6020825D602086D
S31508000180F0B5114A114C124E00F00105E3695F07FC
S3150800019013D40DB9334213D103EA00078F4207D1AE
S315080001A00B4A1A40002A0CBF00206FF00100F0BD70
S315080001B0013AEBD16FF00200F9E74FF0FF30F6E7AE
S315080001C06FF00100F3E700BF809698000000035027
S315080001D0020001000B4B70B5D96911F480310DD1BD
S315080001E001244FF48072084E084DF46020462C64B2
S315080001F01A61FFF7C5FF3464EC6070BD6FF001004B
S31508000200FBE700BF00000350001003500020035016
S315080002104FF4803238B50E4B0E4C9A66E56941F6B6
S31508000220713315400122E3630B4B0021DA60022388
S31508000230606121202361FFF7A3FF10B92120FFF792
S315080002409FFF0122054BDA600DB10023E36338BD39
S315080002500090005000000350001003500020035087
S3150800026070B5134C6061E3695B071ED40E4656F8F9
S31508000270043B8D18A361AE420BD104230021212033
S315080002802361FFF77DFF58B9BDE870402120FFF7CD
S3150800029077BF08210846FFF773FF10B104232361CF
S315080002A070BD56F8043BA361E5E74FF0FF30F7E76A
S315080002B0000003502DE9F84315464FF48032184BD9
S315080002C089469A6603F51C33DF690646174041F6E8
S315080002D07132DA63012203F58053DFF84C80DA6065
S315080002E055B9284601220F4BDA601FB10022A3F543
S315080002F00053DA63BDE8F88306F5005404EA0804F7
S31508000300A41BAC4228BF2C46494622463046FFF776
S31508000310A7FF0028E6D12644A1442D1BE0E700BF2D
S31508000320009000500020035000E0FFFF000000008E
S3150800033000000000000000000000000000000000AF
S31508000340013800D0FCE77047D0B51BA7D7E900678E
S315080003502DED028B04469FED1A8AD4ED007AF4EE51
S31508000360C87AF1EE10FA0EDA13A7D7E900679FEDFF
S31508000370158AD4ED007AF4EEC87AF1EE10FA0ED4A6
S31508000380BDEC028BD0BD17EE900A0BF0C3F83246CF
S315080003903B460AF05FFF0BF015F92060DDE717EE24
S315080003A0900A0BF0B7F832463B460AF055FF0BF0B9
S315080003B009F92060DDE700BF182D4454FB211940D8
S315080003C0DB0F4940DB0F49C00348044B834202D088
S315080003D0034B03B11847704784880020848800209F
S315080003E000000000064B0749C91A891048BF0131A9
S315080003F0491003D0044B0BB101481847704700BF9A
S3150800040084880020848800200000000010B5064C6F
S31508000410237843B9FFF7D8FF044B13B10448AFF369
S3150800042000800123237010BD6480002000000000B6
S31508000430586E040808B5054B1BB105490548AFF3C6
S315080004400080BDE80840FFF7CDBF00BF00000000F0
S31508000450C80D0020586E0408A3F5803A704700BFFF
S31508000460174B002B08BF134B9D46FFF7F5FF0021DE
S315080004708B460F461348144A121A30F0FAFD0E4BF3
S31508000480002B00D098470D4B002B00D09847002032
S31508000490002104000D000D48002802D00C48AFF3D7
S315080004A000800BF079FC2000290030F04BFD0BF0A2
S315080004B0B9FA00BF000008000000000000000000B4
S315080004C0C00A0020C00A0020E082002000000000C8
S315080004D00000000037B5054615F04EF8002849D14A
S315080004E0274B2877AB61AB6843F48013AB602EF0DB
S315080004F004FFAB68A8801B030CD4B0F5FA7F09D9B2
S315080005003EF053FB0121044608463DF00FFB20460A
S315080005103EF046FB284615F057F8044658BBE868EF
S3150800052060B317F08DFA35F0EBF832F002F936F0D1
S3150800053070F934F0D0FA33F05FF80446D8B94FF4BE
S315080005400173ADF80430FF2301A88DF806300FF0CB
S3150800055043FD22460321042035F0C3F868468DF88A
S31508000560004015F023FA0420032116F045FF28461B
S315080005702CF0E0F80024204603B030BD0148D0E74F
S31508000580050403005088002008B50449044820F0F3
S3150800059089FFBDE8084020F0B7BF00BFA8F10308EF
S315080005A068F203084FF08052014B5A60704700BF4B
S315080005B000ED00E0F8B50E460546D0B1C9B10E4BC0
S315080005C00E4F1968386803F02FFD044678B90623DC
S315080005D032460B49386803F0F5FD044638B901235D
S315080005E02A460849386803F0EDFD00B12C7020460C
S315080005F0F8BD2124FBE700BFB0840020D08400208A
S315080006002C0004003C000400034A0449002808BFE3
S315080006101146042020F04EBC24F303081CF30308FB
S31508000620F7B5089F0546164690F8BE011A463B469A
S3150800063079B131461AF090FF044638B9134B9B88B6
S31508000640B34203D13B7843B1012B15D0204603B002
S31508000650F0BD31461AF068FFEEE7B7F8011095F8D5
S31508000660BE012CF076FA2B4642F21071084A009425
S3150800067005F59C7002F00CF92B4641F28831054AC3
S31508000680009405F5B87002F003F9DFE7E47F00206F
S315080006902FC90208E1C70208F8B54FF4E262002143
S315080006A00F4830F0E6FC0025FF267F270C4C84F81F
S315080006B0BE6184F8BF7184F8C16104F5D47304F58A
S315080006C094700A22022101352CF0DEFF042D04F570
S315080006D0E274ECD100F09AFEBDE8F84000F0F4BDF3
S315080006E0E00D002005289ABF024B33F810004FF69C
S315080006F0FF707047E47F0020094900220B4610B5B9
S3150800070091F8BE41844204D14FF4E27101FB0230F4
S3150800071010BD0132042A01F5E271F1D10020F7E794
S31508000720E00D00202DE9F041374D04242E468AB00D
S315080007300DF1190806F59477384605A92DF000F845
S31508000740A0B930469DF81830BDF816209DF814104B
S31508000750CDF80080FFF764FF20B9384605A92DF0CB
S315080007600FF8E9E7052801D01A28F6D1013C14F05C
S31508000770FF0406F5E276DDD1274695F8C031A3B326
S3150800078028460DF10A020DF109012CF02AF89DF808
S315080007900930032B34D104AB00934FF6FF7103AB3A
S315080007A00DF10B022CF09FF850B395F8BE310026D8
S315080007B08DF82230B5F8BC3105A9ADF820300123F3
S315080007C08DF824309DF80A3005F10C008DF8233099
S315080007D0039B8DF81C600693049B0593FF23ADF8D5
S315080007E01E302CF00FFA85F8C061E234B4F5627F4A
S315080007F005F5E275C1D10AB0BDE8F04100F00CBEBE
S3150800080085F8C071F1E700BFE00D00201FB50C4662
S31508000810ADF80E10FFF770FF88B1028902F4C072B6
S315080008207AB1017A0DF10E03074A84800093D288C3
S315080008300223C1F340012CF01DF804B010BD22209C
S31508000840FBE70220F9E700BFE47F00201FB50C464E
S31508000850ADF80E10FFF750FF88B1028902F4C07296
S315080008607AB1017A0DF10E03074AC4800093128902
S315080008700223C1F3C0012BF0FDFF04B010BD2220F6
S31508000880FBE70220F9E700BFE47F00202DE9F04FDF
S3150800089087B0044600F080FE0546204600F080FA40
S315080008A02368A44A23F47F43054023F0070385F011
S315080008B001059342EDB200F05D822BD89E4A934221
S315080008C000F03E820ED802F17F42934200F0E081AA
S315080008D002F54032934200F0CD8185F0010007B061
S315080008E0BDE8F08F954A9342F7D12079FFF704FFC8
S315080008F006460028F1D0E379B4F805100A2B24D06F
S315080009000023062290F8BE01CDE900331AF0CCFD8B
S315080009100125E2E78A4A93420CD002F12C7202F5CD
S315080009208032934200F0E78002F17B4202F59E0294
S315080009309342D2D126793046FFF7DEFE0028CCD086
S31508000940214630462BF071FFE2E77E4B1F888F4227
S3150800095016D1238990F8BE01032B05D90023072257
S31508000960CDE900333946D1E7072205920DF1120287
S31508000970019205AA1A440092C3F104030022F1E782
S31508000980DA888A422AD1238990F8BE01012B04D934
S3150800099000230722CDE90033B8E70DF112020192D0
S315080009A0321D1A440092C3F1020300221AF07CFD9C
S315080009B0654AB4F8051053888B421CD1E3790A2B93
S315080009C029D12389012B34D80020ADF81400307AB8
S315080009D000F06007602F6BD1032032E01B898B4241
S315080009E0E6D1238990F8BE01012BD1D80DF1120268
S315080009F00192B21DD5E753898B4209D0D3888B4221
S31508000A0006D013898B4203D093888B4240F08F809F
S31508000A10E3790A2B0AD00DF112030193002306226B
S31508000A20009320791AF040FD012381E02389012BE8
S31508000A3006D90DF112030193002307220093F0E76C
S31508000A400020ADF814005089884208D1308900F496
S31508000A50C070B0F5C07F33D10320ADF81400D0883C
S31508000A60884207D1307A00F00607062F33D10320D3
S31508000A70ADF814001089884207D1307A00F01807BB
S31508000A80182F30D10320ADF8140092888A4205D178
S31508000A90327AD20744BF0222ADF814200DF11202B1
S31508000AA0019205AA1A440092C3F102030022B8E78C
S31508000AB0870601D50220C4E74706C4D50120C0E74A
S31508000AC096F90800002801DA0220C6E7707AC007FE
S31508000AD0C5D50120C1E7870701D50220C8E7400729
S31508000AE0C8D50120C4E7070701D50220CBE7C00611
S31508000AF0CBD50120C7E794F804904846FFF7FCFDDC
S31508000B00064600283FF4E9AE0F4BB4F80510B3F8D3
S31508000B1002C061451AD05A898A4217D0DA888A42B1
S31508000B2014D01A898A4211D09A888A420ED0002394
S31508000B301D43D2E6A0005902A0000601A0000A0142
S31508000B40A0005905E47F0020D87F0020E279122A08
S31508000B5004D0062248461AF0D1FC65E76289022AC3
S31508000B6001D00D22F6E727890FB10722F2E7B4F87C
S31508000B700CE0AEF1020292B2012A8CBF4FF00008D7
S31508000B804FF001082EF0020ABAF1010F8DF8128013
S31508000B901FFA8AF01ED1614534D1338903F4C07334
S31508000BA00BBB337A68F3451360F38613337230460A
S31508000BB00DF1120205A92BF014FE9DF812209DF8DE
S31508000BC0141096F8BE012CF02AF80022B4F8051085
S31508000BD02079C0E7614516D1338903F4C07323B180
S31508000BE0BEF1000F03D0FD22B4E7012A03D9337AF8
S31508000BF013F0600F01D10020D3E706F10C0000F0D6
S31508000C0013FDF8E70746B3F80AC08C4517D1337ABF
S31508000C1013F0600FE7D1012A08D93FB9338903F4E5
S31508000C20C0731BB106F10C0000F0FEFC337A68F3C2
S31508000C30C7133372737A67F300037372B7E7DA88F8
S31508000C408A4206D1337A67F3820368F34103337223
S31508000C50BBE71A898A4205D1337A68F3C30367F377
S31508000C600413F4E79B888B427FF461AF337A68F309
S31508000C700003ECE72079FFF73FFD00283FF42DAE8F
S31508000C806379A27943EA0223A0F8BC31002524E659
S31508000C90DFF804B19BF800609EBB42F602134FF0E2
S31508000CA001084FF6FF7A3A4FDFF8F090ADF81430A6
S31508000CB0384A3B46CDF80C900221002027F802ABB3
S31508000CC029F802AB02EB46021AF0B8FB60B14FF006
S31508000CD000080136062EEBD18BF80080B8F1000F1C
S31508000CE00FD12BF02EFEF8E54EB10221039B37F803
S31508000CF0020C05AA1AF0A2FB0028E8D1E9E70126AA
S31508000D00D6E7FF20FFF7F8FC064600283FF4E5ADD6
S31508000D104FF4E272002130F0ACF917230A22A6F844
S31508000D20BC31022106F5D47306F594702CF0ACFCA0
S31508000D30207B0022012186F8BE012BF070FFA5E773
S31508000D40A079FFF7D9FC064600283FF4C6AD00F5A2
S31508000D509C7001F07FFD06F5B87001F07BFD06F189
S31508000D600C0000F061FCFF2386F8BE31A0792BF059
S31508000D7001FF8BE72079FFF7BFFC00283FF4ADADF4
S31508000D80A37A80F8BF31637A80F8C1317EE700BF65
S31508000D90E47F00202CF3030865800020D87F00201C
S31508000DA070B503687B4A23F47F4323F00703934215
S31508000DB005468AB004D0002080F001000AB070BD54
S31508000DC00079FFF799FC04460028F4D00220B5F80C
S31508000DD00560FFF787FC8642EDD1EB79522B07D0E9
S31508000DE0FC22B5F8051028791AF088FB0120E3E7FC
S31508000DF02B8923B1032120462BF0B4FDF6E72B7B84
S31508000E00042B00F2C480DFE803F003475EB2C20099
S31508000E106B89032BEED12378012B01D10721EAE751
S31508000E2020460DF10A020DF109012BF0DAFC9DF8B6
S31508000E300930022B01D00621DDE704AB00932046DA
S31508000E40B5F80D1003AB0DF10B022BF04CFD08B9EC
S31508000E500821D0E794F8BE3105A98DF82230B4F8F8
S31508000E60BC3104F10C00ADF8203000238DF8243095
S31508000E709DF80A308DF82330039B0693049B05934F
S31508000E802BF0C0FE0028D6D16B7BAA7B43EA02234F
S31508000E90638001232380A9E76B89032BAAD12378D2
S31508000EA0012BBBD02046B5F80D102BF031FD0028DC
S31508000EB0CED004F59C7001F0CDFC04F5B87001F0B5
S31508000EC0C9FC012197E76B89052B93D12378012B60
S31508000ED0A4D020460DF10A020DF109012BF081FC80
S31508000EE09DF80930022BA6D104AB00932046B5F82D
S31508000EF00D1003AB0DF10B022BF0F5FC0028A7D063
S31508000F009DF80B30002B3FF475AFEA7B2B7C9A4299
S31508000F103FF670AF94F8BE1104F10C008DF822105C
S31508000F20B4F8BC118DF81C20ADF8201000218DF8FE
S31508000F3024109DF80A10ADF81E308DF82310039979
S31508000F4006910499059105A92BF05FFE58B904F599
S31508000F509C7001F07FFC6B7BAA7B43EA02236380CB
S31508000F6040F2012396E72D287FF465AF70E76B8979
S31508000F70012B7FF43FAF2578012D06D104F10C0033
S31508000F8000F052FB002323709BE7052133E702217B
S31508000F9031E700BFA0000A08194A30B500231446F5
S31508000FA0114694F83A50854204D140F28C7202FBFD
S31508000FB0031030BD0133042B04F28C74F1D10023E5
S31508000FC092F83A40FF2C13D140F28C725A438B1890
S31508000FD0002483F83A004FF6FF703D320A4418871A
S31508000FE01881988483F83B401846C3F88827E0E7B9
S31508000FF00133042B02F28C72E2D10020D9E700BF3C
S31508001000F41400202DE9F04F0368AC4A23F47F431B
S3150800101023F007038BB093420646059106D002F1EA
S315080010200072934215D04FF0010A0EE04FF0000906
S31508001030437B047903930789C7F30B072046FFF719
S31508001040ABFF054668B94FF0220A50460BB0BDE81B
S31508001050F08F83794FF001094FF6FF7704790393F0
S31508001060ECE72046FFF748FB04900028EBD0204623
S31508001070FFF792FF10B94FF02D0AE6E71C234FF64B
S31508001080FF7C90F83B4003FB04010A89A0466245B1
S3150800109075D10024974280F83B4040F088800023B1
S315080010A04FF01C0808FB0458C4EBC40198F816B0A6
S315080010B08900BBF1000F08BF9B4601F10E0306939A
S315080010C0EB180293049B0A3193F8C131294432463E
S315080010D00298CDF8009007912BF03DFB8246002838
S315080010E0B1D1049B079993F8BF3188F80C30BBF14E
S315080010F0000F0DD00123C8F804000A46A8F80870A6
S3150800110021460093284604232BF07BFC88F816A07A
S31508001110B9F1000F00F0848096F80AB096F80780B7
S3150800112006F10C07BBF1A00F3FF67DAF4FF00009A3
S31508001130634E5FFA89F39B4500F28980B8F1000F88
S3150800114002D0B8F10F0F0ED15E490A684AB11C23C6
S315080011506343E858069B8618EB588350029B5B68E6
S31508001160736000230B60039B13B10F2B7FF46DAFE5
S31508001170059B022B00F099804FF01C0A65E7974201
S3150800118023D067451DD00134E4B2012C0CD803FBEB
S31508001190040380F83B401A89A046BA4202D09A7DD9
S315080011A0BAB11F8100231DE0002380F83B30038974
S315080011B0BB4202D0847DDCB107810024A0462346C9
S315080011C010E0022C7FF46BAF55E7022C0F81E9D1B2
S315080011D051E7059B022B0FD01C23002203FB045367
S315080011E05A6001231C2202FB0858A8F8087057E722
S315080011F0059BA046022B07D11C2303FB085395F831
S315080012003A001989FFF722FB1C23002203FB085327
S315080012105A604FF6FF739F424FF00103E2D13FE752
S315080012201C226243D5F88837AA5896F811B09B1A3B
S31508001230244A96F80E801360214608232846029A07
S31508001240CDF8009006F113072BF0DBFB6AE73B8825
S31508001250B8F10F0F3380BB7807F10307B370337803
S3150800126003F003038DF8273011D163F07F038DF85F
S3150800127027300023009301230DF127022146284633
S315080012802BF0BFFBB37809F101091F4451E700238E
S315080012900DF1270200932146012328462BF0B1FBC6
S315080012A0002300933A46B378E8E71C2303FB04546B
S315080012B095F83A002189FFF7A9FA5DE7A0005903D6
S315080012C066800020F01400204FF6FF72FF2138B523
S315080012D000250E4C04F5805084F83A10228784F8CD
S315080012E0C617A4F8C42784F8522FA4F8502F80F8FC
S315080012F0DE16A0F8DC2694F83A0001352BF03AFC05
S31508001300042D04F28C74F6D138BD00BFF414002005
S3150800131002460020044B1B6803B97047997E914228
S3150800132008BF18461B68F7E7243300202DE9F84361
S315080013300D461646074600285ED000295CD04B6845
S31508001340002B59D00B68002B5AD08A7BFF2A55D020
S315080013508C89A4F11702E32A52D8043C013BA2B2B5
S3150800136013FA84F4B4FBF2F4013CA4B24EB90A7A37
S315080013704B899A4244D8A24244D8FF2B01D0A342B3
S3150800138040D83DF01BFC81461F4BD3F80080B8F1CE
S31508001390000F26D1A87BFFF7BBFF38BB4FF48E7230
S315080013A0414638462FF065FE07F10C0305F1140295
S315080013B055F8041B954243F8041BF9D116B10023CE
S315080013C0FC823B75FB8A3946FF2B3B7D0E4808BFDE
S315080013D0FC82BB802CF03BF948463DF0EAFB002036
S315080013E008E0474502D0D8F80080D0E748463DF0E7
S315080013F0E0FB2E20BDE8F8832220FBE72520F9E74D
S315080014002120F7E72D20F5E72433002001482CF0AA
S3150800141017B900BF243300202DE9F0474FF6FF76B1
S315080014205B4D2C686CB93DF0C9FB06462C68594FD4
S31508001430574D002C40F090803046BDE8F0473DF00F
S31508001440B8BBA379190771D403F00602022A6DD036
S31508001450062A05D1A28823F00703A371531CA3808B
S31508001460A788E38A9F4261D8DB1B9BB2B3425DD053
S31508001470A379DA0737D4228BD4F80CE0131F0EF1C0
S31508001480FF381FFA83FC07FB03F118FA83F3B3FB53
S31508001490FCF3B7FA87F0013B9BB2BB4204BF1CFBC7
S315080014A003FC0EF101024FEA501008BFA2EB0C0331
S315080014B040EA8700C0B20CBF9AB2033A236984F89F
S315080014C0220012BF92B240F0020084F822001944AA
S315080014D0228404F123002FF0D7FDA37923F0070314
S315080014E043F00103A371237FA77E94F81BA0B4F8E9
S315080014F0208004F12209DBB10120FFF7F3F84B46FF
S31508001500014642463846BAF1000F13D01AF024F8BD
S31508001510C0B9A37943F00203A371E37E6BB9A3793B
S3150800152023F00703A371A3880133A380246879E70E
S315080015300520E2E719F0F8FFEAE7A37960F38203EA
S31508001540A371F3E70528F1D01A281FBFA379A06075
S3150800155043F00803A371E9E7A288E38A9A4208D808
S315080015609B1A4FF6FF729BB2934202D0A3791B07D0
S315080015700BD5214628462CF079F8A2682046072A7A
S315080015808CBF0221B95C2BF0FAF9246851E700BF39
S315080015902433002038F303080368214A23F47F43E1
S315080015A023F00703934210B5044611D002F10172E5
S315080015B0934219D01B4A934208D10079FFF7A8FE37
S315080015C020B1B4F80520038B9A4206D1012010BD3C
S315080015D08079FFF79DFE0028F8D01323836083796E
S315080015E043F008038371F1E7C379022BEED101209A
S315080015F0FFF778F8B4F80530834208D12079FFF769
S3150800160087FE0028E2D0837943F00403EAE7052041
S31508001610FFF768F8B4F805308342D7D1EEE700BF84
S31508001620A0000601A000090010B5044698B13DF0D7
S31508001630C5FA0A4B1B6823B92D243DF0BAFA204691
S3150800164010BD9C42F6D10623A360A37943F0080394
S31508001650A3710024F1E72224F1E700BF2433002018
S31508001660024B1868B0FA80F040097047243300200E
S31508001670F0B50646524D93B00F46286851492DF0ED
S3150800168082F82BF0FFFF2BF0FEFF334632464E4919
S3150800169028682DF078F800230DF1470219461846F8
S315080016A0CDE90E33CDE90C33CDE90A33CDE908335C
S315080016B0CDE90633CDE90433CDE90233CDE900336C
S315080016C01FF00AFC044690BB7C782868022C31D0AF
S315080016D0FE2C3C494AD0012C57D12DF054F82BF05A
S315080016E0D1FF2BF0D0FF3246384928682DF04BF849
S315080016F097F9003001220093002130467B781FF0CD
S31508001700BDFB044698B9304600F01CF9044600288B
S3150800171044D02F4928682DF036F82BF0B3FF2BF06C
S31508001720B2FF32462B4928682DF02DF81924204699
S3150800173013B0F0BD9DF847302249012B08D92DF08A
S3150800174022F82BF09FFF2BF09EFF32462249CCE76A
S315080017502DF019F82BF096FF2BF095FF32461F490E
S3150800176028682DF010F801237B70C1E72DF00BF8DF
S315080017702BF088FF2BF087FF32469DF84730184933
S3150800178028682DF000F87C70B2E72CF0FCFF2BF0EF
S3150800179079FF2BF078FF32461249E1E709492868B4
S315080017A02CF0F1FF2BF06EFF2BF06DFF2D6800F08B
S315080017B0FDF8042302460C4928462CF0E4FFB6E758
S315080017C0A833002040F3030845F3030889F3030808
S315080017D0EFF40308F4F40308BDF3030803F403085D
S315080017E04EF4030893F403082AF5030838B50546AA
S315080017F02BF00EFA18B3134C134920682CF0C3FFCC
S315080018002BF040FF2BF03FFF2A46104920682CF0AA
S31508001810BAFF284600F0B2F80B4920682CF0B3FF4F
S315080018202BF030FF2BF02FFF246800F0BFF80423BD
S315080018300246074920462CF0A6FF002038BD2D2079
S31508001840FCE700BFA833002040F3030848F5030867
S315080018502AF5030803682B4A23F47F4323F007037A
S31508001860934273B504463AD002F18072934217D078
S3150800187002F17E42934218D1057928462BF0C8F921
S3150800188098B1214C214920682CF07DFF2BF0FAFEF7
S315080018902BF0F9FE2A461E4920682CF074FF1CE03E
S315080018A0067930462BF0B4F920B9002080F0010003
S315080018B002B070BDE38883B1134D164928682CF031
S315080018C062FF2BF0DFFE2BF0DEFE237A3246009312
S315080018D0E388114928682CF056FF0120E6E70579C8
S315080018E028462BF095F90028DFD0074C07492068D1
S315080018F02CF049FF2BF0C6FE2BF0C5FE2A460749F9
S31508001900CAE700BFA0005901A833002040F3030826
S31508001910AFF50308EFF403086CF50308DEF50308D2
S3150800192030B5024600230A25054905FB03F460186D
S315080019300C5D944203D00133042BF6D1002030BD50
S31508001940A48700200C4910B500220C464B7833B109
S315080019500132042A01F10A01F8D11C2010BD0A211E
S315080019604A43A118A054012218464A704B800B71AD
S31508001970CB800B81F2E700BFA487002070B5002258
S315080019800A25094C05FB02F1665C0B19864203D051
S315080019900132042AF6D170BDFF22625200225A8013
S315080019A01A71DA801A81F6E7A48700200023184600
S315080019B0054A517809B10130C0B20133042B02F14E
S315080019C00A02F6D1704700BFA48700200368184AA8
S315080019D023F47F4323F00703934213B526D1B0F8C7
S315080019E005301B2B22D142890479012A1BD1037B9E
S315080019F0DB0714D5002311468DF80430204601ABC9
S31508001A001FF0D0FD41F2FC13002818BF1846C2B2D9
S31508001A101B21204602B0BDE8104019F06FBD2046D4
S31508001A201FF0D6FDEEE741F20D10F0E702B010BD4B
S31508001A30A0000A08036837B523F47F43374A23F022
S31508001A400703934207D002F1006202F5102293427F
S31508001A5006D003B030BD03B0BDE8304000F0AEB8E4
S31508001A60B0F805404289A4F11D030579D2B2082BC6
S31508001A70EFD801A151F823F09D1A0008531A00085F
S31508001A80AF1A0008531A0008ED1A0008531A00087E
S31508001A90BF1A0008531A0008071B0008012A39D183
S31508001AA0037B9A1E122A24D81D4A13701BE0012AAA
S31508001AB030D1037B5A1E0E2A1BD81A4AF5E7531E45
S31508001AC0012B27D8002300F10C010DF10600ADF813
S31508001AD006302FF0D9FA144ABDF8063012889A4211
S31508001AE007D8124A138000F025F820B141F2FC10FD
S31508001AF001E041F2FF10C2B22146284603B0BDE814
S31508001B00304019F0FBBC012A04D1037B012BF0D825
S31508001B10074ACAE741F20D10EDE700BFA000010031
S31508001B206B8000206A800020E8F60308F07F00201A
S31508001B30698000201FB51B4B1B4C1B78207853B9B6
S31508001B401A4B1A8800230093114620781FF094F840
S31508001B5030B104B010BD1FF0BFF80028F0D0F8E788
S31508001B60134B01211B782078012B14BF0122022276
S31508001B701FF000F90028ECD10146022220781FF058
S31508001B8021F90028E5D103AB019301230949009304
S31508001B90094B02468DF80C001B78097820781FF04F
S31508001BA027FDD6E76C80002061880020F07F0020A2
S31508001BB0698000206B8000206A800020F0B54B4BBE
S31508001BC085B01A889B78ADF80C208DF80E30002366
S31508001BD01422474E01243370464B474F1A70202271
S31508001BE0464B38461C70464B1A80464B1C701FF0F5
S31508001BF029F8054618B3444C444920682CF0C3FD1F
S31508001C00434920682CF0BFFD2BF03CFD2BF03BFD33
S31508001C10404B414A00934149402320682CF0B3FDCC
S31508001C203F492B463F4A20682CF0ADFD284600F078
S31508001C30D3FD3D4920682CF0A6FD00BEFDE7032133
S31508001C40387803AA1FF0AAF8054618B32E4C2F4970
S31508001C5020682CF098FD2E4920682CF094FD2BF076
S31508001C6011FD2BF010FD2B4B2B4A00932B494623D5
S31508001C7020682CF088FD2A492B462A4A20682CF031
S31508001C8082FD284600F0A8FD274920682CF07BFD38
S31508001C9000BEFDE7FFF74EFF054618B31A4C1B4971
S31508001CA020682CF070FD1A4920682CF06CFD2BF08A
S31508001CB0E9FC2BF0E8FC174B174A009317494A230F
S31508001CC020682CF060FD16492B46164A20682CF031
S31508001CD05AFD284600F080FD134920682CF053FD74
S31508001CE000BEFDE7347005B0F0BD00BFD7F60308A7
S31508001CF06C8000206B800020618800206A800020AC
S31508001D00F07F002069800020A833002087F30308AD
S31508001D100BF60308DBF6030810F60308A2F6030819
S31508001D20B1F60308AEF60308C6F6030870B5294EE1
S31508001D3092B0354605AC0FCD06F114050FC40FCD8C
S31508001D400AAC0FC495E80F0084E80F00224B23481D
S31508001D5007930AAB09934FF48073ADF82C303CF027
S31508001D6038FF1F483CF035FF0421B38E0DEB010008
S31508001D700022ADF804302BF0A0FDF38E00220421DA
S31508001D8002A8ADF808302BF098FD338F0022042105
S31508001D9003A8ADF80C302BF090FD0122042104A80D
S31508001DA0ADF810202BF089FD0E4805A904F032F98C
S31508001DB00D4B0E4A0020C3F8CC24A2F58032C3F896
S31508001DC0C4244FF00112C3F8C8241C22C3F8B42453
S31508001DD012B070BDECF60308A05A320010F80308DA
S31508001DE00CF8030800000A5000C003500100030065
S31508001DF038B50446084D01202AF012FF76212846F8
S31508001E002CF05CFB214628462CF058FB00202AF0D3
S31508001E1007FF002038BD00BF00000A5070B5054610
S31508001E20C0F3C7100E46144665F07F05FFF7E0FFBE
S31508001E3001202AF0F5FEE9B209482CF03FFB084DCF
S31508001E402644B44204D100202AF0EAFE002070BDE0
S31508001E50002128462CF032FB04F8010BF1E700BFFD
S31508001E6000000A5013B5044601214F200DF1070260
S31508001E70FFF7D4FF9DF8073003F0E003802B17D057
S31508001E800BD8402B16D004D8B3B1202B16D001207E
S31508001E900CE0602BFBD10C4B06E0C02B10D0E02BDE
S31508001EA010D0A02BF3D1094B0020236002B010BD3F
S31508001EB0074BF9E7074BF7E7074BF5E7074BF3E758
S31508001EC0074BF1E7074BEFE70000FA3B0000FA3A49
S31508001ED000007A3B00007A3C00007A3D0000FA3C9C
S31508001EE000007A3A0000FA3970B504460D460B4EE2
S31508001EF0C0F3C710FFF77CFF01202AF091FE04F01B
S31508001F007F0130462CF0DAFA294630462CF0D6FA0C
S31508001F1000202AF085FE002070BD00BF00000A5090
S31508001F20DFED497AB4EEE70AF1EE10FA10B52DEDB9
S31508001F30028B59DCDFED457AB4EEE70AF1EE10FACA
S31508001F4057DCDFED437AB4EEE70AF1EE10FA55DC1A
S31508001F50DFED407AB4EEE70AF1EE10FA53DCDFED76
S31508001F603E7AB4EEE70AF1EE10FA51DC9FED3B8AB1
S31508001F70B4EEC80AF1EE10FA4FDCDFED397AB4EEAA
S31508001F80E70AF1EE10FA4DDCDFED367AB4EEE70A31
S31508001F90F1EE10FA49DCF3EE027AB4EEE70AF1EE56
S31508001FA010FA47DCF2EE027AB4EEE70AF1EE10FA1E
S31508001FB04FF00B0043DCF1EE087AB4EEE70AF1EED7
S31508001FC010FAB1EE098AF0EE097ACCBF0C240D247A
S31508001FD038FE278A2AF06CFF20462AF07EFFB0EEEC
S31508001FE0480ABDEC028B10BD03209FED1F8A0446EC
S31508001FF0F0E704209FED1D8A0446EBE705209FEDD8
S315080020001C8A0446E6E706209FED1A8A0446E1E79D
S315080020100F209FED198A0446DCE707209FED178AF3
S315080020200446D7E708200446D4E709209FED148A1A
S315080020300446CFE70A20B3EE098A0446CAE70446EF
S31508002040B2EE098AC6E700BF0080BB4500803B4563
S315080020500080BB4400803B440080BB430000C8426C
S3150800206000009642000014420000FA4500007A4536
S315080020700000FA4400007A440000FA43000048438E
S3150800208000004842B7EE007AC7EE007A9FED057A5F
S31508002090C0ED157AC7EE007A80ED140AC0ED167AFF
S315080020A0704700BF35FA8E3CF0B52DED048B0F4610
S315080020B000F15C050446D0ED098A90ED0A9AD0ED48
S315080020C00B9A85B028461646B0EE408A2BF038FAA9
S315080020D0002F48D094ED097ADFED386AB4EEE67A37
S315080020E0F1EE10FA3FDBDFED367AB4EEE77AF1EE81
S315080020F010FA38D894ED0A7AB4EEE67AF1EE10FAC8
S3150800210031DBB4EEE77AF1EE10FA2CD8F5EEC09A88
S31508002110F1EE10FAF1EE688AB1EE490A04F16807A1
S3150800212025DB0AF021F98DED010AB0EE680A0AF0FE
S315080021301BF9B1EE400A28463A4601A98DED020A76
S315080021408DED038A2BF034FA28462BF0ECF90EB9FC
S3150800215000236366D4ED147AB6EE000A284680EEAC
S31508002160270A2BF005FA05B0BDEC048BF0BD0AF082
S31508002170FBF89FED149A39EE400A8DED010AB0EE90
S31508002180680A0AF0F1F838EE098AB1EE400A01A8A1
S315080021908DED020A8DED038A2BF0C5F93A462846DD
S315080021A001A92BF005FA28462BF0BDF9D4ED187ACB
S315080021B0F1EE677AC4ED187AC9E700BFDA1B7CBF6F
S315080021C0DA1B7C3FDB0F494070B5044600F052F835
S315080021D00128054626D104F12406304600F01EF9EA
S315080021E03146204604F144062BF026F9304600F025
S315080021F023F9D4ED117AF1EE677AC4ED117AD4EDAC
S31508002200127AF1EE677A31462046C4ED127A2BF03F
S315080022102FF929462046BDE870409FED030A0022A3
S31508002220FFF742BF70BD00BF000000007FB5022562
S315080022300E4E0F4835702BF0DDF82AF0F1FD0446F6
S3150800224060B90DF103002AF0FCFC044630B90323FB
S3150800225001A833702AF00CFF044610B12AF0EFFCEF
S3150800226000252046357004B070BD00BF6D80002083
S3150800227028330020014B1878704700BF6D80002076
S3150800228070B501212DED028B0223B0EE408A1C4E5B
S3150800229082B00022084633702AF088FEB0EE480A5B
S315080022A0FFF73EFE174D002085ED000A2AF03FFE97
S315080022B001202AF027FE60202AF04EFEA0202AF0F0
S315080022C060FE322005F01CFE0F4C002101202AF08A
S315080022D0A3FE01A82AF042FD95ED000A20462BF040
S315080022E0A8F895ED000A2046FFF7CCFE20462BF00D
S315080022F0DBF80123337002B0BDEC028B70BD00BF62
S315080023006D800020A4330020283300201A4AD36B9E
S315080023106BB392ED0C6A9FED197A07EE903A26EEAA
S31508002320076AF8EE677AC6EE276A92ED0D6AFDEE41
S31508002330E66A26EE076A16EE903AC6EE276AFDEEBC
S31508002340E66A038016EE903AD2ED0E6A66EE876A62
S3150800235086EEA77ABDEEC77A438017EE103A8380D9
S3150800236000231363536393630023D3637047038087
S3150800237043808380704700BF2833002000007A44DA
S315080023800F4B9FED107AD3ED1A7A67EE877AFDEE3A
S31508002390E77A17EE902AD3ED1B7A67EE877AFDEE79
S315080023A0E77A028017EE902AD3ED1C7A67EE877AD1
S315080023B0FDEEE77A17EE903A42808380704700BFB9
S315080023C028330020A00CB3450F4B9FED107AD3EDB0
S315080023D0117A67EE877AFDEEE77A17EE902AD3ED43
S315080023E0127A67EE877AFDEEE77A028017EE902A70
S315080023F0D3ED137A67EE877AFDEEE77A17EE903A11
S3150800240042808380704700BF283300200000C842FE
S315080024100148FFF7D9BE00BF28330020054A1278C5
S31508002420012A04D0002202604260826070472AF0C6
S3150800243035BC00BF6D800020054A1278012A04D0F9
S31508002440002202604260826070472AF057BC00BFD3
S315080024506D80002008B5094B1B78012B01D00020A0
S3150800246008BD2AF09DFC064A13680133136000284C
S31508002470F5D0044A136801331360F1E76D80002034
S31508002480A03300209C3300209FED060A00F10C03C0
S31508002490B0EC017AF1EC017A984207EE270AF7D1F7
S315080024A0704700BF000000002DE9F0415D4C92B076
S315080024B009AD94E80F0085E80F000DAA174604F148
S315080024C0100304F1200C164618685968083303C629
S315080024D063453246F7D11868534B08A93060187916
S315080024E03CF072FB51483CF074FB51483CF071FBE0
S315080024F04FF4807308984F49ADF83430814228BFAD
S3150800250001460C972CF0C2F8294602250A904A483B
S3150800251004F074F848482CF061F847482CF087F81E
S3150800252045482CF070F8B4F8248001220421684646
S31508002530ADF800802BF0C1F9E78C0022012101A833
S31508002540ADF804702BF0B9F9268D0122042102A8F2
S31508002550ADF808602BF0B1F90122042103A8374C25
S31508002560ADF80C502BF0A9F9354B4FF44870C4F868
S31508002570C8344FF00213C4F8C43403F58033C4F8E2
S31508002580CC341C23C4F8B43405F044FD07A8ADF8D0
S315080025901C5000F05BFB142005F03CFD07A8ADF8C5
S315080025A01C5000F043FB232005F034FD07A8ADF8C6
S315080025B01C5000F04BFBB9211F482CF05DF807A80A
S315080025C0ADF81C5000F032FB002204A81146ADF805
S315080025D010802BF072F9002205A81146ADF8147088
S315080025E02BF06BF90122002106A8ADF818602BF034
S315080025F064F90122002107A8ADF81C502BF05DF9FB
S315080026000D4803F0C1FF00230948C4F8B434C4F8E0
S31508002610C834C4F8C434C4F8CC343CF0DDFA12B07B
S31508002620BDE8F08128F7030824F803080CF8030826
S3150800263010F80308E070720000000A5000C003504A
S315080026400200010007B5094B20281B88ADF80430A5
S3150800265009D1042101220DEB01002BF02EF90020EF
S3150800266003B05DF804FB0E20FAE700BF52F7030833
S3150800267008B506483CF0ADFA2EF00DFC2020FFF711
S31508002680E1FFBDE80840FFF70FBF00BF0CF80308DD
S3150800269001483CF09EBA00BF0CF803080348044AF8
S315080026A00449121A92102AF0BEBF00BF8001000822
S315080026B040030008E082002008B5154B83F30A881A
S315080026C000F030F8FFF7EAFF124B13498B4212D39A
S315080026D00020124B12498B4218D3FDF7C1FE186829
S315080026E050F82240586840F82240013298688242E1
S315080026F0F5D30C33EAE70022F8E71C6844F8220011
S3150800270001325C68A242F8D30833E4E70022F8E70E
S3150800271000000020606E04086C6E04086C6E0408E5
S315080027206C6E04084FF48041124B134A70B59A60D8
S31508002730D3F88820114D42F47002C3F88820104A55
S3150800274005F5005491664FF0FF3222660D4A62661F
S315080027500222C3F8D020BFF34F8FBFF36F8F4FF419
S315080027604036002004F0CCFB0020E66004F0ACFB09
S315080027702E6170BD00ED00E00000000800800044F6
S3150800278000900050F7FF3700014B1860704700BFF4
S31508002790A4840020054B1860054B1B6F03F0070344
S315080027A0032B01D13AF0B4BF704700BFAC840020B8
S315080027B00080005008B504F0BDFB014B186008BD49
S315080027C0A8330020024B034918682BF0DCBF00BF72
S315080027D0A833002054F7030870B50C4C0C4906467C
S315080027E020682BF0D0FF04F0A5FB0546206804F00E
S315080027F095FB3046FFF7E6FF284604F08FFB206876
S315080028000449BDE870402BF0BEBF00BFA8330020C6
S3150800281056F7030858F7030838B505463CF0CEF9CD
S3150800282000230B4A14685CB1AC4206D1A96A6BB1A5
S3150800283099623CF0BEF9012007E02346A46AF2E754
S31508002840002DF3D03CF0B5F9204638BD1160F0E70D
S31508002850AC33002010B50446B0B13BF02DFD204640
S31508002860FFF7DAFF10B194F82C300BB9002010BD31
S31508002870064C2368002BF9D03CF0A0F92368013BED
S3150800288023603CF096F9F1E72220F0E7B033002008
S315080028902DE9F04385B00546914698460E469DF8C3
S315080028A0307009B9002F5CD12846FFF7D3FF0446DC
S315080028B0002836D185F82C00686305F03DFB864272
S315080028C033D93BF091FD2146844640F2E7304FF478
S315080028D07A720023E6FB0C0108F014FF4FF0FF3272
S315080028E0002308F00FFF2B46E88611462846CDE957
S315080028F000441D4A3CF03CFA044690B9C5E90898DC
S3150800290085F82D702E633CF059F9184A136833B3CD
S315080029101A469B6A002BFBD195620023AB623CF0FA
S3150800292048F9204605B0BDE8F08347B12B46314645
S315080029302846CDE900440C4A3BF0BAFDDCE73046B0
S3150800294003A93BF069FD04460028EAD12B46284630
S31508002950CDE90077044A03993CF0E6F9CCE715601F
S31508002960DBE72124DDE700BF71290008AC3300202E
S3150800297091F82C3013B50C4683B98B8ECA8E9342C8
S315080029800ED243B9CDE9003320460B46124A4FF022
S31508002990FF313CF0ADF9A38E0133A38602B010BD1A
S315080029A052B191F82D3093B101230093D1E9082350
S315080029B02046096BFFF76CFF012384F82C30074B80
S315080029C01A6801321EBF1A6801321A60E6E708461D
S315080029D03BF072FCF0E700BF71290008B033002015
S315080029E02DE9F041154E336833B34FF00008144F04
S315080029F03CF0E4F805463C6824B92846BDE8F041B1
S31508002A003CF0D7B894F82C30A3B1336884F82C80FE
S31508002A1013B13368013B336094F82D3013B920465F
S31508002A20FFF7FAFE28463CF0C4F8D4E908312046F8
S31508002A309847DDE7A46ADFE7BDE8F081B0330020F8
S31508002A40AC330020034B1B68002B14BF0420012065
S31508002A50704700BFB0330020024B1868B0FA80F008
S31508002A6040097047B033002007B508202AF00EFF4A
S31508002A700222064B6846CDE900232AF0BDFE08204F
S31508002A8003B05DF804EB2AF00CBF00BF006A18100B
S31508002A90002307B5294801933CF09BF84FF440738F
S31508002AA0012204216846ADF800302AF006FF01220B
S31508002AB0234B0520C3F8442401A93CF085F80028D7
S31508002AC039D1204BD3F8F02042F00102C3F8F020A8
S31508002AD0D3F8FC2042F08072C3F8FC201A4AA3F50A
S31508002AE05D431A60019B194A03F5D52303F2FC439B
S31508002AF0B3FBF2F3164A013B13610223C2F8F03026
S31508002B004FF48073C2F804334FF06043114AC3F898
S31508002B10B02F114AC3F8802ED3F8002E42F48072E3
S31508002B20C3F8002EFF2283F82020D3F8002E22F4C3
S31508002B308072C3F8002E03B05DF804FB0CF8030896
S31508002B4000D0035000ED00E0FF030040F8590D00E7
S31508002B50000004E055CEACC5090001004FF0604303
S31508002B60D3F8802E30B5D20715D501240B4D8440F5
S31508002B70D5F8FC2042F08072C5F8FC20D3F8002E68
S31508002B802243C3F8002E53F82020002AF0D003F879
S31508002B902010002030BD1120FCE700BF00ED00E04A
S31508002BA0F8B504460127124D0CB314F001000BD0FA
S31508002BB0002024F0010405EBC0021668002EF3D0AD
S31508002BC05168C0B2B047EFE72246013020284FEAE5
S31508002BD0520201D0D307F8D507FA00F20F2824EAE3
S31508002BE00204E8D9421E05EBC2021038E5E7F8BD33
S31508002BF0B433002008B50C483BF0EBFF192004F06D
S31508002C0071F928B1192004F07BF9192004F05CF950
S31508002C101A2004F067F928B11A2004F071F91A206D
S31508002C2004F052F9002008BD0CF8030848B1012247
S31508002C30437801789A4030235943034B00205A5071
S31508002C4070472220704700BF40D0035048B1012288
S31508002C50437801789A4030235943034B00205A5051
S31508002C6070472220704700BF40E0035008B503F0C4
S31508002C707BFD054B00F0553020F05020C3F82004AA
S31508002C80BDE80840FFF78CBF00E0035008B503F025
S31508002C906BFD054B00F0AA3020F0A020C3F82004F5
S31508002CA0BDE80840FFF77CBF00E003502DE9F04F70
S31508002CB09A46564B85B01B7806460F461546DDF8EC
S31508002CC03C909DF844B0DDF85080002B00F09780CA
S31508002CD0072A00F296800E9B002B00F09280B9F12D
S31508002CE0000F00F08E80129BB3F5006F00F3898009
S31508002CF0012803D1109B002B00F08380444B03EB83
S31508002D0005131B7B002B7ED0424C102200216846FF
S31508002D102EF0AFF904EB45141022A7BB394620461E
S31508002D202EF0A7F943F210036380BBF1000F03D11D
S31508002D30E37843F00303E370364A0E9B02EB451C27
S31508002D40CCE90193129B6901581E9DF84C30C0F3DB
S31508002D500A0003F003039B0643EA001E53582E4855
S31508002D60012E00EA03004EEA0003CDF800A05350F6
S31508002D7017D0B8F1000F2ED19CF8023068F304136F
S31508002D808CF8023027E0002120462EF072F94FF425
S31508002D9044736380BBF1000FCED1E37843F0300370
S31508002DA0C9E713230CF1100ECCF80C309CE80F0081
S31508002DB08EE80F006FF00301DCF81C20109B61F30E
S31508002DC09F02012FCCF81C20CCF8143003D1CCF884
S31508002DD01890CCF8043000270D4A290102EB051398
S31508002DE042F80180159A28465A60694622469F602D
S31508002DF05E7303F063FA384605B0BDE8F08F0748FE
S31508002E00FAE70748F8E70748F6E700BF6E800020AC
S31508002E10A4350020A43400200F80FFF3028000F0C0
S31508002E20018000F0078000F038B5124B05461B7884
S31508002E30DBB1E0B13BF0C2FE0F4A00231146147B1A
S31508002E4054B92B6001251A0101EB03131D738C502D
S31508002E503BF0AFFE204638BD0133082B02F11002C5
S31508002E60EDD13BF0A6FE0548F5E70548F3E705482A
S31508002E70F1E700BF6E800020A4350020048000F032
S31508002E80028000F0018000F038B53BF097FE002381
S31508002E9005460B4A147B6CB90133082B02F1100264
S31508002EA0F8D103F0B7F9074B28461C703BF081FEB2
S31508002EB0204603E028463BF07CFE034838BD00BFA9
S31508002EC0A43500206E800020058000F00D4B10B55B
S31508002ED01B78044693B1072812D83BF06FFE0A4BBD
S31508002EE003EB04131A7B2AB100241C733BF061FE22
S31508002EF0204610BD3BF05DFE0448FAE70448F8E7B3
S31508002F000448F6E76E800020A4350020068000F00D
S31508002F10028000F0018000F0154B13B518680023F5
S31508002F2001908DF804303BF049FE124B1C7824B111
S31508002F303BF03FFE104802B010BD01221A703BF06C
S31508002F4038FE0E4B01A81C731C7783F82C4083F8B7
S31508002F503C4083F84C4083F85C4083F86C4083F827
S31508002F607C4008238DF8073003F078F92046E2E71D
S31508002F705BF703086E800020038000F0A43500206C
S31508002F80F8B50D4D2D7885B1072810DC0B4D0601D7
S31508002F9005EB0014277B67B1AB510025069BA5609E
S31508002FA0636003F08BF92846F8BD0548FCE7054839
S31508002FB0FAE70548F8E700BF6E800020A435002030
S31508002FC0028000F0018000F0078000F00A4A08B588
S31508002FD012785AB107280BD8084A02EB00131B7B54
S31508002FE043B1002103F02CF9002008BD0448FCE792
S31508002FF00448FAE70448F8E76E800020A435002064
S31508003000028000F0018000F0078000F00A4A08B547
S3150800301012785AB107280BD8084A02EB00131B7B13
S3150800302043B1012103F00CF9002008BD0448FCE770
S315080030300448FAE70448F8E76E800020A435002023
S31508003040028000F0018000F0078000F0184B2DE99F
S31508003050F0411F6D5B6D1F4000D5FEE70126002578
S31508003060144CDFF85880374218D02368C8F85060E7
S31508003070A3B1A168284601316268A1609847637BBD
S31508003080012B0BD150B90C4B03EB45131A7B60F39C
S3150800309041021A731A7F60F341021A770135082D27
S315080030A04FEA460604F11004DDD1BDE8F08100BF01
S315080030B000000450A4350020A43400200020045049
S315080030C02DE9F04F144605460E469B46C36B87B05E
S315080030D001225B6902A960689847EB6B01225B696C
S315080030E003A93046984702A82BF077F8074648B157
S315080030F00023A37563754FF0FF33A360002007B064
S31508003100BDE8F08F03A82BF075F80123A375237E7D
S3150800311004EBC303DE611F846368B3420ED12060EB
S3150800312003A82BF089F84FF0FF332075A360237DA1
S31508003130043B022B26D80023A375DFE723681A1A57
S3150800314053425341A37503A82BF076F8237D834297
S3150800315018BFA77503A82BF051F8074602A82BF04D
S315080031604DF8874218BF002303A818BFA3752BF094
S315080031704DF8074602A82BF049F887421CBF0023E2
S31508003180A375D4E703A82BF039F880B1EB6B0222BC
S3150800319030465B6904A9984704A82BF03EF8034615
S315080031A0207D032839D8DFE800F03838040903A859
S315080031B0F3E7CC22237E04EBC3031A8401F0B8FAA2
S315080031C0109B187003A8277E2BF00CF804EBC70792
S315080031D087F82200237E03A804EBC303B3F82090E4
S315080031E093F822702BF00AF8804603A82BF00EF805
S315080031F08246B8F1000F15D0EB6B022230465B69A8
S3150800320004A9984704A82AF0CDFF6075637D6BB9B9
S315080032100023A3754FF0000838E0227E04EBC202B3
S315080032201384CBE703A82AF0A8FFEEE794F81680E4
S31508003230B8F1000FEED0B9F1000F09D1DFB10123C3
S31508003240E375637E002B4FD1012F42D1677614E0D8
S315080032506B6C06EB0A02594286EA020008421CBF5A
S315080032600021A175591E0A409B1A9945D0D8A37DFD
S31508003270002BE3D1CEE7E37D43B94FF000084B4678
S315080032805246314628462AF0E6FCA060A27D12B1D5
S3150800329023694B4423611A49237E097899422AD91E
S315080032A001332376BBF1000F27D032B3E37D23B376
S315080032B0B8F1000F21D1032F1FD0A1684B1C1CD0D9
S315080032C0109B2246009328460123FFF7F9FEA075B6
S315080032D013E095F8343063B9EB6A0133CFD1032F85
S315080032E0CDD10123A376C8E7012FCFD0032FC4D1B0
S315080032F0F7E79846C3E70023A375A07DFFE600BF5E
S3150800330080F703082DE9F04F0E46984600238BB048
S3150800331004464FF0FF31104617468DF8133001F07A
S31508003320F1F9B6F5801F3BD3B21C53D1E56A6B1C85
S3150800333057D12046616A2AF0D4FB0546B31C18BF4C
S315080033400123DFF810910193636A626C0293236884
S3150800335005A902FB053AE36B05225B6950469847C7
S3150800336005A82AF0D5FF2AF0F8FF50462BF000F8FA
S315080033704FF0000B824601464B1C05D0636C81EA70
S315080033800A025B42134232D0294620462AF0A9FB9C
S31508003390029BAB424DD0BBF1000F4DD10546D3E79A
S315080033A0314605AA04F108002AF065FE0146481CC4
S315080033B010D0384601F0A6F90122394620460DF10B
S315080033C013032AF09AFC28B19DF8133088F80030C8
S315080033D0002003E0237C002BA8D12D200BB0BDE8EC
S315080033E0F08F2368ED1A636CB5FBF3F5A6E748463C
S315080033F001F088F90DF1130349462046019A2AF08F
S315080034007CFC034690B1B21C03D0D9F80020B24226
S315080034100CD19DF8132003930D4B88F800204946DC
S315080034201A6838462DF030FE039B9B46D9F80810DB
S31508003430A2E7BBF1000FD0D0B6F5801FC8D231463F
S3150800344098F800307A6804F1080001F089F8BFE7B7
S315080034507CF70308983C00202DE9F34104461746FB
S3150800346098460E46194D816AE36A8B422AD04B1C50
S3150800347018E0284601F046F90122294620460DF1B2
S3150800348007032AF03AFC30B14346294620469DF800
S315080034900720B847B0B1A9684A1C05D0012E0AD042
S315080034A0E36A9942E5D10DE0696820462AF0A6FB51
S315080034B0012E0146D8D16B6881EA0302636C5B4230
S315080034C01A42D1D002B0BDE8F08100BF6C3C0020A2
S315080034D02DE9F0474FF0FF334FF6FF7200250446FB
S315080034E000F10806C0E909238AB0C36205620563CC
S315080034F030460F462AF090FD20462AF072FA28BB7D
S31508003500204639462AF03DFB20462AF06AFA28BBAF
S315080035105E200AB0BDE8F087E26B2368606CD2F8DB
S3150800352014C000FB0530052205A9E04705A82AF0C6
S31508003530EFFE012840F08380294620462AF0F2FA59
S31508003540421C294620462AF06BFA0135E3699D425A
S31508003550E2D320462AF045FA0028D1D020462AF0A0
S3150800356070FA4FF6FF72636A934200F0B080E26B1E
S31508003570676C2068694607FB030055690522A8475A
S3150800358068462AF09CFE626A2368606C514D00FB0F
S3150800359002302AF0EDFE4FF0FF33A062E3622A46BE
S315080035A06FF00101204605ABFFF7ACFE002850D1AD
S315080035B0AD6829462046E5622AF0EFF9206320B96E
S315080035C02046E16A2AF01AFBE062294620462AF0DC
S315080035D015FB0546A36A9D423DD120462AF09BF974
S315080035E000278046B946E369994546D3B84563D965
S315080035F02046616A2AF075FA0026054604F1400A53
S31508003600BE4212D3626C2368694602FB0539E36B36
S3150800361005225B694846984768462AF050FE534695
S3150800362002464946E06B2AF0A5FE294620462AF0BE
S3150800363058FA0136B0450546E2D1642069E72AF012
S3150800364091FE002881D0294620462AF06BFA0246C8
S3150800365077E7A56AADE7294620462AF09EF9236B47
S31508003660294603440746236320462AF0C7FA054637
S31508003670002FAFD1C4E90B07ACE7636C25680522B8
S3150800368003FB0955E36B05A95B692846984705A816
S315080036902AF03EFE2AF061FE58B128462AF068FE56
S315080036A0014620462AF079F9636C143B984208BF14
S315080036B0013709F1010996E730462AF0ADFC0023E7
S315080036C020461946044AFFF7C7FE002021E767206F
S315080036D01FE700BFC43C0020E9DC02082DE9F041E1
S315080036E0036B9046826B07689A4288BF8363426C75
S315080036F0436A90B002FB0377C36B0E46052201A905
S315080037005B6904463846984701A82AF001FE012855
S315080037100146307057D0656CE26B2368606AD2F850
S3150800372014C005FB0030052206A9E04706A82AF0C2
S31508003730EFFD01284FF0000523D0D4E90A32012114
S315080037409342CDE90B458DF834800E958DF83C10E3
S315080037502AD1194620462AF051FA236B626C143393
S315080037609B1AE06223630C9B53B99DF83C303BB12E
S31508003770626A616C2368E06B01FB02312AF080FD06
S315080037800C9DE36B05225B6901A93846984701A899
S315080037902AF0BEFD30702846236BA26B9A4288BF7A
S315080037A0A36310B0BDE8F081237C33B91C490BAA8A
S315080037B004F1080000F022FFD5E72046194A0BABB2
S315080037C0FFF74AFECFE7237C23BB2246164904F1BE
S315080037D0080000F013FF616A20462AF0A3F9616A1F
S315080037E0421C20462AF01CF9054620B9236B626C58
S315080037F01344143B23632046A16A2AF0FFF9236881
S31508003800A062C01A636CB0FBF3F0606220462AF02F
S3150800381038FAB6E700232046044AFFF71DFEDAE722
S31508003820753F0008F13E000883DD02081FDD020827
S3150800383073B50D46D11E4A421C461B7E4A419A4222
S3150800384026D129682368994222D3636899421FD8EA
S31508003850114E0DF107033246FFF754FDC0B97268E1
S315080038606B689A4214D19DF80730DA1E53425341C9
S31508003870227E93420CD1636901336361D4E9032341
S31508003880934205D22968A26842F8231001332361BE
S31508003890012002B070BD00BFC43C00202DE9F04FE6
S315080038A09A468BB09DF85030DFF850B10293DBF89A
S315080038B01030804653450D461646C0F09980D146CD
S315080038C0DBF804300193B9F1000F00F08D80D8F8C9
S315080038D03C3001225B6907A90198984707A82AF096
S315080038E089FCDBF80030984240F0858007A82AF06A
S315080038F08DFC0428074614D107A82AF08EFC019BE4
S31508003900029A04463B44002A3FD1864212D91446FD
S31508003910361A404601992AF071F9A9EB0409019073
S31508003920D1E7D8F83C3002225B69019808A9984784
S3150800393008A8E2E7841B544528BF5446032C03EB2A
S315080039400607AAEB040A4FEA94021CD9D8F83C30B9
S31508003950294638465B69984724F0030304F00306B2
S315080039601F441D44002ED4D0D8F83C3001225B6990
S3150800397008A9384698473246284608A935442DF0FE
S3150800398083FB0026C5E72646ECE7074600F0030258
S31508003990039203442A1804920593049BDD1B059B96
S315080039A0D81B039B9F420FD1002FB2D0D8F83C30CA
S315080039B0012208A95B6998473A46284608A92DF0C6
S315080039C02EFB78B93D44A4E7D8F83C30012208A973
S315080039D05B6998470422284608A92DF020FB08B9F8
S315080039E0043FDAE74FF0360948460BB0BDE8F08FDA
S315080039F04FF06309F8E74FF06F09F5E7F03C002050
S31508003A002DE9F0410F4616469846044688B060B33D
S31508003A1090F83450FDB1012129F0D8FF00210E9B02
S31508003A20CDE90511CDE902379DF83C30CDF8048083
S31508003A308DF81C30237C04968BB90D4901AA04F134
S31508003A40080000F0DBFDDDE90553E06B002E08BF3A
S31508003A501D462AF0A4F9284608B0BDE8F08120469C
S31508003A60044A01ABFFF7F8FCEDE70546F3E700BFAC
S31508003A704DDD0208313800082DE9F04F99B00F46A0
S31508003A8009920A69416C0E931439D31DB3FBF1F3FD
S31508003A90013302EBC302036B04469342C0F0BC81B8
S31508003AA00023DFF844940D93E36A484619460793C2
S31508003AB000F028FED7E9033604930E9B022B4ED15D
S31508003AC0CC2E40F08A81099B002B42D039462046ED
S31508003AD02AF0C3F9656C079A6B1E13401490ED1A09
S31508003AE0E36B01225B6916A97868984716A82AF03D
S31508003AF085FB00280CBF04230823782E06933DD99E
S31508003B00012300254FF0080A05933B6805990E988E
S31508003B10C9F80030C9F810602AF092FB4FEA9A03F8
S31508003B2010930023DDF81CB089F814000B930F934B
S31508003B3008930C93616C4A1E0BEA02028B1A002E3C
S31508003B4038D05544AB4240D8236B5B1A13442363E1
S31508003B50ABE0049B1B68149308230693D0E7656CB7
S31508003B60079A6B1E1340782EA5EB030516D8FB7D26
S31508003B707BB9099B002BB3D104230693331DAB42B3
S31508003B8010D9A6B1082DBBD804250023AA4605934B
S31508003B90BBE7099B002BA3D10823EEE7099B002B63
S31508003BA09ED1D9E7002505954FF0040AADE704250F
S31508003BB00596F9E75345C7D3B0460BEB0A030393BB
S31508003BC0089B002B18BF032313E0A3EB0A039E42AE
S31508003BD0B0460BEB0A0228BF98469E420392EFD9DD
S31508003BE00123D9F8102089F81730964271D1C9F8FF
S31508003BF004B0089399F81730002B6CD099F8182060
S31508003C000899D31C09EBC3030132C3F804B0A3F81F
S31508003C100880997289F81820B8F1000F14D00E9B05
S31508003C20022B5BD10B9B7BB90F9B4344032B0BD910
S31508003C30E36B01229B69039814A998470546002857
S31508003C4040F0EC8001230B93089B16A80193059B73
S31508003C50009399F814204346396800F009FDE36B90
S31508003C6058469B69109A16A99847051E0D9B18BFBA
S31508003C705B4652460D9359464346204629F0EBFFCC
S31508003C80236B08F10302A3EB0A0322F003029B1A33
S31508003C90C9F808002363002D40F0C0800F9BDDF8AB
S31508003CA00CB04344A6EB08060F935946204629F064
S31508003CB0A5FF00258346002E7FF43CAF8A4A396863
S31508003CC0936804F10800E36252680E9B00F048FC12
S31508003CD084E002238DE7C9F804B09DE7099B002B11
S31508003CE030D1049BB8F1030F43440A9327D9DDE981
S31508003CF00301E36B4FEA98029B699847054600283B
S31508003D0065D118F003025FD0049B28F003052B4405
S31508003D100493039B1D444FF0FF33049915A815938C
S31508003D202DF0B2F9E36B28469B69012215A998473D
S31508003D3005460A9B0493002D86D0039B99E74246C5
S31508003D40039DE8E7039B0A9307F120031193FB7D84
S31508003D5078689BB100233D7E0C9AD9B28D4211D961
S31508003D60119903F1010C31F83310914226D90699BD
S31508003D7007EBC303D8690A44104403E00C9B069A70
S31508003D8013441844E36B01225B6915A99847159BF0
S31508003D90012213930C9B0A9804330C93E36B13A923
S31508003DA09B699847039B0A9A43449B1A042B05462A
S31508003DB007D978B9134604330A93C8E76346521AF3
S31508003DC0CBE70A9B0393B6E70A9B04933CE70A9B57
S31508003DD00493B2E70A9B0393AFE77026304619B0FF
S31508003DE0BDE8F08F002657E004F108002AF014F920
S31508003DF03346314620463D4AFFF72EFB3A69616C49
S31508003E00D31D1439B3FBF1F3013302EBC302236B61
S31508003E109342BFF449AE65E01C26DFE73D2D61D12C
S31508003E2004F1080303932368079A606CD61AB6FB55
S31508003E30F0F600FB06302AF09BFAE16A8246204635
S31508003E4029F0DCFEA26A8242D8D0626CD9F8083022
S31508003E50511E0B40216BE062891A0B4423630D99AE
S31508003E602368CB1AB3FBF2F84645BBD1079BB3EBE5
S31508003E700A0611D0E36BB20851469B6998478346F8
S31508003E80E36A079A3344E362236B03989B1A534405
S31508003E9023632AF0C1F85E462368616CE06B01FB78
S31508003EA008312AF0DAF9204629F09BFD204629F048
S31508003EB0C8FD626A2368606C00FB02302AF058FA73
S31508003EC0A062204629F0DDFE2063002E8CD03A69D8
S31508003ED0616CD31D1439B3FBF1F3013302EBC30252
S31508003EE09042A0D22E4679E7983C0020E9DC0208E9
S31508003EF0032A2DE9F34106460D4617461C4606D108
S31508003F00237A012B23D0012002B0BDE8F081DFF827
S31508003F106080096842460DF10703FFF7F3F9606010
S31508003F200028EDD19DF80720237A032AE8D0D8F88F
S31508003F3004106A689142E3D1012B2969D4F80CC0B0
S31508003F4007D172690CEB0103934202D92074207CD5
S31508003F50DAE708316144E1603B46012229463046EA
S31508003F60FFF78AFD60600028CAD00020CCE700BFB2
S31508003F70C43C00202DE9F341089C032A174626680D
S31508003F8006D1237A012B24D0012002B0BDE8F081A6
S31508003F90DFF89080304642460DF10703FFF7B2F985
S31508003FA060600028EDD12568D8F80400A96AD5F81C
S31508003FB044C04840CCF100031840227AE1D1012AD6
S31508003FC009D1E268D8F8103013447269934202D9CD
S31508003FD02074207CD9E72868EB6A1B1A081AB3FBF9
S31508003FE0FCF3B0FBFCF083420BD1706CF36A421E03
S31508003FF01340326B121A13442846336329F0FEFD28
S31508004000E862D8F81020E36808321344E360012216
S315080040103B4604492068FFF72FFD60600028B0D0B2
S315080040200020B2E7C43C00202DE9F0410025634B8F
S315080040300E46D3F8008004461D6018B92125284687
S31508004040BDE8F08190F8347007B30A6803689A42AD
S3150800405040F0AA804A6843689A4240F0A5808A6878
S3150800406083689A4240F0A080CA68C3689A4240F0C2
S315080040709B800A6943699A4240F096808A69C36BB5
S315080040809A4240F091804B698361D8E768223946A5
S31508004090856B2CF0EEFFD6E90212336804F10800AE
S315080040A023607368A5636360336963617369A36199
S315080040B029F0C4FFB36904F14000E3639B6898479D
S315080040C020B9676C17B16368B3FBF7F794F8433008
S315080040D0E761002BB2D00023656C2366002D6BD0F8
S315080040E0002F69D02368B3FBF5F205FB1233002BCA
S315080040F05CD16768B7FBF5F605FB1676002E55D139
S31508004100204629F03AFCA369043303449F424FD35F
S3150800411040F634726369CC3B93424BD8B5F5805F61
S315080041204AD30321204629F051FCD4E90001E36B68
S315080041301B6898470546E36B0220DB6898472DB154
S3150800414084F83460E06B29F02AFE78E74146204679
S31508004150FFF7BEF96428054604D141462046FFF715
S31508004160B7F90546636C143BD5B9226A204602FBAB
S3150800417003F629F002FCA369043303449E4203D2E2
S3150800418084F834505A25DDE70123D4E900010C4AA6
S3150800419084F8343013680133136029F0E9FFD1E756
S315080041A0002384F83430CDE75D2548E7592546E7EE
S315080041B05A2544E75F2542E75B2540E72836002075
S315080041C0243600202DE9FF410C4616461F460546B3
S315080041D080B390F834307BB3B1F5801F2ED2DFF868
S315080041E06080012129F0F2FB2146424628460DF15E
S315080041F00F03FFF787F8044670B99DF80F30012BB7
S3150800420011D1D8F81030BB4212D10246009031467F
S315080042102846FFF743FB0446E86B29F0C0FD204615
S3150800422004B0BDE8F081022B14BF2D246024F3E707
S315080042306324F1E72124F2E71124F0E72924EEE7C5
S31508004240F03C00202DE9F04385B00C4617461E4683
S315080042500546DDF8308098B390F8343093B3B1F55D
S31508004260801F31D2DFF86490012129F0AFFB214687
S315080042704A4628460DF10F03FFF744F8044688B965
S315080042809DF80F30012B14D1D9F8102006EB08033E
S315080042909A4213D300904346324639462846FFF7DA
S315080042A0FDFA0446E86B29F07AFD204605B0BDE81C
S315080042B0F083022B14BF2D246024F3E76324F1E76F
S315080042C02124F2E71124F0E72924EEE7F03C002048
S315080042D02DE9F3411F4600230C46164605463B606A
S315080042E050B390F834304BB3B1F5801F28D2DFF8BD
S315080042F05480012129F06AFB2146424628460DF1E1
S315080043000703FEF7FFFF0446A0B99DF80730032B05
S3150800431010D0022B0AD10123336004233B60E86BDB
S3150800432029F03DFD204602B0BDE8F081D8F81030EE
S315080043303060F3E72D24F2E72124F3E71124F1E7AF
S315080043402924EFE7F03C002073B50446416929F0BB
S31508004350F9FA626E236B024493422CBF00220122B3
S31508004360834294BF00231B1A207C84F8502063657F
S3150800437084F85800A8B100230B4E1A461946204661
S31508004380009629F037FE002305461A4619462046A8
S31508004390009629F038FEE3682844984294BF002026
S315080043A0C01AE06502B070BDFFFF0F002DE9F347A4
S315080043B01E4643690446B342884617469DF8289028
S315080043C04FD300258DF807502046616929F0BAFABF
S315080043D0D4F830A082450AD2236AB5EB430F06D239
S315080043E0002220460DF10701FFF778F9B8B39DF8CA
S315080043F00730012B05D1002220460DF10701FFF7F2
S315080044006DF9B9F1030F06D03146204629F09AFA1C
S31508004410256B854227D3154D4FF0FF31284600F00E
S3150800442071F94B46294600222046C5E90376C5F8A8
S315080044300080FFF721FB236E054663B12046FFF790
S3150800444083FF94F8503013B994F858301BB1236E93
S3150800445004F150009847284602B0BDE8F0870135B8
S31508004460B2E76225F7E71C25F5E700BFC43C002044
S315080044702DE9FF410F4690461E46054698B390F82B
S31508004480343093B3B1F5801F31D21A4C022129F08A
S315080044909DFA2246394628460DF10F03FEF732FFEC
S315080044A0024678B1012342460093394633462846E8
S315080044B0FFF77CFF0446E86B29F071FC204604B040
S315080044C0BDE8F0819DF80F30012BEBD12169B1428F
S315080044D0E8D10093414633462846FFF7DFF90446FC
S315080044E00028DFD1E7E72124E8E71124E6E72924B5
S315080044F0E4E700BFF03C002030B50C46054685B021
S3150800450028B390F8343023B3B1F5801F23D20221A3
S3150800451029F05CFA0DF10F03214628460F4AFEF7EB
S31508004520F1FE034688B99DF80F20032A0DD0032211
S315080045302146009202462846FFF738FF0446E86BF4
S3150800454029F02DFC204605B030BD2D24F7E721249F
S31508004550F8E71124F6E72924F4E700BFF03C002029
S315080045602DE9F043466886B3056898464FF0000C77
S31508004570A946AE4655F83C400CF1010CC4F31307A6
S31508004580013401D0B94217D066450EF1080EF1D1B3
S315080045902F46002403E0A64207F1080712D055F873
S315080045A0343001340133F6D1C1F3130141EA08511D
S315080045B0C7E90012BDE8F08341EA0851CEE90012C6
S315080045C0BDE8F083B8F1030F03D101230372BDE8F8
S315080045D0F083002303E09E4209F10809F5D055F857
S315080045E033400133C4F30754032CF4D1C1F3130346
S315080045F043EA0853C9E90032BDE8F0832DE9F041E2
S315080046000646406882B0C0B10F469046002433681B
S3150800461053F8345003EBC403C5F30752C5F313012B
S31508004620013504F1010406D05B683046CDF80080F8
S31508004630B84710B170688442E9D302B0BDE8F0818A
S31508004640024B1968024B1868FFF7EEBCB0840020CD
S31508004650D084002008B53AF0A8FA014B186008BDC6
S315080046601C3D0020014B18683AF09ABA1C3D002000
S3150800467073B504462248012A00EAC1119DF818506C
S3150800468023F07C4007D9961E012E28D9073303F05C
S315080046907F03194308E09DF81C300A43DB0603F044
S315080046A0C053134343F060410023C4E900108DF85A
S315080046B00730B5B1202221460DF1070029F074FE16
S315080046C01A220DF10700211D29F06EFE08206368E5
S315080046D09DF8072043EA8263636002B070BD114308
S315080046E0E2E71B220DF10700214629F05DFE23684B
S315080046F09DF80720042043EAC2632360EDE700BF64
S3150800470080FFFF0738B5094B0D461A680021044695
S315080047102CF0AFFC00234FF0FF322383C4E90025B9
S315080047202361A260E382A37638BD00BF7CF7030845
S315080047300138C0B205289ABF014B185C01207047A2
S3150800474081F703082DE9F0410746154600240E4671
S31508004750596888B0490A012922464FEA510104F1ED
S315080047600104F8D8DC78997824031B88C90201F477
S31508004770006104F480540C43C3F30A035203234430
S3150800478092B24FF000089C18274B6FEA0444039333
S3150800479025F07843ED4302A90DF107001B22029389
S315080047A08DF8078029F000FE9DF80720029B02A9D4
S315080047B043EAC2630DF107001B2225F078450493EE
S315080047C002958DF8078029F0EFFD9DF80720029BDA
S315080047D06FEA144443EAC26305934FF0FF33079424
S315080047E0069307A9BB69012206F110009847BB6921
S315080047F005A90446012206F108009847BB69404509
S3150800480018BF044604A90122301D984701224045D5
S3150800481018BF0446BB69304603A99847404508BFF8
S31508004820204608B0BDE8F08101009AB2044BD3F8DF
S315080048308420D206FBD4D3F88400C0F381107047D5
S315080048400040005038B5174B0546D3F828310C46BA
S3150800485003F00703013B052B20D8DFE803F0031319
S315080048601B0F0B1738F02EFF052305B1286004B17E
S31508004870236038BD38F026FF0623F6E738F06CFFCC
S315080048800723F2E738F05EFF0323EEE738F05AFF16
S315080048900423EAE738F052FF0223E6E70023184626
S315080048A0E3E700BF00800050002337B50193164B9D
S315080048B00546D3F820320C4603F00703042B21D80B
S315080048C0DFE803F0030B11161B0001230DB1019A53
S315080048D02A6004B1236003B030BD002101A8FFF7A8
S315080048E0B1FF1223F2E738F037FF07230190EDE70F
S315080048F03AF050F90A230190E8E738F081FF0923D6
S315080049000190E3E70023E1E70080005038B5104B3B
S315080049100546D3F880300C4603F00303022B0BD070
S31508004920032B0DD0012B0FD138F0D2FE0E2305B183
S31508004930286004B1236038BD38F00EFF0723F6E778
S3150800494038F0C0FE0623F2E700231846EFE700BF5B
S315080049500080005038B5104B0546D3F800310C4698
S3150800496003F00303022B0BD0032B0DD0012B0FD121
S3150800497038F0E8FE032305B1286004B1236038BD8A
S3150800498038F03EFF0923F6E738F0E2FE0823F2E79F
S3150800499001230020EFE700BF0080005038B5184B10
S315080049A00546D3F820010C4600F00700062823D850
S315080049B0DFE800F0040A0E16121A1E00012305B1DC
S315080049C0286004B1236038BD38F07CFE0523F6E77D
S315080049D038F0B8FE0323F2E738F0BEFE0723EEE709
S315080049E038F0ACFE0223EAE738F06CFE0623E6E769
S315080049F038F0A8FE0423E2E700231846DFE700BFE5
S31508004A000080005038B5104B0546D3F840310C46A7
S31508004A1003F00303022B0BD0032B0DD0012B0FD170
S31508004A203AF0B8F80A2305B1286004B1236038BD06
S31508004A3038F0E6FE0923F6E73AF0AFF80C23F2E77A
S31508004A4001230020EFE700BF00800050002337B5A0
S31508004A500193164B0546D3F860320C4603F007035C
S31508004A60013B032B1FD8DFE803F0020E19140021BF
S31508004A7001A8FFF793FF10230DB1019A2A6004B12C
S31508004A80236003B030BD002101A8FFF7BBFF112347
S31508004A90F2E738F061FE07230190EDE738F04EFEA5
S31508004AA002230190E8E70023E6E700BF00800050F4
S31508004AB0002337B50193164B0546D3F894320C46B6
S31508004AC003F00703013B032B1FD8DFE803F0020EB0
S31508004AD01914002101A8FFF761FF10230DB1019AEF
S31508004AE02A6004B1236003B030BD002101A8FFF796
S31508004AF089FF1123F2E738F02FFE07230190EDE72F
S31508004B0038F01CFE02230190E8E70023E6E700BF21
S31508004B100080005038B5104B0546D3F860310C4676
S31508004B2003F00303022B0BD0032B0DD0012B0FD15F
S31508004B303AF030F80A2305B1286004B1236038BD7D
S31508004B4038F05EFE0923F6E73AF027F80C23F2E779
S31508004B5001230020EFE700BF008000502E4B98424B
S31508004B604AD022D82D4B984240D014D82C4B984284
S31508004B7039D00AD82B4B984232D02B4B98422FD09B
S31508004B802A4B98422CD000207047294B9842FAD1DC
S31508004B90284B186F7047284B98422AD0274B9842C3
S31508004BA0F1D1244BD3F880007047254B98422BD07F
S31508004BB009D8244B984223D0234B9842E3D11D4B66
S31508004BC0D3F88C007047214B984221D003F5740323
S31508004BD003F510539842D6D1164BD3F89800704770
S31508004BE0144B986D7047134B586E7047114B586F9E
S31508004BF07047104B986F70470E4BD3F88400704778
S31508004C000C4BD3F8880070470A4BD3F890007047CE
S31508004C10084BD3F8940070470048E8010024F400D4
S31508004C20C0CF6A0080841E0000093D0040420F0084
S31508004C30405DC6000080E00FC0EA210180BA8C0101
S31508004C40007E560380D54302006CDC020090D00338
S31508004C5073B50D460021114B0191D3F880410646E4
S31508004C6004F00304022C13D0032C0CD0012C13D10E
S31508004C7001A8FFF793FE10240EB1019B336005B11E
S31508004C802C6002B070BD38F067FD07240190F3E789
S31508004C9038F054FD0190EFE70C46EDE70080005030
S31508004CA038B5104B0546D3F840320C4603F00303DB
S31508004CB0022B0BD0032B0DD0012B0FD139F06AFF35
S31508004CC00A2305B1286004B1236038BD38F098FD81
S31508004CD00923F6E739F061FF0C23F2E701230020E8
S31508004CE0EFE700BF0080005038B5144B0546D3F8EF
S31508004CF000020C4600F0070004281BD8DFE800F085
S31508004D0003090D111500012305B1286004B12360BC
S31508004D1038BD39F03FFF0A23F6E738F071FD09235D
S31508004D20F2E739F03AFF0C23EEE738F0F1FC0F23EF
S31508004D30800AE9E700231846E6E700BF008000502E
S31508004D4038B5144B0546D3F808020C4600F00700A0
S31508004D5004281BD8DFE800F003090D11150001230C
S31508004D6005B1286004B1236038BD39F013FF0A2362
S31508004D70F6E738F045FD0923F2E739F00EFF0C2374
S31508004D80EEE738F0C5FC0F23800AE9E7002318464A
S31508004D90E6E700BF00800050B0F5207F1FD009D895
S31508004DA0B0F5007F15D003D868B1B0F5C07F0AD03A
S31508004DB000200CE0B0F5607FFAD10B4BD3F88000E9
S31508004DC0C0F3011003E0084B186FC0F3033001303D
S31508004DD07047054BD3F89000C0F30460F7E7024B21
S31508004DE0186FC0F38020F2E70080005002464FF4A7
S31508004DF08030104B10B598660020FFF7CDFF504362
S31508004E0041F671320C4BDC69DA635A6804F4803473
S31508004E1022F4401259B90949884294BF002001205A
S31508004E20000502435A600CB10022DA6310BD04493A
S31508004E30F2E700BF0090005000000350005A6202DB
S31508004E40002D3101430905D0012B0CD0022B084B4C
S31508004E5018BF002300F01F0039B103F58053012263
S31508004E6082401A607047034BF4E703F50053F6E7F0
S31508004E7068800050648000501FB50021B0F5807F1F
S31508004E800446CDE9001100F0D2803AD85E2833D81E
S31508004E905E2833D8DFE800F0453232323232323219
S31508004EA032323232323232323232323232323232D4
S31508004EB0323232323232323245AC45ACBCBCBCBC82
S31508004EC0BCACC64E6BDC4EACACAC32323232323293
S31508004ED03232ACACAC7EE6AC3232323232323232BC
S31508004EE03232323232BC454545E14E4EEB8D63C116
S31508004EF032323232329E4500802870D0009804B093
S31508004F0010BDB0F5D06F00F0A38035D8B0F5607F3E
S31508004F1079D01AD8B0F5007F65D005D8B0F5C07F2E
S31508004F20ECD138F0F5FB5CE0B0F5207F60D0B0F549
S31508004F30407FE3D138F0ECFB02464FF42070FFF7D0
S31508004F402BFFB2FBF0F252085BE0B0F5B06F69D008
S31508004F500AD8B0F5806F5BD0B0F5A06FCED100212E
S31508004F606846FFF7A1FCC9E7B0F5C06FC6D10021B6
S31508004F706846FFF747FDC1E7B0F5106F6DD00ED84C
S31508004F80B0F5086F78D0B9D8B0F5E06F6AD0B0F54B
S31508004F90F06FB3D100216846FFF7BCFDAEE7B0F568
S31508004FA0406F3AD013D8B0F5206F60D0B0F5286FAF
S31508004FB0A4D10021324B0391D3F8703203F00303D6
S31508004FC0012B02D103A8FFF71DFD039B39E0B0F5BD
S31508004FD0486F93D100216846FFF76AFD8EE738F0DF
S31508004FE077FB00908AE738F073FB0246204604E018
S31508004FF038F08EFB02464FF42070FFF7CDFEB2FB69
S31508005000F0F200927AE701A8FFF780FC019AEDE733
S3150800501000216846FFF7C2FC70E700216846FFF7E3
S3150800502011FC6BE700216846FFF712FE66E74FF0B2
S31508005030E02302911B695B0705D538F069FB0290EE
S31508005040029B00935AE703A902A8FFF7DBFCF7E7E0
S3150800505000216846FFF748FE50E700216846FFF73B
S315080050606FFE4BE700216846FFF71AFE46E7002168
S315080050706846FFF7EBFC41E76846FFF76BFC3DE740
S315080050800080005008B58020FFF7F6FE034B9842D3
S315080050909EBF4FF48032024B1A6708BD005A62025F
S315080050A000A000501FB503460020B3F5807F01908D
S315080050B000F0C58065D85D2B56D84C2B07D82D2B0C
S315080050C048D8232B2CD8019805B05DF804FB4D3B36
S315080050D0102BF8D801A252F823F000BF3552000869
S315080050E0C7500008C7500008C7500008E351000819
S315080050F0C7500008C75000088F5200080152000820
S31508005100A751000885520008C7500008C750000874
S31508005110C7500008C7500008C75000089952000831
S31508005120243B092BCFD801A252F823F035520008A8
S315080051303552000835520008355200083552000825
S31508005140C75000082B520008C7500008C351000872
S315080051506B5200083D2B00F083803E2BB3D1002014
S3150800516001A9FFF79DFDAEE7802BACD1504B1B6F15
S3150800517003F00703013B032BA5D8DFE803F0544DE2
S315080051805052B3F5F06F6BD020D8B3F5B06F4CD052
S315080051900ED8B3F5607F71D095D3B3F5806F49D03B
S315080051A0B3F5A06F8FD1002001A9FFF77DFB8AE731
S315080051B0B3F5D06F59D0B3F5E06FD0D0B3F5C06F63
S315080051C081D1002001A9FFF71DFC7CE7B3F5206F0C
S315080051D05DD00BD8B3F5086F4CD0B3F5106F7FF4DC
S315080051E072AF002001A9FFF7ABFD6CE7B3F5406F7E
S315080051F048D0B3F5486F4FD0B3F5286F7FF463AF47
S315080052002B4BD3F8703203F00303012B49D0022B42
S315080052100CBF1523002300E00523019353E703235E
S31508005220FBE70823F9E70223F7E7002001A9FFF7C0
S315080052300FFD48E7002001A9FFF7B0FB43E74FF051
S31508005240E02302901B695B0705D538F061FA0D2348
S315080052500393039BE1E703A902A8FFF7D3FBF8E74B
S31508005260002001A9FFF756FC2DE7002001A9FFF74A
S315080052703BFD28E701A9FFF76DFB24E701A9FFF726
S3150800528045FB20E7002001A9FFF7DCFA1BE7002011
S3150800529001A9FFF7DBFB16E7002001A9FFF708FCC9
S315080052A011E7002103A8FFF7ADFB1123B5E700BFFF
S315080052B0008000504FF48032074B0849586E03F5BA
S315080052C080535A664B6A23F001034B62C3035CBFE3
S315080052D0034B5A66704700BF0080005000C0075055
S315080052E000A0005008B5FFF7DDFE092811D00A38DE
S315080052F0012802D94FF6FF7008BD4FF48002064B0D
S315080053005A6603F5D8335B6ADB07F3D54FF4FA70B0
S31508005310F2E7024B1888EFE700900050CE8700208E
S3150800532008B5FFF7BFFE03280ABF024B4FF6FF700A
S31508005330188808BDCC87002038B504468020FFF7BA
S31508005340B1FE032800F083804FF48012524B4FF0D1
S31508005350A0615A6645F60E02504BC3F88020504AA3
S3150800536091624FF4803102F5805291629A6DD203B0
S31508005370FCD4996D11F08041FBD1D4E900021205E5
S3150800538042EA0062E07B0243207B42EA0042607BFD
S3150800539042EA0032A07B42EA80121A619869D4E98F
S315080053A00452120642EA856200F000400243A07EDB
S315080053B0E57E0243207E42EA0042607E42EA0022FF
S315080053C09A611A6AE06922F00F0242EA8502354DAF
S315080053D000283DD11A6294F82420996A94F820008E
S315080053E0D200294042EA40120A4394F8211042EAC0
S315080053F0011242F480329A622B49284A936D31EAA7
S315080054000303FBD14FF08071254881621369A568B3
S3150800541023F4700343EA055313614FF00043836195
S3150800542094F822300BB9214B996294F823303BB992
S315080054304FF480321D4B9A62184A936D5B00FCD478
S3150800544094F825301BB1154B194AC3F8802038BD8E
S31508005450024342F0080202281A6208D119614FF481
S315080054600852996113484FF47F4128F0BBFF0B4956
S3150800547094F822308A6A94F820001B062A4043EAE8
S315080054804013134394F8242043EAC20394F82320D4
S3150800549043EA02438B62D3E7009000500040005A6B
S315080054A00050005AC7FFFEFE030001000060005AC4
S315080054B0F1A7FFFF3440005A014B93F900007047EB
S315080054C062880020F0B5D0E901434FF400061A4A75
S315080054D04178057856664FF4D156022702F5B83258
S315080054E05662164E4F2977604FF0010728BF4F21A5
S315080054F006F5805677601669F603FCD441EA05215D
S3150800550051611B01417B43EA04230B43017B43EAB8
S3150800551041039360C37B817B1B0143EA4113417CB2
S315080055200B43017C43EA41035360837C13B16FF458
S31508005530D1535362F0BD00BF0090005000100250D6
S31508005540014B1880704700BFCE870020014B18809A
S31508005550704700BFCC8700204FF4800208B5184B6F
S315080055605A660223174A5360936813F48033FBD1B3
S31508005570012822D138F0E6F8134B984215D003F5E6
S31508005580122303F5F863984213D0104B00EB800200
S31508005590400AB3FBF0F3520A0A49CA620B630123B5
S315080055A04B620022074B5A6008BD45F67A13084A33
S315080055B0F2E745F61A03074AEEE75362F1E700BF3A
S315080055C0009000500040025000F04902646666668A
S315080055D0D8B80500BBCF0500B0F5207F10B50C463E
S315080055E05DD008D8B0F5007F4ED003D8C0B1B0F56D
S315080055F0C07F15D010BDB0F5607FFBD12C4B4C1E7B
S31508005600D3F8FC202B4912F0807F4FEA041427D1E7
S31508005610D1F8803023F030032343C1F88030E9E71E
S3150800562028F0EFFE28F0FBFE4FF48031224B214A8A
S315080056301967136F013C23F4704343EA0433136775
S3150800564038F066F80446FFF7F1F8C0F10201204683
S3150800565028F0DFFE00F04AF8BDE81040FFF712BD5B
S31508005660D3F8FC2022F08072C3F8FC20D1F8802001
S3150800567022F030022243C1F88020D3F8FC2042F001
S315080056808072C3F8FC20B5E70A4A4C1ED2F890305F
S3150800569023F0F85343EA0463C2F89030AAE7054AB0
S315080056A04C1E136F23F4806343EA84231367A1E730
S315080056B000ED00E0008000500090005008B5012180
S315080056C0022000F095F94FF42070FFF765FB054BB3
S315080056D0187028F096FE28F0A2FE4FF48032024B8E
S315080056E01A6708BD6F8000200090005008B54FF477
S315080056F0C070FFF7C1FBBDE808400449884294BF63
S31508005700012102214FF42070FFF766BF80F0FA02EC
S3150800571038B5044637F0FCFF0546FFF787F8C0F1B1
S315080057200201284628F075FE0121002000F0A0F9A4
S315080057302CB1FFF7DBFFBDE83840FFF7A3BC034BEE
S315080057404FF420701978FFF747FFF4E76F800020C1
S315080057504FF4C02270B50546FFF700FA314B0446F0
S315080057605A6603F598335A68012A04D12E494A60C5
S315080057705A689207FCD48020FFF794FC052807D1C5
S3150800578028F03FFE28F04BFE4FF48032254B1A676F
S31508005790264B24F040749D4230D0254B9D4230D094
S315080057A037F090FF8542064603D90121284600F0C6
S315080057B05FF9204BDA6812F0060FFBD199689C60F6
S315080057C09A68624012F4F81F1ED12846FCF7DCFFDF
S315080057D08020FFF767FC05280DD137F099FF0446AE
S315080057E0FFF724F8C0F10201204628F012FEFFF761
S315080057F07DFFFFF747FCAE420CD270BD44F0007443
S31508005800CEE744F08074CBE780209960FFF74AFC26
S31508005810052805D0BDE870400121002000F028B910
S315080058203546DAE70090005000E0015040420F008C
S3150800583080841E00000001503D4B3E4A984263D0CA
S3150800584021D83D4B98426BD011D83C4B4FF40021E0
S31508005850984261D008D83A4B98423AD0394B984288
S3150800586030D0394B984240D00023516639E0374B47
S31508005870984243D0364B4FF400219842F4D1354B29
S31508005880D3F8BC3021E0344B984241D011D8A3F567
S315080058903703A3F5D853984246D003F5B70303F563
S315080058A0586398424FF40021DED12A4BD3F8C8300A
S315080058B00BE02A4B4FF400219842D5D1254BD3F85B
S315080058C0D03002E0234BD3F8A030516623F0407362
S315080058D007E0204BD3F8A030516623F0407343F01D
S315080058E080734FF0B442936070471A4BD3F8A030D8
S315080058F0516623F0407343F00073F2E7154BD3F873
S31508005900B8304FF40021E0E7124BD3F8C030F8E77F
S31508005910104BD3F8CC30F4E70E4BD3F8A430D4E7C9
S315080059200C4BD3F8B030ECE70A4BD3F8C430E8E7B1
S31508005930C0EA21010090005080969800404B4C0028
S3150800594080841E0000093D0040420F00405DC600ED
S315080059500024F4000080E00F0048E801005A6202C3
S31508005960024A536B0342FCD1704700BF00400950FE
S31508005970044A4178536F23F4407343EA012353677B
S31508005980704700BF00400050104A10B5136904461E
S3150800599043F00403136138F071FB28F045FD0C4B06
S315080059A05B6E5B0142BF0B4B0B4AC3F82024BFF367
S315080059B04F8FBFF36F8F30BF28F037FD02F034FAF0
S315080059C01CB9BDE8104037F0A3BE10BD00ED00E0DD
S315080059D00080005000E003500000FF0F034A0179E1
S315080059E0D36E23F030030B43D36670470040005054
S315080059F0F8B504461C4BD3F88420D106FBD4D3F85B
S31508005A008430C3F381139C422CD037F061FE012CFD
S31508005A10064602D1214628F0FCFC39F0C6F84FF0BC
S31508005A200072124B07465A66204628F001FD4FF4CD
S31508005A3080630D4D621E93402B676B6E9A0103D4EB
S31508005A40D5F884309B060AD5384639F0A9F8022CD1
S31508005A5008D13046BDE8F840002128F0DABCD5F870
S31508005A608430EAE7F8BD00BF0040005000600050EF
S31508005A7010B50C4608B937F02BFE074B21461B78A4
S31508005A803BB1064B984204D80120BDE81040FFF709
S31508005A90AFBF0220F9E700BF70800020005A6202FB
S31508005AA00278034B012100201A70FFF7E1BF00BFFF
S31508005AB0708000204FF0004238B5244B244C5A66BB
S31508005AC04AF6CD33656C014605F00105236428BB0B
S31508005AD00120FFF745FF6368DB0715D51D4B5860A6
S31508005AE008461D4B226BD2070CD4984208D10724CE
S31508005AF015B1174B194A1A6436F0EDFE204638BD23
S31508005B000130EFE79842F2D00024F1E70132236B27
S31508005B1013F0080305D08A42F8D1E8E700220E49B7
S31508005B20F5E78A42E3D020210A4A91620121A2F5CB
S31508005B30805251600649084A886A800603D493420F
S31508005B40D5D00133F8E79342DDE700BF0090005057
S31508005B50004009500060095040420F003254FFFFD0
S31508005B604FF0004238B5164B01465A664AF6CD3311
S31508005B70144C154A656C236443780B205B0043F08C
S31508005B800103D363FFF7ECFE63688A7823F4F8739E
S31508005B9043EA02136360CA784B7943EA0223A36097
S31508005BA00A798B7943EA022323610878FFF782FF93
S31508005BB0EB0744BF054B236436F08DFE012038BD44
S31508005BC00090005000400950004000503254FFFF3A
S31508005BD04FF00042124B70B55D6E03F580535A665E
S31508005BE04AF6CD3304460F4980204E6C0B64FFF706
S31508005BF0B7FE0B6A23F00F030F2C94BF234343F021
S31508005C000F030B62F30744BF074B0B64002DA2BFBB
S31508005C104FF00042054B5A6636F05DFE70BD00BF78
S31508005C2000800050004009503254FFFF00A0005089
S31508005C304FF00042104B70B55D6E03F580535A66FF
S31508005C404AF6CD3304460D4980204E6C0B64FFF7A7
S31508005C5087FE0B6A23F4F85343EA04230B62F3071F
S31508005C6044BF074B0B64002DA2BF4FF00042054B03
S31508005C705A6636F030FE70BD00800050004009506C
S31508005C803254FFFF00A0005010B528F0D6FB0423BD
S31508005C9000F5805100F500520B6113610B61136129
S31508005CA00B6113610B611361202341F20201036149
S31508005CB00023C360836041614FF4A021836183653B
S31508005CC041620549C36103628362C3624363036534
S31508005CD0D164036310BD00BFFF3F0D0370B50546D1
S31508005CE01446084641B9354B9D4218D0344B9D425F
S31508005CF008BF5720FFF7C0F8AB6813F0010F6B68B1
S31508005D0030D0B0FBF4F4D80704F1FF344FEA04644A
S31508005D1007D42B6923F07F4323432B6170BD56209C
S31508005D20E8E72821284628F084FBAB6C990715D1AB
S31508005D30AB6CDA0714D4AB6C13F0020F14BF06264B
S31508005D400026284628F079FB2B69314623F07F4345
S31508005D5023432B61BDE8704028F089BB0526F0E790
S31508005D600926EEE7AB6DDB07AB6848BF640003F0B6
S31508005D70E003402B1BD004D8DBB1202BCED108235F
S31508005D8004E0602B17D0802BC8D10123634341015F
S31508005D90B1FBF3F20B4B203A284603EAC202012173
S31508005DA028F047FB2A63BDE8704028F042BB06236B
S31508005DB0ECE71023EAE70423E8E700BF0000015BED
S31508005DC000000A50F8FF7F002DE9F0419846436825
S31508005DD004460E4617461BB140F6FF7128F029FB0C
S31508005DE02046FFF751FFF189737B62690B43318ABD
S31508005DF022F44C5222F00F020B4313436361A2684C
S31508005E0096F818C0337B22F0804222F0E2024CEA70
S31508005E100303134372691343B268A3601AB9A368EC
S31508005E2043F00043A360F06904F58053002878D056
S31508005E30857A017A6D04D4F808E045EA81556E49F9
S31508005E400EEA01010D43818801F4C0410D434178F2
S31508005E5045EA8105417B45EAC105817B45EA01158D
S31508005E60817845EA8125A560D4F80CE0D0E90415C7
S31508005E702943624D0EEA05052943857941EA8521BC
S31508005E80C57941EA4521E16001785D4D012914D1C2
S31508005E90E16841F00401E160AC4200F092805949A2
S31508005EA08C420CBF01214FF0FF31490101F1A0419D
S31508005EB042F2944501F5703114E003297BD1E1687B
S31508005EC041F00401E160AC4279D04E498C420CBFE6
S31508005ED001214FF0FF3141F29445490101F1A041FA
S31508005EE001F570314FF0020E41F805E0417A9962EA
S31508005EF019B1E16841F40061E160C17A59B1E1681C
S31508005F0041F40041E1603E498C425CD1017B3E4D43
S31508005F1001F00F016967616AC07B21F00301014343
S31508005F2061622FB197F82010002956D00121196215
S31508005F30B8F1000F2DD0BCF1000F02D04FF400418C
S31508005F4099652F49B8F822508C4298F8211051D0FB
S31508005F502C48844213D10120112934BF4FF0010C7B
S31508005F604FF0020C294FB5F5006F07F800C094BF33
S31508005F704FF0010C4FF0020C254F07F800C0A06D3A
S31508005F80294320F4F95020F01E000143A1650121A0
S31508005F909965012159601AB120467168FFF79EFE7E
S31508005FA02046317828F063FAA36CDB4313F4405F8C
S31508005FB0FAD1BDE8F0810239012984D96CE70021BC
S31508005FC089E7002171E70F498C4201BF017B0E4D1D
S31508005FD001F00F01C5F880109DE7E06997F82210D7
S31508005FE097F8215020F009002943014341F00101A7
S31508005FF0D9619DE70020AFE7E39BBDFFFFF9F08776
S315080060000000015B00000A500090035073800020D6
S3150800601071800020F8B5436804460E460D691BB129
S3150800602040F6FF7128F005FA2046FFF72DFE226993
S31508006030737BB17B22F087020B43134343F0800343
S315080060402361E5B9A368F27B23F00303134343F006
S315080060500103A3606369327B23F00F031343636173
S315080060602046D6E90112FFF739FE2046317828F096
S31508006070FEF9A36CDB4313F4405FFAD1F8BD23693C
S31508006080297F23F0F80343EAC1132978EA7B0B43F7
S31508006090297943EA4113697A43EA011343EA8213E9
S315080060A02361E068D5E9053720F0F0403B4320F44A
S315080060B070200343287B697B43EA802343EAC13384
S315080060C0E360A368F07B23F00303034343F0010373
S315080060D0A3606B88A06803F4C0430343A360A36866
S315080060E0687943EA8023A360AB79EF79606A1B017C
S315080060F03F0203F0700307F4E06720F4772020F4EA
S31508006100EE603B430343287A000300F4E040034370
S31508006110687F000400F47020034363626369307B80
S3150800612023F00F03034363616B89A36109B3164B1D
S315080061309C420CD1AB7B154903F00F034B67002A31
S315080061408ED02B7C114A03F00F03136788E7104B98
S315080061509C4285D1AB7B0D4903F00F03C1F8803013
S31508006160002A3FF47DAF2B7C084A03F00F03D36760
S3150800617076E7002A3FF474AF034B9C42E1D0044B08
S315080061809C42F0D06CE700BF0000015B0090035012
S3150800619000000A502DE9F04105460F461E46904676
S315080061A04AB101233022194C8B4002FB004436B316
S315080061B004F5825423600F21072F05EB450388BF9A
S315080061C0A7F108044FEA0313114895BFBC00A400C1
S315080061D004330C3308FA04F2A140184428F07EF977
S315080061E0B8F1000F09D101233021084ABB4001FB51
S315080061F005223EB102F582521360BDE8F08104F52E
S315080062000154D7E702F50152F6E700BF00C0035074
S3150800621030C0035010B5152000F044FE0024FF22BC
S31508006220064B21465C6520209A625C60FEF70AFEF2
S315080062302146BDE810402120FEF704BE00000450A8
S31508006240044A054B002908BF1346012282401A60FA
S31508006250704700BF401004504020045010B501217B
S3150800626004462020FEF7EEFD01212120FEF7EAFD77
S315080062700122114B15205A60227812069A6061781D
S31508006280A27842EA01429A61FF229A6200229A6340
S315080062901A644FF000425A654FF0FF3203F5005377
S315080062A01A6500F02DFE1520E17828F01EFABDE8E3
S315080062B01040152000F008BE00000450F8B501256E
S315080062C0C3B2D1F800C08F7A0E7B0C469D40CB7ABC
S315080062D01C491B050D65810001F1A04101F58821C6
S315080062E0C1F804C04FF0300C0CFB00F0617B00F1E4
S315080062F0A04043EA074300F5802043EA465322F0CC
S3150800630003020166C365026738F058FC0E4B227A11
S315080063105D6502B11D64627A02B19D632279A37933
S3150800632043EA0243074A93616179E37943EA014301
S3150800633005498B61054B55639D64BDE8F84038F007
S3150800634038BC00BF00200450001004500000045060
S3150800635010B50124C0B2844038F030FC044B5A6DA5
S3150800636022EA04025A659C62BDE8104038F021BC56
S315080063700000045010B50124C0B2844038F01EFC59
S31508006380074BDA6A224208D15B6B9C430CBF012497
S31508006390002438F00EFC204610BD0024F9E700BFA3
S315080063A00000045070B5054638F008FC3022084B4A
S315080063B05E6B02FB05335C6E38F0FBFB0123EDB226
S315080063C0AB4033420ABFC4F30A100020013070BD47
S315080063D0000004504FF48032054B9A6641F671323C
S315080063E003F51C33DA63012203F50053DA607047BC
S315080063F0009000500B4B01219B6EDB035EBF4FF4F0
S315080064008032094B9A6641F67132084BDA63084ABC
S31508006410D1600022DA634FF48032A3F518339A6606
S31508006420704700BF008000500090005000000350E5
S3150800643000200350013831289ABF024B185C00200F
S31508006440704700BF87F70308021E30B54FF00000FB
S315080064500CBF1025042547F60774084952B9831D51
S3150800646051F82330234023B101308542F6D14FF04D
S31508006470FF3030BD00F11603F2E700BF008003507D
S3150800648038B5C2F30625044602F0070241B942EAC6
S31508006490052242F440220634074B43F8242038BD2F
S315080064A01146284628F029F802462846FFF7C2FF73
S315080064B0163442EA0022EFE7008003504FF4803298
S315080064C0064B5A6603F5E6239B69C3F38512827069
S315080064D003F03F021B0B4270037070470090005098
S315080064E0014B986CD96C70470080E00F0120034B74
S315080064F09B680A3303F01F03984070470080E00F3B
S3150800650038B5012500F580531D630223C3600023B7
S315080065101C4A00F500548360836162614FF6FF727E
S315080065200362C2614CF68062436243668366036710
S31508006530C0F88430C0F88830C0F89030C0F8A4306D
S31508006540C0F8A830C0F8B030C0F8FC20C0F8EC306D
S31508006550C0F8F0301F230146C0F8F83027F0EFFFE7
S3150800656025630B6B13F00203FBD14B600B66C1F876
S315080065708030C1F8A030C1F8E030C1F8E830C1F881
S31508006580E43038BD7700770710B5044628F059F887
S3150800659028F043F8502128F01AF828F029F8204660
S315080065A028F02DF828F057F828F05CF8042304F5AD
S315080065B0805104F500520B6113610B6113610B6185
S315080065C013610B611361202341F202012361002349
S315080065D0E360A36061614FF4A02161620649E3614B
S315080065E02362A361A365A362E3622365D16423637F
S315080065F06363236310BD00BFFF3F0D03F8B5044670
S315080066000D46FFF7C1FF23692A7823F08703134352
S315080066106A7A43EA420343F080032361A368AA7AAD
S3150800662023F0030343EA420343F00103A3606369CB
S315080066302A7A23F00F031343636123696A6823F0F8
S315080066407F4343EA02632361EB68002B5AD0226931
S31508006650187922F0F80242EAC0121878997942EAC3
S315080066604012D87842EA0012D87A42EAC00242EAD0
S3150800667081122261E2689E7C22F0F04222F47022A6
S3150800668042EAC662DE7C587942EA06429E7842EAC7
S31508006690862242EAC032E260A2689E7A22F4C042AA
S315080066A042EA4632A2605A7804F580569202B260EF
S315080066B0676ADA7B234E02F003023E4032431E7BB2
S315080066C0360106F0700632435E7B360206F4E06653
S315080066D032439E7B360306F4E04632435E7A36043E
S315080066E006F47026324362621A8AA261C8B1164A53
S315080066F0944208D17422D879002127F0DAFFEB6892
S315080067009A799AB9F8BD114A9442FBD18022D87970
S31508006710002127F0CEFFEB689A79002AF2D07C2276
S3150800672005E00029EED0084A944206D17022187A6C
S315080067300021BDE8F84027F0BCBF044A9442E1D1E5
S31508006740EDE700BF8C88F0FF0000015B00000A50EF
S315080067500122437801789A4030235943014B5A5015
S31508006760704700BF40E00350034BD3F82424D3F806
S3150800677020041040704700BF00C003502DE9F843BD
S315080067801F4B0546D3F810334B1E0E2B0E461746E5
S31508006790047890F8018026D951B34FF000092846AD
S315080067A01FB337F0A1F80F21B8F1070F04EB440423
S315080067B088BFA8F108084FEA0414124895BF4FEAA3
S315080067C088084FEA880804340C3409FA08F201FAF2
S315080067D008F1204427F05EFF86B9284657B1BDE880
S315080067E0F84337F081B88946D9E7FFF7B1FFDAE70A
S315080067F08946D8E7BDE8F843FFF7AABFBDE8F8839E
S3150800680000C0035030C00350054B9A689107FCD46A
S315080068105A689207F9D4DA69002AF6D1704700BF98
S3150800682000800A5010B5034C636837F069F80223F4
S31508006830236110BD00800A5008B5FFF7E5FF012265
S31508006840024B03F580514A601A6108BD00800A5060
S31508006850044B10B55C68012C03D1FFF7E3FF024B2C
S315080068605C6010BD00800A5000A00A5038B5074D7C
S31508006870FFF7CAFF6B680446012B03D1FFF7E8FF51
S31508006880FFF7C2FF2378EB6038BD00BF00800A50CF
S3150800689010B537F03FF8B8B94A680B7812B11278D4
S315080068A043EAC2034A7843EA42038A6812B1127875
S315080068B043EA8213CA7843EA82030A6912B1127854
S315080068C043EA4223014A936410BD00BF00800A5080
S315080068D04FF48032084B5A6603F5E6239B691A0B78
S315080068E0027003F03F0242704FF6FF72C3F385133E
S315080068F042808380704700BF00900050014B986C1F
S31508006900D96C70470080E00F70B504460D4638F024
S3150800691055F90C2C064616D80C2C18D8DFE804F0C6
S315080069201B1B171B1B2A171B2E1731173400012395
S31508006930194AA34013421DD1062C2AD0DB0706D5D7
S315080069404FF4F06022E00D3CE4B2132CEFD900239B
S3150800695021242B8009E08020FEF7E2FC4FF6FF7326
S3150800696098420CBF0E2400242880304638F021F9BE
S31508006970204670BD00230F242B80F6E74FF4806075
S31508006980EAE74FF44060E7E74FF4C060FEF7AAFC79
S31508006990E4E74FF4E060F9E71C450D0030B58BB02D
S315080069A06C46864D864838F014F90FCD0FC42B680F
S315080069B0844A2360FF238DF80130D2F84C3113F452
S315080069C0802340F0EE80D2F850218DF801309DF8F2
S315080069D001306C46FF2B08BF2C2368467A4D8DF88C
S315080069E00130FEF76FFD3220FEF7AAFD0FCD0FC46A
S315080069F00FCD0FC495E8030084E80300714BD3F864
S31508006A004C21120300F1BC80D3F85041E4B28DF852
S31508006A101940FEF751FD044484F308046B488DF8C9
S31508006A201840FBF7B7FE6846FEF786FC3220FEF7ED
S31508006A308DFD6748FEF78CFE6648FEF7FDFE664C40
S31508006A40664838F0C6F80020FEF786FDFEF736FEE3
S31508006A50236F002023F0070343F003032367FEF7A1
S31508006A6057FE236F5E4923F4744323675D4BD3F8BF
S31508006A70FC2012F0807200F08980D3F8FC2022F006
S31508006A808072C3F8FC20D4F8802022F0030242F07A
S31508006A900102C4F880200022C1F88020D3F8FC2027
S31508006AA042F08072C3F8FC204B4CD4F8203123F016
S31508006AB0070343F00203C4F82031D4F8283123F041
S31508006AC0070343F00203C4F82831D4F8803123F0D1
S31508006AD0030343F00103C4F88031D4F8403123F0AE
S31508006AE0030343F00203C4F84031D4F8603123F0BD
S31508006AF0030343F00203C4F86031D4F8403223F0AC
S31508006B00030343F00203C4F84032D4F8003223F0FA
S31508006B10070343F00203C4F80032D4F8083223F01E
S31508006B20070343F00203C4F80832D4F8703223F09E
S31508006B30030343F00103C4F87032D4F8203223F07B
S31508006B40070343F00103C4F82032FEF7B3FB4FF006
S31508006B50E0220020136943F004031361D4F860327D
S31508006B6023F0070343F00103C4F86032D4F89432E3
S31508006B7023F0070343F00103C4F894320BB030BD89
S31508006B80194B1C88FF2C88BF522440E7D4F8803064
S31508006B9023F0030343F00103C4F88030C1F88020D2
S31508006BA082E74FF07E6393F89C2093F99C30002B84
S31508006BB0FFF60DAF8DF8012009E700BFBCF7030803
S31508006BC000F803080080E00FD0F70308005A6202B5
S31508006BD000B4C404C0EA21010080005008F8030884
S31508006BE00090005000ED00E00001E00F07B5094BEA
S31508006BF018689A889B7900906846ADF804208DF845
S31508006C000630FEF7ADFF0C20FEF7E2FF002003B0CA
S31508006C105DF804FBF8F7030870B501F037F9044688
S31508006C20E8B901F0DFF937F0DFFB4FF41673434399
S31508006C300C4A03F5742303F23F23B3FBF2F30A4924
S31508006C400A480B600A230268094D0E68013B45F89D
S31508006C50046B0E6813F0FF033244F6D10260204637
S31508006C6070BD00BF40420F00543D0020243D002067
S31508006C70283D0020012208B5034B1A7038F09DF80C
S31508006C80024B186008BD00BF75800020203D00201B
S31508006C9010B537F0A9FB044637F07FFF844207D9C1
S31508006CA038F097F820B10122024B1860024B1A708F
S31508006CB010BD00BF203D002075800020F8B51F4C90
S31508006CC02378E3B138F079F81D4B1E4D1B68C01ABE
S31508006CD028602B68A3B12B682B6037F085FB4FF42F
S31508006CE016725043184A00F5742000F23F20B0FB94
S31508006CF0F2F02B682B68834204D900232370F8BD71
S31508006D000123E9E71148124E0378296856F823202B
S31508006D10104F511A3A68521A29683A6046F82310F1
S31508006D200A210932B2FBF1F20B4D0133DBB22A60BC
S31508006D30B3FBF1F201FB12330370DEE77580002026
S31508006D40203D0020503D002040420F007680002064
S31508006D50283D0020243D0020543D0020014B1868A2
S31508006D60704700BF543D0020F8B503212C2027F0BA
S31508006D70BCFC04264FF480120D4C0E4B0E4F04F546
S31508006D8000555A662C206F676E672F672E6700F0CE
S31508006D90B7F82C2000F098F84FF0007204F58053ED
S31508006DA05F675E67AA624FF480529A62F8BD00BFB9
S31508006DB00040005A00900050010000A0064B074A08
S31508006DC0996D11F0050F01D0117811B10028F7D18E
S31508006DD070470120704700BF0040005A77800020A6
S31508006DE0164B10B51C6F14F0040111D0144A116724
S31508006DF0082191629B6DDA0701D4FFF749FF00F07D
S31508006E0083FF00F063FF012037F0AAFB37F0E3FFAA
S31508006E10E30706D501220A4B1A67FFF74FFF00F072
S31508006E2055FF14F000521CBF054B1A67002CBEBF55
S31508006E304FF00042024B1A6710BD00BF0040005ACF
S31508006E400060005A0028ACBF00F16040064B4FEACC
S31508006E500111C9B2ABBF00F5614000F00F0080F820
S31508006E6000131954704700BF14ED00E008B537F059
S31508006E70A5FE0B4B1A7872B901221A7037F099FEE3
S31508006E806FF0040210460132052152B2FFF7DAFF0D
S31508006E904C2AF7D108BDBDE8084037F08ABE00BFC6
S31508006EA07880002000280CDB01220649430900F0FF
S31508006EB01F008240203341F82320BFF34F8FBFF3D2
S31508006EC06F8F704700E100E0002807DB01234109C6
S31508006ED0034A00F01F00834042F82130704700BF84
S31508006EE000E100E0054B421153F8223000F01F0084
S31508006EF023FA00F0C04300F00100704700E100E00B
S31508006F00002808DB01224309034900F01F008240DC
S31508006F10603341F82320704700E100E010B50446CD
S31508006F2037F04CFE024B1C6037F043FE002010BDC4
S31508006F30583D002010B537F041FE034B1C6837F06A
S31508006F4038FE204610BD00BF583D002038B504461F
S31508006F50D0F8A4301D68AB6C5906FCD5002394F80C
S31508006F60AD101A4694F8AC00FFF714F9002394F80C
S31508006F70AF101A4694F8AE00FFF70CF994F8B4303F
S31508006F80DA0707D5002394F8B1101A4694F8B0002A
S31508006F90FFF700F994F8B4309B0707D5002394F857
S31508006FA0B3101A4694F8B200FFF7F4F8012205F573
S31508006FB000531A65042200211A652846094D27F050
S31508006FC056FAD4F8A80037F007FE284604F1B801A7
S31508006FD026F04CFB2B6813B9034800F0F3FD00209C
S31508006FE038BD00BF5C3D0020603D0020012910B57A
S31508006FF002D9022913D010BD124B1C68B83C14F1F3
S31508007000B80FF8D0D4F8A80037F0E3FDD4F8A430C8
S315080070100521186827F02BFAD4F8B840EEE7094B93
S315080070201C68B83C14F1B80FE5D094F8973033B91A
S3150800703094F895301BB9D4F8A80037F0CDFDD4F8EC
S31508007040B840EEE75C3D00202DE9F0471D46136881
S315080070508EB01F6891F8313081468846144606AED0
S31508007060002B00F0F180DFF820C2BCE80F000FC645
S315080070709CE80F0086E80F0018220021684629F0D0
S31508007080F8FFA3680893237B012B00F0E080022B0E
S315080070900CBF4FF440730023ADF82630637B4FF0E6
S315080070A0010A032B8CBF4FF480536C4ACDF834D0B9
S315080070B098BF32F813308DF806A0ADF82830A37BB8
S315080070C029465A1E022A88BF0023654A8DF80030D1
S315080070D0D8F8383048461A60624A5A60624A9A6056
S315080070E0624ADA60424600F017FB0646002840F07E
S315080070F0A78023695E48C5F8A830237E85F8AF3097
S31508007100E37D85F8AE30A37D85F8AD30637D85F8DF
S31508007110AC30A37E85F8B130637E85F8B030237F26
S3150800712085F8B330E37E85F8B2302368C5F8A43015
S3150800713037F04FFD53460422A17D607DFFF72AF8FC
S315080071405346217E0222E07DFFF724F885F8B460D5
S31508007150206937F03EFD98F83130384606A9002BED
S3150800716078D027F0B5F995F8B43043F0040385F8DC
S31508007170B4301421227D3F4B03EB4210C0F894141F
S3150800718094F816C0617D253241EA0C41C0F8AC146A
S31508007190207EE17D03EB421341EA00415960A37B5F
S315080071A003F0FD03012B0BD195F8B430022243F00E
S315080071B0010385F8B430A17E0023607EFEF7EAFF5E
S315080071C0A37B023B012B0BD895F8B430042243F07D
S315080071D0020385F8B430217F0023E07EFEF7DAFF4C
S315080071E095F8B430DB0717D5A17E627E237D42EA87
S315080071F0014241F29C415B0103F1A04303F5703360
S315080072005A5041F2944202219950217FE27E03F5B9
S31508007210A55342EA01421A60174B1B681BB9174966
S31508007220174800F0BDFC144805F1B80126F00BFA22
S31508007230144A07F5005305213846DA6427F017F98A
S3150800724030460EB0BDE8F087DFF840C00DE74FF4D2
S31508007250007321E727F040F98BE700BF5CF80308C5
S31508007260A1E70208D3E70208B7E702084D6F00084E
S315080072700CF8030800C003505C3D0020D4840020AD
S31508007280603D0020FF3F0D0364F8030884F80308F7
S31508007290034B0222186800238068194604F078BC5C
S315080072A044850020302337B5007D0DF1070143439F
S315080072B003F1A04303F58023DD6E1C6F36F0D0FA88
S315080072C09DF8070040B9054B9D4203D184F002049E
S315080072D0C4F3400003B030BD0120FBE779800020ED
S315080072E03021037D02464B4303F1A04303F5802377
S315080072F0D86E07491B6F884208D113F0020006D0E2
S31508007300106A136D1B1A584258417047002070477F
S315080073107980002070B5044608B9012070BD057D46
S315080073202846FBF753FE30236B4303F1A04303F5CE
S3150800733080232846DE6EFBF769FE0A4B9E421CBF79
S31508007340042384F8A13094F8953094F8A1002BB161
S31508007350022803D1012384F8A130DFE70428DCD111
S31508007360F8E700BF798000202DE9F743D0E9043417
S3150800737004F17C07D0F80C900646013B1022002148
S315080073803846D4F874809DB229F073FE0B4BC5F3CA
S315080073900A0543EA0513C4E91F39012394F878005E
S315080073A084F88C30C4F884803A46054B009604F17C
S315080073B06401FBF7E5FD03B0BDE8F083000010307B
S315080073C085E802082DE9F04F04464FF444764FF05D
S315080073D030093F4D00F138071022002185B03846A4
S315080073E029F047FE6687C4E90F55207DFBF7EEFDB9
S315080073F010220021384629F03CFE6687207D354E4E
S31508007400C4E90F5509FB0063DB6EAB4204D105B036
S31508007410BDE8F04FFBF7FABD0DF10B0136F020FA87
S315080074209DF80B50002D4CD1204627F015FA8046C2
S3150800743003A9207D36F036FA039B2946013B1FFA3D
S3150800744083FB04F118031D4610221846D4F810A031
S3150800745029F00FFEA169204ACBF30A031B010A4053
S3150800746043F040731343C4E9063A237DC4F82080E9
S3150800747009FB0366336F94F824205B0863F3410223
S3150800748084F82420326F94F8243025F0030562F33B
S31508007490000384F82430336F626A9B0863F39F0203
S315080074A045F002056262656400943A4621460B4B34
S315080074B0207DFBF765FD207DFBF7A8FD05B0BDE83F
S315080074C0F08F94F844306FF3410384F84430EBE7C7
S315080074D079800020000004500F80FFFCF3E80208C2
S315080074E02DE9F04F9946002304468BB00891069281
S315080074F0C9F80030D9F80050069B5E1B00F09D8045
S31508007500089B5D1900F09980207DFBF75FFD2046FA
S31508007510FFF7E6FE8046207DFBF778FDB8F1000F01
S3150800752040F08B80204627F097F9216D94F89AA0B1
S3150800753088429CBFD4E91203C018401A864228BF65
S315080075400646BAF1000F00F0A88037F037FB236D26
S31508007550079020460993FFF7A5FE3746099B834601
S3150800756098198342D4F89C2070D1D4E912030344B5
S315080075709A4208BFC4F89C00079837F01AFBDA4607
S31508007580207DFBF723FD2046FFF78CFE05462046A7
S3150800759027F062F9236D8346984240F28C80A26CEC
S315080075A0B5B293427FD1099304F1280823691022C2
S315080075B000214046079329F05CFD3021079B013DD9
S315080075C0E362099BC5F30A052363237D2D014B431B
S315080075D028F0030803F1A04345F0407548F002027D
S315080075E003F58023A5621A67236DD4E91212334482
S315080075F00A44934208BF0B465B45236505D1012320
S31508007600204684F85430FFF7DDFE207DFBF7FEFCAC
S3150800761094F89A303BB1BAF1000F04D0236E1121C9
S3150800762020465B689847D9F8003037B1069A3B443C
S315080076309342C9F80030FFF45DAFD9F80030002B4B
S3150800764014BF00201B200BB0BDE8F08F013303F1F7
S31508007650FF3C624510D1C4F89C3013F8012C112A5E
S3150800766001D0132A15D1013FA2F111014A424A411C
S31508007670D04684F8A02074E713F8012C02F0FD0C1C
S31508007680BCF1110F06D1013FB8F1000F3FF469AF05
S31508007690EAE7D04605F8012B63E73246284629F083
S315080076A0F3FC37466CE7238DC3F30A12154465F3DA
S315080076B00E13238598E7207D95B93023584300F1AA
S315080076C0A04000F58020426E436EC2F30A1223F4EE
S315080076D0FF43324423F0700343EA0213436683E709
S315080076E00C4B049403930023CDE901630123009313
S315080076F05A462369216826F0F4F83022237D53433D
S3150800770003F1A04303F580235A6E22F480125A66C9
S315080077106AE700BFF3E80208F0B50C4615460646C8
S31508007720A422002189B0204629F0A3FC2746AC46AE
S31508007730BCE80F000FC7DCF8003005F1140C3B60FD
S3150800774004F16407BCE80F000FC7DCF80030EA6AEA
S315080077503B60AB6AC4E9132395F83020A36484F828
S31508007760992095F83320C4F89C30012384F89A2090
S3150800777084F8A03084F85430AB6B236695F8313022
S3150800778084F898303F4B346073603F4BB3603F4B8F
S31508007790F3603F4B73613F4BB3613F4B3361FBF77C
S315080077A0BBFB10B13D4B98420ED1002107A8FBF751
S315080077B03BFB014640B9079B07A82375FBF734FB3B
S315080077C028B1207DFBF782FB102009B0F0BD012708
S315080077D0079B84F87830324B7362324B84F8A17079
S315080077E0F361314B95F83210336284F8960084F8C9
S315080077F09570204627F04DF9AB6B93F91100FFF70A
S315080078007FFBAB6B93F91100FFF75EFB207DFBF75F
S31508007810DDFB0028D8D1254B0494CDE90203E36C9F
S31508007820CDE900732369A26C2168207D26F059F8FA
S315080078300028C9D13022237D4FF48011534342F2E8
S31508007840640203F1A04303F580239950AB6B93F9C7
S315080078501000FFF755FBAB6B93F91000FFF734FBED
S3150800786004F1900025F0ECFE3046FFF757FB204662
S31508007870FFF7A8FD207DFBF7C9FB003818BF0120DC
S315080078800001A2E763E90208ADE80208E17400080E
S3150800789047E802084DE802080BEB0208038000F0EF
S315080078A01573000893EA020853E80208F3E8020889
S315080078B070B50568144E2C7D2046FBF787FB3023F0
S315080078C003FB0463DA6E114B9A420FD12846FFF781
S315080078D0E9FC80B137F072F901230D4AA3405365DC
S315080078E0A2F580529362536337F063F92046BDE8E8
S315080078F07040FBF78BBB2846FFF7F2FC0028F5D152
S315080079000123A340B364F1E7000004507980002006
S315080079100020045013B5094C684600F037F8237860
S3150800792053B9DDE900010222054B27F063FC08B9CB
S315080079300123237002B010BD1220FBE77A800020D5
S31508007940683D002007B5009313460A4601460348DA
S3150800795027F08AF903B05DF804FB00BF683D0020F4
S3150800796013460A460146014827F06EBA683D0020CC
S3150800797007B5009313460A460146034827F067FBF6
S3150800798003B05DF804FB00BF683D00200249034AC6
S315080079900160521A4260704788880020000004205F
S315080079A0BFF35F8F074B5A6A22F480325A62D3F8C4
S315080079B0942022F00102C3F89420BFF34F8FBFF33F
S315080079C06F8F704700ED00E038B5FFF7E9FF284AEA
S315080079D02848D2F8C030284D23F0FF0343F0A0030F
S315080079E0C2F8C030254B04689D4204F101011ED13E
S315080079F0234BC2F89840C2F89C3003F57F3303F254
S31508007A00FE33C2F8A0300160BFF35F8F0522184B22
S31508007A10C3F894205A6A42F480325A62BFF34F8FF1
S31508007A20BFF36F8FBFF34F8FBFF36F8F38BD23F050
S31508007A301F03203BB3F1005F09D3C2F89840104CEE
S31508007A4043F00103C2F89C40C2F8A03001600D4B18
S31508007A500168074A23F01F0343F00303C2F898108E
S31508007A60C2F89C30084B0131C2F8A030CBE700BF02
S31508007A7000ED00E0903D0020A0840020E082002078
S31508007A8003000020BF840020E1FF03202DE9F04118
S31508007A900D461146DFF8E080D8F80040B4F5807F3F
S31508007AA034BF00271A27FFF77BFF1F292ED900218D
S31508007AB0C2061CBF20F01F0020302E4EEB0618BF52
S31508007AC025F01F05CBB29C4235D8D6F8C03020F039
S31508007AD01F0023F47F4343F48073C6F8C03040F098
S31508007AE0030437F06BF8D8F8003025F01F0141F091
S31508007AF00301C6F89830C6F89C40C6F8A01037F0BF
S31508007B0058F8D8F800300133C8F80030BFF35F8F53
S31508007B100522184BC3F894205A6A42F480325A62F6
S31508007B20BFF34F8FBFF36F8FBFF34F8FBFF36F8FC7
S31508007B303846BDE8F081C6F89830D6F89C30D6F8B5
S31508007B40A02023F01F03984222F01F0201D195427C
S31508007B500BD0904201D89D4209D2D6F8983001310F
S31508007B6023F0FF03C6F89830ACE70027CEE72827AE
S31508007B70CCE700BF00ED00E0903D0020BFF34F8F3B
S31508007B800549064BCA6802F4E0621343CB60BFF3AB
S31508007B904F8F00BFFDE700BF00ED00E00400FA05C7
S31508007BA038B54160044637F000F8054621460448D2
S31508007BB025F049FD2846BDE8384036F0F1BF00BF3C
S31508007BC0943D002038B5054636F0EFFF04462946B1
S31508007BD0034825F04BFD2046BDE8384036F0E0BFA7
S31508007BE0943D0020014825F02BBD00BF943D0020A0
S31508007BF070B536F0DAFF134D0446134836F0E9FF40
S31508007C002E7896B900F0D4F9FFF7ECFF37F0F6F8BE
S31508007C100E4B1E6036F0E8FB0D4B0E4A1860536F8C
S31508007C2043F00103536727F007FB00F0A1F827F09C
S31508007C3019FB094B1860012320462B7036F0B0FF5C
S31508007C40002070BD878000200CF80308983D0020AE
S31508007C50C03D0020004000509C3D002038B5044639
S31508007C6036F0A3FF0F4D02462B78FF2B04D1B4B193
S31508007C70BDE8384036F094BF1BB9002CF8D0012176
S31508007C8003E0002C0CBFFF2101210B44DBB22B7053
S31508007C90B3FA83F304495B0910460B70E8E7194603
S31508007CA0F3E700BF8480002083800020054B1B6813
S31508007CB05843054B00F5742000F23F20B0FBF3F063
S31508007CC0704700BFC03D002040420F0010B5094B69
S31508007CD01B786BB1084C237853B136F085F900232D
S31508007CE0064A237013700123054A1370054A137058
S31508007CF010BD00BF86800020818000208080002083
S31508007D007C8000207B800020034B1B7813B1012266
S31508007D10024B1A70704700BF8680002081800020C1
S31508007D2073B5114E0446337883420FD04FF400736F
S31508007D300E4DADF8043058B101A8FDF719FE4020E4
S31508007D40FFF7B4FF2B68181A2860347002B070BDAC
S31508007D508DF8050001A8FDF70BFE4020FFF7A6FFEA
S31508007D602B681844F0E700BF63880020C43D002054
S31508007D7073B5002401A88DF80440FDF791FE20464E
S31508007D80224CFFF7CDFFD4F80031214A03F0030354
S31508007D9013604FF480121F4B1F4D5A664FF4003282
S31508007DA05A6636F04FF81D4B1B780BB3D4F80031E2
S31508007DB003F00303022B23D0032B24D0012B17D166
S31508007DC035F0C0FC024698B1154B164EDC68002308
S31508007DD01946C4F30B04013404EB84040138E4FBAC
S31508007DE0060103F08FFCFFF761FF2B6803442B6045
S31508007DF01F20FFF75BFF2B6803442B6002B070BDA2
S31508007E0035F0FEFCDEE735F0A3FCDBE7008000502A
S31508007E10D03D002000900050C43D00208A800020FC
S31508007E2000C0015040420F000122114B10B55A679D
S31508007E30104B114C1B78A3B1022036F0CEFF80B14F
S31508007E4036F078FB68B1A36DD90302D5E36D9A07BE
S31508007E5003D4094B9B6DDB0704D54FF48032044BE2
S31508007E609A6210BD0122054B1A70FEF703FFF4E76C
S31508007E700050005A8B8000200040005A888000205D
S31508007E800122014B1A7070478B80002070B536F0BE
S31508007E9095FE144E05463478FCB9134B1C60134BFB
S31508007EA01C60134B1C6000F04DF8012036F0ABFF48
S31508007EB036F022FC0F4B0246186020B9284636F0E9
S31508007EC078FE232070BD234640F2E7310A4803F0C6
S31508007ED019FC0A4B186001233370284636F069FEF0
S31508007EE00020EFE78E800020E43D0020E03D0020E2
S31508007EF0EC3D0020E83D002018FCFFFFDC3D00209B
S31508007F00012300B58DB08DF80F3036F073FA0023D3
S31508007F100146CDE90033074A0DF10F0304A836F0F0
S31508007F2003FF18B99DF80F30002BFBD10DB05DF893
S31508007F3004FB00BFADEC0308014B1868704700BF8F
S31508007F40DC3D002010B5002486B01422214601A885
S31508007F508DF8004029F08DF8012313488DF8043078
S31508007F6036F037FEBFF34F8F6846FEF77FFC204694
S31508007F7001A98DF80440FEF78BFC20460F2135F049
S31508007F80DBFC0F21204635F0DDFCFEF755FC35F00D
S31508007F90B7FC064B43209C61FEF7B2FF4320FEF771
S31508007FA093FF06B010BD00BF00F8030800800A5012
S31508007FB008B50A4836F00DFE40F6015200210120A8
S31508007FC0FEF75EFA4FF496720021012026F0ABFA0E
S31508007FD04FF48072024B9A6408BD00BF04F8030888
S31508007FE000900A5008B5094836F0F3FD40F60162DC
S31508007FF000210220FEF744FA4FF492720021022073
S3150800800026F091FA0022024B9A6408BD04F8030888
S3150800801000900A5010B5044635F07AFB0C4BA0F5D3
S315080080207A729A4212D84FF47A73B0FBF3F05C4333
S31508008030084BB3FBF0F3B4FBF3F0022806D9BDE80E
S3150800804010400323B0FBF3F0F8F77AB910BD00BF70
S31508008050FFC99A3B40420F001FB56B46084ACDF848
S315080080600CD01068516803C3022302A94FF0FF30F1
S315080080708DF8083034F06AFD05B05DF804FB00BFE2
S31508008080A8F8030801224FF0FF3008B5064934F076
S3150800809062FD024630B9BDE808404FF0FF3003499B
S315080080A034F059BD08BD00BF58F90308B0F80308F5
S315080080B04FF0FF30014934F02DBD00BF00FA030828
S315080080C007B5FAF729FF094B984200D050B90021A5
S315080080D001A8FAF7A9FE28B94FF0FF309DF8041059
S315080080E034F047FB03B05DF804FB00BF038000F0E3
S315080080F038B508460C4634F0FDFB034620B994E82B
S315080081000700024D85E80700184638BDF03D0020F7
S3150800811070B5032916461C46049D01D9212070BD59
S3150800812002D134F0E1FB01460C4B9A7A8A42F5D922
S31508008130186809B201EB410100EB810116B1B1F9EA
S315080081400430338014B1B1F9063023800DB900200C
S31508008150E5E7B1F908302B80F9E700BFF03D0020CC
S315080081602DE9F0432A48079F847A94424CD9066839
S3150800817002EB42024FEA820C16EB820246D0508985
S31508008180002843D0B2F90440B2F906508C42B2F93D
S3150800819008E02FDCA942A8BF2946BEF1000F35D05A
S315080081A000F1FF381FFA88F80EFB08490A1B92FBF4
S315080081B0FEF24D45D8BF404692B2904202D3A9423C
S315080081C018BF104656F80C2052F8206002EB800CB7
S315080081D018B15CF8048D46450ED08D421EBF1EFBB5
S315080081E000F1091909B2994209DC00203E60B980FC
S315080081F0BDE8F0832146D0E7013880B2E8E70028D9
S31508008200F3D0013880B2DFE70E20F1E70220EFE76E
S31508008210F03D002008B506494FF0FF30FFF768FF2C
S31508008220BDE8084001214FF0FF3034F065BB00BFC0
S31508008230981304087FB50222084B0949CDE90123A2
S315080082404FF00073CDE90313072301A94FF0FF3060
S31508008250059334F076FB07B05DF804FB006A180056
S315080082600002060006289ABF014B185C00207047DA
S315080082704814040800F01F02A0F50620A0F5506077
S31508008280812810D8012309494009934051F8202034
S315080082901A4341F82020064951F8202022EA030211
S315080082A041F8202070474FF0FF307047143E0020F9
S315080082B0003E002000F01F03A0F50620A0F5506040
S315080082C0812810B519D801210D4A4009994052F85C
S315080082D020300B430B4942F82030D1E900432344B0
S315080082E08C682344CC68096923445B1804D1C2E925
S315080082F00033C2E90233136110BD4FF0FF30FBE7CC
S31508008300003E0020143E00202DE9F04FA7B003924E
S315080083101F4604460822CDE90401414021FA02F32A
S315080083204B40980702F1080218BF9B00202A1C44FC
S31508008330F4D18123B4FBF3F303EBC313E41A7F4BA5
S3150800834004F506241B7804F55064002B39D1FCF794
S3150800835077F9054600286FD10146402206A828F07D
S3150800836088FE2946402216A828F083FE744D754ECD
S31508008370A8461035AE4228BF2E467348013E0096E1
S3150800838043461022006806A925F034FE4FF0000B7C
S3150800839081460DF1180AD94541D16B4800964346E6
S315080083A01022006816A925F02EFE4FF00008834615
S315080083B016AEC34546D1654B9D42D8D101225F4BC7
S315080083C01A704FF081080026DFF894B1A4F5062547
S315080083D0A5F550635B095BF8232004F01F01CA402A
S315080083E0D20746D45A4A52F82330CB40DB0732D557
S315080083F08123002E08BF2646A5F6FF44B4FBF3F3F7
S3150800840003EBC313E41A04F50624B8F1010804F5CE
S315080084105064DBD1039B03B3FEB1344625E05AF81A
S31508008420040BFFF727FF013009D10022434B1A70CE
S31508008430424B1B78002BC4D16FF091000FE00BF173
S31508008440010BA8E756F8040BFFF734FF0130EFD00D
S3150800845008F10108ADE7039B23B96FF08B0027B03D
S31508008460BDE8F08F002E18BF3446329B00201C60F2
S31508008470F5E7309B13B10023309A1360319B13B193
S315080084800023319A13604FF0100ADFF8BC90CDF83C
S3150800849000A000233A462146D9F80000FBF7D2FE91
S315080084A0002838D130993A682A4BE9B19A42C1F87E
S315080084B000A01CD02146D9F80000FCF71DF80028BA
S315080084C0CBD1D7E90223DDE90410834208BF8A42EB
S315080084D02AD08123A5F6FF45B5FBF3F303EBC313B7
S315080084E0ED1A05F5062490E79A42EAD0E2E7319BB1
S315080084F0002BE6D02146D9F8000016AAFBF7E8FEBD
S3150800850048B9319B309A1B681268934294D39B1AD8
S31508008510319A1360D5E7104B9842CBD06328C9D05F
S315080085200E4B9842CDD087E7039B002B9DD07B68E6
S31508008530012B9AD16FF0840091E700BF8F8000204D
S31508008540006D0800816D0800D0840020906D080039
S31508008550003E0020105D175EFFDF00F0FEDF00F032
S31508008560143E00202DE9F04F87B08246894698468A
S315080085701646DDF840B02AB1002B53D040F26C7392
S315080085809A4252D8BBF1010F52D8002406F11007BF
S3150800859039460120059426F076FD054600284AD07E
S315080085A021463A4628F065FD05ABCDE9014300941E
S315080085B02B46012250464946FFF7A6FE044680B1DF
S315080085C010F18C0F08BF6FF08D043A46002128463B
S315080085D028F04FFD284626F038FD204607B0BDE8AE
S315080085E0F08F164BC5E902A92B60C5F804B02EB169
S315080085F03246414605F1100028F046FD059E104812
S315080086003B462A4631460068FBF732FF38B9304602
S31508008610FFF730FE013008BF6FF08604D5E76FF02C
S315080086209104D2E76FF08604D7E76FF09104D4E798
S315080086306FF08504D1E76FF08C04CEE7105D175E06
S31508008640D08400202DE9F0438DB08146DDE9147809
S315080086500E4615461C469BB1B8F1000F05D16FF0C2
S31508008660860630460DB0BDE8F083002FF7D0B7F187
S31508008670005FF4D3C3F1005303F580239F42EED87D
S315080086801022002108A828F0F4FC002207AB029368
S3150800869005AB019306AB31460093484608ABCDE9D6
S315080086A00522FFF731FE06460028DAD1059BA4B15C
S315080086B0AB4215D853EA0504D1D1069B0B48C8F836
S315080086C0004000943A46079900682B44FBF7BAFD28
S315080086D0002818BF6FF09106C3E7AB42EDD2BEE79C
S315080086E05B1B9C4228BF1C46E7E700BFD0840020DE
S315080086F030B58DB00C4605461022002108A828F092
S31508008700B8FC002207AB029305AB019306AB2146E2
S315080087100093284608ABCDE90522FFF7F5FD044688
S3150800872008BB099B012B21D0079D134B29461868C6
S31508008730FBF7E2FEE8B9A5F50623A3F55063812BFE
S3150800874005F01F020DD801210C485B09914050F82D
S3150800875023204A4040F823202846FFF7ABFD013086
S3150800876001D16FF0860420460DB030BD6FF0840449
S31508008770F9E76FF09104F6E7D0840020143E002054
S315080087802DE9F04F95B00446DDE92075DDE922684C
S315080087909346DDE91E028A46DDF8909029B96FF006
S315080087A08604204615B0BDE8F08FBBF1000FF6D061
S315080087B00FB9002DF3D108B9002AF0D116B9B8F1CE
S315080087C0000FECD1B9F1000FE9D02C4A934252D1EF
S315080087D02388B3F5105F4ED1282200210DEB020045
S315080087E028F047FC2022002102A828F042FC0AA80B
S315080087F036F037FC10B16FF09204D2E720465A469D
S31508008800514602AB00F00CFA04460028C9D102987A
S3150800881026F0E2FD04460028C3D115B9C9F8005070
S31508008820BFE7B74224D27B199E4221D24545B6D826
S3150800883039462A46304628F002FC374615F00F0A14
S31508008840ADD1CDE900762B46524602A90AA801F019
S315080088506BFB07460028E1D042465146304628F0D1
S3150800886008FC012FC9F800A0C5D16FF08B0498E762
S315080088704545E3D993E76FF0850492E70044400441
S315080088802DE9F047C4B00C4607460021154601A855
S3150800889020229A464C9EDDF83891DDF8408128F072
S315080088A0E8FB2022002109A828F0E3FB202200216A
S315080088B011A828F0DEFB2822002119A828F0D9FBE8
S315080088C00021802224A8239128F0D3FB3CB135B19E
S315080088D02EB1B9F1000F02D0B8F1000F05D16FF033
S315080088E08604204644B0BDE8F0872188628801F4F2
S315080088F0E043B3F5804FF2D02C4B2D483B4043F074
S315080089001063834202D06FF08504EAE7D31DBAEB01
S31508008910D30F4FEAD307E2D34F9B9F423FD847F284
S3150800892012139942EFD1B2F5807FECD1214B4D98C5
S31508008930099384230230013620F0030016937B0046
S315080089400D960E90129320465246294623AE01AB49
S31508008950159600F065F904460028C2D10B9B1190C4
S3150800896043F4005319A80B9336F07BFBD0B911AB2F
S3150800897009AA01A919A801F0AFFD054610B14828B2
S31508008980ADD1C0E73A463146484628F07DFB2B462E
S3150800899073550135842DFBD1C8F80070A1E76FF037
S315080089A089049EE76FF092049BE700BF0000FFF67C
S315080089B000000209200000802DE9F0410D4614460A
S315080089C01E46C4B010B96FF086000DE00029FAD033
S315080089D0002AF8D0002BF6D0038803F44F42B2F5EC
S315080089E0824F04D06FF0850044B0BDE8F081DAB25A
S315080089F0122AF7D123F0FF03B3F5E24F27D14388B4
S31508008A003360FBB9E3003360B3F5807FEAD1002316
S31508008A10184642492E19214411F8014D16F8012D20
S31508008A201043121B0CBF4FF0FF340024B54203EA73
S31508008A30040343EA0203EFD10028C4D0002BC2DAAC
S31508008A400020D1E7DA1DB4EBD20FDDD0BBE7B3F5D2
S31508008A50824F60D10B78042BB5D12822002118A8A3
S31508008A6028F007FB18A836F0FCFA002850D1002792
S31508008A708422394623A8229728F0FBFA01232022CC
S31508008A80394668468DF8883028F0F3FA20224FF0E8
S31508008A908808013C3946013505940DEB0200E400CF
S31508008AA00495640828F0E5FA22AD2022394610A874
S31508008AB00C95CDF8348028F0DCFAE02CCDE9145872
S31508008AC0346003D0B4F5807F7FF47DAF144B073450
S31508008AD0009308934FF4005302934FF48043E4083D
S31508008AE06A460A93640010AB08A918A8119401F005
S31508008AF0F3FC33680733DB085A0033B10021531EF1
S31508008B00013B297005F10105FAD2002898D05AE7E9
S31508008B106FF0920068E76FF0960065E76C1404083A
S31508008B2020000080F8B5134642880C460732072A0B
S31508008B304FEAD20101D0A1426DD1D0E9016705887B
S31508008B4020221846002128F094FA360A034626B150
S31508008B50012E11D06FF08B00F8BD002C5BD041F2CE
S31508008B600102954205D0B5F5885F02D0B5F5905F4C
S31508008B701BD15C600020EFE7C660002C4BD041F2A9
S31508008B80010295420BD15C60B90707F001021FD4B8
S31508008B90002AEFD19A6842F080729A60EAE7B5F542
S31508008BA0885FF0D0B5F5905FEDD0B5F5105F0AD1C6
S31508008BB0182C03D0202C01D0102C2CD1C3E900444A
S31508008BC0002ED7D0E0E705F44F42B2F5824F02D027
S31508008BD06FF08500C0E7EAB2122AF9D1202CF7D146
S31508008BE00E4A25F0FF05B5F5E24F1A600CD0B5F52B
S31508008BF0824F10D14FF4005217F4705F09D017F462
S31508008C00864F04D09A60E3E74FF48042F4E742F4D3
S31508008C1080629A60D4E76FF086009DE720000080A6
S31508008C202DE9F041174600221C4643688CB01B0A02
S31508008C3080460D46009204D0012B56D06FF08B006B
S31508008C408EE0008820F0FF03B3F5824F15D1B8F8FF
S31508008C5002200732D208009226F0CAFB002800F04C
S31508008C60E1800B78042B05D1013FB7EB420F05F1E4
S31508008C70010503D06FF0860072E00097009E224639
S31508008C8031464046FFF74EFF002869D1FA1CC4E971
S31508008C90030522F003026261002E00F0A480202260
S31508008CA0002101A828F0E5F93146404601AAFFF758
S31508008CB039FF002840F097802168019D039A8D426C
S31508008CC0A36840F090806168029D8D4240F08B80D9
S31508008CD09A4240F08880A369079A9A4240F08380B6
S31508008CE0E369089A9A423BD07DE0032FC2D90B78F4
S31508008CF0012B40F09A80497800294BD0F73908298A
S31508008D009CD801A353F821F0718D00082D8D000819
S31508008D103D8C0008678D00083D8C00088B8D000887
S31508008D203D8C00087B8D0008838D00084FF4105693
S31508008D30F8253F4F1C22002102A828F09AF90323A0
S31508008D400197CDE90435039601AA09AD134603CB6D
S31508008D50AB42206061601A4604F10804F6D100208F
S31508008D600CB0BDE8F08110274FF08076FA25E1E7D0
S31508008D7020274FF00076F725DCE7FE252C4F2D4EF1
S31508008D80D8E7FF252A4F2C4ED4E74FF41056FC257A
S31508008D90274FCFE72B2F7FF66DAF2022204628F0EE
S31508008DA068F905F110032361AB070DD001AB05F196
S31508008DB028061A4628686968083503C2B542134664
S31508008DC0F7D1286801AD10606B68103F2360AB6867
S31508008DD069466360EB682046A36001236761E36028
S31508008DE027F064FD28B120220021204628F041F909
S31508008DF040E7B8F80030009E03F44F42B2F5824FC0
S31508008E000ED1DAB2122A0BD123F0FF03B3F5824F43
S31508008E1006D1730062691C339A42BFF43DAFE2E79C
S31508008E203346F7E76FF085009AE76FF0910097E70A
S31508008E302000008000440002004400032DE9F04FA2
S31508008E4091B0DDF8688081460C4692469B461C9F89
S31508008E50B8F1000F05D16FF08604204611B0BDE8C1
S31508008E60F08F002FF7D00028F5D02822002106A879
S31508008E7028F0FFF806A836F0F4F810B16FF092045F
S31508008E80EBE714F47C1FC4F305452AD0102DE2D86D
S31508008E901B9B9D422ED81A4B24F47E149C422CD13F
S31508008EA0002302AECDE90233CDE9043352465B46D0
S31508008EB04946009606A801F0A1F8044698B92A463C
S31508008EC03146404628F0E0F8234633550134102C45
S31508008ED0FBD100243D6006A827F0E3FC0028BCD09F
S31508008EE0CCE71025D4E7212814BF6FF092046FF061
S31508008EF08604F0E76FF08904AFE76FF08504ACE706
S31508008F000002C00370B50E461446054610B96FF048
S31508008F10860070BD0029FAD03822002128F0A9F869
S31508008F20094B24F47E129A420AD13388B3F5105FAE
S31508008F3006D1C4F30543102BE9D800202C60E8E7D6
S31508008F406FF08500E5E700BF0002C003F0B50E46E6
S31508008F5017461C4605468DB0002834D04AB9002B62
S31508008F6031D1002914BF00246FF0860420460DB0C5
S31508008F70F0BD41B3002BF9D02822002102A828F021
S31508008F8078F802A836F06DF810B16FF09204EDE7A4
S31508008F902B68104A23F47E13934217D100943B465C
S31508008FA0324602A9281D01F03BF9044628B12128BA
S31508008FB014BF6FF092046FF0860402A827F071FCC4
S31508008FC00028D3D0E1E76FF08604CFE76FF0880476
S31508008FD0CCE700BF0002C0032DE9F0438FB08946F5
S31508008FE090461D460446169F00284ED0002A4CD0AF
S31508008FF0002B4AD0002F48D0002946D0282200212D
S3150800900004A828F036F804A836F02BF8064628B146
S315080090106FF0920420460FB0BDE8F0832368102D48
S3150800902028BF102513F47C1FC3F3054202D09542CE
S3150800903028BF1546184A23F47E13934228D12822BE
S31508009040002104A828F015F80023201DCDE90033D7
S31508009050CDE902334A466B4604A901F03DF80446B9
S3150800906060B1212814BF6FF092046FF086043E6049
S3150800907004A827F016FC0028CCD0C9E72A4669467A
S31508009080404628F001F82E46F1E76FF08604C1E75E
S315080090906FF08804BEE700BF0002C0032DE9F04167
S315080090A00E4617469846044600B3F9B1F2B198221F
S315080090B0002127F0DEFF3146069A04F16000FFF72B
S315080090C021FF0546A0B92346424639463046FFF7F2
S315080090D0A7FD054660B97288D208A2F110011029C9
S315080090E0E26503D80A4BCB40DB0704D46FF086054C
S315080090F02846BDE8F08163691C329342F6D304F131
S3150800910020031846216927F0BFFF2061F0E700BF5A
S31508009110010101000023C36001F138030361202324
S315080091200A6843618B6D0B4922F47E128A424360BA
S3150800913003D001F580718A4208D1102B01D0182B73
S3150800914002D1036000207047202BFAD06FF0880008
S31508009150704700BF0001C00310B50A46044619B19E
S31508009160024B00211B68984710BD00BFF8840020F9
S315080091700E4B0340B3F1607F06D1B1F5885F14BF8B
S315080091806FF0860000207047B3F1707F0BD101F4B1
S31508009190E043B3F5005F06D111F4E06F0CBF6FF042
S315080091A08600002070476FF0860070470000C07F79
S315080091B08A42F8B507460C4600F019818F4922F411
S315080091C0FF7323F001038B420ED08D4B22F0FF0173
S315080091D0994209D08B4822F47F7323F00303834214
S315080091E002D0894B994228D1884B24F0FF01994235
S315080091F00FD114F0FF000BD0854B40F00070984259
S3150800920040F0F78082EA0400FF288CBF0020012086
S31508009210F8BD7B4B9942ECD0A3F588539942E8D028
S3150800922024F4FF7323F00103B3F1062FE1D0764847
S315080092308142DED073498B42DBD004F0FE43B3F1A2
S31508009240A06F14D102F0FE43B3F1A06F40F0D180B5
S3150800925082EA040333F47E1340F0CB8014F4004012
S31508009260D6D0C4F30540C2F305429042CDE7B3F128
S31508009270407F40F0A88002F0FE43B3F1407F40F003
S31508009280B88082EA040535F47E1540F0B280394686
S315080092902046FFF76DFF002840F0AB805D4B12F4C7
S315080092A07C1603EA020319D0B3F1607FC2F30546C0
S315080092B079D15949D3B243F000738B4277D003F181
S315080092C07E43043B0F2B5CD8DFE803F05A5A5B71E8
S315080092D06567696B65675B5B6567696BB3F1607F3B
S315080092E034D14D49D3B243F000738B4244D003F1D5
S315080092F07E43043B0F2BDCD801A151F823F000BFB5
S315080093007D9300087D930008B392000879930008BE
S31508009310F79300084193000845930008499300080D
S31508009320F793000841930008B3920008B392000827
S31508009330F7930008419300084593000849930008ED
S315080093402026B6E73026B4E74026B2E7B3F1707FA9
S3150800935017D107F4E043B3F5005F03D10126C7F33D
S3150800936002239E4007F4E043B3F5005F09D10125C7
S31508009370C7F302218D4004E010269AE7142698E7E1
S31508009380142514F47C1FC4F3054312D1B54214BF47
S31508009390002001203CE71C25F3E72025F1E73025CE
S315080093A0EFE74025EDE7B3F1707FEAD1DAE710255C
S315080093B0E7E712F47C1F01D1AB4218D022047FF5EF
S315080093C027AFB34221E7B3F1106F12D124F01F6023
S315080093D020F4702068B902F0FE43B3F1106F7FF4F1
S315080093E017AF0E48104040F01060A042CFE70120AA
S315080093F00EE700200CE71C265BE700BF000200060C
S315080094000013000600040006000900060003000613
S31508009410FF0000020000C07F030000020000FFF604
S3150800942037B50D4D0C466B78022B12D12B78072BCE
S315080094300FD100230A460193014601AB281D25F0EA
S31508009440AFFF20B9019BA34218BF6FF0930003B08A
S3150800945030BD6FF08800FAE7283E00202DE9F84372
S31508009460884617461C4600F09FFC054688BBD8F878
S315080094700060B6F8009009F4E043B3F5804FB3688E
S3150800948008BF27F0010737EA03031AD10CB3254BA7
S3150800949024F0FF029A421FD114F0FF0304D0224A97
S315080094A043F00073934232D022464846F168FFF7EC
S315080094B07FFE074668B9224648463169FFF778FEB7
S315080094C070BB6FF0840500233046C8F8003027F0DB
S315080094D011F92846BDE8F883144B9A42DCD0A3F567
S315080094E088539A42D8D024F4FF7323F00103B3F1CA
S315080094F0062FD1D00E498A42CED00E4A9342CBD0FF
S3150800950004F0FE43B3F1407F04D12304CCD56FF0B9
S315080095108605D8E7B3F1A06FF7D0034B9C42C2E7A4
S315080095203D46D6E700030006FF00000200130006CA
S31508009530000900060004000600F0FE43B3F1407F70
S3150800954070B504460E4619D1FFF712FE00285ED103
S3150800955014F47C1F15D0C4F30543032B137054D998
S31508009560554D2540B5F1607F40F09380534AE4B2EB
S3150800957044F00074944256D1102B48D96FF08600F7
S3150800958045E04D4B2340B3F1607F39D14B4BE4B2F4
S3150800959044F000749C4202D11023137037E004F1A2
S315080095A07E44043C0F2C2ED801A353F824F000BFA8
S315080095B0F1950008F19500080796000899950008A6
S315080095C0B5960008F5950008F9950008FD95000878
S315080095D0B5960008F595000807960008079600084E
S315080095E0B5960008F5950008F9950008FD95000858
S315080095F01423D2E7202307E0302305E0402303E0C5
S31508009600B3F1707F04D0002313706FF0850070BD2E
S3150800961001F4E043B3F5005FF5D10123C1F302215C
S315080096208B40DBB299E704F17E44043C0F2CA5D8A5
S3150800963001A252F824F000BF879600088796000812
S315080096407D95000879950008B19600087996000876
S315080096508B9600088F960008B19600087996000840
S315080096607D9500087D950008B19600087996000852
S315080096708B9600088F96000820218B423FF67EAF16
S31508009680142BC4D9C1E7142B77E73021F5E740211D
S31508009690F3E7B5F1707F7FF471AF06F4E042B2F5F7
S315080096A0005F7FF46BAF0121C6F302229140E4E725
S315080096B01C21E2E71C23A7E70000C07F0300000285
S315080096C02DE9F04F9B46002389B08DF81B30159B7A
S315080096D09246DDE91278002B89460B460CBF4FF4FB
S315080096E000624FF4806207A9149EFFF7B7FE04468E
S315080096F028BB079D484629880DF11B02FFF71CFF6A
S315080097000446E0B99DF81B00404542D8D5E9081241
S315080097106B681B0A012B31D0214CA34212D0002BB7
S315080097203AD1CDE903064B462846CDE901B7CDF82F
S3150800973000A026F096F910F1860F04460DD1C6F85A
S3150800974000800CE0CDE903064B462846CDE901B773
S31508009750CDF800A026F085F90446002CEFD1424644
S3150800976021463846336826F093FA079826F0C2FF52
S31508009770002C18BF204609B0BDE8F08FCDE90306D6
S315080097804B462846CDE901B7CDF800A026F00EF9DC
S31508009790E2E76FF08904D2E76FF08604CFE700BFEF
S315080097A0020080002DE9F04F446885B0240A012C98
S315080097B08046DDE90E56894692469B46109F20D084
S315080097C0DFF858C0644514D01CBBCDE90167009585
S315080097D026F0C9F810F1860F1DD15B465246494658
S315080097E04046CDE90F670E9505B0BDE8F04F26F067
S315080097F012BBCDE90F670E9505B0BDE8F04F26F010
S31508009800B2B8CDE90F670E9505B0BDE8F04F25F063
S315080098105BBF6FF0860005B0BDE8F08F02008000E0
S315080098202DE9F0411F46002388B0064688461546AE
S31508009830CDE9043307923B60002A63D0B2F1005F9A
S3150800984063D205AA04A926F046FA044698B9049BE9
S315080098505A6AB2B104982A4643884146069306AB2B
S31508009860029300F124030193436A0093036AFFF706
S3150800987099FF044618B30498002839D026F007FB48
S3150800988036E073681B0A10D0012B06D020498B429C
S3150800989013D007926FF08604EDE7304607A90795BF
S315080098A026F001FE04460028E5D10799049826F01B
S315080098B08FFA04460028CDD0DDE70795F5E704982A
S315080098C0069B4288C2B943804FF6F872934216D86F
S315080098D0338813B102889A42DCD1738813B142885F
S315080098E09A42D7D1394626F0DDF904460028C2D176
S315080098F0204608B0BDE8F0819A42CBD1E4E76FF084
S315080099008504B8E76FF08604F2E76FF08504EFE7A1
S31508009910020080002DE9F043994600230C460168B1
S3150800992085B0054617460393002957D100F1080864
S315080099309822404627F09DFBB9F1000F20463B468A
S3150800994014BF4FF480624FF4006203A9FFF786FD47
S315080099500446002844D1039E384631882A1DFFF75D
S31508009960EBFD044600283BD16B7969F300036B7164
S315080099707168D6E90823090AB9F1000F1CD0012934
S3150800998011D01E48814200D0A1BB314640460097FF
S3150800999026F0A0F8044618BB042303982B6026F08B
S315080099A0A9FE044622E0314640460097FFF776FBBB
S315080099B00446A8B90523F0E7012909D00F488142D2
S315080099C000D0B9B931464046009726F0CBF8E1E712
S315080099D031464046009726F00EF8E9E76FF088040E
S315080099E0284626F066FB039826F084FE204605B036
S315080099F0BDE8F0836FF08604F2E700BF020080003E
S31508009A002DE9F04F9B460023924601F0FE428FB0A7
S31508009A10B2F1806F0E46DDE918891A9F099305D0C1
S31508009A20184626F067FE6FF086052EE00B464FF4C3
S31508009A30807209A9FFF712FD0546099815B126F0A7
S31508009A4059FE22E0038803F4E042B2F5005F1ED116
S31508009A5013F4E06FC3F3022119D0474C26F4807241
S31508009A60A2420AD004F50074A64206D0434CA64288
S31508009A7003D0A4F53F44A24209D101248C40102CFE
S31508009A8010D926F037FE6FF08305002462E042F213
S31508009A900402934202D13A4B9E420AD0394B9E4267
S31508009AA011D10D24A14506D226F024FE6FF08905B2
S31508009AB0EBE70C24F6E721460AA8FFF7B1FC0546B2
S31508009AC010B10998BBE700240998D0E90812B8F143
S31508009AD0000F21D008EB040C4568A9EB04032D0AF6
S31508009AE0012D3CD0DFF8A0E0754517D0002D98D1A0
S31508009AF0CDE905370AAB0093CDE903BC3346CDE97A
S31508009B00014A25F0ACFF10F1860F064612D10998D6
S31508009B1026F0F0FD3546B8E7C446DDE7CDE905375A
S31508009B200AAB0093CDE903BC3346CDE9014A25F0DB
S31508009B3096FF0646099826F0DDFD0546002EE9D172
S31508009B400028A2D124B1224640460AA927F09CFA49
S31508009B503B681C4428463C600FB0BDE8F08FCDE951
S31508009B6005370AAB0093CDE903BC3346CDE9014A74
S31508009B7025F01AFFDDE700BF0010C00400FF40040F
S31508009B80000180040013C00402008000002307B50A
S31508009B901A460091024926F09FFB03B05DF804FBC4
S31508009BA08C14040810B5114C2378580744BF23F0C9
S31508009BB0040323702378990705D500F09BF82378CA
S31508009BC023F00203237063781BB10023084A6360FD
S31508009BD053600023082106486370FFF7BDFA23780F
S31508009BE0DA0744BF23F00103237010BD283E002086
S31508009BF02C3E002038B51E4C62782378022A01D103
S31508009C00072B11D0DD0712D52378980707D400F063
S31508009C1069F82378054643F00203237078B9627819
S31508009C202378CAB15A071FD50025284638BD25F01E
S31508009C30ACFB054630B1237843F001032370FFF7E8
S31508009C40B1FFF2E725F0AAFB2378054643F00103A6
S31508009C5023700028F3D1D7E7D907E3D50549626011
S31508009C604A6002226270DDE743F004032370DBE7F3
S31508009C70283E00202C3E002000F14043032B70B5FF
S31508009C8005460E460CD82822154C02FB0344237EB3
S31508009C90022B02D16369834218D06FF08B001AE059
S31508009CA0012126F001FDB8B10D4B00221C46197E94
S31508009CB0022902D15969A94205D00132042A03F1C1
S31508009CC02803F4D1E9E7282303FB0244204626F0BB
S31508009CD0DEFC00B9346070BD6FF08700FBE700BF9B
S31508009CE0343E00200122024B002083F8A020704752
S31508009CF0343E00202DE9F0410A4C002526464FF057
S31508009D00010803272046C4F81C802776013526F06B
S31508009D10BEF8042D04F12804F4D1002386F8A030F7
S31508009D20BDE8F081343E0020F8B51E4D064695F88C
S31508009D30A0300F4683B300242B462246197ED1B1A4
S31508009D403CB9022905D1D96919B91979002918BF69
S31508009D501C460132042A03F12803EFD114B96FF027
S31508009D608C0006E0204626F092FC204626F08FF866
S31508009D7010B100240EE01C46237E83B90123237606
S31508009D803EB1651BED1003F1CC335D4305F180450B
S31508009D90356000203C60F8BD6FF08800E9E76FF099
S31508009DA09600E6E7343E0020F7B500262C4B0E60F9
S31508009DB093F8A03007460D46002B4ED0FFF75CFF00
S31508009DC010F18C0F044645D129463046FFF7ACFF03
S31508009DD0044600283ED101232E68CDE900006946D5
S31508009DE030467761736001AA26F007FD044670B114
S31508009DF0DDE9000126F0FFFC286826F048F814F192
S31508009E008C0F08BF6FF0870400232B6022E0DDE982
S31508009E100012304625F0EFFF0446DDE9000126F082
S31508009E20EAFC002CE8D128688368D90444BF43F4C7
S31508009E308063836083689A0444BF43F40063836045
S31508009E40037E012B04BF0223037626F020FC04467A
S31508009E500028D9D1204603B0F0BD6FF08804F9E791
S31508009E60343E002030B40D4D2C681C606C685C6074
S31508009E7000249C605468DC6014881C8254885C82C8
S31508009E8094685C61D4689C61126930BCDA611962B5
S31508009E900A46014603F1240027F0F6B89014040890
S31508009EA02DE9F843232904460F4691469846089E0D
S31508009EB004D86FF098052846BDE8F88308221949A2
S31508009EC027F0ADF805460028F3D1A368002BF0D19A
S31508009ED0216A243F8F42C8F80010EAD3B1F5005F23
S31508009EE0E7D271B9C9F80000E3687360238A338042
S31508009EF0638A73806369B360A369F360E369336156
S31508009F00D9E7012025F0BFF8C9F8000030B1D8F824
S31508009F10002004F1240127F0B7F8E5E76FF08C0577
S31508009F20C9E700BF901404082DE9F04393B08946A9
S31508009F30DDE91A871D460446002858D0002956D060
S31508009F40B8F1000F53D0002F51D013F00F034ED1A4
S31508009F50284829490FAE002A08BF0146A360C4E96C
S31508009F60001348463146236226F05FFD00283BD1A0
S31508009F7020460F9935F07FF82946204635F07BF8BC
S31508009F806946484600F04CFB70BB6946204626F0F9
S31508009F9062FF484603A926F02FFE28BB204603A9E0
S31508009FA026F059FFCDF830804FF0010845F00055EE
S31508009FB0CDF8348006AB0E950CAA07CA83E80700CD
S31508009FC01946204626F047FF0F9709ABCDF8408083
S31508009FD0119596E8070083E807002046194635F0EC
S31508009FE070F8204634F0B4FD13B0BDE8F0832120A4
S31508009FF0FAE700BF00010004000101042DE9F0435F
S3150800A00093B0894617461D460446DDF86880002841
S3150800A01059D0002957D0002A55D0B8F1000F52D090
S3150800A0200B68103B102B4ED8284A22FA03F3D9079F
S3150800A03049D50023264A0FAEC0E900238360036290
S3150800A0403146484626F0F1FC002839D120460F99BA
S3150800A05035F011F82946204635F00DF86946484688
S3150800A06000F0DEFA60BB6946204626F0F4FE484654
S3150800A07003A926F0C1FD18BB204603A926F0EBFE6E
S3150800A0800C97012745F000550D9706AB0E950CAABF
S3150800A09007CA83E807001946204626F0DCFE0D4B62
S3150800A0A0CDF83C801097119309AB96E8070083E832
S3150800A0B007002046194635F004F8204634F048FDD6
S3150800A0C013B0BDE8F0832120FAE700BF01010100C3
S3150800A0D000000404100000202DE9F0410C46164645
S3150800A0E01F460546A0B0002800F09480002900F01D
S3150800A0F09180002A00F08E80002B00F08B80036B85
S3150800A1000F2B75D80023444A0DF174084146304692
S3150800A110C4E90023A360236226F087FC002874D1D3
S3150800A12020461D9934F0A7FF296B20460F2984BFC6
S3150800A13001F00F01103134F09EFF304602A900F0FD
S3150800A1406FFA002861D1204602A926F084FE30461F
S3150800A15005A926F051FD002857D1204605A926F065
S3150800A1607AFE01232D4AD5F830C0149508AE15930A
S3150800A170169214AA07CA86E807000CF00F0205F122
S3150800A180100E42F00052CDF85CE00BAD1893199210
S3150800A19017AA07CA85E80700CDF868E01B934CF0B4
S3150800A1A000531C931AAA0EABBCF10F0F07CA83E81B
S3150800A1B007002DD90A9B314623F0005320460A93FF
S3150800A1C026F049FE2946204626F045FE01231D971E
S3150800A1D01E93124B1F9311AB98E8070083E80700FC
S3150800A1E02046194634F06DFF204634F0B1FC0CE0E9
S3150800A1F000F12003019000930122102331462046E6
S3150800A200FFF792FE00283FF47DAF20B0BDE8F0814D
S3150800A2101946D8E72120F8E70000040410000020BA
S3150800A2202DE9F04F0D46914698460646ADB00028F2
S3150800A23000F0D680002900F0D380002A00F0D080F4
S3150800A240002B00F0CD80026B369B02F00F07D31867
S3150800A2501B09B3EB121F00F0BB800023614A8B6019
S3150800A260C1E900230B62484629A926F0DEFB04460D
S3150800A270002840F0A980369B284607EB030B29994E
S3150800A2802BF00F0A34F0F7FE5146284634F0F3FE59
S3150800A290484602A900F0C4F90446002840F0948014
S3150800A2A0284602A926F0D7FD484605A926F0A4FCAB
S3150800A2B00446002840F088804FF00109284605A981
S3150800A2C026F0C9FD484B1A961AAACDF86C901C932D
S3150800A2D008AB07CA83E807001946284626F0BBFDDF
S3150800A2E006F1100347F00052AAEB07071D930DF17C
S3150800A2F02C0CCDF8789047F000571F921DAA07CA74
S3150800A3008CE80700CDF8808020AACDF884902297A3
S3150800A3100EAF07CA87E807000D9A614622F0005279
S3150800A320284601930D9226F096FD3946284626F0D2
S3150800A33092FDAAF1100242F0005223942A4BCDF85E
S3150800A340909011AF259223AA07CA87E8070006F15D
S3150800A3502002269214ACCDF89C9026AA289307CA08
S3150800A36084E80700139A394642F080421392139AFA
S3150800A370284622F00052139234F0A3FE21462846BE
S3150800A38034F09FFE184B299617ACCDF8A8902B935E
S3150800A39029AB93E8070084E807002146284634F0ED
S3150800A3A090FE284634F0D4FB369BAAEB0B011944E1
S3150800A3B0019B0446ABEB0A021846414426F064FEAC
S3150800A3C0336B369A1344336320462DB0BDE8F08FBD
S3150800A3D010304146369A384426F056FE0024EFE7F8
S3150800A3E02124F1E703020004100000202DE9F047BC
S3150800A3F04FF000088EB00E4617460446CDF8048086
S3150800A400002865D022B9002528460EB0BDE8F08799
S3150800A41000295DD032F0030902F0030A25D04FF077
S3150800A420E063C0E9003801230891099349F0005315
S3150800A4300A9308AA02ABC0F80880C0F8208007CAA9
S3150800A44083E807001946204634F03BFE4946204675
S3150800A45034F011FE204634F07BFB054628B14A4607
S3150800A4604146304626F005FECEE7BAF1000FCAD0BF
S3150800A4704FF000084FF0E063C4E9003801AB0B93D6
S3150800A48001230C93134B0EAA0D9305AB12E9070093
S3150800A490C4F8088083E80700C4F8208019462046D7
S3150800A4A034F00FFE0421204634F0E5FD204634F052
S3150800A4B04FFB054608B13A46D2E7019A4E44EB00EF
S3150800A4C0013522FA03F3AA4506F8013BF7D19AE7C4
S3150800A4D0212599E704000020F0B50F4616461D46CB
S3150800A4E0044693B010B9212013B0F0BD0029FAD064
S3150800A4F0002AF8D0002BF6D0002331461A463846F3
S3150800A50026F038FA0028EFD1304602A926F0CEF90F
S3150800A5100028E9D1EB68022B0AD039683F48029A2D
S3150800A52081426B6902D01830814270D19A42DAD8DA
S3150800A5302B68002BD7D14FF060623846C4E9002358
S3150800A540A360236201A926F070FA0028CCD10199EC
S3150800A550204621F4F061019134F08DFD69462846C4
S3150800A56026F063FA0028BFD12046009934F083FD0F
S3150800A570384609A900F054F80028B5D1204609A99B
S3150800A58026F069FC38460CA926F036FB0028ABD124
S3150800A59020460CA926F05FFCEB684BB1284606A9B5
S3150800A5A000F03EF800289FD1204606A926F053FC65
S3150800A5B0304603A926F020FB002895D1B368DA04B3
S3150800A5C00CD59B0427D50621F36932691B6801FB64
S3150800A5D003225B0043F0005303920593204603A928
S3150800A5E026F039FC28460FA926F006FB00287FF43A
S3150800A5F07BAF20460FA934F064FD0325204634F0CE
S3150800A600A7FA01287FF470AF013DF7D16CE7B3EBE9
S3150800A610420F8DD267E7292066E700BF200000B009
S3150800A62090B189B101234B60C368013B012B08D85F
S3150800A6308269064B1AB10A6000208B607047044A8B
S3150800A640F9E74FF00053F7E721207047080000208C
S3150800A65098140408F0B50F46154604468FB000282E
S3150800A66062D0002960D0002A5ED0012329461A4606
S3150800A670384626F07FF9002854D1BB6813F4C04F3A
S3150800A68052D0AB6803F4C043B3F5005F4CD1284BF6
S3150800A6900BAEC4E90030A06020623146384626F089
S3150800A6A0C4F900283ED120460B9934F0E4FC38461C
S3150800A6B002A9FFF7B5FF002834D1204626F0CBFBC8
S3150800A6C0384605A926F098FA60BB204605A926F063
S3150800A6D0C2FBEB6843BBAB6803F4C043B3F5005F4A
S3150800A6E022D1284601A926F00CF9D8B9019B6A6936
S3150800A6F09A421BD32A6943F000530B9201220C920B
S3150800A7000D9308AB96E8070083E80700194620462C
S3150800A71034F0D7FC0325204634F01AFA012801D173
S3150800A720013DF8D10FB0F0BD2120FBE71D20F9E768
S3150800A73000000102DFED097A08B520EE270A01F0CC
S3150800A740D9FEB0F5004F04DA10F5004F04DB00B26D
S3150800A75008BD47F6FF70FBE70148F9E700401C46CD
S3150800A7600080FFFF144A73B51268144982422CBF51
S3150800A770B2FBF0F201220A60114A03461278C2B10E
S3150800A780104C2078FF2814D04FF4C8660025B6FB75
S3150800A790F3F616F0A1FA009531462B463246207894
S3150800A7A016F06AFA2946207802B0BDE8704016F01D
S3150800A7B0CDBA02B070BD00BFFC8400200085002021
S3150800A7C092800020688800202DE9F04F2DED088B37
S3150800A7D093B01622002104A826F04BFC984B994EFC
S3150800A7E01B78994D994C002B00F0A080F7F732FEA4
S3150800A7F0002800F02381F7F70BFE6846F7F786FD79
S3150800A80002A8F7F7E1FD0AA8F7F7BAFD6422BDF832
S3150800A8100030DFED8FBA3380BDF802309FED8DBA78
S3150800A8207380BDF80430F6EE009AB380BDF908309F
S3150800A83093FBF2F32B80BDF90A3093FBF2F36B809E
S3150800A840BDF90C3093FBF2F3AB80BDF9283008EE66
S3150800A850103AB8EEC88A28EE2B8A28EE0B8A28EE1C
S3150800A860298AB0EE480A01F0ADFDB0EE409AB0EE86
S3150800A870480A01F0F3FDBDF92A30F0EE408A08EEE9
S3150800A880103AB8EEC88A28EE2B8A28EE0B8A28EEEC
S3150800A890298AB0EE480A01F095FDF0EE40AAB0EE1E
S3150800A8A0480A01F0DBFDBDF92C30B0EE40AA08EEEF
S3150800A8B0103AB8EEC88A28EE2B8A28EE0B8A28EEBC
S3150800A8C0298AB0EE480A01F07DFDF0EE409AB0EE16
S3150800A8D0480A01F0C3FD28EE8A7A69EE2A6A29EE4B
S3150800A8E0878A29EE0A9A68EEAA8A20EE07BA10EE37
S3150800A8F0268A20EE28AA20EE090A09EE89AA19EE68
S3150800A900A80A09EEA6BAFFF715FFB0EE4A0A208094
S3150800A910FFF710FFB0EE480A6080FFF70BFFB0EEB6
S3150800A9204B0AA080FFF706FF0A23E0808DF8243043
S3150800A930494BB6F90090B6F90280B6F904A0B5F904
S3150800A94000E0B5F902C0B5F90470B4F90060B4F9CD
S3150800A9500250B4F90410B4F906201B78ADF810902B
S3150800A960ADF81280ADF814A0ADF816E0ADF818C031
S3150800A970ADF81A70ADF81C60ADF81E50ADF8201091
S3150800A980ADF82220002B54D0344B1878FF2850D02D
S3150800A990334C344B8DF84310CDE90A4340F2491342
S3150800A9A0314CADF830302378C1F307218DF84520B6
S3150800A9B0C2F3072203F1010B8DF832308DF833907C
S3150800A9C08DF83580C9F30729C8F307288DF837A00D
S3150800A9D08DF839E0CAF3072ACEF3072E8DF83BC067
S3150800A9E08DF83D70CCF3072CC7F307278DF83F6029
S3150800A9F08DF84150C6F30726C5F307258DF8441090
S3150800AA008DF8462000211F220AAB84F800B08DF885
S3150800AA1034908DF836808DF838A08DF83AE08DF8A8
S3150800AA203CC08DF83E708DF840608DF8425016F0A7
S3150800AA3063F913B0BDEC088BBDE8F08F022375E708
S3150800AA4091800020F87F0020F27F0020D087002028
S3150800AA500AD7233C35FA8E3C92800020688800206D
S3150800AA600201061BFFFF024D9080002070B533F0EF
S3150800AA70BBFC002808BF4FF400401B4B0228186097
S3150800AA808ABF03230120B0FBF3F0184B184C18605B
S3150800AA902020F7F7D7FDF7F7C9FB164E054678B11C
S3150800AAA01549206823F06FFE22F0ECFD22F0EBFD3D
S3150800AAB02A461249206823F066FE0023337070BDCB
S3150800AAC09FED0F0AF7F7DCFB01230E492068337068
S3150800AAD023F059FE22F0D6FD22F0D5FD20680A495A
S3150800AAE0BDE8704023F04FBEFC840020008500209E
S3150800AAF0A833002091800020EFF40308A01404086E
S3150800AB000000484240F30308C314040808B5094B7B
S3150800AB101B786BB134F051F9074A0849136809687C
S3150800AB20C31A8B4204D3BDE808401060FFF74CBE39
S3150800AB3008BD00BF92800020D83E00200085002076
S3150800AB40F0B503689A4A23F47F4323F00703934238
S3150800AB5085B000F0048102F18072934200F05681BC
S3150800AB60944A934240F094814FF6E273C82103AAAF
S3150800AB70ADF80C306FF01D000DF10E038E4EADF8DA
S3150800AB800E1016F055F90020F5F73EFD304616F082
S3150800AB9059F88A4C054618B38949206823F0F3FD0D
S3150800ABA08849206823F0EFFD22F06CFD22F06BFD4A
S3150800ABB0854B864A009386494FF4ED73206823F047
S3150800ABC0E2FD84492B46844A206823F0DCFD2846AA
S3150800ABD0F7F702FE8149206823F0D5FD00BEFDE7A0
S3150800ABE00221307816F09EF8054618B37449206895
S3150800ABF023F0C9FD7349206823F0C5FD22F042FD04
S3150800AC0022F041FD704B714A0093714940F2DF13FF
S3150800AC10206823F0B8FD6F492B466F4A206823F059
S3150800AC20B2FD2846F7F7D8FD6C49206823F0ABFD3E
S3150800AC3000BEFDE74FF4C87200900346114630780F
S3150800AC4016F01AF8054618B35D49206823F09BFDEF
S3150800AC505C49206823F097FD22F014FD22F013FDCD
S3150800AC60594B5A4A00935A494FF4F673206823F011
S3150800AC708AFD58492B46584A206823F084FD284601
S3150800AC80F7F7AAFD5549206823F07DFD00BEFDE7CC
S3150800AC900221307816F05AF8054618B34849206854
S3150800ACA023F071FD4749206823F06DFD22F0EAFC88
S3150800ACB022F0E9FC444B454A0093454940F2F1131A
S3150800ACC0206823F060FD43492B46434A206823F059
S3150800ACD05AFD2846F7F780FD4049206823F053FDC2
S3150800ACE000BEFDE73E4E304615F0ACFF054630B3D4
S3150800ACF0FF233C492068337023F045FD22F0C2FC4F
S3150800AD0022F0C1FC2A463849206823F03CFD01227E
S3150800AD10364B1A7034F051F8354B1860FFF754FD6E
S3150800AD203449206823F02FFD22F0ACFC22F0ABFC5E
S3150800AD303149206805B0BDE8F04023F024BD3078DD
S3150800AD4015F0BAFF40F21522009511462B463078C9
S3150800AD5015F092FF2946307815F0F8FFD7E7274D0A
S3150800AD60077B2B783846013325492B70F6F780FC8C
S3150800AD70044670B1114E1B49306823F004FD22F0D9
S3150800AD8081FC22F080FC23463A461E49306823F0AF
S3150800AD90FAFC2B78012B7BD14FF6FF721A4B1A80DF
S3150800ADA0F6F7C8FE0A2005B0BDE8F040FFF7DABCA2
S3150800ADB0A0000600A000010069880020A833002032
S3150800ADC087F303080BF60308B5150408E614040808
S3150800ADD0A2F60308B1F60308AEF60308C6F603089A
S3150800ADE068880020EFF403083415040892800020D0
S3150800ADF0D83E002040F303085D1504089380002020
S3150800AE00668800208B150408F07F00208479204688
S3150800AE1021F0FEFE10B12046F6F7E8FC1D4A13782D
S3150800AE20013BDBB21370002B32D11B4B0221187881
S3150800AE3015F08CFF054620B3184C1949206823F0F5
S3150800AE40A2FC1849206823F09EFC22F01BFC22F085
S3150800AE501AFC154B154A0093154940F23D23206804
S3150800AE6023F091FC13492B46134A206823F08BFCE8
S3150800AE702846F7F7B1FC1149206823F084FC00BE88
S3150800AE80FDE720220E4B1A80F6F754FE03208AE7C8
S3150800AE9005B0F0BD9380002069880020A833002003
S3150800AEA087F303080BF60308B5150408E614040827
S3150800AEB0A2F60308B1F60308AEF60308C6F60308B9
S3150800AEC0F07F002000B5C3B016F04CF9094802F02F
S3150800AED0C5FB60B125F0DDFF48B14FF48271054826
S3150800AEE001AA26F0B5FB10B901A825F0BEFF43B0AC
S3150800AEF05DF804FB5C740020064B1B681A7A022A6C
S3150800AF0004D812B11B68044A13607047032AF9D0A3
S3150800AF10704700BF04850020DC3E002070B51F4D39
S3150800AF20A2B00BAC0FCD0FC495E80F0084E80F0054
S3150800AF3000244FF47023CDE902440494019313AD21
S3150800AF4001AE0FCE0FC5164BCDE9074409942B6009
S3150800AF50144B18AD069306AE0FCE0FC52022124B22
S3150800AF6013A92B60114B12481D93124B2094CDE95F
S3150800AF701E23114B0BAA2193104BFCF765F80446C8
S3150800AF809DF87F304FF4E130002B0CBF03210021E0
S3150800AF9022F06EFC204622B070BD00BFB819040826
S3150800AFA03C00015B01000F004400015B9480002017
S3150800AFB09C3F00200001010018850020E03E00208B
S3150800AFC029B9074B186803684BB1FCF771BC01290E
S3150800AFD005D1034B186803680BB123F0CFBD704742
S3150800AFE02C85002008B504490448FCF7D9FDBDE8BE
S3150800AFF00840FFF793BF00BF30850020C43F0020FC
S3150800B000014823F0EEBB00BF9C3F0020014B5A6A63
S3150800B010186810479C3F002030B503687E4A23F421
S3150800B0207F4323F00703934289B040F0F38006225A
S3150800B03000211620794B10F021FA044618B3784DF2
S3150800B0407849286823F09FFB7749286823F09BFBFB
S3150800B05022F018FB22F017FB744B754A00937549CA
S3150800B0606C23286823F08FFB73492346734A2868A4
S3150800B07023F089FB2046F7F7AFFB7149286823F0D0
S3150800B08082FB00BEFDE70146082212206D4B10F038
S3150800B090F5F9044618B3624D6249286823F073FB34
S3150800B0A06149286823F06FFB22F0ECFA22F0EBFAEC
S3150800B0B05E4B5F4A00935F497823286823F063FB59
S3150800B0C05D4923465D4A286823F05DFB2046F7F76D
S3150800B0D083FB5B49286823F056FB00BEFDE7014663
S3150800B0E003221420584B10F0C9F9054618B34C4CE6
S3150800B0F04C49206823F047FB4B49206823F043FB63
S3150800B10022F0C0FA22F0BFFA484B494A009349494F
S3150800B1108623206823F037FB47492B46474A206891
S3150800B12023F031FB2846F7F757FB4549206823F0FB
S3150800B1302AFB00BEFDE70DF10F0104A815F058FE25
S3150800B140044618B3364D3749286823F01CFB3649A0
S3150800B150286823F018FB22F095FA22F094FA334B6C
S3150800B160334A009333499523286823F00CFB324968
S3150800B1702346324A286823F006FB2046F7F72CFBBD
S3150800B1802F49286823F0FFFA00BEFDE7BDF8143002
S3150800B19001465BBAADF818309DF8133008228DF8D1
S3150800B1A01A30FF238DF81B30FE238DF81C309DF8CE
S3150800B1B0123018208DF81D30BDF810305BBAADF886
S3150800B1C01E3006AB10F05AF9054618B3144C15494B
S3150800B1D0206823F0D8FA1449206823F0D4FA22F01C
S3150800B1E051FA22F050FA114B114A00931149A5233E
S3150800B1F0206823F0C8FA10492B46104A206823F025
S3150800B200C2FA2846F7F7E8FA0D49206823F0BBFA90
S3150800B21000BEFDE709B030BDA00001008E1A040883
S3150800B220A833002087F303080BF603084E1A040810
S3150800B230D8190408A2F60308B1F60308AEF60308FF
S3150800B240C6F60308861A0408831A040881F0004122
S3150800B25002E000BF83F0004330B54FEA41044FEAED
S3150800B260430594EA050F08BF90EA020F1FBF54EA88
S3150800B270000C55EA020C7FEA645C7FEA655C00F024
S3150800B280E2804FEA5454D4EB5555B8BF6D420CDDF5
S3150800B2902C4480EA020281EA030382EA000083EA78
S3150800B2A0010180EA020281EA0303362D88BF30BD18
S3150800B2B011F0004F4FEA01314FF4801C4CEA11316E
S3150800B2C002D0404261EB410113F0004F4FEA0333CD
S3150800B2D04CEA133302D0524263EB430394EA050F58
S3150800B2E000F0A780A4F10104D5F1200E0DDB02FAC7
S3150800B2F00EFC22FA05F2801841F1000103FA0EF25B
S3150800B300801843FA05F359410EE0A5F120050EF120
S3150800B310200E012A03FA0EFC28BF4CF0020C43FA51
S3150800B32005F3C01851EBE37101F0004507D54FF05E
S3150800B330000EDCF1000C7EEB00006EEB0101B1F5AE
S3150800B340801F1BD3B1F5001F0CD349085FEA3000F4
S3150800B3504FEA3C0C04F101044FEA445212F5800FFF
S3150800B36080F09A80BCF1004F08BF5FEA500C50F19C
S3150800B370000041EB045141EA050130BD5FEA4C0C7F
S3150800B380404141EB0101013C28BFB1F5801FE9D2DC
S3150800B39091F0000F04BF01460020B1FA81F308BFFF
S3150800B3A02033A3F10B03B3F120020CDA0C3208DDCB
S3150800B3B002F1140CC2F10C0201FA0CF021FA02F1A6
S3150800B3C00CE002F11402D8BFC2F1200C01FA02F116
S3150800B3D020FA0CFCDCBF41EA0C019040E41AA2BF3B
S3150800B3E001EB0451294330BD6FEA04041F3C1CDA03
S3150800B3F00C340EDC04F11404C4F1200220FA04F023
S3150800B40001FA02F340EA030021FA04F345EA0301CC
S3150800B41030BDC4F10C04C4F1200220FA02F001FA8E
S3150800B42004F340EA0300294630BD21FA04F0294610
S3150800B43030BD94F0000F83F4801306BF81F48011A9
S3150800B4400134013D4EE77FEA645C18BF7FEA655C1C
S3150800B45029D094EA050F08BF90EA020F05D054EAEE
S3150800B460000C04BF1946104630BD91EA030F1EBFF3
S3150800B4700021002030BD5FEA545C05D140004941F7
S3150800B48028BF41F0004130BD14F580043CBF01F5EA
S3150800B490801130BD01F0004545F0FE4141F47001D0
S3150800B4A04FF0000030BD7FEA645C1ABF19461046AB
S3150800B4B07FEA655C1CBF0B46024650EA013406BFAC
S3150800B4C052EA033591EA030F41F4002130BD00BF6B
S3150800B4D090F0000F04BF0021704730B54FF4806428
S3150800B4E004F132044FF000054FF0000150E700BFA9
S3150800B4F090F0000F04BF0021704730B54FF4806408
S3150800B50004F1320410F0004548BF40424FF00001F4
S3150800B5103EE700BF42004FEAE2014FEA31014FEA37
S3150800B52002701FBF12F07F4393F07F4F81F0605186
S3150800B530704732F07F4208BF704793F07F4F04BFD1
S3150800B54041F40021704730B54FF4607401F00045AE
S3150800B55021F000411CE700BF50EA010208BF70470E
S3150800B56030B54FF000050AE050EA010208BF7047FF
S3150800B57030B511F0004502D5404261EB41014FF468
S3150800B580806404F132045FEA915C3FF4D8AE4FF070
S3150800B59003025FEADC0C18BF03325FEADC0C18BF53
S3150800B5A0033202EBDC02C2F1200300FA03FC20FAA4
S3150800B5B002F001FA03FE40EA0E0021FA02F11444F1
S3150800B5C0BDE600BF4FEA4102B2F1E04324BFB3F53E
S3150800B5D0001CDCF1FE5C0DD901F0004C4FEAC002FC
S3150800B5E04CEA5070B2F1004F40EB830008BF20F0E0
S3150800B5F00100704711F0804F21D113F13872BCBF9A
S3150800B60001F00040704741F480114FEA5252C2F1EE
S3150800B6101802C2F1200C10FA0CF320FA02F018BF37
S3150800B62040F001004FEAC1234FEAD32303FA0CFC8A
S3150800B63040EA0C0023FA02F34FEA4303CCE77FEA19
S3150800B640625307D150EA01331EBF4FF0FE4040F463
S3150800B6504000704701F0004040F0FE4040F4000012
S3150800B660704700BF7BB972B90029BEBF00204FF0F2
S3150800B670004106E008BF00281CBF6FF000414FF0EC
S3150800B680FF3000F0CDB9ADF1080C6DE904CE002904
S3150800B69009DB002B1ADB00F04DF8DDF804E0DDE9E4
S3150800B6A0022304B07047404261EB4101002B1BDBCB
S3150800B6B000F040F8DDF804E0DDE9022304B040427A
S3150800B6C061EB4101524263EB43037047524263EB1D
S3150800B6D0430300F02FF8DDF804E0DDE9022304B0A7
S3150800B6E0404261EB41017047524263EB430300F06D
S3150800B6F021F8DDF804E0DDE9022304B0524263EBE9
S3150800B7004303704753B94AB9002908BF00281CBF2C
S3150800B7104FF0FF314FF0FF3000F082B9ADF1080C61
S3150800B7206DE904CE00F006F8DDF804E0DDE9022351
S3150800B73004B070472DE9F04F099D0C46002B4DD1FA
S3150800B7408A420F4684469646B2FA82F360D94BB1CE
S3150800B75002FA03FEC3F120029F4000FA03FC20FA16
S3150800B76002F217434FEA1E461FFA8EF44FEA1C42AE
S3150800B770B7FBF6F106FB117701FB04F042EA074234
S3150800B780904208D91EEB020201F1FF3702D290421D
S3150800B79000F231813946121A1FFA8CFCB2FBF6F018
S3150800B7A006FB102200FB04F44CEA024C644508D957
S3150800B7B01EEB0C0C00F1FF3202D2644500F21E812A
S3150800B7C0104640EA0140ACEB040C002125B12CFAE6
S3150800B7D003F30022C5E90032BDE8F08F8B4205D994
S3150800B7E00DB1C5E9000100210846F5E7B3FA83F172
S3150800B7F000294DD1A342C0F0F380904280F0F0803A
S3150800B800064623460846002DE6D0C5E90063E3E769
S3150800B810002B40F0A3808A1A4FEA1E471FFA8EF6BD
S3150800B8200121B2FBF7F407FB14204FEA1C4242EA57
S3150800B830004206FB04F090420FD91EEB020204F107
S3150800B840FF382CBF4FF001094FF00009904203D989
S3150800B850B9F1000F00F0CC804446121A1FFA8CFC8E
S3150800B860B2FBF7F007FB102200FB06F64CEA024C87
S3150800B870664508D91EEB0C0C00F1FF3202D266456C
S3150800B88000F2B3801046ACEB060C40EA04409DE794
S3150800B890C1F120068B4004FA01FE22FA06F720FAC7
S3150800B8A006FCF4408A401F434EEA0C0300FA01FEE8
S3150800B8B04FEA17484FEA13491FFA87FCB4FBF8F01A
S3150800B8C008FB104449EA044400FB0CF9A1450ED9CB
S3150800B8D03C1900F1FF3A2CBF4FF0010B4FF0000B5B
S3150800B8E0A14503D9BBF1000F00F08B805046A4EBAD
S3150800B8F009041FFA83F9B4FBF8F308FB134403FBA6
S3150800B9000CFC49EA0444A44506D93C1903F1FF385E
S3150800B91001D2A4457BD8434643EA0040A4EB0C0475
S3150800B920A0FB02984445CC46434602D306D1CE45F1
S3150800B93004D20138B9EB020C68EB0703002D6CD072
S3150800B940BEEB0C0264EB030422FA01F304FA06F6D2
S3150800B950CC4000211E43C5E900643DE702FA03FE18
S3150800B960C3F1200104FA03F200FA03FCCC404FEAC3
S3150800B9701E4720FA01F11FFA8EF6B4FBF7F00A43C8
S3150800B98007FB1044110C41EA044100FB06F48C4203
S3150800B9900ED91EEB010100F1FF382CBF4FF001094B
S3150800B9A04FF000098C4202D9B9F1000F2CD040465D
S3150800B9B0091B92B2B1FBF7F407FB141142EA0142E4
S3150800B9C004FB06F1914207D91EEB020204F1FF3887
S3150800B9D001D291421ED84446521A44EA004120E751
S3150800B9E0861A64EB030301200DE7F44402384AE79C
S3150800B9F0023C724431E702397244CCE6F444023818
S3150800BA00DFE602383C4472E702387144D0E7023B6D
S3150800BA103C4481E7023C7244DEE72946DCE600BF87
S3150800BA20704700BF08B5064B044613B10021AFF3B3
S3150800BA300080044B1B6803B19847204622F0E4FEB9
S3150800BA400000000004410020002310B5044683606E
S3150800BA50818119464366C28108228361C0E90033A1
S3150800BA60C0E904335C3025F004FB0D4B24626362A5
S3150800BA700C4BA3620C4BE3620C4B23630C4B9C42AE
S3150800BA8006D003F16802944202D0D0339C4205D115
S3150800BA9004F15800BDE8104025F0F3BA10BD00BF08
S3150800BAA0990F0308BB0F0308F30F030817100308C1
S3150800BAB0CC3F0020024A0349034825F04FBA00BF8D
S3150800BAC038850020DF1203084885002041680C4BA2
S3150800BAD0994210B5044601D025F001FCA168094B2E
S3150800BAE0994202D0204625F0FAFBE168064B9942B6
S3150800BAF004D02046BDE8104025F0F1BB10BD00BFBC
S3150800BB00CC3F0020344000209C40002010B50B4B51
S3150800BB1004210B4C0B4A20461A600022FFF794FFBB
S3150800BB2004F1680001220921FFF78EFF04F1D00015
S3150800BB3002221221BDE81040FFF786BF044100200B
S3150800BB40CC3F0020B5BA0008014825F09BBA00BFD3
S3150800BB50B4800020014825F096BA00BFB4800020C2
S3150800BB6010B50446FFF7F0FF236A1BB1BDE8104085
S3150800BB70FFF7F0BF044B2362044B1B68002BF5D17B
S3150800BB80FFF7C4FFF2E700BFCDBA00080441002062
S3150800BB902DE9F7431D46574B04460E461F68904647
S3150800BBA027B13B6A13B93846FFF7DAFFB8F1020F37
S3150800BBB006D0B8F1010F00F29980002DC0F29680E8
S3150800BBC0636ED90705D4A3899A0502D4A06D25F01A
S3150800BBD059FA2146384625F082FB616B41B104F1DA
S3150800BBE04403994202D0384623F05AFA0023636385
S3150800BBF00023A3616360A3891B0603D52169384620
S3150800BC0023F04EFAA389B8F1020F23F44A6323F00E
S3150800BC100303A38160D001AB6A462146384625F066
S3150800BC2086FBA3891843A0812DBB009D284600F0FA
S3150800BC30D7F80646002851D1DDF80090A9453FD12E
S3150800BC404FF0FF35B4F90C3043F00202A28100220E
S3150800BC50A26004F147022260226101226261626EDB
S3150800BC60D60704D4980502D4A06D25F00CFA284608
S3150800BC7003B0BDE8F083002ED8D03B6A13B9384626
S3150800BC80FFF76EFFB8F1010F266002BFA38943F0E4
S3150800BC900103A381B4F90C3013F00802C4E9046562
S3150800BCA01ED0D90745BF00226D42A560A26048BFD5
S3150800BCB0A561626ED20701D49B0513D50025D6E788
S3150800BCC0484600F08DF806460028B9D0A3894D46A7
S3150800BCD043F08003A381D0E70025B3E7A946F5E73B
S3150800BCE0A260E6E7A06D25F0CEF9E7E74FF0FF354D
S3150800BCF0BDE700BF448500200B4603490246086895
S3150800BD00816800F075B800BF4485002038B5002367
S3150800BD10054D044608462B6022F074FD431C02D1EB
S3150800BD202B6803B1236038BD0841002038B50446A6
S3150800BD30064D0846114600222A601A4622F06CFD76
S3150800BD40431C02D12B6803B1236038BD084100208B
S3150800BD5038B50446064D0846114600222A601A469A
S3150800BD6022F05CFD431C02D12B6803B1236038BD69
S3150800BD700841002038B50446064D084611460022FB
S3150800BD802A601A4622F058FD431C02D12B6803B1DB
S3150800BD90236038BD0841002070B50D4D00260D4CB6
S3150800BDA0641BA410A64209D10B4D00260B4C33F098
S3150800BDB0E7F9641BA410A64205D170BD55F8043BEB
S3150800BDC001369847EEE755F8043B01369847F2E7FF
S3150800BDD07C8800207C8800207C88002080880020C1
S3150800BDE0024B0146186823F058B900BF4485002065
S3150800BDF02DE9F04F0D469DB014469846064618B1F3
S3150800BE00036A0BB9FFF7ACFE6B6ED90705D4AB898D
S3150800BE109A0502D4A86D25F035F9AB891B0701D51B
S3150800BE202B699BB92946304600F026FA70B16B6E2D
S3150800BE30DC0704D54FF0FF301DB0BDE8F08FAB89A5
S3150800BE409805F7D4A86D25F01EF9F3E70023CDF879
S3150800BE500C804FF00109DFF8B481099320238DF88F
S3150800BE60293030238DF82A3023469A4613F8012BB9
S3150800BE700AB1252AF9D1BAEB040B0BD05B46224648
S3150800BE802946304625F024F9013000F0A780099AA2
S3150800BE905A4409929AF80030002B00F09F8000233C
S3150800BEA04FF0FF320AF1010A049307938DF85330D5
S3150800BEB01A93CDE9052354460522544814F8011B64
S3150800BEC025F0D4FA049AD8B9D10644BF20238DF8B0
S3150800BED05330130744BF2B238DF853309AF800309C
S3150800BEE02A2B15D0079A544600204FF00A0C2146F3
S3150800BEF011F8013B303B092B4BD9B0B1079214E03E
S3150800BF00A0EB0803A24609FA03F313430493D2E706
S3150800BF10039B191D1B68002B0391BBBF5B4242F0B4
S3150800BF20020207930793B8BF049223782E2B0AD1EF
S3150800BF3063782A2B32D1039B02341A1D1B6843EA05
S3150800BF40E37303920593DFF8D4A0032221785046C1
S3150800BF5025F08CFA38B1A0EB0A004022049B013484
S3150800BF6082401343049314F8011B062228488DF8CF
S3150800BF70281025F07BFA00283FD0264B1BBB039BD5
S3150800BF80073323F0070308330393099B3B440993BC
S3150800BF906AE70CFB02320C460120A8E700230134AD
S3150800BFA04FF00A0C19460593204610F8012B303A33
S3150800BFB0092A03D9002BC6D00591C4E70CFB012139
S3150800BFC004460123F0E703AB2A4604A9304600934A
S3150800BFD0114BAFF300800746781CD6D16B6ED90794
S3150800BFE005D4AB899A0502D4A86D25F04CF8AB891F
S3150800BFF05B063FF51FAF09981EE703AB2A4604A95F
S3150800C00030460093044B00F00BF8E4E7941A040852
S3150800C0109E1A040800000000D11003089A1A0408A2
S3150800C0202DE9FF470F7E914680460C46782F9A46A3
S3150800C0300C9E01F1430207D8622F0AD8002F00F0A0
S3150800C040DD80582F00F0C38004F1420684F8427060
S3150800C0503AE0A7F16303152BF6D801A151F823F0AE
S3150800C060B9C00008CDC0000849C0000849C000088A
S3150800C07049C0000849C00008CDC0000849C00008EA
S3150800C08049C0000849C0000849C00008E3C10008C3
S3150800C0905BC100089BC1000849C0000849C00008E8
S3150800C0A005C2000849C000085BC1000849C000086D
S3150800C0B049C00008A3C1000833681A1D1B6832600E
S3150800C0C004F1420684F842300123A8E03168236867
S3150800C0D0081D30601E0601D50D6803E05D06FBD518
S3150800C0E0B1F90050002D616878DA2D200029A16089
S3150800C0F084F843002DDA6D425D480A231646B5FBDF
S3150800C100F3F103FB1157C75D06F8017D2F460D466F
S3150800C110BB42F4D9082B0BD12368DF0708D523695E
S3150800C12061689942DEBF302306F8013C06F1FF3606
S3150800C130921B22614B4603AA21464046CDF800A031
S3150800C14024F0D8FF01306FD14FF0FF3004B0BDE8BE
S3150800C150F08723F004032360CDE7216833680806D7
S3150800C16053F8045B02D4490648BFADB26F2F33605B
S3150800C1703F4814BF0A230823002184F84310666841
S3150800C180002EA660BADB216821F004012160002D8B
S3150800C190B4D1002EB2D11646BCE7236843F020037B
S3150800C1A0236078273348236884F845701F0631686A
S3150800C1B051F8045B02D45F0648BFADB23160D907B7
S3150800C1C044BF43F0200323601DB11023D4E7284859
S3150800C1D0E9E7236823F020032360F6E724480A23C7
S3150800C1E0CDE733682568181D616930602E061B681F
S3150800C1F001D5196002E06806FBD5198000231646AA
S3150800C200236197E7336800211A1D32601E68626849
S3150800C210304625F02BF908B1801B606063682361FE
S3150800C220002384F8433085E7236932464946404669
S3150800C230D047013088D023689B0714D4E068039B55
S3150800C2409842B8BF184681E7012332464946404618
S3150800C250D04701303FF478AF0135E36803995B1A9C
S3150800C260AB42F1DCEAE7002504F11906F5E700BF61
S3150800C270A51A0408B61A040838B5294B05460C460B
S3150800C280186818B1036A0BB9FFF76AFCB4F90C30E1
S3150800C290190722D4DA0607D409222A6043F0400394
S3150800C2A04FF0FF30A38133E0580712D5616B41B1D7
S3150800C2B004F14403994202D0284622F0F1FE0023F5
S3150800C2C06363A38923F02403A3810023636023699E
S3150800C2D02360A38943F00803A38123694BB9A38983
S3150800C2E003F42073B3F5007F03D02146284625F0D2
S3150800C2F043F8B4F90C3013F001020AD00022A26008
S3150800C30062695242A261226942B913F08000C5D11E
S3150800C31038BD990758BF6269A260F4E70020F7E7BD
S3150800C3204485002038B50023064D044608461146C4
S3150800C3302B6022F06AFA431C02D12B6803B12360F2
S3150800C34038BD00BF0841002038B50023054D044616
S3150800C35008462B6022F05EFA431C02D12B6803B113
S3150800C360236038BD0841002008B52DED028BB0EEDC
S3150800C370408A00F0D7F9F0EE408AB4EE488AF1EE2A
S3150800C38010FA0AD6B0EE480A00F060F8F7EE007A1E
S3150800C390B4EEE70AF1EE10FA04DCB0EE680ABDEC7A
S3150800C3A0028B08BD1FF030FD212203460348BDEC71
S3150800C3B0028B1A60BDE8084000F096B8C81A04084F
S3150800C3C000F0AEBA10EE103A1E4923F000428A4237
S3150800C3D01BD9B2F1FF4F02D330EE400A704700B5C1
S3150800C3E083B0684600F048FB00F00300012810D02F
S3150800C3F002281ED0B0B10120DDED010A9DED000A2C
S3150800C40000F048F903B05DF804FBDFED0F0A00F011
S3150800C410BFB8DDED010A9DED000A00F03BF9B1EE6B
S3150800C420400AEFE7DDED010A9DED000A00F0B0F8DD
S3150800C430E8E7DDED010A9DED000A00F0A9F8B1EE86
S3150800C440400ADFE7D80F493F0000000010EE103A17
S3150800C45023F0004300EE103A704700BF10EE103A82
S3150800C4601F4923F000428A421CD9B2F1FF4F02D37A
S3150800C47030EE400A704700B583B0684600F0FCFA13
S3150800C48000F00300012812D002281FD0B0B1DDED5C
S3150800C490010A9DED000A00F07BF8B1EE400A03B0F0
S3150800C4A05DF804FB0020DFED0F0A00F0F3B8DDEDC0
S3150800C4B0010A9DED000A00F06BF8F0E70120DDEDBA
S3150800C4C0010A9DED000A00F0E5F8E8E70120DDED38
S3150800C4D0010A9DED000A00F0DDF8B1EE400ADEE73C
S3150800C4E0D80F493F000000009FED010A704700BFC2
S3150800C4F00000C07F10B485B08DED010A019BC3F31F
S3150800C500C751A1F17F021E2A2BDC501C24DB162AF8
S3150800C5104FEAD3740CDDC3F31603963943F40003CC
S3150800C52003FA01F004B1404205B05DF8044B7047C8
S3150800C530164BDDED017A03EB840393ED007A77EE73
S3150800C540277ACDED037ADDED037A77EEC77A17EE13
S3150800C550903A33F000420ED1002005B05DF8044B46
S3150800C5607047DDED017AFDEEE77A17EE900A05B021
S3150800C5705DF8044B7047C3F31600C3F3C75340F482
S3150800C5800000C3F19603D840CCE700BFCC1A0408D4
S3150800C59010EE103A23F00043B3F1485F2CD2FDEEBB
S3150800C5A0C07A17EE903A002B60D060EE007ADFED85
S3150800C5B0316A9FED315ADFED315AA7EEA65A9FED43
S3150800C5C0306A9FED307ADFED306AE5EE275AA7EE3E
S3150800C5D0A56AA7EE867AE7EE876A67EEA66A60EE30
S3150800C5E0C00AB6EE007AB7EE000AE7EEA60AD7EE5C
S3150800C5F0870A30EE600A704760EE007ADFED1D6A42
S3150800C6009FED1D5ADFED1D5AA7EEA65A9FED1C6A2F
S3150800C6109FED1C7ADFED1C6A1C4A9342E5EE275A09
S3150800C620A5EEA76AA6EE277AE7EE276A66EEA76A58
S3150800C630D5D9174A934214D803F17F43B7EE006A57
S3150800C64007EE103A36EE476AF6EE005A60EEC00A72
S3150800C65097EEA57AE7EEA60A37EE607A36EE470A2F
S3150800C6607047B6EE076AB5EE027AEDE7B7EE000A4E
S3150800C670704700BF4ED747ADF6740F317CF293B4BE
S3150800C680010DD037610BB6BAABAA2A3D9999993EE6
S3150800C6900000483F10EE103A23F00043B3F1485F1C
S3150800C6A004D2FDEEC07A17EE903A5BB360EE007ADC
S3150800C6B09FED155ADFED155A9FED156AE7EE855A77
S3150800C6C0DFED146A9FED147A20EE275AA5EEA76AC5
S3150800C6D0E6EE276AA6EEA77A30B9DFED106AE7EE2E
S3150800C6E0876AA6EE850A704727EE457ADFED0C6A5B
S3150800C6F0B6EE006AA0EE867AD7EE270AE5EE260A97
S3150800C70030EE600A704700BFD3C92E2F342FD7B238
S3150800C7101BEF3836010D50B98988083CABAA2ABEEA
S3150800C720ABAA2A3E38B510EE105AF0EE407A25F03C
S3150800C7300044B4F17E5F2DED048B00F0828079D839
S3150800C740B4F17C5F0ED2B4F1485F80F094809FED1F
S3150800C750647AF7EE006A30EE077AB4EEE67AF1EE1E
S3150800C76010FA64DCB0EE670ADFED5E8AFFF76EFE4C
S3150800C770F7EE007AF6EE006A9FED5B3A9FED5B4AAC
S3150800C78037EEC08ADFED5A3ADFED5A4A9FED5A5A1C
S3150800C79028EE268ADFED595A9FED596ADFED596A68
S3150800C7A0A8EE034A9FED587AE8EE234AB0EE480A07
S3150800C7B0A4EE085AE4EE885AA5EE086AE5EE886AF9
S3150800C7C0A6EE087AE6EE887AE7EE088AB0EE679A69
S3150800C7D000F064FB4D4B9C4268EE888A3CD810EE0C
S3150800C7E0103ADFED4B7AB0EE006A9FED4A7A23F4F1
S3150800C7F07F6370EE004AF0EE675A23F00F0388EE67
S3150800C800895A06EE903AA6EEE68A30EE260AE6EE53
S3150800C810C65AC8EE006AA6EEC67A94EE857A37EE50
S3150800C820657A37EEC70A002D01DCB1EE400ABDEC89
S3150800C830048B38BD70EE407ABDEC048B87EEA70AF0
S3150800C84038BD9FED340A9FED347A27EE800ABDEC99
S3150800C850048BA7EE870A38BD88EE896A9FED2F7A82
S3150800C860DFED2D7AF0EE006AA0EE060AA0EE267A33
S3150800C87037EEC70AD7E720EE007A9FED1B6ADFED91
S3150800C8801B2ADFED1D3AE7EE062ADFED196A9FED52
S3150800C890193AB7EE006ADFED1A4AA7EE263A9FED77
S3150800C8A0174ADFED195A9FED175AE2EE873ADFED80
S3150800C8B00D6ABDEC048BA3EE074AE3EE874AA4EEA5
S3150800C8C0075AE4EE875AA5EE076AE5EE876A26EE6A
S3150800C8D0877AC7EE066AE0EE267AB0EE670A38BDB2
S3150800C8E0CAF24971ABAA2A3E08EF1138047F4F3ABB
S3150800C8F02EC69D3D613330BF461124BD2D570140DC
S3150800C900A80A4E3E39D119C090B0A6BE9999793F6A
S3150800C910DB0F493F2EBD3BB3DB0FC93F2EBD3B3373
S3150800C92010EE903A30B523F0004583B0B5F1FF4FCD
S3150800C9308DED010A01982CDC20F00041B1F1FF4F82
S3150800C94027DCB3F17E5F38D09C1704F0020444EA72
S3150800C950D07451B9022C2DD0DFED3E7A032C9DED13
S3150800C960017A07FE870A03B030BDD5B1B5F1FF4F8E
S3150800C97028D0B1F1FF4F14D0491BB1F1F45F4FEA4B
S3150800C980E1502CDA002B43DA3C3041DA9FED320ACB
S3150800C99027E007EE903A9DED017A37EE870A03B055
S3150800C9A030BDDFED2E7A00289FED2D0A20FE270ADE
S3150800C9B003B030BD9FED2B0AD5E703B0BDE8304084
S3150800C9C000F096B9B1F1FF4F04F1FF3418D0022CEC
S3150800C9D039D8254B03EB840393ED000AC3E79FED93
S3150800C9E0200A012C28D0022C1DD0002CBBD09FED8C
S3150800C9F01F7ADFED1C7A30EE070A30EE670AB2E7D7
S3150800CA00022C23D81A4B03EB840393ED000AAAE7FA
S3150800CA10DDED017A07EE103A87EE870AFFF716FD75
S3150800CA2000F066F9DDE79FED117ADFED0E7A30EE5C
S3150800CA30070A37EEC00A96E710EE103A03F10043EC
S3150800CA4000EE103A8FE79FED040A8CE79FED090A7E
S3150800CA5089E700BFDB0F49C000000000DB0FC9BF34
S3150800CA60DB0FC93FDB0F4940D41A04082EBDBB3380
S3150800CA70E01A0408DB0F493F10EE103A8C4A70B5ED
S3150800CA8023F0004486B00546944268D9894A1E4672
S3150800CA9094421BD8884A002BDFED887A884902EA37
S3150800CAA0030240F3E5808A4270EE677A64D0DFEDD0
S3150800CAB0856A37EEE67A77EEC77A77EEE67A012068
S3150800CAC085ED007AC5ED017A06B070BD7E4A9442BE
S3150800CAD05FD9B4F1FF4F48D2E215DFED7C6A863A9A
S3150800CAE0A4EBC25307EE903ABDEEE77AB8EEC77AE2
S3150800CAF077EEC77A8DED037A67EEA67ABDEEE77A0A
S3150800CB00B8EEC77A77EEC77A8DED047A67EEA67A1D
S3150800CB10F5EE407ACDED057AF1EE10FA40F0A380F5
S3150800CB20B5EE407AF1EE10FA0CBF012302236849EC
S3150800CB3003A8019102210091294600F0B3F9002EBD
S3150800CB40C2DA95ED007A4042D5ED017AB1EE477A20
S3150800CB50F1EE677A85ED007AC5ED017AB4E7002231
S3150800CB6085ED000A42600020AEE770EE407AC0ED1F
S3150800CB70017AC0ED007AF6E79FED567ADFED566A40
S3150800CB8077EEC77A37EEE67A77EEC77A77EEE67A01
S3150800CB9095E7FFF75BFCF6EE007ADFED506A9FED4E
S3150800CBA0476AE0EE267A9FED477AFDEEE77A17EEBA
S3150800CBB0900AF8EEE76A1F28A6EEC60A66EE877A96
S3150800CBC0B1EE666A1EDC464B411E464A334052F8B1
S3150800CBD02120934216D030EE677A30EE470A002EAF
S3150800CBE085ED007A30EE670A85ED010ABFF66CAF6F
S3150800CBF0B1EE477A4042B1EE400A85ED007A85EDFE
S3150800CC00010A61E730EE677AE21517EE103AC3F3C8
S3150800CC10C753C3EBD453082BDFDDF0EE405A9FED24
S3150800CC202D7A9FED2D5AE6EE075A70EE657AE6EEF6
S3150800CC30077AD6EE857A35EEE77A17EE103AC3F319
S3150800CC40C753D21A192A10DDB0EE650A9FED267A67
S3150800CC509FED265AA6EE070A75EEC07AE6EE077A23
S3150800CC60D6EE857AB7E7032361E7B0EE650AB4E73F
S3150800CC708A4270EE277A0ED0DFED126A37EEA67A70
S3150800CC8077EEC77A77EEA67A4FF0FF3085ED007A11
S3150800CC90C5ED017A18E79FED0F7ADFED0F6A77EE9B
S3150800CCA0877A37EEA67A77EEC77A77EEA67AEBE733
S3150800CCB0D80F493FE3CB1640F0FFFF7F800FC93FEF
S3150800CCC0D00FC93F43443537800F4943000080439E
S3150800CCD06C1B04080044353708A3852E84F9223FC7
S3150800CCE000FFFF7FEC1A040800A3852E32318D243D
S3150800CCF038B510EE105AF0EE407A25F00044B4F13B
S3150800CD00A14F0AD3B4F1FF4F58D8DFED517A002D61
S3150800CD109FED507A37FE270A38BD4F4B9C425CD8A8
S3150800CD20B4F1445F4DD34FF0FF3327EEA76ADFED2A
S3150800CD304B1A9FED4B2A5A1CDFED4A5A26EE067A05
S3150800CD409FED493ADFED492A9FED494AA7EE212A88
S3150800CD50DFED483AE7EE252A9FED475ADFED474AC9
S3150800CD60DFED476ADFED475AA2EE073AE2EE873A69
S3150800CD70A3EE074AE3EE874AA4EE075AE4EE875A7B
S3150800CD80E5EE076A65EE875A66EE866A3AD03E4948
S3150800CD9076EEA56A3D4A002D01EB830102EB83037B
S3150800CDA091ED007A93ED006A96EEA77A77EE677AA8
S3150800CDB036EE670AB0DAB1EE400A38BD30EE000A40
S3150800CDC038BD9FED337AF7EE006A30EE077AB4EE97
S3150800CDD0E67AF1EE10FAA6DD38BDFFF737FB2D4BE4
S3150800CDE09C4216D8A3F5D0039C4227D8F0EE007AC9
S3150800CDF00023BFEE007AA0EE277A30EE270AC7EEA8
S3150800CE00007A92E776EEA56AE6EEE77AB0EE670A6A
S3150800CE1038BD214B9C420BD8F7EE087A0223B7EEB1
S3150800CE20007AA0EE277A30EE670AC0EE077A7CE72A
S3150800CE30BFEE007A0323C7EE007A76E7F7EE007AAC
S3150800CE40012330EE677A30EE270AC7EE007A6CE7E0
S3150800CE50DB0FC9BFDB0FC93FFFFFDF3ED769853C44
S3150800CE6059DA4B3D21A215BD356B883D6BF16EBD78
S3150800CE706E2EBA3D95879DBD2549123E388EE3BD77
S3150800CE80ABAAAA3ECDCC4CBE841E0408941E040848
S3150800CE90CAF24971FFFF973FFFFF1B40B1EEC00A78
S3150800CEA0704700BF2DE9F04F0C4611461E468146D5
S3150800CEB0944A771E2DED048BDBB0689804932346BD
S3150800CEC00C1D52F82050C0F2A582CA1E48BF0A1D82
S3150800CED0D21003920132D2000692069AEE190398EE
S3150800CEE0A1EB0202A0EB070017D401369FED867A64
S3150800CEF01EAC9E460644DDF8A4C10028F0EE477A2B
S3150800CF0005DB5CF8203007EE903AF8EEE77A013058
S3150800CF10E4EC017AB042F0D17346002DC0F2D68215
S3150800CF2004981EAC0DF58C7C04EB800605EB000E10
S3150800CF304FEA80083C4609EB8000002FDFED727A45
S3150800CF4009DBB346CA46FAEC016A3BED017A82452B
S3150800CF50E6EE877AF7D101340436ECEC017A7445AB
S3150800CF60EBD10DF1280A09EB08049FED699AAB4647
S3150800CF700AEB8500DFED658A46AE0AEB85080438BC
S3150800CF80019505901046CDE907315AABBBF1000F64
S3150800CF9003EB8B0313ED140A16DD06EB8B035246DF
S3150800CFA060EE097A73ED016AB0EE407AB342FDEE9F
S3150800CFB0E77AF8EEE77AA7EEE87A37EEA60ABDEE44
S3150800CFC0C77AA2EC017AEBD1029000F0A3FAF4EE4C
S3150800CFD0007AB0EE408A20EE270A00F00BFBF2EE4C
S3150800CFE0007A0298A0EE678A0028FDEEC89AF8EE45
S3150800CFF0E97A38EE678A6CDD0BF1FF35C0F1080374
S3150800D000C0F1070119EE90EA5AF8252042FA03FC06
S3150800D0100CFA03F3E644D21A09EE90EA42FA01F151
S3150800D0204AF82520002900F34881B5EE408AF1EE3A
S3150800D03010FA40F0B780019B9B450BDD0AEB8B038A
S3150800D040002253F8045D434542EA0502F9D1002A55
S3150800D05040F05381019B013B5AF82330002B40F0E6
S3150800D0604381059B012153F8042D0131002AFAD08A
S3150800D0700BF1010E5944F446049B039A5B446FF086
S3150800D080404B724406EB8E0E9344699A02EB8B0B67
S3150800D0901EAA02EB8305DBED017A002F0BF1040BC8
S3150800D0A0F8EEE77AE5EC017ADFED177A09DB2A462E
S3150800D0B04B46F3EC016A32ED017AA342E6EE877A33
S3150800D0C0F7D10CF1010CEEEC017A6145E3DA8B46F7
S3150800D0D05BE740F0E8800BF1FF335AF82310C911DB
S3150800D0E00029A2DD19EE903ABBF1000F03F1010306
S3150800D0F009EE903A40F3EE810025D4468646029121
S3150800D1002A4616E0D01E04080000000000008043EE
S3150800D1100000803B013541F8040CAB4540F3E9803B
S3150800D1200B680135C3F1FF030122AB454CF8043CFB
S3150800D1300FDD614651F8043B002A40F0B2800CF13D
S3150800D140080CC3F58070002BE4D101358C46AB453D
S3150800D150EFDC0299704600280CDD012800F0BB8040
S3150800D160022807D10BF1FF355AF8253003F03F03A3
S3150800D1704AF8253002297FF458AFB7EE000A30EE98
S3150800D180488A002A3FF451AF0991029000F0C2F98B
S3150800D19038EE408A02980999B5EE408AF1EE10FAFF
S3150800D1A03FF449AF079B8846019DB0EE480A0899A7
S3150800D1B00193069B0290581A00F0ACF95FED2D6AB0
S3150800D1C0F0EE407AB4EEE60ADDE90132F1EE10FA45
S3150800D1D0C0F248811FED327A0BF10104083220EEC5
S3150800D1E0077ABDEEC77AB8EEC77AE7EE667ABDEE7D
S3150800D1F0C77AFDEEE77A17EE901A4AF82B1017EE63
S3150800D200101A4AF82410B7EE000A1046019300F0E7
S3150800D21081F9002CB0EE407A019BC0F24D81601C6A
S3150800D22046AE5FED456A81000AEB800206EB800098
S3150800D23072ED017AF8EEE77A524567EE877A27EEBD
S3150800D240267A60ED017AF3D10A1F46A8002D4FF021
S3150800D250000600EB02079E4620DBAC4B3846DFEDA6
S3150800D260AC7A002201E0B24208DC0132F3EC016A32
S3150800D270B0EC017A9542E6EE877AF4DA5AABA64222
S3150800D2804FEA860C06F1010003EB8602A7F10407B4
S3150800D29042ED287A49D0002D0646DEDADFED9C7A83
S3150800D2A0ECE78C463DE7F6EE007AB4EEE78AF1EE57
S3150800D2B010FA80F2A4800021B7E67346BBF1000F8E
S3150800D2C003F1010309EE903A3FF716AF01284FF034
S3150800D2D000027FF445AF0BF1FF355AF8253003F00D
S3150800D2E07F034AF8253045E70BF1010EF4467146EF
S3150800D2F0C2E60299704601222DE70BF1FF348846F3
S3150800D300019DA0F108025AF82410079B00297FF412
S3150800D3107AAF6FF0404159440AEB810151F8040D88
S3150800D320013C083A0028F9D06DE7689A7346022A44
S3150800D3301BDC002A73DC0FD132AADFED757A1144A3
S3150800D34031ED017A914277EE877AF9D142460AB1F0
S3150800D350F1EE677AC3ED007A19EE903A03F007000A
S3150800D3605BB0BDEC048BBDE8F08F689A032AF3D155
S3150800D370002C00F0BB8032A9A6008C4401EB840087
S3150800D3809CED007A054655ED017AF0EE476A2A4685
S3150800D390043D37EE277AA94277EEC77A02ED017A7D
S3150800D3A077EEA67AC2ED007AEDD1012C00F09E80C8
S3150800D3B09CED007A70ED017AF0EE476A37EE277A2F
S3150800D3C0824277EEC77A80ED007A77EEA67AC0EDCC
S3150800D3D0017AEFD1301D0432DFED4D7A014431ED8B
S3150800D3E0017A8A4277EE877AF9D14246002A41D1F4
S3150800D3F03299339AC3ED027A19605A60ACE719EE8E
S3150800D400903ABBF1000F03F1010309EE903A4DDDA6
S3150800D410022171E608220692002203925DE532AAED
S3150800D420DFED3B7A114431ED017A8A4277EE877A4D
S3150800D430F9D142467ABB9DED327AC3ED007A77EE92
S3150800D440677A64B133A901220132B1EC017A9442B8
S3150800D45077EE877AF8DA42460AB1F1EE677AC3EDD3
S3150800D460017A79E7FDEEC07A5C4617EE901A4AF81B
S3150800D4702B10C8E6DDED326AF1EE677A9DED337A58
S3150800D480F1EE666AB1EE477AC3ED027AC3ED006A39
S3150800D49083ED017A60E7B1EE677ADDED326A76EE02
S3150800D4A0E77A83ED007A002CCCD1D6E7F7EE007A3E
S3150800D4B0022137EEC88AB8E5689A022A12DC002AE1
S3150800D4C017DC7FF449AFDFED127A3FE704984FEA9D
S3150800D4D0800846E502297FF4A8ADF7EE007A37EE14
S3150800D4E0C88AA2E5689A032A7FF436AFDFED087A80
S3150800D4F07BE7424622B90022DDED327A1A60AEE7B2
S3150800D5004FF00042DDED327A1A60A6E7A41E040841
S3150800D5100000000010EE103A33F000411A4626D0FB
S3150800D520B1F1FF4F20D213F0FF4F21D1DFED2A7A58
S3150800D5302A4A60EE277A904217EE903A31DB4CF28F
S3150800D540503CC3F3C7511A466045A1F1190114DDD1
S3150800D550DFED237A002B9FED237AB0EE670A67FE8C
S3150800D560877A27EE800A704730EE000A70477047C0
S3150800D5704CF2503CC90D6045EADC0144FE29E7DC63
S3150800D580002915DC11F1160F19DB193122F0FF42BB
S3150800D5909FED150A42EAC15207EE902A27EE800A45
S3150800D5A07047DFED127A07EE103A27EE270A704722
S3150800D5B022F0FF4242EAC15300EE103A7047DFED0F
S3150800D5C00B7A002B9FED0A7AB0EE670A67FE877A18
S3150800D5D027EE800A704700BF0000004CB03CFFFFF2
S3150800D5E0CAF24971CAF249F1000000336042A20D3D
S3150800D5F06042A28DBBFE400A704700BF30B58379F2
S3150800D60085B001901844C0680D4600F038001EF039
S3150800D6101DFD044628B901A824F00CF9022005B01E
S3150800D62030BD2946019824F00FF945220A490DF123
S3150800D6300F0024F044F8019904F10C0024F0E8F9ED
S3150800D640472205490DF10F0024F03AF820462EF03E
S3150800D650ADFF0020E3E700BFDC1E040837B504462B
S3150800D660094DD92229460DF1070024F028F8E0686B
S3150800D67024F018F90446DB220DF10700294624F0A8
S3150800D6801FF8204603B030BDDC1E040837B5044633
S3150800D6900B4D4FF4257229460DF1070024F00FF8BB
S3150800D6A004F10C0024F0E4F8044640F296220DF149
S3150800D6B00700294624F004F8204603B030BD00BF11
S3150800D6C0DC1E0408054B10B553F8204004B910BDFC
S3150800D6D02046636898472468F8E700BF244100207D
S3150800D6E00020134B10B51870124B134CC3E90000F9
S3150800D6F0124B206018706060A06000F03BFA80B2A0
S3150800D700A0F10E036380A0F11403013060810C4977
S3150800D710201DE38021F05AFA20460A4921F056FADC
S3150800D72004F108000849BDE8104021F04FBA00BFCF
S3150800D730B680002024410020FE7F0020B58000200E
S3150800D7402A1F0408331F04083D1F040870B5044641
S3150800D75058B331F033FA637905466FF38203637180
S3150800D760237913F0100605D010232371BDE8704005
S3150800D77031F01FBA0D4903F0030331F82320304670
S3150800D780013A21F823202146094C00F0E3F92378D1
S3150800D7901BB13046FFF796FF2670064B5B6813B140
S3150800D7A00120FFF78FFF2846E0E770BDFE7F0020C7
S3150800D7B0B68000202441002038B50446057A31F0A9
S3150800D7C0FDF9054B53F82520226043F82540BDE8AE
S3150800D7D0384031F0EEB900BF2441002010B5064BA1
S3150800D7E000F0E0001A78541C1C70044B03F8320051
S3150800D7F003EBC203596010BDB58000200C41002020
S3150800D8000022F8B50E4C0F492378934214D951F8E3
S3150800D8103260551C86424FEAC2070ED15E1E0A4880
S3150800D820B21AD20007F1080101449D4288BF0022BE
S3150800D830384423F004FC2670F8BD2A46E5E700BF05
S3150800D840B5800020104100200C4100202DE9F04F42
S3150800D850044689B00492420748BF00F0F7040291D3
S3150800D86031F0ACF95E4D04F0030605EB860335F896
S3150800D87026205B8880469A4204F0EF094FEA86071D
S3150800D88033D2002000F048F9834650B335F82630E5
S3150800D8904046013325F8263031F08BF9584624F0F6
S3150800D8A088F9029B029A8BF80630049B8BF8049041
S3150800D8B013448BF807304B4B5B6843B131F07EF964
S3150800D8C004460120FFF7FEFE204631F072F905EB0B
S3150800D8D086004522594621F07EF9584609B0BDE82A
S3150800D8E0F08F01224046404B1A7031F062F9230747
S3150800D8F01BD51F2C19D94FF0000A04F0E003039337
S3150800D90031F05CF9EB195B8835F82670DFF8E080B2
S3150800D9109F422CBF0027012731F04BF905EB860300
S3150800D9200593324B1B789A4509D384F0040049467F
S3150800D930C0F3800000F07AF84FF0000BC7E798F8BC
S3150800D9400030039A1A4205D0D8F804300193019B97
S3150800D9501B6823B90AF1010A08F10808E1E70793E9
S3150800D9605A79D00707D51A79510704D547B989EAEC
S3150800D9700202920704D001931B68002BF0D1E6E758
S3150800D980019823F075FF0779079007A823F052FF3F
S3150800D9903946002000F04AF831F010F9059B35F8B1
S3150800D9A026205B8883469A4234BF0127002709D27E
S3150800D9B0002000F0B1F8079068B135F82630013339
S3150800D9C025F82630584631F0F4F8DDF81CB0BBF1DE
S3150800D9D0000FBCD062E70122034B1A70F2E700BFC2
S3150800D9E0FE7F002024410020B6800020B58000205C
S3150800D9F00C4100200022014B1A6070472C41002080
S3150800DA0010B5044631F0DAF8074A13682BB91460E2
S3150800DA102360BDE8104031F0CCB8A34202D01A46C4
S3150800DA201B68F3E710BD00BF2C41002070B5054602
S3150800DA300E46054B1C6804B970BD63683146284616
S3150800DA4098472468F7E700BF2C4100202DE9F047E6
S3150800DA504FF6FC78002416461B4F03311B4B07EB89
S3150800DA60001501EA08084FEA001A1B686A80814611
S3150800DA7027F80A8002FB08F0EC60984718FB06F3C3
S3150800DA809BB2024668602B81D8B11149284651F8E5
S3150800DA90291021F09DF821462A89686823F0E9FAB9
S3150800DAA0214623469E4204DC002057447E80BDE87A
S3150800DAB0F0876A68E868541850500133EC604144AE
S3150800DAC0F0E71A20F3E700BF045500203041002094
S3150800DAD0F81F040838B5094C04EB00156B682BB120
S3150800DAE0284621F077F8686824F018FA2846BDE831
S3150800DAF038401022002123F0BCBA00BF045500208C
S3150800DB00034B0201C3E900100021024823F0B1BA11
S3150800DB10304100200455002038B5094B020103EBBB
S3150800DB200015EC68284621469A5A21F054F824B183
S3150800DB302368EB606B88013B6B80204638BD00BFCD
S3150800DB4004550020024B03EB00139878704700BF7A
S3150800DB500455002030B4064C04EB0013DD685A88DF
S3150800DB600D600132184630BCD9605A8021F034B8AD
S3150800DB7004550020044A010102EB0013505A10B163
S3150800DB801B89B3FBF0F0704704550020014908468D
S3150800DB9021F01CB82C200408012838BF012038B50C
S3150800DBA0C41C24F00304204621F042F90546014628
S3150800DBB02246084821F00FF82DB921460220FFF722
S3150800DBC035FF284638BD22460021284623F051FA5B
S3150800DBD0F7E700BF2C200408F0B5477B057B7B1CC4
S3150800DBE0B7EB951F04464FF0000689B0437306D37A
S3150800DBF08673312009B0BDE8F04009F029BD1C48FC
S3150800DC0009F0C0FC7F001B491B4B3D41CDE90413BD
S3150800DC1005F00305E37A253504A88DF81830CDF804
S3150800DC201A60ADF81E608DF8195000F087FD23685C
S3150800DC30CDE902660193A37A8DF809302389C3F3E7
S3150800DC40402252008DF80A20627B012A01D8DA07A1
S3150800DC5005D523F00103238101238DF8083001A897
S3150800DC6024F08FFB206928F03CFF09B0F0BD00BF07
S3150800DC70B5DC0008D6BE898E55555500222810B544
S3150800DC800C460DD0562812D100F06CFC084809F055
S3150800DC9079FC0123A3733120BDE8104009F0D8BCF4
S3150800DCA000F060FCBDE81040014809F06BBC10BDEF
S3150800DCB0211F0308512808B505D0552814D0BDE8FA
S3150800DCC00840FFF7DBBF0A89920508D50120897A43
S3150800DCD000F064FABDE80840074809F053BC084656
S3150800DCE0BDE80840FFF778BF01228A733120BDE8F6
S3150800DCF0084009F0ADBC00BFFDDC00082DE9F04F77
S3150800DD0053280C4685B006D055287ED005B0BDE808
S3150800DD10F04FFFF7B3BF00F0C3FA83688046DD070C
S3150800DD2071D543210DF10F0209F0C2FB437806466F
S3150800DD30252B68D8057805F00F05032D01D0052D8C
S3150800DD4061D1206928F0C8FE22890146C2F3400243
S3150800DD50304628F0DEFE002855D1B34627891BF841
S3150800DD6002AB24F0FDF807F4C07980F00103B9F19D
S3150800DD700002CAF3801A594618BF01225046DBB280
S3150800DD8028F0D6FF014690B3032D1DD121893046D0
S3150800DD90C1F3800128F0D4FE032841D0052832D1EA
S3150800DDA000254046A57300F0B9FA404628F0C7FD9D
S3150800DDB000F0D8FB254809F0E5FB3120A57305B02E
S3150800DDC0BDE8F04F09F044BC052D1CD1218904F1AA
S3150800DDD018030193C1F380130093C1F30012C1F332
S3150800DDE040033046C1F3C00128F0B3FED4E724F05F
S3150800DDF0BDF840B9B9F1000FC6D0FF43032DBFB235
S3150800DE0009D13906C2D400F0ADFB204605B0BDE8FD
S3150800DE10F04FFFF7E1BE052DF5D1FA05F3D5D5E7A5
S3150800DE200B4809F0AFFBA17A002000F0A1F9606960
S3150800DE3028F057FE23899B0605D5404605B0BDE860
S3150800DE40F04F28F07CBD05B0BDE8F08F211F030810
S3150800DE502F1F03080120014909F082BB211F03086F
S3150800DE6021281FB50C4634D11C4809F08BFB04F158
S3150800DE70100000F063FC94F8250028F011FD94F8D2
S3150800DE802030626813F0010394F8221012D00023A0
S3150800DE90CDE90233A368684613440193012300922F
S3150800DEA08DF80A308DF80B108DF80C3000F098F9C3
S3150800DEB004B010BDCDE901330223684600928DF8FF
S3150800DEC005108DF8063024F05CFA204624F070F828
S3150800DED0EEE704B0BDE8104024F04DB8E32003088F
S3150800DEE00320014909F03CBB61DE0008074B58696D
S3150800DEF040F20D1338B9002BC1BF45224433B3FB9A
S3150800DF00F2F0C0B270470068453BF3E7280B0020E3
S3150800DF102DE9F0414FF0000882B0CDF80480F8B141
S3150800DF200546154F01AC09E023601B687B61236831
S3150800DF30C3F800802668002D344611DD7B69453D0F
S3150800DF40002BF1D1012023F040FE06462060002870
S3150800DF50F1D101A823F06EFC304602B0BDE8F0818D
S3150800DF60102000F089FD019E3046737943F00103C5
S3150800DF70737102B0BDE8F081280B002037B5174D44
S3150800DF800446EB6993F87D2012B9002003B030BD32
S3150800DF9001281AD002280CBF022201228DF804207B
S3150800DFA001228DF805209A6F286922F044029A67A3
S3150800DFB001A92EF034FC0028E8D1012C07D1EA6922
S3150800DFC0936F43F040039367DFE70422E6E7022CEA
S3150800DFD0DBD1EA69936F43F00403F4E7280B0020CA
S3150800DFE037B5184D0446EA6992F87D3013B9002012
S3150800DFF003B030BD01281CD002280CBF0223012320
S3150800E0008DF8043001238DF80530936F286923F4C1
S3150800E010805323F00203936701A92EF016FC00280B
S3150800E020E6D1012C07D1EA69936F43F0020393679F
S3150800E030DDE70423E4E7022CD9D1EA69936F43F4B8
S3150800E0408053F4E7280B00200422F0B51D4E054640
S3150800E050F36985B083F87C20407924F07CF92C7923
S3150800E060074694B1A879FFF789FF044638BB0146ED
S3150800E0706A79012024F065F93B46224671793069B0
S3150800E08005B0BDE8F0402EF05EBB2B6868790394B6
S3150800E090029324F060F9009022467179306902AB48
S3150800E0A02EF053FB044650B9A879FFF767FF0446DC
S3150800E0B028B9024601216B79286824F043F92046DD
S3150800E0C005B0F0BD280B0020014B18692EF0B5BC31
S3150800E0D0280B0020014B18692EF0B3BC280B002032
S3150800E0E00C4B10B55A690023591C82B94522DBB27C
S3150800E0F05343418B028B0A440A3293422CBF0124B4
S3150800E100002402D2102000F0B7FC204610BD0B46B2
S3150800E1101268E9E7280B002008B509F073FD024BE1
S3150800E1201030D86108BD00BF280B002038B504465A
S3150800E130094DFFF7F1FFEB692A689A6754B1A08881
S3150800E14009F092F909F0ACF90122EB69002083F88D
S3150800E1507C2038BD0120F5E7280B0020034BDA693F
S3150800E160936F43F480339367704700BF280B0020F2
S3150800E170042238B5084B0D46DB6983F87C20FFF787
S3150800E180FDFE044608B100F083FC2A460021012062
S3150800E19024F0D7F8204638BD280B0020022238B5CF
S3150800E1A0094B0D46DB6983F87C20FFF719FF044607
S3150800E1B008B100F06DFC2A460021012024F0C1F8C0
S3150800E1C009F064FF204638BD280B0020034A13686F
S3150800E1D023F40043136000F00DBE00BF280B002097
S3150800E1E07FB52E4D0446EE69102296F87C30002144
S3150800E1F0022B14BF02230823684686F87C3022F0D7
S3150800E20038FF237A03B301238DF804306368029339
S3150800E210A37A53B196F87D0009F010F9029B02889B
S3150800E2201344029301238DF80D30637A207B8DF811
S3150800E2300E30FFF7D5FE50B1EA69936F23F48033A9
S3150800E240936700F025FC20E023680093DEE7E07A78
S3150800E25024F081F86A460346697928692EF077FA28
S3150800E2600028E9D1EB69227AB3F87A10E37A01F04B
S3150800E270010162B11A46012024F063F809F006FF8D
S3150800E280EA69936F23F48033936704B070BD0A4636
S3150800E2902068012124F056F8F0E700BF280B00207B
S3150800E2A02DE9F0431C4A87B0D56995F86C3003EB25
S3150800E2B0C3004FEA800855F8087005EB80061FB1C1
S3150800E2C0304607B0BDE8F08311791069717301AA69
S3150800E2D00321B760B7732EF016FBDDE9031245F884
S3150800E2E00800304608F11003E9501D446A60BDF87D
S3150800E2F00630BDF80820B7839B1A32839DF80420A0
S3150800E3007383072A08BFB368376204BF43F0010363
S3150800E310B36007B0BDE8F083280B002083689B072D
S3150800E32000D5704730B5154D87B0044601686A4672
S3150800E33028692EF0EAFA50B9238B628B6946134492
S3150800E34003332869ADF804302EF0E1FA08B107B0B6
S3150800E35030BD009B9DF90E00636000F043FD2073FD
S3150800E360EB699DF8111093F87D0009F05BF8A36836
S3150800E370A07343F00203A36007B030BD280B00204A
S3150800E3802DE9F04F4FF6FF741F46A142038B458BCC
S3150800E39008BF818B1D4418BF8183A942064683B0F6
S3150800E3A059DA4FF6FF708242A5EB010502D0954275
S3150800E3B0A8BF15468B42ADB20BD84FF00008A8454A
S3150800E3C02AD345462846B38B2B44B38303B0BDE80E
S3150800E3D0F08FA3EB0108A845A8BFA84632691FFA23
S3150800E3E088F802EB010BB8F1000F62D0002F5ED05F
S3150800E3F0B946C2465246452A594628BF4522484686
S3150800E40023F0F4F983B2AAEB0304A4B283443CBB19
S3150800E410318B0B46A845D4D2C91A7369A5EB0809EE
S3150800E42013FA81F41FFA89F9002FCAD04A46452AF9
S3150800E430214628BF4522384623F0D8F91FFA80F826
S3150800E440A9EB08039BB20444002BBBD03A68CAB1B7
S3150800E45017469946EAE70025284603B0BDE8F08F37
S3150800E460D9F8002012B19146A246C3E799F80400EC
S3150800E470019323F0AAFB019BC9F8000060B181460D
S3150800E480A246B7E73879019323F09FFB386040B17D
S3150800E490019B07469946C9E7A3EB0A0343449DB285
S3150800E4A090E7A8EB0908A8441FFA88F58AE73D46CD
S3150800E4B088E719460B46ADE7F8B5124FFC6994F89C
S3150800E4C06D6006EBC60104EB810123F063FF054688
S3150800E4D030F074FB242202FB06440026F969266202
S3150800E4E091F86D305A438E5003220133B3FBF2F292
S3150800E4F002EB42029B1A81F86D3030F05AFB28462F
S3150800E500F8BD00BF280B0020044BD96991F86C3080
S3150800E51003EBC30301EB830123F03CBF280B002068
S3150800E52010B5094CE369986F10F400700AD0206999
S3150800E5302EF005FA30B9012120692EF0FEF980F097
S3150800E5400100C0B210BD00BF280B0020044BDA69D9
S3150800E550926F920503D5002118692EF0EEB970471F
S3150800E560280B002010B5154CE36993F87C30012B75
S3150800E57008D000221146104623F0E3FE0122E36983
S3150800E58083F87C200022032120692EF0D7F8002288
S3150800E590012120692EF0BDF9FFF7D8FF002023F0EE
S3150800E5A0DEFE23F0DEFE002023F0DCFEE269936F38
S3150800E5B023F4847343F4C043936710BD280B0020EB
S3150800E5C010B530F0FBFA0446FFF7CCFF074B562090
S3150800E5D0DA69B2F874300133A2F8743009F084F8B5
S3150800E5E02046BDE8104030F0E4BA00BF280B0020F2
S3150800E5F0F8B51C4DEA69936F1C0704D523F0080388
S3150800E6009367FFF7DDFFEB699B6FD8060FD530F0F0
S3150800E610D5FA0646FFF76AFC0446134F24B10120D3
S3150800E62023F0D3FA0146B0B9304630F0C2FAEA69A7
S3150800E630936F990615D523F02003936709F0F4FA2A
S3150800E64078B130F0BBFA0446FFF7BAFF2046BDE8BA
S3150800E650F84030F0AEBA3846013C23F0E3F9E4B2AC
S3150800E660DCE7F8BD280B00203C0B002008B5FFF7B7
S3150800E67079FF00F0BFFB034A136823F400431360D5
S3150800E68008BD00BF280B0020014B18692EF067B99A
S3150800E690280B0020002210B5094C1046114623F01D
S3150800E6A050FE206913F030F923F058FE04F11400E7
S3150800E6B023F0C0F8E269936F23F01003936710BD47
S3150800E6C0280B0020014B18692EF0B9B9280B002039
S3150800E6D0024B1868C0F38020704700BF280B002043
S3150800E6E038B5154C0546E36993F87D3083420ED05C
S3150800E6F0431E042B08D8DFE803F0030B0F1416009B
S3150800E700206913F043FD10B9E36983F87D5038BDDD
S3150800E710206923F029FEF6E70021206923F026FE6A
S3150800E720F1E70221F9E7FFF7D3FF0028ECD02069CB
S3150800E73023F01EFEE7E700BF280B00207FB504463E
S3150800E740114E407A0025307123F0DCFD7071207A75
S3150800E750FFF7C6FF6368694600932368306901932B
S3150800E760637A8DF80A50ADF80830ADF80C502EF0E3
S3150800E770BAF92A462946284609F06CFC206823F08F
S3150800E780EFFD04B070BD00BF280B002038B50B4C58
S3150800E79005462368206923F4806323602EF053F925
S3150800E7A038B10DB9002038BD236843F4806323606F
S3150800E7B0F8E7002DF6D00C20F5E700BF280B00205F
S3150800E7C0F0B53E4C0746216889B011F001016BD1BE
S3150800E7D02022204622F04DFC39482DF0C3FF06467C
S3150800E7E010B1102009B0F0BD364D374B01A82B608B
S3150800E7F009F00CFA029B2846AB82019B2B62334B2D
S3150800E8001B886B82324B1B68EB61324B1B882B8251
S3150800E810314B1B68AB6123F09DFD20464FF0FF335B
S3150800E8203246294640F8103F13F012F80028D8D18E
S3150800E830BB68DB023AD4012000F0E8FA0028D0D100
S3150800E84002224FF0FF3120692EF02EF80028C8D199
S3150800E8500120FFF79BFF20692EF01AF90028C0D186
S3150800E8603C2394220393CDE901329623282205906E
S3150800E87001A92069CDE90623049313F0F3F80028CB
S3150800E880AFD10121206913F049F80028A9D1134A0C
S3150800E8901349206923F057FD00F02AFA0028A0D171
S3150800E8A0236843F00103236000209BE70D49206994
S3150800E8B013F00CF80028BED093E700BF280B002001
S3150800E8C0690345EC38410020B9EA00084C260408DB
S3150800E8D0502604084E260408542604080123030873
S3150800E8E02F2303083620040870B505460E4614463D
S3150800E8F00AB109F0F3FB0448234632462946BDE827
S3150800E900704000692DF0FDBF280B00202DE9F0416D
S3150800E91005460E46FFF7C4FC2F680446C7B9638B45
S3150800E920008B18440A30FFF7F3FA03462860C0B193
S3150800E93082790C321344A2681A71618B228BDF71BB
S3150800E9400A441A81084A0A2112799A7122F042FF6A
S3150800E95020462B68B2B24FF6FF71BDE8F041FFF7CB
S3150800E9600FBDBDE8F08100BF280B002070B5054635
S3150800E9700D4BDC6994F86C6006EBC60004EB80006E
S3150800E980FFF7CCFCAA790C32AB18197941F00201D1
S3150800E9901971242101FB06446168A950227B5A712A
S3150800E9A0A27BDA7170BD00BF280B002038B506F0CF
S3150800E9B081FDC8B1847DC4B92A4DEB6993F87C20E2
S3150800E9C0022A10D1B3F8702053200132A3F8702020
S3150800E9D008F08AFE012023F0C5FC2421EA6992F892
S3150800E9E06C304B43D45038BDFF24204608F0C0FD98
S3150800E9F0002832D01B4CE36993F87C20022AF2D116
S3150800EA00B3F8702053200132A3F8702008F06CFE8A
S3150800EA10012023F0A7FC23681D0407D5E36993F8B2
S3150800EA207C30012B02D0522008F05EFE2422E169D8
S3150800EA3091F86C305A4388188068C0F38004400700
S3150800EA4041BF03220133B3FBF2F202EB420246BF97
S3150800EA509B1A81F86C308C50C5E73220BDE83840E7
S3150800EA6008F042BE280B0020024BDB6993F87D00B4
S3150800EA70704700BF280B0020044BDA69936F0343E5
S3150800EA8093674FF0006012F0FFBB00BF280B002011
S3150800EA9038B5054630F089F80446064B0820DB6988
S3150800EAA083F87E50FFF7E8FF2046BDE8384030F08F
S3150800EAB077B800BF280B0020F8B515461C46064651
S3150800EAC01946104623F049FC2A462346304623F0C9
S3150800EAD0A7FC414FD7E9022300EA020401EA03052D
S3150800EAE054EA050339D0A4F108032B4327D0A4F52B
S3150800EAF08043083B2B4331D0A4F10C032B431BD096
S3150800EB00231F2B4346D0354B23402BB124F001134A
S3150800EB1023F4A0432B434DD004F17F432B433CD031
S3150800EB20610129D5FB69996FCA0525D521F480713C
S3150800EB3093F87C20996707E0002023F013FCFFF781
S3150800EB4035FFFB6993F87C20082A04BF022283F864
S3150800EB507C202046294623F0F7FBF8BDFFF726FF61
S3150800EB60FB6993F87C20022AEED140F60201986FE1
S3150800EB70814318BF012229E030F017F864220646BF
S3150800EB80FB69082083F87E20FFF776FF304630F0D1
S3150800EB9007F8D6E723F0E7FBD3E7FA695120B2F87E
S3150800EBA06E300133A2F86E3008F09EFD012023F086
S3150800EBB0D9FBC6E7FB6993F87C20012AC9D040F641
S3150800EBC00202996F8A4314BF01220222552083F854
S3150800EBD07C2008F089FDB4E7280B002001500100CD
S3150800EBE030B50C460021054685B0094800910069F4
S3150800EBF003AB0DF10E02F9F78BFA15B1BDF80E301D
S3150800EC002B8014B1BDF80C30238005B030BD00BF91
S3150800EC10280B002013B504460DF106010020FFF766
S3150800EC20DFFFBDF90600074BC828A8BFC820A042C9
S3150800EC30A8BF2046B3F904209042B8BF10465880B2
S3150800EC4002B010BD0A80002070B586B0ADF80C2061
S3150800EC50ADF80E304FF0C8124FF08213ADF8080029
S3150800EC60ADF80A1000200DF10601CDE90423FFF7DF
S3150800EC70B7FF02A804220346BDF9066004ACB0F942
S3150800EC80001034F9025BB142A8BF3146A942A8BFB9
S3150800EC902946013A12F0FF0220F8021BEFD103CBF6
S3150800ECA0034AC2F80600C2F80A1006B070BD00BFD3
S3150800ECB00A80002013B5044600210DF10600FFF76F
S3150800ECC08FFFBDF90600084A084B9042B8BF1046A8
S3150800ECD0A042B8BF2046B3F902209042A8BF10460A
S3150800ECE0988002B010BD00BFD4FEFFFF0A80002046
S3150800ECF00F4B10B50021186920F00CFB002447F6CD
S3150800ED00FF730C49881C0C604C608C6021F8023C2F
S3150800ED10FFF766FFC820FFF77DFF0748FFF7CAFF22
S3150800ED20642318461A461946FFF78EFF204610BD7B
S3150800ED30280B00200C800020D4FEFFFF084B10B5DE
S3150800ED40B3F9024030B903EB4103B3F904309C42EE
S3150800ED50A8BF1C46A242A8BF2246104610BD00BF47
S3150800ED600A8000200346044AB2F904001BB1034B8B
S3150800ED701B8BC01A00B270470A800020280B00209F
S3150800ED80034BB3F902309842A8BF1846704700BF34
S3150800ED900A800020C82838B50EDC084B084D1A8BA7
S3150800EDA0801AB5F9002004B2A24205D02146186996
S3150800EDB013F002F800B92C8038BD00BF280B0020DC
S3150800EDC00A8000208BB200294FF00A01B4BF053B28
S3150800EDD005331BB293FBF1F3014A10835383704743
S3150800EDE0280B0020024B5B8BC01A40B2704700BF4D
S3150800EDF0280B00200022044BDB691A605A629A64C9
S3150800EE00A3F86C20704700BF280B002007B50A49F5
S3150800EE100A4AD1E90203024343F02003C1E9022367
S3150800EE20CDE900234FF0FF324FF0FF3308692DF08C
S3150800EE300EFD03B05DF804FB280B00200DD5015527
S3150800EE4070B505460C4CB0F85260237E216906F56C
S3150800EE50FA7606FB1311A06800F0E6FB217E6B68C4
S3150800EE60002006FB01316A7D27F0E9FEA068BDE8AF
S3150800EE70704009F0ADB900BFD455002038B5044636
S3150800EE80104B0D461B68627DD87AA9B19B78104451
S3150800EE90984200DCC3B22046A16A637523F0EBFAF8
S3150800EEA020B1002194F8850023F068FE2946204603
S3150800EEB0BDE8384026F0FABEDB78121A9A42A8BF97
S3150800EEC0D3B2E8E74456002070B5002490260C4DCE
S3150800EED02B79A34200DC70BD2B6806FB043393F83C
S3150800EEE05920FF2A03D0986C18B123F02AFB013465
S3150800EEF0EEE7586C0028FAD027F07FFFF7E700BF47
S3150800EF00D45500202DE9F74F1646884699460546FA
S3150800EF1006F01CFD0446284606F0ACFB02F086FA0D
S3150800EF200190304698F8007022F010FDDFF844B1E1
S3150800EF300021BBF91430C61A384600F057FB7B0788
S3150800EF4048BF073026EAE6763318FF2BC4BF47F0DA
S3150800EF501007C0F1FC0617F0100A0CD023F0D0F900
S3150800EF602523B0FBF3F101FB13010020C9B200F021
S3150800EF7049FC85F88500B9F1000F01D095F8509045
S3150800EF8000234A463946204623F0EAFB294620460E
S3150800EF9023F060FD2946204623F00CFC2046019903
S3150800EFA023F031FC2946204623F088FCBAF1000FED
S3150800EFB045D0204695F8851095F8842000F0ECFA9F
S3150800EFC02946204623F08AFC40BBB5F9881020461E
S3150800EFD023F087FC2046019923F057FC2946204652
S3150800EFE023F07CFC20B1A86C10B1214623F0A3FACB
S3150800EFF03146204623F089FCBAF1000F08D0FF21DC
S3150800F00095F8840023F0F5FC0146204600F00CFB39
S3150800F010304688F8007003B0BDE8F08F6B68DBF8FF
S3150800F0201010E2791944A379A86CD21A0C3353FA52
S3150800F03082F2224498B9686C09F0C0FA11E02046B9
S3150800F04095F8751095F8742000F0A6FA294620461A
S3150800F05023F044FC0028E1D1B5F97810B7E723F08E
S3150800F06068FAC1B2204622F0B5FBBAF1000FACD15E
S3150800F070F2E700BFD45500202DE9F34704468DF882
S3150800F08007101646002190F88520984690F8843097
S3150800F090B0F9540023F073FD04F17C0501462846B7
S3150800F0A023F0C1F9284627F0B3FD00221146104681
S3150800F0B008F0D0FF9DF807506B0709D5204606F0E3
S3150800F0C0D9FA02F0B3F900210246042008F0C2FF7B
S3150800F0D006F03CFC25F010058146324620469DF890
S3150800F0E028300DF107018DF80750FFF70BFFDFF801
S3150800F0F058A00746AAF81600B8F1000F17D19DF8D0
S3150800F100075015F0100015D10C4B6168A361DAF8A9
S3150800F1101030627D194427F092FD3B463146484639
S3150800F120BAF9142009F072F802B0BDE8F087022097
S3150800F130034BEAE74046034BE7E700BF6F260308A1
S3150800F1408F26030831F30008D455002073B504460A
S3150800F15090F8611023F0C8F9B4F8502094F861309B
S3150800F160910703F0EF0505D1960601D4C10701D52D
S3150800F17003F0EE05606C50BBA06C002832D1204627
S3150800F18045F0080606F076FA02F050F948B1C37958
S3150800F1909B0606D5636C23B9838845F00C060133B4
S3150800F1A0838000220121124B20469A82B4F85030FF
S3150800F1B0A26A13F0020F18BF002213F0030318BF48
S3150800F1C00B4600913146FFF757FF02B070BD27F096
S3150800F1D080FE0028D0D0B4F850309A07CFD145F039
S3150800F1E02005CCE723F045F90028F4D1C7E700BF8E
S3150800F1F0D455002038B51D4904460B7E4A7E013396
S3150800F200DBB2B3EB921F0B7603D3032300200B76F6
S3150800F21038BD5B001A4102F00302253280F87520DA
S3150800F220B4F8505090F8743015F01001B0F9540045
S3150800F23016D123F0A4FC04F16C050146284623F0F8
S3150800F240F2F8284627F0E4FC00221146104608F09A
S3150800F25001FF94F87500002123F090FC0120D7E700
S3150800F260024619460020FFF769FDE4E7D455002059
S3150800F27010B5037D044623F0080303750C4B836120
S3150800F280FFF7B8FF20B12046BDE81040FFF7D8BD0C
S3150800F2902046A16A23F0EFF820B12046BDE81040C9
S3150800F2A0FFF754BF2046BDE810400121FFF7E6BD31
S3150800F2B08126030837B5044626F0C6FC28B1204641
S3150800F2C0A16A23F0FAF884F86100174D94F85800FB
S3150800F2D026F018FAB4F852306A7E03F5FA739209E2
S3150800F2E05343204603F596732B61FFF783FF0F4BB5
S3150800F2F094F86110A361237D204643F0010323752A
S3150800F30023F0F2F801238DF80700002220460DF1BC
S3150800F3100701FFF7F7FD00222046AB681A6003B025
S3150800F320BDE83040FFF78CBDD45500208126030880
S3150800F330512837B50C4620D1124DFF21AB8AEA8AEF
S3150800F34094F884001344AB8223F053FB2B6994F89A
S3150800F350611003442B61B4F85030D4E90A0213F063
S3150800F360020F4FF0000308BF02460093204601F043
S3150800F3704801FFF781FE03B030BD03B0BDE8304059
S3150800F38023F04BB9D455002000232DE9F04387B06C
S3150800F39004464FF0FF3105A80593FFF7B7FA059D18
S3150800F3A0002D00F09A80AB790C331D442B79D907D0
S3150800F3B040F19080EB7A252B00F28C80724FB4F8DE
S3150800F3C05020B96805F10A088B7982F010020C33CF
S3150800F3D04046C2F30012194427F09BFB002879D156
S3150800F3E0266A95F80A9022F0BBFD06F0600680F0C2
S3150800F3F00103321EC9F3801905F10C0118BF012259
S3150800F4004846DBB227F094FC0146002854D0AB7A74
S3150800F41003F00F03032B38D1B4F850104046C1F35C
S3150800F420400127F08DFB03285ED0052852D1059EA2
S3150800F430617DB37900200C331E44FEF799FE534BC9
S3150800F440B868A361B17A06F10C038679256A064481
S3150800F450367BC5F3400CC5F3C00215F4005518BF3A
S3150800F46004F15B05C6F38016CDE901C5C1F3801129
S3150800F470009623F00CFB0023B868036008F0A8FE8A
S3150800F4800598A063FFF772FA75E0052B22D104F1FF
S3150800F4906202B4F850100192226A81F01003C2F396
S3150800F4A0800200924046C1F38002C3F3001301F0C4
S3150800F4B0010127F04EFBB6E722F058FD50B9AB7AAA
S3150800F4C003F00F03002EA5D0032B86F0600606D1A5
S3150800F4D0B206A1D405A822F0ADF901204CE0052B0F
S3150800F4E0F8D1B609F6D0D2E706F030FA0923054670
S3150800F4F0617D00208DF81330FEF73AFE0123E26A9B
S3150800F5000DF113012046FFF7FDFCAA7903461544C1
S3150800F510AA7BE16A6FF38712AA730022F882B86899
S3150800F520BA8208F073FE9DF81330194A13F0100FCB
S3150800F530184B18BF13460598A361FFF717FA059AE3
S3150800F54093790C33D0180189C079D55827F0C8FBB0
S3150800F5506368C3F196032B4403443B61236ADB06C5
S3150800F5600DD5059904F1400022F052FA4FF4003106
S3150800F570204626F094FB002007B0BDE8F08305A8D6
S3150800F58022F058F9F7E700BFD45500206B2403088A
S3150800F59031F300086F2603087FB50E46102105468D
S3150800F5A0144623F0D0F8E0B10F4B18681B79029087
S3150800F5B08DF80C300023ADF8043066F305038DF89A
S3150800F5C0043063180DEB03044FF0000314F8082CFD
S3150800F5D0284662F3471301A903228DF8063022F064
S3150800F5E005F904B070BD00BF4120040803460D4A62
S3150800F5F082B01068009090889279ADF804008DF872
S3150800F600062013B9481C02B070476A460220D9077B
S3150800F61048BF117802F1010248BF40185B08F6D1CD
S3150800F620F1E700BF3920040838B583790C460C3356
S3150800F630C518C35C03F00F03072B25D1AB789A06D0
S3150800F64022D0E878C3061FD5012100F00F00FFF786
S3150800F650CDFF0E4B02359C4295BF1E234FF4967381
S3150800F6600021012194BFB4FBF3F4B4FBF3F42B5C43
S3150800F6702A1861F3C7132B549378547023F01F0389
S3150800F680C4F304242343937038BD00BFC3BF0300EB
S3150800F69070B5BDF810505B080582002543800570DB
S3150800F6A04570D1F801309DF8186043604B799DF894
S3150800F6B01C1003F01F0343EA41130372134653F861
S3150800F6C0041B059CC0F809109288A0F80D209B78A9
S3150800F6D0C373D6B9164B9C4216D8164B9C4203D90F
S3150800F6E0EBB243F020034370437813F0200F14BFA6
S3150800F6F04FF496721E22B4FBF2F423F01F03047033
S3150800F700C4F304242343437070BD0B4B9C42FBD8BF
S3150800F710084B9C42E8D94378B4F5161F43F02003FA
S3150800F7204370E1D3DBB2A4F5161443F04003DAE7DD
S3150800F730D47E2500C3BF0300D4FE4A004840704764
S3150800F74000EB0010084480B2704700BF90FAA0F0A2
S3150800F75000BA80B2704700BF044BD3F8012002609C
S3150800F7605B7903F01F030371704700BFB780002061
S3150800F770234B2DE9F041002914BF0C461C460025F1
S3150800F7800646174613688AB0C4F8013013792570FF
S3150800F79063715FFA85F84146384623F0E3F938B1D4
S3150800F7A0237803F128026A44013302F8288C23706F
S3150800F7B00135252DEDD194F800803EB142466946C3
S3150800F7C0A01D21F061FC0AB0BDE8F081B8F1000F78
S3150800F7D0F9D00534F5B22946384623F0C3F940B9BD
S3150800F7E0B5FBF8F308FB13550AAB53FA85F515F87C
S3150800F7F0285C0136252E04F8015FEBD1E3E700BF4C
S3150800F800B7800020034B002818BF03460B4498799D
S3150800F810704700BFB7800020F8B50D4682EA12424D
S3150800F82096B2314603462846FFF788FFFFF78EFF54
S3150800F830FFF786FFFFF78AFFFFF782FFFFF786FFCE
S3150800F840FFF77EFF0546FFF779FF164C002B14BF1E
S3150800F8501F4627460446144B781CA3FB0423E21ACA
S3150800F86003EB52035B0903EBC30203EB8203E41ABF
S3150800F870E4B2214623F076F940B93B786E40B6B239
S3150800F88006FB03F307EB1347B879F8BD7B1D2A3748
S3150800F89001E09F4204D013F8010F8442F9D1F4E73E
S3150800F8A02046F8BDB78000204D91CFBA02464FF4E6
S3150800F8B0537010B50B494B68097A00FB01310020DB
S3150800F8C08B4200D310BD12B15C6A944206D19C6A81
S3150800F8D024B194F83E40052C08BF013003F5537354
S3150800F8E0EEE700BF5C410020044B5B7A8B4286BF83
S3150800F8F0006800EB81100020704700BF5C410020C3
S3150800F90000232DE9F3470446019341B12C4D95F8A0
S3150800F910303023B908F038FA012385F83030002151
S3150800F92001A8FEF7F3FFDDF80490B9F1000F44D003
S3150800F930342694F8DE8199F8067008F0070806FB65
S3150800F940084393F834300C37012B09EB070A32D1F8
S3150800F950A36A93F839509DB14FF0FF3101A8FEF71D
S3150800F960D5FF1822A36A18FB06F193F83F300AF16F
S3150800F9700B0002FB03113831214401F01BFA05463E
S3150800F980342303FB084898F83530012B0AD1A36ABB
S3150800F99093F83F3033B90198FEF7E8FF59F8073076
S3150800F9A0C4F8403301A821F045FFE8B201F066FA31
S3150800F9B002B0BDE8F0870025E2E74D46F5E700BF4F
S3150800F9C05C410020FF2330B580F8F631436A85B0E4
S3150800F9D0013303D10B4B1B7EDB0711D4D0E90A5444
S3150800F9E00123CDE9011300F5FA73009300F2E91239
S3150800F9F000F2F91305F1280104F11D0001F0FAFFE0
S3150800FA0005B030BD5C410020F0B590F8F3310446EE
S3150800FA100E4687B003B3013B80F8F331FF2380F825
S3150800FA20F731436A013303D1144B1B7EDB0713D42A
S3150800FA30A56A8DB1E06A95F8347004F2E91204F209
S3150800FA4099231D3005F1280104F2F51437B9CDE9DB
S3150800FA500167009401F0CEFF07B0F0BD002795F8C6
S3150800FA603260049795F83570039795F836500093E9
S3150800FA70CDE90145334602F021F8EDE75C41002067
S3150800FA802DE9F3470D4611460446164623F0A0F81D
S3150800FA9028700146A06AD4F8E47123F0B8F8A16A80
S3150800FAA000EB07084A6894F8E831424502D3F31A8E
S3150800FAB09F2B10D90022904684F8E8612A70C4F872
S3150800FAC0E42191F83C0091F83D30034494F8DF01B5
S3150800FAD0034484F8DF312B78002B45D194F8F631AE
S3150800FAE094F8F4210133934203D131462046FFF7B7
S3150800FAF069FF94F8F6310133DBB284F8F631234412
S3150800FB0093F8F931AB7094F8DF3101339E420CD18A
S3150800FB10616AA36A013193F83A206CD1B649097E25
S3150800FB20490768D5324484F8DF212A78636A022AAD
S3150800FB306BD1636A013340F0BD80AF4A137E1F075D
S3150800FB4040F1B880937E03F0010003F00301C3F38C
S3150800FB504003687285F82130937E580766D50131CF
S3150800FB6061F30103937661E094F8E82192B191F884
S3150800FB703D00B21A121A91F83C0082420AD294F851
S3150800FB80F8311B1A13445A1C48BF1A1D224492F80E
S3150800FB903933B7E7012B09D191F83820012A05D165
S3150800FBA094F8F831234493F83933ABE794F8F721FE
S3150800FBB00132D2B284F8F721A01890F89902A870F9
S3150800FBC091F8371099429ED194F8F83101320133F1
S3150800FBD0DBB2032B08BF002384F8F831234483F8EB
S3150800FBE0390394F8F5319A428DD1711C2046C9B271
S3150800FBF0FFF70AFF87E7E06A314693F83B301D3086
S3150800FC0023F04EFE84F8DF018FE7013303D17A4BE8
S3150800FC101B7E9B060AD4E06A334605F11C02291DA1
S3150800FC201D3002F0E7FB2B78022B82D0A36A93F8EB
S3150800FC3025102B78012953D0022B51D1636A013341
S3150800FC4048D16D48037EDF0644D5C27EC2F306035B
S3150800FC50EB70C37E02F07F02DF0917D0674F0239C7
S3150800FC60B7F800C0BF78ADF800C08DF8027002AFD3
S3150800FC7057FA81F111F8081C013202F07F028A4214
S3150800FC80D4BF62F306036FF30603C37600232B7211
S3150800FC9085F8203094F8E831B34200F02981A76A44
S3150800FCA097F83D309E4280F0CC8002236B7002B0FC
S3150800FCB0BDE8F087E06A324669461D3023F0FEFD4E
S3150800FCC09DF80030C3F3400203F001036A7285F819
S3150800FCD02130ABE7E06A32461D3002F04FFCE8708F
S3150800FCE02B78012BD2D1A36A93F8390001F04EF88C
S3150800FCF0287285F82000A36A074693F83920022A55
S3150800FD0049D8002AC6D0E06A334669461D3023F032
S3150800FD10E1FD636A013323D1374A137E590609D5B3
S3150800FD20117F8DF804108DF80010517F8DF806109C
S3150800FD308DF80210180613D5937FC3F3000103F05C
S3150800FD4001008DF803108DF801108DF807108DF855
S3150800FD500510990742BF80F0010161F3000393770C
S3150800FD606A46394605F10C0023F0FEFB394601AA1E
S3150800FD7005F1240023F0F8FB9DF80030AB729DF8DE
S3150800FD800230EB729DF8043085F822309DF8063073
S3150800FD9085F823307EE7033A032A3FF67BAF636A8A
S3150800FDA005F10C0C013305F1240916D1DFF848A03A
S3150800FDB09AF81930DB0710D59AF81F30802B1FD117
S3150800FDC002460AF12001604621F05EF93A460AF138
S3150800FDD02001484621F058F95CE7E06A33463A467E
S3150800FDE061461D3023F0ECFDE06A33463A46494643
S3150800FDF01D3023F0E5FD4DE75C4100204620040850
S3150800FE006A463C490833086849686B4403C213F8D4
S3150800FE1008AC3A46BAF1090F02D0BAF1150F06D165
S3150800FE203549604621F030F93A463349D1E751461B
S3150800FE30604621F01EF93A465146484621F019F91E
S3150800FE4028E701339E4207D194F8F531012B03D1F7
S3150800FE5094F8F331012B49D0FE2E47D0711CC9B254
S3150800FE60204622F0B5FE97F838300146984215D15B
S3150800FE70FF2813D0384622F0CAFEA36A40445B68BE
S3150800FE80984205D894F8E831F31A9F2B7FF40DAF02
S3150800FE9094F8DD311D2B29D8032307E794F8F531AB
S3150800FEA094F8F7219B1A012B20D0342206F0070379
S3150800FEB002FB034393F83430ABB1002914BF4FF06B
S3150800FEC002094FF00309384622F0A1FEA36A40440E
S3150800FED05B689842DCD894F8E831F61A9F2ED7D09A
S3150800FEE0B9F1030FD2E74FF00209ECE70423DDE688
S3150800FEF00123DBE6572004087C41002008B5431C93
S3150800FF0002D1074B186808BD06F088F9031EA9BF79
S3150800FF10034A00201068C822A8BF02FB0300F2E7C4
S3150800FF205C41002010B5FFF7E9FF0A4B597A002318
S3150800FF30DAB2914202D84FF0FF3008E002685C1C42
S3150800FF4002EB831292F83E20052A01D1184610BD0D
S3150800FF502346EDE75C41002070B5FFF7CFFF054665
S3150800FF6004460D4B55F8046B5A7A00219201304627
S3150800FF7021F07FF8C4220021284621F07AF822468B
S3150800FF804FF0FF3342F85E6BC4F85E30536013815E
S3150800FF9084F8C43070BD00BF5C41002038B50D4BF5
S3150800FFA004465A681D7A4FF4537303FB0525AA4283
S3150800FFB002D30022104638BD536AA34206D1002C4C
S3150800FFC0F8D0104622F010FF8842F3D002F553729B
S3150800FFD0EDE700BF5C41002010B5044618B38378EE
S3150800FFE05A1E032A01D9FF2B1DD1104B0021184692
S3150800FFF0342221F03EF84FF0FF32C0F80A20C0F84C
S315080100000E2042822278427262780272A27880F8C1
S31508010010312007F021FE02F0C3FD03F0B3FC00F026
S315080100201DFF002010BD2320FCE700BF5C41002016
S31508010030014B587A704700BF5C410020F8B5054668
S315080100402F4C48B14FF45377207A784321F061FF5A
S315080100506060002842D11925236813B1186821F078
S315080100605DFF206821F05AFF6368002B43D1606861
S3150801007021F054FF0023C4E900332DE060680136FE
S3150801008007FB030022F063F90028E4D1227AF3B2D0
S315080100909A42F3D8C820684321F03BFF2060002824
S315080100A0D9D0607A10FB05F0800121F032FF0028D3
S315080100B0D1D0002214270326617A236889010132E7
S315080100C0D4B2A542186083F8C67083F8C56008449F
S315080100D003F1C803F3D800252846F8BD0026D5E75D
S315080100E007FB030022F035F90136227AF3B29A4268
S315080100F06068F5D8BBE700264FF45377F5E700BFEC
S315080101005C4100202DE9F04F824685B00F46014635
S315080101104FF0FF3090469946FFF740FF0446C06A04
S31508010120BDF840101D300E9E23F074FB274AE36A82
S315080101301168DDF844C0C3F85E1051681289C3F826
S315080101406210A3F86620224A0CF1180E1346DCF851
S315080101500000DCF804100CF1080C03C3F4451A4638
S31508010160F4D15146E06AFFF7BFFB1A4D8346297E53
S3150801017011F001011DD04246394604F2F91020F06A
S3150801018083FF4246394604F2992020F07DFF8BF819
S3150801019033808BF832902B7E9B0607D504F5D073F6
S315080101A00F9AA663226534349C42F9D105B0BDE89D
S315080101B0F08F3B7B3A460293FB7A4FF0FF3001936F
S315080101C0BB7A00934B4622F0F2FEE4E75514040885
S315080101D0744100205C4100202DE9FF410446244A70
S315080101E001ABD1689068128A03C304F109011A8028
S315080101F0631E01AA12F8015B13F8010F054232D1F9
S315080102008B42F7D1FEF740FADFF870800646D8F838
S3150801021014301BB1174AC31A934226D92368164AC2
S31508010220C8F80A30636853602389138106F032FAE5
S315080102300546284605F0DEFF074628B9013DF8D2EE
S315080102400020C8F814600BE0FFF758FE90F8B230AA
S31508010250002BF3D02146384604F0B4FB0028EDD034
S3150801026004B0BDE8F0811220FAE70C20F8E700BFD8
S31508010270572004083F420F00664100205C410020D8
S3150801028090F8B63030B5ABB900F15E0300221046DE
S31508010290C2F3C4040D1995F828501C5D2C4002F0D0
S315080102A00705EC40E40702F1010248BF01304F2A75
S315080102B0EED130BD90F86820024B0348002A18BFDA
S315080102C00346E3E74D200408664100202DE9F04F77
S315080102D085B0174601938046FFF760FE0221064660
S315080102E0404625F0E7FD04460020FFF7DFFA0546FC
S315080102F0404625F09DFDC20703D5002DC4BF053430
S31508010300A4B23B884FF000081B1B1B044FF00A03DD
S3150801031005FB0333DFF860A148BF3C800093009BCF
S3150801032098450DDA4FF45373DAF804409AF80890B1
S3150801033003FB09494C4506D37ED13B8843443B80A0
S3150801034005B0BDE8F08FA36A13B904F55374F1E754
S3150801035093F83E30052BF8D13988019BB4421D68C4
S315080103600291F2D0706A25F014FE8346606A25F080
S3150801037010FEDBF8003002689342E6D1B26AA36A3E
S31508010380D268DB6802999A42DFD1414489B2706A20
S3150801039026F05BFAB4F8D6110544606A26F055FAD8
S315080103A0A36A1A680244B06A039222F058FC291813
S315080103B0A06A029122F053FC40F27121039A00F6D9
S315080103C0B833A2F6B83C1344B26ADBF800E0D26847
S315080103D0ACEB05000EFB02F24A4380EAE07EAEEB87
S315080103E0E07E02EBD27BBEEB6B0F029910DD002893
S315080103F0ACBF4FF0010E4FF0FF3E0EFB02FE0EEBB7
S31508010400DE7E00EB6E0090FBF2F042431544114488
S31508010410A5EB0C02002A0CDCA1EB0C0000281CDC65
S31508010420ACEB050CBCF1000F8FDDCB1A002B03DCFE
S315080104308BE7581B002802DD08F101086FE7A1EBDD
S315080104400C00002809DCACEB050CBCF1000F02DD41
S31508010450CA1A002AF0DC5B1AE8E7581A0028EBDC0E
S31508010460ACEB050CBCF1000F7FF76FAFC81A00287B
S31508010470E2DC002AEFDC68E75C4100202DE9F3475E
S315080104800C461E469146DDF830A080469DF834504C
S31508010490FFF734FD21460746FFF726FA044622F000
S315080104A0D1FC504550D89DF82830268384F823304E
S315080104B00B9B05F0070663833046C4F80090C4F821
S315080104C004A084F8246000F0C7FE84F8250097F894
S315080104D0C730B8F1FF3F237519D1638B13B90123CF
S315080104E084F82330ED0814BF0123002368468DF8EC
S315080104F000308DF801508DF802508DF803508DF8B3
S31508010500045023F085FD002002B0BDE8F08716B936
S3150801051084F82260F7E76B0705D494F83F3043B1B6
S315080105200A4BDB7B06E0072E07D094F83F30002BF9
S31508010530F6D0FB7C84F82230E5E7044BFA7CDB7BBA
S315080105409342B8BF1346F5E71220DDE76021040898
S315080105502DE9F04F85B09846CDE901120546BDF85B
S3150801056038B09DF83C709DF940609DF844909DF81F
S3150801057048A0FFF7C3FC0199FFF7B6F904463DB950
S31508010580012F0CD8142E26DD0D2005B0BDE8F08FFD
S31508010590BBF1010F0DD1012FF4D96B1CF2D01A4A08
S315080105A0BB1EDBB22846D15C26F0ADF80028E9D19E
S315080105B0EAE7284625F0EDFC40F271220368204659
S315080105C003FB08F35343039322F049FB039B984229
S315080105D0E1D91220D9E7029B4A46C4E902382846DE
S315080105E033460199C4F810B0277722F054FDB9F1C2
S315080105F0010F03D184F826A00020C6E7B9F1000F40
S31508010600FAD184F827A0F7E74A20040870B5836A67
S31508010610044693F83420002A52D193F8323084F8EC
S31508010620F331E36A93F8B620002A4BD15E331A6890
S315080106300021C4F8E9215A682046C4F8ED211B892E
S315080106400025A4F8F131FFF7BDF9A36A204693F80E
S315080106503D10FFF7D9F9FF2384F8DE3184F8F83124
S31508010660A36AA4F8DC51C4F8E45193F83D3004F1C7
S315080106703406013B84F8DF31EAB231462046FFF7FA
S31508010680FFF916F8341BA06A22F0C1FAD4F8E4314E
S3150801069001350344082DC4F8E431EDD1626A531CCF
S315080106A018D0204622F0A0FB05460146104622F046
S315080106B0D0FD29460246606ABDE8704022F0D6BCE4
S315080106C00123ACE793F86810034A044B002908BFD5
S315080106D01346ACE770BD00BF4D20040866410020F3
S315080106E030B585B00546FFF759FC002380F8E83197
S315080106F0836A044693F83320374980F8F52180F850
S31508010700F421C26AB2F85C20013AA0F8DA2193F81A
S315080107103F00324A002818BF0A464FF6FF71A26108
S315080107201A695B68002A08BF0A46C4E9033340F61A
S31508010730012304F108004FF4AF71A4F8D821A3826C
S3150801074023F04AF9012004F087FD28B9237D5A07C9
S315080107505CBF43F0020323752046FFF757FF0135B7
S3150801076023D1A36A93F83F3013B96FF07F4323610E
S31508010770B4F8D431012101332046A4F8D43122F04A
S31508010780A2FAB4F8D4312046013BA4F8D43124F0B6
S315080107907CFF40F27121A36A9A68D4F8403301FBC1
S315080107A00233C4F8E03105B030BD606A4FF48021E8
S315080107B025F046FB04F55171204622F015FB626AC5
S315080107C00291A16A0346019101210091002108467F
S315080107D023F093FDCCE700BFC1090108C108010850
S315080107E00022364B032810B50C4683F8302063D017
S315080107F004D801280AD0022859D010BD5628FCD1A0
S31508010800FF212046BDE8104022F041BDB1F8D8319C
S315080108102BB92046BDE81040042122F0B6BA486A31
S31508010820421C03D025F004FB0307F2D4B4F94403B0
S3150801083007F020FAE36A93F8B41009B103F16901E4
S31508010840A06A07F03DFA342094F8DE31002201331C
S3150801085003F0070303FB0000A16A204407F09EFA90
S315080108600021204622F02FFAA36A93F83F304BB1B4
S315080108700220627D616826F0E2F92046BDE8104053
S3150801088022F08FBA636A01330BD194F8DC3143B98C
S3150801089004F0CAFC02461120637D616826F0E3F97B
S315080108A0EBE7D4F83C33626802EB9302F3E70846B8
S315080108B0BDE8104022F05CBA3F21A2E75C41002066
S315080108C0F8B591F8DE31532805460C4603F00703BF
S315080108D05AD0552817D051286CD1342202FB03135C
S315080108E093F83530022B60D8497D0120FDF756FC77
S315080108F0204600F0C9FA01462046002951D0BDE834
S31508010900F84022F0C4BC342202FB031393F83430B6
S31508010910002B39D1294B93F83060AEBB084600F05D
S31508010920B3FA31460546A06A22F071F9A26A06466B
S31508010930D4F83C7394F8E83192F83D2094F8DE1126
S31508010940FDB9606A01301BD0521A1344DBB2012B80
S3150801095016D0FB080A339E4212D9204622F021FA04
S3150801096094F8E83194F8DE11627DC91A636811209A
S3150801097003EB970306FB0131BDE8F84026F091B970
S315080109802F2529462046BAE7617D0220FDF7F0FBAF
S31508010990A5F15303594220465941BDE8F840FEF7EF
S315080109A0AFBFBDE8F84022F0FCB9084600F06CFA82
S315080109B00146E7E7BDE8F840FFF712BF5C410020B2
S315080109C038B5532803460C4691F8DE211FD0552821
S315080109D007D0512846D1BDE838400120497DFDF7A9
S315080109E0DDBB896A94F8E80191F83D1001440139A3
S315080109F08A420CD1616A013109D01C4991F830103B
S31508010A0029B9204600F040FA2F21204619E0533B28
S31508010A105D425D41342302F0070203FB024292F86C
S31508010A203530022B15D8617D0220FDF7A1FB294639
S31508010A302046FEF765FF204600F026FA01462046C5
S31508010A4019B1BDE8384022F022BCBDE8384022F091
S31508010A50A8B929462046FEF753FF204600F014FAA6
S31508010A600146D2E7BDE83840FFF7BABE5C4100202F
S31508010A704FF453722DE9F04F01274FF000084FF05C
S31508010A8034094FF0040A5D4B87B05C681B7A04F1A0
S31508010A90200502FB03430493049B9C4203D3384677
S31508010AA007B0BDE8F08F236A002B53D0DA0718D5B3
S31508010AB055E8003F23F0010345E80036002EF7D13B
S31508010AC094F8DE31F72B0CD89919CAB201F007014F
S31508010AD009FB014B9BF83500002840D00136082E4A
S31508010AE0F2D1236A9B0714D555E8003F23F0020388
S31508010AF045E80032002AF7D1204600F0AFFA072868
S31508010B0007D155E8003F43F0020345E80037002FB7
S31508010B10F7D1236A5E071DD555E8003F23F0040384
S31508010B2045E800318B460029F6D12046059122F089
S31508010B305BF90646204622F01BF92046059924F062
S31508010B40B0FDA36A93F83E30052B28D83146606A72
S31508010B5022F0E0FA04F5537405F553759CE701FB99
S31508010B600991204621440593FEF78AFF9BF8341024
S31508010B70A06A22F04CF8D4F8E421D4F8E011104424
S31508010B806268059B521AC242C4F8E40102D48BF882
S31508010B9035A0A6E79BF83520042A9FD1A1E7626A0A
S31508010BA0501C02D123F03EFCD0E7072B23D0082B9B
S31508010BB00CBF1321002133460020CDE90188CDF869
S31508010BC0008023F09AFBA36A93F83E30052BBDD922
S31508010BD0E26AB4F8DA31B2F85C2001339B1A1BB227
S31508010BE05B45B3DDE06A05931D3022F02AFE0BF161
S31508010BF0010B059BF4E72821DDE700BF5C410020D6
S31508010C0070B50A4B06465C681D7A4FF4537303FBAD
S31508010C100545AC4200D370BD636AB34203D10421D2
S31508010C20204622F0B2F804F55374F2E75C4100203D
S31508010C30F8B50C46FFF762F90E4B04F00105597A2F
S31508010C40002304F00206DAB2914203D880F8C540BF
S31508010C500020F8BD026802EB831292F83E703FB19C
S31508010C6092F83F2012B11DB91220F2E7002EFBD0EF
S31508010C700133E8E75C41002010B50C46FFF73EF961
S31508010C8090F8B430D3B990F8B23013B1C37B1B07CF
S31508010C9016D40C4B597A0023DAB2914206D8482267
S31508010CA02146693020F0F0F9002010BD026802EBF8
S31508010CB0831292F83E200133002AEDD00C20F4E786
S31508010CC01120F2E75C4100200246002170B50D4B68
S31508010CD01D7A5B68C8B2854201D8002070BD5C6A7E
S31508010CE01846661E033608D80AB1944205D19C6A8D
S31508010CF094F83E40033C012CF0D9013103F55373B6
S31508010D00E8E700BF5C41002010B5074B93F8314076
S31508010D10FF2C02D100F0ACFA044607F02FF9A042E5
S31508010D20A8BF2046C0B210BD5C4100200B785C2BE1
S31508010D302BD810B54A784FF00F0C002A0CBF4FF08C
S31508010D40030E4FF00C0E590950F8212003F01F032A
S31508010D500CFA03FC22EA0C020EFA03FC42EA0C0224
S31508010D601C2B4FEA810440F821200DD96FF00F02A0
S31508010D70211D4458C3F120032EFA03FE42FA03F358
S31508010D80234043EA0E03435010BD70470346084A01
S31508010D9082B010689188927908330090ADF80410F2
S31508010DA08DF806206B4413F8080C02B0704700BF93
S31508010DB069200408F0B505460C7989B02246083140
S31508010DC0684620F061F92246294604A820F05CF914
S31508010DD0A40812D0002704AB0DEB840603EB8405A7
S31508010DE056F8040D55F8043D58402CF09CFB013C7F
S31508010DF00744F5D1384609B0F0BD2746384609B04B
S31508010E00F0BD00BFF7B504460026134F94F8460314
S31508010E1008B903B0F0BD012020F0D7FE0546C8B1D8
S31508010E2094F84633013B84F846334FF6FF7301962F
S31508010E30009394F84723616A23F0EBF87F23019323
S31508010E4094F84833394600930F2328461A4623F067
S31508010E5054F9DBE70720DCE700C0FFFF08B5064BBE
S31508010E6041F238220021184620F003F97F22027444
S31508010E70FF22827308BD00BF90410020014BD87341
S31508010E80704700BF904100202DE9F047534C0746B3
S31508010E90A37BFF2B40F0A0804FF01D0990F8DE11CF
S31508010EA0667B22F0C8FA09FB064A09FB06F90378AC
S31508010EB004EB09056B758278012B0AF1150AAA75E7
S31508010EC013D0022B25D043B9504607F00DF8BB6A5B
S31508010ED093F83F303BB10523EB750020637B013363
S31508010EE06373BDE8F0870323F6E7504607F014F865
S31508010EF02A7EE17B5AB90F29A8BF0F211D2303FBBF
S31508010F00064342EA01121A760622DA75E5E7002156
S31508010F10F4E797F8DE11384622F08DFAC378804651
S31508010F202B76BB6A504693F825500135EDB2294612
S31508010F3007F006F84FF0000C6246B4F90430AA42ED
S31508010F4022DBBCF1000F00D0A3801D20691E01EB36
S31508010F50810200FB0622B86A182790F83F0022444E
S31508010F6007FB008898F80900527F8B0088B342F086
S31508010F7020020B441D214E43AD003344234426442D
S31508010F8001355A77F575A8E702EB820048442044F3
S31508010F90B0F919E09100BEF10000BCBFCEF1000E18
S31508010FA00FFA8EF09842D8BF184601EB02034B445C
S31508010FB02344B3F91B10C8BF4FF0010C0B1EBCBF6D
S31508010FC049420BB28342D4BF03464FF0010C0132AA
S31508010FD0B5E742F01002CCE73F2082E790410020B6
S31508010FE02DE9F0411B4C1E46A37B0546FF2B88467F
S31508010FF0174611D090F84633013380F8463321F06D
S31508011000F3FE85F847031EB185F84863BDE8F0810C
S315080110103F2385F84833F9E7436A236021F0E4FE64
S31508011020B5F8D4312073E3808EB906F057FFEB6A21
S315080110306081B3F85C3084F8128023810023A3739E
S31508011040AB6AE77493F8253026756374DEE70248C0
S31508011050EDE700BF9041002000C0FFFF2DE9F04FEA
S315080110607B4C97B0A37B0490013BDBB2FD2B67D881
S3150801107094F910307F2B2DD106AE3546754AA388D3
S3150801108002F1400C374610685168083203C76245B9
S315080110903E46F7D1002B62D04FF08062B2FBF3F2E5
S315080110A02946002392B231F8027BBA4253D3DBB206
S315080110B067484FF0000C0546627C94F80D800132B2
S315080110C0D2B20392C4454DDB2B7406F0FDFE2B7C90
S315080110D003442B745E4C012020F077FD0646002858
S315080110E000F0B380A57B2168227B637C002D72D139
S315080110F0019323890093E38822F08BFF1D274FF084
S31508011100150A4FF00009A17B637B8B4266D894F9D7
S31508011110103030460193237D0093E37CA27CB4F919
S315080111200A1022F0EAFF00237F22A3806373FF23BC
S3150801113004982274A37317B0BDE8F04FFFF762BE97
S31508011140FFF760FE054610B9A37BFF2B90D1284611
S3150801115017B0BDE8F08F0133202BA4D100234FF639
S31508011160FF77A5E71D2202FB0CF905EB0902527D63
S31508011170022A2AD00CF1010C1D30A3E701EB8102EA
S315080111804A442A44B2F91B60B2F919207E437A43CC
S3150801119009EB81042C44C2F3C73B9EF818A0C2F39D
S315080111A0C35284F819B0C6F3C33B42EA0B12C6F31D
S315080111B0C746A276E676059A02F821A00131039A76
S315080111C00EF1050E9142D9DBD4E700F11C028646E1
S315080111D000210592F3E722F03EFF8FE707FB014363
S315080111E017FB01A1DA7D304603320023CDF80090C2
S315080111F0D2B2214422F052FF054658B194F9103073
S315080112003046CDE900930123B4F90A101A4622F0B3
S3150801121074FF9CE7A37B30460133A37320F096FB4A
S31508011220A27B637B9A42BFF46EAF1D30F5287FF728
S315080112306AAF94F910303046CDE900530123B4F969
S315080112400A101A4622F059FF45E707257FE700BF2E
S315080112509041002070200408044B03EB400213F868
S315080112601000537810FB03F0C0B27047B020040891
S3150801127090F83F1090F82420044B11B113F812008E
S31508011280704703EB42035878704700BFB020040843
S31508011290034673B510461A780C46022A22D00B7DEE
S315080112A0C3F3040303700B7D2046590641BFC3F3FC
S315080112B0401282F0010262F345132375237D9A06D3
S315080112C042BF5A1C62F304032375FFF71DFD237DF4
S315080112D003F01F02824203DD012262F30403237530
S315080112E002B070BD91F8245091F83F6091F825201D
S315080112F0194911F8154001EB45014978002E08BF37
S315080113000C46012C05D1214602B0BDE870401FF0FC
S31508011310B0BEDA781149072D01EB820105D02246C4
S3150801132002B0BDE870401FF0AFBE0D4B0093A3F5A8
S315080113307F4301936EB16C464A1E0138033112F898
S31508011340013F013BDBB2E35C914200F8013FF6D174
S31508011350C6E701ACF0E700BFB0200408C0200408C6
S3150801136001010202084A08B5D36B99070AD443F06A
S315080113700203D36303F096FB23F092FA00F0F2F826
S3150801138006F028FE002008BDC853002038B5094DCF
S315080113900446E86818B120F0C1FD0023EB602CB1C2
S315080113A01420604320F0B5FDE86008B1002038BD7F
S315080113B01920FCE7C853002038B5094D04462869A9
S315080113C018B120F0ABFD00232B6124B1E00020F019
S315080113D0A0FD286108B1002038BD1920FCE700BF2F
S315080113E0C8530020044A0346D06818B103EB8303A7
S315080113F000EB8300704700BFC8530020044A034628
S31508011400D06820B103EB830300EB83000C307047EF
S31508011410C8530020044A0346506918B103EB430335
S3150801142000EB8300704700BFC8530020034A0346F8
S31508011430106908B100EBC300704700BFC85300200C
S3150801144038B52DF0BBFB0023094CA56BA3632DF022
S31508011450B0FBEA0701D501F0FDFEAB0707D594F805
S315080114604210B4F84000BDE8384023F01EBB38BD31
S31508011470C85300202DE9F74FDDF834B00F469BF825
S31508011480066081460C365E4406F10A019A4622F048
S31508011490EFF890460546C0B1B7B1BB7ADB0613D55E
S315080114A0012006F059FE98B1B9F1020F0CD12C4B67
S315080114B09A6BA3F8408042F0020283F842009A63CD
S315080114C04FF400000FF0E0FE012003B0BDE8F08FF5
S315080114D0234CB9F1040F84F858903ED184F84A8018
S315080114E0DAF800305846C4F84B30BAF804300CA97B
S315080114F0A4F84F3021F048FA2B7884F85630B3799E
S3150801150084F8523006F05CFE84F8540006F04AFE70
S31508011510BDF83030E065A4F84830F37902AA84F8BA
S3150801152057307379676484F85530BB7AC3F303037C
S315080115308DF8043001238DF8053002238DF8063025
S3150801154094F8563002EB931313F8043C84F853309D
S31508011550A36B43F00103A363B2E7A4F84A80CBE780
S31508011560C85300200022014B1A60704728540020F6
S31508011570294B2DE9F0411C6805460E460346AA2764
S31508011580013BDBB2FF2B21D12CBB022020F01DFB36
S315080115900446B8B30146204820F03AFAE91C204629
S315080115A0C9B220F017F92A46AA23A0790C3020449B
S315080115B0013AD2B2FF2A2AD10370012385704370FA
S315080115C02A46314603301FF05FFD1BE0F25C7F00BF
S315080115D0FFB25740D4E7A3790C3304EB0308E35C65
S315080115E0BB4212D198F80230AB420ED12A46314697
S315080115F008F103001FF013FD38B998F801300133DB
S3150801160088F801302046BDE8F0812468BCE7B15C62
S315080116105B00DBB24B40CBE72854002098B18279B6
S315080116200C3202445378013BDBB253705BB9064A6C
S3150801163013681BB1984203D103681360FCF786B897
S315080116401A461B68F5E7704728540020844670B58A
S3150801165016461C469E460D460069DCF81410DCF851
S315080116601820DCF81C30092E0FC40FD89EF801305B
S3150801167033448EF8013009D006EB4606B4449EF889
S3150801168000309CF8222013448EF80030BEF8023050
S315080116901D44AEF8025070BD2DE9F041A0B06A466E
S315080116A005460C461746314B03F1100C16461868C9
S315080116B05968083303C663453246F7D150220021DB
S315080116C00CA81FF0D6FC28238DF86C3020238DF842
S315080116D0683080238DF83F30234610AE04F1280C7C
S315080116E0324618685968083303C263451646F7D166
S315080116F001263A4604A90CA822F066F83A4608A932
S315080117000CA88DF87C6022F05FF808A9084604AA9F
S3150801171006F092FE04AA114608A806F08DFE04F109
S3150801172010082022002120461FF0A3FC2246294644
S315080117304046267406F080FE237C05F110073344E3
S31508011740224623743946404606F076FE294608A8FD
S3150801175022F029F8394604A822F025F8284622F06D
S315080117604BF885F8206020B0BDE8F08120210408F7
S315080117702DE9F0431E4602EB420383B003449DF86C
S31508011780284093F821C01746A44580464FEA4209E6
S3150801179080F0A58093F82320744D8A421CBFFF224E
S315080117A083F822204FF0800218BF83F82310002106
S315080117B009EB0703034483F8212093F8222069756E
S315080117C0013283F82220694DD8F81820AC46D8F89A
S315080117D01C30D8F81000D8F81410092FACE80F00FF
S315080117E009EB0703434493F8232040F29E806B8854
S315080117F05E491A446A800846424606F01DFE0123E0
S315080118006B7509EB0703434493F821C0C5F81080AB
S315080118102F75ACEB0401B9440A1ECBB2C144B8BF5B
S315080118201F3289F8213014F01F0301F01F004FEA17
S3150801183062125BD001279F40013F00285CD1202C12
S3150801184055F822104FEA82053DD9A4F120034848EC
S31508011850DBB23160202B50F8221078D9A4F140036D
S31508011860DBB27160021D202B515973D9A4F16003B3
S31508011870DBB2B16000F10802202B515970D900F191
S315080118800C03F160595984F08003202B6BD904F1BC
S315080118906003DBB2316100F11002202B51595CD98A
S315080118A004F14003DBB2202B98BF1C46716100F19D
S315080118B01402515981BF1830B1612034415992BF80
S315080118C01836E4B21C36621ED2100F403046013279
S315080118D001A901971FF0D8FB03B0BDE8F083234D9A
S315080118E02B6983422BD000236B756CE7002CF3D050
S315080118F04FF0FF370028A2D005EB8205C0F1200C76
S31508011900022A9BBF2B6869682968C3409ABF01FAF6
S315080119100CF11943C140202CA4F12003D3D9DCB220
S31508011920043546F8041B0132EAE7697839446970D7
S315080119301FBF93F822102B785B182B7057E72B7D66
S315080119409342D0D16B7D002B7FF463AF3BE71C46F6
S315080119500436B8E71C460836B5E71C461436B2E71E
S315080119601C460C36AFE71C461036ACE72C54002053
S315080119703054002001293AD02DE9F04316469946FC
S315080119804FF00808002385B00C468DF80F304A46FB
S315080119900DF10F033146CDF800800746FFF7E8FE43
S315080119A04FF4807CBCFBF4FC9DF80F5004FB0CFC47
S315080119B004FB05F5CCF5807CEBB2634503DB280A0D
S315080119C005B0BDE8F08338460DF10F034A463146A6
S315080119D0CDF80080FFF7CCFE9DF80F3013FB04F31A
S315080119E005EB0323C3F3074005B0BDE8F0830020E8
S315080119F0704700BF2DE9F04F002589B09DF84C408E
S31508011A00894604949DF8504092469B462E46059475
S31508011A10039028E04FF0000208270DF11F038DF807
S31508011A201F200097DDE904120398FFF7A1FE4FF482
S31508011A308073B3FBF4F39DF81F7004FB03F304FBF7
S31508011A4007F7C3F58073F9B299424FEA17221EDBED
S31508011A500BEB02031A780BF80620264683F800805A
S31508011A6001354F2D25D0C5F3C40219F802301AF8ED
S31508011A70021005F007020B401341741CDB07E4B2A0
S31508011A805FFA85F8ECD5012CC4D15B46E2E708225A
S31508011A900DF11F0300920398DDE90412FFF768FEB2
S31508011AA09DF81F3013FB04F307EB0327C7F307421F
S31508011AB0CEE7129B1E7009B0BDE8F08F2DE9F04FF5
S31508011AC00026D5B09DF884519DF880410E950D9359
S31508011AD09DF888515F9B012CCDE90350CDE912127F
S31508011AE0DDF8789106941E7000F06784294608256A
S31508011AF040AB32460095274607938DF80061FFF7FC
S31508011B0037FE4FF48073B3FBF7F39DF8004107FBEB
S31508011B1003F307FB04F4C3F58073E2B29A42C0F2F9
S31508011B20E881230A0C930D98002800F01F840023EE
S31508011B304FF0010B0B93069BB84A023BDBB202EB53
S31508011B40430112F813300B9A10934B781193431EE5
S31508011B500F9340AB07930023CDE91533ADF85C30FD
S31508011B600C9B06991344B3FBF1F201FB1233109A4D
S31508011B700E999A18002940F030824E2A8A4616DCB8
S31508011B8015ACC2F3C400255C02F007010BFA01F19A
S31508011B90294321540AF5A8710698694401F8F02CDD
S31508011BA002440AF101014E2A5FFA81FAE9DD119A26
S31508011BB015AC1344DAB24E2A10D8D008265C02F0C6
S31508011BC007010AF5A8750BFA01F131436D440AF1CB
S31508011BD00106215405F8F02C5FFA86FA069A9B1A33
S31508011BE0E8D52826002306F1270420461D469846EF
S31508011BF0C3F3C40101F5A8720DEB020111F8FC1C2F
S31508011C0003F007020BFA02F21142DFB215D105F50C
S31508011C10A872BE420DEB020105F1010200F27E81B6
S31508011C2008F5A87287420DEB020108F1010200F2DC
S31508011C30828101F8A07C5FFA82F801334F2BD7D154
S31508011C40E3B205932C4647460023DAB204F5A87198
S31508011C5096420DEB010004F1010100F25A81059942
S31508011C60914207F5A8710DEB010007F10101C0F0DA
S31508011C705A8100F8A02CCFB201334F2BE5D1A7EB3F
S31508011C8008072CAB434417F0FF07089316D0FA1838
S31508011C901F46C3F1010309920A930A9BDDE9032052
S31508011CA0D919C9B20023FFF765FE08993B780A5C82
S31508011CB007F8012B0B54099BBB42EED1079B641B0A
S31508011CC014F0FF0403EB050715D0E3193C46089306
S31508011CD0C7F101030993099BDDE903201919C9B263
S31508011CE00023FFF747FE23783A5C04F8012B3B549F
S31508011CF0089B9C42EFD1B8F1000F12D000272CACFB
S31508011D000137FFB20023039A39460498FFF732FEDA
S31508011D102CAA125C2378474504F8012B2CAA1354E4
S31508011D20EED18DB10027079C0137FFB20023394652
S31508011D30039A0498FFF71EFE079923780A5CAF42B7
S31508011D4004F8012B0B54EFD1129913984B6842688A
S31508011D501340169302680B6813401593027A0B7A9F
S31508011D6013408DF85C30427A4B7A13408DF85D301A
S31508011D700B9B002B00F006820027C8463C460897B5
S31508011D80BAF1000F43D0002109EB07030DF1600EEC
S31508011D90C8071EF8012023D4964200F2D880059D73
S31508011DA0AA4200F2D4809846089800F5A8756D44B1
S31508011DB015F8505C00F1010C5FFA8CF01D70089063
S31508011DC054A800EBD50C1CF8FCCC05F007050BFA5A
S31508011DD005F51CEA050F04D00137FFB209EB070325
S31508011DE0984654A800EBD2051A7015F8FC5C02F067
S31508011DF007020BFA02F215421EBF0137FFB209EBC1
S31508011E00070301F1010118BF98468A45C0D10B9B0A
S31508011E100F9A934200F0228102E000BF30210408A4
S31508011E20089BA34240F2A3805D1E0DF1B103234432
S31508011E302D1B53FA85F52CAB191909EB070311F874
S31508011E40016B54AA02EBD60010F8FC0C06F0070247
S31508011E500BFA02F2104207F1010418BFE7B29846DD
S31508011E601E701CBF09EB070398468D42E7D1272F41
S31508011E7040F2A680B7EB970F4FEA97052BD3B7FB2E
S31508011E80F5F305933E46B5425DD8059B012B69D00E
S31508011E90002D00F0DF80761BF6B24FF0000A09F13B
S31508011EA0FF340AF1010A5FFA8AFA0023039A5146B6
S31508011EB00498FFF75FFD14F8013F19F8002055450E
S31508011EC0227009F80030ECD8A944059B013B13F0B0
S31508011ED0FF030593D7D15F9B5F991B780B9A3B4408
S31508011EE00B700D9B013293420B9200F03F82C14663
S31508011EF031E63246DDE90310079B0095FFF738FC0A
S31508011F009DF80031069A13FB02F304EB03231B1415
S31508011F1008E600F8502CCCB2013396E601F8507C5D
S31508011F20D5B2013364E604F5A8716944013401F8B0
S31508011F30502CE4B2A0E605F5A8726A44013502F808
S31508011F40507CEDB279E63546002EA4D1BDE704F5FD
S31508011F50A8700DEB000515F8A05C013498461D70B4
S31508011F60E4B22DE7002EB6D03546002695E7BFF434
S31508011F707EAF1A46E11A0DF201131344013953FAD9
S31508011F8081F1079B981809EB070310F8016B54AA0E
S31508011F9002EBD60414F8FC4C06F007020BFA02F21F
S31508011FA0144207F1010518BFEFB298461E701CBF0F
S31508011FB009EB070398468142E7D1272F3FF65AAF27
S31508011FC0092F94BF01236E4B4FF00A0584BFA3FB6B
S31508011FD00732C2F3C703059354E711994FF0000A74
S31508011FE00B44069915AD022988BF521A2AE04E29D3
S31508011FF012D8CE0815F806C001F007040AF5A87725
S315080120000BFA04F444EA0C046F440AF1010CAC55CA
S315080120105FFA8CFA07F8F01C4E2810D8C4082F5D11
S3150801202000F007010AF5A8760BFA01F139436E4467
S315080120300AF10107295506F8F00C5FFA87FA06999D
S315080120400A445B1A4E2AD1B2D8B2D0DD002BCEDCB7
S315080120501426C7E5013BDBB2059316E74FF00003EB
S31508012060DDE90310082600228DF8533000960DF19C
S315080120705303FFF77DFB9DF8535005EB850515F0D6
S31508012080FF0200F087812B0A1D46002B3FF4C8AEDC
S3150801209004F5A8736B4413F8A03C54AA02EBD302C7
S315080120A009F8073012F8FC0C03F007030BFA03F2E0
S315080120B0104209EB07081CBF0137FFB243461CBF94
S315080120C009EB07084346611C012DC9B240F3738128
S315080120D0089E54A806F5A8726A4412F8502C984628
S315080120E000EBD2001A7010F8FC0C02F007020BFA8A
S315080120F002F210421FBF0137FFB209EB07039846E8
S315080121000136022DF6B200F0558101F5A8720DEBE4
S31508012110020111F8A02CA11CCCB254A901EBD201E1
S315080121201A7011F8FC1C02F007020BFA02F21142AE
S315080121301CBF0137FFB298461CBF09EB0703984637
S31508012140042D40F0438106F5A87208990DEB0206A5
S3150801215016F8502C02311A709846CBB2089354AB34
S3150801216003EBD20102F0070311F8FC2C0BFA03F377
S315080121701A423FF455AE0137FFB209EB07084FE69D
S31508012180CDCCCCCC0825DDE903101A468DF85330A1
S3150801219000950DF15303FFF7EBFA9DF8534004EB55
S315080121A08404640004F0FE03052B40F2E280230A4E
S315080121B01C46002B3FF4E0AD9DF8B03054AA02EB63
S315080121C0D30212F8FC2C89F8003003F007030BFA46
S315080121D003F31A4013BF01271746C84609EB070838
S315080121E0012C40F3F1809DF8003154AA02EBD30289
S315080121F009F8073012F8FC1C03F007030BFA03F27F
S31508012200114209EB07081CBF0137FFB243461CBF41
S3150801221009EB07084346022C00F0D2809DF8B1204D
S3150801222054A901EBD2011A7011F8FC1C02F007023D
S315080122300BFA02F211421CBF0137FFB298461CBFC6
S3150801224009EB07039846032C00F0C2809DF801218B
S3150801225054A901EBD2011A7011F8FC1C02F007020D
S315080122600BFA02F211421CBF0137FFB298461CBF96
S3150801227009EB07039846042C00F0AE809DF8B220BE
S3150801228054A901EBD2011A7011F8FC1C02F00702DD
S315080122900BFA02F211421CBF0137FFB298461CBF66
S315080122A009EB07039846052C00F098809DF8022152
S315080122B054A901EBD2011A7011F8FC1C02F00702AD
S315080122C00BFA02F211421CBF0137FFB298461CBF36
S315080122D009EB07039846062C00F084809DF8B32085
S315080122E054A901EBD2011A7011F8FC1C02F007027D
S315080122F00BFA02F211421CBF0137FFB298461CBF06
S3150801230009EB07039846072C72D09DF8032154A9B7
S3150801231001EBD2011A7011F8FC1C02F007020BFA44
S3150801232002F211421CBF0137FFB298461CBF09EBE6
S3150801233007039846092C57D19DF8B42098461A7078
S3150801234054AB03EBD20102F0070311F8FC2C0BFA8C
S3150801235003F31A424FF004031CBF0137FFB24FF0D3
S31508012360050418BF09EB0708089309E555B0BDE848
S31508012370F08F0DF153030B9A0095DDE90310FFF772
S31508012380F7F99DF8533003EB830304EB43231C143D
S315080123901B0C0EE70DF153030096DDE90310FFF759
S315080123A0E7F99DF8533003EB830305EB03231D146B
S315080123B01B0C6AE608960C4632E50C96FFF7B3BB8A
S315080123C0012301240893DBE40023FAE7089627E5AD
S315080123D0012302240893D3E40223FAE70223032400
S315080123E00893CDE40323FAE7042304240893C7E4F6
S315080123F00323FAE72DE9F04F1E46802487B002AB86
S3150801240088461546F1B205220094FFF7B1F9DDE9D0
S31508012410049A8AEA5A0020F000402BF084F8044610
S315080124208AEA9A0020F040402BF07DF803466400C2
S3150801243003F100431F3C0F3B5B00002C8AEADA00DC
S31508012440B8BF6442002BB8BF5B4220F060401C4411
S315080124502BF069F883464FEA4B0BABF11D0B89EA62
S315080124605900BBF1000F20F00040B8BFCBF1000BBB
S315080124702BF059F8A344044689EA990020F0404014
S315080124802BF051F80346640003F100431F3C0F3B50
S315080124905B00002C89EAD900B8BF6442002BB8BF9B
S315080124A05B4220F060401C442BF03DF8DDE90267F1
S315080124B003465B001D3B002BB8BF5B4223445B45CB
S315080124C0C8BFD14687EA5700C8F8009020F00040F7
S315080124D02BF029F8044687EA970020F040402BF0B4
S315080124E022F80346640003F100431F3C0F3B5B00DF
S315080124F0002C87EAD700B8BF6442002BB8BF5B42FD
S3150801250020F060401C442BF00EF880464FEA48083C
S31508012510A8F11D0886EA5600B8F1000F20F0004020
S31508012520B8BFC8F100082AF0FEFFA044044686EAAF
S31508012530960020F040402AF0F6FF0346640003F1B6
S3150801254000431F3C0F3B5B00002C86EAD600B8BF50
S315080125506442002BB8BF5B4220F060401C442AF05D
S31508012560E2FF43001D3B002BB8BF5B4223444345B2
S31508012570C8BF3E462E6007B0BDE8F08F17B40446C3
S31508012580094BD2B218681B7900908DF8043001F115
S3150801259008030DEB03012046042311F8081C03B0B8
S315080125A05DF8044BFFF7E6B93E210408104B1A788B
S315080125B042F0F0021A701A7C42F0F0021A7493F88B
S315080125C0202042F0F00283F8202093F8302042F0D0
S315080125D0F00283F8302093F8402042F0F00283F8A5
S315080125E0402093F8502042F0F00283F850207047BB
S315080125F0445400200368054A23F07F6323F400232B
S3150801260002EAC14213430360704700BF0000F80F96
S31508012610F8B54488054604F00704072C1C4E28D152
S315080126202CF0CCFA00221101735C06EB02171B0988
S315080126300F2B0AD00132062AF5D1164A138801331F
S3150801264013802CF0B6FA1920F8BD2B6894B27B805A
S31508012650112373542CF0ADFAFCF716F806EB0413A4
S31508012660D8602B68002023F4E02343EA04432B6057
S31508012670EAE72301F15CC1F30312013202F00F020A
S31508012680052A28BF002262F30711F154E4E700BFC7
S31508012690445400201880002038B54488054604F0C3
S315080126A00704072C0FD02CF089FA074A2401135D79
S315080126B043F0F00313552B6843F4E0232B60BDE880
S315080126C038402CF076BA38BD445400202DE9F0473D
S315080126D04588074605F00705072D894637D01D4C5D
S315080126E04FEA051814F80860FBF7CEFF04EB051A44
S315080126F0DAF80C30360906EBC506C01A04EB4606AD
S31508012700708014F8083003F00F02042A9EBF0132C4
S3150801271062F3030304F80830B9F1030F14D114F86E
S31508012720081004EB0514A01C01F00F0122F0D6FED7
S3150801273004462CF043FA3A68074B134023433B609F
S31508012740BDE8F0472CF035BA4FF6FF74F1E7BDE85E
S31508012750F08700BF445400200000FF7F064A08B5F1
S315080127609268824207D0427922F0030242F00302BC
S3150801277042710EF0E3FD08BDA454002010B5064CC5
S3150801278020461FF057F8201D1FF054F804F10800E1
S31508012790BDE810401FF04EB8A454002010B5022021
S315080127A01FF013FA034C606002201FF00EFAA060B6
S315080127B010BD00BFA454002008B5FFF7DFFF0022B3
S315080127C0024BDA60BDE80840FFF7E8BFA4540020D1
S315080127D0014B5868704700BFA4540020014B986804
S315080127E0704700BFA454002038B5104DEB681BB1E3
S315080127F0EB6898470023EB602B688BB10B481FF0F9
S3150801280037F8044660B12B681BB14FF000400EF053
S315080128103BFD204621F0E6F818B1204621F0E4F800
S3150801282038BD204624F0F8FEFAE700BFA45400207C
S3150801283010B5084CE0604FF000400EF025FD00BFD2
S3150801284000BF00BF00BFE3681BB1E36898470023D8
S31508012850E36010BDA454002038B5837904460344C7
S315080128605B7B13F0300F437923F0030308BF43F072
S31508012870010343712CF0A2F90546214605481FF0CC
S31508012880C7F84FF000400EF0FFFC2846BDE8384077
S315080128902CF08FB9A45400202DE9F041244E0021D3
S315080128A07468FE20A57903F02DF8074607F084F829
S315080128B050B141F20C00C2B20023B06842F20501E0
S315080128C0BDE8F04121F0AAB807F0B6F80028F0D122
S315080128D00C352C44237AE51C9B09022BE9D0012BE4
S315080128E018D9237AA11C03F03F02073443F0C00329
S315080128F011F8010F8C4242EA000203EA0003F7D1FC
S31508012900002AD6D0FF2BD4D057B9284624F04AF846
S315080129100020D0E7294624F058F80028E1D0C8E776
S315080129202946384623F0BAF80028EED0C3E700BF97
S31508012930A454002010B5094C63689A790C321344E3
S315080129401979D87805F034F80023024642F2740161
S31508012950A068BDE8104021F061B800BFA45400206A
S3150801296010B5084C6068837918440F3023F0FEFFD0
S315080129700023A0681A46BDE810404FF6284121F009
S315080129804DB800BFA4540020242816D80F2805D80E
S3150801299002280CD8B0FA80F040097047084B103865
S315080129A080B2C34003F0010383F001007047053884
S315080129B0012894BF0020012070470120704700BFFD
S315080129C02D2011002DE9F04F95B0FFF701FF42F2D6
S315080129D03603867905460C3630F8068084199845FB
S315080129E00ED1FFF7F5FE02211EF0F4FE7F22A37831
S315080129F00233A370AA5500232022237762706377D6
S31508012A000121E07802F07EFF00230546ADF8463045
S31508012A10002800F0C080CDE91233E288237AADF8A8
S31508012A2048208DF84A30B4F80920E37AADF84C20ED
S31508012A308DF84E30A288E37802F01C01FE2B4FF682
S31508012A40FF7308BF4FF480431C2922D0DDE9120128
S31508012A50884203D81F2801D999421AD941F211058A
S31508012A60FFF7BCFE0446EAB20123414620F0D6FF31
S31508012A70A3791C44BDF94630002BB4BF6FF004029C
S31508012A80052213440A2293FBF2F3A37415B0BDE899
S31508012A90F08FD306E67D677E19D5012E14D1237BE7
S31508012AA0013B062BDAD8E0781FF015FE18B1A0888D
S31508012AB0FFF76AFF40B1394B277F1B7823B3042FF1
S31508012AC002D8637F042B24D941F21205C8E706F020
S31508012AD0FD03012BC2D17B1EDBB2022BBED8237BA1
S31508012AE0013B062BBAD804F09DFF032E08BF042626
S31508012AF00640F6B2002EB1D0032F08BF042738408E
S31508012B00C0B20028CFD1A9E7002FA7D1637F002B38
S31508012B10A4D1E07D94F91630032808BF04207F2B41
S31508012B2008BFC823667B94F81DB018BF03EB83035F
S31508012B300E96A67B18BF5B00E188B4F8092094F8C5
S31508012B400CE094F8159094F818A00F96ADF8463055
S31508012B50667EA388CDE90B7BE77E032E08BF042694
S31508012B60003F18BF01270A9704F10F0CA47ECDE98F
S31508012B70060A0DF14600CDE904900F98DBB20190E3
S31508012B800E98CDE9086400902846CDE902CE22F0D8
S31508012B90BBFD054664E741F2070561E7E2800020CF
S31508012BA00022024BC3E90022704700BFB45400203B
S31508012BB038B5044620F0B2FCA0B3FDF739FA1A4D30
S31508012BC0A071B5F80D30A4F8073005F0D7F9AB7A3E
S31508012BD06072C3F30313A372EB7A2846C3F30103A6
S31508012BE0E3722B7823736B786373AB78A373EB78F3
S31508012BF0E3732B7923746B7A637521F0F9F9E08213
S31508012C0000202B8A23836B8A6383AB8AA383EB8A8F
S31508012C10E383EB7B84F820302B7EC3F3460384F8E9
S31508012C20213038BD0C20FCE760210408F0B50446C4
S31508012C3093B0008803F0DEFA0546002846D023F053
S31508012C4027FE002844D0E678012E43D1D4F80D009A
S31508012C50D4F811100FAB03C3B4F815200DAF1A80C1
S31508012C601D4A0DAB10685168002203C317F8013BD2
S31508012C7012A901EBD30010F80C1C03F0070306FA9E
S31508012C8003F3013221EA0303082A00F80C3CEDD1CB
S31508012C90A37E28460A93637E0993237E0893A37A23
S31508012CA00793E37A0693637A0593E37D04930FAB5F
S31508012CB00393237A0293E3790193A37900936379C2
S31508012CC02279A17801F0E2FC13B0F0BD0220FBE7FE
S31508012CD02F20F9E71120F7E74321040870B50446C8
S31508012CE088B0008803F086FA0546002862D0B4F851
S31508012CF00930012B05D0B4F8073013B9122008B0F2
S31508012D0070BD637C072BF9D8637DFF2B54D1A37D56
S31508012D10FF2B51D1207D0028F0D00023E289CDE98F
S31508012D200633237CADF818208DF81A30B4F80B2039
S31508012D30637BADF81C208DF81E30DDE90663B342CE
S31508012D40DCD840F2E1429342D8D91C4B9E42D5D8F1
S31508012D5001D10D20D3E720F09BFB03460028F8D1CB
S31508012D60627CCDE90000CDE902620246A1782846D7
S31508012D70FDF784FB0028C2D12846A17820F04EFB36
S31508012D800128BBD194F91330227D13F1800F08BFB6
S31508012D900023CDE903020293A37C28460193B4F8E4
S31508012DA009300093B4F80730B4F80320A178FDF789
S31508012DB0CFFBA4E70220A2E71120A0E700093D0006
S31508012DC000232DE9F041A2B00793837A02898DF891
S31508012DD01E30437B0546012B0E46ADF81C200DD946
S31508012DE0B0F80B3053B140F271225343079A9A4215
S31508012DF004D31226304622B0BDE8F08130466C7FF6
S31508012E001EF0A4FD8442F4D10024442221460DEB90
S31508012E10020010941EF02DF90623162221460DF103
S31508012E202A008DF81B3095F812801EF022F9B5F8A4
S31508012E301B2012F00103ADF8282000F0AA802346D2
S31508012E40012231460DF11A001EF0E3FC3146044613
S31508012E50C3B29DF81A2010A81EF0DBFC0444E4B2A4
S31508012E609DF828305A0740F19B80234601223146B6
S31508012E700DF11B001EF0CDFC9DF81B702044C4B259
S31508012E809DF828301B0708D52346012231460DF146
S31508012E902A001EF0BEFC2044C4B29DF82830D8068C
S31508012EA014D501222346314609A81EF0B2FC9DF825
S31508012EB024302044FF2B13BF00220023012203F0F4
S31508012EC07F0343EAC213C4B28DF82B309DF828302C
S31508012ED099060FD523460422314608A81EF099FC07
S31508012EE02044C4B223460422314609A81EF091FCA7
S31508012EF00444E4B29DF828305A0610D52346012227
S31508012F0031460BA81EF085FC2044C4B22346012293
S31508012F1031460DF12D001EF07CFC0444E4B29DF906
S31508012F202830002B12DA2346012231460DF12E00F4
S31508012F301EF06FFC9DF82E302044C3F3000282F088
S31508012F40010262F30003C4B28DF82E309DF82930D0
S31508012F50DB070DD52346012231460DF12F001EF060
S31508012F6058FC231810223146DBB20CA81EF051FC7E
S31508012F709DF82930002113F0040F4FF0FF3018BFD8
S31508012F804FF423782C7920F0A5F8064650B10C2683
S31508012F9030E70D22314610A81EF03BFCC4B25FE7AC
S31508012FA00A276DE704F0EAFFE9790029EFD088429C
S31508012FB0EDD34FF0FF3020F045FA95F90E207E2A21
S31508012FC067D07F2A67D0142AE1DC02EB820252001D
S31508012FD0B4FA84F400214FF0FF30640920F046F872
S31508012FE005946B79002104936B784FF0FF300393B6
S31508012FF02B7800240293AB78CDE900739DF81B303A
S31508013000EA781FF07CFF01232146CDE90343CDE988
S31508013010013400934FF6FF7223464FF0FF30FDF758
S3150801302097FA2B7D22460393079B21460293B5F80F
S315080130300B304FF0FF3001936B7B00932346FDF76E
S315080130401DFAEB7C2146CDE901832B7C4FF0FF303D
S315080130500093EB7B6A7C1FF0ECFF0AAB03932B8B87
S3150801306020460293099B9DF81A200193089B10A9F3
S315080130700093AB7EFDF746F82146052322464FF01D
S31508013080FF3020F063F821464FF0FF30FDF728FBAB
S31508013090B0E6024A9CE7C8229AE700BF0CFEFFFF8A
S315080130A02DE9F341804601200F4616461EF08DFD97
S315080130B00190C8B34279EE2142F00102427113220E
S315080130C020F0BFFC01981B4C837994F84A200C33F5
S315080130D00344DA70D4F84B2039465A60B4F84F20C5
S315080130E01A8194F857209A7294F85220DA720022BB
S315080130F094F955509A7394F8562005EB8505C2F351
S3150801310081126D00DA739D8194F8532083F811803A
S315080131101A74B4F848201E755A82324621F08AFB81
S3150801312030B901A81EF086FB002002B0BDE8F08187
S315080131300198FAE7C85300202DE9F341804601209A
S315080131400F4616461EF041FD019088B342791521B6
S3150801315042F0010242710D2220F082FC0198174CBF
S315080131608379B4F84A200C330344A3F8032094F86E
S31508013170522039465A71002294F955501A7294F818
S31508013180562005EB8505C2F381126D005A72DD8062
S3150801319094F8532083F80B809A72B4F848209E73EA
S315080131A09A81324621F046FB30B901A81EF042FB4E
S315080131B0002002B0BDE8F0810198FAE7C853002063
S315080131C02DE9F341804601200F4616461EF0FDFC07
S315080131D00190B0B34279162142F0010242710E22E2
S315080131E020F03EFC01981A4C8379B4F84A200C3336
S315080131F00344A3F8032094F8572039465A7194F8E2
S3150801320052209A71002294F955505A7294F8562010
S3150801321005EB8505C2F381126D009A72A3F8075072
S3150801322094F8532083F80C80DA72B4F84820DE73D8
S31508013230A3F80D20324621F0FDFA30B901A81EF097
S31508013240F9FA002002B0BDE8F0810198FAE700BF5B
S31508013250C85300202DE9F043384D85B095F858300C
S31508013260013BDBB2032B4BD8354A402052F8237079
S31508013270002395F854600393D5F85C8004F002FBAB
S3150801328095F856308146DB0008B34246314603F0CD
S31508013290F80005F0F9FCDFF8AC9095F85630CDE961
S315080132A00068DB006421484695F8532003F0F803CB
S315080132B005F0A8FC044630B302464946FE20B84745
S315080132C0014698B303A826441EF0A2FBE5E7CDE91B
S315080132D00068642195F853201A4803F0F80305F0AD
S315080132E029FB0446484604F037FF164922460020C2
S315080132F0B847014668B103A81EF08AFB039BBBB910
S3150801330005B0BDE8F0830646002004F025FFFF2E30
S31508013310EBD103A81EF08EFA95F85830022BEFD19F
S315080133200721B5F84A0021F0C0FBE9E7FF26EBE7DC
S3150801333003A81EF09DFAFFF711FADFE7C85300202C
S315080133404C210408E3800020F8B507460D461646C9
S315080133501C4623B901201EF038FC0446C8B10622D2
S315080133600C21204620F07CFB691EC9B2032988BFBF
S315080133700022A37998BF074A03F10C0398BF525C50
S31508013380234420469F80DE70DA719A71FFF7E6F9C9
S315080133900120F8BD5C210408F8B5FFF719FA83790D
S315080133A01844B0F80F60B0B202F024FF0446C0B169
S315080133B022F0D2FF0138C0B2032814D800270B4BDC
S315080133C01C5CFFF70BFA054604233A4642F2300124
S315080133D020F024FBAB790C33E818C68004724472DA
S315080133E0F8BD0227EDE700242746EAE75C21040831
S315080133F02DE9F0411D4690460E46074604F048F869
S3150801340004F02CF80446404604F028F8194B044405
S315080134109D4225D9184B9D4215D9184B013D93FB61
S31508013420F4F3002BB8BF03339A1005EBA305B5FBDC
S31508013430F2F379683268A1EB930102EB43027960F2
S315080134403260BDE8F0810E4B0E4AA3FB05535B09BA
S3150801345004FB03F303F6C313A2FB0323DB0AE8E722
S3150801346004FB05F3084A03F574338F33A2FB0323E0
S315080134701B0CDEE74C6210001366660640420F001D
S315080134801F85EB515917B7D183DE1B43F8B50C4697
S31508013490064611462046174624F06EF9204605F0E1
S315080134A09FFC0546144B421C03F1180153F8040B03
S315080134B08B4242F8040BF9D11B781370FCF7B8FD5F
S315080134C0687304F05BFDEB7A2E2F60F30303EB724E
S315080134D00CD13046FCF712FD0123214680F8B330A2
S315080134E0064A3046BDE8F84024F076BA3046214609
S315080134F024F040F90020F8BD60210408E1350108EF
S3150801350038B50C460978054601F03F011FF086FFDC
S31508013510C31EDBB2022B58D9D4F801302E4A134008
S3150801352057D1A27A1F2A54D81A46C3F3C401214493
S31508013530497803F00700C140C90748BF013203F1C2
S31508013540010348BFD2B24F2BEFD10E2A41D92378B6
S3150801355003F03F02032A3CD87F2B3AD8237B002B62
S3150801356037D0022B33D8627B9AB3911EC9B2FC2994
S315080135702FD9A17C02292CD8E17C01F00F0106295B
S3150801358027D8E17A29B3217C032922D8FF2A07D033
S31508013590012B1ED0A37B012B1BD9E27B9A4218D3A0
S315080135A0637C013B022B14D82846FCF7A7FC90F84C
S315080135B0B23023B1011D204621F066FB30B9204601
S315080135C0BDE83840054921F05FBB0C2038BD112004
S315080135D0FCE71E20FAE700BF030080036021040808
S315080135E037B5044624F0C6F80321204622F062FCCA
S315080135F00025034621460120034A009524F008F9CF
S31508013600284603B030BD00BF1379030837B50D4608
S3150801361011460446FCF7C2FC02210563204622F046
S3150801362049FC00220346009221460120024A24F061
S31508013630EFF803B030BD00BF7D4F03082DE9F3470E
S3150801364088460646322140461546994624F094F89E
S31508013650404605F0C5FB04463046FCF74FFC09F029
S315080136603F03074663700221304622F023FC40F6E9
S31508013670CA0349460DF10202ADF80200019330462C
S3150801368001ABFCF723FEBDF80230304663809DF896
S3150801369004304FF0010A23719DF805304FF00009F7
S315080136A063719DF80630A37122F075FC40F2712210
S315080136B0431E5343E371C3F30721C3F3074321723F
S315080136C06372AB6884F80EA063816B6884F80F9007
S315080136D084F810903046B3FBF2F922F05CFCB9FB92
S315080136E0F0F35344A3812B79414663746B793046D1
S315080136F0A374AB79E374D5E90332524508BF0023B5
S31508013700E282A38295F82430237695F826306376EB
S315080137102B7FA3766B7FE376FF23237787F8B6A003
S31508013720E278A37843EA0223A7F8C03062792379BD
S3150801373043EA0223A27943EA0243C7F8B830227A58
S31508013740E37943EA0223627A43EA0243C7F8BC30C3
S31508013750E37B227C43EA0223A7F8C2306378054A51
S31508013760C3F3050387F8C43024F036F902B0BDE87F
S31508013770F08700BF7937010837B504460D468A79BF
S3150801378003230C320A445178528801F03F011FF095
S31508013790DDFC2946204623F0EDFF0321204622F0D1
S315080137A089FB0025034621460120034A009524F09A
S315080137B02FF8284603B030BD534E0308F0B58C796F
S315080137C087B00C340C4405460E46FCF797FB677820
S315080137D007F0C003402B1DD121F0ACFAC2B2C0F3E9
S315080137E00723C0F3074C000E6276E375A07684F8CA
S315080137F018C000240294114C1149205CCB5C01903D
S3150801380011F80C000F4900908A5C284607F03F0121
S315080138101FF00FFC3146284623F0ACFF032128464A
S3150801382022F048FB0024034629460120064A009453
S3150801383023F0EEFF204607B0F0BD00BF792104084A
S315080138407C21040884210408AB4D030873B50D4691
S315080138500221044622F02EFBAB7929462B44A3F814
S3150801386017000646204623F085FF2046FCF75AFB3B
S31508013870002808DA2046FCF741FB012380F8683066
S31508013880002002B070BD0023214600930120334673
S31508013890014A23F0BDFFF3E76B4C03082DE9F84F06
S315080138A00E46984605469146BDF828B09DF82CA0C7
S315080138B0BDF830709DF83C40FCF720FB036803EB2C
S315080138C0861696F83E3013B91E20BDE8F88F3146A4
S315080138D0FCF7D6FCC0B20E2850D90D9BA3F2E242E2
S315080138E0274B9A42F0D8A9F5FA7203F2EE239A42C7
S315080138F0EAD8A8F5FA729A42E6D8C145E4D8BBF1E6
S31508013900000FE1D0284622F046FB40F271235843C6
S315080139108045D9D2BAF1000FD6D0BAF1010F16D126
S31508013920002FD1D130461FF08DFA0D9B9842CBD886
S315080139309DF83830072BC7D820F069F8064680B9B4
S31508013940284622F009FD8442BED13046BDE7002F44
S31508013950BAD040F271235F430D9B96339F42E1D261
S31508013960B2E794FAA4F1B1FA81F12846013120F0BF
S3150801397053F880F001004001C0B2A6E74820A4E749
S315080139801D043D0010B5084C08492046084A24F094
S315080139908EF8204605F0ACF9BDE8104000204FF43A
S315080139A0804103F075BF00BFBC540020993C010853
S315080139B0494C03082DE9F04F8C798FB00C340C442F
S315080139C067780546C7F3050308930023CDE9033352
S315080139D094F91B3007F03F070293A37E89460193AA
S315080139E0E38A39460093A38A6289FCF7B1FD01226D
S315080139F0394628461FF05FFBA27C637C069043EAA2
S31508013A000223E27C284643EA024A40F27122B4F8CC
S31508013A100F30534340F6B732A3EB0A01914298BFE0
S31508013A20A3F6B83A22F004FA6279237910F001066E
S31508013A3043EA0223A27943EA024340F6CA0200F0A6
S31508013A40AC80284693422CBF0D930D9222F0A3FA1F
S31508013A5040F2712303FB00F66FF41C73227A1E44AD
S31508013A60E379394643EA0223627A284643EA02435E
S31508013A709E4228BF1E460D9BE2789E4238BF1E46CF
S31508013A80A37843EA0223ADF832300DF132020DABC9
S31508013A90FCF71CFC394604232846BDF832201FF0E2
S31508013AA055FBBDF8322033210A92A389484609936A
S31508013AB0B4F80F30DDF834800893A37E94F80EB07D
S31508013AC00793247E23F058FE484605F089F9477086
S31508013AD000270A9AC6714280C8F307224271C6F3C3
S31508013AE00722C6F3074602724672099B80F80480CC
S31508013AF04381BDF82030C8F30748A0F80D30CAF352
S31508013B0007230374CAF307434374079B80F80680A7
S31508013B10C374069B80F80CB0037580F80FA08474F3
S31508013B20477506902846FCF7E9F9069980F8B670B4
S31508013B30CA788B7843EA0223A0F8C0304A790B7910
S31508013B4043EA02238A7943EA0243C0F8B8300A7A7B
S31508013B50CB7943EA02234A7A43EA0243C0F8BC30E6
S31508013B608A7B4B7B43EA0223A0F8C2304B7849464D
S31508013B70C3F3050380F8C430284623F0FBFD03216F
S31508013B80284622F097F90346414A0097294601201B
S31508013B9023F03EFE0FB0BDE8F08F93422CBF0D9384
S31508013BA00D92E278A378394643EA02232846ADF80E
S31508013BB032300DF132020DABFCF788FB237E394614
S31508013BC0CDE902A3B4F80F300D9A0193A37B2846D9
S31508013BD00093A389FCF752FCBDF83230A27E079305
S31508013BE0A38934210993B4F80F304846DDF83480A7
S31508013BF094F80EB00B930A92247E23F0BDFD484635
S31508013C0005F0EEF8079B41784380BDF8243067F349
S31508013C100501A0F807300B9B0A9A4381CAF30723CB
S31508013C204373CAF30743837366F38711069B41708F
S31508013C3080F80480C8F30721C8F30748027443745F
S31508013C40417180F80680494680F809B080F80CA0D1
S31508013C50C4738674284623F08DFD2846FCF74EF971
S31508013C609DF82030394680F8C430BDF83220052346
S31508013C70A0F8C02080F8B66028461FF067FA3046DB
S31508013C8021F052F9BDF83230024A00967EE700BFAC
S31508013C90534E03081D4E03082DE9F04F8B79044650
S31508013CA00C33CE18CB5C0D462D3B8FB00D2B00F295
S31508013CB0AA84DFE813F095000E002B00B5006D010C
S31508013CC0910113023403EB0333043C0459043C0009
S31508013CD02804002121F002F9074610B12E233A469D
S31508013CE02AE0AE792E440D36304621F007F83246E1
S31508013CF001463B4620461FF07EF82F2229462046DC
S31508013D00FFF7C4FB01200FB0BDE8F08F0146012083
S31508013D1023F0BDFDAE792E440D36304620F0EEFF78
S31508013D202B460146324620461FF065F8EAE71FF0A2
S31508013D30F5FB30B939231A222946204605F062F8DF
S31508013D40E0E7204622F0A4FD10B939232F22F3E734
S31508013D502F21204622F0D7FC0028EBD020461FF061
S31508013D6085F82046FCF7CAF8AB7906460C332B448E
S31508013D70D3F801202D21C0F83520D3F80520C0F845
S31508013D803920D3F80920C0F82D20D3F80D20C0F822
S31508013D901D20D3F81120C0F82120284623F0ECFC79
S31508013DA0284605F01DF8D6F83D302946C0F80130F9
S31508013DB0D6F84130C0F80530D6F83130C0F80930A8
S31508013DC0D6F82530C0F80D30D6F82930C0F81130AC
S31508013DD0204623F0CFFC002120461FF068F891E722
S31508013DE00146012023F053FD2046FCF787F8AB79FD
S31508013DF029460C332B44D3F80120C0F83D20D3F8CB
S31508013E000520C0F84120D3F80920C0F83120D3F89D
S31508013E100D20C0F82520D3F81120C0F82920DBE7AA
S31508013E20002121F05BF8737807467F2B20464FF077
S31508013E30000805D9FCF762F880F8B5801E2789E0E5
S31508013E40FCF75CF880F8B580002F40F0838090F885
S31508013E50C430FF2B71D1737803F0C003402B40F0B7
S31508013E60838006F1010949462046FFF749FB80464A
S31508013E70074600286ED1317D0246C1F3011120465D
S31508013E801FF0B1FA0028D9D0337D717813F0300FBD
S31508013E9014BF0122002203F00F0305920493B37B9A
S31508013EA001F03F010393737B20460293737C0193D0
S31508013EB0337C0093F37BB27C1FF021F8B37D7178D4
S31508013EC00293737D01F03F011A0903F00F03019272
S31508013ED00093337BB21C20461FF069F8F07D727E91
S31508013EE07178CDF80880B77EDFF8F8C2BB4B1CF8AD
S31508013EF0077001F03F010197377EDF5D1B5CB8480B
S31508013F000097825C20461FF094F83121284677787D
S31508013F1023F032FC284604F063FFC7F30507294658
S31508013F204770204623F026FC00221146737803F0D9
S31508013F303F0320461FF01EF8E4E6012380F8B5305A
S31508013F40204621F075FF737810F0010F03F0C003C6
S31508013F5084D1232773783A4603F03F03002120468C
S31508013F601FF008F83023BAE67178204601F03F01C0
S31508013F701FF054FA0338C0B2022802D830231E2291
S31508013F80DAE67178204601F03F011EF0E2FFBCE750
S31508013F900146012023F07BFC2046AE79FBF7AEFFF4
S31508013FA00C362E44727890F8C43002F03F029342E0
S31508013FB00CD02946204631230C2204F023FF7178C0
S31508013FC0204601F03F011EF0C4FF9BE6FF22294669
S31508013FD080F8C4200022ACE7012196F8018020F080
S31508013FE07DFF08F03F080746002859D1327AF37950
S31508013FF07179B07E43EA02233279B77996F809C016
S3150801400042EA012271780590307E42EA074204901D
S3150801401096F812E0707C43EA0C4340EA0E2096F8C3
S3150801402013E001F03F0140EA0E400390B6F80F0095
S315080140300290B07B0190B08900902046FFF72EFCD4
S31508014040074668BB327AF37943EA0223727A43EA6E
S31508014050024340F6C902934221D9707E1FF018FA2D
S315080140600746E8B97178204601F03F011FF032F89A
S315080140700746A8B94FF40031204621F0E1FE1FF0AA
S3150801408064FA074604234146204672881FF05EF803
S31508014090FFB1424629462046FFF7B8FA32E62027FD
S315080140A00020434622463946CDE90100009020F01A
S315080140B024F9294632233A46204604F0A3FE41460E
S315080140C020461FF027F84FF40031204621F0BCFEA8
S315080140D018E629462046FFF76DFC13E6014601203E
S315080140E023F0D5FBAE790C362E44327AF379717901
S315080140F0F07C43EA02233279B77996F809C042EA95
S31508014100012271780590B07C42EA0742049096F83C
S3150801411010E0F07B43EA0C4340EA0E2096F811E0E2
S3150801412001F03F0140EA0E400390B6F80D000290F7
S31508014130307B0190708900902046FFF7AFFB074658
S31508014140B8BB727996F80480737848EA0228B2797E
S31508014150F77948EA0248327A03F03F0347EA022729
S31508014160727A0793204647EA0247B6F8029096F80C
S315080141700CB0B6F80DA0FBF7C1FE079B90F8C4205A
S315080141809A4215D1B0F8C030A9EB030919F4004FCA
S315080141900ED1D0F8B83098450AD3D0F8BC309F4232
S315080141A006D8BBF1010F1FD9B0F8C23053451BD948
S315080141B01E2700207678224606F03F063346394602
S315080141C0CDE90100009020F098F8294633233A46B4
S315080141D0204604F017FE314672E700BF7C21040829
S315080141E084210408792104087279337996F80180C3
S315080141F043EA0223B27908F03F0843EA024340F64C
S31508014200CA0293422CBF0D930D92F278B3784146B8
S3150801421043EA02232046ADF832300DF132020DABE6
S31508014220FCF754F8B37C41460393327CF37B204672
S3150801423043EA0223727C43EA02430293B6F80D303D
S315080142400D9A0193337B00937389FCF717F90122C1
S31508014250414620461EF02FFF96F9143000224146AA
S31508014260099020461EF017FFB37CBDF83220317C39
S315080142700B92F77B0793738947EA0127717C0A93A7
S31508014280F37C47EA014728463421DDF83490B6F82D
S315080142900DA096F80CB0089323F06EFA284604F0A0
S315080142A09FFD00260A9B0B9AA0F80730C7F3072340
S315080142B04373079B4280C373089BC9F307220374A0
S315080142C0099B80F804900773C9F307493F0C4271AB
S315080142D04374294680F8018080F8069080F809B071
S315080142E0A0F80AA087738674204623F043FA20466D
S315080142F0FBF704FEBDF832200523A0F8C02041468D
S3150801430020461EF023FF304620F00EFE21460120EE
S31508014310BDF83230BD4A009623F07AFAF2E40D91DF
S315080143200146012023F0B3FA0D9DAB790C331D44E8
S315080143306A792B79697843EA0223AA7901F03F0160
S3150801434043EA02432A7C0592EA7B0492687B2A7B2C
S3150801435042EA0022A87B42EA004203926A89204681
S3150801436002926A7A0192B5F8072000921A46FFF777
S3150801437095FA0146002839D16B792E79204646EA05
S315080143800326AB7995F8018046EA03466F8895F8C6
S3150801439009A0B5F80A90FBF7B1FD90F8C43008F00A
S315080143A03F08434530D1B0F8C030FF1A3B042BD43F
S315080143B0D0F8B8309E4227D3D0F8BC309E4223D8D5
S315080143C0BAF1010F03D9B0F8C2304B451CD86A7946
S315080143D02B79697843EA0223AA7901F03F0143EA76
S315080143E0024340F6C902934210D8202100236D7872
S315080143F0224605F03F05CDE9013300930D982B467A
S315080144001FF07BFF29465BE61E21EFE700222046C7
S3150801441095F911301EF03FFE69792A79E87BB5F8DE
S315080144200730AE7942EA0122697803906F7B287BCF
S3150801443042EA064240EA0720AF7B01F03F0140EA23
S315080144400740029068890190687A00902046FCF737
S3150801445015F82046FBF752FD6A8869780523A0F806
S31508014460C02001F03F0192B220461EF06FFE0020E7
S3150801447020F05AFD00226B88214600920120634AEA
S3150801448023F0C6F90DA81DF0D5F93BE422F000FA90
S3150801449008B935235AE4AE7920460C362E44778876
S315080144A0FBF72CFDB0F85C807178A7EB080313F4D1
S315080144B0004F4FF0080308BFB8460093424620460E
S315080144C0337901F03F011EF04EFE814610B13523C6
S315080144D0024631E43A2128467778367923F04CF9B1
S315080144E0284604F07DFC4B4607F03F0767F30503B2
S315080144F04370A0F80280067129462046444A23F0F3
S315080145006BFAFFF7FFBB06230D9171780093337998
S31508014510728801F03F011EF026FEB3E7002120F064
S31508014520DDFC021E4FF0360308BF112204E40146E2
S31508014530012023F0ACF92046AE79FBF7DFFC0C36F7
S315080145402E440746711C482269301CF09DFD012343
S3150801455087F8B430AB792246013300212846AB717E
S315080145601FF037FFFFF7CEBB0D91FBF7C7FC0746D8
S315080145702046FBF7D7FC002802DB97F8B65025B191
S315080145802046711C1EF046FD7CE729462046B6F8F2
S315080145900B8021F08FFC47F6FE73A8EB00081FFA83
S315080145A088F898450CD82146284621F038FC0D9BF9
S315080145B02146C36000952846B6F80B30154AABE686
S315080145C0711C20461EF026FD0DA81DF033F9FBF7D8
S315080145D02FFD4FF007080646E9B28E427FF692ABE9
S315080145E03B6803EB851393F83E30052B09D1B7F8E1
S315080145F05C202823013A2046CDF8008092B21EF0AD
S31508014600B2FD0135E8E70020FFF77DBB1D4E030823
S31508014610614C0308734D03082DE9F0410746022052
S315080146200E461DF0D2FA044660B3314638461EF0EE
S3150801463090FC054628B12046F9F788F82846BDE8D2
S31508014640F0813021204623F097F8204604F0C8FB74
S31508014650804629461B2206F03F0601301CF009FD5B
S31508014660384688F80160FBF749FC98F8013021467D
S31508014670C3F3050380F8C430034A3846BDE8F04160
S3150801468023F0AAB90725D9E7BD3701082DE9F04F67
S3150801469097B006939DF8803005460C939DF88430B3
S315080146A089460D939DF888309DF89CA00E939DF838
S315080146B090309DF8A0700F939DF894300B9210934B
S315080146C09DF8983011939DF8A43012939DF8A8305F
S315080146D00793FBF713FC90F8B2308046002B00F0E5
S315080146E0EF80079B49460293129B2846CDE9007342
S315080146F0239A0F9B1EF05BFC0446002840F0EC80D1
S3150801470002201DF062FA0646002800F0058140469F
S3150801471020F010FB814AC3B2D35CC0F30722089389
S315080147207F4B15909A5C30210992C0F307429B5C36
S31508014730000E0A937B4B13F80080304623F01CF8D1
S31508014740304604F04DFB83462846FBF7D7FB5A460D
S3150801475009F03F01239B41F0400102F8011F196846
S315080147601390C2F801105968C2F8051019890F9BF0
S31508014770A2F809108BF80C300B9B8BF80D30069BB1
S31508014780FF2B8BF80E300D9B0CBF00221A468BF8B7
S3150801479010204FF001020C9B8BF8132018BF1C4602
S315080147A00E9B4FEA0A128BF81130109B02F0300269
S315080147B08BF81230119B8BF80F4003F00F010A4357
S315080147C08BF814209BF8152067F303028BF8152044
S315080147D0002F00F08580129F9BF81520504967F33A
S315080147E007128BF8152008460022079B8BF816300E
S315080147F010F8014B099BA34274D1D2B28BF817204A
S31508014800002211F8010B0A9B834270D1D2B28BF8B0
S3150801481018200022414911F8010B089B83426BD1EC
S31508014820D2B2B8F10A0F8BF819206AD0B8F1140F71
S3150801483069D0B8F1280F68D10222D2B28BF81A20B2
S31508014840002228468BF81B200AF0030101221EF0DC
S31508014850CAFD00285BD028460BF10101FEF750FE80
S315080148600446002854D19BF80130139AC3F3050373
S3150801487082F8C430314628462B4A23F0ADF804465F
S3150801488050BBBAFA8AF35B090593119B494604930F
S31508014890069B109A03930B9B284602930E9B019342
S315080148A00D9B00930C9B1EF02AFB0A9B494600931D
S315080148B02846DDE90823CDE901841EF0BAFB0BE0A1
S315080148C090F8B330002B7FF40CAF284620F063FB39
S315080148D0044600283FF405AF204617B0BDE8F08F1F
S315080148E0079779E70132082A82D1FF2286E7013242
S315080148F0082A86D1FF228AE701320A2A8BD1FF22AA
S315080149008FE7002299E7012297E7FF2296E712240B
S315080149103046F8F71BFFDFE70724DDE784210408A3
S315080149207C21040879210408BD37010870B50646BB
S3150801493002201DF04AF9054640B330461EF096FAA4
S315080149403046FBF7DBFA39210446284622F014FFE4
S31508014950284604F045FAD4F835202946C0F801203E
S31508014960D4F83920C0F80520D4F82D20C0F809203C
S31508014970D4F81D20C0F80D20D4F82120C0F8112044
S315080149803046BDE87040024A23F026B8072070BDBC
S31508014990E135010838B5054602201DF016F9044629
S315080149A060B1362122F0E8FE204604F019FA2146C4
S315080149B02846BDE83840024A23F00EB8072038BD1C
S315080149C0E135010870B5064602200D461DF0FDF8D1
S315080149D00446A8B1382122F0CFFE204604F000FA99
S315080149E02B682146C0F801306B68064AC0F80530C5
S315080149F02B89A0F809303046BDE8704022F0ECBF9B
S31508014A00072070BD4D3801082DE9F0410546022001
S31508014A100F4616461DF0D9F80446D0B12846FBF7CD
S31508014A206DFA3521B0F85C80204622F0A5FE2046B5
S31508014A3004F0D6F94FF0000367F30503A0F80280E6
S31508014A40067121464370044A2846BDE8F04122F022
S31508014A50C3BF0720BDE8F081614C0308002273B586
S31508014A600E46114604461EF05AFE054638B14FF465
S31508014A700051204621F0E8F9284602B070BD3146BA
S31508014A80204622F077FE0321204621F013FA21461B
S31508014A900346034A0120009522F0BAFEECE700BF5F
S31508014AA07F50030810B5084C08492046002222F019
S31508014AB0FEFF204604F01CF9BDE810404FF4C02063
S31508014AC0002102F0E5BE00BFC8530020CB50030801
S31508014AD02DE9F843054601F0A1FBC0B2FCF782FCBB
S31508014AE0044660B1837A99060BD5002228461146F9
S31508014AF01EF015FE28B1A37A6FF34513A372BDE81C
S31508014B00F883A37A9A06FAD5284622F020FF402888
S31508014B10F5D00021284621F0CDF9A38807461B1AAE
S31508014B201BB2002BEBDC2AF049F88046284694F89C
S31508014B30089021F083F983041ED402201DF045F85C
S31508014B400646C8B14FF40051284621F079F91A21D1
S31508014B50304622F011FE304604F042F9314680F81B
S31508014B6001900C4A284622F037FF28B9E18841B955
S31508014B70A37A61F34513A3724046BDE8F8432AF0C8
S31508014B8018B8A3880B449BB2DA1B12B2002AF9DDC6
S31508014B90A380F1E75D4A01082DE9F0411D4613435B
S31508014BA007460C461646BDF8188006D12046BDE8CC
S31508014BB0F0411A46194620F028BB4146204622F004
S31508014BC001FE78B12146384621F029F94023867439
S31508014BD0C5742146069338464346BDE8F041024A64
S31508014BE022F016BEBDE8F081E9520308F7B50E4674
S31508014BF0054621F0AEFBB3790C3333445F789B78D5
S31508014C001F400378C3F3030000EA1310384020F06D
S31508014C10C5FA044668B9284620F0C9FA384020F092
S31508014C20BDFA044628B9284621F096FB02F0F0FBA6
S31508014C3004462846002121F008FA1721304622F0B9
S31508014C409BFD304604F0CCF8314644708470284602
S31508014C5022F090FD0321284621F02CF94022034633
S31508014C60009229460020024A22F0D2FD03B0F0BD87
S31508014C709D5203082DE9FF4107460E461446DFF803
S31508014C8038804346694638460A4A03F0C1FB00287C
S31508014C90F7D0102C254628BF102530462A466946E6
S31508014CA01CF0F2F9641B2F442E44EAD104B0BDE886
S31508014CB0F08100BFBB810020AB81002030B589B0EF
S31508014CC020226946FFF7D6FF6A460C4D04AB144607
S31508014CD003CC9C4228606960224605F10805F6D195
S31508014CE0074C08AD1A4603CAAA42206061601346FA
S31508014CF004F10804F6D109B030BD00BFAB8100202C
S31508014D00BB81002010B588B06946202017F090FCB9
S31508014D10044630B96846FFF7D1FF0122024B83F8F2
S31508014D202020204608B010BDAB81002070B5134B7A
S31508014D30054693F820300C468CB00BB9FFF7E2FF15
S31508014D400023CDE90033CDE9023354B91C222146AB
S31508014D5005A804941CF08DF904A8FFF7AFFF0CB061
S31508014D6070BD102C264628BF1026294632466846AD
S31508014D70FFF780FF3544A41BE7E700BFAB8100209E
S31508014D80034B5B68C01A034B80105843C0B2704787
S31508014D90C85400208BAFF88A38B58368044613B126
S31508014DA00830FDF779FC002504F17000A5611CF0B7
S31508014DB041FD606F256220F0FFFB074B6567586868
S31508014DC0064B201A80105843C0B2FCF723FB29462C
S31508014DD01EF082FC38BD00BFC85400208BAFF88A8C
S31508014DE02DE9F04700274FF08C08844C8AB094F8D7
S31508014DF022309F4210DA42F22003656808FB075504
S31508014E002A6A93432CD102201CF0DFFE064698B984
S31508014E104FF080700CF038FA794FE668002E5BD1B6
S31508014E204FF08C0844F2200994F822309E4263DB45
S31508014E3000200AB0BDE8F08700222B6A696F23F4C7
S31508014E40205343F4801322602B6259B10146284648
S31508014E5000F022F92B6F1BB902201CF0B6FE286759
S31508014E600137C4E795F83CE06268CDE90411CDE95C
S31508014E700211DFF8949195F82EC0AA1A9210CDF86E
S31508014E8004C009FB02F26B6AD2B2C3F34F0CCDF828
S31508014E9000C0734620F08BFB01460028DAD163680F
S31508014EA0CDE90700CDE90500EA1A95F82E309210EA
S31508014EB004936B6A09FB02F2C3F34F03039395F854
S31508014EC03C30304602934F4BD2B20193E37E0093B6
S31508014ED0A37E1EF0FCFDBDE729F070FE06463846A6
S31508014EE01CF0C6FC0546304629F063FE002D94D019
S31508014EF028461EF09AFE90E7656808FB06552B6A58
S31508014F0039EA030314D102201CF05FFE0746002884
S31508014F1071D02B6A13F480120CD061683A4B691A66
S31508014F2089105943C9B21EF071FE2846FFF734FFAE
S31508014F30013679E7980322600DD419030DD413F4C9
S31508014F40001F14BF07223E22696F41B13946284620
S31508014F5000F0A2F8E9E71A22F6E74422F4E76268C4
S31508014F6095F83C30CDE90411CDE90211DFF898A096
S31508014F7095F82E10AA1A92100AFB02F20191696A93
S31508014F803846C1F34F010091D2B23E2120F00FFB02
S31508014F900028CAD12B6A1B4813F4003229D113F40D
S31508014FA0002F20D044210260828062836368EA1A56
S31508014FB00023CDE90733CDE9053395F82E30921054
S31508014FC004936B6A0AFB02F2C3F34F03039395F842
S31508014FD03C30D2B2CDE90103E37E38460093A37E85
S31508014FE01EF075FDA1E713F4001F14BF07213E212A
S31508014FF0DCE71A21DAE707201BE700BFC8540020BF
S31508015000D4540020E45400208BAFF88A2DE9F043EC
S31508015010056F04460E468DB0002D38D0AA7990F852
S315080150208B800C321544FFF7ABFE07462046B5F8D0
S315080150300490FFF7A5FE656F41462B6993F8313059
S315080150400A93AB7909936B7908932B79079394F8AB
S315080150502E300693626AC2F34F02059294F83C30E9
S315080150600C4A0493039212F8013C029312F8023C8B
S315080150703A46CDE900034B4630461EF075FD04F16C
S3150801508070001CF0D7FB01200DB0BDE8F08328465F
S31508015090FAE700BFE454002070B58AB004460D460D
S315080150A01646FFF7B3FF002840D12046FFF768FEF2
S315080150B0636F02461969284691F831100591997965
S315080150C00491597903911B793146029394F82E304C
S315080150D00193636AC3F34F03009394F83C3020F0BD
S315080150E066FA18BB2046FFF74BFE636F024618693E
S315080150F00F4990F8310008909879079058790690E9
S315080151001B792846059394F82E300493636AC3F3F2
S315080151104F03039394F83C30029301F11C03019366
S31508015120CB7E00938B7E31461EF0D1FC0AB070BD52
S31508015130C854002010B5074C2368DA0607D523F0B2
S315080151401003236018B90220A1681DF0FEF8002398
S31508015150A36010BDEC540020F8B500230360037D5D
S3150801516004469D070CD550F8081FC90C01F4FC71BB
S3150801517041F00501FDF73EFA237D23F0020323756D
S31508015180A06820F055FA237D0546180703D5F9F7D7
S315080151907BFA28446060194F62683E4656F8041F38
S315080151A0AD1A79B921603460BB68E3B1607D597D78
S315080151B0884219D2217D09070FD5BDE8F84000209C
S315080151C0FFF7B8BF886820F033FA4B682B441B1ADF
S315080151D0002BE7DA0E460968E3E759681B690B44B1
S315080151E09B1A002BE9DAF8BDD3E9011020F020FA61
S315080151F0E3681A44521AC242F5D5DEE7EC54002098
S31508015200014610B5044603201DF09FF8054B1B689F
S31508015210D90305D4237D5A075CBF43F002032375DE
S3150801522010BD00BFEC540020014BD868DC3870472C
S31508015230EC540020034B10B5DC68F9F725FADC3C81
S31508015240201A10BDEC5400201822002101481BF039
S3150801525010BF00BFEC540020034B1B6813EA004340
S3150801526014BF012000207047EC54002030B5C0B1AE
S315080152704268B2B1104C25692B469BB945B1AB685A
S31508015280CB1A41BF5B42B3FBF2F303FB0222891837
S315080152900A4A816013684BB903601060237D0133A4
S315080152A0237530BD8342FCD01B68E6E79D686D1AFD
S315080152B0002DF1DA1A46EDE7EC540020FC540020E3
S315080152C040B1436833B1084B1A7D013A1A7553F850
S315080152D0102F02B970479042116801D119607047C1
S315080152E013460A46F5E700BFEC54002038B50446D4
S315080152F0084D0846AB68A34201D1FFF71BFF6B684F
S31508015300054A1BB1A342196801D1116038BD1A4675
S315080153100B46F6E7EC540020F05400202DE9F3473C
S315080153205E4D2B685A0700F18680AB68002B40F06A
S31508015330828055E8003F43F0040345E80032002A1D
S31508015340F7D16C689CB1F9F79FF901AA0146204685
S31508015350276920F075F908B920461EE0019B2668E1
S31508015360FF1AA6B96368DC371F44C5E9024755E841
S31508015370003F23F0040345E80032002AF7D1AC6860
S31508015380002C4CD102B0BDE8F047F9F783B9304695
S3150801539001AA20F055F918B93046FFF731FFD0E7D1
S315080153A0D6E901A020F044F9337DAAEB0000DB071A
S315080153B005D4019A33699B1AF2689B1A18446268E4
S315080153C0D3191B1A002B26DD9F4204D9E368801ADC
S315080153D0DC3383421ED994F8149019F0010F0FD1CA
S315080153E0A06820F025F92369D6F80C801A44A2EBA7
S315080153F00A02E368A2EB0802121ADC339A420CDCB1
S31508015400727D637D9A4206D219F0080FA4D0F76817
S31508015410344600E007463668A3E74746F8E7A36837
S3150801542013F4601F0AD121462B6843F010032B6041
S3150801543001201CF08AFF02B0BDE8F08704F10806D6
S315080154403046FDF7E5F82B68214643F010032B603B
S315080154500028EDD101201CF078FFA36813F4601F22
S315080154604FEAD341C3F3C2440ED0013CE4B201F47E
S31508015470FC7130462143FDF7BDF803213046FDF79F
S3150801548025F9002CD7D103E003213046FDF71EF993
S31508015490304602B0BDE8F047FDF7FEB8EC540020EF
S315080154A008B5034B996809B11CF04FFF08BD00BF49
S315080154B0EC540020014B9868704700BFEC5400205B
S315080154C00C4B70B59C68844212D1214602201CF00F
S315080154D03CFFD4E9016020F0ABF80546F9F7D4F8AA
S315080154E0801BE84221464CBF012003201CF02DFFFA
S315080154F070BD00BFEC540020114B70B59D682E6934
S315080155002C681CB96A6864B9B01870BD627D6B7D78
S315080155109A42F7D9204620F0E0F80028F2D124680B
S31508015520EFE7A06820F084F86FF0DB0361689B1A47
S315080155300B4429691B1A8B42D4BFD0185018E4E7CB
S31508015540EC540020542310B504680A490D20B4FB15
S31508015550F3F4F8F7D5FA0023A2B251211846F8F761
S3150801556075FA044618B9F8F7BBF8204610BD192490
S31508015570FBE700BF99DB0008014B1878704700BFAD
S31508015580CC810020437E0F4A1B01DBB282F81E3311
S3150801559082F81F3382F8213382F8203382F82233C6
S315080155A082F8233382F8243382F8253382F82733A5
S315080155B082F82633037F23B9037E1B01DBB282F807
S315080155C0223C704700E100E037B5054602F06CF968
S315080155D0044698B92846FFF7D5FFAB8A0DF10601AF
S315080155E0ADF80430EB8A01A8ADF8063020F07BF857
S315080155F00122034B1A70204603B030BD0224FAE794
S31508015600CC810020902238B50546164B00211C682E
S315080156102D0202FB004420461BF02BFD124B45F0E0
S3150801562001051B6804F10800DB7800216375E58232
S315080156301EF0D2F94FF00823E3641323A4F850307F
S315080156404FF60773A4F85830FF23084A84F85A30EE
S31508015650074B2046C4E91B32C4E91F32BDE838406E
S3150801566020F0D5BAD455002044560020555555008A
S31508015670D6BE898E034B1B68C01A034B00115843CB
S31508015680C0B27047D4550020398EE33830B5094B7E
S315080156901C791A680023D9B28C4201D8C82008E0BF
S315080156A011464D6C0133854202F19002F3D1B1F9ED
S315080156B0540030BDD45500202DE9F0411E468369BA
S315080156C004460F4615468BB169B929F077FA05469E
S315080156D03946A06C1CF02CFF2046394620F029FAE1
S315080156E0284629F066FA0020BDE8F0810029FAD09B
S315080156F0B0F85030DA0640F18380B4F85030DB0751
S3150801570000F18A80204620F033FA0028ECD1B4F85B
S315080157105030D90600F18D80D4E90A12204600F0EE
S31508015720E7FA012E11D040F27123B4F84C205A43FE
S3150801573090420AD9B4F84E205A4390427BD800F5D4
S315080157401C70B0FBF3F0A4F84C003C4BE268A36173
S3150801575022610023B4F8502084F8573012F0100F54
S315080157600CBF4FF48C778C27236A84F8566023F490
S315080157708073236207F2631755B140F27121B4F8B9
S315080157804E2043F48073C2EB05124A4323626262D8
S31508015790236A04F1080843F400632362284B1B6853
S315080157A0DB78637529F00AFA237D064643F0080378
S315080157B04046394623751EF00FF90120FFF74CFDC7
S315080157C028B9237D5A075CBF43F002032375A168F4
S315080157D04046C1F3C84141F09001FCF70BFF25B1E2
S315080157E0F8F752FF636A0344636220461FF04DFFD0
S315080157F0304629F0DEF90121A06C1CF099FE72E70A
S3150801580098077FF57AAFE06A1CF0A0F800287FF4C4
S3150801581074AF41F20C0067E7E36B002B7FF472AFBC
S3150801582000F056FFE06300287FF46CAF41F20900EF
S315080158305AE7044B8AE741F2450055E781260308F2
S31508015840445600207D5D010870B500249026094D57
S315080158502B79A34200DC70BD286806FB040090F88A
S315080158605930FF2B04D000231A461946FFF724FFA7
S315080158700134EDE7D455002038B50446002839D05F
S315080158800830FCF709FF0025FF2304F1280084F8F6
S315080158905930A5611BF0CEFF04F12C001BF0CAFF9D
S315080158A004F130001BF0C6FF04F134001BF0C2FFFF
S315080158B004F140001BF0BEFF104B1868104B201A6C
S315080158C000115843C0B2FBF7B1FD014628461DF049
S315080158D003FFE06B10B100F04FFFE563606C18B190
S315080158E021F0D5FA00236364A06C1CF029FE002080
S315080158F0A06438BD41F24200FBE700BFD455002041
S31508015900398EE338F0B5104B02461E6893F804C089
S3150801591035464FF0FF3400239C4508DC91B1631CE2
S3150801592010D0902303FB046080F85920F0BD95F848
S31508015930597028469742F9D0FF2F08BF1C46903563
S315080159400133E9E70020F1E7D4550020014B9868B7
S31508015950704700BFD455002070B500249026064D27
S315080159602B79A34201DC002070BD286806FB0400E0
S31508015970FFF782FF0134F3E7D455002038B50A4D05
S31508015980FFF7EAFFAB6813B100221A60DA801EF04E
S3150801599020FA00242B79A34200DC38BD2046FFF704
S315080159A031FE0134F6E700BFD4550020F8B50546A7
S315080159B000249027074E3279E3B29A4201D8002093
S315080159C0F8BD3068297807FB030020F080F8013418
S315080159D0F1E700BFD455002070B5344C0546A068E0
S315080159E018B1F7F7B3FE0023A360E06818B1F7F71B
S315080159F0ADFE0023E360FFF7C1FF0020FBF7DCFCE7
S31508015A0055B90320257125606583F8F763F8207970
S31508015A10FBF7D2FC28B970BD02201CF0D6F8A060AD
S31508015A2088B90025A06825712560002839D1E06864
S31508015A3018B1F7F78BFE0023E3600020FBF7BCFCE7
S31508015A4041F20700E7E702201CF0BFF8E0600028F2
S31508015A50E7D000260320257126606683F8F73AF811
S31508015A60B542D4DD05EBC501090133460122032000
S31508015A7089B2F7F7EBFF06460028D2D10320F8F7DB
S31508015A804BF820600028CCD0902231466A431BF09F
S31508015A90F0FA2379B342BADD3046FFF7B3FD013692
S31508015AA0F7E7F7F753FEA560C1E700BFD455002015
S31508015AB02DE9F0410025354E8AB03379AB4203DC36
S31508015AC001200AB0BDE8F0819023346803FB054440
S31508015AD094F85930FF2B0DD0236A980306D504F1A3
S31508015AE0400840461BF02AFF074628B9226A12F4E5
S31508015AF0A02F1ED10135E0E7BB7908A90C333B4439
S31508015B00D8689A7A1B8AC2F38012ADF8243000232A
S31508015B108DF81F2008901A460DF11F001CF013FA84
S31508015B2038469DF81F2094F8591008AB1EF0C6F8A0
S31508015B30D7E7B4F8503003F01D031D2B16D13C23CB
S31508015B40FF210020CDE90431CDE902000121CDE98B
S31508015B50000004F16203C2F3800221F002FC00286E
S31508015B60AFD0236A23F4A0232362C3E712F4803F4C
S31508015B7008BF3C214FF0000218BF432194F8573063
S31508015B8094F859001EF0FAF9E9E700BFD455002048
S31508015B902DE9F04304468F798BB00C370DF10409D2
S31508015BA0CD1901220E460DF1030049461CF0DCF918
S31508015BB0E36B804603930023E363B4F85030E87936
S31508015BC0C3F300138DF825302989F75921F088F890
S31508015BD0204B07441B6805975B7905F11802637525
S31508015BE0012306928DF8103005F10C03B8F1000F68
S31508015BF024D09DF80330CDF81C908DF820309DF8FF
S31508015C00252094F859308DF821300123DAB98DF819
S31508015C10223094F884308DF823306B7903A88DF8F7
S31508015C20243000F017FE012120461FF082FF30467E
S31508015C30F7F78CFD01200BB0BDE8F0830793AB7A2B
S31508015C40C3F38013D9E7AA7AC2F340128DF822204A
S31508015C50E1E700BF44560020F7B504461CF050FBA7
S31508015C60C0F30F23542B3ED9AA2B34BF0123022399
S31508015C70C0B27E288CBF0222012203218DF804308E
S31508015C801344B3FBF1F000EB40001B1A8DF8053005
S31508015C901344B3FBF1F202EB42029B1A8DF806306C
S31508015CA0002318461D461A46104901AF4B7617F8C8
S31508015CB0016B44FA06FC1CF0010F06D053009E4006
S31508015CC0012330430132C0B2D2B20135EDB2032D00
S31508015CD0EDD103B148764B7E43EA82134B76FF2317
S31508015CE00B7603B0F0BD0023C2E700BFD4550020F0
S31508015CF0F7B505466B461646174A0C4610685168AD
S31508015D0003C395F8583008336B4413F8087CB5F883
S31508015D105030DA0609D433462246394628461CF05D
S31508015D2011FC00F5FA7003B0F0BD20461BF00EFE1B
S31508015D30B5F8503000F10A049B074FEAC40405D0B0
S31508015D4030461BF003FE04F50C740444E823781E60
S31508015D50584304FB0700E4E78E210408064B1B6839
S31508015D60D97ADA78437D5B1A9342A8BFDAB2002161
S31508015D7042751FF09BBF00BF445600202DE9F04F26
S31508015D8003280C4687B000F0668107D8012820D081
S31508015D90022800F04E8107B0BDE8F08F312800F0E7
S31508015DA04F813228F7D1002305A80593F8F784FB1C
S31508015DB00028F0D105998B790B449B7D03F00F03DD
S31508015DC0032B00F06381052BE5D12046FFF7E0FEA2
S31508015DD0E1E7B1F85020B24BD0071D68C2F3400382
S31508015DE04FEA830348BF43F008032B81510742BF9B
S31508015DF02B8943F010032B81236ADA0642BF2A89CD
S31508015E0042F020022A815F0742BF2A8942F04002F6
S31508015E102A819E0642BF2A8942F080022A815806B3
S31508015E2042BF2B8943F480732B812B89590701D4EF
S31508015E301A0702D543F400732B81D4F8623004F1B2
S31508015E406201AB61B4F866302046AB8303911FF05B
S31508015E50FBFE20F040FE0022DFF84C82D8F808301D
S31508015E60DA80A06A1BF072FD0622D8F8086082461D
S31508015E70B77903990C37F35D06EB070903F04F036E
S31508015E80F355B4F850305FFA80FB103B89F80120CE
S31508015E900D2B31D8DFE803F0CA30C607300C303095
S31508015EA030303030300CF35D6FF30303F35523E0E4
S31508015EB00123F25D206A63F30302F2550C2210F006
S31508015EC0080F89F8012009F108020CD001924FF058
S31508015ED0FF32C0F3800000921A461CF03DF8F35DCC
S31508015EE043F08003E2E7D4F86230C9F808308B88BA
S31508015EF09380236A5907F2D4B4F85020F35D2046FB
S31508015F0062F34513F35509F102011CF07AFDF35DBD
S31508015F1060F38613F355B37999F8012002331344D4
S31508015F20F371B4F8503003F01403142B05D0BBF108
S31508015F30000F02D0524489F8012000235A46A16A6B
S31508015F40D8F808001BF03FFFD8F8080020F0C8FD74
S31508015F502B8928615A0738D54FF0000BD8F80C3031
S31508015F60A3F806B0E06A1BF0F1FCD8F80C6081468C
S31508015F70B77920460C37F35D06EB070A03F04003B1
S31508015F8043F00403F35506230AF102018AF80130A6
S31508015F901CF037FDF35D5FFA89F260F38613F3555A
S31508015FA0B1799AF8013002311944F17109F1060300
S31508015FB0E16A8AF80130D8F80C005B461BF003FF4A
S31508015FC0D8F80C0020F08CFD686140F27121B4F814
S31508015FD04C30B4F84E2094F85800D21AE36803F509
S31508015FE09C53083301FB02332361FFF735FE98F80A
S31508015FF019302B7300236B7394F87430EB72636852
S31508016000B4F978002B60F8F7C5FE2120237D1B071C
S3150801601042BF2B8943F001032B8107B0BDE8F04F3E
S3150801602001F016BBF35D62F303033FE70222F35D5A
S31508016030F9E7FFF73FFA84427FF4ADAE2220ECE799
S315080160400B7D23F008030B75154B1B689B7B43B12E
S31508016050012B7FF4A0AE204607B0BDE8F04FFFF74D
S315080160607DBE104B497D1A68D37A92780B449342C8
S31508016070D8BFDAB2A3696275002B3FF48CAE012151
S31508016080204607B0BDE8F04F1FF010BE04F14000EE
S315080160901BF0BEFC4FF4003120461FF000FE7AE6E5
S315080160A08856002044560020D455002038B50446A9
S315080160B0D0F8A400D0B194F830511BF0F3FB81B2AB
S315080160C00631284620F00CFE83B240F271200849B9
S315080160D0B4F87C20098C424341438A42B8BF0A4638
S315080160E003F548709042B8BF104638BD0346ECE741
S315080160F0F055002030B5174B826A1B68D2065979CC
S3150801610026D5828F1C79836B1203B2FBF3F2631ACD
S31508016110B2FBF3F2B0F8A03003B1013BD0F8A450BA
S3150801612005B15B101B02B3FBF2F35B180CD090F8B8
S3150801613099200F2A08D91209B3EB820FB8BF002399
S315080161404FEA8201A8BF5B1A9C42A8BF1C46E1B26E
S31508016150417530BD4456002010B50446FFF7AAF92B
S31508016160A0420AD1054B1B6893F8203080F83430D9
S31508016170BDE81040222001F06BBA10BD88560020F8
S315080161802DE9F0411A4C06462368A3B92EB100251C
S315080161904FF4A478EFB2B74211DB0020BDE8F081D5
S315080161A02068013507FB03001CF0D3F8A27BEBB28C
S315080161B09A42F5D8EAE700254FF4A477F6E720686E
S315080161C0013508FB07001CF0C2F80028E2D00025BB
S315080161D04FF4A47605E0206806FB05001CF0B9F823
S315080161E00135EBB2BB42F6D341F20700D6E700BF51
S315080161F0F0550020084B9A7B82420AD94FF4A472C3
S315080162001B6802FB0030836A13F0040F08BF0020E5
S3150801621070470020704700BFF0550020084A094919
S315080162201368C31AD810002B01FB00F005DB937B1A
S315080162308342D8BF4FF0FF3070474FF0FF307047A9
S31508016240F0550020199C8FC170B504460E4628F0FA
S31508016250B5FC054604F1300252E8003F334342E8F3
S3150801626000310029F8D12046FFF7D8FF01230B4A50
S3150801627003FA00F002F11C0353E8003F034302F15D
S315080162801C0444E800310029F4D14FF480700AF067
S31508016290FBFF2846BDE8704028F08BBCF05500206E
S315080162A070B505460C46C2B9012620461DF073F99C
S315080162B0B5F84010441C284621F056FB14FB06F499
S315080162C00028A4B207DD844205DB01280EBF044677
S315080162D000F1FF3084B2204670BD836ADE07E3D53C
S315080162E0C28F002AE0D0D906DED5DA05DCD4D0F88B
S315080162F0A430002BD8D10C4B1B6893F8213013F02E
S315080163000C0FD1D103F01202122ACDD15B06CBD5DF
S31508016310FFF784FF80B21DF040F90028C4D1EE8F43
S315080163200136B6B2C1E700BF885600202DE9F0470D
S3150801633089466A490446CB8A63B9826812F4601FA2
S315080163404FEAD24301BFC3F3C40303EB830302EB52
S315080163508302CA82B9F1000F02D120461FF05DFD02
S31508016360B4F8A050002D40F0A880A36A13F0100FCE
S315080163700CBF3E23082384F87B302046FFF7BAFE7C
S31508016380FFF74CFF86B2074630461DF00EF98246E6
S3150801639030461DF008F930B130461DF0FAF80021F3
S315080163A030461DF0FFF8236B580409D54FF4804198
S315080163B004F130001FF0CBFC00212046FFF744FF13
S315080163C0FFB24A4639462046B4F84080FFF768FFCF
S315080163D0B4F84030A4F880001844A4F840005DB130
S315080163E0204604F06BFA20461DF026F92046B4F83B
S315080163F0401021F06DF9054630461DF0D6F8504596
S3150801640010D0A36AD9070DD44A4639462046A4F8BE
S315080164104080FFF745FFB4F84030A4F880001844DF
S31508016420A4F84000B4F84030434502D230461DF086
S31508016430B8F830461DF0AEF8B4F88030B4F8A020AC
S3150801644094F87410D21AA4F8A02094F8732003FBC8
S3150801645001222521B2FBF1F001FB102284F87320F9
S315080164606DB3A26AD20712D5A26B2046534340F2F6
S31508016470712204F14401534394F84220FCF7B8FF12
S31508016480606C85082046FFF711FE2844E06040F25B
S315080164907125A16B2046013969431FF061FCA36B85
S315080164A0B4F8802020465A436368012105FB02336C
S315080164B06360BDE8F0471FF005B901255DE7204691
S315080164C0082121F041F920460221FFF7BDFE2946A0
S315080164D02046BDE8F0471FF0E4B800BFF05500209C
S315080164E008B501F09FFAFB22104B10F0020FDA7380
S315080164F044F290221A820CBF012203224107197B1A
S3150801650048BF42F0040262F3030119731A7BC2F30E
S31508016510030161F307121A73032204211A76002272
S3150801652019755A82DA61DA8208BD00BFF055002072
S315080165302DE9F843564C0546A06818B1F7F706F950
S315080165400023A360EEB230461DF055FA80460028B6
S3150801655039D130461FF035FCA8BBFFF711FE0746B7
S315080165600220F7F7B7FA002D59D005EB850105EB9F
S31508016570C101C90043460122022089B2F7F766FA2A
S315080165800746002846D102204FF4A479A673F7F7E7
S31508016590C3FA394609FB05F220601AF06AFD236839
S315080165A0681EF9B2814209FB01F207F101072CDBEA
S315080165B00021284699506360FFF7E2FD50BB30463B
S315080165C01CF0E2FF88B3002500201DF014FA002014
S315080165D01FF0F7FB0020FFF7D3FD0220F7F77AFA41
S315080165E02846C4E90055A5731CF0CEFF284604F0D9
S315080165F091F82846F9F722FD2846FAF7C7FE022040
S31508016600F7F768FA4FF007083FE002F5A471194455
S315080166109950C6E70023C4E90033A373D3E7C4E955
S315080166200055A573002FCAD0CDE7304604F072F89D
S315080166300028C8D12846FAF7A9FE0028C3D1304652
S31508016640F9F7FCFC0028BED130461FF0B4FB06461C
S315080166500028B8D1002D18DD02201BF0B6FA022356
S31508016660A060C37183793146C3F102020C33D2B2F9
S3150801667018441AF0FEFC0121A3689A7913441A7B7F
S3150801668061F301021A73FFF72BFF4046BDE8F88351
S31508016690F0550020014B987B704700BFF05500204C
S315080166A030B50A4B4FF4A4751A689C7B002318462B
S315080166B02832D9B28C4200D830BD05FB03F15158B6
S315080166C00133890644BF0130C0B2F2E7F055002014
S315080166D02DE9F04128F072FA254D06466C6824B971
S315080166E028F067FA2046BDE8F0814FF4A4772368BD
S315080166F03A4600212046D4F81C806B601AF0B9FC92
S3150801670020233046A362C4F81C8028F052FA0123DC
S31508016710237584F83031A3F10113E367EB7BAA896A
S3150801672084F842312B8A0021A4F84031072384F8E2
S315080167308930104BA4F84421C4F88C3003F1CE53A8
S3150801674003F59813C4F8903041F61B33A4F8943036
S315080167501B2304F1080084F89630A4F88A701DF00A
S315080167603BF92046FFF75AFD80B21CF00FFFB9E747
S31508016770F05500204801480170B504461FF0C0FBDA
S3150801678004F10800FBF788FF28F018FA4FF4A47201
S31508016790054600212046E6691AF06BFC064BE661C0
S315080167A053F8042F2AB928461C60BDE8704028F022
S315080167B000BA13461268F5E7F05500202DE9F041B5
S315080167C006464FF480400F4601F05CF8044630B99E
S315080167D00E4B1D6893F80E807535A04502D800202A
S315080167E0BDE8F08155F84D3C5A0709D5C3F3400376
S315080167F0BB4205D10622294630461AF010FC18B1CB
S31508016800013405F5A475E8E70B20E9E7F055002002
S3150801681010B5044610B9084B198410BDA0F87C10B0
S31508016820A0F87E20FFF742FC2169E0602046BDE81A
S3150801683010401FF095BA00BFF0550020014BD873E0
S3150801684019827047F0550020014BD87B704700BF6D
S31508016850F05500202DE9F04FD0E9029590F918106E
S3150801686087B0027D0291417E019204680779036926
S31508016870427D90F816A090F81780002940F0FC8018
S31508016880A8F1030101298CBF022603260393B5F853
S3150801689008B084F89F202A4652F8101BBAF1000066
S315080168A018BF0120C4F8281104F14801F8F760FF60
S315080168B0204620F042FF20461FF085FA1CF064F9B5
S315080168C04146024620461DF09DF8C8220DF11601E3
S315080168D02046ADF816201FF070FA43F6FF7104F54D
S315080168E094701BF0A0FDAA88039BA4F82C21AA7911
S315080168F084F82E211A68C4F875209B88A4F8793083
S31508016900019B1BB1A36A43F00203A362BAF1000F0C
S3150801691003D0A36A43F40073A3624FF4607000F0D6
S31508016920B1FFC0F3C01AC3054FEA8A1A48BF4AF035
S31508016930800A810548BF4AF4807A28F03FF9A36A9C
S3150801694043F00403A362E36A43EA0A03E36228F015
S3150801695030F994F8343043F0100384F83430BB1E10
S31508016960012B00F28B80A36A43F48043A3620121C1
S315080169702046FFF769FC0421204620F0E5FE6B7DE1
S315080169802046C3F3040384F874306A8907F0FD07C7
S315080169905200A263697B2A7B42EA0122E287E97BEC
S315080169A0AA7B42EA0122A2876A7D84F87330C2F380
S315080169B0421284F8422000220523A4F8402001222D
S315080169C0A4F8A030A4F8802002991FF001FA01F07A
S315080169D023F820F40060C4E908012046FFF78AFB82
S315080169E0414BB3F816A0BAF1000F05D1002F40F2BA
S315080169F0C71A18BF4FF4D77A2046FFF70FFC3B4B4F
S31508016A00000240F00300E082C4F80490A361002F5D
S31508016A103AD12046FFF74AFBB8F1010FE06005D0ED
S31508016A204146204684F830811FF00FFB04F1080621
S31508016A30304651461CF0D0FF0120FEF70DFC28B95F
S31508016A40237D5A075CBF43F002032375A1683046CC
S31508016A50C1F3C84141F08801FBF7CCFD40F2712131
S31508016A606B892046013B59431FF07AF920461EF0EF
S31508016A700CFE07B0BDE8F08F012607E7012F7FF46A
S31508016A8076AF40F2014173E740F27127760006EBD3
S31508016A904B067E4309EB06036360A36A04F14409C6
S31508016AA043F00103A36294F83430494643F00103E5
S31508016AB0204684F834301EF087F833464946204686
S31508016AC094F84220FCF794FCEB7901225B004946D5
S31508016AD020467B431EF07EF8636C20469E08FFF72E
S31508016AE0E5FA304498E700BFF0550020ED6F01083C
S31508016AF010B4C46A14F0080F11D144F0080423F441
S31508016B001053C46223F01003064C1B0414401B0CDB
S31508016B10C0E9084340215DF8044BFFF795BB5DF8D2
S31508016B20044B70472FCF87F700232DE9F3474E799A
S31508016B300546B20758BF06F00106084648BF0326B0
S31508016B40ADF8043058BF01360C461CF077FD0746F0
S31508016B5007F01F03002BEB6A15BF4FF001084FF032
S31508016B6000084FF003094FF002099B050CD59DF863
S31508016B700430214666F3010368F345138DF80430A2
S31508016B802846019A20F0ACFA20461AF0DFFE824622
S31508016B90494620461AF095FE9DF80430A27966F317
S31508016BA0010368F345138DF804308DF805A0BDF887
S31508016BB004300C32A3529DF80430A1189806637963
S31508016BC048BF8F7043F00103637127F0F7FF214631
S31508016BD0074605F1A4001AF01BFF95F84631013363
S31508016BE085F84631AB6ADA070ED52846FFF716FB54
S31508016BF080B21CF0CCFC30B34388B5F880209A42A9
S31508016C0002D928461FF0ABFBFEF754FC854214D186
S31508016C100E4B20461E681FF063FF2C360146304690
S31508016C201FF054FEAB6ADB0707D430461FF049FE56
S31508016C30022802D8232000F00BFD384602B0BDE831
S31508016C40F04727F0B6BF0123D7E700BF88560020D3
S31508016C502DE9F04F85B004460191084661B34B7999
S31508016C609A071AD41AF072FE019A60B9537901A8E3
S31508016C70DB0742BFA36A43F40063A3621AF0DAFD95
S31508016C8005B0BDE8F08FA36A1F0506D523F4006396
S31508016C90A362537943F001035371019E27F08EFFD6
S31508016CA0737931469E0705461ED504F1AC001AF0E4
S31508016CB0BEFE284627F07DFFDFF8909127F07EFF7C
S31508016CC0A36A07465D0614D5D4F8AC3043B19A7960
S31508016CD013441B7B3A2B03D829FA03F3D80711D49B
S31508016CE0384627F066FFCBE704F1A8001AF090FEB4
S31508016CF0DFE794F94631022BF2DCD4E92A2372B98B
S31508016D00002BEDD004F1AC001AF0B2FD0546384669
S31508016D1027F04FFF29462046FFF706FFCEE7002B4F
S31508016D20F0D194F89680039304F1A80BD4F8A860DF
S31508016D3096F807A0B379AAEB030A5FFA8AFAC2455D
S31508016D4027DC58461AF0FAFD0546A8EB0A086B79BE
S31508016D5029466FF3C3036B7103A81AF059FED4F8D9
S31508016D60A8302BB15B79990702D1B8F1000FDDD1B3
S31508016D70039B002BB4D09B79022B40D800201AF034
S31508016D8024FF014670BB039904F1A8001AF04FFECF
S31508016D90A6E700201AF019FF054630B9039904F150
S31508016DA0A8001AF044FE03959AE78079B1790C3068
S31508016DB00C314246314428441AF066F9EB7953FA04
S31508016DC088F3EB71B379727953FA88F3B3716B79F6
S31508016DD04FF0000862F300036B7173796FF30003D8
S31508016DE07371B4E7039B4A79587960F300024A71D3
S31508016DF05A7903A86FF300025A711AF013FEE36A6F
S31508016E009A0512D50398034600680028FBD1DB7959
S31508016E10C3F14503DBB2032B07D81AF0D6FE0146A8
S31508016E200028B0D003A81AF0F3FDD4F8A83013B19E
S31508016E305B79DB0704D5039A537943F00803537149
S31508016E40384627F0B6FE039965E700BF7C2C020099
S31508016E5000232DE9F041174D05F11C0252E8006F98
S31508016E6042E80034002CF7D14FF001086EB9F4B1AD
S31508016E7005F11C0353E8003F234305F11C0242E8D0
S31508016E8000300028F4D1BDE8F08196FAA6F0B0FAF0
S31508016E9080F008FA00F726EA0706FFF7ABF900289B
S31508016EA0E4D01FF097FA0028E0D13C43DEE7012041
S31508016EB0E9E700BFF05500202DE9F74F0446019098
S31508016EC0002860D0C5794FF000080C35054427F035
S31508016ED075FE464600904FF4A47A40462B4FBA7B7E
S31508016EE05FFA88F94A4517D90AFB09FB3A685A44F1
S31508016EF0916A4B0744D5B2F89820C2F30B02002ACF
S31508016F003ED0E279C2F14502D2B2032A15D802204F
S31508016F101AF05BFE044640B9002300987B8227F0ED
S31508016F2048FE304603B0BDE8F08F014601A81AF0C5
S31508016F306FFD0020E5790C35254404220123002143
S31508016F4012FB003305F82090E9543B6802FB005C0C
S31508016F505B44B3F8983001368CF80230032312FBF0
S31508016F600032A9543B6801305B44B3F89820C0B29B
S31508016F7061F30B02A3F89820E379F6B20433E371BF
S31508016F8008F10108ABE70646CBE700BFF05500203C
S31508016F90F7B56846F8F7E0FB00254FF4A477124EDB
S31508016FA0B37BAB4201DC03B0F0BD346807FB054493
S31508016FB0A36A03F00503042B13D10522694604F1DC
S31508016FC049001AF02CF860B10121204620F074FD21
S31508016FD038B901201AF0F9FD014610B1204602F030
S31508016FE029FA0135DCE700BFF05500202DE9F04FFD
S31508016FF031280C4685B000F093810AD8022800F0A2
S31508017000E380032800F0E680012847D005B0BDE8F3
S31508017010F08F322800F0EE803328F7D101F1A40071
S315080170201AF026FC94F846310390013B84F8463160
S31508017030437903F00A03082B20D1B4F898300420C9
S315080170405A1C62F30B03A4F8983000F01BFCA8B194
S315080170502046FFF7E3F880B21CF099FA002800F001
S3150801706057814188AB4A937C0B44DBB29374127DFA
S315080170709A4203D84FF080600AF006F903A81AF07D
S31508017080D9FBD4F8A8301BB9D4F8AC30002BBDD045
S315080170904FF480512046FFF7D7F8B7E791F89930B2
S315080170A008466FF3071381F899301EF075FE84F8C8
S315080170B0310120461CF099FCB4F93401F7F76AFE50
S315080170C0954B20461D68FFF7A9F885F8250094F821
S315080170D0343085F82030002385F8213085F82330AF
S315080170E0E26A94F8933002F4C062B2F5C06F03D134
S315080170F00433FF2B28BFFF2385F8243063684FF438
S3150801710000306B60A36ADB0742BF636C9B08AB6008
S3150801711000F0B8FB00284CD0FEF7EEF9D4F8283178
S31508017120E8602B6194F831317A4E6B76D4F82C31BC
S3150801713005F12C076B6194F830312B76637D85F860
S3150801714022301FF0C8FC38461FF0B8FBB0681FF0A4
S31508017150C7FC0023A8620393D4F8A40003A91FF06F
S31508017160C9FD48BB212000F073FAD4F8A83013B939
S31508017170D4F8AC3023B14FF480512046FFF764F8B8
S31508017180042000F07FFB00283FF440AFB37C002BBE
S315080171903FF43CAFF37C327E0133DBB29A42F3749F
S315080171A03FF634AF4FF0806005B0BDE8F04F0AF006
S315080171B06BB8FEF739F8B1E703981FF091FC014661
S315080171C038461FF083FBC7E7084605B0BDE8F04F10
S315080171D0FEF7C2BF91F89930C3F30312013262F385
S315080171E0071381F899300021204605B0BDE8F04F14
S315080171F0FFF79CB8002603A80396F7F75DF9204622
S31508017200FFF70CF8C0B2FAF7EDF805462046FFF786
S3150801721005F8039B29460193B4F8403082B20093DE
S3150801722002203346FAF726F903998B7903F10C05FF
S315080172300D44AA7A0A3312F0200F14BF0322022240
S3150801724013448B71E36A5F050FD5AB7AEA7A204658
S3150801725043EA02221FF05DFF38B903A81AF0EAFAD9
S315080172603D2120461FF094FAD0E6A36A95F80AB0A4
S315080172701E0603990BF00302C3F3C01012D5032AA5
S315080172808B79EAD10B441A7B3A2AE6D8234BD340A9
S31508017290D807E2D54B79204643F002034B7101F03A
S315080172A0E9FDB3E6032AF5D04B790BF0030B60F33E
S315080172B041034B71084695F8069095F905A01AF011
S315080172C045FB039E0746B5792046063DEDB2B571E5
S315080172D0FEF7A4FF0C35C0F3032306EB050843EAC2
S315080172E00B1388F803303346FFB288F80200A8F872
S315080172F0047006F805A088F801905A796FF34102DF
S315080173005A711B68002BF8D130461CF010FD7DE63A
S315080173100121A7E6F0550020885600207C2C0200A2
S31508017320344B8E8F1D68360195F8203081F834303C
S315080173308B6BE08FB6FBF3F6B1F8A010B3B21B1A4C
S31508017340994295F821204CDCD1064CBF0021022137
S3150801735094F831011BF012FC95F82130DB071BD597
S31508017360A36ADF0706D52B682046636004F144014A
S315080173701DF02AFC95F82130D80602D4A36AD9064D
S3150801738006D4A4F8A060204695F927101EF020FD22
S31508017390A36A43F01003A36295F82020E36A9206D4
S315080173A04CBF43F0010323F00103E36295F8213052
S315080173B09B0606D52046FEF731FF012180B21CF057
S315080173C0F1F895F82130204603F01203122B0ED15D
S315080173D01EF024FD95F8261020461EF01DFD0121FC
S315080173E002E79207B8D5032194F83101B2E71EF0F6
S315080173F014FDEFE788560020012838BF012001292E
S3150801740038BF0121014B187519767047F0550020D0
S315080174100138C0B203289ABF014B185C0020704797
S3150801742099210408431E012B05D9022902D8024BCA
S31508017430585C70470020704796210408431E042BA8
S31508017440054A07D8052808BF03200621431E01FB64
S315080174500320704710467047C4210408014B53F8AE
S3150801746020007047A021040810B560B10022074C1E
S31508017470D3B2013354F823101346814202F10102B3
S31508017480F6D2D8B210BD0120FCE700BFA02104083E
S31508017490024BDB6993F87F00704700BF280B002079
S315080174A0024BDB6983F87F00704700BF280B002079
S315080174B070B51646028B04468A420D461DD2438B89
S315080174C023B90EB1D5B23570206970BD0C4B01696F
S315080174D0184619F0D9FD0346208B61692D1A1844FF
S315080174E0638B9D42A8BF1D46EAB219F0CDFD16B1C0
S315080174F0238B1D443570024870BD002EE3D1E3E7A6
S31508017500CD8100200022024BC3E90022704700BF4B
S315080175103856002010B5074C24220021204619F0C0
S31508017520A8FD06232384044BE36100F06BFB94302A
S31508017530206010BD14560020AB6A030810B5044636
S3150801754027F033FB0022044B5C60044BBDE8104076
S31508017550DA6127F025BB00BF3856002014560020F3
S31508017560024B03EB80035960704700BF1456002095
S31508017570034B03EB80035868003818BF0120704796
S315080175801456002010B5044627F00FFB0022044BC1
S31508017590DC61044BBDE810405A6027F001BB00BF0F
S315080175A0145600203856002070B5C6B2212E04465E
S315080175B0144D10D1F6F70AFE230CC4F3074405EB64
S315080175C084042B846368EB61EB69CBB13046296887
S315080175D0BDE870401847222EF6D127F0EFFAEB697D
S315080175E0044633B10020FFF7CDFFFF232B84F7F7BD
S315080175F03DF800F051FA2046BDE8704027F0D9BAA7
S3150801760070BD00BF1456002038B5104B04461A78D1
S3150801761012B100221A7038BDC5B2FDF74BFF68B129
S31508017620C38AB3EB144F0BD1312D02D101201AF0C5
S3150801763017FF2846BDE83840FDF732BFFF23F0E7BC
S315080176402846BDE838401FF013BA00BF3856002057
S3150801765038B5A0F121030E2B04461AD8FDF72AFFE7
S31508017660A8B3C08AFF2832D0212C4FEA004508D199
S3150801767000201AF0F5FE45F02100BDE8384000F07B
S3150801768087BA222C44EA0500F7D1BDE838401FF035
S3150801769002BAA0F131031E2B0ED8114B188C44EAFD
S315080176A0004000F089FA312C11D10020FFF76AFF5A
S315080176B0BDE838401AF064BEA0F111030E2B06D8B6
S315080176C0132C40F4C02003D006D9142CD5D038BDCC
S315080176D00122044B1A70D0E7BDE8384000F06CBAB5
S315080176E014560020385600200B4A10B5D3690446B3
S315080176F01BB11168BDE810401847084B5B6813B108
S31508017700BDE810401847FDF7D5FE014618B1836953
S315080177100BB12046EEE710BD14560020385600205E
S31508017720024B186908B109F0AFBD7047480B002034
S315080177300C4B73B51C6804B10C3400250A4B68461A
S315080177401E68356000F062FA009B20467360F6F702
S31508017750EDFC28461FF00AF9024802B0BDE8704060
S315080177601AF068B84056002088560020002310B544
S31508017770424A02F1100151E8001F02F1100C4CE8CF
S315080177800034002CF5D140EA0104A00201D5FDF729
S31508017790C5FD210101D5F6F72BFFE20301D500F05E
S315080177A0B1F9002C01DAFBF71FF8630001D502F0E5
S315080177B06DFBE00007D5FEF77BF920B94FF0805144
S315080177C02F481FF02BF9610107D51EF08CFF20B950
S315080177D04FF080612A481FF021F9A20105D51BF057
S315080177E0CCF9FFF7D5FB1AF0A7FEE30108D5FDF79B
S315080177F0F7FA072804D14FF0807121481FF00EF9D6
S31508017800600201D5F7F760FB210201D5F9F718FEE9
S31508017810E20207D5F9F72CF920B94FF48011184877
S315080178201FF0FCF8A30507D501F0BAFA20B94FF401
S31508017830007113481FF0F2F8E00507D5FFF708FBBA
S3150801784020B94FF480710E481FF0E8F8610503D599
S315080178501AF007FE1AF006FE220501D51DF03DF9BC
S31508017860A30309D51AF0FFFD30B9BDE810404FF45E
S31508017870003103481FF0D2B810BD00BF480B0020E5
S31508017880580B0020014B1B6818407047480B002015
S3150801789010B5044BD3E9064204430A43C3E9064239
S315080178A010BD00BF480B002038B50546354CFDF71D
S315080178B0CBFC00212022204619F0DBFB4CF20C0000
S315080178C00021FFF7E5FFC5B1AB684FF6FF7200204F
S315080178D0698B2360FEF79CFF02201AF076F92A4B82
S315080178E0186000284BD02B460C3005F1200253F8BE
S315080178F0041B934240F8041BF9D1244B2448A36086
S3150801790000232373F5F758FFFAF750FE2846F6F7D2
S3150801791057FF044670BBF6F7D7FB20B14FF48070CA
S315080179200021FFF7B5FFF6F7D5FB20B14FF400604C
S315080179300021FFF7ADFF2DB1B5F91210B5F9100009
S31508017940F7F740FA1BF024F900F0F4FDFDF7DAF930
S31508017950044678B9FAF730FF00F082F800F042F9E8
S31508017960FFF7D0FD00F0B6F830B900F0B9F80446D3
S315080179701FF0B1F8204638BDFFF7DAFEF8E7012413
S31508017980F8E700BF480B0020405600202177010880
S315080179904C0B002010B5054BD3E9064224EA000436
S315080179A022EA0102C3E9064210BD00BF480B0020C6
S315080179B070B505460E46FEF773FE044628BB154B01
S315080179C02F2DD3E9062313D113F4804F1FD001209D
S315080179D0A5F12003C5F1200200FA03F320FA02F209
S315080179E043EA0201A8406EB1FFF752FF204670BD77
S315080179F0262D02D113F0200FE8E7202D07D112F02A
S31508017A00405FE3E7FFF7C6FFF0E70C24EEE7112432
S31508017A10ECE700BF480B0020014BD3E9060170478C
S31508017A20480B0020054B9B69DA054CBF0320012052
S31508017A301B0548BF40F00400704700BF480B0020F3
S31508017A40014B1860704700BF445600202022034BA3
S31508017A50C3E900229A6000221A7670476C56002004
S31508017A6038B50025094C0A4B1C2229462046C3E98C
S31508017A70005519F0FEFAFFF7E9FF30230122C4E9A0
S31508017A8003336361034B65761A7038BD6C56002063
S31508017A90485600206A88002008B527F08FF8FFF7B6
S31508017AA0D5FF3023084A0949D36013615361CB6076
S31508017AB00B614B610023537601224B76044B1A70F6
S31508017AC0BDE8084027F075B8505600206C560020CE
S31508017AD06A880020014B1878704700BF1082002081
S31508017AE010B5044C23781BB91EF0D7FF0123237068
S31508017AF0002010BD10820020014B1868704700BF96
S31508017B00485600202DE9F04127F058F81C4F8046C9
S31508017B103B7843B94FF4803009F0B6FB4046BDE8DF
S31508017B20F04127F046B8174E174C35460FCD0FC40E
S31508017B3095E80700002584E80700FFF787FF30234B
S31508017B404046C6E90333736175763D7027F031F80F
S31508017B500E4E103CE068302804D07368C6E9003040
S31508017B60FFF752FD54F8040B202801D0FFF71CFD3E
S31508017B700135EDB2032DEDD101233B70BDE8F0814E
S31508017B806A8800206C56002050560020485600206E
S31508017B9010B5044627F012F8064A137E42F8234028
S31508017BA00133137627F005F8BDE810404FF480300D
S31508017BB009F06ABB6C56002010B5044626F0FEFF94
S31508017BC0074A537E02EB83010133CC60537626F0D4
S31508017BD0F0FFBDE810404FF4803009F055BB00BFF7
S31508017BE06C560020F4220021014819F042BA00BF60
S31508017BF08C560020014B024A1A60704788560020AD
S31508017C0020570020004870478C560020024A02601F
S31508017C104FF400724260704780570020014B186E7E
S31508017C2080B2704700C001B80A4BD86800F070608E
S31508017C30B0F1106F0CD008D8B0F1E06F08D0B0F1F0
S31508017C40006F14BF002001207047B0F1406FF8E7BC
S31508017C5001207047000002B8002307B5CDE90033BB
S31508017C60034B6946186924F0F4FD03B05DF804FB7B
S31508017C70280B002010B5F7F78DF80022064CE369AA
S31508017C80206983F87D200AF0B3FA20690121BDE84D
S31508017C90104024F04BBF00BF280B002007B5074B47
S31508017CA08DF8000001911869694624F04FFF0028F4
S31508017CB014BF1F20002003B05DF804FB280B002029
S31508017CC030B504468FB00D462E2200210DF10A006B
S31508017CD019F0CFF994F83F300C95C3F102038DF8EA
S31508017CE00830254B254D079340F2DC53ADF820307B
S31508017CF0234B02A90A930233099394F83D30013BB9
S31508017D008DF822301F4B18689A889B7900908DF858
S31508017D10063094F83930ADF8042038336B4413F83B
S31508017D20383C28698DF82330E37FADF8103094F894
S31508017D302030ADF8123094F82130ADF81430E38ACA
S31508017D40ADF8163094F82230ADF8183094F825308D
S31508017D5001338DF8093024F0E1FE94F83F30EA69E1
S31508017D60002B40F6060308BF0623916F0B4323F445
S31508017D70C04393670FB030BD9C590020280B0020E3
S31508017D800C710020DF210408034BDA69936F43F471
S31508017D9000639367704700BF280B00202DE9F04365
S31508017DA0164604460D4690F80280354A8DB0002ED7
S31508017DB064D01378334F7B7194F80090B9F1000FB2
S31508017DC003D03B6843F480633B6082F8008000215E
S31508017DD0142207A819F04DF92B4B182213F809306C
S31508017DE02A498DF804302A4B0878069363780130BE
S31508017DF0022B94BF002301238DF805306368C0B2B6
S31508017E000393E369ADF80880049395F83F30087049
S31508017E1083F00103534304EB030898F808201D492E
S31508017E2000F001008DF8072001EB001922B10C338F
S31508017E304846E11819F028F998F809301822003B44
S31508017E4018BF01238DF8063095F83F30294602FB05
S31508017E5003435B896A46ADF80A300023204600933E
S31508017E60CDF81490F9F714FA009B3246386901A93E
S31508017E700B9324F063FE0DB0BDE8F083434699E702
S31508017E8032820020280B0020DC21040831820020E0
S31508017E90805900201182002010B50A4C0021206962
S31508017EA024F044FE00201AF067FA00201AF066FA58
S31508017EB0E269BDE81040936F23F400639367F6F710
S31508017EC099BF00BF280B0020034B93F88E0724386F
S31508017ED0400040B2704700BF80690020014BB3F9EA
S31508017EE08C07704780690020094BD9785A7802298E
S31508017EF008BF7F23C1700BBF03719978054BB3F98E
S31508017F0006301ABF017142714271C380704700BFC2
S31508017F108059002000C0FFFF084BDA78C270FF22A3
S31508017F20027193F9022012F1800F08BF7F22427174
S31508017F309A885B78C2800372704700BF8059002017
S31508017F4000230D4AF0B502F1150400F10807DDB268
S31508017F50A94200D8F0BD32F902CF03EB83054619D1
S31508017F60A6F804C0B2F90AC00133A6F806C014F887
S31508017F70016F7E55EBE700BF80590020014B186958
S31508017F8024F0E7BD280B002007B501AA0DF103016E
S31508017F901BF0FEFB044B019A9A609DF803201A73A5
S31508017FA003B05DF804FB00BF14710020074A0128DD
S31508017FB01388064996BF23F0010343F001039BB2D8
S31508017FC01380034B186924F0A3BD00BF1471002068
S31508017FD0280B002008B5074B186924F09DFD064BB0
S31508017FE01C220021184619F044F8044A426004226A
S31508017FF0428008BD280B0020147100201071002052
S31508018000014B5868704700BF1471002010B50B4C1E
S315080180100B4B62689A420CD141F2AB30F5F7BCFDC5
S31508018020033020F003030328636004D941F2A8331F
S315080180306380002010BD0720FCE700BF14710020F3
S31508018040107100200122024B00209A76704700BF6A
S31508018050147100200C4B10B59C7E24B121B91AB9B4
S315080180601A7600221A8010BD0228187604D800282C
S31508018070F7D00420188002E00338012802D9C3E9A1
S315080180800412F0E70220F5E71471002070B5114CCF
S31508018090A37EEBB1104EF36993F87D30013B012BBA
S315080180A016D82369A3B1257E45B19A7A12F010052F
S315080180B004D0186802F00F05FFF766FF2846FFF798
S315080180C075FF617E21B93069BDE8704024F018BD9D
S315080180D070BD00BF14710020280B0020F8B51C4E96
S315080180E00146B57E7DB11B4FFB6993F87D30013B97
S315080180F0012B2AD8756935B1307E30B90024254659
S315080181002046FFF753FF2846F8BD1BF0B1FA04468F
S315080181100028F3D0337E022B08D1FB6993F87D3012
S31508018120022B03D10121386924F01FFC247804F0BD
S315080181301F05A409012C03D0A31E5C425C416400FF
S3150801814073691868FFF720FFDAE70025DBE700BF48
S3150801815014710020280B002070B5044626F02EFD68
S315080181600E4D06466B7E84B12BB11F24304626F090
S3150801817020FD204670BD0A4B186924F0C3FC00286F
S31508018180F3D001236B760024F0E7002BEDD0044BE6
S31508018190214618696C7624F0B3FCF4E714710020C3
S315080181A0280B002008B5044B186924F0AFFC034BD3
S315080181B0B0FBF3F008BD00BF280B0020A086010024
S315080181C008B5024B186924F09FFC08BD280B00204E
S315080181D038B5044680790C4D0C302044FFF77EFFF4
S315080181E00123A179E279521A0C3121442869D2B2C4
S315080181F024F087FB246804B938BDA179E279002304
S31508018200521A0C31F1E700BF280B00202DE9F04185
S31508018210054680790C460C30284416461F46FFF75A
S315080182205DFFA979EA79DFF85C80521A0C310123DE
S31508018230D8F81000D2B2294424F063FB44B1E3799B
S31508018240A2799B1ADBB2B34204D30CB1002F04DC2A
S31508018250BDE8F0812468F61AF0E7A179E5790023EB
S315080182606D1AEDB2AD1BBD42A8BF3D460C31314476
S315080182702144D8F81000AAB224F043FB002624684A
S315080182807F1BE2E7280B00202DE9F04F87B0074650
S3150801829092469B46ADF80C1019F058FBB0F100094F
S315080182A045DD26F08BFC0290002F43D03C464FF06B
S315080182B00008294EA279E57902F10C01AD1AEDB251
S315080182C0214406EB08002A4618F0DEFE2468A84475
S315080182D0002CEFD19DF80C1020484A4601F02301E5
S315080182E00DF1140900915B46C0F808A01A49CDF8AA
S315080182F0049026F076FEBA469AF806309AF80750A0
S3150801830003F10C00ED1AEDB2311950442A4618F062
S31508018310BBFEDAF800A02C44BAF1000FECD10298A2
S3150801832026F047FC04224946384619F0B0FD07B045
S31508018330BDE8F08F9DF80C1008484A4601F0230164
S315080183400DF1140900915B46C0F808A00249CDF861
S31508018350049026F046FEE2E730710020948500205D
S315080183602DE9F04784B0904699460390ADF8081078
S3150801837019F0ECFA071F002F25DD039D002D40D0CB
S315080183804FF0000A204EAB79EC7903F10C01E41A9F
S31508018390E4B2294406EB0A00224618F075FE2D6858
S315080183A0A244002DEFD11948F119C0F808800191AE
S315080183B09DF808104B4601F0230100913A461249EF
S315080183C026F003FE18B1002004B0BDE8F087039D2E
S315080183D07DB10746AB79EC7903F10C00E41AE4B2F6
S315080183E0F1192844224618F04FFE2D682744002D1E
S315080183F0F0D103A8042119F04BFB012004B0BDE814
S31508018400F087014ECFE700BF307100209485002028
S3150801841030B514460D460246064883B001958021BB
S3150801842083602346009426F0E8FDB0FA80F04009FF
S3150801843003B030BD948500200023F0B50E46D168FF
S315080184408BB009BA0291C17890F800C061F30703AD
S3150801845081781A4D61F30F23417802AF61F317430F
S315080184606CF31F630993936851681BBA0393836876
S3150801847009BA1BBA0793136842681BBA0593C368FE
S3150801848012BA1BBA06AC0491AF600892069323464A
S31508018490802229460120009426F0B2FD0028F6D153
S315080184A0DDE90810DDE9063200BA09BA12BA1BBAC3
S315080184B030607160B260F3600BB0F0BD9485002046
S315080184C02DE9F84FDFF868908246D9F800B088465A
S315080184D01746BBF1000F28D0002699F80450B5427B
S315080184E007D13D7099F80400A84214BF0120022063
S315080184F017E074196110C1EBC10159448879C4F3B5
S31508018500470400F00100B8EB000003D106225046EB
S3150801851018F085FD002806DB02D0661CF6B2DEE7F8
S315080185203C70BDE8F88F2546D9E70320F9E700BF77
S31508018530407200200022014B1A71704740720020D8
S31508018540F8B5054626F03AFB104C85F3070563791D
S315080185500646AB4205D10024304626F02AFB2046C2
S31508018560F8BD002720686571277110B119F0D6FC8E
S3150801857027606379002BEED0C5EBC500F5F70CFB38
S3150801858020600028E7D160710724E5E740720020E2
S31508018590002230B5084B1C791B68944201DC002087
S315080185A005E05D6C03F19001854201D1184630BDA5
S315080185B00B460132F1E700BFD45500202DE9F341FE
S315080185C00D4617460446002847D0036A13F00103EF
S315080185D046D083692BBB1EF0F7FB224B04F130060C
S315080185E0A361F6F751F800F5BB50103043F6FF7159
S315080185F06060304619F017FF2046FDF747F8014637
S31508018600304619F010FF04F1200252E8003F43F00A
S31508018610040342E800310029F7D14FF4800008F03D
S3150801862033FE6368A68DA3EB050805F6B835ED1A82
S31508018630002D06DB40F27122636A013602FB0388CC
S31508018640B6B2FEF725FF0023019000932046434664
S31508018650324639461EF007FC122002B0BDE8F08109
S315080186601846FAE7318801082DE9F84315460E46FA
S3150801867099460746FDF76AF90446284619F066F948
S31508018680DFF890800021B8F80430C51A3078F6F77B
S31508018690ADFF25EAE5752B18FF2B08DD317801B901
S315080186A00130033041F010013170C0F1FF05089B1C
S315080186B0C9F800001D603378DB060DD519F020FED8
S315080186C02523B0FBF3F202FB130107F14000C9B2FF
S315080186D0F7F798F888F80600002320461A463178F5
S315080186E01AF03EF8204609991AF08DF897F83820BD
S315080186F0204698F80610F6F74FFF2046B7F93C10C2
S315080187001AF0EFF8204629461AF0FFF82046BDE888
S31508018710F88300BF487200202DE9F04186B004466F
S315080187201EF04AFB0746002504F130001EF070FAD8
S315080187303A4600210320FFF78DFC2E4E8DF80F5087
S31508018740002F50D0FB7913F020024ED0F27903F0B6
S315080187501F039B1AAB4209DD012B14BF1423042303
S31508018760BD798DF80F3005F01F05ED00236A0197D5
S315080187709A0748BF9DF80F300DF10F0144BF43F02A
S3150801878040038DF80F3005AB0093E26E04AB20462B
S31508018790FFF76AFFDDE904178046394494F8380083
S315080187A01AF027F99DF80F300544DB061FD529462F
S315080187B04046F6F739FF104B6168A3613368627D5D
S315080187C0194400201EF03BFA3B464046B288E16E4A
S315080187D0FFF71CFDB3883B44B38033682B443360F1
S315080187E006B0BDE8F0813D46C0E71546BEE7034B36
S315080187F0E2E700BF487200201189010831880108A3
S315080188000A4B5A8B22B9826812F4601F08BF5A8331
S3150801881040F27121838D426A01338385436801FBE6
S315080188200233012143601CF04DBF00BFD45500201F
S31508018830032870B50C4609D004D8012818D0022897
S3150801884036D070BD51283BD05628FAD1236A4FF449
S31508018850800043F0A003236208F016FD2A4B1B682B
S31508018860D97A5A79637D5B1A934246DBDAB244E0D8
S3150801887000260B6A254D1A07AE802E6009D523F00E
S3150801888008030B6201F16C0018F0D4FF236FC4E9E9
S315080188901B360023226BA18D04F14000EB71F6F71C
S315080188A0BBFF84F839002046BDE87040FFF734BFA6
S315080188B0FCF700FE8442C4D1BDE87040F5F752BE0C
S315080188C0124DEB790133EB710B6ADB060DD5C86ED8
S315080188D019F03CF8AB88984207D1236A4FF4800017
S315080188E043F02003236208F0CFFC074B617D1A6829
S315080188F0D37A12790B449342B8DD62752046BDE8F6
S315080189007040FFF77DBF00BF445600204872002023
S3150801891051280B4609D1064A1846D1790131D17138
S31508018920927983F83920FFF7F7BEFFF781BF00BFB9
S31508018930487200202DE9F04F1E4689B0139C129DFE
S3150801894004EBD47C05EB85054FEA6C0C0CEB45076B
S31508018950894600928346FFF753FBA949FB1781FB1A
S315080189600752139CC3EBA203321FD2B204FB02F2D5
S31508018970D21B81FB0251D217C2EBA102934200F32B
S315080189803B81013200EB820C00224FEA830800EB9F
S315080189908305B5F90010B5F902E00029B8BF4942C7
S315080189A0BEF1000FB8BFCEF1000E09B20FFA8EFE66
S315080189B07145B8BF714604358A42B8BF0A4665454E
S315080189C0E7D11399804401EB070C30F92310B8F964
S315080189D00230A6F10C0EC3EB83135B0093FBF2F393
S315080189E00793009B5FFA8EFE5B00BEFBF3FEC1EBAD
S315080189F08111490091FBF2F10EF1080ECE45A8BF8F
S31508018A00CE46139B139C069103EB0C017C4B66180F
S31508018A10A71983FB015483FB07580294139C019100
S31508018A203D19FF17C7EBA80704EB050883FB0C4A9A
S31508018A304FEAEC7CCCEBAA0CF24683FB069EF617B2
S31508018A40C6EBAE0683FB059EED17C5EBAE0583FBAC
S31508018A50089E4FEAE878C8EBAE084FEAE17E02992C
S31508018A6030F92590CEEBA10130F921E000EB810127
S31508018A70B1F90210CEEB8E1EC1EB81114FEA4E0EF3
S31508018A8049009EFBF2F491FBF2FECDF80CE030F9B9
S31508018A9027E000EB8707CEEB8E1E4FEA4E0E9EFBB4
S31508018AA0F2FEB7F90210CDF810E0C1EB81114900C9
S31508018AB091FBF2FE00EB8505CDF814E030F926E0CE
S31508018AC000EB8606B6F90270B5F9026030F92C504A
S31508018AD000EB8C0CBCF9021000EB880CBCF902C047
S31508018AE030F92880CCEB8C1C4FEA4C0C9CFBF2FC31
S31508018AF08BF80DC04FF0000CCEEB8E1E4FEA4E0ED2
S31508018B00C7EB87179EFBF2FE7F0097FBF2F70294ED
S31508018B10029CC8EB881864F3070C039C4FEA4808C3
S31508018B2064F30F2C98FBF2F86EF3174C67F31F6C7E
S31508018B300027C9EB89194FEA4909C6EB861699FB3D
S31508018B40F2F9760096FBF2F68BF80C80CBF804C0A6
S31508018B50049CC5EB851564F30707059C6D0064F352
S31508018B600F2769F3174766F31F670026C1EB8111C3
S31508018B7095FBF2F5490091FBF2F1CBF80870069FD7
S31508018B80BAF1070F67F30706079F67F30F2665F321
S31508018B90174661F31F661399CBF8006001EB81054F
S31508018BA001990D4424DD5E46009F1399ABF10E0C25
S31508018BB001FB07F70CEB4A0C7F0083FB0514E91749
S31508018BC0C1EBA40100EB8104B4F9024030F921108C
S31508018BD0C4EB8414C1EB81116400490094FBF2F4DF
S31508018BE091FBF2F10236B4453D4474733173E4D115
S31508018BF0504609B0BDE8F08F00224FEA8308E0E647
S31508018C0067666666F8B50F46079D043BDBB205FB4A
S31508018C1003F31A4A1A4C82FB0312069EDD17D4F88F
S31508018C2000C0C5EBA205AD1B65440446FFF7E8F98C
S31508018C30AF42A8BF2F46002F1EDD4FF0000C114B87
S31508018C4000EB8600B3F900E0861C651C36F92C306A
S31508018C5030F92C20C3EB8313C2EB82125B0052005E
S31508018C6093FBFEF392FBFEF204F81C2005F81C3078
S31508018C700CF1010C6745E9D13846F8BD67666666A9
S31508018C80587200201A80002038B502FB00F5154BF2
S31508018C90154C83FB05234FEAE57C2160CCEBA30445
S31508018CA0FFF7AEF9632D4FF0000118DD00EB840CD8
S31508018CB0ACF1240CB0F90030B0F90220002BB8BF92
S31508018CC05B42002AB8BF52421BB212B29342B8BFE6
S31508018CD0134604309942B8BF19468445EAD1034B75
S31508018CE0198038BD67666666587200201A800020AA
S31508018CF0024B1A6802601860704700BF6072002054
S31508018D000022024B1A6000F00DBA00BF6072002003
S31508018D102DE9F84306461DF09CF80446002835D08F
S31508018D2045784DB925F04AFF237863701B4B1B68BC
S31508018D302570636025F03DFF4FF00108677837B964
S31508018D4023781BB34FF4007008F09EFA1EE097FAD9
S31508018D50A7F5B5FA85F508FA05F55FFA85F96368A1
S31508018D6033B90E4B27EA050565701B686360E5E7AD
S31508018D709B681BB963681B686360F0E74946304620
S31508018D809847012805D163681B6863600120BDE81F
S31508018D90F8830228EED10020F9E700BF60720020AF
S31508018DA070B500250D4EFDF775FCA84201D80120C6
S31508018DB012E03068FDF71EFA50B93468FDF76AFC0F
S31508018DC00134B4FBF0F303FB104401353460EAE7E0
S31508018DD0FFF79EFF0028F0D170BD00BF5C7200202E
S31508018DE010B50446837903441B7B3A2B96BF044A84
S31508018DF0FF21D15C18F0EEFCA0790C30204410BD9F
S31508018E00E6210408F8B5174606460C461D461DF028
S31508018E1015F8020713D5022130461DF074FC70B10E
S31508018E20112120461EF0A8FC2046FFF7D9FF457000
S31508018E30877021463046BDE8F840FDF709BF29206D
S31508018E400B49C5F12002A5F12003E94000FA02F217
S31508018E5020FA03F311431943CB07E1D40D21204628
S31508018E601EF08AFC2046FFF7BBFF4770E1E700BF0B
S31508018E70000040842DE9F34105460C4601911CF09A
S31508018E80D7FF030705D501A818F0D4FC02B0BDE841
S31508018E90F081019FBE790C36BB5D3A2B18D8164A6C
S31508018EA012F80380B8F1FF0F12D0384618F04EFDBC
S31508018EB0013840450CD1114B1E6896B92146284602
S31508018EC0A37923441A7B02B0BDE8F0411EF068BCC1
S31508018ED0019818F0AFFC2846BA5D01991EF060FCAE
S31508018EE0D4E773680BB93668E7E7214628469847F9
S31508018EF00028F8D0CAE700BFE621040860720020FE
S31508018F0037B504460D4608211CF094FF294620462C
S31508018F101CF0CDFF214601201EF0E9FC2146002068
S31508018F201EF0E5FC012000232146034A00901EF0AD
S31508018F306FFC03B030BD00BFCD76030837B50446D4
S31508018F401EF051FE032120461CF0B4FF00250346FE
S31508018F5021460120034A00951EF05AFC284603B013
S31508018F6030BD00BFCD7A03082DE9F74F80460F467D
S31508018F701CF064FF10F4801651D1022018F025FE6A
S31508018F80054600284DD0BB7931460C333B44B3F82E
S31508018F900490B3F806B0B3F808A01EF0EDFB284616
S31508018FA0FFF71EFF0221044640461CF083FFA4F882
S31508018FB004906081A4F806B0A4F808A019F0A0F9F5
S31508018FC009F10109B0FBF9F303FB190002236080DB
S31508018FD06370AB79BB71EA7903F10C00FA71D21AA5
S31508018FE0D2B22918384418F04FF8414601201CF02E
S31508018FF016FF1022C76063894146012000920A4A7A
S315080190001EF006FC4FF4803140461CF019FF40461D
S3150801901029461EF0AFFB304603B0BDE8F08F23208A
S31508019020FAE70720F8E700BF237C03082DE9F34197
S3150801903004460D46014601201CF0F1FE01210746B2
S3150801904028461EF099FB2846FFF7CAFE064600F198
S3150801905001084046F6F780FBD6F801300221C7F829
S31508019060123073792046BB751CF024FF2946074642
S31508019070F08020461EF07EFB202321460093012026
S315080190803B46034A1EF0C4FB002002B0BDE8F0814E
S31508019090B37B03087FB504460D461CF0C9FEC2071B
S315080190A03BD520461CF0CAFE430715D500232046AA
S315080190B01A460DF10F011DF036F99DF80F30062BF2
S315080190C00AD82846F4F742FB012200232046FDF779
S315080190D00FFD002004B070BD0E2128461EF04CFB82
S315080190E02846FFF77DFE0646FEF796FCC6F80510EC
S315080190F0FEF792FC2946C6F8010020461EF03AFB07
S31508019100032120461CF0D6FE002203460092214682
S315080191100120034A1EF07CFBDBE70821DDE700BFDF
S31508019120D17A030810B5054C054A204605491EF0B3
S31508019130BEFC2046BDE81040FFF7DABD6472002088
S31508019140A17C0308A59201082DE9F04191F8068052
S315080191500F4686B008F10C080391044601EB080690
S31508019160014601201CF05BFE17F808300546023B54
S315080191700F2B00F28E80DFE803F0088C8C8C8C6351
S315080191808C6D8C8C2D5C8C8C8C4D25F017FD717833
S31508019190054620461CF08BFE082120461CF04AFE97
S315080191A0214601201EF0A3FB214600201EF09FFB4D
S315080191B001230093002321461846374A1EF028FB4F
S315080191C003A818F037FB284625F0F3FC012006B062
S315080191D0BDE8F081B3882046728871781DF08EF853
S315080191E020461CF02BFE830708D4204603991EF05F
S315080191F0FAFC012120461EF0A7FAE7E7AA68274BE1
S315080192009A4203D1214601201EF041FB03A818F01A
S3150801921011FBEEE7836843B103AA0492B2780321EE
S315080192208DF8142004AA2046984703A818F002FBD3
S31508019230CCE78368002BF8D003AA04927278EEE78C
S315080192408368002BF1D00022059203AA0492042117
S3150801925004AAE8E7039D21460120AE791CF0DFFD4B
S315080192600F4B82689A4203D02846F4F76FFAADE7A6
S31508019270AB19D3F80D202046D3F81130FDF738FC89
S315080192802846F4F763FA214601201EF000FB022165
S31508019290B0E700209BE700BFDB7B0308CD7A030814
S315080192A0D17A03082DE9F3410D4604461CF0C0FDA9
S315080192B010F0010FAB7974D00C3315F80380EE1852
S315080192C0B8F1010F4AD0B8F1080F42D0B8F1000F32
S315080192D05AD1204671891EF089FAB38872889A4252
S315080192E094BF07460027092B38BF09237278013B2B
S315080192F09BB29A4219D8002A08BF00272046FCF7D4
S315080193008DFF80B21AF043F988B14388B18800937A
S315080193100846F38832891BF076FC50B92846F4F7DB
S3150801932015FA012002B0BDE8F0814746E6E70123B8
S31508019330ECE7002FF2D0214600201CF070FD102327
S31508019340C560009373891B4A214600201EF060FA06
S31508019350E7E7294620461EF0DEFBE2E72046F188CC
S315080193601EF044FA0746701C19F020FC0028D5D0D7
S31508019370002FD3D0214600201CF051FD2023C560C3
S315080193800093F3880C4ADFE7294620461CF094F837
S315080193900028C6D12946204602B0BDE8F041FFF7AC
S315080193A0D3BE2B441B7B0E2BD3D0294620461CF05B
S315080193B072F8EDE7237C03086B7B030838B504468E
S315080193C00D461CF03BFD42070FD420461CF036FD26
S315080193D083070AD4204602211CF032FD294620467D
S315080193E0BDE83840034A1EF0F7BA2846F4F7AEF945
S315080193F0002038BD3D8F010838B504460D461CF0DE
S3150801940017FD00F0050004280CD120461CF016FDB6
S3150801941010F4C02F06D129462046BDE83840044A33
S315080194201EF0DABA2846F4F791F90C2038BD00BFC8
S31508019430698F0108014A1EF0CFBA00BF2D900108B5
S3150801944070B505460C46014601201CF0E8FC0646A7
S3150801945028461CF0F3FC010704D52046F4F776F9F3
S31508019460002070BD33685A05F7D428461CF0E0FC85
S31508019470C30708D521462846FFF7A0FF18B918F0F3
S31508019480A4FB044670B156E8003F43F4806346E8FE
S315080194900032002AF7D121462846BDE87040024A23
S315080194A01EF09ABA0720DCE79590010873B50446C1
S315080194B00E461CF0BDFC00F00C0004284FF002001B
S315080194C031D118F082FB054678B34379022143F07E
S315080194D0020343711EF050F92846FFF781FC29461D
S315080194E0467020461EF046F9162120461CF0DFFC80
S315080194F0082120461CF09EFC214601201EF0F7F9A2
S31508019500214600201EF0F3F920461EF09AFA0121A1
S3150801951020461CF0CFFC0346012021460090044A50
S315080195201EF076F9002002B070BD0720FBE700BFE8
S31508019530FB7A0308F0B589B00D4604461CF078FCA1
S3150801954010F00100AB7900F0A1800C33EA18EB5C4E
S31508019550033B082B00F23381DFE813F009003101E0
S31508019560310182003101310131015C007C00D2F800
S315080195700100D2F8051003ABB2F8097003C302F172
S31508019580130301210B3220461DF023FD0421284631
S315080195901EF0F2F82846FFF723FC06460C2105A81B
S315080195A0FBF7C4FB05AB03CB3346C6F80100C6F887
S315080195B00510079A002143F8092F2046721C1DF051
S315080195C008FD214600201CF02AFC034603AA47830E
S315080195D003CAC3F81200C3F8161020460821FCF77F
S315080195E033FE802120461CF025FC20461DF00DFD8A
S315080195F0294620461EF0BEF8032120461CF05AFCD7
S315080196000346002021466F4A00901EF001F9012009
S3150801961009B0F0BD0B2128461EF0AEF82846FFF723
S31508019620DFFB294620461EF0A5F825F0C7FA0546B0
S31508019630C02120461CF0FEFB4FF4805120461CF049
S31508019640FFFB284625F0B5FA4FF4806120461CF049
S31508019650FBFBDCE72846F4F779F84FF40071F5E7E8
S31508019660062128461EF088F82846FFF7B9FB20464A
S315080196701CF06AFE294620461EF07CF820461DF09D
S31508019680E9FC214600201EF002F9C0E72B441B7BAA
S31508019690043B072BBCD801A252F823F0BD9601085A
S315080196A0E1960108439701081196010811960108E8
S315080196B0119601081196010859970108204680213B
S315080196C01CF0B8FBAA7920460C322A4402F1090398
S315080196D0002101321DF07DFC2846F4F737F896E79C
S315080196E04FF48060FEF7CEF8B0B100274FF4006161
S315080196F020461CF0A5FB2046CDE90577FCF78EFD33
S31508019700064620461CF092FB39460346009505AAF3
S31508019710B0B21DF010FF7AE7214601201CF07FFB4D
S3150801972000F1120120461DF0AAFC062128461EF06A
S3150801973023F82846FFF754FB294620461EF01AF857
S3150801974065E72846F4F702F8214601201EF0CFF80E
S3150801975020461DF07FFC5AE725F030FA064680219F
S3150801976020461CF067FB4FF4805120461CF068FB2D
S31508019770304625F01EFA4FF4C06120461CF064FB02
S31508019780294620461DF0F6FF214601201CF047FB1D
S31508019790C268054682B1937901210C331A4402F154
S315080197A0130320460B321DF014FC20461DF02DFC38
S315080197B02046E9681DF0DEFF0023EB6027E700205D
S315080197C026E700BFDB7C030810B5074C074920468E
S315080197D000221EF06CF92046FFF78AFABDE8104010
S315080197E001200021FEF754B8707200203595010852
S315080197F038B50C468B7905460C331944E35C142BB2
S3150801980003D0152B0FD0002038BD01311EF03BFBCC
S315080198101521284622461EF07EFB214628461DF0C4
S31508019820A9FF0120F0E7014601201CF0F8FA0B4BCD
S3150801983082689A4203D02046F3F788FFF1E7A179B7
S31508019840284621440D311EF01EFB2046F3F77EFF04
S31508019850294601201EF01BF8E3E700BF6B7F0308CA
S3150801986037B504460D460A4614211EF054FB29460F
S3150801987020461DF07FFF032120461CF01BFB3022EA
S315080198800346009221460120024A1DF0C1FF00202D
S3150801989003B030BD6B7F030810B5074C0749204656
S315080198A0074A1EF004F92046FFF722FABDE81040E0
S315080198B020200021FDF7ECBF7C720020F1970108FA
S315080198C06F7F030873B51E46ADF800208DF8023088
S315080198D0009B044601A801930D4611461EF0BDFAE8
S315080198E09DF80630B34203D1BDF804308B4205D04A
S315080198F02846F3F72BFF122002B070BD20461CF054
S31508019900A2FB9DF80230827A9A4209D18288BDF873
S3150801991000309A4204D12846F3F718FF0020EBE7F6
S31508019920694620461CF05DFF29462046014A1EF07D
S3150801993053F8E1E76198010801238340DB430649AF
S3150801994001F1240252E8002F1A4001F1240C4CE8D7
S3150801995000200028F4D17047887200200123074AA5
S3150801996003FA00F002F1240353E8003F034302F12E
S31508019970240C4CE800310029F4D170478872002084
S31508019980044A4FF08040536A43F40023536207F0B8
S315080199907BBC00BF8872002008B5F4F775FE054A3E
S315080199A0516C50640B1A002BBFBFD36B5B1A1B1883
S315080199B0D36308BD88720020024B586AC0F3800041
S315080199C0704700BF8872002010B51A4CFFF7F4FFE4
S315080199D0636A13F0010313D1A8B994F8613094F8B6
S315080199E04D10253BDBB20133DBB2032B28BF002325
S315080199F041FA03F2D207F6D5253384F8613014E02B
S31508019A0094F8543010B194F85520134303F0050324
S31508019A10052BE2D1F4F75CFE0028DED194F860301C
S31508019A20012B03D1032384F8603010BD012384F888
S31508019A306030D2E788720020024B586A00F00100B4
S31508019A40704700BF8872002040F271232DE9F0416A
S31508019A503D4C0E46E36018B1237D43F00803237598
S31508019A6040F27125F4F710FEB4F84870216C7D4375
S31508019A706A18121AA2F59673A7B1AB4212DD8D4286
S31508019A8010D86FF496731A44B2FBF5F2B1FBF5F3ED
S31508019A909A4228BF1A4605FB1211A5F596731B1A99
S31508019AA021640B4440F27120D4E9021CB4F84A201F
S31508019AB0E76BA2F104084243974200FB08F814D267
S31508019AC01CFA81F17EB199420FDA217DD21B41F050
S31508019AD0080121759A42D4BF226123611A48BDE85B
S31508019AE0F0411BF0D2BD4745EDD3237DA2F5E172C6
S31508019AF023F0080323752261FFF766FF236C4745A8
S31508019B001D444FF00003114A65602564E3630BD2D7
S31508019B10FFF752FF1368A8B1DA79197B637D5B1ADF
S31508019B2093420BDA6275D9E7FFF746FF136838B136
S31508019B309A791B7B617D0B449342F3DC6375CDE710
S31508019B401A78F6E75A78E8E7887200204456002022
S31508019B50284A70B5536A0D4629B31C0749D502F13F
S31508019B60510602F14E0448B3DA0623D52388012BA0
S31508019B7020D95B0804202380FFF7DEFE1020FFF7BB
S31508019B80DBFE23880BB90123238018F0B9FB238850
S31508019B90B0FBF3F202FB1300307045B30320BDE8B6
S31508019BA07040FFF7C9BE990623D502F1B50602F141
S31508019BB0B804D8E70420FFF7D1FEDFE7DB0312D5A7
S31508019BC02388B2F8521099420DD95B009BB22380C3
S31508019BD0B2F852201020934228BF13462380FFF77C
S31508019BE0ABFE0420CBE71020FFF7B8FEF9E7052006
S31508019BF0D5E770BD8872002070B58AB005466B46F8
S31508019C00484AAC7910685168127A03C30C340820A3
S31508019C101A702C44FDF736FE20B101222846A11DF3
S31508019C2017F0E4FD0021A379CDF821108DF80F3046
S31508019C30A37AADF8251003F00F0303F128026A444D
S31508019C4012F8282C8DF82010ADF81020062B08D80C
S31508019C50DFE803F0044F07075F074B000D20FFF706
S31508019C607DFEA37A0DF11301C3F380138DF812302B
S31508019C70E3680DF11200CDF81330238A09AEADF869
S31508019C80173000231A4618F05EF9E3791C218DF87E
S31508019C9019304FF47F43ADF81A307F238DF81C3005
S31508019CA0637928468DF81D300023ADF81E30AB794F
S31508019CB003AC1233AB7117F004FEAB792B440C33AA
S31508019CC0224603CAB24218605960144603F10803D2
S31508019CD0F6D1106829461860134817F099FE4FF017
S31508019CE0804007F0D1FA0AB070BD0D20FFF724FEB7
S31508019CF0B7E7D4F81230CDF82130E38AADF825302C
S31508019D00EB79063BEB71A37AC3F3C0138DF82030C8
S31508019D10A7E7064B5B6A9B0444BF42F00102ADF814
S31508019D2010209EE721220408A872002088720020CC
S31508019D3070B583790C33C4182379DA0702D44FF046
S31508019D40FF3070BDA37AE27A03F00F05082DF6D825
S31508019D50062D01D92846F4E7911F1F29EFD8012DB1
S31508019D601FD10C2AEBD1244E736A13F0060F01D1C9
S31508019D70DB05EFD418F0F4F820B918F0E8F8002854
S31508019D80E8D1DCE7A37A96F84C20C3F3C010B2EB0E
S31508019D90D31FD4D104F1120100F001001CF015FE05
S31508019DA0EDE7042DD6D11449144A486A0240002A1F
S31508019DB0C5D0096B0029CDD08A79C3F380130C323B
S31508019DC088188A5CB3EBD21F08D018F0C9F80028A6
S31508019DD0C0D118F0B3F80028BCDBB0E704F10C01D8
S31508019DE00622083017F01BF9044618F0B9F80028BE
S31508019DF0B0D1002CAED0ECE7887200200800040030
S31508019E00F0B5214C87B0A06A00B3E76ABE79FCF7C2
S31508019E1005FA0223FF210C36BA5DCDE90431BD19D5
S31508019E2095F8233000215B090393AB8BD209029382
S31508019E306B8B80B201932B8B009305F108031DF000
S31508019E4090FAA06AFCF798FC0023A362E06AF3F78C
S31508019E507DFC0023E362636A23F00402DB07626286
S31508019E6008D594F85450052D06D1F4F731FC18B1EC
S31508019E7084F8605007B0F0BD94F854001EF0A4F8B9
S31508019E8084F86000F6E700BF8872002013B5154C08
S31508019E9024F094FE236A01930023236224F089FEA9
S31508019EA0019BA3B9636A1A0406D519F0FAFEA0B193
S31508019EB0636A23F400436362636A1B0305D5FFF7EC
S31508019EC09FFF636A23F40023636202B010BD01A8F1
S31508019ED017F0CEFC19F059FFE2E74FF0804007F082
S31508019EE0D3F9E9E78872002038B50E4D044600F02B
S31508019EF0F3F8286B18B1F3F729FC00232B6319F043
S31508019F0061FB0948F8F7C8FBEB6A0BB1FFF738FDA7
S31508019F10044884F001011BF0C4FBBDE8384003483E
S31508019F2017F088BC8872002090720020A872002061
S31508019F30034B586A10F0050001D1FFF7D5BF7047EA
S31508019F408872002038B51B4C0546237D23F008038B
S31508019F50237500F0C1F8B4F8C0302BB9A36813F41F
S31508019F60601F08BFA4F8C030002112481BF099FBF6
S31508019F70114BA361636A5A0406D485F001000021D6
S31508019F80BDE83840FFF760BD626B6168521A002A66
S31508019F90F3DA23F0010343F400436362FFF7C8FFD2
S31508019FA04FF0804007F070F9FFF706FD0028E4D16D
S31508019FB038BD00BF88720020DD7F030808B5FFF7AA
S31508019FC0FBFCB0B10B4B586A20F0040210F00100FB
S31508019FD05A6203D1BDE80840FFF786BF00F07CF856
S31508019FE019F0F0FAFFF7CCFCBDE808400020FFF7AE
S31508019FF0A9BF08BD887200202DE9F04F4FF0000B6C
S3150801A0002E4C89B0E66AA36AB779C4E90ABB0C374C
S3150801A010F51901936B6A9046824689460393F4F7CC
S3150801A020A1FAF35D05F108073946C3F3C01306A87B
S3150801A0308DF8183017F09CFFFF238DF81930636AE5
S3150801A04001A8C3F380230E358DF81A30CDE90457DC
S3150801A0508DF808B08DF81BA08DF81C908DF81D8021
S3150801A060FCF7F8FB3046F3F771FB636A23F0240229
S3150801A070DB07626205D40120FFF736FF09B0BDE8A8
S3150801A080F08F0F4B94F854501A68052D13785278AF
S3150801A09013444FEA630363750AD094F854001DF01C
S3150801A0A093FF0546012084F86050FFF74BFFE5E76B
S3150801A0B0F4F70EFB0028F0D0F4E700BF8872002001
S3150801A0C044560020034B5B6A13F0060F0CBFE220CF
S3150801A0D0F12070478872002008B5FBF7EBF9054BAC
S3150801A0E0834206D1F4F73EFABDE808400020FDF7A1
S3150801A0F025BA08BD8872002070B51E4C1E48FDF7AA
S3150801A1001DFA94F8603094F861200021C82018F0EF
S3150801A11036FD014604F1580018F085F904F1580096
S3150801A1201CF076FD002211461046FDF793FF66687E
S3150801A1306664F4F7A9FA0246FFF7C4FFB61AB6F53C
S3150801A140FA6F05460BDCFBF76FF8627DA0F5E17146
S3150801A15028461CF0A6FDBDE87040F4F7E1B966682B
S3150801A160FBF762F83146A0F5E172637D28461CF0DB
S3150801A1707AFDF0E788720020E9A4010810B5F4F722
S3150801A180F1F9FBF757F840F2EE2398420FDDFFF796
S3150801A19099FF0446FBF748F8084BA0F5E1715A7D8B
S3150801A1A020461CF07EFDBDE81040F4F7B9B9FFF76B
S3150801A1B0F3FBBDE8104000201DF01EBF8872002089
S3150801A1C0F7B5104C064694F851500F462DB10020AC
S3150801A1D0013D84F8515003B0F0BD0B4B02201B68BA
S3150801A1E05978F3F7C5FF94F84C303A46CDE9005350
S3150801A1F031460323206B1DF030FF206BFDF7E8FF86
S3150801A2000120E8E78872002044560020094A02F135
S3150801A210240353E8003F43F0080302F1240040E811
S3150801A22000310029F3D1044B01201B685978F3F753
S3150801A230B5BF00BF887200204456002070B50A4C8D
S3150801A240636A5B070DD58B790C33CD1850B9E8795C
S3150801A250CE5829891CF044FD0644A6636B7984F817
S3150801A260503070BD0120F3E7887200202DE9F04FC8
S3150801A27016468DB0021E069108BF00211F46964B51
S3150801A2800592DD6A5B6AAC7938460C342A5DC3F3FC
S3150801A290801B61F345122A55314603F040020392A9
S3150801A2A017F060FE05EB04080790285D08F1080918
S3150801A2B04946C00917F056FE039B8246002B44D136
S3150801A2C0002844D117F04CFE80F00103DBB25A4650
S3150801A2D03146384603F001031CF02AFD0490002894
S3150801A2E000F08A80039B002B33D1BAF1000F75D198
S3150801A2F0079B002B72D017F024FE00286ED001228E
S3150801A3000AA90DF1270017F02FFE002874D09DF831
S3150801A31027302A5D591E4B424B41B3EBD21F6BD1F5
S3150801A320062248460AA916F07AFE002864D133683F
S3150801A330C8F80830B388A9F804302B5D67F3C7134A
S3150801A3402B554FF0000AD34619E00123BFE7039BBB
S3150801A350BDE7614B5B6A13F4007A1CD115F804B0AA
S3150801A360CBF3801B504617F004FE3368C8F8083053
S3150801A370B388A9F804302B5D67F3C7132B55059BE2
S3150801A380554E002B3ED196F8B530002B3AD0013BFD
S3150801A39086F8B53030E017F0D1FD002806DA15F851
S3150801A3A004B04FF0000ACBF3801BDBE7002211460D
S3150801A3B0104617F0D3FD15F804B08246CBF3801B7F
S3150801A3C00028CFD0002302211A4608EB01001DF010
S3150801A3D01CFE2B5D60F386132B55C3E77A1E574285
S3150801A3E02B5D5741B7EBD31F06D1062231464846A6
S3150801A3F016F015FE0028A4D00023049304980DB086
S3150801A400BDE8F08FF4F740F9F36A00F196019A79FD
S3150801A41008F10E0013441A6B059B00939DF85830FA
S3150801A4201DF045FE2D4B059A07461B68A2B95978BA
S3150801A4300220F3F79DFEF06AFDF7CAFEF36A9A79E0
S3150801A44013441F63FBF736F8254B8361069BBBB99B
S3150801A450736A23F4806316E0D9790020F3F788FE3E
S3150801A460F06AFDF7B5FEF36A1E489A7913441F632D
S3150801A470FDF764F8069BC3B9736A23F4806317E092
S3150801A480736A43F480637362039B9BB1BAF1000F4D
S3150801A490B4D0002359461A4608F102001DF0B5FD4D
S3150801A4A02B5D60F386132B55A8E7736A43F4806323
S3150801A4B07362EBE72B5D0022C3F3C01349460AA872
S3150801A4C08DF8283017F050FD2B5D9DF8282062F392
S3150801A4D0C7132B55DAE700BF8872002044560020BF
S3150801A4E0C3350308BDA601082DE9F04F532885B0E9
S3150801A4F018D005D8512800F0D28005B0BDE8F08FF4
S3150801A500A0F15503012BF8D8553818BF01200121B0
S3150801A510FFF71EFBFFF740FA002005B0BDE8F04F34
S3150801A5201DF06ABD002503A84FF0FF310395F4F726
S3150801A530EDF903985F4E58B1FFF7FAFB08288046F4
S3150801A54003D85D4B1F5C380709D403A817F072F9C5
S3150801A550736A13F0060F20D0FFF710FE1DE0B8F15D
S3150801A560070F21D1726A12F48012EED1304603998F
S3150801A57019F01EF80028EBD019F025F868B1FFF795
S3150801A5800BFA40F27122B6F84A305343F26B9A42FB
S3150801A59003D201210846FFF757FA0121084605B0FB
S3150801A5A0BDE8F04FFFF7D4BA039CFAF743FE736A86
S3150801A5B0814613F0040343D017F0020340D0A0F5F7
S3150801A5C06E73002B0DDD0120A2790C322244917A9B
S3150801A5D00090C1F380130C32C1F34011FFF746FE18
S3150801A5E005462046F4F7C2F921460120FFF726FE63
S3150801A5F0736AD9072ED503F0800A94F806B017F0C6
S3150801A600AFFC0BF10C0BA34480F001039BF80A0085
S3150801A610BAF1000218BF0122DBB20BF10C01C0F33B
S3150801A62080101CF085FB68B155BB736A20469A07F2
S3150801A6303AD5FB0712D47B0739D5FFF7DDFA87E749
S3150801A6401D46CEE7BAF1000F04D1514617F08EFC2C
S3150801A6500028E9D02046F3F779F81CE01DF096FDAD
S3150801A66070B1A9F21659B9F1000F09DDA0790C30BC
S3150801A6702044817A0C30C1F38011FFF7A1FD05460C
S3150801A680B8F1040F02D1736A9907E3D57A07E1D5C0
S3150801A6902046FFF7B1FA002D7FF47FAF58E705B0E2
S3150801A6A0BDE8F04FFFF7B2BDB8F1040FC3D1F3F718
S3150801A6B04DF84DE7887200202B220408512808B569
S3150801A6C00BD10848FCF73AFF0122074B104693F9CC
S3150801A6D05010BDE80840FFF78FBCBDE80840FFF7FA
S3150801A6E003BF00BFE9A401088872002010B5FBF773
S3150801A6F0D1FF06220121064B0138DB6840B203333C
S3150801A700040600D510BD02FB00F401381955F7E718
S3150801A7104C73002038B5094D0446E86818B117F09E
S3150801A720FDFB0023EB602CB10621204617F0F3FB55
S3150801A730E86008B1002038BD1920FCE74C730020F9
S3150801A740820800F0030030B5430003290FD8DFE87B
S3150801A75001F0020F1A260120591C144C00FA01F1C6
S3150801A760984041EA0003A15C21EA0303A35430BDE2
S3150801A77001200E4C00FA03F5A15C034429439840D5
S3150801A78021EA0003F2E70120084C00FA03F5A15C6F
S3150801A79021EA05010344984041EA0003E6E701205E
S3150801A7A0024C00FA03F5A15C2943F3E74C73002038
S3150801A7B0F0B5164C054694E80700267C01270024C7
S3150801A7C085B001AB03C31A80C4F3C403EA5C04F081
S3150801A7D0070307FA03F31A42E0B210D10321013441
S3150801A7E0FFF7AEFF252CEFD10A22084901A816F07A
S3150801A7F016FC48B105B0BDE8F040FFF777BF012E5A
S3150801A80014BF00213146EAE705B0F0BD4C730020BC
S3150801A81008B5FBF703FD054B00B2DB6800EB40000A
S3150801A82013F81000431E5842584108BD4C730020C6
S3150801A830F8B50546FBF7F2FC144E03B2F26803EBD2
S3150801A84043035F0002EB4303DA78F2B19A88B5F85D
S3150801A850801028460A449A805B7803EB830303EB4E
S3150801A8608303DC001BF097FB40F271234FF47A71E6
S3150801A8704343B3FBF1F3F2689BB23A449188A4B21D
S3150801A8804B439C42BCBF0223D370F8BD4C730020D6
S3150801A89070B50546FBF7C2FC074E04463146284605
S3150801A8A000F050F838B9F26823B203EB430302EB20
S3150801A8B04303D870988070BD4C73002037B50446A1
S3150801A8C0FFF7A6FF18B320461BF0B2FAC3071ED539
S3150801A8D0104D2B7C012B05D16846F4F73DFF6846E0
S3150801A8E0FFF766FF2046FFF7A3FF2046FBF796FC16
S3150801A8F0EB6800B200EB400003EB4003DB78022B68
S3150801A90005D1204603B0BDE83040FFF7C1BF03B00B
S3150801A91030BD00BF4C73002013B504461CF02AFF56
S3150801A920032120461BF0C6FA02220346009221465D
S3150801A9300120034A1CF06CFF002002B010BD00BFC5
S3150801A9406581030870B5064600200D4617F03DF9E6
S3150801A9500446A8B129211CF00FFF2046FEF740FA4C
S3150801A9602B682146C0F801306B68064AC0F80530E5
S3150801A9702B89A0F809303046BDE870401DF02CB887
S3150801A980072070BD19A901080022034B1A609A8095
S3150801A990FF229A71704700BF55820020064A137933
S3150801A9A0834207D9012312688340134214BF012049
S3150801A9B0002070470020704760730020054A03464F
S3150801A9C01068002208B91A607047C10748BF0132EA
S3150801A9D04008F7E760730020F0B541EA002087B028
S3150801A9E040F4902706200E461546EDF73BFC17F076
S3150801A9F090FA044640B901461A2003F0A9F96FF006
S3150801AA008C05284607B0F0BD43684761DAB222B91A
S3150801AA1023F0FF0343F00103436014F08FFC0002A7
S3150801AA20062E1C4B40F0010060600CBF40F201117C
S3150801AA304FF4807120461DF0ABFBE360164B2A46A6
S3150801AA40236002AB1E4605F110071D4610685168C2
S3150801AA50083203C5BA422B46F7D11021304622F0F7
S3150801AA601AFE10223146204601ABEEF7D9FE0546FD
S3150801AA7020B1014640F2074003F06AF91021304639
S3150801AA8022F017FE204615F00AFD204617F046FA71
S3150801AA90B7E700BF0044400400248000102A2DE9CE
S3150801AAA0FF4706460F46154623D800244FF00109ED
S3150801AAB0DFF84480DFF844A0D8F8002009FA04F347
S3150801AAC0134213D046EA042040EA0A006A46E9B26C
S3150801AAD080B206F06BFC48B92A463946684616F034
S3150801AAE09EFA18B960B204B0BDE8F0870134202C8B
S3150801AAF0E2D14FF0FF30F6E7607300200080FFFFD8
S3150801AB002DE9F3411D4E054601460622304616F04B
S3150801AB1086FA20B996F9060002B0BDE8F08100244C
S3150801AB20A046EF1C2046FFF739FFD8B13B88CDF880
S3150801AB300080ADF80330BB786946E0B28DF8053080
S3150801AB4020F036FB21280DD0A8B9032229466846EC
S3150801AB5016F065FA30B92B6860B23360AB88B0710C
S3150801AB60B380D9E70134202CDCD12B683360AB885C
S3150801AB70B380FF23B3714FF0FF30CDE75582002034
S3150801AB80034B93F90630013301D1FFF7FDBE704738
S3150801AB9055820020F7B5044621F00AFD631C58D1F9
S3150801ABA0FFF7F2FE0024624E3379A3422CD84FF404
S3150801ABB000410024084606F059FC20224FF0FF31D7
S3150801ABC05C48346016F055FA204600F037FDFF263A
S3150801ABD00446594D5CBB594815F076F9014630B122
S3150801ABE010F1880F03D040F2074003F0B1F80C21A9
S3150801ABF04F4A43F6FF7006F0BDFB202138204D4A27
S3150801AC0006F0B8FB00202AE02046FFF7C7FE60B130
S3150801AC1065B2052128461DF0BDFA032128461DF017
S3150801AC20B9FA062128461DF0B5FA0134BCE794F9AC
S3150801AC307530013305D02B7843B9132120461EF010
S3150801AC4068F8204600F0FAFC0446C3E784F8756004
S3150801AC50F7E72046FFF7A2FE18B940F2064003B00F
S3150801AC60F0BD6B460622002120461DF0E9FA0028B0
S3150801AC7045D049238DF806304FF47F41304840EAE4
S3150801AC800420084006F0F2FB052120461DF082FA51
S3150801AC90032120461DF07EFA062120461DF07AFA88
S3150801ACA001222349E3B29A400B6823EA02030B60A7
S3150801ACB0244B93F90630A34201D1FFF765FE002024
S3150801ACC005460B791B4A013BC1B2994221DBFF2696
S3150801ACD00020D65400F0B2FC0546174F002D86D049
S3150801ACE095F97530A34205D13B78EBB9132128466E
S3150801ACF01EF00FF8284600F0A1FC0546EEE76B4664
S3150801AD000622012120461DF09BFA0028B4D07223A1
S3150801AD10B0E75656A64200D025B1551895F9015007
S3150801AD20555401250130CFE785F87560E2E700BF84
S3150801AD30607300203582002033820020370004002A
S3150801AD400080FFFF558200202DE9FF41354C06465C
S3150801AD5001A8FFF733FE2379019A93421ED8627937
S3150801AD60012A40D100274FF0FF383D4610E02368FD
S3150801AD70EB40D9070BD5082202AB114668B21DF084
S3150801AD805FFA20B1039B43453CBF2F4698460135E0
S3150801AD9023799D42EBD378B2FFF7FCFE236813F0C3
S3150801ADA0010529D0002501220135202D18D002FAE6
S3150801ADB005F71F42F8D13B432360A3680C210133F1
S3150801ADC043F6FF70174A7361A36006F0D3FAA8B178
S3150801ADD0236823EA07032360A368013BA360736121
S3150801ADE04FF0FF3519E0022AFAD10F4A134413F935
S3150801ADF0010D421CFBD0CFE70127DCE722790A4C7B
S3150801AE00013A2146D2B2601C16F019F96DB22246F2
S3150801AE1020213820257006F0ADFA284604B0BDE891
S3150801AE20F08100BF60730020358200202DE9F043D0
S3150801AE30002489B0AF4D04213F2001AA2C7006F0E9
S3150801AE40B5FA00B10194019F002F4FD00026781E54
S3150801AE504742474100242C70A74D0C212A4643F648
S3150801AE60FF7006F0A3FAC0B10D23AB80019B2C60DD
S3150801AE70032BAC6011D803AC2246142143F6FF70AC
S3150801AE8006F094FA48B994E8070085E807002A46C7
S3150801AE900C2143F6FF7006F06DFA019B042B06D0D0
S3150801AEA004213F200DEB0102019106F063FA2021EE
S3150801AEB03820924A06F07AFA28B120224FF0FF315B
S3150801AEC08E4816F0D6F803222B795B00B3FBF2F312
S3150801AED08B4A1370FFF758FDEEF78CFE014618B141
S3150801AEE040F2074002F034FF002413E001263746FA
S3150801AEF0B0E72B68E340D9070BD508224FFA84F847
S3150801AF001146404603AB1DF09BF910B94046FFF7C1
S3150801AF1041FE01342B799C42EBD38EB110213720A7
S3150801AF2003AA06F043FA002852D10620EDF79AF94A
S3150801AF3016F0EFFF044680B901461A2002F008FF11
S3150801AF403FB13D2006F04EFA00242B799C42C0F011
S3150801AF50AB80002009B0BDE8F0836A4A43684261C4
S3150801AF60DAB222B923F0FF0343F00103436014F078
S3150801AF70E5F90002644B40F0010040F201116060FE
S3150801AF8020461DF005F9E360604B1021236003A8F4
S3150801AF9022F081FB102202AB03A92046EEF740FC02
S3150801AFA00646102103A822F084FB204615F077FAFD
S3150801AFB0204616F0B3FF372006F014FA46B140F2E0
S3150801AFC00740314602F0C4FE4FF0FF30FFF7E2FDBD
S3150801AFD0002623E03046FFF7E1FCF0B174B21022F7
S3150801AFE00321204603AB1DF02BF91028814620D1F9
S3150801AFF00321204603AAFFF7EFFC8046494603A82A
S3150801B00022F057FBB8F1000F0CD040F20740414639
S3150801B01002F09EFE2046FFF7BDFD01362B799E42C2
S3150801B020D8D38DE748F2030040EA062080B206F03D
S3150801B030D9F910220521204603AB1DF001F9102884
S3150801B040814613D10521204603AAFFF7C5FC804690
S3150801B050494603A822F02DFBB8F1000FD5D148F2D5
S3150801B060050040EA062080B206F0BCF91022062146
S3150801B070204603AB1DF0E4F810288146CDD1062100
S3150801B080204603AAFFF7A8FC8046494603A822F0F2
S3150801B09010FBB8F1000FB8D148F2060040EA0620C5
S3150801B0A080B206F09FF9B8E72046FFF777FCF0B1C2
S3150801B0B066B204220C21304602AB1DF0C1F8042801
S3150801B0C00AD1029B0122C3F300238DF80C300C210F
S3150801B0D0304603AB1DF073F800231022CDE9033384
S3150801B0E0CDE905330D21304603AB1DF068F801346F
S3150801B0F02BE700BF338200206073002035820020D1
S3150801B10034820020370004000044400400248000F3
S3150801B110F8B5104B044618790F4B00221D46D1B2DB
S3150801B120884204D913F9017B561CA74204D10B4B5B
S3150801B1301B788B4202D9F8BD3246F0E70649481C0E
S3150801B14015F07DFF2C702021BDE8F8403820024A11
S3150801B15006F010B960730020358200203482002081
S3150801B16020F00040A0F20540F8B5032817D8DFE81B
S3150801B17000F0021728330C790F78A4F11B02534209
S3150801B18053414E88CD8801F108021948990016F0F5
S3150801B19024FA20B10771A0F80560C4710581F8BDCC
S3150801B1A00E784D888C8801F108021248002116F0A4
S3150801B1B014FA0028F3D00671A0F80550A0F8074044
S3150801B1C0EDE70D480D784C6816F0CFF90028E6D062
S3150801B1D00571A0F80540E2E707480C7816F0C5F9AD
S3150801B1E00028DCD007234371002304718371D6E755
S3150801B1F04C220408482204084422040837B5028868
S3150801B20081780DF1060303301EF01DFA0446044841
S3150801B210BDF8065022F077F98480C58003B030BDA9
S3150801B22020040A06002110B5821D838804460846B3
S3150801B23016F05AFE024648B1618820881EF01FFEA4
S3150801B2400446034822F05FF9848010BD1A24F8E702
S3150801B25020020A170023F0B5044685B0ADF80E3072
S3150801B260B0F80150C778868814F8060B1DF09EFEC3
S3150801B27090B10DF10E032246CDE9007329463346F6
S3150801B2801EF0B6FF04460548BDF80E5022F03BF9FC
S3150801B2908480C58005B0F0BD2524F4E720040A188A
S3150801B2A037B5B0F80140C57800781DF07FFE68B162
S3150801B2B0002321462A46CDE900331EF0D2FF044673
S3150801B2C0034822F020F9848003B030BD2524F7E72E
S3150801B2D020020A04002313B5CDE90033421DB0F854
S3150801B2E00330B0F8011000781CF0C7FF0446034884
S3150801B2F022F009F9848002B010BD00BF20020A19A4
S3150801B3000023802213B5CDE90032421DB0F803307F
S3150801B310B0F8011000781CF0B0FF0446024822F08C
S3150801B320F2F8848002B010BD20020A1A40F20553D1
S3150801B33020F0004098422DE9F0410BD840F2015324
S3150801B340984209D840F2014398420DD040F20A4387
S3150801B350984214D0BDE8F081A0F20350022816D80D
S3150801B360DFE800F024495C000D784C882D4816F07A
S3150801B370FCF80028EED00571A0F80540EAE72A484E
S3150801B3800C7816F0F2F80028E4D00471E2E72748B1
S3150801B3900F784E880D79CC8816F0E7F80028D9D0B1
S3150801B3A00771A0F80560C5710481D3E78C684E88DA
S3150801B3B00D790F7884B1B1F8068001F108021C48AD
S3150801B3C0002116F00AF90028C4D00771A0F8056013
S3150801B3D0C571A0F80880BDE72346224621461448D0
S3150801B3E016F0D4F80028B5D00771A0F80560C57124
S3150801B3F004724472AEE70F4891F800804F880E79BF
S3150801B400CD880C8916F0B1F80028A3D080F80480FD
S3150801B410A0F80570C671058144819BE70D784C68D3
S3150801B4200548A4E774220408602204087022040867
S3150801B4306C220408682204086422040870B586B0E0
S3150801B440009206461D4601220B4603A80A4910F03A
S3150801B4507FFD044660B9049B03A89E8010F0C6FDD3
S3150801B460044615B1049BDB882B8003A821F0BDFF98
S3150801B470204606B070BD00BFA022040830B587B0CB
S3150801B48005460C4600930749134603A8022210F005
S3150801B4905FFD28B9049B03A89D80DC8021F0A9FFE4
S3150801B4A007B030BD982204082DE9F04186B0074659
S3150801B4B00E461546DDE90C280F49009203A802221B
S3150801B4C010F046FD044690B9049B03A81F71A3F822
S3150801B4D00560DD7110F08AFD0446B8F1000F03D04E
S3150801B4E0049BDB88A8F8003003A821F07EFF2046DC
S3150801B4F006B0BDE8F08100BF902204087FB5064674
S3150801B5000D4601A80749144610F002FD38B9029BF9
S3150801B51001A81E71A3F80550DC7121F06AFF04B079
S3150801B52070BD00BF8822040830B587B005460C46B1
S3150801B53000930849134603A8022210F009FD30B901
S3150801B540049B03A81D71A3F8054021F052FF07B01B
S3150801B55030BD00BF8022040830B587B005460C46C9
S3150801B56000930849134603A8022210F0F1FC30B9EA
S3150801B570049B03A81D71A3F8054021F03AFF07B003
S3150801B58030BD00BF7822040870B504460D461B4A33
S3150801B59013686BB393F87D10586811F0040129D12B
S3150801B5A010608C22184693F8706015F062FD034608
S3150801B5B080F870602268C0F85A20A288A0F85E2038
S3150801B5C0A27980F860202868D864AA79A98883F8BE
S3150801B5D05220FF2283F8752083F8762040F6FF7201
S3150801B5E0A3F86E20064AA3F8501011681360596033
S3150801B5F0184670BD1A1D0346CBE700BF70730020BD
S3150801B6006C730020054A0346106800B97047B0F804
S3150801B6106E209A42FAD04068F7E700BF6C730020A3
S3150801B620054A0346106800B9704790F870209A4297
S3150801B630FAD04068F7E700BF6C73002010B9024BD7
S3150801B64018687047406870476C7300200023114AD8
S3150801B6502DE9F0418C211360804602460120F2F75C
S3150801B660F5F9044620B905460B4E3060454502D327
S3150801B6702046BDE8F0810120F2F74EFA07468C22F2
S3150801B6800021013515F0F5FC87F8705037603E1D2D
S3150801B690ECE700BF6C73002070730020012310B51E
S3150801B6A08B4090F87110044621EA030149B280F8EB
S3150801B6B07110002949D120F077FF20461FF0A3FD1C
S3150801B6C0102104F1180021F0F4FF204602F038F8A1
S3150801B6D004F1380016F0AEF820461FF04BFD214A5A
S3150801B6E013681BB19C42596830D11160A36859058A
S3150801B6F00BD51A0509D443F40063A18994F870009F
S3150801B700A36004F1780204F083FE002320466360F7
S3150801B71021F094FF1CF0D9FD4FF48072B2FBF0F2D0
S3150801B720424394F870300344B3FBF2F102FB113340
S3150801B730DBB2591EC9B2FD29F5D884F87030002349
S3150801B7406360094B1A6852B91C6010BD1A465B68DA
S3150801B750002BCBD09C42F9D163685360C6E7131D11
S3150801B7605268F0E76C7300207073002090F874300B
S3150801B77003F00B03013BDBB20A2B9ABF014AD05CEB
S3150801B78000207047A82204081FB5014690F87030BA
S3150801B7908DF80430FFF7EAFFB1F862308DF80C0036
S3150801B7A0ADF80630B1F8643001AAADF80A30B1F83F
S3150801B7B06630054840F20311ADF8083021F052FF12
S3150801B7C005B05DF804FB00BFB873002007B590F813
S3150801B7D070308DF8051001AA40F2072103488DF84B
S3150801B7E0043021F03FFF03B05DF804FBB873002075
S3150801B7F038B50A4B04461B680D462BB143699B07AE
S3150801B80002D51DF05AFB30B12A4620680421BDE84D
S3150801B81038401FF05DBCA3699D6138BD7473002073
S3150801B820014B1860704700BF74730020024B1868FB
S3150801B830003818BF012070477473002013B50446F9
S3150801B840019120B901A815F0F5FF212012E008465B
S3150801B8500029FAD016F07AF880B20028F2D0094BFE
S3150801B86020461B6801994BB1984728B9204601998A
S3150801B87001F0F2F802B010BD0020FBE701F02EFD41
S3150801B880F3E700BF74730020436A70B55904044690
S3150801B89016D4154A03F4004392F82420012A10D13C
S3150801B8A0826A92040DD4002B00F101010CBF5320CA
S3150801B8B014201DF0ACFA18B9636A43F008036362F1
S3150801B8C070BD002BFCD1094D661C2946304600F097
S3150801B8D0C5FC0028F4D12B68C4F80130AB88A4F85C
S3150801B8E00530AB79E371E7E7BC730020C773002025
S3150801B8F02DE9F0411E4E3071C0B33346002248216E
S3150801B900ECF736F838B905464FF048080746337953
S3150801B910AB4202DC0020BDE8F0813468002108FB57
S3150801B92005441422A76104F1340015F0A2FBA022F4
S3150801B9304FF4A073C4E90723072304F1100084F820
S3150801B9403130E773E77115F075FF04F1140015F04E
S3150801B95071FF20461CF038FE40F20113E3857F2370
S3150801B960A76284F8323067620135D0E73060D1E7E3
S3150801B97078730020084A03461179814209D910686B
S3150801B98040B103EBC30300EBC300406A00F00100BA
S3150801B99070470020704700BF7873002038B5044609
S3150801B9A00D46FFF7E7FF034640B10020044B04EBC1
S3150801B9B0C4041B6803EBC4032B6038BD2120FBE7D5
S3150801B9C0787300202DE9F04F0446344A93B0106885
S3150801B9D051680FAB03C3906812AA1860E37B94F809
S3150801B9E02E7002EB430333F80C1C636A94F82F603C
S3150801B9F0DA0444D40126374641F0100194F80E8042
S3150801BA00C3F340495B0348BF49F002098BB288F08A
S3150801BA100808012F94F800A094F831500B9304F10B
S3150801BA20080BD4E90723C8F3C00894F9324005D0B6
S3150801BA30022F03D0042F14BF00270327012E05D098
S3150801BA40022E03D0042E14BF002603265046CDE944
S3150801BA500C231CF05DFEDDE90C230121CDE907600D
S3150801BA60CDE900515046CDE90547CDE903B90B9912
S3150801BA70CDF8088001F09EFE13B0BDE8F08FA26AEA
S3150801BA80950648BF41F02001500648BF41F04001E4
S3150801BA90DA0348BF41F00401B0E700BFB422040845
S3150801BAA037B5044648B104782046FFF763FF10B955
S3150801BAB0002003B030BD0134E4B2074D2B79A3420F
S3150801BAC0F6D9204601A9FFF769FF08B90198F0E7F9
S3150801BAD00134E4B2F2E700BF787300202DE9F04F94
S3150801BAE0054600F1100887B0404605F114090C46D1
S3150801BAF0164615F09FFE484615F09CFE002016F0E6
S3150801BB0064F80390002800F00B81012E40F272665A
S3150801BB1018BF1F26012C63D0022C0CBF062404244F
S3150801BB2002211CF05BFD012103981CF057FD2146FB
S3150801BB3003981CF053FD039815F008FF012384B2FE
S3150801BB40311B0A22009389B242F6072303981CF097
S3150801BB5095FD04230444A4B2311B0093122242F634
S3150801BB600423039889B21CF089FD00EB040A1FFA25
S3150801BB708AFA039BA6EB0A07012F049332DC0024F9
S3150801BB80DFF8A0A1DDF80CB09AF82430002B00F0FC
S3150801BB90A780404615F04EFE6B6AC5F810B043F013
S3150801BBA080026A62DB0400F1AD809AF8240000285D
S3150801BBB040F0A88016F009F80390002800F0A2804A
S3150801BBC031461CF016FD002840F3A6804846039C22
S3150801BBD015F030FE6B6A6C6143F480736B6291E019
S3150801BBE005249DE7002015F0F0FF05900028C6D032
S3150801BBF0022100F0D1FEB41EA4EB0A04A4B28442C9
S3150801BC00824613D224F001011FFA81FB411A05A8C5
S3150801BC10DA4615F03DFF4FF0020BBAF1000F08D1D5
S3150801BC200598E8B905A815F005FEA8E74FF0030B36
S3150801BC30F3E70AF101010498C9B21CF0CFFC594691
S3150801BC4004981CF0CBFC059904A815F09AFF00206E
S3150801BC5015F0BBFF0590002836D0A4EB0A04A4B260
S3150801BC60022C38BF0224A4F1020B1FFA8BFBBBF18D
S3150801BC700F0F30D9102100F08FFE834504461FD2DD
S3150801BC802BF00F011FFA81FB411A05A85C4615F036
S3150801BC90FFFE4FF0060B611C0498C9B21CF09EFC0E
S3150801BCA0594604981CF09AFC059904A815F069FFF1
S3150801BCB00AF102031C44A4B2BAF1000F08D15FE7E6
S3150801BCC048B14FF0070BE6E705A815F0B3FD544652
S3150801BCD00234A4B254E705A815F0ACFD5446EBE7C7
S3150801BCE0391B89B258461CF084FC04464046039F1A
S3150801BCF015F0A0FD6B6A2F6143F080026A62002C81
S3150801BD003FF450AF686A10F0100002D028461CF0C4
S3150801BD103AFD07B0BDE8F08F03A815F08BFDF1E7F2
S3150801BD201A20F6E7BC73002013B501A9FFF736FE02
S3150801BD30B0B9019A536A13F0100013D159040FD5FB
S3150801BD40094923F48043D1F80B4043F00803C2F8AC
S3150801BD500140B1F80F40497CA2F80540D171536200
S3150801BD6002B010BD0220FBE7BC73002070B5144B6E
S3150801BD700546197918680023994201DC1A201AE048
S3150801BD80426AD60718D490F83940640714D4DCB24D
S3150801BD9003460C4903F8014BD1F80B6042F009023E
S3150801BDA0C0F80160B1F80F60497C9E8099714262C2
S3150801BDB0FFF708FE2C7070BD01334830DCE700BF81
S3150801BDC078730020BC73002073B50579C67801A97C
S3150801BDD02846FFF7E3FDE8B9019C636A23F01003DF
S3150801BDE0636276B92946A069621C0F4B00F09CF87C
S3150801BDF0222231460C48A66102B0BDE8704015F012
S3150801BE0038B920461CF0E0FB636A5A0604D523F0CC
S3150801BE104003636202B070BD284604F1340102B0E2
S3150801BE20BDE8704004F066B8E273002037B50446F1
S3150801BE300D461CF0F2FE698820461CF03BFA6A7E24
S3150801BE402B7E204643EA0223A4F862306A7F2B7FC1
S3150801BE5043EA0223A4F86430EA7EAB7E43EA02236E
S3150801BE60A4F866301B23A4F86C302D4B5A8B9B8B98
S3150801BE70A4F86820A4F86A30022384F8723020F006
S3150801BE8092FB20461FF09AF994F87330022B15D1CC
S3150801BE9001F0BAFE70B194F9753001330AD1052162
S3150801BEA02046A36843F48053A36003B0BDE830403D
S3150801BEB01CF02FBF002120461CF0FFF90021204667
S3150801BEC000F044FA4FF6FF73288C984225D000F00B
S3150801BED0EFF9009400F0DAF96A46ADF8040040F289
S3150801BEE00621104821F0BEFB002240F2022120461D
S3150801BEF021F074FB2046FFF747FC20461FF06AF93C
S3150801BF00204601F09FFBA368012123F480432046C4
S3150801BF10A3601CF002FF03B030BD0020D9E700BFC3
S3150801BF20BC730020B8730020F7B504460F461646C1
S3150801BF3068465A79991D1D4600F06EF92CB969466D
S3150801BF403046FFF721FB0446A0B140F2032384F8EB
S3150801BF507670A4F8723033682946C4F85A30B38823
S3150801BF602046A4F85E30B37984F86030FFF75EFFA7
S3150801BF7003B0F0BD032140F206401FF00EF86B88AE
S3150801BF80A0F803300D2343710148F6F751FCEFE79A
S3150801BF90D9710308A0F11B03E02B10B5044618D884
S3150801BFA0042142F224001EF0F8FF6FF06F0343717B
S3150801BFB04223A0F8034083710748F6F739FC1FF0BE
S3150801BFC04AF8407920B11FF046F8407940F480508C
S3150801BFD010BD2120FCE700BFF572030807B590F8EC
S3150801BFE070304FF4887101AA03488DF8043021F0A6
S3150801BFF039FB03B05DF804FBB8730020F7B5C678C2
S3150801C00005463C2E00F1020404D103B0BDE8F04018
S3150801C0101CF082BD87792FBB214A156A1762D6B1F2
S3150801C0202146284646F480561CF0F7FD40F20121C8
S3150801C0306A462846EE6085F87270CDE9005621F009
S3150801C04011FBAB68394643F480632846AB60FFF7BA
S3150801C05025FB03B0F0BD2146284603B0BDE8F040F4
S3150801C060FFF7E4BE4FF6FF73408C98420DD000F0FF
S3150801C0701FF950B100F08CF823460246FF21002033
S3150801C08003B0BDE8F040FFF74FBF064B223554F821
S3150801C090042BAC4243F8042BF9D122881A80D8E73D
S3150801C0A0BC730020E27300201FB50446B0F80300F4
S3150801C0B0FFF7A8FA08B3B4F8053090F87020A0F88D
S3150801C0C06C308DF80420ADF80630227AE37940F217
S3150801C0D0091143EA0223ADF80830A27A637A0848BF
S3150801C0E043EA0223ADF80A30227BE37A43EA0223C4
S3150801C0F001AAADF80C3021F0B5FA04B010BD00BFA5
S3150801C100B87300201FB504468088FFF77BFA80B113
S3150801C11090F870300E218DF80430D4F806300648B0
S3150801C120CDF80530D4F80A3001AACDF8093021F046
S3150801C13099FA04B010BD00BFB873002013B50446C0
S3150801C1408088FFF75FFAD8B190F870306A468DF8A3
S3150801C1500030E3784FF403718DF80130A37909486B
S3150801C1608DF80230E3798DF80330237A8DF804309F
S3150801C170637A8DF80530A37A8DF8063021F072FAC4
S3150801C18002B010BDB873002000487047C77300207D
S3150801C190044890F8241000F10B020430012918BF55
S3150801C1A010467047BC73002038B58379044613F0EE
S3150801C1B0280F25D00368134DC5F80B308388A5F8D9
S3150801C1C00F30837900206B74FFF76AFC40B92B683E
S3150801C1D0032043F002032B60BDE8384003F0F0BCAE
S3150801C1E0436A13F4404FEFD1226843F00803C0F8BD
S3150801C1F00120A288A0F80520A2794362C271E3E76B
S3150801C200212038BDBC7300204379024A9B09D05CC2
S3150801C210704700BFD02204080B6810B503608B88ED
S3150801C220FF2A0446838002D10723A37109E0032A62
S3150801C23008D8054B9B5C072B837102D1FFF7E4FFF6
S3150801C240A07110BD0023F0E7D42204088379024ABD
S3150801C25003F00703D05C7047C822040810B5827939
S3150801C2608B79094C02F0070203F00703A25CE35C31
S3150801C2709A4206D1062214F0D2FEB0FA80F040099D
S3150801C28010BD0020FCE700BFC022040850B11422EB
S3150801C290064B1B68C31AB3FBF2F3007C40EA032082
S3150801C2A080B270474FF6FF70704700BFA88500201F
S3150801C2B0024609490B7A0968FF2B01D1002070470C
S3150801C2C003EB830301EB830031F82330C3F30B033C
S3150801C2D09342F4D0437CEFE7A8850020F722014B6F
S3150801C2E01A8070474688002010B5044658B300687E
S3150801C2F0836CA3421FD1636883642246124921F0E5
S3150801C3007DF904F10C0021F099F904F1440015F0C6
S3150801C31091FAA06948B1143015F08CFAA069183061
S3150801C32015F088FAA06915F0F9FD2046BDE8104018
S3150801C33015F0F4BD1346002BDFD05A68A242F9D195
S3150801C34062685A60D9E710BD4B8F030870B5054678
S3150801C35048200E4615F0DDFD044650B1FFF766FA92
S3150801C36060B11C2015F0D5FDA06128B9204615F04D
S3150801C370D5FD0024204670BD0023037003212846FD
S3150801C3801BF09BFFAB6C22466360AC6417232681C6
S3150801C390002663811449284625602677666410F0CD
S3150801C3A08FF803F077FE3246014604F10C0010F0CF
S3150801C3B087F802232374FFF739FA18B90B4B1B7850
S3150801C3C0002BD7D00A4B19881729D3D920461CF038
S3150801C3D013F80028CED1132120461CF07BFD636992
S3150801C3E043F002036361C5E74B8F03085C820020B3
S3150801C3F046880020F8B5054610B3002920DB114C04
S3150801C4002468247E8C421BDD3F2919DC032701F0B1
S3150801C410030600EBA10191F831407600B74002F01E
S3150801C420030224EA0704B240224381F8312013B1FA
S3150801C43000211CF009FE2846BDE8F8401CF061BE43
S3150801C440F8BD00BF8873002070B5164600221A7021
S3150801C45032800A7A0D46072A4DD8DFE802F0040928
S3150801C4600D111A1E304AE86830F8023B338043E062
S3150801C470EB68981D5B88F9E7EB68981D9B88F5E7DB
S3150801C480697B1CF02EFE02221C4B1880184632804E
S3150801C49032E002231A4833802EE01A4C2B7BE889B6
S3150801C4A023702B88E11C013363702B8801331B121F
S3150801C4B0A37000F0D9F90330308020461CE0124CF5
S3150801C4C0A889EB89020AA3701B0A20706270E370BF
S3150801C4D000F03CFA58B1C3681A88022A07D19A783B
S3150801C4E02271DB78637106230748338004E004234D
S3150801C4F0FAE780221A70002070BD00BF76820020FC
S3150801C500D8220408638200205D820020054A064B72
S3150801C5101860136843F001031360828B034B1A807A
S3150801C520704700BF80730020887300201C8000209C
S3150801C53000232DE9F04FDFF8B89191B0D9F80070D2
S3150801C540054617F00807CDE90633CDE908330AD0C1
S3150801C550644B03F1100253F8041B934245F8041B7C
S3150801C560F9D1002015E01022394614F082FD032086
S3150801C570EBF778FE15F0CDFC804648B10620EBF7BF
S3150801C58071FE15F0C6FC064630B9404615F0C6FCE4
S3150801C5901A2011B0BDE8F08FCDE90477EDF72AFB33
S3150801C5A0044668B1404615F0B9FC304615F0B6FCAC
S3150801C5B040F20740214601F0CBFB40F20740E8E78D
S3150801C5C012F0BCFE4FF4A053DFF828A10002C6E919
S3150801C5D0023A454B7060336010223046776104ABEE
S3150801C5E006A9EDF71DF90446A0B952464046049935
S3150801C5F013F07CFD044668B9BB463C4BBAB21B68CE
S3150801C600D988914227D810222946404605AB13F00E
S3150801C61092FD0446404613F04CFD404615F07EFC5B
S3150801C620304613F03CFF304615F078FC049813F0B9
S3150801C6304BFC002CBCD12B4B05F1100255F8041B01
S3150801C640954243F8041BF9D1D9F8003043F00803A1
S3150801C650C9F8003085E71A68BCB2210102EB041457
S3150801C6602046ADF80EB0019100921DF04DF98246B3
S3150801C670204600F03FF930B3DDE90021AAF5205044
S3150801C68080B2032802D9BAF5245F1ED1525A002076
S3150801C6902146ADF828200DF10D030DF10E02ADF876
S3150801C6A02AA0FFF7D1FEBDF80E2001460BA814F00B
S3150801C6B0EBFCBDF80E20404604320AA913F019FD19
S3150801C6C004460028A6D1013797E70AF55640FF30F8
S3150801C6D080B20428F7D8525AADF82AA0ADF8282016
S3150801C6E0E7E700BF788200200024800088730020D5
S3150801C6F0807300200002C003134B01461B6870B506
S3150801C70013F0040306D00022104B1C68E38990B28B
S3150801C710834209D80E4A14680022E58990B28542F7
S3150801C72009D84FF6FF7005E0A56835F812500132B1
S3150801C7308D42ECD170BDA66836F8126001328E4280
S3150801C740ECD1034498B2F5E7807300208473002086
S3150801C75088730020094B1B685B070AD5084B1A68C2
S3150801C760D389834203D9936833F810007047C01AF6
S3150801C77080B2044B1B689B68F6E700BF80730020F4
S3150801C780847300208873002038B5046805460C2296
S3150801C7902046084914F043FC50B90222064904F11F
S3150801C7A00E0014F03CFC18B902200C342C6038BD7C
S3150801C7B01020FCE7DB220408E92204082DE9F743E7
S3150801C7C0102801910BD0022804D04FF6FF7003B050
S3150801C7D0BDE8F083019B1888FFF78EFFF7E701A8EC
S3150801C7E0FFF7D2FF0228F5D01028EED11B4B019F87
S3150801C7F01E6816F0040608D00024194BD3F80080E9
S3150801C800B8F81660A5B2AE421AD80025154BD3F86A
S3150801C8100080B8F81690ACB24C45D6D2D8F81000BC
S3150801C820102200EB0510394614F0F9FB01350028F2
S3150801C830F1D1A0196FEA40406FEA504080B2C6E7CD
S3150801C840D8F81000102200EB0410394614F0E7FB63
S3150801C85001340028D6D145F40040B8E7807300209A
S3150801C8608473002088730020020408B51DD5124B75
S3150801C870C0F30E001B685B0713D5104B1A68D38AE1
S3150801C88098420CD2136903EB001000F1100350F81B
S3150801C890042B984241F8042BF9D1102008BDC01A7F
S3150801C8A080B2074B1B681B69EDE7FFF753FF08705A
S3150801C8B0000A48700220F1E7807300208473002083
S3150801C8C08873002038B50446094B1B681D68A542C4
S3150801C8D009D2204621B91DF021F830B1103402E001
S3150801C8E01DF025F808B1204638BD103CEFE700BF1A
S3150801C8F088730020437ADA0702D5C3F380007047AC
S3150801C900034BC2881B881A4214BF012000207047B6
S3150801C9101C8000200A4B1B68DB0708D570B1094B40
S3150801C9201B68DB88834234BF00200120704728B189
S3150801C930054B1B88834294BF00200120704700BF26
S3150801C94080730020887300201E80002070B502467F
S3150801C950FFF7E0FFE8B10F4B1968CD88954209D377
S3150801C96002F180500B680138040103EB00101B5BD0
S3150801C97093420ED0002398B2854201D8002008E0E0
S3150801C9800E681C01345B06EB0310944203F10103A4
S3150801C990F1D170BD887300202DE9F34100250E46BB
S3150801C9A0A846174F01903A68ABB2D18899421DD96A
S3150801C9B01468ABB204EB0314B4F90430002B1CDA87
S3150801C9C02046FFF797FFC0B1E1680B889E4214D154
S3150801C9D032460198023115F05AFAE36882B21B8889
S3150801C9E0934207D0114601A815F052F8404602B005
S3150801C9F0BDE8F08143441FFA83F80135D3E700BF48
S3150801CA00887300207FB5134B0E46054604460393EB
S3150801CA10A0B11CF002FB78B90022314620461CF071
S3150801CA202CFC022807D18023314600932046042393
S3150801CA3003AA1DF053F80DB104B070BD20461CF0D1
S3150801CA40BBFA04460028F7D01CF0E7FA0028F5D10E
S3150801CA50E2E700BF0100FFFF2DE9F04F97B08346DB
S3150801CA6009911CF020FA099883790C33C45CC5181E
S3150801CA7014F06CFF202C0646099F26D8012C28D9CC
S3150801CA80C74BA21ED2B2D340DA0722D5384697F849
S3150801CA90068014F05BFFBBF80A2083B29A4228D2BB
S3150801CAA014F0010240F0A78004F07F03522B00F036
S3150801CAB0A2801E2C00F09F80099B214600935846B0
S3150801CAC004231BF0AAFC21240CE004F07F03522B5B
S3150801CAD0DCD0214606230022584600971BF09DFC10
S3150801CAE041F2061458461CF0E3F9204617B0BDE892
S3150801CAF0F08F47443A7B013B202A9BB246D8012A4C
S3150801CB00CED9023A1E2ACBD801A151F822F000BF8C
S3150801CB10ADCB0108A1CA0108B1CB0108A1CA010818
S3150801CB20A5CB0108A1CA010899CB0108A1CA010828
S3150801CB30ADCB0108A1CA0108B1CB0108A1CA0108F8
S3150801CB40B5CB0108A1CA010899CB0108A1CA0108F8
S3150801CB50E3CB0108A1CA0108A1CA0108A1CA0108B3
S3150801CB60E7CB0108A1CA0108EBCB0108A1CA010854
S3150801CB70A1CA0108A1CA0108A1CA0108A1CA0108D6
S3150801CB80EFCB0108A1CA0108B5CB0108522A28D062
S3150801CB90D22A85D10D2B06E0062B11D0142B7FF452
S3150801CBA07FAF0DE0052B7FF67BAF09E0022BF6E799
S3150801CBB0042BF4E7032B7FF673AFDB073FF570AF62
S3150801CBC0022C00F00281DBF800309B689F0516D421
S3150801CBD00BF1440014F02EFE099BCBF844300024D7
S3150801CBE080E7012BDFE7032BDDE7012BD7E7002BD6
S3150801CBF07FF456AFE4E709A814F01CFE63E71E2C80
S3150801CC0000F0368358461CF008FA0746002840F01B
S3150801CC10828058461CF0FCF900287CD004F07F037A
S3150801CC20522B00F0CE80082C68D1B6B2152E14BF4F
S3150801CC3002201020691D1CF0D6F900285ED0DBF809
S3150801CC401430D8074BBF23F0010343F001033946DB
S3150801CC50012158464CBFCBF81430CBF814301CF0E0
S3150801CC60F3F909980D901BF045FB0446B0F80180CD
S3150801CC70B0F803900D9814F069FE152814BF022523
S3150801CC801025053421462846FFF798FD21460390CD
S3150801CC9028461CF0A8F90490B8F1000F00F052815B
S3150801CCA0C84500F24F81022109200D9A1BF045FB68
S3150801CCB0BBF80A708246023FBFB23E4640464FF075
S3150801CCC0FF354946039A1CF0A3FC0446002800F0E8
S3150801CCD07B811CF05AFA002800F093810122214633
S3150801CCE058461CF0F9FA03468DF82E00002800F084
S3150801CCF02E810D9A009222460821B2E0DBF8143003
S3150801CD0013F001064ED023F0010300215846CBF853
S3150801CD1014301CF099F9202C72D8032C75D9231FCD
S3150801CD201C2B72D801A252F823F000BF19D00108B2
S3150801CD300BCE01080BD101080BCE010863CC010803
S3150801CD400BCE0108F5D101080BCE010813D2010853
S3150801CD500BCE010829D201080BCE010817CE01080E
S3150801CD600BCE010841D201080BCE01080BCE0108F2
S3150801CD700BCE01085DD201080BCE010867D2010866
S3150801CD800BCE01080BCE01080BCE01080BCE01080C
S3150801CD900BCE010871D201080BCE010837D2010862
S3150801CDA05555515043F0010301215846CBF814302B
S3150801CDB01CF04AF9122332462146584600961BF0C2
S3150801CDC02CFB09A814F036FD09E7099DBA4C28463B
S3150801CDD01BF090FA2188B0F801602A4658461BF0E4
S3150801CDE031FB2388BBF80A10B34228BF3346172BF9
S3150801CDF0B8BF17235846ABF80A301CF040F8EEE6E0
S3150801CE00522C00F02482D22CDBD0099B00220093FD
S3150801CE102146062325E0099F38461BF06BFA05468D
S3150801CE20B0F80180B0F803A0384614F08FFD152834
S3150801CE300CBF20460220691DFFF7C0FCB5F8053076
S3150801CE4004900793B8F1000F07D0D04505D81CF018
S3150801CE503DFD50B91023009701E001230097424692
S3150801CE60102158461BF0D9FAB9E63A460221112093
S3150801CE701BF063FA44464FF0FF35BBF80A300590BC
S3150801CE809E1E0393063B9BB2B6B2089351462046B3
S3150801CE90049A1CF0BDFB814668B35146079A1CF0FB
S3150801CEA004FC044648461CF070F940B94FF6FF7376
S3150801CEB09C4201D00134A4B25445E7D91BE04FF096
S3150801CEC000030DAAADF8343049460CAB58461CF0A0
S3150801CED0A0FA039ABDF83430053A9A42089A0690A0
S3150801CEE0D8BF1346002DADF8343009DB9D4202D177
S3150801CEF0EB1CB34208DB691C1CD10A230097AEE779
S3150801CF00351F9D42A8BF1D46042211A93846ADF812
S3150801CF104490ADF8464014F0BAFF2A4638460699B9
S3150801CF2014F0B5FF4FF6FF73043E761B9C42B6B26A
S3150801CF30C0D1E0E73946059B04355D705846FEF7D2
S3150801CF4057FC4CE60D9B009301234246D4E6049B0D
S3150801CF5013B120461CF0FDF820461CF02EF9D8B175
S3150801CF60002D54DC0DA814F065FC082358468BF8EF
S3150801CF701C3050F80C2B40F2025192F870208DF8B3
S3150801CF80483000238DF8442011AAADF84640ADF883
S3150801CF904A3020F067FB22E6ADF844000DF12E0376
S3150801CFA02146584611AA1CF034FABDF844300590BA
S3150801CFB0BB4228BF3B46002DADF844300ADBAB42E5
S3150801CFC002D16B1CB34209DB6A1C0D9B1FD100936E
S3150801CFD00A23BAE7B51E9D42A8BF1D4602220CA91F
S3150801CFE00D98ADF8304014F052FF2A4605990D9870
S3150801CFF014F04DFF4FF6FF73023E761B9C42B6B204
S3150801D000E2D0601C80B28145BFF45BAEDCE7023535
S3150801D0100D998AF8015091E7DDF8249048461BF0EE
S3150801D02069F9B0F80330B0F801800493B8F1000F3C
S3150801D03044D0984542D84FF6FF774A460221052043
S3150801D0401BF07BF94546BA46BBF80A400590023CF7
S3150801D050A4B2294658461CF0BDFB504506464CD09D
S3150801D0604FF40062294658461CF036F900283FD18C
S3150801D07030461CF047FC00280CBF022310235745F5
S3150801D080039321D030461CF03DFC069038461CF02F
S3150801D09039FC069B834203D1039B0133A34214DB6C
S3150801D0A038461CF02FFC059B013019465870584626
S3150801D0B01BF09CF993E500BF468800200123CDF8B3
S3150801D0C0009042460421CCE637460DF1460130462A
S3150801D0D0ADF84450FFF7C8FB039B48469A1C11A9B3
S3150801D0E014F0D5FE039B023CE41A5545A4B2D7D0E9
S3150801D0F0049B0135ADB2AB42ABD24FF6FF739F42EB
S3150801D100CED10A23CDF80090DBE7DDF82490002480
S3150801D11048461BF0EFF8B0F80530B0F803A0B0F8B0
S3150801D120016007464846039314F010FCC51FADB2CB
S3150801D130102D0C945AD82A46F91D0DA813F0A4FFF0
S3150801D140002E55D0564553D84A46012107201BF0D3
S3150801D150F4F8A046074633460A249A45049307D9A4
S3150801D1603946BBF80A001BF0CBF80328049B04D800
S3150801D170B8F1000F1CD0394699E7ADF84430039B46
S3150801D1805846ADF848300DAB139300230BAA00930C
S3150801D19011A90DF12E03ADF846A0ADF850501CF0BB
S3150801D1A0B0FA0A280446E3D0BDF82C3030B11E4641
S3150801D1B0234632460621CDF8009052E6ADF83030C6
S3150801D1C0BDF82E300CAAADF8323039460423BBF827
S3150801D1D00A001BF0A0F84FF6FF72BDF82E309342F5
S3150801D1E0C9D001334FF001089BB2B6E70424DFE743
S3150801D1F00124DDE70A23099C8BF81C3020461BF025
S3150801D20079F823460022B0F8011058461CF036FD7D
S3150801D210E5E4099C20461BF06DF80C238BF81C30BD
S3150801D220B0F803202346EEE75A460F210E20099B44
S3150801D2301CF07DFDD3E45A4621212020099BF7E7FE
S3150801D2405846099AB5F801101CF05EFEC7E458461F
S3150801D250099AB5F801101CF0B2FEC0E458460999BE
S3150801D2601CF0ECFEBBE4584669781CF052FFA8E5B1
S3150801D27058461CF06EFFA4E57FB5174A06461368A3
S3150801D28042F6052023F0080313601CF0FCF9054655
S3150801D29050B16846FFF74CF900201BF08DFE044695
S3150801D2A020B92946FFF7AEFB04B070BD10226846C7
S3150801D2B004F1210113F0B3FE38B1012120461BF018
S3150801D2C0C3FE636923F0010363611EB1314620463B
S3150801D2D01CF0B1FA2046E0E78073002037B58B7958
S3150801D2E00A460C33CD180191C95C044611F00103B5
S3150801D2F029D01D290AD101211E201BF01EF801463D
S3150801D30020461BF073F8012003B030BD032916D15E
S3150801D3100E4BB5F801201B884189934228BF134655
S3150801D320172BB8BF172343811BF0A9FD636940F288
S3150801D330094123F00203204663611BF0C8FD01A8D9
S3150801D34014F078FADFE71846DEE700BF46880020C2
S3150801D35038B5124B04461B8842898B4228BF0B46B7
S3150801D360172BB8BF1723114643811BF088FD636944
S3150801D37023F002036361A3699D693DB10022294631
S3150801D38020469A61BDE83840FEF732BA40F20941B3
S3150801D39020461BF09CFDA3691D7038BD46880020F8
S3150801D3A00148FEF73DBA00BFD9FB01080022024B2E
S3150801D3B0C3E900229A60704790730020014B1860F8
S3150801D3C0704700BF8C73002013B500F0D1F978B10E
S3150801D3D0019083790C33C418204604F039F90346C1
S3150801D3E010B1204601A9984701A814F023FA08E0CC
S3150801D3F000F0CAF9019020B1034B1B68002BF3D04A
S3150801D400984702B010BD00BF8C73002010B50446C2
S3150801D410062142F205001DF0C0FD2368C0F803305D
S3150801D420A388A0F807300648F5F702FA1DF013FE9F
S3150801D430407918B1BDE810401DF08CBD10BD00BF84
S3150801D4409928010810B5044606214FF628401DF013
S3150801D450A4FD2368C0F80330A388A0F8073006485E
S3150801D460F5F7E6F91DF0F7FD407918B1BDE810406A
S3150801D4701DF070BD10BD00BF6129010838B505460C
S3150801D4800C4669B9022142F21B001DF086FDB5F86A
S3150801D4906E30A0F803300D48BDE83840F5F7C8B935
S3150801D4A0122142F21A001DF078FD2146B5F86E30B8
S3150801D4B0053020F8023C04F1100351F8042B994277
S3150801D4C040F8042BF9D10248E6E700BF5771030873
S3150801D4D09371030838B505460C4642F274000221D9
S3150801D4E01DF05BFDC57004710548F5F7A1F91DF03E
S3150801D4F0B2FD407918B1BDE838401DF02BBD38BDE5
S3150801D5003529010808B5002142F20E001DF045FD36
S3150801D510BDE808400148F5F78BB900BFC572030895
S3150801D52038B590F872300446032B154606D1FFF735
S3150801D530E9FF0123002084F8723019E0C9B9012BEB
S3150801D5402DD9032140F206401DF027FDB4F86E30AF
S3150801D5504571A0F803301348F5F76AF91DF07BFD0C
S3150801D5608378002BE5D01DF076FD807840F4805055
S3150801D57038BDA3B102214FF604401DF00EFDB4F8E3
S3150801D5806E30A0F803300848F5F752F91DF063FD2F
S3150801D5904379002BCDD01DF05EFD4079E6E70220E8
S3150801D5A0E6E700BFD97103080F720308F8B5074605
S3150801D5B00E4642F213000E2115461C461DF0EDFCDF
S3150801D5C0B7F86E30A0F80560A0F80330BDF818303A
S3150801D5D0A0F80750A0F80B30BDF81C30A0F8094098
S3150801D5E0A0F80D30BDF82030A0F80F300648F5F741
S3150801D5F01FF91DF030FD807820B11DF02CFD8078D3
S3150801D60040F48050F8BD00BF5172030870B5064654
S3150801D6100D4642F27A00042114461DF0BEFCA0F81C
S3150801D6200360457184710648F5F702F91DF013FD8B
S3150801D630407918B1BDE870401DF093BC70BD00BFBC
S3150801D6405776030810B50446022142F230001DF050
S3150801D650A4FCB4F86E30A0F803300B48F5F7E8F8E7
S3150801D6601DF0F9FC43792BB91DF0F5FC017A20462A
S3150801D670FEF7ACF81DF0EFFC407920B11DF0EBFC8C
S3150801D680407940F4805010BD99330108014814F0DF
S3150801D690EFB800BF9473002040F6FF732DE9F341FC
S3150801D6A00D46B0F86E100192994205D101A814F001
S3150801D6B0C1F802B0BDE8F0811146134601229BBBB1
S3150801D6C01E4814F0A5F9FFF7E1FF04460028F0D03B
S3150801D6D014F03CF96379074603F001086FF3000378
S3150801D6E0637104212046A66814F073FA4379044647
S3150801D6F068F300034371DB438179B6F86E200C3178
S3150801D700866003F001036254C2F30322084442EA25
S3150801D7100312427047802246304629461EF045FFCD
S3150801D7202046F5F799F8CEE75C79986024F003046A
S3150801D73014435C7100221B68C1E700BF9473002083
S3150801D74070B50546064C206800B970BD8368AB42C2
S3150801D75004D10668EFF7FAFF2660F4E70446F2E714
S3150801D760947300200146014814F052B998730020B9
S3150801D770014814F07DB800BF98730020014601489E
S3150801D78014F046B990730020034803680BB114F0EE
S3150801D7906FB81846704700BF90730020044B1A688B
S3150801D7A022B99868003818BF0120704701207047D0
S3150801D7B0907300202DE9F041154606460F4642F2C0
S3150801D7C0360019211C46DDF824801DF0E6FB2B0ADC
S3150801D7D0C371230A83729DF81830857103739DF806
S3150801D7E01C30447243739DF820302D0C240CC670EE
S3150801D7F087800572C4728373D8F80030C0F80F3079
S3150801D800B8F804308676A0F813309DF828304375A9
S3150801D8109DF92C3083759DF83030C3750023037646
S3150801D8209DF8343043769DF83830C3760648F4F7C8
S3150801D830FFFF1DF010FC407920B11DF00CFC40796A
S3150801D84040F48050BDE8F081C529010838B5054680
S3150801D8500C464FF6194005211DF09FFBC570446023
S3150801D8600548F4F7E5FF1DF0F6FB407918B1BDE868
S3150801D87038401DF0F7BB38BD1D3F030838B50546CE
S3150801D8800C464FF61A4005211DF087FBC57044600A
S3150801D8900548F4F7CDFF1DF0DEFB407918B1BDE868
S3150801D8A038401DF0DFBB38BD4D3F030870B50D4646
S3150801D8B006460121DAB1FFF7C9FF0446A8B90721CF
S3150801D8C042F235001DF069FBC6702B684360AB88D0
S3150801D8D003810848F4F7ACFF1DF0BDFB437923B17A
S3150801D8E01DF0B9FB447944F48054204670BDFFF716
S3150801D8F0C5FFE2E7D53D03080A4610B504210446EB
S3150801D90042F237001DF084FB032303710023C47020
S3150801D910437183710548F4F78BFF1DF09CFB407931
S3150801D92018B1BDE810401DF09DBB10BD0D3E0308A2
S3150801D9300A4610B50421044642F238001DF068FB78
S3150801D940032303710023C470437183710548F4F7F7
S3150801D9506FFF1DF080FB407918B1BDE810401DF03E
S3150801D96081BB10BD593E0308F8B506460F4642F27B
S3150801D9703900062114461D461DF00FFB012384714B
S3150801D980240A0371C7704671C47105720548F4F714
S3150801D9904FFF1DF060FB407918B1BDE8F8401DF056
S3150801D9A061BBF8BDA53E03080148FFF707BD00BFE7
S3150801D9B0B5D901082DE9F04F867987B00C3605905F
S3150801D9C00546805BC0F30B00FDF71CFE044618B93B
S3150801D9D005A813F02FFF4EE090F87230022BF7D10D
S3150801D9E0AB5B059AC3F30B0103F44053B3F5805FB0
S3150801D9F09060A95342D153796FF300035371836B36
S3150801DA00002BE5D0042105A804F1380614F019F80D
S3150801DA103046059913F0FCFFA06B002301465A1CFA
S3150801DA20A9BBDBB2012B01D914F063F8A06B13F083
S3150801DA308DFF03281FD9D4F83890484699F80670FF
S3150801DA4013F084FF0C3709EB070539F80770A0F1C5
S3150801DA500408474522D9524FD4F838A007F11009CE
S3150801DA6057F804BB5346424629462046D8474F45F0
S3150801DA7010D00028F4D007B0BDE8F08F383013F085
S3150801DA80D9FE059A537943F001035371BAE7134650
S3150801DA900968C4E70028EED130469AE7A06B13F06F
S3150801DAA055FF04378742F7D36988A1F140033F2B15
S3150801DAB00BD80421304613F0C4FF2046A26B6988AF
S3150801DAC01DF050FB0023A363D5E705290BD00629D2
S3150801DAD061D00429E0D1304613F0B3FFA16BA06CE5
S3150801DAE0FDF7ACFEEEE7294620461DF039FB024656
S3150801DAF00028D1D12B79122B06D0132B36D02046EC
S3150801DB0069791DF005FBC7E794F87330022BF6D047
S3150801DB1040F67A4029898B1F9BB2834224D86A89A9
S3150801DB20931F9BB283421FD891421DD8AB89B3F587
S3150801DB30FA7F19D240F6764CEF89A7F10A0080B22E
S3150801DB40604511D8B4F86A000290B4F86800CDE9C6
S3150801DB5000702046FFF72AFD021E18BF0122204643
S3150801DB6069791DF091FA97E70122F8E794F873307D
S3150801DB70012B03D1204669791DF0CAFAA3681A0454
S3150801DB808AD523F40043A3602B89012B84D120462F
S3150801DB90FEF724FA80E72046A16B1DF00DFB91E7FD
S3150801DBA0EC2204080C4B01461A789AB95B689B0764
S3150801DBB010D490F97520013218BF012291F852301C
S3150801DBC013F0400005D091F8600010F0400018BF2E
S3150801DBD0D0B270470122F1E79C730020024B5868C6
S3150801DBE000F00200704700BF9C730020024B586882
S3150801DBF000F00800704700BF9C730020014B1B68AA
S3150801DC00184700BFB485002008B51AF0D6FA0128CE
S3150801DC1009BF034B0020586800F0100008BD00BF7B
S3150801DC209C73002007B502460846042802F0010144
S3150801DC3013D9B1B903200C4B5A6002F08003019342
S3150801DC4002F04003009302F0200302F0040200F000
S3150801DC50ABFB002003B05DF804FB0029EBD00328D9
S3150801DC60E9D12120F6E700BF9C73002010B50D49C4
S3150801DC700D480EF0CDFC044690B90C4B0C4A1A60BF
S3150801DC800C4A5A600C4A9A600C4ADA6000F0EEFBBC
S3150801DC90032104460020FFF7C5FF0022084B1A702E
S3150801DCA0204610BDEFBEADDEBEBAFECAB485002061
S3150801DCB09DE301087BB50308E9E3010821F301089F
S3150801DCC09C73002038B504460320EFF765FF054627
S3150801DCD0D0B194F87030037094F8753043702046CB
S3150801DCE0FDF744FD2A46A87040F2026107481FF075
S3150801DCF075FC074B2046DB680121984794F97500A6
S3150801DD00BDE83840FCF73CBF38BD00BFB8730020FA
S3150801DD10B485002070B5054608200E46EFF73CFF8E
S3150801DD20044680B195F8703000210370064B4660B1
S3150801DD30DB68284698472246BDE8704040F20161F3
S3150801DD4002481FF04BBC70BDB4850020B873002093
S3150801DD5038B5054608200C46EFF71EFF024638B1CE
S3150801DD60C0E90054BDE838400D2102481FF036BC11
S3150801DD7038BD00BFB873002038B5054608200C46E3
S3150801DD80EFF70AFF024650B195F8703040F2056187
S3150801DD90037044600248BDE838401FF01FBC38BD17
S3150801DDA0B873002013B504460191114612B301A9AF
S3150801DDB004200EF03DFC019B104A2046B3FBF2F10C
S3150801DDC002FB113345F218020021019301AB1DF044
S3150801DDD03FFB0820EFF7E0FE024648B194F87030A1
S3150801DDE040F204610370019B436005481FF0F6FB8E
S3150801DDF002B010BD45F2180201ABE8E740420F0038
S3150801DE00B873002010B504460120EFF7C5FE024697
S3150801DE1048B194F8703040F203610370BDE81040D0
S3150801DE2001481FF0DBBB10BDB873002038B50546A5
S3150801DE3008200C46EFF7B0FE024650B195F870304F
S3150801DE4040F20761037044600248BDE838401FF09C
S3150801DE50C5BB38BDB8730020014B5B68184700BFC6
S3150801DE60B485002010B50F4C2368D3B10022D3F82E
S3150801DE70A0001A7783F83D2083F85E2012F024F873
S3150801DE802068442160301FF014FC206821211D30D0
S3150801DE901FF00FFC20682121BDE810403E301FF01D
S3150801DEA008BC10BDA8730020F0B5062087B0EAF7B4
S3150801DEB0D9F914F02EF8054640B901461A20FFF79C
S3150801DEC047FF6FF08C04204607B0F0BD2F4E30682F
S3150801DED011F0FAFF044640B110F1880F05D001464A
S3150801DEE040F20740FFF734FFEDE71AF066F9032819
S3150801DEF0074622D10024346011F020FA0002686036
S3150801DF006C6140F2011128461DF09FF9204B6946C4
S3150801DF10EB60204B2B6000230093EBF737FE04469A
S3150801DF20E0B1014640F20740FFF712FF284612F01A
S3150801DF30B6FA284613F0F2FFC5E732686B686A61DC
S3150801DF40DAB222B923F0FF0343F001036B6011F043
S3150801DF50F5F9000240F001006860D2E7032FE5D128
S3150801DF6001AB102202A9009812F019F810210446F3
S3150801DF7002A81FF090FB02A910201EF08DF91021AE
S3150801DF8002A81FF096FB009B3360CFE7A47300201D
S3150801DF900044400400248000FF282DE9F84316BFF9
S3150801DFA01C4D1D4B45EA002581464FF00600884663
S3150801DFB0174608BF1D68EAF755F913F0AAFF064682
S3150801DFC018B30146284611F0A4FF0446304612F05C
S3150801DFD066FA304613F0A2FF14F1880F0FD1B9F192
S3150801DFE0FF0F0ED1FFF760FF044660B90A4B1D68A3
S3150801DFF00020C8F8005007B13C60BDE8F883002C42
S3150801E000F6D02120F7E70025F2E71A206FF08C04F5
S3150801E010F1E700BF06800400A47300202DE9F04152
S3150801E0208AB006AC884615460346264600F110070F
S3150801E030224618685968083303C2BB421446F7D109
S3150801E040102130461FF027FB002306200593EAF727
S3150801E05009F913F05EFF044610B310274FF48071D7
S3150801E0601DF0F3F8194B1A49036005ABC160324636
S3150801E07028460293CDE900873B46EBF7C1FC0546E6
S3150801E080F0B9394640461FF006FB394630461FF0BF
S3150801E09010FB204612F003FA204613F03FFF0BE06F
S3150801E0A06FF08C0140F20740FFF752FE102130460F
S3150801E0B01FF0FFFA6FF08C0528460AB0BDE8F0811B
S3150801E0C0014640F20740FFF743FEDEE700248000E1
S3150801E0D0004440042DE9FF410546062088461646B8
S3150801E0E0EAF7C0F813F015FF044648B901461A20A5
S3150801E0F0FFF72EFE6FF08C05284604B0BDE8F081C7
S3150801E10011F01CF92A466D4600232F46000260606D
S3150801E1106361204606F580711DF097F8144BE3609C
S3150801E120144B236002F110032E4610685168083219
S3150801E13003C69A423546F7D1102138461FF0ABFA85
S3150801E1404346102239462046EBF76AFB054620B1BD
S3150801E150014640F20740FFF7FBFD102138461FF044
S3150801E160A8FA204612F09BF9204613F0D7FEC3E71A
S3150801E17000444004002480002DE9F0434FF00009D3
S3150801E18087B0044606200E4617469846CDE90499F7
S3150801E190EAF768F813F0BDFE054670B311F0CEF83C
S3150801E1A000024FF480516860C5F8149028461DF0A6
S3150801E1B04CF8DFF874901B4B21462B601022C5F8EA
S3150801E1C00C9004ABEBF72CFB044628BB05AB02937A
S3150801E1D010233246CDE9008349463B46049811F09F
S3150801E1E0F0FF0446C0B9049811F06EFE284612F0F5
S3150801E1F056F9284613F092FE0AE06FF08C0140F2B8
S3150801E2000740FFF7A5FD049811F05EFE6FF08C0438
S3150801E210204607B0BDE8F083214640F20740FFF7E4
S3150801E22097FDE0E7002480000002C003F0B50E4622
S3150801E2300446154693B020223046434912F0EFFEB4
S3150801E24068B920222846414912F0E9FE38B9404BFF
S3150801E2501B681B7D002B64D040F203401BE0246C35
S3150801E2602022304604F1510112F0D9FE38B9202294
S3150801E270284604F1710112F0D2FE0028ECD00620DE
S3150801E280E9F7F0FF13F045FE044630B901461A20B6
S3150801E290FFF75EFD1A2013B0F0BD0027009711F0B5
S3150801E2A04DF8000260604FF48041204667611CF01A
S3150801E2B0CCFF284B3046E360274B06F1200223604A
S3150801E2C004238DF804300DF1050350F8041B904220
S3150801E2D043F8041BF9D10DF1050020211FF0DBF9E4
S3150801E2E028460DF1250305F1200250F8041B90423A
S3150801E2F043F8041BF9D120210DF125001FF0CBF9B4
S3150801E30001A96B4641222046EBF78AFA014650B924
S3150801E310204612F0C4F8204613F000FE009811F0CA
S3150801E320D3FD0020B7E710F1870F03D040F207406D
S3150801E330FFF70EFD204612F0B2F8204613F0EEFD67
S3150801E340009811F0C1FD87E7DC230408BC23040803
S3150801E350A8730020000002091241000100F0C00361
S3150801E360402B07D1094B1B6873B100F03F0053F8E6
S3150801E37020007047802B01D1054BF4E7054A064872
S3150801E380C02B08BF1046704703487047B07300207A
S3150801E390AC7300207DB6030879E80108014B1B68B8
S3150801E3A0187A7047A8730020003918BF0121003B6D
S3150801E3B018BF012310B50B4C003A246818BF012277
S3150801E3C0A3749DF808302070003B18BF0123E3743D
S3150801E3D09DF80C302174003B18BF01236274237524
S3150801E3E010BD00BFA873002001280AD002280ED04C
S3150801E3F098B90B4B1A68936943F00103002093619E
S3150801E4007047074B1A68936943F00203F6E7044B12
S3150801E4101A68936943F00403F0E72120704700BFA7
S3150801E420A873002038B5094D2C685CB9A42013F0EF
S3150801E43070FD286040B12246BDE8384004490548C8
S3150801E4400EF03EB8002038BD1A20FCE7A87300205C
S3150801E45099B20308B4730020024B034A00201A60DC
S3150801E460704700BFAC7300208423040810B5144C10
S3150801E470FFF7F8FC2068A4211FF01BF903224FF0CF
S3150801E480FF3123681A70D960002210211A7783F8A0
S3150801E4903D2083F85E201A829A7419729A61EBF705
S3150801E4A0A9FB044648B919F088FE0328054B08BF9D
S3150801E4B000232046044A136010BD40F20740FBE7DB
S3150801E4C0A873002037000400A47300202DE9F04347
S3150801E4D083680446590687B040F1B18023F04003AA
S3150801E4E083601CF07AFF802802D0402840F0AA8079
S3150801E4F094F9758004F13409B8F1FF3F1DD119F07B
S3150801E5005CFE012871D1636B04201A888DF80820F6
S3150801E5101A4632F8021B090A8DF80910D3F8023097
S3150801E52002A9CDF80A3053680A22CDF80E30FCF755
S3150801E530B5FAB0F1FF3F804657D0A56815F4807546
S3150801E54053D10620E9F78EFE13F0E3FC074698B986
S3150801E55001461A20FFF7FCFB204641F20601FFF7A8
S3150801E560D9FB20460021FEF789FF04F1340007B0E4
S3150801E570BDE8F0431CF081BF20461CF02EFF802821
S3150801E58028D1494D394645EA0825284611F0C1FCE6
S3150801E5900646384611F083FF16F1880F1BD1434D05
S3150801E5A0394645EA0825284611F0B3FC0646384699
S3150801E5B011F075FF384613F0B1FC96B9606B2A461F
S3150801E5C002A90A30FFF72AFD70B3102102A81FF02D
S3150801E5D070F8C1E72E4620461CF0FFFE4028E9D117
S3150801E5E0DDE7314640F20740B4E794F87430DA07BC
S3150801E5F002D4A368DB05AFD5002201A904F11800EE
S3150801E6000192FFF767FD18B1019811F05DFCA3E7C8
S3150801E610606B019A02A90A30FFF700FD05460198C9
S3150801E62011F052FC002DD0D1204602A9FEF726FF93
S3150801E63002A810211FF03DF848461CF01EFF07B03E
S3150801E640BDE8F083636B1A88002A85D1882801D032
S3150801E6504B2881D10021013313F8012F002A7FF4B9
S3150801E6607BAF01310829F7D1206C01A900F5987013
S3150801E6700192FFF72FFD0028C6D1606B019A02A906
S3150801E6800A30FFF7CBFC0546019811F01DFC002D59
S3150801E6909BD1204602A9FEF7F1FE02A810211FF020
S3150801E6A008F804F13400C8E7058004000380040073
S3150801E6B02DE9F043804693B006200F461646994643
S3150801E6C0E9F7D0FD13F025FC044648B901461A209E
S3150801E6D0FFF73EFB6FF08C05284613B0BDE8F083C3
S3150801E6E010F02CFE00230002606063614FF4804144
S3150801E6F020461CF0AAFD5A4BE3605A4B23605A4B3D
S3150801E7001A68137F022B21D102F1600302F18001FD
S3150801E71053F8040B8B4247F8040BF9D102F1A00117
S3150801E72053F8040B8B4246F8040BF9D1D2F8A03002
S3150801E7302046C9F8003011F0B2FE204613F0EEFB70
S3150801E740B8F1000F40F085800025C5E79369DB071E
S3150801E7502DD5464B03F1200253F8041B934247F883
S3150801E760041BF9D1424B03F1200253F8041B9342CF
S3150801E77046F8041BF9D14B4620223E492046EBF7C1
S3150801E7804FF80546204611F08AFE204613F0C6FBCF
S3150801E790002DD5D0294640F20740FFF7D9FAB8F13E
S3150801E7A0000F99D0082140461CF046FF94E74946D8
S3150801E7B0EBF7ECF9054690B1014640F20740FFF741
S3150801E7C0C7FAB8F1000F03D0082140461CF034FF00
S3150801E7D0204611F064FE204613F0A0FB7CE76B4649
S3150801E7E0412201A9D9F8000011F038FC0546204656
S3150801E7F011F055FE204613F091FB4DB1294640F222
S3150801E8000740FFF7A5FAD9F8000011F05DFBC6E746
S3150801E8103A460DF105030DF1250153F8040B8B4218
S3150801E82042F8040BF9D132460DF1450153F8040BB0
S3150801E8308B4242F8040BF9D101A841211EF039FF98
S3150801E840384620211EF027FF202130461EF023FFDF
S3150801E85076E7002245F2160140461CF0E9FD73E70A
S3150801E8600000020912710001A8730020FC220408A5
S3150801E8701D230408FC23040845F20603994210B532
S3150801E880044637D01FD840F20323994207D045F2F0
S3150801E890020399423FD040F2012399421FD12448ED
S3150801E8A094F870101EF071FE94F873304FF4A0417D
S3150801E8B0012B14BF80204020FFF750FD002203469C
S3150801E8C0204698470BE045F2170399422ED045F2A8
S3150801E8D01A03994205D045F20C0399421FD04820E4
S3150801E8E007E0C0211CF089FD07212046FFF712FA2F
S3150801E8F0002010BD93791A44517C41F49051FFF7D9
S3150801E90009FA94F873302046012B14BF802140215F
S3150801E9101CF073FDECE705211CF08EFEE8E71CF000
S3150801E9205CFD4128E4D005212046F5E70220E0E711
S3150801E930B4730020B1F5A04F2DE9F04104461646FF
S3150801E94000F01481A1F5A043DD1F042D00F2158105
S3150801E9509279083B0C321644026C92F85021032B2B
S3150801E96005D8DFE813F043009B00B9000001D10781
S3150801E97019D5771D10223946824812F050FB002816
S3150801E98062D019F01AFC0128206C0ED103213A46EF
S3150801E99090F95E01FCF720F81021054638461EF06D
S3150801E9A088FE002D4CD100276BE03B46102203213F
S3150801E9B090F95E0119F003FC94F873300546012BB2
S3150801E9C00DD13B4604F11802153653F8041BB34220
S3150801E9D042F8041BF9D1A36843F48073A36010219C
S3150801E9E038461EF066FE002DDDD011E012F0010753
S3150801E9F0D9D019F0E2FB01282DD1236C062093F911
S3150801EA005E81E9F72FFC13F084FA054618B91A2531
S3150801EA100021284612E001465B4840EA082011F029
S3150801EA2078FA8046284611F03AFD284613F076FA18
S3150801EA30B8F1000F0FD0414640F20740FFF788F9B9
S3150801EA40082120461CF0F8FD204608211CF0F4FD9B
S3150801EA5040F2034020E0206C06F1050843460A22ED
S3150801EA60022190F95E0119F0AAFBD6F80530054690
S3150801EA70A362D6F80930E362B6F80D30238600287A
S3150801EA80C6D1226C92F8503123EA070382F8503135
S3150801EA9020461CF08FFE0020BDE8F081920782D542
S3150801EAA019F08BFB012806F10506206C09D1062110
S3150801EAB0324690F95E01FBF78FFF10210546304675
S3150801EAC06DE706213346102290F95E0119F077FBAE
S3150801EAD010210546304684E793077FF564AF19F0A0
S3150801EAE06CFB01281AD1236C062093F95E71E9F7AC
S3150801EAF0B9FB13F00EFA0546002888D001462348CB
S3150801EB0040EA072011F005FA0746284611F0C7FC26
S3150801EB10284613F003FA0FB139468DE7717989B999
S3150801EB200A46731D13F8010F60B90132062AF9D195
S3150801EB3094F85210206C81F0080104F14C03C1F3DA
S3150801EB40C00106E000394FF0060218BF0121206C0A
S3150801EB50B31D90F95E0119F032FB054600287FF4D2
S3150801EB6057AF02278DE702F004078AE71CF0A1FBDD
S3150801EB700022236C83F85C218AE7BDE8F041FFF7A0
S3150801EB807BBE00BFAC230408038004000680040092
S3150801EB902DE9F04F97B01546DDE9209804AA0646F7
S3150801EBA08C4692461C46524B229F03F1100B964601
S3150801EBB0186859680833AEE803005B457246F6D112
S3150801EBC06B46202261465046FFF7D6FA834600284F
S3150801EBD071D1484B05F11002089365238DF824304D
S3150801EBE00DF12503184655F8041B954243F8041BF5
S3150801EBF0F9D110211EF04FFD0DF13503184604F128
S3150801EC00100254F8041B944243F8041BF9D110214D
S3150801EC101EF041FD99F80630062183F00803C3F377
S3150801EC20C0038DF84530D9F800300DF14600CDF80E
S3150801EC304630B9F804300124ADF84A301EF02BFDF0
S3150801EC4098F80630062183F00803C3F3C0038DF84C
S3150801EC504C30D8F800300DF14D00CDF84D30B8F8EC
S3150801EC600430ADF851301EF016FD002335228DF81B
S3150801EC7054306846239B08A98DF85340FFF77CFA60
S3150801EC808346C0B9102123981EF005FD3B4635225F
S3150801EC90684608A98DF82040FFF76EFA834650B9F1
S3150801ECA0B27C0146C2F11002384612F0E2F910218F
S3150801ECB038461EF0F0FC102168461EF0FAFC352194
S3150801ECC008A81EF0F6FC102150461EF0F2FCBBF116
S3150801ECD0000F06D0082130461CF0AEFC17B0BDE87F
S3150801ECE0F08F5A4645F2120130461CF0A1FBF5E7B2
S3150801ECF03E2304080062746C70B51E46042305465B
S3150801ED0096B014468DF8143001F120020DF1150361
S3150801ED1051F8040B914243F8040BF9D120210DF166
S3150801ED2015001EF0B8FC22460DF1350304F1200149
S3150801ED3052F8040B8A4243F8040BF9D120210DF14C
S3150801ED4035001EF0A8FC04AB0293202301931A9BFD
S3150801ED50314600930E48412305AA11F045FA0446A7
S3150801ED60412105A81EF0A5FC54B1214640F20740F1
S3150801ED70FEF7EEFF082128461CF05EFC16B070BDB2
S3150801ED80224645F2150128461CF052FBF6E700BF5C
S3150801ED9000000209F0B545F20E06B14204461546D1
S3150801EDA08DB00ED045F21306B1425CD0B1F5A04F35
S3150801EDB040F0BD801CF07DFA236CD3F85831190751
S3150801EDC057D5236CD3F8582112070CD4AA7903F521
S3150801EDD084730C3215446A1D153552F8041BAA4270
S3150801EDE043F8041BF9D10023256CCDE90833CDE995
S3150801EDF00A3385F85C3195F85D310DF1200C042B49
S3150801EE002AD14D4B1B6893F83D205AB1674603F149
S3150801EE101D022D333E4610685168083203C69A42D0
S3150801EE203746F7D105F5A073069304F15A030593FE
S3150801EE3004F1530304932B7905F1C80203936B7903
S3150801EE400293AB79CDE900C305F1B803204605F174
S3150801EE50F8011CF00BFE0CE0013B022B9CBFD5F818
S3150801EE602C310893DEE7056C95F85C3123B1012B4B
S3150801EE7054D000200DB0F0BD102205F5A07105F59E
S3150801EE80847012F0CCF820B10B2120461CF0D4FB7B
S3150801EE90EFE7D5F858310DF1200C9B0742BF94F8DE
S3150801EEA0743043F0020384F87430012385F85C3129
S3150801EEB00023CDE90833CDE90A3395F85D31042BF2
S3150801EEC025D11D4B1B6893F85E205AB1674603F19D
S3150801EED03E024E333E4610685168083203C69A42CE
S3150801EEE03746F7D105F58C73069304F15303059359
S3150801EEF004F15A030493EB7A05F1B80203932B7BC9
S3150801EF0002936B7BCDE900C305F1C8039EE7013B7C
S3150801EF10022B9CBFD5F82C310893E3E705F58C71D4
S3150801EF201CF0E3F9882120461CF067FAA1E70DB029
S3150801EF30BDE8F040FFF7A0BCA873002045F2140312
S3150801EF40994213B504462BD00CD8B1F5A04F13D06E
S3150801EF5045F20E03994232D0204602B0BDE8104070
S3150801EF60FFF78ABC45F219039942F5D1137813BB09
S3150801EF700C211CF061FB10E01CF09BF9216C20466A
S3150801EF8001F59473019301F1B803009301F151025C
S3150801EF9001F1C80311311CF00AFE002002B010BDB0
S3150801EFA0036CD3F82821114BB2FBF3F103FB1121B2
S3150801EFB0FEF7E2FEF1E787211CF01FFAEDE79179EA
S3150801EFC0036C0C310A44511D03F58473153251F84B
S3150801EFD0040B914243F8040BF9D1226CD2F858314B
S3150801EFE043F00803C2F85831D7E700BF40420F0083
S3150801EFF045F2100330B59942044685B000F0A68063
S3150801F0000CD8B1F5A04F27D045F20503994228D06F
S3150801F010204605B0BDE83040FFF72EBC45F2110386
S3150801F020994200F0B08045F212039942F0D1016C81
S3150801F03091F85D3113B1043B012B03D82046B83151
S3150801F0401CF06FF9236C93F85D31042B40F2DF80D5
S3150801F050052B03D1862192E01CF02BF9002005B07F
S3150801F06030BD9179036C0C310A44511DC8331532F0
S3150801F07051F8040B914243F8040BF9D1206CD0F8EE
S3150801F080583113F0040354D090F85D31042B22D182
S3150801F090604B1B6893F85E5065B1002100F11102BF
S3150801F0A00091114600F5A07001903E3320461CF0F0
S3150801F0B011FBD3E71021B8301CF0D5F958B1082156
S3150801F0C020461CF0B9FA40F207402946FEF740FEF1
S3150801F0D040F20740C3E7216C91F85D3101F1C8029E
S3150801F0E013B1043B012B12D801F1F803039301F57F
S3150801F0F09873029304F15A03019304F1530300939D
S3150801F10001F1B8032046D831FFF742FDA6E701F51C
S3150801F110A073019391F85C01D1F82C31C34003F037
S3150801F120010343F080030093134601F151021131A3
S3150801F130BCE780F85C3100F1C802009300F59871CC
S3150801F14000F5A07320461CF0A6FD87E7056C102282
S3150801F15005F1980105F5A07011F061FF20B10421B0
S3150801F16020461CF069FA79E78821D5F858319B07BA
S3150801F17042BF94F8743043F0020384F87430204691
S3150801F1801CF03BF96AE7056C95F85D3105F5A07049
S3150801F190042B1ED11F4B102219684E3111F03FFF67
S3150801F1A00028DCD1102105F1B8001CF05CF9216CAE
S3150801F1B001F1F803039301F59873029304F15A03D5
S3150801F1C0019304F15303009301F1C80201F1B80355
S3150801F1D098E70146102205F1980011F020FF002852
S3150801F1E0BDD105F1B80120461CF09BF8216C91F8B8
S3150801F1F05C310133DBB2142B81F85C31D8D0D1F8FC
S3150801F200583123F00103C1F858318421B7E7872122
S3150801F210B5E700BFA873002045F215039942F7B573
S3150801F220044651D00CD8B1F5A04F19D045F20D03BB
S3150801F23099421BD0204603B0BDE8F040FFF71CBB3E
S3150801F24045F216039942F5D1016C01F1D8030093F1
S3150801F250D1F8943001F131021131FFF74DFD01E08A
S3150801F2601CF027F80027384603B0F0BD93790C3314
S3150801F2701A44551D02F1250632462946FEF7D6FFE0
S3150801F280074620B10B2120461CF0D6F9EBE72946A3
S3150801F290236C113351F8042BB14243F8042BF9D1ED
S3150801F2A0236C01F12002313351F8040B914243F8E2
S3150801F2B0040BF9D1216C204601F1940301F1710285
S3150801F2C05131FFF7F5F9CDE71CF063F8236C93F894
S3150801F2D05D31052BC6D8DFE803F0190311111E1994
S3150801F2E0204682211CF089F80C4B20461B68D968F8
S3150801F2F04B1C5A425A41FEF755FDB3E72046822177
S3150801F3001CF07BF82046FEF77DFDABE783212046FE
S3150801F3101CF073F8A6E78521F9E700BFA87300205A
S3150801F320204B10B51B6804469B6913F0040310D1E2
S3150801F33041B180F8773090F87010BDE810401A484E
S3150801F3401EF023B990F87330012B03D1836858074F
S3150801F35005D410BD022B02D183685907F9D494F953
S3150801F360772094F87730002AF3DBB3B9012384F8C0
S3150801F370773094F877305B08EBD04FF47A7294F8CB
S3150801F38070105343084800220DF078F894F8773046
S3150801F39063F07F0384F87730DBE75A06E9D45B002C
S3150801F3A0E5E700BFA8730020B473002045F21E03E9
S3150801F3B099422DE9F3410446154611D845F216033B
S3150801F3C0994214D845F20103994200F0438345F264
S3150801F3D00203994200F09C80B1F5A04F00F04083EA
S3150801F3E02A46204602B0BDE8F041FFF745BAA1F525
S3150801F3F0A043173B072BF3D801A252F823F000BF0D
S3150801F40021F40108E1F30108E1F30108E1F3010838
S3150801F4100FFA0108E1F30108E1F50108A7F501086A
S3150801F420874E33681A7F022A11D1DA7C7AB193F8AA
S3150801F4305E3063B941F20221FEF76CFC20460121D8
S3150801F440FFF76EFF41F2022002B0BDE8F081A36822
S3150801F450590701D50220F7E72046FEF7A3FB3368D3
S3150801F460051E1A7818BF0125032A07D019696AB239
S3150801F47011F0FF1F28D042F0040503E094F8742028
S3150801F480920729D49A69960723D41A7F012A20D08C
S3150801F49045F0080502210B201BF01BFF024600B3AD
S3150801F4A0837903445D7394F97530013303D094F875
S3150801F4B07430DD0703D5A36843F00203A360062170
S3150801F4C020461BF005FE0CE094F874108F07D2D481
S3150801F4D0D8E75B7C002BDDD041F203212046FEF7FD
S3150801F4E019FCA368224643F00403A3605549204644
S3150801F4F00CF0E6FF0221204618F0DFFE47F23053F2
S3150801F500002245F21A0120460CF0B8FF00209BE7BD
S3150801F5108368580703D494F97730002B05DB236CED
S3150801F52053B1D3F85831D90606D5204609211CF01E
S3150801F53083F841F2092087E720461BF08CFE28B99B
S3150801F540082120461CF078F821207DE7206CD0F8A8
S3150801F550583143F01003C0F85831AB790C332B44BA
S3150801F5605A68C0F803201A89A0F8072001229B7A55
S3150801F5704372236CDA70A26812F0040610D122468F
S3150801F580304920460CF09CFF0221204618F095FED2
S3150801F59047F23053324645F21A0120460CF06EFF07
S3150801F5A0A3689A05B2D5236C002BAFD0D3F858318E
S3150801F5B0DB06ABD5FEF71AFB94F9751030B1A368D3
S3150801F5C09F0703D42046FEF731FC9FE70846FBF761
S3150801F5D0E5F928B194F87430DE0701D40521B0E7BE
S3150801F5E0236C002B3FF436AFD3F85831D8067FF594
S3150801F5F031AF99063FF52EAFFEF7F8FA48B1A36881
S3150801F6009A0706D42B7823B9052120461CF014F84D
S3150801F6107CE7A368256C23F00203A360D5F858316B
S3150801F620074F43F02003C5F858313B68EA791B7A3E
S3150801F630934202D8A37C934206D9062181E700BFEB
S3150801F640A873002051B4030894F9521094F8523063
S3150801F6500029B2BF012383F00803C3F3C003102AAC
S3150801F66028BF10226B7094F86030204683F0080397
S3150801F670C3F3C003AB70A274AE79FEF793FA90B3E5
S3150801F680F30730D594F97530D4F84080581C20D04A
S3150801F69088F85E3106F00D063B689A69910704D42D
S3150801F6A01A7F012A01D0320701D406F0F7061A7823
S3150801F6B0032A1BD01B6913F0FF1F01D046F004066D
S3150801F6C0072102201BF005FE0190A8B940F203406C
S3150801F6D0BAE62046FBF738FB88F85E01236C93F9F6
S3150801F6E05E310133D6D106F00C06D5E71B7F002B18
S3150801F6F0E6D106F0FB06E3E790F806C03A680CF196
S3150801F7000C0C137800EB0C014B70137F012B06D000
S3150801F710022B45D192F85E30003B18BF01238B704E
S3150801F7201023CE7016F0010608BF32460B711FBFB3
S3150801F7302B7A6A7A03F003034B71236C14BF02F028
S3150801F74003024E718A7183F851214A7983F850214F
S3150801F75050F80C20C3F80A208A88DA818A791A7443
S3150801F76006B3206C90F8501111F002061AD194F8DC
S3150801F7705210062281F0080190F95E0104F14C034A
S3150801F780C1F3C00118F01BFD60B13146FEF7E0FA7E
S3150801F790204608211BF050FF01A812F04BF895E707
S3150801F7A00023BCE7019E002E90D0FEF717FA95F8C4
S3150801F7B006C018B994F9753001330FD01CF0010F42
S3150801F7C004D0236C93F95E31013307D10521204614
S3150801F7D01BF032FF3046EDF7B9FFB5E63B680CF092
S3150801F7E00802597C29B112B16A7B100703D4032197
S3150801F7F0EDE7002A70D06A7B11076DD5D5F8581147
S3150801F80041F00401C5F85811B5F8501121F4807179
S3150801F81021F00101A5F85011187F697902280FD046
S3150801F82091B942EA0C0212F0040240D185F85D2131
S3150801F8301B7C002BDBD194F874309807D7D40DE0E4
S3150801F84021B993F85E203ABB0221C0E7012283F869
S3150801F8503D20DA7C32BB042385F85D3194F91330F7
S3150801F860022B03D1D5F858315A07C0D518F0A5FC93
S3150801F87001284DD194F97500431C49D0002201A9EC
S3150801F880C0B2FEF789FB002842D1236C93F85021B8
S3150801F890910737D40A219AE783F83D10DB7C002BC0
S3150801F8A0D2D1D8E793F85E30002BD4D1CCE72A79A8
S3150801F8B01978052A28BF03227C4801EB81010144F6
S3150801F8C08A5C85F85D211B7C1BB994F8743099070D
S3150801F8D0C4D5002AC2D18AE71A7F012A02D16A79D8
S3150801F8E0002AB8D11CF0040F03D16A7B12F0040276
S3150801F8F09CD02A791978052A28BF03226C4801EB7E
S3150801F9008101DCE793F851319A0701D40A2118E6F7
S3150801F91094F97500431C18D0226C0821D2F8583185
S3150801F92043F04003C2F8583118F060FC052194F9F8
S3150801F930750018F02FFC032194F9750018F02AFCBC
S3150801F940062194F9750018F025FC32460621204651
S3150801F9501BF0BEFB95F85D31206C042B1DD13B686D
S3150801F96000F5987003F11D022D3352F8041B9A42D3
S3150801F97040F8041BF9D1D5F8583195F85D2103F003
S3150801F98004018AB923F00203C5F85831E274B9B102
S3150801F990812120461BF031FDB8E51022002100F532
S3150801F9A0987011F066FBE6E743F00203C5F8583193
S3150801F9B041B90123032AE37412D9042A7FF4A6ADB7
S3150801F9C08421E6E7A37C0F2B89BF94F874300123C1
S3150801F9D043F0080384F8743088BF0223E374D7E739
S3150801F9E0012A07D0204682211BF007FD2046FEF793
S3150801F9F009FA8BE5204682211BF0FFFC3B6820466D
S3150801FA00D9684D1C6A426A41FEF7CCF97EE590F841
S3150801FA107430D80707D4802120461BF0EEFC29460E
S3150801FA202046FEF777F9A36859077FF56FAD45F2CA
S3150801FA301A0120461DF0A9FD224620461D491DF042
S3150801FA40DDFDA36823F00403A36002212046FBF72A
S3150801FA5025FE5BE50246174917480CF031FD55E5C9
S3150801FA6045F21A011DF091FDA36823F03E03A36038
S3150801FA70236C6BB193F95E01421C09D094F9752088
S3150801FA80013203D0D3F858315B0601D5FBF782F86A
S3150801FA902246204607491DF0B1FD2246054906487A
S3150801FAA01DF0ACFD20461BF027FDCEE74F230408C9
S3150801FAB06823040851B40308B87300200138C0B29A
S3150801FAC00A289ABF014B185C002070471C240408B9
S3150801FAD0014902481DF08EBDC4850020B873002077
S3150801FAE01022074B28215A826422C3E905124FF6D0
S3150801FAF0FF729A8300221A604FF470629A847047E3
S3150801FB00BC73002038B5114C94F82430EBB1226847
S3150801FB1012F0010519D1201DFEF79EF9236843F05D
S3150801FB20020323601CF0BBFB78B14EF6602294F801
S3150801FB3025304FF48271534305482A460CF09EFC42
S3150801FB4018B9236843F00103236038BDBC7300204C
S3150801FB50B873002022F00042B2F5827F10B511D1A8
S3150801FB60094B1A6893F8244022F00102012C1A6005
S3150801FB7006D118F0C7FEFFF7C5FF204600F020F8AA
S3150801FB80012010BD0020FCE7BC73002010B50B4C0A
S3150801FB9023689A0701D4002010BDFCF7F9FA837986
S3150801FBA01B0708D5FDF74EFC0028F5D1236823F07D
S3150801FBB002032360EFE7FDF729FCF5E7BC73002094
S3150801FBC008B5044A136843F002031360FFF7DEFF22
S3150801FBD008BD00BFBC73002030B5044685B0084691
S3150801FBE003911CF066FC830708D410F0010003D0CA
S3150801FBF003A811F01FFE012005B030BD03998B79CA
S3150801FC0003F10C0288188A5C013A202A00F217814E
S3150801FC10DFE812F021001501B1001501B400150144
S3150801FC20BD001501C4001501CC001501D40015014C
S3150801FC30DB001501E9001501F10015011501150192
S3150801FC40F300150101011501030115010C01150147
S3150801FC5015011501E20003790BB103F588534278C2
S3150801FC60023A1E2AC4D801A151F822F0E9FC01087A
S3150801FC70F1FB0108F3FC0108F1FB0108FFFC01088F
S3150801FC80F1FB01080BFD0108F1FB010817FD01084D
S3150801FC90F1FB01083BFD0108F1FB010823FD010801
S3150801FCA0F1FB010847FD0108F1FB010853FD0108B5
S3150801FCB0F1FB0108F1FB0108F1FB01085DFD0108F3
S3150801FCC0F1FB01086DFD0108F1FB0108F1FB0108D3
S3150801FCD0F1FB0108F1FB0108F1FB0108F1FB010841
S3150801FCE0F1FB01082FFD010817212046FDF730FB1E
S3150801FCF07EE70022204611461AF0E4FC78E71A4608
S3150801FD00002120461AF08BFD72E700222046114693
S3150801FD101AF035FF6CE70022204611461AF0DEFD7F
S3150801FD2066E71A46002120461AF0CBFE60E71A4616
S3150801FD30002120461AF0E4FE5AE71A460021204619
S3150801FD401AF0A2FE54E70022204611461BF00AF8D3
S3150801FD504EE7194620461BF06EF849E70093002343
S3150801FD6020461A4619461BF070F841E719462046FF
S3150801FD701BF0BDF83CE7B0F80110B6E702338B710A
S3150801FD800A460023417820461AF09CFC33E70133E2
S3150801FD90002220468B711AF042FD2CE702338B7143
S3150801FDA04278002320461AF0EAFE24E701338B71D4
S3150801FDB0002320461A461AF091FD1CE7013300225A
S3150801FDC020468B711AF060FE15E7013300222046A2
S3150801FDD08B711AF076FE0EE70133002220468B71ED
S3150801FDE01AF08EFE07E702338B714278002320460C
S3150801FDF01AF0B8FFFFE60021ACE705338B71002343
S3150801FE00B0F80320B0F8010000930B4601462046DE
S3150801FE101BF01BF8EFE60021A9E703338B710A46AD
S3150801FE20B0F8011020461BF081F8E4E603338B7124
S3150801FE300A46B0F8011020461BF081F8DBE60020DF
S3150801FE40DAE600BF38B5FCF79FF90446FCF7FEF978
S3150801FE50054606481DF057FB0023037143712368C5
S3150801FE60C0F80630A3880573438138BD2009020509
S3150801FE7013B5C37A0093B0F80930D0F80520D0F845
S3150801FE800110007818F069FD044603481DF03BFB94
S3150801FE90848002B010BD00BF2002040310B50078AB
S3150801FEA0FBF742FF044602481DF02DFB848010BD76
S3150801FEB020020411FF2337B50DF107008DF807302D
S3150801FEC0FBF754FF044604489DF807501DF01BFB39
S3150801FED08480857103B030BD2003040110B5007814
S3150801FEE018F0D2FD044602481DF00DFB848010BDB2
S3150801FEF02002040A4B7937B55B0705460C460CD434
S3150801FF0020461421064A11F0FDFA01A8019411F0C0
S3150801FF1025FB10B9A3791C44257403B030BD00BF75
S3150801FF2048240408024B1B6803B11847704700BFF1
S3150801FF300474002010B5837804461F2B10D80021BD
S3150801FF4000781CF00EFB68B1A37861782078E21C72
S3150801FF5018F0BEFC044604481DF0D5FA848010BD8D
S3150801FF602124F8E70224F6E72002560010B50021FD
S3150801FF70044600781CF0F5FA48B16178207818F043
S3150801FF80D9FC044603481DF0BEFA848010BD02243C
S3150801FF90F8E700BF2002560110B54178007818F03D
S3150801FFA04DFD044602481DF0AEFA848010BD00BF1F
S3150801FFB02002560210461946F8B522F0004340F2CF
S3150801FFC00A4293420ED8B3F5806F59D96FF480620D
S3150801FFD01344092B54D8DFE803F00D101F30505095
S3150801FFE05050530D40F20152934234D0A3F20253BA
S3150801FFF0032B45D8FBF79AF90CE00D784C688A690A
S3150802000001F108031F48002111F0C0FA10B1057169
S31508020010C0F805400120F8BD0E784D880C798A692A
S3150802002001F108031848002111F0B0FA0028F1D0AE
S315080200300671A0F80550C471ECE70D784C884A6938
S315080200400B1D1248002111F0A1FA0028E2D0057111
S31508020050A0F80540DEE70F784E880D79CC8801F1C5
S3150802006008020B48002111F0B8FA0028D2D007710D
S31508020070A0F80560C5710481CCE7FBF771F8C9E7FA
S315080200800020C8E7682404086424040860240408D5
S315080200905C24040800487047B5FF010801481DF0B2
S315080200A027BA00BF5C74002030B5124B0D46994240
S315080200B0144689B01BD1930011D505A906A80CF0E0
S315080200C08DFA062300220393059BE1B20293069B4F
S315080200D02846CDE9003241F000511DF060FA064883
S315080200E011F043FA00B10471012009B030BD0020B5
S315080200F0FBE700BF087400208C24040822F00042A3
S31508020100B2F1A04F08B504D1034811F02EFA012026
S3150802011008BD0020FCE700BF9024040810B5047F40
S31508020120D4B1102C28BF10241DF0B3FA621C81B278
S3150802013000230620D2B2EDF789FC044650B90749D6
S3150802014007481DF057FA074807491DF053FA0748AA
S31508020150EDF756FC204610BD0424E5E7DC850020B1
S315080201600C74002008740020EC850020D485002039
S3150802017073B54278037843EA0223ADF804308378EC
S31508020180C27843EA0223ADF80630FFF787FF88B143
S315080201900DF1060101A81CF055F804460648BDF9FA
S315080201A00460BDF906501DF0AEF98480C68005814B
S315080201B002B070BD0224F1E72006011722F00042C0
S315080201C0B2F5887F2DE9F0471C4600F0E2800ED88A
S315080201D040F203139A423CD040F209139A4200F0C5
S315080201E0C2800E2A00F0B3800020BDE8F08740F2F4
S315080201F007239A4247D0B2F5037F56D040F2062328
S315080202009A42F1D120684C30FCF720F82568074657
S31508020210644895F8736095F870A095F9759095F805
S315080202207680A48811F0A1F90028DDD0EB6C436032
S31508020230B5F8503087720381731E5E425E41C672FC
S3150802024080F80CA080F80D9080F80E80A0F80F4078
S31508020250CAE72078FBF7E4F90028C5D0524894F893
S3150802026000806788A688E588247A11F07EF9002836
S31508020270BAD080F80480A0F80570A0F80760A0F844
S315080202800950C472B0E72078FBF7CAF90028ABD048
S3150802029060782578FFF712FC0446444811F065F9A0
S315080202A00028A1D0057144719EE7A578012D1ED0BC
S315080202B0022D2DD0CDB9E37894F80080023BDBB24B
S315080202C0022B8CBF01253A4A94F90470667998BFC5
S315080202D0D55C94F90640374811F047F928B180F8F9
S315080202E0048045718771C671047201207DE7E3783F
S315080202F094F80080023BDBB2022B98BF2C4A94F991
S315080203000470667998BFD55C94F906402A48E3E7F3
S31508020310E3782A48023BDBB2022B94BF244A012522
S3150802032094F80180277898BFD55C94F90490667989
S3150802033094F9064011F019F90028D6D0A0F80480DD
S315080203408771C57180F8089046728472CDE7234694
S315080203500822002113F8014B194811F017F9002851
S31508020360C3D00471C1E7174894F800806788A68845
S31508020370E588248911F0F9F80028B6D080F80480B7
S31508020380A0F80570A0F80760A0F80950A0F80B407D
S31508020390ABE70D481C7811F0E8F800283FF424AFC3
S315080203A0047121E7CC240408C8240408C0240408DC
S315080203B094240408B8240408B4240408BC240408B1
S315080203C0B0240408AC240408C42404080022084BF8
S315080203D010B51A609A8002681A60187818F097FCA5
S315080203E0044618B9034904481DF004F9204610BD0D
S315080203F020800020FC850020B873002008B5034B36
S315080204005888FBF7C7FD002008BD00BF20800020E2
S3150802041073B5144606460D4620461421094A11F0BC
S3150802042071F801A8019411F099F848B9A3790C3327
S315080204301C44054BA6711B79A5800BB11CF0ABF8C1
S3150802044002B070BDA8240408208000202DE9F04FD0
S3150802045000218FB042F289001AF09FFD3348F2F765
S31508020460E7F91AF0F8FD44790CB144F4805481791D
S31508020470437A0D91B0F807200B93037B0C920193F4
S31508020480437B90F80AB00293837B90F80BA0039300
S31508020490C37B90F820600493037C0593B0F811306F
S315080204A00793B0F813300893437D0693C38A0993DA
S315080204B0038B0A93B0F81A90B0F81C80C78B90F891
S315080204C021501B481DF01FF80B9B0D994372019B87
S315080204D00C9A0373029B84804373039B8171837313
S315080204E0049BA0F80720C373059B80F80AB003741F
S315080204F0BDF81C3080F80BA0A0F81130BDF82030EA
S31508020500A0F81A90A0F81330069BA0F81C80437531
S31508020510BDF82430C783C382BDF82830038380F828
S31508020520206080F821500FB0BDE8F08F014803081B
S31508020530201E590838B504460078FBF771F80546B7
S3150802054070B3052142F28D001AF027FDB5F86E3018
S315080205500246A0F8033061784379D9B143F0010322
S31508020560A178D1B143F002035371E3780D48937130
S315080205702379D371F2F75CF91AF06DFD447924B147
S315080205801AF069FD447944F4805407481CF0BBFF0D
S31508020590848038BD03F0FE03E2E703F0FD03E3E7D8
S315080205A02524F2E7014803082002590110B501780B
S315080205B00446CB0722D44B1E1F2B1FD80131C9B2C2
S315080205C04FF62D401AF0E9FC214611F8012B0430AA
S315080205D0530800F8013C10F057FD0948F2F728F9CC
S315080205E01AF039FD447924B11AF035FD447944F4F8
S315080205F0805404481CF087FF848010BD2124F8E744
S31508020600014803082002590710B58088FAF7FAFF4D
S3150802061030B190F87040034810F0A7FF00B104719A
S3150802062010BD00BFF42404082DE9F04F04468FB02C
S315080206308088FAF7E7FF00286CD0E67890F8701001
S31508020640A2790EB146F48056607A257C0090A07A8B
S31508020650012D0190E07AE3790290207B94F808B0A4
S315080206600390607B0490A07B0590E07B069004D003
S31508020670022D02D0032D08BF0425CDE90C23E37E03
S3150802068026480793237F0B910893637F94F820A04B
S315080206900993A37F94F821900A9394F8228094F8F8
S315080206A0237010F062FFDDE90B120D9B90B3037203
S315080206B0009B01718372019B4271C372029BC680C1
S315080206C00373039B80F809B04373049B45748373D1
S315080206D0059BC373069B0374D4F81130C0F8123015
S315080206E0D4F81530C0F81630B4F819304383079B8E
S315080206F00377089B4377099B83770A9B80F821A097
S31508020700C377002380F8229080F8203080F823806F
S3150802071080F824700FB0BDE8F08F00BFF0240408FB
S315080207202DE9F04F044689B08088FAF76BFF002856
S315080207303DD0002362890793E578237BADF81C2018
S3150802074090F87010A2798DF81E300DB145F48055D7
S31508020750E379CDE904120393079B16480193638A4A
S31508020760E789268A029394F808B094F909A094F8BE
S315080207700D80B4F81490E48A10F0F7FEB8B1039B22
S3150802078004990372019B059AC0F80B30BDF808302C
S3150802079001714271C58080F809B080F80AA080F814
S315080207A00F80078246828382A0F81690048309B0D6
S315080207B0BDE8F08FEC2404082DE9F04F0C468BB007
S315080207C0821C05AE00F112033546106851680832DC
S315080207D003C59A422E46F7D12046122111F031F965
S315080207E040F6FF73BDF81500984238D0FAF70AFFAB
S315080207F090B390F870509DF81730224603939DF8EF
S315080208002130002100939DF82230164801939DF865
S315080208102330BDF818B0BDF81AA0BDF91C909DF991
S315080208201E809DF81F709DF82060029310F0D5FE79
S3150802083090B1039B05714371009BA0F806B0C37380
S31508020840019BA0F808A00374029BA0F80A9080F8FE
S315080208500C804773867343740BB0BDE8F08FFF258F
S31508020860C9E700BFE82404082DE9F04F024685B01F
S315080208706B468B46D0F80200D2F80610927A03C36A
S3150802088058460B211A7011F0DCF840F6FF73BDF8D2
S315080208900100984223D0FAF7B5FEE8B190F8704005
S315080208A05A4600210F489DF803A09DF804909DF82A
S315080208B005809DF806709DF807609DF8085010F0AF
S315080208C08CFE48B1047180F805A080F8069080F87D
S315080208D0078007724672857205B0BDE8F08FFF245D
S315080208E0DEE700BFE42404082DE9F04F04468FB082
S315080208F08088FAF787FE002866D0E57890F87010A7
S315080209000DB145F48055A2790D910C92B4F80730D1
S315080209102F480B93E37A94F809B00093237B94F853
S315080209200AA00193637B0293A37B0393E37B04935D
S31508020930237C0593B4F811300793B4F8133008935F
S31508020940637D0693E38A0993238B0A93B4F81A9074
S31508020950B4F81C80E78B94F8206094F8214010F0D4
S3150802096004FE88B30B9B0D990381009B0C9A0373B3
S31508020970019B01714373029BA0F805508373039B85
S31508020980C271C373049B80F80AB00374059B80F88E
S315080209900BA04374BDF81C30A0F81B904382BDF827
S315080209A020308382069B8375BDF82430A0F8173061
S315080209B0BDF82830A0F81930A0F81D80A0F81F70DD
S315080209C080F8216080F822400FB0BDE8F08F00BFA2
S315080209D0E024040822F000420D2A73B51C460ED004
S315080209E06FF4C0631A440B2A12D80B2A10D8DFE810
S315080209F002F03B12242C370F46505F84878E04225E
S31508020A00002153F8044B444810F0C0FD00B184801D
S31508020A10002002B070BD2078FAF702FE0028F7D04F
S31508020A203E48267894F90150A47810F09EFD0028D5
S31508020A30EED0067145718471EAE72478384810F0D9
S31508020A4094FD0028E4D00471E2E725783548646805
S31508020A5010F08BFD0028DBD00571C0F80540D7E7FA
S31508020A60257831486468F3E730482578646810F0D9
S31508020A707CFD0028CCD00571A0F80540C8E72C48B3
S31508020A802578646810F071FD0028C1D0057144719B
S31508020A90BEE7637827480D2B96BF274A0125D55C02
S31508020AA0247810F062FD0028B2D004714571AFE7D0
S31508020AB0637800210D2B98BF1F4A204898BFD55C42
S31508020AC06368A27888BF0125267810F05FFD08B111
S31508020AD0067145716378012B9AD88DF80730012281
S31508020AE0002116480DF10703247810F04FFD00285F
S31508020AF08ED00123047143718AE7247810489EE751
S31508020B000021636822780F4810F040FD80E70E48FE
S31508020B1010F02BFD7CE700BF3825040824250408BD
S31508020B202C2504083025040828250408202504084D
S31508020B301C25040818250408F824040814250408A2
S31508020B4010250408082504080C25040873B505466B
S31508020B501EF034F81D4C064663795B070ED4204610
S31508020B6014211B4A10F0CEFC01A8019410F0F6FCE1
S31508020B7020B130461EF01DF802B070BDA3790C33C1
S31508020B80234455B91A79FF2A01D001321A7130461F
S31508020B9002B0BDE870401EF00CB8012D05D15A7995
S31508020BA0FF2AF4D001325A71F1E7022D05D19A795A
S31508020BB0FF2AECD001329A71E9E7032DE7D1DA79F7
S31508020BC0FF2A1CBF0132DA71E1E700BF1074002068
S31508020BD03425040810B582784178007817F06BFF3F
S31508020BE0044602481CF08FFC848010BD2002570080
S31508020BF010B50121044600781BF0B3FC60B1224609
S31508020C006378002112F8020B17F062FE04460348C5
S31508020C101CF079FC848010BD0224F8E720025701F3
S31508020C20002313B50093D0F802204178007817F014
S31508020C308FFF044602481CF066FC848002B010BD91
S31508020C402002570430B585B005460A4901A80BF0BB
S31508020C505FF9044650B901A80BF0C8F9044615B164
S31508020C60029B9B792B7001A81CF0BFFB204605B09E
S31508020C7030BD00BF642504082DE9FF4180460F46B2
S31508020C8001A80C4916461D460BF042F970B9029C9A
S31508020C909DF8283084F80480C4F80570C4F8096001
S31508020CA0A4F80D50E37301A81CF0A3FB04B0BDE839
S31508020CB0F08100BF5C2504081FB50446054901A852
S31508020CC00BF026F920B9029B01A81C711CF091FBB6
S31508020CD004B010BD542504081FB50446054901A8E9
S31508020CE00BF016F920B9029B01A81C711CF081FBB6
S31508020CF004B010BD4C25040830B587B005460C462D
S31508020D0000930749134603A801220BF021F928B9D3
S31508020D10049B03A81D715C711CF06BFB07B030BD08
S31508020D207C25040830B585B005460C4601A8064957
S31508020D300BF0EEF828B9029B01A81D715C711CF034
S31508020D4058FB05B030BD00BF7425040830B585B020
S31508020D5005460C4601A806490BF0DAF828B9029BA3
S31508020D6001A81D715C711CF044FB05B030BD00BFC3
S31508020D706C2504087FB506460D4601A806491446A1
S31508020D800BF0C6F830B9029B01A81E715D719C7101
S31508020D901CF02FFB04B070BD9425040810B586B06C
S31508020DA004460B4600920649012203A80BF0D0F826
S31508020DB020B9049B03A81C711CF01BFB06B010BDCE
S31508020DC08C2504087FB506460D4601A80749144630
S31508020DD00BF09EF838B9029B01A81E715D71C3F823
S31508020DE006401CF006FB04B070BD00BF842504084B
S31508020DF07FB505460E4601A80C490BF089F804464C
S31508020E0080B901A80BF0F2F8029B044625B1D3F883
S31508020E1006202A605A89AA800EB11B7B337001A864
S31508020E201CF0E3FA204604B070BD00BF9C250408F6
S31508020E302DE9FF4180460F4601A80F4916461D4671
S31508020E400BF066F8044698B9029B01A8A3F8048039
S31508020E50DF800BF0CBF8029B044616B1B3F90620E5
S31508020E60328015B1B3F908302B8001A81CF0BDFAFF
S31508020E70204604B0BDE8F081A42504082DE9FF4107
S31508020E8080460F4601A80A4916461D460BF040F849
S31508020E9058B9029C9DF9283084F804806771A671B6
S31508020EA0E571237201A81CF0A4FA04B0BDE8F0812A
S31508020EB0BC2504087FB5034600910122054903A80B
S31508020EC00BF046F810B903A81CF093FA07B05DF8C0
S31508020ED004FB00BFB42504082DE9F04F85B0074688
S31508020EE0DDE90EBA0E4601A8364915461C46DDF856
S31508020EF040900BF00DF8804600285ED101A80BF051
S31508020F0075F8029B80460FB19979397016B1B3F814
S31508020F10071031800DB1597A29700CB1997A21706E
S31508020F20BBF1000F02D0D97A8BF80010BAF1000F84
S31508020F3002D0197B8AF80010B9F1000F02D0597B4A
S31508020F4089F80010119A0AB1997B1170129A0AB19E
S31508020F50D97B1170139A0AB1197C1170149A12B1BD
S31508020F60B3F811101180159A12B1B3F81310118043
S31508020F70169A0AB1597D1170179A0AB1D98A11803F
S31508020F80189A0AB1198B1180199A0AB1598B1180CC
S31508020F901A9A0AB1998B11801B9A0AB1D98B1180B8
S31508020FA01C9A12B193F8201011701D9A12B193F877
S31508020FB02130137001A81CF018FA404605B0BDE8A6
S31508020FC0F08F00BFAC25040810B50F4C88B020601E
S31508020FD0ECF710FD216868461BF007FB6846F4F734
S31508020FE0B1FA044660B90A20084A09490BF028FAF8
S31508020FF0044628B90BF052F80BF080FBFEF770FD99
S31508021000204608B010BD00BF4C740020B3C50308C3
S31508021010B5E3030870B58EB00BF09CFB002302AD56
S3150802102029460DF107008DF80E308DF80730DFF7E7
S31508021030C1FA00286BD128461BF020F9002866D091
S31508021040302864D09DF80730012B17D172238DF80A
S315080210500E30E5F753FCCDE90601030C8DF8123084
S31508021060BDF81D30ADF81000ADF813309DF81F30ED
S315080210708DF8153049238DF816300AE049238DF884
S315080210800E3095E80300ADF81410090C04908DF89B
S3150802109016109DF80E3013F0280F07D1DDE904016A
S315080210A0ADF80C10090C02908DF80E10274E336815
S315080210B01869002830D133685A690AB9244A12686D
S315080210C024490A609A690AB9234A126823490A60B6
S315080210D093F82220D20727D404A81BF0C1FA0446A3
S315080210E0F8B9316806A81BF080FA06A8DFF7F2F904
S315080210F00446B0B9BDF92E001BF081F81BF0B5FA0B
S315080211002846FBF751F816480BF094F909E09DF8C2
S315080211100E3019079DD5B4E719F05EF90446002882
S31508021120C9D020460EB070BD93F8232000234FF095
S31508021130FF3006A9CDE906338DF81A201BF089FB84
S315080211400028C9D040F20C44EBE700BF4C740020DB
S3150802115018F303082874002014F3030824740020E3
S31508021160B911020870B50F481CF0C6F9C8B90BF0D8
S31508021170C3F90C4D05F10C061BF030F80AF0CAFF4C
S31508021180044628461CF0B4F910B9304610F052FB52
S3150802119010F052FA08B9002CEED1BDE870401BF0E7
S315080211A0FBB970BD5C740020024B1B6803B118477B
S315080211B0704700BF2474002050EA010337B504467D
S315080211C00D4604D103B0BDE83040FFF7EDBFB1F1DB
S315080211D0FF3F08BFB0F1FF3F13D01DF0EBF822180E
S315080211E045EB010308490948C1E9002300239D424A
S315080211F00CBF21464FF0FF31CDE90033044A1DF0FA
S3150802120058FD03B030BD00BF680B00202C740020C7
S3150802121015120208D3B51DF0D1FC04461DF0CAF812
S315080212200B46104AD2E90067B04273EB070107D3AF
S31508021230FFF7BAFF204602B0BDE8D0401DF0B9BCA0
S31508021240D2E900670022311A67EB03039342CDE91C
S315080212500022134618BF4FF0FF31034A03481DF018
S3150802126028FDE7E7680B0020151202082C740020F7
S315080212700023044A52E8000F42E800310029F9D156
S31508021280F6F774BA50740020054A52E8003F034341
S3150802129042E800310029F8D1024B1B68184700BF03
S315080212A0507400202874002037B51C68E10705D55C
S315080212B01AF089FF164917481CF09CF9A20723D58C
S315080212C0FCF76CFAD0B9144D01901DF077FC044670
S315080212D0284610F0CDFA019020461DF06AFC0198C6
S315080212E090B143799B070CD401A8022110F0A9FBFF
S315080212F00198FCF743FAFCF767F8E6E7FCF764F8A7
S31508021300DEE7FCF72FFAF6E7002003B030BD00BF90
S315080213100C860020B87300205474002008B50548CE
S315080213200AF0C8FE044B01211870BDE808400AF00D
S31508021330D1BE00BF1C8600208882002038B504462C
S3150802134048B11DF03BFC05462146084810F060FBF3
S3150802135028461DF02EFC064B022193F900000AF0DE
S31508021360B9FEBDE83840FFF71FBF00BF547400201E
S31508021370888200202DE9F0410A4B0B4F04460E469F
S31508021380386819681546E2F74FFE40B933462A46C9
S31508021390386844F48021BDE8F041E3F769B8BDE84E
S315080213A0F08100BFB0840020D08400202DE9F041EE
S315080213B00A4B0B4F04460E46386819681546E2F77B
S315080213C033FE40B933462A46386844F48021BDE8DC
S315080213D0F041E2F7F7BEBDE8F08100BFB084002015
S315080213E0D084002038B5084D084B04461968286889
S315080213F0E2F71AFE30B9286844F48021BDE838407D
S31508021400E3F77AB838BD00BFD0840020B084002044
S315080214102DE9F043134B0E461968134B05468DB05A
S3150802142018681746E2F700FE80B933460A222846AC
S31508021430009702A90CF0DEFD4FF0000804460DF1F4
S315080214400809444505D1002CEFD120460DB0BDE868
S31508021450F083284659F8041BE3F74EF808F1010809
S31508021460EFE700BFB0840020D0840020F8B50B4B0C
S315080214700B4F06460C4638681968E2F7D5FD05464D
S3150802148048B9E24316FA82F2386842F4802246F4F0
S315080214908021FFF7BDFF2846F8BD00BFB0840020B3
S315080214A0D0840020F8B50E46074630B329B300F0BB
S315080214B0BDF80446F8B9124D0146182228460FF01F
S315080214C0D8FD20232B7033692E616B607369AB607C
S315080214D0ECF75CFB0AF09AFDBE6A002E08BF4FF4D1
S315080214E0807630460AF0FCFC044620B9054B2846AD
S315080214F01E600AF097FD2046F8BD2124FBE700BFCF
S315080215005C7400205874002001481BF0B7BF00BF66
S315080215105C74002010B505481BF0C2FF044618B9D2
S3150802152000F010F91AF0BAFE204610BD5C740020CD
S3150802153030B5044685B003A908481BF064FF234664
S31508021540054613F8050B019323790093E378A278ED
S3150802155061781BF0C3F8A88005B030BD20024406A6
S3150802156037B5054601A905481BF04DFF04462878FC
S315080215701BF0A1F8A08003B030BD00BF20024401D1
S3150802158037B5044601A906481BF03DFFA278054671
S3150802159061782078E31C1BF06CF8A88003B030BD94
S315080215A02002440030B587B005460C460093074929
S315080215B0134603A801220AF0CBFC28B9049B03A808
S315080215C01D715C711BF015FF07B030BDE4250408D8
S315080215D01FB50446054901A80AF09AFC20B9029BE0
S315080215E001A81C711BF005FF04B010BDDC25040818
S315080215F02DE9F04186B01D460D9B80460F461646DC
S31508021600009301220C9B084903A80AF0A1FC40B9E1
S31508021610049C03A884F804806771A671E5711BF01F
S31508021620E8FE06B0BDE8F081D4250408074BDA695E
S31508021630D20407D51B6A40F2044013F0010F18BF03
S315080216400020704740F20440704700BF0080E00F58
S3150802165010B502783E2A4FEA022302D18278134352
S3150802166001E0FF2AFAD0094A094910780022904275
S3150802167001D8002006E031F8024BA34203D1054BFC
S3150802168053F8220010BDF4D30132F0E79AF20308A8
S31508021690ECF203089CF2030838B505460C4642F2FA
S315080216A05700032119F079FCA0F803504471034846
S315080216B0F1F7BEF8BDE838401BF024B853490308D1
S315080216C01FB58DF80B209DF81820ADF808008DF887
S315080216D00A10009242F25500042202A919F068FC87
S315080216E020B90448F1F7A4F81BF00CF805B05DF828
S315080216F004FB00BFA34803081FB58DF80B309DF8FD
S3150802170018308DF808008DF80C309DF81C308DF8CD
S3150802171009108DF80D309DF824308DF80A200093B3
S3150802172006224FF61540089B02A919F041FC20B97A
S315080217300348F1F77DF81AF0E5FF05B05DF804FBFA
S31508021740CB49030830B5002485B002A8E5F7C0F8EE
S3150802175001A8BDF8085001940AF0F8FF00B10194F7
S315080217600E48019C0FF001FFA8B100234371837153
S31508021770C37143728372C372042383746FF027039F
S315080217800B22C3745F2302710375022214230272A9
S31508021790C4600582437505B030BD00BFEC25040858
S315080217A01046044A1368591E033102D800211160F3
S315080217B0184770472C860020034B1868034B0028ED
S315080217C008BF1846704700BF74740020182604081C
S315080217D001481BF0ECB800BF7C74002013B50B4C13
S315080217E00229226005D10A481BF0E1F8002002B05E
S315080217F010BD0A4600930146064B05481BF0B8F889
S31508021800003818BF01204000F1E700BF2C860020EF
S315080218107C740020A117020801481BF0D9B800BF42
S315080218207C740020002101481BF0F4B87C74002067
S3150802183008B5064B1B68013305D0FFF7EDFF80F0AC
S315080218400100C0B208BD0020FCE700BF2C860020BC
S315080218502DE9F843DFF860900646D9F80080084675
S315080218601746B8F1000F03D00E242046BDE8F883C8
S3150802187006B3336801331DD1E1B100F075F80546A8
S315080218800028F1D0C9F8000000F0DAF828461AF064
S3150802189073FF044640B14046C9F8008000F0D0F80C
S315080218A028461AF061FFE0E73560002FDDD02846AA
S315080218B0B847DAE72124D8E778740020024B18687B
S315080218C0003818BF012070477874002038B50C46D6
S315080218D001F0EEFAA3780B4A13705A1E5542554187
S315080218E0A8420CD0012B04D02846BDE8384001F0A6
S315080218F0C1BA204601F090FA0028F5D038BD00207A
S31508021900FCE700BF89820020002108B5024B084681
S315080219105B689847002008BD4886002010B5FFF787
S315080219204BFF0D4B0C461A1A534253418B4201D1B7
S31508021930002010BD094B1B683BB9094A064B002C0F
S3150802194008BF1346074A1360F2E71BF07FF900281F
S31508021950F3D00220EDE700BFF025040878740020D2
S315080219601826040874740020F8B504461DF01DF9FB
S31508021970002607460E4B1B6893B19E68AEB196F8D1
S315080219802420D20711D435460FCC0FC50FCC0FC56C
S3150802199023682B6096F8243043F0010386F8243036
S315080219A038461DF0FDF83046F8BD1B68E4E700BF6F
S315080219B03C860020431E033306D8044B984228BFB0
S315080219C01846642838BF6420704700BF40420F009B
S315080219D038B5184B05461B680C4603B1984744B1FF
S315080219E0236833B11B68013303D0E3680BB1A368DC
S315080219F043B91BF0E1FB00209122412100F022FAB3
S31508021A00212038BD204605F081FD00230A4A85F8C3
S31508021A104831C5E93A4313605360636943B1074ADB
S31508021A2042211068B322C31A5842584100F00AFAF2
S31508021A300020E6E7CC76002030860020847E00204F
S31508021A4010B5044618B9054B054A136010BD00F0D7
S31508021A5047FCD4F8F430002BF6D1F4E759C803084A
S31508021A604086002008B502460868FFF7A3FF08600B
S31508021A704868FFF79FFF48608868FFF79BFF886002
S31508021A80C868FFF797FF0B69C860581C03D00B4854
S31508021A90834228BF03460B614B69581C03D007488B
S31508021AA0834228BF034688694B61FFF783FFBDE877
S31508021AB008408861104601F03FB900BF40420F0056
S31508021AC0D0F8EC302DE9F04105460C4613B1038EE9
S31508021AD08B424CD0D5F8E830002B4BD09E68002EAE
S31508021AE048D0D868002845D0013800B200281ADB49
S31508021AF0002106E0128A591CA24217D209B288426C
S31508021B0011DB0B1803EBD3735B1003EBC30206EB73
S31508021B108202B2F80EC003F1FF3EA445EAD90FFAD3
S31508021B208EF08842EDDA2120BDE8F0814FF6FF7289
S31508021B3099B29142F7D09BB203EBC30306EB830635
S31508021B402846B6F9122095F83C11D5F8FC800DF016
S31508021B50EDFB0746B8F1000F04D0002332462846AB
S31508021B601946C0472C86C5F8EC6085F845710020F1
S31508021B70BDE8F0810E20BDE8F08100BF2DE9F047EF
S31508021B8082B004460F46164601F098F9002840F03E
S31508021B909C80654D2B68D4F8E890D4F8EC8013B194
S31508021BA04B4500F09F804FF0000AAF6001F01CFF22
S31508021BB00128074604D00121002208461AF017FE1A
S31508021BC020461BF0C8F9002858D12B68D9F800100E
S31508021BD0D8F800201BB11868884200F09080204689
S31508021BE01BF0ADF9BAF1000F11D086B9204601F003
S31508021BF0A1FC0546D4F89830002B38D1012F02D023
S31508021C00002D66D10025284602B0BDE8F087474B6D
S31508021C10C5F800901A78C5F804808DF80760002A7E
S31508021C203BD1D4F8FC50002D71D0114620460DF157
S31508021C300703A847204601F07DFC0546BAF1000FC6
S31508021C4040D1B5FA85F040F205423321400900F049
S31508021C50F9F83146204601F0EDFD354B05461B687D
S31508021C60414620469847D4F89830002BC6D0002221
S31508021C704FF40073204600F043FBBFE794F8253083
S31508021C809A07A2D5D4F8A0305B059ED5294B012226
S31508021C90002120461B68984797E7D4F8EC30B4F938
S31508021CA0481023B1B3F912309942A8BF19463246F1
S31508021CB0204601F093FB204601F03CFC0546BAF1AA
S31508021CC0000FBED0002EBCD194E70023164D6B60E0
S31508021CD060E7194B00215B6803209847284602B043
S31508021CE0BDE8F0876B68002B3FF45DAF43457FF490
S31508021CF05AAFAB689F4285D04FF0010A55E769682B
S31508021D0019B1096891423FF46DAF596867E794F8CB
S31508021D102A1094F845313246994228BF1946204678
S31508021D2001F02AFB86E700BF3086002094130408D8
S31508021D3040860020D076002048860020F8B50F4657
S31508021D4005461CF032FF394606462846FFF7B8FE16
S31508021D50044620B130461CF023FF2046F8BD01F0A8
S31508021D6023FE224639462846FFF708FF044600287E
S31508021D70F0D128461BF0EFF80028EBD095F825306D
S31508021D8013F002030DD0D5F8A0305B050DD5B5F8D2
S31508021D903631BB420BD0B5F83831DB1BB3FA83F3C5
S31508021DA05B09044A82F8F430D4E72346F9E70123AB
S31508021DB0F7E700BF003E00B070B5044600200D46A6
S31508021DC01BF0FEF9094B1B784BB9D4F8FC6036B107
S31508021DD029462046B446BDE870401A466047294659
S31508021DE02046BDE870401BF099B800BF941304085A
S31508021DF030B4064DBDF908402D781DB1029430BCA9
S31508021E001BF08FB80E2030BC704700BF91820020AD
S31508021E10024B1860024B1960FEE700BF9476002059
S31508021E204486002038B5044D044C054B28602160D1
S31508021E301A60FFF7EDFF38BD94760020448600202D
S31508021E409876002010B550B90548064B0160064839
S31508021E5002601868054B18601868FFF7E3FF10BDA3
S31508021E604486002078740020987600209476002014
S31508021E70054B1B680BB918467047834201D01B698C
S31508021E80F8E70120704700BFA0760020094A1368C8
S31508021E900BB918467047834207D11B6901201360A4
S31508021EA0054A1368013B1360704703F110021B6968
S31508021EB0EEE700BFA07600209C7600202DE9F74FBA
S31508021EC006461CF07BFEDFF82881012398F800B04D
S31508021ED0DFF820910190BBF1000F06D089F8003097
S31508021EE003B0BDE8F04F1CF064BE3F4F88F80030DF
S31508021EF089F800B01AF0CAFD08B11AF0C5FD3D68A6
S31508021F003A495DB9DFF8F0A0DAF800200024AA42BF
S31508021F103B682ED84FF0FF3134483AE06B7D8BB1DF
S31508021F202B68B34202D09A1B8A420BD96A681344B9
S31508021F302B60AB68003A18BF0122003B18BF012389
S31508021F406A75AB752D69DCE7907D20B1107D8842F4
S31508021F509CBF014614461269002AF5D1002CD9D035
S31508021F6094E80B00A275411AE268204698470135A3
S31508021F70CAE71A46FF21EFE75A7D4AB11A68B24202
S31508021F8024D0921B824221D8914201D311461C4683
S31508021F901B69002BF0D15CB12046FFF777FF38B1F9
S31508021FA03B683C602361DAF800300133CAF8003036
S31508021FB03B685A7D6AB91AF065FD064699F80030FB
S31508021FC0002B95D1019888F8003089E71C46002134
S31508021FD0DEE7186800F0D2F804461AF053FD064602
S31508021FE0002C85D1EAE700BFA0760020FCFFFFBFE0
S31508021FF08B8200208A8200209C76002038B505460E
S3150802200008B3182200210FF034F81CF0D7FD024657
S315080220102846FFF72DFF20B110461CF0CAFD022004
S3150802202038BD0A4B1C6854B909491D600B6810462D
S3150802203001332C610B601CF0BCFD2046F0E704F16D
S3150802204010032469EFE72120EAE700BFA076002003
S315080220509C76002038B50446FFF70AFF1CF0AEFD51
S3150802206005462046FFF704FF637D23B928461CF080
S31508022070A0FD0E2038BD00236375064B1B68A342DC
S3150802208003D11AF0FFFCFFF719FF28461CF091FD51
S315080220900020EFE7A07600202DE9F84FDDF828901A
S315080220A0984604460D469246FFF7E2FEDDF830B042
S315080220B01CF084FD07461AF0E5FC06462046FFF7A3
S315080220C0D7FE637D23B12046FFF7C4FF0023A3751D
S315080220D0BAF1010F21D175B9B8F1000F1FD1B9F1C3
S315080220E0000F03D05A4631462046C84738461CF0E8
S315080220F060FD002017E035440C4BAA1B9A420ED805
S31508022100012363759DF82C30304684E82003237535
S31508022110C4F80CB0FFF7D2FEE8E7AE42ECD1384677
S315080221201CF047FD2120BDE8F88F00BFFCFFFFBF6A
S315080221302DE9F04107468846FFF79AFE1CF03EFD58
S315080221403D6806461AF09EFC7B7D7BB185420DD022
S31508022150094B2C1A9C4209D830461CF02AFDB8F1C4
S31508022160010F08BF25462846BDE8F08130461CF017
S3150802217020FD0025F7E700BFFCFFFFBF0023024A48
S31508022180194600F095B900BF4FCA0308024B002250
S31508022190196801F029BD00BF90130408024B0122F9
S315080221A0196801F021BD00BFD876002090F82730C3
S315080221B0FF2B0FD0012904D90239012906D921207A
S315080221C070470222044B196801F00EBD034B032225
S315080221D01968F9E702207047801304087C1304087B
S315080221E0024B0422196801F0FFBC00BF78130408E9
S315080221F0024B0722196801F0F7BC00BF84130408D2
S3150802220038B5094B5A68094B9A420AD11CF0CDFCDB
S31508022210054609F037FD044628461CF0C1FC20464F
S3150802222038BD0024FBE700BF488600206BCB0308B5
S31508022230024BD868C0F30360704700BF000002B8BB
S3150802224010B5054C237823B107F0AAF800202070B0
S3150802225010BD0E20FCE700BF8D82002008B507F0EE
S315080222606DF80122014B00201A7008BD8D820020EC
S31508022270F8B504460F4616461CF097FC0546A047D5
S31508022280044620B128461CF08BFC2046F8BD09F00E
S31508022290D7F904220549D1F8083F23EA070333434D
S315080222A0C1F8083F024B5A64ECE700BF003000B0A1
S315080222B0002002B800F01803182B0BD003070BD422
S315080222C040F2011310F0100018BF1846034BC3F86A
S315080222D0940070470020F9E70120F7E7003F00B0B5
S315080222E038B10368044A002B08BF1346034A136031
S315080222F07047014BFAE700BF73CB030858860020E4
S3150802230010B4D0E9584122400B4052EA030104D0E6
S3150802231003495DF8044B096808475DF8044B7047A2
S31508022320588600200F2938B505460C4610D801F004
S315080223305BFB01280ED1084A2846D2F8803023F0E2
S315080223400F032343C2F880301AF008FE002038BD76
S315080223502120FCE70220FAE7003F00B008B50E4B41
S315080223605A6C12F0A00F01D0002008BD9B6C5B07C7
S315080223700FD40A4BD3F8083F23F07F4323F0FF0319
S315080223803BB1FFF755FF0928EED00C3818BF0120DC
S31508022390EBE70120E9E700BF000002B8003000B011
S315080223A0074A084B30B10221C2F864120422C3F864
S315080223B0642270470421C2F864120222F7E700BFBA
S315080223C0006001B8005001B870B50D46064620B93E
S315080223D01A4B1B68CBB10E2016E001F005FB01284B
S315080223E02AD1174BD6F8F00093F900401AF062FD8D
S315080223F0C4F11C04241A641BC4F12B03002BB8BFB6
S315080224005B42232B0CDD212070BD01F10F03002B4B
S31508022410B8BF5B42232BF6DC094B19700020F3E7A1
S3150802242086F828501CF0C1FB054660B200F0D6FEBD
S3150802243028461CF0B5FBF1E70220E5E77874002090
S315080224408C82002008B51AF095FB8022024BC3F84D
S315080224509000024B1A6108BD003F00B0000002B8A6
S31508022460014B1868704700BFB876002037B51CF0D4
S315080224709CFB0123002200240093002305461946EB
S315080224801046019408F0DCFE052005F007FD064B10
S3150802249021461C60054B02205B68984728461CF0BB
S315080224A07FFB204603B030BDC07600204886002058
S315080224B02DE9FF4102290D4616469846039004D196
S315080224C0FFF7D4FF04B0BDE8F0811CF06EFB1E4F87
S315080224D004463B683BB1B34205D01CF061FB0023BE
S315080224E021203B60EEE7194B0022C3F800803E60CC
S315080224F0002301264FF00008104619460196009659
S3150802250008F09EFE124B052083F8008005F0C6FCF3
S3150802251043462A46052003A905F0DEFC0D4B039A1D
S315080225201A6008B92046D8E70B4D2B689847212828
S3150802253004D020461CF034FB0020C3E731466B6802
S3150802254002209847F5E700BFC0760020BC76002037
S315080225508F820020B876002048860020044B5B6EE6
S315080225609B044EBF0120034B187800F00100704708
S3150802257000C001B88F82002090F82730023B022B58
S3150802258005D84B7C2BB1012B05D0022B05D01AF0AE
S3150802259060BB03487047034870470348704700BF4B
S315080225A020A1070048E8010040420F000A78022AE3
S315080225B011D0101F4242424152004B781201022B9F
S315080225C00BD0191F4B424B415B000549054842EAAD
S315080225D08312FFF74DBE0122EFE70123F5E700BF9D
S315080225E0F0FFFF00313A02080B78022B10D0181FB1
S315080225F0434243415B004A78022A0BD0111F4A42E2
S315080226004A4152000F21044843EA8202FFF730BECC
S315080226100123F0E70122F5E75D3A020808B5064B01
S31508022620D3F8082F10461AF0BEFA087090081AF066
S31508022630BAFA4870002008BD003000B008B5064B4B
S31508022640D3F8082F10091AF0AEFA087090091AF092
S31508022650AAFA4870002008BD003000B0D0F8B030A1
S3150802266010B5994204460ED0C0F8B01005F068F8C5
S315080226700649A4F840010123054AD1F8FC1004F5DD
S31508022680827007F09FFC002010BD00BF004F00B00B
S31508022690A43F00B02DE9F74F04460F4615461E46DD
S315080226A0FFF75CFE38B3A38A2BB320461AF03DF92E
S315080226B078B9774BD3F8082F1EB10E2003B0BDE8C0
S315080226C0F08F02F03003102BF7D002F0C002402A36
S315080226D0F3D0DFF8E48107F067FBD8F81430DA079D
S315080226E0EBD51CF062FA0646032005F0E3FC20B19E
S315080226F030461CF055FA0220E0E7D8F8142012F00A
S31508022700060BF5D130461CF04BFA614B4FF40061CB
S315080227102046D3F808AFD3F8E09E09F0F7F858B187
S315080227204FF4007801215B4E5A460846C6F84480A3
S315080227301AF05DF8C6F8448094F825309B0707D549
S31508022740D4F8A0305E0542BF4FF40022524B5A64B9
S3150802275039462046FFF7F2FA4D4BC3F808AFC3F8DD
S31508022760E09E0028AAD194F82430980601D4002DB8
S315080227704ED0C5F3400007F047FF022315F4807FC9
S315080227801FBF454A002153644FF03A420BBF414AE4
S3150802279091615364536308F053FF4FF4806315F055
S315080227A0040F14BF3D4A3E4A3A4E1365042328468F
S315080227B07364FFF77FFD20461AF073FA38B14FF4B7
S315080227C0807315F0010F16BF334A73645364A90662
S315080227D047D54FF6FF72B4F8423093420FD0314ACA
S315080227E03149526F100CC2F301120132B3FBF2F3F4
S315080227F008802A4A2A492D481B0448675367003D20
S3150802280018BF012594F8243065F3451384F824305B
S3150802281020461AF0A0FBF0B120461AF042FAD0B1CF
S315080228204FF40031204609F071F8431C03229BB28B
S315080228301F4801A91AF0B7FC9DF8042002F0070305
S31508022840052B9DF8053015D112070DD443F4807374
S31508022850184AC2F8E830002003B0BDE8F04F1AF073
S31508022860AFBC01F081F8CAE713F0040F09D19DF84D
S315080228700630EBE703F03002202A05D113F0010FE8
S31508022880F4E74FF48073E3E79DF80630E0E700BF0C
S31508022890003000B0002002B8001002B8005001B89B
S315080228A0006001B8004001B8488800200000FFFF18
S315080228B00C0000BA003E00B000C001B82DE9F04194
S315080228C00B460646154611B92120BDE8F081002AB5
S315080228D0FAD0032905D8002204F066FD034600282B
S315080228E0F2D01C889A78B4F5804F02F0070180F07E
S315080228F08480A1F1070C1879DF88DCF1000343EB29
S315080229000C0305292B7394BF0023C2F30013C2F3E9
S31508022910801C6B73930985F810C003F00203C2F397
S31508022920C00C43EA0C03C2F34012E8746B74AA742F
S31508022930D6F8A030AF82D8064BD40639012948D832
S31508022940B6F81280F76908F1FF38083C04EA080469
S31508022950395D002080290CBF6FF07F013239284B80
S3150802296018BF49B25B6DA973A86096F8273001347F
S31508022970FF2B04EA08040BD13B5D5B0103F47E637B
S31508022980FF2B9CBFDB43D8B2D6F8F83003B1984781
S31508022990631CE87303EA0803F95C013303EA0803D4
S315080229A0FA5C013303EA080341EA0221FA5C0133BD
S315080229B003EA0803F85C41EA0241002341EA00619E
S315080229C06A7C304607F086FB06232860AB71002036
S315080229D07BE700230020EB730A4BDA69C2F307236D
S315080229E0120448BF63F0FF035AB212F1800F1CBFEC
S315080229F0323B5AB2AA730346E7E7022065E700BFED
S31508022A00004000B800C000B8F8B507460E468C88E4
S31508022A10FFF7B2FD97F827700546042F737C0CD191
S31508022A20012B0AD80146012007F092FB421C01D16C
S31508022A300220F8BDE30003330EE0023FFFB2012F86
S31508022A408CBF00200120294607F082FB431CEFD0E9
S31508022A50012F4FEAC403EED90E4A0344D2F8C41032
S31508022A60326801F01F01A2EBC10203213260B17183
S31508022A70002DDDD0B3F5803FDAD84FF2244069093C
S31508022A8000FB03132D09B3FBF5F3D21A00203260BB
S31508022A90CFE700BF003E00B0F8B507460D4614461C
S31508022AA08BB11AF04AFA29463846BE8A01F03CFB2F
S31508022AB0B44228BF3446A4B222462946044804F042
S31508022AC033FA2046F8BD1AF015F90646F0E700BFB4
S31508022AD00C0000BA082310B1024A53647047024A2E
S31508022AE0FBE700BF001002B8002002B8054A1268C8
S31508022AF01AB190F82A1119B91047084605F052BFBB
S31508022B0001487047A876002000FEFFFF394B2DE9E1
S31508022B10F3471C6801F4007900F00103174653EAEB
S31508022B20090206460D463FD04FF000088BB3002334
S31508022B30002201200021CDF80480CDF8008008F09B
S31508022B407FFB41462046FFF7D1FF01224FF0FF3AAD
S31508022B5041466086DFF8B080104619F048FED4F880
S31508022B60A01094F8270005F09BFFD8F8000000F0A3
S31508022B706DFAC8F800A0DFF89480D8F8000000F0D3
S31508022B8073FA94F82430C8F800A043F0040384F8D2
S31508022B902430B9F1000F07D0012120461AF0E9FBCB
S31508022BA025F4007506430D432B4632462046FFF7A9
S31508022BB0A7FBFB070FD51049104A086800211368BE
S31508022BC0116001210E4A117003B198470D4B00217D
S31508022BD002205B68984717F00E0F08D040F2C7121A
S31508022BE03B21002002B0BDE8F047FFF72BB902B03F
S31508022BF0BDE8F08778740020BC760020C0760020F5
S31508022C008F820020488600205486002050860020A5
S31508022C1008B55822002106480EF02BFA1022FF2189
S31508022C2004480EF026FA08F07BFE002008BD00BF15
S31508022C300C3F00B0503F00B073B5314A31491378A2
S31508022C4009784FF0FF350B4386211370A0F820113F
S31508022C506F228221C0F80C21C0E944126422C0E91D
S31508022C60462240F2FF320C2382854FF400420026A8
S31508022C7080F83C314FF6FF730446A0F84820224AF2
S31508022C800386026400F154020265204AC384426341
S31508022C90C0F8B0504585856380F8286007F020FBA8
S31508022CA02046FFF7B5FF0122194B2046C3F8382202
S31508022CB094F92810FFF788FB6023164A41F6FF713C
S31508022CC0D3644FF03A4211631167134A2946D36413
S31508022CD04022124B20465A64D4F8A02019F0AAFFC3
S31508022CE00E2300220193009340F20223104619464E
S31508022CF008F0A6FA04F0C0FC304602B070BD00BF68
S31508022D0091820020941304080700FFFFFFFF40008A
S31508022D10005001B8004000B8005000B8002002B8C0
S31508022D20044BD3F8083F13F0806F14BF232000200A
S31508022D30704700BF003000B00246F8B5B0F840410F
S31508022D4000F58275FFF7ECFF0B688E68013304BF46
S31508022D50D2F80C310B604B68013304BFD2F8183134
S31508022D604B60771C3FD1D2F81431CF688B607E1C3A
S31508022D7040D1D2F810610F69CE60013704BFD2F88C
S31508022D8004710F614F69013704BFD2F808714F61A8
S31508022D908F69013704BFD2F81C718F618F6987BBAF
S31508022DA0C0F1640408688C6110B16F2838BF6F20BF
S31508022DB0C2F814314B68C2F80C01C2F818310B6913
S31508022DC02846C2F804314B691149C2F81061C2F8A3
S31508022DD01C41C2F80831D1F8FC1007230D4A07F046
S31508022DE0F1F80020F8BD04F16F031B1AB34238BF8D
S31508022DF03346BAE704F18606361ABE4238BF3E465D
S31508022E00B9E76F34241ABC4238BF3C46CAE700BF4A
S31508022E10004F00B0A43F00B038B5054C054B4178C9
S31508022E2000782568236006F0DFF900B1256038BD11
S31508022E30C47600206026040838B51BF0B6FE05469F
S31508022E4000F0D2FD012805D028461BF0A9FE02246F
S31508022E50204638BDFFF7ECF90028F1D1044BDC68AF
S31508022E6014F08054ECD128461BF09AFEF0E700BF16
S31508022E70000002B80A4B10B51B68044673B1094B29
S31508022E8048B10121084A1A60022006F0A3FF002071
S31508022E90064B1C7010BD01461860F5E70220F9E7DB
S31508022EA0C4760020C876002058260408908200209E
S31508022EB0014B1878704700BF908200204FF4002219
S31508022EC0034B586C03F500535A64C0F3C04070476D
S31508022ED0000002B838B5104B04469B68DA050FD4D1
S31508022EE01AF082F9054605F09FFB04F031FF04F05B
S31508022EF0A3FF1AF079F9431B9C4208D92C44241AD9
S31508022F00054B5B69DB0704D520461AF074F90020E5
S31508022F1038BD0220FCE700BF00C001B8024B586961
S31508022F2000F00100704700BF00C001B808B50D4B9C
S31508022F305A69D10710D518B9BDE8084004F08ABF06
S31508022F405B69DA070DD404F077FF0323064A136494
S31508022F50A2F58052536404E05B69DB0701D40028BA
S31508022F60F1D108BD00C001B800A0095090F924307B
S31508022F70002B0CDA4FF08053064A29B19360A2F56A
S31508022F808052D36000207047D3609360FAE70E2020
S31508022F90704700BF006001B84FF0806310B1024A63
S31508022FA053617047014AFBE7001002B8002002B8D5
S31508022FB0202350B1064AC2F8F433064B196C11F0B5
S31508022FC0010104D1032006F005BF034AF3E770475F
S31508022FD0001002B800C002B8002002B838B5154A77
S31508022FE0154B04461A60818641B90722134BDA60EB
S31508022FF00522A3F58053DA60084638BD4FF6FF73FB
S3150802300099420F4D0AD10F491AF03CF90E49E86068
S3150802301020461AF037F981B22962EDE7B1F5805FE9
S315080230204FF0070228BF4FF48051044BDA604B1E5B
S315080230302B62E1E7DD2F0208B4760020006000B8B3
S31508023040004000B80C4000B8204000B8431C07D026
S315080230506FF0FF02034B10405A62A3F58053586281
S31508023060704700BF00E000B8431C06D06FF07E42EE
S31508023070024BDA63A3F58053D863704700E000B8C1
S31508023080014BD3F884007047003F00B0024B002082
S31508023090C3F88410704700BF003F00B003282DE92B
S315080230A0F74F0C4691467ED8404B13F800A0404B8A
S315080230B01E5C404B13F800B01BF077FD804608F003
S315080230C089FA074640B100230022019300930120A2
S315080230D00023002108F0B4F808F084FA48B1002366
S315080230E0002201930093002000234FF4004108F0C8
S315080230F0A7F8002E4AD0304BDD6C05F008050AEB1E
S3150802310006002E4B23305844DD64C0B204F0FCFDA1
S315080231103146504608F0ACFA5A463146504608F04F
S3150802312015FB274BDD649FB14FF0FF35254B1B6816
S31508023130D3F8A01093F8270005F0B2FC22490868D4
S31508023140FFF784FF0D6021490868FFF78DFF0D60C0
S31508023150B9F1000F04D01E4B002103205B68984783
S31508023160B4B14FF400521B4B1D6F03F50053C5F360
S3150802317040351A6740461BF013FD00F035FC01285E
S3150802318008D15DB9002003B0BDE8F08F3546B6E731
S315080231902546EFE7002CF0D10520F4E74FF400525C
S315080231A00D4B1A67EEE72120EDE700BF78260408E3
S315080231B07426040870260408004000B8006000B8A7
S315080231C0005000B8787400205486002050860020EB
S315080231D04886002000C001B800D001B8054AC002DE
S315080231E0136A00F4FF2023F4FF2318431062002019
S315080231F0704700BF00C000B8094B08461A6D910215
S315080232000BD4D3F84021D20708D4D3F8803013F46C
S31508023210706F14BF0120002070470120704700BF5D
S31508023220004001B8F8B50D46144601F00B0323EA2F
S315080232300201494A2340D1646F07A2F58052064625
S31508023240D36410D50121FFF7D7FF60B108F0F8F96A
S315080232504FF4007314F0040F14BF404A404A136532
S315080232600422404B5A64E90606D514F0100F14BF1F
S3150802327000221B223C4B5A652A0618D5230611D56D
S315080232804FF40012354BDA641BF08FFC0E21074609
S31508023290032005F073FB40F20122334B3846DA620B
S315080232A01BF07EFC214696F8270005F0F9FBEF0590
S315080232B003D5E00538D505F0CDFBA90503D5A2054A
S315080232C035D505F0D3FB15F48C6F18D014F480624B
S315080232D032D096F825309B070CD5328EB6F83631A1
S315080232E0934227D0B6F838319F1A7B427B411F4A50
S315080232F082F8F4303046D6F8F010FFF7A3F82B051B
S3150802330010D508F09DF91A4A14F4006FD2F8083F4E
S3150802331014BF43F0006323F00063C2F8083F042297
S31508023320104B5A640020F8BD05F08EFBC5E705F080
S3150802333097FBC8E70123DAE76805DBD596F8253057
S315080233409907D7D5094B114683F8F420094B30461D
S315080233501B689847CEE700BF006000B8005001B866
S31508023360006001B8002002B8004000B8003E00B074
S31508023370003000B0D076002070B5054690F83C01C2
S315080233800C460C2822D0FF2901D1212070BD1AB182
S315080233904FF0FF320F4B1A6019F015FF064695F8E3
S315080233A03C0104F0BFF9844228BF0446E4B2B442A1
S315080233B038BF3446E0B285F82B0004F0DFFA064A35
S315080233C00346107820B9FF2BE0D1DEE70220DDE7BD
S315080233D00020DBE774870020941304087FB51C4B92
S315080233E004461B780E4615460BB3D0F8EC306BB381
S315080233F002AAB3F9123000920022E4F7B1FE02994A
S315080234002046C1F3813119F065FD70B9BDF90C305A
S31508023410029902460093C1F30D0103462046FEF7C0
S31508023420E7FC2946204619F0D6FE04B070BD02A96B
S3150802343019F065FA32469DF8081020460BF076FF19
S315080234402A4601462046FFF797FFEEE71846ECE7BD
S3150802345094130408F8B50D4690F83C1104460C2955
S31508023460174603D12E4B1B78002B51D02A462046ED
S31508023470A4F848500BF05AFFD4F8EC3084F82A0026
S31508023480002B41D0274A1678D4F8FC204EB1002AE0
S3150802349040D1B4F94800B3F91210884206DC002676
S315080234A007E0BABB94F84521824202D20126B3F953
S315080234B0125000222946204684F82D70FFF78EFF07
S315080234C008BB76B1C4F8EC00204619F0EBF94FF6C2
S315080234D0FF739842014615D02046BDE8F840FEF72C
S315080234E02DBC114B1B7813F0FD0F0BD1204604F0AF
S315080234F027F90E4901230E4AD1F8FC1004F5827009
S3150802350006F060FD0020F8BDFF2384F82B30F9E7AA
S315080235100220F8E7B4F94410B3F912209142BDE744
S3150802352094130408918200204A880020004F00B0B4
S31508023530A43F00B0F0B504468FB000F061FED4F89F
S31508023540A8300546012B00D010B128460FB0F0BDB1
S315080235507549204619F096FED4F8EC600146258E88
S31508023560C4F8F0003EB133682BB15B681BB11A6828
S31508023570032A00F2B5801BF018FBD4F8F030002BB2
S315080235807BD01A68032A78D99F6A7F0E1BF008FB3C
S31508023590D4F8F010B3898DF80E70B0687268EB1A19
S315080235A09BB200FB03226148ADF80C300368029215
S315080235B0994202D02046FEF745FF5D4D5D4E00F06A
S315080235C013FA0128FBD12B6CDB07F8D4736CDF01E5
S315080235D0F5D4D4F8F01020460D919DF80E200299E4
S315080235E008AB06F003FA00285AD100F0FDF90128C3
S315080235F0FBD1504A4E49536CD801FCD40B6CDB07FD
S31508023600F9D408A901A806F077FB0546002847D190
S31508023610228E494B5A6494F8243060F3410384F8A5
S31508023620243003F017FCD4F8EC305969431E0E68AF
S31508023630DBB2FD2B049637D84B680128059343D194
S315080236400126DF1C06D901333C4B5B6859D0DA1CCC
S3150802365054D80593024604A9204603F0BDFB002E62
S315080236607FF473AFD4F8643199053CD494F82430C6
S3150802367043F0020384F8243067E72F4BDB6BC3F36E
S31508023680C20213F0380F03F0070718BF574313F4A3
S31508023690E07FC3F382123FF479AF02FB07F775E7BF
S315080236A0022528460FB0F0BDF71C13D9234B013665
S315080236B01B6818BF0126DA1C1BD804934B68FF281F
S315080236C00593BED00020C5E70246204604A903F0AA
S315080236D083FB3AE74B68FF280593B1D02A46F4E7FD
S315080236E09F6A7F0E56E720464FF4803119F041FE55
S315080236F02BE7FF284B6813D00593B0E7FF28AED116
S31508023700E0E7DE1C06D80246204604A9059303F024
S3150802371063FBA7E7FF28A5D10022204604A9F6E7FE
S31508023720012005938DE700BFFC4F00B0AC76002060
S3150802373000C002B8000002B8008001B87C870020E9
S31508023740F8B590F84861044666B31BF02EFA1F23B3
S31508023750154F013E3B651E40144B05461E65D4F8BF
S315080237604C21A3F580539A67D4F85021DA67D3F827
S315080237704031DB0711D5204619F0AFFA4FF0FF3377
S3150802378018B1C0F120029340DB43C7F84431D4F89C
S31508023790AC201340054AC2F844312846BDE8F84031
S315080237A01BF0FEB9F8BD00BF006001B8005001B8B1
S315080237B010B504234FF03A4101240A4AD1F81801F8
S315080237C0C2F81831C2F814314C634FF40051116330
S315080237D0410742BFC2F81431A2F58052C2F8183125
S315080237E010BD00BF002000BA70B54FF03A434FF43F
S315080237F080640A4DD3F818610020C5F81841C5F847
S31508023800144107F07BFF4FF400532B67730542BF41
S31508023810034BC5F81441C3F8184170BD002000BA1D
S31508023820001000BA024BC0F30E009864704700BF3E
S31508023830008001B82DE9F04104460E4619B990F800
S315080238402430590656D44FF6FF73A18ED4F8F07079
S31508023850994204D0394B1B680BB120469847384D1C
S315080238602B68BB4262D0374B1B6833B1002F60D03E
S31508023870396801B1B968204698474FF007082046CB
S3150802388003F05EFF002E46D02F4B93F90030C3F1AA
S315080238901C0317B197F926209B1A06202B4994F97F
S315080238A028600A6A9B1BDB0222F4FF2203F4FF2329
S315080238B013430B62D4F8F020254B2A60986704F06C
S315080238C0F9F801250022234B234920460D7083F877
S315080238D09C2019F043FB214B5B6C5A0203D4D4F8A3
S315080238E0A0301B0603D54FF400121D4BDA640020E4
S315080238F0BDE8F0814FF6FF71114DD0F8F0702A68D5
S3150802390066F38613BA42818680F82430ABD103F077
S3150802391017FF4FF00108134A4346D2F8FC1004F584
S315080239208270A2F65C7206F04DFBADE74FF0010815
S31508023930A5E73946204698479FE700BFB476002098
S31508023940AC760020B07600208C82002000C000B839
S31508023950006000B8003F00B08E820020000002B866
S31508023960005001B8004F00B038B51BF01EF94FF6EB
S31508023970FF710A4A13888B4203D11BF011F90E20F4
S3150802398038BD074C074D1B046567A4F58054636769
S3150802399011801BF005F90020F2E700BF48880020D5
S315080239A0006001B80000FFFF08B50C4BD3F84C21A4
S315080239B0531C11D012F080420ED1094B1B681BB161
S315080239C011460320FFF76AFB4FF08062054B1A6522
S315080239D001225A6102229A6208BD00BF0080E00FE6
S315080239E078740020001002B80F4BDB68C3F3036338
S315080239F0013B0B2B0FD8DFE803F006060C0606067A
S31508023A0006080A080808022070470420704705209D
S31508023A10704703207047054B5B6913F0060F0CBF0E
S31508023A2001200420704700BF000002B800C001B898
S31508023A30094AD368C3F303630B2B08D06FF490507B
S31508023A40184100F0010080F0010040007047506CF8
S31508023A5010F48030EDD17047000002B80C490D4AC7
S31508023A60CB68C3F30363062B07D8042BD8B20BD84B
S31508023A70C31E5842584140007047072B06D1D1F859
S31508023A8068011040ECD17047022070470020704749
S31508023A90000002B85FFFF9FF094BDB68C3F3036353
S31508023AA09A1E012A8CBF00220122012B02701EBF18
S31508023AB04FF4026222FA03F303F001030B70704714
S31508023AC0000002B811F0010311D09AB9552391FAF0
S31508023AD0A1F193FAA3F34A081B0F490042EAC372FB
S31508023AE001F00203C0F8AC2080F82930704722B9E9
S31508023AF0AA23ECE70023024AF4E7014AF2E700BFE9
S31508023B00B75635120F2337B501911E494B67019BEC
S31508023B1013F0010F1C4B15D0A2B901225A674FF0B8
S31508023B20FF32C1F84421D0F8AC20C3F844214FF043
S31508023B307042C1F8482190F829201207C3F8482193
S31508023B4003B030BD4FF0FF3502245C67C1F844511B
S31508023B50D0F8AC50C3F844514FF07045C1F84851FB
S31508023B6090F829100907C3F84811002AE8D0042258
S31508023B70006D0DEB02010DF087FA4FF03A43C3F8D8
S31508023B80F440DDE7006001B8005001B813B590F8BB
S31508023B9027100446FFF77AFA012004F0C1F84FF419
S31508023BA0F0620F4B0020DA644FF40072A3F58053DB
S31508023BB0DA6494F8273001909A1E012A0AD8042159
S31508023BC0084B0DEB01009B6F0193012203F07AFA71
S31508023BD002B010BD073B012BFAD80121F5E700BF59
S31508023BE0006000B8004001B838B50446154619B356
S31508023BF0931E012B84F827200AD84FF4BC73C4F805
S31508023C00083118F02AFE2046FFF7C0FF002038BD0B
S31508023C10042AF2D02823C0F8083118F01EFE073D00
S31508023C202046FFF7B3FF012DF0D8044B044A5B6F19
S31508023C301B0C1B041360E9E72120E8E7004001B8E2
S31508023C40D877002038B5184B05461C6844B1E36896
S31508023C5033B1206804F0D6FDA368186804F0D2FDD3
S31508023C60124B134A1B6813602BB1DA681AB19B68A8
S31508023C70186804F0C7FD0F4B1B682BB1DA681AB136
S31508023C809B68186804F0BEFD0B4B1B682BB1DA68FB
S31508023C901AB19B68186804F0B5FD21462846BDE8A6
S31508023CA038400022FFF7A0BF901304088C130408BB
S31508023CB0D8760020801304087C130408F8B5D0F8D7
S31508023CC04C3104468B420D46164603D190F84831CC
S31508023CD0202B0ED0324629462046FFF7F3FE202334
S31508023CE084F848310023C4F84C51C4F85031FFF720
S31508023CF027FD4FF00077074B32465F642946204678
S31508023D00FFF700FF8022044B1A6103F500535F6434
S31508023D10F8BD00BF001002B8000002B8072330B58C
S31508023D20144CE363144B61B94FF480424FF480415B
S31508023D30C3F80811C3F80C21C3F81021C3F81421DB
S31508023D4030BD44250D4940F040004D63886301218A
S31508023D50D9634FF480414AB1C3F80811054BC3F839
S31508023D600C11C3F81011C3F81411E9E7C4F80811C5
S31508023D70F4E700BF006000B8005000B8004000B881
S31508023D8038B50C46054607F05BFC0422044B284668
S31508023D90C3F8B440034B5A6400F032FA204638BDE1
S31508023DA0003E00B0002002B8034BD3F8B400003836
S31508023DB018BF0120704700BF003E00B090F82730B8
S31508023DC023B1012B024818BF0020704701487047EB
S31508023DD000127A0000093D00034BD3F8F80780F079
S31508023DE00070C0F340607047000002B8034BD3F876
S31508023DF0F80780F08070C0F300607047000002B8D0
S31508023E000020014630B50C4B0C4CD3F8A03ED4F832
S31508023E109C500133AB4228BFD4F898301A7802F086
S31508023E203F028A4006311E2940EA0200F1D1024ABF
S31508023E30C2F8A03E30BD00BF003000B0003E00B060
S31508023E40024B1868002818BF18467047DC7600200F
S31508023E50014B1878704700BF938200202A4A2B4BE1
S31508023E6012682DE9F3470C461A6009B10B7933B982
S31508023E700022274B1A70002002B0BDE8F087FDF732
S31508023E801DFD20B1234B93F88830DB0737D42679FA
S31508023E90062E36D801213A202768E0F7D3FF4FF4D9
S31508023EA0FC7200251C4BDFF87890DFF878A0C3F87F
S31508023EB0582507F10108EBB29E4208D894E8030098
S31508023EC00122134B1A70154B83E80300D3E717F840
S31508023ED0151018F8152041EA024349F82530082337
S31508023EE0AB40CAF858358DF8041004218DF8052020
S31508023EF00DEB0100002209F0E0FC0135DBE70220A8
S31508023F00BAE72120B8E700BF88130408D87600204C
S31508023F1092820020003E00B000E00350DC760020CA
S31508023F2068C5035000D003503E4B2DE9F0411A688C
S31508023F303D4BA6B019683D4B3D4E186804F09EFAF3
S31508023F403C4A3D4B1268DFF80C811A604FF47A72CC
S31508023F503A4B3B4F1B683B4CB3FBF2F39B03B3FB59
S31508023F60F2F34FF4E062C6F8C030374B19AD1A6265
S31508023F704FF40072A3F580531A624FF06053C8F8E3
S31508023F804C304FF00053FB640FCC0FC50FCC0FC556
S31508023F900FCC0FC554F8043B2B600EAD0FCC0FC5E2
S31508023FA00FCC0FC594E80700002404AB85E8070088
S31508023FB02146102218460194029403940DF059F8EA
S31508023FC0CDE90C44D6F8AC3019AA08921A930EAA6F
S31508023FD0D6F8B030099201AACDE90A209B0808A8AA
S31508023FE0ADF8663004F08EFD05F034F84FF08073B4
S31508023FF07B664FF000637B66D6F8BC204FF08043A1
S3150802400072B1124A53604FF48043C8F8B4314FF480
S31508024010C02300207B6102237B6126B0BDE8F081C4
S315080240200B4AEFE7DC7E0020D87E0020E07E0020E7
S31508024030003E00B088130408D8760020847E00204B
S31508024040005001B85C28040800E000B8009000504F
S3150802405000A00050006001B80B8870B503F0060294
S31508024060062A06460C464FD0284DC5F8BC304B6882
S31508024070C5F8AC304B88C5F8B0308B68C5F89830AF
S31508024080C5F8A030FFF750FF96F82730023BDBB29F
S31508024090FC2B1F4B1FD80022C3F8C0201D4B1B4DFB
S315080240A01B7853B3A36843B3227B1344C5F89C30E9
S315080240B0FFF7A6FEC5F8A400FFF7A2FED5F89830CA
S315080240C0C5F8A80003B11B7843F4C0330020124A8E
S315080240D0C2F8C03170BD4FF0F071104AD160D5F800
S315080240E0BC2012F00402D7D04FF400110C4AD1605A
S315080240F00222C3F8BC200B4ACEE7D5F8983003B1A2
S315080241001B7843F48033E1E70E20E3E7003E00B074
S31508024110004000B892820020004001B8006000B852
S31508024120005000B801A0010010B590F82700FF283A
S3150802413014D0304BD3F8BC2012F0060F01D0012858
S315080241400DD94FF470622C4BDA604FF48072A3F5E6
S315080241508053DA600022274BC3F8B82010BD02F05C
S31508024160020412F0040202D00B789B0637D4002C04
S3150802417039D00B7803F00F03072B34D14B78022B77
S3150802418031D98B7813F03E0F2DD0CC7814F0040F6A
S3150802419029D014F0010F0CBF04230A23A40748BF31
S315080241A00633CB5CFBB1002A14BF02220122012886
S315080241B040F6FF7003F01F0108BF4900013940EAC3
S315080241C001310E4801654FF470600B491202C8604E
S315080241D0A1F58051CA60074AC2F8B830BEE7002C7A
S315080241E0C7D18B7823B90023044A13650122EAE76B
S315080241F00222DCE7003E00B0006000B8004000B8CA
S3150802420010B590F82710012903D8174BD3F8B43004
S315080242100BB1002010BD028E272A22D8134B144850
S315080242201B68834219D031241248181A4342434163
S315080242305B000D48A0F8CE4050246343282404FBB3
S3150802424001330D491944895CFA31A0F8D4100B4997
S315080242500B449A5C0A4B1A70DBE76FF003040123DE
S31508024260E7E70E20D6E700BF003E00B0847E0020B6
S3150802427000F04902005A62026C2704087C260408E8
S3150802428093820020831E9BB2142B14D9A0F11A0321
S31508024290322B14D80B4B1A688AB1033883B26421BD
S315080242A003EBC30312F93300C0F1F47000F5904032
S315080242B001FB00F07047034A1268002AEFD1024850
S315080242C0704700BF347700200020BCBE08B5064BF5
S315080242D0996E1B6EA0FB01015A01DB0EE7F7C2F9C4
S315080242E000F5F85000B208BD6077002043F6FE7369
S315080242F0064A03EAD02343F0010300F03F00536461
S31508024300C31E58425841C2F8CC00704700C000B8D4
S315080243100138062824D8DFE800F01C101C102310E8
S315080243200400104B0129188815D10F4B1B68184435
S31508024330073020EAE07005F0BBBE0C4B012918884D
S31508024340F3D10B4B1B681844053020EAE07005F0E0
S315080243509DBE084BE6E7064B1B6818440430F4E793
S31508024360704700BF2A800020407700202E80002058
S31508024370447700202C8000200122124B10B51249E6
S315080243801A70124B00209963114B10241968114BAD
S3150802439099634FF0607310490B67104B18679C645A
S315080243A00F4CC4F814014FF40010C86401F53041EB
S315080243B00A650C4A11680C4A91660222C3F8102152
S315080243C010BD00BF6F880020FFFF0F0000A001B8D4
S315080243D030770020009001B8006001B8005001B89B
S315080243E0004001B82C77002000C000B810B5084C70
S315080243F023685BB1074B187804F0F2FD064B187870
S3150802440004F0EEFD0023054A2360136010BD00BFC9
S31508024410EC7600209682002095820020E87600201D
S31508024420B14B2DE9F74FD3F8B423804602F00702C1
S31508024430013AD1F800B090F82730062A00F2308106
S31508024440DFE812F007001F0029003C002E010201D6
S315080244504800A64A1278012A00F02881002510246D
S315080244602E46A946A2490A680C3A0A600127072B72
S3150802447014BF0222012242234FF0010AB3FBF2F3D0
S3150802448055E09A4A5E2412780625022A00F011811E
S315080244900026B146EAE70425944A0C79127805EB18
S315080244A0C404012A00F00A81AC4204D110249049BE
S315080244B00A680C3A0A6004F00705E9E704258B4AFC
S315080244C00C79127805EBC404022AEDD10026B1460E
S315080244D03746CCE78748884A04788448128890F891
S315080244E00090013CB9F1010F02FB04F440F0D080C0
S315080244F048798249002800F0A3801444A4F10802EE
S31508024500072A88BF08224FF008054FF4C0560868E4
S3150802451098BFD2B21044A41A08604FF0000A072BBB
S3150802452014BF0223012394FBF3F357461E334FF4B9
S315080245307A70584305F0C0FC4FF40371DFF8DCC10A
S315080245406F4ACCF8D400D368526BC3F30363D940DD
S31508024550C90700F1C6800B2B07D102F11903DCF853
S31508024560D020B3EBD21F00F2BC80664B664A5A676C
S315080245706B1E1B02654A03F4E063BAF1000F17D0FB
S315080245806349019309684046516759460022FFF775
S3150802459095FBBBF1000FB4BF2A211521D8F850208C
S315080245A0019B11704FF03A420221C2F8F410554AA3
S315080245B04FF4006111654FF4F85256491E43564BA3
S315080245C08A649E644FF0C0534E4A651B53654FF486
S315080245D07063EE080B6508214C4BB9F1000F75D0D4
S315080245E04FF080525A6599654FF03A439B69B8F87D
S315080245F0140006EB030998F82530DB0761D5484510
S3150802460040F64E0234BF00200120FDF71BFC4FF096
S315080246103A43022215F00705C3F814905A6305D0E7
S31508024620013D3D4B2D0245F400651D65002F51D114
S31508024630711C89B2404603B0BDE8F04FFEF7CEBC06
S3150802464008681044086059E72A482B4A047827481C
S3150802465012880078013C022802FB04F418D1487932
S31508024660264988B11444A4F10802072A88BF0822F9
S31508024670086898BFD2B2104408254FF4C0564FF0C6
S315080246800109A41A086048E7086810440860EAE7BE
S3150802469000261444B1464FF0010A04F007053EE726
S315080246A0002408252646A1460027E0E604242546D6
S315080246B00CE74FF480564FF00109F5E70026B1469C
S315080246C0F2E7431E034309EA0309A0E7C3F8549035
S315080246D09165ABE7E11D48BF04F10E01C1F3CF01B5
S315080246E0A8E703B0BDE8F08F004001B8A282002017
S315080246F044770020A18200202880002040770020ED
S31508024700000002B8006001B80000FFFF005001B8BF
S31508024710D8770020006000B8005000B8003F00B00B
S31508024720062830B4454B464A464972D0072823D054
S315080247300424C3F8B0430223C2F8B0330022082483
S315080247403F4BC3F81041404CC3F8B4430024A3F5C9
S315080247508053C3F8B443C3F8B0433C4CD4F8B433DB
S3150802476023F007030343C4F8B4330B7832BB002B98
S315080247704DD130BCFFF700BE354C04252478022CF7
S3150802478055D1C2F8B053C3F8B04308222B4B2E4C6E
S31508024790C3F810212A4AC2F8B4432E4A126892056F
S315080247A0C3F8B4230022C3F8B023284AD2F8B43394
S315080247B023F007030343C2F8B4330B783BB3002054
S315080247C04FF400131D4A0870D364234B23499B6B8D
S315080247D0C3F313030B602249224B99634FF06071AE
S315080247E0A3F580539863A3F5405319674FF02071D8
S315080247F0116710229A64012203F540431A65A3F54C
S31508024800B033996E184A116049F249229A6630BC49
S3150802481070470F4C2478012C4FF00404C2F8B043B9
S315080248204FF00202C3F8B023AFD0012287E7C2F8DD
S31508024830B0530222C3F8B023F7E700BF005001B80D
S31508024840006001B86F8800200000C0FF004001B870
S31508024850A282002054770020008001B83077002019
S31508024860FFFF0F0000A001B82C7700202DE9F04FBA
S31508024870A64B99B01B6883460793A54B93F88830D5
S31508024880DC0740F15485A34F3D78691E18BF012104
S31508024890421E97F8300018BF012218F07BFB022D42
S315080248A006467C6E81EA020A40F0B9809A4B1B786A
S315080248B0002B6DD1002840F0AD80BBF1030F71D1FA
S315080248C097F85CA0BAF1000F40F0AF80CDF810A0BF
S315080248D04FF0010A914B1B680293002B00F0E88007
S315080248E08F4B1B6802938F4B1B78002B00F0DE80E0
S315080248F0012B40F051878C4BDD6B029B029AEB1A17
S31508024900C3F38F030693894B1B689D4288BF1546DE
S315080249107F4BBBF1020FD3F89030089340F0208109
S31508024920834BDA69C2F30723100448BF63F0FF0317
S31508024930323B5BB20593002E40F0C9807D4B1B7853
S31508024940012B40F0BB80029B002B00F0B480079B32
S31508024950029893F82720784BD11F4A424A41069972
S31508024960890001F02DFC03906A4B186E039B1844CC
S31508024970FFF7ACFC714B059A93F9063081469342D0
S31508024980C0F2AA80BAF1000F40F05B815446F6E005
S31508024990BBF1010F40F0868097F85C30002B44D1BA
S315080249A0049307E0BBF1010F7ED197F85C30002B28
S315080249B03BD10490564BD3F890300893BAF1000FC6
S315080249C040F03781CDF818A0CDF808A04FF00009BD
S315080249D06FF07F03CA4697F830500593CDF80C90CE
S315080249E04C4C012D94F85C3040F07582022284F812
S315080249F03020002B40F08582454A002792F88830FD
S31508024A004F4C23F0020382F888304FF000424D4B98
S31508024A105A6466E1BBF1010FBED004935AE791428C
S31508024A203DD097F85C30002B3AD0424B1B78012BCD
S31508024A301ED1424B197ADA79914219D9B3F904305F
S31508024A404148DA17A3FB043104FB0211A3FB003227
S31508024A5000FB0122002A3D49A8BF4FF48051521893
S31508024A6004D5013B41F6FF7342EB030204EB6234C1
S31508024A702046374904F058FF364A254B506393F8C7
S31508024A80943004933B895364A2F5A03293624FF49F
S31508024A9000222C4B5A64BBF1010F8BD01AE7002374
S31508024AA00493F8E70023B8E7049013E72A4B23E7B1
S31508024AB0029D06952CE7029B039355E70122164BA6
S31508024AC01A701E4B059A93F9063093421ADB4FF079
S31508024AD00009CDF80C9055E7039B204A03F592236B
S31508024AE003F2DF3393423FF64DAF144B197ADA7964
S31508024AF091423FF647AF059AA3F804909A71089A2D
S31508024B001A603FE7B1460396EFE700BF78740020C4
S31508024B10003E00B0607700209B820020EC760020E1
S31508024B20E876002094820020004003B8E47600204C
S31508024B3000C000B8A28200205877002048770020DB
S31508024B4090770020001002B8645E050000F0FFFFAF
S31508024B50005A6202008001B8000003B8BE270900A5
S31508024B60BAF1000F40F00881BBF1010F3FF42EAFF6
S31508024B706FF07F035446D1460593CDF80CA0A64F95
S31508024B80FB6C0BB1029A1A603B6D0BB1069A1A803E
S31508024B9097F85C30002B00F090817F6D27B13B7847
S31508024BA0002B14BF2F4600279B4B1D799B4B1B6876
S31508024BB0002B00F06A81DFF8708298F8000018F07E
S31508024BC0BDFB98F80030002B00F0EB80012B40F07B
S31508024BD0E785934A012102F500528B42516000F2A1
S31508024BE0E5858F498F4A002B08BF11464A6812F09D
S31508024BF00202FBD1284618F0CDF901288A4900F0AD
S31508024C00D280022800F0EF8010B9884B1B780B700F
S31508024C10854B1878002F00F04781854B002800F055
S31508024C202A81012840F0C6857D4A57621F607C4B5F
S31508024C3025E100256FF07F03A9460695029505939F
S31508024C400395754A92F85CA0BAF1000F00F09E80AF
S31508024C50784B187AD979884240F09680764909784D
S31508024C6001291FD1516EB3F90430D817A3FB0132BB
S31508024C7001FB00227149A3FB013001FB0200002857
S31508024C806F4AA8BF4FF48052801804D5013B41F6FB
S31508024C90FF7340EB03006B4904EB603004F044FEFB
S31508024CA0694B5863634B1868FFF720FB5346614903
S31508024CB0BBF1010F0A7A02F101020A726CD19A4615
S31508024CC0554A92F83050544C94F85C70002F00F014
S31508024CD0FB80636E0434E365A36E6366002384F87F
S31508024CE058302078FFF71CFD2378002B00F0FB8252
S31508024CF00023564A07981360554A13A91360A268F7
S31508024D00E368002F18BF13461393E3788DF85030E3
S31508024D10A3788DF85130FFF783FBBBF1010F03D05F
S31508024D202146079818F041F9DFF8EC80207898F8C0
S31508024D300010FFF7EDFA474BBBF1010F1888464BF7
S31508024D4098F83310E27894F800E01B78DFF8E8C0A8
S31508024D5040F04882C900D200013D5843C9B2D2B2D6
S31508024D60062D00F29B82DFE815F0CE0056017E0181
S31508024D70C00199021F0209026FF07F034FF0000972
S31508024D800593CDF80C905CE7002390E7BBF1010F81
S31508024D9005D192F8305096E754469A46EFE6012432
S31508024DA0EDE6204A16E72D4B1B780B704FF0FF31C4
S31508024DB0BBB1012B03D04FF400539A65FFDE284B93
S31508024DC0042299654FF0FF31A3F580539A65A3F53E
S31508024DD0805303F500529164062203F580539A64C0
S31508024DE016E7204BECE71D4B1B780B704FF0FF3193
S31508024DF0002B39D0012BDED1194B9965A3F58053C7
S31508024E009A65A3F580534FF0FF3103F5005291647A
S31508024E1003F580530222E2E760770020EC76002051
S31508024E20004003B8000003B894820020958200204F
S31508024E30E876002048770020A2820020645E0500FA
S31508024E4000F0FFFF005A6202008001B84077002096
S31508024E504477002028800020A18200209682002024
S31508024E60006003B8002003B8AB4A9165A2F58052E8
S31508024E709365AA4BC7E7A94A57621F60A74B012247
S31508024E8003F580535A6018F056FA029BBB4204D1C6
S31508024E90A34B5B6D0BB100221A70A14B93F83050ED
S31508024EA0002C7FF410AF9BE50028E7D001283FF4D9
S31508024EB0BEAE4FF480535F6080E7FFF797FA7B6DCB
S31508024EC0002BEAD00122E7E7012D16D102232F464D
S31508024ED004F8303F05E70027032D10D0072D0CBF35
S31508024EE0062300238E4C84F8303094F85C3013B9CC
S31508024EF0002F3FF481AD3034F3E60127ECE70423B3
S31508024F00F0E70027F7E7874B93F80080B8F1000F20
S31508024F1036D1854B85491B88854A0993D1F81C31B8
S31508024F20C2F88C30D1F814511421EDB282F88950A6
S31508024F304246E3FB01521923A5FB031503FB02555F
S31508024F400B9105F0FBF80A9005F0EEF84FF47A7328
S31508024F5009990A9A03FB012303F539430B99F0339E
S31508024F601B1AC81A4FF019024FF0000365F1000127
S31508024F70E6F7C8FB6F4BC3E900016F4BC3F8008025
S31508024F8001206849684B08706C491A8809786C4B85
S31508024F9081421B8800F08681207817F0FBFF604B60
S31508024FA0012893F8312021D11023A579191F8D42A2
S31508024FB002D9AB4280F0A38103F14001E079C9B27C
S31508024FC0A1F1040C604502D9884240F298814FF457
S31508024FD0FE405C49103BC1F8B4035B49DBB2097871
S31508024FE013FB01F359491B02C1F8B433002A40F0F6
S31508024FF005814B4B5D6C002D00F0F581002E40F0CB
S31508025000F981534ABBF1010F117A9B6CD27900F0F0
S31508025010A98102261EE14A4B43491B880988444D49
S31508025020BEF1010F0B449CF800C0D5F88C1008D1CC
S31508025030BC3301EB4303C5F88C30BCF1010FABD18D
S31508025040EFE0BEF1030F07D1002A0CBF00200C20A7
S31508025050BC3313441B1AECE78433034401EB4301C4
S31508025060C5F88C10E9E7304B2E481D88344B90F86A
S3150802507000C01B88BCF1010F1D444FF028030D44E4
S31508025080154403FB05F505F5756302D0BCF1070F58
S3150802509003D111B905F589531033032101702D493E
S315080250A00A70264A1278012A7FF476AF224A1168D4
S315080250B00B441360264AB2F90420D017A2FB032137
S315080250C003FB00112448A2FB002500FB0155002D15
S315080250D02249A8BF4FF400316D1803D5013A204A78
S315080250E042EB0505AA14ED17E7E0154B0E4D1B8892
S315080250F02D88DFF83C802B44BEF1030FD8F88C507C
S315080251009CF800C00B442DD16233134405EB4303CC
S31508025110C8F88C3091E700BF002003B8000003B836
S31508025120607700209A8200202E80002000C001B8F5
S31508025130003E00B0B00D00200C770020A2820020AD
S315080251402C800020006001B899820020005001B826
S3150802515048770020A082002078CCAB000000FEFF32
S31508025160FFFF0300002914BF00220C223633034432
S315080251709B1A05EB4305C8F88C505EE7A24BA34978
S315080251801A88A34B1B881A44282302EB40025A4367
S31508025190087802F5C873032804D19E48007808B92E
S315080251A0A2F1500307227BE79949974BB1F8008091
S315080251B01B88994DBEF1070FD5F88C109CF800C0D4
S315080251C0434403D10A3303EB400332E7002A03F1CF
S315080251D03603034414BF00200C201A44024401EB90
S315080251E042013DE7BBF1020F9CF8002098F83130E6
S315080251F013D0012A15D0002B3FF4FBAE40F201135F
S31508025200ADF84C30854B1B78002F7BD1022B0798C3
S3150802521013A979D1FDF7CAF96AE0022A04D0012A4C
S315080252200CD17F4B1B6845E77E497B4AD1F80C01B6
S31508025230C2F88C00D1F8041182F88910002BDDD14E
S31508025240D8F84450002D00F09C82002E40F0A2802F
S31508025250754B9B6C0020744A287092F85820EE70A1
S315080252606A70059AA5F80690AA70089AAA606F4A03
S31508025270D179157A002B68D18D4248D16B4B6C4A8D
S31508025280186812F8141C0338C0B201F0CFF8BAF144
S31508025290000F4FD1BBF1010F3CD13FE09CF8003023
S315080252A0012BCCE628205E491A440B6803F5EB531A
S315080252B000FB0233002215460B605E49D1E9000164
S315080252C01B1841F10001981A61EB0501142200230B
S315080252D0E6F718FA504BBBF1010FC3F88C0083F8B6
S315080252E089203FF459AE504B93F83130002B85D1C3
S315080252F04D4BBBF1020F5D6C7FF47BAEA2E7043324
S31508025300DBB253E6012B82E7FDF76EF9F0E7BAF155
S31508025310000F0FD1444B049A83F87020464D0FCCE8
S315080253200FC50FCC0FC594E8070085E8070019B02A
S31508025330BDE8F08F414B1B68002B40F02782404B9B
S315080253401B68002B40F09181A4E798609088039E21
S315080253501882106892795E609A743A4A18601268DE
S31508025360DA6089E733B12F48D0F81C515D61D0F86D
S315080253701401D874914281D0BAF1000FCED02F4BC6
S315080253801B68002B40F002822D4B1B68002B40F055
S315080253906C81C3E7012E40F006810022224B9E6CE7
S315080253A001232B70204B93F85810EA70059A6970FE
S315080253B0AA7093F87030AB71AFB1174B224FD3F87E
S315080253C090300593214B1A78174B998E93F8333000
S315080253D00691DB000793D7F8BC33190C1B0C029114
S315080253E043D11B4BAB80114B1A7ADB799A427FF475
S315080253F04EAF43E7012E40F0D680BBF1010F9E6CFB
S3150802540028D00222CCE700BF2E8000209A820020F4
S315080254102A800020A0820020003E00B0A28200203E
S315080254200C77002000C001B860770020487700207A
S3150802543064870020B00D0020907700203C7700207A
S315080254403877002058770020004001B89F82002054
S315080254500080FFFF002EAFD0A04BD3F81C21F261CB
S31508025460D3F8143186F82030A6E70298089217F086
S31508025470CCFD089AD7F8C493012AD7F8C8830390B3
S31508025480D7F8CC735DD8964BC9F309021B78C9F3D2
S315080254908921C9F3095017F0BBFD924A924992F83D
S315080254A058200346013AD2B201EB820251688F4A6A
S315080254B0A2EB41028E4902440978002971D1059B63
S315080254C0089003F03F0103390698C9B2099200F021
S315080254D0E9FE099A089B0244824909780229039936
S315080254E008BF52420A4456B17380029B7160B0608B
S315080254F0F2603380C6F81090C6F81480B7617D4B07
S3150802550007991B887C480B444FF4FA614B434FF4C6
S315080255107A7103F5BF33D033B3FBF1F1B0F9040066
S315080255204143764891FBF0F10B44D31A83EAE371BF
S31508025530734AA1EBE371B1F5004FA8BF13461BB23C
S3150802554050E7022A7FF44DAFC8F30E0018F4804FD5
S3150802555018BF6FEA4040C8F30E4118BF6FEA5040C1
S3150802556018F0804F18BF6FEA4141C7F30E0218BF01
S315080255706FEA51417B0448BF6FEA4242C7F30E43C2
S3150802558048BF6FEA524217F0804F18BF6FEA43438B
S3150802559009B218BF6FEA534312B200B217F046FDBA
S315080255A07BE7002098E7022E7FF41DAFDFF83491DF
S315080255B0D9F8486027B91EB1524BB3F89630B3846E
S315080255C0BBF1030F7FF40FAF022300212B7099F86A
S315080255D0703010226B700FA80C910BF04AFD4A4BE3
S315080255E0069A5B8B934275D2484B1B7823B9464A77
S315080255F002990CA800F0F2FE00274FF0FF38444A41
S31508025600F8B21278404B824233D8424B1F7827B9F8
S315080256103F4BFAB21978914237D83D4B03211F788E
S315080256200DA83A460BF025FD002E79D113AA0DAB2B
S3150802563005F1150105EB4707BD4202F1040240F0E8
S3150802564094802D4B1A7ADB799A423FF417AEBAF157
S31508025650000F3FF45FAE304B1B68002B40F096807C
S315080256602E4B1B68002B3FF455AE234A92881A80AC
S3150802567010E60DF14C0C0090029A0C990CEB800086
S3150802568000F030FE01378046B9E701398A421346EF
S3150802569004BF02F1FF32D2B24A4492F8582018A93E
S315080256A0013AD2B201EB820151F8241C41B9B9F888
S315080256B034100FA80393029200F0ECFE039B029AA1
S315080256C00FA901EB820113AA02EB830017F009FD69
S315080256D001379DE74FF0FF389FE700BF00C001B8CA
S315080256E09982002060770020508700209B26FEFFC3
S315080256F09E8200202C800020487700206079FEFFD9
S315080257000080FFFF003E00B0308000209D8200200E
S31508025710A18200209C8200203C7700203877002056
S315080257204FF6FF737383254BBDF93210F3610A33C3
S315080257303362234BBDF93020D3F8B833B280C2EBBB
S3150802574013425B1A32807380F180A6F81880B31D63
S315080257500FAA0E36B2F90010043223F8021F32F9E4
S31508025760021C9E421981F5D160E732F9040C25F82C
S31508025770020F32F9020C688113F8010B01F8010FC6
S315080257805AE7104BDA791B7A9A4276E50D4A12687D
S3150802579002F03F021A70D2E50023DB6BFFF70EBB5D
S315080257A000224FF400535A60FFF708BB00235B68D8
S315080257B0FFF704BB00235B62FFF700BB30800020C3
S315080257C0004001B8487700202DE9F34790F82730C2
S315080257D00646073B012B0C4605D9B94B93F8883088
S315080257E0DB0740F1DD816388B3F5007F00F2DA81D9
S315080257F040F2DB53228B9A4240F2D48196F83C015E
S3150802580001A917F0E2FB0546002840F0C081AD4B1E
S315080258109DF8042053F82220104617F0ACFB0546E3
S31508025820002840F0B4811168A74BDFF83C93196051
S315080258305168A64BDFF8348319609168A44B127B32
S315080258401960A44BE1891A702078A34B2289187033
S31508025850A24BA34F1A806289A24B38701A80A2897A
S31508025860A14B1A806278238A052A28BF0522022AB2
S3150802587038BF0222194489B289F80020013AA8F8E9
S315080258800010D2B2C9B201F011FA0546002840F05A
S315080258907E818021954B1870894BC3F88C0083F85A
S315080258A08900934BA27E1870924B1870924B18601F
S315080258B098809971DA7196F8271018728F4BA1F1B0
S315080258C0070CD3F8D821DCF100018D4B41EB0C0112
S315080258D002F007028B481A7017F084FB99F8003019
S315080258E0228AE189884817F0B4FBB8F80030132BEE
S315080258F040F25181272B40F25181502B35BF242289
S3150802590048220123022381491B030A60E17E804A59
S315080259101170002187F8701087F85C10227820270A
S31508025920901E424242414FF0005043EA021343F4AA
S315080259308043724A43F00D03C2F8B033754BC3F87D
S31508025940B073C3F8B00396F82730082B724B0ABF18
S31508025950C3F8B073C3F8B013C3F8B003D2F88C30E7
S3150802596023F0007323F4E053C2F88C30136C23F04F
S31508025970714323F470031364D2F8B43143F08043BD
S31508025980C2F8B4316368BBB1644A6549D2F88C007F
S31508025990086042F208014FF4E000C2F88C105D4933
S315080259A008664FF4C000A1F5805108661C2061887C
S315080259B0536400FB0133136467695A4BB4F81880C1
S315080259C01F60594B1F60002F3BD0B8F1000F38D02B
S315080259D0564ADFF89CA1D369DFF8989143F0400351
S315080259E05348D361CAF80470AAF80280C9F8047049
S315080259F0A9F8028003F086F84E4803F083F89AF86D
S31508025A00000017F093FCDFF870A108F180488AF8C5
S31508025A10000099F8000017F089FCDFF86091A8F2F7
S31508025A20DC5889F8000017F086FC434B99F80020E9
S31508025A309AF800001A7003F0D3FA404B07EB88076E
S31508025A401F603F4B3046B3F9001017F0FCF90022ED
S31508025A503C4B5A643C4A1268C3F8CC2094F824207A
S31508025A603A4B1A7094F82520394B1A70394B94F828
S31508025A7026201A7094F8273013B1E06AFEF736FC2E
S31508025A80E269354B69461A60226A344B30461A6017
S31508025A90A26A334B1A604FF48273ADF800304FF4A2
S31508025AA08173ADF80430FCF79FFD304601A9FCF777
S31508025AB07DFD2C4BD3F8F8371B0368D460E000BF92
S31508025AC0003E00B01C7700201877002014770020CB
S31508025AD01077002097820020A28200202E800020C4
S31508025AE0607700202C8000202A8000209B820020DC
S31508025AF09A820020A082002048770020004001B840
S31508025B0099820020587700203080002054770020A0
S31508025B109F820020006001B8005001B8004000B81A
S31508025B20D4770020EC760020E87600208C860020C8
S31508025B30748600205C86002094820020E476002089
S31508025B402680002000C000B8287700209E82002008
S31508025B509D8200209C8200203C7700203877002016
S31508025B6034770020000002B8A18200202880002095
S31508025B7018870020B8860020968200209582002089
S31508025B804FF4E063084A1363A2F58052136328466A
S31508025B9002B0BDE8F08709222B46B4E62222FBE7CB
S31508025BA00225F4E72125F2E70060005A08B5024605
S31508025BB017F0E1F910B9024B43F8212008BD00BFDE
S31508025BC01C77002070B590F827300446073B012B56
S31508025BD001D9022070BD874B93F8883003F0010380
S31508025BE0002900F09680002B40F0918017F0F6F914
S31508025BF00028EED1804B1878012805D900F08AFFD3
S31508025C0010B901F00BF8E4E77C4D95F90030013341
S31508025C1028D101213B20DFF715F90020E0F714FC13
S31508025C2040B228700130D4D00021022002F0E6FAF0
S31508025C30734B4FF44051D3F8202122F0C062C3F8C7
S31508025C402021D3F8202142F00072C3F8202195F9C9
S31508025C500000032208F062FCC022002195F9000028
S31508025C6008F061FC4FF48022664B20469A634FF493
S31508025C7080529A635F4A644E92F8883004F58275B8
S31508025C8043F0010382F88830604BD3F8CC20604B8E
S31508025C901A60604B604A5B69C3F3400313700222C1
S31508025CA05E4B5A6103F540539A6CC2F30E035204D3
S31508025CB044BF6FEA43436FEA5343594A1380594B29
S31508025CC0594A1A60D4F8B020584B1A600523C4F80A
S31508025CD0B03001F035FD0123554AD6F8FC10A4F878
S31508025CE04001284604F06EF952492046FCF796FC14
S31508025CF051492046FCF7A2FC4FF080724F4B2846CA
S31508025D001A61D6F8FC100723494A04F05BF9002009
S31508025D1060E7002BFBD0384B1B78012B01D900F02A
S31508025D207DFF364D95F90000431C05D00022114629
S31508025D30E0F7A6FBFF232B70414B1B780BB9FEF746
S31508025D401BFB4FF480223F4B4FF6FF719A634FF4C9
S31508025D5080529A630022274B204683F888203A4BC2
S31508025D601A683A4BC3F88C20FDF738F94FF480725B
S31508025D70374BC3F8FC23284B1A780223002A37D05C
S31508025D80264A5361264B2046B3F9001017F05BF8F2
S31508025D9000221E4B1C4E5A641D4A04F5827512686F
S31508025DA0C3F8CC20FEF722FB204B20461B68C4F81A
S31508025DB0B03001F0C5FC01231D4AD6F8FC10A4F840
S31508025DC04001284604F0FEF80723194A2846D6F861
S31508025DD0FC1004F0F7F817492046FCF705FC2046A4
S31508025DE01549FCF7E3FB4FF080721A4B1A618EE7EE
S31508025DF0194AC6E7003E00B0508700207088002086
S31508025E0000C001B80050005A004F00B000C000B8E8
S31508025E1028770020004001B898820020005001B877
S31508025E20268000204C8700206D480208247700202F
S31508025E30A43F00B06D8800206B880020009001B84E
S31508025E406F8800200060005AD4770020004000B80E
S31508025E50002002B800A001B8006001B82DE9F74396
S31508025E6090F827308046073B012B0D4604D9644B30
S31508025E7093F88830D90777D5002A6BD02B7803F0A8
S31508025E80FD02012A02D0072B40F0B88018F08DFED9
S31508025E90DFF89081074698F80030012B07D1FDF705
S31508025EA0DDFD044630B1384618F07AFE5DE0FDF7AE
S31508025EB0BFFDF6E7524A297892F8883007290CBFBF
S31508025EC043F0020303F0FD0382F888304FF00042E4
S31508025ED02E464C4B4C4C5A640FCE0FC40FCE0FC4F1
S31508025EE0012396E8070088F85C3084E80700B8F8CA
S31508025EF0080004F148084034444B1B689A689389A1
S31508025F009168C31A52689BB201FB032323602E7859
S31508025F10012E03D1FEF7B6F9C8F80000F31F58425E
S31508025F2058413B4B05F128021B78012B5FD9591EB4
S31508025F30384B93F800C00023D45C64455CD8013C16
S31508025F40032C59D8072E03D10133DBB29942F3DC6D
S31508025F5000244DE018F029FE0746FDF745FD012805
S31508025F6007D0384618F01CFE0224204603B0BDE8C6
S31508025F70F08328782E46831F012B4FF4807394BF33
S31508025F80204A254ADFF89C90C2F8FC3309F130040E
S31508025F90FEF7C6FB0FCE0FC40FCE0FC4002396E83A
S31508025FA0070084E807001D4A694613601C4A4046F2
S31508025FB01360AB680093EB788DF80430AB788DF8F4
S31508025FC00530FEF72DFA99F80030012B03D1294640
S31508025FD0404616F0EAFFDFF85080287899F8001054
S31508025FE0FEF796F9A8F10804B9F8340084E7022402
S31508025FF0697800F0AFFE56E72124F9E72124B4E7D1
S31508026000003E00B0001002B864770020841304082A
S31508026010A182002050870020002002B84077002085
S315080260204477002060770020C8770020F8B5037807
S315080260300646042B1ED800270F4D2B702B78FCB270
S31508026040A34203D8012300206B70F8BD7368013799
S3150802605033F81430A73B18B217F03FF805EB840360
S315080260605860736833F9140000F050FA05EB84049B
S315080260706061E3E72120E8E750870020024B587861
S3150802608000B11878704700BF508700200028A7BFC4
S315080260904FF4804249424042484A0029D5BF0B186C
S315080260A00B1AA0EB010C01EB000CD4BFA2F50052AF
S315080260B002F50052002BD5BFACEB63000CEB630074
S315080260C003EB6C03A3EB6C03D5BFA2F5975202F55B
S315080260D09752043A0432002BD5BFA0EBA30100EB7A
S315080260E0A30103EBA003A3EBA003D4BFA2F6FB1004
S315080260F002F6FB10002BDDBFA1EBE30203EBE10383
S315080261006FF4A26101EBE302CABFA3EBE1034018F5
S3150802611000F21150002BD5BFA2EB231102EB23117B
S3150802612003EB2213A3EB2213D4BFA0F28B2000F2B7
S315080261308B20002BD5BFA1EB631201EB631203EB95
S315080261406113A3EB6113D4BFA0F5A37000F5A37086
S31508026150002BD5BFA2EBA31102EBA31103EBA213EB
S31508026160A3EBA213D4BFA338A330002BD5BFA1EB50
S31508026170E31201EBE31203EBE113A3EBE113D4BF42
S3150802618051385130002BD5BFA2EB232102EB232134
S3150802619003EB2223A3EB2223D4BF29382930002B71
S315080261A0D5BF03EB6123A3EB612314381430002B0C
S315080261B0CCBF0A300A3800B2704700BF00C0FFFFE2
S315080261C0B3F802C08C4549D8F0B5B3F800E08ABBEB
S315080261D00EF10E039BB29C4528BF0E2452D32746C6
S315080261E000211E1BC55C865D3B449BB2AD1B9C45CC
S315080261F041FA85F1F5D24FF47A7303FB01F17AB3CA
S315080262004FF47A730029B8BFFF310A1203FB02F270
S3150802621092FBF4F202EB8202ACEB0E0C9CFBF4FC52
S315080262200CEBDC735B10002A194627DB881890FBF7
S31508026230FCF0F0BD0EF107039BB29C4528BF07246C
S31508026240CDD2174BACEB0E0E83FB0E234FEAEE7044
S315080262507344C0EBA30CC0EBE300E8E700207047E9
S315080262604FF47A730029B8BFFF31091203FB01F212
S3150802627092FBF4F202EB82025200CDE7D01A90FBAF
S31508026280FCF0F0BD064BACEB0E0E83FB0E134FEA89
S31508026290EE717344C1EBE30CC1EB2311C6E700BFF1
S315080262A0932449920C4B10B51A68044692B10B4BCB
S315080262B0186870B10A4B1B788B429CBF03F1FF33F7
S315080262C0D9B232F9112030F9113004FB023080308C
S315080262D0001210BD1046FCE7147700201077002044
S315080262E0978200202DE9F04F4FF0100E00259DF8F9
S315080262F02440814633F814000FFA81F802EB800233
S3150802630041FA0EF793F91400C8F100087F422E46A7
S3150802631000FB08F800FB07F71C7D0AE0022C394649
S3150802632057D0C4460EF1FF3E1EF0FF0E66440D44DA
S315080263303ED0042C4FD0082CF0D1B2F90010B2F995
S315080263400200B2F904A0B2F906C0B2F908B038449C
S31508026350414451448444B2F90A00B2F90CA08B4470
S31508026360B2F90E106044DA4401441032B2F902005E
S31508026370B2F900C0B2F904B00844B2F90610D4441E
S31508026380E34401440832B2F90200B2F900A0B2F9B4
S3150802639004C00844B2F90610DA440EF1FF3ED444AA
S315080263A001441EF0FF0E02F1080266440D44C0D1F4
S315080263B001225B7D70460433DBB2591E8A401644BD
S315080263C01544DE40DD40A9F80060A9F80250BDE890
S315080263D0F08FC346D7E73946C246C7E74FF0000CE7
S315080263E010B5E646D38A044601EB83010B1D01F17B
S315080263F0680033F9041C33F9022C043383428E44B1
S315080264009444F6D1084B83FB0E1283FB0C134FEA16
S31508026410EE7E4FEAEC7CCEEBE20ECCEBE30CA4F874
S3150802642000E0A4F802C010BD1F85EB5130B5A2B139
S31508026430134B1B688BB19FED137ADFED136A134C6E
S3150802644002EB8101247884429CBF04F1FF34E0B256
S315080264500F4C03EB40008A4200D130BD52F8045B70
S31508026460B0F90030A3EB450307EE903AF8EEE77A67
S3150802647067EE877A67EEA67AE4EC017AEBE700BF65
S3150802648018770020DB0F4940000000389782002069
S31508026490DC77002070B52DED028B194B82B01B6894
S315080264A001914BB307EE901A164BB8EEE78A03EB47
S315080264B08203D3ED007A28EE278AB0EE480A05460B
S315080264C0144600EB820605F05BFCDFED0F8AF0EE60
S315080264D0407A67EEA87AFDEEE77A17EE903AB0EEC2
S315080264E0480A25F8243005F009FC20EE280ABDEEF4
S315080264F0C00A10EE103A738002B0BDEC028B70BD72
S3150802650018770020DC77002000FC7F4607EE900A09
S31508026510DFED0D6AF8EEE77A87EEA67ADFED0B6A0B
S31508026520B1EE477AC7EE267A9FED097A67EE877A41
S315080265309FED087A67EE877AB0EE677ABEEEED7A55
S3150802654017EE100A704700BF0000C842180D8F4D9B
S3150802655000000045002474492DE9F04701278846C2
S315080265604FF01309164B046893F9005004F1100A08
S3150802657007FA05F5EDB2C0F800A00646102200217A
S3150802658020460AF076FD2770657125726572C4F891
S315080265900C90B8F1000F10D004F1200333601022DA
S315080265A0002150460AF065FD237C657567F30103F1
S315080265B0237425766576C4F81C90BDE8F08700BF7B
S315080265C071880020274B2DE9F0411D687DB33026DE
S315080265D04FF0100E147895F80080234F013C00EB1B
S315080265E0800016FB08E64FEA800C07EB8003E0B250
S315080265F0E4074CBF1D4C1E4C344447F80C401D4C56
S3150802660026685EB11027302496F800C014FB0C7475
S3150802661087074CBF154F164F27445F6039B10127CC
S315080266201549013291F800C00833BC4501D8BDE8C6
S31508026630F08112F8011B95F801E00139C9B2484008
S3150802664000F0010404FA0EF436B196F801E0C0F33C
S31508026650400000FA0EF004430137084643F8044B9B
S31508026660FFB2E2E75C7E0020EC77002030D00350D0
S3150802667030E00350587E0020728800202DE9F04F42
S315080266804FF44875B74C8BB005FB0043019308934A
S315080266904FF00133884609AA012109930290FFF7B0
S315080266A091FF029B08F1FF3903EB83039A000692D6
S315080266B0AD4AD9F1000802EB83030593029B48EB26
S315080266C00908013303F0010305FB03430493A74BAF
S315080266D01B68009343B9089C019BA54AE31A1B1140
S315080266E04FF0000A13707AE04FF0000A019C4FF04F
S315080266F0100B00215A4620460AF0BBFC9D4B4FF070
S315080267000409236003232373059AE368626069F325
S315080267109F0304F12002E360039204F1180308922E
S31508026720009AA3605378012202FA03F3009A3025ED
S3150802673016785A460021A01807930AF09AFC079B76
S3150802674002276361132315FB06B606F1A0468A499A
S3150802675006F578363036A6610E682774E361002E90
S3150802676038D05A46002103980AF083FC0122814B4D
S3150802677082492362069B04F130001944616294F847
S315080267802C1041F0030184F82C10E16A69F39F0189
S31508026790E16204F13801A16204F1400196F8019020
S315080267A00891317802FA09F915FB01B55A46002112
S315080267B00AF05FFC132394F8302005F1A04505F58D
S315080267C07835303567F3010284F83020C4F83490FE
S315080267D0A563E363089CBAF1000F3FF47DAF012578
S315080267E0674B684A93F9003004F120069D4002EB94
S315080267F08309EDB21022B8F1000F00F0A080002143
S3150802680020460AF036FC022323705F4B102263608F
S3150802681013230021C4F808900896E360012613277B
S31508026820A0180AF026FC237C657566F30103237417
S31508026830564B25761B786576B342E761039388EA59
S31508026840060840F0B380089CBAF1000F40F00981AF
S315080268500223236063604E4B04F11000A3601323E6
S315080268600890E360BAF1000F0DD004F12006102259
S31508026870002108960AF0FDFB464B2361019BF61A96
S31508026880454B36111E70089C04F13007B8F1000F0B
S3150802689000F00B8102220C23DFF80CC1226184E886
S315080268A00C10132302F54322E3606261C4F81890C0
S315080268B0E36104F12000BAF1000F00F0DB80102238
S315080268C000210AF0D6FB012194F82020049B61F3EB
S315080268D0010284F820209B10E26A9B000A4043F0DA
S315080268E002031343E362224B84F8255084F82850A6
S315080268F084F829501C78322302991A4A59430B46BE
S315080269000819264902EB00100978091B8900C46890
S3150802691001F0FC0161F39F042149C46009780B4424
S3150802692002EB03131C4A1278521A9200D96802F033
S31508026930FC0262F39F01D9600BB0BDE8F08F4146B5
S3150802694020460AF096FB02222378414662F30103A7
S315080269502370144B102263601323C4F80890089618
S31508026960E3605BE718780020EC7700205C7E002065
S31508026970A682002008002008587E0020F077002012
S31508026980718800201880035004300C007288002099
S315080269900CC0045001001000A3820020A58200202A
S315080269A0A482002003300C0024C00450089B102245
S315080269B0184600210AF05DFB02244D4AC760426070
S315080269C000F1200208924B4AC76182610470C0F83E
S315080269D0089004614661414608A8FFF7BDFD0523F4
S315080269E0029A454F13FB024307EB8307039BB34205
S315080269F07FF629AF009B63B3089C1022002120462C
S31508026A000AF037FB3D4B0422C4E9003703232373FC
S31508026A10E3684FF0300B62F39F031022E36004F140
S31508026A201403A36004F120030893009B00211B783A
S31508026A30A0181BFB032B0AF01CFB02232374132347
S31508026A400BF1A04B0BF57C3B0BF1300BC4F818B0DD
S31508026A50E361002108A80136FFF77EFDF6B2043786
S31508026A60C4E7019B264AE31AC3F307131370254AA0
S31508026A701370EDE61022514608970AF0FAFA012336
S31508026A8094F820209A4663F3010284F82020132200
S31508026A90009B84F8255084F8285084F82950E2622D
S31508026AA0089C002B7FF423AE99E6174B1022414629
S31508026AB02046DE690AF0DDFA02222378226162F3B1
S31508026AC001032370114B124AA3601323583E6660D2
S31508026AD0E3606261C4F81890E36104F12000BAF138
S31508026AE0000F7FF4ECAE102241460897C5E700BFB7
S31508026AF001220C000CC00450EC7700200800200884
S31508026B00A5820020A482002000C0045024C004509C
S31508026B1001300C001FB50446FDF792F938B114F09E
S31508026B200C0F03790AD0220706D5022B57D8002064
S31508026B30314B187004B010BD012BF7E7C4F34002BD
S31508026B409342F4D3022C4ED903689A781B789A4258
S31508026B50EDD118240368294A1360294A02331360BF
S31508026B6001213A20DEF76EF9264B274AD3F8583523
S31508026B7023401360254BC3F858450124244A0121B2
S31508026B80D2F82031252023F0070343F00203C2F886
S31508026B902031DEF757F90F2200210DF101000AF024
S31508026BA068FA69461B488DF8004007F0CFFC214673
S31508026BB03B20DEF747F90020DFF746FC164B40B2CA
S31508026BC010F0F80F187014D103224FF4405107F051
S31508026BD0A5FC01F081FCFF3818BF0120A8E703686D
S31508026BE01A789B78B3E7C8D10268044B08241A605E
S31508026BF0B6E7FF221A709AE7A88200205C7E002078
S31508026C00587E002000C003501478002000E003508C
S31508026C100080005000C004507188002010B51C4C3A
S31508026C20206850B1DCF712F800232360194B1A4A80
S31508026C301B6803F00803C2F85835184C206850B18F
S31508026C40DCF704F800232360124B134A1B6803F08F
S31508026C501003C2F85835124C1248DFF751FC94F962
S31508026C600000431C03D000221146DFF709FCFF236C
S31508026C70237001F031FCFF28044605D0DFF77AFBC2
S31508026C8010B92046DFF764FB0022074B1A7010BDC5
S31508026C905C7E00201478002000D00350587E002025
S31508026CA07188002000C00450A882002030B5224B0B
S31508026CB004461B7885B013B9002005B030BD531EB3
S31508026CC0032B37D81D4B1E4D1A7028234FF0FF325F
S31508026CD013FB01211B4B1A6BD96101460020FFF7F2
S31508026CE0CDFC21460120FFF7C9FC0022164B1B7872
S31508026CF005EB0315154B1A7001F0EEFB0446DFF798
S31508026D0039FB10B92046DFF723FB1022002168461B
S31508026D100AF0AFF90E4B694693F900200123934016
S31508026D20DBB22A4620468DF807308DF80530DFF7A4
S31508026D30C5FAC1E70E20C0E7A882002072880020A3
S31508026D40387B002000C00450A5820020A7820020BC
S31508026D50718800202DE9F843194B0F461B785BB35F
S31508026D60DFF87080174B98F800901B7830BB1649ED
S31508026D700C78E41AA400E4B2322606FB09F6134D8F
S31508026D80334405EB0313D96864F39F01D9600146BE
S31508026D904846FFF717FC4FB104220D4B1B781E44D9
S31508026DA005EB0615EB6862F39F03EB6009F101092F
S31508026DB009F0010988F80090BDE8F8830424DBE7A6
S31508026DC0A8820020A6820020A5820020187800202A
S31508026DD0A4820020A782002010B5124B0C68C3F8C3
S31508026DE07842C3F87C42C8B1D0F8EC30B3B15B69DB
S31508026DF0A3B1501EC0B2FD2812D9013404BF6FF0E8
S31508026E00010008600868FF2A186007D14A6801323B
S31508026E1002D16FF001024A604A685A60002010BD2A
S31508026E20012AF2E7004001B8FF2818BFC3434FF012
S31508026E30180108BF1023064A18BFDB00C2F8FC1364
S31508026E4018BF03F00803A2F58052C2F8FC33704754
S31508026E50002002B8024BD3F8F807C0F3C0407047C7
S31508026E60000002B84FF03A43D3F81421D2031ED5D4
S31508026E704FF480320E49C1F81421A1F58051C1F8A8
S31508026E8018215A6DD1B2C2F30722C3F8A410C3F867
S31508026E90A4200422C3F8A4200022C3F8A420C3F81D
S31508026EA0A420C3F8A420C3F8A420C3F8A4207047DA
S31508026EB0002000BAF0220B4B01219A64A022A3F506
S31508026EC080539A644FF03A43026DC3F8F410FC21DA
S31508026ED0C3F8CC10C3F8D0204FF40052C3F8F02000
S31508026EE0704700BF006000B8F8B54FF03A440D4647
S31508026EF01746064617F059FE012304226363084B18
S31508026F00E76026616561C3F814214FF00042054B1C
S31508026F10C3F8802117F044FE0DB102236363F8BD5E
S31508026F20002000BA00E100E02DE9F04105460124FF
S31508026F30006800F00700063004FA00F3A868EC6857
S31508026F405E1EA04200F0928000EA06076C681044B2
S31508026F501E430640D81B07EB040C8242644638D906
S31508026F60D31AFA18A0B3431E062B74D941EA0C03A6
S31508026F709B0770D14B1CACEB0303022B6BD90B4658
S31508026F8020F0030E8E44ACEB01071C68DC51043377
S31508026F909E45FAD120F0030310F0030F01EB030E0E
S31508026FA0A0EB03040CEB030700F0888011F80380BA
S31508026FB0012C0CF8038000F081809EF80130022C27
S31508026FC07B7018BF9EF80230084418BFBB70014692
S31508026FD06C685AB3531E062B01F101032FD9E01A26
S31508026FE002282CD941EA0400800728D1234622F038
S31508026FF0030CA444081F50F8047F43F8047B634536
S31508027000F9D122F00303D01A920701EB030C04EB21
S3150802701003070BD0CA5C0128E25407D09CF801305A
S3150802702002287B7002D09CF80230BB7017F0BDFDB7
S315080270300223AE60AB62BDE8F04117F0B1BD0A4467
S3150802704004F1FF3C00E0013313F8011C93420CF8EB
S31508027050011FF8D1EAE70B460844ACEB0107D91938
S3150802706013F8014B83420C70F9D1B0E7042A0DD903
S315080270700878043AA86148780431A86111F8020C24
S31508027080A86111F8010CA861A8685DE7013A032A0C
S3150802709012D8DFE802F00F1507020B4613F8012B88
S315080270A01946AA610A4612F8013BAB61114611F864
S315080270B0013BAB610B78AB61BDE8F081084486E71A
S315080270C00A46F3E738B50B46154601464FF03A44E9
S315080270D068B101221048C4F8F4201A46FFF724FFC3
S315080270E025B14FF03A430422C3F8F42038BD73B1F0
S315080270F0D4F8D8209A4284BF0122C4F8F4204FF06B
S315080271003A42C2F8D4300223C2F8F430E8E701233F
S31508027110C4F8F430E4E700BFCC0000BA38B5044638
S3150802712017F043FD4FF03A420121A38F05465167F6
S315080271304BB3B3FA83F3C3F11903DBB2A069C2F8FE
S31508027140B410C2F88C300723C2F89000C2F8B030E7
S315080271504FF4A02302F50052C2F81431A2F5805268
S31508027160C2F8183100220D4B1A600D4B5B6C5B029C
S3150802717009D54FF480020B4B5A64D4F8A01094F840
S31508027180270001F08DFC0023E38707232846A4F88D
S315080271904030BDE8384017F003BD00BF607E0020CE
S315080271A0000002B8002002B82DE9F84305460C464D
S315080271B0B1B1D0F81880878F17F0F7FCB5F83EC042
S315080271C0791E01EA0C0323F00702032C0646DFF8B0
S315080271D000E1424461D1DEF8004024B917F0E0FC30
S315080271E00E20BDE8F88324F00104DEF8000020F042
S315080271F00100A04256D10023CEF8003023889442DB
S315080272006FEA43436FEA5343238041D1B5F84030CE
S3150802721008EB07091846083880B202F108044C45FB
S3150802722028BF4446082804D9B4F800E0BEF5804FC2
S3150802723043D263440F431B1A3B409BB2EB87A5F824
S315080272404000947811884FF03A42C1F30C019165D7
S31508027250C2F89830C2F8B0004FF48022184B04F0F6
S315080272600704C3F814214FF00042164BC3F88021D5
S31508027270FFF7F8FD042C0BD14FF48002124B5B6C1E
S31508027280124B5A64D5F8A01095F8270001F008FCAD
S31508027290304617F085FC0020A3E7601E012898BF38
S315080272A01446A2E7B5F840004344E31A48BFDB197F
S315080272B008389842A2DC304690E72246ABE700BF80
S315080272C0002000BA00E100E0000002B8002002B87F
S315080272D0607E0020164B10B51968B1F84020CB8F96
S315080272E0888F13440138073B8C69034023F0070350
S315080272F01C4402F108034FF03A429BB2A1F840300F
S31508027300C2F8B0304FF480220A4BC3F814214FF06A
S315080273100042094BC3F88021A07800F00700042830
S3150802732003D1064AD3681B03FCD4054B1C6010BD67
S3150802733078740020002000BA00E100E0000002B8DC
S31508027340607E002010B5064C216839B1CB0703D4FC
S31508027350044B1868FFF728FF0023236010BD00BFFF
S31508027360607E0020787400204FF480320C4B0D4961
S31508027370C3F818214FF03A43C1F81421D3F8AC10D8
S31508027380D3F88C20012302F0070206329340C1F398
S315080273900C01083B994201D8FFF764BD704700BF4C
S315080273A0002000BA001000BA2DE9F04780460C46C4
S315080273B016468769858F17F0F8FBB8F83E2005F15F
S315080273C0FF3C02EA0C0323F00701032C82463944E8
S315080273D0B8F8400019D14A4C24689CB90244073AC5
S315080273E002EA0C0222F00702BC183B44E31A48BF21
S315080273F05B19834210DB504617F0D2FB0024204665
S31508027400BDE8F08724F00104EFE7012C02D0022C34
S31508027410EBD108380C46E8E7002E3FD08C4241D122
S315080274204FF03A42D2F858904FF03A41D1F8AC2090
S31508027430B8F81270C2F30C02934247DA2588B5F5FA
S31508027440804FD8D2A378C5F30C0503F007037A1E3A
S31508027450A5EB09053A43052B337005EA02052DD833
S315080274602DB2E84340F24F420421C00FFAF7EAFC74
S315080274707580E3783374D8F81C207B1E03EA090367
S31508027480D118B160A9B213FA85F5AF422FBF00230E
S31508027490FF1AB780F26024BFB180F360504617F036
S315080274A07FFBACE7A4F10802974284BFED0802EB22
S315080274B0C502B2F80090C9F30C09B5E7114B5B6D2A
S315080274C0003B18BF0123A5EBC305C9E74B6D7A1E1E
S315080274D0A3EB09033A431A400B4915B2002DCB68B0
S315080274E00BDCC3F30363D81E43424341DB0033700C
S315080274F0CB6C72801B0A3374BDE70823F7E700BF1B
S31508027500607E0020004000B8000002B8054BA822A1
S31508027510D3F84C013121431C0CBF0120C0F3807003
S31508027520FAF790BC0080E00F10B50F4B1C78ACB987
S315080275300E4BD3F8F8375B0309D490B10F23441ED8
S31508027540B4FBF3F410300444E4B2204610BD40F60E
S3150802755048023F212046FAF775FCF6E70001C4B255
S31508027560F3E71024F1E700BF4A880020000002B8BA
S31508027570014B5880002070474A88002038B5284DAC
S315080275800446297819B92022264809F072FD23787B
S31508027590254A264913704FF2F002C1F8C821244A37
S315080275A04BBBA1F50051D1F8F81711F4002F4FF093
S315080275B0FF011CBF1F48C0F8DC3011704FF0407342
S315080275C01A4AC2F834311C4BD3F8F83713F480231D
S315080275D00BD14FF47F01C2F830111849C1F8303186
S315080275E048F2C801164BC3F8F4100723C2F8FC3355
S315080275F00122124B0DE000240E48022BC0F8DC4093
S315080276004FF0FF001070D9D107230422C1F8FC33CA
S315080276100A4BC3F8FC23012300202B7038BD00BF98
S31508027620A9820020E03F00B04A880020002002B864
S3150802763076880020004001B8000002B8001002B89F
S31508027640003F00B010B5044600F0EEFF094BD3F830
S31508027650F80734B900F44020B0F5402018BF0120DD
S3150802766010BD022C0ABF80F400300020C0F340404F
S31508027670F6E700BF000002B82049D1F8FC37FF2B15
S3150802768031D01F48C3F303120270D1F8F81703F07A
S315080276900F0309035BBFC2EB02120F3B02F1FF3273
S315080276A0D2184ABF03EB0213D3B2DBB2154A164904
S315080276B013700978154B1A68E9B1B2F1A06F1AD39B
S315080276C0D3F85012124A134BB1F1FF3F18BF1346B3
S315080276D0114A136041F66A02104B1B68B3FBF2F3B8
S315080276E00F4A13607047D1F8F83713F4002F0CBF0E
S315080276F0B4235A23DAE7074BEAE700BF000002B8C9
S3150802770077880020AB820020758800200080E00F71
S315080277105082E00FBC280408647E0020847E002084
S31508027720687E002020B1022804D1034B18787047DE
S31508027730024BFBE70020704777880020AB820020C7
S315080277402DE9F74FD0F8B0404C22022C38BF02245C
S315080277507B49013CCB6CD1F8DC507A49C3F38213DE
S31508027760DA400B680646A34290F83C71764BDFF87E
S3150802777000A2DFF80092DFF8008202F0010216D1B9
S315080277801878904213D19AF80000B8420FD1D6F869
S31508027790B40060B1A8420AD196F82B5099F80000B5
S315080277A0854204D1B8F8040003B0BDE8F08F98F812
S315080277B000001A700C60FFF7B5FF0346002A00F0B6
S315080277C0918004234FF07F41604AC2F8BC30604B77
S315080277D0C3F8BC1096F82B301B06C2F8BC30002042
S315080277E040F271225B4B19211B68B3FBF2F3634328
S315080277F0182BB3FBF1F14FEA004400F29380002CF8
S3150802780000F09B80B4FA84F2C2F12002C2F10F039F
S31508027810012B38BF0123D440A14201D2013B64089F
S31508027820421C03F01F0152008A40121BDFF838B1CE
S315080278309208CBF8B0201A0242EA031213430193C4
S3150802784000EB002300EB0325434B40F6C2021868FF
S315080278502B21003818BF0120FAF7F4FAFA223E4B18
S3150802786002FB04F01B6840F6FF72B0FBF3F00A2332
S3150802787058433A4B00F57A74C3F8D820019AA3F50F
S315080278808053C3F8D820364AA3F58053C3F8DC5090
S31508027890D2F8F827520308D4D3F8DC3003F47F026F
S315080278A0C3F303531343CBF8FC30C6F8B4502D4D3B
S315080278B000F6B8302C6002F0FFFA4FF47A722A4BBF
S315080278C0C3F8A400C3F8F8002B68B4FBF2F0B3FBC4
S315080278D0F2F3A8F8043096F82B308AF8007089F883
S315080278E0003061E796F82B00984228BF1846C0B2C6
S315080278F02FB1022F7FF473AFFFF716FE70E7184B0E
S31508027900D3F8F8371903F7D450B10F230138B0FB6F
S31508027910F3F00130154B1B68034413F8010C5FE7BB
S315080279200120F7E7B1FA81F23CB1B4FA84F3D21A2C
S31508027930002A3FF76BAF0F236EE70F2370E700BFEE
S31508027940004001B874870020AA820020001002B8FD
S31508027950002002B8847E0020687E0020006001B8FC
S31508027960000002B86C7E0020003F00B0647E002052
S3150802797074880020738800204A88002038B5254B71
S3150802798005461A78244C0C2A02D1FF20207038BDED
S31508027990104615F018FC01461046FFF7C3FEA8422A
S315080279A028BF2846C0B2884238BF08462378C0B2E4
S315080279B08342ECD020703ABB184BD3F8F83713F44D
S315080279C0002321D14FF2F001154AC2F8C811C8B1F5
S315080279D00F230138C0B2B0FBF3F3591CC3EB0313F0
S315080279E0C01A431C0D4A1B01D2F8C80143EA0133E7
S315080279F00343C2F8C831D2F8C8210A4BC3F8FC209F
S31508027A002078C4E70121EDE7074B1868FFF798FECF
S31508027A10F6E700BF4A88002076880020000002B8F0
S31508027A20002002B8003F00B078740020014B18709D
S31508027A30704700BF7588002010B50446F9F73EFF67
S31508027A4078B1154B1B786BB964B1144B1B784BB1E3
S31508027A50134B1B78013B012B04D84FF40042114B00
S31508027A601A6510BD104B1B6D1B04FAD417F09DF84E
S31508027A70044603F0E5FD4FF400420C4B2046BDE8F0
S31508027A8010401A6502220A4BC3F8D4240422054B75
S31508027A905A6417F085B800BFAC820020AD82002078
S31508027AA0707E0020002002B8000002B8001002B85A
S31508027AB000D00350054BD3F8843013F0030F4FF46C
S31508027AC0802314BF024A034A93647047004000B8F1
S31508027AD0005000B8006000B8F7B50646534C00F0EF
S31508027AE0A3FD01213A20DDF7ADF9514B2578514F17
S31508027AF01E7085BB2846FFF79FFF2378013B012BA3
S31508027B0019D8E37B01A88DF80430237C8DF805305B
S31508027B10DBF79CF8C7F8D4544FF6FF72464BC3F806
S31508027B208420F822A3F58053C3F884200022414B0F
S31508027B30C3F8D4240DE04FF6FF723F4BC7F8D4546E
S31508027B40C3F88420F822A3F58053C3F88420C7F823
S31508027B50D4543A4B5BE00020FFF76EFF2378013BD3
S31508027B60012B08D8E37B01A88DF80430237C8DF815
S31508027B700530DBF76BF80023C7F8D434002ECBD0D8
S31508027B8062685AB32E4B1B6803EB5203B3FBF2F33C
S31508027B90013B1B0243F0F80326782749022E294A9D
S31508027BA01ED0032E4FF6FF75224826D0012E36D157
S31508027BB043F00203C1F88450C2F884300723C0F8A0
S31508027BC0D434E37B01A88DF80430237C8DF8053084
S31508027BD0DBF72CF80120FFF72FFF17E0F823DBE786
S31508027BE04FF6FF7043F00103C1F88400C2F88430EF
S31508027BF00622104BC3F8D424E3E743F00503C1F881
S31508027C008450C2F884300423C0F8D4340E4B4FF0A3
S31508027C1080421A650020FFF74DFF03B0F0BDC1F898
S31508027C208450C2F884300023EEE700BF707E00203D
S31508027C30AD82002000C00350006000B8002002B8E0
S31508027C40847E0020005000B8001002B8F0B52B4F11
S31508027C5006463D4604460FCE0FC5336885B02B60EF
S31508027C6000F0E2FC01213A20DDF7ECF80022244B71
S31508027C70C3F8D424A17A627A42EA0142C3F8E0241C
S31508027C80217CE27B42EA0142C3F8DC24217B627B47
S31508027C9041EA0240C3F8D8043B78032B2AD8DFE826
S31508027CA003F022020C178DF8041004218DF8052022
S31508027CB00DEB0100002205F000FEE37B00228DF8A1
S31508027CC00830237C042102A88DF8093005F0F5FD59
S31508027CD0637A01228DF80C30A37A042103A88DF861
S31508027CE00D3005F0EAFD074B187805B0BDE8F040FF
S31508027CF0FFF7F2BE212005B0F0BD00BF707E00205E
S31508027D0000C00350AD820020034B1B6D002BBCBF85
S31508027D10024BC3F888007047000002B8004000B85A
S31508027D204FF0006338B1064A1365064B4FF400322A
S31508027D30C3F884207047044A1365044BF6E700BF6C
S31508027D40001002B8005000B8002002B8006000B85F
S31508027D502DE9F04700F0C2FC4FF47A762D4BB0FBC2
S31508027D60F6F618604FF4FA73734307462A48190E53
S31508027D701B021818294A4FF0000341F10001E3F7E4
S31508027D80C1FC274BA0F5807205461A6320B94A2220
S31508027D902B21FAF757F801254FF47A724FF0000AA9
S31508027DA06A43534650083102E3F7ACFC1C4B1D4AA2
S31508027DB0B7F57A7F9A601C4B4FEA056819601B4B28
S31508027DC08946044618604FEA152505D29D222B21BD
S31508027DD05046FAF737F801264FF47A73A8FB0301DF
S31508027DE003FB05117308C01841F10001002332464E
S31508027DF0E3F788FC0E4B023419600E4B49F1000971
S31508027E00A408186044EA8974054B013C9C63BDE8E2
S31508027E10F08700BF847E002020A1070040420F00A1
S31508027E2000C001B802110100947E0020907E002055
S31508027E308C7E0020887E00200822044BC3F8842109
S31508027E405A600122024BDA60704700BF00E100E087
S31508027E5000C001B80822064BC3F88421C3F884205F
S31508027E60BFF34F8FBFF36F8F0422024BDA6070475E
S31508027E7000E100E000C001B810B50446A242A2EB38
S31508027E800000A3EB010104D2034B01399B6B0133BA
S31508027E90184401F0030110BD00C001B838B5012528
S31508027EA00A4B02019D504FF480730446084A8340E8
S31508027EB0536616F07AFE074AA540137823EA0503A5
S31508027EC01370BDE8384016F06BBE00BF00E101B87A
S31508027ED000E001B8B78200202DE9F84F164605469C
S31508027EE08A461F4616F061FE022E00F091808046F1
S31508027EF016F064FE604B614AD3F8209092F88540EA
S31508027F005A6EE4B2520744BFD3F82090013404F003
S31508027F10030416F04EFE4846214600F03DF9844613
S31508027F20DAF80000012E04BF01306044ACEB000C05
S31508027F3008BFCAF80000BCF1804F7DD300F03EF9B5
S31508027F408145A1EB040188BF4B4BDFF854C188BFBA
S31508027F5001F1FF3101F0030188BF9B6BA0EB090E0B
S31508027F600CF80510A1B1F90742BF41F61F72444B3E
S31508027F705A67BA0742BF424B424A5A677B0742BF11
S31508027F8000223D4B9A673C0742BF00223A4B9A654C
S31508027F9011244FF0010A384B05F11002120103EBC6
S31508027FA0051BCBF80C0138499C501A6A0AFA05F4E3
S31508027FB0586E0B78A2EB0902E4B2234372450B70A2
S31508027FC025D34FF48073AB40034220D11CF8052019
S31508027FD0002A4CD10EB32D4AF807536607D541F647
S31508027FE01F7140F20110264B596750675967B90746
S31508027FF006D5234B234A254925485A6748675A67AF
S315080280007A0742BF0122234B1A613B071AD440461C
S3150802801016F0C6FD0120BDE8F88F1F4A2D0142F869
S3150802802005A042F89C3C16F0C0FD17490B7823EAD6
S3150802803004030B7016F0B4FD404616F0B1FD00209D
S31508028040BDE8F88F2120FFF75FFE4FF480310A4A18
S31508028050124BD1601A78002AD9D000222D201A7024
S31508028060FFF752FE1022094B40465A66D0E7074AE6
S3150802807040465366CCE700BF00C001B8003E00B0D8
S3150802808000E001B800001F1FB782002000D001B827
S3150802809000000101000002B800E101B8AE8200202A
S315080280A0AF820020024B1878003818BF01207047AB
S315080280B0B7820020034B10300001185800F0010067
S315080280C0704700BF00C001B870B50646FAF726FF2A
S315080280D0044608B1FFF7BEFE00230A4D3046AB61DF
S315080280E0EB612B6200F06AF8074BC9B283F8851078
S315080280F028622CB1FFF7A0FE4FF08062034B5A6448
S31508028100002070BD00C001B8003E00B0002002B8D1
S3150802811010B504462120FFF7F7FD1CB14FF4803253
S31508028120064BDA60064B1A783AB100222D201A70ED
S31508028130FFF7EAFD1022034B5A6610BD00C001B8CC
S31508028140AE82002000D001B838B516F037FD084BCC
S31508028150084A1D6A92F885405A6EE4B2520744BF2D
S315080281601D6A013416F025FD284604F0030138BDC0
S3150802817000C001B8003E00B00346064A103302EBBF
S3150802818000111B01D1F80C01D158C1F3400115F0B9
S315080281903DB800BF00C001B8064B1B68434303EB5A
S315080281A08171054B1B68A3FB003013F1004341EBB9
S315080281B0000070478C7E0020887E00200C4A20F042
S315080281C04043014610B5002014684FF00042E4FB14
S315080281D00320084A890F126802FB0300064B9B6BB1
S315080281E0984204D901330131C01A01F0030110BDC6
S315080281F0907E0020947E002000C001B8044B01F056
S31508028200F071103041F0030100011950704700BFA8
S3150802821000C001B808B52220FFF776FD4FF4802288
S31508028220014BDA6008BD00BF00C001B840B18368DF
S3150802823033B10649C268096803F13043032A00D8F4
S31508028240704743F8041B043AF8E700BFC87E0020CB
S3150802825070B51646054600B3F9B1F2B14268104B3D
S31508028260006803321B68920800F1304098470446BA
S3150802827088B9EA68A86803323146920800F13040A4
S3150802828014F0E4FF044630B9286921466A6900F108
S31508028290304008F0EEFE204670BD2124FBE700BF01
S315080282A0788700202DE9F04705460E461446DFF882
S315080282B08480DFF884901E4F88B01CB9204608B027
S315080282C0BDE8F087B4F5006F4FF010024FF00001D9
S315080282D06846A24628BF4FF4006A08F0CAFE082379
S315080282E08DF800300AF1FF339BB2009A1B0143F066
S315080282F0036302EA090203EA080313431022002170
S315080283000DEB0200CDE90036029508F0B2FE6A4688
S31508028310387804A9DDF7D2FFA4EB0A0406EB8A062D
S3150802832005EB8A053878DEF725F80028FAD0C4E77F
S3150802833078880020F07F300C0F80CFF370B50C6878
S31508028340651C15D0C4F302669E42C4F3074530D1B4
S31508028350A4B294422DD804EB8506B24229D2141B44
S31508028360A50824F003040E59340F04D0012C08D0B2
S315080283700022212402E06B1C51F82320C0E90024C4
S3150802838070BD0E4C34F8133042EA03431A686B1C6C
S3150802839051F8234001EB83014B6822405E4036F0D8
S315080283A0704404D11B0F032B04BF8B681A430024A5
S315080283B0E4E7013501EB8501C1E700BFD0280408CF
S315080283C007B501A8DEF77AF8254B2649D3F86022C5
S315080283D0D2B2FF2A1DBFD1F87801130243EA02136B
S315080283E0D1F878311CBF20F47F621343C1F8F83301
S315080283F01C4BD3F8F837190354BF09200C20DDF7B4
S3150802840017FCC822184B42F201015A654FF4C022E2
S3150802841003F51043C3F868214FF48032C3F86C2180
S31508028420124AC2F8701202F52042D2F8F82712034D
S3150802843008D44FF470610E4AC2F8A0104FF42062B5
S31508028440C3F8A02001220B4BC3F8002403F53043DE
S31508028450D3F86821084B1A6003B05DF804FB00BF25
S315080284600080E00F000002B8008001B8006001B881
S31508028470002002B8005001B8D4760020836810B4F0
S31508028480074C03F1304324681B689C4203D15DF80C
S31508028490044BFFF7DDBE00205DF8044B704700BFB2
S315080284A0C87E002010B5044616F07FFB064B074A25
S315080284B01C70074BFF2C08BF1346064A136016F0BA
S315080284C06FFB002010BD00BF788800204DD203083C
S315080284D0A582020878870020014B1878704700BFEA
S315080284E078880020134B1B78002B20D0124B134A96
S315080284F000201A60124B134A1A60134B134A1A6069
S31508028500134B1A68134B1A60134B144A1A60144B0E
S31508028510144A1A60144B154A1A60154B154A1A6002
S31508028520154B164A1A60164B164A1A6070470220ED
S31508028530704700BFB8820020D47E0020D8310408D4
S31508028540CC7E00203C290408D07E00205C29040841
S315080285508C870020C87E0020EC7E0020242904088F
S31508028560E47E0020E02C0408E87E0020582904084E
S31508028570E07E00200C290408D87E00206029040821
S31508028580DC7E0020542904080022012138B51E4B3E
S315080285905A649A64DA641D4A516102219162DA6860
S315080285A0C2F303620D2A01D0002AF8D1112201244E
S315080285B0174DDA634FF0FF302C7006F0BBFE00232E
S315080285C02B70144D40F2D15228685421C01A18BF94
S315080285D00120F9F737FC104B28681A680F4B1968FF
S315080285E0FFF736FE01F0DCFD0D4B1868FFF71EFE9D
S315080285F00C4B1868FFF71AFE4FF08062034B5A615C
S3150802860003F580535C6138BD000002B8001002B859
S31508028610B8820020CC7E0020D07E0020D47E0020A6
S31508028620EC7E0020E07E002001230D4A0D49C2F8A7
S31508028630803291660C4A53600C4A53600C4A536066
S31508028640A2F580425360A2F54042536002F5C03259
S31508028650536002F580425360A2F5004253607047A8
S3150802866000900050FF0B001600D000B8001000BAA8
S31508028670005001B810B50324FFF7D6FF114A124B72
S315080286801A65FFF79DFE114BC3F8104100F0DCF99D
S3150802869001F08AFB4FF460720D4B5A614FF4007277
S315080286A01A65FEF7D7FB0021FEF7BEFB4022094BEF
S315080286B01C64A3F580535C64074BC3F884215A6093
S315080286C010BD00BF0048F000000002B8005001B813
S315080286D0001002B800A0095000E100E008B514F045
S315080286E0F7FF044B1B6FC3F300430133B0FBF3F0F0
S315080286F008BD00BF008000502DE9F04F044687B040
S315080287000290894659F8043B5A1C06D12360029BFB
S31508028710E01A801007B0BDE8F08F3748C3F301614D
S315080287205FEA137B30F8110008BFC3F307429BB216
S3150802873018BF012243EA004014F091FD4FEAC20A2B
S3150802874005460AF104032D48234483421BD807230E
S315080287500127C846CB4003F0010301939300049313
S3150802876007FA0BF705EB8203039307F0940304F168
S3150802877008060593039B08F10408AB4208D104993D
S3150802878054444944BDE71E4B9C42E0D80020C1E749
S31508028790059B53B917F0420F19D117F0280F0BD1C1
S315080287A046F8085C58F8042C21E040F6B702322154
S315080287B00020F9F747FBF3E740F6BB02322101989E
S315080287C0F9F740FB05F5805246F8082CEAE74FF41C
S315080287D00C6232210198F9F735FB05F50052BBF117
S315080287E0010F46F8082CDDD158F8042CD24346F876
S315080287F0042C04350836BDE7C8280408DF4F00B044
S31508028800E04F00B0F8B50646E0B10024144B254601
S315080288101F46144953F8042BAAB91348314600EBEC
S315080288208500FFF769FF30B940F66C223621BDE8AC
S31508028830F840F9F707BB0D4B0135281847F82460AD
S3150802884023F81400F8BDB242FCD001340C2C02D035
S3150802885031F81450DEE740F6862236210020E6E794
S31508028860987E00204A800020404000B04C800020BC
S3150802887070B5044698B1B1B13A4A52F8043B8342FC
S3150802888013D10023384A116CC907FCD4374800EBC8
S31508028890830014F0E4FC364B106001221A6470BDA2
S315080288A001330C2B02D1334D2CE0012352F8041B61
S315080288B0A142F5D1304A32F81330E3E7C2F3016335
S315080288C035F81300110C93B211F0FE0F43EA004378
S315080288D0606820D00434CAB2022A216808D96668B8
S315080288E0A068033AC3E9001698600C340C33F3E720
S315080288F004D16268C3E90012083403E0012A01D1EF
S31508028900043419602268531CD8D10022164B1A6007
S3150802891003F58053C1E7120F072AEDD8DFE802F004
S315080289200704090D1013181DC04303F500531860F8
S31508028930E2E71A6842401A60DEE703F58053F6E773
S3150802894014F059FCD8E7012203F580538240F2E776
S31508028950012203F500538240EDE71A6830EA020263
S31508028960FBD1C9E7987E002000C002B8404000B09B
S3150802897000D002B8D02804084A800020074BDB68DA
S31508028980C3F30363984208D1054AD2F8803023F02C
S31508028990F00343EA0111C2F880107047000002B8DA
S315080289A0003F00B02DE9F743064614F01DFC0024EB
S315080289B08046DFF8909016F0F8F80DF107010546A3
S315080289C00DF10600FBF768F89DF806308BB9721CA4
S315080289D029D014F009FCA0EB0804284616F0E0F8A2
S315080289E09DF8063013B99DF807303BB3A642E2D884
S315080289F024E0D9F80C3013F4603FE8D0D9F818000F
S31508028A0014F080FC731C074603D014F0EDFBA0EBB0
S31508028A100804284616F0C4F817F5007FE0D0384651
S31508028A2003B0BDE8F083284616F0BAF89DF806307A
S31508028A30002BC0D19DF80730002BBCD1004FEEE7C2
S31508028A4000FEFFFF00C000B80122014B1A657047FD
S31508028A50001002B80122014B1A657047002002B8BD
S31508028A604022014B1A657047002002B84022014B8A
S31508028A701A657047001002B80122024B98611A6102
S31508028A80704700BF000001B8044BD3F8B03010B1EC
S31508028A90C3F30332027003F00F007047000002B8F6
S31508028AA0064B01F080015B6C03F480030B4302BFA3
S31508028AB04FF40012024BDA64704700BF000002B896
S31508028AC0006001B830B1012806D1064B03F5805380
S31508028AD0D9607047044BF9E700224FF48053DA60F5
S31508028AE0FFDE00BF004003B8000003B8044B986ECF
S31508028AF000F0B05000F16A4358425841704700BF2F
S31508028B00008000504FF0B0522DE9F04FB74B0026C7
S31508028B109A660368B64A1C785D68072C94BF0021DA
S31508028B2001211170B34AB44914700269002A08BFB8
S31508028B308022072C0A605A8800F21481AF490E6116
S31508028B4002260E61AE4E7562002A40F01E814FF073
S31508028B50010CAC4DAC4E9200AE620CFA04FC8A6271
S31508028B60DF699A691D6A3A4393F824702A4342EAEE
S31508028B70C72293F82970197D42EA476293F826704C
S31508028B804CEA012C42EA875293F82770072C42EAEC
S31508028B90C75293F828701E6942EA076242EA0C0233
S31508028BA022F000424FF0FF37D3F80CE022F40022FD
S31508028BB000F2EF80DFF848C2CCF870208F4A0CF535
S31508028BC0005CCCF87470C2F874E0CCF878709667DA
S31508028BD0002D40F030814FF6FF769D68CCF87C6018
S31508028BE0ADB2D5679A69DF69B2F5803F40F07E81FA
S31508028BF04268072CD2F80C80D2F80490D2F814E016
S31508028C00D2F81CC049EA080545EA0E05DF69D2F81A
S31508028C1024A04FF0070392F800B045EA0C0500F2CB
S31508028C201281784EB7F5802F3364744BC3F840B07F
S31508028C304FF0080BC3F840B04FF0FF3BC6F84CB0F4
S31508028C40C3F84C90C6F850B0C3F85080C6F854B072
S31508028C50C3F854E0C6F858B0C3F858C0C6F848B0C6
S31508028C609D64C3F840A040F0498155780723654EB4
S31508028C704FF0FF377364614B5D6408255D64D2F873
S31508028C8008803766C3F86080156977665D66D2F82C
S31508028C9018E0B766C3F868E0D2F820C045EA0805C6
S31508028CA045EA0E0545EA0C05F766C3F86CC0F76592
S31508028CB0DD65926A5A648268D2E900352B4343EA33
S31508028CC081014F4B01F01F014FF6FF75C3F8801063
S31508028CD0926803F5005192B203F58053C1F88450A5
S31508028CE0C168C3F88420444B072C1A68D1E90035B9
S31508028CF043EA05038D684FF0FF3443EA050303F0A0
S31508028D001F03CD6800F209813D49C1F888303B4B03
S31508028D1001F50051C1F88C40C3F88C508A61DA61BA
S31508028D2046230122394903F0070302FA03F3C1F87D
S31508028D3088318B60364B416919602E4B1B78082B9C
S31508028D4004BF344B5A602A4B1B78002B00F0F38081
S31508028D50012B40F0F280304B012203F580535A6012
S31508028D60BDE8F08F2D490E6102260E612A4E756204
S31508028D706AB94FF0010C2A4D234E92000CFA04FCF4
S31508028D80AE624FEA2C2C8A62EAE6013ADFE6013A3B
S31508028D90EFE7DFF884C0CCF87020204A0CF5005CB7
S31508028DA0CCF87470C2F874E0CCF87870966735B966
S31508028DB04FF6FF769D68CCF87C60ADB2D567082C75
S31508028DC00DD0A4F10B02012A35D893F825504FF499
S31508028DD00042002D35D0134DC5F870222BE0DE6A0D
S31508028DE00C4A114D16BB0126AE6020E000900050D9
S31508028DF0BA820020B9820020F47E0020001003B84F
S31508028E00000003B8002003B8FCFF070000E100E0F9
S31508028E10F07E0020009003B8004003B8005003B863
S31508028E20006003B8005001B800A003B89660062790
S31508028E301E6BAF6096601A6AB2F5801F7FF4D2AED7
S31508028E40D6E6404DC8E7404EB7F5802F33643F4B10
S31508028E50C3F840B04FF0080BC3F840B04FF0FF3BE1
S31508028E60C6F84CB0C3F84C90C6F850B0C3F8508058
S31508028E70C6F854B0C3F854E0C6F858B0C3F858C098
S31508028E80C6F848B09D64C3F840A037D15578072381
S31508028E902D4E4FF0FF3773642C4B5D6408255D64D5
S31508028EA0D2F808803766C3F86080156977665D660A
S31508028EB0D2F818E0B766C3F868E0D2F820C045EAE7
S31508028EC0080545EA0E0545EA0C05F766C3F86CC0BF
S31508028ED0F765DD65926A5A648268D2E900352B43E2
S31508028EE043EA81011A4B01F01F01EDE6B7F5802F1F
S31508028EF004D14268072C5578C9D8B7E68268B7F50F
S31508028F00C02FD2E9003543EA05034FEA8105F0D0BE
S31508028F10072C45EA0301E5D8D3E60D49C1F888309E
S31508028F200A4B01F50051C1F88C40C3F88C508A618E
S31508028F30DA614723F5E6074B0EE700224FF4805322
S31508028F405A60FFDE006001B8006003B8005003B83B
S31508028F50004003B8000003B80F4B1B788BB1012BF6
S31508028F6011D10E4A012102F580528B4291600FD827
S31508028F700A4A0B49002B08BF0A4693689B07FCD48A
S31508028F807047074AEEE700224FF480539A60FFDEE5
S31508028F9000239B68FBE700BFBA820020004003B8A3
S31508028FA0000003B838B50B4B0B4C002818BF1C46FB
S31508028FB0A569E3691D4007D0084B1B682BB12846F3
S31508028FC0984704F50054A56138BD6B05F9D5FFF736
S31508028FD0C3FFF6E7004003B8000003B8F07E00209E
S31508028FE008B50246FFF782FDC0B11649BAB9164B53
S31508028FF0DA610B78082B02BF0121144B5960124B18
S31508029000012103F500538A42596017D8104B0E49BD
S31508029010002A08BF0B465A689207FCD408BD012AE3
S315080290204FF0000301D0DB61FFDE0948C3610B780C
S31508029030082B04BF054B5A60054BE1E700235B6822
S31508029040F2E700BFB9820020000003B800A003B807
S31508029050004003B8014B1878FFF7C2BFBA82002056
S315080290604FF604014FF60502044B01201B6C9BB216
S315080290708B4208BF1346024A136670470080E00F08
S3150802908000C001B82DE9F74F81460F464FF0FF356C
S31508029090FFF75AF8002601908A462C463046DFF832
S315080290A0D8B006F110031B015BF8033003F003087E
S315080290B0B8F1010F15D13046FFF75EF802460B46A6
S315080290C001985146FEF7D8FEDBF8643006F108022D
S315080290D0D340DB0739D5002F40D000252C463E6009
S315080290E040460136082EDCD160B3234A0027D2F85F
S315080290F008C0916B0CF440330131A4FB0141641999
S3150802910041F10001B3F5003F30D1536B0CF4405CDA
S31508029110013347F10006BCF5805F22D1156B15F5C0
S31508029120807505FB06F647F1000203FB0266A5FBFE
S3150802913003323244594304FB0212A3FB0434144497
S31508029140C9E9003403B0BDE8F08FA84271EB040305
S31508029150C6D207B13E6005460C46C1E73D463C46C7
S31508029160BEE7320242EA13621B02E3E7136B13F508
S31508029170807347F10002DDE700C001B8F8B50620A2
S3150802918014F055F8044614F02FF842F21073041B33
S315080291909C42054618D94FF080624F240B4B5A64FD
S315080291A041F26F770A4E0BE014F01EF8401BB842E4
S315080291B04FF4837221468CBF00200120F8F742FE45
S315080291C0736C5B01F0D5F8BD1A24E9E7002002B8F2
S315080291D0000002B8034B1A6E596E03F500530A4093
S315080291E01A66704700800A50FF28F8B506D1FF298B
S315080291F04FF0070006D0002967D103E0FF2962D1A4
S315080292000F2862D80026324C324D84F8800084F842
S315080292108160686940F25D124B2100F00100F8F79F
S3150802922011FE11231022AB662B4B6E66C3F88821FA
S315080292309A6001213B20DBF705FE94F88110274A44
S3150802924094F880300A432649063341F82320254BF1
S315080292503E201D68DBF710FE6F08ED07024633460F
S3150802926028463946E2F74EFA090241EA1061C0F386
S31508029270C05040EA41001C4B2067186B10F58070FD
S3150802928005D14FF4D6722B21F8F7DCFD02200246EF
S31508029290002300200121E2F735FA60673E20DBF75A
S315080292A0EBFD40F649435843000DFF2828BFFF202F
S315080292B0022838BF0220002184F88400012000F029
S315080292C089FD0020F8BD0F2895D92120FAE700BFAD
S315080292D0003E00B000800A5000E100E0020D0C00DA
S315080292E000800350847E002000C001B82DE9F341B6
S315080292F005460F4668461146FFF7C4FE0646B0B154
S31508029300AFB1DDE900321B0A43EA0263A5FB038417
S31508029310094B120A05FB02441A6812B9FFF7DEF96D
S315080293200246002340462146E2F7ECF93860304609
S3150802933002B0BDE8F08100BF847E002070B5FFF759
S315080293401DFF0021022000F045FD13F04DFF0446E3
S315080293500F4D104ED5F8F4331B070BD515F025FC27
S31508029360BDE8704002220C4BDA6001220B4B1A70E0
S3150802937015F016BC13F038FF001BB0424FF4057205
S315080293804FF045018CBF00200120F8F75BFDE1E7AD
S31508029390000002B83F420F0000C001B8BB8200209D
S315080293A0214910B50B78002B3DD001221F4C94F8A9
S315080293B081300133DBB202FA03F31D4A53661366A0
S315080293C008221C4BC3F8882100230B7003231A4A70
S315080293D039211364A2F580525364184B40F2C32212
S315080293E0586CC0F38060F8F72DFD4FF48041144A9B
S315080293F0144BC2F89410144AA16FD26E914202BF5E
S31508029400D3F86C21E267D3F86431E06F08BFA4F899
S315080294108630B4F8861000F0DDF8BDE81040012168
S31508029420022000F0D7BC10BDBB820020003E00B06F
S3150802943000A00A5000E100E000A00950000002B8AE
S3150802944000E001B800C001B800800A5010B5044611
S315080294503E20DBF711FD6043034B00F5F42000F5CF
S315080294609070B0FBF3F010BD40420F002DE9F74FA4
S31508029470FFF7ECFF0446FFF781FE15F096FB002185
S315080294804B4F054668463970FFF7FCFD494B804647
S315080294909E69494BDB6813F0706F1CD1474B5B69B9
S315080294A013F0060A17D1E0B1454B611D1868A1FBF6
S315080294B000B93E20DBF7E0FC5346024649465846C9
S315080294C0E2F720F9009B090241EA1061000298427C
S315080294D0019B994105D3284603B0BDE8F04F15F024
S315080294E05FBB0021022000F075FC13F07DFE814669
S315080294F0DFF8C4B0DFF8D4A0DBF8F4331B0741D594
S31508029500B8F1000F4DD0DDE900893E20DBF7B4FC47
S315080295104FEA182141EA09614FEA1923A0FB01988B
S3150802952000FB0388264B1A6812B9FFF7D7F80246DA
S31508029530002348464146E2F7E5F80121214B01346A
S3150802954093F88130DFF86CC001331F4A361BDFF807
S3150802955080E0DBB201FA03F30644CEF86030CCF8B9
S315080295606C605366DCF81820DCF86C60241A921BCF
S31508029570A24216D2CEF864300220CEF8603000F04D
S3150802958029FCA8E713F030FEA0EB0900504540F28B
S315080295906A224FF045018CBF00200120F8F752FCE1
S315080295A0AAE70222054BDA6001233B7093E700BF64
S315080295B0BB82002000800A50000002B800C001B831
S315080295C0847E0020003E00B000900A503F420F0001
S315080295D000A00A5001232DE9F74F9A4F044697F83F
S315080295E081208A469340984A0E46936697F88020C9
S315080295F0964B0546C3F8D8204FF40032944B4FF0E9
S31508029600000B1A610223DFF85482C8F80C30914B1A
S315080296109B6903F1FF39A3EB0903002B40F3D480BE
S315080296200BF1010BBBF1020F57D9EC220D210020D9
S31508029630F8F708FC4FF08053874A884F53664FF471
S315080296400031804BC7F86C51C3E91E950025C7F84F
S315080296506461A3F8866011617C4AC2F8D85093F80F
S31508029660812001239340784A936615F09EFA2A468A
S315080296702B464FF4807E3E6AD7F864C002F1100189
S315080296800901795801F00301012910D10EFA02F1F4
S3150802969011EA0C0F0BD107EB0215B442D5F80C519F
S315080296A000F2A580AC4202D2AE4280F0A38001321B
S315080296B0082AE3D16A4D2968012940F29E803BB106
S315080296C06049B1F882201A43A1F88220604A53669B
S315080296D003B0BDE8F04F15F063BA012397F881206D
S315080296E05C4D9340584A936615F05FFA4FF08052E4
S315080296F0594B01905A66AB6903F10109C5F86C909A
S31508029700D8F83010D8F80830DD036DD5BA6F3E6F39
S31508029710A9EB0202A2FB06267B6F01F58071A6FB66
S3150802972003E5A2FB03C313EB0E03A1FB03EC45F10E
S31508029730000501FB05CCB2EB0E0266EB0C06120A1B
S3150802974042EA06625244B2EB112F4FEA112603D3BC
S31508029750013345F10005921B043E964228BF164680
S31508029760C8F8186097F88520D8F82010E318D2B2FE
S3150802977045F100058C42D8F8381084BF02F1FF3251
S31508029780D2B2481C0ED04FF0000E01F1010C9942DC
S315080297907EEB050008D20132B3EB0C03D2B265F1B7
S315080297A00005F4E72A44D2B21D4602F0030287F8FE
S315080297B08520C8F82030012397F881200198934024
S315080297C0284A936615F0ECF9224B9B6900BF00BF45
S315080297D000BF00BF00BF00BF00BF00BFD8F86420AB
S315080297E0D2007FF518AF25E756462546E3E7AC4291
S315080297F0BFF45AAF19438BB259E71B4A1478142C93
S3150802980001BF0024194E1470347014780134147090
S31508029810002B3FF45DAF0B4EB6F882401C43A6F808
S3150802982082400B4C6366114C23780133DBB2022B60
S3150802983023707FF44DAF0023013129601370237022
S3150802984046E700BF003E00B000A00A500080035061
S3150802985000D001B800800A5000E001B800C001B883
S31508029860A476002000900A50BD820020BC82002007
S315080298704FF00052014B1A60704700BF00E100E04A
S315080298804FF00052034BC3F88020BFF34F8FBFF34C
S315080298906F8F704700E100E037B50446FEF7C4FE55
S315080298A001213A20DBF7CEFAE17822791B4841EA10
S315080298B00243C0F85C35E579A37943EA0543C0F863
S315080298C0603523784BB18DF8041004218DF80520F4
S315080298D00DEB0100002203F0F0FF63785BB104216F
S315080298E0A37900228DF80430E3790DEB01008DF897
S315080298F0053003F0E2FF227801235AB1084AC2F87A
S315080299005835627802233AB1054A0020C2F858351A
S3150802991003B030BD034AF2E7024AF6E700C0035035
S3150802992000D0035000E00350104B10B5994204468C
S315080299300A4615D003F5122303F5F863994211D0A6
S315080299400B4B994210D0002300204FF00071E1F72B
S31508029950D9FE431C00222020E4FB0320800910BD07
S31508029960044BF7E7044BF5E7044BF3E700F049022B
S31508029970005A62020A3BB2DF313641DCD694BFD6C0
S31508029980F8B50B46002213F8044B944225D91D68F4
S31508029990854224D106245A791D79124B88181E68E5
S315080299A004FB0503104F33F8063C7B43B3420ED93A
S315080299B000238A5A7A43964202D804FB0300F8BD6A
S315080299C09D42FAD9013304FB03F2825AF2E740F2C6
S315080299D047423D210020F8F735FA0020EFE7083321
S315080299E00132D2E7F87E002040420F002DE9F04FFF
S315080299F04FF0000EA2FB016BDFF8F4C2DFF8F48227
S31508029A0016EB0C0C1F466BF10003E0457EEB0303D5
S31508029A1083B009D240F23E220E217046F8F712FAB6
S31508029A20022003B0BDE8F08FD7F814A00C461546FD
S31508029A308146BAF1000F04D0DAF80030032B00F29F
S31508029A409A809E4B9E4A9B6BD2F8FCA0C3F31408DD
S31508029A509C4B1B6F5A074EBF4FF440039B0503F0FE
S31508029A60E07348EA0308984BD3F8EC305B0048BF2A
S31508029A7048F0807848EA456813F064FE012D0246EC
S31508029A80CED10028CCD0914B984200F0858003F5C0
S31508029A90122303F5F863984200F090808C4B9842A3
S31508029AA000F0EB80002501902B4600204FF0007154
S31508029AB0E1F728FE2B46019A013006FB03F300FB69
S31508029AC00B33A6FB00600344C8F31300A0FB022174
S31508029AD0203300FB05119B093B607E4BD20C1C60B0
S31508029AE042EA41317C4B18F4801F08BF494219608B
S31508029AF07A4B0C441C60BAF1000F5BD00023DAF8EB
S31508029B001C5018F0807F18BF6408BB607B60002D6C
S31508029B1046D099F82720073A012A41D9694ED6F83C
S31508029B203C21D0027FD4DAF80000002C00F0A9808C
S31508029B30B4FA84F1072900F3A480C1F1080325FACF
S31508029B4003F304FA01F10133B1FBF3F14B004FEAD7
S31508029B50442C0133E40D01E002330131A5FB036213
S31508029B60B44574EB0202F7D2C1F30E031B0343F0AA
S31508029B700063BB6016E0042BDAF828807FF47CAF1A
S31508029B8018F0807F14BF4FF4400308F0E07328F002
S31508029B90E07848EA03086FE7002351481D468CE738
S31508029BA0DAF8000000230628FB603B6102D9DAF8DE
S31508029BB030303BB9002003B0BDE8F08F0023494896
S31508029BC01D467AE713F0BEFDDAF83010FFF7D8FE25
S31508029BD0044610B18378002B56D113F073FDDAF8D8
S31508029BE03010FFF7CDFE04460028E3D08378002B19
S31508029BF0E0D0407940F27352003818BF01203D2167
S31508029C00F8F720F9207940F2745200384FF03D01F6
S31508029C1018BF0120F8F716F9237962791B0243EA7D
S31508029C2002133B61C6E781EAE172A2EBE1722E49B1
S31508029C30C8F3815811F808C019464FEA8C6C6008B7
S31508029C40CCFB02012246E1F75DFD0346DAF8000085
S31508029C500E280ED9194A916BB26CD6F83C61D20617
S31508029C6007D501F4801106F40016314308BFC3F57F
S31508029C708013C3F313037B6057E700231B481D4673
S31508029C801BE72B4621025FE740794FF4AB620038A7
S31508029C9018BF01203D21F8F7D5F8207940F259522C
S31508029CA0003818BF01203D21F8F7CCF823796279EC
S31508029CB01B0243EA0213FB608FE700BF008001B86C
S31508029CC0004F00B0004001B8000002B800F0490297
S31508029CD0005A6202007F0020FC7E0020F87E0020E7
S31508029CE00A3BB2DF313641DCD8280408D694BFD6FF
S31508029CF0006CCA88807C814A10B5044686B059B978
S31508029D00214B4168D3F8FC30827A204805930068D3
S31508029D106B46FFF76BFE69461D4B0A685A631A4B78
S31508029D20D3F8FC3033B34B6843B11A4B1A4AC3F81B
S31508029D303C214A68A3F58053C3F83C218B6843B19A
S31508029D40144B164AC3F81C218A68A3F58053C3F834
S31508029D501C21134AC868D2F8983123F4EE630343E8
S31508029D60C2F89831D2F89031096923F4EE630B43AD
S31508029D70C2F89031002022890A4B9A6203F5A03371
S31508029D80186406B010BD00BF004F00B078740020FA
S31508029D90008001B8006001B8FFFF0F0000F0FF0F56
S31508029DA0000002B8004000B8074BD3F88022D20759
S31508029DB007D55B6E002B4FF48043B4BF034A044AAF
S31508029DC013650020704700BF00800050002002B8CB
S31508029DD0001002B8064B1A6C9207FCD4022240EA1B
S31508029DE001205860034B1A640122034B1A7070470C
S31508029DF000C002B800D002B8BE82002010B590B1E9
S31508029E000468012C0FD902696AB11168094B102C32
S31508029E10196051685960916888BFD268996094BF81
S31508029E20D960DA6010BD10220021024807F021F934
S31508029E30F8E700BF087F00201B4B2DE9F0410D46CD
S31508029E4016461C6858B34FF47A7343438A68A3F6D6
S31508029E50AC539B1A4A689B1A144AD8171168144FAE
S31508029E60A1FB033201FB002213F1807342F10002C7
S31508029E705B0E43EAC213803B33620E4BD3F8C430FF
S31508029E8073623B6873B1204613F065F850B13246E7
S31508029E9029463B68D4F8E400BDE8F04118474AF67B
S31508029EA0C873D9E7BDE8F08178740020187F0020CE
S31508029EB0047F0020003F00B0084BC1171A68A2FBB6
S31508029EC0000302FB013310F1807043F10003400ED8
S31508029ED040EAC310803820EAE0707047187F0020F5
S31508029EE00722194B70B51A64184B194A1D68194B83
S31508029EF0EC08E005C0184FEA153141F100010023CC
S31508029F00E1F700FC144B154E18601548FFF7D4FF0D
S31508029F104042C6F8DC0049F65800FFF7CDFFC6F8FE
S31508029F20A8001048FEF74AF9024660B1E301500854
S31508029F3018184FEA15714FF0000341F10001E1F7D5
S31508029F40E1FBC6F8B40070BD000002B8847E0020AA
S31508029F5065CD1D00B2E60E00187F0020003F00B056
S31508029F607011010040420F0048B14FF47A72054B56
S31508029F70DB6802FB0030A0F5FA50FFF79DBF47F2F7
S31508029F803050FAE7087F002010B5044698B10B4B0B
S31508029F90D3F8FC00FFF732FF4FF47A7303FB04F0A1
S31508029FA0074BA0F6AC50DA689B681044C01ABDE8A5
S31508029FB01040FFF781BF4AF6C870F8E7004F00B0B5
S31508029FC0087F0020F8B50446084615461E46FFF7E0
S31508029FD015FF3CB306F0020716F0040623D10FB3A9
S31508029FE0204600F0CDF828636069FFF7BDFFE862F6
S31508029FF0C6B1A068002843D04FF47A735843A0F537
S3150802A000FA50FFF759FF68614FF47A70236858438C
S3150802A0102BB11D4B1B6803F51C5310331844FFF76D
S3150802A0204BFFA861F8BD206920B34FF47A735843F1
S3150802A030154BA0F6AC509B68C01AFFF73DFFA86205
S3150802A040A08BD0B14FF47A7358430F4BA0F6AC509D
S3150802A0509B68C01AFFF730FFE8612A460A49E0689A
S3150802A060FFF7EAFE0021A069FFF78EFF6863002F5B
S3150802A070BFD0B5E74AF6C870DFE74AF6C870E9E71F
S3150802A08047F23050BDE700BF087F0020064B10B5E7
S3150802A0900446D3F8FC0000F039F8044A0146204683
S3150802A0A0BDE81040FFF7C8BE004F00B0A43F00B09D
S3150802A0B010B50446054BD3F8FC00FFF79FFE204671
S3150802A0C0FFF752FF024BC3F8D00010BD004F00B095
S3150802A0D0003F00B070B5064608461C4613F0AEF8B7
S3150802A0E00546D6F8F00000F011F84368054A002B39
S3150802A0F0A8BF4FF4FA721A44034B601992FBF3F2A3
S3150802A100104470BD0CFEFFFF18FCFFFF40B1036848
S3150802A110012B05D90069034B002808BF184670476A
S3150802A12000487047E028040808B5034BD3F8FC003A
S3150802A130FFF7ECFF406808BD004F00B008B5034BB7
S3150802A140D3F8FC00FFF7E2FF806808BD004F00B0B5
S3150802A15028B1094881420CBF2F20BC207047074A04
S3150802A160536F106DC3F301111B0C01FB033300F08F
S3150802A1701F0001301844704748E80100004001B842
S3150802A18043684FF47A7058432BB1044B1B6803F5A6
S3150802A1901C5310331844FFF78FBE00BF087F0020F8
S3150802A1A070B588B06D46184C0FCC0FC594E80F00F1
S3150802A1B085E80F00FC220021144806F05AFF942273
S3150802A1C00021134806F055FF20220021114806F007
S3150802A1D050FF13F0BEF8104B1B783BB16D460A4E82
S3150802A1E00FCD0FC695E80F0084E80F000C220B4925
S3150802A1F00B4806F049FF0B4B0B4AD3F87831C3F3E9
S3150802A2008243D36708B070BDE03F00B0703E00B02D
S3150802A2106C3F00B0E04F00B0A9820020F028040885
S3150802A220C83E00B0000002B8003F00B0064BD3F8A3
S3150802A230080F064B9B6C1A0103D4054B9B6E1B0435
S3150802A24001D500F580707047003000B0000002B8F2
S3150802A250004000B810B514F0A8FC0E2104460320ED
S3150802A260FEF78CFB40F20122034B2046BDE8104064
S3150802A270DA6214F095BC00BF004000B8064B002015
S3150802A2801B6893F82430DB0902BF0322034BC3F889
S3150802A2905022F8F785B800BF78740020006001B82C
S3150802A2A0012370B5074C2370074B1E68074B3240D3
S3150802A2B0D3E9005319402840F8F728FC00232370F5
S3150802A2C070BD00BFC3820020207F0020B80D002089
S3150802A2D0024B5868C0F3C000704700BFB80D002093
S3150802A2E010B50446FEF7C6F900F03AFF2046FCF719
S3150802A2F0E1FDFEF749F9FDF72BFDFDF79DFDFFF799
S3150802A300EFFD13490723134AD1F8FC1004F58270AE
S3150802A310FFF758FE4FF080710020FDF76FFF4FF0F0
S3150802A32000720D4B4FF400110120C3F80021FDF70E
S3150802A33065FFFEF795FE20B940F223121421F7F7BE
S3150802A34081FD13F004F8BDE810400120FDF7C4BBF7
S3150802A350004F00B0A43F00B000D001B88023074ADE
S3150802A3605364082340B15364054AD2F8D83E23F011
S3150802A3702003C2F8D83E7047024AF4E7001002B832
S3150802A380003000B0002002B810B514F00EFC01210E
S3150802A39004460020FFF7E2FF044B1961044B5B6891
S3150802A3A098472046BDE8104014F0FABB000002B8F0
S3150802A3B048860020F0B583B014460646FFF7F4FC3B
S3150802A3C0F8F7ACFD002800F0A980594B5D6915F035
S3150802A3D0060540F0A38014F0E8FB23790095022BCA
S3150802A3E0054647D1237B022B33D00320FDF762FEB5
S3150802A3F020B9504BDB685B0440F19280A37B277B34
S3150802A400003B18BF0123A2684B49012F01920B702A
S3150802A4106FD000F097FE0420FDF740FD0420444E5D
S3150802A4200223716F3A4621F0F85121F4F81141F0EE
S3150802A430506141F4803171670DEB0001FDF74CFD67
S3150802A4400446002860D0012030223C493C4B087063
S3150802A4501A653C4E336898472128044604D10121DF
S3150802A4600020736898470024284614F099FB204672
S3150802A47003B0F0BD0320FDF71DFE002850D1227956
S3150802A480D6F80C31012A226830D0D01A0090002062
S3150802A490274B2D4A2D495A679867637B2C4A23F026
S3150802A4A040000028C3F380130B700CBF012300235E
S3150802A4B01370284B274AD3F8D83E4FF003000CBF37
S3150802A4C043F0200323F02003C2F8D83EFDF7E6FC4A
S3150802A4D0174B214A03205A67694601232279FDF759
S3150802A4E0FBFCF8B101221D4B1A707BE79A42CDD3C9
S3150802A4F0CBE72379022B8CD0009BD6F80C110027C8
S3150802A5000B441344019384E70320FDF7C7FC28464E
S3150802A5100D4A124B72671C7014F042FB0E24A6E712
S3150802A5202846F9E7284614F03BFB21249FE700BF9B
S3150802A53000C001B8000002B8C8820020C582002007
S3150802A540001002B84886002000000101C6820020D9
S3150802A550C7820020003000B0010C0100C282002030
S3150802A5602DE9F3410D460024074614F01EFB214B44
S3150802A57006462046DFF88C801C70FFF7EFFE1E4B5E
S3150802A580C8F87430C8F878406879431E584258416A
S3150802A590F8F7A0FA40F60143C8F878302A7929680C
S3150802A5A0012AD7F8143101D1994200D3CC1A0423CF
S3150802A5B003200DEB03010194FDF78EFC50B98822A6
S3150802A5C00E4B30465A6414F0EBFA2124204602B0A8
S3150802A5D0BDE8F0810A4D2B6898472128044604D124
S3150802A5E0012100206B6898470024304614F0D8FAF7
S3150802A5F0ECE700BFC282002000000101002002B879
S3150802A6004886002000C001B8F8B5194C05462078DE
S3150802A61040F27D22B0FA80F03E214009F7F712FC9B
S3150802A62055B9607840F27D22BDE8F840B0FA80F06C
S3150802A6303E214009F7F706BC4FF440660D4F0E4D12
S3150802A640D7F8083140F27D22C3F381232370C5F877
S3150802A650086160783E21B0FA80F04009F7F7F2FB0C
S3150802A660D7F80C31C3F381236370C5F80C61F8BDC2
S3150802A670BF820020004000B8006000B8A82238B5A2
S3150802A6801C4B5D6C03F500535A6410229A60A3F5BD
S3150802A690804302F100521A675A6600F0ABFF164B66
S3150802A6A01B7813B90320FDF7F9FB0024134B9C67AB
S3150802A6B000F0C6FF124A134BD2F8081F0B40C2F825
S3150802A6C0083F0422104B5A64104BAA06C3F8E0400E
S3150802A6D009D503F58073D3F89030B3F5817F22BF8D
S3150802A6E08022044B1A61F9F73FF90022084B1A70C7
S3150802A6F038BD00BF000002B8C282002000C001B8FF
S3150802A700003000B0DF0000FF002002B8003E00B0B3
S3150802A710C18200200D4A10B5D2F8A030D2F8A41092
S3150802A7200B40B3F1804F0CD34FF040400849094C17
S3150802A730C1F8A400D467C1F8A0004FF48021064AE4
S3150802A740D161034AC2F8A03010BD00BF00400050D4
S3150802A750006000500000FF01001002B89E4B2DE970
S3150802A760F04F9A6EDB6E85B002EA03089B4BC3F87C
S3150802A77068804FF03A43D3F81461D3F818311E4073
S3150802A780974BC3F81461974B9A68DB6802EA030A87
S3150802A790954BC3F808A003F52043DA691B6A02EA57
S3150802A7A00309924B09F47702DA61914BD3F8042232
S3150802A7B0110706D4D3F804311A07C3F3C00740F1C8
S3150802A7C0E98014F0F2F98B4B5A695F6E1B6F12F02F
S3150802A7D0060F07EA0307884A27F0007323F4006383
S3150802A7E014BF4FF0010B4FF0000B53667B0706D5DB
S3150802A7F0824A92F885300133DBB282F8853014F04A
S3150802A800CFF9B8F1000F00F0E38018F400442BD01A
S3150802A81014F0CBF90146FFF709FD0446784B1D688B
S3150802A8202A682B689A42FCD02A689A42FCD0FFF71B
S3150802A830FDFCA04240F0B080084614F0B1F9714B15
S3150802A8401C60714B5D6C15F4E05240F0A78024F051
S3150802A8507F4424F0DF040CB9FFF710FF6B4B01208D
S3150802A8601B6898474FF0807418F0020F4FF00005E6
S3150802A87014D0654B5D495B6C03F460424A64002A56
S3150802A88000F0A0801D0400F1A08013F4005F0CBF45
S3150802A8904FF000534FF0006300251C43C8F34038BD
S3150802A8A04FEA48085A4B3340002B4BD016F4206F18
S3150802A8B00AD040F2BC5206210020F7F7C3FA00205C
S3150802A8C000F01CFF26F48026F00506D5FF22474B2A
S3150802A8D044F4C0649A60FFF7BDFC16F0090F0BD06A
S3150802A8E040F2D15208210020F7F7ACFA00F0FAFE3E
S3150802A8F04FF03A4301225A6316F0106F0CD040F219
S3150802A900DA5209210020F7F79DFA00F0EBFE002241
S3150802A91011461046FCF7D6FB16F4202F0AD040F251
S3150802A920E25207210020F7F78DFA002000F0E6FE32
S3150802A93026F48026F10301D5FCF716FD002EB8BFD2
S3150802A94048F0080872070ED54FF03A431B6B13F40A
S3150802A950005F4FF4005317BF214A2E4A136344F48B
S3150802A960000408BF1363730548BF44F0040416F4D1
S3150802A9708023019300F0B780FCF7ACFC0138062867
S3150802A9804AD8DFE810F03E0141013E014401470181
S3150802A9904A014A01BB4634E7044641E70192FFF7FA
S3150802A9A06DFE124B019A5A6415F4805307D115F4B9
S3150802A9B0806F0CBF4FF080544FF0806454E74FF01D
S3150802A9C0804451E74FF0007366E74FF0004363E7B0
S3150802A9D04446454666E700BF004000B8006000B836
S3150802A9E0002000BA004001B8006001B8002002B891
S3150802A9F000E100E000C001B800E001B8003E00B086
S3150802AA006C2604081C7F0020000002B84C87002030
S3150802AA10090B0B89001000BA40F2136203210020C9
S3150802AA20F7F710FA4FF03A420121D2F88C30D2F8F1
S3150802AA30AC0003F00703063301FA03F3C0F30C0074
S3150802AA401B1A9BB2072B12D97E4B5B6C58020ED48B
S3150802AA507D48D36CD26E406D58B103F007030633B6
S3150802AA609940C2F30C03C91A89B2072901D844F4DA
S3150802AA700074764B1B78002B35D04FF03A43D3F847
S3150802AA80143113F4A02F2ED1714B724A1B7893B945
S3150802AA90FB0410D4137873B1E3086F4943EA45738C
S3150802AAA083F00103D1F8081F03F001035B0021FAC2
S3150802AAB003F3980717D10420FDF7F0F9674B6849A5
S3150802AAC0596700F03FFB634A137843B9654B1B7815
S3150802AAD02BB1654B654A1B682340134201D144F4E6
S3150802AAE0804427F48057BAF1000F27D01AF4805F02
S3150802AAF018BF44F480241AF4807F18BF44F4002453
S3150802AB001AF4005F18BF44F010041AF4007F18BF45
S3150802AB1044F020041AF4806F18BF44F040041AF473
S3150802AB20006F18BF44F080041AF0805F06D0504BBD
S3150802AB300021186845F48055F8F718FAB9F1000F9C
S3150802AB403ED019F4802F18BF45F4007519F4803FDA
S3150802AB5005D0484B03201B6844F48054984719F4DF
S3150802AB60801F18BF44F4003419F4001F18BF44F0BC
S3150802AB70020419F4003F18BF44F4801419F4800F34
S3150802AB8018BF45F0100519F4002F19D0324BD3F827
S3150802AB90D83E13F0C00F13D02A4AD368C3F303630F
S3150802ABA0032B01D0072B05D1936CD90602D4D36C9B
S3150802ABB01B0739D54FF400222F4B29F40029DA61F5
S3150802ABC0002F00F02381380540F18E802B49234A55
S3150802ABD091F803A02A4BBAF1000F57D04FF4006040
S3150802ABE00AF1FF3A58665FFA8AF3CB7033B9254BF6
S3150802ABF01B78E3B140F60142234B5A670023002231
S3150802AC0070E044F480340DE744F400640AE744F43F
S3150802AC10806407E744F4807404E7164B02201B6835
S3150802AC2044F008049847FDE644F40014C8E7936F15
S3150802AC3013F4A05F15BF4FF4807340F60143936582
S3150802AC409367DBE7000002B8004000B8C58200201F
S3150802AC50C4820020C7820020003000B000C001B8BC
S3150802AC6000000101C6820020B80D0020088D0100EF
S3150802AC70787400204C870020002002B8AF8200209A
S3150802AC8000E001B8C282002000D001B80320FDF717
S3150802AC9005F9A54AA54B526912F0060F76D0504619
S3150802ACA0FDF736FA4FF40061A04B9F4A596653697D
S3150802ACB09F4813F0060308BF9367B0F882309D4990
S3150802ACC013F4006266D023F40063A0F882300B788E
S3150802ACD003F0FF0A002B61D1FDF79CFAFFF7CEFCC1
S3150802ACE0534620221C431543B90009D52E20FDF7E9
S3150802ACF00BF84FF000528D4B45F008051A675A6655
S3150802AD00FA0608D52B20FCF7FFFF1022874B45F4DD
S3150802AD1000151A675A6617F0306F05D1FB0469D514
S3150802AD20BBF1000F00F0BF80380115D52920FCF7CA
S3150802AD30EBFF814B8149DB6803F48042C3F380331E
S3150802AD400B70FFF7C5FA28B17D4B78497D484B66EB
S3150802AD50036732BB45F0040517F0007B2ED00420AA
S3150802AD60FDF79CF82720FCF7CFFFFFF787FC4FF08B
S3150802AD7000726E4B5A66744BD3F8082F52067AD471
S3150802AD800222724B9A6045F002052EE041F61F72C6
S3150802AD905A6787E70B784FF40053A3E74FF400434B
S3150802ADA02DE70B6720204B66FCF7AEFF45F400152E
S3150802ADB02D2045F00C05FCF7A7FFCDE717F0807F9D
S3150802ADC0DFF864A142D00420FDF768F82820FCF7D2
S3150802ADD09BFFDAF87830002B35D1FFF74FFC534B3F
S3150802ADE0574A45F001051A675A66FFF747FA0022DD
S3150802ADF04D4B9A65BB0409D5554A5379002B00F089
S3150802AE00CC80013B5371002348EA03084246204698
S3150802AE102946FFF745FA019B0BB1FCF793FA4FF067
S3150802AE2000424C4B06F00436C3F814614A4B19F437
S3150802AE30002FC3F880211EBF4FF40022434BDA616C
S3150802AE4005B0BDE8F08FCAF878B0C8E7F904CED5E0
S3150802AE500420FDF723F8414BCAF87430FDF7DAF9F6
S3150802AE60DAF8643013F0407FC1D12A20FCF74CFF90
S3150802AE70FFF704FC7FE7D3F8D83E9B0683D4022269
S3150802AE80374B9A60374B1B6893F8253098077FF53E
S3150802AE907AAF274B93F8F430002B3FF474AF802235
S3150802AEA0254B1A616FE72A4A13794BB1013BDBB28C
S3150802AEB0137113B9234B2C4A5A6700231C4399E78B
S3150802AEC00420FCF7EBFF0320FCF7E8FF164B234AA6
S3150802AED05A6713F06AFE82460DF10F00FDF7D4FD9C
S3150802AEE0224B83461B780BB1FFF7B4F9BBF1030F6C
S3150802AEF00ED1DFF844B00020FDF7C6FD032807D1BE
S3150802AF00DBF82830D907F6D4DBF84830DA03F2D46E
S3150802AF109DF80F30032B2DD10122154B50461A707E
S3150802AF2013F03EFEC9E700BF00C001B800E001B851
S3150802AF30003E00B0C2820020000002B8C182002092
S3150802AF401000002000D001B8003000B0002002B87E
S3150802AF50AF820020002000BA00E100E000000101F3
S3150802AF60001002B8787400200000010DC882002083
S3150802AF70C48200204FF03A43D3F8143113F4A02FB9
S3150802AF80CAD100F0DFF8504613F00AFE054B03203B
S3150802AF901B6898474FF4804390E70520FCF77EFF2D
S3150802AFA0012331E74C8700200122024B1A62DA613B
S3150802AFB0704700BF002002B8094A08B5D369116A6A
S3150802AFC00B40084923F47F00DB07C86106D5D16820
S3150802AFD04FF0FF30C1F3036112F0C4F908BD00BF98
S3150802AFE0000002B8002002B80C4A08B5936CD26C6D
S3150802AFF013400B4A9364DB070FD50A4B40F66D02E2
S3150802B0001878122100F00100F6F71CFFBDE8084087
S3150802B010002201200021FFF743B908BD00C000B88D
S3150802B02000E000B8B80D002070B5154D2C6C6B6C9D
S3150802B0301C40144B24F002021A64E20705D540F6B6
S3150802B040D40200202968F6F7FDFEA30716D50222C8
S3150802B0500C4B1A640C4A6B6814687CB1DBB2042B7D
S3150802B06007D100220121094B18682346BDE8704022
S3150802B0701847052B02D100221146F4E770BD00BF1E
S3150802B0800080095000A00950D0760020787400206C
S3150802B09038B50B4C0B4DD4F88430DB0706D4A36FB6
S3150802B0A0D4F884201340084A936738BDD5F804318A
S3150802B0B05A06F0D5FFF7B8FF4023C5F88431EAE708
S3150802B0C0008001B800E100E000A001B808B513F05D
S3150802B0D06CFD0E4B1A78A2B90D4A126812F4843F17
S3150802B0E00FD10C4A102111651B7863B9084B1B68EE
S3150802B0F0DB0508D4074B20221A65BDE8084013F081
S3150802B1004FBD054AEEE7044BF5E700BFC5820020AE
S3150802B110B80D0020002002B8001002B810B513F0CE
S3150802B12044FD0E2104460320FDF728FC40F20122C5
S3150802B130034B2046BDE81040DA6213F031BD00BF6A
S3150802B140004000B80022044B1A70044B197811B15A
S3150802B1501A70FFF7BBBF7047C4820020C582002061
S3150802B16038B513F022FD4FF08043244C0546C4F847
S3150802B1708030BFF34F8FBFF36F8F4FF00043C4F891
S3150802B1808030BFF34F8FBFF36F8F0123C4F884302B
S3150802B190BFF34F8FBFF36F8F0223C4F88430BFF318
S3150802B1A04F8FBFF36F8F0423C4F88430BFF34F8FDA
S3150802B1B0BFF36F8FFEF764FB0823C4F88430BFF32E
S3150802B1C04F8FBFF36F8F1023C4F88430BFF34F8FAE
S3150802B1D0BFF36F8F2023C4F88430BFF34F8FBFF3BA
S3150802B1E06F8F8023C4F88430BFF34F8FBFF36F8FFE
S3150802B1F02846BDE8384013F0D3BC00BF00E100E0A2
S3150802B20038B513F0D2FC05464FF080430B4C236049
S3150802B2104FF0004323600223636004236360FEF752
S3150802B22027FB08236360102363602023636080235F
S3150802B23063602846BDE8384013F0B2BC00E100E07E
S3150802B2402DE9F047DDF820A003EA0108099B064626
S3150802B2500D4602EA000703EA0A09BAF1000F40F0AE
S3150802B2604F81031F0B4300F00F81052871F100037C
S3150802B27080F0E58050EA010300F07581431E0B4316
S3150802B28000F02581FFF76CFFB84AD2E9004323EAAA
S3150802B290050324EA06043C4343EA0807B44BC2E919
S3150802B2A000471E6826EA0A0646EA09061E60FFF7EE
S3150802B2B00DFF14F02A4F14BF48F202034FF400435D
S3150802B2C0AC4AB007D26EAC4848BF43F4005383EA8F
S3150802B2D0020122EA0302C266A84A0B408166D366C5
S3150802B2E0C4F380421203210348BF42F48072E30684
S3150802B2F048BF42F40052A24BA50648BF42F4007268
S3150802B300600648BF42F480622106D96848BF42F403
S3150802B310006282EA010323F080539A4819401A40D0
S3150802B320C1608360984B17F4007FDA60974B07F485
S3150802B330007200F0048101224FF4802583F8A020D0
S3150802B340E30448BF45F48035A00348BF45F4801599
S3150802B350A10748BF45F4001514F4001FDFF86882F8
S3150802B36006D0D8F8000012F019F808B945F40025F5
S3150802B370E20248BF45F40035FB06854B48BF45F453
S3150802B38080051A6A834985EA020323F001031A40F3
S3150802B3900A621D40CB61804B16F0010F1D627F4B7E
S3150802B3A07F4A18BF1A467F4B7D071B6F48BF42F07C
S3150802B3B000627D4882EA030123EA020303677B4BA4
S3150802B3C00A4041661A677A4A04F00103D16CA0F56D
S3150802B3D0803081EA030221EA0301C16482641A40C9
S3150802B3E0744B2002DA64D8F8002048BF724B92F8F0
S3150802B3F0022158BF714B610748BF43F4806322B1EB
S3150802B40014F4C06F18BF43F4807332074FF03A4200
S3150802B410BDE8F047D2F8181148BF43F0004383EA63
S3150802B420010222F4A02266481140C0F818111340FE
S3150802B430C0F81421634AC2F81831FFF7E1BEA0F535
S3150802B44080630B4306D020F48063A3F500730B4395
S3150802B4507FF418AF13F0A9FB4449D1E9003223EA75
S3150802B460060322EA050242EA08023B43C1E9003220
S3150802B470554A126892F80211514A09B313F4C06F79
S3150802B4801ED04FF4807311E013F08FFB374AD2E9CE
S3150802B490003123F004033B4341EA080157EA08074F
S3150802B4A0C2E900314FF48063454A0BD0C2F8143121
S3150802B4B0A2F58052C2F81831BDE8F04713F070BB06
S3150802B4C04FF48073C2F81831C2F81431F4E713F056
S3150802B4D06CFB264AD2E9003123F001033B4341EAD9
S3150802B4E00801C2E900310123384A57EA08071BBF97
S3150802B4F09364A2F58052D364D36408BF9364DBE7EE
S3150802B50050EA01037FF4BEAEBAF1010F7FF4BAAE78
S3150802B51013F04BFB164A136823F0010343EA0903A7
S3150802B52013604FF40053204AB9F1000F04D0536652
S3150802B530A2F580521367BFE713675366BCE793F811
S3150802B540A01071B183F8A020214BD3F8A41003F5FB
S3150802B5500053C3F8A410C3F8A0104FF05023C3F841
S3150802B560A4200025ECE6BDE8F08700BFB80D002050
S3150802B570207F0020004000B8006000B8005000B8E4
S3150802B580004001B8006001B8005001B8003F00B0A1
S3150802B590000002B8002002B8001002B804380003FE
S3150802B5A00418000300C001B800E001B800D001B8D1
S3150802B5B000C000B800D000B80D0A0A09090A0A092B
S3150802B5C0002000BA001000BA7874002000E000B823
S3150802B5D000400050024B186800F00100704700BF97
S3150802B5E0B80D0020024B5868C0F3C030704700BF40
S3150802B5F0B80D00200A4B197801F0FF0229B1002183
S3150802B600197008499202C1F80821597801F0FF0217
S3150802B61029B1002159709302024AC2F80C317047C7
S3150802B620BF820020005000B84FF40062034B5A64F0
S3150802B6304FF40042A3F5E0339A667047001002B849
S3150802B640F8B5084C084D636C0423084F6B64636CA9
S3150802B6505B0300D4F8BD042602207E6411F0CBFDFC
S3150802B6606E64F4E7000002B8001002B8002002B8BF
S3150802B67038B5044679B948B1164BDB681B0E13F088
S3150802B6800E0F04D04FF4C062134B9A6538BD134BA4
S3150802B6901B6CD907F6D4FFF741FD0E4D0020FDF7C6
S3150802B6A0F3F9032801D0092805D1AB6ADA07F5D4DC
S3150802B6B0AB6CDB03F2D4FFF7C3FF0122084B5A61D6
S3150802B6C002229A62042203F580535A64002CDDD0C2
S3150802B6D0D8E700BF000002B8006001B800C002B88F
S3150802B6E0001002B808B503210920FDF747F9202200
S3150802B6F0014B1A6108BD00BF000002B838B50546FD
S3150802B70013F053FA0E4B04461868FBF707FD35B1DA
S3150802B710FFF718FD2046BDE8384013F041BA094B39
S3150802B7201B78002BF6D0084B1D78002DF2D1FFF7B7
S3150802B73009FD2A464FF480400021FEF7B1FDE9E7EC
S3150802B74078740020C4820020C38200202DE9F84FB5
S3150802B750574B06460D4614465B6C002A40F0A480F9
S3150802B76013F0A00F14BF4FF001094FF00009F8F7C4
S3150802B770FBF8A0234FF0000ADFF84C810320C8F833
S3150802B7804430FCF78BFB0420FCF788FB494FFFF794
S3150802B790D9FC494B4FF0040B7B67C7F878A0FFF733
S3150802B7A04FFF464B4FF48071D3F8D82E42F0200251
S3150802B7B0C3F8D82EFF22C8F808203D4A1161D3F8EB
S3150802B7C0082F3F491140C3F8081FC8F844B0C3F808
S3150802B7D0E0AE7B6913F0060F04D0FCF71BFD584652
S3150802B7E0FCF75CFBB9F1000F01D0FFF71DFF66B14C
S3150802B7F0344BDB6C180701D4FFF790FCFFF772FF96
S3150802B8000420FCF74BFBFFF7F5FE294B5A69D107D3
S3150802B81048D5DA6812F0706FFBD12B4B2B4A5A6463
S3150802B8202B4AD2F8803023F0F003C2F8803015B1E3
S3150802B8302046FFF763FF274BD3F84C315A1C01D039
S3150802B8405B0002D50122204B5A615CB31D4BDA6EAE
S3150802B85003F500539A6603F5D0331B6A1A4A23F096
S3150802B8600103D3611C4BD96803F50053996003F5AC
S3150802B8700053D3F8841003F5005399674FF03A43FF
S3150802B880D3F8181103F50053C3F81411134BD96CE6
S3150802B89003F500539964124903F5803359664FF646
S3150802B8A008435364BDE8F88F4FF000095FE700BF0D
S3150802B8B0000002B800C001B800000101003000B063
S3150802B8C0DF0000FF004000B8002002B81000300078
S3150802B8D0003F00B00080E00F004001B800C000B889
S3150802B8E05000002F38B514460D4613F05EF9064B84
S3150802B8F0D3F8D82E54402C405440C3F8D84EBDE84D
S3150802B900384013F04DB900BF003000B0034BD3F8EE
S3150802B910D83E99430CBF012000207047003000B082
S3150802B920174BD3F8D82E12F0010312D0154B93F801
S3150802B9306430154A43F08073C2F8D0304FF480134E
S3150802B94002F50052C2F8B430A2F58052C2F8B830F5
S3150802B95070471106EDD40B4B93F8631021B1D2064A
S3150802B96002D593F86030E4E74FF480120020074BC3
S3150802B9700549C3F8B820C1F8D000C3F8B420704707
S3150802B980003000B0003F00B0004000B8006000B8C8
S3150802B99070B5164E032804460D4633781ED023FA90
S3150802B9A004F202F00102AA421DD053B10122A240BA
S3150802B9B0A54023EA02032B43DBB233704BB10120C5
S3150802B9C070BD2DB10A4B01201B6898473378EDE705
S3150802B9D03570074B00201B689847F0E79A07DED0B8
S3150802B9E003F0FC03E9E7002070BD00BFCA8200200D
S3150802B9F05C7F0020F8B505460C4613F0D6F8104FC2
S3150802BA0006463B7833B1012D04D01CB90D4812F015
S3150802BA1053FC3C7021462846FFF7BAFF0A4B0446F8
S3150802BA201B783BB93B782BB911F042FA10B1074B98
S3150802BA301B689847304613F0B3F82046F8BD00BF96
S3150802BA40CB820020347F0020CA820020488600204C
S3150802BA50054A0B46117831B100211170034A0121BA
S3150802BA605268187810477047CB8200204886002013
S3150802BA7038B5074D04462B78834207D0F7F798FA6C
S3150802BA8020462C70BDE83840DCF7E8B838BD00BF60
S3150802BA90C98200201B4B022910B5187002D003294F
S3150802BAA004D010BD184B1B78002BFAD1F5F706FF08
S3150802BAB00028F6D04FF00052144BC3F88020BFF38B
S3150802BAC04F8FBFF36F8FF7F729FA0028E9D0F7F7F8
S3150802BAD0B3F90028E5D10E4B1C6834B123689847A0
S3150802BAE0BDE810400020F7F757BA10F03AFF094BA5
S3150802BAF0186013F062F9084B18602046F7F716FA31
S3150802BB00EEE700BF7A880020C982002000E100E043
S3150802BB10C8760020587F0020547F002038B5044696
S3150802BB200D46F5F7CBFE80B14FF00052124B1A6064
S3150802BB30F7F7F4F948B9012D07D80120F7F72CFAD7
S3150802BB400E4B1B6823B15B6898470D4B1C7038BDBA
S3150802BB5013F033F90B4B1A68801A186012F07AFC44
S3150802BB604FF47A72084B1B6802FB003010F0FBFE9A
S3150802BB700120F7F7DBF9E8E700E100E0C8760020E4
S3150802BB807A880020547F0020587F0020F0B585B0BF
S3150802BB9013F00BF8344D04462B7823B1334812F0D0
S3150802BBA08BFB002852D112F01FFC02AA03A911F03E
S3150802BBB069F90346002838D011F078F9029B9842B1
S3150802BBC01CD100202A4B03991B682A4E99423070D1
S3150802BBD020D90027C91A012324482B70264A33463E
S3150802BBE00197009713F0A0F8002837D1234A137853
S3150802BBF0D90701D53178F9B1204611E011F054F987
S3150802BC00029B984228D0002318461949194A0968FE
S3150802BC10137003910121FFF7BBFE002320462B7008
S3150802BC2012F0BEFF002005B0F0BD20462B7012F0C0
S3150802BC30B7FF212005B0F0BD03F0FE031370002BF9
S3150802BC40DAD10F4B1B6898472046E9E7204612F0DF
S3150802BC50A7FF0E2005B0F0BD0220B3E70323204656
S3150802BC602F703370F3E700BFCB820020347F0020A9
S3150802BC70A47600207988002051BA0208CA820020D8
S3150802BC805C7F0020114B10B55B6F002403F44073F0
S3150802BC90B3F5007F04BF02220D4B0E4908BF1A6096
S3150802BCA00D4B0E4A1C700E4B0E481A600E4A5A600D
S3150802BCB0DBF776FF0D490E48DBF772FF0D4B0E4A8E
S3150802BCC01A60DCF7DDF8204610BD00BF00400050C0
S3150802BCD0A4760020FC280408CB8200208DBB02082B
S3150802BCE048860020247F0020F5B9020804290408A2
S3150802BCF02C7F00205C7F002071BA0208DFED1D7AD6
S3150802BD0020EE270AFDEEC07AB5EEC00A17EE903A83
S3150802BD10F1EE10FA48BF03F1FF3307EE903AF8EE58
S3150802BD20E77A9FED157A30EE670A20EE070AFCEEEF
S3150802BD30C07A17EE903A9BB2B3F5007F28BF00236C
S3150802BD4007EE903A28BF30EE470AF8EE677A0B4AB2
S3150802BD5030EE670A02EB8301D1ED016AF7EE007A4B
S3150802BD6091ED007A77EEC07A20EE260A07EE870A68
S3150802BD70704700BF83F9223E000000443C6604086F
S3150802BD809FED1E7AF5EE007A40EE077ABDEEE77A67
S3150802BD90F5EEC07A17EE103AF1EE10FA48BF03F143
S3150802BDA0FF3307EE103AB8EEC77A37EEC70A9FEDA9
S3150802BDB0147A20EE070AFCEEC07A17EE903A9BB286
S3150802BDC0B3F5007F28BF002307EE903A28BF30EE6E
S3150802BDD0470AF8EE677A0B4A30EE670A02EB8301E6
S3150802BDE0D1ED016AF7EE007A91ED007A77EEC07A24
S3150802BDF020EE260A07EE870A704700BF83F9223E1D
S3150802BE00000000443C660408014B1868704700BFEE
S3150802BE10448500202DE9F84F0F46884657F8041B3B
S3150802BE200546144600203A461E4611F0BAFAD8F8D4
S3150802BE300080404611F0B6FA20B19DB941684FEA32
S3150802BE40186359B90F2133462246404611F0C2FA01
S3150802BE500D461AE04A799A4204D008310D68002D37
S3150802BE60F8D1EFE7DFF83490DFF83480D9F800B07C
S3150802BE70D8F800A03846C9F80040C8F80060A847B4
S3150802BE800025C9F800B0C8F800A02246012052F8D9
S3150802BE90041B11F086FA2846BDE8F88F647F002055
S3150802BEA0607F002070B50C4B04020D4604F4E06472
S3150802BEB0C0F307211B680C43084A04349C421268E3
S3150802BEC007D91D2111F086FA0022134610462B6067
S3150802BED070BD1060043BF9E7607F0020647F002094
S3150802BEE0094A10B5116851B9B0F5006F09D2041D97
S3150802BEF02046DBF735FD08B9044B1C6010BD12203D
S3150802BF00FCE72120FAE700BF707F00206C7F002043
S3150802BF1038B5044608680D4611F0FCFA50B9094BC3
S3150802BF201B6800202A68C4E900531A60064B1B687E
S3150802BF30A36038BD2028FCD1044B1B68002BF0D126
S3150802BF400920F6E7707F00206C7F0020687F0020BA
S3150802BF502DE9F84F1D460C6816464FEA042AC4F323
S3150802BF6007230AF4E06A4AEA030A1F4B0AEB050B9F
S3150802BF701B680BF104029A420746DDF828802DD881
S3150802BF800123F20093409D4228D215B1B8F1000F61
S3150802BF9027D03846FFF7BCFF8146E0B924F47F4430
S3150802BFA024F0C70444EA1B244FEA0B2B7B681FFACA
S3150802BFB08BFB44EA0B0443F8044B53442DB1184651
S3150802BFC02A46414605F060F80346012E0CBF03F8DF
S3150802BFD0015C23F8025C4846BDE8F88F4FF01D095C
S3150802BFE0F9E74FF02209F6E76C7F002038B50446D8
S3150802BFF0054B00681D684068D4E901231146A84725
S3150802C0006368988838BD00BF9087002010B5044C35
S3150802C01023781BB911F0C4F90123237010BD00BFA0
S3150802C020CC820020084A136833B94178436141F04B
S3150802C0300101417010607047197802789142FAD06E
S3150802C04003F114025B69EFE7747F0020044A034692
S3150802C050106810B102789A4200D170474069F8E731
S3150802C060747F0020014B1868704700BF747F002058
S3150802C070094A5168C84390FAA0F048B1B0FA80F06C
S3150802C080042805DC012383400B43536040B2704702
S3150802C0904FF0FF30704700BFA07F00200021034BFE
S3150802C0A028220348C3E9001104F0E3BFA07F002059
S3150802C0B0787F002038B50546FFF7DAFF04460448BC
S3150802C0C0294600EBC40011F095FA204638BD00BF98
S3150802C0D0787F0020C3B2042B10B515D804230B4A67
S3150802C0E003EBC003134453E8002F0A4343E8002432
S3150802C0F0002CF8D101220649824051E8003F134339
S3150802C10041E800300028F8D110BD00BF787F002032
S3150802C110A07F0020F7B54FF0040C01260827184A1D
S3150802C1201849194D106800B30B7806FA03F4204231
S3150802C1301DD0E04352E8004F044042E8004EBEF1EB
S3150802C140000FF7D117FB03C32B4453E8000F43E84C
S3150802C15000E4002CF9D1019048B1087801AA0B49EC
S3150802C16005EBC00011F07EFA012003B0F0BD0B7892
S3150802C170506883422EBF00230133DBB20B70D1E72E
S3150802C180A07F0020CD820020787F002078563412C6
S3150802C190024B1868003818BF01207047A07F00209C
S3150802C1A02DE9F041164D06462B680C462BB112F0C6
S3150802C1B005FD2B6823B912F0FCFC0020BDE8F081CE
S3150802C1C02B68D3E9048712F0F4FC58EA070315D062
S3150802C1D056EA04030CD10B4DD5E9006456EA04036A
S3150802C1E006D1094B1B68984706460C46C5E9000165
S3150802C1F04645BC412CBF01200020DFE70120DDE7D0
S3150802C200B87F0020C00D0020B07F0020F7B54FF0A0
S3150802C210FF34274605460E4612F0D0FC1A4B1B6819
S3150802C22083B912F0C6FCB7F1FF3F08BFB4F1FF3F6E
S3150802C23004D054EA070315D1002427462046394676
S3150802C24003B0F0BD5969DA68019119695B68521839
S3150802C250019941F10001A24271EB070C3CBF144659
S3150802C2600F46DDE755EA060304D1084B1B689847D3
S3150802C27005460E46AC4277EB0603DDD3651B67EB34
S3150802C28006062C463746D9E7B87F0020B07F00203D
S3150802C2902DE9F74FDDF840A00E46DDE90C78154684
S3150802C2A09DF83CB008B1016891B9BAF1000F07D000
S3150802C2B029463046D04740F2034003B0BDE8F08F26
S3150802C2C0002DF8D0002EF6DB284605F027FEF2E709
S3150802C2D0019012F073FC81465846E1F71DFC0446AC
S3150802C2E0484612F066FC019A9CB9BAF1000F08D0CA
S3150802C2F029463046D04703203146E1F797FB1A20F4
S3150802C300DBE7002DF7D0002EF5DB284605F006FE02
S3150802C310F1E70E9BC4E90678E3600023636057EAF7
S3150802C3200803A6602562226084F824B0C4F828A00F
S3150802C33001D10E9B33B1184B1B689847C0190746A3
S3150802C34048EB010812F03AFC002205461349C4E9F3
S3150802C35004780B682BB1D3E904AB574578EB0B008D
S3150802C36011D2A2B90B680C6063600D4B1C682CB124
S3150802C370094B1B689847FFF749FFA047284612F062
S3150802C38018FC002099E758681A460346E2E75368FC
S3150802C39063605460E9E700BFB07F0020B87F0020E1
S3150802C3A0A87F00202DE9F74F4FF0000881460D4679
S3150802C3B092461E4612F002FC4746DFF874B0019018
S3150802C3C0DBF8004084B9B8F1000F07D0174B1C6898
S3150802C3D024B100200021FFF719FFA047019803B0F6
S3150802C3E0BDE8F04F12F0E5BB22684A4511D12DB1DE
S3150802C3F0A268296822F000428A420AD126B96268EE
S3150802C40057B9CBF8002008E05146206AB047002801
S3150802C410F5D027466468D5E77A60D4F804802046C2
S3150802C42011F094F844464FF00108CBE7A87F0020A4
S3150802C430B87F0020014B1860704700BFA87F002014
S3150802C44070B50E46094904460846154602F0BEFB73
S3150802C4500023074A30211360064A05201660064A59
S3150802C46015602246BDE87040E1F7F0BA406E04084E
S3150802C470B87F0020B07F0020AC7F002070B504464C
S3150802C480164618460022002386B0CDE904230B4B34
S3150802C4900D461B6813B9212006B070BD04A998473A
S3150802C4A00028F8D1DDE904230290CDE900232946C4
S3150802C4B03246204611F084F8EEE700BFAC7F002032
S3150802C4C0F8B5054610200F461646E1F765FB044601
S3150802C4D001461022074802F07EFB44B101230020E0
S3150802C4E0E3602B68C4E9017623602C60F8BD1A2044
S3150802C4F0FCE700BF406E040800200021014BC3E997
S3150802C50000017047C00D00202DE9F04706460D468A
S3150802C5104FF0000850EA010318BF2C4BDFF8B89019
S3150802C52018BFC3E900012A4F30462946FFF738FEED
S3150802C530C0B9B8F1000F47D012F040FB00210446FB
S3150802C5400020FFF763FEB1F1FF3F08BFB0F1FF3FDE
S3150802C55003D0204B1B6803B198472046BDE8F04735
S3150802C56012F027BB12F02AFBD9F800408CB1636897
S3150802C570C9F8003012F01DFBA3683C6033F0004393
S3150802C5800BD1386810F0E2FF00234FF001083B6038
S3150802C590CAE712F00EFB3C60C6E72368002BF0D010
S3150802C5A018680028EDD0A26832F00043E9D0D0E935
S3150802C5B0008A236A21688068D0470028E1D1B8F149
S3150802C5C0000FDED04046EEE7BDE8F087C00D00203A
S3150802C5D0B47F0020A87F0020B87F0020F8B5044663
S3150802C5E00D4612F0EBFA094B1B684BB1D3E9066705
S3150802C5F0C4E90067DB682B60BDE8F84012F0D9BAD7
S3150802C60000260027C4E90067F5E700BFB47F0020CB
S3150802C61010B5064C237823B9DDF7ECFA18B90123CD
S3150802C6202370002010BD40F20740FBE7CE820020AF
S3150802C63038B50B4B04461B780D464BB121462846A6
S3150802C64003F039FE002840F2074008BF002038BD33
S3150802C65004490548FFF7DCFF0028EFD0F7E700BFDB
S3150802C660CE820020EFBEADDEBEBAFECA07B50648C8
S3150802C67005F0FEF8042101900DEB010005F0E1F941
S3150802C680019803B05DF804FBBC7F0020F7B5186873
S3150802C69010F0020003D0164E316811B9012003B01A
S3150802C6A0F0BD0024042223460DEB0200019405F096
S3150802C6B0B0F8BDF80630DB0702D4FFF7D7FF044609
S3150802C6C000250C4F57F8043B23B12146BDF8040058
S3150802C6D0984748B13368002BE0D0074B022193F9FB
S3150802C6E00000FFF7F7FCD9E70135062DEAD1F1E795
S3150802C6F0BC7F0020C07F0020CF82002010B50948E9
S3150802C700FFF7D8FC0024084B0849187020200C6053
S3150802C710E1F764F8064BC3E90044C3E90244C3E9F6
S3150802C720044410BD94870020CF820020BC7F0020DD
S3150802C730C07F0020704708B5E1F78CFBBDE80840CA
S3150802C740E1F7CEBBF4F7E6BEF4F792BD0023036029
S3150802C7500E207047704710B59DF80840002A3DD054
S3150802C76000293BD0002839D07CB19379D17903F0DE
S3150802C7700F0343EA01130371137A4371927AC37959
S3150802C7801344DBB2C371002010BD012B24D0042B45
S3150802C79022D0002B0CBF01230F23CB7013890B70F9
S3150802C7A0C3F303244B7823F00F032343547964F32A
S3150802C7B007134B70D388917B0380B2F90A30438002
S3150802C7C0537B03F00F0343EA01130371D37B4371CF
S3150802C7D0137B8371537CD5E70323DEE72220D3E755
S3150802C7E07047037A13F0600F0AD009B103230B705E
S3150802C7F02AB1037A83F04003C3F380131370704798
S3150802C800038903F4C0734BB109B102230B70002AE2
S3150802C810F5D0437ADB4303F00103EFE709B10123BD
S3150802C8200B70002AEBD00023E8E7FF2837B50C4641
S3150802C83018D0B9B1D3F760FF054698B10DF10601D4
S3150802C8400DF10702FFF7CDFF9DF8061002290BD05E
S3150802C850032907D12046D4F7D5FB1C2802D1012388
S3150802C86085F8C03103B030BD204603B0BDE830407C
S3150802C870D4F7C8BB2DE9F04300F5947887B007468C
S3150802C88040460D4616461C46DDF8389000F0A3FFD2
S3150802C89090B9494622460DF11100ADF80E608DF8A1
S3150802C8A00C508DF8104004F0EFFB404603A900F047
S3150802C8B000FF07B0BDE8F0832346324629463846CC
S3150802C8C0CDF80090D3F7ACFE0528E2D01A28F0D1AD
S3150802C8D0DFE7D4F7C5BE08B5D4F7C2FE00280CBFF9
S3150802C8E00420012008BD70B590F8BE0114461D4605
S3150802C8F0049E00F011F938B10DB103682B600EB130
S3150802C900436833600CB9012070BD037E2370FAE7D1
S3150802C91038B5044690F8BE010D4600F0FDF828B178
S3150802C92094F8BE01294600F03EF9012038BD10B53B
S3150802C9300C4649882046FFF7EBFF4FF6FF736380E4
S3150802C94010BD704773B5044602200D461646D3F746
S3150802C950C9FE2B460246012120460096FFF78AFFAA
S3150802C96002B070BD022307B58DF801106A46194652
S3150802C9708DF80030FFF7E6FF03B05DF804FBF7B564
S3150802C9800646807E0D46D3F7B7FE0446D0B1337FFE
S3150802C99043B14FF6FF7190F8BE0103B0BDE8F0400F
S3150802C9A000F001B91DBB0378012B0BD147785FB99B
S3150802C9B043886A4603218DF80070ADF80130FFF707
S3150802C9C0C1FF277003B0F0BD022FFBD18DF80030EE
S3150802C9D043886A46ADF80130337D05218DF8033068
S3150802C9E0F38A8DF80430FFF7ADFF2570EAE7023DBA
S3150802C9F0012DE7D80621037003B0BDE8F040FFF722
S3150802CA00B1BF2DE9F84F884616461F4604469DF8DB
S3150802CA1028B000287ED0002B7CD040F24A71D0F88C
S3150802CA20882700F13D03D21A3A448A420FFA88F55A
S3150802CA3017D9C5EBC5024FEA820A00EB8202D2F881
S3150802CA400490B9F1000F06D050F80A104A46184663
S3150802CA5004F01AFB034603EB0902C4F8882744F8D4
S3150802CA600A30BBF1000F05D01C2303FB08F3D4F8E8
S3150802CA708827E2504FF000091C22484602FB08426A
S3150802CA80C5EBC505374404EB85051632D4F8883755
S3150802CA90B8F1000F0DD0A17D41B9D4E900C16144B6
S3150802CAA08B4203D29C459CBF0121E175B8F1010F67
S3150802CAB00CD094F8321049B9D4E907C161448B42C3
S3150802CAC004D29C459CBF012184F8331016F8011B39
S3150802CAD01970D4F88837B74203F10103C4F88837C6
S3150802CAE06B6803F101036B601070CFD1E37D33B13C
S3150802CAF0218994F83A00D3F7A9FE84F8179094F896
S3150802CB0033303BB1A18C94F83A00D3F79FFE002349
S3150802CB1084F83330BDE8F88F10B50C46D4F73CFAE2
S3150802CB20B0B14FF6FF729442038906D09C420BD0ED
S3150802CB30838CA34206D000200AE0A34204D1828C49
S3150802CB409A42F8D0012300E000231C2202FB0300CC
S3150802CB5010BD10B50C46D4F71FFA50B10389A3428B
S3150802CB6004BF01230376838CA34204BF012380F802
S3150802CB70343010BD08B5D4F70FFA98B100234360D4
S3150802CB800376036280F834306FF07D4301214FF655
S3150802CB90FF72836300F13D03C1820281418682846A
S3150802CBA0C0F8883708BD10B50C46D4F7F5F9C0B1F8
S3150802CBB04FF6FF739C4215D00289A24205D1002284
S3150802CBC001214260C18202760381838CA34208D185
S3150802CBD000230122036280F834304FF6FF7342863F
S3150802CBE0838410BD0023012243600376036280F822
S3150802CBF0343000F13D03C282048142868484C0F83F
S3150802CC008837EEE70122D4F791BB0022D4F78EBB10
S3150802CC1008B5D4F785FE003818BF012008BD70474D
S3150802CC20012307B5ADF8043028B101A8D6F70EF8E6
S3150802CC3003B05DF804FB01A8D5F7F8FFF8E7002072
S3150802CC40704708B5024601217520D5F7E7F8002096
S3150802CC5008BD13B50446012150200DF10702D5F788
S3150802CC60DDF89DF8073003F0E003402B0DD004D819
S3150802CC7073B1202B0FD0012005E0602BFBD14FF0BA
S3150802CC8062530020236002B010BD4FF06453F8E7E8
S3150802CC904FF06853F5E74FF06653F2E71FB50446BF
S3150802CCA001A8FFF7D6FF062102AA1F20D5F7B6F874
S3150802CCB0BDF808309DED017ADBBA07EE903AF8EE38
S3150802CCC0E77A67EE877ABDF80A30C4ED007ADBBAEE
S3150802CCD007EE903AF8EEE77A67EE877ABDF80C30F7
S3150802CCE0C4ED017ADBBA07EE903AF8EEE77A00204D
S3150802CCF067EE877AC4ED027A04B010BD1FB5044602
S3150802CD0001A8D5F7AFF8062102AA2520D5F786F895
S3150802CD10BDF808309DED017ADBBA07EE903AF8EED7
S3150802CD20E77A67EE877ABDF80A30C4ED007ADBBA8D
S3150802CD3007EE903AF8EEE77A67EE877ABDF80C3096
S3150802CD40C4ED017ADBBA07EE903AF8EEE77A0020EC
S3150802CD5067EE877AC4ED027A04B010BD13B50446AD
S3150802CD600DF1050201212D20D5F758F80DF106021D
S3150802CD7001213720D5F752F80DF107020121382093
S3150802CD80D5F74CF800209DF807309DF806201B04BD
S3150802CD9043EA02239DF805201343236002B010BD1F
S3150802CDA007B501210DF107022D20D5F737F89DF8B1
S3150802CDB00700C0F3C00003B05DF804FB07B5012104
S3150802CDC01120D5F791F86420DBF79AF801A8FFF746
S3150802CDD0C5FF019BDB0607D530214C20D5F784F821
S3150802CDE0002003B05DF804FB0120FAE713B50446F8
S3150802CDF0012138200DF10702D5F710F89DF8071022
S3150802CE004CB121F0040141F002013820D5F76CF843
S3150802CE10002002B010BD21F0020141F00401F4E73E
S3150802CE2007B5D4F783FFFFF7C9FF012175200DF176
S3150802CE300702D4F7F3FF9DF807304E2B36D10DF1D2
S3150802CE40070201214C20D4F7E9FF9DF807104C2070
S3150802CE5041F003018DF80710D5F746F80DF10702E0
S3150802CE6001214D20D4F7DAFF9DF807104D2041F035
S3150802CE7001018DF80710D5F737F80020FFF7B6FF3E
S3150802CE801E20DBF73DF800211420D5F72DF80121E5
S3150802CE900DF107026420D4F7C1FF64209DF807103C
S3150802CEA0D5F722F8002003B05DF804FB1020FAE754
S3150802CEB013B504460DF1070201214F20D4F7AEFF40
S3150802CEC09DF8071004F00F0421F00F0121434F20AB
S3150802CED0D5F70AF8002002B010BD13B504460DF1C5
S3150802CEE0070201215020D4F799FF9DF8071004F094
S3150802CEF00F0421F00F0121435020D4F7F5FF00203B
S3150802CF0002B010BD13B504460DF1070201215220E5
S3150802CF10D4F784FF9DF8071004F00F0421F00F01DF
S3150802CF2021435220D4F7E0FF002002B010BD13B50A
S3150802CF3004460DF1070201215220D4F76FFF9DF82E
S3150802CF40071024F00F0401F00F0121435220D4F7F1
S3150802CF50CBFF002002B010BD13B504460DF107023F
S3150802CF6001215020D4F75AFF9DF8071024F01F0418
S3150802CF7001F01F0121435020D4F7B6FF002002B06A
S3150802CF8010BD13B504460DF1070201214F20D4F74F
S3150802CF9045FF9DF8071024F01F0401F01F012143E5
S3150802CFA04F20D4F7A1FF002002B010BD73B50023AD
S3150802CFB006460C46154601214E200DF107028DF84C
S3150802CFC00730D4F72BFF9DF80730CEB143F00303A1
S3150802CFD0CCB1402143F00C038DF8073040F20E2005
S3150802CFE0D4F782FF9DF807109DB101F01F014E206C
S3150802CFF0D4F77AFFC820DAF783FF002002B070BDA3
S3150802D00003F03C03E4E703F0330321468DF80730C7
S3150802D010E4E741F02001EAE737B500230D46044666
S3150802D020012166200DF107028DF80730D4F7F6FEC6
S3150802D030D5B19DF8071041F007016620D4F754FFD1
S3150802D0400023012165200DF107028DF80730D4F778
S3150802D050E5FE5CB19DF8071041F008016520D4F79A
S3150802D06043FF002003B030BD2946E6E72146F5E72F
S3150802D07000222DE9F047114686B081461046FFF791
S3150802D08095FF6020FFF77DFF0620FFF711FF0E20B0
S3150802D090FFF738FF01A8D4F7E5FE00211620D4F7DA
S3150802D0A023FF012211461046FFF780FF3220DAF7E6
S3150802D0B027FF40211620D4F717FF0F215F20D4F748
S3150802D0C013FF0520DAF71CFF02212E2002AAD4F745
S3150802D0D0A5FEBDF808305BBA9BB2B3F5FC7FF0D368
S3150802D0E000273C463D463E4600215F20D4F7FCFE1B
S3150802D0F002212E2002AAD4F791FEBDF8088098FADA
S3150802D10098F8C8F30B18BBB24345C0F09A8096FB51
S3150802D110F8F707EE907A9DED017AF8EEE77A95FB35
S3150802D120F8F567EE877AC9ED007A07EE905AF8EEB7
S3150802D130E77A94FBF8F667EE877AC9ED017A07EE85
S3150802D140906AF8EEE77A67EE877A02AAC9ED027A5A
S3150802D150012140F27720D4F761FE02AA01214FF499
S3150802D1601E709DF80890D4F759FE9DF808A002AAE9
S3150802D170012140F27920D4F751FE4FEA0A249DF89C
S3150802D18008304FEA0A1A02AA012140F27A200AF462
S3150802D190706A4AEA030A04F47064D4F73FFE02AAE4
S3150802D1A0012140F27B2044EA09049DF80890D4F74D
S3150802D1B035FE3B1E9DF80880B8BF0333A4EBA304D3
S3150802D1C02B1EB8BF03334FEA0821AAEBA30A01F4C0
S3150802D1D07061331EB8BF033341EA0901A1EBA30606
S3150802D1E040F27720E1B2D4F77FFE4FEA2A23C4F34E
S3150802D1F0032141EA0311C9B24FF41E70D4F774FE33
S3150802D2005FFA8AF140F27920D4F76EFEF1B240F263
S3150802D2107A20D4F769FEC6F3032608F0F0013143F3
S3150802D22040F27B20D4F760FE00211620D4F75CFE7C
S3150802D230002211461046FFF7B9FE002006B0BDE8E7
S3150802D240F0871021302002AAD4F7E8FDBDF80F3086
S3150802D2500137DBBA1E44BDF81130DBBA1D44BDF8EE
S3150802D2601330DBBA1C444EE700234FF07E5243606C
S3150802D27002608360C360026143618361C3610262C3
S3150802D280704791ED027AF1EE477A10B592B0CDED7C
S3150802D290017A8DED037AD1ED017A91ED007A0023B8
S3150802D2A00446CDED027AF1EE476AF1EE677A6A46EE
S3150802D2B0014609A8009304930893CDED056ACDEDBE
S3150802D2C0067A8DED077A00F00BF9204609AB04F1D0
S3150802D2D02402D0ED007A93ED007A77EE877A93ED01
S3150802D2E0017AC0ED007AD0ED017A77EE877A93ED6E
S3150802D2F0027AC0ED017AD0ED027A77EE877A0C309F
S3150802D30040ED017A904203F10C03E2D112B010BD4E
S3150802D31030B52DED028B00F10C058BB0294604467B
S3150802D320D5F7B2F8FEEE007A20EE278A2946B0EE45
S3150802D330480A01A800F009F9B0EE480A214604A8ED
S3150802D34000F003F901A92246084600F024F904A9C7
S3150802D3502A46084600F01FF904AA01A907A800F000
S3150802D36034F901A90846D5F78FF8B0EE088AF6EE21
S3150802D370008A38EE400A204620EE280A01A900F063
S3150802D380E4F804A90846D5F77FF838EE400A284695
S3150802D39020EE280A04A900F0D8F807A90846D5F706
S3150802D3A073F838EE400A07A920EE280A04F1180095
S3150802D3B000F0CBF80BB0BDEC028B30BD38B5D0ED22
S3150802D3C0080A90ED070A04460D46DEF7F9FF85EDD1
S3150802D3D0000A94ED060ADEF7C7FFB1EE400A85EDAC
S3150802D3E0010AD4ED000A94ED030ADEF7E9FF85ED9A
S3150802D3F0020A38BD0023002243628362C3620363C2
S3150802D40043638363C2630364C36503664366036057
S3150802D41043608360C360036143618361C3610362DE
S3150802D42043648364C364036543658366C3660367AB
S3150802D430704780ED140A704791ED007AD0ED0C7AA8
S3150802D44077EE877AC0ED0C7AD0ED0D7A91ED017AF6
S3150802D45077EE877AC0ED0D7AD0ED0E7A91ED027AE3
S3150802D46077EE877AC36BC0ED0E7A0133C3637047D2
S3150802D47010B5044686B090ED160A684600F065F8BF
S3150802D48004F15C02694603A800F085F803A9204660
S3150802D490FFF7F7FE2046FFF73BFF204604F1680137
S3150802D4A0FFF78CFF06B010BD10B50446243000F015
S3150802D4B047F804F1300000F043F8002304F1440071
S3150802D4C0E36300F03DF804F1680000F039F804F16E
S3150802D4D05C0000F035F82046BDE81040FFF7C4BEF0
S3150802D4E070B501F1240502F10C0613460446F3EC65
S3150802D4F0017A91ED006AD1ED016A93ED027A67EE3F
S3150802D500867A46EE877AD1ED026A93ED057A46EE79
S3150802D510877AB342E4EC017AE9D10C318D4200F103
S3150802D5200C00E2D170BD10B50446D2F70DFF201DDE
S3150802D530D2F70AFF04F10800BDE81040D2F704BF8B
S3150802D54000230360436083607047D1ED007A67EE7B
S3150802D550807AC0ED007AD1ED017A67EE807AC0ED65
S3150802D560017AD1ED027A67EE807AC0ED027A7047C7
S3150802D570D0ED007A67EE807AC0ED007AD0ED017AB6
S3150802D58067EE807AC0ED017AD0ED027A67EE807A8C
S3150802D590C0ED027A704701F10C03F1EC017AB2ECA4
S3150802D5A0017A77EE877A9942E0EC017AF5D17047EB
S3150802D5B001F10C03F1EC017AB2EC017A77EEC77A43
S3150802D5C09942E0EC017AF5D1704792ED016AD1ED04
S3150802D5D0027AD1ED016A92ED027A67EE867A56EE02
S3150802D5E0877AC0ED007A92ED026AD1ED007AD1ED22
S3150802D5F0026A92ED007A67EE867A56EE877AC0ED6F
S3150802D600017AD1ED017A92ED006AD1ED006A92EDC6
S3150802D610017A67EE867A56EE877AC0ED027A704705
S3150802D6200F207047FEE700239A4200D1704710B5D3
S3150802D63050F8234041F8234001339A42F8D110BDED
S3150802D64000230360704703680B6001607047036834
S3150802D65013B90B60016070471846F8E7034600687D
S3150802D66018B102681A60002303607047036803B999
S3150802D67070478B4204D10B68036000230B60704726
S3150802D6801846F3E770477047F8B50E4617461D4623
S3150802D690044660B15BB111F088FAE5600025E780BF
S3150802D6A0A6802560A56011F07BFA2846F8BD2220DF
S3150802D6B0FCE7F8B50E46044600283DD000293BD0C3
S3150802D6C0C368002B3AD011F070FAA1880546608823
S3150802D6D0884215D22388E2880344B3FBF1F001FBA2
S3150802D6E01033E068314602FB030003F0CDFC638881
S3150802D6F0013363800024284611F052FA2046F8BD09
S3150802D700A368BBB1E1882288E768204601FB027755
S3150802D710394698470028EDD03146E288384603F064
S3150802D720B3FC2388A2880133B3FBF2F102FB11335F
S3150802D7302380DFE71D24DEE72224DFE71124DDE765
S3150802D74070B50D460446B8B1B1B1C368B3B111F0AC
S3150802D7502CFA638806466BB1E2882188E368284674
S3150802D76002FB013103F090FC0024304611F018FA4E
S3150802D770204670BD1B24F8E72224F9E71124F7E7AF
S3150802D78070B50D46044610B309B3C3680BB311F05E
S3150802D7900CFA63880646C3B1E288E36821882846FC
S3150802D7A002FB013103F070FC2388A2880133B3FB24
S3150802D7B0F2F102FB113323806388013B6380002464
S3150802D7C0304611F0EDF9204670BD1B24F8E72224F5
S3150802D7D0F9E71124F7E710B5044658B1C3684BB107
S3150802D7E011F0E3F96488B4FA84F4640911F0D8F9FB
S3150802D7F0204610BD0124FBE770B5002506462C46D7
S3150802D800052C20D8DFE804F003070B0F13175B215A
S3150802D8100820D5F7A3F90C210820D5F79FF9D121BD
S3150802D8200820D5F79BF980210820D5F797F900211A
S3150802D8300820D5F793F96C1C2946E4B20820254638
S3150802D840D5F78CF90624A4F10E03012B05D85A2123
S3150802D8500820D5F783F90134D2E7102C05D1BDE8A3
S3150802D86070405D210820D5F779B9B31F195DEFE736
S3150802D870012307B520F07F4040EA8170019068468F
S3150802D8800093FFF7B9FF03B05DF804FB4FF060425F
S3150802D8900123D2F8001E83400B430020C2F8003E43
S3150802D8A070474FF060410122D1F8003E824023EAD8
S3150802D8B002030020C1F8003E7047F8B50E46174627
S3150802D8C0044660B111F07AF905463A4631462046D1
S3150802D8D0D8F754FF284611F06CF90020F8BD22202B
S3150802D8E0FCE710B588B004460E98009207900D988A
S3150802D8F0224606909DF8300005900B9804909DF8F4
S3150802D900280003900020CDE901300B460121D5F706
S3150802D910CDF908B010BD416C436910B5DA1CA1F106
S3150802D9201404B2FBF4F203EBC2000330B0FBF4F0CA
S3150802D930B1F5805F00F1010002D1012828BF01205C
S3150802D940013010BD38B505460C46FFF7E4FF6B6C8F
S3150802D950A3F11402B3F5805F02FB00F005D140F68D
S3150802D960E8736969994288BFCC30E31DB3FBF2F3C9
S3150802D970013304EBC304204438BD38B5054644696F
S3150802D9802146FFF7DFFF6A6CE31D143AB3FBF2F395
S3150802D990013304EBC304204438BD73B506460D466D
S3150802D9A00024F36B01225B6901A928199847019B98
S3150802D9B0013309D1736C043462196A405B421A4214
S3150802D9C0EFD0204602B070BD0024FAE770B50546CE
S3150802D9D00C46D6F73FFEEB6B2046BDE87040DB6887
S3150802D9E0184770B50025044686B00562E369AB425E
S3150802D9F002D8206A06B070BD666C2068E36B052201
S3150802DA005B6901A906FB0500984701A800F080FC9E
S3150802DA1000F0A3FC10B1236A013323620135E5E75E
S3150802DA2038B50446456C006804F1400305FB01015C
S3150802DA30E06B00F09FFC05462046FFF7D2FF28461A
S3150802DA4038BD2DE9F04700254FF0FF384FF6FF7332
S3150802DA500446C1462F46C0E9085386B0E369BB426D
S3150802DA600DD8A5EB0805012D06D94FF6FF7300253B
S3150802DA706362E369AB4226D806B0BDE8F08723683D
S3150802DA80E26B606C566900FB0730052201A9B047B4
S3150802DA9001A800F03DFC824601A800F010FC0646EB
S3150802DAA0504600F05AFC60B1B14588BF6762B0457E
S3150802DAB028BFB046B54238BF3546B146236A013358
S3150802DAC023620137CAE7666C2068E36B052206FB08
S3150802DAD005005B6901A9984701A800F0F0FB01352A
S3150802DAE0C7E7F0B50546002687B0EC69013CB442A3
S3150802DAF003D80C46204607B0F0BD01B14C1E6F6C28
S3150802DB002868EB6B05225B6901A907FB04009847A5
S3150802DB1001A800F0FDFB00F020FC0028EAD121460E
S3150802DB200136E2E7F0B504460D46466CE36B00683B
S3150802DB3087B005225B6901A906FB0500984701A87B
S3150802DB4000F0E6FB00F009FC20B101A800F0B7FBE3
S3150802DB5007B0F0BD29462046FFF7C3FF0646676CA5
S3150802DB602068E36B05225B6901A907FB0600984753
S3150802DB7001A800F0A4FB431CEAD0B54238BF013025
S3150802DB80E6E72DE9F0434FF6FF79D0F824800446FC
S3150802DB900E46C84514BF45460025002787B0E369E7
S3150802DBA0BB4202D807B0BDE8F083E26B2368606C1B
S3150802DBB0D2F814C000FB0530052201A9E04701A8E6
S3150802DBC000F0A6FB022806D0C8450CD1721C2946CD
S3150802DBD02046FFF725FFE3690135B5FBF3F2013766
S3150802DBE003FB1255DBE729462046FFF79BFFB0F1F8
S3150802DBF0FF3F14BF024632460132E8E70368F0B532
S3150802DC00CC1A436C0646B4FBF3F4002587B0F369D5
S3150802DC1037685A1E9542706C08D3706C336800FBDD
S3150802DC20043007B0BDE8F04000F0A2BB0134B4FBF3
S3150802DC30F3F203FB1244F36B05225B6901A900FBAD
S3150802DC400470984701A800F063FB00F086FB0028E1
S3150802DC50E3D10135DBE710B423F0030422449B0722
S3150802DC600A44436C18BF04325B4282EA0104234227
S3150802DC7003D05DF8044BFFF7C1BF10465DF8044BAD
S3150802DC8070472DE9F041D0E90A369E42044686B02D
S3150802DC9028D11422C369456802FB1355284606B0E3
S3150802DCA0BDE8F0812068676C331AB3FBF7F3E26BC1
S3150802DCB007FB0300D2F8148001A90522C04701A870
S3150802DCC000F026FB012804D0636C1D44013B334057
S3150802DCD0ED1A31462046FFF791FF0646A36AB3427C
S3150802DCE0E0D1DBE70025F9E708B508301346D1E9A4
S3150802DCF00012D6F735FC012008BD13B50C460021E3
S3150802DD0021760093616813462246D5F7D9F918B1E8
S3150802DD10E37D03B1A07EA075A07D02B010BD73B5E8
S3150802DD20164600F108050C46284609680DF1070251
S3150802DD3000F0A1F9032E06D16368834203D128466F
S3150802DD40216800F07FF9012002B070BDD01E009B49
S3150802DD5042424241187E824211D11A688A420ED83C
S3150802DD605A688A420BD35A6901325A61D3E90302C5
S3150802DD7082423FBF986840F8221001321A61012098
S3150802DD80704710B5032A029C07D1A26A5340626CF7
S3150802DD905242134201D100F055F9012010BD08B5CF
S3150802DDA0C36800209847BDE80840D6F75BBC01283F
S3150802DDB014BF0420022070B5002442431C70CC7D97
S3150802DDC0101D02F002024CB91AB1012220F003001A
S3150802DDD01A7000F108034868184470BD1AB1012286
S3150802DDE020F003001A7000230C7E01F12005DAB236
S3150802DDF0944201D80020F0E735F833205E1C8242AF
S3150802DE0006D901EBC30300F10802D8691044E4E716
S3150802DE103346801AEBE773B5054690F842601C460E
S3150802DE2030460DF10303FFF7C2FFEB6B012E5B6968
S3150802DE300DD1324601A998479DF8033013B1BDF8B2
S3150802DE4006300193BDF80430236002B070BD01228A
S3150802DE50214602B0BDE870401847F0B505460024D1
S3150802DE604868EB6B87B00E4601225B69029402A9E9
S3150802DE7008309847274695F84230012B40F08480AF
S3150802DE80632C02D9029807B0F0BD612C08D805ABFD
S3150802DE90224631462846FFF7BEFF9DF814301BB3CB
S3150802DEA005AB2246314628468DF81070FFF7B3FFB8
S3150802DEB095F84230012B059B55D14FF6FF729342D6
S3150802DEC000F09680082205A904A800F06DFA059BC1
S3150802DED09DF81010C3F30722914240F08980DBB205
S3150802DEE0029A1A44029283E095F84230012B30D105
S3150802DEF022463146284603ABFFF78DFF31462846B0
S3150802DF0004AB621CFFF787FF3146284605ABA21C05
S3150802DF10FFF781FF102208230DEB02010DF107001E
S3150802DF208DF8073000F040FA102205A90DF1070016
S3150802DF3000F03AFA039BDAB2002A52D19DF807207A
S3150802DF40B2EB132F4DD1DDE9043203EB0243029300
S3150802DF5047E0302C2BD944E09DF80720B2EB134F4B
S3150802DF603FD1049BF3E7013342D0102205A90DEBFA
S3150802DF70020000F019FA059B9DF81010C3F3074238
S3150802DF80914235D19BB2ABE7312C3FF67BAF87D0B6
S3150802DF9005AB224631462846FFF73DFFBDF8143049
S3150802DFA0002B7FF47DAF95F84230012BA0D0224694
S3150802DFB03146284603ABFFF72EFF3146284604AB07
S3150802DFC0621CFFF728FF102320220DEB03010DF137
S3150802DFD007008DF8073000F0E7F9039B9AB2002A8A
S3150802DFE0BAD095F84230012B14BF012302231C44F0
S3150802DFF0013440E713B500240194049C0094D5F734
S3150802E000FFFC02B010BD13B501240194049C0094D0
S3150802E010D5F7F6FC02B010BD00234FF0FF3230B53B
S3150802E02044689C4202D10023037230BD016801EBA9
S3150802E030C30541F833206A600133F2E7C0E90012EA
S3150802E040FFF7EABF0023F0B545689D4210D0046881
S3150802E050DF0054F8332004EBC306B2F1FF3F08D0C1
S3150802E060C2F31302914204D14FF0FF33E3517360B6
S3150802E070F0BD0133E9E70023F0B545689D4202D1B8
S3150802E0804FF0FF300EE00468DE0054F83340671C98
S3150802E09009D0C4F31307B94205D1240D14700368D5
S3150802E0A033445868F0BD0133E8E7704770B5940009
S3150802E0B0224605460E4611F06FF8431C0AD058B997
S3150802E0C022463146284602F0AAFF002814BF3D2000
S3150802E0D0002070BD6E20FCE77120FAE713B50446EE
S3150802E0E001A8D8F7EBF99DF8063023804FF4807320
S3150802E0F06380D8F7FBF96060002002B010BDD8F73C
S3150802E10079B908B5D8F766F9002008BD10B50446EE
S3150802E11044EA010313F00303084609D1934201D1E5
S3150802E120002010BD54F8231040F823100133F5E7F8
S3150802E1302146920002F0A8FFF2E710B5044611F054
S3150802E1402FF8431C10D088B9D8F7D0F9234620F007
S3150802E15003002044984201D1002010BD53F8042B35
S3150802E1600132F7D03E20F8E76E20F6E77120F4E791
S3150802E1700A4601390144D9F789BC13B50023044676
S3150802E18001461B220DF107008DF8073000F00CF945
S3150802E19022689DF80730B3EBD26F0CBF012000202E
S3150802E1A002B010BD13B500230446014620220DF124
S3150802E1B007008DF8073000F0F7F80DF107001A226C
S3150802E1C0211D00F0F1F862689DF80730B3EB926FF3
S3150802E1D00CBF0120002002B010BD0068431C584243
S3150802E1E058417047006810F07E0F0CBFC0F3C1603B
S3150802E1F0002070470068C0F3D3107047006800F02B
S3150802E2007F0001288CBF002001207047036813F0A5
S3150802E2107E0F14BF042008207047036813F07E0F90
S3150802E22003D1406820F07C40704713F078001CBF89
S3150802E23003F07F03D81F7047006800F07F0070471D
S3150802E240032809D0022803D1C1F10201C8B27047D6
S3150802E25000290CBF07200020704737B5054601F193
S3150802E2600C0443696946012220469847BDF80030E6
S3150802E270012201932046AB6901A9984703B030BD34
S3150802E28037B501F10C044369012269460546204661
S3150802E29098474FF6FF72009B99B291420DD11B0C1B
S3150802E2A01B0443F4254343F0A503019301222046A8
S3150802E2B0AB6901A9984703B030BD0020FBE737B523
S3150802E2C0044600251B22011D0DF107008DF8075093
S3150802E2D000F06AF860689DF80720B2EBD06F03D1A8
S3150802E2E020F0784003B030BD0DF107001B2204F17F
S3150802E2F008018DF8075000F057F8A0689DF8073016
S3150802E300B3EBD06F01D1C043EAE74FF0FF30E9E73C
S3150802E3104BF29A22036810B5B2EB134F044613D197
S3150802E3209BB2012B13D1FFF7CAFF01300CD04FF66F
S3150802E330FF72E068B2EB104F4FEA104309D180B280
S3150802E340C01A18BF012010BD2368013303D0042068
S3150802E350F9E70220F7E70320F5E701288CBF00203A
S3150802E36001207047033801288CBF0020012070471E
S3150802E370143070472DE9F041054698460369084668
S3150802E3800E4617469847044638B943463A46314632
S3150802E3902846D6F7D7F9044618B131462846FFF774
S3150802E3A05CFF2046BDE8F0811F2A0B689EBF4FF02E
S3150802E3B0FF3191408B43590801F055315B1A03F03E
S3150802E3C033319B0803F033330B44017803EB131301
S3150802E3D00A444FF0013103F00F334B43A2EB1362A9
S3150802E3E00270704770B5054614460E4610F0DDFBFE
S3150802E3F02B685C4034405C402C60BDE8704010F0ED
S3150802E400CFBB08B50FF096F9BDE808400021D6F74C
S3150802E410EDBC0029CCBF01210021D6F7E7BC0221B9
S3150802E4204FF42070D7F7D8B87047704770477047CF
S3150802E4307047436D0B42FCD1704708B54368DA074B
S3150802E44014D58368DB0702D50369D90707D50A23DA
S3150802E45050218363FFF7EDFF836C9A07FCD10122F3
S3150802E46000F500535A6043689B07FCD408BD38B5CB
S3150802E4700A46044619B9BDE83840FFF7DEBF01214E
S3150802E48000F58053596002F00F0540F6FF71FFF759
S3150802E490D0FF78218563FFF7CCFF02F0010352070C
S3150802E4A048BF43F00203A26C02F003029A42FAD171
S3150802E4B038BD836C5B06FCD541647047836C5A068B
S3150802E4C0FCD54164836C1B06FCD5C06B80B27047D1
S3150802E4D000231A46D7F778BCFFF7FABF70B5054688
S3150802E4E014460E4610F061FB2B685C4034405C40D3
S3150802E4F02C60BDE8704010F053BB0346142B084647
S3150802E50004D00AD8012B08D0122B06D1022803D030
S3150802E510032808BF01207047002070470A4392B2B9
S3150802E5200021D7F7ADBF3AB122F0030202F1A042A9
S3150802E53002F5603209B9106070470002FBE7036B07
S3150802E540DA0702D503695B06F9D4704710B5FFF7F7
S3150802E550F6FF0122044600F500531A63236B9B0754
S3150802E560FCD40B794A881B0243EA82438A7A13430C
S3150802E5704A7843EA8213CA7A43EAC2130A7B43EA0F
S3150802E58042134A7B43EA02138A7B43EAC203CA7BE3
S3150802E59043EAC2238A7943EA0243CA7943EA4243EF
S3150802E5A00122636004F580531A630A780AB90223C2
S3150802E5B0E360002363624B79087A1B01497A43EACE
S3150802E5C080030B43A3600AB10123E36010BD4368CD
S3150802E5D0DB0702D5436D0B42F9D1704708B540F601
S3150802E5E0FF71FFF7F4FF012300F58052536008BD5F
S3150802E5F04368012B04BF00F5005043607047436827
S3150802E6009B07FCD4704708B540F6FF71FFF7DFFF9A
S3150802E610012300F58052936308BD08B540F6FF71E1
S3150802E620FFF7D5FF022300F58052936308BD08B5AC
S3150802E63040F6FF71FFF7CBFF042300F58052936380
S3150802E64008BD08B540F6FF71FFF7C1FF082300F5BC
S3150802E6508052936308BD836C836C1B0600D4704793
S3150802E660C36BF9E74FF48072836C00F580539A63A3
S3150802E670836C9B01FCD47047836C5A06FCD54164B3
S3150802E680836C1B06FCD5C06B80B27047B0FBF1F0F9
S3150802E6900138704770B5054614460E4610F085FADD
S3150802E6A02B685C4034405C402C60BDE8704010F03A
S3150802E6B077BA3AB122F0030202F1A04202F56032B9
S3150802E6C009B9106070470002FBE7704700F005B809
S3150802E6D009B1D8F719B92220704700207047D8F730
S3150802E6E05DB9D8F741BBD8F77BBB40B2D8F7AABB0E
S3150802E6F070B50C46154610B9D8F71CFC38B14368F4
S3150802E7002BB12A462146BDE87040006818472320E7
S3150802E71070BDF7B50D4616461C4648B103B901AC9D
S3150802E720C7685FB12346324629460068B84706E0FD
S3150802E730D8F700FC04B901AC0028F1D1232003B0B4
S3150802E740F0BDF8B50C461546064658B9D8F7F2FB99
S3150802E75020462946DDF7D0FA0446002CD4BF3720D6
S3150802E7600020F8BDD8F7E6FB86420746F0D03046C9
S3150802E770D8F7D4FB29462046DDF7BEFA04463846C2
S3150802E780D8F7CCFBE9E70EB403B503AA52F8041B83
S3150802E7900192FFF7D6FF02B05DF804EB03B07047AB
S3150802E7A0D0F8A4301B689A6C120643BFDB6B0020B4
S3150802E7B00B701B207047D0F8A43001221B6819B1D0
S3150802E7C003F580531A65704703F500531A65DA6430
S3150802E7D0704708B5D0F8A4301868FFF76AFE00201B
S3150802E7E008BD0068D0F8A4301B68DA6CD20708D5D1
S3150802E7F0012103F50052D1649B6C9B0601D500F0FA
S3150802E800C0B9704700207047FEE74FF40053002056
S3150802E8104B607047012070470020704707B50020FB
S3150802E82001AB0190FFF775FF0198002808BF4FF06A
S3150802E830FF3003B05DF804FB10B514460020FFF75D
S3150802E84057FF204610BD80F89910704790F8990036
S3150802E850704790F89600704710B50446D8F722FD1F
S3150802E86038B1236DD4E912020244934218BF1846FE
S3150802E87010BD3022237D534303F1A04303F58023C1
S3150802E880DB6EEFE70023506910B5903000F8043CC0
S3150802E8901446FEF7E3FE08B1D8F766FD63681BB1B6
S3150802E8A000212046A2689847002010BD90F89430AF
S3150802E8B070B505460C46C3B10B69B3F5006F16D899
S3150802E8C010F07CF995F88C30064665614BB1214605
S3150802E8D005F19000FEF7BBFE304610F06AF90020FB
S3150802E8E070BD2046D8F740FDF6E70E20F8E721204E
S3150802E8F0F6E792F8543037B5144633B1936D0BB137
S3150802E900D06D9847002384F8543094F89A301BB394
S3150802E9102046D8F7C7FCF8B1236E132120465B6858
S3150802E92098471025236E20461B680DF10701984764
S3150802E93078B99DF8073003F0FD02112A05D1A3F133
S3150802E94011025342534184F8A030013D15F0FF05E8
S3150802E950E8D12046D8F736FD002084F8540003B0E3
S3150802E96030BD2DE9F04790F8949004460D461646B8
S3150802E970B9F1000F40F08B8090F8998010F01EF9DB
S3150802E98094F89530074673B194F898305BB184F8D9
S3150802E990959010F00AF90121814608460FF0C6F84B
S3150802E9A0484610F0FDF8384610F003F92E44B542F1
S3150802E9B005D1236E012120469B68984754E094F8B6
S3150802E9C09A30002B3DD0207DD4F700FB2046D8F79D
S3150802E9D087FC0746207DD4F719FB97BB10F0EEF8A3
S3150802E9E00746207DD4F7F2FA2046FFF735FFA26CD8
S3150802E9F000F1FF39914538BFE36C94F854A038BF4B
S3150802EA0003F1FF33207D38BF02EB0309D4F7FEFA80
S3150802EA10BAF1000F12D14B46D4F89C108B420BD098
S3150802EA2013F80129112A01D0132A20D1A2F11103C0
S3150802EA305A425A4184F8A020C4F89C90384610F0ED
S3150802EA40B8F894F8A030002BB1D0236E2F462A7856
S3150802EA505B68B8F1000F12D1236E20465B683978DD
S3150802EA60013598470028A2D00020BDE8F087A26C9D
S3150802EA709A4282BFE36C03F1FF339B18CEE70A2A58
S3150802EA80EAD10D21204698470028E5D0ECE70E206A
S3150802EA90EBE7F8B504460D4610F090F894F8963070
S3150802EAA00646ADB17BB994F8983063B110F07DF89B
S3150802EAB00121054608460FF039F8284610F070F885
S3150802EAC0012384F896303046BDE8F84010F071B854
S3150802EAD0002BF8D010F069F80746294601200FF0F6
S3150802EAE025F8384610F05CF884F89650EBE738B506
S3150802EAF048B10024056810F061F8C5E9164410F01B
S3150802EB0058F8204638BD2220FCE770B50468054649
S3150802EB1094F8946086BBFFF7EAFFD8F70BFA8542AA
S3150802EB2002D13046D8F7FAF9236E93F91000D8F7CE
S3150802EB30E7F9236E93F91000D8F7B4F9236E93F91F
S3150802EB401100D8F7DDF9236E93F91100D8F7AAF95F
S3150802EB50207D0EF065FE207DD4F7B8F9D4F794F936
S3150802EB600023C5E90033C5E90533EB60236E204669
S3150802EB70BDE87040DB6818470F2070BD0068D8F7FB
S3150802EB8021BC2DE9F041044610F018F894F89530A6
S3150802EB90054603F0FF08A3B90127236E41469B6881
S3150802EBA02046984784F895700FF0FFFF06464146BF
S3150802EBB038460EF0BBFF30460FF0F2FF022384F808
S3150802EBC0A1302846BDE8F0410FF0F3BF0E2070478A
S3150802EBD00E207047704770477047F8B50C468D1877
S3150802EBE0073552421540A5F108070646384600F091
S3150802EBF05AFAA0883B1B618800EBE30080B2A1EBBE
S3150802EC00E30125F8040C25F8061CA188DA10D1B10F
S3150802EC10A4EBC101B1F802C0C88002EB0C0048801F
S3150802EC20E188B9B18A1A92B204EBC10125F8022C1D
S3150802EC308A80A2888AB9B2681344F268B36093429A
S3150802EC4088BFF3600EE015F8081C41F0020105F8CA
S3150802EC50081CE5E725F8021CEBE7A4EBC2042278B8
S3150802EC60D207E8D43846F8BD2DE9F04F17464FF0DB
S3150802EC70000887B07A1C109A054614BF3C46082439
S3150802EC80CDF81480002A00F0CB80C2F80080002953
S3150802EC9000F0C88042688A4240F2C480073103F015
S3150802ECA0010921F007060FF089FF05AACDE90082BE
S3150802ECB082463A464B463146284600F0F8F9059F01
S3150802ECC0834607B130B950460FF073FF192007B0D3
S3150802ECD0BDE8F08FB7F8028029694FEAC802C0EB8F
S3150802ECE0C8080139B8F1270F29617ED9B9F1000F91
S3150802ECF055D1864206F108084CD02246394628469E
S3150802ED00FFF76BFF04460590059B9844404600F0C2
S3150802ED10CAF9059906F10F004A88C308A2EBD00280
S3150802ED20A8F80220CA88A8F80430002A34D0D31AD0
S3150802ED309BB201EBC202A8F8063093808B88F608CC
S3150802ED40A380B8F804303A46E380414600232846B1
S3150802ED50668000F019FAAB68EA6808339342AB603A
S3150802ED6088BFEB60237843F0010323702B690133D4
S3150802ED702B616288AB68504603EBC203EA68AB6054
S3150802ED80934288BFEB600FF014FF109B08340020F3
S3150802ED901C609CE73C46B7E7A8F80620CEE707EBD7
S3150802EDA008042046039200F07EF90BF10703DB08FC
S3150802EDB00599638008F10703DB08A380CB8893B122
S3150802EDC0DB00039AD81D821A5A44C2F3CF020B44B7
S3150802EDD0E2809A80A38808F1FF384FEAD808A1F89A
S3150802EDE00280CB80B7E7E380F4E7B9F1000F1BD0C6
S3150802EDF007F10803B3FBF4F204FB1233B3B122465C
S3150802EE0039462846FFF7E9FE044623783A4643F090
S3150802EE100103237021460123284600F0B5F9A8E725
S3150802EE20222054E7212052E78642E8D13C46ECE705
S3150802EE3007B500224FF0FF3101AB0192D8F782FDE8
S3150802EE40019803B05DF804FB07B5009313464FF02B
S3150802EE50FF32FFF709FF03B05DF804FB2DE9F04F17
S3150802EE600C4685B0002900F0EA8008460EF0C8FD77
S3150802EE700546D0E905680FF0A1FE14F808EC34F847
S3150802EE8006CC1EF0010F019002D0BCF1000F06D18C
S3150802EE9001980FF08EFE012005B0BDE8F08FA96833
S3150802EEA0D5F810B034F8049CA1EBCC010BF10103A0
S3150802EEB0A4F108070CF10102A9602B61B9F1000F50
S3150802EEC043D04FEAC9030293A7EBC903D888B3F81C
S3150802EED002A0039018780EF0020EC00725D4BEF1E0
S3150802EEE0000F25D10398A0EB0A0EBEF1010F2CD113
S3150802EEF00CF1020208395244C5F810B0A96034F878
S3150802EF0002ECBEF1000F22D114F8081C24F806EC14
S3150802EF106EF3000104F8081C013A5A801A786EF357
S3150802EF2000021A700022DA8045E0BEF1000F0CD00A
S3150802EF3002984A44091AA96014F8081C6FF3410199
S3150802EF4004F8081C00219980D9E73B46D7E707EB66
S3150802EF50CE0AD5E9001001EB0009CA450ED314F80A
S3150802EF60081C013A6FF3000104F8081C002124F872
S3150802EF70061C5A801A7861F30002D2E717F83E7027
S3150802EF80514617F001072FD014F8087C013A6FF39F
S3150802EF90000704F8087C002792B224F8067C5A80F7
S3150802EFA01A7867F300021A70C3F107020A44C2F319
S3150802EFB0CF02DA808A80002E3FD0B3423DD37288D0
S3150802EFC0002A08BF1E46B8F1000F06D0434504D8EA
S3150802EFD0B8F80220002A18BF43460198C5E9056316
S3150802EFE00FF0E7FD002057E7AEEB0C0EBEF1010F5E
S3150802EFF0CAD1BAF802C0AAF802709444BAF806202E
S3150802F000CAB10AEBC20100272A69013A2A61AA682B
S3150802F010083AAA6014F8082C24F8067C6FF3000252
S3150802F02004F8082C1A78A3F802C067F300021A70CB
S3150802F0300029B9D176E71146E5E71E46C3E722203D
S3150802F0402AE701460020FFF709BFFFF7FABF70B5A6
S3150802F050049E15461A4696B1002333608DB181B1D6
S3150802F0604D4333462946FFF7EFFE044628B9306872
S3150802F07018B12A46214601F0FCFF204670BD22241B
S3150802F080FBE72124F9E707B5002201AB0192D8F77D
S3150802F0906FFC019803B05DF804FB0846FFF7C8BE8B
S3150802F0A00846FFF7D2BF0023036043607047F0B5F6
S3150802F0B0D0E90540551C08BF0822002B4FF0000571
S3150802F0C018BF0446DDF818C0CCF80050002C37D01B
S3150802F0D09DF814706588FF0007EBC505C2F1000E9E
S3150802F0E02078C00708D51BBBE088A0B104EBC00492
S3150802F0F0658807EBC505F3E78D42F4D363B904F1D6
S3150802F1000806B6FBF2F002FB106670180EB1A842AA
S3150802F110EAD8CCF80040F0BD082A0FD06088013042
S3150802F12004EBC000461A06EA0E06801B8542F0D298
S3150802F130A0880028EFD0A4EBC004D9E70846E8E780
S3150802F1402046E8E7034610461A69DAB108B921B932
S3150802F15018680378DB0702D470479869F9E739B962
S3150802F160C3887BB100EBC3000378DA07F8D470478B
S3150802F170012907D183882BB1A0EBC3000378DB07EB
S3150802F180F8D47047002070472DE9F041D0E90545CB
S3150802F190074688461646F3B194420FD042B19542C5
S3150802F1A015D1424601213846FFF7CCFF05460EE047
S3150802F1B00A463146FFF7C6FF0446F2E70A46002129
S3150802F1C0FFF7C0FFB5420446EBD0002EE9D0C7E9E7
S3150802F1D00545BDE8F081944208D08C4228BF0C460A
S3150802F1E0B54205D0454538BF4546F0E70C46F7E730
S3150802F1F04546ECE738B51C46C3E900010023C4E9D5
S3150802F2000500C4E90233236122776362FFF74BFFE5
S3150802F21023690139C908013341802361A368E26879
S3150802F220083393424FF00000A36088BFE36038BDFD
S3150802F23008B5D8F7A3FC08BD002307B568460093AE
S3150802F2408DF80430D6F7CAFB03B05DF804FB10B597
S3150802F2500FF0ABFC04460EF00BFC2046BDE810404E
S3150802F2600FF09EBC4FF4C870D8F720BD70477047A0
S3150802F270704708B501F015FE01F021FE01F028FEDF
S3150802F280FFF7F6FF01F03DFEBDE8084001F04ABE71
S3150802F29008B5D8F73FFBFFF718FAFFF7E7FFD7F7E6
S3150802F2A0E5FDD7F7A3FCFFF71AFAD8F7EFFDD8F76B
S3150802F2B09FFCD8F789FBFFF7DAFF00F007F801F0A1
S3150802F2C0FDFDBDE80840FFF7D4BF704708B501F059
S3150802F2D0E3FD01F0E2FD01F0E1FD01F0E1FDFFF7DA
S3150802F2E0F4FF08BD08B501F024FE01F023FE01F083
S3150802F2F023FEBDE8084001F021BE00F000B807B5BC
S3150802F30013200DF10601FFF7E3F9BDF8060003B075
S3150802F3105DF804FB10B504460A210DF0E7FA40F63B
S3150802F320E44120460DF0E4FA002010BDFF207047A4
S3150802F330F2F766BF0DF013BC01F0B1BA01207047AF
S3150802F3400020704770B506460D4614468CB0CAB101
S3150802F3501022002108A801F08CFE002207AB0293B6
S3150802F36005AB019306AB00933046294608ABCDE9B7
S3150802F3700522D8F7C9FF18B9099B6360059B236064
S3150802F3800CB070BD6FF08600FAE708B501F087FA8F
S3150802F390002814BF6FF09200002008BDFFF7F5BFE2
S3150802F3A0F0B51C4600238BB023600F46164601F0C3
S3150802F3B076FA70B968460FF054FE054648B93246E1
S3150802F3C039466846DBF712F810B926600BB0F0BD6D
S3150802F3D025606FF09200F9E720F00803102B05D09C
S3150802F3E0202814BF6FF0860000207047002070475F
S3150802F3F020F0FF03B3F5824F06D14138C0B2012887
S3150802F40094BF0020012070470020704710B50024E1
S3150802F410436814601B0A04D0012B0AD06FF08500DA
S3150802F42010BD0088FFF7E4FF00B10131002011602A
S3150802F430F6E72C31FAE7406810B5000A029C04D0B8
S3150802F440012807D06FF08B0010BD934209D96FF0DF
S3150802F4508C00F9E703F12C009042F8D8103103F139
S3150802F4601C020020C4E90412EEE7F0B50B46C16897
S3150802F470044601298DB002D000200DB0F0BD2B2A1A
S3150802F48002D86FF08900F8E713F003071A460DD081
S3150802F49001AD03F1280C2E4610685168083203C6DE
S3150802F4A062453546F7D1106801AA306001211180FC
S3150802F4B0002151802168516061689160A168D1601C
S3150802F4C0002FD9D001AA15460BAE144603CCB44276
S3150802F4D018605960224603F10803F6D120681860BD
S3150802F4E000231A46EA5401332C2BFBD1C4E72DE933
S3150802F4F0F0470F4692469946054694B078B171B1DF
S3150802F5006AB14288D31D072B4FEAD3085BD003881A
S3150802F51003F4E043B3F5805F04D1530708D06FF0D4
S3150802F520860427E0B3F5005FF7D0B3F5804F4AD0DB
S3150802F53002AE20220021304601F09BFD32464146AA
S3150802F5402846D9F7EFFA0446A0B943465246394641
S3150802F55028460096FFF76FFF044658B92822014647
S3150802F5600DEB020001F085FD0AA80FF07AFD28B11D
S3150802F5706FF09204204614B0BDE8F08731460AA817
S3150802F58001F064FB58B1482814BF6FF092046FF07B
S3150802F59085040AA801F085F90028EBD0E8E76B682C
S3150802F5A01B0A012B06D04A4641462846FFF72EFF7C
S3150802F5B00446EEE7524639463046FFF756FF0446FA
S3150802F5C00028F0D0E5E76FF08504D3E72DE9F0438C
S3150802F5D09DB00D46DDE9248916461F4604460028D5
S3150802F5E068D0002966D0002A64D0002B62D0B8F110
S3150802F5F0000F5FD0B9F1000F5CD02022002102A8CB
S3150802F60001F037FD20463246294602ABD9F708FBF8
S3150802F6100446F8B90AAD02AE0FCE0FC596E80F003A
S3150802F62085E80F000C9A7B1C22F080720E9322F456
S3150802F630804208F1020323F0030342F4005201A9AF
S3150802F6400AA80D940F930C92019401F05AF928B165
S3150802F6506FF0920420461DB0BDE8F083019B01338A
S3150802F6604345019329D82822214612A801F001FD13
S3150802F67012A80FF0F6FC0028EAD10AAA02A912A8D3
S3150802F680DAF7E8FF012812D058B1482814BF6FF0FC
S3150802F69092046FF0850412A801F003F90028D9D064
S3150802F6A0D6E704233B70019BC9F80030F3E76FF0F5
S3150802F6B08B04F0E76FF08604CCE76FF08904C9E79C
S3150802F6C0FFF715BFFFF782BF2DE9F04F9FB015462A
S3150802F6D0DDE928AB0F46994606462A9A002800F025
S3150802F6E09F80002B00F09C80BAF1000F00F09880F2
S3150802F6F0002900F09580002D00F09280BBF1000FE2
S3150802F70000F08E80002A00F08B800023B0F800807B
S3150802F710CBF8003008F44F41EB00B1F5824F136085
S3150802F7205FD15FFA88F112290ED128F0FF01B1F5EF
S3150802F730824F02BF083B5B0813601368B3F5047F68
S3150802F74004BF40F20923136000232A46039339466D
S3150802F750304603ABD9F730F9044600283DD1039C5D
S3150802F76040460734E408FFF743FE08B1013D013776
S3150802F7700DF11008202200214046039401F079FC7D
S3150802F780214642463046D9F7CDF9044628BBC64635
S3150802F7900DF1300CBEE80F00ACE80F009EE80F0032
S3150802F7A08CE80F00EB1C214623F00303282214A839
S3150802F7B0CDE90F47119301F05CFC2B4652464946A8
S3150802F7C03046CDF80080FFF736FE044628B914A85D
S3150802F7D00FF047FC38B16FF0920420461FB0BDE81F
S3150802F7E0F08F2C46C4E742460CA914A801F0A3FAE6
S3150802F7F098B9524649464046FFF737FE044600285E
S3150802F800EBD15A4629463046FFF700FE044614A8AD
S3150802F81001F047F80028E0D0DDE76FF09204F6E73A
S3150802F8206FF08604D9E72DE9F0479CB00C46DDE96E
S3150802F830249A15461F468046002866D0002964D0B9
S3150802F840002A62D0002B60D0B9F1000F5DD0BAF160
S3150802F850000F5AD08368DB075AD52022002102A856
S3150802F86001F007FC21462A46404602ABD9F7D8F9E9
S3150802F870044638BB0AAD02AE0FCE0FC596E80F0096
S3150802F88085E80F0001A90AA8B8F80050019401F00A
S3150802F89038F801462846FFF7ABFD012804BF0423C2
S3150802F8A007F8013B4FF0000308BF09F1FF39CDE91C
S3150802F8B00D3709F1030323F0030305460F9329B114
S3150802F8C06FF0920420461CB0BDE8F087019B4B45B9
S3150802F8D021D8282212A801F0CCFB12A80FF0C1FBEE
S3150802F8E00028EDD10AAA02A912A801F06CFA48B9B1
S3150802F8F0019B2B44CAF8003012A800F0D2FF002858
S3150802F900E0D0DDE76FF09204F6E76FF08604D9E7F8
S3150802F9106FF08404D6E76FF08904D3E710B404883D
S3150802F92004F4E044B4F5805F06D0B4F5005F03D072
S3150802F9305DF8044BFFF7DBBD6FF085005DF8044BFD
S3150802F940704770B40488DDE9035604F4E044B4F55C
S3150802F950804F04D0CDE9035670BCFFF737BE6FF06F
S3150802F960850070BC7047F8B51E4603880F4603F437
S3150802F9704F43B3F5824F154610D1089BD9F71CF8A9
S3150802F980044648B9069B9D420BD82A463946304654
S3150802F99001F07AFB079B1D602046F8BD6FF08504CF
S3150802F9A0FAE76FF08904F7E7D8F7EABEF0B5044636
S3150802F9B017461E460D468DB0D1B1C8B12022002188
S3150802F9C004A801F056FB3A462946204604ABD9F765
S3150802F9D027F958B9169B31460293159B04A8019339
S3150802F9E0149B0093DDE91223D9F728FA0DB0F0BD6E
S3150802F9F06FF08600FAE7D9F751BB10B413460C46E6
S3150802FA00014640B104B932B9224601F160005DF8F7
S3150802FA10044BD9F79BBA6FF086005DF8044B704722
S3150802FA2013B50C46014650B14CB142B13BB10093F5
S3150802FA30603013462246D9F7CFFA02B010BD6FF0EE
S3150802FA408600FAE708B528B19822002101F011FBD1
S3150802FA50002008BD6FF08600FBE7D8F711BFD8F77C
S3150802FA608FBEF0B5044615461F460E468DB019B927
S3150802FA706FF086000DB0F0BD0028F9D020220021D3
S3150802FA8004A801F0F6FA2388CDE90865B3F5105FF4
S3150802FA90EED16388C02B16D0B3F5807F15D0802BA4
S3150802FAA015D110208542CDE90400E1D3169B3946CB
S3150802FAB00293159B04A80193149B0093DDE9122374
S3150802FAC0D9F7BCF9D6E71820ECE72020EAE76FF069
S3150802FAD08500CFE7F8B50E4614461D4607460028A8
S3150802FAE03DD0E1B302B9D3BB5C220021384601F00E
S3150802FAF0C0FA31463846069AD9F704FAA0B9728886
S3150802FB00D208182ABA6510D0202A1BD0102A26D164
S3150802FB100F2D24D907F1380304F1100254F8041BF7
S3150802FB20944243F8041BF9D1F8BD172D17D907F1EA
S3150802FB30380304F1180254F8041B944243F8041BD0
S3150802FB40F9D1F1E71F2D0AD907F1380304F120028A
S3150802FB5054F8041B944243F8041BF9D1E4E76FF006
S3150802FB608600E1E7FFF7B6BF70B50D4616460446AE
S3150802FB7088B098B101B98AB900212022684601F0F5
S3150802FB8078FA21466846D9F7C5FA28B933462A4685
S3150802FB9069462046D9F7DAF908B070BD6FF08600D3
S3150802FBA0FAE7F0B50D4616461F4604468BB0A8B1CD
S3150802FBB0A1B19AB193B10021202202A801F059FA03
S3150802FBC0214602A8D9F7A6FA30B933462A4620466C
S3150802FBD0009702A9D9F700FA0BB0F0BD6FF08600BC
S3150802FBE0FAE708B528B15C22002101F042FA0020A2
S3150802FBF008BD6FF08600FBE7D8F742BE08B50FF0DE
S3150802FC00A3F9002008BD10B5044608B1D9F7A4FA2D
S3150802FC102046BDE81040FFF718BA00F4E040B0F5F8
S3150802FC20805F04D0A0F5005358425841704701201E
S3150802FC3070472DE9F0411F4600F0FE4386B0B3F146
S3150802FC40106F1646DDE90CCEDDF838800BD120F0B0
S3150802FC501F6424F4702434B9D1E908234C68240AB1
S3150802FC6004D0012C0CD06FF0850006E0CDE903E83C
S3150802FC70CDE9017C0096FFF7BFFF06B0BDE8F0812B
S3150802FC80CDE903E8CDE9017C0096FFF7E6FEF4E745
S3150802FC903AB1002918BF00232121D21A184401F0CB
S3150802FCA0E8B9704738B5037904460D464BB9636916
S3150802FCB000202B60237E012B0AD028606FF0960065
S3150802FCC005E0D0E9081200F046FD0028EFD038BD5D
S3150802FCD002232376FBE700232DE9F3414668D0F891
S3150802FCE0148004460F4630461146136000F004FDA0
S3150802FCF0054688B9304600F001FD054660B9F6B2F8
S3150802FD0076B9B8F1000F05D1A06820F47F4020F03B
S3150802FD10030060B16FF08605284602B0BDE8F0819F
S3150802FD200146606900F0C0FC0028EDD1F2E74FF603
S3150802FD30F87362889A4219D894F80480B8F1000FC9
S3150802FD4000D101A83946D9F7EFFF05460028E3D1C5
S3150802FD500FCC3F683E460FC694E8030086E80300C8
S3150802FD60B8F1000FD8D1019B7B61D5E76FF0850505
S3150802FD70D2E741F2052398421AD8B0F5905F09D224
S3150802FD8041F2010398420CD0B0F5885F09D06FF0B2
S3150802FD90850070472923A0F5905080B2C340DB073F
S3150802FDA0F5D511F0070F0CBF00206FF086007047DB
S3150802FDB0B0F5105FEBD121F04003802B06D0B1F5E8
S3150802FDC0807F0CBF00206FF08600704700207047C6
S3150802FDD070B5046A05460E463CB90120FFF753F989
S3150802FDE0286228B120466E6270BD6FF08A00FBE772
S3150802FDF06FF08C00F8E7F8B50F4611460646154629
S3150802FE00FFF7E6FF044620B92A463946306A01F06A
S3150802FE103BF92046F8BD2DE9F041089D88461F4664
S3150802FE20048802B32046FFF7F8FEE0B12B680BB947
S3150802FE30D3002B6020462968FFF79BFF044678B952
S3150802FE40CE1DB2EBD60F11D1069B9A4211D8414666
S3150802FE50384601F019F92B68079A0733DB0813604D
S3150802FE602046BDE8F0816FF08504F9E76FF0860455
S3150802FE70F6E76FF08904F3E710B50446006A10B195
S3150802FE80616AFFF7C0FE0020C4E9080010BD38B554
S3150802FE900546FFF7F1FF2B7E0446012B0ED0023BE7
S3150802FEA0012B0ED8EB69012B18BF6FF09604282296
S3150802FEB00021284601F0DDF8204638BDEB69002B03
S3150802FEC0F2E76FF09604F2E713B50446C0B101A94A
S3150802FED0D9F76AFF044698B9019B1A7E022A12D1FB
S3150802FEE003221A761A79FF2A10D01AB1586900F035
S3150802FEF017FC0446019800F0E8FB002818BF0446E0
S3150802FF00204602B010BD6FF09604F3E76FF0840442
S3150802FF10F0E773B5054608460C4600F0C0FA00231A
S3150802FF2028461A4601A9D9F799FA50B9019E3546C3
S3150802FF300FCD0FC495E8030084E80300304600F0AD
S3150802FF40D9FB02B070BD70B5144602881D4610462C
S3150802FF50049EFFF762FE68B944F2010322F4405098
S3150802FF60984207D002F44F42B2F5824F02D0B2F558
S3150802FF70844F0ED1B4420FD82246284601F084F89F
S3150802FF800021321B281901F074F80020059B1C6019
S3150802FF9070BD6FF08500FBE76FF08900F8E7F0B5F2
S3150802FFA00F461E46154685B04AB300230122336022
S3150802FFB003A9D9F753FA044658B903984368D0E90E
S3150802FFC008121B0A08D0012B13D000F093FB6FF01E
S3150802FFD08604204605B0F0BD3B46CDE90056FFF73C
S3150802FFE0B2FF0446039800F085FB002C08BF0446BE
S3150802FFF0EFE73B46CDE90056FFF715FCF1E76FF050
S315080300008904E6E770B514460288049D02F4E040C5
S31508030010B0F5804F1CD144F2010022F440568642C3
S3150803002007D002F44F42B2F5824F02D0B2F5844F9D
S315080300300ED1AC420FD81846224601F025F8002106
S315080300402A1B204401F015F80020059B1C6070BD8F
S315080300506FF08500FBE76FF08900F8E7F0B50F4608
S315080300601E46154685B00AB3002303A91A4633600C
S31508030070D9F7F4F9044638B9039803885B0406D418
S3150803008000F038FB6FF08604204605B0F0BDCDE9D5
S3150803009000563B46D0E9081200F0CEFA0446039808
S315080300A000F028FB002C08BF0446EDE76FF089042F
S315080300B0EAE710B50446006868B104280CD0052899
S315080300C00FD06FF0860000232360A38823F4FF7301
S315080300D023F00103A38010BD04F10800FFF781FD97
S315080300E0F1E704F10800FFF7ADFCECE70123D9F7C4
S315080300F011BC38B505462B68D3B112B9002420467E
S3150803010038BD042B07D0052B0DD06FF0860428467F
S31508030110FFF7CFFFF3E705F10800FFF725FD0446D0
S315080301200028EBD0F3E705F10800FFF766FCF6E7CE
S315080301306FF08804E3E72DE9F041054600680E46AB
S315080301401746984648B36A79D20726D52A7922B339
S31508030150BA4225D804280ED0052819D06FF086048C
S315080301600023C8F800702B71EEB92846FFF7A1FFE4
S315080301702046BDE8F08105F10800FFF712FD0446A5
S315080301800028EDD17EB92846BDE8F041FFF791BFB7
S3150803019005F10800FFF744FCF1E76FF08804DFE791
S315080301A06FF08904DCE721463A463046D8F8003032
S315080301B0FFF76EFD2846FFF77CFF002C08BF0446B1
S315080301C0D6E71FB501240394089C0294079C01945F
S315080301D0069C0094D9F774FA04B010BD0368194352
S315080301E00CBF0120002070472DE9F04707469A46C1
S315080301F0002386B0059307F0FE43B3F1106F084654
S31508030200DDE90E589146109E0BD0002D48D128469D
S31508030210356000F06FFA6FF08604204606B0BDE835
S31508030220F0873B464FF4804205A9D9F717F90446E8
S3150803023028B175BB3560059800F05CFAEDE70599BA
S315080302400B8823F0FF03B3F5E24F02D0B3F5E44F6F
S315080302500CD14B880733B8EBD30F07D21DBB08461F
S31508030260356000F047FA6FF08904D6E753464A46E5
S315080302703846CDE901860095FFF7DBFC04463DB910
S315080302800598356000F036FA002C08BF0446C4E723
S3150803029060B141462846D9F7C3F8C6F80080CAE7CD
S315080302A06FF08604F5E76FF08904F2E7059800F026
S315080302B021FA0446B1E7D9F7B3B808B50088DDE9EA
S315080302C00221FFF7AAFC20B1BDE808401046D9F77A
S315080302D0A7B86FF0850008BD2DE9F04F1E46002329
S315080302E089B01746129ACDE90533136043888146C8
S315080302F00D46002B00F0D080038803F4E043B3F5E2
S31508030300804F00F0C98031462846FFF767FF00286B
S3150803031000F0C280484606AA05A9FFF7DCFC044696
S31508030320002840F08580059B5B6A9BB1DDF8149035
S31508030330CA46D9F80430D9F820B01B0A5AF8248FCC
S315080303407BD0012B00F0A1806FF086040598FFF798
S3150803035093FD6DE0D9F804301A0A62D1B9F800A002
S31508030360B9F802105046FFF758FC80B15046FFF71C
S3150803037000FD044600285BD10AF4E043B3F5805F29
S3150803038002D0B3F5005F0AD10731CA0817E02AF08D
S31508030390FF03B3F5E24F37D06FF0850448E00AF45C
S315080303A04F43B3F5844FEFD047F201039A450FD174
S315080303B049080131C90801EBC10101F13B02079262
S315080303C007990598FFF704FD04460028AED02FE0E9
S315080303D044F201039A4503D1C90801F11002EEE775
S315080303E047F202039A4505D1C90801EB410101F118
S315080303F05A02E4E744F202039A4505D1C90801EB18
S31508030400410101F14A02DAE72AF0FF00B0F5E24FAB
S31508030410BAD0B0F5824F01BFCC1DE4086400621C54
S31508030420CDE7484607A900F03EF804460028C7D09A
S31508030430059830B3FFF72BFD23E0B9F800305B04CA
S315080304400BD433463A4629464846CDE9018ACDF8C0
S3150803045000B0FFF732FF044609E0534642465946C1
S315080304604846FFF75BFA10F1860F0446E9D005986C
S31508030470002C7FF46BAF1299FFF714FC044600288F
S31508030480D6D1204609B0BDE8F08F534642465946B1
S315080304904846FFF715F9DEE76FF08604F1E71822F9
S315080304A0002100F0E6BD426870B5120A0588438844
S315080304B006D0012A56D000236FF086000B6022E08F
S315080304C005F4E042B2F5805F02D0B2F5005F05D1CC
S315080304D00733DB0840D16FF0850014E005F44F427B
S315080304E0B2F5844F03D10733DB080AD1F3E747F2A2
S315080304F00102954208D15B080133DB0803EBC3030A
S315080305003B3300200B6070BD44F20102954202D1D1
S31508030510DB081033F5E747F20202954204D1DB08FC
S3150803052003EB43035A33ECE744F20202954204D140
S31508030530DB0803EB43034A33E3E725F0FF05B5F589
S31508030540E24FD0D0B5F5824FC5D10733DB085B0040
S315080305500133012BD5D1BEE725F0FF05B5F5824F4B
S31508030560CFD1F6E705F4E046DC1DB6F5805F25F046
S31508030570FF024FEAD40002D0B6F5005F06D1002881
S315080305804AD0B2F5824F07D1034640E005F44F46F9
S31508030590B6F5844F02D190B3C31C32E047F2010685
S315080305A0B5420DD15B080133DB0803EBC3033B33C9
S315080305B00333800723F0030335D1072C23D132E015
S315080305C044F20106B54202D1DB081033F0E747F2DD
S315080305D00206B54204D1DB0803EB43035A33E7E7C4
S315080305E044F20206B54204D1DB0803EB43034A335C
S315080305F0DEE7B2F5E24FCED0B2F5824F05D00B68EF
S31508030600033323F003032C337BE743000133012B26
S3150803061000D10B68013BCBE7B2F5824F0B6806D0D6
S31508030620033323F00303B2F5824FECD102E002331E
S3150803063023F003030433E6E72DE9F3474568044645
S31508030640DDE90A672D0A884691469A4606D0012DA2
S3150803065016D06FF0860002B0BDE8F087CDE90067D3
S31508030660FFF76FF910F1860FF5D153464A4641460F
S315080306702046CDE90A6702B0BDE8F047FFF7C2BCDA
S31508030680CDE90A6702B0BDE8F047FFF71BB8037E5A
S31508030690022B06D1C3695A1C03D00133C361002058
S315080306A070476FF09600704703466FF0404208465E
S315080306B0591E914207D338B103F1404393428CBF85
S315080306C000200120704701207047034668B1017E68
S315080306D08A1E012A0BD80329C26903D1012A01D12B
S315080306E0FFF7D5BB1AB1013ADA61002070476FF0FC
S315080306F096007047FFF7E9BF00207047C0B2FF288E
S315080307000CBF6FF086000020704707B500216A46C4
S31508030710FEF718FE8C3018BF012003B05DF804FB02
S3150803072013B500216A460446FEF70CFE8C3002D147
S31508030730002002B010BD00212046D7F7D9FF014695
S3150803074010B16FF09800F4E76A462046FEF7FAFD03
S315080307508C30EDD0F5E72DE9FF4107461446884668
S3150803076000293FD0002A3DD0B2F5005F3DD202F101
S31508030770240631460120FEF786FC0546C0B3034628
S315080307803A4621464046D9F76DFB7F690024384629
S31508030790FFF7BBFF01281FD021462B4632463846B2
S315080307A00094D7F7DFFE0146C8B9384602AAFEF712
S315080307B0C9FD044620B9029B9E4205D06FF09804F2
S315080307C038460021D7F794FF31462846FFF71BFA28
S315080307D0204604B0BDE8F0816FF08A04F4E76FF0B1
S315080307E09804F1E76FF08604F2E76FF08D04EFE7FC
S315080307F06FF08C04ECE7FFF706BA2DE9F047D0F85B
S3150803080014A086B08146884617465046002104AA96
S31508030810FEF798FD044610BB049E01203146FEF7F9
S3150803082032FC0546002837D02146504604AA0394CD
S31508030830FEF788FD044670B903AB02462146CDE9A7
S31508030840005350463346D7F7FDFE039B04469E42A4
S3150803085009D06FF0980431462846FFF7D4F92046A5
S3150803086006B0BDE8F0870028F5D13B464246314637
S315080308702846CDF80090D9F713FB04460028EAD199
S31508030880D8F800302BB13B68002B08BF6FF09104F2
S31508030890E1E76FF09104DEE76FF08C04DFE70020F1
S315080308A0704708B10EF0DDBB2120704708B9212037
S315080308B070470029FBD0036813F0704209D1C3F3CC
S315080308C00E030B601BB94368002BF0D00B600020A6
S315080308D07047B2F1004F07D18268D2040ED5C369B7
S315080308E0002BE4D01B68ECE7B2F1204FF4D0B2F149
S315080308F0304FF1D0B2F1404FEED0D8E703F07F0383
S31508030900DFE737B50C46054610B9212003B030BDDD
S315080309100029FAD0002301A90193FFF7C7FF00288E
S31508030920F4D1296811F0704102D1019B2360EDE7E8
S31508030930AA68B1F1004FC2F38033C2F34035C2F35C
S31508030940003207D1062103EB450301FB0233019A63
S315080309505343EBE7B1F1204F04D12B4402EB820258
S315080309601344F4E7B1F1304F02D0B1F1404FCCD183
S315080309702B44ECE72DE9F3470D4690469A46044681
S31508030980F0B1E9B106680F6806F07049BE422AD08D
S31508030990B9F1004F11D186EA0703B3F1805F13D388
S315080309A0BAF1000F36D1B8F1000F1FD0A368AA68B1
S315080309B0534013F4E04F19D002E0B9F1404FEAD09F
S315080309C0212002B0BDE8F0870023204601A9019340
S315080309D0FFF76CFF0028F3D1019AC2F30E02164300
S315080309E01743BE42ECD1B9F1000FD9DB00236946A0
S315080309F020460093FFF75AFF0028E2D1019001A988
S31508030A002846FFF753FF0028DBD1DDE900239A4286
S31508030A10D7D0D5E7AA68B8F1000F03D0A368534027
S31508030A20D904CDD49304E1D4CAE7F7B50C460546F1
S31508030A3048B141B100230B60036803F070430B60B0
S31508030A40C268032A02D9212003B0F0BD012A70D84F
S31508030A5012B143F000632360D5E90223900102F043
S31508030A60407169D5B1F1407F69D0002BEBD04FF0C7
S31508030A700072236823F0407313432360EA68022A4B
S31508030A8007D12A69032ADED823F47F0343EA0243FC
S31508030A902360EB68032B03D12B69F62BD3D9A370F9
S31508030AA0AB681A0442BF236843F400432360EB6828
S31508030AB0032B09D023682A6823F4FF4323F07F0313
S31508030AC0C2F30E02134323602B68AE68002B06F4A9
S31508030AD0805740DB16F4E84FB5D12B6806F48066D9
S31508030AE003F0704303F10043B3F1804F04D21EB100
S31508030AF0236843F4806323600023284601A90193EE
S31508030B00FFF7D4FE00289FD12B6813F070413BD121
S31508030B102368019A23F4FF4323F07F03C2F30E02EB
S31508030B2013432360002F8FD0EB69002B8BD00F2044
S31508030B308AE743F080638EE7B1F1407F04D1002B47
S31508030B4081D04FF0407294E702F08072002B90D167
S31508030B50002A8ED077E7730406F400520DD4002AD0
S31508030B603FF471AF236843F400532360002FB4D0D6
S31508030B70236843F480532360AFE7236843F4804331
S31508030B802360002AF2D0EDE703F05043B3F1004F98
S31508030B9006D0B1F1304F03D0B1F1404F7FF453AFD4
S31508030BA0019B2268013B03F07F0322F07F02134374
S31508030BB02360002F3FF448AFEA69002A3FF443AFA6
S31508030BC0B1F1004FB3D1117F71B1002E3FF43CAFA1
S31508030BD043F400732360537F002B3FF435AF236838
S31508030BE043F4807323602FE7537F002B3FF42CAF26
S31508030BF0002E3FF429AFF2E773B50C46054608B94C
S31508030C0021201AE00029FBD00123C6684B609E42C7
S31508030C1017D8002301A90193FFF773FE68B9019B4F
S31508030C2006B11C336A699A4209D32A69002AE7D0AE
S31508030C30226043F000530020A36002B070BD1D205C
S31508030C40FBE7023E012EDBD80023F4E72DE9F0414A
S31508030C500D46044698B0002869D0002967D00023BA
S31508030C604FF000728360C0E90023036215A9284682
S31508030C70FFF7DBFE002857D1204615990EF0FBF93E
S31508030C80AB68DB043CD52B68002B52DA4FF001081E
S31508030C90EE696946376873682046CDF80480009381
S31508030CA0029700F0D8F8B368204603A9CDF8108058
S31508030CB00393059700F0CFF8F368204606A9CDF805
S31508030CC01C800693089700F0C6F83369204609A9DD
S31508030CD0CDF8288009930B9700F0BDF87369204671
S31508030CE00CA9CDF834800C930E9700F0B4F8B369C9
S31508030CF020460FA9CDF840800F93119700F0ABF863
S31508030D00284612A9D9F78CFC70B9204600F0A3F837
S31508030D10284615A9FFF770FF30B9204615A90EF026
S31508030D20D0F920460DF014FF18B0BDE8F081212054
S31508030D30FAE70F20F8E770B50E46154604468AB05B
S31508030D4000283ED000293CD0002A3AD000230122AD
S31508030D5029463046FFF70EFE88BBF3688BBBEB6864
S31508030D60013B012B2DD84FF08073A060C4E90030F6
S31508030D70206207A92846FFF758FE00BB20460799B5
S31508030D800EF079F9304601A9FFF736FFB8B92046C0
S31508030D9001A900F060F8284604A9D9F741FC70B9FF
S31508030DA0204600F058F8284607A9FFF725FF30B96B
S31508030DB0204607A90EF085F920460DF0C9FE0AB0AC
S31508030DC070BD2120FBE770B50D46164604468AB06A
S31508030DD000283ED000293CD0002A3AD0002301221D
S31508030DE031462846FFF7C6FD88BBF3688BBBEB681D
S31508030DF0013B012B2DD84FF08173A060C4E9003065
S31508030E00206207A92846FFF710FE00BB204607996C
S31508030E100EF031F9284601A9D9F702FCB8B92046DC
S31508030E2000F019F8284604A9FFF7E6FE78B9204624
S31508030E3004A900F010F8304607A9FFF7DDFE30B91C
S31508030E40204607A90EF03DF920460DF081FE0AB0AB
S31508030E5070BD2120FBE7436813B9416070475B689F
S31508030E605A68012AFBD15960704710B50446CFF773
S31508030E700DFD2046D0F7EEFC2046D0F7A7FD204609
S31508030E80D0F7D8FD2046DAF7C7F82046D9F758FE33
S31508030E9010BD01207047704770477047CFF774BB82
S31508030EA0704708B5D1F7F4FBFDF710FCFDF719FCFD
S31508030EB0D1F7DEFBBDE80840D3F7C2BB704708B5D8
S31508030EC0D1F7E6FDD1F796FEBDE80840D1F7CCBDCC
S31508030ED008B5FCF7A5FBD5F79FFED6F7D9F9FEF7B4
S31508030EE02BFAD8F787FEFFF7DAFCFEF729FAFEF79F
S31508030EF085FE0EF029F8DAF775F8BDE80840D9F744
S31508030F00FBBF08B5D7F7D4F8D7F7A6F8D7F7D8F8B5
S31508030F10D7F780F9FEF70CFAD7F78CF9BDE808403E
S31508030F20FBF710BC08B5D1F745FCBDE80840CFF779
S31508030F30B3BB7047D1F754BDD9F7C4BFCFF7F2BBDC
S31508030F40DAF75EB808B5FEF7A3F9D9F78FFDFEF70A
S31508030F50C9F9D9F7DBFD0CF041FEF8E72DE9F843AB
S31508030F600746884614460026D4E90195B9F10109CE
S31508030F7005D52468002CF7D13046BDE8F883AB893C
S31508030F80012B07D9B5F90E30013303D02946384664
S31508030F90C04706436835E9E710B50C46B1F90E10A4
S31508030FA0DAF7D6FE0028ABBF636DA3891B1823F4B3
S31508030FB08053ACBF6365A38110BD2DE9F0411F467D
S31508030FC08B8905460C46DB05164605D50223002202
S31508030FD0B1F90E10DAF7AAFEA3893246B4F90E1050
S31508030FE0284623F48053A3813B46BDE8F041DAF74C
S31508030FF0C1BE10B50C46B1F90E10DAF797FE431CBD
S31508031000A38915BF606523F4805343F48053A381F2
S3150803101018BFA38110BDB1F90E10DAF777BE0139EF
S31508031020024410B5904201D1002005E0037811F877
S31508031030014FA34201D0181B10BD0130F2E78842C5
S3150803104010B501EB020402D98442234607D8431E8E
S31508031050A14208D011F8012B03F8012FF8E702443F
S3150803106001468A4200D110BD13F8014D02F8014D1D
S31508031070F7E702440346934200D1704703F8011B7E
S31508031080F9E77047704770470A44431E914200D1F7
S31508031090704710B511F8014B914203F8014FF9D186
S315080310A010BD9368013B002B936010B408DA94696A
S315080310B0A34201DB0A2903D15DF8044B00F098B972
S315080310C01368581C1060084619705DF8044B70477E
S315080310D0F8B506460F461446D518AC4201D100208A
S315080310E007E03A4614F8011B3046FFF7DAFF431CBC
S315080310F0F3D1F8BD2DE9F047164698468A680746A0
S315080311000B690C46DDF820909342B8BF134633604B
S3150803111091F843200AB1013333602368990642BF25
S31508031120336802333360256815F0060506D104F1E2
S31508031130190AE36832689B1AAB422BDC94F84330EE
S315080311402268003B18BF0123920630D404F14302F8
S3150803115041463846C847013023D023681A3454F821
S315080311600A2C03F00603042B0ABF54F80E5C002569
S3150803117033684FF0000608BFED1A54F8123C08BF4F
S3150803118025EAE5759342C4BF9B1AED18B5421AD1F1
S31508031190002008E00123524641463846C847013035
S315080311A003D14FF0FF30BDE8F0870135C1E7E118F9
S315080311B05A1C30200233224481F8430094F8451020
S315080311C082F84310C2E70123224641463846C847F8
S315080311D00130E6D00136D9E7B1F90C202DE9F04103
S315080311E0170705460C4656D44B68002B02DC0B6CD6
S315080311F0002B3DDDE66A002E3AD0002312F4805216
S315080312002F68216A2B6025D0626DA389580705D5F7
S315080312106368D21A636B0BB1236CD21A216A002353
S31508031220E66A2846B047411C24D000236360236935
S315080312302360A389DA0400D56065616B2F60B9B1B1
S3150803124004F14403994202D02846FDF729FF0023F7
S3150803125063630DE001232846B047461C0246D4D1F2
S315080312602B68002BD1D01D2B01D0162B2AD12F602A
S3150803127000202EE02A68B4F90C3042B11D2A01D0A9
S31508031280162A21D10023636023692360D5E76260A8
S3150803129022692260CEE70F69002FE9D093070E680B
S315080312A00F600CBF4B690023A6EB07088B60B8F1E8
S315080312B0000FDDDD43463A46216A2846A66AB0474B
S315080312C0002808DCB4F90C3043F040034FF0FF3034
S315080312D0A381BDE8F0810744A8EB0008E7E738B522
S315080312E00B6905460C4613B90025284638BD18B1BF
S315080312F0036A0BB9DAF734FCB4F90C30002BF3D0D4
S31508031300626ED00704D4990502D4A06DFFF7BAFE1E
S3150803131028462146FFF760FF636E0546DA07E4D4DD
S31508031320A3899B05E1D4A06DFFF7ADFEDDE770B594
S315080313300C46B1F90E1096B0154600291E460CDA6E
S31508031340A389002113F0800F14BF40234FF4806351
S31508031350002031602B6016B070BD6A46DAF7E2FFEB
S315080313600028EDDB019901F47041A1F500535942B8
S3150803137059414FF48063EBE78B89F7B59D0706461A
S315080313800C4607D504F147032360236101236361F0
S3150803139003B0F0BD01AB6A46FFF7C9FF009F0546D8
S315080313A030463946FDF779FE48B9B4F90C309A0543
S315080313B0EED423F0030343F00203A381E2E7A389F0
S315080313C0206043F08003A381019BC4E904075BB152
S315080313D0B4F90E103046DAF7B7FF28B1A38923F01C
S315080313E0030343F00103A381A3891D43A581CFE723
S315080313F0F8B50E461446054618B1036A0BB9DAF76B
S31508031400AFFBA369A360A3891A0701D5236943B967
S3150803141021462846DAF730FF18B14FF0FF3738462A
S31508031420F8BD2368F6B222693746981A6369834278
S3150803143005DC21462846FFF752FF0028EDD1A368AD
S31508031440013BA36023685A1C22601E70431C626911
S315080314509A4204D0A389DB07E1D50A2EDFD12146B8
S315080314602846FFF73CFF0028D9D0D6E7C9B203467A
S31508031470024410B59342184601D1002003E00478CC
S3150803148001338C42F6D110BDF7B5044614F4004C6B
S315080314904FF6FF7608BFFF2620F40040050205F441
S315080314A0E065C0F306209E42019145EA000504F073
S315080314B0380E0846897904D201A800F0BBF900273B
S315080314C01AE0240C24044EF0800EEE1844EA0E04A7
S315080314D044EA162436020C31B6B24718344344504C
S315080314E0391D2944BCF1000F09D021F8023C1146E5
S315080314F0DCF784F80028E2D1384603B0F0BD01F8DA
S31508031500013CF4E770B504460E4615680A46002101
S31508031510FFF7AFFD25F4004520462122314600F0AA
S31508031520D0F8290A04312046C9B200F053F9A37941
S315080315301C44E56070BD026810B501F0040022F48E
S315080315400044C2F306220021043240F0290000F0C9
S31508031550FDFB10B183790344DC6010BD034600220A
S3150803156000681A600179DCF749B810B50021FFF75E
S31508031570E2FF044608B9002010BD0179DCF73EF8FE
S315080315800028F8D1A3790C33E018F5E72DE9F041E3
S3150803159017461A46036801F0040123F400431C02A4
S315080315A004F4E064C3F306231C4341F02905043419
S315080315B006463B462146284600F096FC804650B12F
S315080315C0E1B200F07EF93B462A4641463068BDE85B
S315080315D0F041FFF759BFBDE8F0812DE9F341002437
S315080315E001F004010668074641F0290510682946F3
S315080315F01460019000F028F9019800F0A7F926F481
S315080316000046310201F4E061C6F3062631438046FB
S315080316100122043101A800F015FB30B101A800F03E
S3150803162009F9204602B0BDE8F08143462A460199E6
S315080316303868FFF729FFF5E708B5FAF713FD08B188
S31508031640C3681BB1003818BF012008BD4069F6E717
S315080316502DE9F0478846164658B352B3DCF716F811
S31508031660074640B3B1460025BA469AF806109AF8D3
S3150803167007403F68641AE4B2444584BF44460125DB
S3150803168044B10C31484622465144FFF7FDFCA144B8
S31508031690A8EB04085046DCF759F8002FE4D165B9DE
S315080316A03246022052F8041B0BF07BFE2846BDE89F
S315080316B0F0872220FBE71B20F9E71E20F7E7704790
S315080316C0704738B5054614460A460021FFF7D1FC8C
S315080316D024F01C046B7944F0100443F004032C71C2
S315080316E06B7138BD2DE9F74F1F469DF830308A4692
S315080316F080460093002850D0002967D00C68002C38
S3150803170066D04FF0000BE679A179761AF6B2BE4297
S3150803171008D30C31394408EB020945462144F61B24
S31508031720C84537E02068A346BF1B002835D00446C2
S31508031730E9E7AB19994538BFA9EB050632462846AA
S31508031740FFF7A2FC009B002B3DD0E279A079F3B208
S3150803175037BB1844A071E279A37927689A4232D134
S31508031760DAF80030A34208BFCAF80070BBF1000FCD
S3150803177001D0CBF800702046DBF7E8FF3C4635443A
S315080317804CB10027A379E67903F10C01F61A214433
S31508031790F6B24D45CDD3A5EB080003B0BDE8F08FEF
S315080317A0121AD2B2F918914209DA0C302044D21B24
S315080317B0D21A014438440193FFF741FC019BE279AD
S315080317C0D31AE371C7E7A3462468D8E70846E4E7CC
S315080317D02046E2E710B5C4790246C4F14503D8B2F8
S315080317E0884228BF08460444D47110BD38B5054657
S315080317F0C079C0F14504E4B2944288BFD4B20C3030
S3150803180022462844FFF740FCEB7920462344EB7134
S3150803181038BD1FB503910021009103A9FFF762FFA5
S3150803182005B05DF804FB13B501240094FFF75AFFCE
S3150803183002B010BD38B50446206800B938BD05683E
S31508031840DBF784FF2560F7E7034610B501F0EC01E3
S3150803185003B910BD1A7902F013020A431A711A1A48
S31508031860544254415A7964F300025A711B68EFE7EC
S3150803187010B558B1016802685AB1136823B15C7987
S31508031880E40704D5002414600360084610BD03600A
S31508031890F1E71346F8E720B1006810B14379DB078F
S315080318A0FAD57047034658B10020DA7999791B6847
S315080318B0521A50FA82F01BB15A79D207F5D57047F6
S315080318C0704770B50D460446E8B186798E4203D350
S315080318D0751A8571012070BDC27906F145039B1AF5
S315080318E0DBB299420FD806F10C010144921BA81BDF
S315080318F0D2B20844FFF7A3FB0023A371E3791D447F
S31508031900AD1BE571E6E70020E5E710B50C4698B18F
S3150803191091B18979E279C379521AC3F14503D2B2EF
S31508031920DBB2934208D30C312144FFF75FFF20460D
S31508031930DBF70CFF012010BD0020FCE70346006817
S3150803194018B102681A600023036070470346002033
S3150803195003B97047DA7999791B68521A50FA82F0F3
S31508031960F6E72DE9F84F894614468246FFF7EEFF58
S3150803197005464846FFF7EAFFA542074601D3A042B4
S3150803198008D2BD4208D10024A346A046264647B935
S31508031990384604E02746F6E738D24FF0FF30BDE86D
S315080319A0F88F5EB99AF806809AF80760A6EB0806D8
S315080319B008F10C08D044DAF800A0F6B2BBF1000F20
S315080319C00BD199F8064099F807B0ABEB040B0C3426
S315080319D04C44D9F800905FFA8BFB5E45354628BF21
S315080319E05D46BD4228BF3D4621462A464046FFF787
S315080319F016FB0028D3D1A8442C447F1BEDB2761BD3
S31508031A00ABEB0505F6B25FFA85FBC0E70120C6E72F
S31508031A1003680BB9016070471A461B68002BFBD194
S31508031A2011607047036803B10B600160704739B1F1
S31508031A300B461A461B68002BFBD10368136001602B
S31508031A40704770B5046806460D4644B12046FFF74D
S31508031A507DFFA84211D8236813B9E379A37170BD32
S31508031A6020463360DBF772FE3468F4E7ED1A236821
S31508031A7020463360DBF76AFE3468002DEFD0A2797F
S31508031A80E3799B1ADBB2AB42F0D92A44A271E6E7A3
S31508031A90F8B5066805460C4646B13046FFF756FFC5
S31508031AA0A0421DD8336813B9F379B371F8BD30462C
S31508031AB02B60DBF74BFE2E68F4E7064638460768C5
S31508031AC0002FFAD1C2798379D31ADBB2A34202D99A
S31508031AD0121BC271EAE7E41ADBF738FE3EB1376038
S31508031AE0002CE3D028680028E0D00026E7E72E601C
S31508031AF0F6E7F8B504460F46BC4200D1F8BDA1790E
S31508031B00E5796D1AEDB2C5F14506B6B20EB9246884
S31508031B10F2E749B10C312A46214404F10C00FFF7D8
S31508031B208EFA0023E571A3712368BB42EFD05A7975
S31508031B30D207ECD49979DD79A0796D1AEDB2B5425D
S31508031B4028BF3546E2790C3010440C312A4619442D
S31508031B502044FFF799FAE379206853FA85F3E3718A
S31508031B608379761B53FA85F5C379EDB2AB42B6B2E0
S31508031B70857103D103682360DBF7E8FD002ED3D113
S31508031B80C5E738B50C46016809B9046038BD0D4682
S31508031B9009680029FBD1236823B12046FFF7A9FF6B
S31508031BA02C60F3E721462846FFF7AFFE0028EDD160
S31508031BB0F6E748B1002302794360036083604379FB
S31508031BC0027143F004034371704700221146DBF7A1
S31508031BD03DBE38B504460D46FFF773FE98B984B182
S31508031BE02079FFF7F2FF58B163794279C3F34003CB
S31508031BF063F3410245235D1B04604271C37185711A
S31508031C0038BD0120EDE72046FAE738B503680446F0
S31508031C100D469BB11879FFF7D8FF88B12368427937
S31508031C2003605B79C3F3400363F3410245235D1BFA
S31508031C304271C37185712060002038BD0120EAE72F
S31508031C401920FAE738B50C46054640B3006830B3A1
S31508031C5009B9002038BD4AB9C9B2FFF732FE0028D0
S31508031C60F7D12B689A799871A41A06E0452918D8EA
S31508031C70C9B2FFF726FE0028EBD1442C07D8002C5F
S31508031C80E7D02846E1B2BDE83840FFF7BEBF452195
S31508031C902846FFF7BAFF0028DCD1453CEDE72220AA
S31508031CA0D8E72120D6E72DE9F84390F8078090F87E
S31508031CB006900446A8EB0907FFB2B9420D4602D3BC
S31508031CC00020BDE8F8830079FFF77FFF0646002862
S31508031CD0F6D0A17980790C317F1B29440C30BAB22E
S31508031CE021443044FFF7D0F9F37901203B44F371DB
S31508031CF0E37999444D442368A5EB0805E5713360F8
S31508031D002660DEE7F8B5076806460D463C46002317
S31508031D1005B12CB90BB100221A6034603846F8BDF8
S31508031D20E379A2799B1ADBB2AB4207D8E379A279A6
S31508031D309B1ADBB2ED1A23462468E9E72046E9B283
S31508031D40FFF7B1FF0028F1D10746E7E75318452BFC
S31508031D5002DCC9B2DBF77ABD00207047F7B5002667
S31508031D6005460F4601960DB9019C09E0002238463F
S31508031D701146DBF76BFD044628B901A8FFF75AFDA0
S31508031D80204603B0F0BDAB798371EA79C2716879ED
S31508031D906179D21A60F30001617169796079C1F3D7
S31508031DA0400161F34100607103F10C002918D2B2B6
S31508031DB02044FFF769F9019B03B9019406B134601E
S31508031DC026462D68CFE72DE9F74F0C469046814600
S31508031DD0002854D0002C55D0E279A579521BD2B2EB
S31508031DE09A4204D90C351D444646254440E02468E6
S31508031DF09B1AEFE7E77999F807000C3727447F1B07
S31508031E00B7423B4628BF3346C0F1450B5FFA8BFB07
S31508031E105B459A4628BFDA460C305246294648445B
S31508031E200193FFF731F999F8072057455244019B67
S31508031E3089F807205544A6EB0A0605D05B450CD25C
S31508031E40002ED7D1002618E02468ECB1E279A579EB
S31508031E50AA42F9D00C352544F0E7002EF2D0002229
S31508031E6099F804001146DBF7F1FCC9F8000081462E
S31508031E70002EE7D0B9F1000FBCD1A8EB060003B0DA
S31508031E80BDE8F08F2046FAE7002EF6D1DAE72DE90A
S31508031E90F8430D461446064610B319B3DAB103469A
S31508031EA099461B68002BFBD12746C8463A4629465E
S31508031EB04046FFF79BFCC145A7EB0007054418BF3F
S31508031EC0C9F8008037B10022B1793079DBF7BEFC57
S31508031ED0C14618B9E41B2046BDE8F8838046E5E702
S31508031EE00446F8E70C46F6E737B51546C9B20022A5
S31508031EF01C46DBF7ABFC019040B122462946FFF7A7
S31508031F00C6FF844202D901A8FFF794FC019803B0DF
S31508031F1030BDDBF741BE4843DBF73EBEFDF795B858
S31508031F20212802D10846DBF757BEDBF7A7BE51289F
S31508031F3002D10846DBF750BEDBF7A0BE4FF0FF30F1
S31508031F40704700207047704770470020704700208D
S31508031F5070474FF0FF3070471120704700207047D5
S31508031F600120704700207047002070470020704703
S31508031F7070477047704708B5DCF7F4FABDE80840C0
S31508031F803120E5F765BB38B500F12C05044628462C
S31508031F9004F097FC50B194F8203013F0180F05D0CD
S31508031FA02846BDE83840002104F09CBCA06A38BD29
S31508031FB038B504462C3004F084FC94F82130012803
S31508031FC08CBF43F0080303F0F70384F82130204657
S31508031FD0FFF7D9FF054604F07FFD94F82030228CDD
S31508031FE0C3F38001C3F340039B0043EAC10394F898
S31508031FF0211042F40052C1F3C00143EA01130178E8
S3150803200042F0080201F023010B430370437803B13E
S3150803201022842846BDE8384004F063BD2DE9F0471D
S3150803202090F823300646012B0D4602D90020BDE859
S31508032030F08790F8203003F0010369B983B996F85D
S31508032040213013F00C0F4AD196F82030DA0742D51F
S315080320506B1E58425841EAE7012901D1002BEED1FC
S315080320603046347EFFF78FFF04F036FD0778417854
S3150803207017F020070CBF02310331204618BFA027EB
S3150803208004F047FC96F821308146590754BF0221CC
S3150803209096F8241004F1FF3348BF0231012B9CBF85
S315080320A0013189B2204694BF4FF0A0084FF00008CB
S315080320B004F02FFC8246F468DCF7E6FAA4F5967377
S315080320C0A3EB0903DB1BA3EB0A03A3EB08031B1A06
S315080320D0002BABDDB3E7B5FA85F04009A7E7012086
S315080320E0A5E75328F8B50C4615D009D8232800F0D8
S315080320F0EA80512800F0C880BDE8F840FFF73BBFE7
S315080321005628F9D191F82030DA075CBF23F010037B
S3150803211081F82030F0E7DCF7C3F8054600220221F0
S31508032120E5F7C6F9AB680646D80735D494F82330DD
S31508032130013384F8233094F82630013384F82630A3
S31508032140002601212046FFF769FF0746C0B194F828
S315080321502030D80740F1818094F8213059077CD480
S3150803216004F12C0004F0ADFB012894BF00230123DE
S31508032170580094F82210DBF7FBFF2046FFF718FFF9
S315080321802846DCF7CBF8032E69D1284604F0D7FB9B
S315080321902B7B84F8273064E0002394F8212084F805
S315080321A0233042F0100384F82130317894F8203034
S315080321B0C1F38001C3F38000814218D083F004037E
S315080321C043F0100184F8201042F05002090784F8FE
S315080321D021200CD523F0080343F0100304F12C0047
S315080321E084F8203004F085FB3320E5F731FA32789A
S315080321F094F82030C2F3C001C3F34003994228D1AF
S3150803220094F82130D2064CBF43F0040303F0FB03D2
S3150803221084F821307378B3B994F8203083F0020335
S3150803222084F82030327897078AD072789AB143F0C7
S31508032230200384F8203094F82130032643F0200342
S3150803224084F821307DE72846DBF74AFF0028E3D1E7
S3150803225076E7012675E7022673E7022089E7002E4B
S3150803226096D194F82130DA070AD494F8202043F05B
S315080322700103D60748BF6A6884F8213048BF22603D
S31508032280002F3FF439AFF8BD91F82030084623F004
S31508032290300381F8203091F8213043F0020381F8A6
S315080322A02130FFF770FE04F017FC00212046FFF7E4
S315080322B0B5FE00283FF420AF94F822100120BDE8AC
S315080322C0F840DBF76BBF91F82030DD06DBD518073E
S315080322D00BD46568DCF7D8F92D1AB5F57A7FD2DB06
S315080322E02046BDE8F840FFF763BE91F82130190789
S315080322F0EFD504F12C0004F0E4FA0128E9D9C2E782
S31508032300E5F78CBC0A2802D80130C0B270472428E6
S3150803231001D80230F9E7252805D0262805D027282D
S3150803232018BFFF207047002070470C20704708B578
S31508032330E5F77AFC20B1BDE808402020DCF79CBB12
S3150803234008BD70477047704770478B691847002068
S31508032350704770477047002070477047704770474B
S315080323607047704770477047EFF718BFEFF71EBF00
S31508032370EFF736BFD4F7B4B8DBF700BEDBF730BEEA
S31508032380704708B5DBF760FE18B1BDE80840DCF70F
S315080323907FBB08BD2DE9F8430E6A05460C461EB1F8
S315080323A006600020BDE8F883088B4B8B1844DBF7DF
S315080323B0AFFD286090B32046DBF7B0FFD5F8008061
S315080323C00A2198F806704046FFF704FA0C37A37BF0
S315080323D008EB070989F80730637B314689F8063025
S315080323E0628B238B20461344A9F80830237B4FF6C8
S315080323F0FF7289F80530636848F807302B68DBF7FE
S31508032400BFFF238B628B1344984201D12660C8E72A
S315080324102B681BB12846FFF70DFA2E601920C1E772
S3150803242010461946704737B50C4605460DF10601A1
S3150803243001A8DCF7D5FB43F6FF739C420DD047F69C
S31508032440FF739C4209D0BDF904309C42B8BF1C46B1
S31508032450BDF906309C42A8BF1C46AC8103B030BD0B
S31508032460704770477047002070470846896BE3F743
S315080324708FBB0020704710B5044609B1012010BD73
S31508032480406C80B9A06C98B9B4F850309B07F5D165
S315080324902046E3F7EFF8DEF7C9FF0028EFD0C07947
S315080324A0C0F34010EBE704F014FD0028EAD0E5E793
S315080324B0FFF7DFFF0028E7D0E0E710B50446FFF78C
S315080324C0DAFF002814BF18200020B4F85030990604
S315080324D058BF40F001005A0648BF40F040005B076A
S315080324E048BF40F0020010BD38B50C46002105462A
S315080324F0FFF7C1FFD0B9E00615D504F0180095F823
S315080325007430012B11D12B6AB5F85020190444BF36
S3150803251002F04001084312F0230F06D15B0448BFBB
S3150803252040F0010001E004F05B0038BD1820E6E73F
S315080325307047002070477047002070470020704797
S31508032540704770472DE9F04705460F4611469146F1
S315080325509A46FFF7B2FF95F884608046042E04D1A5
S3150803256095F88E30032B18BF032695F87440042C70
S3150803257004D195F86930032B18BF0324414628462E
S31508032580FFF7B2FF0021DDF731F8C11C204604F03E
S31508032590A7FB4FF4FA737C1E5C43A5F8520018F0A8
S315080325A0100F80B207FB00440BD0B5F8503004F582
S315080325B0487703F00303012B06D0022B1BD083B104
S315080325C03C462046BDE8F0872421304604F088FBC4
S315080325D010210546304604F083FB04F58A672F4429
S315080325E007444846FFF7B2F931460246404600F02B
S315080325F0D6F93C18E5E70E21304604F071FB05468B
S315080326005046FFF7A3F931460246404600F0C7F99C
S3150803261004F58A642C440444D3E7032810B50C460E
S315080326200DD004D8012810D0022813D010BD552880
S3150803263018D05628FAD10B7D23F008030B752046CC
S31508032640BDE810400021DCF719BC0846BDE8104078
S31508032650DCF730BEE2F72EFF8442E7D1BDE810402F
S31508032660DBF780BF0846BDE81040DCF701BE5128FA
S315080326700B4603D101211846DCF700BCFFF7CDBF93
S31508032680512802D10846DCF7F3BDFFF7C6BF532826
S3150803269010B50C4617D008D8322814D051280CD0B8
S315080326A02146BDE81040FFF7B8BF5528F8D12046A4
S315080326B0BDE810400121DCF7E1BB0120BDE810406D
S315080326C0497DDBF76BBD2046DCF75EFE10B1DBF711
S315080326D049FFECE710BD70B504460CF06FFA00210C
S315080326E006462046E3F70EF9054628B90024304680
S315080326F00CF05FFA204670BD406C30B9A86C002810
S31508032700F4D0FFF7B6FE0446F1E704F0E2FB04460D
S315080327100028ECD1F2E790F88430022B07D8B0F8FA
S31508032720503013F0030F0CBF00200C2070470C2009
S31508032730704708B501F04DFBBDE808404FF48050DB
S315080327400021E5F7A5B883790C33C218937813F0FB
S315080327503F0004D0D378194214BF012000207047E4
S3150803276073B54FF440758DF807108179C580002538
S3150803277007260C314552455C441866F30305455450
S3150803278002F001019207A27848BF41F0020161F302
S315080327908712A2709DF8072002B92BB101220DF109
S315080327A00701FFF723F80123A27863F30502A27052
S315080327B002B070BD70B50D4602210446FFF7C3FF8C
S315080327C000B3A07900F10C02A35CA1186FF3C71339
S315080327D0A354E379D5F862601B1AD8B20E5051FA9E
S315080327E083F3B5F86610204699802B6A062113F001
S315080327F00C0F1EBFA35C43F08003A354BDE87040CF
S31508032800FEF7E8BF70BD38B50D4604210446FFF749
S315080328109AFF30B12046A91D0122BDE83840FEF7CC
S31508032820E5BF38BDF7B504460F4616461D460DF1F6
S315080328300701013301228DF80730FFF728FB0DF155
S315080328400701012220468DF80770FFF720FB2A4669
S315080328503146204603B0BDE8F040FFF718BBF0B594
S31508032860054614889C4208D2281947782E5D8F425C
S3150803287005D1013434449C4205DD002004E00136C9
S315080328803444A4B2EEE71480F0BD37B50D460421EF
S315080328900446FFF758FF78B140F2FF23ADF800303E
S315080328A000238DF80230AB886A46ADF80330FF2162
S315080328B005232046FFF7B6FF03B030BD38B50D46EE
S315080328C008210446FFF73FFF38B1204605F18C017E
S315080328D00222BDE83840FEF789BF38BD2021FFF73D
S315080328E032BF37B50C4640210546FFF72CFF50B1DA
S315080328F00A2394FBF3F4012228460DF107018DF808
S315080329000740FEF773FF03B030BD10B58479C3796A
S3150803291004F10C021B1B02390244D8B251FA83F3A1
S3150803292053709378033860F30503937010BDF7B5B6
S3150803293083790E460C33C418237B17469B0602D1AC
S31508032940002003B0F0BD2546012115F80D0FDCF76D
S315080329504DFE0138ADF80600237BFF21284603F018
S315080329603F030DF10602FFF77AFF0028E8D0037844
S31508032970BB42E5D140F2FF2342889A42ECD1037960
S31508032980B342E9D10230DCE710B506220C46002132
S31508032990FFF7CDFF10B1B0F80330238010BD70B533
S315080329A005460E4600F06B0000211446DCF71EFEB2
S315080329B054FA80F4FF2C05D821463046BDE870400A
S315080329C004F08EB9FF21304604F08AF905F0400574
S315080329D0FC3D00F5487061190446FF2904EB000322
S315080329E004D8304604F07CF9204470BD1C462944BB
S315080329F0F3E708B50231C0B204F072F900F5FA70CC
S31508032A0008BD37B50246136A084603F0020403F401
S31508032A108055DB0705D47CB903F0E7FF204603B0EE
S31508032A2030BD4CB9B5FA85F4D2F85B106409016078
S31508032A30B2F85F208280F1E7019092F95A30B5FA2D
S31508032A4085F4009300231A4619461846FFF784FAB5
S31508032A506409E3E770B50E4601210446FFF773FEE2
S31508032A60A0B1A279E37902F10C059B1A611951FA0F
S31508032A7083F13046FFF7C5FF635D062160F38613CE
S31508032A8063552046BDE87040FEF7A4BE70BD2DE928
S31508032A90F04F064685B015469DF838208B460392B7
S31508032AA09A469DF83C40FFF784F8032196F806807A
S31508032AB0039A08F10C0806EB080707F10309F970EE
S31508032AC0381D82B9BCB903F090FF07F10A03BBF1BD
S31508032AD0000F15D1ADB9DAF80020C7F80A20BAF8FD
S31508032AE004209A801AE034B9109B33B11B687B60C3
S31508032AF0109B9B8883800124E7E703F086FFFAE7A8
S31508032B0075B30393FFF71AFA039B0021CDE9000374
S31508032B10012308461A46FFF71FFA012507F1100194
S31508032B20A1EB090101F03F021146531C7B7016F80D
S31508032B300830A40103F00F0344EAC5141C4306F83E
S31508032B4008403046BA700331FEF744FE082216F8E9
S31508032B50083062F3030306F8083005B0BDE8F08FC2
S31508032B600125B8E7CB08C25C012301F007018B40B6
S31508032B701A4214BF01200020704770477047024667
S31508032B8019460020DCF7DAB80020704700207047A2
S31508032B9007B500214FF0FF336A46084600938DF8C0
S31508032BA00430DCF7E5FD03B05DF804FB38B50546EC
S31508032BB000680AF0B8FC0446287900F01F000AF0FA
S31508032BC0B2FC2044C0B2012894BF0020012038BDBE
S31508032BD030B5826A90F8E85192F83D404B1BDBB258
S31508032BE09C4212D845B11B1B92F83C40DBB29C426F
S31508032BF002D992F8370007E090F8DF318B42F8D113
S31508032C0092F83800FF28F4D030BD0020FCE738B529
S31508032C100D46044690F8390000F09FFC012D08D0B4
S31508032C20022D0CD0CDB994F82030BC33E27F981826
S31508032C3038BD94F82030313003EB4003F6E7E28AD7
S31508032C4094F82230134494F8252002FB03335A1DC3
S31508032C5094F8213003EB4203E8E70020E8E770B570
S31508032C6090F837100446FFF7D2FF054600212046A1
S31508032C70FFF7CDFF94F83C6094F838106E4394F848
S31508032C803D30FF2900FB03660BD094F83A30204603
S31508032C905D43FFF7BCFF94F83A3005440133B5FBAF
S31508032CA0F3F594F83320616894F83D3013448A1B8E
S31508032CB0B2FBF5F2B3FBF2F002FB1033484305FB14
S31508032CC00300304470BD0023F0B50446406A85B05E
S31508032CD0421C0F46CDE90133039325D003F059F976
S31508032CE0064694F8DC51002D36D1606A431C1DD183
S31508032CF0002F3BD0DBF7C8FC00F57A70A36AC4F84B
S31508032D00400393F83F30606083BB04F54F77394639
S31508032D10204601F059FF2B4639462046B27A05B0BC
S31508032D20BDE8F040E0F764BB01AEDAE703F080FDE7
S31508032D30A26AB4F8D431D57F12680146154440F225
S31508032D4071221B1A30681BB24343606A02FB0355A0
S31508032D5003F07BFD2844D1E747B1A36A5D8B40F2B4
S31508032D6071235D43D4F84033E818C7E705B0F0BDCF
S31508032D7010B50446E2F79EFB844205D1DBF7F2FB66
S31508032D80BDE81040E5F788B810BD203050E8003F8D
S31508032D900B4340E80032002AF8D14FF48010EEF7CF
S31508032DA073BA10B590F8DE310446FF2B0AD03422E5
S31508032DB003F0070302FB03030022012183F83520EE
S31508032DC0FFF7E3FF342094F8DE31A16A5A1C023375
S31508032DD003F0070303FB000084F8DE2120440122E5
S31508032DE0BDE81040E4F7DABFD0E90A031B68C01A46
S31508032DF0C0F3871070472DE9F0411F4606460D4676
S31508032E001446DDF77BF8002380F8B33015B90123A0
S31508032E1080F8B2302246041D234602F1180EA44652
S31508032E20106851680832ACE8030072456446F6D167
S31508032E301278294638468CF800203246BDE8F04118
S31508032E4001F072B9F8B50021044690F83D7090F880
S31508032E503C60FFF7DCFE94F8371005462046FFF77B
S31508032E60D6FE0136704305FB0700F8BD08B5DDF746
S31508032E7045F8BDE8084028211D30E1F757BF10B5CE
S31508032E80044603F005FD70B1204602F0D1FFC307DF
S31508032E900BD42046DCF70AFD002806DC2046BDE8ED
S31508032EA01040E1F743BD2F2010BD0C20FCE72DE9A8
S31508032EB0F0418AB080460F46DDF720F800236D46B9
S31508032EC0A0F85C3000F11D0401232246AC4680F8C5
S31508032ED0B13000F145032E4620686168083403C6FD
S31508032EE09C423546F7D161461046DEF7D5FB424686
S31508032EF00021384601F074F90AB0BDE8F08170B5CF
S31508032F000E461C461546DCF7F9FF3146DCF7ECFCA2
S31508032F10012380F83E309DF8103080F83D5080F844
S31508032F203B309DF8143080F83A4080F83C309DF8E1
S31508032F30183080F837309DF81C3080F838309DF803
S31508032F40203080F839309DF8243080F83F3000204F
S31508032F5070BD10B50C46DCF7D1FF2146DCF7C4FC7F
S31508032F6090F83E200346012A06BF002083F83E0058
S31508032F70122010BD2DE9F341154680460F461E461D
S31508032F80DCF7BCFF8DB9046804EB861494F83E306D
S31508032F90002B08BF00243346424629463846009488
S31508032FA001F03CF902B0BDE8F0810024F3E7F8B577
S31508032FB014460F461E46DCF7A1FF00221546D3101A
S31508032FC0E35C02F007010B41DB0702F1010248BF8C
S31508032FD00135502AF3D10E2D1ADD3946DCF784FC68
S31508032FE0236883626368C362238980F83260038631
S31508032FF09DF8183080F8335080F834309DF81C302B
S3150803300080F835309DF8203080F836300020F8BD3A
S315080330101220FCE710B50C46DCF770FF2368C0F8EE
S315080330205E306368C0F862302389A0F866300020F2
S3150803303010BDF8B50F461D4616460446DCF75EFF77
S315080330403946DCF751FC9DF81830013480F82130F5
S31508033050BDF81C30C677C38208BF9DF8203080F8B8
S31508033060205008BF80F822300020F8BD70B5054609
S315080330706B1C0E46104609D1DBF782FE0446314621
S315080330802846DCF78BFFA0F8444370BD01210020D6
S31508033090DBF754FEF2E770B51C46431C0E4615468D
S315080330A008D0DCF72BFF3146DCF71EFC012D0CBFDD
S315080330B04477847770BD38B50D461446DCF71EFF92
S315080330C02946DCF711FC012C0CBF90F91D0090F979
S315080330D01E0038BDF8B50646DCF760FF0F46044602
S315080330E0A0B9FF21DCF75AFF054688B121464FF4FC
S315080330F05372FDF7BEFF30466E62DCF7FFFE3946B4
S31508033100E862DCF7F1FBA8622046F8BD2320FCE75A
S315080331100720FAE710B50446DCF740FFA8B10122F9
S31508033120836A83F83E200023C0E90933C36230303B
S31508033130FEF780FB631C08D02046DCF7B7FB20B9F3
S315080331404FF48021204602F07FFE10BD38B51446A1
S315080331501D46DCF723FF836A83F83E50A0F8D64161
S31508033160A0F8D44138BD2DE9F04105469046DCF771
S3150803317015FF6B1C0E4604469DF8187014D128B12A
S31508033180836A83F83E700020BDE8F0812846FFF77E
S31508033190A1FF31462846DCF701FF836A042183F839
S315080331A03E70FFF7F2FDEEE7002850D0826A002A48
S315080331B04BD0FFF719FE884249D1106901280CD96B
S315080331C0B4F8D81108F101035B1AE16A0344B1F8AC
S315080331D05C105B1A9BB2984239D3A4F8DA8182F859
S315080331E03E7094F8DE31013BDBB2FD2B07D9E2F7DB
S315080331F061F984420FD004212046FFF7C6FD072F45
S31508033200C1D1B4F8D831012B19D8E36AB3F85C30C5
S31508033210A4F8DA31B7E7D4E90132C2F3845101EBF2
S31508033220810102EB8102DC3B92B2A3EB0208DBF7D6
S315080332302BFAA8EB0008B8F1000FDCDCDFE728223D
S3150803324031462846E1F7E0FB9DE71F209CE70C2063
S315080332509AE770B50C460646DCF750FE2146054646
S31508033260DCF742FB0446017F304603F0F8FA94F98B
S315080332701E3003EB830300EB430095F9C63000B217
S3150803328003EB83035B009842A8BF184670BD70B56D
S3150803329004460E4600297DD1342290F8DE3103F028
S315080332A0070302FB030393F83530042B02D10022EC
S315080332B0154626E090F8DD31826A013380F8DD3160
S315080332C090F8DC310133DBB280F8DC3192F8231055
S315080332D099425DD1456A80F8DC61013518BF01253D
S315080332E0B0F8D431128B1344A0F8D4310121204607
S315080332F0FFF7E9FC6368D4F8E0219B1A002BD6DABA
S315080333000022334629462046DDF76AFE0221204677
S31508033310FFF73BFD2046FFF72BFD012D56D0002373
S31508033320E06AA4F8DC3184F8E831B0F85C3001339C
S31508033330A0F85C30A36A1B6923B1B4F8D831013B02
S31508033340A4F8D8311D3000F07CFAA26AB4F8D61175
S31508033350D3680B449BB2A4F8D631A4F8D43192F8B7
S315080333603E30052B18D9E36AB4F8DA21B3F85C3092
S31508033370013B9A4210D10023A4F8D83120460021F4
S3150803338002F08FF92046BDE870400421FFF7FDBC23
S315080333900125ABE70F228BE7B4F8D831002BEDD024
S315080333A02046DDF733F9627DB6B10AB1013A627593
S315080333B001212046FFF787FC40F27121A36A9A6828
S315080333C0D4F8403301FB0233C4F8E0312046BDE8A4
S315080333D07040012102F076B9092A01D80132E6E7DD
S315080333E00A236375E4E7012910B50C460DD80AB913
S315080333F081F00104DCF782FD012390F8C520A34080
S315080334001A4214BF0120002010BD0020FCE710B5A6
S315080334100C46DCF773FD80F8C64010BD10B50C46A4
S31508033420DCF76CFD2146DCF75FFA10B190F83E0035
S3150803343010BD0220FCE7342301F0070101FB033327
S315080334401844704738B50C46DCF758FDA4F1FE035B
S315080334505A42A4F1FD015A414D424D41002D4FEA0E
S31508033460421318BF012290F8C71043F0010343EA39
S31508033470851321F07F010B4362F34513042C80F86F
S31508033480C7309EBFDBB264F3040380F8C73038BD88
S31508033490431E0E2B10B5044601D91E2010BDE4F7B2
S315080334A06DFD0022134624FA02F1C90748BF01330A
S315080334B002F1010248BFDBB2042AF4D18342ECD8F5
S315080334C00020EBE7F8B50E4605461746DCF716FD6A
S315080334D03146DCF709FA044690F83E3057B9052B0E
S315080334E01AD1062380F83E3016222846BDE8F8404E
S315080334F0E1F78ABA83B1052B01D10C20F8BD90F800
S315080335002600FFF7C5FF0028F7D12246314628468D
S31508033510BDE8F84001F06DBD1220EFE708B5E4F702
S315080335207BFAC1F3C03008BD10B50446DCF7E6FCE8
S3150803353090F8B23013B1C37B1B0704D42046BDE809
S315080335401040E1F727BA112010BD08B50020DDF7B2
S31508033550BBFB003818BF012008BD08B5DDF716FC0C
S31508033560C00000F0F80008BD38B5144605460A46FB
S31508033570AA21FDF77EFD21462846DDF7D7FBA11CC8
S31508033580BDE83840DDF7D2BB0020704770470020FE
S315080335907047704770470020704700207047704790
S315080335A07047704770470020704700207047704780
S315080335B007B501A80191FEF73DF9002003B05DF8B0
S315080335C004FB704770470020704708B5E4F724FAF0
S315080335D010F4201F0ED1DBF775F840B14FF4201015
S315080335E00021E4F755F9BDE80840DDF7BBBE4FF403
S315080335F00020F5E7002008BD08B5FFF7E6FF18B178
S31508033600FFF7E3FF40F4805008BD08B570B1E4F74F
S3150803361003FA10F4500F01D1112008BDE4F7F6FCA4
S315080336200028FAD1BDE80840E4F70CBDE4F7F4F93D
S3150803363010F4201FF6D1EFE7E1F74ABA07B50022DF
S315080336408DF804204279034692070CD58179C2790D
S31508033650521AD2B2012A06D10B441B7B1B2B02D169
S3150803366001A901F087FD9DF8040003B05DF804FB8A
S31508033670022801D828B970470338012807D900203A
S315080336807047087810F02000FAD0881C70478878AD
S3150803369010F03F00F4D0CB7813F00400F0D013F009
S315080336A0010F0CBF012007209B0748BF06300330D4
S315080336B00844704770B5044600680D46164608B1B7
S315080336C0DDF7ACFF31462846DDF752FF00282060B8
S315080336D00CBF0720002070BD38B50C46054640B11F
S315080336E00068DDF79BFF0022AB7A2A6062F30413B6
S315080336F0AB724CB12068DDF791FF0023E2792360B2
S3150803370063F34512E271A38038BD0238122804D840
S31508033710032934BF0020122070471220704710B5C2
S31508033720044650B101F095FE022814D8204602F04B
S3150803373013FE022811D8002010BD31B1084603F044
S31508033740CDFB0228F7D90C20F6E7002AF3D010465A
S3150803375001F02FFFF5E72A20EEE71E20ECE7F8B580
S31508033760074615461E46FEF79EFA002420B902466A
S31508033770286007203260F8BD386821463C60286017
S31508033780FEF7B7F92A68204693790C331A44F1E70A
S3150803379038B183790C331844837803300B7010607F
S315080337A070470346FAE702680B6853400B604268A2
S315080337B04B6853404B6082688B6853408B60C26882
S315080337C0CB685340CB607047F8B50C460646174698
S315080337D0002110222046FDF74CFC06F14005284639
S315080337E02146FFF7E0FF3A462046E4F725FEB542B1
S315080337F0A5F11005F3D1F8BD0023FF2100F11E0240
S3150803380080F8213080F8221080F823300330904264
S31508033810F6D1704738B504460D4610220021FDF748
S3150803382028FC0E22002104F11000FDF722FC2B0AC6
S31508033830A3772046E577FFF7DFFF012384F82030D7
S3150803384038BDF0B589B06B46044605461E4600F1F9
S3150803385010071A4628686968083503C2BD42134625
S31508033860F7D1204604AB09220021DDF7EFFE9DF8C8
S31508033870103032462146013304A88DF81030E4F798
S31508033880DBFD9DF8103032460133294604A88DF82E
S315080338901030E4F7D1FD2046FFF7AEFF09B0F0BDBF
S315080338A038B50C46991A0131154602232246C9B280
S315080338B0DEF760F82C44204480B238BD07B50B46C2
S315080338C011460222C9B200920322DDF751FF03B063
S315080338D05DF804FB2DE9F04F07460D4692469846D8
S315080338E00E464FF07F0987B08C1C01F10A0BBAF11B
S315080338F0010F04F8029C84F8009010D05FFA88F34D
S315080339000393BAF1020F04F1040945D0D9454C468D
S3150803391011D07F2309F8023C89F80030F1E7062322
S315080339201D2138465FFA88F2DEF724F8043404F8D2
S31508033930060C5C45DBD1083533785C2B11D800239C
S315080339408DF8173001230722009338460DF1170324
S315080339505FFA88F1DDF70CFF9DF8173003F00103D2
S315080339607370B3785C2B11D800238DF817300123B5
S315080339700722009338460DF117035FFA88F1DDF73E
S31508033980F7FE9DF8173003F00103F3700436AE42D1
S31508033990D2D107B0BDE8F08F06234021039A3846F3
S315080339A0DDF7E8FF062304F8020C4B213846039A91
S315080339B0DDF7E0FF4330C0B25C2898BF2070A5E767
S315080339C013B51C46D200D2B20B460092E1B20822C6
S315080339D0DDF7CEFE02B010BD41F0004141F4E0210F
S315080339E00160704700207047704708B502F0A8FACF
S315080339F008BD0020704700207047704770471120A4
S31508033A0070477047704708B502F0EBFA08BD002007
S31508033A1070477047112070470020704710B5DC1DAA
S31508033A20043383734379C47123F0030343F0030315
S31508033A300E244371012344738371C3730182827411
S31508033A4010BDD31CC371FF2343734379827323F0D9
S31508033A50030343F0030343710123C173837170475F
S31508033A60D31CC3713E2343734379827323F0030341
S31508033A7043F0030343710123C173837170470F2313
S31508033A804373042383734379A0F8111023F00303C4
S31508033A9043F00303437140F20173C3800123C273E6
S31508033AA003747047D31CC3714379417323F003032B
S31508033AB043F003034371012382738371704708B587
S31508033AC00023FFF7ABFFBDE80840DEF747BE2DE945
S31508033AD0F3418846162117461E46099D0190FDF7B0
S31508033AE079FE162805D001A8FDF7A4FE02B0BDE8A5
S31508033AF0F0813E22019829464479837924F0030408
S31508033B000C3344F003044471C418C2541423637079
S31508033B10002308A81A46FEF716FA2423A3709DF86D
S31508033B20203084F80380E3719DF82830A780A373B7
S31508033B30BDF82C30A671A4F80F309DF830300198E3
S31508033B4063749DF83430A3749DF83830E3749DF894
S31508033B503C3023759DF8403063752B68A360AB88AA
S31508033B60A381DEF7FBFDC1E72DE9F34188461A2158
S31508033B7017461E460B9D0190FDF72CFE1A2805D005
S31508033B8001A8FDF757FE02B0BDE8F0810198182297
S31508033B904479EC2124F0030444F003044471FFF749
S31508033BA050FF019C0AA8A37929460C331C44002319
S31508033BB01A46FEF7C8F99DF8203084F80380238156
S31508033BC09DF82430A780A3729DF82830E680E37217
S31508033BD09DF830300198A374BDF83430A4F8133037
S31508033BE09DF8383063759DF83C30A3759DF84030D1
S31508033BF0E3759DF8443023769DF8483063762B6841
S31508033C00E360AB882382DEF7A9FDBCE738B5044633
S31508033C100D4603221021FFF723FF83791C44A4F8DA
S31508033C200F50BDE83840DEF799BD10B50446FDF7D9
S31508033C308DFE3E21A379C0B20C33E218E154831EEC
S31508033C40537025230D38107393702046BDE8104032
S31508033C50DEF784BD2DE9F8438046022089461746D8
S31508033C601E46FDF7B2FFD0B10C23437308238373B3
S31508033C7040F601334579C38025F003059DF82030C6
S31508033C8045F003054571A0F8108080F81290A0F856
S31508033C901370A0F81560C373DEF760FD0120BDE855
S31508033CA0F88308B50220FDF790FF30B101221121F0
S31508033CB0FFF7D6FEDEF752FD012008BDF8B5044628
S31508033CC00F46164613211D460922FFF7C9FE8379B7
S31508033CD00C331C44A170E77026712B68C4F80530B1
S31508033CE0AB88A4F80930BDE8F840DEF737BD70B5F0
S31508033CF0054602200E46FDF768FF0446B0B128467E
S31508033D00E2F778FA02F094F8142100F0010004228D
S31508033D10A0602046FFF7A4FEA3790C3323449970C9
S31508033D20A3F803505E71DEF719FD012070BD08B5CF
S31508033D3008F09DFC08BD2DE9F041074602200D4613
S31508033D4090461E46FDF741FF0446E0B109222121AC
S31508033D50FFF786FE0A2283790C331C44BDF9183013
S31508033D6084F8038093FBF2F323729DF81C30A78033
S31508033D706372BDF92030A67193FBF2F3E571A37262
S31508033D80DEF7ECFC0120BDE8F08137B50446FDF704
S31508033D90DDFDFF22A379C0B20C33E518E254831E76
S31508033DA06B700D23AB70AB791C38012BE8768DF855
S31508033DB0073009D10023E91D1A460DF10700FEF75E
S31508033DC0C2F89DF80730AB712046DEF7C7FC03B08F
S31508033DD030BD704710B5DEF7FBFC837900210C3341
S31508033DE0C418E078E1F78EFD68B1211D01F056FE8F
S31508033DF00446DEF7F3FCE2B20023BDE8104042F2C4
S31508033E003501FFF70BBE41F24204F2E72DE9F04113
S31508033E10DEF7DEFC837900250C33C418E678DEF773
S31508033E20D7FC0768DEF7D4FCA6F1FE0359425941CD
S31508033E3005603046E1F766FD3B462946227901F0DF
S31508033E4080FD0446DEF7CAFC2B46E2B242F237018E
S31508033E50BDE8F041FFF7E2BD2DE9F041DEF7B8FC16
S31508033E60837900250C33C418E678DEF7B1FC0768B6
S31508033E70DEF7AEFCA6F1FE0359425941056030460A
S31508033E80E1F740FD3B462279012101F05AFD04463C
S31508033E90DEF7A4FC2B46E2B242F23801BDE8F04154
S31508033EA0FFF7BCBD2DE9F047DEF792FC83790C33A7
S31508033EB0C418277994F8038027B9B8F1010F27D0D6
S31508033EC0E1F7C2FC00260534BE420ADB0025DEF70D
S31508033ED085FCEAB20023BDE8F04742F23901FFF751
S31508033EE09DBD2078B4F80150A0F1FE03594259410B
S31508033EF094F803900434E1F705FD60B12A464B466E
S31508033F004146E1F7D9FB05460028E0D10136DBE750
S31508033F1041F21205DBE741F24205D8E710B5DEF7B1
S31508033F2057FC837900210C33C418E078E1F7EAFCDF
S31508033F30616801F0CCFD0446DEF750FCE2B20023CB
S31508033F40BDE810404FF61941FFF768BD10B5DEF717
S31508033F503FFC837900210C33C418E078E1F7D2FCDF
S31508033F60616801F0CDFD0446DEF738FCE2B20023B2
S31508033F70BDE810404FF61A41FFF750BDFE282DE95C
S31508033F80F8430646894690461F4616D00220FDF793
S31508033F901CFE044690B106221221FFF761FD122387
S31508033FA0A57920460C352544AB7085F803902E7108
S31508033FB0A5F80580EF71DEF7D1FB0120BDE8F8838C
S31508033FC0F8B5074602200E461546FDF7FEFD0446DC
S31508033FD068B10822FF21FFF734FDA37920460C3385
S31508033FE02344DF705E601D81DEF7B8FB0120F8BD50
S31508033FF0C37AC3F38000190748BF40F00200DA0604
S3150803400048BF40F004009B0648BF40F008007047CD
S315080340107047F8B51E464B1C04461746084617D084
S31508034020E2F7FCF885B2204610223121FFF718FD86
S31508034030A3790C33E018BDF81830A0F803500381B0
S315080340409DF81C30477103740023C6804374F8BD7A
S3150803405040F6FF75E7E7F8B51D464B1C04461646BA
S31508034060084618D0E2F7DAF887B220460922322141
S31508034070FFF7F6FC08212046FDF723FC0023A17968
S315080340800831C9B2A1710C310C44A4F803706671E6
S315080340906572A372F8BD40F6FF77E6E7F7B51546EE
S315080340A01E469DF820700190FDF7F1FEC4B246B195
S315080340B03A4631460198FDF7EAFE3D442044C4B228
S315080340C0EDB2AC4206D201A82146FDF7E1FC072072
S315080340D003B0F0BD019B9A790C3213445A78144401
S315080340E09A785C70312A04D15A7C01325A740020BA
S315080340F0EEE79A7A01329A72F9E7F0B484799DF871
S3150803410010500C340444A7789DF91460312F01BF6D
S3150803411061816273A373E5730FBF2673A271E3719B
S315080341202572F0BCDEF71ABB2DE9F0410F4690461F
S315080341301D46064628B90220FDF747FD0646002810
S315080341404CD020222C213046FFF78AFC4046B4790E
S31508034150E2F764F80C343444E770A0802B7B2846D6
S31508034160A371B5F80D30A4F80730AB7AC3F303038C
S315080341706372AB7AC3F30313A372EB7AC3F3010334
S31508034180E3722B7823736B786373AB78A373EB783B
S31508034190E3732B7923746B7A6375FFF729FFE08240
S315080341A02B8A304623836B8A6383AB8AA383EB8A82
S315080341B0E383EB7B84F820302B7EC3F3460384F832
S315080341C02130B5F80730A4F81330B5F80530A4F84C
S315080341D01130DEF7C3FA0020BDE8F0810720FBE7BC
S315080341E0F8B50E461746044620B90220FDF7EDFC3E
S315080341F0044688B104222E212046FFF731FC3846AF
S31508034200A579E2F70BF80C352544A880EE7020460D
S31508034210DEF7A4FA0020F8BD0720FCE72DE9F843EA
S31508034220089D0F4691469846064628B90220FDF78B
S31508034230CCFC064600285ED022222F213046FFF703
S315080342400FFC4846B479E1F7E9FF0C343444A080FF
S3150803425084F80680E770002D47D0012295F83F3091
S31508034260E27195F8371083F00103217295F8381037
S31508034270617295F83A10A17295F83B10E17295F8B8
S315080342803C10217395F83D10A373617395F8393083
S315080342902274E373AB6AC4F81130EB6AC4F81530B9
S315080342A02B8EA4F8193095F83230E37695F8343026
S315080342B0237795F83530637795F83630A377002357
S315080342C0E37795F8203084F8203095F8213084F880
S315080342D02130EB7F84F82230EB8A84F8233030468A
S315080342E0DEF73CFA0020BDE8F8831D222946E01DC7
S315080342F0FCF7BFFEF3E70720F5E72DE9F843DDF8FA
S3150803430024900D4617461E46804628B90220FDF717
S315080343105CFC804600285AD0162230214046FFF717
S315080343209FFB98F806403846E1F778FF0C349DF86A
S3150803433020304444E3710023A0802372A671E570FC
S3150803434004F10A03B9F1000F27D00A210A9AB2F930
S31508034350002092FBF1F2627299F824202272B9F8CE
S315080343600420628199F806209A7099F823306373BA
S31508034370B9F81A30E381B9F818302382D9F80C3022
S315080343806382D9F81030A382B9F808304046E3822D
S31508034390DEF7E4F90020BDE8F883A4F80A9083F869
S315080343A002904B4684F80D9084F80E9084F80F908B
S315080343B084F8109084F8119084F8129084F8139076
S315080343C084F8149084F8159084F80990DEE707209A
S315080343D0E1E7F0B50446174693B000230E46482294
S315080343E001466846FDF715FA2046FDF723FA042227
S315080343F02D212046FFF734FB3846A579E1F70EFF52
S315080344000C3525446B78482248336946A8806B7077
S315080344102046EE70FDF73BFD2046DEF79FF90020A8
S3150803442013B0F0BD10B50220FDF7CFFB044660B10B
S3150803443002223321FFF714FB0022A37920462344E3
S31508034440DA73BDE81040DEF789B910BD10B5044626
S31508034450FFF764F860B12088E1F7CCFE044648B15B
S3150803446002F016FA40B12046BDE8104000F093BDAD
S315080344700C2010BD0220FCE72F20FAE710B588B000
S315080344800446FFF74BF800286BD02088E1F7B2FE05
S31508034490002864D0237AA1798DF80430637A01F071
S315080344A00F018DF80530A37A8DF80630E37A8DF877
S315080344B00730237B8DF80830B4F80D30ADF8093092
S315080344C0B4F80F30ADF80B30637C8DF80D30637993
S315080344D0628A03F00F0343EA0113E17901F003014A
S315080344E043EA0123910201F480610B43C2F34001BD
S315080344F043EAC123C2F3800143EA0133C2F3C0028C
S3150803450043EA4233ADF80E30A37801A98DF810308B
S31508034510B4F80330ADF81130237F8DF81330627D7C
S31508034520237D43EA0223ADF81430E27DA37D43EAF3
S315080345300223ADF81630627E237E43EA0223ADF8E2
S315080345401830A37EE27E43EA0223ADF81A30637F6E
S315080345505B008DF81C3000F033FD08B010BD022057
S31508034560FBE70C20F9E710B50446FEF7D7FF38B189
S315080345702088E1F73FFE28B1BDE81040FEF77FBC6F
S315080345800C2010BD0220FCE7F8B50546E3F7F6FC58
S31508034590EF78FC2F02D8B84219D3C7B195F904307E
S315080345A0142B16DC2888E1F725FE064698B1A97868
S315080345B0DCF73EFB044640B9304695F90410FEF78E
S315080345C026FF39463046FEF73DFF2046F8BD11243F
S315080345D0FBE71224F9E70224F7E710B50088E1F7A9
S315080345E009FE044638B102F053F930B12046BDE856
S315080345F01040FEF799BF022010BD2F20FCE710B527
S3150803460004460088E1F7F6FD20B1A11CBDE8104079
S31508034610DCF732BB022010BD38B504460088E1F743
S31508034620E9FD054660B1A178FEF7F8FE022809D030
S31508034630012809D82846A178BDE83840DFF7ECBF3A
S31508034640022038BD1220FCE70C20FAE710B5044611
S315080346500088E1F7CFFD40B1E278A178003A18BFA8
S315080346600122BDE81040FEF72DBF022010BD062328
S3150803467007B5009300234FF0FF301A461946FEF795
S3150803468072FD03B05DF804FB13B503780446013BDA
S31508034690032B15D8E2F704F858B96B46D4F801008A
S315080346A0D4F8051003C369462078E3F7F7FA02B08E
S315080346B010BDE3F763FC23788342EED00C20F6E7BC
S315080346C01220F4E742F29601F8B50468A27902F1DA
S315080346D00C05635B60198B4211D842F288018B4241
S315080346E011D9A3F502530A3B0C2B0ED8DFE803F0C6
S315080346F01D2634383D4153575B61666A7B004FF686
S315080347002D42934278D000200EE020461C23002237
S3150803471042F28901FFF782F9A3790C331C44204638
S31508034720DEF746FA60710120F8BD0330FFF78EFE07
S315080347300246615B2046FFF7A2F9F4E730F8036FF8
S31508034740FFF79CFE024602232046615BFFF766F9E4
S31508034750A37923445E82E6E70330FFF704FFE7E71E
S3150803476030F8036FFFF710FFECE70330FFF735FF69
S31508034770DEE730F8037FFFF742FF06462046FDF7DC
S3150803478059F8022332462046615BFFF747F9A379B6
S3150803479023445F82C7E70330DEF748FAC8E70330E6
S315080347A0FFF73AFFC4E70330DBF716FD024600239B
S315080347B014E030F8036FDEF791FAC3E70330FFF727
S315080347C045FFB5E72132A27121460330DEF7F8FA31
S315080347D006462046FDF72EF8002332462046615B3F
S315080347E0FFF71CF99FE7002242F296012046FFF7DE
S315080347F046F9FFF73CFF96E70330FFF745FFD5E792
S3150803480013B5DDF7E5FF0446019001A8FFF75AFF44
S3150803481070B1DDF7E3FF0022C280A179E279521A6B
S315080348200C31D2B2214402B0BDE81040FDF72FBBCC
S3150803483002B010BD38B5044655002A46FDF727FBD6
S31508034840A3790C331C4463782B4463702B1A5842A0
S31508034850584138BDF8B51C46DDE90665431C0F46C5
S3150803486004D00138012801D91220F8BD791C0AD1D0
S31508034870631C0FD195B1731E4A2BF5D8432EB4BFCB
S3150803488000201120F1E7D1B2F8B2FEF73EFF002867
S31508034890EED0EAE7013C0F2CECD9E5E72846E4E736
S315080348A07047F7B5DDF794FF054683790C331D4446
S315080348B00023CDE90033AB79F3B90020019FFEF756
S315080348C0A4FE044600BBB5F80300E1F793FC0028F1
S315080348D039D0B5F80300C0B2DCF790FDC3790646B4
S315080348E05B0632D46B7913F0060F1AD16B795A1E0D
S315080348F0062A25D9122407E06A46072101ABFEF7E3
S315080349002EFF04460028D8D06846FCF793FFDDF748
S3150803491065FF0023224642F25501FFF77FF803B0ED
S31508034920F0BDA97927B14B1E4A2BE3D842290ED8E5
S315080349303A463046FEF7BEFE04460028D6D0E3E7DD
S315080349400024B371E0E70224DEE70C24DCE7112434
S31508034950DAE770B5DDF73CFF83790C33C418B4F88E
S315080349600300E1F747FC054668B3B4F80300C0B291
S31508034970DCF744FD8379064653B90C24DDF72EFF8D
S315080349802246BDE87040002342F25701FFF746B8B6
S31508034990637983B96079F379002814BF0122002269
S315080349A062F3861362F34513F37102D13146FEF7B8
S315080349B093FE0024E2E7002228461146FEF7AFFEDF
S315080349C00028E7D0D9E70224D8E72DE9FF41DDF728
S315080349D0FFFE044683790C331C440023CDE90233D6
S315080349E02379002B44D10020039FFEF70EFE0546CC
S315080349F0002848D10146E078E0F784FF804600287E
S31508034A004FD0E0F737FEDCF711FD237906460BB3E3
S31508034A104046FDF780FE002845D1A279E379002AAE
S31508034A2014BF3846002061790190207A00904FF030
S31508034A30FF30FFF70FFF002835D13A463046217A73
S31508034A40FEF738FE78BB6379A27903F01F0343EABE
S31508034A508213B3712079F379002814BF0122002247
S31508034A6062F34513F3710ED13146FEF735FE0AE0BC
S31508034A70237A002BB7D0092103AB02AAFEF76FFEF0
S31508034A8005460028AFD002A8FCF7D4FEDDF7A6FE3C
S31508034A9000232A464FF61541FEF7C0FF04B0BDE8CA
S31508034AA0F0814225EFE70546EDE770B50546022096
S31508034AB00E46FDF78AF8044660B104221721FEF76D
S31508034AC0CFFFA37920460C332344DE709D80DDF7A0
S31508034AD045FE012070BD00F000BD704738B5044699
S31508034AE0FEF752F8054658B9C820DAF793F8C822EC
S31508034AF002212846DAF722F98442A8BF044624B2DB
S31508034B002046DAF787F8FEF73FF8BDE83840C822AB
S31508034B100221DAF713B9B0F90020B1F900302DE90B
S31508034B20F3479A4204460D464CDC0AF047F880469A
S31508034B30E1F7B6FD002842D1DAF714F98246FEF703
S31508034B4023F8C8220221DAF7F9F80DF1060181469E
S31508034B5001A8DAF745F847F6FF73B5F900209A4234
S31508034B6004BFBDF806202A80B4F900209A4204BF80
S31508034B70BDF804302380B5F90000FFF7AFFFB4F999
S31508034B80003007468342C8BF2080B4F90000DAF72D
S31508034B9091F8FEF72EFF064660B15046DAF78AF813
S31508034BA04846DAF737F840460AF003F8304602B0C3
S31508034BB0BDE8F087DAF7D6F820802F80F3E741F2CD
S31508034BC00C06F0E72126F1E74368143B4360A0236C
S31508034BD00B6070471AB94268A2EB530242600A682F
S31508034BE002EB83020A60704710B5148912681B1B0F
S31508034BF01BB25343426840F27120096802EBD102A3
S31508034C0000FB032010BD884210B51BD8052819D907
S31508034C10B1F5486F16D8B3F5FA7F13D240F6764442
S31508034C20A2F10A0080B2A0420CD8BDF808000133ED
S31508034C309BB243434B435B00B3EBC20F94BF0120C4
S31508034C40002010BD0020FCE7042908B503D1DBF7D3
S31508034C5083F9002008BD0829FBD1DBF7D1FFF8E764
S31508034C6008B502F087FD002008BD012938B50546B9
S31508034C700C4603D1DBF742F980F868402946012040
S31508034C8002F005FE012038BD0B8A827D43F08003BE
S31508034C90D340DA072ED54B8AC27D43F08003D3402F
S31508034CA0DB0727D58B8A027E43F40073D340DA07E2
S31508034CB020D50B782BB9037B032B1BD0437B032B04
S31508034CC018D0CB782BB9C37C03F00F03013B012B18
S31508034CD010D90B7923B9C37C03F00F03022B09D828
S31508034CE0CB7ADB0608D4007D10F00F0018BF01202D
S31508034CF0400170472020704700207047837A1A07BF
S31508034D0016D003F00F02042A12D80F2B10D94F2BF3
S31508034D104FEA13110CD88A420AD8037B013B032BAB
S31508034D2006D8C37A13F0030F14BF00201E2070475A
S31508034D301E20704790F8B23082B0C3B1438B13F08C
S31508034D40020314D093FAA3F3B3FA83F340F2097276
S31508034D50002002F0090161F30700120A62F30F202B
S31508034D60072262F3174063F31F6002B070470223FA
S31508034D70ECE770B50E4604460146002001F04FF8ED
S31508034D80012E054606D1C16820468B7919440D3193
S31508034D90FEF740F905F10C00FCF74CFD002021460F
S31508034DA0E86002F074FD012070BDF8B50E460446AE
S31508034DB01746DBF7A3F8012E054625D0032E1BD18C
S31508034DC02146012002F063FD95F8B530B3B92046B4
S31508034DD095F8C410FEF7BDF8396895F8C4303A79E2
S31508034DE020460968FEF7C6F800233A681360FF22CF
S31508034DF085F8B53085F8C4200120F8BD204601F0B2
S31508034E0017F8C307E3D5E7E72146304602F03FFD27
S31508034E102046222101F04BF80020EEE7012938B598
S31508034E200446084613D1214602F031FD2046DBF736
S31508034E3065F890F8C41005462046DBF751FC4FF495
S31508034E400031204601F000F8FF2385F8C43001201D
S31508034E5038BDF0B50E4685B004461746DBF74EF85F
S31508034E60012E054623D0032E1ED1002621460120F6
S31508034E7002F00DFD95F8C4303868CDE90166009651
S31508034E80224639790068FFF738FA3B6820461E60E0
S31508034E9095F8C410FEF73EF94FF40031204600F0AA
S31508034EA0D3FFFF2385F8C430012005B0F0BD2146A2
S31508034EB0304602F0ECFC2221204600F0F8FF20469B
S31508034EC095F8C410FEF726F920464FF4003100F092
S31508034ED0BBFFFF23002085F8C430E6E738B5044650
S31508034EE00D46FEF71BFB08B91A2038BD204601F00C
S31508034EF0CFFC08B92F20F8E72F21204601F003FC41
S31508034F000028F1D00DB90020EFE7204600F096FF00
S31508034F10C30207D42046DAF7F1FF90F8B130002B25
S31508034F20F1D1E7E72320E0E770B50546DBF7CCFECA
S31508034F30044610B3036B03B31DB9416A012002F09B
S31508034F40A6FC0023256B2363A36A93F83E30042B40
S31508034F5003D12946606ADEF72DFDA36A93F83E302E
S31508034F60032B0AD12046FDF73FFF29460346A26ACB
S31508034F70606ABDE87040DEF761BB70BD012910B5F4
S31508034F800446084605D1214602F081FC2046FFF770
S31508034F90CBFF012010BD10B52F21044601F0B3FB4A
S31508034FA050B10220FCF711FE014638B12046BDE890
S31508034FB010402E22DEF76ABA0C2010BD0720FCE744
S31508034FC038B50D462F21044601F09DFB78B12046DE
S31508034FD0DAF794FFB0F8B2304BB92046DAF7A2FFF6
S31508034FE0002804DA2846BDE83840FFF787BE0C20B8
S31508034FF038BD2DE9F047044602200F469046FCF7D4
S31508035000E4FD0646C8B339462046FEF763F8054667
S3150803501028B13046D8F79AFB2846BDE8F0872046DC
S3150803502000F00CFF10F48A1F08D039462046FEF715
S3150803503071F83046D8F78AFB3A25EDE74FF4003185
S31508035040204600F0FDFEFEF780FA814603232A4632
S3150803505039462046FEF77AF8B9F1000F05D03A46E5
S3150803506031462046DEF7D2FAD6E73B464246314674
S315080350702046BDE8F047DEF7E1BA0725CCE7032962
S3150803508038B5044608D004291DD0012919D122218F
S3150803509000F00DFF002038BD15791221204601F0D6
S315080350A018F92046E1F7BAF8294680B2FFF7FDFC5E
S315080350B02146012002F01BFC4FF40051204600F064
S315080350C0C3FE0120E7E71A25E7E7F8B58B79054616
S315080350D00C33CE5C0C461A2E01EB030703D01B2EAA
S315080350E038D00020F8BDE1F799F8C0B2DCF786F9A5
S315080350F0C3795A0607D41A23202221462846E3F7FA
S3150803510081FE0120EEE77A7883799109CB40DB07A4
S31508035110F1D502F03F00FEF7F8FA02460028EAD175
S3150803512001462846FEF7FBFA024608B13346E4E78A
S315080351301B2120467E7802F01FFB2046E3F750FE2C
S31508035140A37906F0DF06234421462846DE7202F0D9
S3150803515011FBD6E70846D8F7F9FA2946012002F0E3
S31508035160C6FB28464FF4005100F06EFE2846DFF7CB
S31508035170AFFCC6E783791844C37A0B70704708B542
S31508035180E1F74CF8C0B2DCF72DF920B1837A9B0618
S3150803519001D5808808BD4FF0FF30FBE730B190FAA0
S315080351A0A0F00123B0FA80F08340D8B2704770B5F7
S315080351B0064600F043FE80F0400402060546C4F3A3
S315080351C0801406D40821304601F0CCFA08B144F01D
S315080351D00204EB0506D40B21304601F0C3FA08B1E5
S315080351E044F00404204670BD4B1E032B10B50C4631
S315080351F002D90023184610BD0329FAD0FFF7D7FFB3
S3150803520004EA00038443F4D1F4E72DE9F74304469B
S3150803521088461746019300F011FEC0F34015204651
S3150803522001F097F821468146284600F0F8FD064620
S3150803523007B32046E0F7F2FF8046204601F08CF8D4
S315080352403A460146019B1FFA88F0DEF77DF82146A8
S31508035250284602F01CFB2021204600F0F5FD56E8FF
S31508035260003F43F4805346E80032002AF7D103B0DF
S31508035270BDE8F08301A8FCF7DDFA99F8011040466A
S3150803528001F00F0101F039FB062818BF01462A462B
S3150803529008BF0021204600F0F7FFD8E7032970B5B9
S315080352A006460D4614460CD0042919D0012915D1F2
S315080352B0222100F0FCFD2846314602F018FB0020A7
S315080352C070BD136812791B680021FFF79EFF002241
S315080352D02368314601201A6002F009FB0120EFE733
S315080352E013680C221B68EFE7012910B504460CD195
S315080352F000F0A4FD2146C0F3401000F090FD002302
S31508035300817C1A462046FFF780FF012010BD2DE950
S31508035310F7430F46054600F091FD00F02009C0F358
S315080353204018284601F015F8BB790C333B445E78E0
S315080353309B781E400378C3F3030000EA131030403A
S31508035340FFF72CFF044648B9B9F1000F06D12846E2
S31508035350FFF72DFF3040FFF721FF0446284600F0EC
S31508035360FBFFE2F755F8A04223D01CB302212846D7
S3150803537000F0A0FD00210646284600F066FE182127
S31508035380384602F0F9F93846E3F72AFDB6B2394644
S3150803539044708470A0F80360284602F0EBF92346AC
S315080353A02246294640460096DFF7F6FB03B0BDE8DA
S315080353B0F08300242646E2E770B504460D4602F05C
S315080353C0C6FA28B929462046BDE87040FFF79FBFAD
S315080353D0402829462046BDE870404FF0160314BFFF
S315080353E02A222322E3F70EBD38B505460C4600F0FC
S315080353F025FD830604D42046BDE83840D8F7A6B968
S3150803540021462846BDE83840FFF781BF2DE9F34119
S315080354108C7906460C340C440D4600F00FFDA17832
S3150803542007463046FFF7E0FE617880463046FFF7C9
S31508035430DBFEB4F8032003460092C7F34010424646
S315080354403146DFF7A9FB284602B0BDE8F041D8F795
S315080354507DB938B501460546002000F0E0FC29462B
S315080354600446002002F06CFA40280DD02368DB04BA
S315080354700AD42946012000F0D2FC29460446012015
S3150803548002F05EFA402801D1A07C38BD206810F4EA
S315080354908050FAD0F8E708B58B790B441B7B162B9B
S315080354A003D0172B05D0002008BDFFF785FF012081
S315080354B0FAE7FFF799FFFAE708B58B790B441B7BE5
S315080354C0162B03D0182B05D0002008BDDFF78EFB5B
S315080354D00120FAE7FFF79AFFFAE770471FB54A1E56
S315080354E0042A03460C465FD8012902D1008804B072
S315080354F010BD022905D100885B88984238BF184633
S31508035500F5E74A00014601A8FBF7BEFD032C07D1C0
S315080355100023ADF80A304FF6FF73ADF80C3001E0FF
S31508035520042CF8D0BDF80620BDF80430934284BF96
S31508035530ADF80630ADF80420BDF80A30BDF80C20E6
S31508035540934288BFADF80A20BDF80A2088BFADF894
S315080355500C30BDF80430934288BFADF80A30BDF865
S315080355600620BDF80C309A4288BFADF80630BDF860
S315080355700820BDF80630934284BFADF80830ADF86D
S315080355800620BDF80A30BDF808209A4288BFADF850
S315080355900830BDF80820BDF806309A4238BFADF882
S315080355A00830BDF80800A2E74FF6FF709FE7002012
S315080355B0704790F83C00704770B50446002836D00B
S315080355C009F0FCFA0646206998B1836A2BB128309C
S315080355D0FCF730F9002223699A622069436A2BB1E2
S315080355E02430FCF727F9002223695A62002223692B
S315080355F01A620025E068256110B1FCF78FFCE560A7
S31508035600A369257223B104F11800FCF713F9A56100
S31508035610E06918B1E1F7B0F80023E361236830467F
S3150803562023F002032360BDE8704009F0C2BA70BDD7
S31508035630C0F3845303EB830300EB830080B2704704
S31508035640F8B500231360047D05468068FFF7F0FF6D
S3150803565014F00807034602D00B446B6004E06E6837
S31508035660701AB0EB030C01D40120F8BD14F0010045
S3150803567009D1D5E90374E41B14EB0C0FF5D40B44D9
S315080356809E1B1660E9E73846EFE710B50446DFF7D1
S3150803569063FD6168E069DFF7E9FDBDE8104001F0E5
S315080356A0E1B938B50C46C94301F001010546DFF7F0
S315080356B01DFEA30702D4E869DFF702FEBDE83840FA
S315080356C001F0D0B910B50446DFF710FE2046DFF720
S315080356D043FDBDE8104001F0C5B9007D00F00100A7
S315080356E0704701F0A3B9FFF716BA431E032B06D872
S315080356F0DFE803F00204020403207047042070471E
S31508035700FEF767BBE0F7A8BA2DE9F04F1646002265
S3150803571085B01D469DF84830044602939DF86030CF
S315080357208B460393139B9DF83870B3F90030DDF865
S3150803573040800193139B9DF850A01A8082699DF8B7
S315080357405890002A40F0FA8005F01C021C2A04BF70
S315080357500626B346E80600F1A98005F00302032AE4
S3150803576008BF05F0FD0505F0F70505F01402142A30
S3150803577040F0A080AA0600F1AB809DF86400FFF70D
S31508035780B4FF1AF0020F84F8690040F0A4801AF0F7
S31508035790040F00F0A28000F0FD00012814BF0321C6
S315080357A004219DF8680084F87410FFF79EFF19F02A
S315080357B0020F84F88E0040F0928019F0040F00F06F
S315080357C0908000F0FD00012814BF0323042384F806
S315080357D084300020019AD9F7B1FAEB068146A4F87A
S315080357E0540008D4FDF7D0F9019A94F88410D9F730
S315080357F0A5FAA4F85400B4F95430139A4946138009
S3150803580004F16C00FCF70FFE47F6FF7104F17C0008
S31508035810FCF709FE94F88410606C01F062FBFF2222
S31508035820236A84F85A20039A23F09F03236212B14A
S3150803583043F01003236205F01803182B02BF236AEB
S3150803584043F080032362236A680723F06003236215
S315080358500CD4029AD10744BF43F020032362029A69
S31508035860236A920744BF43F040032362236AA4F8DA
S31508035870505023F00703236204F16202B8F1000FC4
S3150803588031D0D8F80010C4F86210B8F80410918023
S315080358909DF83C20012A02D143F004032362012F19
S315080358A026D1236A43F0010323622EE04FF0010950
S315080358B0CA465AE700222046A16AE0F719FA40F2D7
S315080358C07122724390427FF655AF41F2450032E0AA
S315080358D005F0FC0551E7022163E7012161E702238D
S315080358E075E7012373E7C4F86280A2F80480D6E754
S315080358F0032F07D1236A43F001032362236A43F084
S315080359000203D1E7023F012FF8D9FCF7F9FC9DF80A
S315080359105C30C0F30B0040EA03309DF84430A4F82A
S315080359208C00A4F84CB02046A4F84E6084F858308E
S3150803593000F06DF9002005B0BDE8F08F41F20C00C8
S31508035940F9E72DE9F341884617460446019338B922
S3150803595001A8FBF76FFF41F2420002B0BDE8F081F0
S31508035960012922D0022911D091B98369D3B900F14B
S3150803597028054FF40076B4F85030D9061FD55A07D0
S3150803598028D501A8FBF756FF0020E6E7406C28B99F
S3150803599001A8FBF74FFF41F20C00DEE7194601F0B9
S315080359A0C3FADAE700F13005E3E7836923B900F1BF
S315080359B02C054FF48066DEE700F13405F9E79B070B
S315080359C008D5B8F1000F05D101A8FBF733FF41F25B
S315080359D01200C2E7236AF80723EA0603236202D5FD
S315080359E02846FBF727FF019921B12846FCF710F84B
S315080359F0002301932868FBF7A9FFB4F85030D906AA
S31508035A0005D51F2801DC032F18D02846DDE740F209
S31508035A107262904205DD2846FBF70CFF41F2070048
S31508035A209BE7B8F1000F09D1BF2807DD9A0705D010
S31508035A302846FBF7FFFE41F245008EE72046D4E9E8
S31508035A400C12E0F755F9A36983B140F27122B4F851
S31508035A504C305343984209D9B4F84E308342E7D3BE
S31508035A6000F51C70B0FBF2F0A4F84C0009F0A6F898
S31508035A70A369054673B1BB070CD5236A334323626F
S31508035A806368C3F57A76D8F7FFFDF04202D5204658
S31508035A90DFF716FD284609F08CF875E783693BB1ED
S31508035AA0B0F85030DB070FD490F85930FE2B0BD0E3
S31508035AB0036A43F4005303620B68C0F85B308B88B0
S31508035AC0A0F85F300020704741F20C007047A0B180
S31508035AD0CB0742BF036A43F4805303628A0742BF74
S31508035AE0036A43F4804303624B0701D400207047DB
S31508035AF0036A43F400430362F8E741F2420070473E
S31508035B00A0B1CB0742BF036A23F4805303628A0713
S31508035B1042BF036A23F4804303624B0701D4002080
S31508035B207047036A23F400430362F8E741F242002D
S31508035B30704738B5044608300D46DCF7ADFDDFF788
S31508035B40B9FC844202D12220E1F782FD85F00101E6
S31508035B5000252046FFF7A5FDE06BA56110B1E0F728
S31508035B600BFEE56304F14000BDE83840FBF762BE6F
S31508035B7070B590F859300446FE2B09D15B3000F016
S31508035B8044FF00F03BFF18B1236A43F40053236232
S31508035B9042F20103256A2B40012B35D0AB072CD5DE
S31508035BA0C5F3800504F16206002231462846FCF750
S31508035BB0D0F9002184F85A00FCF7DCF931460022B3
S31508035BC02846FCF7CBF9B4F8501018B194F95A00E3
S31508035BD0002814DA236A23F002032362B4F8502058
S31508035BE002F00302012A08D131462846FCF7B6F922
S31508035BF018B1236A43F008032362002070BD01F03D
S31508035C000101FCF7B7F9E9E741F21200F6E738B5FF
S31508035C10044608F0D3FFD4E90A1205462046E0F7FE
S31508035C2067F8B4F84C10B4F84E20E060521A40F204
S31508035C30712101FB020303F59C53083328462361AC
S31508035C40BDE8384008F0B5BF036A10B5044613F437
S31508035C50606023D09A0507D504F12800FBF7EAFD0F
S31508035C60236BA36200232363236A5B0507D504F129
S31508035C702C00FBF7DFFD636BE36200236363236A90
S31508035C80204623F460632362FFF7C1FF0120B4F8BB
S31508035C908C305A1C62F30B03A4F88C3010BD036ACC
S31508035CA00B4303624FF08050EBF7EEBA10B5044688
S31508035CB019B390F856208AB190F857300133DBB2FE
S31508035CC09A4280F8573009D10121FFF732FF4FF482
S31508035CD080312046BDE81040FFF7E1BF236ADA05A5
S31508035CE00BD5636A62689B1A002B06DA01212046E4
S31508035CF0FFF71FFF4FF48021EBE7236A1B0624D423
S31508035D00FCF7FEFA1123B0FBF3F394F9682003EBCF
S31508035D100313C01A83B212FA80F0102888BFC3F19E
S31508035D2010035BB2083A1A4484F8682040F27121DA
S31508035D30B4F84C2020461A44636801FB0233012158
S31508035D406360BDE81040FFF7BDBC0023EEE7C94317
S31508035D5050E8003F0B4040E80032002AF8D170476C
S31508035D6038B505460C46FCF711FF20B149F6404302
S31508035D709C4228BF1C46EA68A2420BD240F2712114
S31508035D80B5F87E304B43934238BF1346A34228BF28
S31508035D9023461A462A6138BD03469A6A483092054D
S31508035DA005D5D3F82821B3F84010D9F735BD93F8AC
S31508035DB07310D9F727BD0020704701207047C82004
S31508035DC07047002070477047012070477047704737
S31508035DD090F8892010B5531C03F00F03072B28BF2F
S31508035DE00023044663F30302034480F8892083F8F7
S31508035DF0821090F889306F2B4FEA13129EBF013237
S31508035E0062F3071380F88930FFF7E1FF204694F819
S31508035E103011FDF7F3FD10BD70477047704710B199
S31508035E2001F1B000704701F1D4007047F8307047AC
S31508035E30806A7047836A0B4383627047C06A7047F8
S31508035E40C36A0B43C3627047C36A23EA0103C36287
S31508035E50704700F59C70704770B540F2712606FBD3
S31508035E6001F345685643826A1D44D20704464560D2
S31508035E700ED500F14405294690F84220DDF7B8FA15
S31508035E80334629462046BDE870400122FEF7A2BEE6
S31508035E9005EB5605456070BDD0F8A40000B97047F8
S31508035EA043799B0701D40068F8E70120704780F817
S31508035EB07B10704738B504460D46E0F7AFF980B254
S31508035EC0FDF765FB80B14288022DB4F8400011D076
S31508035ED0032D0BD0012D06D1A38FA26B1B01B3FB98
S31508035EE0F2F3184480B238BD0122EDE74FF47A4342
S31508035EF0A26BF4E7E38F5B00073313FB0200F1E7BA
S31508035F0038B5044601F09DFD04F1A400FBF792FCA5
S31508035F1004F1A800FBF78EFC04F1AC00FBF78AFC3E
S31508035F202046E0F77BF9C4B22046DBF75BFA054661
S31508035F302046DBF763FA01462846FDF7CDFB38BD55
S31508035F40B0F8343110B5A0F832310446E0F766F9F3
S31508035F50C0B2FFF734FF94F8303194F8312104F1D5
S31508035F604801FCF70CFE014604F59470FCF75BFA4E
S31508035F70B4F93221B4F934319A4209D0A36ADB045D
S31508035F8006D52046BDE810404FF40041E0F75CB95A
S31508035F9010BD38307047806B7047836A0A4600F134
S31508035FA04801C3F34020D9F7E3BB38B504460D4689
S31508035FB042B9836A23F4405309B143F4805300205A
S31508035FC0A36238BDFDF723FD48B1A36A23F4405302
S31508035FD00DB143F48053A36243F40053EFE7112052
S31508035FE0EFE72DE9FF41836A0446DB0428D5B0F9B8
S31508035FF03481B0F932710020D8F7B4FE8045CCBF9E
S3150803600000250125FCF7C0FDC82294F83011D8F7FE
S3150803601095FE06462046E0F701F9B045B4BF0026CB
S315080360200126002345EA4605CDE90085A8EB0707BF
S315080360303FB202971A4694F8301180B2FDF77BFEF9
S3150803604004B0BDE8F0818A307047F8B504460E46B9
S3150803605000295AD040F27123876B30465F43A7F273
S315080360608A277F08394600F05DFC94F89230851F2D
S31508036070ADB29D4239463046A8BF1D4600F052FCD4
S3150803608094F89320831F9BB29342A8BF1346F21E2C
S31508036090012AB4F88A10B4F88C202BD8B1F5296FE5
S315080360A044F29020B8BF4FF429618142A8BF014644
S315080360B0B2F5296FB8BF4FF429628242A8BF0246D8
S315080360C01B2DB8BF1B251B2BB8BF1B23304684F8D3
S315080360D0953084F89450A4F88E10A4F8902000F014
S315080360E021FC831F9BB2AB42A8BF2B46DBB284F8C5
S315080360F09630F8BDB1F5A47FB8BF4FF4A471B2F5D5
S31508036100A47FB8BF4FF4A472DAE71B23EFE72DE9A0
S31508036110F341876B490089B28F42044616461D46EA
S3150803612039D040F271224368816302FB073302FBCD
S3150803613011334360E0F772F84FF0000887B233462D
S315080361404246012138460195CDF80080FDF727FA26
S315080361503846FDF72CFA41463846FDF721FA01235E
S31508036160E18FA28FB14218D09542E68700D0A58762
S31508036170A38FA26B1B01B3FBF2F3204694F83011ED
S31508036180A4F8A030FFF761FF0421204602B0BDE85A
S31508036190F041E0F759B80023E2E79542E7D1A26A4E
S315080361A0D207E5D5002BE3D102B0BDE8F081F0B5FF
S315080361B085B004460E466A4600F18A0300F1920743
S315080361C0154618685968083303C5BB422A46F7D1EA
S315080361D01868314628609B882046AB80FFF735FF51
S315080361E09DF80B2094F895309A4211D1BDF80620F4
S315080361F0B4F890309A420BD19DF80A2094F894305B
S315080362009A4205D1BDF80420B4F88E309A4207D0D5
S315080362104FF48141204605B0BDE8F040E0F714B8D5
S3150803622005B0F0BD37B5044694F89250BDF818008A
S315080362308D420BD1B4F88A50954207D194F89350FE
S315080362409D4203D1B4F88C5085421BD08DF80610B5
S31508036250ADF80420019D84F8921084F89330A4F8CD
S315080362608C0094F830112046C4F84051A4F88A20CB
S31508036270FFF79DFFB4F88E30A4F88A30B4F890304F
S31508036280A4F88C3003B030BD70B5044616460D46E7
S3150803629090F83031B1B1994214D00122FDF7B1FB20
S315080362A0294600222046FDF7AAFB2946204684F8FC
S315080362B03051FFF77CFF2046BDE870404FF4844118
S315080362C0DFF7C2BF19462046FFF771FF002EF2D14A
S315080362D070BD012210B5A1F12003C1F1200422FAF1
S315080362E004F402FA03F323438A40D0E9084124EA73
S315080362F0020421EA0301C0E9084110BD30B4C56AA6
S3150803630015F0040F0DD145F00405C56280F89E10FB
S31508036310A0F89A204FF4006130BCA0F89C30DFF750
S3150803632093BF30BC704710B511B190F89E400C70FE
S3150803633012B1B0F89A10118013B1B0F89C201A80E4
S31508036340C06AC0F3800010BD836A43F48063836226
S31508036350704700F5A270704790F830017047F8B59A
S31508036360044608F02BFC65680646D8F78DF92B1A00
S31508036370B3F5FA7304D53046BDE8F84008F019BCFE
S3150803638040F27122A16B94F874505143B3FBF1F3B5
S31508036390B4F8402098B2121AA4F8402094F873204F
S315080363A000FB1522252592FBF5F705FB1722002A84
S315080363B0B8BF521984F87320B4F8A020121AA4F8A7
S315080363C0A020626800FB1122002120466260FFF7C5
S315080363D079F9D0E7F0B5036B04469B0790F87B6021
S315080363E087B001D5FFF78CFD236BDF0700F14081EA
S315080363F0236B9D0411D52046DFF710FFA16AC0B2AF
S31508036400C1F34021FDF773FC002800F056814FF4D1
S31508036410005104F13000FFF79AFC236BD90409D520
S3150803642000212046E0F714FC4FF4805104F13000B4
S31508036430FFF78DFC236B5A0513D52046DFF7EEFECF
S31508036440002394F89F50C2B219462846FDF796FDD5
S31508036450002800F032814FF4806104F13000FFF721
S3150803646076FC236B5B0712D52046DFF7D7FEA16BB5
S31508036470A38FE28FC1F34F0180B200F052FF0028C9
S3150803648000F01B81042104F13000FFF760FC236B45
S315080364901F070AD5204601F0B5FC002800F00D8138
S315080364A0082104F13000FFF752FC236BDD0617D5EC
S315080364B02046DFF7B3FEE16A80B211F4805100F09B
S315080364C00F81002100F0C2FF002800F0F680E36A7E
S315080364D0102123F48053E36204F13000FFF737FCFD
S315080364E0236B580613D52046DFF798FE94F87B30BE
S315080364F080B20093D4E9082300F08BFF002800F04C
S31508036500DC80402104F13000FFF721FC0026236BD1
S31508036510190516D52046DFF781FE00230093B4F844
S315080365209C30B4F89A2094F89E1080B2FDF792FB3B
S31508036530002800F0C2804FF4006104F13000FFF731
S3150803654006FC236B13F480452FD19A0513D52046F1
S31508036550DFF764FE2B462A4694F8301180B2DCF73F
S31508036560F3FE002800F0A9804FF4007104F130000F
S31508036570FFF7EDFB2E46236B1B0616D52046DFF7E2
S315080365804DFEB4F8903080B2009394F89530B4F881
S315080365908E2094F8941000F08BFF002800F08D806D
S315080365A0802104F13000FFF7D2FB236B9F060FD53A
S315080365B02046DFF733FE94F87B1080B200F05DFFC8
S315080365C000287AD0202104F13000FFF7C0FB00260B
S315080365D0236BDD0508D504F130004FF48071FFF70E
S315080365E0B6FB204601F047FA236B180408D504F1D5
S315080365F030004FF40041FFF7AAFB2046FDF703FAE4
S31508036600236BD90308D504F130004FF48031FFF723
S315080366109EFB2046FDF7F1F9236B9A0308D504F18F
S3150803662030004FF40031FFF792FB2046FFF7CEFB0D
S31508036630236B9B0718D5002220461146FFF7C4FB98
S315080366402046FFF7C3FB2046DFF7E8FD94F87B10E7
S3150803665080B200F0C8FF80B304F130000221FFF7CF
S3150803666076FB2046E0F788F8012084F87B6025E06E
S31508036670A76AF807C7F3803522D5002D0CBF012575
S3150803668003252046DFF7CAFD94F89F30294605936C
S315080366900023049394F84230C7F340020393A38F6D
S315080366A080B20293E38F0193A36BC3F34F03009363
S315080366B004F1750300F055FE20B9002007B0F0BDBC
S315080366C06D00DEE7012104F13000FFF740FB50E8D7
S315080366D0003F43F4005340E80032002AF7D187E627
S315080366E000F0CBFEF0E608B50220FBF76EFA10B110
S315080366F000F05FFF012008BD826A002122F0C00274
S315080367008262E0F7A5BA012310B5A1F12002C1F10F
S31508036710200423FA04F403FA02F222438B40D0E955
S31508036720084123400A40134314BF0120002010BD2B
S31508036730C36A10B5044613F0080012D00123A1F169
S315080367402002C1F1200023FA00F003FA02F2024301
S315080367508B40D4E9080103400A40134314BF0120C0
S31508036760002010BD10B50C46C9B2FFF7E1FF70B1A2
S31508036770E1F752F9C4F12002A4F12003E04001FA3B
S3150803678002F2104321FA03F3184300F0010010BD87
S3150803679070B504460E46E2F7B3FB08F00FFA054652
S315080367A00221204684F87B60DFF74EFD204601214F
S315080367B0FEF777FF2846BDE8704008F0FAB970B5CA
S315080367C00D46044608F0FAF906462046DFF7C4FCE8
S315080367D0304608F0EEF929462046BDE87040FFF733
S315080367E0D7BF0B68C0F84031704738B540F648053F
S315080367F0D0F840310C460B609BB2AB4204D90B214F
S31508036800FFF7B0FF08B9258038BD44F290232380EB
S31508036810FAE708B5DFF764FE00F093FC00F0D8FB4F
S31508036820E2F76EFAE2F7D0FFBDE80840E3F734B8BB
S31508036830B0F8A020B0F84030816B1344828F120160
S31508036840B2FBF1F2981A80B2704710B40B465DF8A2
S31508036850044B00F1380200F14401FEF7C5B937B518
S31508036860B0F8343104460D46ADF80630FDF7CFF8D7
S3150803687018B9BDF9060003B030BD002329462046E2
S315080368800DF10602FDF7C6F80028F2D00020F2E75C
S31508036890C06A00F4C060A0F5C06358425841704707
S315080368A038B50546DAF79EFD04462846DAF7A6FD07
S315080368B0214602460220E1F7CDFB38BD00230382B9
S315080368C07047037C427C981AC0B2704710B5037CA4
S315080368D0427C5C1C9A1A047403F0030340F82310E1
S315080368E0D0B210BD437C194401F0030150F82100CE
S315080368F07047437C013343747047022808D0042841
S3150803690003D0012818BF0620704701F00101C81CEF
S31508036910704710B50C46E0F791FD0279408804FBF1
S31508036920020010BD10B50C46E0F788FD4388A34264
S315080369309BBFE41A03790020B4FBF3F010BD0023D0
S3150803694037B5044601A80193D7F7DEFD054640B9D6
S31508036950A368322043F00403A360019B2362E0F794
S3150803696077FE284603B030BDE1F726B937B50546A5
S31508036970E1F748F904462DB12B680360AB88A38079
S3150803698003B030BDFBF7F6FC0322CDE900010DF198
S3150803699005010DEB0200FAF752FB0098BDF8043027
S315080369A02060ECE738B50546E1F72CF9044608F00C
S315080369B005F92B68A360AB88A381A37943F0010388
S315080369C0A37108F0F6F8012038BD38B50C4605461C
S315080369D0E1F718F9014605B1083106222046FAF708
S315080369E01EFBB0FA80F0400938BD10B50446E1F73E
S315080369F009F9036823608388A38010BD08B5E1F706
S31508036A0001F9807900F0010008BD10B50446E1F7E5
S31508036A10F9F8836823608389A38010BD50E8003F93
S31508036A200B4340E80032002AF8D1704770B50E468A
S31508036A301546DFF77DFD044648B93046DEF7CCFF39
S31508036A40044620B92846E1F77BFD044640B10020F9
S31508036A50DFF76EFD0020DEF7BFFF0020E1F770FDCC
S31508036A60204670BD4FF40010EAF70EBCFFF77EBF51
S31508036A70112808B502D0122805D008BD1320BDE891
S31508036A800840E0F7E5BDE1F737F8E1F7B3F8E0F7D3
S31508036A904FFE1420F3E7E0F787BD08B5E0F73AFDA4
S31508036AA0BDE808401120E0F7D3BD132808B502D086
S31508036AB0142809D008BDE1F7A5F8FFF755FFBDE887
S31508036AC008401220E0F7C4BD0020E0F75BFDBDE8EF
S31508036AD00840F5F730BE704783790C33184470477E
S31508036AE07047002337B5044601250193204601A9BB
S31508036AF000F00EF908B903B030BD01982A46837928
S31508036B00C1790025C91A0C33C9B21844D7F7ECFE64
S31508036B10ECE70B7810B40478C3F38013B3EBD41FF4
S31508036B2009D132B9023106225DF8044B0830FAF767
S31508036B3076BA0431F7E74FF0FF305DF8044B704738
S31508036B4029B143780C2B0CBF0320FF207047FF2085
S31508036B50704770B586B004469DF828600B9D11B939
S31508036B60FF2006B070BD62B9012204A90DF10F001A
S31508036B70FBF7FAF9D0B9204610F8021BC1F38011C6
S31508036B8017E0002BF0D129463046FBF7DEF900283B
S31508036B90EAD12378C3F38013B342E1D10622294607
S31508036BA0A01CFAF73CFA0028DAD1DDE79DF80F10A6
S31508036BB004A8DFF703FE0028D2D10123218B009313
S31508036BC00846638BA28BFEF71EF80028C8D0627DA1
S31508036BD0531E072BC4D8238B9342C1D9E28A9A4200
S31508036BE0BED8A37F5BB9E37F4BB994F8203033B99A
S31508036BF094F821301BB994F822300F2BB0D994F8A6
S31508036C0023301B3303F01F030B2BA9D80520A8E752
S31508036C101FB50023CDF80A30ADF80E30D0E90023AE
S31508036C20CDE900230389B0F90C00ADF80830D8F78D
S31508036C30B1F86846D7F782FD05B05DF804FB1FB5C2
S31508036C40002300F00F008DF80A0001A801918DF8C2
S31508036C5008308DF809208DF80B300393FBF791FB69
S31508036C6005B05DF804FB1FB5CDE9001200228DF8C7
S31508036C700B308DF8082000F00F03C0F340128DF88F
S31508036C8009208DF80C30C0F3001243068DF80A204C
S31508036C9001D5D7F763FA6846D7F7A2FA05B05DF8C0
S31508036CA004FB1FB50023CDE9003101238DF8083015
S31508036CB0C0F340138DF80930C0F300138DF80A307A
S31508036CC000F00F038DF80C3043068DF80B2001D521
S31508036CD0D7F744FA6846D7F783FA05B05DF804FB95
S31508036CE010B50C4608B9D7F7BFFE2146BDE81040D4
S31508036CF0FFF70FBE0B6803B11868086010B1437934
S31508036D00DB0703D5003818BF012070470068F4E78E
S31508036D100B6813B90860012070471868086020B12A
S31508036D20407900F00100C0F1010000F0010070474E
S31508036D30F0B587B00D4616468DF8070002B9A3B31A
S31508036D4029469DF80700FBF70DF90446B8B9294605
S31508036D509DF80700FBF70AF940BB16B39DF8071021
S31508036D60003918BF012128460DF10F02E1F7A8FBE8
S31508036D70F8B99DF80F40013418BF012416E004AF93
S31508036D80012239460DF10700FBF7EEF804464EB12A
S31508036D909DF80730191E18BF0121002818BF3D4664
S31508036DA0E1E70124FBF7CDF800B90124204607B033
S31508036DB0F0BD4FF0FF34DEE708B5E1F7E9FBDEF790
S31508036DC059FCDAF733FB08BD70B50546FFF7F4FF40
S31508036DD088B1C479C4F34014A400286F95F83860C1
S31508036DE0FAF7B4FD314602462046FBF7D8FDC8300C
S31508036DF0C5E9030070BD0446EFE7036A70B513F0EF
S31508036E00010604462ED0590712D507F0D7FE0546C4
S31508036E1004F1200252E8003F23F0040342E800315C
S31508036E200029F7D12046FEF730FC284607F0C1FEB5
S31508036E30236A9A0616D513F080051CBF23F0800330
S31508036E402362236A204623F02003236218BF3546AC
S31508036E50E1F79EFB2946A28D90F85900BDE87040DC
S31508036E60FDF7AEB870BD1FB5044608469DF81C105D
S31508036E70009203919DF8181004F13002CDE901310F
S31508036E8004F14001636AD8F703FC04B010BD036A32
S31508036E9070B513F00105044619D123F4A0730362F0
S31508036EA06C30FAF7C7FC04F17000FAF7C3FC204606
S31508036EB0FFF782FF01462846FCF70EFC7422294693
S31508036EC02046E669FAF7D5F80120E66170BD002089
S31508036ED0FCE710B1006A00F00100704790F838002B
S31508036EE0704708B180F83810704770B5054607F043
S31508036EF065FE06462846FFF767FF2B6ADB070ED5AE
S31508036F00DEF7D8FAA842044609D14568D7F7BCFB89
S31508036F102D1AB5F5FA7F02DB2046DEF7D1FA30469D
S31508036F20BDE8704007F045BE032AF8B504460E4689
S31508036F3015464BD830B1036ADF0703D5032A03D0B6
S31508036F400C2025E0E80703D504F17000FAF772FC74
S31508036F5004F1700731463846FAF75AFD0021206FC7
S31508036F60FAF7C7FD206FFAF7F1FC94F838100246D2
S31508036F700020FBF714FD40F27122636A534322890A
S31508036F80C83B9B1A834204D83846FAF753FC452074
S31508036F90F8BD07F013FEE90705D5E36E1BB9236AA7
S31508036FA023F040032362AA07236A09D543F048035B
S31508036FB0236207F0FEFD2046FFF797FF0020E7E769
S31508036FC023F00803236207F0F4FDF7E71220DFE74F
S31508036FD0704770B515460E461C46FEF727FF2B6805
S31508036FE04EB103606B6843602368C0F82530236895
S31508036FF0C0F8153070BD83606B68C3602368C0F83A
S3150803700029302368C0F81930F4E770B50546FEF74A
S315080370100DFF044607F0D2FD064640212846FEF733
S3150803702009FF4FF400612846FEF70AFF304607F0CA
S31508037030C0FD0023284623612375236284F8243080
S31508037040FEF7F6FE802310F0010F14BF237584F8AC
S31508037050243070BD10B50446FFF74EFB2046BDE845
S3150803706010401021DFF7F0B810B504464FF46061FD
S31508037070FEF7EAFE2046BDE81040FFF73DBB7FB5A5
S3150803708006460C46FEF7D2FE4FF4C0610546304667
S31508037090FEF7D6FE4FF400613046FEF7D5FE4FF4F1
S315080370A08060E0F7EFFB224670B969462846E1F7A8
S315080370B0C3F96B4605F1100213F8011B02F8011D0B
S315080370C0AA42F9D104B070BD6C4602F110062346F4
S315080370D010685168083203C3B2421C46F7D1E8E781
S315080370E037B50D46ADF80420FEF7A0FE044600F1B9
S315080370F02003024601992846E1F7C6F8236A0133B5
S31508037100236223B994F82430013384F8243003B076
S3150803711030BD37B50D46ADF80420FEF787FE019955
S315080371200446024600F110032846E1F719F930B17F
S3150803713023690133236113B9237D0133237503B00F
S3150803714030BD704710B5E2F737FC0446FBF7F6F98E
S315080371502043C0B210BD70B5DBF73AFB83791844F8
S31508037160B0F80F60B0B2DFF745F880B1002100F040
S31508037170EEFD0546DBF732FB044602232A4642F2B6
S315080371801B01FCF74BFCA3791C44668270BD0225E0
S31508037190F0E770B5DBF71CFB83790C33C418B4F836
S315080371A003502846DFF726F8A0B1611D00F0CFFD8E
S315080371B00646DBF713FB04460223324642F21A015C
S315080371C0FCF72CFCE37923449D72E3792D0A1C44CE
S315080371D0E57270BD0226ECE710B5DBF7F9FA837999
S315080371E00C3318444479B0F80300DFF703F860B1A9
S315080371F02146E2F75BF90446DBF7F0FAE2B240F21E
S315080372000641BDE81040FCF73ABC0224F4E770B522
S31508037210DBF7DEFA83791844B0F80F5007F0CEFC93
S3150803722004462846DEF7E6FF80B11621FFF7C7FABC
S315080372300025204607F0BDFCDBF7D0FA2A46BDE851
S31508037240704000234FF60441FCF7E8BB0225F0E73C
S31508037250F8B5DBF7BDFA847905460C340444B4F86B
S315080372600300DEF7C7FF064640B9DBF7B7FA022283
S31508037270BDE8F84042F21301FCF701BCAB79E979A2
S3150803728003F10C020220CB1A2A440021FAF72CFE3A
S31508037290014618B9DBF7A2FA0722E9E7837903332C
S315080372A083713046B4F80D50B4F80F70E2F7A4F8BA
S315080372B004463A4629463046DFF7AAFADBF78EFA3A
S315080372C02246D5E738B507F079FC0446FFF73AFFB7
S315080372D000280CBF0C250025DBF780FA2A4642F264
S315080372E00E01FCF7ECFBE2F769FE2046BDE83840E1
S315080372F007F05FBC10B5DBF76BFA83790C330344ED
S31508037300B3F80300B3F80510C0B2DFF797FADBF753
S3150803731065FABDE81040002342F224011A46FCF739
S315080373207DBB2DE9F84381460220884617461E464B
S31508037330FAF74BFC044690B10A220321FCF790FBAB
S315080373400023A57920460C352544EB70A5F804904F
S31508037350A5F806802F816E81DBF700FA0120BDE8C8
S31508037360F8832DE9F043814685B002200E461F4671
S315080373709DF844808DF80F20FAF727FC0546002868
S3150803738044D022222921FCF76BFB0022AC79304634
S315080373900C342C4404F10E0304F11401C4F80E2032
S315080373A09A806261228300913A460DF10F01FAF73A
S315080373B0CBFD9DF84030A4F80490E37006F0010372
S315080373C0A3719DF80F3016F0FD0FE3713B68A360B8
S315080373D0BB88A3814FF6FF7304D0032E08BF434629
S315080373E04FF0FF08BDF8302028466283BDF83420E5
S315080373F084F82180A283BDF838206384E2839DF84C
S315080374003C2084F82020DBF7A9F9012005B0BDE864
S31508037410F083F8B50746022016461D46FAF7D5FB4C
S31508037420044690B10C220421FCF71AFBA1799DF8B6
S3150803743018300C31214420468F80C1F80660C1F804
S315080374400A50CB70DBF78AF90120F8BD70B50646FA
S3150803745002200D46FAF7B9FB044668B10322302128
S31508037460FCF720FBA37920460C332344A3F80360D7
S315080374709D70DBF773F9012070BD70B506460220CF
S315080374800D46FAF7A2FB044688B104220821FCF745
S3150803749009FBB5FA85F2A37952090C33234420462E
S315080374A0A3F803605A719D70DBF758F9012070BD84
S315080374B02DE9F84381460220884617461E46FAF701
S315080374C084FB0446B0B10B220721FCF7C9FAA57958
S315080374D0BDF820300C3525442046A5F80390A5F8B9
S315080374E00580A5F80770A5F80960A5F80B30DBF742
S315080374F035F90120BDE8F883F8B5074602200E469C
S315080375001546FAF762FB0446A0B10D220521FCF7DE
S31508037510A7FAA37920460C332344A3F80370A3F8E8
S315080375200D602A68C3F805206A68C3F80920DBF7E3
S3150803753015F90120F8BD2DE9FF4116466A4680462E
S315080375400F4615460A9C03F1100E944618685968A7
S315080375500833ACE8030073456246F6D124B9022022
S31508037560FAF733FB044608B31D22ED212046FCF740
S3150803757068FAA3790C332344A3F80380A3F80D70A0
S315080375802EB13268C3F805207268C3F809200F3391
S3150803759004AE2A4603CAB24218605960154603F177
S315080375A00803F6D12046DBF7D9F8012004B0BDE875
S315080375B0F08113B51321827901900C328418815412
S315080375C04FF44072C280DFF777FCA07020B901A898
S315080375D0FAF730F902B010BD8000013060700198E7
S315080375E0DBF7BCF8F6E770B5064602200D46FAF750
S315080375F0ECFA044678B104220521FCF753FA002273
S31508037600A37920460C332344A3F803605D719A706B
S31508037610DBF7A4F8012070BD13B5837901900C3309
S31508037620C418C05CDEF7E6FD20B901A8FAF702F92B
S3150803763002B010BD6378019913F0300F0CBF012215
S3150803764000228B7904338B714B7962F300034B71F8
S31508037650DFF7FEFAECE72DE9F041DBF7B9F88379B2
S315080376600C33C418B4F803801FFA88F0DEF7C2FD9A
S31508037670054600B3A2796179FEF797FC0646DBF760
S31508037680ADF807460223324642F27A01FCF7C6F9F9
S31508037690BB7938463B44A3F81280DBF75FF846B953
S315080376A0A37933B12846FEF757FE01462846FCF769
S315080376B0B0F9BDE8F0810226E1E7C94350E8003F87
S315080376C00B4040E80032002AF8D170470020704783
S315080376D02DE9F04104460E4600250127214685F08B
S315080376E00100FEF79CFB4FF48051FFF7E6FF836822
S315080376F0804633B938460DB1BDE8F0810125074602
S31508037700ECE7028AB24206D10022012120469847B5
S315080377100028EFD1EFE70268D10502D5002211460A
S31508037720F4E79307E6D52046FEF7B6FB024600289C
S31508037730E0D10521D8F80830E8E708B5FEF789FB54
S3150803774000230380436008BD70B506460C4607F060
S3150803775035FA05463046FEF77CFB30B103781C4301
S3150803776004704FF40070E9F78FFD2846BDE87040B2
S3150803777007F01FBADFF76CBA07B542798DF8071019
S3150803778022F0030242F00302427140F203320DF182
S315080377900701C2800122FAF729F803B05DF804FB52
S315080377A070B50C460546072120461646FFF7E4FF43
S315080377B02046E1F715FB214646702846BDE870408A
S315080377C0DFF746BA38B50C4600210546FEF772FBC5
S315080377D047F6FE73241AA4B29C4205D928462821E3
S315080377E0FEF7D6FF002038BD0120FCE738B504466E
S315080377F00D4601460020FEF712FB03689B0505D4D8
S3150803780029462046BDE83840FFF7DCBF002038BDCF
S315080378102DE9F04115461F469DF81880FEF7FFFA35
S31508037820044607F0CBF9B8F1010F064623D154E80D
S31508037830003F43F4807344E80032002AF7D105B3C6
S3150803784054E8002F42F4007244E80023002BF7D1D2
S31508037850FF212046FFF731FF54E8002F48EA0202CA
S3150803786044E80023002BF7D13046A5602782BDE8FC
S31508037870F04107F09EB94FF480712046FFF71DFFCC
S31508037880DDE74FF400712046FFF717FFE0E773B50E
S31508037890064601200C46FEF7C2FA002305461A4699
S315080378A0009321463046FFF7B3FF6B6863B14FF485
S315080378B080712046DEF7C8FC55E8003F43F40073A1
S315080378C045E80032002AF7D107F078F9054620463D
S315080378D0FEF7BFFA28B103881BB14FF40070E9F726
S315080378E0D3FC284602B0BDE8704007F062B938B544
S315080378F005460C46FEF793FA83684BB102212046E8
S315080379000022984721462846BDE83840FFF7BFBFFF
S3150803791038BD012938B505460C4608D0CC1E012CBE
S3150803792003D801460120FFF7E2FF012038BD2221D3
S31508037930FEF7BDFA20462946FFF7D9FF0020F5E7EB
S3150803794008B5FEF76CFA006800F0F00008BD10B53C
S31508037950014604460120FFF7F3FF20B92146BDE897
S315080379601040FFF7EDBF10BD70B506460D4601463C
S315080379700120FEF754FA314604460020FEF74FFA73
S315080379802268036842EA0301C90523D4920549BF5D
S31508037990248A4FF6FF74641BA4B29B0554BF4FF6A3
S315080379A0FF73038A304644BF5B1B9BB29C42A8BF46
S315080379B01C46FDF7E4FB002804DB411B89B28C4215
S315080379C0A8BF0C464FF6FF739C4208BF4FF0FF341F
S315080379D0204670BD0124FBE72DE9F34104460191D6
S315080379E0014601201546FEF71AFA214606460020E7
S315080379F0FEF715FA80462046FEF71AFA010706D55A
S31508037A0001A8F9F717FF0C2002B0BDE8F08107F0CB
S31508037A10D5F8336807469A0503D4D8F800309B058A
S31508037A2009D50199301D8D60F9F7F2FF384607F03D
S31508037A30C0F80020E8E707F0BCF820460199A847F4
S31508037A40E2E738B5014604460120FEF7E8F905469C
S31508037A500C30F9F7EFFE281DF9F7ECFE2146002056
S31508037A60FEF7DDF904460C30F9F7E4FE201DBDE800
S31508037A703840F9F7DFBE70B5014605460120FEF723
S31508037A80CEF906460430F9F759FF044670B14FF4A8
S31508037A9000713046FFF711FE21462846A36898472A
S31508037AA020B12046BDE87040D5F750BE70BD00230F
S31508037AB08260C0E90031704708B50B46014618468F
S31508037AC0FEF7ADF90068C0F3402008BDFFF721BFF4
S31508037AD0CB1E012B70B504460D46164606D81A2149
S31508037AE0FEF7E5F940212046DEF7AEFB3246294686
S31508037AF02046BDE87040FFF70CBF38B504460D466F
S31508037B00FEF7CAF928B1012D04D122212046FEF732
S31508037B10CEF9002038BDF8B50C468B7907460B44D9
S31508037B20D3F80D60D3F811303246DEF7E1FF0921A9
S31508037B302046FFF721FE2046E1F752F9A579DFF73C
S31508037B406BFF0C3566F0FF0625440640C5F8016051
S31508037B50DFF762FF3846C5F805102146FFF70AFE28
S31508037B6002213846FFF7F0FDF8BD70B50E46054607
S31508037B7001460020FEF753F9012E044603D0022ED0
S31508037B8011D0012070BDC16828468B7919440D317F
S31508037B90FEF703FAE068D5F7D9FD00202946E06029
S31508037BA0FFF775FEEDE7C068D5F7D0FD0023E36060
S31508037BB0E7E738B50D46044601460120FEF72FF9D7
S31508037BC0012D08D100F112012046FEF7E6F92146F8
S31508037BD02846FFF75CFE012038BD08B5FEF72EF9E7
S31508037BE000F0010008BD38B50C4602210546FEF72C
S31508037BF027F90C212046FFF7BFFD2046E1F7F0F8E9
S31508037C004FF0FF3383700223C3700F23437060233F
S31508037C1003710623214643712846BDE83840FFF71A
S31508037C20A9BDF8B50C460546FEF702F900F00107AB
S31508037C3087F0010729463846FEF7F1F80646C06875
S31508037C40012C837903D0022C20D00120F8BD0C33F4
S31508037C50C41823892846E288A188FEF758FA61885A
S31508037C60627849005200284689B2FEF7F5F8F068AB
S31508037C70D5F76CFD002328464FF48031F360FEF7F1
S31508037C80E3F829463846FFF702FEDEE7D5F75EFD39
S31508037C9000234FF480312846F360FEF7D5F8D4E77E
S31508037CA0042910B5044601D0002010BDFEF7C0F81C
S31508037CB000F00100C0F10200DFF7E4FD0028F3D16C
S31508037CC0F9F783FF014608B90220EEE72046E1F7F4
S31508037CD0B7FB0028F8D10120E7E72DE9F0410F4665
S31508037CE004469046FEF7A4F800F0010585F0010561
S31508037CF021462846FEF793F8012F064603D0032F9D
S31508037D000FD001200BE02046FFF7AEF922212046CB
S31508037D10FEF7CDF828462146FFF7E9FD0020BDE822
S31508037D20F081C068D5F712FD00232046F360FFF7FC
S31508037D309BF9204698F80410FEF7B9F82046202147
S31508037D40DEF782FA21462846FFF7D1FDD9E737B58C
S31508037D5004460D46FEF772F800054FD50220F9F7DB
S31508037D6034FF019000284BD0204655B3FEF760F840
S31508037D70C1070AD505210198FFF7FEFC0198E1F72B
S31508037D802FF820460199FFF7F5FC29462046FFF709
S31508037D9076F92046FEF74CF8C2070FD44FF4006174
S31508037DA02046FEF751F806210198FFF7E5FC0198EE
S31508037DB0E1F716F820460199FFF7DCFC002003B02B
S31508037DC030BDFEF735F8C3070DD5019903230622FF
S31508037DD02046E1F717F82046FFF746F921462846D5
S31508037DE0FFF785FDEAE701A8F9F724FD20463D21BB
S31508037DF0FEF7CEFC2046FFF737F9DFE70C20DEE770
S31508037E000720DCE7F7B5014604460020FEF707F826
S31508037E10054600F112074FF48060DFF733FD50B9CA
S31508037E202046DEF7FBF93A46698B80B203B0BDE814
S31508037E30F040FFF761BB2046DEF7F0F90646204619
S31508037E406D8BFDF7F3FF00220346009229463A4657
S31508037E50B0B2FFF770FB03B0F0BD83781A2B09D8CD
S31508037E601B2383700288B2F5A47F07D24FF4A47349
S31508037E70038007E0FB2BF5D9FB23F2E744F29023B3
S31508037E809A42F5D87047F0B50446CA798B7987B014
S31508037E9043EA0223ADF80C308B8803A88DF80E301D
S31508037EA0CA788B7840F6480543EA0223ADF81030C2
S31508037EB00B8805A98DF81230FFF7CFFF04A8FFF743
S31508037EC0CCFF2046FEF791FC0B212046FEF74AFC21
S31508037ED044F29023002818BF1D46BDF80C709DF880
S31508037EE00E30BDF81460BDF810209DF816009DF8F5
S31508037EF01210AF42D4BF00970095FB2BA8BFFB23F4
S31508037F00B242A8BF32468142A8BF01462046FEF7C1
S31508037F1089F907B0F0BD37B5144605461046FFF78D
S31508037F202BFC2046E0F75CFF01A904462846FEF72A
S31508037F305CFC0B212846FEF715FC6FF004036370FF
S31508037F40002344F29022A37040F64803002818BF82
S31508037F501346A4F803309DF80630A4F80530BDF897
S31508037F600430A4F8073003B030BDFFF7D2BC0229AA
S31508037F7073B505460C4603D00024204602B070BDEF
S31508037F800521FEF7C0FB0028F6D0DEF75DFC1B28AB
S31508037F90F2D94FF40040DFF775FC0028ECD1F9F766
S31508037FA014FE06460028E8D0284601A9FEF71DFC5C
S31508037FB0314628469DF80630BDF80420E1F782FCD1
S31508037FC00028D9D10124D8E7830705D410F0040F74
S31508037FD014BF03200120704702207047022805D0EA
S31508037FE0032805D0012806D1E2F786B8E2F774B864
S31508037FF00020E1F7A7BF704710B1012803D07047E7
S315080380000120E1F79FBF0020FBE7F7B51F468B1E4C
S31508038010012B05460C46164613D8F9F78FFF00239E
S31508038020CDE90005F01A18BF01201A463946F9F7B3
S3150803803093FF80B1022C0BD12846FEF7D6FC00200D
S3150803804004E00029F8D0012902D0FF2003B0F0BDCF
S315080380502846FEF7DAFC0120F8E770B50D4600213D
S315080380609DF810600446817106F10C014173111ED7
S3150803807018BF012103F00F00237B40EAC11003F068
S315080380804003184320732B469DF8141004F10E0081
S31508038090FFF7BBFF237B0E3660F3861323732B6828
S315080380A06361AB882383A3793344E37170BD2DE9F8
S315080380B0F0410F460446242118461E4615469DF8E8
S315080380C01880FEF70DFEC319B8F1000F37D1033E2A
S315080380D0012E94BF0322022240F27126520006FBA8
S315080380E0023342F21072608941007143A1F2E246FB
S315080380F09642A8BF16466A1A921BD21A002AC2BF0C
S31508038100B2FBF1F202FB0112AD1AEA1A09D5524281
S31508038110B2FBF1F707FB011C01FB1722654402B901
S315080381206D1AEB1A8B4240F2E2470AD8B3FBF7F310
S31508038130022298B2E27120812846BDE8F081012225
S31508038140CAE75B1ABB42B8BF3B46B342A8BF33462E
S31508038150B3FBF7F107FB1133CAB2002BEAD001329E
S31508038160D2B2E7E7012938B504460D4608D12221DC
S31508038170FDF79DFE28462146FFF7B9FB002038BDCB
S3150803818001460120FFF783FB0120F8E7012070472A
S315080381908160704741EA002008B540F49020F7F75C
S315080381A093FE014640B110F1880F05D0BDE808409B
S315080381B040F20740E5F7CCBD08BD0120704770B50E
S315080381C00C46064611461D46E2F7E8FB58B144EA53
S315080381D006206FEA40406FEA50402A46BDE87040E1
S315080381E080B2E9F7C7B840F2064070BD10B5044639
S315080381F0E2F7D4FB50B141EA04206FEA4040BDE8F8
S3150803820010406FEA504080B2E9F7ECB840F20640F6
S3150803821010BD837901461A0703D506220020E2F723
S315080382203DBC9B0602D506220120F8E74FF0FF3036
S3150803823070478379532B01D1E2F762BCFFF7E9BF95
S3150803824070B5064614461D46E2F7A8FB10B9002486
S31508038250204670BD41EA06206FEA40406FEA504067
S315080382602A46214680B2E9F7A1F80028F0D0EEE7BE
S3150803827008B5E5F795F8002008BD2DE9F0410D4648
S31508038280DDE9064816461F4600F090FE012C0AD87B
S3150803829060B144EA08043B46324629460694BDE8DB
S315080382A0F04101F082BF2120BDE8F0812520FBE7DC
S315080382B000207047A0F86E10704701238B4090F892
S315080382C07110194380F87110704708B50120D5F766
S315080382D051FCC0B208BD10B504460846E3F7A0F939
S315080382E020B1B0F86E300020238010BD40F6FF732E
S315080382F02520F9E783790C331844704714387047F7
S3150803830010B50446A1F11400F9F720FB201A20EA58
S31508038310E07080B210BD70B51C460D461646FFF7D1
S31508038320EFFFA04207D322463146A5F11400F9F719
S31508038330AEFD012070BD0020FCE770B506460D466C
S3150803834014467AB90A4620460821F9F7FFFC04467B
S3150803835090B92A4608212920F9F7F8FC044658B9A2
S31508038360204670BD1046F9F765FA2046F9F721FC51
S3150803837008231D44A371E571A3790C331C442670A5
S31508038380EEE72DE9F0411646069A074688461D4646
S31508038390FFF7D3FF0446F8B114382A463146069048
S315080383A0F9F775FD854218D9069B06A81C7904F0CA
S315080383B02004F9F73FFA7CB9424608212920F9F740
S315080383C0C5FC069040B12A463146F9F760FD854259
S315080383D006D906A8F9F72EFA00242046BDE8F08147
S315080383E0069A93790C33D418D754F6E711B114398E
S315080383F0E3F7FEB91A20704738B5002204460D463E
S3150803840002200321FFF799FF014608B1A0F801509E
S315080384102046BDE83840FFF7E9BFF8B504460F46DE
S31508038420164605210120069A1D46FFF786FF0146D3
S3150803843038B14770468005712046BDE8F840FFF716
S31508038440D5BFF8BD38B50D46032104460846FFF7E0
S3150803845074FFA0F8015001462046BDE83840FFF7EF
S31508038460C5BF73B50546084611466C891A46641A8C
S31508038470BDF81830A4B29C4228BF1C46079B089E29
S3150803848000932346FFF77DFF014630B12846348023
S3150803849002B0BDE87040FFF7A9BF1A2002B070BD4D
S315080384A0012110B5002204461320FFF746FF0146B3
S315080384B020B12046BDE81040FFF798BF10BDF7B5B9
S315080384C04489054618460F4616460193F9F73EFAB8
S315080384D0053CA4B2844203DA011B01A8F9F7D8FACA
S315080384E005210198F9F775FB014628B901A8F9F79B
S315080384F0A1F91A2003B0F0BD83790C33C2181720EB
S31508038500C8542846A2F80170A2F80360E3F770F985
S31508038510F0E7012110B5002204461920FFF70DFFE5
S31508038520014620B12046BDE81040FFF75FBF10BDE6
S3150803853073B50E46002144890546033CA4B2A342FB
S31508038540009128BF234603211B20FFF71AFF014684
S3150803855070B1012210F80F3CA0F8016062F307130B
S3150803856000F80F3C284602B0BDE87040FFF73EBF4F
S315080385701A2002B070BD73B50E460021448905461C
S31508038580033CA4B2A342009128BF234603211D201E
S31508038590FFF7F7FE014638B1A0F80160284602B096
S315080385A0BDE87040FFF722BF1A2002B070BD4B88A2
S315080385B0042B07D1836C08885B8998428CBF0020FB
S315080385C0012070470020704710B50446806920B122
S315080385D00021E3F763F80023A36110BD07B5012261
S315080385E08DF807100DF10701F9F751FC03B05DF893
S315080385F004FBF7B505464FF428500C4601F043F83B
S31508038600064600F0C2FDB0B3022C02D8002003B020
S31508038610F0BD002731460DF105030DF10602384674
S31508038620ADF8067000F0F5FEBDF80620631E93420A
S3150803863006461EDC072C1AD9023CADF80640082468
S31508038640BDF80630002BE1D00133D9B22846FFF72F
S31508038650C5FF21462846FFF7C1FF31462846BDF820
S315080386600620F9F714FCBDF806000230CFE7ADF88B
S3150803867006700924E4E74FF0FF30C8E702292DE91D
S31508038680F34104460D461746184603D8002002B0A0
S31508038690BDE8F08100F0F7FF064600F076FD0028F6
S315080386A0F4D04FF0000831460DF105030DF106022B
S315080386B04046ADF8068000F0ACFEBDF80630BDF8BE
S315080386C020200646934228BF1346AB4228BF2B46B3
S315080386D09DF80500ADF80630C0B9002BD7D0013395
S315080386E09AB29542D3D9D9B22046FFF777FF3946CE
S315080386F02046FFF773FF31462046BDF80620F9F7F3
S31508038700C6FBBDF806000230C0B2C0E74046BEE766
S3150803871007B501A9E3F742F930B9019B586AC0F3D3
S31508038720C02003B05DF804FB0020FAE7002008B573
S31508038730E3F7B6F908B9FF2006E0C37B012BF7D1A7
S31508038740436ADB06F4D5007808BD73B50E4601A95E
S315080387501546E3F723F990B9019A546A14F01003FE
S315080387600FD0C4F300343470D37B5A1E042A02D8BC
S31508038770D81E18BF01202870012002B070BD002042
S31508038780FBE71846F9E738B5436A04465B0705D598
S31508038790002300781A461946E5F7E6F8636A9D0743
S315080387A006D52046E3F70EF9636A23F002036362EC
S315080387B0636A18070DD52146E27911F8010BC2F34E
S315080387C0C002E5F773F80546E8B9636A23F00803B8
S315080387D06362204600F040FB0546A0B9626AD106EB
S315080387E011D5D30404D5204600F000FA40B11BE0A6
S315080387F01206E37B09D4E37B626A023B012B15D994
S31508038800616A48071FD4284638BD03F0FB03012BCA
S31508038810F6D021692078E5F76FF8636A256123F0B6
S31508038820800363620028E6D00546ECE7D305E7D55F
S3150803883061692078E5F77CF800236361636A23F4AA
S3150803884080736362D2E7E37BA28D012B03D1A2B1C6
S31508038850802A28BF802211F0400F94F830304FF059
S31508038860010118BF01232078E5F77EF80028DBD13C
S31508038870636A23F004036362C5E74022EBE7F7B5AF
S315080388800E4601A91546E3F789F8F8B9019C2F683E
S315080388909EB904F11000F8F7CDFF606A276140F02E
S315080388A080000023606210F010002B600ED0204673
S315080388B003B0BDE8F040FFF766BF04F11400F8F70C
S315080388C0B9FF606A676140F48070EAE703B0F0BDF8
S315080388D037B50D460021044601915BB92046294662
S315080388E001AAFFF7CCFF044601A8F8F7A3FF204621
S315080388F003B030BD0846F9F7F7FA01900028EDD121
S315080389001A24F4E7002010B5E3F7CAF8044600B9B9
S3150803891010BD636ADA060BD55B0409D42046E2F771
S31508038920B3FF636A204643F006036362FFF72BFF30
S315080389302046E9E713B50C4601A9E3F72FF850B922
S31508038940022C07D802462146019802B0BDE810401A
S31508038950E3F7C4B8212002B010BDF7B50E4601A946
S3150803896015461F46E3F71AF8F8B9019C626A930598
S315080389700BD44FF6DF73A6F12001994217D8A5F158
S315080389802001994213D8AE4211D8E369B34202D102
S31508038990236AAB4204D0C4E9076542F00202626265
S315080389A09DF82030A78584F8303003B0F0BD212028
S315080389B0FBE790F8393037B55B0704460D462AD4EA
S315080389C0E2F762FF6B1E042B14D8032D12D0E3794A
S315080389D0142B22D0A3696BB9684600F038FAE3F77B
S315080389E0D7FB6946E2F7D0FD18B91A25284603B01E
S315080389F030BDA061636AE57343F016036362E7F764
S31508038A0081F82046FFF7BFFE05460028EED020462C
S31508038A10FFF7DAFDEAE70225E8E72125E6E707B5E2
S31508038A2001A9E2F7BBFF30B90198C17B03B05DF832
S31508038A3004EBFFF7BEBF03B05DF804FB37B50C467E
S31508038A4001A9E2F7ABFF18B9052C019D02D921202C
S31508038A5003B030BD2869F8F779FF1F28F7D8686986
S31508038A60F8F774FF1F28F2D8012CF0D0231F012B27
S31508038A70EDD9214628466B6A23F482536B6203B009
S31508038A80BDE83040FFF795BF13B501A9E2F786FFA6
S31508038A9078B9019C636A204623F0500343F0040324
S31508038AA06362FFF791FD204602B0BDE81040FFF769
S31508038AB06ABE02B010BD73B50E4601A91546E2F7A4
S31508038AC06DFF044618BB03F0FAFB064222D00542A3
S31508038AD020D046EA050383431CD1012E01D0042E78
S31508038AE018D16B1E012B01D9042D13D1019B93F8C1
S31508038AF02E20B24203D193F82F20AA4207D05A6AEE
S31508038B0083F82E6042F0020283F82F505A622046F9
S31508038B1002B070BD2124FAE737B5FFF707FEFF2831
S31508038B20044613D001A9E2F739FF78B9019D6B6AA8
S31508038B30284623F010036B62FFF746FD204605F12E
S31508038B40340103B0BDE83040E7F7D4B903B030BD0C
S31508038B502DE9F3410D4601A990461E46089FE2F703
S31508038B601DFF002836D1052D08D86B1E012B05D904
S31508038B70052D03D008F0010115B171B3212029E0B1
S31508038B80019A936A49B343F02003019C9362A36A4B
S31508038B9018F0020F14BF43F0400323F04003F10714
S31508038BA0626AA3621ED5386842F48032A060BB7934
S31508038BB06262BA88A373A281636AB2074CBF43F0A1
S31508038BC0400323F0400343F4805329462046636257
S31508038BD0FFF7EFFE02B0BDE8F081019A936A23F02E
S31508038BE02003D2E722F480326262E5E7436A10B5CE
S31508038BF0044613F080000CD0E37B2078032B21690D
S31508038C0008D1E4F795FE00232361636A23F0800302
S31508038C10636210BDE4F770FEF5E773B56E46044666
S31508038C204A7930460D460631E3F7F6FA96E8030025
S31508038C30A4F85010090C11F0800FE06484F8521060
S31508038C4004F1530312D00122184605F11201E3F782
S31508038C50E3FA0C35284603F011FB28B1012229460D
S31508038C6004F15A00E3F7D8FA02B070BDB4F850100D
S31508038C7094F85220C4F8530099809A71E9E70023BF
S31508038C8037B580F8723040F6FF73A0F86E30836804
S31508038C900446DA040D46C16010D443F480636A4679
S31508038CA0A36040F203212046CDE9004504F0DAFC2F
S31508038CB000212046E2F7F2FC03B030BD90F87600B7
S31508038CC0FFF7ADFEA36823F48053E8E71FB590F8D2
S31508038CD07420044602F0010301908DF808300BB1A5
S31508038CE002F002038DF8093094F8753020468DF8A2
S31508038CF00A30039102F04AFA4FF4017101AA204699
S31508038D0004F0B0FC2046E2F73FFD04B010BDE2F7DD
S31508038D109DBC0A460021E4F703BC826838B5C2F352
S31508038D2080320446B0F86E000D46E4F76FFC20B9AE
S31508038D30A3681DB143F40053A36038BD23F400535D
S31508038D40FAE710B50446B0F80300E2F75BFC38B15E
S31508038D50617909B141F48051BDE81040FFF78FBF2F
S31508038D6010BD10B50446B0F80300E2F74BFC38B162
S31508038D70A17809B141F48051BDE81040FFF7A6BFB9
S31508038D8010BD10B50446B0F80300E2F73BFC90B1FA
S31508038D90627990F874305AB143F0010380F874305D
S31508038DA0A17809B141F48051BDE81040FFF78EBFA1
S31508038DB003F0FE03F2E710BD10B504468088E2F718
S31508038DC021FCB8B1E278AAB9E179A27942EA01228B
S31508038DD0A0F86220E17AA27A42EA0122A0F8642086
S31508038DE0227A617ABDE8104042EA0122A0F8662099
S31508038DF0E2F7CABC10BD10B504468088E2F702FC48
S31508038E0020B1A179BDE81040E2F7E0BC10BD5328B4
S31508038E1038B505460C4604D1BDE838400846E5F79B
S31508038E201BB80620F3F704FC60B96379142D03F025
S31508038E303F03637104D0722D07D163F03F03637157
S31508038E40A57138BD40F20740FBE72120F9E7002367
S31508038E5003608380837170470020704710B504460A
S31508038E6060B1806C50B1E3F73FFAA06C0028FAD1E1
S31508038E702046BDE810400321E2F710BC10BD438924
S31508038E8007B58B420CD050F80C2B40F2014192F8EF
S31508038E907020ADF806308DF8042001AA04F0E2FB31
S31508038EA003B05DF804FB436943F004034361704769
S31508038EB0436923F00403436170474069C0F38000A4
S31508038EC0704747F2305300220068F3F7D7BA0068B1
S31508038ED004F05BBB38B5436904469B070D4603D5C7
S31508038EE040F20941FFF7F3FFE2F7A0FC08B1A369D3
S31508038EF01D702046BDE8384040F20941FFF7E1BF3F
S31508038F0007B5027C012A09D00122027440F20942FC
S31508038F10914206D040F20A4291420ED003B05DF860
S31508038F2004FB4FF4816150F80C3B01AA93F87030A7
S31508038F308DF8043004F096FBF0E750F80C3B01AAD1
S31508038F4093F870308DF80430F4E738B522F000430F
S31508038F500D46114640F20322934204461AD0B3F54E
S31508038F60017F09D240F20122934213D040F2022232
S31508038F70934209D0002038BD6FF481621344012B54
S31508038F80F8D8FFF7BDFFF5E700F020F9204601F012
S31508038F90CDF9EFE763699B0704D540F209412046FB
S31508038FA0FFF795FF2846FFF759FFE3E708B5E2F70A
S31508038FB037FB00B1806C08BD08B500B10068E2F75D
S31508038FC03DFB08B9034602E0836C002BF7D018462D
S31508038FD008BD10B5044642F62A3000F054FB031BBD
S31508038FE05842584110BD022806D142F62A3308884A
S31508038FF0C31A5842584170470020704710B50446B3
S3150803900042F6293000F03FFB031B5842584110BD76
S3150803901090F8200000F0010070471FB50446684623
S31508039020E3F786FA1022694604F12100F7F7F7FFFA
S31508039030B0FA80F0400904B010BD08B5FFF7EDFF9C
S31508039040B0FA80F0400908BD70B5044600F1210561
S3150803905091B92846E3F76CFA236893F97500E1F7A3
S315080390609DFC78B120682B46BDE8704010220D217F
S3150803907090F97500FFF7A3B8102200212846F7F7E1
S31508039080F8FFE9E770BD38B50446002390F82020B9
S3150803909041FA03F0C50703D442FA03F0C0071ED406
S315080390A00133082BF4D101F0010523682A4384F818
S315080390B0202093F97500E1F771FC40B1234653F874
S315080390C0200B01220C2190F97500FFF778F80DB9EA
S315080390D0002038BD00212046FFF7B6FFF8E7132026
S315080390E0F7E768B13F290AD800EBA10090F83100E9
S315080390F001F003014900084100F00300704700200E
S31508039100704710B50368044693F97500E1F746FC02
S3150803911050B12346BDE8104053F8310B10220B21FA
S3150803912090F97500FFF74BB810BD10B590F8743079
S31508039130DB0706D490F97530013314BF0F200520D9
S3150803914010BD847CE4F75AFD844234BF0C2000200A
S31508039150F6E730B5044685B06846E3F7E9F9102122
S31508039160684604F098FA2046E3F7F0FB6B46C268B4
S3150803917004AD06321C4603CCAC421060516023464C
S3150803918002F10802F6D105B030BD08B5E3F7DEFBF8
S3150803919008B1E3F7AFFBC0B208BD013810B580B21A
S315080391A0E3F7D4FB044608B9002010BD408800F055
S315080391B09CFB0028F8D0207BF7E708B5E3F7C6FB46
S315080391C018B1007AC31F5842584108BD70B5054601
S315080391D055F8213B044693F97500E1F7DFFB20B9FF
S315080391E02846BDE87040E3F7A3B9234653F8310B85
S315080391F010220B2190F97500FFF722F8234653F83E
S31508039200200B01220C2190F97500FFF719F8206845
S315080392102B46BDE8704010220D2190F97500FFF723
S315080392200FB801302DE9F04185B228460E46E3F71B
S315080392308DFB42F60217044642F603089CB1204604
S31508039240E3F758FB78B1204600F05EFBB84205D138
S315080392500EB123883380607BBDE8F081204600F099
S3150803926053FB404502D14FF0FF30F5E70135ADB268
S315080392702846E3F76BFB0446E0E72DE9F047074684
S315080392800E4690460D4642F6021942F6030A013582
S31508039290ADB22846E3F75AFB044678B1E3F72AFB4F
S315080392A060B1204600F030FB484505D1237A072BE9
S315080392B004D10320BDE8F0875045E8D1414630463E
S315080392C0FFF7AFFF431C014604D03846BDE8F04715
S315080392D0FFF707BF0020EDE770B5054608461646B3
S315080392E0E3F734FB044608B9012070BDE3F702FB34
S315080392F00028F9D0F00713D4B10734D4720702D57E
S31508039300A3885B0732D516F0060F31D116F4006031
S31508039310EBD0A38813F4006F14BF00200620E4E7FC
S31508039320A388DA0743D513F0700F0AD1980610D429
S315080393305806E1D52B6893F975300133DCD108203B
S31508039340D3E72868FFF7F1FEA388990608D500280E
S31508039350CBD12A6892F874209207E9D40520C4E78A
S315080393600028C2D1E4E7A3889907C7D40320BCE73A
S31508039370A38813F4E06F09D198050FD45B05C5D507
S315080393802B6893F975300133C0D1D8E72868FFF7FE
S31508039390CCFEA388990507D50028A6D12A6892F892
S315080393A074209207EAD4D9E700289ED1E6E702207B
S315080393B09BE738B504460846E3F7C8FA054608B9ED
S315080393C0012038BDE3F796FA0028F9D0AB8813F4E1
S315080393D0E04F0CD1980412D413F48040F1D02368DB
S315080393E093F97500431C58425841C000E9E72068C1
S315080393F0FFF79BFEAB88990408D50028E1D12268BC
S3150803940092F874209207E7D40520DAE70028D8D122
S31508039410E2E72DE9F0474FF00009044683F8009088
S315080394200846A2F80090884616461D46E3F78EFAC4
S31508039430074620B9012300202B70BDE8F08774B1D5
S31508039440E3F758FA0028F5D04046FFF7D7FD30B1C1
S31508039450012385F8009004F120003380EDE72B46BD
S31508039460324639462046BDE8F047E2F7EDBFF8B580
S3150803947016461C460F46BDF9185009B90120F8BD12
S3150803948050B93B7A072B0DD8DFE803F004181E27DB
S315080394902E0404160320F2E70846E3F72BFA0028FE
S315080394A0EFD1EBE725EAE573B34214DBA01998423B
S315080394B0CCBF0D200020E2E78020E0E7FB685B884D
S315080394C0AB42B8BF2B46EFE7FA689388AB42B8BFFF
S315080394D02B46B34206DA0720D1E7022D2B46B8BF3F
S315080394E00223E1E75388E1E70620C8E72DE9FF47AA
S315080394F004460846894690460393E3F727FA054642
S3150803950038B903A8F8F796F90127384604B0BDE831
S31508039510F087E3F7EFF90028F3D0039888B1F8F753
S3150803952015FA86B24FF0FF3342460093294633466F
S315080395302046FFF79CFF074628B103A8F8F77AF9F0
S31508039540E3E70646EEE795F808A0BAF1020F31D02D
S31508039550BAF1030F33D0BAF1010F08D0002C4ED15C
S315080395604FF0000A03A8F8F765F95746CDE7E86808
S3150803957006303B46324603994044F8F74AF9002C2D
S31508039580EED02B7A032B3AD103A8F8F753F9002127
S315080395902846E3F797F970B30688697B2046FFF7F1
S315080395A0A0FD0122034631462046CDF8009000F07F
S315080395B093FCAAE7E86806EB08038380D8E7039BCE
S315080395C09A79D979891AC9B2481E012810D8134439
S315080395D002291A7B04BF5B7B42EA03222B7B32EA0E
S315080395E00303BFD101232046697BE2F703FFC6E7DE
S315080395F04FF00D0AB6E709F1FF36B6B2CDE7039B7E
S315080396004946009320464346227F00F04BFC7CE7FD
S31508039610884270B504460D46164611D8012838BF48
S3150803962001242046E3F792F910B14388B34208D0E0
S315080396300134A4B22046E3F76DF908B1A542F0D286
S315080396400024204670BD70B50C4616461D460146D5
S31508039650B8B1B3B1022C01D0102C12D1E0B2E3F7A2
S31508039660ADF84FF6FF718842024602D141F20A105D
S3150803967070BD3046FFF7CCFF0028F7D028800020BE
S31508039680F6E72120F4E7002307B50122ADF8040025
S31508039690ADF8063002210DF1060301A8FFF7D3FF43
S315080396A0BDF8060003B05DF804FBF8B50F46164689
S315080396B0441CA4B22046E3F749F910B9013CA0B209
S315080396C0F8BD00F021F90546304600F0F9F820B157
S315080396D0284600F0F5F80028F0D1304600F0E9F8FE
S315080396E020B1284600F0E5F80028E7D10134A4B2F2
S315080396F02046E3F70FF908B1BC42DBD94FF6FF70F2
S31508039700DEE72DE9F04F9A4687B08B880D460C881D
S31508039710814604A90220ADF810309046E3F74EF8C7
S31508039720AB680090A888AF89059300F0C2F838B1F2
S31508039730102F05D105A8E3F727F8022808BF022743
S315080397409DF840B00BF0010B38E02046009AFFF76E
S315080397505FFF0646A8B3AA886988FFF7A6FF0446EB
S315080397603046FFF712FD40EA0B00C0B200B30DF115
S315080397700F03314648460DF11202FFF74AFE9DF8DC
S315080397800F302BB1A8F80060184607B0BDE8F08F74
S31508039790BDF81220BA420BD13A4605990193F7F759
S315080397A03EFC019B20B9A8F80060AAF80040EBE745
S315080397B04FF6FF739C4201D00134A4B26988A142D3
S315080397C0C3D20A23E0E708B5E3F7C0F8BDE80840C3
S315080397D000F09AB838B505460846E3F7B7F80446DD
S315080397E010B94FF6FF7038BD0DB96088FBE7E3F78C
S315080397F081F80028F9D1F4E770B5044642F6052046
S31508039800FFF741FFB0B10021FFF70BFD05460146FF
S315080398102046FFF766FC06461022002104F13100B4
S31508039820F7F727FC324629462046BDE87040002351
S31508039830E2F7E0BD70BD7FB504460D461022002150
S315080398406846F7F716FC0026AB575A1C1BD0314659
S315080398502046FFF746FC1946002BB8BFD91C04AAB5
S3150803986002EBA10100F00302584200F0030003F0E3
S31508039870030358BF43425B0002FA03F311F8102CA3
S31508039880134301F8103C0136402EDDD16B4604F133
S31508039890310504AE1A4603CAB24228606960134604
S315080398A005F10805F6D1204604B0BDE87040FFF778
S315080398B028BCA0F5205001288CBF00200120704742
S315080398C042F60303C31A58425841704708B50304BE
S315080398D009D4E2F73FFFA0F5205080B201288CBFD8
S315080398E00020012008BD0020FCE7020408B507D4C0
S315080398F0E2F730FF42F60303C31A5842584108BD3C
S315080399000020FCE7C00B70470346B3F902304088D2
S31508039910002B01DBE2F71EBF0020704708B5FFF7EF
S31508039920F3FF42F60303C31A5842584108BD08B564
S31508039930FFF7EAFFA0F5205080B201288CBF00206C
S31508039940012008BD1FB550F80C4BADF80A3094F842
S315080399507040069BADF806108DF8082040F20351B7
S3150803996001AA8DF80440039303F07CFE10B906A8F8
S31508039970F7F760FF04B010BD2DE9F04F4FF000086C
S3150803998089B005460E461446CDF8148000F14407FF
S3150803999012B305A8F7F74EFF3846F7F74BFF85F8D6
S315080399A01C80002332460093182123462846FEF7D7
S315080399B034FD04F58854284650F80C3B40F205510B
S315080399C093F8703006AA8DF81830079403F04AFE08
S315080399D0002009B0BDE8F08F43691A070ED523F0B6
S315080399E00803436105A8F7F725FF3846F7F722FF6B
S315080399F02C772846FEF78DFD0024DCE7406C05909E
S31508039A0048B980463846F7F733FF034605900028DA
S31508039A1046D1044657E083794FF0FF3B0C3318448D
S31508039A20B0F80160B0F803A03046E2F78FFF039061
S31508039A300598F7F737FF6C6CA0F105081FFA88F845
S31508039A40059BA3420ED14346524628460399CDF8B1
S31508039A5000B0FFF70CFD0446F0B14FF00008CDF84F
S31508039A60148096E7A3790C3304EB0309B9F80120AC
S31508039A70B2420CD12046F7F715FFB9F80320431F66
S31508039A8012FA83F35B45B8BF5B460FFA83FB20469E
S31508039A90F7F701FF0446D3E70598F7F7FCFEAEE7A9
S31508039AA09979284601F10C021A44B2F80160053186
S31508039AB0B2F8032099713146FFF718FDCDF81480E3
S31508039AC0044600289ED005A8F7F7B4FE3846F7F7EC
S31508039AD0B1FE00232B77002C8BD062E72DE9F047E4
S31508039AE0089C0E4617469846054610B1037C012B7B
S31508039AF061D02846FFF7D7F914F08009304614BF1A
S31508039B004FF0200A4FF0100AFFF747FB1AEA000F37
S31508039B104DD03046FFF757FE42F6052398420FD13C
S31508039B2014F0010219D031462846FFF742FC08B360
S31508039B3000F588542846FFF7BBF92046BDE8F087A9
S31508039B402846FFF765FA0028EAD02846FFF775FA8C
S31508039B500028E5D041F21214ECE7B9F1000F3146BB
S31508039B60284614BF02240124FFF787FB2042DAD1D3
S31508039B700224DFE7B9F1000F11D0EB8BCBB94346CB
S31508039B803A4631462846FEF7F6FC04460028D1D164
S31508039B9040F20A412846EE83FFF793F9CAE743469C
S31508039BA03A4631462846FEF7C3FC0446C2E7212453
S31508039BB0C0E70524BEE70724BFE72DE9F0470025DC
S31508039BC086B09DF8389090F81CA004460F46904638
S31508039BD00F9E0577B9F1000F09D00A464B46514641
S31508039BE00096FEF71AFC284606B0BDE8F087BAF1D8
S31508039BF0080FADF8169026D145893246043DADB215
S31508039C009D424FF002014FF00900A8BF1D46FEF71B
S31508039C1094FB0222814605A93046ADF81470F8F77D
S31508039C2036F92A4641463046F8F731F90546831C84
S31508039C303146204689F80130E1F7DAFDADF81650CA
S31508039C40BDF81600D0E7BAF10A0F0DF116020CBFDC
S31508039C500B210D21CDE90162009301224346FEF74C
S31508039C6000FC1A28ECD111233A4651462046CDF872
S31508039C700090ADF81690FEF7D0FBE1E7F0B50025A6
S31508039C8089B01746012204460E460393ADF81650CB
S31508039C90FFF722FB8DF81500002846D13046FFF75B
S31508039CA098F910B13046FFF754FA3046FFF785FAAC
S31508039CB0B8B103A8F7F7BEFD204650F80C2B237F4F
S31508039CC092F8702040F202518DF8182006AAADF8D2
S31508039CD01A608DF81C30ADF81E7003F0C3FC09B08A
S31508039CE0F0BD0DF115030DF1160231462046FFF7B7
S31508039CF090FB9DF8153002465BB9BDF81630BB429A
S31508039D0035BF0723DB1B8DF81530D21928BFADF8ED
S31508039D101630039B314601939DF815302046009370
S31508039D20BDF81630FFF749FFD9E72A46F1E72DE9CB
S31508039D30F04F89B002901846154605930C46FEF770
S31508039D40D9FA80460598F7F701FE0023B0F1010A10
S31508039D50B5F80A908DF81D3000F089801AF00107CE
S31508039D6040F085805046D3F717FF0646002800F0D3
S31508039D708480524608F10101F7F786F90121204646
S31508039D80059AFEF7DAFAB8460AEBDA7A09F1FF3BDF
S31508039D9003904FEA6A0ABA4544DD36F817400122AA
S31508039DA021462846FFF798FA8DF81D0068B920461C
S31508039DB0FFF70FF910B12046FFF7CBF92046FFF757
S31508039DC0FCF978B180238DF81D303046F8F7A6F8EC
S31508039DD0059B2246009328469DF81D300299FEF7F7
S31508039DE01CFB26E00DF11D03214628460DF11E0234
S31508039DF0FFF70FFB9DF81D300490002BE5D1029B5E
S31508039E00202B1BD1ABEB0803012B0BDD0DF11E0138
S31508039E1002220598F8F73BF8012801460CD805A84D
S31508039E20F7F736FE3046F8F779F828460399FEF72A
S31508039E30DDFA09B0BDE8F08F08F10208BDF81E2067
S31508039E40ABEB08039A42C2BF09F1FF33A3EB08033E
S31508039E50ADF81E30BDF81E20DDE90410F8F717F833
S31508039E60BDF81E309842DDD39844013793E704239F
S31508039E7000248DF81D302646A7E71123F8E770B5A9
S31508039E8004460D461646FFF7A4F840B933462A4654
S31508039E902146FFF72BFB08B100F5885070BD41F248
S31508039EA00310FBE71FB550F80C4BADF80A3094F8CE
S31508039EB07040069BADF806108DF8082040F2015154
S31508039EC001AA8DF80440039303F0CCFB10B906A846
S31508039ED0F7F7B0FC04B010BD1FB550F80C4BADF83E
S31508039EE00A3094F87040BDF81830ADF806108DF8AE
S31508039EF0082040F2045101AA8DF80440ADF80C304D
S31508039F0003F0B0FB04B010BDF0B5122785B0039279
S31508039F100777022205460E46FFF7DEF9044668B1BF
S31508039F2003A8F7F787FC00232B7700233246009311
S31508039F30122123462846FEF770FA0FE0039A3046A5
S31508039F40937903339371FFF738F948B1039B3A467C
S31508039F500093314623462846FFF7F4FC05B0F0BDC7
S31508039F6042F62930FFF78FFBB04220D1039830B968
S31508039F7003A8F7F75FFC00230D242B77D5E7F7F73C
S31508039F80E5FC80B20128F3D1039B28469A7913444A
S31508039F90197BFFF778F8044603A8F7F74BFC002369
S31508039FA02B77002CC1D12846FEF77AFAD6E7224644
S31508039FB031462846039BFFF799FA0446EFE72DE94E
S31508039FC0FF410392042204460D46FFF785F9074627
S31508039FD028B103A8F7F72EFC04B0BDE8F0814FF0CB
S31508039FE05208039A284693790333937184F81C809D
S31508039FF0FFF7E3F8064640B1039B4246009329461A
S3150803A0003B462046FFF79EFCE6E742F62930FFF774
S3150803A0103AFBA842039B0BD19A7920461344197B32
S3150803A020FFF731F803A8F7F705FC00232377D3E7EF
S3150803A030324629462046FFF759FAF6E72DE9FF4146
S3150803A0408B7904460C330B44B3F801700E46384635
S3150803A050B3F80380FFF799F8002858D00222394647
S3150803A0602046FFF739F90546E8B93846FFF7A5F854
S3150803A07068B116222277B37939460533B371204678
S3150803A08043460096FFF75EFC04B0BDE8F081D3F7BC
S3150803A09059FD33461B680135EDB2002BFAD1063557
S3150803A0A0A8421DDC092504F14400F7F7C3FB2B4638
S3150803A0B03A46162120460096FEF7AFF9092DE3D155
S3150803A0C0204650F80C3B40F2055193F8703002AA2B
S3150803A0D08DF8083041F20913039303F0C3FAD3E763
S3150803A0E001213046F7F73AFE01460028DAD004F193
S3150803A0F04400F7F78DFCB37942460533B371394605
S3150803A1003346204604B0BDE8F041FEF7D8B9012529
S3150803A110C9E713B5044641B94430F7F78BFB204624
S3150803A12002B0BDE81040FEF7F4B918224369027776
S3150803A13013F0080306D0002319460093FFF702FC21
S3150803A14002B010BD1A46194602B0BDE81040FFF723
S3150803A15013BC7FB5C58B04462DB342F60520FFF71E
S3150803A16092FAA84207D100212046FEF76DFF6369DC
S3150803A17023F001036361002640F20A412046FEF7F5
S3150803A180A6FE29460DF10E022046ADF80E60FFF72E
S3150803A19074F8BDF80E20034600922946022220468B
S3150803A1A0FFF79AFEE68304B070BD2DE9F047DDF8A4
S3150803A1B020900E4690461F46044618B941F20110F0
S3150803A1C0BDE8F0870846FEF7E0FF0028F6D0658964
S3150803A1D0033DADB2AF4209D83B4642463146204617
S3150803A1E0CDF82090BDE8F047FFF778BC4920E7E7AC
S3150803A1F02DE9F341054698460C461646099FFEF790
S3150803A20052FE2B7C012B24D02046FEF7D6FF10B333
S3150803A2102A7F0C2A21D84FF4A853D340DB071CD531
S3150803A2200020F7F7D2FCD0B19DF8203001900093B7
S3150803A2303246434621462846FFF7BFFC3FB900246A
S3150803A2402846FEF735FE204602B0BDE8F081388081
S3150803A250F5E70724F4E72124F2E70224F0E71A24B2
S3150803A260EEE7F7B504461F460E461546FEF71BFEF0
S3150803A270237C012B58D0237F182B2CD063691B070B
S3150803A28013D5217F16292DD008D8122914D00225D3
S3150803A2902046FEF70DFE284603B0F0BD18291AD04E
S3150803A2A05229F4D10023237713E03046FEF785FFBE
S3150803A2B00028E6D12125EBE70023237735B1009360
S3150803A2C032462B462046FEF7A8F802E02046FEF75C
S3150803A2D0E7F80025DCE72A4631462046FFF74CFB1C
S3150803A2E00546D5E700232377002DE8D10521172056
S3150803A2F0BDF82430089A0095FEF743F820B91123D0
S3150803A300324612210095DDE7FDF7F8FF6269034639
S3150803A31042F00802626182793146053282713A4611
S3150803A3202046FEF7CCF8D4E70725B1E72DE9F04137
S3150803A330054688B042F60520FFF7A5F9064604A8A0
S3150803A340E2F7F6F8102205F121010DEB0200F6F704
S3150803A35066FE50B101212846FEF776FE2846FFF72A
S3150803A3604BFA6B6923F001036B6142F60303022080
S3150803A37003A9ADF80C30E2F721FA012407464FF09A
S3150803A380000820463A464FF6FF71FFF741F904469F
S3150803A39010B908B0BDE8F081FEF7F7FE0134A4B2A0
S3150803A3A00028EED0A64203D131462846E2F72AFB17
S3150803A3B0214628460DF10E02ADF80E80FEF75DFF25
S3150803A3C003460028DDD0BDF80E2021460092284614
S3150803A3D00122FFF781FDD4E708B5E2F797F80020D5
S3150803A3E0E2F74AFF002008BD10B504468069143019
S3150803A3F0F7F720FAA069BDE810401830F7F71ABA3C
S3150803A4002DE9F0410F46144605461E46FFF7ECFFB5
S3150803A41023463A4608210020D5F81880F7F764FD45
S3150803A420AA69C8F81400536923B100205481168217
S3150803A430BDE8F0811A20FBE770B504460846F7F72E
S3150803A44085FAA16986B28A894D8912B1521B964249
S3150803A4500CDA6389581E80B225B90A78082A04BF1C
S3150803A460043B98B2831B5842584170BD0020FCE751
S3150803A47030B5044654F80C0B8DB09DF8405090F84F
S3150803A480700042EA01428DF804001946029203A8B5
S3150803A4902A460795F6F7F8FD40F20241204601AA37
S3150803A4A003F0E0F80DB030BD10B550F80C4B86B08C
S3150803A4B094F87040ADF80E10ADF8102040F206413E
S3150803A4C003AA01938DF80C40059303F0CBF810B952
S3150803A4D001A8F7F7AFF906B010BD37B504460D4620
S3150803A4E0FFF782FF204640F20941FEF7F0FC0022FF
S3150803A4F02046A36940F207411A7050F80C3B6A4696
S3150803A50093F8703001958DF8003003F0ABF803B07B
S3150803A51030BD13B501910021044601F0BAFF0422A8
S3150803A520002320460DEB0201FFF76AFF02B010BDB8
S3150803A530F0B504460F461E46154685B052B98369DB
S3150803A5401B78072B30D0082B14BF15460925002E78
S3150803A55018BF0D250A98F7F7F9F9A3699A894AB135
S3150803A5605B8981B2D21A914204DD92B2891A0AA88A
S3150803A570F7F78EFA204650F80C3B40F2054193F85C
S3150803A580703001AA8DF804300A9BADF806708DF871
S3150803A5900850ADF80A60039303F064F810B90AA8E3
S3150803A5A0F7F748F905B0F0BD0B25D0E7B0F80AC0B0
S3150803A5B02DE9F041ACF1020C9C4505460E461746BB
S3150803A5C01C4603DDBDE8F04101F010BF836922464E
S3150803A5D0198100233946FFF713FF044658B9AB69B7
S3150803A5E00246314628460E3301F019FF044610B1D8
S3150803A5F02846FFF7F9FE2046BDE8F0812DE9F0432A
S3150803A600202A8FB0054617461C4603910BD941F2FB
S3150803A610041421462846FFF760FF03A8F7F70AF94B
S3150803A6200FB0BDE8F083002B46D10846A2F1060811
S3150803A630F7F78CF94FF6FF765FFA88F81FFA80F971
S3150803A6404C4510D3AB69DA88B24239D942F60203CC
S3150803A650ADF814300223711C0093284605AB89B262
S3150803A66001F06DFE25E023463A46039906A8F7F757
S3150803A670D0F8AB69BDF818609A88B242C7D8DA88A9
S3150803A680B242C4D3BDF81A10BDF81C20B8F1000FA6
S3150803A69009D02846CDF800800DF11E033C44FFF788
S3150803A6A0E7FEA4B2CCE728469E8019815A8101F0B9
S3150803A6B05FFE04460028B0D041F20A139C42A8D193
S3150803A6C00024A6E72DE9F0471C4696B08369019254
S3150803A6D01B780646062B03D0112B60D001A81CE075
S3150803A6E00129104614BF4FF010084FF002080392D1
S3150803A6F0002C4CD1F7F72AF94FF6FF7508F1020932
S3150803A70087B2A7420ED8B369DA88AA4237D8002493
S3150803A71021463046FFF7E1FE03A8F7F78BF816B094
S3150803A720BDE8F08723464A46039904A8F7F771F864
S3150803A730B369BDF810509A88AA422DD8DB88AB4274
S3150803A7402AD39DF81330282BE1D0B2465AF80C3B8E
S3150803A750424693F870300DF112010DA88DF830308A
S3150803A760ADF83250CDF844804C44F6F78DFC40F2F0
S3150803A770044150460CAA02F075FFA4B2C1E7691C4E
S3150803A780304689B201F0ABFD04460028C4D041F235
S3150803A7900A139C42BBD0BBE741F20414B8E701296C
S3150803A7A0104614BF12270427049284BBF7F7CEF882
S3150803A7B042F602184FF6FF7185B2A5420DD8B36962
S3150803A7C0DB888B4221D901314FF6FF72304689B2B5
S3150803A7D001F085FD0446A0B119E023463A460499DB
S3150803A7E00CA8F7F716F8BDF83220BDF83010424525
S3150803A7F09DF8333007D1B269022330460A32FFF790
S3150803A800D5FE04A889E7282B06D141F20A14214666
S3150803A8103046FFF762FEF4E73C44A4B2CDE7F0B551
S3150803A820836987B003911B780546022B144653D1D7
S3150803A83008460491002A47D1F7F788F84FF6FF76BA
S3150803A84087B2A7420DD8A869C288B2422BD800247A
S3150803A85021462846FFF741FE04A8F6F7EBFF07B0A3
S3150803A860F0BD04220499234605A8F6F7D2FFAA6980
S3150803A870BDF814109088BDF81660814229D3D38891
S3150803A880994226D8864224D39E4222D85069927A80
S3150803A890837904340C330092034432462846FFF77F
S3150803A8A0E7FDA4B2CDE743694089711C0190987905
S3150803A8B089B20C300344009328464FF4205301F021
S3150803A8C022FD04460028C7D041F20A139C42BFD191
S3150803A8D0BDE741F20414BBE703A8BEE7F0B587B0AA
S3150803A8E0054617461C46039153B9FFF7A5FD38B12C
S3150803A8F0012322462846039900F084F807B0F0BDE1
S3150803A900A9690B78082B05D8062B44D8032B0FD037
S3150803A91003A83DE00F2BFBD1039B0593002C6DD1B8
S3150803A920002B6BD0224628460989FFF7BDFD59E05F
S3150803A9300398059018B3ECB9102683794A890C3322
S3150803A9400989034400962846FFF792FDAB6999885F
S3150803A950DA88914217D242F60203ADF81030022381
S3150803A9600131009328460DEB060389B201F0E7FC93
S3150803A970044660B141F20A139C4204D101E0002C5B
S3150803A980F8D141F21F0421462846FFF7A6FD05A87C
S3150803A990F6F750FFB2E7039805907CBB70B3F6F75A
S3150803A9A0D5FF0FB386B2B7421ED2394605A8F7F7C5
S3150803A9B0A9F938B905A8F6F73DFF1A212846FFF77E
S3150803A9C08CFD9BE78379F61BC21802339189837141
S3150803A9D0AB6900225B89B6B200902846FFF7A8FD4B
S3150803A9E0B742E2D92146E9E7AA6928465389118974
S3150803A9F0059A00920022FFF79BFDF3E705A8F6F7F1
S3150803AA0019FFEFE7F0B585B006461F4614460391CE
S3150803AA1032BB0846F6F79AFF054608B3B1690B78C1
S3150803AA204A89082B0BD8062B0BD9039B0989304671
S3150803AA30009313462246FFF77BFD039401E00F2B91
S3150803AA4019D0B1694B89EA1892B2B2F5007F4A81E7
S3150803AA5017D82FB13046098901F09BFC044628B163
S3150803AA600022234611463046FFF738FF03A8F6F7B8
S3150803AA70E1FE05B0F0BD3046039B0989FFF714FDD7
S3150803AA80DBE741F20414EBE773B5836901911B789D
S3150803AA900446082B15460ED8062B0ED9019E2046CA
S3150803AAA03146FFF7C9FC2A46034631462046FFF7D7
S3150803AAB0A9FF02B070BD0F2BF0D001A8F6F7BAFEB6
S3150803AAC0F7E730B5836987B003911B780546092BE9
S3150803AAD0144611D105915AB9134600910F222146FE
S3150803AAE0FFF726FD21462846FFF7F7FC07B030BDDA
S3150803AAF005A8F6F79FFEF5E703A8F6F79BFEF5E725
S3150803AB0070B5836986B003911B7805460A2B1446EC
S3150803AB1031D1059132BB0598F6F718FF08B90446F3
S3150803AB2020E00023022205A90DF11200F6F77BFEA9
S3150803AB30012815D9BDF8126096B10598F6F706FFF0
S3150803AB4086420FD8BDF8121005A8F7F7DBF848B107
S3150803AB5000230090212219462846FFF7E9FCDAE785
S3150803AB6041F20D1405A8F6F765FE21462846FFF7B8
S3150803AB70B4FC06B070BD03A8F6F75CFEF9E72DE949
S3150803AB80F04F87699FB003913F780546052F164610
S3150803AB901C4604D8032F16D810D003A867E0082F3D
S3150803ABA0FBD108461391002B00F0C28013A8F6F7D1
S3150803ABB041FE21462846FFF790FC01E0FFF71EFDFC
S3150803ABC01FB0BDE8F08F202A0846049148D8002B09
S3150803ABD040F0A880571FF6F7B9FE4FF6FF78FFB285
S3150803ABE01FFA80FA0DF11C0BA24506D8AB69DA8861
S3150803ABF0424500F28780002434E02346324604990E
S3150803AC000BA8F6F706FEAB69BDF82C809A88424571
S3150803AC1026D8DA88424523D35969F1B9A94659F89A
S3150803AC200C1BBDF82F2091F870109DF82E308DF867
S3150803AC304C10ADF84E200DF131013A4615A88DF8A2
S3150803AC4050301997F6F720FA40F20341484613AAFB
S3150803AC5002F008FD3444A4B2C6E75A89102A09D972
S3150803AC6041F2041421462846FFF737FC04A8F6F7F1
S3150803AC70E1FDA5E700235846F6F7CBFDAB690DF1D1
S3150803AC803101102FCDE9051B93F80A902BD1B9F1A1
S3150803AC90020F34D105A8E1F777FD0228DAD14A462F
S3150803ACA0DDE90510F6F7BBF90028D3D12B4653F88F
S3150803ACB00C0BBDF82F1090F870009DF82E208DF818
S3150803ACC04C00ADF84E108DF8502059464A4615A843
S3150803ACD00293CDF86490F6F7D7F9029B40F2034145
S3150803ACE0184613AAB4E7022F09D1B9F1100F06D1F2
S3150803ACF006A8E1F749FD0228ACD13A46D0E73A4619
S3150803AD005846CFE742F60303ADF84C30022308F161
S3150803AD1001010093284613AB89B201F010FB0446E0
S3150803AD200028A3D041F20A139C423FF464AF99E783
S3150803AD3059B900210023AA692846938153811181B1
S3150803AD4013993246FFF7CAFD3AE7F6F7FFFD16B140
S3150803AD5080B28642EDD1139A9379D1180233898941
S3150803AD609371E7E72DE9F0431C468FB08369039196
S3150803AD701B780546012B17465BD108460591F6F75E
S3150803AD80E5FD202F0BD941F2041421462846FFF787
S3150803AD90A4FB05A8F6F74EFD0FB0BDE8F083002C1B
S3150803ADA042D10598F6F7D2FD4FF6FF76A7F10408C8
S3150803ADB01FFA88F81FFA80F95FFA88F8A14505D8BB
S3150803ADC0AB69DA88B24220D80024DEE723463A463E
S3150803ADD0059906A8F6F71DFDAB69BDF818109A88FC
S3150803ADE0BDF81A609142CED3DB889942CBD89642F6
S3150803ADF0C9D39E42C7D832462846CDF8008007AB4A
S3150803AE003C44FFF735FBA4B2D8E74FF42053ADF81B
S3150803AE1010300223711C0093284604AB89B201F053
S3150803AE20CCFA04460028B4D041F20A139C42CBD08C
S3150803AE30ABE703A8AEE783691B780B2B02D0103B5D
S3150803AE40012B01D8FFF749BB7047F0B585B00193CD
S3150803AE50836917461A7804460B3A0A9E072A42D884
S3150803AE60DFE802F004413041410441290198039087
S3150803AE70F6F76CFD85B203A8F6F7DCFC26B1314676
S3150803AE802046FFF746FB0FE0A1697A194B8992B270
S3150803AE9093420BD90A8201F10E032046098901F070
S3150803AEA0BEFA01460028EBD105B0F0BD01212046C4
S3150803AEB001F0EFFAF5E72EB91A8A0198BA420BD0D0
S3150803AEC04FF48166019B03A80393F6F7B3FC314657
S3150803AED02046FFF702FBE7E7DA895969F6F741FDEA
S3150803AEE00028EDD1EEE701A8F6F7A4FCDCE738B5B0
S3150803AEF08269044613780D460E2B12D0102B01D007
S3150803AF000B2B12D1536933B1997902F114000B440F
S3150803AF10DD68F6F78FFC29462046BDE83840FFF77B
S3150803AF208ABFBDE83840FFF7D8BA38BD07B500234E
S3150803AF3000921B22FFF7FCFA03B05DF804FB07B582
S3150803AF4083695980009200231D22FFF7F1FA03B0A3
S3150803AF505DF804FB08B500F07EF8407940F48050AC
S3150803AF6008BD08B500F077F8407940F4805008BD6D
S3150803AF7070B506460D461446D7F72AFC4379C575B8
S3150803AF8023F0030343F00303437140F60943C380E5
S3150803AF90A0F815602060153070BD13B50C4601AADC
S3150803AFA0FFF7E6FF019BDA791444DC7102B010BDA2
S3150803AFB02DE9F743144688469DF828701E4602EB8A
S3150803AFC007095FFA89F101AAFFF7D2FF019D224615
S3150803AFD041462846F6F75BFF04462FB13A46314603
S3150803AFE02846F6F754FF0444A14506D02846F6F743
S3150803AFF021FC1A2003B0BDE8F08328680028F9D09D
S3150803B000437923F0030343F0020343710068F5E72A
S3150803B01073B5064610460C461546F6F797FC2118EF
S3150803B02001AA3046C9B2FFF7A3FF019B0646DA79A0
S3150803B0301444DC712B4633B901A82946F6F7E8FC14
S3150803B040304602B070BD5C7924F0030444F0020470
S3150803B0505C711B68EFE708B5D7F7C0FB83790C3338
S3150803B060184408BD08B5FFF7F6FF407940F4805049
S3150803B07008BD4B88052B05D108880E288CBF0020F0
S3150803B0800120704700207047F8B505460F46164657
S3150803B09004210A220020F6F759FE0246B8B184793C
S3150803B0A005210C3403194FF0060C00209970D8704B
S3150803B0B002F804C013241C7102245F715870D871F6
S3150803B0C09C7128461E81BDE8F840E2F7E5BAF8BD4B
S3150803B0D073B50546104601920C46F6F737FC04216C
S3150803B0E086B20198F6F775FD024628B901A8F6F760
S3150803B0F0A1FB1A2002B070BD837901900C33C118E5
S3150803B1004C80C65221462846E2F7C6FA0020F1E7E4
S3150803B1102DE9F04106468846174604210A220020EF
S3150803B120F6F714FE0246B8B1857900240C3543199F
S3150803B130052106209970DC705055012018710220EC
S3150803B1405C70987183F805803046DC711F81E2F7DD
S3150803B150A3FA2046BDE8F0811A20FBE700207047D2
S3150803B1600020704707B501A80192F6F763FB03B001
S3150803B1705DF804FB7047002070470F2070470F20C7
S3150803B18070477047E3F74EB9E3F766B938B545F242
S3150803B1901B020C460B460021054600F059F930B947
S3150803B1A02CB121462846BDE83840E2F7B3BD38BD81
S3150803B1B000F070B900F0E8BF00F0F1BF10B504461F
S3150803B1C04C30FDF736F884F875002046BDE8104084
S3150803B1D000F0B5BF10B50446FCF7EFFF01280DD004
S3150803B1E094F8733094F97000012B14BF05210321D9
S3150803B1F084F83210BDE8104001F04DB8A36843F453
S3150803B2000073A36010BD00F077B910B50446B0F813
S3150803B2100300E0F7F7F930B1B4F80D10621DBDE885
S3150803B220104000F0CFB910BD10B50446B0F80300BE
S3150803B230E0F7E8F940B1B4F80D1004F10F03621D05
S3150803B240BDE8104000F0C1B910BDCB0448BF41F4B6
S3150803B25080618160704710B50446006C30B94FF4BD
S3150803B260B070F6F756FE206420B910BD4FF4B071DE
S3150803B27002F01FFAFF23226C82F85E31A3681B06CD
S3150803B28003D5C02301201370EFE794F87330012B1D
S3150803B29014BF80234023F5E708B5D0B2E0F7C0F919
S3150803B2A028B190F8773003F07F0380F877300120D0
S3150803B2B008BD10B5044645F21A0102F066F92046A0
S3150803B2C0BDE8104047F23053002245F21A01F1F760
S3150803B2D0D5B810B50A46044608210020F6F736FD08
S3150803B2E010B1837903441C7310BD38B505460C4663
S3150803B2F00D201121FFF7EDFF024688B12146837918
S3150803B30003440D3304F1100051F8044B814243F80A
S3150803B310044BF9D12846BDE838400621FFF7D8BEC5
S3150803B32038BD38B505460C4604201121FFF7D1FF71
S3150803B330024688B12146837903440D3304F110008C
S3150803B34051F8044B814243F8044BF9D12846BDE82A
S3150803B35038400621FFF7BCBE38BD38B505460C464E
S3150803B36003201121FFF7B5FF024688B121468379E9
S3150803B37003440D3304F1100051F8044B814243F89A
S3150803B380044BF9D12846BDE838400621FFF7A0BE8D
S3150803B39038BD37B50022054608211046F6F7D6FC10
S3150803B3A00446C0B10C2301220DF107018DF80730BD
S3150803B3B0F6F76DFD296C202251312046F6F767FD15
S3150803B3C0296C202271312046F6F761FD22460621B3
S3150803B3D02846FFF77DFE03B030BD036C4BB983687F
S3150803B3E01B0608D490F87330012B14BF8020402025
S3150803B3F0704718787047C020704770B50446FFF742
S3150803B400ECFFE2F7ABFF0D460346002245F20101C6
S3150803B41020469847236C03B11D702846E2F79EFF22
S3150803B4204FF4A041034600222046BDE87040184762
S3150803B43070B51546044648B1FFF7CFFFE2F78EFF0E
S3150803B4402A4603462046BDE870401847022070BDC9
S3150803B450114608B51A4621F00041FFF7E9FFB0FA8D
S3150803B46080F0400908BD08B50B4601461846F1F7B2
S3150803B470DFF8003818BF012008BD10B50446006878
S3150803B48038B11A2102F015F92068F6F747FD0023AB
S3150803B490236010BD30B58BB00D46002201A9C0B29A
S3150803B4A0E2F77AFD044620BB01460D220DF10B0097
S3150803B4B0F5F7DFFDB5F803206B79ADF8082006A983
S3150803B4C0019A02A88DF80A30E2F7A8FD40F2034371
S3150803B4D0BDF81820002818BF1C469DF81A301021FD
S3150803B4E002A82A80AB7002F0E4F8102106A802F03D
S3150803B4F0E0F820460BB030BD10B50446E2F7B2FCBF
S3150803B50004F13400FFF7B9FFA3685A0606D523F0FA
S3150803B510400300212046A360E1F7B0FF236C63B123
S3150803B520D3F89400F4F7D0FC0421206C02F0C1F898
S3150803B530206CF6F7F3FC0023236410BDF7B50D461C
S3150803B54069461646E2F728FD044698B929461022A5
S3150803B550009801ABF4F723FD07461021284602F0AD
S3150803B5609AF82FB11021284602F0A3F840F20744AF
S3150803B57006B13760204603B0F0BD38B50446C51C8E
S3150803B58003212846FFF76FFFC8B9E27863797AB9CA
S3150803B59022791A43F4D003F07F0343F0400363711F
S3150803B5A05323A3712146BDE83840FF20FFF772BF36
S3150803B5B0FF2AF0D122791A40FF2AE1D0EBE740F2BD
S3150803B5C0074038BD0021E1F759BFF8B51D46836822
S3150803B5D004465B060F4616462DD41A20F6F799FC41
S3150803B5E00146606320B92046BDE8F840E1F746BF47
S3150803B5F0034623F8027B326805F11001C0F80220DE
S3150803B60072685A602A46636B0A3352F8040B8A42F5
S3150803B61043F8040BF9D11021284602F04AF8A36827
S3150803B62043F0400213F4407FA26004D02046BDE8ED
S3150803B630F840E2F74BBFF8BD38B504460D4605207A
S3150803B6400221FFF746FE0246B8B183790621034471
S3150803B6505D732046FFF73CFD45F490512046E2F71B
S3150803B66059FB94F873302046012B18BF8021BDE897
S3150803B670384008BF4021FFF7C0BE38BDB1F5A04F1B
S3150803B68070B504460D4616460AD045F20603994296
S3150803B69018D0324629462046BDE87040E3F7ECB891
S3150803B6A0836843F08003836090F87330012B14BFDB
S3150803B6B080204020E2F752FE002203462046BDE8DA
S3150803B6C07040184793791344597C41F49051E2F733
S3150803B6D021FBDEE72DE9F04196B0154605AA1C467F
S3150803B6E006460B4690461D9F01F1200E94461868A0
S3150803B6F059680833ACE8030073456246F6D120213E
S3150803B700404601F0C8FF0DAB2A469C4605F1200EBC
S3150803B7101D4610685168083203C572452B46F7D192
S3150803B7202021604601F0B7FFAEB3336C93F85D3161
S3150803B730013B022B2FD89DF8703043F0800301AAF2
S3150803B7408DF854301546234604F1100C1446186830
S3150803B7505968083303C463452246F7D1102128469E
S3150803B76001F099FF3B46412241462846E2F704FD8C
S3150803B77004461021284601F09CFF4121404601F06A
S3150803B78098FF54B11EB108213046FFF755FF2046EE
S3150803B79016B0BDE8F0810023D1E71021384601F041
S3150803B7A07AFF002EF3D0224645F211013046FFF701
S3150803B7B03FFEECE72DE9F34790F873800446B8F1AA
S3150803B7C0010F056C04D195F85031002B40F0A88081
S3150803B7D095F85C3195F85191032B00F2ED80DFE87B
S3150803B7E003F00283ACD019F0010F78D0112106209B
S3150803B7F0FFF76FFD8246002800F0928087791021B3
S3150803B8000C3707447E1C3046FFF72DFE014658B118
S3150803B81020460821FFF710FF002140F2074002B037
S3150803B820BDE8F047E2F794BAA07CC0F110023044B1
S3150803B830F5F71FFCFCF7C1FC012895F95E010BD14E
S3150803B84032460521DFF7C8F810B30821204602B0AF
S3150803B850BDE8F047FFF7F0BE334610220521FCF793
S3150803B860AEFC28B1002140F21B40E2F771FAECE77F
S3150803B870B8F1010F0CD004F11803113756F8042B4D
S3150803B880BE4243F8042BF9D1A36843F48073A3603B
S3150803B890524606212046FFF71BFC0B210720FFF71C
S3150803B8A018FD074600283BD0867995F95E310C3694
S3150803B8B0064443F43F430821A6F80130F01CFFF77A
S3150803B8C0D2FD0A22042195F95E01731CFCF777FC65
S3150803B8D00028C7D13A4606212046FFF7F9FB95F813
S3150803B8E05C31013385F85C3119F0020F20D0112140
S3150803B8F00820FFF7EEFC064690B10023817901AADA
S3150803B90001440D31FF200193FFF718FE58B10821B2
S3150803B9102046FFF791FE40F207400199E2F718FA2D
S3150803B92002B0BDE8F087324606212046FFF7D0FB72
S3150803B93095F85C31013385F85C3119F0020F1BD099
S3150803B94008210920FFF7C5FC07460028E8D08679B1
S3150803B9500C360644E0F718FC83793A4683F0080365
S3150803B960C3F3C003737003680621C6F802308388DD
S3150803B9702046F380FFF7ACFB95F85C31013385F875
S3150803B9805C3119F0040F12D011210A20FFF7A1FC2C
S3150803B99006460028C4D0807910223044AB210D30E6
S3150803B9A0F5F767FB324606212046FFF791FB95F824
S3150803B9B05C31013385F85C31B8F1010F08D0236C8B
S3150803B9C093F85031002BABD195F85C31042BA7D1F2
S3150803B9D0A36C10220B2195F95E013133FCF7EFFBBB
S3150803B9E078B140F21B412046E2F794F9B8F1010F0A
S3150803B9F014BF80214021204602B0BDE8F047FFF777
S3150803BA00FCBCA36C01220C2195F95E012033FCF7DB
S3150803BA10D6FB0028E5D1A36C10220D2195F95E010A
S3150803BA202133FCF7CCFB0028DBD1082295F95E010C
S3150803BA30114604F11003FCF7C2FB0028D1D1236C8D
S3150803BA4093F85E2184F87520FF2283F85E21FCF7BC
S3150803BA50B4FB012818BFA36820461CBF43F48073B0
S3150803BA60A360E2F72FF9C1E7E2F764BF2DE9F047D0
S3150803BA7096B01D46DDE9229705AB06460C469E465B
S3150803BA80DDF8908002F1100A9C4610685168083266
S3150803BA90ACE8030052456346F6D17046102101F01F
S3150803BAA0FAFD09AA2B46944605F1100E15461868A1
S3150803BAB05968083303C573452A46F7D160461021EA
S3150803BAC001F0E9FD0DAA94461E9B03F1100E1546D7
S3150803BAD018685968083303C573452A46F7D160467B
S3150803BAE0102101F0D8FD9DF87C30D9F800008DF8B7
S3150803BAF044309DF8803006218DF845309DF8843012
S3150803BB0012908DF8463099F8063012A883F0080388
S3150803BB10C3F3C0038DF84730B9F80430ADF84C3099
S3150803BB2001F0B9FDBB79062183F00803C3F3C0030B
S3150803BB308DF84E303B680DF14F00CDF84F30BB887A
S3150803BB4004F11007ADF8533001F0A5FD01AA234609
S3150803BB501546144618685968083303C4BB42224677
S3150803BB60F7D11021284601F096FD4346412205A93F
S3150803BB702846E2F701FB04461021284601F099FD01
S3150803BB80412105A801F095FD34B108213046FFF798
S3150803BB9053FD16B0BDE8F0874046102101F07BFD42
S3150803BBA0224645F213013046FFF742FCF1E72DE939
S3150803BBB0F0419CB0154608AA1C4606460B46904615
S3150803BBC0239F01F1200E9446186859680833ACE898
S3150803BBD0030073456246F6D12021404601F05BFD1A
S3150803BBE010AB2A469C4605F1200E1D46106851687F
S3150803BBF0083203C572452B46F7D16046202101F06A
S3150803BC004AFD18AA9446229B03F1100E1546186896
S3150803BC105968083303C573452A46F7D16046102188
S3150803BC2001F039FD04AA2346154604F1100C1446FF
S3150803BC3018685968083303C463452246F7D11021A7
S3150803BC40284601F028FD6B46502241462846E2F76E
S3150803BC5093FA04461021284601F02BFD502140464D
S3150803BC6001F027FD34B108213046FFF7E5FC1CB087
S3150803BC70BDE8F081039B38463B60042101F00BFDC8
S3150803BC806846102101F015FD224645F21401304697
S3150803BC90FFF7CEFBEBE72DE9F3411D46089B044668
S3150803BCA08846164690F873705BB110211046FFF765
S3150803BCB0DAFB30B10821204602B0BDE8F041FFF7B0
S3150803BCC0BBBC236C013E691E03F1100013F8012F58
S3150803BCD016F801CF834282EA0C0201F8012FF5D147
S3150803BCE00022404601A90192E2F7F4F948B1019806
S3150803BCF0F4F7EAF808212046FFF79EFC02B0BDE8F0
S3150803BD00F08129462846019AE2F788F90028EED1F8
S3150803BD10022F0CBF0023062304F159022B4404F116
S3150803BD205F0012F8016F1978904281EA060103F859
S3150803BD30011BF6D1022F14BF0023062304F1520276
S3150803BD402B4404F1580012F8016F1978904281EADE
S3150803BD50060103F8011BF6D129462846019AE2F79C
S3150803BD605DF905460198002DC2D1F4F7ADF82A46C8
S3150803BD7045F210012046FFF75BFBBFE773B545F2B3
S3150803BD800406B142044615460DD045F21006B142E3
S3150803BD9022D0B1F5A04F38D1FFF78BFA236CD3F82D
S3150803BDA05831D90720D5236CD3F85821D2070BD499
S3150803BDB0AA7998330C3215446A1D153552F8041BB3
S3150803BDC0AA4243F8041BF9D1216CD1F8583113F070
S3150803BDD004030CD0832104E0016CA831FFF7BDFAF4
S3150803BDE085212046FFF709FB002002B070BD81F8C4
S3150803BDF05C31012301F1B8020093204601F1A8033F
S3150803BE0001F59871FFF747FFEEE702B0BDE870400A
S3150803BE10E2F732BDB1F5A04F73B50446154677D0A0
S3150803BE2045F21B06B14240F0F68090F87430DB0702
S3150803BE3066D5056CB5F850312BB18921FFF7DDFAC4
S3150803BE40002002B070BDD5F858315E0747D5AB79E7
S3150803BE50D80744D56B7BD90741D5A36C10220B2190
S3150803BE6095F95E013133FCF7AAF938B140F21B4163
S3150803BE702046E1F74FFF40F21B40E2E7A36C206C34
S3150803BE8001220C2190F95E012033FCF798F900286A
S3150803BE90ECD1A36C206C10220D2190F95E0121339D
S3150803BEA0FCF78DF90028E1D10822206C114690F998
S3150803BEB05E0104F11003FCF782F90028D6D1236C3E
S3150803BEC093F85E2184F87520FF2283F85E212046C5
S3150803BED08021FFF792FA2046E1F7F4FEB0E705F56D
S3150803BEE0987304F1180205F5A07553F8041BAB42C1
S3150803BEF042F8041BF9D1A36843F48073A360E6E709
S3150803BF008021FFF77AFA29462046E1F703FF97E7E8
S3150803BF10036CD3F8582112F0040245D09A79D20754
S3150803BF208ED55B7BDB078BD5FCF747F90128206C9D
S3150803BF300ED100F59872032190F95E01DEF74CFDE8
S3150803BF4000283FF47DAF08212046FFF775FB92E7EB
S3150803BF5000F598731022032190F95E01FCF72FF977
S3150803BF6028B1002140F21B40E1F7F2FEEBE7206C13
S3150803BF70102200F59873052190F95E01FCF71FF965
S3150803BF800028EED1236C04F1180103F5987203F522
S3150803BF90A07352F8040B9A4241F8040BF9D1A3682B
S3150803BFA043F48073A3604BE7D3F8B810C3F8D010F3
S3150803BFB0D3F8BC100192C3F8D410006C01A900F59C
S3150803BFC09870E2F787F848B10198F3F77DFF2046A2
S3150803BFD00821FFF731FB40F2074032E7206C019A4C
S3150803BFE000F59871C830E2F719F805460198002D4F
S3150803BFF0EBD1F3F769FF236CA07C03F59873294605
S3150803C000C0F110021844F5F734F8216C2046B8310C
S3150803C010FFF787F914E702B0BDE87040E2F72CBCD6
S3150803C020B1F5A04FF7B5044608D045F21105A94264
S3150803C03036D003B0BDE8F040E2F71EBC006C102111
S3150803C040B830FFF710FA60B108212046FFF7F4FA73
S3150803C05040F207400021E1F77BFE40F2074003B0B8
S3150803C060F0BD256C95F85D6105F1A807013E022E22
S3150803C07001979CBFD5F82C0195F85C6105F1510130
S3150803C0809EBFF04000F0010040F08000009005F1EB
S3150803C0901102204605F1B803FFF71CFB0020DEE773
S3150803C0A0016CA831FFF759F985212046FFF7A5F951
S3150803C0B0F4E770B545F20406B1420446134625D0A3
S3150803C0C045F21806B14206D0B1F5A04F33D1FFF7B2
S3150803C0D0F0F8002070BD11684D1C03D10121FFF74C
S3150803C0E0ABFAF6E7026CD2F85801400743BF0021C2
S3150803C0F082F85C111B68C2F8301120464FF08401A0
S3150803C10048BFC2F82C31FFF778F9E2E79979026C50
S3150803C1100C310B44591D9832153351F8040B9942C7
S3150803C12042F8040BF9D1226CD2F8583143F00103D3
S3150803C130C2F85831CDE7BDE87040E2F79DBB00234E
S3150803C14010B50364044690F97500431C13D0DEF753
S3150803C150DFFF082204F11003114694F97500FCF772
S3150803C1606FF894F91330012B07D194F8743043F020
S3150803C170020384F87430002010BD022BFBD194F817
S3150803C180743043F00A03F4E74B88062B05D1088875
S3150803C19041288CBF0020012070470020704707B54F
S3150803C1A08B790A460B440191197C4B1E0D2B04D837
S3150803C1B001F5A0410131FFF73BF901A8F5F73AFB71
S3150803C1C003B05DF804FB08B5E1F7F0F8E1F7ECFB1B
S3150803C1D0E3F77EFCBDE80840E0F780B808B5E1F769
S3150803C1E0DDFA28B9BDE8084000200021F0F78CB92C
S3150803C1F000200021F0F788F9E1F7E6F8EFE737B50D
S3150803C200044642F60720FDF73EFA0546C0B10A235F
S3150803C210002CCBBF0534053CB4FBF3F494FBF3F4D1
S3150803C2200123002118460DF1070264B28DF8074071
S3150803C230F5F75AFE0022034629461046FDF756F936
S3150803C24003B030BD38B50D46F9F74DFA044618B9AB
S3150803C250B5F90000FFF7D3FF204638BD430803F0BE
S3150803C2605503C01A00F03303C0F3850000F033000A
S3150803C270184400EB101000F00F007047002110B5AA
S3150803C280421D441E14F8010FFFF7E8FF94420144C8
S3150803C290F8D1084610BD70470E207047704710B591
S3150803C2A000F01BF8044628B10124204610BD436A52
S3150803C2B0DB06F9D4DFF7F4FB0028F8D1F5E710B568
S3150803C2C0D1F702FF002814BF03240124D1F702FF84
S3150803C2D008B144F00404204610BD0020704770B529
S3150803C2E004460E461546052100220420FCF725F8C8
S3150803C2F0014618B1A0F80160A0F803502046BDE82E
S3150803C3007040FCF773B8F7B51D460023044600933F
S3150803C3100F46164607210620BDF82430089AFCF76F
S3150803C32030F8014628B1A0F80170A0F80360A0F818
S3150803C3300550204603B0BDE8F040FCF757B873B57F
S3150803C34015461A460023044600930E46082005217F
S3150803C3509DF81830FCF715F8014618B1A0F80160E6
S3150803C360A0F80350204602B0BDE87040FCF73EB87B
S3150803C37038B5002204460D460A200321FBF7DDFFE4
S3150803C380014608B1A0F801502046BDE83840FCF73D
S3150803C3902DB870B504460E461546052100220C2015
S3150803C3A0FBF7CBFF014618B1A0F80160A0F80350CC
S3150803C3B02046BDE87040FCF719B873B515461A460A
S3150803C3C00023044600930E46102005219DF81830D5
S3150803C3D0FBF7D7FF014618B1A0F80160A0F8035090
S3150803C3E0204602B0BDE87040FCF700B873B50E46A8
S3150803C3F0002144890546033CA4B2A342009128BF01
S3150803C400234603211220FBF7BCFF014608B1A0F817
S3150803C4100160284602B0BDE87040FBF7E7BF2DE987
S3150803C420F3410546984683690F4658691646F5F754
S3150803C4308DFA6C8980B2053CA4B2844228BF0446AF
S3150803C440A86921461430F5F75DFC009048B105222A
S3150803C45008210020F5F77AFC019030B96846F5F70C
S3150803C460E9F91A2002B0BDE8F081009901A8F5F7A9
S3150803C470CFFA1620019A93790C33D118D054A8F819
S3150803C48000402846A1F80170A1F80360FBF7AEFF48
S3150803C490E8E738B5002204460D4618200221FBF7C3
S3150803C4A04CFF014600B145702046BDE83840FBF70E
S3150803C4B09DBF70B5857904460C354619F5F746FAD6
S3150803C4C0625D431E013A9BB2202A12D8DFE802F0C6
S3150803C4D0131118111A112B1131114211421142115C
S3150803C4E03511271111113B11271140114011111153
S3150803C4F04200002070BD042B14BF01200320F9E776
S3150803C500022BF9E743B37278022A0AD0012A23D108
S3150803C5100222013B0232B3FBF2F102FB1133002B79
S3150803C520EAE71022F5E713F0030F14BF01200320EF
S3150803C530E0E78BB17278013BEDE76BB17278032ABA
S3150803C5400AD9013BE7E7042B34BF01200320D1E7CF
S3150803C550022BF9E70320CDE70120CBE70078DFF7C5
S3150803C560C7B913B50C460DF107020DF10601FCF721
S3150803C570ECF830B19DF80600031B5842584102B047
S3150803C58010BD0120FBE7FEF7FDBDE1F76FBBE4F73E
S3150803C590DDBAFEF7F9BD7047704701212F20E0F792
S3150803C5A099BF00207047704770477047E4F7FCBD92
S3150803C5B0704713B50C4601A901F02EFF10B9019B6C
S3150803C5C0C4E9003002B010BD08B5EFF7E1FD50B974
S3150803C5D0EFF792FF00200021EFF7E2FD18B9BDE857
S3150803C5E00840F5F729B8012008BD38B504460D46B5
S3150803C5F020220021F4F73DFDF2F77FFED5E902324A
S3150803C600E260EA8B43F4806322822A8CA0806282EA
S3150803C610AA8CA282EA8CE2826A68A3602260FFF788
S3150803C620C0FF18B1A36843F00403A360A36843F4E7
S3150803C6308032A2602A68920544BF43F41023A3609C
S3150803C64038BD08B5FFF7C0FF80F00100C0B208BDCA
S3150803C65008B5FFF7F6FF00280CBF0420012008BD24
S3150803C66008B5FAF703FA002008BDE4F757BEE4F75E
S3150803C67065BE7FB50E461D46144602B1CBB140F6DC
S3150803C680FF7301460DF10E00ADF80E30FBF723FEDE
S3150803C69068B92B463146BDF80E000094E2B2E5F7B9
S3150803C6A00FF820B90121BDF80E00E4F7F5FF04B031
S3150803C6B070BD2220FBE740F6FF7307B501460DF16F
S3150803C6C00600ADF80630FBF706FE20B90146BDF8AD
S3150803C6D00600E4F7E1FF03B05DF804FB30B585B067
S3150803C6E0DDE9084504B15DB1CDE90254E4B2CDE90B
S3150803C6F0003413460A460121E4F7FEFF05B030BDB0
S3150803C7002220FBE708B5FEF7A6FC03780E2B04D117
S3150803C710407908B140F4805008BD0F2B01D18078C9
S3150803C720F7E741F21F00F7E7022070470220704738
S3150803C73000207047012070470020704708461146BD
S3150803C740012200F054B800F0B0BA00F0B8BA00F00D
S3150803C750ADB8431E012B03D9031F584258417047EE
S3150803C7600120704700F02ABD4FF4E0720021F4F768
S3150803C77080BC0846EBF796BE70B50446E6F75CFA46
S3150803C7800546A8B9A169F1B1238AD3B1204604F1B4
S3150803C790100200F030FB38BBE16919B3638AA3B111
S3150803C7A0204604F1120200F0FBFA78B1054603E0CD
S3150803C7B00023A3612361E36100232846636123629F
S3150803C7C070BDA061E8E72082E6E7E361216A0029F4
S3150803C7D0F2D0A28A002AEFD02046E38ABDE8704049
S3150803C7E000F09DBA6182F1E76582E561DEE7E6F767
S3150803C7F055BC0A7838B505461046FFF7AAFF60B157
S3150803C8004C782046FFF7A5FF38B12243530704D4D3
S3150803C8102846BDE83840E5F7C9BE212038BDFFF7ED
S3150803C820E8BF10B504460878FFF793FF58B14A786E
S3150803C8301046FFF78EFF30B1042A04D02046BDE820
S3150803C8401040E5F7D1BE212010BDFFF7EABF00F07F
S3150803C850B4B9084600F05EBC7047F8B506460D46FF
S3150803C860E5F7B6F8D8B94FF6FF734FF0240CEF681F
S3150803C870C1B28F4208D81C4621463046E5F75EFA10
S3150803C88000F0A0FC2046F8BDAA680CFB0122D48957
S3150803C8909C4202D2002CEFD023460130E8E74FF63C
S3150803C8A0FF74EFE7008E704700F0C4B970B504460D
S3150803C8B00D46164600F039F858B129462046E5F7DD
S3150803C8C03DFA38B9324629462046BDE87040EDF7A9
S3150803C8D071BD0E2070BD08B5E4F7F0FF18B1BDE8C9
S3150803C8E00840EDF761BA08BD00F0E8BAE5F7B6BE49
S3150803C8F000F0CBB9002070470846EBF797B800F06D
S3150803C900DFBAE6F7C9B8EAF74FBDE5F7D7BFE6F7E3
S3150803C9107BB838B50446154609B100F00EFB15B1C8
S3150803C9202046E6F761FF002038BD0346408A18B162
S3150803C930188A003818BF0120704700F090BA00F033
S3150803C9409EBA0846EBF782B910B5044600F07DF89F
S3150803C95020B92046BDE81040E5F750BB10BD00F0EE
S3150803C96043BC00F041BCEBF7AFBB0846E6F7B2BAE7
S3150803C9702DE9FF41984604460E46174602F01EF96E
S3150803C98005462046FFF7E0FF0A9B3A460293002333
S3150803C990314601932046CDF80080E5F77DFB044632
S3150803C9A0284602F006F9204604B0BDE8F08138B5FA
S3150803C9B0044602F003F905462046FFF7C5FF20465D
S3150803C9C0E5F748FB0446284602F0F3F8204638BD47
S3150803C9D038B5044602F0F2F805462046FFF7B4FFD9
S3150803C9E0204600F041F80446284602F0E2F82046BD
S3150803C9F038BD38B5044602F0E1F805462046FFF788
S3150803CA00A3FF204600F036F80446284602F0D1F87C
S3150803CA10204638BD70B504460E4602F0CFF80546E3
S3150803CA202046FFF791FF31462046E5F781FB04468A
S3150803CA30284602F0BEF8204670BD01207047E7F786
S3150803CA40D5B9E7F7C9B900F093BAE5F711BA10B53E
S3150803CA5002F0B4F8044600F015F8E5F72FFA204675
S3150803CA60BDE8104002F0A5B8024608B5E5F700FA96
S3150803CA70507D08BD024608B5E5F7FAF9507D80F002
S3150803CA80010008BD00F0B0BBE5F7F0BC00F0DEB866
S3150803CA9038B503210546E5F745FC04462846E7F776
S3150803CAA0D1F8204638BD38B590F827400D46FF2CF7
S3150803CAB017D0023C012C8CBF002401244968224666
S3150803CAC0E7F7FCF8286890FAA0F0000AEBF7D4FF1A
S3150803CAD0A97A2889224681F00101E7F71FF9002080
S3150803CAE038BD0220FCE730B585B005460FC96C464C
S3150803CAF084E80F0021462846FFF7D5FF05B030BD69
S3150803CB00E7F73EB9E7F750B9E7F7A2B9E7F756B932
S3150803CB10E7F7A2BAE7F7A2B9E7F706BA90F8273014
S3150803CB20FF2B01D0E8F750BE0220704790F8273054
S3150803CB30FF2B01D0E9F746B80220704790F8273053
S3150803CB40FF2B01D0E9F78AB9022070470846E9F7AF
S3150803CB506DBAE9F793BA08461146E9F727B80130DB
S3150803CB6001D1EBF7BFBC2120704700207047002096
S3150803CB7070477047D0F8A03003F06003402B0DD000
S3150803CB80602B03D0203B58425841704749B10B6884
S3150803CB90012B06D9486940F00100704740F201109D
S3150803CBA0704700207047C30705D410F0020F0CBF67
S3150803CBB001200420704702207047F7B50446104643
S3150803CBC0D4E958C7DDE908268CEA020587EA06018F
S3150803CBD00540194085EA0C057940C4E958510025F2
S3150803CBE023F4004106EA010320F0010043F400732D
S3150803CBF0024043F0020301950095EEF721FB94F8F2
S3150803CC0024309A0713D5D4F864319B050FD54FF40E
S3150803CC108811204600F0ADFB94F82430024665F3EC
S3150803CC20410384F8243020460B46E5F769FB0020C8
S3150803CC3003B0F0BD30B4D0F8A0300A4023EA0103AC
S3150803CC401343C0F8A03030BCE6F7ECBA0520EBF77F
S3150803CC5031BAD0F8F02008B57AB11368022B0CD98B
S3150803CC60536A13F47F4FC3F3072106D0126ADBB264
S3150803CC7053438B42B3FBF1F006D200204FF43562DF
S3150803CC804C21E5F7DFF8002008BD0346B3F83E213B
S3150803CC9008468A4203D0A3F83E11EAF769BC002086
S3150803CCA070474FF48071EEF731BE10B50023E5F7F0
S3150803CCB0F1FC044608B9EDF767FB204610BD38B505
S3150803CCC01D4600230446E5F7E5FC28B92946204610
S3150803CCD0BDE83840EDF744BC38BDD0F8F00040B1A4
S3150803CCE00368122B04D9006D202828BF202070471B
S3150803CCF00020704738B54FF03A430546DC6A808A08
S3150803CD00C4F30C04A04234BF0020012041F265425B
S3150803CD100821E5F797F8A88A001B80B238BD2DE9E4
S3150803CD20F041884618F0030706461546194633D1D7
S3150803CD30B2F5805F30D89A422ED33F2A28D9B2FA61
S3150803CD4082F401220120C4F11F03DBB29A4092B296
S3150803CD50AA422CBFC4F11904C4F11A04E2B2931D02
S3150803CD60DBB2984080B2A84214D096F80131ABB929
S3150803CD70012096F8253060F3000386F825304046EF
S3150803CD80EAF7B2F8C6F82080B5823846BDE8F081DE
S3150803CD903A46EAE70020ECE72127F6E70E27F4E709
S3150803CDA0F8B511F0030607460D46144621D102B31A
S3150803CDB013883F2B1DD9B3FA83F3C3F11901C9B2FB
S3150803CDC0062901D8192B12D0062928BF06210123C3
S3150803CDD08A1DD2B293402846238000F0DAF92388C5
S3150803CDE03846FD617B82EAF799F93046F8BD314644
S3150803CDF0EDE72126F9E738B5148811F003054FEA5C
S3150803CE00C4041ED13F2C1CD9B4FA84F4C4F1190303
S3150803CE10DBB2052B01D8192C11D0052B28BF052306
S3150803CE2001240633DBB204FA03F3C3F3CF041480F5
S3150803CE30816104828387EAF771F9284638BD2B4650
S3150803CE40EEE72125F9E711F5004F08B505D001F3FB
S3150803CE500E00E6F7E7FC002008BD2120FCE770B5C5
S3150803CE600E4610210546EEF751FD044610212846C5
S3150803CE703201EEF737FDEEF753FD204670BD10215C
S3150803CE80EEF744BDF8B504460E46174601F08DFE87
S3150803CE903A46054631462046ECF728FA044628461C
S3150803CEA001F07EFE2046F8BD052070470320704733
S3150803CEB0EBF7F8B808B190F92600704700207047D9
S3150803CEC008B50B46062200F59E711846F4F7DCF8FA
S3150803CED0002008BD0429F8B505460C460AD10026E4
S3150803CEE0F7B23846EAF7AEFB08B13C4602E001362C
S3150803CEF0042EF5D12046EAF7A5FB58B195F83C313F
S3150803CF00A34209D085F83C4105F59E70BDE8F84073
S3150803CF10EAF734BB2120F8BD0020FCE70022E6F738
S3150803CF2099BAA0F84C30BDF90030C0F89410A0F8AF
S3150803CF304A20A0F84E3000207047E6F739BC10B5F2
S3150803CF40144608460121EBF793FC2046BDE810403A
S3150803CF500121EBF78DBC8021EEF7D8BC10B504464A
S3150803CF60E6F78EF801462046BDE81040E6F78EB888
S3150803CF70E6F732BF704758B103684BB143683BB114
S3150803CF8083682BB1037B002B0CBF2120002070473D
S3150803CF9021207047831F012B05D9033801288CBF2D
S3150803CFA00020012070470220704710B50446087810
S3150803CFB0FFF7F0FF0128034606D12046BDE81040D7
S3150803CFC0CA780969E5F768BD10BD10B1022803D10F
S3150803CFD001200870002070472120704708B5CBF759
S3150803CFE051F808BD79B95300DBB2C3EB031101EB62
S3150803CFF0820203EB830392B2C3EBC303028002EB01
S3150803D0004302428070471346EFE73223584370477B
S3150803D01030B54FF4FA65841A6C430244A2EB410215
S3150803D020520094FBF2F494FBF3F030BD70B51E4640
S3150803D0301546E9F72BF8314604462846E9F726F854
S3150803D0404FF47A73001B80B25843C013A0F5E170FE
S3150803D05070BDF0B50525B1FBF5F5EDB205754DB314
S3150803D060B5FA85F4C4F11F04E4B206464475D41D23
S3150803D07004EB510404EB84040A44E4B292B2A4EB2D
S3150803D080C50402EB8207A4B22D01BFB200EB430C21
S3150803D090B44511D113FB02F303EB83039BB203F1EC
S3150803D0A07802282903F19103C28243830DD15D23B4
S3150803D0B00383F0BD2C46D8E726F8024B05EB040E8E
S3150803D0C03C44A6F808E0A4B2E2E7142901D1762382
S3150803D0D0EEE70A29EDD18423EAE70F2390FBF3F061
S3150803D0E0704730B5B1F90050B0F90040B1F90210F4
S3150803D0F004FB05F2B0F9023003FB11226B4304FB70
S3150803D100013302F5005203F5005392139B13028071
S3150803D110438030BD10B5ECF7BFFB04460021E9F7A1
S3150803D12099FEE9F781FE204610BD2DE9F74F012543
S3150803D1301C469DF83030064601930368174603F0EC
S3150803D140070306339D4005F1FF380B46A1B1416835
S3150803D15004EA080BA5EB0B0A41F00059524509EB03
S3150803D1600B0114D952461846F3F78EFF49467A1B24
S3150803D1705A445044F3F788FF019B2BB13C4448EAD1
S3150803D180050804EA0804F46003B0BDE8F08F1846FE
S3150803D190F0E74FF03A4301225A6741F6FF72D96422
S3150803D1A018651A67704737B5002514460095FFF7C3
S3150803D1B0BCFF204603B030BDE6F7F6BB0020704738
S3150803D1C000207047704710F0FD0F14BF4FF0FF3073
S3150803D1D00020C0B270470A4690F89410A52901D8D2
S3150803D1E0E6F7CAB82120704708B5EAF7ADFFBDE8E8
S3150803D1F00840EAF7D1BF38B50446FFF7F5FF0546F9
S3150803D200FFF7F2FF431BA342FAD338BD38B50D46E1
S3150803D2100446EAF799FF35B1844200D90139204615
S3150803D22001F0030138BD844238BF0131F7E708B579
S3150803D230EAF7A2FFBDE80840EAF7AEBF08B5012141
S3150803D240FFF7E4FFBDE80840EAF7A6BF08B521B132
S3150803D2509200F3F719FF002008BD2120FCE700F030
S3150803D2606F43B3F1804F02D0B3F1204F02D120F0C0
S3150803D2707040704700F06043B3F1204F08BF20F0B9
S3150803D280805070470B0C23F48053B3F5284FF7B53A
S3150803D2900D468FB2064699B216D04AF6010399424D
S3150803D2A014D04AF60203994212D0B1F5204F14BF9F
S3150803D2B004240324D6F8EC300BB1196851B9D6F80F
S3150803D2C0E83093B928680EE00024F3E70124F1E770
S3150803D2D00224EFE7234668463A46EBF72FF8DDE9DB
S3150803D2E00003002BEBD103B0F0BD19680029E9D080
S3150803D2F0234668463A46EBF721F8DDE90003002B97
S3150803D300E0D1F0E70204C0F3891307D56FEA835324
S3150803D3106FEA935313F5007F18B206D0A3F1C8003A
S3150803D3206FF4FF739842B8BF18467047072894BF2F
S3150803D3300020012070470221EBF7C4BB0121EBF75C
S3150803D340C1BB0020EBF72EBE0120EBF72BBE0E2048
S3150803D35070477047EDF702BAEDF700BAEDF7FEB975
S3150803D360EDF7FCB908B50846EDF71EFE08BDEDF75F
S3150803D370F5B938B505460C4601F017FCD5F89C30C7
S3150803D3801C40D5F898302343C5F8983001F008FCBB
S3150803D390211E18BF01210020490238BD002070470D
S3150803D3A07047704710B5044600F03800EEF74EFE96
S3150803D3B078B1D0E901324178C4F3074411F0020F7A
S3150803D3C008BF1346043B53F8040F10B10278A24270
S3150803D3D0F9D110BD052B07D920F47F4020F0C700EB
S3150803D3E040F400701060918070470368186800F075
S3150803D3F099B838B50546EEF7F9FD04462846FFF70A
S3150803D400F4FF204638BDEEF74DBD10B500F108040C
S3150803D41054F8083C0BB9184605E054F8040C984729
S3150803D42008340028F4D010BD70B504460C30D0F784
S3150803D430E7F90023666856F8232062B906EB8305E5
S3150803D440B5420AD123697BB900236380637823F045
S3150803D4500E03637070BD0133EDE755F8043DDB68D1
S3150803D460002BEDD09847EBE7DD68002DECD0043DA3
S3150803D47055F8043F002BE7D09847F9E738B5036911
S3150803D48005460BB1186810B90024204638BDFFF7C6
S3150803D490BCFF04460028F7D02846FFF7C5FFF4E784
S3150803D4A070B54378054623F00C0343F00203437033
S3150803D4B0036953B1586840B1FFF7A7FF044620B183
S3150803D4C02846FFF7B1FF204670BD6E68043E56F83E
S3150803D4D0044F2CB9202005F10C01D0F77FF9F2E7A8
S3150803D4E0A368002BF3D0984704460028EFD0E7E754
S3150803D4F04078C0F340007047437813F00E0F0CBF13
S3150803D50001200020704707B501A9FFF77CFF03B088
S3150803D5105DF804FB08B500F079F9002814BF142058
S3150803D520002008BD7047430803F05533C01A00F0BE
S3150803D5303333800800F0333018444FF0013300EBDF
S3150803D540101000F00F305843000E704710B504460C
S3150803D55088B1836A016A7BB180689847002394F887
S3150803D560240023620C28636005D82146D0F7F2FA13
S3150803D5700D2384F8243010BD0029EFD08368002BCF
S3150803D580ECDB0846F4F7CAFCE8E7002307B51A46B6
S3150803D590019101A9EEF706FF03B05DF804FB00232A
S3150803D5A030B587B004939DF83430DDE90A45039313
S3150803D5B00C9BCDE900450293EEF76AFE07B030BD32
S3150803D5C0052330B585B003930A9BDDE90845029325
S3150803D5D0CDE90045FFF7E3FF05B030BD30B50023BD
S3150803D5E00024002585B0CDE900450293FFF7E8FF3F
S3150803D5F005B030BD03680B60016070472DE9F04143
S3150803D6000E46174600240546006808B9BDE8F081AA
S3150803D610D0E90083B3420BD18368BB4208D154B91E
S3150803D620C5F80080C368DB0701D5F4F777FC204605
S3150803D63004464046E9E7C4F80080F3E7002370B5DB
S3150803D6401A46194605460468EEF7ACFE0CB92C6073
S3150803D65070BDE3682668DB0702D52046F4F75EFC4F
S3150803D6603446F3E72DE9F8430E461746054610B93F
S3150803D6700020BDE8F8830468002CF9D0D4E90089B2
S3150803D6803B4632462946A068C8470028F1D1444696
S3150803D690F2E730207047034610B501391A1A91424A
S3150803D6A000D810BD445C1A7803F8014B425401397B
S3150803D6B0F4E700230144884200D1704700F8013B90
S3150803D6C0F9E70000014B1868704700BFA4840020DF
S3150803D6D00A4B1B6F03F00703013B032B03D8DFE851
S3150803D6E003F00A030608FEE7054B18687047054B5F
S3150803D6F0FBE7054870470548704700BF00800050A0
S3150803D700A4840020AC84002080D54302002D310177
S3150803D71008B5FFF7DDFF054B1B6FC3F3033301336F
S3150803D720B0FBF3F0024B186008BD00BF0080005041
S3150803D730A08400200048704700B4C404004870471A
S3150803D740002D3101014B1868704700BFAC840020D7
S3150803D7500048704780D543024FF400221B4B5A6694
S3150803D7604FF0B4439868C0F304400C280AD8DFE89E
S3150803D77000F00B0709092709191B1D1F212325007B
S3150803D78013487047002070479B6803F04073B3F152
S3150803D790807F17D0B3F1007F16D00E4A002B08BF3F
S3150803D7A0104670470C4870470C4870470C4870473A
S3150803D7B00C4870470C4870470C4870470C4870472C
S3150803D7C00C4870470C4870470C4870470090005047
S3150803D7D0404B4C0000093D00405DC6000024F400A0
S3150803D7E0C0EA2101002D310180BA8C010048E80105
S3150803D7F0005A62028096980080841E0040420F00F9
S3150803D800014B1868704700BFA8840020034B58686B
S3150803D810C0F30800003818BF0120704700ED00E088
S3150803D8200A4A08B5127852B107280AD8084A02EBF9
S3150803D83000131B7B3BB1C8F78BFD002008BD0548C9
S3150803D840FCE70548FAE70548F8E700BF6E800020BD
S3150803D850A4350020028000F0018000F0078000F064
S3150803D8600B4A10B512780C4662B107280CD859B181
S3150803D870084A02EB00131B7B43B1C8F77BFD2070F4
S3150803D880002010BD0448FCE70448FAE70448F8E713
S3150803D8906E800020A4350020028000F0018000F08D
S3150803D8A0078000F00B4A10B512780C4662B10728B8
S3150803D8B00CD859B1084A02EB00131B7B43B1C8F7CE
S3150803D8C071FD2060002010BD0448FCE70448FAE710
S3150803D8D00448F8E76E800020A4350020028000F093
S3150803D8E0018000F0078000F00122437801789A400E
S3150803D8F030235943014B5A50704700BF40D0035059
S3150803D900034B5A68D20702D5DA69002AF9D1704758
S3150803D91000800A5030B9044B5A68D20702D59A6D6B
S3150803D920002AF9D1704700BF00800A5008B9014B95
S3150803D9305964704700900A5008B9014B59647047F7
S3150803D94000A00A5008B9014B1964704700A00A5091
S3150803D95010B9024B186C70470020704700800A50B4
S3150803D96010B5FFF7D7FF10B919B1012904D0002064
S3150803D97001E0034BD86C10BD014B186DFBE700BFE4
S3150803D98000800A5038B51446FFF7C4FF10B911B121
S3150803D990012903D038BD034BDC64FBE7014B1C6547
S3150803D9A0F8E700BF00800A5008B5FFF7B3FF10B9C0
S3150803D9B0024B586D08BD0020FCE700BF00800A50E3
S3150803D9C0B8B1036813F4E07F03F03F00C3F3821290
S3150803D9D00AD0012A0DD1084B41B103F58053012220
S3150803D9E082401A6000207047044BF5E703F500539D
S3150803D9F0F5E70E20704700BF68800050648000502A
S3150803DA000146064802688A4205D843681A44914281
S3150803DA1028BF002070470020704700BF683D0020DC
S3150803DA200229F8B596BF104B00245C5C012805460D
S3150803DA300E4608D0022809D008B944F002040B4B55
S3150803DA401F6837B9F8BD44F00804F8E744F0200422
S3150803DA50F5E77B681A68144203D0314628465B68A3
S3150803DA6098473F68EDE700BFA4F80308943D0020F4
S3150803DA7038B5104D2B78ABB10F4C23781BB100F09A
S3150803DA8081FA00232370002000F0A4FA0B4C50B14E
S3150803DA9000F0AAFA0023012120782B70FFF7C0FFB4
S3150803DAA00123237038BD0122054B1A702278054BD2
S3150803DAB01A70F7E7808000207E8000208680002089
S3150803DAC081800020828000200C4A1378FF2B01D125
S3150803DAD058B170470BB908B9704730B101331370A1
S3150803DAE0074B1B78012B03D87047013B137070470C
S3150803DAF0044B1B780BB9FFF7BBBF70478580002023
S3150803DB00868000208180002010B501F04EF8064B70
S3150803DB1004461B781BB1BDE8104001F041B8FFF776
S3150803DB20A7FF2046F7E700BF7D8000200228F8B547
S3150803DB3004D0244A1378FF2B01D1E9B1F8BDD3B930
S3150803DB400029FBD0012313701F4B1B78012BF5D932
S3150803DB5001F02BF81D4E0446337893B920461A4C28
S3150803DB6001F01EF820780128E8D00121FFF758FFB5
S3150803DB7001232370E2E711B9013B1370DEE7013392
S3150803DB80E1E7134F3B781BB901223A70114A137028
S3150803DB90114D2B781BB100F0F5F900232B702046A5
S3150803DBA000F0FEFF012000F015FA00F0FEFF3B78B7
S3150803DBB004461BB100F018FA00233B7000233370A8
S3150803DBC0CCE700BF85800020868000208080002067
S3150803DBD07D800020818000207E8000202DE9FF477C
S3150803DBE0EFF3108572B6AFF3008001F078FA0028D8
S3150803DBF070D0704E704F337823B10020FFF764FF5F
S3150803DC0000233370387870B903A900F0A3FB0446E0
S3150803DC1048B96A4B039A1B689A4263D80120FFF7EF
S3150803DC2053FF012333703B78654CDFF8BC91002B17
S3150803DC3072D02078012840F09480207800F050F9BB
S3150803DC4099F8003013B15F4B1B782370AFF300804C
S3150803DC50284601F026F8EFF3108572B65A4B1A7860
S3150803DC6052B100221A70574B20781B78984203D179
S3150803DC7001212170FFF7D4FE544800F01DFB01F083
S3150803DC8042FA80460028B6D1514B524F18703B785A
S3150803DC909BB189F80000DFF84C9199F800301BB165
S3150803DCA000F070F989F80080002000F093F9002845
S3150803DCB075D000F099F900233B70337823B100201F
S3150803DCC0FFF702FF0023337000212078FFF7A8FE31
S3150803DCD000232370AFF30080284604B0BDE8F0475D
S3150803DCE000F0DFBF3C4BD3F8008000F0E9F8039B54
S3150803DCF08044984592D200F0BBF98200039942F01A
S3150803DD00020292B2CDE900422346344AA1EB080146
S3150803DD102E4800F0CEFF86E72E4BDFF8B4801B783B
S3150803DD200BB900F013F92078022831D198F800309E
S3150803DD3023B10022264B1A7001F01DFADFF89480EE
S3150803DD4098F80030002B7FF478AF254B1B7823B95E
S3150803DD5000F012F90122234B1A70012388F80030C8
S3150803DD606BE74FF001080023DFF864A08AF8003058
S3150803DD7099F8003013B94146FFF752FE9AF8003076
S3150803DD8084F800803BB1B8F1020F7FF456AFD0E7B1
S3150803DD904FF00208E7E7B8F1020FCFD04DE70120AD
S3150803DDA000F09EF8284600F07CFFEFF3108572B664
S3150803DDB07AE700BF7F800020858000209C3D0020F5
S3150803DDC086800020828000207B800020A03D0020E2
S3150803DDD08380002080800020983D002009DB03080B
S3150803DDE0848000207E8000208180002010B500F00A
S3150803DDF0DCFE0022054B1C781A7000F0D1FE00F0F9
S3150803DE004BFBE4B22043C0B210BD00BF7C800020A8
S3150803DE1038B500F0CAFE094B05461B78012B04D812
S3150803DE2000F0BEFE0024204638BD054B1C6800F0F2
S3150803DE3047F80444284600F0B3FEF4E7868000203A
S3150803DE40983D0020184B19491A6F10B502F00702BE
S3150803DE500A60196F164801F4744101601549164C96
S3150803DE608969032A01F00200C1F34001134A2170AC
S3150803DE700FD0D3F8201101F00701022909D0D3F8EE
S3150803DE80281101F00701022903D00021117018B9DE
S3150803DE9010BD01231370FBE7D3F8003103F0030326
S3150803DEA0591E4B424B41F5E700800050CC3D0020FC
S3150803DEB0C83D002000C001508A8000208B800020C6
S3150803DEC008B5054B187818B1C8F748FF00EBD0001A
S3150803DED0024B1B68184408BD8B800020C43D0020F4
S3150803DEE0012808B50BD00238012807D80020C7F740
S3150803DEF04BFD124A136923F00403136108BD104A44
S3150803DF00137823B10F490B6F43F474430B670B491B
S3150803DF100B6923F004030B61BFF34F8FBFF36F8FB6
S3150803DF2030BF1378002BE9D0064A0749136F0968EF
S3150803DF3023F474430B431367E0E700BF00ED00E0E7
S3150803DF407F80002000800050C83D0020074A08490A
S3150803DF50D2F8203103F007030B60D2F82831054ABB
S3150803DF6003F007031360F0F761BA00BF008000509F
S3150803DF70D83D0020D43D00200122014B1A7070477A
S3150803DF80898000200F4B10B51B7883B10E4C23787C
S3150803DF90A3B90E4B9A6DD10302D5DA6D920702D453
S3150803DFA09B6DDB0704D54FF48032094B9A6210BD8B
S3150803DFB0C8F760FE4FF48032054B9A62002323703C
S3150803DFC0F5E700BF8B800020888000200040005AB8
S3150803DFD00050005A034B1B780BB1C8F7EFBE01205C
S3150803DFE0704700BF8B80002008B5F0F720FA174B5F
S3150803DFF01B7833B10122164B5A60164A9369DB071D
S3150803E000FCD5154B15491A6F096822F007020A430E
S3150803E0101A671349D3F82021096822F007020A432D
S3150803E020C3F820210F49D3F82821096822F00702EB
S3150803E0300A43C3F828210C4B1B781BB14FF48032D3
S3150803E0400A4B9A62BDE80840FFF762BB8A80002044
S3150803E05000D0015000C0015000800050CC3D002084
S3150803E060D83D0020D43D00208B8000200060005A54
S3150803E070014B1878704700BF8B80002008B5164BF4
S3150803E0801A7822B300221A70144B1A6F22F0070269
S3150803E09042F001021A67D3F8202122F0070242F060
S3150803E0A00302C3F82021D3F8282122F0070242F0FD
S3150803E0B00302C3F828210A4B1B7833B10122094B03
S3150803E0C05A60094A53689B07FCD4FFF721FB0122D0
S3150803E0D0064B5A6708BD00BF8980002000800050A0
S3150803E0E08A80002000E0015000C001500060005AF9
S3150803E0F00D490B68A0B10022A3B1834203D18368FB
S3150803E10022B90B6003E01A469B68F5E793608368B8
S3150803E1100BB9002070475A6941690A445A61F8E7FE
S3150803E1202220704702207047E43D002038B500F0EE
S3150803E130B1FA0025084B094C1A682368C31A2AB191
S3150803E14023B15169994203D3C91A5161206038BD75
S3150803E15055615B1A9268F2E7E43D0020E03D002032
S3150803E16038B5154D2B682BB35B69A3B1134A022047
S3150803E17014681C4400F047FE204600F0C9FA002341
S3150803E1800F492A680B7022B1D08880070AD5012364
S3150803E1900B70002038BD022000F035FE022000F087
S3150803E1A001FBECE79268002AF3D050690344012B7C
S3150803E1B0EAD9EEE72220EDE7E43D0020E03D002022
S3150803E1C08D800020C38870B504460D463BB9FFF71A
S3150803E1D01FFE8542064602D2F1F739F835460E493F
S3150803E1E065610B688BB90C60A3600DE0AD1A9A687C
S3150803E1F0184665616AB113465A69AA42F6D930B117
S3150803E2008460521BA3605A6170BD0020F4E70C605A
S3150803E210F7E79C60A260F7E7E43D0020F8B51546EA
S3150803E2209DF81C20BDF820700271069A0446026008
S3150803E23000220E46C0E903358260C7809DB900F007
S3150803E24029FA3044A0614EB13546062F1DD108225E
S3150803E250174B28469A6200F025FA02E0E3686661DE
S3150803E2607BB90020F8BD00F015FA2844A061002EFA
S3150803E270EAD1E3686661002BE7D020462168984710
S3150803E280E3E7204621689847EBE700F08EFC06464D
S3150803E290FFF74CFF29462046FFF794FF054B1B68FB
S3150803E2A0A34201D1FFF75CFF304600F079FCD8E7BB
S3150803E2B00050005AE43D002038B5044640B3C388ED
S3150803E2C0062B01D100F076FA00F06FFC0546FFF73E
S3150803E2D02DFF104B20461B68A34208D0FFF708FF03
S3150803E2E0044680B1284600F05BFC204638BDFFF79C
S3150803E2F0FFFE04460028F5D1FFF732FF222802D194
S3150803E300022000F03DFA284600F04AFC0024ECE718
S3150803E3102224EAE7E43D002038B50C460546A8B1B1
S3150803E320A1B100230B7000F049FC0121084B1B68BF
S3150803E33033B900F03EFC002038BD9D4204D121705C
S3150803E3402278002AF9D0F4E79B68F1E72220F3E75D
S3150803E350E43D0020F8B506460F4600F02FFC0025DD
S3150803E3600446124B1B6823B9204600F022FC1B20E7
S3150803E37011E05A691544DA88B2420DD100F08AF9D8
S3150803E3800B4E3368C01AA8420AD3002320463B60C3
S3150803E39000F00FFC0020F8BDFF2EEFD09B68E2E7E4
S3150803E3A000F078F933682B441B1AEFE7E43D0020A5
S3150803E3B0E03D002070B500F001FC064600F06AF95E
S3150803E3C0084B044601201D6800F007FD18B100F04C
S3150803E3D061F904460135304600F0EBFB2046294631
S3150803E3E070BD00BFEC3D0020014B1868704700BFA5
S3150803E3F0E83D002038B50021044640F2E730054BD6
S3150803E4004FF47A721D680023E5FB0401CDF77AF908
S3150803E41038BD00BFE83D0020F8B50C4B05461B6820
S3150803E4200E4683420FD3002440F2E7302146084BB9
S3150803E4304FF47A721F680023E5FB0701CDF762F9EB
S3150803E44030602046F8BD2120FCE700BFDC3D0020F4
S3150803E450E83D00200F4B10B51A689AB14FF47A714C
S3150803E460531E1342A0FB01010ED1B2FA82F2C2F186
S3150803E4701F04531CD243E04001FA03F3184321FA5D
S3150803E48002F20243104610BD0023CDF73BF90246BC
S3150803E490F8E700BFE83D002010B500F08FFB034BFB
S3150803E4A01C7800F086FBE4B2204610BD8C80002061
S3150803E4B02DE9F0419846002386B00D4617460646D1
S3150803E4C08DF8133080B30DF11301FFF725FF9DF87F
S3150803E4D013305BBB284605A9FFF79EFF0446F8B928
S3150803E4E0134B4FF47A7218680023A5FB0001CDF786
S3150803E4F009F9C2F57A7189B2B1F57A7F08BF0021A5
S3150803E500BDF83430B183F483059A02939DF830300D
S3150803E5101146CDE9008330463B46FFF77FFE0446A6
S3150803E520204606B0BDE8F0812224F9E70224F7E77E
S3150803E530E83D002008B5084B1B7803F0FF004BB1F4
S3150803E54000F03BFC054B1B689B69C01A02288CBF6D
S3150803E5500020012008BD00BF8D800020E43D002077
S3150803E560014B1870704700BF8C800020C2072DE945
S3150803E570F843044607D5444A136801331360FFF783
S3150803E580D5FDFFF7EDFDA3077CD500F017FB4FF08C
S3150803E590000805464646FFF7C9FD3C4F3C680CB1E3
S3150803E5A06369A3B100223A4B012E1A7003D118F0FE
S3150803E5B0020F18BF1E70FFF7D3FD222802D10220CF
S3150803E5C000F0DEF82846BDE8F84300F0F2BA234621
S3150803E5D05A693AB91A792179914288BF1C469B68C8
S3150803E5E0002BF5D1284600F0E4FA2569DDB100F0E1
S3150803E5F051F8A269A0EB02084FEAE873A84573F13C
S3150803E600000311DB23691344A361E36813B12046AE
S3150803E61021689847B4F8068000F0D0FA0136054613
S3150803E620FFF784FDBAE7A84600F0C8FA81462046F4
S3150803E630FFF75EFD484600F0BCFA2369002BE4D0D9
S3150803E640A38BB5EB080533B1E28B13449BB2B3F541
S3150803E6507A7F0FD2E38300F0B1FA80462946204633
S3150803E660FFF7B0FDA369226940461344A36100F08E
S3150803E670A0FACAE7A3F57A73E383A369013D013BCD
S3150803E680A361E8E7BDE8F883EC3D0020E43D0020FC
S3150803E6908C80002008B5FFF733F9014B986908BD4C
S3150803E6A000800A5038B5044600F07FFA0546FFF79E
S3150803E6B027F90E4B022C9A694FF001018CBF1219E8
S3150803E6C00332B2F1FF3F38BF013A0020FFF75AF988
S3150803E6D0284600F065FA064B1A7832B10221054A34
S3150803E6E091640421916400221A7038BD00800A508F
S3150803E6F06488002000900A5007B5044B01A91879CD
S3150803E70000F062FA019803B05DF804FB18F80308F1
S3150803E710F8B5044600F049FA0746FFF7F1F8154B32
S3150803E7209D6900F06CFB06460020FFF711F9830785
S3150803E73004D4731B032B01D8AE420FD10021631BEC
S3150803E740022B98BFEC1C0846B4F1FF3F2CBF2246A8
S3150803E750621EFFF717F9022000F055FB384600F052
S3150803E7601FFA054B1A7822B10121044A9164002243
S3150803E7701A70F8BD00800A506588002000900A5078
S3150803E780830700F0010106D50123044A41F002017B
S3150803E7901370034A93640020FFF7CEB865880020F8
S3150803E7A000A00A50830742BF0222014B1A6470472E
S3150803E7B000900A50054B1A7832B90221044A91642B
S3150803E7C00421916401221A70704700BF64880020EF
S3150803E7D000A00A5030B5154B87B00293144B03902B
S3150803E7E0049346F611030D46059300F077F91428AA
S3150803E7F0044616D1684600F0CCFB4FF0A843032223
S3150803E80002A95A6319601D619A63DA6B9207FCD1F0
S3150803E810142C02D1684600F0CAFB00F093F90446AB
S3150803E82001E00028E9D0204607B030BDFC3D0020B2
S3150803E830040000202DE9F04FB1B005468C469E46EC
S3150803E840E8466F4EDDF8EC90409C06F1100A474601
S3150803E85030687168083603C75645B846F7D13E9BF4
S3150803E86003EB0208C8F1000A0AF00F0AB9F1000F10
S3150803E87000F09D80C9F1000707F00F070121DDF8B5
S3150803E880FCB044F00050C4F11006CDF810B0059161
S3150803E8900690300200F4F85040F021000790B9F1D1
S3150803E8A0000F40F08680CDF820D047F00050002DA9
S3150803E8B000F08480099121210A9041EA07210B91EE
S3150803E8C042F00050CDF830C03D9B08A94FEA0A2C08
S3150803E8D00D910E904CF041000F901093002A75D1BC
S3150803E8E03E9B119143F0005312933C9B1390149350
S3150803E8F010AB1593434B444A169340F611031793EB
S3150803E900424B0021002D08BF1346189314AB1993E5
S3150803E9103F4B10221A9311231B931CAB1846F2F78D
S3150803E920A8FB01221D92002246F0804603461E9646
S3150803E930239205B9EB46102CCDF880B024AE4BD103
S3150803E940012322460021304621932294F2F791FBB4
S3150803E95020AB002125938F4218BF334647F08042E8
S3150803E96026923A9A2CA828922993B2FA82F35B093B
S3150803E97049EA837310222B912A93F2F77AFBB9F1AA
S3150803E980000F00D028AED04448F080432CA918A81D
S3150803E9902D962E93FFF71EFF30B92DB90346A342D2
S3150803E9A025D1002818BF2C2031B0BDE8F08F1027D9
S3150803E9B064E7CDF820E049F0005078E7002C3FF4EF
S3150803E9C079AF04A9099101210A9076E73E9B0CAA1F
S3150803E9D011924120129388E7102200213046219391
S3150803E9E02294F2F746FB002CB2D10123B1E703F1D7
S3150803E9F0C0026A4412F8C02C01331043CFE700BFA4
S3150803EA004F1404081000002064140408681404084A
S3150803EA1004000020F0B5C0299FB0DDE9244557D08E
S3150803EA20B1F5807F04D0802948D029201FB0F0BDD6
S3150803EA3001265CB140F234470294102403960494E9
S3150803EA40212401970594069502AC0AE040F214477F
S3150803EA50029410240396049421240594012401970F
S3150803EA600695079401251024089409950A922122EC
S3150803EA700B950C940D92174A0AAD0E92164A0F95EA
S3150803EA80109242F611021192129313951494159249
S3150803EA9001AA1692D3B112AB179304231893112321
S3150803EAA0199316AB1A901B9340F61103C9081C91C8
S3150803EAB01AA806A91D93FFF78DFEB7E7012614B911
S3150803EAC04FF48267C4E74FF48667B5E70EABE3E70F
S3150803EAD00F20ABE7601404081000001038B5164B76
S3150803EAE05A6E42F004025A66D3F8802242F00102B3
S3150803EAF0C3F88022114B5B68C3F3080343B14FF095
S3150803EB00A842D36B13F0430FFBD11424204638BD18
S3150803EB104FF0A843DC6B14F04304FBD1084D2B6874
S3150803EB201BB904212846F1F7C6FB2B68013343F0CA
S3150803EB3000432B60EAE700BF0080005000ED00E0C9
S3150803EB40FC3D0020014B00205B68704700ED00E0A8
S3150803EB5008B5C0B14FF480620C4B9A66BFF34F8F6A
S3150803EB6000F092FA4FF098435A6CD202FCD54FF450
S3150803EB708062586D064B10F470209A6604D0BDE87F
S3150803EB80084000F040BA212008BD00BF009000509D
S3150803EB9000A000504FF4004070474FF47A70704756
S3150803EBA010B962B6BFF36F8F7047EFF3108072B672
S3150803EBB0704780F31188BFF36F8F7047EFF31180A7
S3150803EBC0302383F31188704709B100F008B822206F
S3150803EBD070470121FEF7F4BE0021FEF7F1BE70B5BA
S3150803EBE006460D46FFF7EAFF0446202E56D8DFE809
S3150803EBF006F0111A551F222555282B552E55313443
S3150803EC0055373A3D55405543555255555546554939
S3150803EC10554C4F00FEF75CFD002628602046FFF79B
S3150803EC20C8FF304670BD4FF4C070C6F725F9F3E741
S3150803EC304FF42070F9E74FF44070F6E74FF460702D
S3150803EC40F3E74FF40070F0E74FF48060EDE74FF415
S3150803EC504060EAE74FF4C060E7E74FF4F060E4E7A3
S3150803EC604FF4B060E1E74FF4D060DEE74FF410608D
S3150803EC70DBE74FF4E060D8E74FF4A060D5E74FF43D
S3150803EC802860D2E74FF48070CFE74FF42060CCE7D3
S3150803EC904FF44860C9E74FF40860C6E70020212609
S3150803ECA0BBE710B962B6BFF36F8F704700230B70CB
S3150803ECB070472DE9FF410D4616461F460446A8B17F
S3150803ECC04FF00008C0F81C80FFF7F6FABDF82C30A1
S3150803ECD0424602939DF828302946CDE9007320461B
S3150803ECE03346FFF79BFA04B0BDE8F0812220FAE722
S3150803ECF0F0B50D4616461F46044685B090B1002367
S3150803ED00C361FFF7D9FABDF82C302A4602939DF85A
S3150803ED1028302946CDE9007320463346FFF77EFAA5
S3150803ED2005B0F0BD2220FBE7F0B51F46002387B0E8
S3150803ED300D46164604468DF81730A8B1C3610DF182
S3150803ED401701FFF7E9FA9DF817207AB9BDF83430A9
S3150803ED50294602939DF830302046CDE900733346A1
S3150803ED60FFF75CFA07B0F0BD2220FBE70320F9E7BB
S3150803ED70F0B51F46002387B00D46164604468DF8A0
S3150803ED801730B0B1C3610DF11701FFF7C5FA9DF846
S3150803ED90173083B9BDF834302A4602939DF83030CC
S3150803EDA02946CDE9007320463346FFF737FA07B0FD
S3150803EDB0F0BD2220FBE70220F9E738B5FFF7FEFE90
S3150803EDC00546FFF767FC04462846FFF7F2FE20468A
S3150803EDD038BD00F021B800F030B810B5044600205D
S3150803EDE0FEF7B6FD012C04D0022C05D1C0F3400072
S3150803EDF010BD00F00100FBE70020F9E7704700218A
S3150803EE000846FEF7ADBD00F00101830748BF41F090
S3150803EE1002010020FEF78ABD002008B5FEF798FD1B
S3150803EE2010F0080008D000200821FEF78BFDBDE886
S3150803EE3008400020FEF7B8BD08BD04210020FEF7F0
S3150803EE4081BD38B5FFF7BAFE04460020FEF780FDFC
S3150803EE50830700F0010548BF45F0020500F00301EA
S3150803EE600020FEF76FFD2846FFF780FB2046BDE826
S3150803EE703840FFF79EBEF0B5154649228FB0149C5D
S3150803EE808DF8242004F10C060DF1250254F8047BB1
S3150803EE90B44242F8047BF9D1247814704FF4807491
S3150803EEA0ADF834409DF8544000228DF836400424CA
S3150803EEB00694169CCDE9001505941324049409AC0D
S3150803EEC0CDE902340B4611468DF832208DF83350BE
S3150803EED0FFF7B0FC0FB0F0BD30B5C02A93B02FD002
S3150803EEE0B2F5807F29D0802A2CD14FF4807480F024
S3150803EEF00100204301901698012502901024212031
S3150803EF00039504940590069301AB07950894099015
S3150803EF100A9306AB0B9304230C9311230D930AABA5
S3150803EF200E910F9340F61103D20802A90EA8109268
S3150803EF301193FFF74FFC13B030BD4FF48274D6E735
S3150803EF400F20F8E72920F6E708B5FFF7C7FDBDE860
S3150803EF500840FFF7F7BD1FB5079C02949DF81840B4
S3150803EF60CDE9003413460A4601460020FFF783FF1E
S3150803EF7004B010BD1FB5079C02949DF81840CDE94F
S3150803EF80003413460A4601460120FFF774FF04B00E
S3150803EF9010BD10B50446FFF708FE4FF0A8431A68DC
S3150803EFA022601B696360FFF7FBFD002010BD10B5E7
S3150803EFB00446FFF7FAFD4FF0A84322681A60626811
S3150803EFC01A61FFF7EDFD002010BD10B4044608468C
S3150803EFD011469DF804200192A2685DF8044BFFF7D9
S3150803EFE0BABF10B40446084611469DF80420019298
S3150803EFF0A2685DF8044BFFF7BDBF8068FFF70ABD3B
S3150803F0008968FFF769BFB0F5802F22D010D8B0F50D
S3150803F010003F20D007D818B3B0F5803F08BF482073
S3150803F02018BF01207047B0F5403F08BF2C20F7E70B
S3150803F030B0F5302F11D007D8B0F5E02F0FD0B0F5C3
S3150803F040202F08BF1020EBE7B0F57F0F08BF062077
S3150803F050E6E74B2070472A20704711207047212086
S3150803F060704708B528B128220021F2F702F80020D4
S3150803F07008BD2120FCE7036A042B9FBF00EB83022C
S3150803F0800133D16003627047036A052B14D84FF026
S3150803F0909842116CC902FCD504339B0013650168B9
S3150803F0A0103B11604168116050F8081F11604FF05A
S3150803F0B098420344984200D1704750F8041F1160E0
S3150803F0C0F8E7836813B9816070475B685A68012A51
S3150803F0D0FBD159607047012070470120704738B546
S3150803F0E0C3F7BAFC0446FDF7ACFA051E18BF254656
S3150803F0F0EDF7EFFB041E18BF2C46FFF7ECFF0028BD
S3150803F10018BF204638BD38B5FEF770FE0446C3F768
S3150803F11099FC042825D002284FF0000508BF0124CE
S3150803F120FDF796FA04281ED0022808BF0124EDF736
S3150803F130D2FB042819D0022808BF0124CBF766FF9F
S3150803F140042814D0022808BF0124FFF7C6FF0428A1
S3150803F1500FD0022808BF0124002D18BF002420461B
S3150803F16038BD0125DCE70125E1E70125E6E70125A9
S3150803F170EBE70024F3E702210120ECF78BBC000040
S3150803F180F8B500BFF8BC08BC9E467047F8B500BF83
S3150803F190F8BC08BC9E4670475FF800F0158400204B
S3150803F1A05FF800F07183002020F20308F0F10308EA
S3150803F1B00000000000000000C0F103080000000082
S3150803F1C07C240408282404086C2404083824040826
S3150803F1D04C2404083C250408D0240408982404086D
S3150803F1E03422040850220408C42504080000000039
S3150803F1F01510020868F203082DAE01080000000086
S3150803F2008BC50308000000009BC503080000000027
S3150803F210FD03020896F20308000000000000000040
S3150803F220C90F020868F203081D01020868F20308F9
S3150803F23087C50308000000005DC5030894F20308A8
S3150803F240CD03020896F2030893C5030800000000DD
S3150803F2507182030800000000B18203080000000061
S3150803F2600000000000000000000000004E0C000033
S3150803F2700000000000000000C41504080000000098
S3150803F280000000000400000000000000E2FF500038
S3150803F2900001000003000400FB001300438D03086C
S3150803F2A0838D0308638D0308B98D030805C1010817
S3150803F2B00BB20308A9C00108F78D0308C9BD0108E5
S3150803F2C025FF01083DC10108FDBF0108E908020839
S3150803F2D0090602082906020821070208B9070208CF
S3150803F2E06908020829B2030800000000000500089F
S3150803F2F00030033E043E053E073E0C3E123E133ED7
S3150803F300213E293E2C3E2E3E2F3E303E313E323E96
S3150803F310EDFFFFFF00000000A5050008190019000E
S3150803F320000000003800430000000000142C152CD0
S3150803F330172C182C192C162C0002020202020103A0
S3150803F3405B495D20005B5265666C6563746F725D2D
S3150803F350205B25755D204372656174696E67206E4F
S3150803F3606577207265666C6563746F7220696E7360
S3150803F37074616E63653B20636F6E6E5F68616E646E
S3150803F3806C653D272575270A005B5265666C6563C0
S3150803F390746F725D205B25755D204353202D2052C3
S3150803F3A05454202D205573696E672074686520614F
S3150803F3B06E74656E6E6120494420310A005B52659E
S3150803F3C0666C6563746F725D205B25755D204353B8
S3150803F3D0202D20525454202D20322D616E74656ED3
S3150803F3E06E612064657669636521205573696E6766
S3150803F3F02074686520616E74656E6E6120494420C9
S3150803F400320A005B5265666C6563746F725D205BD6
S3150803F41025755D204353202D20525454202D206FEB
S3150803F4206E6C7920312D616E74656E6E612064652C
S3150803F4307669636521205573696E6720746865204C
S3150803F440616E74656E6E6120494420310A005B5211
S3150803F45065666C6563746F725D205B25755D204315
S3150803F46053202D20525454202D20737769746368D2
S3150803F470696E67206265747765656E2025752061F8
S3150803F4807661696C61626C6520616E74656E6E6126
S3150803F490730A005B5265666C6563746F725D205B05
S3150803F4A025755D204353202D20525454202D207555
S3150803F4B06E6B6E6F776E20616E74656E6E61207506
S3150803F4C07361676521205573696E672074686520C3
S3150803F4D064656661756C742073657474696E673ADE
S3150803F4E020616E74656E6E6120494420310A005BA3
S3150803F4F0575D20005B5265666C6563746F725D20A9
S3150803F5005B25755D2043616E6E6F742061646420AC
S3150803F5106E6577207265666C6563746F7220636FB8
S3150803F5206E6E656374696F6E0A005B5265666C6519
S3150803F53063746F725D20496E7374616E6365733AA3
S3150803F5402025752F25750A005B5265666C656374FD
S3150803F5506F725D205B25755D2044656C6574696E05
S3150803F5606720696E7374616E63650A005B5265662C
S3150803F5706C6563746F725D205B25755D204353204C
S3150803F58070726F636564757265206661696C65641C
S3150803F5902C20737461747573203D203078253034BC
S3150803F5A0782C207374617465203D2025750A005BE9
S3150803F5B05265666C6563746F725D205B25755D20A5
S3150803F5C0435320536563757269747920456E616286
S3150803F5D06C6520636F6D706C657465640A005B52B5
S3150803F5E065666C6563746F725D205B25755D204384
S3150803F5F05320636F6E66696775726174696F6E20EF
S3150803F600636F6D706C657465640A005B435D200007
S3150803F610433A2F55736572732F6D706D656E2F2E72
S3150803F62073696C6162732F736C742F696E7374617B
S3150803F6306C6C732F636F6E616E2F702F73696D70A9
S3150803F6406C333537373461373532383239632F708F
S3150803F6502F626C7565746F6F74685F6C655F6D692F
S3150803F66064646C65776172652F636F6D6D6F6E2F5A
S3150803F670676174745F736572766963655F637465DE
S3150803F6805F6164762F736C5F676174745F73657209
S3150803F690766963655F6374655F73696C6162732E0C
S3150803F6A0630025733A2564203A25733A2000736369
S3150803F6B0005374617475733A202573203D2030789E
S3150803F6C0253034782000417373657274696F6E2030
S3150803F6D06661696C656400020106006164765F63AE
S3150803F6E074655F696E6974002000000005000000F8
S3150803F6F00000000080969800020100000000000048
S3150803F70000000000010000000000000000000000E7
S3150803F71001000000000000000000000001040000D2
S3150803F72001030102010100000100000000000000BE
S3150803F73002000000000000000100000001000000B4
S3150803F740010400000000000000000000020302029A
S3150803F750020102093F0028002920001E00000300B9
S3150803F76003E10208FFE00208DDE00208ABE0020855
S3150803F7703BE102080DE10208ADE002082C00000097
S3150803F780020202030000000300000000000000005C
S3150803F7900000000000000000070008000000000049
S3150803F7A0000000000000000102040500000000003C
S3150803F7B0000000000000000006000000012600000B
S3150803F7C00400000000000000000100000000000023
S3150803F7D00B0000000C0000000300000000002020BE
S3150803F7E000000000030000003C3C3C000000000051
S3150803F7F000000000000000000103100101090300D6
S3150803F8001E0000001B000000160000001A0000007E
S3150803F810570000005600000000800A50130000003D
S3150803F82000F8030800000A500A00000010F803084D
S3150803F83050F803084CF803080000015B15000000A4
S3150803F84014F8030858F8030854F8030801001000CD
S3150803F8500000100001000F0000000F000000002048
S3150803F86000100030050000000000000000C201007F
S3150803F8700002000000100000000000000000000065
S3150803F88000000000050000000000000080250000BD
S3150803F8908002000000100000000000400000000085
S3150803F8A000000000010410003800430000000000B7
S3150803F8B024F90308F2F80308C0F80308190000003E
S3150803F8C07DF632F57AF46CF5FFF278F10CFBACF9B8
S3150803F8D0FCF70BF6B0F528F560F6E2F52CF652F6CA
S3150803F8E0BCF43FF659F45AF5BDF4EDF3EDF3EDF335
S3150803F8F0EDF3610062005F006200610062005F0071
S3150803F9005E0060006300620066005F0066006100D7
S3150803F9106000610063005F005B0058005D005D00E6
S3150803F9205D005D00110011001100120012001300A2
S3150803F9301200130012001200130012001100120025
S3150803F9401200110010001100110013001400130017
S3150803F9501300130013000000CCF903089AF90308EF
S3150803F96068F90308190000007DF632F57AF46CF598
S3150803F970FFF278F10CFBACF9FCF70BF6B0F528F5BA
S3150803F98060F6E2F52CF652F6BCF43FF659F45AF54E
S3150803F990BDF4EDF3EDF3EDF3EDF3610062005F0003
S3150803F9A06200610062005F005E006000630062003F
S3150803F9B066005F00660061006000610063005F0027
S3150803F9C05B0058005D005D005D005D0004000400F7
S3150803F9D005000400040004000400050004000400F4
S3150803F9E004000400040003000400050004000500E5
S3150803F9F004000400020003000300010001000000E4
S3150803FA0008FA030801000000000000009C0D040822
S3150803FA1000000000B4FA0308030000000000000019
S3150803FA20005A6202140A04080000000020FB0308B7
S3150803FA300100000000000000005A62029C0D040841
S3150803FA400000000044FB0308030000000000000058
S3150803FA50005A62029C0D040800000000B0FB03086C
S3150803FA600300000000000000005A62029C0D04080F
S3150803FA70000000001CFC030806000000000000004C
S3150803FA80005A62029C0D040800000000F4FC0308F7
S3150803FA900300000000000000005A62029C0D0408DF
S3150803FAA00000000060FD03080300000000000000DA
S3150803FAB0005A6202D4FE0308809C2B8F80841E00A2
S3150803FAC0000000002500FF7FDC8400200000000002
S3150803FAD06412040800000000D4FE0308809C2B8FE0
S3150803FAE080841E00000026002600B700DC84002060
S3150803FAF0000000006412040800000000D4FE030896
S3150803FB00809C2B8F80841E000000270027008C0012
S3150803FB10DC840020000000006412040800000000D2
S3150803FB20CCFD0308809C2B8F40420F000000000089
S3150803FB304E00FF7FE48400200000000068120408DA
S3150803FB4000000000B4000408809C2B8F80841E00EC
S3150803FB50000000002500FF7FDC8400200000000071
S3150803FB606C12040800000000B4000408809C2B8F64
S3150803FB7080841E00000026002600B700DC840020CF
S3150803FB80000000006C12040800000000B40004081A
S3150803FB90809C2B8F80841E000000270027008C0082
S3150803FBA0DC840020000000006C120408000000003A
S3150803FBB094020408809C2B8F80841E00000000009A
S3150803FBC02500FF7FDC840020000000007012040873
S3150803FBD00000000094020408809C2B8F80841E007A
S3150803FBE0000026002600B700DC8400200000000081
S3150803FBF0701204080000000094020408809C2B8FEE
S3150803FC0080841E000000270027008C00DC84002067
S3150803FC1000000000701204080000000074040408C1
S3150803FC20809C2B8F80841E00000000002200FF7F2B
S3150803FC30E484002000000000741204080000000099
S3150803FC4074040408809C2B8F80841E000000230004
S3150803FC502300B600E48400200000000074120408A0
S3150803FC600000000074040408809C2B8F80841E0007
S3150803FC700000240024009D00E48400200000000006
S3150803FC80741204080000000074040408809C2B8F77
S3150803FC9080841E000000250025007D00E4840020E2
S3150803FCA0000000007412040800000000740404082D
S3150803FCB0809C2B8F80841E0000002600260053009C
S3150803FCC0E484002000000000741204080000000009
S3150803FCD074040408809C2B8F80841E000000270070
S3150803FCE02700FF7FE4840020000000007412040844
S3150803FCF00000000054060408809C2B8F80841E0095
S3150803FD00000000002500FF7FE484002000000000B7
S3150803FD10781204080000000054060408809C2B8F00
S3150803FD2080841E00000026002600A000E48400202C
S3150803FD3000000000781204080000000054060408B6
S3150803FD40809C2B8F80841E00000027002700FF7FDE
S3150803FD50E484002000000000781204080000000074
S3150803FD6034080408809C2B8F80841E000000000042
S3150803FD702500FF7FE4840020000000007C120408AD
S3150803FD800000000034080408809C2B8F80841E0022
S3150803FD90000026002600B700E484002000000000C7
S3150803FDA07C1204080000000034080408809C2B8F8A
S3150803FDB080841E000000270027008C00E4840020AE
S3150803FDC0000000007C12040800000000FC4F010339
S3150803FDD0C010040820C0011000F8070020C0013035
S3150803FDE0FE02280160C00400080B0D0E0E00000079
S3150803FDF088C6020000050000404006010000000016
S3150803FE000000901110000000000000861FC081004A
S3150803FE100000000068400401FB04FF0041080000DD
S3150803FE200A0000009200040088400D01B6032A0068
S3150803FE3000000060000000000002050D1C2F42535D
S3150803FE406269686053402E1F110A080808080706E6
S3150803FE500504030302020201010101010000000077
S3150803FE60484101011D78D852D0410101000000AA7A
S3150803FE7000420A010C34E10C75810E0045117C0021
S3150803FE80F98CB100CDFB1F00F988C2043B1B621E27
S3150803FE90000000000000000038000000684201016D
S3150803FEA000000000A080020170780300D000000063
S3150803FEB0A8800111F0010000A88001310542CB0199
S3150803FEC0AC800111F0010000AC800131053EFD0054
S3150803FED0FFFFFFFFFC4F01036C10040810400100ED
S3150803FEE0004100003C4001000000000048400100BA
S3150803FEF02007000350400100000000005C40010099
S3150803FF000D0F000008410100FF4C000054C0070014
S3150803FF10511130000F000EE62D000000080B0D0EE0
S3150803FF200E000000D1B60200E004000040400701BD
S3150803FF300000207000009011100000000000004629
S3150803FF401FC08100000000200080000064400501F6
S3150803FF5000000000FB04FF0040080000100000003A
S3150803FF609100040088400F01B603120000000060E8
S3150803FF70000000000002050D1C2F425362696860E9
S3150803FF8053402E1F110A0808080807060504030329
S3150803FF900202020101010101000000000000000045
S3150803FFA0000000001C41010100302C8C3841070178
S3150803FFB0BC200BF045C05100055BA0408E6E8294B1
S3150803FFC02182485209084000C00D00805C410101A6
S3150803FFD0FFDD0000684107014CD4E83B04190D50C6
S3150803FFE0080E141A20262C32383E10325476980AF4
S3150803FFF01D0040B4D041030100000000D0000000FA
S3150804000004001200E041130100000080E2CFDD2C59
S315080400107EB63A00600919005122E2004CB9510E25
S315080400203982A904D8229B29E2CFDD2C7EB63A0070
S31508040030600919005122E2004CB9510E3982A9040B
S31508040040D8229B290000000000000000440000009C
S315080400503C3C3C3C4C420101080003046842010153
S31508040060000000003880010124461000A080020127
S3150804007070380300D0000000A8800111F0010000C8
S31508040080A8800131055AFD01AC800111F001000078
S31508040090AC800131053EFD00EC000112E00F0000C2
S315080400A0EC0001320C205111840101020000000009
S315080400B0FFFFFFFFFC4F0103141104081040010061
S315080400C0004100003C4001001000000048400100C7
S315080400D02017000350400100010400005C400100A1
S315080400E00D0F00000841010003C0010054C00700B9
S315080400F0511130000F000EE62D000000080B0D0EFE
S315080401000E000000D1B60200800500004040070139
S315080401100000207000009011100000003000004616
S315080401201FC88100002000300080000064400501DB
S3150804013000000000FB04FF00400800001000000057
S3150804014092000A0088400F01B603120000000060FE
S31508040150000000000002050D1C2F42536269686006
S3150804016053402E1F110A0808080807060504030346
S315080401700202020101010101000000000000000062
S31508040180000000001C41010100302C8C3841070195
S31508040190BC200AF045C0510001000040B75635128C
S315080401A00078085009084000C00300805C4101013A
S315080401B000000000684107014CD4E83B04190D709F
S315080401C00A10161C22282E343A4010325476980AFD
S315080401D01D6980A4D041030100000000D00000007E
S315080401E000000200E041130100000000E2CFDD2C0C
S315080401F07EB63A00600919005122E2004CB9510E44
S315080402003982A904D8229B29E2CFDD2C7EB63A008E
S31508040210600919005122E2004CB9510E3982A90429
S31508040220D8229B29000000000000000044000000BA
S315080402303C3C3C3C4C420101080000046842010174
S31508040240000000003880010124461000A080020145
S3150804025070380300D0000000A8800111F0010000E6
S31508040260A8800131055AFD01AC800111F001000096
S31508040270AC800131053EFD00EC000112E00F0000E0
S31508040280EC0001320C205111840101020000000027
S31508040290FFFFFFFFFC4F010368110408104001002B
S315080402A0004100003C4001001000000048400100E5
S315080402B02007000350400100000400005C400100D0
S315080402C00D0F00000841010003C0010054C00700D7
S315080402D0511130000F000EE62D000000080B0D0E1C
S315080402E00E000000D1B60200800500004040070158
S315080402F00000207000009011100000003000004635
S315080403001FC88100002000300080000064400501F9
S3150804031000000000FB04FF00400800001000000075
S3150804032092000A0088400F01B6031200000000601C
S31508040330000000000002050D1C2F42536269686024
S3150804034053402E1F110A0808080807060504030364
S315080403500202020101010101000000000000000080
S31508040360000000001C41010100302C8C38410701B3
S31508040370BC200AF045C0510001000040B7563512AA
S315080403800078085009084000C00300805C41010158
S3150804039000000000684107014CD4E83B04190D70BD
S315080403A0080E141A20262C32383E10325476980A2F
S315080403B01D6940B4D041030100000000D0000000CC
S315080403C000000200E041130100000000E2CFDD2C2A
S315080403D07EB63A00600919005122E2004CB9510E62
S315080403E03982A904D8229B29E2CFDD2C7EB63A00AD
S315080403F0600919005122E2004CB9510E3982A90448
S31508040400D8229B29000000000000000044000000D8
S315080404103C3C3C3C4C420101080000046842010192
S31508040420000000003880010124461000A080020163
S3150804043070380300D0000000A8800111F001000004
S31508040440A8800131055AFD01AC800111F0010000B4
S31508040450AC800131053EFD00EC000112E00F0000FE
S31508040460EC0001320C205111840101020000000045
S31508040470FFFFFFFFFC4F0103BC11040810400100F5
S31508040480014100003C400100000000004840010012
S31508040490A007000350400100000000005C40010072
S315080404A00000000008410100FF4C000054C007008A
S315080404B0512130000F000EE62D0000000405060742
S315080404C008000000D1B6020060050000404007019C
S315080404D00000505100009021100000000000008622
S315080404E01FC08100000000200000000064400501D0
S315080404F0000000407B02FE004008000002000000E5
S315080405009200080088400F01D5032A00000000E085
S31508040510000000000002050D1A2D3F50606869634B
S3150804052057463525150D0908070605050404040369
S31508040530030303020202020201010101010101018E
S31508040540010101011C41010100B0B18C38410701C8
S31508040550BC200AF0B2555200055B98408E6E829410
S31508040560233C4852893B4000C00300805C4101019A
S31508040570FFDD000068410701E853FA000000004067
S315080405800000000000000000000000000000000059
S3150804059000000000D04103010000AAAAD000000010
S315080405A004001200E041130100000000FFAB000A3A
S315080405B05CF10F00D341020095EDB100197BD80F09
S315080405C01208B904EA1B6D1FC9B7C20A0B203B00FF
S315080405D0430600005962F300727E9600A73D19008F
S315080405E0D022F13B000000A00000000040000000FB
S315080405F0000000004C42010108000304684201019E
S31508040600010000003880010124461000A080020180
S3150804061070780300FFC00200A8800111F0010000F1
S31508040620A88001310542CB01AC800111F00100001C
S31508040630AC800131050A0D00EC000112E00F000040
S31508040640EC0001320C205111840101020000000063
S31508040650FFFFFFFFFC4F0103BC1104081040010013
S31508040660014100003C400100000000004840010030
S31508040670A007000350400100000000005C40010090
S315080406800000000008410100FF4C000054C00700A8
S31508040690512130000F000EE62D0000000405060760
S315080406A008000000D1B602006005000040400701BA
S315080406B00000505100009021100000000000008640
S315080406C01FC08100000000200000000064400501EE
S315080406D0000000407B02FE00400800000200000003
S315080406E09200080088400F01D7032A00000000E0A2
S315080406F0000000000102071121374B5A676962544A
S31508040700402915050000000001020304040403033C
S3150804071003030302020202020201010100000000AF
S31508040720000000001C41010100B0B18C38410701EA
S31508040730BC200AF0B2555200055B98408E6E82942E
S31508040740233C4852893B4000C00300805C410101B8
S31508040750FFDD000068410701E853FA000000004085
S315080407600000000000000000000000000000000077
S3150804077000000000D04103010000AAAAD00000002E
S3150804078004001200E041130100000000FFAB000A58
S315080407905CF10F00D341020095EDB100197BD80F27
S315080407A01208B904EA1B6D1FC9B7C20A0B203B001D
S315080407B0430600005962F300727E9600A73D1900AD
S315080407C0D022F13B000000A0000000004000000019
S315080407D0000000004C4201010800030468420101BC
S315080407E0010000003880010124461000A08002019F
S315080407F070780300D5C00000A8800111F00100003C
S31508040800A88001310542CB01AC800111F00100003A
S31508040810AC80013105228D00EC000112E00F0000C6
S31508040820EC0001320C205111840101020000000081
S31508040830FFFFFFFFFC4F01031012040810400100DC
S31508040840014100003C40010000000000484001004E
S31508040850A007000350400100000000005C400100AE
S315080408600000000008410100FF4C000054C00700C6
S31508040870511130000E0009E62D0000000405060794
S3150804088008000000D1B602006435000040400701A4
S31508040890000050510000901110000000000000866E
S315080408A01FC081000000002000000000644005010C
S315080408B000000040FB04FF0040080000020000009E
S315080408C09200040088400F01B6033B00000000E0D4
S315080408D0000000000002050D1C2F4253626968607F
S315080408E053402E1F110A08080808070605040303BF
S315080408F002020201010101010000000000000000DB
S31508040900000000001C4101010060B18C3841070158
S31508040910BC200AF0FA625200055B98408E6E8294F7
S315080409201C784852893B4000C00300805C410101A1
S31508040930FFDD000068410701E853FA0000000040A3
S315080409400000000000000000000000000000000095
S3150804095000000000D0410301000000AAD0000000F6
S3150804096004001200E041130100000000FFAB000A76
S315080409705CF10F00D341020095EDB100197BD80F45
S315080409801208B904EA1B6D1FC9B7C20A0B203B003B
S31508040990430600005962F300727E9600A73D1900CB
S315080409A0D022F13B000000A000000000380000003F
S315080409B0000000004C4201010800030468420101DA
S315080409C00100000038800101D7231000A08002012D
S315080409D070780300D0000000A8800111F00100001F
S315080409E0A88001310542CB01AC800111F001000059
S315080409F0AC800131053EFD00EC000112E00F000059
S31508040A00EC0001320C20515184010102001000004F
S31508040A10FFFFFFFF0C40020000000000004000003A
S31508040A2020400200000000000000000030400700DB
S31508040A3000000000000000000000000000000000A4
S31508040A400000000000400000200700035040010099
S31508040A50000000005C4002000000000001010000E4
S31508040A60A840010007000000BC4004000000000084
S31508040A700000000000000000000000000841040017
S31508040A8000400000FF400000FF4100000000000095
S31508040A9024C00110FF00000024C00130001100002A
S31508040AA028C00800EC80B30343754051A00F00F832
S31508040AB000400000A8AA070000000000000000008B
S31508040AC00000000054C00300512130000F000EE658
S31508040AD02D00000070C00900BA10000000042000B0
S31508040AE0041880000B3C2001187C10022FFCE00639
S31508040AF07F0000000000000000000000A8C00500F8
S31508040B00BD4B721511A3180510325476980A0000C5
S31508040B1000000000CCC00400010000000000000032
S31508040B2001000A0001002800080001010807000066
S31508040B3018000101AAAAAA00200001010060DA002F
S31508040B4058400401000000000000000300000020D3
S31508040B500000004078400401294176710000000035
S31508040B608C000C0000000000BC40060100000000D8
S31508040B700000000000000000000000000000000063
S31508040B8000000000E04001010002000010410201DB
S31508040B90331E0500000000001C4103010000008408
S31508040BA000000000FF0483072C410701FF06660CBA
S31508040BB0FF0483078813FF03BC200AF02031520080
S31508040BC0055B98408E6E82944C410201893B400035
S31508040BD0C00300805841020100000000FFDD000048
S31508040BE064410D010C010000E853FA0000000040BE
S31508040BF000000000000000000000000000000000E3
S31508040C0000000000010100000000000000000000D0
S31508040C100000000000000000A441020100000000DA
S31508040C2000000000B04102010000000058923EC0D6
S31508040C30BC4103010000000000003C006666060093
S31508040C40D4410201D000000005001600E041080165
S31508040C50000000000C34E10C75810E0045117C007F
S31508040C60F98CB100CDFB1F00F988C2043B1B621E38
S31508040C70284204010000000060180040000000003B
S31508040C80000000003C42010100000000444201014A
S31508040C90140000004C4201010800040480420201C9
S31508040CA00000000081000000984205013F00000290
S31508040CB0FFFF0000FFFF0000FF030000FFFF000026
S31508040CC0B44201010000000030430A01400020013B
S31508040CD0A0000000085000011F1F1F1F1F1F1F1B15
S31508040CE018151311100E0D0C45C1872F00000000AE
S31508040CF00000000010800101030000003880020192
S31508040D002446100001000000B0800201000300021E
S31508040D10370000019C000102000C0004D8000302FD
S31508040D2079C54FFF88390000B00C0000EC000112A9
S31508040D30E00F0000EC0001320D205111F000010211
S31508040D402B0100001001011200FF0F0010010132EF
S31508040D50020000315001011200C0010050010132A5
S31508040D60C100A2007401010269811B0C78010112F9
S31508040D7000001C00780101321004E0CF8001011242
S31508040D807907000080010132020000008401020292
S31508040D900000000050000000FFFFFFFF0C400100A8
S31508040DA0018101002040020000000000010000004B
S31508040DB030400300000000000000000000000000AE
S31508040DC040400200000000000040000060400100AE
S31508040DD001010000A840010007000000BC4004000F
S31508040DE000000000000000000000000000000000F1
S31508040DF00C410300FF4C0000FF4D0000FF4D0000AE
S31508040E0020C0011000F8070020C00130F5022801AF
S31508040E1024C00110FF00000024C0013000130000A4
S31508040E2028C00800EC80B30343754051A00F00F8AE
S31508040E3000400000A8AA0700000000000000000007
S31508040E400000000070C00900BA1000000004200069
S31508040E50041880000B3C2001187C10022FFCE006C5
S31508040E607F0000000000000000000000A8C0050084
S31508040E70BD4B721511A3180510325476980A000052
S31508040E8000000000CCC004000100000000000000BF
S31508040E9001000A00010028000800010108070000F3
S31508040EA018000101AAAAAA00200001010060DA00BC
S31508040EB05C400201000000030000002078400401A1
S31508040EC029417671000000008C000C000000000027
S31508040ED0C4400401000000000000000000000000F7
S31508040EE000000000E0400101000200001041020178
S31508040EF0331E050000000000204102010000000026
S31508040F00FF0483072C410301FF06660CFF048307CD
S31508040F108813FF03584101010000000064410101E0
S31508040F200C010000844105010101000000000000D5
S31508040F30000000000000000000000000A4410201B7
S31508040F400000000000000000B0410201000000009B
S31508040F5058923EC0BC4103010000000000003C005A
S31508040F60666606002C420301601800400000000073
S31508040F70000000003C420101000000004442010157
S31508040F8014000000804202010000000081000000F5
S31508040F90984205013F000002FFFF0000FFFF000022
S31508040FA0FF030000FFFF0000B44201010000000037
S31508040FB030430A0140002001A00000000850000147
S31508040FC01F1F1F1F1F1F1F1B18151311100E0D0C93
S31508040FD045C1872F000000000000000010800101B1
S31508040FE0030000003C80010101000000B0800201FA
S31508040FF000030002370000019C000102000C0004F3
S31508041000D8000302050040AA88010000C0000000B9
S31508041010F00001022B0100001001011200FF0F006D
S3150804102010010132020000315001011200C0010012
S3150804103050010132C100A2007401010269811B0C2E
S315080410407801011200001C00780101321004E0CF77
S3150804105080010112790700008001013202000000B4
S315080410608801010250000000FFFFFFFF1400000082
S315080410701CC771000000000044130408E4120408A5
S3150804108000000000000000000051250240420F0045
S315080410900108F60024461002000000008012040825
S315080410A00000000000000000000000002A420F00B3
S315080410B0000000000000000000000000000000001E
S315080410C01400000033333300000000005E130408E4
S315080410D0F4120408000000000000000000000000EC
S315080410E040420F000101F8002446500200000000A7
S315080410F08012040800000000000000000000000040
S3150804110040420F000000000000000000000000003C
S3150804111000000000140000001CC771000000000055
S315080411204413040804130408000000000000000027
S315080411300051250240420F000102F600244610021F
S3150804114000000000801204080000000000000000EF
S31508041150000000002A420F00000000000000000002
S315080411600000000000000000140000001CC7710005
S3150804117000000000441304081413040800000000C7
S31508041180000000000051250240420F000108F60045
S315080411902446100200000000801204080000000023
S315080411A000000000000000002A420F0000000000B2
S315080411B00000000000000000000000001400000009
S315080411C066666600000000005E130408241304081B
S315080411D000000000000000000048E80180841E00AA
S315080411E00101F80024465002000000008012040899
S315080411F00000000000000000000000007C841E00BF
S3150804120000000000000000000000000000000000CC
S315080412101400000024499200000000005E1304082C
S315080412203413040800000000000000000024F40041
S3150804123040420F000101F800D723500300000000C4
S3150804124080120408000000000000000000000000EE
S315080412502B420F0000000000000000000000000000
S315080412600000000003050000030600000304000054
S31508041270030300000308000003020000030A000039
S3150804128002000000005A62020614000000B4C404F6
S3150804129007380000A00800000000580901040706E2
S315080412A0100A01040707C80A00040807800B00048B
S315080412B00808380C00040908610800000000C20880
S315080412C000000000C70901040403C4090000000063
S315080412D02C0B01040404C40900000000920C010448
S315080412E00504000050C30000E62D0000D0070000E6
S315080412F0D0070000C05D0000401F00000000000089
S3150804130000000000E5BF0000282300006B0300006E
S315080413106B030000F5DA0200A41F00009001000028
S315080413209001000050C30000761600007701000003
S315080413307701000050C30000F22B0000EE02000003
S31508041340EE020000193F010604100100000101061F
S3150804135000102700000A0000000000000000193FE2
S315080413600106041001000001010600102700000C04
S3150804137000000000000000000CFA03083CFA030809
S3150804138054FA030824FA03086CFA030884FA0308CF
S315080413909CFA030801000000EC8400200000000009
S315080413A0000001000000000000000000000000002A
S315080413B0000000000080000000800000008000009B
S315080413C0008000000080000000800000018000000A
S315080413D001800000018000000180000001800000F7
S315080413E001800000018000000180000002800000E6
S315080413F002800000028000000280000003800000D2
S3150804140003800000048000000480000005800000BA
S3150804141006800000088000000C8000000F80000091
S315080414200A0000000C0000000D0000001000000077
S315080414301200000015000000190000001F0000003B
S315080414402700000034000000DC984CA0D81018FFD0
S31508041450FFFFFFFFFFFFFFFFFFFFFFFFFFFFFF0089
S31508041460000000000120000000200000FFFFFFFF2D
S3150804147000000000FFFFFFFFFFFFFFFFBCE6FAAD19
S31508041480A7179E84F3B9CAC2FC632551000000005D
S31508041490505341004B45590000000000000000006D
S315080414A05B4150505D20736C5F696D755F696E6949
S315080414B074206661696C65643A2030782530346C2A
S315080414C0780A005B4150505D206F6E626F617264EA
S315080414D02049434D2D343036323720494D55207234
S315080414E0656164790A00433A2F55736572732F6DE3
S315080414F0706D656E2F53696D706C69636974795381
S31508041500747564696F2F424C452D746865736973E5
S315080415102F62745F616F615F736F635F6173736575
S31508041520745F7461675F627264323630362F617035
S31508041530702E63005B4150505D20494D552061640F
S31508041540762073657420616C6C6F63206661696CC0
S3150804155065643A2030782530346C780A005B41504B
S31508041560505D20416F4120746167202B204353202E
S315080415707265666C6563746F72202B20494D55201D
S31508041580504F432072656164790A005B4150505D8F
S315080415902063735F7265666C6563746F725F6372EA
S315080415A06561746528257529202D3E2030782530F7
S315080415B0346C780A00736C5F62745F6F6E5F65766D
S315080415C0656E7400E4150408370037007C190408AE
S315080415D01A001A007A190408000000000100FFFF27
S315080415E0FFFF0000010000000108FFFF00000000E3
S315080415F054190408020002000108FFFF0500000050
S3150804160020001700030017000008FFFF0100000070
S31508041610D8870020040012000308FFFF0300000017
S3150804162002000000050002000108FFFF0500000093
S3150804163002001800060018000108FFFF0100000058
S31508041640E2870020070002000108FFFF05000000EA
S315080416500A001900080019000308FFFF010000002A
S31508041660F8870020090000000108FFFF00000000B9
S31508041670581904080A0002000108FFFF05000000C3
S315080416800A0003000B0003000308FFFF0100000023
S31508041690008800200C0002000108FFFF0500000076
S315080416A0020004000D0004000108FFFF000000000A
S315080416B05C1904080E0000000108FFFF0000000082
S315080416C0601904080F0002000108FFFF0500000066
S315080416D002000500100005000108FFFF00000000D5
S315080416E064190408110002000108FFFF0500000040
S315080416F002000600120006000108FFFF02000000AF
S315080417000E880020130002000108FFFF05000000F0
S3150804171002000700140007000108FFFF020000008A
S315080417201E880020150002000108FFFF05000000BE
S3150804173002000800160008000108FFFF0200000066
S315080417402A880020170002000108FFFF0500000090
S3150804175002000900180009000108FFFF0100000043
S3150804176038880020190000000188FFFF00000000E7
S31508041770721904081A0002000108FFFF0500000098
S3150804178008000A001B000A000208FFFF0700000001
S31508041790000000001C0002000108FFFF050000000D
S315080417A008000B001D000B000208FFFF07000000DD
S315080417B0000000001E0002000108FFFF05000000EB
S315080417C008000C001F000C000208FFFF07000000B9
S315080417D000000000200002000108FFFF05000000C9
S315080417E008000D0021000D000208FFFF0700000095
S315080417F000000000220002000108FFFF05000000A7
S3150804180008000E0023000E000208FFFF0700000070
S3150804181000000000240002000108FFFF0500000084
S3150804182008000F0025000F000208FFFF070000004C
S3150804183000000000260000000188FFFF00000000E9
S3150804184076190408270002000108FFFF05000000B6
S3150804185002001000280010001108FFFF070000000E
S3150804186000000000290002000108FFFF050000002F
S31508041870300011002A0011000018FFFF07000000BD
S31508041880000000002B0012001309FFFF07000000E8
S31508041890000000002C0002000108FFFF05000000FC
S315080418A0300013002D0013000018FFFF0700000086
S315080418B0000000002E0012001309FFFF07000000B5
S315080418C0000000002F0002000108FFFF05000000C9
S315080418D024001400300014000419FFFF0700000058
S315080418E000000000310012001309FFFF0700000082
S315080418F000000000320002000108FFFF0500000096
S3150804190032001500330015001118FFFF0700000008
S3150804191000000000340012001309FFFF070000004E
S3150804192000000000350002000108FFFF0500000062
S3150804193032001600360016001118FFFF07000000D3
S3150804194000000000370012001309FFFF070000001B
S31508041950000000000200011802000018020000003E
S3150804196002000A180C0053696C69636F6E204C6197
S31508041970627302004A1802005B1800000028012856
S315080419800328002A012A292A242A272A262A232A36
S31508041990AD2BAE2BAF2BB02BB12BB22B142C152C95
S315080419A00229162C172C182C192C052A2A2B292B14
S315080419B076636F6D0000000038F803080000000025
S315080419C000C201000002030014F803080000050021
S315080419D00600080007000000433A2F557365727322
S315080419E02F6D706D656E2F53696D706C69636974BC
S315080419F07953747564696F2F424C452D7468657301
S31508041A0069732F62745F616F615F736F635F61737C
S31508041A107365745F7461675F627264323630362F39
S31508041A20736C5F676174745F736572766963655F07
S31508041A306465766963655F696E666F726D617469FC
S31508041A406F6E5F6F766572726964652E6300736C78
S31508041A505F676174745F736572766963655F6465ED
S31508041A60766963655F696E666F726D6174696F6EB8
S31508041A705F6F766572726964655F6F6E5F657665BA
S31508041A806E74004130344252443236303641313174
S31508041A902E302E32232D302B2000686C4C006566C0
S31508041AA0674546470030313233343536373839419D
S31508041AB042434445460030313233343536373839B3
S31508041AC06162636465660000000000000000004B64
S31508041AD0000000CB00000080DB0F4940DB0F49C043
S31508041AE0DB0F49BFE4CB1640E4CB16C0000FC93F51
S31508041AF0000F494000CB9640000FC9400053FB40F5
S31508041B0000CB164100ED2F41000F494100316241D7
S31508041B1000537B41003A8A4100CB9641005CA341BD
S31508041B2000EDAF41007EBC41000FC94100A0D5417C
S31508041B300031E24100C2EE410053FB4100F2034288
S31508041B40003A0A420083104200CB164200141D4292
S31508041B50005C234200A5294200ED2F420036364296
S31508041B60007E3C4200C74242000F4942A2000000E0
S31508041B70F9000000830000006E0000004E0000001B
S31508041B80440000001500000029000000FC000000C5
S31508041B902700000057000000D1000000F5000000EF
S31508041BA034000000DD000000C0000000DB00000077
S31508041BB06200000095000000990000003C00000047
S31508041BC0430000009000000041000000FE000000F1
S31508041BD05100000063000000AB000000DE000000B6
S31508041BE0BB000000C500000061000000B70000004B
S31508041BF0240000006E0000003A00000042000000C5
S31508041C004D000000D2000000E000000006000000BD
S31508041C10490000002E000000EA0000000900000048
S31508041C20D1000000920000001C000000FE00000025
S31508041C301D000000EB0000001C000000B1000000BD
S31508041C4029000000A70000003E000000E80000008C
S31508041C508200000035000000F50000002E00000098
S31508041C60BB0000004400000084000000E9000000F6
S31508041C709C0000007000000026000000B40000006C
S31508041C805F0000007E0000004100000039000000EB
S31508041C9091000000D600000039000000830000000F
S31508041CA05300000039000000F40000009C00000006
S31508041CB0840000005F0000008B000000BD000000E7
S31508041CC0F9000000280000003B0000001F00000087
S31508041CD0F800000097000000FF000000DE00000086
S31508041CE005000000980000000F000000EF00000047
S31508041CF02F000000110000008B0000005A000000AD
S31508041D000A0000006D0000001F0000006D000000BE
S31508041D10360000007E000000CF0000002700000007
S31508041D20CB00000009000000B70000004F000000C7
S31508041D30460000003F000000660000009E00000008
S31508041D405F000000EA0000002D0000007500000096
S31508041D5027000000BA000000C7000000EB000000DE
S31508041D60E5000000F10000007B0000003D000000D3
S31508041D700700000039000000F70000008A00000090
S31508041D805200000092000000EA0000006B00000008
S31508041D90FB0000005F000000B10000001F00000007
S31508041DA08D0000005D0000000800000056000000D9
S31508041DB0030000003000000046000000FC0000009C
S31508041DC07B0000006B000000AB000000F000000080
S31508041DD0CF000000BC000000200000009A000000AC
S31508041DE0F4000000360000001D000000A9000000F1
S31508041DF0E300000091000000610000005E0000009E
S31508041E00E60000001B000000080000006500000052
S31508041E1099000000850000005F000000140000001F
S31508041E20A000000068000000400000008D000000CB
S31508041E30FF000000D8000000800000004D000000EC
S31508041E4073000000270000003100000006000000AF
S31508041E50060000001500000056000000CA00000035
S31508041E6073000000A8000000C9000000600000001C
S31508041E70E20000007B000000C00000008C000000A7
S31508041E806B0000006937AC3168212233B40F143370
S31508041E906821A2333863ED3EDA0F493F5E987B3FEB
S31508041EA0DA0FC93F0000C93F0000F0390000DA37ED
S31508041EB00000A2330000842E0000502B0000C22725
S31508041EC00000D0220000C41F0000C61B00004417EF
S31508041ED00400000007000000090000002F76617264
S31508041EE02F6C69622F6A656E6B696E732F676974E6
S31508041EF068756240322F62676170695F70726F74C9
S31508041F006F636F6C2F70726F746F636F6C2F657667
S31508041F10656E742F7372632F736C695F6267617081
S31508041F20695F6576656E742E630062676275665FBF
S31508041F30696E0062676275665F6F757400626762D0
S31508041F4075665F6E6F666C6F7700626762756600AA
S31508041F5061636C006C6C5F636F6E6E656374696F46
S31508041F606E006C6C5F6164765F736574006C6C5F9D
S31508041F7076616C696461746F720062675F6D65731C
S31508041F807361676500736F66745F74696D65725F04
S31508041F906D657373616765006C6C5F6164765F7306
S31508041FA0796E63006C6C5F7363616E5F73796E63DD
S31508041FB0006761705F706572696F6469635F616405
S31508041FC076006761705F706572696F6469635F73D1
S31508041FD0796E63006C326361705F636F635F636815
S31508041FE0616E6E656C006D626564746C735F636FB5
S31508041FF06E746578740000004A1F0408501F0408AC
S31508042000541F0408621F04086D1F04087A1F040875
S31508042010851F0408981F0408A41F0408B11F040890
S31508042020C21F0408D41F0408E61F040862675F6D0C
S31508042030616C6C6F6300FFFF01060601020312015F
S3150804204000000001020201051700080B0BFFFFFF41
S31508042050FFFFFFFFFFFFFF09F0AA15FF000F550357
S3150804206000800300000000006000040C04080C1043
S3150804207000801472AC659D5AC350FA4726402C3921
S31508042080F5326A2D7A2813242620A71C8A19C31622
S31508042090491414121D105C0ECC0C680B2A0A0F097D
S315080420A0130832076A06B70518058A040C049B0345
S315080420B001010201030104010102010301040202F0
S315080420C001020304020103040103020403010204D6
S315080420D003020104020301040102040302010403C6
S315080420E001040203040102030402010302040103B6
S315080420F001040302040103020103040203010402A6
S315080421000304010204030102040203010204030195
S315080421100403020103040201030204010203040185
S315080421200F0E0D0C0B0A0908070605040302010025
S31508042130014C004D004E004E014C014A004C000172
S3150804214002061800011718194D4E4F0039310108B7
S31508042150C131010839310108A13001080102070B10
S3150804216000000101010000000000441B00000001FA
S315080421700000000000000200000A14280A141E28A1
S31508042180323C50910A141E28323C50647896000159
S31508042190010201020203040301010204040000000F
S315080421A0F4010000FA000000960000006400000034
S315080421B04B000000320000001E000000140000005E
S315080421C000000000500040000800500024000400ED
S315080421D09001500240009001AE011000010307006F
S315080421E00102000000000B0701160C000001080894
S315080421F00000050108FFFF02FFFF0808020204FFAA
S31508042200010022FFFF23080F030304040A0A030A32
S315080422102AFFFF1419191B011C15120400480C1473
S3150804222004131510801A80128080000F0E0C080CF7
S31508042230080D181009000000000000000000000046
S3150804224000000000A0030906A0870908A08809075A
S315080422500A00000000000000000000000000000062
S31508042260A0010A05A0030A04A0080A03A0880A080C
S31508042270A0060A01A003090020050A1A01B30108E9
S3150804228020050A19D5B2010820040A04A1B20108D6
S3150804229020060A1855B2010820060A1725B20108AD
S315080422A020030A06FDB1010801000200000000002F
S315080422B00000030000000D000300020001000500F1
S315080422C00049725314497207FF000102030405FF0B
S315080422D0145300724907CDF6000000FB349B5F8057
S315080422E000008000100000000000000073B003081E
S315080422F0AF850308B5B103085DB10308E69D350E3D
S31508042300480103CCDBFDF4AC1191F4EFB9A5F9E966
S31508042310A7832C5E2CBE97F2D203B020008BD289F9
S3150804232015D08E1C742430ED8FC24563765C155225
S315080423305ABF9A32636DEB2A65499C80DC006C8827
S315080423408391AAF5A53860370BDB5A6083BE000073
S315080423500001000100050100050202030002000055
S31508042360000000020501000500000100010000014B
S31508042370000102020300020000000000020201003C
S3150804238002000000ADF3010819F20108B3C00308FE
S3150804239021C003087DBD0308F1EF01083DEF0108DC
S315080423A095ED010815BE030869BA0308BF01FB9D2C
S315080423B04EF3BC36D874F5394138684C8BD2891536
S315080423C0D08E1C742430ED8FC24563765C15525A40
S315080423D0BF9A32636DEB2A65499C80DCE69D350E0F
S315080423E0480103CCDBFDF4AC1191F4EFB9A5F9E986
S315080423F0A7832C5E2CBE97F2D203B0203F49F6D4AD
S31508042400A3C55F3874C9B3E3D2103F504AFF607B53
S31508042410EB40B7995899B8A6CD3C1ABD01020C00F1
S31508042420000004000000080002000000000000008C
S315080424300000000000000000040000000000000086
S315080424400000000000000000A0010401560000007E
S31508042450000000000000000000000000A0880A0731
S31508042460A0040903A0050902A00609010F0000003B
S315080424700000000000000000000000000100000049
S31508042480000000000000000000000000A001010791
S31508042490A000010402040800060000000000000071
S315080424A00000000000000000A0030601A0090609B8
S315080424B0A0020608A0050607A0050606A007060545
S315080424C0A0020604A0010610A0080602A00D060034
S315080424D05900000000000000000000000000000091
S315080424E0A01F5904A0085905A00F5903A01659029C
S315080424F0A0215901A00159000000040205030601A0
S3150804250007010108090A0000A0015C04A0005C0395
S31508042510A0015C02A0035C01A0025C00A0020F09F2
S31508042520A0030F04A0030F03A0050F02A0010F01C7
S31508042530A0050F00A0040108A00301065700000027
S315080425400000000000000000000000002001040A4A
S31508042550DDFE0108200104119DFE0108200C040378
S3150804256071FE010820000401B5FE01082002560286
S3150804257099FF0108200256016DFF01082003560041
S3150804258035FF010820065704210C020820025701CA
S31508042590F10B020820035700D50B02082000020598
S315080425A045FE010820040117710102082000590894
S315080425B04D04020820015907AD05020820055901F2
S315080425C03505020844000000000000000000000071
S315080425D000000000200544063115020820014401C4
S315080425E0611502082003440081150208A01201009F
S315080425F0DD17020825180208D1170208311802083F
S315080426001918020871C90308AFC90308D1C9030810
S31508042610F3C9030815CA0308B12402086124020889
S315080426206D2402085D2502084DCC030829C7030852
S315080426302DC7030831C7030835C7030839C7030874
S3150804264000000000C0010000700B0020000210000A
S3150804265094740020300D00205D22020841220208ED
S31508042660E99102086D940208A193020820C001B8F2
S315080426700000000100000101000101010203030337
S315080426800304040404050500000000010101010215
S3150804269002020203030303030404040404000000FF
S315080426A001010101070708080303030504040405D7
S315080426B005050606060707070803020204040403B9
S315080426C004050506060606070707020202030303AE
S315080426D003040404040505050505060606060102A1
S315080426E002020203030303030404040404050505A0
S315080426F0050606060C0C0C0C0B0B0B0B0B0B0B0B29
S315080427000B0B0B0B0B0B0B0B0B0B0C0C0C0C0C0C01
S315080427100C0C0C0C0B0B0B0B0B0B0B0B0304040410
S31508042720040505050506060606060702020202034F
S31508042730030303040404040405050505050606063F
S315080427400202020207070304060704040303030339
S31508042750040506030305060708040506040304041A
S31508042760030304050606030405060708C7BFBEBE19
S31508042770BEB5B5B4B4ABABDCDCDBDBD2D2D1D1C8E5
S31508042780C8C8C7BFBEBEBEBDB5B5B4B4B4DCDBDB12
S31508042790D2D2D2D11B1B16162E2D2D2A292929252C
S315080427A0242420201F1B1B1B162E2D2D2A2A2929DB
S315080427B02524242020201F1B1B1B2D2DBEB5B5B494
S315080427C0B4ABABABAAA2A1A1A1A099999898C7BF8B
S315080427D0BEBEBDB5B5B4B4B4ABABABAAAAA2A1A1EF
S315080427E0A199999900000000030303030302020256
S315080427F002020202030302020202010101010101AB
S31508042800000000000303030303020202D0C7C6C67E
S31508042810C6BDBDBCBCB3B3B2B2B2A9DBDBDADAD18E
S31508042820D1D0D0C7C7C6C6C6BDBDBCBCBCB3B3B27F
S31508042830DBDBDADA1F1F2D2B221E2E2E3232323123
S315080428402D2624303028231F1B2B26222E322E2EEB
S3150804285031312D282424302C27231E1A0B0000007E
S315080428600000000000000000000000000000000056
S31508042870050000000000010000000200000010002E
S315080428801000000000000000000000000000000026
S31508042890070000000200000000000000000000001D
S315080428A00000000000000000000000000000000214
S315080428B0000000000000000000000000C8C8C8C8E6
S315080428C0C8C8C8C8C8C8C8C800A801A802A80000BB
S315080428D000B801B802B800B00304040808050000EB
S315080428E000000000000000000000000000000000D6
S315080428F0040008007C0031003B001B002000000097
S315080429001DBB02081000000095BA02085C390000D5
S3150804291080030000E03C000004000000343E000090
S315080429200400000064340000F8040000DC3C0000E5
S3150804293004000000303E0000030000000000000010
S3150804294064340000E43C000001000000383E000046
S3150804295037000000E13B0000653400000100000078
S315080429600006800F7047FB21890109684143880BDB
S315080429707047934800680104C80F704730B50020B3
S3150804298083490A6800238F4C521C6568AA4200D3FF
S3150804299022681578AD06AD0E9D40054328009B1D9B
S315080429A01E2BF1D30A6030BD85480168090408D591
S315080429B085490A68764B1A604A68C2618868B249CA
S315080429C008607047F3B583B01700C006000E009080
S315080429D01038912833D2FFF7CCFF00282FD00026D1
S315080429E07A4C01250398FFF7BBFF002802D002287A
S315080429F003D003E02068284000D001260197744FCD
S31508042A0004980C21615E40180E21615E4018FFF798
S31508042A10AAFF019940183860049800994018FFF7EE
S31508042A20A2FF019940187860C020800169490860AE
S31508042A30300369490860FCF703FF9448057005B03C
S31508042A40F0BDFEB5654B664DC02080040290F020AB
S31508042A50000501901869022805D2286801990140E1
S31508042A6002988142F0D08A480068C01C894901430B
S31508042A7089480160894A8A4C0421A068084204D01E
S31508042A80187D8006C10F490023E00226304022D073
S31508042A901869042805D22F6801983840029FB8425D
S31508042AA0F6D0187D0007000F072814D1587D022890
S31508042AB011DD987D8006800E02280CDBD87D0090F7
S31508042AC007460F4207D0C00700D50A21374200D06F
S31508042AD0891D00290BD173486F49086000201860C6
S31508042AE080218902704B196010602061F7BD481C6B
S31508042AF01E69864205D22F68019E3E40029FBE4249
S31508042B00F6D06A48405C009020610098C000F8211D
S31508042B10014002D08020C004186065480668012E6A
S31508042B2000D149005960216800291DD15A490B680A
S31508042B302026A65F36039B059B0D33430B600126AF
S31508042B401660022191600099890909D10068002854
S31508042B5001D1182000E01A20225E0098FFF732FF00
S31508042B60207A000700D42660F7BD4B484D4901601A
S31508042B7000211A4A1160802292024B4B1A60474A76
S31508042B8011604C4A02614261404801707047000076
S31508042B90343E00000620484908600020474908607A
S31508042BA0F0210901464A116080214900454A11600D
S31508042BB00749404A0A604A60344908707047000069
S31508042BC0C04101A8983E0000A03E0000BC3E00009B
S31508042BD0C84101A8C06101A8C05101A8C44000A801
S31508042BE00C0002A830B581B00400A00314D53048FF
S31508042BF00068002801D1162000E00C20FEF7B8FA78
S31508042C003148806E0007C10F3048017008203049EA
S31508042C100860C003244908602E4D2868000406D5B8
S31508042C20FFF7ACFEE861FFF7A9FE17490860A0079D
S31508042C3027D58020C0021C490860FCF724FE00281A
S31508042C401FD0254A1068C0B2002802D00621234B9B
S31508042C501960810915D01C490B68012BFBD94968F1
S31508042C600905090D091DC900114B1B68012B00D163
S31508042C704908002B01D1182300E01A23D25EFFF776
S31508042C80A1FE01B030BD00005C4201A86E3E000002
S31508042C90204000A800F0FF3FB84101A8044003A85B
S31508042CA0B43E0000FFF3FF3F106001A8D84000A817
S31508042CB0843F0000FFFF0300006401A8504000A8F9
S31508042CC00C6000A80C5000A81C4000A8E43C0000B6
S31508042CD0846000A8C04101A8B83E0000005401A8B9
S31508042CE070B50822804B1A60804B1B68DC0302D53A
S31508042CF00020088070BD0C880019401E00787C4DA1
S31508042D00A870641C0C8045076D0F052D05D8794EEF
S31508042D103668F60603D5022D0DD0032070BD960439
S31508042D20AE401E4001D1082070BD052D03D11042C6
S31508042D3001D1641E0C80AA484860002070BDF3B512
S31508042D4082B008886C490978491CC9B2814204D200
S31508042D5002990918491E097800E00021644A51704D
S31508042D6093785B075B0F01933023019C052C28D1CC
S31508042D70194232D19478E5081E242C40CD0702D591
S31508042D80250001242C430125A14EE6402E4072D08D
S31508042D90019FA04EE641402426403E434C0602D5F8
S31508042DA0340020262643947889080D40A7080C2168
S31508042DB039402943C02525400D43202129439670CF
S31508042DC051704A490C685578022123262E4008D0AA
S31508042DD0660302D52B40202B01D0052082E0424B06
S31508042DE0196093789B0601D4202203E0927812078F
S31508042DF002D540223C4B1A603D4A92786B461A70BB
S31508042E00C022854B1E680E4001D1154212D06E466B
S31508042E10377827263E40232E03D1E60207D4012617
S31508042E2006E0252E03D0212E04D1260302D5042636
S31508042E302D4F3E601B6819402026019F002F1CD188
S31508042E401E4027D02A4B5B781A40402A13D00C22FE
S31508042E501A40042A0FD02A073BD40122002902D09B
S31508042E60E100CB0F5A4069460978CB07DB0F1A42B3
S31508042E702FD021012AD4072034E0022FE2D11E40A4
S31508042E8008D00029DED1CC232B4003D16B461B780E
S31508042E905B0601D5032025E0A30311D59C4E73696F
S31508042EA01B051B0D5B1C3668F60205D5994E36685C
S31508042EB03607B60F9B1B5B1E9BB2052B04D1C1E7D5
S31508042EC0029B1B78052BBDD006200BE08021064A01
S31508042ED01160E90702D4401C03990880AB4803999A
S31508042EE04860002004B0F0BD4C1002A8D83E00008B
S31508042EF0303E0000480002A84C3E0000F2B5864960
S31508042F004978CA0705D4009A12888018401E03789F
S31508042F1000E000239E4A106802249E4D2E68F60699
S31508042F2011D512695340DBB2002B03D16E68D3095D
S31508042F3073402340002B03D0020204D40A20F2BDB6
S31508042F40E206954E3260744A1E02C0230B40334390
S31508042F50914E336093785E07760F022E06D16D681C
S31508042F602C4003D1002000990880F2BDA0250D400D
S31508042F709E08102737402F433D090E0702D42E001A
S31508042F8010253543CC240C401A262E400A2E04D18B
S31508042F90CC2C02D02E00FD253540804EEE40F60797
S31508042FA005D4000416D5412B10D1082912D17C4822
S31508042FB0E8401121014021432020084310700D21C7
S31508042FC00140009808D000F0A9F8F2BD0B2B01D1F6
S31508042FD00029ECD00720F2BD00F020F8F2BD00006D
S31508042FE0C334000038B50C006E490B781A095339F6
S31508042FF09500491925881B071B0FEB1A9A1A80187E
S31508043000FEF755FD010002D1200000F007F832BD95
S31508043010F300A3E3981440684C0002A8F8B504002A
S31508043020614805683C4F3878D026304202D00D21D5
S31508043030014005D008205D490860EF20FEF7F5FC3D
S3150804304039782000314204D00909397000F066F84D
S31508043050F2BD052129401FD002884D49CA60544B48
S31508043060EC0705D5521C0280690607D4514B05E0C6
S3150804307043242C40422C03D1521C028043600DE0A9
S3150804308010224A4B1A604C4A09688B00DB0F190157
S315080430901163802109031160002101800020F2BD1B
S315080430A00A888018401E0078830601D4121D0A80F7
S315080430B01822024004D0088852088018C01E0880C6
S315080430C039480068C00702D50888401C0880394872
S315080430D0486000207047344A1368DB0708D512682D
S315080430E0920705D40A888018401E007804280CD153
S315080430F010202E4A10603048254A12689300DB0FC8
S315080431001A010263802212030260002008807047B5
S315080431100C4000A8080001A8303E000031B581B073
S315080431202649002000900822254B1D7802230C24EA
S31508043130254202D10022234903E02C40082C00D161
S315080431400222EC0703D50C001E21614000931D42A0
S3150804315007D015490968090601D51B4901E000216C
S31508043160C943019B194C21601949FF248C70009CA2
S3150804317015012543CD7008701888009940188018E1
S31508043180188014485860002036BD000081360000B7
S31508043190D83E0000480002A8481002A80D0F0C0DDE
S315080431A007170850633F00004C0002A84C2002A8E9
S315080431B0253800005B3800001C1002A8DE1B250118
S315080431C0303E00002084100000FCFF010C3F000084
S315080431D0603F000069370000303E000031340000CB
S315080431E049340000493400004934000049340000D9
S315080431F04934000000000000000000000000000040
S315080432000000000049340000493400004934000035
S31508043210352B000049340000672C0000772C000089
S31508043220AD2D00000F2E0000992E00001D30000061
S31508043230C92E0000CD300000212F00006D2F00009C
S31508043240E52F0000853200007D330000392C00008C
S3150804325027280000CD23000049340000CD280000AB
S31508043260493400000D2A0000D12900004934000021
S31508043270493400004D2A000049340000493400004E
S315080432804934000049340000493400004934000038
S315080432903D1200002D120000000000000004000882
S315080432A0021402180324000049488068000200D466
S315080432B0704780B580208002AB490860CF2000F0B3
S315080432C053FA01BDF8B589480068894C80229203EF
S315080432D02260884E316809051DD5110BA0230340C9
S315080432E001D0216017E002403FD18027824A176047
S315080432F0824A1760084038D0354D287A400705D5E4
S3150804330001207F49086000027E4908602878002861
S3150804331001D0062801DB0020F2BD00F07BFB7168B2
S3150804332089684E682978052907D1B905A1606E60B0
S31508043330B668CC218901734A116000F074FB012E2A
S3150804334000DA0226BC208005884908609420800596
S315080433508749086068480021C94301647142416489
S3150804336084490F6040210160D5E783480160FFF76F
S315080433709BFF0120F2BD5D480168890504D5C06E2E
S315080433800004000F022801D000207047012070476E
S3150804339038B580245848046000F03CFB050077489B
S315080433A0006800F06DF9280000F03DFBFFF77CFF8C
S315080433B00748007A000705D5A0004D49086000F0C3
S315080433C041FC31BD60036C490860AC48046031BDFA
S315080433D0383E0000FEB50500CC20800168494860E7
S315080433E0012668480660FFF7C6FF00287DD0664CAC
S315080433F02078002879D031020195052802D02A467A
S315080434000A4072D1CC27BF015D4A17608D4A1268FB
S3150804341081231B02134001D0032301E053075B0FEA
S31508043420022805D1022B5ED3080136490860F7BD88
S315080434304D01032804D1022B55D932480560F7BD3E
S31508043440042802D111404ED0F7BD05284BD1019866
S31508043450002848D0C005C10F684641700198C004C9
S31508043460C10F6846017000F0D5FA02906068694693
S315080434704978002903D006688021204A11602C0463
S3150804348086496A461278002A0CD0C2680B68D21A92
S31508043490834B1B68234001D0066800E046689642C1
S315080434A000DD1600684640786A461278024308D05A
S315080434B008684242B01E824202DA7042886000E01E
S315080434C00026029800F0AFFA0198800501D59748BE
S315080434D004600198054001D095480460002E02D086
S315080434E008480760F7BDFFF753FFF7BD440002A875
S315080434F0442002A8D83E00000CC001A890E001A808
S31508043500C4D000A8145001A838B58024894804609A
S3150804351001201C4908601C4D2878052802D0600043
S3150804352085490860FFF727FF002812D0134800686A
S31508043530000A80214140A868000EC9B2814208D217
S31508043540404800684007400F022802D2FFF720FFD0
S3150804355031BD7A480168C0220A4002D1C06F2040B2
S3150804356001D00448046031BD1C1002A808E001A873
S3150804357008D001A894D001A8441002A818C000A82D
S31508043580106001A8C4E000A8383E0000F1B582B076
S315080435900F00A020384003D08020800069494DE000
S315080435A000F038FA009066480468F80202D5A06864
S315080435B00069029000F0B1FB80210903606800F0FD
S315080435C07DF926780020761C6178B14200D200265F
S315080435D01821714365180C3529780829F3DA2670F9
S315080435E0A56059492A780A70BA0507D55448006867
S315080435F08068C068FA0201D40322904388600127D0
S31508043600384003D100F092FC01F0DCF8F90468694B
S3150804361000F054F93C2000F0A7F8F0B200F0A4F842
S3150804362060884A4901406180009800F0FCF9380531
S3150804363044490860464807603802464908600298C3
S31508043640FEBD0000184001A810B54348006880056F
S3150804365001D4FE2010BDC02080034049086000F054
S31508043660D9F9374909688A78D20702D589688C78DE
S3150804367000E00C7800F0D7F9200010BD100002A86D
S315080436802F4909688A688B78DB0704D5927818234A
S315080436905A438A180C3290607047000048C001A843
S315080436A04C0002A8F1B582B02D4F3C680026200FC5
S315080436B0000702D1E00102902AE001F083F800F045
S315080436C0A9F9019080210903606800F0F7F82578C4
S315080436D06D1C6078A84200D20025E80020180C303A
S315080436E0009000680290802109030098406800F061
S315080436F0E5F83D2000F038F8E8B200F035F8257012
S315080437000098A060019800F08EF902A801F0B2F8BA
S3150804371014480068800407D5F86901F0C4FD0299C5
S315080437200818029000D502960298FEBD4C1002A80D
S315080437304C2002A894E001A8146001A814C001A8AA
S31508043740DC3E0000442002A8383E0000FEFF0000CC
S31508043750C0E000A8106001A8440002A8441002A80A
S31508043760E03E0000FC0302A84A490968002901D57D
S31508043770494908607047F3B581B0484FB968484C61
S315080437804A0058D50125090100D521250100FE2244
S3150804379092011068566822689206920E94463A6810
S315080437A093008022134062461343802252001A4330
S315080437B000920A0023D0890601D5012008E0F021E9
S315080437C0014007D16946097A0C220A4002D0022030
S315080437D000F04AF83349096809040AD5396809071B
S315080437E001D5022605E03968490301D5002600E01B
S315080437F003264835009A2C490968890003E0009A8B
S315080438002949896B09094023194011430207120FF4
S31508043810032A05D12268120904231A4032431600E2
S3150804382080225200002E02D01643266608352166E9
S31508043830024322662566E06D4407640F00F0D4F857
S31508043840A0070BD0052C09D0B868000406D400F0EC
S31508043850E1F80221154A116000F0E5F800F0CDF808
S31508043860002000F001F8F7BDFE2189010A68F0235B
S315080438709A43000110430860C0B270478020C00212
S315080438800B490968890701D10A4900E00A49086011
S3150804389070470000500002A8884000A8480002A803
S315080438A0284000A8684101A8184001A8D4D40350A8
S315080438B0844000A8486000A8485000A880B56E4A0D
S315080438C0116001F01BFDFFF7D9FF01BDFEB56B4D75
S315080438D02878000604D5287F002801D0182400E09B
S315080438E0462400F097F801906548C0684005C20D63
S315080438F0D52A01D2D52204E0D1204000824200D93B
S315080439000200100001005F4B00932B6B5B011DD571
S315080439105D4B1B78022B03D25C4E06277B43F2527F
S315080439200025009B1B7CEB40DB070CD5584B062671
S315080439306E439B199B888FB2BB4200D2190086B28C
S315080439409E4200D218006D1C022DEAD389B20919C9
S315080439500904504B0B40001BC005C00D18434849C9
S315080439600860C02000064C4908604648017D0029C5
S315080439700CD04A49D52A02D98023DB050B60D1230A
S315080439805B009A4202D280231B060B600021444B3B
S3150804399019604188002900D10280019800F043F893
S315080439A000F074FDF7BD80B53E483F4908603F48BE
S315080439B0C1680902090A19225143416005210160B7
S315080439C0FFF784FF01BD80B52C480178090604D5A4
S315080439D0007F002801D0FFF779FF34480068C00348
S315080439E001D5FFF773FF01BD8020C0022249086094
S315080439F02F4800684007FBD470478020C0022D4931
S31508043A000860704701E02C4908602C4909680140A0
S31508043A10F9D170472A48006820212A4A11601021E2
S31508043A20294A116070473021014002D110202549E6
S31508043A30086070472248006830210140102901D1E6
S31508043A400120704700207047204801210160C160A9
S31508043A50704701201E49086070471E4800780621F1
S31508043A60014007D01C480068022803D0032801D067
S31508043A700120704700207047441002A8D83E000071
S31508043A807C4000508C3F0000583E0000603E000019
S31508043A905C3E00000000FF01A0600050A4500050E6
S31508043AA018E000E07F1A0601540002A810E000E0BE
S31508043AB0440002A8442002A8282002A8280002A834
S31508043AC0600002A8602002A8601002A8789001A8E5
S31508043AD084A001A8BC3E0000843F0000F8B56448F1
S31508043AE080214902C1610221624A51600021624A69
S31508043AF0D162624A118003215E4A11600221016083
S31508043B005F4DCC01A868204010D05B480068F021BE
S31508043B100905014090200005814207D00220594931
S31508043B200860012001F00EFC57480460202057491C
S31508043B300860802056490860CC20800155490860F1
S31508043B40012455480460286800900004070F534868
S31508043B500068C505ED0D103DC0202843C0B2FFF727
S31508043B6003FE4548C06B800309D5092F07D0FFF724
S31508043B7074FF002801D003F0F7F801F017FA484853
S31508043B800668032D41D000980007000F009003280B
S31508043B9003D0022806D1032F37D000F04FFA009835
S31508043BA0032803D0062F30D1062D2ED03D480068B1
S31508043BB0C00B204001D001F0F5FC3B480068000129
S31508043BC008D5052D06D10125384804606005FFF798
S31508043BD019FF00E000253100380000F063FA0600FA
S31508043BE0002D06D000F01EFC31480460022031493D
S31508043BF0086060052E49486580092F490860FFF763
S31508043C002CFF002801D003F09AF81A48210401620F
S31508043C10002F08D10221416000201749C863C0203B
S31508043C20C0001C4948643000F2BD80B5FFF7DCFECD
S31508043C3022480078800602D4022021490860FFF74A
S31508043C40DCFE01BD02201F4908607047802000067B
S31508043C501D49096801400AD0C10D1C4A1278920709
S31508043C6001D51B4A00E01B4A11601B4908607047CE
S31508043C702C1002A8282002A80C0002A8683E0000FE
S31508043C80B00002A86C1102A8B82002A894E001A802
S31508043C900CC001A8146001A8C4E000A804ED00E063
S31508043CA0B44000A800E200E0083F0000645000A801
S31508043CB0646000A82C4000A880E200E0D83E00001A
S31508043CC0081002A8082002A8440002A8883E00009A
S31508043CD0FC1302A8FC2302A8442002A88F48006803
S31508043CE0800700D4704770B58D4801210422BE4B65
S31508043CF00C02E025ED0086682E4002D01C601A618D
S31508043D0019610068054002D01C609A60996070BD0C
S31508043D10B648012181600160704710B501208149C8
S31508043D208A680240FCD1B24A042313610C68044031
S31508043D30FCD193600002106010BD7B49086801221B
S31508043D40104200D1704710B5E023DB000340FF247E
S31508043D50A41CA34204D3B74B1B689B0600D548682A
S31508043D60024001D000F030F910BDF8B50700914EB5
S31508043D7030683F2188439049097801433160FFF749
S31508043D80DCFF8E4C8E488021490308258D4A12682B
S31508043D90D20504D565600322B262016006E0C82232
S31508043DA0B2620622934B1A60934A11608909C1606C
S31508043DB0386858390968814201D2009100E00090B8
S31508043DC00099401A38600121380000F0D1FB06003A
S31508043DD03868009940183860FFF780FF002E12D122
S31508043DE0002078490A68D20500D410206062086861
S31508043DF0284001D0256000E06560924800684000CC
S31508043E0001D5680260623000F2BD8B480178090664
S31508043E100DD5007F00280AD086484168C90606D40D
S31508043E200068A0210140481E8041C00F7047002049
S31508043E30704780B5FFF7E9FF002803D00021042066
S31508043E4001F048FC01BDF1B57F4F8048F860EE20CB
S31508043E50C00438607E487F490860FFF7D6FF00280B
S31508043E6003D00021042001F035FC8020C0017A49E2
S31508043E70086008247948846501257D641D207749EE
S31508043E808862774E9B204000B061072001F05AFAF9
S31508043E900220724988624B490A68D20603D56F49DB
S31508043EA0704A0A6008E00F220968214002D03100EE
S31508043EB0103101E0310014310A606B4909680029A0
S31508043EC000D4B461E32109013160C021C900674AFD
S31508043ED01268F823DB01134001D1F16200E0B965E9
S31508043EE05D490A6C2A4008D0496BC90705D460495C
S31508043EF00968084001D101F00BFC0020C0435D4964
S31508043F000860554C606B054001D1FFF7E7FE009841
S31508043F1001F006FA606B8001FCD4F1BD500002A8DA
S31508043F20900102A8940102A8903F000070B5424887
S31508043F300178090606D5007F002803D0002105204C
S31508043F4001F0C8FB1B4801683F2291434A4A12788C
S31508043F500A430260404849490122436B134001D190
S31508043F600A638A62972252000A6010220A60444A47
S31508043F70E3231B019366434BCB610021424B196033
S31508043F8080235B00072408210E4D2E680E4005D0B9
S31508043F9094672C68234006D1916704E0D4672C689B
S31508043FA0234000D1D1670323136011630903016019
S31508043FB070BD00002C8001A86A3E0000601102A8AA
S31508043FC0981002A8FC0302A8F02109012F4A1160DF
S31508043FD001402F48016020202E4908602E490968AF
S31508043FE00840BE4908607047881102A8902102A8B3
S31508043FF0882102A80C9001A8982002A82748AA4953
S3150804400082680A4002D1C268114001D01049016091
S3150804401013480821B24A13680B4000D0816111780D
S31508044020C90602D58C21090101601420AD4908602E
S31508044030F9E10000440002A8D83E000004480549F6
S3150804404008607047EC0002A8242102A8000FFF00AC
S3150804405001200000706201A8100002A8C01002A87E
S31508044060501102A8BD03000028C000A8A88001A812
S31508044070403E0000B46000A86B3E0000682102A818
S31508044080E82002A810100000C00002A8586001A881
S31508044090585001A8482002A8184001A8704201A84F
S315080440A070470000F8B586B005000C008E48006815
S315080440B0400102D52000402404438C48C66AFFF711
S315080440C0A9FC0590B00503D589480068FFF7D8FA16
S315080440D00020019001237006C00F0290FE2292016F
S315080440E0916800209060B8204000824E30606608CF
S315080440F0B82030401278F0261640402E02D102002D
S31508044100402010430D2D02D10A00042111434A0709
S3150804411004D502001420104310229443764A1268E8
S315080441206D462B70D20506D580225200734B1A6051
S31508044130020001201043029A002A11D10C220240DF
S31508044140082A0DD00200694B9B6BDD0601D41025A5
S31508044150AA439B0601D420239A43B12313404FD084
S315080441606A461278002A4ED0A54A956B966D0123A5
S315080441706D076D0FAD1DAB40F504ED0C5B1B9BB2D3
S31508044180082B09D280200623584D2B604302A04DE4
S315080441902B6000236D462B708123034036D00823F9
S315080441A0029D002D00D113620D0008212943102316
S315080441B09C4304231D059F4E3560DD04984E3560E7
S315080441C06D462D78002D1ED0062B24D3464DEE6C55
S315080441D0F60620D5984E3668360E01966D69ADB248
S315080441E0954EF66B360603D02E0080256D013543B1
S315080441F015612D121561404A1268D50592D40AE054
S3150804420008227F4B1A620491009031E027A34506E1
S31508044210ED0E5B5DD4E7049100903448026B864941
S315080442200968774D2E686F463E81282616401E4338
S31508044230930CDB0133431600120E3240102632402B
S315080442401A43890040231940114302AA9170406B0E
S31508044250000A02A9C870FFF7F7F902A908710198BC
S31508044260487176480068C8800298E8660398E86644
S315080442700598FFF7D8FB0825600601D56D488560C3
S31508044280FFF7EBFB002805D06D480078002801D01D
S315080442906C4805600498C1B20098C0B2FFF76BFA7F
S315080442A0200007B0F0BD0000008000800301070667
S315080442B003010706050106060501060603020706A5
S315080442C0030207060502060605020606081A03D2AD
S315080442D05D4909684018401C70470000481002A848
S315080442E0F84F0000883F0000084000A8180002A8FC
S315080442F01CC000A8B46000A81C0100AA1C2100AABE
S31508044300F8B5524F0F240125514910265148806BA0
S3150804431030401BD0012008704F4800687969FFF7C0
S31508044320D5FF4E49096F4018012868DB01F098FA51
S315080443304B490968090B0C40022C5ED16905494AA8
S31508044340116049490E6443490D6056E02E024148FE
S31508044350006CC0001ED545480068E0218905014067
S315080443604DD03F4D2868210301407001814246D152
S31508044370FFF750FB3E4A3F490968314002D03E499F
S31508044380096811602968090B21400229F3D0FFF74F
S315080443904AFBF1BD39480068002830D001220A706A
S315080443A000F0BEFF00282AD101F05AFA2C49096800
S315080443B0090B2140022920D1284A1278D20705D5AB
S315080443C02F4A12680A4001D0224A1560264A11600B
S315080443D0690239601F490E60214A1168090B214098
S315080443E00229FAD01168090B0C40032C02D02904BF
S315080443F01C4A11600021214A116001F035FAF1BD09
S31508044400540000AA802080041E49086070470000F2
S31508044410141100AA802040041A4908607047000055
S315080444204C5001A800BF18480168490701D0FF216C
S3150804443041617047441002A8184001A8448001A8A5
S31508044440E43C0000845000A838C001A80CC001A8A8
S315080444506D3E0000100002A81CC101A8883E000099
S31508044460B00002A81C1002A8082002A84C4001A803
S31508044470800000AA084000A8904000A8443E000016
S31508044480083F00003C2002A80C4000A87047FF28FB
S3150804449007D0032805D22B490978C140C807C00F9D
S315080444A07047002070470000F0B5802000020821FC
S315080444B0254A11600A230121244A01249C40044305
S315080444C025A5ED5C25439560F025214E35601E4DE6
S315080444D024A6F65C022737432F6004262E601D4D5A
S315080444E02D680D4006D1CD026D1E03D0966C360399
S315080444F0FAD401E00220F0BD956CD66C6D036D0B01
S31508044500AE4200D220005B1ED7D50823104C236088
S315080445109060A84B1B685B0112D5A74C63785D1C99
S3150804452001262E4066701D00062675436519126815
S31508044530AA80E880237003480278994011430170E1
S315080445400020F0BD9C3F0000889001A8448001A883
S3150804455088A001A8140002A80000000101020408AA
S315080445601020200050505040404040302020200069
S31508044570F1B584B0914C92484068C00516D5606A76
S31508044580E021C9000840884210D1A848006E0004FA
S31508044590000FA7490A68D20601D5072804D0096876
S315080445A0C90603D40B2801D1002000E1FFF7B0FBAC
S315080445B0A0484069400101D401251CE09E48826B4D
S315080445C000207D49C3B206256B43CB189B8895B258
S315080445D0AB4204D0401CC3B2022BF3D3FF200870AD
S315080445E0012594484069400105D50878FFF74FFF2F
S315080445F0002800D0002591485021405C000608D5C3
S315080446008C480078002804D08A484078002800D1CD
S315080446100125E06902906A480068E061884E0498BA
S31508044620006831684718012F15DB00F0F0FDC0015A
S31508044630381A01280FDBFFF770FB00F0C3F804985B
S3150804464000683168401800F06BFE002803D000218A
S31508044650049A116011E0C020C0007A4908602068F5
S31508044660794F072832D005210840052808D021604B
S315080446700C2000F067FE002802D00299E16196E05A
S31508044680724EFF207A3070620420B062FFF745FB51
S3150804469002203060E020C00478606A4880218904DA
S315080446A0416002210160012000F04CFE8020800058
S315080446B07062022000F046FE8020C0007062082066
S315080446C0B062022000F03EFE0220B062604EE02096
S315080446D04000F06159480078C00705D580200006D7
S315080446E05C49086040083060042000F02BFE019005
S315080446F000284AD10220386080027064C0017064C0
S3150804470010204D4908600120B0674C4F474800689F
S3150804471040061ED447484069400113D52648007808
S315080447206946087068460078FFF7B1FE002809D084
S31508044730214869460978062251434018C0883E49EB
S31508044740086406E001203873FFF7AEFE01900028DE
S315080447501BD10120384908600020C867022000F0F0
S31508044760F1FD3C4E4020F061C030F0613878C00756
S3150804477005D5C020000630602F48006CF881022059
S3150804478000F0E0FD8120C0027064002D05D02748A2
S315080447900068800101D4FFF716F9E069E0214903AE
S315080447A0014002982C4A02400A43E261019805B086
S315080447B0F0BD0000083F0000583E00005C0102A856
S315080447C0F80302A838B5FFF7A3FAFFF7A6FA2348B1
S315080447D00068C0050AD522480068000B0F210F227D
S315080447E00240072A20D001400B291DD00224124872
S315080447F004601C4D0820A862C0016862012000F00C
S31508044800A1FD200268622C600620A8621648686228
S31508044810E0204000154908600B4804600021144A4A
S315080448201160C021C900016031BD0000500002A812
S31508044830B04301A8F43E00000C8001A8883E00009D
S31508044840DC3F0000981002A8982002A85C1102A870
S31508044850109001A810A001A8FFFFE3FFFC0302A81B
S31508044860B00002A85C2102A8F96100002CA001A8E6
S315080448705C0102A838B50400FFF74FFA2048C021A6
S31508044880C900204A1268F823DB01134001D181616B
S3150804489001E01D4A11601D49802252001C4B1D6807
S315080448A0154003D008250560032001E0AC2040002C
S315080448B088641868024001D10A20086015488021D6
S315080448C0490301608909C16013480068AF21C90119
S315080448D045182068854200D30500401B2060002146
S315080448E02000FFF745FE21684919216032BD802062
S315080448F000010A4908600001094908607047000078
S31508044900641102A8AC8001A87C2102A80C8001A825
S31508044910FC0302A8981002A8A43F0000441002A8A9
S31508044920685000A8F1B584B0B34800680190B3484C
S315080449308069AF21C9014018B1490978C90708D463
S315080449400499884205D2081A00F0EAFC002800D027
S315080449505EE2AC484068C00700D559E20420C7495E
S31508044960C8628003C6498862A548006D0090A548B8
S31508044970806B8507AD0F2024032D03D01020BF4973
S31508044980C86224E0200388629E49CA6B224001D08B
S31508044990012067E0009A120610D5CB6B0222134059
S315080449A00CD1B84B05261E60CE6B10273E40324309
S315080449B01A6000221A608A6B120A1A600422B04B23
S315080449C0DA62C96B002902D5AC49886200250098C9
S315080449D000060BD5AC480078002807D0A748C4625F
S315080449E0CC4800682040A649C8620EE08548816B19
S315080449F0490704D5806BC000E100084003E07F48FE
S31508044A008068C10701D5FFF7DFFA0121009808403D
S31508044A1008D0C148AA018018006AC004C00C401E08
S31508044A20D04A106000200022CF4B1E68360403D5F6
S31508044A309B6F002B00D40122C0218900CB4B5965FA
S31508044A4029026F4B1B78DB0701D4002A02D0C02247
S31508044A50920000E00A00C64B1A60C0229200C34DB9
S31508044A60AA6559606749096C942292050A4015009B
S31508044A7000D00125284300062ED08348007DC02196
S31508044A800140402902D1FFF7D0F801E0FFF7DAF830
S31508044A905C4804602D061ED0B64C806B400709D5C9
S31508044AA08020C001764988620220206000F0CAFA94
S31508044AB0002807D004207149C862400270498862F8
S31508044AC0000120604E485021405C000603D5802032
S31508044AD000036A4908609BE14A484068C007FAD45B
S31508044AE020036749C862FEF77FFF9E48406E454922
S31508044AF0096C090408D4C00606D5FEF78BFF022103
S31508044B00C44A1160FEF78FFFFEF777FFE0013D49BF
S31508044B100860C14CC0252D06A5600001BF49086080
S31508044B203848806B4007C10F68460170BC4EA02701
S31508044B300198C00700D4A9E000F092FE0290FEF79F
S31508044B4083FF3048006C40040DD400BF00BF00BF8B
S31508044B5000BF00BF00BF00BF00BF00BF00BF80206A
S31508044B600006BA490860FEF774FF029800F07CFE56
S31508044B70EE20C004AB4908608020000120620320AF
S31508044B803064FE20C003706442200199C90501D42B
S31508044B90706000E0206067600820A0490866042069
S31508044BA0AB4908601748006CC00236D51348026F33
S31508044BB0110CA84B1204D20B9A5A10292DD3038828
S31508044BC0E72B2AD395267600B34205D8F31A1B0990
S31508044BD05A43930A5A4204E09F4E9B191B095A43A7
S31508044BE0920A52B289188369466A72439A1882618C
S31508044BF06F2909D36F210AE0FC0302A88C3F000041
S31508044C00883E0000100002A80F2900D20F210802CE
S31508044C100843090401439148016082489049816424
S31508044C20A90CA16002217D4A5167A90D8160F02172
S31508044C30090141658020400060610A2000F082FB7A
S31508044C40A560822040026066012000F07BFB0120FB
S31508044C50A060062000F076FB80200002A0600820F1
S31508044C6000F070FB80200003A0608000A060032091
S31508044C7000F068FB8020400249E000BF1C2002A81F
S31508044C801C1002A8E40000AAF43E0000019840079C
S31508044C9044D56448EE21C904016060498222D204DD
S31508044CA0CA66802292002262D2018A66A90C8164AD
S31508044CB06C48A0600A2000F045FB00203064019986
S31508044CC0C905306000D5082070606760534808211C
S31508044CD00166022141670A2000F034FBA560624898
S31508044CE06066012000F02EFB062000F02BFB08204E
S31508044CF0A060062000F026FBE80DA060082000F05E
S31508044D0021FB6020A060032000F01CFB0220504910
S31508044D10086008E0184001A80C0000AA534A40217C
S31508044D20002001F015F80020C0431049086000F07F
S31508044D306EFA964D401DC001A96947188020C00126
S31508044D4093494E6F0640934908600498874214D2E3
S31508044D50A969401A00F0E4FA00280DD08E480660C6
S31508044D6056E000BF204000A8684101A8B46000A826
S31508044D70085100A8685000A8049F0198400702D566
S31508044D808020800000E08548A060012000F0DAFA5F
S31508044D908020400021490860380000F0C1FA804CA0
S31508044DA02078C00703D58C204005FEF72BFE6846FD
S31508044DB00078002807D1764800687A4988608020F8
S31508044DC0C00379490860744806601648019949077A
S31508044DD004D5802189008164214903E00221816484
S31508044DE0C021890181646846007800280AD0012018
S31508044DF000F0A8FA5020205C000603D580200003A2
S31508044E008F490860A848006CC00201D5E86EA861FD
S31508044E1005B0F0BDD4E40350641102A8B81002A882
S31508044E20600102A8242102A880B5FEF7F3FD98497B
S31508044E3000220A600A22CA61FEF7F5FD9548C021D8
S31508044E40890201609949416001BD00000450095076
S31508044E50C82102A8C0000000D6FEFFFFDC4001A856
S31508044E6004040000040440000204000011070000C2
S31508044E708D48806B800300D47047F8B58C48006869
S31508044E8000900024002001260099314002D0C02059
S31508044E90800103E00099490700D58648864902221D
S31508044EA00A60086408278548076085480068C004BE
S31508044EB003D4844800683840FBD0834D3748686576
S31508044EC0042000F03FFA8820C0046865009806406C
S31508044ED024D0A02080036865012000F033FA7B48BB
S31508044EE0686500F0BDFC0600FEF7AEFD6E48006C72
S31508044EF040040DD400BF00BF00BF00BF00BF00BF01
S31508044F0000BF00BF00BF00BF8020000670490860CC
S31508044F10FEF79FFD300000F0A7FC08E060206865F6
S31508044F207803A860012000F00DFA6A4868656A4E9D
S31508044F300098C005346001D5776000E07460C0202D
S31508044F4000066865C00C65490860012000F0FAF996
S31508044F50F0200001E86662480099C90502D50321D4
S31508044F60016000E00460862040025E4908605E48ED
S31508044F7068652F60A020286534647464B8024A49B9
S31508044F800860000159490860F1BD00008C3F000023
S31508044F9020C001A894E001A894D001A8024000000A
S31508044FA0883E0000F43E00001C1002A8F8B55048DC
S31508044FB000680D2707400424002F00D10427FC208D
S31508044FC080011025660308214A4A4B4B1B68234077
S31508044FD0126816D04260394004D00220FEF744FC19
S31508044FE0464806603C4009D0FE2080010068054317
S31508044FF0FE2080010560B008404908600220404947
S3150804500016E00260394005D00220FEF72DFCA00206
S315080450103A4908603C4007D0FE20800101680D43E8
S3150804502005607009354908603548066030032F491C
S315080450300860FFF71DFF00210020FEF79CFBF1BD69
S315080450401C2002A810B580202E490A6802400AD0FE
S315080450502D4B1A680624144005D15C6E2B4A22404F
S315080450601B6D9C0101D5002010BD096808400DD0B0
S315080450702748824203D1180501D5012010BD2548C9
S315080450800068C107C90F481E8041C00F10BD000043
S31508045090D80000AA442002A81F4803210164A821B5
S315080450A0C163102101607047100002A80400008043
S315080450B0FC0302A8040400002C1102A8106001A82D
S315080450C0D84001A8104001A8182102A801800000B0
S315080450D00460095089050000600102A8B06101A8AE
S315080450E0548001A8C82102A804340000482002A854
S315080450F0B44000A81CC101A8480002A8441002A88C
S31508045100685000A8440002A814C001A81F1F000084
S31508045110010C000030C101A8082002A86C480068E8
S315080451200121084209D16B4A12686B4B000C1840DE
S31508045130F03291400B40984201D00220704700207B
S315080451407047F8B507000F386A461080604CE06867
S315080451500A0004D16B461B8882B29A423AD20022CC
S315080451606B461A80012502263A0013D0226832407B
S3150804517007D000292ED059480088401C5749088072
S3150804518000203900216156490E6080B2B84201D325
S3150804519069460D805348456000E030BF20683040BA
S315080451A003D1FFF7BBFF0028F7D04D484560390007
S315080451B010D02168314005D048490A886B461B88B7
S315080451C0D2180A80066000202061E068B84201D23D
S315080451D044480660FFF7A2FFF2BD38B5050000F0A3
S315080451E03FFB0400012199204543A8093E4A126859
S315080451F08018123880B2FFF7A4FF05008020C0018A
S315080452003A490860200000F02FFB280032BD3348D5
S3150804521003883549096802889342F9D110040818A5
S315080452207047FEB51238070C6946088000F018FB6B
S315080452300190274C294D2888B8421ADA01202C49AE
S315080452400860274E30BF02202168014006D030602E
S315080452504003264908602888401C2880FFF75EFF1B
S31508045260002802D12988B942ECDB012171600028A3
S315080452700DD12888B8420AD1E06869460988884267
S3150804528005D2002168460088FFF75BFF01E0FFF7B7
S3150804529045FF04008020C00114490860019800F005
S315080452A0E3FA2000FEBD10B512490A680E4B1B68C6
S315080452B00C689442FAD0DB014033141A02D2886986
S315080452C02418641C0C4800684443181B10BD0000CD
S315080452D0280002A804ED00E0FF3F0000683E000035
S315080452E0282002A8281002A8340002A880E200E0B8
S315080452F02C1002A820C001A8B43F0000F0B502E0B3
S315080453000A601C602E607EC84F1C07D05F1C04D040
S315080453106F1CF5D10A601C60F0BD0A60F0BD000080
S3150804532010B5C409FFF773FF201A312806DAC0003E
S31508045330183801D4C01EFDD5002010BD2000FFF783
S3150804534070FF10BDC32148436F3801D41E38FDD5FC
S315080453500020704780B5FEF787FA01208A4908605D
S3150804536001BD38B589490C68082589490D60FFF7D8
S31508045370F1FF2C4001D08748056031BD80B5EB208C
S3150804538000F001F801BD30B583490B6818401022B6
S31508045390134210D0814B824C2468224008D0B04A6C
S315080453A014682402FF252D0225401D630024146079
S315080453B0802252031A60086030BDF3B50100160056
S315080453C01C0000250095A748019A330000270BE026
S315080453D0BC464F5D4743AE009E597E40575D4743E2
S315080453E03740664637436D1CA542F1D3390939431C
S315080453F08A080A43510811430840C10901430F208A
S315080454008A0B0A4302405040F6BDF1B582B00E003D
S31508045410002093490860944DEF7AA87A01900F21E9
S31508045420394000910ED00B46904A91490298FFF7ED
S31508045430C4FF019901408A4801608E4841438E4859
S31508045440084001D1012400E04401380915D032008E
S315080454503B0929000298009E6D7A75194019FFF7D1
S31508045460ACFF0199091101407D4802680B011343F9
S315080454700360002901D0480044438048006820405E
S3150804548001D10420FEBD0020FEBD80B50A0000211E
S3150804549011807B4952888018FFF7B7FF02BDF0B523
S315080454A00F22784B5C7905780F202040C5402009E7
S315080454B0284001259C79C4402C4001D10320F0BD25
S315080454C0374C2468254008D06F4D9E684700F65B24
S315080454D0761E2E608026B601EE60DD78DE79C6403B
S315080454E0F00711D5E0060FD5002D0DD067484860A2
S315080454F00888488008881C7800192A4080185A7831
S3150804550080182A09801800E0002008800020F0BDD1
S3150804551010B55F4801685F4A0820014200D09061CF
S31508045520C90602D58C21090111605B495B4A5C4BAB
S315080455301B681B040CD54B685C0402D5C3031360B3
S3150804554006E0C024A4011C4043029C4200D010601B
S315080455500B68034005D0534B1B689B0F9B0700D071
S3150804556010600F480078C023034002D1802040050C
S31508045570106008682021084010604B480068C00184
S3150804558001D4FFF7FBFE10BD2C4000A84C4000A830
S315080455904C6000A84C5000A8883F00001C1002A8C4
S315080455A0D83E0000F8B5414F38687E680640404842
S315080455B03040404908608024A4033F4DF00227D5B3
S315080455C03E48016801200A0605D53D490968A960CF
S315080455D02870022014E0014202D03A49A9600FE07B
S315080455E00020C9060CD52949A960374A91780B07C2
S315080455F01B0F12789A1809095118A980E880A888F7
S31508045600A880A888002801D0264301E0FFF7B6FE43
S31508045610264023D0274E74603460A88800280BD00F
S31508045620396A814208D3291D2848AA689047010087
S31508045630F3D0FFF78FFEF1BD01000CD0FC218902DF
S31508045640F16123490203CA6134604C603A6A8242B2
S3150804565004D30C60F1BDEB20FFF795FEF1BD000005
S31508045660483E000001010101583F0000103F0000B8
S31508045670503F000011110000218400000C3F000077
S31508045680303F0000603F0000204000A8B32200001D
S31508045690F84F0000502102A8184001A8481002A893
S315080456A0684101A84C4201A8D04000A8B44000A80B
S315080456B0FFFFDFFFB46000A84C3E0000D83E0000A0
S315080456C0DC3C0000C7220000613F0000D84000A867
S315080456D0B45000A870B505000C0000F0C1F8060027
S315080456E0FEF7B2F92002054306480560022006497A
S315080456F00860FEF7AEF9300000F0B6F80120034959
S31508045700087070BD04800950409009506C3E000032
S31508045710FEB5C020C0043349086033483349486598
S315080457203348886533484024046044601020FFF7F2
S3150804573009FE002854D1FF2000052F4908602F4888
S315080457402F4908602F4829490860A5032A48056097
S315080457502D4807680820FFF7F5FD002840D10826DC
S315080457602A4806600120FFF7EDFD27488068019066
S315080457702748066027481D4908601F480560082011
S31508045780FFF7E0FD00282BD1204806600120FFF72B
S31508045790D9FD1D48806800901D480660134D1E48B3
S315080457A028600199009800F03FF88606B60E01981D
S315080457B0C10B0098C00B00F037F80002FC218901E0
S315080457C00140314329601048076060030A490860AC
S315080457D01248046044601249016412494164002075
S315080457E0FEBD000020E000A8571400004C0102A8E2
S315080457F0FF3FFF3F601102A8B42002A80000380E3C
S31508045800B41002A830300000104101A8105101A8B4
S31508045810106101A81010000020200000602102A8D1
S31508045820F703F000FF3F000010B54904CA1040040E
S31508045830C310991A00209A18D30F9A18521052189E
S315080458408B115B0E5B18DB11D2182023541A01D472
S3150804585022001843CC0F611849105B08F6D110BD15
S31508045860EFF3108072B67047002800D162B670470D
S3150804587010B5C20018231340FF249C40E24389074D
S31508045880090E9940030004D473489B089B00C0186A
S3150804589006E0724B0007000F0838800880001818C5
S315080458A003681A401143016010BD80B5742254215F
S315080458B0002000F04DFA01BD10B5FFF7D1FF684985
S315080458C001220A60674B684C2360684C23600323F3
S315080458D0674C2360674C2360674B1A60674B1A60F2
S315080458E0674B80241C601A60664A1A6011228A6310
S315080458F0FFF7BAFF3F206449096801400A1D402A98
S3150804590000D2081D614A1070A448017010BD80B504
S3150804591001001120FFF7ACFF01BDFFF7A1FF050049
S315080459200024012160B2FFF7A3FF641C0E2CF8D3F0
S3150804593001210F20FFF79CFF01211320FFF798FF91
S3150804594001211720FFF794FF03210120C043FFF725
S315080459508FFF01211E20FFF78BFF4D484D49086034
S3150804596002204D49086001209B49086047044B4CB6
S3150804597020693840FCD02068800101D4FEF713F86A
S315080459802800FFF771FF46480068000311D49722E0
S3150804599052005321002000F0DBF90AE000281CD04D
S315080459A0FEF738F819E020693840FCD02800FFF7DC
S315080459B05BFF206E0004000F022801D1FEF7A0FC4D
S315080459C0FFF74EFF0500764EFEF734F80028707888
S315080459D0E4D0002801D1FEF726F801202E493278B2
S315080459E0002A05D16F4A1268920600D4086030BFAF
S315080459F00022327002220A6077490860D3E77748A2
S31508045A00016842680A4076481040174908608007CA
S31508045A1000D4704710B57C480188491C01807B4C2A
S31508045A202078000617D57A490A680F20120B024017
S31508045A30032A10D1774A12685207520F032A0AD842
S31508045A400968090B0840032805D10D20FFF789FCCE
S31508045A50E08A401CE08210BD00E400E01CED00E092
S31508045A60040002A80000FF3F282002A82C1002A860
S31508045A7040E002A844C002A804C001A8044001A842
S31508045A80145001A8200060062C8001A86A3E000074
S31508045A90FFFF9B4000E100E0602002A8500002A836
S31508045AA0F80702A8F8B55C4C206865680540914873
S31508045AB005605A48284007D0FDF7CFFF002803D0D1
S31508045AC02800574909688847012102228A4800782C
S31508045AD0C00701D5022300E001232B408748002B89
S31508045AE010D0874B1A60874A12680A4007D10268A1
S31508045AF0F0231B051340902212059342F3D00902A2
S31508045B00814A116080210D4220D0A26AF823DB0164
S31508045B1013401BD0C0221201934217D880231B06B8
S31508045B208A4E3360A76AF826F6013E40384F3F6826
S31508045B303F043F0F022F01D0032F03D1002E01D0BB
S31508045B409642EFD3914A13606A4A116090490978DC
S31508045B5006290DDACC20800128401DD0FFF780FEE7
S31508045B6004002800FDF736FC2000FFF77DFEF1BD92
S31508045B70806B800510D58748284005D0FEF790FA33
S31508045B802800FDF727FCF1BDA80205D580204001B1
S31508045B905849086080490860F1BD00006B3E000062
S31508045BA06D3E0000F40302A810B57C4801684468F9
S31508045BB00C407B48046080210C4205D0416079483A
S31508045BC001600020FDF706FC600403D5802040052B
S31508045BD07549086010BD0000601002A8280002A8D4
S31508045BE0FFFF00C038B57148016844680C40E007F7
S31508045BF007D5FFF735FE0500FDF786FC2800FFF7F5
S31508045C0033FE6B48046031BD683E0000D83E000090
S31508045C10B00002A8184001A8104001A80200060016
S31508045C20E03C0000FEB5634C206C676C0740012518
S31508045C302F4216D02E066048066020685F490D601C
S31508045C40002802D00021FDF739FE5D480068A0212E
S31508045C50C90188428041C043C00F5A4948705A480E
S31508045C600660FDF7D7FE0190022007403ED0616822
S31508045C70CEB20F0A55490822494B4403012E24D0B3
S31508045C80022E31D1012F22D1514EF6780096504E6C
S31508045C9037780126BE404F4F3E604D4E367876051E
S31508045CA090277F04F71903263E434B4F3E601C603A
S31508045CB04A4B1C600B68009C1B194B6544490978C0
S31508045CC08D4047490D6047490DE00090DFE7002FF6
S31508045CD00AD1454E356000254D655C601C60C104DB
S31508045CE0424B196042490A60344908600198FDF735
S31508045CF09AFEF7BD106001A8883E00000C0002A8B1
S31508045D006C1102A8B44000A8B82002A870B5FDF723
S31508045D1081FE0400FFF7A4FD2F490A68D2070FD5B0
S31508045D202A4A566D1368334D2E60CE686E604968EC
S31508045D30E9818021C904204E3160297B59185165AF
S31508045D40FFF792FD2000FDF76EFE70BDE06101A825
S31508045D50002800D0704770B50C00FDF75BFE0500FF
S31508045D60FFF77EFD0600FDF76FFE23480460012158
S31508045D70224A1160026C0A40FCD1FDF76AFE300023
S31508045D80FFF772FD2800FDF74EFE70BDE05101A82D
S31508045D90383E000000104006145001A890C001A81F
S31508045DA090E001A80CC001A804ED00E0C0C000A85A
S31508045DB0C0E000A800C002A8441002A840E002A857
S31508045DC0404000A86D3E0000442002A818800A50EE
S31508045DD0813E000068A00A5060C101A894D001A8B9
S31508045DE068900A50F42302A860E101A880E200E062
S31508045DF0F41302A8783E0000008009504090095028
S31508045E0080B5FDF72AFE002801D000F0B7FE01BDD3
S31508045E1080B5FDF763FEC648006800030AD4FEF79A
S31508045E200DF9FFF725F8FEF781F80120FEF7FCFFC8
S31508045E30FEF7C8FC80208005FDF7E4FD01BD80B5AA
S31508045E40FDF74CFE80204002FDF7DCFD01BDFEB5E2
S31508045E5005208F4908608F48046801273C4201D110
S31508045E60FDF756FFFDF73AFE8B49086800908B4804
S31508045E7049680160A105CA0F69460A7100253C42B2
S31508045E8010D000959949496801609848026898496C
S31508045E900B68981A9A4202D38B69C018401C954B12
S31508045EA09842F5D3A34E356068460079002804D095
S31508045EB021000098FDF76AFB0090002430683840FA
S31508045EC003D16846FDF751FF0400FDF79EFF00283D
S31508045ED046D08648407C002842D19749834DEE68CF
S31508045EE00A6933689A4200D00120944A1278022A31
S31508045EF00DD2934B9C4606235A4363469B5AB44693
S31508045F000200182672436646B218536000E002245B
S31508045F10009A0192EA680123434018204343D6189D
S31508045F2030680861B0680860A248F16801603169A0
S31508045F3001627069A049086001A8FDF716FF0028E8
S31508045F4008D17E490978022904D27D4A0623594391
S31508045F50515A7160210004000C4301D16F7401E0A9
S31508045F60002C02D10098FDF76EFF9E4807600220B8
S31508045F709D490860C820C004BB4908607804FDF739
S31508045F8041FDF7BDF8B5994C8025EF02FDF73DFFB5
S31508045F90002808D096480078002804D13800FDF770
S31508045FA031FD2560F1BD206CC00506D580200006AC
S31508045FB0206000BF00BF40082060FEF71FF8FDF709
S31508045FC08DFDFDF77FF90600A848A9490860FFF783
S31508045FD017FF3800FDF716FD002E00D025600120B6
S31508045FE0A4490870F1BDF8B50120FFF790FCA24C4E
S31508045FF0A24800682060FDF771FD7820205C052121
S31508046000014002D0FDF711FE01E0FDF71BFE774DB6
S315080460100227A06F384001D0012028601020C04311
S31508046020974908600026EE6396480660FDF715FD55
S31508046030002802D000F0EFFD00E06663FDF7D4FC0B
S3150804604091480068296C090407D4000705D5FDF7AB
S31508046050E1FC8E490F60FDF7E6FCFDF7CEFCFFF781
S3150804606057FAB804FDF7CEFC0020FFF750FCF1BD43
S3150804607080B5FDF733FD2E480068000303D4FDF709
S3150804608055FFFEF79FFB80204003FDF7BBFC01BDCF
S315080460905C1102A8440002A8B83F0000443E000070
S315080460A038B5FDF71BFD514C2025FEF7CBFF00281C
S315080460B006D0606B000704D5FEF7EEFFFEF717FC63
S315080460C02560FDF733FFFEF77DFB714800780C2148
S315080460D00140042902D1FDF7A8FD01E0FDF7B2FD50
S315080460E06804FDF78FFC4020206031BDE43E0000C3
S315080460F020C001A801FF00001CB5052065490860F9
S31508046100FDF7ECFCFEF7C8FF634800680090684694
S31508046110FEF7B0FB0400FFF773FE002C02D10098CB
S31508046120FEF700FC80204004FDF76CFC13BD00005C
S315080461300C0002A8403E0000348001A8583E000026
S315080461405E3E0000F8B5FDF7C9FC544CA56A50201C
S31508046150284002D0FDF769FD01E0FDF773FD234FE2
S31508046160FEF770FF00281BD1B86B40071DD4786B67
S31508046170E0214901014018D1A80611D4FDF734FCE1
S31508046180A56A474E354207D0FF20C0432D18A5629D
S3150804619080200005A9490860FDF72FFC2E4002D08F
S315080461A00120386001E00020206080208004FDF78B
S315080461B029FCF1BD1C4101A8284000A880B5FDF7BB
S315080461C08DFC9F480068C00501D5FDF7AFFE012088
S315080461D0FEF72AFEFEF7F6FA8020C004FDF712FC45
S315080461E001BD0000442002A8305201A8100002A8EC
S315080461F0F53E000010B526480468FDF76FFC914982
S31508046200096809032AD40321C00601D5214001E0FF
S31508046210A0080140012902D1FDF707FD0BE0200182
S3150804622007D50E20FFF796F8874804210160082150
S315080462300160FDF707FDFDF780FD844C206984495C
S315080462400860FFF7DDFD2068002807D04000122803
S3150804625002D2FFF777F801E0FEF7BFFF802080033C
S31508046260FDF7D0FB10BD0000106001A870012000E6
S31508046270B46000A86D3E0000903E000008C000A867
S31508046280482002A8483E0000844000A8D4E40350ED
S31508046290083F00005C1102A8CC3F0000E03E000065
S315080462A000FFFF00FEB500246A490C730120694605
S315080462B008700294FDF712FC0600624F3868000362
S315080462C000D5B5E003209F4908649F480268FF206B
S315080462D080019E4910255F4B1B78DB0720D51207E2
S315080462E0120F022A03D09A4A12682A4004D1594A3C
S315080462F05268584B5B7801E08A680B688E6A096AAB
S315080463000091911B14225143DBB2C918009A891AC9
S3150804631009014068081801D5019453E0019051E039
S3150804632013071B0F032B03D01204120F062A3AD1A4
S315080463308968426802923A6C920701D5806802908D
S315080463400800FEF7B0FF0299401801D5019400E051
S315080463500190B86B0107C80F03213F4A12680A4027
S31508046360022A1AD12E4018D03A4A126DD30512D5EC
S31508046370FE6B984B1E409E4202D172490D640CE096
S3150804638092050AD43A6C2823134006D16B461C702E
S315080463902A4A116001E06A46147002906846067833
S315080463A0002E03D10FE0006801900126FEF74AFE8D
S315080463B0002808D0FEF770FE0298002802D0FEF7DF
S315080463C096FA00E0002602205E490860002E10D0E6
S315080463D0214800780C210140042902D0F86B0540B5
S315080463E002D0FDF722FC01E0FDF72CFC20207860A2
S315080463F01EE018480078C00705D5554800680540CA
S3150804640001D1FDF723FCFDF791FD802000060B4919
S3150804641008600020C0437049086001A8FEF72AFAFC
S315080464200400FFF7EDFC002C02D10198FEF77AFA76
S3150804643080200004FDF7E6FAF7BD0000481002A81C
S31508046440680102A80C0002A880E200E0AC3F000044
S31508046450443E0000883E0000083F0000FEB50024C4
S315080464605E490C730094FDF739FBFFF7C9FC5C4DD4
S31508046470E86E5C4E0007000F07280BD168680028F1
S3150804648008D40020FEF7D0FC306857490860FDF7A9
S31508046490D0FC52E001201027696849070DD45349F6
S315080464A00968014009D001024C4A126D0A4208D013
S315080464B0520502D42A68114001D1009001E04C48E3
S315080464C0076046480078C00705D521480068384063
S315080464D001D0FDF7BBFB474801680320009A002A50
S315080464E001D0890900E00909084001900020FEF757
S315080464F09BFC0198002805D16868074002D1FDF77E
S31508046500A1FB01E0FDF791FB00200099002903D1C6
S3150804651039480068FEF7C7FE7169401801D500942A
S3150804652000E000906846FDF720FC002805D1009895
S31508046530FDF789FCB0692C49086080200005FDF741
S3150804654061FAF7BD082002A8B00002A804C101A890
S31508046550B04301A8F8B5FDF7C1FA00240025274879
S31508046560466B80277F05300606D5300709D5FEF722
S3150804657093FDFEF7BCF929E001251C48006828406C
S3150804658019D00020FEF750FC0220064002D01C4910
S315080465900C60C8611B480468002D03D02000FDF771
S315080465A081F80400FEF778FD2000FEF7BBF93800F1
S315080465B0FDF728FAF1BD0F480078C02101404029AB
S315080465C002D1FDF732FB01E0FDF73CFB20200B4925
S315080465D00860ECE710000010B46000A8883E0000CC
S315080465E0440002A8BC3F0000443E0000B44000A892
S315080465F0481002A8083F00001CC101A8100002A800
S31508046600180000AAD83F0000FFF756F902480349C4
S315080466104860FFF782F900BF432700000000000026
S3150804662080B5EFF305800B2801D23A2100E0292131
S31508046630922252000020FFF78BFBFEE700000000C1
S31508046640920E493CB10AC93C2BC3163D2EFB483D64
S31508046650752B7B3D04A9963D80B6AF3D36BDC83D36
S315080466602FBCE13D73B2FA3D87CF093E8340163EFF
S31508046670B5AB223EA2102F3ECF6E3B3EC2C5473E67
S315080466800115543E135C603E7F9A6C3ECCCF783E2F
S31508046690C07D823E938E883E229A8E3E32A0943ED8
S315080466A086A09A3EE59AA03E128FA63ED47CAC3EBE
S315080466B0EF63B23E2A44B83E491DBE3E15EFC33EBB
S315080466C053B9C93ECA7BCF3E4136D53E80E8DA3E49
S315080466D04F92E03E7533E63EBBCBEB3EEA5AF13EBB
S315080466E0CBE0F63E275DFC3EE4E7003F3D9C033FD6
S315080466F0824B063F9BF5083F6B9A0B3FDA390E3FF0
S31508046700CDD3103F2A68133FD9F6153FC07F183FEB
S31508046710C6021B3FD17F1D3FCBF61F3F9967223F19
S3150804672025D2243F5636273F1594293F4AEB2B3F5B
S31508046730DE3B2E3FBB85303FC9C8323FF304353FA5
S31508046740233A373F4268393F3B8F3B3FF9AE3D3FDB
S3150804675067C73F3F70D8413F01E2433F03E4453FE3
S3150804676065DE473F12D1493FF8BB4B3F029F4D3F79
S31508046770207A4F3F3D4D513F4918533F31DB543F33
S31508046780E595563F5348583F6AF2593F1A945B3F7A
S31508046790532D5D3F05BE5E3F2146603F97C5613F69
S315080467A05A3C633F59AA643F880F663FD86B673FD4
S315080467B03CBF683FA7096A3F0C4B6B3F5E836C3F3F
S315080467C093B26D3F9ED86E3F73F56F3F0809713FCC
S315080467D05213723F4714733FDD0B743F0BFA743F31
S315080467E0C6DE753F07BA763FC58B773FF853783FC1
S315080467F09812793F9DC7793F02737A3FBE147B3F4F
S31508046800CDAC7B3F283B7C3FC9BF7C3FAC3A7D3F40
S31508046810CCAB7D3F23137E3FB0707E3F6DC47E3F75
S31508046820580E7F3F6D4E7F3FAB847F3F0FB17F3F4E
S3150804683097D37F3F43EC7F3F11FB7F3F0000803FA8
S3150804684011FB7F3F43EC7F3F97D37F3F0FB17F3FD9
S31508046850AB847F3F6D4E7F3F580E7F3F6DC47E3FAE
S31508046860B0707E3F23137E3FCCAB7D3FAC3A7D3F71
S31508046870C9BF7C3F283B7C3FCDAC7B3FBE147B3FE6
S3150804688002737A3F9DC7793F9812793FF853783F48
S31508046890C58B773F07BA763FC6DE753F0BFA743F5A
S315080468A0DD0B743F4714733F5213723F0809713F57
S315080468B073F56F3F9ED86E3F93B26D3F5E836C3F10
S315080468C00C4B6B3FA7096A3F3CBF683FD86B673FD1
S315080468D0880F663F59AA643F5A3C633F97C5613F90
S315080468E02146603F05BE5E3F532D5D3F1A945B3FCC
S315080468F06AF2593F5348583FE595563F31DB543FB2
S315080469004918533F3D4D513F207A4F3F029F4D3F13
S31508046910F8BB4B3F12D1493F65DE473F03E4453F89
S3150804692001E2433F70D8413F67C73F3FF9AE3D3F59
S315080469303B8F3B3F4268393F233A373FF304353FA1
S31508046940C9C8323FBB85303FDE3B2E3F4AEB2B3F5F
S315080469501594293F5636273F25D2243F9967223F67
S31508046960CBF61F3FD17F1D3FC6021B3FC07F183F92
S31508046970D9F6153F2A68133FCDD3103FDA390E3FAF
S315080469806B9A0B3F9BF5083F824B063F3D9C033FA2
S31508046990E4E7003F275DFC3ECBE0F63EEA5AF13ECB
S315080469A0BBCBEB3E7533E63E4F92E03E80E8DA3EDB
S315080469B04136D53ECA7BCF3E53B9C93E15EFC33ED1
S315080469C0491DBE3E2A44B83EEF63B23ED47CAC3E73
S315080469D0128FA63EE59AA03E86A09A3E32A0943E21
S315080469E0229A8E3E938E883EC07D823ECCCF783ED8
S315080469F07F9A6C3E135C603E0115543EC2C5473E01
S31508046A00CF6E3B3EA2102F3EB5AB223E8340163EC8
S31508046A1087CF093E73B2FA3D2FBCE13D36BDC83D6A
S31508046A2080B6AF3D04A9963D752B7B3D2EFB483DAC
S31508046A302BC3163DB10AC93C920E493C000000001E
S31508046A40920E49BCB10AC9BC2BC316BD2EFB48BD60
S31508046A50752B7BBD04A996BD80B6AFBD36BDC8BD32
S31508046A602FBCE1BD73B2FABD87CF09BE834016BEFB
S31508046A70B5AB22BEA2102FBECF6E3BBEC2C547BE63
S31508046A80011554BE135C60BE7F9A6CBECCCF78BE2B
S31508046A90C07D82BE938E88BE229A8EBE32A094BED4
S31508046AA086A09ABEE59AA0BE128FA6BED47CACBEBA
S31508046AB0EF63B2BE2A44B8BE491DBEBE15EFC3BEB7
S31508046AC053B9C9BECA7BCFBE4136D5BE80E8DABE45
S31508046AD04F92E0BE7533E6BEBBCBEBBEEA5AF1BEB7
S31508046AE0CBE0F6BE275DFCBEE4E700BF3D9C03BFD2
S31508046AF0824B06BF9BF508BF6B9A0BBFDA390EBFEC
S31508046B00CDD310BF2A6813BFD9F615BFC07F18BFE7
S31508046B10C6021BBFD17F1DBFCBF61FBF996722BF15
S31508046B2025D224BF563627BF159429BF4AEB2BBF57
S31508046B30DE3B2EBFBB8530BFC9C832BFF30435BFA1
S31508046B40233A37BF426839BF3B8F3BBFF9AE3DBFD7
S31508046B5067C73FBF70D841BF01E243BF03E445BFDF
S31508046B6065DE47BF12D149BFF8BB4BBF029F4DBF75
S31508046B70207A4FBF3D4D51BF491853BF31DB54BF2F
S31508046B80E59556BF534858BF6AF259BF1A945BBF76
S31508046B90532D5DBF05BE5EBF214660BF97C561BF65
S31508046BA05A3C63BF59AA64BF880F66BFD86B67BFD0
S31508046BB03CBF68BFA7096ABF0C4B6BBF5E836CBF3B
S31508046BC093B26DBF9ED86EBF73F56FBF080971BFC8
S31508046BD0521372BF471473BFDD0B74BF0BFA74BF2D
S31508046BE0C6DE75BF07BA76BFC58B77BFF85378BFBD
S31508046BF0981279BF9DC779BF02737ABFBE147BBF4B
S31508046C00CDAC7BBF283B7CBFC9BF7CBFAC3A7DBF3C
S31508046C10CCAB7DBF23137EBFB0707EBF6DC47EBF71
S31508046C20580E7FBF6D4E7FBFAB847FBF0FB17FBF4A
S31508046C3097D37FBF43EC7FBF11FB7FBF000080BFA4
S31508046C4011FB7FBF43EC7FBF97D37FBF0FB17FBFD5
S31508046C50AB847FBF6D4E7FBF580E7FBF6DC47EBFAA
S31508046C60B0707EBF23137EBFCCAB7DBFAC3A7DBF6D
S31508046C70C9BF7CBF283B7CBFCDAC7BBFBE147BBFE2
S31508046C8002737ABF9DC779BF981279BFF85378BF44
S31508046C90C58B77BF07BA76BFC6DE75BF0BFA74BF56
S31508046CA0DD0B74BF471473BF521372BF080971BF53
S31508046CB073F56FBF9ED86EBF93B26DBF5E836CBF0C
S31508046CC00C4B6BBFA7096ABF3CBF68BFD86B67BFCD
S31508046CD0880F66BF59AA64BF5A3C63BF97C561BF8C
S31508046CE0214660BF05BE5EBF532D5DBF1A945BBFC8
S31508046CF06AF259BF534858BFE59556BF31DB54BFAE
S31508046D00491853BF3D4D51BF207A4FBF029F4DBF0F
S31508046D10F8BB4BBF12D149BF65DE47BF03E445BF85
S31508046D2001E243BF70D841BF67C73FBFF9AE3DBF55
S31508046D303B8F3BBF426839BF233A37BFF30435BF9D
S31508046D40C9C832BFBB8530BFDE3B2EBF4AEB2BBF5B
S31508046D50159429BF563627BF25D224BF996722BF63
S31508046D60CBF61FBFD17F1DBFC6021BBFC07F18BF8E
S31508046D70D9F615BF2A6813BFCDD310BFDA390EBFAB
S31508046D806B9A0BBF9BF508BF824B06BF3D9C03BF9E
S31508046D90E4E700BF275DFCBECBE0F6BEEA5AF1BEC7
S31508046DA0BBCBEBBE7533E6BE4F92E0BE80E8DABED7
S31508046DB04136D5BECA7BCFBE53B9C9BE15EFC3BECD
S31508046DC0491DBEBE2A44B8BEEF63B2BED47CACBE6F
S31508046DD0128FA6BEE59AA0BE86A09ABE32A094BE1D
S31508046DE0229A8EBE938E88BEC07D82BECCCF78BED4
S31508046DF07F9A6CBE135C60BE011554BEC2C547BEFD
S31508046E00CF6E3BBEA2102FBEB5AB22BE834016BEC4
S31508046E1087CF09BE73B2FABD2FBCE1BD36BDC8BD66
S31508046E2080B6AFBD04A996BD752B7BBD2EFB48BDA8
S31508046E302BC316BDB10AC9BC920E49BC000000801A
S31508046E4062675F6D657373616765207265636569FB
S30D08046E50766572730000000068
S30D08046E580096FB7F010000000F
S31108046E606C6E0408A0840020F9000000F1
S31508046E6CC0EA2101C0EA210100800000005A62022E
S31508046E7CB48400200040170800A000002C3600201B
S31508046E8CC8000000FE0000000000000060F70308BC
S31508046E9CC00A002030000000ED6F0008FFFFFFFF5A
S31508046EACFFFFFFFFFFFFFFFFFFFFFFFFA41304080D
S31508046EBCD4FE64000A00290073100308008000003D
S31508046ECC01000000088500209C3F0020B019040826
S31508046EDC020000001DAF00080000000000000000BE
S31508046EEC00000000000000000B0C00009C3F002072
S31508046EFC03000000C1AF00080000000003000000F6
S31508046F0CCC3F00204885002000000000CC3F002020
S31508046F1C344000209C4000200000000000000000C3
S31508046F2C0000000000000000000000000000000043
S31508046F3C0000000000000000000000000000000033
S31508046F4C0000000000000000000000000000000023
S31508046F5C0000000000000000010000000000000012
S31508046F6C10000000100000000000000000FFFFFFE6
S31508046F7CFF00000077B103087BB103087FB103084F
S31508046F8C83B103080000000055FB0108000000004B
S31508046F9C00000000000000008FC503080000000074
S31508046FACFD000208000000000000000000000000BC
S31508046FBCA900020800000000000000000000000000
S31508046FCCBD010208000000000000000000000000DB
S31508046FDCD5090208000000000000000000000000AB
S31508046FECA91202080000000000000000FFFFFFFFC2
S31508046FFC0000000000000000FFFF00004026040803
S3150804700C59C80308FFFFFFFF6FCB03086BCB0308B4
S3150804701CFFFFFFFFFFFFFFFF73CB0308B8860020B3
S3150804702C8C86002000770020F076002000000000F3
S3150804703C0000000018870020EC860020007700204A
S3150804704CF076002000000000000000000700000095
S3150804705C0200000000000000000000000000000010
S3150804706C00000000000000000400000000000000FE
S3150804707C00000000000000000200000000000000F0
S3150804708C00000000000000000000000003000000DF
S3150804709C00000000000002000000100000000000C0
S315080470AC00000000000000000000000007000000BB
S315080470BC02000000000000000000000000000000B0
S315080470CC000000000000000000040000000000009E
S315080470DC00000000000000000B0000000000000087
S315080470EC000000000000000000000000050000007D
S315080470FC0000000000000200000010000000000060
S3150804710C00000000000000000000000075CF030812
S3150804711C0100000000000000000000000000000050
S3150804712C0000000000000000000000000000000041
S3150804713C00000000FFFFFFFF4DD20308FFFFFFFF0F
S3150804714CFFFFFFFFFFFFFFFFFFFFFFFFCF26000038
S3150804715C15BE0208000000008DC6020800000000D7
S3150804716C00000000FF000000000000000000000002
S3150804717C00000000000000000000000000000000F1
S3150804718C000000000000000000000000FFFFFFFFE5
S3150804719C0000000000001027200004000000000076
S315080471AC00000200100000000000000000000000AF
S315080471BC00000000000000000A00010000000000A6
S315080471CC0A000800000043532052464C435402005C
S315080471DC0A000800303030303030303000000200FD
S315080471EC05000300303030000000020008000500DA
S315080471FC302E302E3000000002000800000000007B
S3150804720C0000000000001700FFFF0C00000000003F
S3150804721CBF8FAF7F8700370F10100004040F0514B7
S3150804722C0AFF280101011401FFFF010101010101F3
S3150804723CFFFF01FF0C01FF0FFF03010035040008D3
S3090804724C0D04000813
S705080026B913
