:10000000C00A0020D9100000736602007366020067
:10001000E77F0200736602007366020073660200E7
:100020007366020073660200736602007366020064
:100030007366020073660200F965020073660200CF
:100040007366020073660200736602007366020044
:100050007366020073660200736602007366020034
:100060007366020073660200736602007366020024
:10007000A15D00007366020073660200DF97020054
:100080007366020073660200736602007366020004
:1000900073660200211B0000736602007366020093
:1000A000736602003D1800001D1800007366020010
:1000B000736602001D48020073660200C150020010
:1000C000F1720300ED72030065480200077303003C
:1000D000F572030091500200F97203000151020011
:1000E0004D2E0200113002006D51020073660200B5
:1000F0007366020073660200736602007366020094
:100100007366020073660200736602007366020083
:100110007366020073660200736602007366020073
:100120007366020073660200736602007366020063
:100130007366020073660200736602007366020053
:1001400082B0BFF34F8FBFF36F8F30BF074BD3F831
:10015000F030DB0704D500230193019B052B01DD63
:1001600002B07047019B0133F6E700BF00ED00E0ED
:10017000F0B5114A114C124E00F00105E3695F071A
:1001800013D40DB9334213D103EA00078F4207D1CC
:100190000B4A1A40002A0CBF00206FF00100F0BD8E
:1001A000013AEBD16FF00200F9E74FF0FF30F6E7CC
:1001B0006FF00100F3E700BF809698000000035045
:1001C000020001000B4B70B5D96911F480310DD1DB
:1001D00001244FF48072084E084DF46020462C64D0
:1001E0001A61FFF7C5FF3464EC6070BD6FF0010069
:1001F000FBE700BF00000350001003500020035035
:100200004FF4003238B50F4B0F4C9A6641F67133FC
:100210000122E569E3630D4B0021DA60022360618E
:100220002120236105F48035FFF7A2FF10B92120BA
:10023000FFF79EFF0122064BDA600DB10023E36356
:1002400038BD00BF00900050000003500010035064
:100250000020035070B5134C6061E3695B071ED446
:100260000E4656F8043B8D18A361AE420BD1042311
:10027000002121202361FFF77BFF58B9BDE87040C2
:100280002120FFF775BF08210846FFF771FF10B165
:100290000423236170BD56F8043BA361E5E74FF0EA
:1002A000FF30F7E7000003502DE9F84315464FF4FF
:1002B0000032184B89469A6641F6713203F51C33B9
:1002C000DF69DA630122064603F58053DFF84C80CC
:1002D00007F48037DA6055B9284601220E4BDA6000
:1002E0001FB10022A3F50053DA63BDE8F88306F5D9
:1002F000005404EA0804A41BAC4228BF2C4649461B
:1003000022463046FFF7A6FF0028E6D12644A14446
:100310002D1BE0E7009000500020035000E0FFFF9D
:100320000348044B834202D0034B03B11847704784
:10033000103300201033002000000000064B074956
:10034000C91A891048BF0131491003D0044B0BB1C1
:1003500001481847704700BF1033002010330020B9
:100360000000000010B5064C237843B9FFF7D8FF12
:10037000044B13B10448AFF300800123237010BD78
:10038000BC2C00200000000080DD030008B5054BF8
:100390001BB105490548AFF30080BDE80840FFF7F1
:1003A000CDBF00BF00000000B00D002080DD0300C5
:1003B000A3F5803A704700BF174B002B08BF134BC3
:1003C0009D46FFF7F5FF00218B460F461348144A60
:1003D000121A29F03CFA0E4B002B00D098470D4B17
:1003E000002B00D098470020002104000D000D488C
:1003F000002802D00C48AFF3008007F099FF2000DE
:10040000290029F0EEF907F081FF00BF0000080085
:100410000000000000000000C00A0020C00A002008
:10042000602E0020000000000000000037B50546E7
:100430000EF090FD00284ED12A4B2877AB61AB68B7
:1004400043F48013AB6027F031FEAB68A8801B0338
:100450000CD4B0F5FA7F09D938F073FA01210446BB
:10046000084637F0AFFA204638F066FA28460EF014
:1004700099FD044680BBE86888B311F0F3FA2DF0CB
:10048000BCF92AF02BFD0BF05BFD0CF073FB2EF09A
:1004900082FA2BF024FD2AF0BDFF01202EF019FC7A
:1004A0002CF0FCF901202EF018FC0446A0B9042120
:1004B000024608462DF092F901A88DF804400EF08E
:1004C00063FF0321042010F07BFC0A2009F0D6FD15
:1004D000284626F085F80024204603B030BD0248A7
:1004E000CBE700BF05040300E232002008B5044951
:1004F00004481EF0A3F8BDE808401EF0D1B800BFC4
:10050000708E0300788F03004FF08052014B5A60C9
:10051000704700BF00ED00E070B5012886B00D46C1
:100520008DF8070003D92124204606B070BD284B62
:10053000284E1968306802F0E1FA04460028F3D129
:10054000254B062218689B88029002A92846ADF820
:100550000C300494ADF8144029F04FF928B106226C
:10056000284604A929F049F970B91C49306802F0FD
:100570002DFD08B12D2828D11949306802F026FD3B
:100580002D2818BF0446CFE79DF80730012B0DD169
:100590006B799B09032BC6D10123104930680DF1FB
:1005A000070202F0CFFC04464CB1BDE7002BF3D1AB
:1005B0000A49306802F00AFD2D280446F4D10623CA
:1005C0002A460749306802F0BDFC0446ACE700BF8C
:1005D00058300020783000207D9303003C00040058
:1005E0002C000400F8B50E460546D0B1C9B10E4B3B
:1005F0000E4F1968386802F081FA044678B906236C
:1006000032460B49386802F047FB044638B90123EB
:100610002A460849386802F03FFB00B12C7020469A
:10062000F8BD2124FBE700BF5830002078300020BF
:100630002C0004003C00040008B538F08BF90022BF
:10064000034B1A809A70BDE8084038F07EB900BFAD
:10065000100F002070B50D4E0546306826F0F5F8F5
:10066000044680B90A4A1388C3F58273AB4205D3A6
:1006700093781BB9074B9C7884F00104306826F00E
:10068000F2F8204670BD0024FBE700BF18100020E0
:10069000000E0020100F0020002337B518481D461B
:1006A000028800931146D41CADF804300444032999
:1006B00020D93BB1042AC2F1040388BF002312FAF7
:1006C00083F303806A4606234A21406829F0F4F840
:1006D000FFF7B2FF01220B4B69461A70009B18020C
:1006E00000F4E060C3F307231843043000F07CFB00
:1006F00003B030BD0131012304F8015F89B2D6E7B0
:10070000100F0020BD2C0020F8B5054638F022F966
:100710000E4E07463488AC4208D22B21062025F025
:1007200078FF3846BDE8F84038F00FB903D1002310
:100730003380B370F5E7641BA4B2291D224631440F
:10074000301D29F06AF83480EBE700BF000E00206E
:1007500030B589B0FFF770FF38F0FCF804461F4B46
:100760001888FFF7D1FF2046002438F0EEF81C4B24
:100770001C22214601A81C7029F069F809238DF874
:100780000430184B18490293184B01A80393022315
:100790008DF810304FF4806305930A23ADF81830BC
:1007A00000F018FD014610B1204625F032FF104C34
:1007B0004FF48070214629F088FA0E4D014630B181
:1007C000042025F026FF00232B6009B030BD4FF434
:1007D0008271206829601DF0E3F9F6E7000E002021
:1007E000BD2C0020F9070000181000201B66020035
:1007F0000C0F0020080F002070B5414D286826F02E
:1008000024F8014638B1002025F003FF2868BDE830
:10081000704025F0FEBF3B4883784BB33A4E3378A7
:1008200033BB3A4A416814688370394A21F47F43E4
:1008300023F0070393420CD036D802F17C42D83221
:100840000A4034498A4238D133498B4248D09342D6
:100850003BD001233370FFF7EFFE236821461802D7
:1008600000F4E060C3F307231843043000F0BCFA3F
:100870002A498B789BB1244A137883B951F8043FF5
:100880001C0204F4E064C3F307231C430123043473
:100890002046137000F0A8FA2046FFF735FF2868BD
:1008A000BDE8704025F0DFBF1D4A934205D1027AB2
:1008B00002B3083025F0B6FECBE71A4B018822467A
:1008C0001B68194807F058FDC3E7027A1AB10830CF
:1008D00007F01EFBBDE7114601201DF06BF9B8E7DC
:1008E000037A1BB1083000F021F9B2E701201DF0B6
:1008F00071F9AEE7114601201DF076F9A9E700BFB6
:1009000018100020100F0020BD2C00200C0F00201C
:100910002000FF022000FF002000FF01000E002049
:100920002000FF03080F0020140F00202DE9F041E4
:100930000546006820F47F4020F0070000F054F9DD
:1009400018B9284628F049FF18B9BDE8F08125F00C
:1009500082FE2B68180200F4E060C3F307231843FB
:100960000430FFF777FE0028F1D01C4F386825F0DF
:100970006CFF014668BB2B68194E1C0204F4E0644E
:10098000C3F307231C4337F0E5FF33880434C3F572
:1009900082729442804615D804332246F0182946C4
:1009A00028F05DFF338840461C4401233480B37037
:1009B00037F0CBFF386825F02CFF3868BDE8F041F0
:1009C00025F051BF37F0C1FF1D21052025F021FE84
:1009D000F0E7002025F01DFEB7E700BF181000204B
:1009E000000E002010B50B4C206825F02EFF0146AC
:1009F00058B9094B1870206825F00BFF25F02AFE26
:100A00002068BDE8104025F02EBF002025F001FE33
:100A100010BD00BF18100020BD2C00202DE9F743A9
:100A200089461746014610B1012025F0F2FD3A4DE6
:100A3000286825F00AFF0146002866D11FFA89F4CC
:100A40003CB337F087FF354E804630880328C0F529
:100A500082720CD994420AD973681C0204F4E064CF
:100A6000C3F307231C43C0F104031C44A4B2944203
:100A700040D8043022463946304428F0F0FE33880E
:100A800083B123444046338037F05FFF3288032A26
:100A90001DD8286825F0BDFE286803B0BDE8F043E6
:100AA00025F0E1BE4046348037F04FFF3288032AFC
:100AB0001ED800234FF4FA710093194A194B1A48B3
:100AC00000F06EFC01460028E3D0022017E0002071
:100AD00071680B0203F4E063C1F307210B43043395
:100AE00093420FD801231048B37000F03BFCE9E7B4
:100AF0000120EDE7404637F028FF1E21012025F0B8
:100B000088FDC6E70028D4D1C3E7002025F081FD89
:100B100003B0BDE8F08300BF18100020100F0020C4
:100B20003566020099060000C80D002070B54378B4
:100B30000278012B14D0022B2BD063BB052A2AD1BB
:100B4000274C2278082A47D02649D0F802000D46C3
:100B5000DEB2964224D345F822000132227016E01C
:100B6000052A18D11E4C2178C1B3D0F802601D4867
:100B70000023024650F8045BAE421ED1002001392A
:100B800042F82300217002EB830299420FDC00201F
:100B900002E0012A17D00120BDE870401DF01AB80C
:100BA00051F8046B0133B042D2D12E20F4E75468DF
:100BB0000133146042F8040FE7E70133DDB2A942C4
:100BC000D8D82D20E8E720220021064828F03FFE53
:100BD0000022034B1A70DAE71C20DDE71B20DBE75D
:100BE000BE2C00201C10002010B5084B084A1C78B1
:100BF0000023D9B28C4201D8002010BD52F8041B4A
:100C000001338842F5D10120F7E700BFBE2C002058
:100C10001C100020F8B50546002843D037F09AFE96
:100C2000AB6A06469B889BB21BB9BDE8F84037F01B
:100C30008CBEE86836F06AFD0023AC6A85F8303077
:100C400037F088FEA3889BB21BB937F07EFE304692
:100C5000EBE767886388E2889BB20133B3FBF2F16C
:100C600002FB11339BB26380A388BFB2013B9BB2EE
:100C7000A38037F06AFE14235F4307F1100121447B
:100C8000E86836F089FD08493C44A1610028DED1BE
:100C90006769002FDBD0E26823692846D31AA2686F
:100CA000B847D4E7F8BD00BF097000F038B51D4C57
:100CB000206803689B6C1A0421D5012102F040FFD3
:100CC00037F048FE4FF40042054623681B6803F5E1
:100CD0000053DA649A6437F034FE23681B685A6E56
:100CE00022F4E0225A665A6E42F082725A6637F057
:100CF00023FE284637F029FE2068FFF78BFF206887
:100D000003689B6CDB060CD5012102F019FF022160
:100D1000206802F0BBFC102223681B6803F5005317
:100D20009A6438BD5C130020014B1868FFF772BF4E
:100D30005C13002010B5102488B02246002101A8C1
:100D400028F085FD29238DF804300C4B4FF4806288
:100D500002930B4B0B49039302238DF810300A4B7F
:100D600001A8CDE90523079400F034FA014610B13B
:100D7000012025F071FC08B010BD00BF0910000073
:100D800061660200581300200A00040013B507F042
:100D90009BF8124B124A18600368124C934218D009
:100DA00002F58042934217D02521022025F054FC01
:100DB000FF2325210220237025F04EFC01A90120EC
:100DC00037F009FE014610B1042025F045FC02B0C1
:100DD00010BD0D232370F1E70F23FBE75C13002008
:100DE00000C00550BF2C00202DE9F8431D4E0446DD
:100DF0003068884625F029FD014620B1012025F004
:100E00002BFCBDE8F883184DE71C2B6827F003077F
:100E1000DA19164B9A4224BFA3F582732B60B4F5FE
:100E2000827F08D91D21032025F016FC3068BDE81B
:100E3000F84325F018BDD5F80090224641464846B3
:100E400028F00DFD0A48224649460A4B006802F088
:100E500033FF10B92B683B442B60306825F0D9FC78
:100E6000E4E700BF5813002040300020401100206C
:100E70005C130020790E00001FB50223003918BF53
:100E800001218DF80030074B019110226946186846
:100E900025F0EBFC014610B1012025F0DDFB05B08B
:100EA0005DF804FB581300201FB500238DF80030B7
:100EB000064B69461022186825F0D7FC014610B190
:100EC000012025F0C9FB05B05DF804FB5813002094
:100ED00070B51B4D04462B6803F58272194B9A427C
:100EE00024BFA3F502732B6037F034FD4FF48272F8
:100EF0000646154B2046296802F030FE0446C0B96C
:100F0000304637F022FD4FF40041104B186803685B
:100F100003F50052916448F2100203F58053DA643D
:100F2000214602F00DFE2B6803F582732B602046EC
:100F300070BDFFF7B9FF304637F007FDF7E700BF98
:100F40004430002048130020C10F00005C13002033
:100F500070B5164D286825F078FC014618B10120BF
:100F600025F07AFB70BD124C124E94F9000004F08B
:100F7000E7FB94F9000004F09DFB33680E4A1B6800
:100F80005A660E4A03F500539A6437F0E3FC0446B0
:100F90003068FFF79DFF08B1FFF786FF204637F066
:100FA000D4FC2868BDE8704025F05DBC58130020D3
:100FB000BF2C00205C130020FF002401FFFF010074
:100FC0001FB500200124CDE9020001900C488DF8E6
:100FD0000040814201D001B1019463B1CDE90232F8
:100FE000084B69461022186825F03FFC014610B1F5
:100FF000012025F031FBFFF757FF04B010BD00BF03
:10100000097000F05813002070B5214D86B0286893
:1010100001AA02A925F056FC1B28044604D028B1D9
:101020000146012025F018FB06B070BD37F092FC98
:101030009DF808300646012B1ED0022B0FD043B975
:10104000144C206826F0A8FB10B92068FFF740FF79
:10105000304637F07AFC286825F005FCE4E70E4BB3
:10106000039E5C601C7337F070FC286825F0FBFB66
:101070003046FFF7B7FCD7E737F067FC286825F064
:10108000F2FBDDE904120398FFF7C8FCCCE700BFD0
:10109000581300205C1300204813002008B50348B3
:1010A00037F09EFCBDE8084028F050BBF4900300E8
:1010B000014837F095BC00BFF49003000348044A90
:1010C0000449121A921025F0D5BA00BF4001000061
:1010D00020030000602E002008B5154B83F30A881A
:1010E00000F030F8FFF7EAFF124B13498B4212D39E
:1010F0000020124B12498B4218D3FFF75DF9186894
:1011000050F82240586840F82240013298688242E4
:10111000F5D30C33EAE70022F8E71C6844F8220014
:1011200001325C68A242F8D30833E4E70022F8E712
:101130000000002088DD030094DD030094DD03003F
:1011400094DD03004FF40041134B144A70B59A60CC
:10115000D3F88820124D42F47002C3F88820114A57
:1011600005F5005491664FF0FF3222664FF6DF72AC
:1011700062660222C3F8D020BFF34F8FBFF36F8F98
:101180004FF44036032004F0DBFA0320E66004F05D
:1011900091FA2E6170BD00BF00ED00E0000000007C
:1011A0000080004400900050014B1860704700BF61
:1011B0004C300020054B1860054B1B6F03F00703F4
:1011C000032B01D136F06EBA704700BF54300020B7
:1011D00000800050F8B50F460546002843D000298E
:1011E00041D003784268980702D01AB9212428E038
:1011F000002AFBD1190702D5AA8A002AF6D09A063E
:1012000005D5EB8A002BF1D0AB69002BEED02C205A
:1012100026F0FCFC064640B32C22002128F017FBE8
:101220002B46321D05F11C0153F8040B8B4242F88A
:10123000040BF9D12B785B0705D53E606B686BB961
:1012400000242046F8BD0121304625F0B6FA0446B8
:101250000028F2D0304626F0DBFDF2E731460448A4
:1012600025F01CFAECE72224EBE71924E9E700BF9C
:101270006013002008B5034825F009FABDE80840CE
:1012800028F054BA601300200B4B10B51C680CB941
:1012900001200AE037F055FB94F8202003462AB1DC
:1012A000A26A1AB137F048FB002010BD184637F08B
:1012B00043FB2468EBE700BF601300200B4B10B525
:1012C0001C680CB901200AE037F03BFB94F82020A1
:1012D00003462AB1A26A1AB137F02EFB042010BDD2
:1012E000184637F029FB2468EBE700BF60130020A5
:1012F0000C4B10B51C6804B910BD37F022FB94F8F4
:10130000203002464BB1A36A3BB1013BA36237F0E8
:1013100013FBA36898472468EDE7104637F00CFBF1
:10132000F9E700BF6013002038B5054637F012FB1F
:1013300000230B4A14685CB1AC4206D1A96A6BB1B8
:10134000996237F002FB012007E02346A46AF2E726
:10135000002DF3D037F0F9FA204638BD1160F0E7E0
:101360006413002010B50446B0B136F0E7FE204605
:10137000FFF7DAFF10B194F82C300BB9002010BD44
:10138000064C2368002BF9D037F0E4FA2368013BC0
:10139000236037F0DAFAF1E72220F0E76813002043
:1013A0002DE9F04385B00546914698460E469DF8D6
:1013B000307009B9002F5CD12846FFF7D3FF0446EF
:1013C000002836D185F82C00686304F0A7FC86421B
:1013D00033D936F047FF2146844640F2E7304FF4D8
:1013E0007A720023E6FB0C0106F000FE4FF0FF329C
:1013F000002306F0FBFD2B46E88611462846CDE982
:1014000000441D4A37F0A9FB044690B9C5E9089885
:1014100085F82D702E6337F09DFA184A136833B3A0
:101420001A469B6A002BFBD195620023AB6237F012
:101430008CFA204605B0BDE8F08347B12B46314613
:101440002846CDE900440C4A36F05EFFDCE7304622
:1014500003A936F00DFF04460028EAD12B462846A2
:10146000CDE90077044A039937F053FBCCE71560C8
:10147000DBE72124DDE700BF8114000064130020B6
:1014800091F82C3013B50C4683B98B8ECA8E9342DB
:101490000ED243B9CDE9003320460B46124A4FF035
:1014A000FF3137F01AFBA38E0133A38602B010BDC3
:1014B00052B191F82D3093B101230093D1E9082363
:1014C0002046096BFFF76CFF012384F82C30074B93
:1014D0001A6801321EBF1A6801321A60E6E7084630
:1014E00036F02CFEF0E700BF8114000068130020E6
:1014F0002DE9F041154E336833B34FF00008144F17
:1015000037F028FA05463C6824B92846BDE8F04182
:1015100037F01BBA94F82C30A3B1336884F82C80D0
:1015200013B13368013B336094F82D3013B9204672
:10153000FFF7FAFE284637F008FAD4E908312046CA
:101540009847DDE7A46ADFE7BDE8F0816813002073
:1015500064130020034B1B68002B14BF04200120E0
:10156000704700BF68130020024B1868B0FA80F083
:10157000400970476813002013B5082025F005FACC
:1015800006F0A2FC0123104C009390F83630206046
:10159000C3B9006826F0ACF9236820F07F4093F8C7
:1015A0003530023B012B94BF0323002340EA8370B4
:1015B0000190684625F0ADF9082002B0BDE8104062
:1015C00025F0EEB90020E7E76C130020BFF34F8F42
:1015D0000549064BCA6802F4E0621343CB60BFF3CF
:1015E0004F8F00BFFDE700BF00ED00E00400FA05EB
:1015F000002307B52948019337F0F2F94FF44073FF
:10160000012204216846ADF8003025F0D5F9012209
:10161000234B0520C3F8442401A937F0DCF9002846
:1016200039D1204BD3F8F02042F00102C3F8F0206A
:10163000D3F8FC2042F08072C3F8FC201A4AA3F5CC
:101640005D431A60019B194A03F5D52303F2FC435D
:10165000B3FBF2F3164A013B13610223C2F8F030E8
:101660004FF48073C2F804334FF06043114AC3F85B
:10167000B02F114AC3F8802ED3F8002E42F48072A6
:10168000C3F8002EFF2283F82020D3F8002E22F486
:101690008072C3F8002E03B05DF804FBF4900300E1
:1016A00000D0035000ED00E0FF030040F8590D00AA
:1016B000000004E055CEACC5090001004FF06043C6
:1016C000D3F8802E30B5D20715D501240B4D8440B8
:1016D000D5F8FC2042F08072C5F8FC20D3F8002E2B
:1016E0002243C3F8002E53F82020002AF0D003F83C
:1016F0002010002030BD1120FCE700BF00ED00E00D
:10170000F8B504460127124D0CB314F001000BD0BC
:10171000002024F0010405EBC0021668002EF3D06F
:101720005168C0B2B047EFE72246013020284FEAA7
:10173000520201D0D307F8D507FA00F20F2824EAA5
:101740000204E8D9421E05EBC2021038E5E7F8BDF5
:101750007013002008B50C4837F042F9192003F047
:10176000B7FF28B1192003F0EBFF192003F0A2FF07
:101770001A2003F0ADFF28B11A2003F0E1FF1A2070
:1017800003F098FF002008BDF49003002DE9F0411C
:101790000D4690461F460446002837D0002935D014
:1017A00037F0D8F823780646FF2B05D0424620466E
:1017B000296803F085FD28602B68013309D123785F
:1017C000FF2B06D1124B6078D3F8241426F0D2F800
:1017D00028602A68531C13D00E49069B41F83270CA
:1017E00001EBC2014B602378FF2B04D0012393400F
:1017F000094AC2F82434304637F0A7F8002003E045
:10180000304637F0A2F82D20BDE8F0812220FBE71A
:1018100000C003507013002000D0035008B503F03F
:10182000FFFC054B00F0553020F05020C3F8200499
:10183000BDE80840FFF764BF00E0035008B503F0BF
:10184000EFFC054B00F0AA3020F0A020C3F82004E4
:10185000BDE80840FFF754BF00E003502DE9F04F0A
:101860009A46564B85B01B7806460F461546DDF85E
:101870003C909DF844B0DDF85080002B00F097803C
:10188000072A00F296800E9B002B00F09280B9F19F
:10189000000F00F08E80129BB3F5006F00F389807B
:1018A000012803D1109B002B00F08380444B03EBF5
:1018B00005131B7B002B7ED0424C10220021684672
:1018C00027F0C5FF04EB45141022A7BB394620467C
:1018D00027F0BDFF43F210036380BBF1000F03D17B
:1018E000E37843F00303E370364A0E9B02EB451C9A
:1018F000CCE90193129B6901581E9DF84C30C0F34E
:101900000A0003F003039B0643EA001E53582E48C7
:10191000012E00EA03004EEA0003CDF800A0535068
:1019200017D0B8F1000F2ED19CF8023068F30413E1
:101930008CF8023027E00021204627F088FF4FF482
:1019400044736380BBF1000FCED1E37843F03003E2
:10195000C9E713230CF1100ECCF80C309CE80F00F3
:101960008EE80F006FF00301DCF81C20109B61F380
:101970009F02012FCCF81C20CCF8143003D1CCF8F6
:101980001890CCF8043000270D4A290102EB05130A
:1019900042F80180159A28465A60694622469F609F
:1019A0005E7303F01BFA384605B0BDE8F08F0748B8
:1019B000FAE70748F8E70748F6E700BFC02C002021
:1019C00060150020601400200F80FFF3028000F0FB
:1019D000018000F0078000F038B5124B05461B78F7
:1019E000DBB1E0B136F0B6FF0F4A00231146147B9D
:1019F00054B92B6001251A0101EB03131D738C50A0
:101A000036F0A3FF204638BD0133082B02F1100247
:101A1000EDD136F09AFF0548F5E70548F3E70548AC
:101A2000F1E700BFC02C002060150020048000F00A
:101A3000028000F0018000F0154B13B518680023F8
:101A400001908DF8043036F085FF124B1C7824B1DC
:101A500036F07BFF104802B010BD01221A7036F03C
:101A600074FF0E4B01A81C731C7783F82C4083F87D
:101A70003C4083F84C4083F85C4083F86C4083F82A
:101A80007C4008238DF8073003F078F92046E2E720
:101A90004A900300C02C0020038000F06015002055
:101AA0000A4A08B512785AB107280BD8084A02EB3F
:101AB00000131B7B43B1002103F052F9002008BD45
:101AC0000448FCE70448FAE70448F8E7C02C002083
:101AD00060150020028000F0018000F0078000F017
:101AE0000A4A08B512785AB107280BD8084A02EBFF
:101AF00000131B7B43B1012103F032F9002008BD24
:101B00000448FCE70448FAE70448F8E7C02C002042
:101B100060150020028000F0018000F0078000F0D6
:101B2000184B2DE9F0411F6D5B6D1F4000D5FEE79E
:101B300001260025144CDFF85880374218D023685E
:101B4000C8F85060A3B1A168284601316268A1605D
:101B50009847637B012B0BD150B90C4B03EB45131A
:101B60001A7B60F341021A731A7F60F341021A77FD
:101B70000135082D4FEA460604F11004DDD1BDE819
:101B8000F08100BF000004506015002060140020A8
:101B9000002004502DE9F04F144605460E469B46A2
:101BA000C36B87B001225B6902A960689847EB6B41
:101BB00001225B6903A93046984702A825F0E4FB9F
:101BC000074648B10023A37563754FF0FF33A36048
:101BD000002007B0BDE8F08F03A825F0E2FB012349
:101BE000A375237E04EBC303DE611F846368B342E5
:101BF0000ED1206003A825F0F6FB4FF0FF332075CF
:101C0000A360237D043B022B26D80023A375DFE7C6
:101C100023681A1A53425341A37503A825F0E3FB26
:101C2000237D834218BFA77503A825F0BEFB074696
:101C300002A825F0BAFB874218BF002303A818BFEB
:101C4000A37525F0BAFB074602A825F0B6FB87422C
:101C50001CBF0023A375D4E703A825F0A6FB80B121
:101C6000EB6B022230465B6904A9984704A825F073
:101C7000ABFB0346207D032839D8DFE800F0383875
:101C8000040903A8F3E7CC22237E04EBC3031A84E0
:101C900001F0B8FA109B187003A8277E25F079FB95
:101CA00004EBC70787F82200237E03A804EBC303D5
:101CB000B3F8209093F8227025F077FB804603A8B4
:101CC00025F07BFB8246B8F1000F15D0EB6B0222AA
:101CD00030465B6904A9984704A825F03AFB607573
:101CE000637D6BB90023A3754FF0000838E0227EB6
:101CF00004EBC2021384CBE703A825F015FBEEE743
:101D000094F81680B8F1000FEED0B9F1000F09D1A8
:101D1000DFB10123E375637E002B4FD1012F42D148
:101D2000677614E06B6C06EB0A02594286EA020001
:101D300008421CBF0021A175591E0A409B1A9945F3
:101D4000D0D8A37D002BE3D1CEE7E37D43B94FF09C
:101D500000084B4652463146284625F053F8A0600D
:101D6000A27D12B123694B4423611A49237E09786D
:101D700099422AD901332376BBF1000F27D032B321
:101D8000E37D23B3B8F1000F21D1032F1FD0A16849
:101D90004B1C1CD0109B2246009328460123FFF7C2
:101DA000F9FEA07513E095F8343063B9EB6A01339E
:101DB000CFD1032FCDD10123A376C8E7012FCFD0F8
:101DC000032FC4D1F7E79846C3E70023A375A07D8E
:101DD000FFE600BF709003002DE9F04F0E469846D5
:101DE00000238BB004464FF0FF31104617468DF8A4
:101DF000133001F0F1F9B6F5801F3BD3B21C53D17B
:101E0000E56A6B1C57D12046616A24F041FF054604
:101E1000B31C18BF0123DFF810910193636A626C51
:101E20000293236805A902FB053AE36B05225B696F
:101E30005046984705A825F042FB25F065FB504623
:101E400025F06DFB4FF0000B824601464B1C05D080
:101E5000636C81EA0A025B42134232D02946204673
:101E600024F016FF029BAB424DD0BBF1000F4DD1C9
:101E70000546D3E7314605AA04F1080025F0D2F95A
:101E80000146481C10D0384601F0A6F90122394617
:101E900020460DF1130325F007F828B19DF8133003
:101EA00088F80030002003E0237C002BA8D12D20EF
:101EB0000BB0BDE8F08F2368ED1A636CB5FBF3F54A
:101EC000A6E7484601F088F90DF11303494620467C
:101ED000019A24F0E9FF034690B1B21C03D0D9F86F
:101EE0000020B2420CD19DF8132003930D4B88F8CB
:101EF000002049461A68384627F0B1FC039B9B46F0
:101F0000D9F80810A2E7BBF1000FD0D0B6F5801FBA
:101F1000C8D2314698F800307A6804F1080001F020
:101F200089F8BFE76C900300541C00202DE9F341B1
:101F30000446174698460E46194D816AE36A8B425D
:101F40002AD04B1C18E0284601F046F90122294608
:101F500020460DF1070324F0A7FF30B14346294680
:101F600020469DF80720B847B0B1A9684A1C05D0A3
:101F7000012E0AD0E36A9942E5D10DE06968204656
:101F800024F013FF012E0146D8D16B6881EA0302C9
:101F9000636C5B421A42D1D002B0BDE8F08100BF51
:101FA000281C00202DE9F0474FF0FF334FF6FF7259
:101FB0000025044600F10806C0E909238AB0C3627F
:101FC0000562056330460F4625F0FDF8204624F0F3
:101FD000DFFD28BB2046394624F0AAFE204624F027
:101FE000D7FD28BB5E200AB0BDE8F087E26B23680E
:101FF000606CD2F814C000FB0530052205A9E0474B
:1020000005A825F05CFA012840F083802946204687
:1020100024F05FFE421C2946204624F0D8FD0135FD
:10202000E3699D42E2D3204624F0B2FD0028D1D0DE
:10203000204624F0DDFD4FF6FF72636A934200F004
:10204000B080E26B676C2068694607FB0300556946
:102050000522A847684625F009FA626A2368606C81
:10206000514D00FB023025F05AFA4FF0FF33A062C9
:10207000E3622A466FF00101204605ABFFF7ACFE94
:10208000002850D1AD6829462046E56224F05CFD69
:10209000206320B92046E16A24F087FEE0622946E9
:1020A000204624F082FE0546A36A9D423DD120468B
:1020B00024F008FD00278046B946E369994546D3D8
:1020C000B84563D92046616A24F0E2FD0026054642
:1020D00004F1400ABE4212D3626C2368694602FBD7
:1020E0000539E36B05225B6948469847684625F049
:1020F000BDF9534602464946E06B25F012FA2946DF
:10210000204624F0C5FD0136B0450546E2D16420E5
:1021100069E725F0FEF9002881D02946204624F001
:10212000D8FD024677E7A56AADE72946204624F0A8
:102130000BFD236B2946034407462363204624F006
:1021400034FE0546002FAFD1C4E90B07ACE7636C42
:102150002568052203FB0955E36B05A95B69284641
:10216000984705A825F0ABF925F0CEF958B12846D7
:1021700025F0D5F90146204624F0E6FC636C143BBB
:10218000984208BF013709F1010996E7304625F06A
:102190001AF8002320461946044AFFF7C7FE00201C
:1021A00021E767201FE700BF801C0020976E020018
:1021B0002DE9F041036B9046826B07689A4288BF15
:1021C0008363426C436A90B002FB0377C36B0E4695
:1021D000052201A95B6904463846984701A825F005
:1021E0006EF901280146307057D0656CE26B2368A8
:1021F000606AD2F814C005FB0030052206A9E0474A
:1022000006A825F05CF901284FF0000523D0D4E999
:102210000A3201219342CDE90B458DF834800E95A9
:102220008DF83C102AD11946204624F0BEFD236BC0
:10223000626C14339B1AE06223630C9B53B99DF8C4
:102240003C303BB1626A616C2368E06B01FB023198
:1022500025F0EDF80C9DE36B05225B6901A938467A
:10226000984701A825F02BF930702846236BA26B04
:102270009A4288BFA36310B0BDE8F081237C33B9D4
:102280001C490BAA04F1080000F022FFD5E7204604
:10229000194A0BABFFF74AFECFE7237C23BB22464C
:1022A000164904F1080000F013FF616A204624F08B
:1022B00010FD616A421C204624F089FC054620B9C5
:1022C000236B626C1344143B23632046A16A24F001
:1022D0006CFD2368A062C01A636CB0FBF3F060620F
:1022E000204624F0A5FDB6E700232046044AFFF768
:1022F0001DFEDAE7492A0000C5290000316F0200FF
:10230000CD6E020073B50D46D11E4A421C461B7E9F
:102310004A419A4226D129682368994222D36368A8
:1023200099421FD8114E0DF107033246FFF754FDB5
:10233000C0B972686B689A4214D19DF80730DA1EF2
:1023400053425341227E93420CD16369013363614E
:10235000D4E90323934205D22968A26842F82310E6
:1023600001332361012002B070BD00BF801C00203A
:102370002DE9F04F9A468BB09DF85030DFF850B100
:102380000293DBF81030804653450D461646C0F0E8
:102390009980D146DBF804300193B9F1000F00F0C9
:1023A0008D80D8F83C3001225B6907A901989847D5
:1023B00007A824F0F6FFDBF80030984240F0858053
:1023C00007A824F0FAFF0428074614D107A824F030
:1023D000FBFF019B029A04463B44002A3FD1864200
:1023E00012D91446361A4046019924F0DEFCA9EBB6
:1023F00004090190D1E7D8F83C3002225B690198CA
:1024000008A9984708A8E2E7841B544528BF54460A
:10241000032C03EB0607AAEB040A4FEA94021CD92B
:10242000D8F83C30294638465B69984724F00303C6
:1024300004F003061F441D44002ED4D0D8F83C30CD
:1024400001225B6908A9384698473246284608A900
:10245000354427F004FA0026C5E72646ECE7074690
:1024600000F00302039203442A1804920593049B8C
:10247000DD1B059BD81B039B9F420FD1002FB2D0C1
:10248000D8F83C30012208A95B6998473A462846AB
:1024900008A927F0B2F978B93D44A4E7D8F83C3050
:1024A000012208A95B6998470422284608A927F059
:1024B000A4F908B9043FDAE74FF0360948460BB0F3
:1024C000BDE8F08F4FF06309F8E74FF06F09F5E7CB
:1024D000AC1C00202DE9F0410F46164698460446F4
:1024E00088B060B390F83450FDB1012124F045FB71
:1024F00000210E9BCDE90511CDE902379DF83C3056
:10250000CDF804808DF81C30237C04968BB90D49DE
:1025100001AA04F1080000F0DBFDDDE90553E06BE2
:10252000002E08BF1D4624F011FD284608B0BDE866
:10253000F0812046044A01ABFFF7F8FCEDE70546C1
:10254000F3E700BFFB6E0200052300002DE9F04F0A
:1025500099B00F4609920A69416C0E931439D31D44
:10256000B3FBF1F3013302EBC302036B0446934266
:10257000C0F0BC810023DFF844940D93E36A484621
:102580001946079300F028FED7E9033604930E9B03
:10259000022B4ED1CC2E40F08A81099B002B42D0D9
:1025A0003946204624F030FD656C079A6B1E1340B7
:1025B0001490ED1AE36B01225B6916A978689847BD
:1025C00016A824F0F2FE00280CBF04230823782E5E
:1025D00006933DD9012300254FF0080A05933B6877
:1025E00005990E98C9F80030C9F8106024F0FFFE74
:1025F0004FEA9A0310930023DDF81CB089F8140009
:102600000B930F9308930C93616C4A1E0BEA020222
:102610008B1A002E38D05544AB4240D8236B5B1A3E
:1026200013442363ABE0049B1B68149308230693B5
:10263000D0E7656C079A6B1E1340782EA5EB030557
:1026400016D8FB7D7BB9099B002BB3D104230693DD
:10265000331DAB4210D9A6B1082DBBD804250023E9
:10266000AA460593BBE7099B002BA3D10823EEE7FD
:10267000099B002B9ED1D9E7002505954FF0040A50
:10268000ADE704250596F9E75345C7D3B0460BEBF4
:102690000A030393089B002B18BF032313E0A3EB4B
:1026A0000A039E42B0460BEB0A0228BF98469E42A0
:1026B0000392EFD90123D9F8102089F817309642F8
:1026C00071D1C9F804B0089399F81730002B6CD079
:1026D00099F818200899D31C09EBC3030132C3F8F9
:1026E00004B0A3F80880997289F81820B8F1000F97
:1026F00014D00E9B022B5BD10B9B7BB90F9B4344E9
:10270000032B0BD9E36B01229B69039814A998470B
:102710000546002840F0EC8001230B93089B16A887
:102720000193059B009399F814204346396800F003
:1027300009FDE36B58469B69109A16A99847051E38
:102740000D9B18BF5B4652460D93594643462046A3
:1027500024F058FB236B08F10302A3EB0A0322F0D9
:1027600003029B1AC9F808002363002D40F0C080C3
:102770000F9BDDF80CB04344A6EB08060F935946B7
:10278000204624F012FB00258346002E7FF43CAF48
:102790008A4A3968936804F10800E36252680E9B24
:1027A00000F048FC84E002238DE7C9F804B09DE7FF
:1027B000099B002B30D1049BB8F1030F43440A93CB
:1027C00027D9DDE90301E36B4FEA98029B6998473B
:1027D0000546002865D118F003025FD0049B28F05D
:1027E00003052B440493039B1D444FF0FF330499CE
:1027F00015A8159327F033F8E36B28469B6901224F
:1028000015A9984705460A9B0493002D86D0039B83
:1028100099E74246039DE8E7039B0A9307F12003EB
:102820001193FB7D78689BB100233D7E0C9AD9B251
:102830008D4211D9119903F1010C31F833109142F5
:1028400026D9069907EBC303D8690A44104403E06C
:102850000C9B069A13441844E36B01225B6915A98B
:102860009847159B012213930C9B0A9804330C93F1
:10287000E36B13A99B699847039B0A9A43449B1AED
:10288000042B054607D978B9134604330A93C8E7E1
:102890006346521ACBE70A9B0393B6E70A9B04935D
:1028A0003CE70A9B0493B2E70A9B0393AFE77026C9
:1028B000304619B0BDE8F08F002657E004F108005B
:1028C00024F081FC3346314620463D4AFFF72EFB7B
:1028D0003A69616CD31D1439B3FBF1F3013302EB98
:1028E000C302236B9342BFF449AE65E01C26DFE7C9
:1028F0003D2D61D104F1080303932368079A606CAE
:10290000D61AB6FBF0F600FB063024F008FEE16AAA
:102910008246204624F049FAA26A8242D8D0626CEC
:10292000D9F80830511E0B40216BE062891A0B4424
:1029300023630D992368CB1AB3FBF2F84645BBD14C
:10294000079BB3EB0A0611D0E36BB20851469B69B3
:1029500098478346E36A079A3344E362236B0398FC
:102960009B1A5344236324F02EFC5E462368616C5B
:10297000E06B01FB083124F047FD204624F008F904
:10298000204624F035F9626A2368606C00FB02304F
:1029900024F0C5FDA062204624F04AFA2063002EF0
:1029A0008CD03A69616CD31D1439B3FBF1F3013358
:1029B00002EBC3029042A0D22E4679E7541C0020BD
:1029C000976E0200032A2DE9F34106460D4617468D
:1029D0001C4606D1237A012B23D0012002B0BDE88A
:1029E000F081DFF86080096842460DF10703FFF7C8
:1029F000F3F960600028EDD19DF80720237A032ABF
:102A0000E8D0D8F804106A689142E3D1012B296913
:102A1000D4F80CC007D172690CEB0103934202D9C0
:102A20002074207CDAE708316144E1603B460122F2
:102A300029463046FFF78AFD60600028CAD0002092
:102A4000CCE700BF801C00202DE9F341089C032A3D
:102A50001746266806D1237A012B24D0012002B024
:102A6000BDE8F081DFF89080304642460DF1070363
:102A7000FFF7B2F960600028EDD12568D8F80400AE
:102A8000A96AD5F844C04840CCF100031840227A26
:102A9000E1D1012A09D1E268D8F8103013447269F3
:102AA000934202D92074207CD9E72868EB6A1B1A6C
:102AB000081AB3FBFCF3B0FBFCF083420BD1706C43
:102AC000F36A421E1340326B121A134428463363D2
:102AD00024F06BF9E862D8F81020E3680832134458
:102AE000E36001223B4604492068FFF72FFD606048
:102AF0000028B0D00020B2E7801C00202DE9F04172
:102B00000025634B0E46D3F8008004461D6018B9BB
:102B100021252846BDE8F08190F8347007B30A6893
:102B200003689A4240F0AA804A6843689A4240F09B
:102B3000A5808A6883689A4240F0A080CA68C3680A
:102B40009A4240F09B800A6943699A4240F096801D
:102B50008A69C36B9A4240F091804B698361D8E7E0
:102B600068223946856B26F072FED6E90212336878
:102B700004F1080023607368A563636033696361CF
:102B80007369A36124F031FBB36904F14000E3638E
:102B90009B68984720B9676C17B16368B3FBF7F778
:102BA00094F84330E761002BB2D00023656C2366B4
:102BB000002D6BD0002F69D02368B3FBF5F205FB25
:102BC0001233002B5CD16768B7FBF5F605FB167670
:102BD000002E55D1204623F0A7FFA36904330344F8
:102BE0009F424FD340F634726369CC3B93424BD83B
:102BF000B5F5805F4AD30321204623F0BEFFD4E918
:102C00000001E36B1B6898470546E36B0220DB6815
:102C100098472DB184F83460E06B24F097F978E799
:102C200041462046FFF7BEF96428054604D14146D7
:102C30002046FFF7B7F90546636C143BD5B9226A05
:102C4000204602FB03F623F06FFFA369043303441D
:102C50009E4203D284F834505A25DDE70123D4E99B
:102C600000010C4A84F8343013680133136024F0F7
:102C700056FBD1E7002384F83430CDE75D2548E7E3
:102C8000592546E75A2544E75F2542E75B2540E79B
:102C9000E4150020E01500202DE9FF410C46164602
:102CA0001F46054680B390F834307BB3B1F5801FE2
:102CB0002ED2DFF86080012123F05FFF21464246DB
:102CC00028460DF10F03FFF787F8044670B99DF809
:102CD0000F30012B11D1D8F81030BB4212D102466F
:102CE000009031462846FFF743FB0446E86B24F08A
:102CF0002DF9204604B0BDE8F081022B14BF2D242D
:102D00006024F3E76324F1E72124F2E71124F0E7DC
:102D10002924EEE7AC1C00202DE9F04385B00C46D9
:102D200017461E460546DDF8308098B390F83430DB
:102D300093B3B1F5801F31D2DFF86490012123F005
:102D40001CFF21464A4628460DF10F03FFF744F8C1
:102D5000044688B99DF80F30012B14D1D9F8102002
:102D600006EB08039A4213D3009043463246394695
:102D70002846FFF7FDFA0446E86B24F0E7F8204602
:102D800005B0BDE8F083022B14BF2D246024F3E7C7
:102D90006324F1E72124F2E71124F0E72924EEE788
:102DA000AC1C00202DE9F3411F4600230C461646BB
:102DB00005463B6050B390F834304BB3B1F5801FFB
:102DC00028D2DFF85480012123F0D7FE2146424665
:102DD00028460DF10703FEF7FFFF0446A0B99DF852
:102DE0000730032B10D0022B0AD1012333600423B8
:102DF0003B60E86B24F0AAF8204602B0BDE8F08101
:102E0000D8F810303060F3E72D24F2E72124F3E7FF
:102E10001124F1E72924EFE7AC1C002073B5044628
:102E2000416923F066FE626E236B024493422CBF1D
:102E300000220122834294BF00231B1A207C84F8C5
:102E40005020636584F85800A8B100230B4E1A4641
:102E500019462046009624F0A4F9002305461A4698
:102E600019462046009624F0A5F9E36828449842C4
:102E700094BF0020C01AE06502B070BDFFFF0F00D4
:102E80002DE9F3471E4643690446B3428846174678
:102E90009DF828904FD300258DF807502046616992
:102EA00023F027FED4F830A082450AD2236AB5EB7E
:102EB000430F06D2002220460DF10701FFF778F9F3
:102EC000B8B39DF80730012B05D1002220460DF143
:102ED0000701FFF76DF9B9F1030F06D0314620461F
:102EE00023F007FE256B854227D3154D4FF0FF31A8
:102EF000284600F071F94B46294600222046C5E9D4
:102F00000376C5F80080FFF721FB236E054663B109
:102F10002046FFF783FF94F8503013B994F85830E7
:102F20001BB1236E04F150009847284602B0BDE85B
:102F3000F0870135B2E76225F7E71C25F5E700BF0A
:102F4000801C00202DE9FF410F4690461E46054695
:102F500098B390F8343093B3B1F5801F31D21A4C46
:102F6000022123F00AFE2246394628460DF10F03BE
:102F7000FEF732FF024678B10123424600933946FC
:102F800033462846FFF77CFF0446E86B23F0DEFF5C
:102F9000204604B0BDE8F0819DF80F30012BEBD145
:102FA0002169B142E8D10093414633462846FFF7F4
:102FB000DFF904460028DFD1E7E72124E8E7112400
:102FC000E6E72924E4E700BFAC1C002030B50C463E
:102FD000054685B028B390F8343023B3B1F5801F8F
:102FE00023D2022123F0C9FD0DF10F03214628460B
:102FF0000F4AFEF7F1FE034688B99DF80F20032A19
:103000000DD003222146009202462846FFF738FFE2
:103010000446E86B23F09AFF204605B030BD2D240E
:10302000F7E72124F8E71124F6E72924F4E700BFA5
:10303000AC1C00202DE9F043466886B3056898462D
:103040004FF0000CA946AE4655F83C400CF1010C7F
:10305000C4F31307013401D0B94217D066450EF10D
:10306000080EF1D12F46002403E0A64207F108071D
:1030700012D055F8343001340133F6D1C1F31301C5
:1030800041EA0851C7E90012BDE8F08341EA08515E
:10309000CEE90012BDE8F083B8F1030F03D101239C
:1030A0000372BDE8F083002303E09E4209F10809A2
:1030B000F5D055F833400133C4F30754032CF4D151
:1030C000C1F3130343EA0853C9E90032BDE8F083B2
:1030D0002DE9F0410646406882B0C0B10F469046E7
:1030E0000024336853F8345003EBC403C5F307528C
:1030F000C5F31301013504F1010406D05B683046C5
:10310000CDF80080B84710B170688442E9D302B0AE
:10311000BDE8F081024B1968024B1868FFF7EEBC5E
:10312000583000207830002008B535F00AFC014BFB
:10313000186008BDD81C0020014B186835F0FCBB96
:10314000D81C002073B504462248012A00EAC111A8
:103150009DF8185023F07C4007D9961E012E28D9DF
:10316000073303F07F03194308E09DF81C300A433E
:10317000DB0603F0C053134343F060410023C4E96E
:1031800000108DF80730B5B1202221460DF107005F
:1031900024F0E1F91A220DF10700211D24F0DBF9DA
:1031A000082063689DF8072043EA8263636002B0E9
:1031B00070BD1143E2E71B220DF10700214624F008
:1031C000CAF923689DF80720042043EAC2632360FC
:1031D000EDE700BF80FFFF0738B5094B0D461A68C1
:1031E0000021044626F033FB00234FF0FF322383F7
:1031F000C4E900252361A260E382A37638BD00BF45
:103200006C9003000138C0B205289ABF014B185CCE
:1032100001207047719003002DE9F04107461546E3
:1032200000240E46596888B0490A012922464FEA0F
:10323000510104F10104F8D8DC78997824031B8843
:10324000C90201F4006104F480540C43C3F30A037F
:103250005203234492B24FF000089C18274B6FEAA8
:103260000444039325F07843ED4302A90DF10700D0
:103270001B2202938DF8078024F06DF99DF807203A
:10328000029B02A943EAC2630DF107001B2225F04D
:103290007845049302958DF8078024F05CF99DF839
:1032A0000720029B6FEA144443EAC26305934FF080
:1032B000FF330794069307A9BB69012206F11000AA
:1032C0009847BB6905A90446012206F10800984702
:1032D000BB69404518BF044604A90122301D984728
:1032E0000122404518BF0446BB69304603A99847F0
:1032F000404508BF204608B0BDE8F08101009AB201
:1033000038B504460D4635F025FBA3889BB223B99A
:103310002B6035F01AFB064838BD142263889BB237
:1033200002FB034408342C6035F00FFB0020F3E768
:103330000B7000F038B141B1013AB2F5006F0448AA
:1033400038BF00207047034870470148704700BFEE
:10335000037000F0027000F0104930B50A78104B8D
:103360002AB9C3E90022C3E9022201220A700C49EA
:1033700000220C4654F8045B854208D00132042A2E
:10338000F8D1002251F8044B1CB943F82200002068
:1033900030BD0132042AF5D10248F9E7C12C0020E2
:1033A000DC1C0020027000F0002313B51D4A52F807
:1033B000044B94F8211081420ED00133042BF6D136
:1033C00002B010BD0028FBD19DF80730002BF7D0CC
:1033D000A068FEF765FBF3E794F83530022BEFD1D8
:1033E000204624F03DF9637E2076022BE8D194F844
:1033F000323003F0FF02002BE2D1A0680DF107018B
:103400008DF8072034F0A2F9237E1BB194F83330F5
:10341000002BD7D00023A06884F83330FEF760FB80
:10342000CEE700BFDC1C002010B50446FEF704FB0D
:10343000002104F10800FEF7CFFA014608B1044864
:1034400010BD04F10C00FEF7C7FA0028F8D0F6E72B
:103450000E7000F0F8B5044616460F4635F07AFABD
:10346000A388E2889BB29A42054605D800233360C0
:1034700035F06BFA1748F8BD1422238807F1100CB9
:103480009BB202FB03433A460833174603CF674516
:10349000186059603A4603F10803F6D114223868DF
:1034A0001860238828469BB202FB0343083333602D
:1034B0002388E2889BB20133B3FBF2F102FB1133A4
:1034C0009BB22380A38801339BB2A38035F03DFAE1
:1034D0000020D0E70A7000F008B590F8363083B9C4
:1034E000042203685A619A699207FCD541F21C6272
:1034F000102103795B0103F1A04303F57033995068
:1035000008BD022BFCD10068036CDB074CBF052112
:10351000062124F0BEF90222014BC3F8C020EFE7D8
:1035200000D40350012370B580F8303090F8363065
:1035300004460E4686B0A3B905682435204624F01B
:10354000E3F80D4B049403930023029373680193F3
:103550000123009332682B466169E06823F098FAF2
:1035600007E0022B02D105683435E7E7002380F835
:10357000303006B070BD00BFB53B000001232DE91F
:10358000F04180F8313090F8363004460E4688B06D
:1035900063BB256835F0DEF904F13C0807460DF100
:1035A0001F0140463C3534F0F5FD40B99DF81F3011
:1035B0002BB1404634F0C2FD204635F0E4F93846E0
:1035C000012735F0C2F92046E76524F09DF80B4B42
:1035D000049403930023029373682A46CDE9007391
:1035E00033682169A06823F039FA04E0022BD0D0B7
:1035F000002380F8313008B0BDE8F08101360000CA
:103600002DE9FF41D06A03A91446FFF779FE06466B
:10361000204635F0A5F9002501462346CDE90055A1
:10362000184A04F13C0035F074FA174B9E4221D041
:10363000039E3561B56035F08DF9D6F80C800746EC
:10364000B8F1000F04D0D6E9002329462046C04730
:10365000E06A03A924F071F8E06A83889BB26BB139
:1036600003A9FFF74DFE20460399FFF787FF384671
:1036700035F06BF9012004B0BDE8F08184F83130F9
:10368000F5E700BFDD7703000B7000F0F7B50D46DE
:103690000446002800F0848035F05CF9012D0646D0
:1036A0000AD1E36A9B889BB2002B3ED1304635F0AD
:1036B0004CF93C4803B0F0BD022D2ED1A36A9B8883
:1036C0009BB2002BF2D0E06834F020F80023A06A0F
:1036D00084F8303083889BB2002B4DD001A9FFF7CE
:1036E0000FFE019DE06805F1080134F055F82E4BFE
:1036F0002B61A06A83889BB2002B3DD001A924F0E6
:103700001CF8019AD568002DF3D0516893682046C3
:10371000CB1A12682449A847EBE7032D2CD1E36AA2
:103720009B889BB20BB9A36ABCE7A06833F0EEFF9D
:103730000023E06A84F8313083889BB273B101A919
:10374000FFF7DEFD019FA06807F1080134F024F8BF
:10375000154B3B61E06A83889BB293B9204624F005
:103760000FF88304FAD5A36B002B02DD204635F059
:103770000AF9023D012DA6D9304635F0E6F80020C1
:1037800098E701A923F0D9FF019AD768002FE1D06B
:10379000516893682046CB1A12680349B847D9E7A5
:1037A000024887E7087000F0097000F0027000F02E
:1037B0002DE9F04104461746FFF7BCFD8846064652
:1037C000E8B9152001F092FF0546E26A93889BB2A2
:1037D00013B194F83230ABB194F83630BBB92368EA
:1037E0009D6915F0020527D0012384F83430474441
:1037F000B84520683ED183699B06FCD545B3304669
:10380000BDE8F081002DE1D0FEF78AF9DDE7022B5B
:1038100012D123681D6C15F002050DD0012384F828
:1038200034304744474520682BD142F22002036CD4
:1038300032EA0303FBD1E1E72046FFF74DFE012307
:1038400094F8365084F83430002DD0D0022D16D0A4
:1038500094F83630D3B1022BD1D12068016C11F02D
:10386000010118BF092124F014F802220E4BC3F8FD
:10387000C020C4E718F8011B24F05AF8B8E7002567
:10388000CFE718F8011B24F026F8CBE742F21C62C0
:10389000102123795B0103F1A04303F570339950A4
:1038A000082223685A61AAE700E4035010B50446D1
:1038B00080B190F832302BB923F0D2FE10B9A06855
:1038C000FEF7EEF8002094F832300133DBB284F8D2
:1038D000323010BD0048FCE7027000F010B504461D
:1038E000A0B190F832309BB190F83230012B05D165
:1038F00023F0B6FE10B9A068FEF7F2F8002094F8A5
:103900003230013BDBB284F8323010BD0148FCE7B5
:103910000148FAE7027000F0057000F030B50025AC
:10392000437F85B08DF8083090F82130044604229A
:103930008DF80930039303A9064B009502A8FDF703
:1039400025FF4FF4007320462383A57623F028FF3C
:1039500005B030BDA93300002DE9F04105466E4F9A
:1039600088B001AE0C460FCF0FC697E8070086E877
:103970000700002D00F0CE8024B9684E304608B014
:10398000BDE8F08164220021284625F060FF28462A
:10399000FFF7E2FC06460028F0D1237D85F835309C
:1039A000236885F836002B60227B2A710122EA65A4
:1039B0005B4A61689342296600F0A18002F580426B
:1039C0009342DAD14FF4A0235648574A0026C5E95E
:1039D0000423D4E907236862AA6216805680968081
:1039E00085F83060EB621E805E809E80E38985F8FA
:1039F0003160ADF81430238A85F83360ADF81230A9
:103A0000A37C4A488DF81030E37C03918DF8163082
:103A100005238DF8113034F0E3FF6B6ADFF81C8169
:103A2000986834F0DDFF206801A98DF8046001F08A
:103A300077FB1422237B08EB4313C3F81C26267A5A
:103A4000A07A46EA0042C3F83426617AE27A41EA73
:103A50000247C3F82C76EE76E877297785F82020A0
:103A6000637D01216B77A37D284685F82130E37DB6
:103A7000AB77237E85F8223023F08BFD06460028A5
:103A80007FF47CAF34F066FF237D0746032B3BD1E8
:103A900041F21C620221237B08EB431848F8021014
:103AA000042122685B0102F58052D165217EE27D0E
:103AB00003F1A04342EA014203F57433C3F8282618
:103AC000A17D627D42EA0142C3F824264FF0FF3215
:103AD000206800F500539A64237D032B0CBF052159
:103AE000042123F016FF4FF44062236828465A61F0
:103AF000FFF79AFC0646384634F027FF3EE74FF4BE
:103B000080230B480B4A61E7022BDFD12846FFF7E1
:103B100005FFDBE7084E31E778900300037000F003
:103B200000C00550F890030002000500F490030067
:103B30001891030002000400027000F000C003505E
:103B400090F83530032B05D00229417618BF017655
:103B500023F026BE00487047057000F0F0B587B02E
:103B600005461646FFF7E6FB0446F0B90493104BF2
:103B7000CDE901166A46A86A01A903960593FFF7E5
:103B800069FC044688B995F8303073B9284623F0AB
:103B900080FD28460099FFF7C5FC95F83530032BCA
:103BA00003D028462C7623F0FBFD204607B0F0BD5D
:103BB000017000F0F7B5906A01A91446FFF7A0FB69
:103BC0000546204634F0DFFE384B9D4230D094F855
:103BD0003610019D002939D123689A6C12F40072C5
:103BE00029D0334AA9602A614FF4007203F50053CB
:103BF0009A6434F0AFFEEF68064637B16A68AB6886
:103C00002046D31A29692A68B847A06A01A923F077
:103C100094FDA06A8588ADB2002D37D001A9FFF7C9
:103C20006FFB20460199FFF77DFC304634F08DFE96
:103C3000012003B0F0BD996CC80523D51D49AA60C9
:103C400029614FF4807203F50053D1E7022919D19D
:103C500023685A6C12F4007209D0154A03F5005318
:103C60002A610022AA604FF400725A64C1E7596CBD
:103C7000C90507D50F49AA6029614FF4807203F581
:103C80000053F2E700232B61AB60B2E7012320462B
:103C9000237623F085FD94F8353084F83050032BDB
:103CA000C3D0204623F014FDBFE700BF0B7000F027
:103CB0000D7000F00C7000F0F0B587B004461646A9
:103CC000FFF738FB054658BB0493194BCDE90116A5
:103CD000059394F8363003962BBB23689B6903F059
:103CE000020313B92046FFF7F7FB6A46E06A01A911
:103CF000FFF7B0FB054698B994F8313083B934F03A
:103D000029FEE36A06469B889BB233B120460099A0
:103D1000FFF734FC012384F83430304634F015FECC
:103D2000284607B0F0BD022BDCD123681B6CD6E718
:103D3000017000F0044BD3F88420D206FBD4D3F8F2
:103D40008400C0F3811070470040005038B5184B14
:103D50000546D3F824010C4600F00700062823D8B6
:103D6000DFE800F0040A121A1E0E1600012305B146
:103D7000286004B1236038BD33F06EFC0523F6E7FC
:103D800033F06AFC0623F2E733F0A6FC0323EEE7E8
:103D900033F0A2FC0423EAE733F09AFC0223E6E7BF
:103DA00033F0A0FC0723E2E700231846DFE700BF5B
:103DB0000080005038B5104B0546D3F800310C4652
:103DC00003F00303022B0BD0032B0DD0012B0FD1DB
:103DD00033F082FC032305B1286004B1236038BDB1
:103DE00033F084FC0823F6E733F07CFC0723F2E78A
:103DF00001230020EFE700BF0080005038B5104BD2
:103E00000546D3F820310C4603F00303022B0BD0F8
:103E1000032B0DD0012B0FD133F01EFC052305B170
:103E2000286004B1236038BD33F056FC0323F6E765
:103E300033F04EFC0223F2E701230020EFE700BF3E
:103E40000080005038B5104B0546D3F840310C4681
:103E500003F00303022B0BD0032B0DD0012B0FD14A
:103E600034F064FD092305B1286004B1236038BD36
:103E700033F03CFC0823F6E734F05BFD0B23F2E75C
:103E800001230020EFE700BF0080005038B5104B41
:103E90000546D3F860310C4603F00303022B0BD028
:103EA000032B0DD0012B0FD134F040FD092305B1B8
:103EB000286004B1236038BD33F018FC0823F6E70E
:103EC00034F037FD0B23F2E701230020EFE700BFBA
:103ED000008000503C4B984272D02AD83B4B98420D
:103EE0006BD014D83A4B984264D00AD8394B9842D8
:103EF00043D0394B984240D0384B98423DD00020B7
:103F00007047374B9842FAD1364B586E7047364B54
:103F1000984235D003F5371303F5D863984232D071
:103F2000A3F5B703A3F558639842E8D12D4B186F5A
:103F300070472E4B984231D00FD82D4B984225D048
:103F40002C4B984226D0A3F53703A3F5D8539842BB
:103F5000D5D1244BD3F880007047274B984221D00D
:103F600003F5740303F5105398421FD0234B984276
:103F7000C5D11C4BD3F8900070471A4B986D704711
:103F8000184B586F7047174B986F7047154BD3F805
:103F900084007047134BD3F888007047114BD3F857
:103FA0008C0070470F4BD3F8940070470D4BD3F83B
:103FB000980070470B4BD86D70470A4B986E70474E
:103FC000084BD86F704700BF002D310180969800D4
:103FD000404B4C0080841E0000093D0040420F0011
:103FE000C0CF6A000080E00F0024F400006CDC0207
:103FF0000048E80180D543020090D003007E5603BC
:1040000073B50D4600210E4B0191D3F88041064651
:1040100004F00304012C09D0022C0CD00C460EB184
:10402000019B336005B12C6002B070BD01A8FFF7A1
:10403000E5FE0F24F3E733F04BFB0190EFE700BF01
:104040000080005038B5104B0546D3F840320C467E
:1040500003F00303022B0BD0032B0DD0012B0FD148
:1040600034F064FC092305B1286004B1236038BD35
:1040700033F03CFB0823F6E734F05BFC0B23F2E75C
:1040800000231846EFE700BF0080005038B5144BFE
:104090000546D3F800020C4600F0070004281BD8A0
:1040A000DFE800F003090D111500012305B12860B8
:1040B00004B1236038BD34F039FC0923F6E733F04E
:1040C00015FB0823F2E734F034FC0B23EEE733F062
:1040D000E9FA0E23800AE9E700231846E6E700BF65
:1040E0000080005010B40D4C0B46D4F8204204F070
:1040F0000304012C0AD0022C0CD008B1002101606D
:104100000BB100221A605DF8044B70475DF8044B58
:10411000FFF774BE5DF8044BFFF794BE00800050BB
:10412000B0F5207F1FD009D8B0F5007F15D003D897
:1041300068B1B0F5C07F0AD000200CE0B0F5607F18
:10414000FAD10B4BD3F88000C0F3011003E0084B09
:10415000186FC0F3033001307047054BD3F890005F
:10416000C0F30460F7E7024B186FC0F38020F2E75A
:10417000008000504FF400320E4B014610B5002075
:104180009A66FFF7CDFF484341F671320A490B4B5F
:10419000884294BF00200120DC69DA639A6822F427
:1041A000401242EA00529A60E20344BF0022DA63FE
:1041B00010BD00BF00900050005A62020000035082
:1041C000420910B50FD0012A0FD00A4B0A4C022A1F
:1041D00018BF234600F01F0049B103F580530122A8
:1041E00082401A6010BD1346F4E7044BF2E703F572
:1041F0000053F4E7688000506082005064800050F3
:104200001FB50021B0F5807F0446019100F00681C2
:1042100000F29D80612800F295801F2805D80028B3
:1042200040F0928033F03EFADCE0A0F12004412C13
:1042300000F28A8001A353F824F000BF2542000059
:10424000E943000025420000E94300000944000062
:10425000094400000944000009440000E94300004B
:10426000E9430000C34300007D4300003F440000D9
:10427000494400007D430000E9430000E943000099
:10428000E94300004943000049430000494300005E
:104290004943000049430000494300001344000023
:1042A0009F430000E9430000E9430000E9430000A8
:1042B0005D44000053440000E9430000494300000E
:1042C00049430000494300004943000049430000BE
:1042D00049430000494300004943000049430000AE
:1042E000494300004943000049430000494300009E
:1042F00025420000494300002542000025420000FD
:1043000025420000094400004943000049430000E1
:10431000494300004943000049430000494300006D
:10432000494300004943000049430000494300005D
:104330004943000049430000494300002542000072
:104340002542000080284BD0019804B010BDB0F584
:10435000A06F5ED028D8B0F5607F50D019D8B0F5E6
:10436000007F4CD004D8B0F5C07F3FF45BAFEBE7E3
:10437000B0F5207F38D0B0F5407FE5D133F092F929
:1043800002464FF42070FFF7CBFEB2FBF0F252086A
:1043900033E0B0F5806F37D0B0F5906FD4D1002105
:1043A00001A8FFF7D3FCCFE7B0F5E06F51D00DD8EF
:1043B000B0F5C06F43D0B0F5D06F45D0B0F5B06F59
:1043C000C2D1002101A8FFF71BFEBDE7B0F5F06FD9
:1043D00044D0B0F5086FB7D101A8FFF7EBFCB3E705
:1043E00033F040F90190AFE733F05CF902464FF447
:1043F0002070FFF795FEB2FBF0F20192A4E733F0D4
:1044000031F902462046F4E7002101A8FFF7F6FC47
:104410009AE7002101A8FFF765FE95E74FF0E0233A
:1044200002911B695B0705D533F03CF90290029BB2
:10443000019389E703A902A8FFF704FDF7E700212C
:1044400001A8FFF7FFFC7FE7002101A8FFF71EFE90
:104450007AE7002101A8FFF7F5FD75E7002101A823
:10446000FFF714FD70E700BF08B58020FFF7C8FE16
:10447000034B98429EBF4FF48032024B1A6708BD2F
:10448000005A620200A000501FB503460020B3F599
:10449000807F01906FD027D8382B00F082800BD816
:1044A000243B092B0FD8092B0DD8DFE803F05F5F01
:1044B0005F5F0C0C5A0C3675522B57D007D83D2B2A
:1044C0003AD03E2B72D0019805B05DF804FB802BEA
:1044D000F9D1394B1B6F03F00703013B032BF2D8D3
:1044E000DFE803F03D36393BB3F5D06F54D019D82F
:1044F000B3F5A06F55D00AD8B3F5806F36D0B3F5B9
:10450000906FE0D1002001A9FFF720FCDBE7B3F5B5
:10451000B06F26D0B3F5C06FD5D1002001A9FFF749
:1045200091FCD0E7B3F5006FECD00AD8B3F5E06F9B
:104530003CD0B3F5F06FC6D1002001A9FFF7A6FC6F
:10454000C1E7B3F5086FBED101A9FFF733FCBAE7A5
:1045500005230193B7E70323FBE70723F9E70223CA
:10456000F7E7002001A9FFF74BFDACE7002001A908
:10457000FFF744FCA7E74FF0E02302901B695B07BD
:1045800005D533F08FF80C230393039BE1E703A9D0
:1045900002A8FFF757FCF8E7002001A9FFF776FD16
:1045A00091E7002001A9FFF79DFD8CE7002001A9FC
:1045B000FFF748FD87E700BF008000504FF48032CE
:1045C000074B0849586E03F580535A660B6A23F06F
:1045D00001030B62C3035CBF034B5A66704700BF05
:1045E0000080005000C0075000A0005008B5FFF741
:1045F0004BFF082811D00938012802D94FF6FF7067
:1046000008BD4FF40012064B5A6603F5D8335B6AB7
:10461000DB07F3D54FF4FA70F2E7024B1888EFE7A7
:1046200000900050D632002008B5FFF72DFF032878
:104630000ABF024B4FF6FF70188808BDD432002025
:10464000F8B504468020FFF71FFF032800F087809D
:104650004FF40022424B02215A6645F60E03414AAE
:10466000C2F88030404B9962012103F58053996272
:10467000936DD903FCD4D4E900131B0543EA01630D
:10468000E17B94F820500B43217BE77E43EA014312
:10469000617B6D0143EA0133A17B43EA811313611E
:1046A0009169D4E904031B0643EA806301F00041E9
:1046B0000B43A17E94F823000B43217E43EA014380
:1046C000617E43EA01239361136AE66923F00D03D7
:1046D00094F8221043EA8703002E2DD11362966AC4
:1046E00094F8213045EA031326F033052B4343F0B9
:1046F000010393621D4D1B4B9A6D35EA0202FBD1FB
:104700000222194DAA621A659A6D5200FCD41A69E8
:10471000A56822F4700242EA05521A614FF0004285
:10472000114B9A6119B9022203F580539A6278B944
:1047300001220F4B9A620BE0334343F008031362EC
:10474000936A23F0330303432B4343EA4103936209
:1047500094F824301BB1034B064AC3F88020F8BDFF
:104760000090005000C0005000D0005003000140F5
:1047700000E00050F1A7FFFF014B93F900007047E4
:10478000C32C0020014B1880704700BFD43200209A
:104790004FF4001208B5184B5A660223174A5360AB
:1047A000936813F48033FBD1012822D132F094FFB7
:1047B000134B984215D003F5122303F5F863984282
:1047C00013D0104B00EB8002400AB3FBF0F3520A07
:1047D0000A49CA620B6301234B620022074B5A60ED
:1047E00008BD45F67A13084AF2E745F61A03074A68
:1047F000EEE75362F1E700BF009000500040025026
:1048000000F0490264666666D8B80500BBCF0500B3
:10481000B0F5207F10B50C4642D008D8B0F5007F27
:1048200033D003D888B1B0F5C07F0ED010BDB0F53D
:10483000607FFBD11F4A4C1ED2F8803023F030033A
:1048400043EA0413C2F88030F0E722F0E5FF22F0DB
:10485000F1FF4FF48031184B164A1967136F013C72
:1048600023F4704343EA0433136732F01BFF04461A
:10487000FFF760FAC0F10201204622F0D5FF00F0F8
:1048800035F8BDE81040FFF7EFBD0A4A4C1ED2F8DC
:10489000903023F0F85343EA0463C2F89030C5E740
:1048A000044A4C1E136F23F4806343EA8423136786
:1048B000BCE700BF008000500090005008B5012107
:1048C000022000F055F94FF42070FFF729FC054B4A
:1048D000187022F0A1FF22F0ADFF4FF48032024B9E
:1048E0001A6708BDC22C00200090005008B54FF494
:1048F000C070FFF785FCBDE808400449884294BFBA
:10490000012102214FF42070FFF782BF80F0FA02EC
:1049100038B5044632F0C6FE0546FFF70BFAC0F183
:104920000201284622F080FF0121002000F060F9FA
:104930002CB1FFF7DBFFBDE83840FFF795BD034B17
:104940004FF420701978FFF763FFF4E7C22C0020C2
:104950004FF4C02270B50546FFF7BCFA314B044650
:104960005A6603F598335A68012A04D12E494A60E1
:104970009A699207FCD18020FFF786FD052807D1B0
:1049800022F04AFF22F056FF4FF48032254B1A677F
:10499000264B24F040749D4230D0254B9D4230D0B0
:1049A00032F05AFE8542064603D90121284600F01E
:1049B0001FF9204BDA6812F0060FFBD199689C6052
:1049C0009A68624012F4F81F1ED12846FCF7ECFBEF
:1049D0008020FFF759FD05280DD132F063FE044613
:1049E000FFF7A8F9C0F10201204622F01DFFFFF7F2
:1049F0007DFFFFF739FDAE420CD270BD44F000746C
:104A0000CEE744F08074CBE780209960FFF73CFD4F
:104A1000052805D0BDE870400121002000F0E8B86D
:104A20003546DAE70090005000E0015040420F00A8
:104A300080841E000000015010B5224B70B94FF465
:104A40000031214A1860516602F598325268012AF5
:104A500003D11E4AD2F800211A6010BD1B68002B3A
:104A6000FBD01B4A5268012AF7D0184A8020C2F8AE
:104A70000031FFF709FD05281FD14FF4C070FFF783
:104A80004FFB0128044604D102214FF4C070FFF708
:104A9000BFFE07220F4B1A610122A3F580535A6013
:104AA0000B4A1369DB07FCD5012CD6D12146BDE8A2
:104AB00010404FF4C070FFF7ABBE0122064B5A60A6
:104AC000CBE700BFEC1C002000900050008000509D
:104AD00000C0015000E0015000D00150044A41786C
:104AE000536F23F4407343EA01235367704700BFB9
:104AF0000040005010B5044610B10020FFF79CFFA5
:104B0000124A136943F00403136133F015FA22F0DB
:104B100096FE0F4B5B6E5B0142BF0E4B0E4AC3F815
:104B2000202433F00EFF34F09BF933F005FF22F020
:104B300087FE01F07BF81CB9BDE8104032F0B2BD31
:104B40000120BDE81040FFF777BF00BF00ED00E097
:104B50000080005000E003500000FF0F034A01797D
:104B6000D36E23F030030B43D366704700400050F0
:104B7000F8B504461C4BD3F88420D106FBD4D3F8F7
:104B80008430C3F381139C422CD032F06BFD012C96
:104B9000064602D1214622F047FE33F0D2FE4FF006
:104BA0000072124B07465A66204622F050FE4FF420
:104BB00080630D4D621E93402B676B6E9A0103D488
:104BC000D5F884309B060AD5384633F0B5FE022C62
:104BD00008D13046BDE8F840002122F025BED5F8C6
:104BE0008430EAE7F8BD00BF00400050006000508C
:104BF00010B50C4608B932F035FD074B21461B783D
:104C00003BB1064B984204D80120BDE81040FFF7A5
:104C1000AFBF0220F9E700BFC42C0020005A620297
:104C20000278034B012100201A70FFF7E1BF00BF9B
:104C3000C42C00204FF0004238B5264B26495A6656
:104C400001224A604AF6CD3103F50B235D6C1964ED
:104C5000154030BB9968C9070BD4002401221F4BB3
:104C60005A6015B11E4B1F4A1A6431F0AEFD204642
:104C700038BD1A498A601C4AD96ACC0705D49042CB
:104C800001D10724EAE70130F6E79042E5D1F8E7E1
:104C90000132DC6A14F0080406D08A42F8D10724F5
:104CA000DFE700221049F4E78A42F8D020220B4BBC
:104CB0000B495A620122A3F580539A6023460A4A9F
:104CC000486A800603D49342E9D00133F8E793425F
:104CD000C7D1E4E70090005000500950006009502F
:104CE000004009503254FFFF40420F004FF0004295
:104CF00038B5174B174C5A66012203F50C235A603E
:104D00004AF6CD33656C2364437893401343124ACB
:104D1000D363C3788178A2689B0043EA011322F031
:104D200074021343A3600279837943EA0223236167
:104D30004279C37943EA022363610078FFF77AFF7F
:104D4000EB0744BF054B236431F03FFD012038BD24
:104D50000090005000400950004000503254FFFFC6
:104D6000044A054B002908BF1346012282401A60FD
:104D7000704700BF401004504020045010B501217E
:104D800004462020FFF71CFA01212120FFF718FA22
:104D90000122114B15205A60227812069A60617820
:104DA000A27842EA01429A61FF229A6200229A6343
:104DB0001A644FF000425A654FF0FF3203F500537A
:104DC0001A6500F0BDFC1520E17822F0FAFDBDE87F
:104DD0001040152000F06EBC00000450F8B501250D
:104DE000C3B21E4FD1F800C09D408E7ACB7A0C46DC
:104DF000097B3D6507F5005747F820C04FF0300CA0
:104E00000CFB00F01B05677B00F1A04043EA064362
:104E100000F5802043EA415322F003020766C36590
:104E2000026733F097FD0E4B227A5D6502B11D6477
:104E3000627A02B19D632279A37943EA0243074A69
:104E400093616179E37943EA014305498B61054B3D
:104E500055639D64BDE8F84033F077BD00200450F1
:104E6000001004500000045010B50124C0B284406A
:104E700033F070FD044B5A6D22EA04025A659C62BD
:104E8000BDE8104033F061BD0000045070B5054628
:104E900033F060FD3022084B5E6B02FB05335C6E25
:104EA00033F053FD0123EDB2AB4033420ABFC4F3EC
:104EB0000A100020013070BD000004504FF4003291
:104EC000054B9A6641F6713203F51C33DA63012211
:104ED00003F50053DA6070470090005041F67132DC
:104EE0000121064BDA6303F50052D1600022DA6338
:104EF0004FF40032A3F518339A6670470000035050
:104F0000CB784A7810B55B010C7843EA82030A79C2
:104F1000234343EA02130C22424302F1B0421363DB
:104F2000012C02BF8A78024B43F8202010BD00BF3D
:104F3000E880035008B54FF0B0435A686AB958B1D9
:104F40005B680BB122F0CCFC01210D4B596022F0C3
:104F5000C7FC4FF0B043D96008BD5B680BB122F0CD
:104F6000BFFC0028F0D122F0BBFC4FF0B04302227E
:104F7000DA6022F0B5FC0122024B5A60ECE700BF78
:104F800000100058002000584FF0B0414B6810B599
:104F90000BB122F0A5FC01220B4BC4785A60837838
:104FA000934043EA840344782343047943EA041397
:104FB000447943EAC4038B60044B5A600378C3F11D
:104FC0000203CB6010BD00BF002000580010005845
:104FD0004FF48032064B5A6603F5E6235B69C3F350
:104FE0008512827003F03F021B0B42700370704702
:104FF00000900050014B986CD96C70470080E00F16
:105000000120034B9B680A3303F01F03984070474D
:105010000080E00F70B5054616461C4621B94FF4D6
:105020002070FFF7EDF80146402C1BD003D8DCB10F
:10503000202C1BD070BD602CFCD1042303FB06F296
:10504000530803EB4113B3FBF2F36021084A203B02
:1050500002EAC30305F50052916005F580529460A1
:10506000EB61E7E70623E9E71023E7E70823E5E735
:10507000F8FF7F00F8B5154E1C4615460E40FAB9EC
:10508000202B05D0402B1ED0002B0CBF1024402419
:10509000012306F580765E4300233246194602F06E
:1050A000A5FF02FB05F100FB04F704FB0311A2FBC3
:1050B000040400233246214402F098FF3844F8BD2E
:1050C00080240025E4E780240323E2E7F8FF7F0043
:1050D000012200F580535A6040F6AA6341F20502AE
:1050E000436100230B498360C365C26000F5005231
:1050F0000361C361C364916407498365884203D136
:1051000003650023436502E004498842F8D0012387
:1051100053607047FFFF010000C0055000000650BB
:1051200070B50D46FFF7D4FF012300F5805673607C
:10513000AB7C04461BB1836843F080438360EB7C07
:105140004BB1344A2B7D944243D1A2F51032C2F8C0
:105150008C318023F3652A8A6B7B20461343EA89CE
:105160001343E3602B7BD5E90112FFF753FF6B7DFF
:105170001BB1A36843F48033A360AB7D1BB1A3686C
:1051800043F40043A360EB7D2A7E1B07120502F463
:10519000E00203F0E0431343A365697E1D4A8B1EC2
:1051A000012B1D4B1FD894421BD002F58042944224
:1051B0000CBF01224FF0FF3203EB4213022041F2F9
:1051C0001C620329985020D10423F3652B78636176
:1051D00070BD124A944204BFA2F52032C2F89C313D
:1051E000B7E70022E8E794420DD00C4A94420CBF86
:1051F00001224FF0FF3203EB4213022042F21C6205
:1052000001299850DFE70022F5E7042204F5005356
:10521000DA65DBE700C0055000C00350000006500F
:10522000034BD3F82424D3F820041040704700BF68
:1052300000C003502DE9F8431E4B0546D3F8103348
:105240004B1E0E2B0E46174690F8009044781DD941
:1052500009B34FF000082846D7B133F0AEFB09EB95
:105260004903072C4FF00F014FEA031315D8A40090
:10527000114808FA04F2A140184422F05EFBBEB9BE
:1052800028468FB1BDE8F84333F097BB8846E2E784
:1052900022F062FBE3E78846E1E7083CA400074808
:1052A00008FA04F2A140E7E7BDE8F84322F054BB56
:1052B000BDE8F88300C0035004C003500CC0035085
:1052C0002DE9F0412B4B1746D3F810234A1C064614
:1052D0000C46407804D1D3F8241422F04BFB04464A
:1052E000002C2FDB072C4FF0030532782DDC4FEA22
:1052F000840805FA08F529461F4802FA08F222F048
:105300001CFB294672781D4802F0030202FA08F2DB
:1053100022F013FB012317F0050F194A18BF194992
:1053200003FA04F30CBFC2F81034C1F8103417F0BC
:10533000060F18BF134AC2F814340123104AA340C1
:10534000C2F820342046BDE8F081A4F108084FEAF5
:10535000880805FA08F529460B4802FA08F222F0F7
:10536000ECFA7278294602F00302084802FA08F2C1
:10537000CEE700BF00C0035000C4035008C4035070
:1053800000E0035000D0035004C403500CC4035089
:105390000A4B1B68C3F30743012B0ED1084B0420B3
:1053A0005A6E4FF480230749520358BF064A4B6692
:1053B00001F51041086258BF536670470080E00F46
:1053C000008000500090005000A000504FF4803248
:1053D000084B5A6603F5E6235B691A0B027003F06B
:1053E0003F0242704FF6FF72C3F385134280838001
:1053F000704700BF00900050014B986CD96C70470B
:105400000080E00F70B504460D4633F0A3FA1D2C62
:10541000064608D80C2C0AD8082C2CD013D8BB234D
:10542000E340DB0718D4002321242B801EE0012356
:10543000174AA340134224D1122C26D00D2CF2D1AE
:105440004FF4F06005E0092C18D00C2CEBD14FF490
:10545000C060FFF7CBF802E08020FFF7E5F84FF6D9
:10546000FF7398420CBF0E2400242880304633F08E
:105470006CFA204670BD4FF48060EEE74FF4906008
:10548000EBE700230F242B80F0E74FF4E060E0E728
:105490000080912030B58BB06C46544D0FCD0FC4B9
:1054A0000FCD0FC495E8030084E80300504BD3F8F8
:1054B0004C21120300F18380D3F85041E4B28DF8FF
:1054C0001940FFF759F9044484F3080449488DF85A
:1054D0001840FBF76FFE6846FFF7B2F83220FFF77F
:1054E00051F94548FFF734FA444C454833F078FA0F
:1054F0000020FFF74DF9FFF7E1F9236F002023F0BB
:10550000070343F003032367FFF702FA236F3D49C4
:1055100023F4744323673C4BD3F8FC2012F08072D1
:1055200053D1C1F88020354BD3F8202122F003025B
:1055300042F00202C3F82021D3F8242122F007020E
:1055400042F00202C3F82421D3F8802122F00302A2
:1055500042F00102C3F88021D3F8402122F0030277
:1055600042F00102C3F84021D3F8602122F0030287
:1055700042F00102C3F86021D3F8402222F0030276
:1055800042F00102C3F84022D3F8002222F00702C1
:1055900042F00102C3F80022D3F8202222F00302D5
:1055A00042F00102C3F82022FFF708F84FF0E02292
:1055B0000020136943F0040313610BB030BD134B9B
:1055C0001C88FF2C88BF8C2479E7D3F8FC2022F0BC
:1055D0008072C3F8FC200022C1F88020D3F8FC20A0
:1055E00042F08072C3F8FC209DE700BFB490030036
:1055F0000080E00F00F0490200B4C40400800050B5
:10560000F09003000090005000ED00E00001E00F7A
:1056100007B56B46054A1068516803C36846FFF733
:1056200065FB002003B05DF804FB00BFDC900300C5
:105630000028ACBF00F16040064B4FEA0111C9B22F
:10564000ABBF00F5614000F00F0080F80013195463
:10565000704700BF14ED00E00028ABBF00F16040D0
:10566000054B00F5614000F00F00ACBF90F800035F
:10567000185C0009704700BF14ED00E008B533F076
:1056800069F90B4B1A7872B901221A7033F05DF97F
:105690006FF0040210460132052152B2FFF7C8FF35
:1056A000402AF7D108BDBDE8084033F04EB900BF2D
:1056B000C52C0020002807DB01234109034A00F024
:1056C0001F00834042F82130704700BF00E100E036
:1056D000054B421153F8223000F01F0023FA00F06E
:1056E000C04300F00100704700E100E0014608B54A
:1056F000EFF31083DB0702D50122104608BDFFF748
:10570000E7FF02460028F7D148B2FFF7A5FF0146A0
:10571000EFF3118313B1B0EB131FEDD2074B5B68AE
:10572000C3F30803002BE8D0103B58B2FFF794FFF7
:10573000814234BF00220122DFE700BF00ED00E01C
:10574000002808DB01224309034900F01F008240C2
:10575000603341F82320704700E100E013B5094CA5
:10576000684600F037F8237853B9DDE900010222DA
:10577000054B22F01CFC08B90123237002B010BDB8
:105780001220FBE7C62C0020F01C002007B5009378
:1057900013460A460146034822F058F903B05DF863
:1057A00004FB00BFF01C002013460A4601460148D6
:1057B00022F038BAF01C002007B5009313460A46C1
:1057C0000146034822F026FB03B05DF804FB00BF4E
:1057D000F01C00200249034A0160521A42607047DF
:1057E0001033002000800020BFF35F8F074B5A6A00
:1057F00022F480325A62D3F8942022F00102C3F8D6
:105800009420BFF34F8FBFF36F8F704700ED00E020
:1058100038B5FFF7E9FF274A2748D2F8C030274DAF
:1058200023F0FF0343F0A003C2F8C030244B046808
:105830009D4204F101011DD1224BC2F89840C2F8EB
:105840009C3003F5FF437E33C2F8A0300160BFF304
:105850005F8F0522174BC3F894205A6A42F48032B6
:105860005A62BFF34F8FBFF36F8FBFF34F8FBFF3FA
:105870006F8F38BD23F01F03203BB3F1005F09D3C6
:10588000C2F898400F4C43F00103C2F89C40C2F8A4
:10589000A03001600C4B0168064A23F01F0343F05F
:1058A0000303C2F89810C2F89C30084B0131C2F8CB
:1058B000A030CBE700ED00E0181D002040300020B4
:1058C000602E0020030000205F300020E17F0020D8
:1058D0002DE9F0410D461146DFF8E080D8F8004090
:1058E000B4F5807F34BF00271A27FFF77DFF1F29FB
:1058F0002ED90021C2061CBF20F01F0020302E4EE2
:10590000EB0618BF25F01F05CBB29C4235D8D6F860
:10591000C03020F01F0023F47F4343F48073C6F8A7
:10592000C03040F0030433F015F8D8F8003025F00B
:105930001F0141F00301C6F89830C6F89C40C6F834
:10594000A01033F002F8D8F800300133C8F8003066
:10595000BFF35F8F0522184BC3F894205A6A42F4B4
:1059600080325A62BFF34F8FBFF36F8FBFF34F8FF9
:10597000BFF36F8F3846BDE8F081C6F89830D6F88F
:105980009C30D6F8A02023F01F03984222F01F027B
:1059900001D195420BD0904201D89D4209D2D6F850
:1059A0009830013123F0FF03C6F89830ACE70027A8
:1059B000CEE72827CCE700BF00ED00E0181D00204F
:1059C000BFF34F8F0549064BCA6802F4E0621343E8
:1059D000CB60BFF34F8F00BFFDE700BF00ED00E0DD
:1059E0000400FA0538B54160044632F0AAFF0546C6
:1059F0002146044820F04EFE2846BDE8384032F0EB
:105A00009BBF00BF1C1D0020014820F040BE00BF0E
:105A10001C1D002070B532F094FF124D0446124850
:105A200032F0DEFF2E7886B9FFF7EEFF33F0D5F8BF
:105A30000E4B1E6032F016FC0D4B0E4A1860536F71
:105A400043F00103536722F0D2FA00F077F822F016
:105A5000E5FA094B1860012320462B7032F06CFFE9
:105A6000002070BDD32C0020F4900300201D0020E6
:105A7000481D002000400050241D002038B5044679
:105A800032F05FFF0F4D02462B78FF2B04D1B4B1EB
:105A9000BDE8384032F050BF1BB9002CF8D00121CE
:105AA00003E0002C0CBFFF2101210B44DBB22B7063
:105AB000B3FA83F304495B0910460B70E8E7194613
:105AC000F3E700BFD02C0020CF2C0020054B1B6833
:105AD0005843054B00F5742000F23F20B0FBF3F073
:105AE000704700BF481D002040420F0073B5114EA3
:105AF0000446337883420FD04FF400730E4DADF857
:105B0000043058B101A8FEF7E9FF4020FFF7DEFF9F
:105B10002B68181A2860347002B070BD8DF805002B
:105B200001A8FEF7DBFF4020FFF7D0FF2B681844E9
:105B3000F0E700BFF3320020801D002073B5002481
:105B400001A88DF80440FFF76BF82046FFF7CEFF61
:105B50002C4B2D4AD3F8003103F0030313604FF4AC
:105B600000222A4B5A664FF400325A6632F0B6F8D9
:105B70004FF4C870FFF7AAFF254B264A1860264944
:105B800013680134E4B20A2C41F8040BF9D1034440
:105B900000EBC00003441360204B214D1B7813B36E
:105BA000184BD3F8003103F00303022B23D0032B4F
:105BB00024D0012B17D131F08FFD024698B1194B3B
:105BC000194EDC6800231946C4F30B04013404EBBE
:105BD00084040138E4FB060102F008FAFFF776FFBF
:105BE0002B6803442B601F20FFF770FF2B680344D2
:105BF0002B6002B070BD31F079FDDEE731F072FD4F
:105C0000DBE700BF008000508C1D0020009000509A
:105C10004C1D0020501D0020541D0020D72C0020BA
:105C2000801D002000C0015040420F000122154B92
:105C300010B55A67144B154C1B7813B3022032F081
:105C4000BDFFF0B132F0A2FBD8B1A36DD90302D5EC
:105C5000E36D9A0715D40D4B9B6DDB0711D4012220
:105C60000B4B1A7032F09EFFBDE81040094B0A4AF8
:105C70001860136F23F0070343F00303136731F039
:105C800011BD10BD00D00050D82C002000C0005025
:105C9000D52C00207C1D0020008000500122014BEB
:105CA0001A707047D82C002070B532F053FE144E95
:105CB00005463478FCB9134B1C60134B1C60134B26
:105CC0001C6000F031F8012032F048FC32F03AFC60
:105CD0000F4B0246186020B9284632F036FE2320CA
:105CE00070BD234640F2E7310A4802F07FF90A4BC3
:105CF000186001233370284632F027FE0020EFE7BA
:105D0000DB2C0020A01D00209C1D0020A81D0020D1
:105D1000A41D002018FCFFFF981D0020014B1868EF
:105D2000704700BF981D00201FB50024194B18684C
:105D30009A880290D3F806009B7A00901648ADF836
:105D40000C208DF8043032F04BFE02A88DF808408C
:105D50008DF80C40FFF718F9694601208DF80040D6
:105D6000FFF7CEF840F2FF320C4B9A615A614FF0C8
:105D7000B042936A13F00803FBD113620120FFF7CE
:105D8000D9F80C20FFF7DCFC0C20FFF793FC04B0E3
:105D900010BD00BF6F910300EC900300002000587D
:105DA00010B532F0D7FD4FF0B04304465B695A0698
:105DB000074A03F0010003F0510348BF40F002001E
:105DC000536132F0F9FA2046BDE8104032F0BDBD13
:105DD0000020005838B508460C4630F035FD034623
:105DE00020B994E80700024D85E80700184638BD41
:105DF000AC1D002070B5032916461C46049D01D930
:105E0000212070BD02D130F019FD01460C4B9A7A69
:105E10008A42F5D9186809B201EB410100EB810112
:105E200016B1B1F90430338014B1B1F906302380D2
:105E30000DB90020E5E7B1F908302B80F9E700BF84
:105E4000AC1D00202DE9F0432A48079F847A944234
:105E50004CD9066802EB42024FEA820C16EB820232
:105E600046D05089002843D0B2F90440B2F9065018
:105E70008C42B2F908E02FDCA942A8BF2946BEF146
:105E8000000F35D000F1FF381FFA88F80EFB0849E3
:105E90000A1B92FBFEF24D45D8BF404692B290429B
:105EA00002D3A94218BF104656F80C2052F82060C1
:105EB00002EB800C18B15CF8048D46450ED08D4283
:105EC0001EBF1EFB00F1091909B2994209DC00202E
:105ED0003E60B980BDE8F0832146D0E7013880B24A
:105EE000E8E70028F3D0013880B2DFE70E20F1E7C1
:105EF0000220EFE7AC1D002008B506494FF0FF3047
:105F0000FFF768FFBDE8084001214FF0FF3030F097
:105F10009FBC00BF7C9103001B0603F0706300F080
:105F20000F000902034301F47061120402F47022AD
:105F30000B431343014A1360704700BF0020025C0B
:105F400060B5054619B10139B1F5806F0FD2094E20
:105F5000F06810F48030FBD143EA012312072B4391
:105F600002F08052134343F00043736060BD012090
:105F7000FCE700BF0020025C0122054B9A60DA6852
:105F8000D203FCD4D86820F00F000004000C704746
:105F90000020025C014B1868704700BF0040025CA3
:105FA000014B5868704700BF0010025C014B186B32
:105FB000704700BF0010025C014B1868704700BFBB
:105FC0000010025C014B9860704700BF0010025C3B
:105FD000014B1864704700BF0010025C014B58640D
:105FE000704700BF0010025C014B5863704700BF50
:105FF0000010025C0022014B1A6070470010025C26
:10600000024A136843F00103136070470010025CFA
:10601000024A136823F00103136070470010025C0A
:1060200043F20402014B1A60704700BF0010025C8B
:10603000024A136843F03003136070470010025C9B
:10604000044B1A6842F480721A601A6822F4807253
:106050001A6070470010025C024A136843F48063C0
:10606000136070470010025C034A136823F4702326
:1060700043EA0043136070470010025C044B1A6946
:1060800002605A6942609A698260DB69C360704746
:106090000010025C0268044B1A6142685A6182680F
:1060A0009A61C268DA6170470010025C024B1A6B99
:1060B000D207FCD4186270470010025C0322024B26
:1060C000186019615A6370470000025C82B01FB506
:1060D00007930A9B04AC8B4228BF0B4604E90700D8
:1060E0001048D100079948BF03330160099948BFA0
:1060F00023F0030323F0704301F0E041194341F022
:1061000000518160002102F0E042019C1A4342F0FC
:106110000052C16004618261416304B0BDE8104077
:1061200002B070470000025C3F22034B1A6310224A
:10613000DA6103229A6370470000025C024AD36B63
:106140009B07FCD4704700BF0000025C044B9B6AB5
:1061500013F0240F14BF012000208000704700BFFF
:106160000000025C08B5FFF7F1FF064BDB6B23F480
:106170007F4323F0EF0303431EBF0122024BC3F80A
:10618000FC2F08BD0000025C00F0FF3F4368182BA5
:106190000AD0202B1DD0102B2BD1174BD3F8043451
:1061A000DB010AD401207047134BD3F804349A0161
:1061B000F8D50B6843F008030B6003680F4A93425D
:1061C00010D10B6843F040030B60002343600020B4
:1061D0007047094BD3F804345B01E3D50B6843F0F7
:1061E0000403E9E7064A9342F1D10B6843F08003C8
:1061F000EAE70720704700BF0000025CDD2C0020AA
:10620000DC2C00200B4607B50749D1F80414C90758
:1062100008D5002100920246084600F05BF803B062
:106220005DF804FB0120FAE70000025C1346064A11
:10623000D2F80424D20504D50A460146002022F0F3
:1062400064B90120704700BF0000025C13B5084C20
:10625000D4F80444E40508D5009313460A460146E1
:10626000002000F061F802B010BD0120FBE700BF84
:106270000000025C13B5084CD4F80444E40508D5CA
:10628000009313460A460146002000F071F802B060
:1062900010BD0120FBE700BF0000025C70B50446A2
:1062A0000D4616468CB00A4A09AB07CA83E80700B8
:1062B0001A462146CDE90563CDE90333CDE9013323
:1062C00000954FF4803022F04CF80CB070BD00BF48
:1062D00024920300F0B51C465B6815468DB01A0782
:1062E000129E1AD1CBB17268934216D10C4B0D4A53
:1062F00053F8217009AB07CA83E807001A462946FC
:10630000CDE90533CDE90333CDE90163009447F4CA
:10631000807022F026F80DB0F0BD0720FBE700BF2B
:106320003092030024920300F0B516465A688DB0EF
:10633000102A0D46129F15D17A68102A12D10A4AE6
:1063400009AC07CA84E8070022462946CDE905477B
:10635000CDE90344CDE901440448009622F001F858
:106360000DB0F0BD0720FBE72492030030000100D0
:10637000F0B516465A688DB0102A0D46129F15D1F9
:106380007A68102A12D10A4A09AC07CA84E80700C1
:1063900022462946CDE90574CDE90344CDE90144FF
:1063A0000448009621F0DDFF0DB0F0BD0720FBE7AB
:1063B000249203001000010082B070B586B0149DD5
:1063C00003AE202D86E807000B9359D805EB850313
:1063D0008B4203D006236B438B4253D10C9BAB42C1
:1063E00050D10F9BB3EB450F4CD1129A934249D138
:1063F000012229462220159BFFF7A2FD044630BB4F
:10640000034606220E210C20FFF786FD0123CDE96D
:1064100000332B4696E8070021F022FF0E230BAA3B
:10642000009307CA2B4621F066FE0C23164C0093FE
:106430000EAA2B4607CA21F08EFE636823F07F0365
:1064400043F026036360FFF797FD30B10624204632
:1064500006B0BDE8704002B07047636823F07F0368
:1064600043F022036360FFF787FD04460028EDD167
:10647000062311AA009307CA2B4621F09FFEE6E7E8
:106480000124E4E70724E2E70020025C70B598B03D
:10649000002843D02C4C08AD0FCC0FC50FCC0FC536
:1064A0000FCC0FC594E80F0085E80F006D4604AED1
:1064B00004F1100320340FCB85E80F0094E80F009F
:1064C00086E80F00FFF7BCFD0420FFF7CDFDFFF7C6
:1064D000A7FD3046FFF7DEFD002408AE56F8040B9A
:1064E0000134FFF7E3FD102CF8D1FFF759FD032825
:1064F000FBD90024FFF77EFD2646FFF74BFD55F83C
:10650000043B01365840042E44EA0004F5D12CB176
:10651000012206200D4B1A7018B070BDFFF790FDD8
:106520000820FFF74FFD0020FFF752FD0720FFF77F
:1065300055FD4FF40070FFF757FD0820FFF794FD5D
:10654000FFF75EFD0020E7E70C930300DF2C00203F
:1065500008B5FFF775FD0122014B1A7008BD00BF99
:10656000DE2C00201FB522F04FF9044630B1012285
:1065700006240D4B1A70204604B010BDFFF70AFD2B
:106580000090FFF707FD0190FFF704FD0290FFF771
:1065900001FD03906846FFF77DFDFFF7D9FFFFF788
:1065A00047FDFFF759FDE6E7DF2C002006289ABFDC
:1065B000014B185C002070476C9303004FF40052AD
:1065C000034B00209A660322C3F86022704700BF85
:1065D000009000504FF40052034B00209A660322B3
:1065E000C3F86022704700BF00A0005000F01F02F7
:1065F000A0F50620A0F55060812810D80123094994
:106600004009934051F820201A4341F820200649C0
:1066100051F8202022EA030241F8202070474FF071
:10662000FF307047D01D0020BC1D002000F01F036C
:10663000A0F50620A0F55060812810B519D80121D9
:106640000D4A4009994052F820300B430B4942F85B
:106650002030D1E9004323448C682344CC68096985
:1066600023445B1804D1C2E90033C2E90233136149
:1066700010BD4FF0FF30FBE7BC1D0020D01D0020F7
:106680002DE9F04FA7B003921F4604460822CDE93A
:106690000401414021FA02F34B40980702F108023D
:1066A00018BF9B00202A1C44F4D18123B4FBF3F3D0
:1066B00003EBC313E41A7F4B04F506241B7804F59F
:1066C0005064002B39D1FCF725FD054600286FD119
:1066D0000146402206A823F0BAF82946402216A80F
:1066E00023F0B5F8744D754EA8461035AE4228BF5C
:1066F0002E467348013E009643461022006806A9C4
:1067000020F04FFD4FF0000B81460DF1180AD945DE
:1067100041D16B48009643461022006816A920F02C
:1067200049FD4FF00008834616AEC34546D1654B80
:106730009D42D8D101225F4B1A704FF0810800268C
:10674000DFF894B1A4F50625A5F550635B095BF865
:10675000232004F01F01CA40D20746D45A4A52F8F7
:106760002330CB40DB0732D58123002E08BF2646DD
:10677000A5F6FF44B4FBF3F303EBC313E41A04F5EB
:106780000624B8F1010804F55064DBD1039B03B380
:10679000FEB1344625E05AF8040BFFF727FF01301D
:1067A00009D10022434B1A70424B1B78002BC4D1F5
:1067B0006FF091000FE00BF1010BA8E756F8040B06
:1067C000FFF734FF0130EFD008F10108ADE7039B7C
:1067D00023B96FF08B0027B0BDE8F08F002E18BFF3
:1067E0003446329B00201C60F5E7309B13B1002338
:1067F000309A1360319B13B10023319A13604FF02C
:10680000100ADFF8BC90CDF800A000233A462146DC
:10681000D9F80000FCF780FA002838D130993A689E
:106820002A4BE9B19A42C1F800A01CD02146D9F800
:106830000000FCF7CBFB0028CBD1D7E90223DDE930
:106840000410834208BF8A422AD08123A5F6FF455F
:10685000B5FBF3F303EBC313ED1A05F5062490E73C
:106860009A42EAD0E2E7319B002BE6D02146D9F8E4
:10687000000016AAFCF796FA48B9319B309A1B68BB
:106880001268934294D39B1A319A1360D5E7104B48
:106890009842CBD06328C9D00E4B9842CDD087E721
:1068A000039B002B9DD07B68012B9AD16FF0840055
:1068B00091E700BFE02C0020006D0800816D08000A
:1068C00078300020906D0800BC1D0020105D175E20
:1068D000FFDF00F0FEDF00F0D01D00202DE9F04FBB
:1068E00087B08246894698461646DDF840B02AB100
:1068F000002B53D040F26C739A4252D8BBF1010F77
:1069000052D8002406F1100739460120059421F0E1
:106910009DFA054600284AD021463A4622F097FFC4
:1069200005ABCDE9014300942B4601225046494670
:10693000FFF7A6FE044680B110F18C0F08BF6FF080
:106940008D043A460021284622F081FF284621F096
:106950005FFA204607B0BDE8F08F164BC5E902A9E3
:106960002B60C5F804B02EB13246414605F1100047
:1069700022F075FF059E10483B462A4631460068C6
:10698000FCF7E0FA38B93046FFF730FE013008BFB7
:106990006FF08604D5E76FF09104D2E76FF08604BC
:1069A000D7E76FF09104D4E76FF08504D1E76FF07B
:1069B0008C04CEE7105D175E783000202DE9F0439F
:1069C0008DB08146DDE914780E4615461C469BB114
:1069D000B8F1000F05D16FF0860630460DB0BDE866
:1069E000F083002FF7D0B7F1005FF4D3C3F1005369
:1069F00003F500439F42EED81022002108A822F0A0
:106A000026FF002207AB029305AB019306AB31468C
:106A10000093484608ABCDE90522FFF731FE064654
:106A20000028DAD1059BA4B1AB4215D853EA05047E
:106A3000D1D1069B0B48C8F8004000943A4607990C
:106A400000682B44FCF768F9002818BF6FF0910626
:106A5000C3E7AB42EDD2BEE75B1B9C4228BF1C469E
:106A6000E7E700BF7830002030B58DB00C46054612
:106A70001022002108A822F0EAFE002207AB0293B0
:106A800005AB019306AB21460093284608ABCDE940
:106A90000522FFF7F5FD044608BB099B012B21D019
:106AA000079D134B29461868FCF790FAE8B9A5F53D
:106AB0000623A3F55063812B05F01F020DD8012199
:106AC0000C485B09914050F823204A4040F82320AD
:106AD0002846FFF7ABFD013001D16FF08604204658
:106AE0000DB030BD6FF08404F9E76FF09104F6E764
:106AF00078300020D01D00202DE9F04F89B00E46DF
:106B0000074621F01AFC044621F00FFC04420AD18A
:106B10000425012021F085FE002834D0013DF8D164
:106B20006FF092002CE0102200210DEB020022F009
:106B30008EFE04A821F003FC049B002BE8D0059BEB
:106B4000002BE5D0069B002BE2D0079B002BDFD06B
:106B50000025DFF8A08008F10409B54224D34FF4E2
:106B60008A7521F0E8FB044621F0D7FB2040062877
:106B700036D121F0D7FB044201D021F0D8FB002010
:106B800009B0BDE8F08F21F0D6FB044621F0C5FB2B
:106B900004EA000313F0FF03F5D0022BF3D021F039
:106BA000BEFB0442D4D0B9E721F0C3FBA6EB050A33
:106BB0008400544528BF544699E8030000238DE81B
:106BC0000300CDE9054307EB050BCDF810B00294A7
:106BD00004AAD8F8003007CA21F01CFD2544BCE700
:106BE00021F09BFB204008289AD825FA00F0C30723
:106BF00096D5B6E7989303002DE9F0438BB017467E
:106C0000DDE91545DDE913269C46DDE9173889469F
:106C100021B96FF086000BB0BDE8F083002FF8D0EB
:106C20000EB9002CF5D1129909B9002AF1D10DB98C
:106C3000002BEED1B8F1000FEBD0244A944541D19E
:106C40000288B2F5105F3DD14288B7EBD20FE0D396
:106C500022F04001802902D0B2F5807FD9D16CB3F7
:106C6000AE421CD23219954219D29C42D1D831463B
:106C70002246284622F0D1FD2E4614F00F03C8D13B
:106C8000CDE90197CDE90336CDE90543CDE90754B8
:106C90000993FFF793FC38B16FF09200BBE79C4279
:106CA000EBD96FF08900B6E707AA04A901A8FFF79E
:106CB000A9FA0546FFF78EFC0543EDD10020C8F880
:106CC0000040A8E76FF08500A5E700BF004440043E
:106CD0002DE9F04FA9B0834617469A460E46DDF8D7
:106CE000C890DDF8D88029B96FF08603184629B01E
:106CF000BDE8F08F002AF7D0B9F1000FF4D0349B33
:106D0000002BF1D0B8F1000FEED00024424B0CADB7
:106D100093E8070085E807003C22214619A818944B
:106D200022F095FD3388728803F4E040B0F5804F7F
:106D3000DAD03A4E3A480BEA060646F0106686422A
:106D400063D1B2F5807F60D147F2121293425CD1D9
:106D50000620344ABAF11F0FD3680E940B931369BF
:106D6000126800FB03F3CDE90C23BDD9339B402B04
:106D7000BAD9359B1F2B4BD909F10102202612925B
:106D8000402299F800300F97042B18AFCDE9132457
:106D9000CDE91572109611941794A5D1FFF70EFC4A
:106DA00003460028A2D10B9B15AACDE9086305ABC9
:106DB00007CA83E8070002AB12AA07CA83E80700E4
:106DC000DDE910018DE803000F9B95E80700FFF750
:106DD000F3FA0546FFF7FEFB55EA000384D13D4672
:106DE000349A20AE2C4603CCB44210605160254644
:106DF00002F10802F6D100221146B9540132402AAC
:106E0000FBD12022C8F8002070E76FF085036DE702
:106E10006FF089036AE700BF249203000000FFF6C9
:106E20000000020938920300F0B50E461D468BB0F3
:106E3000002853D0002951D0002A4FD0002B4DD02C
:106E4000048804F44F43B3F5824F03D06FF08500FC
:106E50000BB0F0BDE3B224F0FF04B4F5E24FB0F89C
:106E600002C0F3D1122B01D0172BEFD10CF1070187
:106E7000B2EBD10F4FEAD10733D31D4A04ACBCF5B6
:106E8000807F07CA84E80700E0D1122B07D1194B95
:106E90001A691B681344CDE90432002306930023CA
:106EA000CDE907670993FFF789FB0028D0D1124A83
:106EB00002AB92E8030083E803000AAB13E9030086
:106EC0008DE80300079B94E8070021F028FB0446A7
:106ED000FFF780FB204307D12F60B9E76FF08600F2
:106EE000B6E76FF08900B3E76FF09200B0E700BF3C
:106EF0002492030038920300909303002DE9F0439D
:106F00008FB01D46DDE916C600B121B96FF08600CD
:106F10000FB0BDE8F083002AF8D0002BF6D0BCF10A
:106F2000000FF3D0002EF1D0038803F44F44B4F5E2
:106F3000824F06D1DCB223F0FF03B3F5824F4088C5
:106F400002D16FF08500E3E7122C01D0172CF8D1A5
:106F5000C31DB2EBD30F4FEAD308D7D34FEA480291
:106F6000571C67453CD8B0F5807FEAD1122C18BF7A
:106F70004FF000094FF0000308BF1B4CCDE9081883
:106F800005F1010114BF4C46D4F80C90CDE90B1269
:106F90000A930D93FFF712FB0028B9D1CDE90589BB
:106FA00002AB08AA07CA83E807000EAB13E9030087
:106FB0008DE803000B9B94E8070021F0CFFA04460C
:106FC000FFF708FB34B1012CBBD0072C9ED06FF02B
:106FD00092009DE700289BD104232B70376097E730
:106FE0006FF0890094E700BF389203002DE9F04369
:106FF00089B00E4615461F46DDF8488020B96FF06F
:10700000860009B0BDE8F0830029F8D0002AF6D048
:10701000B8F1000FF3D0038803F44F42B2F5824F6A
:1070200002D06FF08500ECE7DAB2122A01D0172AFD
:10703000F7D123F0FF03B3F5E24F41D14488C8F8FC
:10704000004044B9EB00B3F5807FC8F80030E8D1C8
:10705000122A0DD108E0E31DB5EBD30FCFD1B4F563
:10706000807FDED1122A29D1354B1C681B691C4454
:107070000023194670192C4414F801CD10F8012D85
:107080001143B2EB0C020CBF4FF0FF3C4FF0000C71
:1070900086420CEA030343EA0203EDD10029AED095
:1070A000002BACDA109B9D4246D82A463146384622
:1070B00022F0D5FB119B00201D60A2E70024D7E73A
:1070C0003378042B9BD16B1EDB005B08B3F5807F0C
:1070D000C8F80030A5D1122A06F1010318BF4FF0FD
:1070E00000094FF0400205934FF000030ABF144C13
:1070F0004C46D4F80C90CDE90623FFF75FFA002840
:107100007FF47FAFCDF80C90D8F800300733DB0860
:10711000029308AB13E903008DE80300059B94E894
:10712000070021F0C8FA0446FFF754FA00287FF45C
:1071300068AF002CB6D062E76FF0890061E700BF4E
:10714000389203000388B3F5105F0ED14388DB0843
:10715000103B102B0CD8084A22FA03F313F0010F4E
:1071600014BF00206FF0860070476FF085007047F5
:107170006FF08600704700BF010101002DE9F04F5C
:107180008FB01546DDE918A91E46DDF868801C9F02
:1071900009B300B3B8F1000F1DD0E7B1BAF1000F89
:1071A00002D1B9F1000F16D1274B26F47E129A4274
:1071B000B0F802B044D1FFF7C5FF0446A8BBB5EB59
:1071C000DB0F4FEADB0306D316F47C1FC6F305453D
:1071D00004D0102D03D96FF0860426E010251B9AE9
:1071E00095422AD8CDE9011300231022CDE9059359
:1071F0000DF12809CDE9033ACDE90823CDF81C901B
:10720000FFF7DCF9044680B907AA04A901A8FFF733
:107210000DF80646FFF7DEF9044656B958B92A4676
:107220004946404622F01BFB3D6020460FB0BDE8BA
:10723000F08F6FF092040025F6E76FF08904F4E711
:107240006FF08504F1E700BF0002C0032DE9F041B3
:10725000069F0C461646054610B309B302B9FBB9A2
:107260006288B3EBD20F4FEAD20819D34C22002127
:10727000284622F0ECFA0D4B27F47E129A4212D1E6
:107280002046FFF75FFF044638B942463146281DC5
:1072900022F0E5FAC5F824802F602046BDE8F08191
:1072A0006FF08604F9E76FF08504F6E70002C0038B
:1072B0002DE9F0410E4614460546002840D000292D
:1072C0003ED092B10368214823F47E1383423AD121
:1072D000AF6BF7B1C7F1100807F128004245284409
:1072E00006D2274422F0BBFAAF630020BDE8F0814C
:1072F000424622F0B4FA1022103C3C19AA63F4D0A2
:10730000284605F1280121F0ECFA0028EED1464488
:10731000A863102C0CD9671E27F00F073A46314698
:10732000284621F0DEFA0028E0D1E41BDDD03E44FF
:107330002246314605F1280022F091FAAC63D4E7E9
:107340006FF08600D2E76FF08800CFE70002C0033D
:107350002DE9F04388461F4605468BB070B169B1F0
:1073600063B10368234923F47E1088423ED113F4AD
:107370007C1FC3F3054604D0102E03D96FF086049A
:107380002AE0102696422BD8FFF718F9044618BBBE
:10739000AB6B05F12802CDE901236B6A2A1DCDE90B
:1073A00004231023CDE9083007AB1A46039006905A
:1073B00005F13C0901A904A8CDF81C90FEF75AFF7D
:1073C0000546FFF707F904466DB928B93246494624
:1073D000404622F044FA3E6020460BB0BDE8F08300
:1073E0006FF08904F8E76FF09204F5E76FF0850419
:1073F000F2E700BF0002C00310B50A46044619B107
:10740000024B00211B68984710BD00BF8830002048
:107410000E4B0340B3F1607F06D1B1F5885F14BF16
:107420006FF0860000207047B3F1707F0BD101F43C
:10743000E043B3F5005F06D111F4E06F0CBF6FF0CD
:107440008600002070476FF0860070470000C07F04
:107450008A42F8B507460C4600F019818F4922F49C
:10746000FF7323F001038B420ED08D4B22F0FF01FE
:10747000994209D08B4822F47F7323F0030383429F
:1074800002D0894B994228D1884B24F0FF019942C0
:107490000FD114F0FF000BD0854B40F000709842E4
:1074A00040F0F78082EA0400FF288CBF0020012012
:1074B000F8BD7B4B9942ECD0A3F588539942E8D0B4
:1074C00024F4FF7323F00103B3F1062FE1D07648D3
:1074D0008142DED073498B42DBD004F0FE43B3F12E
:1074E000A06F14D102F0FE43B3F1A06F40F0D18041
:1074F00082EA040333F47E1340F0CB8014F400409E
:10750000D6D0C4F30540C2F305429042CDE7B3F1B3
:10751000407F40F0A88002F0FE43B3F1407F40F08E
:10752000B88082EA040535F47E1540F0B280394611
:107530002046FFF76DFF002840F0AB805D4B12F452
:107540007C1603EA020319D0B3F1607FC2F305464B
:1075500079D15949D3B243F000738B4277D003F10C
:107560007E43043B0F2B5CD8DFE803F05A5A5B7173
:107570006567696B65675B5B6567696BB3F1607FC6
:1075800034D14D49D3B243F000738B4244D003F160
:107590007E43043B0F2BDCD801A151F823F000BF40
:1075A0001D7600001D76000053750000197600005E
:1075B00097760000E1750000E5750000E9750000B0
:1075C00097760000E17500005375000053750000C8
:1075D00097760000E1750000E5750000E975000090
:1075E0002026B6E73026B4E74026B2E7B3F1707F35
:1075F00017D107F4E043B3F5005F03D10126C7F3C9
:1076000002239E4007F4E043B3F5005F09D1012552
:10761000C7F302218D4004E010269AE7142698E76C
:10762000142514F47C1FC4F3054312D1B54214BFD2
:10763000002001203CE71C25F3E72025F1E7302559
:10764000EFE74025EDE7B3F1707FEAD1DAE71025E7
:10765000E7E712F47C1F01D1AB4218D022047FF57A
:1076600027AFB34221E7B3F1106F12D124F01F60AE
:1076700020F4702068B902F0FE43B3F1106F7FF47C
:1076800017AF0E48104040F01060A042CFE7012035
:107690000EE700200CE71C265BE700BF0002000697
:1076A000001300060004000600090006000300069F
:1076B000FF0000020000C07F030000020000FFF690
:1076C00037B50D4D0C466B78022B12D12B78072B5A
:1076D0000FD100230A460193014601AB281D21F07A
:1076E00031F920B9019BA34218BF6FF0930003B09A
:1076F00030BD6FF08800FAE7E41D00202DE9F84363
:10770000884617461C4600F0D5FA054688BBD8F8CF
:107710000060B6F8009009F4E043B3F5804FB36819
:1077200008BF27F0010737EA03031AD10CB3254B32
:1077300024F0FF029A421FD114F0FF0304D0224A22
:1077400043F00073934232D022464846F168FFF777
:107750007FFE074668B9224648463169FFF778FE42
:1077600070BB6FF0840500233046C8F8003021F06C
:1077700003FF2846BDE8F883144B9A42DCD0A3F5FA
:1077800088539A42D8D024F4FF7323F00103B3F155
:10779000062FD1D00E498A42CED00E4A9342CBD08A
:1077A00004F0FE43B3F1407F04D12304CCD56FF045
:1077B0008605D8E7B3F1A06FF7D0034B9C42C2E730
:1077C0003D46D6E700030006FF0000020013000656
:1077D000000900060004000600F0FE43B3F1407FFC
:1077E00070B504460E4619D1FFF712FE00285ED18F
:1077F00014F47C1F15D0C4F30543032B137054D924
:10780000554D2540B5F1607F40F09380534AE4B276
:1078100044F00074944256D1102B48D96FF0860082
:1078200045E04D4B2340B3F1607F39D14B4BE4B27F
:1078300044F000749C4202D11023137037E004F12D
:107840007E44043C0F2C2ED801A353F824F000BF33
:107850009178000091780000A77800003978000046
:107860005579000095780000997800009D78000017
:107870005579000095780000A7780000A7780000EF
:107880005579000095780000997800009D780000F7
:107890001423D2E7202307E0302305E0402303E050
:1078A000B3F1707F04D0002313706FF0850070BDBA
:1078B00001F4E043B3F5005FF5D10123C1F30221E8
:1078C0008B40DBB299E704F17E44043C0F2CA5D831
:1078D00001A252F824F000BF2779000027790000A8
:1078E0001D78000019780000517900001979000016
:1078F0002B7900002F7900005179000019790000E0
:107900001D7800001D7800005179000019790000F1
:107910002B7900002F79000020218B423FF67EAFAB
:10792000142BC4D9C1E7142B77E73021F5E74021A8
:10793000F3E7B5F1707F7FF471AF06F4E042B2F582
:10794000005F7FF46BAF0121C6F302229140E4E7B0
:107950001C21E2E71C23A7E70000C07F0300000210
:107960002DE9F04F9B460023924601F0FE428FB076
:10797000B2F1806F0E46DDE91878DDF86890099362
:1079800005D0184621F0F8FD6FF086052EE00B4675
:107990004FF4807209A9FFF7B1FE0546099815B1A9
:1079A00021F0EAFD22E0038803F4E042B2F5005F33
:1079B0001FD113F4E06FC3F302211AD0364C26F422
:1079C0008072A2420AD004F50074A64206D0334C5D
:1079D000A64203D0A4F53F44A2420AD101248C4020
:1079E000102C11D921F0C8FD6FF083052E4600241C
:1079F00048E042F20402934202D1294B9E420AD04F
:107A0000284B9E4211D10D24A04506D221F0B4FD91
:107A10006FF08905EAE70C24F6E721460AA8FFF78C
:107A20004FFE054610B10998BAE700240998D0E93D
:107A300008126FB307EB040C4568A8EB04032D0A8A
:107A4000A0D10DF12808CDE90539CDE903BC3346B5
:107A5000CDE9014ACDF80080FFF7CEF8054615F1D3
:107A6000860F09989CD021F087FD0646002DBDD1D8
:107A700080B924B122464146384621F0F0FED9F8BB
:107A800000301C443046C9F800400FB0BDE8F08F0C
:107A9000BC46D1E70546A9E70010C00400FF40043A
:107AA000000180040013C004002307B51A460091AA
:107AB000024921F0D3FB03B05DF804FBA49303005B
:107AC00010B5114C2378580744BF23F004032370EA
:107AD0002378990705D500F093F8237823F0020363
:107AE000237063781BB10023084A6360536000234E
:107AF000082106486370FFF77FFC2378DA0744BF4C
:107B000023F00103237010BDE41D0020E81D0020B8
:107B100038B51A4C62782378022A01D1072B11D08C
:107B2000DD0712D52378980707D400F061F8237891
:107B3000054643F00203237080B96278237882B14E
:107B40005A0716D50025284638BD20F0F9FE2378BF
:107B5000054643F0010323700028E3D0FFF7B0FF90
:107B6000F1E7D907ECD5064962604A6002226270EB
:107B7000E6E743F004032370E4E700BFE41D0020C0
:107B8000E81D002000F14043032B70B505460E466A
:107B90000CD82822154C02FB0344237E022B02D171
:107BA0006369834218D06FF08B001AE0012121F045
:107BB000BDFCB8B10D4B00221C46197E022902D132
:107BC0005969A94205D00132042A03F12803F4D1EE
:107BD000E9E7282303FB0244204621F09AFC00B980
:107BE000346070BD6FF08700FBE700BFF01D002020
:107BF0000122024B002083F8A0207047F01D0020D6
:107C00002DE9F0410A4C002526464FF001080327D4
:107C10002046C4F81C802776013521F057F8042D42
:107C200004F12804F4D1002386F8A030BDE8F081E7
:107C3000F01D0020F8B51E4D064695F8A0300F4601
:107C400083B300242B462246197ED1B13CB90229C8
:107C500005D1D96919B91979002918BF1C46013213
:107C6000042A03F12803EFD114B96FF08C0006E069
:107C7000204621F04EFC204621F028F810B10024C7
:107C80000EE01C46237E83B9012323763EB1651B9B
:107C9000ED1003F1CC335D4305F1804535600020E4
:107CA0003C60F8BD6FF08800E9E76FF09600E6E70A
:107CB000F01D0020F7B500262C4B0E6093F8A03085
:107CC00007460D46002B4ED0FFF75CFF10F18C0FDE
:107CD000044645D129463046FFF7ACFF044600284C
:107CE0003ED101232E68CDE9000069463046776118
:107CF000736001AA21F0C3FC044670B1DDE9000104
:107D000021F0BBFC286820F0E1FF14F18C0F08BFC4
:107D10006FF0870400232B6022E0DDE9001230467B
:107D200020F05FFF0446DDE9000121F0A6FC002CF5
:107D3000E8D128688368D90444BF43F48063836032
:107D400083689A0444BF43F400638360037E012B7D
:107D500004BF0223037621F0DCFB04460028D9D1BE
:107D6000204603B0F0BD6FF08804F9E7F01D002055
:107D700030B40D4D2C681C606C685C6000249C6005
:107D80005468DC6014881C8254885C8294685C614E
:107D9000D4689C61126930BCDA6119620A460146F6
:107DA00003F1240021F05BBDA89303002DE9F84303
:107DB000232904460F4691469846089E04D86FF042
:107DC00098052846BDE8F8830822194921F015FDD9
:107DD00005460028F3D1A368002BF0D1216A243F87
:107DE0008F42C8F80010EAD3B1F5005FE7D271B94D
:107DF000C9F80000E3687360238A3380638A738064
:107E00006369B360A369F360E3693361D9E7012073
:107E100020F01CF8C9F8000030B1D8F8002004F1B7
:107E2000240121F01CFDE5E76FF08C05C9E700BFD8
:107E3000A89303000022014B1A807047742C002085
:107E400010B530F07EFD054A148814B1631E01247C
:107E5000138030F071FD204610BD00BF742C00204F
:107E600000B5C3B016F03CFA094800F0B9FB60B1A8
:107E70001EF0DEFB48B14FF48271054801AA21F0E3
:107E8000EDFE10B901A8F8F751FD43B05DF804FB11
:107E90008828002018B1034B186000207047252067
:107EA000704700BF941E002010B5054C054920689E
:107EB000FBF752FD2068BDE81040FFF7EBBF00BFA5
:107EC000B03100208C300020014B1868704700BF93
:107ED000941E00200B4B70B51D688DB12846012300
:107EE00000F8013B084B094C1E782178324621F0FE
:107EF000AEFC294630461EF099FB2368013323600F
:107F000070BD00BF001F0020E22C0020FC1E0020DE
:107F10002DE9F34143780446013B042B54D8DFE8B4
:107F200003F0032B3A4145004FF00008C378284F77
:107F3000284E294D3B70837828683370274BC3F84F
:107F4000008018B11FF064FFC5F8008038781FF07A
:107F50005DFE286070B101230093214A002331782F
:107F60002048F9F71DFA0121621C02B0BDE8F0417A
:107F70001EF059BB1920F6E71A48F9F7F3F9164E27
:107F80000546306818B11FF043FF0023336001211C
:107F90002846621CE9E7144821F06EFC124AC1B27F
:107FA0000020E2E7024612F8011BF9E7054615F842
:107FB000011B00202A461EF036FB2946207802B01D
:107FC000BDE8F0411EF032BB002201201146CCE793
:107FD000E22C0020E12C0020001F0020FC1E0020CD
:107FE000D57E0000041F0020F532002053B94AB9A5
:107FF000002908BF00281CBF4FF0FF314FF0FF30B1
:1080000000F082B9ADF1080C6DE904CE00F006F87D
:10801000DDF804E0DDE9022304B070472DE9F04FFC
:10802000099D0C46002B4DD18A420F468446964648
:10803000B2FA82F360D94BB102FA03FEC3F1200217
:108040009F4000FA03FC20FA02F217434FEA1E4653
:108050001FFA8EF44FEA1C42B7FBF6F106FB1177CC
:1080600001FB04F042EA0742904208D91EEB0202EB
:1080700001F1FF3702D2904200F231813946121AE3
:108080001FFA8CFCB2FBF6F006FB102200FB04F496
:108090004CEA024C644508D91EEB0C0C00F1FF328F
:1080A00002D2644500F21E81104640EA0140ACEB6A
:1080B000040C002125B12CFA03F30022C5E900329B
:1080C000BDE8F08F8B4205D90DB1C5E90001002153
:1080D0000846F5E7B3FA83F100294DD1A342C0F079
:1080E000F380904280F0F080064623460846002D3B
:1080F000E6D0C5E90063E3E7002B40F0A3808A1ACD
:108100004FEA1E471FFA8EF60121B2FBF7F407FB78
:1081100014204FEA1C4242EA004206FB04F090425F
:108120000FD91EEB020204F1FF382CBF4FF00109FA
:108130004FF00009904203D9B9F1000F00F0CC8054
:108140004446121A1FFA8CFCB2FBF7F007FB102210
:1081500000FB06F64CEA024C664508D91EEB0C0CF7
:1081600000F1FF3202D2664500F2B3801046ACEB5C
:10817000060C40EA04409DE7C1F120068B4004FA5A
:1081800001FE22FA06F720FA06FCF4408A401F435B
:108190004EEA0C0300FA01FE4FEA17484FEA134972
:1081A0001FFA87FCB4FBF8F008FB104449EA0444CA
:1081B00000FB0CF9A1450ED93C1900F1FF3A2CBF88
:1081C0004FF0010B4FF0000BA14503D9BBF1000F9D
:1081D00000F08B805046A4EB09041FFA83F9B4FB2E
:1081E000F8F308FB134403FB0CFC49EA0444A445E0
:1081F00006D93C1903F1FF3801D2A4457BD8434688
:1082000043EA0040A4EB0C04A0FB02984445CC4692
:10821000434602D306D1CE4504D20138B9EB020C55
:1082200068EB0703002D6CD0BEEB0C0264EB03047B
:1082300022FA01F304FA06F6CC4000211E43C5E9F8
:1082400000643DE702FA03FEC3F1200104FA03F2E1
:1082500000FA03FCCC404FEA1E4720FA01F11FFA56
:108260008EF6B4FBF7F00A4307FB1044110C41EA09
:10827000044100FB06F48C420ED91EEB010100F113
:10828000FF382CBF4FF001094FF000098C4202D992
:10829000B9F1000F2CD04046091B92B2B1FBF7F4A4
:1082A00007FB141142EA014204FB06F1914207D98F
:1082B0001EEB020204F1FF3801D291421ED844465F
:1082C000521A44EA004120E7861A64EB03030120B6
:1082D0000DE7F44402384AE7023C724431E70239C0
:1082E0007244CCE6F4440238DFE602383C4472E7DC
:1082F00002387144D0E7023B3C4481E7023C7244BF
:10830000DEE72946DCE600BF704700BF08B5064B34
:10831000044613B10021AFF30080044B1B6803B186
:10832000984720461EF0C1F9000000003C1F0020C5
:1083300070B50D4D00260D4C641BA410A64209D14A
:108340000B4D00260B4C30F07BFD641BA410A642A5
:1083500005D170BD55F8043B01369847EEE755F856
:10836000043B01369847F2E7083300200833002029
:10837000083300200C3300202DE9F04106469846D2
:1083800017466AB3052B2DD9C8B103291AD9056838
:108390002C0204F4E064C5F307231C430434A14217
:1083A00011D3284621F0A6FC044670B143463A4654
:1083B0002846A1B221F080FA2046BDE8F0810546AA
:1083C0002224F3E700254A24F0E7074B3A461C68CD
:1083D00031464346A0470446284621F093FCEBE78C
:1083E0002224E9E71D24E7E7B43100202DE9F84F06
:1083F0000F46884657F8041B0546144600203A46A7
:108400001E462EF09AFFD8F80080404621F03CFA34
:1084100020B19DB941684FEA186359B90F2133461D
:108420002246404621F048FA0D461AE04A799A421F
:1084300004D008310D68002DF8D1EFE7DFF8349053
:10844000DFF83480D9F800B0D8F800A03846C9F871
:108450000040C8F80060A8470025C9F800B0C8F877
:1084600000A02246012052F8041B2EF066FF284689
:10847000BDE8F88F441F0020401F002070B50C4B52
:1084800004020D4604F4E064C0F307211B680C43AA
:10849000084A04349C42126807D91D2121F00CFAC5
:1084A0000022134610462B6070BD1060043BF9E7B4
:1084B000401F0020441F0020094A10B5116851B91F
:1084C000B0F5006F09D2041D2046FDF76DF908B91B
:1084D000044B1C6010BD1220FCE72120FAE700BF0E
:1084E0004C1F0020481F002010B1034B1B68036085
:1084F000024B1868704700BF481F00204C1F002027
:1085000011B1034B1B680B60024B1868704700BF2A
:10851000401F0020441F0020044B186828B1044B62
:108520001868042838BF042004387047441F00200E
:10853000401F0020084A136833B94178436141F075
:108540000101417010607047197802789142FAD0A9
:1085500003F114025B69EFE7501F0020044A034651
:10856000106810B102789A4200D170474069F8E76C
:10857000501F0020014B1868704700BF501F00209B
:1085800030B5837985B001901844C0680D4600F07D
:108590003800FFF7E3FF044628B901A821F06EFC7C
:1085A000022005B030BD2946019821F071FC45221A
:1085B0000A490DF10F0021F0A6FB019904F10C000E
:1085C00021F052FD472205490DF10F0021F09CFBDF
:1085D00020462DF008FF0020E3E700BFB093030022
:1085E00037B50446094DD92229460DF1070021F07F
:1085F0008AFBE06821F07AFC0446DB220DF10700DB
:10860000294621F081FB204603B030BDB093030022
:1086100037B504460B4D4FF4257229460DF107007E
:1086200021F071FB04F10C0021F046FC044640F2FD
:1086300096220DF10700294621F066FB204603B083
:1086400030BD00BFB0930300054B10B553F8204078
:1086500004B910BD2046636898472468F8E700BF56
:108660006C1F00200020134B10B51870124B134CD8
:10867000C3E90000124B206018706060A06000F039
:108680003BFA80B2A0F10E036380A0F11403013025
:1086900060810C49201DE3801FF096F920460A49AD
:1086A0001FF092F904F108000849BDE810401FF0DE
:1086B0008BB900BFE42C00206C1F0020762C00201A
:1086C000E32C0020FC930300059403000F940300A7
:1086D00070B5044658B330F03DF9637905466FF341
:1086E00082036371237913F0100605D010232371E0
:1086F000BDE8704030F029B90D4903F0030331F8AB
:1087000023203046013A21F823202146094C00F06D
:10871000E3F923781BB13046FFF796FF2670064B2E
:108720005B6813B10120FFF78FFF2846E0E770BDBB
:10873000762C0020E42C00206C1F002038B5044665
:10874000057A30F007F9054B53F82520226043F8ED
:108750002540BDE8384030F0F8B800BF6C1F00205D
:1087600010B5064B00F0E0001A78541C1C70044B46
:1087700003F8320003EBC203596010BDE32C002064
:10878000541F00200022F8B50E4C0F492378934265
:1087900014D951F83260551C86424FEAC2070ED1F7
:1087A0005E1E0A48B21AD20007F1080101449D4238
:1087B00088BF0022384421F030F82670F8BD2A46E0
:1087C000E5E700BFE32C0020581F0020541F0020C5
:1087D0002DE9F04F044689B00492420748BF00F0EB
:1087E000F704029130F0B6F85E4D04F0030605EB95
:1087F000860335F826205B8880469A4204F0EF090C
:108800004FEA860733D2002000F048F9834650B380
:1088100035F826304046013325F8263030F095F8FB
:10882000584621F0F2FC029B029A8BF80630049B1A
:108830008BF8049013448BF807304B4B5B6843B1C3
:1088400030F088F804460120FFF7FEFE204630F0A5
:108850007CF805EB8600452259461FF0BAF85846C9
:1088600009B0BDE8F08F01224046404B1A7030F04D
:108870006CF823071BD51F2C19D94FF0000A04F000
:10888000E003039330F066F8EB195B8835F8267047
:10889000DFF8E0809F422CBF0027012730F055F819
:1088A00005EB86030593324B1B789A4509D384F078
:1088B00004004946C0F3800000F07AF84FF0000B46
:1088C000C7E798F80030039A1A4205D0D8F8043068
:1088D0000193019B1B6823B90AF1010A08F10808FA
:1088E000E1E707935A79D00707D51A79510704D5DC
:1088F00047B989EA0202920704D001931B68002B52
:10890000F0D1E6E7019821F0D7FA0779079007A898
:1089100021F0B4FA3946002000F04AF830F01AF895
:10892000059B35F826205B8883469A4234BF012791
:10893000002709D2002000F0B1F8079068B135F89F
:108940002630013325F8263058462FF0FEFFDDF89B
:108950001CB0BBF1000FBCD062E70122034B1A70C0
:10896000F2E700BF762C00206C1F0020E42C0020D2
:10897000E32C0020541F00200022014B1A60704796
:10898000741F002010B504462FF0E4FF074A136857
:108990002BB914602360BDE810402FF0D6BFA3426E
:1089A00002D01A461B68F3E710BD00BF741F0020F9
:1089B00070B505460E46054B1C6804B970BD63686A
:1089C0003146284698472468F7E700BF741F002007
:1089D0002DE9F0474FF6FC78002416461B4F033173
:1089E0001B4B07EB001501EA08084FEA001A1B6849
:1089F0006A80814627F80A8002FB08F0EC609847FD
:108A000018FB06F39BB2024668602B81D8B111496E
:108A1000284651F829101EF0D9FF21462A89686896
:108A200020F015FF214623469E4204DC00205744D7
:108A30007E80BDE8F0876A68E868541850500133BA
:108A4000EC604144F0E71A20F3E700BF402100202A
:108A5000781F0020C894030038B5094C04EB0015BA
:108A60006B682BB128461EF0B3FF686821F01EFD2D
:108A70002846BDE838401022002120F0E8BE00BFA3
:108A800040210020034B0201C3E9001000210248ED
:108A900020F0DDBE781F00204021002038B5094BB2
:108AA000020103EB0015EC68284621469A5A1EF095
:108AB00090FF24B12368EB606B88013B6B802046FC
:108AC00038BD00BF40210020024B03EB0013987813
:108AD000704700BF4021002030B4064C04EB001367
:108AE000DD685A880D600132184630BCD9605A8062
:108AF0001EF070BF40210020044A010102EB001368
:108B0000505A10B11B89B3FBF0F070474021002090
:108B1000014908461EF058BFFC940300012838BFE5
:108B2000012038B5C41C24F0030420461FF06EF861
:108B300005460146224608481EF04BFF2DB9214646
:108B40000220FFF735FF284638BD2246002128467F
:108B500020F07DFEF7E700BFFC94030038B5044623
:108B60000D4600F0ABFD044808F04EFDA573312022
:108B7000BDE8384008F0AEBDB1A40200F0B5467BB8
:108B8000057B731CB6EB951F044689B0437305D370
:108B9000002109B0BDE8F040FFF7E0BF00271C4806
:108BA00008F032FD76001B491B4B3541CDE904131B
:108BB00005F00305E37A253504A88DF81830CDF8C3
:108BC0001A70ADF81E708DF8195000F0DFFE2368A2
:108BD000CDE902770193A37A8DF809302389C3F395
:108BE000402252008DF80A20627B012A01D8DA0760
:108BF00005D523F00103238101238DF8083001A856
:108C000021F025FF206926F0A5F809B0F0BD00BFCE
:108C1000498C0000D6BE898E5555550008B50346CF
:108C2000222B084606D0562B0BD1BDE80840012167
:108C3000FFF794BF00F042FDBDE80840014808F08E
:108C4000E3BC08BDB1A40200512808B50B4605D00D
:108C5000552814D0BDE80840FFF7E0BF0A89920507
:108C600008D50120897A00F09DFABDE80840074840
:108C700008F0CABC0846BDE80840FFF77FBF1846A9
:108C8000BDE808400121FFF769BF00BF918C0000DB
:108C90002DE9F04F53280C4685B006D0552879D0E1
:108CA00005B0BDE8F04FFFF7B9BF00F079FB83686E
:108CB0008046DD076CD543210DF10F0208F024F941
:108CC00043780646252B63D8057805F00F05032D5C
:108CD00001D0052D5CD1206926F037F822890146A4
:108CE000C2F34002304626F04DF8002850D1B3467A
:108CF00027891BF802AB21F0FDFB07F4C07980F057
:108D00000103B9F10002CAF3801A594618BF0122C3
:108D10005046DBB226F093F9014668B3032D18D113
:108D200021893046C1F3800126F043F803283CD066
:108D300005282DD100254046A57300F06FFB404665
:108D400025F016FF2946204605B0BDE8F04FFFF795
:108D500005BF052D1CD1218904F118030193C1F32E
:108D600080130093C1F30012C1F340033046C1F3F6
:108D7000C00126F027F8D9E721F0C4FB40B9B9F1CA
:108D8000000FCBD0FF43032DBFB209D13906C7D4A2
:108D900000F094FC204605B0BDE8F04FFFF7EEBEB2
:108DA000052DF5D1FA05F3D5D5E70B4808F02CFCD5
:108DB000A17A002000F0E0F9606925F0CBFF23895B
:108DC0009B0605D5404605B0BDE8F04F25F0D0BE66
:108DD00005B0BDE8F08F00BFBFA40200012001492B
:108DE00008F000BCB1A4020021281FB50C4634D104
:108DF0001C4808F009FC04F1100000F0C7FD94F8CD
:108E0000250025F00AFE94F82030626813F0010373
:108E100094F8221012D00023CDE90233A3686846EB
:108E200013440193012300928DF80A308DF80B1042
:108E30008DF80C3000F016FA04B010BDCDE9013306
:108E40000223684600928DF805108DF8063021F057
:108E5000FEFD204621F078FBEEE704B0BDE81040AF
:108E600021F055BB7FA602000320014908F0BABBE0
:108E7000E98D0000212810B50C4613D101F1120034
:108E800000F060FD25F0FDFFA37D012B0BD109480B
:108E900008F0BAFB204621F001FDE06825F05AFFFA
:108EA0000023637510BD044808F0AEFB204621F096
:108EB00008FDF5E713A9020037A9020004200149C3
:108EC00008F090BB758E0000074B586940F20D13F7
:108ED00038B9002BC1BF45224433B3FBF2F0C0B216
:108EE00070470068453BF3E7280B00202DE9F0416F
:108EF0004FF0000882B0CDF80480F8B10546154F58
:108F000001AC09E023601B687B612368C3F8008023
:108F10002668002D344611DD7B69453D002BF1D1DB
:108F2000012021F07EF9064620600028F1D101A839
:108F300020F0A4FF304602B0BDE8F081102000F020
:108F4000C3FE019E3046737943F00103737102B092
:108F5000BDE8F081280B002037B5174D0446EB69BA
:108F600093F87D2012B9002003B030BD01281AD03B
:108F700002280CBF022201228DF8042001228DF864
:108F800005209A6F286922F044029A6701A92DF002
:108F90009AFB0028E8D1012C07D1EA69936F43F0CE
:108FA00040039367DFE70422E6E7022CDBD1EA699E
:108FB000936F43F00403F4E7280B002037B5184DF6
:108FC0000446EA6992F87D3013B9002003B030BD41
:108FD00001281CD002280CBF022301238DF8043085
:108FE00001238DF80530936F286923F4805323F013
:108FF0000203936701A92DF07CFB0028E6D1012C28
:1090000007D1EA69936F43F002039367DDE7042316
:10901000E4E7022CD9D1EA69936F43F48053F4E773
:10902000280B00200422F0B51D4E0546F36985B0DB
:1090300083F87C20407921F0F5FC2C79074694B127
:10904000A879FFF789FF044638BB01466A790120F9
:1090500021F0B1FC3B4622467179306905B0BDE88C
:10906000F0402DF0C0BA2B6868790394029321F088
:10907000D9FC009022467179306902AB2DF0B5FA27
:10908000044650B9A879FFF767FF044628B902469D
:1090900001216B79286821F08FFC204605B0F0BDD6
:1090A000280B0020014B18692DF07FBC280B0020F5
:1090B000014B18692DF07BBC280B00200C4B10B520
:1090C0005A690023591C82B94522DBB25343418BB4
:1090D000028B0A440A3293422CBF0124002402D29C
:1090E000102000F0F1FD204610BD0B461268E9E7A4
:1090F000280B002008B508F097FD024B1030D8610E
:1091000008BD00BF280B002038B50446094DFFF705
:10911000F1FFEB692A689A6754B1A08807F0D0FE86
:1091200007F0EAFE0122EB69002083F87C2038BDBD
:109130000120F5E7280B0020014B1869704700BF9C
:10914000280B0020014BD8696E307047280B002097
:109150000022034BDB69C3F86E20C3F8722070470E
:10916000280B0020034BDA69936F43F48033936735
:10917000704700BF280B0020042238B5084B0D466D
:10918000DB6983F87C20FFF7E7FE044608B100F0B6
:10919000A7FD2A460021012021F00DFC204638BD04
:1091A000280B0020022238B5094B0D46DB6983F8F5
:1091B0007C20FFF703FF044608B100F091FD2A462A
:1091C0000021012021F0F7FB21F028FC204638BDCA
:1091D000280B0020034A136823F40043136000F0B7
:1091E00027BF00BF280B002030B51A4D044685B0BC
:1091F00028692DF0D8FB58B328692DF0D2FB00B9AF
:10920000E071E37973B1ADF8003002230022ADF8CC
:109210000230A36869462869CDE9022201932DF046
:109220006AFA80B900232046A371FFF7FBFEE379B9
:109230003BB140B9EA69936F43F04003936705B0CF
:1092400030BD0028FBD005B0BDE8304000F048BD7F
:109250000E20F8E7280B0020014B18692DF0F6BA14
:10926000280B00207FB52E4D0446EE69102296F89B
:109270007C300021022B14BF02230823684686F8A5
:109280007C3020F0E4FA237A03B301238DF8043014
:1092900063680293A37A53B196F87D0007F0FAFD54
:1092A000029B02881344029301238DF80D30637AE8
:1092B000207B8DF80E30FFF781FE50B1EA69936F85
:1092C00023F48033936700F00BFD20E023680093C4
:1092D000DEE7E07A21F0A6FB6A4603466979286951
:1092E0002DF08CF90028E9D1EB69227AB3F87A10D5
:1092F000E37A01F0010162B11A46012021F05BFB23
:1093000021F08CFBEA69936F23F48033936704B0F8
:1093100070BD0A462068012121F04EFBF0E700BF36
:10932000280B0020082270B51C4D0E46EB6986B054
:1093300083F87C20017A04464B1ED9B2437A052972
:10934000184628BF00212B7121F016FBADF8103014
:1093500000236871024660688DF812300290ADF803
:109360001430206802AB00933368039028692DF015
:109370007DFBEB69227A83F87D2018B100F0B0FC08
:1093800006B070BD307BFFF719FE0028F6D1EA6900
:10939000936F43F480739367F2E700BF280B0020BC
:1093A0002DE9F0431C4A87B0D56995F86C3003EB82
:1093B000C3004FEA800855F8087005EB80061FB11E
:1093C000304607B0BDE8F08311791069717301AAC6
:1093D0000321B760B7732DF042FADDE9031245F8B7
:1093E0000800304608F11003E9501D446A60BDF8DA
:1093F0000630BDF80820B7839B1A32839DF80420FD
:109400007383072A08BFB368376204BF43F00103C0
:10941000B36007B0BDE8F083280B002083689B078A
:1094200000D5704730B5154D87B0044601686A46CF
:1094300028692DF016FA50B9238B628B69461344C4
:1094400003332869ADF804302DF00DFA08B107B0E8
:1094500030BD009B9DF90E00636000F0D9FD2073C4
:10946000EB699DF8111093F87D0007F007FDA368E4
:10947000A07343F00203A36007B030BD280B0020A7
:109480002DE9F04F4FF6FF741F46A142038B458B29
:1094900008BF818B1D4418BF8183A942064683B053
:1094A00059DA4FF6FF708242A5EB010502D09542D2
:1094B000A8BF15468B42ADB20BD84FF00008A845A7
:1094C0002AD345462846B38B2B44B38303B0BDE86B
:1094D000F08FA3EB0108A845A8BFA84632691FFA80
:1094E00088F802EB010BB8F1000F62D0002F5ED0BC
:1094F000B946C2465246452A594628BF45224846E3
:1095000020F098FC83B2AAEB0304A4B283443CBBD2
:10951000318B0B46A845D4D2C91A7369A5EB08094B
:1095200013FA81F41FFA89F9002FCAD04A46452A56
:10953000214628BF4522384620F07CFC1FFA80F8DF
:10954000A9EB08039BB20444002BBBD03A68CAB114
:1095500017469946EAE70025284603B0BDE8F08F94
:10956000D9F8002012B19146A246C3E799F8040049
:10957000019320F056FE019BC9F8000060B18146BE
:10958000A246B7E73879019320F04BFE386040B12E
:10959000019B07469946C9E7A3EB0A0343449DB2E2
:1095A00090E7A8EB0908A8441FFA88F58AE73D462A
:1095B00088E719460B46ADE7F8B5124FFC6994F8F9
:1095C0006D6006EBC60104EB810121F049FA054606
:1095D0002FF0C0F9242202FB06440026F969266216
:1095E00091F86D305A438E5003220133B3FBF2F2EF
:1095F00002EB42029B1A81F86D302FF0A6F9284643
:10960000F8BD00BF280B0020044BD96991F86C30DD
:1096100003EBC30301EB830121F022BA280B0020E6
:1096200073B5114D04462B7883421BD00F4E88B181
:10963000012005F077FB002301930D4B4FF0004212
:1096400000930C49012330692CF0B5FF01202C70E8
:1096500002B070BD074930692CF0BDFF204605F00F
:1096600061FBF3E70020F3E7E52C0020280B002046
:109670006FA90200801F002010B5094CE369986FA4
:1096800010F400700AD020692DF013F930B90121CF
:1096900020692DF00AF980F00100C0B210BD00BFB2
:1096A000280B0020044BDA69926F920503D5002144
:1096B00018692DF0FAB87047280B002010B5154C2A
:1096C000E36993F87C30012B08D000221146104644
:1096D00021F071F90122E36983F87C200022032143
:1096E00020692CF063FF0022012120692DF0BDF8D4
:1096F000FFF7D8FF002021F099F921F099F9002017
:1097000021F098F9E269936F23F4847343F4C04322
:10971000936710BD280B002010B52FF01BF90446ED
:10972000FFF7CCFF074B5620DA69B2F874300133EB
:10973000A2F8743008F01AF82046BDE810402FF067
:1097400004B900BF280B0020F8B51C4DEA69936FDF
:109750001C0704D523F008039367FFF7DDFFEB69CF
:109760009B6FD8060FD52FF0F5F80646FFF7ACFB38
:109770000446134F24B1012020F053FD0146B0B937
:1097800030462FF0E2F8EA69936F990615D523F079
:109790002003936708F05AFA78B12FF0DBF80446FB
:1097A000FFF7BAFF2046BDE8F8402FF0CEB83846A4
:1097B000013C20F063FCE4B2DCE7F8BD280B00209C
:1097C0003C0B002008B5FFF779FF00F031FC034A9D
:1097D000136823F40043136008BD00BF280B00206A
:1097E0002DE9FF470C9D17469946064660B9294C5E
:1097F000FFF758FF20692DF04CF8E269936F23F4CE
:1098000000730020936720E0042840D808293ED840
:10981000531E072B3BD8002D39D0B9F1000F36D09D
:109820000023DFF870808DF809308DF80B301A4B6B
:109830008DF80810D8F8100002A98DF80A200393BB
:109840002DF035F8044618B11F2004B0BDE8F087AC
:109850004FF0010ACDF800A000212B46D8F81000E7
:10986000E2B22DF01AF801460028EDD10134B442DD
:109870003D44EFDB4A46D8F810002DF00CF80028E4
:10988000E2D1D8F81C20936F43F40073B9E720208D
:10989000DBE700BF280B0020FEFFFF01014B18692A
:1098A0002DF014B8280B0020002210B5094C1046EA
:1098B000114621F080F8206915F032F821F0B5F852
:1098C00004F1140020F0DAFAE269936F23F0100338
:1098D000936710BD280B0020024B1868C0F380204E
:1098E000704700BF280B002038B5154C0546E369CA
:1098F00093F87D3083420ED0431E042B08D8DFE856
:1099000003F0030B0F141600206915F049FC10B981
:10991000E36983F87D5038BD206921F08DF8F6E7C2
:109920000021206921F08AF8F1E70221F9E7FFF729
:10993000D3FF0028ECD0206921F082F8E7E700BFD0
:10994000280B0020FF2330B504460D4D85B02B7148
:1099500043786B710078FFF7C7FF0A4A0A4B6946E4
:10996000CDE9002363782869ADF8083001238DF82C
:109970000A300023ADF80C302DF06BF805B030BD87
:10998000280B002055555500294176717FB50446B6
:10999000114E407A0025307120F0EEFF7071207A70
:1099A000FFF7A2FF6368694600932368306901935B
:1099B000637A8DF80A50ADF80830ADF80C502DF0F0
:1099C00048F82A462946284621F027F8206821F041
:1099D0002EF804B070BD00BF280B002038B50B4C2A
:1099E00005462368206923F4806323602CF0E1FF9F
:1099F00038B10DB9002038BD236843F4806323607B
:109A0000F8E7002DF6D00C20F5E700BF280B00206A
:109A1000F0B53E4C0746216889B011F001016BD1C9
:109A2000202220461FF013FF39482CF0F2FD064695
:109A300010B1102009B0F0BD364D374B01A82B6096
:109A400008F0F6F8029B2846AB82019B2B62334B51
:109A50001B886B82324B1B68EB61324B1B882B825D
:109A6000314B1B68AB6120F0DCFF20464FF0FF3329
:109A70003246294640F8103F14F0F6FE0028D8D1AF
:109A8000BB68DB023AD4012000F0DEFA0028D0D116
:109A900002224FF0FF3120692CF080FE0028C8D14F
:109AA0000120FFF79BFF20692CF0A8FF0028C0D100
:109AB0003C2394220393CDE9013296235022059052
:109AC00001A92069CDE90623049314F0D1FF0028F1
:109AD000AFD10121206914F02DFF0028A9D1134A2C
:109AE0001349206920F069FF00F028FA0028A0D16E
:109AF000236843F00103236000209BE70D492069A0
:109B000014F0F0FE0028BED093E700BF280B002021
:109B1000690345EC981F0020099D0000AC9F0300DD
:109B2000B09F0300AE9F0300B49F030075A902001D
:109B3000A3A902000695030070B505460E4614461B
:109B40000AB120F06CFF0448234632462946BDE89E
:109B5000704000692CF081BE280B00202DE9F041F7
:109B600005460E46FFF71CFC2F680446C7B9638BF9
:109B7000008B18440A30FFF7B9F903462860C0B1DA
:109B800082790C321344A2681A71618B228BDF71C7
:109B90000A441A81084A0A2112799A7120F03EF982
:109BA00020462B68B2B24FF6FF71BDE8F041FFF7D7
:109BB00067BCBDE8F08100BF280B002070B50546EA
:109BC0000D4BDC6994F86C6006EBC60004EB80007A
:109BD000FFF724FCAA790C32AB18197941F0020185
:109BE0001971242101FB06446168A950227B5A7136
:109BF000A27BDA7170BD00BF280B002038B505F0DC
:109C0000AFF8C8B1847DC4B92A4DEB6993F87C20C4
:109C1000022A10D1B3F8702053200132A3F870202B
:109C200007F0A4FD012020F005FF2421EA6992F845
:109C30006C304B43D45038BDFF24204607F0DAFC8B
:109C4000002832D01B4CE36993F87C20022AF2D121
:109C5000B3F8702053200132A3F8702007F086FD7E
:109C6000012020F0E7FE23681D0407D5E36993F87F
:109C70007C30012B02D0522007F078FD2422E169CC
:109C800091F86C305A4388188068C0F3800440070C
:109C900041BF03220133B3FBF2F202EB420246BFA3
:109CA0009B1A81F86C308C50C5E73220BDE83840F3
:109CB00007F05CBD280B0020024BDB6993F87D00A8
:109CC000704700BF280B0020044BDA69936F0343F1
:109CD00093674FF0006014F0A3BB00BF280B002077
:109CE00038B505462EF02DFE0446064B0820DB69EC
:109CF00083F87E50FFF7E8FF2046BDE838402EF09D
:109D00001BBE00BF280B0020F8B515461C460646B2
:109D10001946104620F088FE2A462346304620F099
:109D2000E7FE414FD7E9022300EA020401EA0305F6
:109D300054EA050339D0A4F108032B4327D0A4F536
:109D40008043083B2B4331D0A4F10C032B431BD0A1
:109D5000231F2B4346D0354B23402BB124F0011356
:109D600023F4A0432B434DD004F17F432B433CD03D
:109D7000610129D5FB69996FCA0525D521F4807148
:109D800093F87C20996707E0002020F053FEFFF74E
:109D900035FFFB6993F87C20082A04BF022283F870
:109DA0007C202046294620F009FEF8BDFFF726FF5B
:109DB000FB6993F87C20022AEED140F60201986FED
:109DC000814318BF012229E02EF0BBFD6422064624
:109DD000FB69082083F87E20FFF776FF30462EF0DF
:109DE000ABFDD6E720F027FED3E7FA695120B2F8A1
:109DF0006E300133A2F86E3007F0B8FC012020F07D
:109E000019FEC6E7FB6993F87C20012AC9D040F609
:109E10000202996F8A4314BF01220222552083F85F
:109E20007C2007F0A3FCB4E7280B002001500100C0
:109E300030B50C460021054685B0094800910069FF
:109E400003AB0DF10E02FBF7D5FF15B1BDF80E30D7
:109E50002B8014B1BDF80C30238005B030BD00BF9D
:109E6000280B002013B504460DF106010020FFF772
:109E7000DFFFBDF90600074BC828A8BFC820A042D5
:109E8000A8BF2046B3F902209042B8BF1046188000
:109E900002B010BD822C002070B586B0ADF80C2049
:109EA000ADF80E304FF0C8124FF08213ADF8080035
:109EB000ADF80A1000200DF10601CDE90423FFF7EB
:109EC000B7FF02A804220346BDF9066004ACB0F94E
:109ED000001034F9025BB142A8BF3146A942A8BFC5
:109EE0002946013A12F0FF0220F8021BEFD103CB02
:109EF000024A5060916006B070BD00BF822C002005
:109F000013B5044600210DF10600FFF791FFBDF9DE
:109F10000600084A084B9042B8BF1046A042B8BF9E
:109F20002046B3F900209042A8BF1046588002B0E6
:109F300010BD00BFD4FEFFFF822C002010B500240E
:109F40000C4B002118691EF0BEF80B49881C0C60F0
:109F50004C608C60FFF76CFFC820FFF783FF074859
:109F6000FFF7CEFF642318461A461946FFF794FF01
:109F7000204610BD280B0020822C0020D4FEFFFFBD
:109F8000084B10B5B3F9004030B903EB4103B3F906
:109F900002309C42A8BF1C46A242A8BF22461046DF
:109FA00010BD00BF822C00200346044AB2F9020013
:109FB0001BB1034B1B8BC01A00B27047822C0020D0
:109FC000280B0020034BB3F900309842A8BF184675
:109FD000704700BF822C0020C82806DC034B1A8B78
:109FE000801A01B2186914F0F1BE7047280B0020E6
:109FF0008BB200294FF00A01B4BF053B05331BB2F9
:10A0000093FBF1F3014A108353837047280B002020
:10A01000024B5B8BC01A40B2704700BF280B002078
:10A02000024B1B8BC01A00B2704700BF280B0020E8
:10A030000022044BDB691A605A629A64A3F86C2010
:10A04000704700BF280B002007B50A490A4AD1E92A
:10A050000203024343F02003C1E90223CDE90023B8
:10A060004FF0FF324FF0FF3308692CF049FB03B08B
:10A070005DF804FB280B00200DD50155014B18702D
:10A08000704700BFFE32002070B505460C4CB0F89A
:10A090005260237E216906F5FA7606FB1311A0684B
:10A0A00000F0E6FB217E6B68002006FB01316A7D33
:10A0B00024F030FFA068BDE8704007F0DFBD00BFAE
:10A0C0001022002038B50446104B0D461B68627DF7
:10A0D000D87AA9B19B781044984200DCC3B22046DC
:10A0E000A16A637520F032FD20B1002194F885004B
:10A0F00021F0AAFA29462046BDE8384023F052BE96
:10A10000DB78121A9A42A8BFD3B2E8E78022002077
:10A1100070B5002490260C4D2B79A34200DC70BD55
:10A120002B6806FB043393F85920FF2A03D0986C60
:10A1300018B120F07DFD0134EEE7586C0028FAD00C
:10A1400021F06DF9F7E700BF102200202DE9F74F4D
:10A15000164688469946054605F0E6F80446284620
:10A1600004F076FF20F04AFC0190304698F8007029
:10A170001FF018FFDFF844B10021BBF91430C61AF4
:10A18000384600F057FB7B0748BF073026EAE676E3
:10A190003318FF2BC4BF47F01007C0F1FC0617F0BF
:10A1A000100A0CD020F0E6FB2523B0FBF3F101FBF5
:10A1B00013010020C9B200F013FF85F88500B9F142
:10A1C000000F01D095F8509000234A4639462046AA
:10A1D00020F09BFE2946204621F013F82946204610
:10A1E00020F0BDFE2046019920F0E2FE29462046DF
:10A1F00020F039FFBAF1000F45D0204695F88510C0
:10A2000095F8842000F0ECFA2946204620F03BFF28
:10A2100040BBB5F98810204620F038FF2046019950
:10A2200020F008FF2946204620F02DFF20B1A86C21
:10A2300010B1214620F0ECFC3146204620F03AFFD8
:10A24000BAF1000F08D0FF2195F8840020F06EFFCE
:10A250000146204600F00CFB304688F8007003B041
:10A26000BDE8F08F6B68DBF81010E2791944A37930
:10A27000A86CD21A0C3353FA82F2224498B9686C53
:10A2800000F0E6FB11E0204695F8751095F8742073
:10A2900000F0A6FA2946204620F0F5FE0028E1D17C
:10A2A000B5F97810B7E720F0B1FCC1B220461FF035
:10A2B000B5FDBAF1000FACD1F2E700BF10220020CB
:10A2C0002DE9F34704468DF807101646002190F853
:10A2D0008520984690F88430B0F9540021F0B5F903
:10A2E00004F17C050146284620F005FC284624F0B0
:10A2F000FAFD00221146104620F08FFB9DF8075012
:10A300006B0709D5204604F0A3FE20F077FB00215F
:10A310000246042020F081FB05F006F825F0100528
:10A320008146324620469DF828300DF107018DF810
:10A330000750FFF70BFFDFF858A00746AAF81600F2
:10A34000B8F1000F17D19DF8075015F0100015D186
:10A350000C4B6168A361DAF81030627D194424F077
:10A36000D9FD3B4631464846BAF9142007F0A4FC13
:10A3700002B0BDE8F0870220034BEAE74046034BFA
:10A38000E7E700BF35AE020055AE020079A5000038
:10A390001022002073B5044690F8611020F00FFCE5
:10A3A000B4F8502094F86130910703F0EF0505D11F
:10A3B000960601D4C10701D503F0EE05606C50BBD1
:10A3C000A06C002832D1204645F0080604F040FE7B
:10A3D00020F014FB48B1C3799B0606D5636C23B902
:10A3E000838845F00C060133838000220121124B43
:10A3F00020469A82B4F85030A26A13F0020F18BFB8
:10A40000002213F0030318BF0B4600913146FFF7FB
:10A4100057FF02B070BD21F06EF80028D0D0B4F81C
:10A4200050309A07CFD145F02005CCE720F08CFBC7
:10A430000028F4D1C7E700BF1022002038B51D491D
:10A4400004460B7E4A7E0133DBB2B3EB921F0B76E0
:10A4500003D3032300200B7638BD5B001A4102F0C2
:10A460000302253280F87520B4F8505090F874300B
:10A4700015F01001B0F9540016D121F0E6F804F1FE
:10A480006C050146284620F036FB284624F02BFDBB
:10A4900000221146104620F0C0FA94F87500002101
:10A4A00021F0D2F80120D7E7024619460020FFF735
:10A4B00067FDE4E71022002010B5037D044623F079
:10A4C000080303750C4B8361FFF7B8FF20B12046EA
:10A4D000BDE81040FFF7D8BD2046A16A20F036FB4A
:10A4E00020B12046BDE81040FFF754BF2046BDE82C
:10A4F00010400121FFF7E6BD47AE020037B5044624
:10A5000023F01EFC28B12046A16A20F041FB84F80C
:10A510006100174D94F8580023F071F9B4F85230E7
:10A520006A7E03F5FA7392095343204603F5967346
:10A530002B61FFF783FF0F4B94F86110A361237D1C
:10A54000204643F00103237520F039FB01238DF8E9
:10A550000700002220460DF10701FFF7F7FD00225A
:10A560002046AB681A6003B0BDE83040FFF78CBDF1
:10A570001022002047AE0200512837B50C4620D1EA
:10A58000124DFF21AB8AEA8A94F884001344AB820F
:10A5900020F0CCFD2B6994F8611003442B61B4F8D2
:10A5A0005030D4E90A0213F0020F4FF0000308BF45
:10A5B00002460093204601F04801FFF781FE03B0F8
:10A5C00030BD03B0BDE8304020F00ABC10220020AE
:10A5D00000232DE9F04387B004464FF0FF3105A872
:10A5E0000593FFF7BBFA059D002D00F09A80AB792B
:10A5F0000C331D442B79D90740F19080EB7A252B41
:10A6000000F28C80724FB4F85020B96805F10A0846
:10A610008B7982F010020C334046C2F300121944C9
:10A6200024F0B0FB002879D1266A95F80A901FF033
:10A6300061FF06F0600680F00103321EC9F3801945
:10A6400005F10C0118BF01224846DBB224F0F7FCEB
:10A650000146002854D0AB7A03F00F03032B38D106
:10A66000B4F850104046C1F3400124F0A2FB032887
:10A670005ED0052852D1059E617DB37900200C3350
:10A680001E44FEF779FD534BB868A361B17A06F119
:10A690000C038679256A0644367BC5F3400CC5F366
:10A6A000C00215F4005518BF04F15B05C6F380160F
:10A6B000CDE901C5C1F38011009620F01CFE0023F6
:10A6C000B868036007F0DAFA0598A063FFF776FA36
:10A6D00075E0052B22D104F16202B4F8501001920A
:10A6E000226A81F01003C2F3800200924046C1F357
:10A6F0008002C3F3001301F0010124F063FBB6E70D
:10A700001FF000FF50B9AB7A03F00F03002EA5D065
:10A71000032B86F0600606D1B206A1D405A81FF06F
:10A72000ADFB01204CE0052BF8D1B609F6D0D2E7FD
:10A7300004F0FAFD09230546617D00208DF81330F1
:10A74000FEF71AFD0123E26A0DF113012046FFF71F
:10A75000FDFCAA7903461544AA7BE16A6FF38712D0
:10A76000AA730022F882B868BA8207F0A5FA9DF8A9
:10A770001330194A13F0100F184B18BF13460598E1
:10A78000A361FFF71BFA059A93790C33D01801895E
:10A79000C079D55824F02BFC6368C3F196032B4491
:10A7A00003443B61236ADB060DD5059904F14000A3
:10A7B0001FF05AFC4FF40031204623F0ECFA002041
:10A7C00007B0BDE8F08305A81FF058FBF7E700BF0E
:10A7D0001022002041AB020079A5000035AE020036
:10A7E0007FB50E4610210546144620F081FBE0B1EE
:10A7F0000F4B18681B7902908DF80C300023ADF8D0
:10A80000043066F305038DF8043063180DEB030480
:10A810004FF0000314F8082C284662F3471301A9EF
:10A8200003228DF806301FF005FB04B070BD00BF99
:10A830001195030003460D4A82B01068009090887D
:10A840009279ADF804008DF8062013B9481C02B0C7
:10A8500070476A460220D90748BF117802F1010209
:10A8600048BF40185B08F6D1F1E700BF0995030027
:10A8700038B583790C460C33C518C35C03F00F035D
:10A88000072B25D1AB789A0622D0E878C3061FD5CE
:10A89000012100F00F00FFF7CDFF0E4B02359C4267
:10A8A00095BF1E234FF496730021012194BFB4FB82
:10A8B000F3F4B4FBF3F42B5C2A1861F3C7132B54A5
:10A8C0009378547023F01F03C4F30424234393703C
:10A8D00038BD00BFC3BF030070B5BDF810505B08A2
:10A8E00005820025438005704570D1F801309DF840
:10A8F000186043604B799DF81C1003F01F0343EA76
:10A9000041130372134653F8041B059CC0F8091049
:10A910009288A0F80D209B78C373D6B9164B9C4241
:10A9200016D8164B9C4203D9EBB243F02003437078
:10A93000437813F0200F14BF4FF496721E22B4FB1D
:10A94000F2F423F01F030470C4F304242343437080
:10A9500070BD0B4B9C42FBD8084B9C42E8D9437816
:10A96000B4F5161F43F020034370E1D3DBB2A4F526
:10A97000161443F04003DAE7D47E2500C3BF03007A
:10A98000D4FE4A00002230B5084B1C791B68944263
:10A9900001DC002005E05D6C03F19001854201D1EE
:10A9A000184630BD0B460132F1E700BF10220020EF
:10A9B0002DE9F041064600257427244C227AEBB29B
:10A9C0009A4209D80720FEF747F80023E360237274
:10A9D0004EB90020BDE8F081E068013507FB0300B7
:10A9E0001FF0F4FFEAE7C6EBC60106EB8101890020
:10A9F0000122072089B2FDF7EBFF0546E8B90720E1
:10AA0000FEF74CF82F464FF07408E0602672237A68
:10AA1000FEB2B34207D9E068013708FB06001FF019
:10AA2000D3FF0028F3D0237AB342D2D07427EBB2FD
:10AA3000B34204D30020FFF7BBFF0720CAE7E0685A
:10AA400007FB05001FF0C2FF0135F0E7BC1F002027
:10AA50002DE9F3410D4617460446002847D0036A06
:10AA600013F0010346D083692BBB20F0B7FC224BC7
:10AA700004F13006A361FEF711FF00F5BB50103062
:10AA800043F6FF716060304620F035F8204604F050
:10AA9000EBFA0146304620F02EF804F1200252E88D
:10AAA000003F43F0040342E800310029F7D14FF49E
:10AAB000800013F0B5FC6368A68DA3EB050805F6CE
:10AAC000B835ED1A002D06DB40F27122636A0136BB
:10AAD00002FB0388B6B206F007FA00230190009348
:10AAE000204643463246394620F0CFFC122002B0C1
:10AAF000BDE8F0811846FAE715AE0000002210B557
:10AB00000A4B1C7AD968D3B29C4201D800200BE0D2
:10AB10000B6A084613F4807F02F1010201F174010F
:10AB2000F1D143F48073036210BD00BFBC1F00204D
:10AB300073B50D46044618B949B9002002B070BD7E
:10AB4000036A03F001038B42F7D000295ED0236A29
:10AB5000590675D5636AC8220B2B98BF0C2394F84D
:10AB6000381098BF63620020FFF70AFA064668466D
:10AB700000F0E0F96A4604F14001012000F0E6F936
:10AB800021F0D5FA0025206320460321A58540F851
:10AB9000345F01F065F9314604F130001FF0ABFF7E
:10ABA00006F0A2F9A56184F82E0004F1200252E813
:10ABB000003F43F0010342E800310029F7D152E899
:10ABC000003F43F0400342E800310029F7D141F251
:10ABD00088330125C4E903331A4B25751B6804F13A
:10ABE00008005B796375184B598B002908BFE62173
:10ABF00020F060FD284603F067FF00289DD1237DEB
:10AC00005A079AD443F00203237596E72DF0A2FE6B
:10AC1000064604F1080000F0ADFA2046012122F0BA
:10AC2000BBFD203444F8085C54E8003F23F00103E6
:10AC300044E80032002AF7D130462DF086FE7CE74A
:10AC40000C207BE780220020102200202DE9F84311
:10AC500015460E469946074604F066FB044628460C
:10AC60001FF0A0F9DFF890800021B8F80430C51A71
:10AC70003078FFF7DFFD25EAE5752B18FF2B08DD9F
:10AC8000317801B90130033041F010013170C0F169
:10AC9000FF05089BC9F800001D603378DB060DD561
:10ACA0001FF068FE2523B0FBF3F202FB130107F14E
:10ACB0004000C9B200F094F988F80600002320464D
:10ACC0001A46317820F021F92046099920F070F9D0
:10ACD00097F83820204698F80610FFF781FD2046A7
:10ACE000B7F93C1020F0D2F92046294620F0E2F9CD
:10ACF0002046BDE8F88300BFBC1F00202DE9F041CD
:10AD000086B0044620F062FB0746002504F13000BF
:10AD100024F0E9F83A46002103201FF07EFE2E4E73
:10AD20008DF80F50002F50D0FB7913F020024ED039
:10AD3000F27903F01F039B1AAB4209DD012B14BF0C
:10AD400014230423BD798DF80F3005F01F05ED00A5
:10AD5000236A01979A0748BF9DF80F300DF10F0144
:10AD600044BF43F040038DF80F3005AB0093E26E13
:10AD700004AB2046FFF76AFFDDE90417804639443B
:10AD800094F8380020F0D2F99DF80F300544DB0626
:10AD90001FD529464046FFF76BFD104B6168A36144
:10ADA0003368627D1944002024F0B4F83B464046E5
:10ADB000B288E16E06F080FFB3883B44B38033680D
:10ADC0002B44336006B0BDE8F0813D46C0E7154630
:10ADD000BEE7034BE2E700BFBC1F0020F5AE00005A
:10ADE00015AE00000A4B5A8B22B9826812F4601F1C
:10ADF00008BF5A8340F27121838D426A01338385F3
:10AE0000436801FB02330121436022F0D6BC00BF3E
:10AE100010220020032870B50C4609D004D8012860
:10AE200018D0022836D070BD51283BD05628FAD110
:10AE3000236A4FF4800043F0A003236213F0F0FA7A
:10AE40002A4B1B68D97A5A79637D5B1A934246DB99
:10AE5000DAB244E000260B6A254D1A07AE802E6058
:10AE600009D523F008030B6201F16C001FF006F80E
:10AE7000236FC4E91B360023226BA18D04F140002F
:10AE8000EB7100F0B7F884F839002046BDE8704057
:10AE9000FFF734BF03F064FF8442C4D1BDE87040C3
:10AEA000FEF70CBC124DEB790133EB710B6ADB063C
:10AEB0000DD5C86E1FF076F8AB88984207D1236A8B
:10AEC0004FF4800043F02003236213F0A9FA074BEC
:10AED000617D1A68D37A12790B449342B8DD6275AA
:10AEE0002046BDE87040FFF77DBF00BF80220020F4
:10AEF000BC1F002051280B4609D1064A1846D179BB
:10AF00000131D171927983F83920FFF7F7BEFFF74D
:10AF100081BF00BFBC1F00204840704700EB0010FD
:10AF2000084480B2704700BF90FAA0F000BA80B227
:10AF3000704700BF044BD3F8012002605B7903F037
:10AF40001F030371704700BFE62C0020234B2DE93F
:10AF5000F041002914BF0C461C4600250646174642
:10AF600013688AB0C4F801301379257063715FFAF1
:10AF700085F84146384620F05BFB38B1237803F171
:10AF800028026A44013302F8288C23700135252DEC
:10AF9000EDD194F800803EB142466946A01D1EF0F6
:10AFA0005EFC0AB0BDE8F081B8F1000FF9D00534BD
:10AFB000F5B22946384620F03BFB40B9B5FBF8F323
:10AFC00008FB13550AAB53FA85F515F8285C0136D2
:10AFD000252E04F8015FEBD1E3E700BFE62C00204B
:10AFE000034B002818BF03460B449879704700BFF5
:10AFF000E62C0020F8B50D4682EA124296B23146A0
:10B0000003462846FFF788FFFFF78EFFFFF786FF0E
:10B01000FFF78AFFFFF782FFFFF786FFFFF77EFF4C
:10B020000546FFF779FF164C002B14BF1F46274635
:10B030000446144B781CA3FB0423E21A03EB5203CF
:10B040005B0903EBC30203EB8203E41AE4B221467B
:10B0500020F0EEFA40B93B786E40B6B206FB03F33F
:10B0600007EB1347B879F8BD7B1D2A3701E09F42F3
:10B0700004D013F8010F8442F9D1F4E72046F8BD5B
:10B08000E62C00204D91CFBA104B1A7842F0F00216
:10B090001A701A7C42F0F0021A7493F8202042F0E1
:10B0A000F00283F8202093F8302042F0F00283F879
:10B0B000302093F8402042F0F00283F8402093F8CB
:10B0C000502042F0F00283F850207047CC1F00203F
:10B0D0000368054A23F07F6323F4002302EAC14298
:10B0E00013430360704700BF0000F80FF8B54488B1
:10B0F000054604F00704072C1C4E28D12DF02AFC2D
:10B1000000221101735C06EB02171B090F2B0AD0FA
:10B110000132062AF5D1164A1388013313802DF027
:10B1200014FC1920F8BD2B6894B27B801123735452
:10B130002DF00BFCFEF7B2FB06EB0413D8602B6876
:10B14000002023F4E02343EA04432B60EAE72301D1
:10B15000F15CC1F30312013202F00F02052A28BF8D
:10B16000002262F30711F154E4E700BFCC1F002076
:10B170008E2C002038B54488054604F00704072CBF
:10B180000FD02DF0E7FB074A2401135D43F0F003D5
:10B1900013552B6843F4E0232B60BDE838402DF0B5
:10B1A000D4BB38BDCC1F00202DE9F04745880746A9
:10B1B00005F00705072D894637D01D4C4FEA0518C5
:10B1C00014F80860FEF76AFB04EB051ADAF80C3095
:10B1D000360906EBC506C01A04EB4606708014F863
:10B1E000083003F00F02042A9EBF013262F303030A
:10B1F00004F80830B9F1030F14D114F8081004EB67
:10B200000514A01C01F00F0121F03FF904462DF0B8
:10B21000A1FB3A68074B134023433B60BDE8F0476E
:10B220002DF093BB4FF6FF74F1E7BDE8F08700BF48
:10B23000CC1F00200000FF7F064A08B592688242BA
:10B2400007D0427922F0030242F00302427113F068
:10B2500041F908BD2C20002010B5064C20461EF0F8
:10B260000DFE201D1EF00AFE04F10800BDE810408E
:10B270001EF004BE2C20002010B502201EF0D1FFCD
:10B28000034C606002201EF0CCFFA06010BD00BF28
:10B290002C20002008B5FFF7DFFF0022024BDA6008
:10B2A000BDE80840FFF7E8BF2C200020014B58689C
:10B2B000704700BF2C200020014B9868704700BFEA
:10B2C0002C20002038B5104DEB681BB1EB68984777
:10B2D0000023EB602B688BB10B481EF0EDFD04469C
:10B2E00060B12B681BB14FF0004013F099F8204675
:10B2F0001FF021FC18B120461FF01FFC38BD20466E
:10B3000024F042FCFAE700BF2C20002010B5084CC6
:10B31000E0604FF0004013F083F800BF00BF00BFB3
:10B3200000BFE3681BB1E36898470023E36010BDEA
:10B330002C20002038B58379044603445B7B13F04E
:10B34000300F437923F0030308BF43F00103437137
:10B350002DF000FB0546214605481EF085FE4FF006
:10B36000004013F05DF82846BDE838402DF0EDBAF6
:10B370002C2000202DE9F041244E00217468FE208D
:10B38000A57903F0ADFF074600F066FE50B141F22B
:10B390000C00C2B20023B06842F20501BDE8F041E2
:10B3A00020F0A5B900F098FE0028F0D10C352C440F
:10B3B000237AE51C9B09022BE9D0012B18D9237AAB
:10B3C000A11C03F03F02073443F0C00311F8010F42
:10B3D0008C4242EA000203EA0003F7D1002AD6D0E9
:10B3E000FF2BD4D057B9284623F0F5FB0020D0E737
:10B3F000294623F003FC0028E1D0C8E72946384657
:10B4000022F0B5FB0028EED0C3E700BF2C200020BF
:10B4100010B50C4C63689A790C321344597901F0D9
:10B420000302032A0CD0B3F8030021F066FA0246A7
:10B43000A0680023BDE8104042F2590120F057B93E
:10B440001122F5E72C20002070B5114C63689A7921
:10B450000C321344B3F80510B1F5FA7F15D243F658
:10B46000F675B3F80720A2F10A0080B2A8420CD802
:10B47000B3F8030021F02AFA0246A0680023BDE8D1
:10B4800070404FF6294120F032B91222F5E700BF93
:10B490002C20002010B5084C63689A791344B3F847
:10B4A0000F0002F0A5FB0023024642F24601A0680D
:10B4B000BDE8104020F01BB92C2000207FB5684C5F
:10B4C00063689A790C321344DA78013A132A12D855
:10B4D000DFE802F00A13262A32113A3E535C6D75FA
:10B4E0007D1111959DA6AFB85879003818BF01207D
:10B4F000FEF796F848B9122008E05A4AB3F805104A
:10B5000012681172B3F8073053720020024600230C
:10B510004FF60741A06804B0BDE8704020F0E7B8DE
:10B52000587901F0BDFAF0E71A79042AE3D1D3F88B
:10B53000050006F0E9F9E8E71A79042ADBD1D3F827
:10B54000050006F0E7F9E0E7587920F087F8DCE736
:10B550001A79022ACFD1B3F805600021F0B203F0C6
:10B56000BFFE05461FF0C5FB002876D028461FF019
:10B57000C0FB310A20F053F8C7E71A79112ABAD86C
:10B58000591D384B18681EF06AF9BEE7587930B972
:10B590000346024601460090FEF722F9B6E7DA7943
:10B5A000997902F108051D4400950833F4E75879AC
:10B5B0000128A0D800F00100FEF710FAA6E71A79DA
:10B5C000042A98D1D3F8050020F049F89EE71A79AB
:10B5D000082A90D1D3F80500D3F8091002AA03C2B3
:10B5E000BDF90E30BDF90C20BDF90A10BDF90800F7
:10B5F00020F088FD002814BF1F20002086E71A795C
:10B60000082A7FF478AF581D20F05AF87EE71A799F
:10B61000022A7FF470AFB3F8050000F0CBFD75E7A8
:10B620001A79012A7FF467AF93F9050020F03EF8FC
:10B630006CE71A79022A7FF45EAFB3F9050020F0B7
:10B6400037F863E71A79012A7FF455AF5879003843
:10B6500018BF012001F034FA58E7422056E700BF36
:10B660002C20002080220020F0B5184E85B075688F
:10B67000AB790C331D4406F0E7F9B5F80920B5F8AD
:10B6800007108A421FD8032A1DD903291BD96F79B5
:10B69000CFB1C04360F0050010EA070413D1EB7886
:10B6A000A879CDE901742C79009400F08DFC002874
:10B6B0000CBF0C22002242F24101B06805B0BDE887
:10B6C000F04020F065B81122F5E700BF2C200020E3
:10B6D00010B50D4C626893790C331A441179D07807
:10B6E000003918BF01210038B2F8073018BF012017
:10B6F000B2F8052000F088FF42F242010246A0683D
:10B70000BDE8104020F044B82C200020154B37B580
:10B710009D6800220A2328464FF617411FF0E7FFD5
:10B72000AC790DF1060101A8FEF782FB0C34BDF8DF
:10B7300004302C44E380BDF8063000202381FEF75E
:10B7400033FC60811FF086FFC8220221FEF718FC3F
:10B75000A0810020FEF764FCE0812846FFF76CFD25
:10B7600003B030BD2C20002010B5084C60688379F0
:10B7700018440F3023F013FA0023A0681A46BDE8DE
:10B7800010404FF628411FF0B2BF00BF2C20002010
:10B79000242816D80F2805D802280CD8B0FA80F033
:10B7A00040097047084B103880B2C34003F00103D2
:10B7B00083F0010070470538012894BF0020012064
:10B7C00070470120704700BF2D2011002DE9F04F78
:10B7D00095B0FFF76BFD42F23603867905460C36CD
:10B7E00030F80680841998450ED1FFF75FFD0221DD
:10B7F0001EF014FB7F22A3780233A370AA55002306
:10B8000020222377627063770121E07803F068FDDE
:10B8100000230646002800F0CF80CDE91233E288ED
:10B82000237AADF848208DF84A30B4F80920E37A3D
:10B83000ADF84C208DF84E30A288E37802F01C0160
:10B84000FE2B4FF6FF7308BF4FF480431C2926D010
:10B85000DDE91201884203D81F2801D999421ED977
:10B86000002541F21106FFF727FD01234146F2B200
:10B87000ACB21FF03CFF002DCCBF0534053C24B218
:10B88000002E40F09D800A2394FBF3F4E4B2FFF70E
:10B8900013FDC3791844C47215B0BDE8F08FD20609
:10B8A000E57D677E1AD5012D14D1237B013B062B44
:10B8B000D6D8E0781FF0F2FA18B1A088FFF768FF39
:10B8C00040B1404A237F12782AB3042B02D8637F09
:10B8D000042B25D9002541F21206C4E705F0FD032B
:10B8E000012BBDD17B1EDBB2022BB9D8237B013BE0
:10B8F000062BB5D806F0A8F8032D08BF042505408F
:10B90000EDB2002DACD0032F08BF04273840C0B2E1
:10B910000028CED1A4E7002BA2D1637F002B9FD1BA
:10B92000A388DB0646D41FF095FE012194F916206A
:10B93000084002EB82025200FEF722FB637BB4F860
:10B9400004C00F93A37B677E109304F10F03119340
:10B95000637FE188B4F8092094F80CE094F815901E
:10B9600094F818B01FFA80FA0546E07D0C93237F07
:10B9700003280B93E37E08BF0420032F08BF04278E
:10B98000003B18BF01230A93A37ECDE9060BCDE946
:10B990000873119B30460293109BCDF80CE0019385
:10B9A0000F9BCDE9049A00935FFA8CF321F029FFF5
:10B9B000064658E70020B8E7054641F2070652E779
:10B9C000002464E7112D0020F8B507460D46164601
:10B9D0001C4623B901201EF024FC0446C8B10622EF
:10B9E0000C2120461FF0A5FE691EC9B2032988BF9D
:10B9F0000022A37998BF074A03F10C0398BF525C59
:10BA0000234420469F80DE70DA719A71FFF714FCA0
:10BA10000120F8BD16950300F8B5FFF747FC8379C0
:10BA20001844B0F80F60B0B204F0C4F80446C0B1D6
:10BA300022F04DFD0138C0B2032814D800270B4B6B
:10BA40001C5CFFF739FC054604233A4642F23001FC
:10BA50001FF04DFEAB790C33E818C68004724472B7
:10BA6000F8BD0227EDE700242746EAE71695030014
:10BA70002DE9F0411D4690460E46074605F034FA82
:10BA800005F018FA0446404605F014FA194B044430
:10BA90009D4225D9184B9D4215D9184B013D93FB6A
:10BAA000F4F3002BB8BF03339A1005EBA305B5FBE5
:10BAB000F2F379683268A1EB930102EB43027960FB
:10BAC0003260BDE8F0810E4B0E4AA3FB05535B09C3
:10BAD00004FB03F303F6C313A2FB0323DB0AE8E72B
:10BAE00004FB05F3084A03F574338F33A2FB0323E9
:10BAF0001B0CDEE74C6210001366660640420F0026
:10BB00001F85EB515917B7D183DE1B43034600F065
:10BB10003F003F2830B51FD090B1194600220132B6
:10BB20001B2A4FEA510105D100212E480A46012463
:10BB3000584007E001F03F003F280DD00028EED12B
:10BB400030BD012104FA02F5054202F1010205D1DE
:10BB5000202AF7D1022907D00020F1E7202A01F19D
:10BB60000101F7D00229ECD1DAB2C3F307219142E7
:10BB700025D000211C46084604F00305013D012D97
:10BB800001F1010198BF01301F294FEA54041ED171
:10BB90001828E1DC052000219B0E03F00304013C82
:10BBA000012C98BF013101384FEA5303F5D1012927
:10BBB000C6DD8AB90228D4BF00200120C0E7C3F344
:10BBC00007419142D5D1B2EB136FD2D1C4E710290E
:10BBD000D2D10B28D0DDBFE7D30748BF01305208D0
:10BBE000E7E700BFD6BE898E2DE9F0411D4613431D
:10BBF00007460C461646BDF8188006D12046BDE81B
:10BC0000F0411A46194620F0F9BA4146204624F080
:10BC100091F878B12146384622F095F94023867490
:10BC2000C5742146069338464346BDE8F041024AB2
:10BC300024F0A6B8BDE8F081DBC20200F7B50446E7
:10BC40000D4622F041FC06462021204622F08CF9C8
:10BC5000204620F0A5FA3278C2F3030303EA121358
:10BC6000184020F094FA0646204624F028F90746AA
:10BC7000A8B936B1204622F02AFC05F0F5F8B0420A
:10BC80000FD1204622F023FC05F0EEF82B460146AA
:10BC90003A46204620F0B2FA002003B0F0BD232738
:10BCA000EFE73946204622F06EFA1621284624F0A6
:10BCB0001BF8284606F03AFA294646708670204658
:10BCC00024F010F80321204622F094F94022034684
:10BCD000009221460120024A24F052F8DCE700BF1E
:10BCE0008FC2020010B5044600201EF09AFA0146E9
:10BCF00010B90723184610BD204606F047FD03463D
:10BD00000028F7D11EF08DFA01460028F1D0204618
:10BD1000BDE81040014A24F017B900BF3DBC000047
:10BD2000F7B50E46054622F0CFFBB3790C3333440A
:10BD30005F789B781F400378C3F3030000EA131079
:10BD4000384020F024FA044668B9284620F028FA42
:10BD5000384020F01CFA044628B9284622F0B7FBE8
:10BD600005F082F804462846002122F00CFA17213B
:10BD7000304623F0B9FF304606F0D8F9314644701A
:10BD80008470284623F0AEFF0321284622F032F9C2
:10BD900040220346009229460020024A23F0F0FF89
:10BDA00003B0F0BD8FC202002DE9FF4107460E46E9
:10BDB0001446DFF838804346694638460A4A06F09A
:10BDC0007DF80028F7D0102C254628BF10253046D6
:10BDD0002A4669461DF043FD641B2F442E44EAD1D8
:10BDE00004B0BDE8F08100BF222D0020122D0020FC
:10BDF00030B589B020226946FFF7D6FF6A460C4D60
:10BE000004AB144603CC9C4228606960224605F1CD
:10BE10000805F6D1074C08AD1A4603CAAA422060AD
:10BE20006160134604F10804F6D109B030BD00BFCB
:10BE3000122D0020222D002010B588B06946202048
:10BE40001AF082F9044630B96846FFF7D1FF0122A3
:10BE5000024B83F82020204608B010BD122D002090
:10BE600070B5134B054693F820300C468CB00BB9D7
:10BE7000FFF7E2FF0023CDE90033CDE9023354B9E7
:10BE80001C22214605A804941DF0E1FC04A8FFF73C
:10BE9000AFFF0CB070BD102C264628BF10262946D7
:10BEA00032466846FFF780FF3544A41BE7E700BF32
:10BEB000122D002008B581B207481FF0FBFB0120BE
:10BEC00002F002FE30B9054A137D59075CBF43F00A
:10BED0000203137508BD00BF442000203C20002051
:10BEE00001238340DB43064901F1240252E8002F7D
:10BEF0001A4001F1240C4CE800200028F4D17047CE
:10BF00003C2000200123074A03FA00F002F1240339
:10BF100053E8003F034302F1240C4CE800310029B0
:10BF2000F4D170473C200020044A4FF08040536A0F
:10BF300043F40023536212F073BA00BF3C20002088
:10BF400038B54FF010131B4C002563644FF4E063C9
:10BF5000A4F848300123204684F85C30164B43F6A1
:10BF6000FF71A365154B656240F8543F1EF0C3FD99
:10BF700005F06AFD4FF48073A4F84E30104B84F83E
:10BF80005200A3610F4B25751A6829461378527821
:10BF900004F1080013445B106375A4F8BC50A4F8C6
:10BFA000B2501FF087FB294604F19000BDE83840ED
:10BFB0001FF080BB3C20002055555500D6BE898E11
:10BFC000E3C60200802200202DE9F843214C994667
:10BFD000636A0F46DB0715469DF824609DF82880AC
:10BFE00035D468B30120FFF78DFF626A9DF82030D9
:10BFF00022F4C07242EAC312052E626284F85060D5
:10C0000007D1FDF769FC48B96D00ADB2BD4228BF4C
:10C010003D4694F8500020F05AFB0646636A84F8C7
:10C020005C60A4F84470A4F8465084F84890B8F1D5
:10C03000000F09D043F4801301206362BDE8F88348
:10C040000120FFF74DFFD0E723F48013F4E7002031
:10C05000F4E700BF3C200020024B586AC0F3800088
:10C06000704700BF3C20002010B51A4CFFF7F4FFCA
:10C07000636A13F0010313D1A8B994F85D3094F802
:10C080004910253BDBB20133DBB2032B28BF002371
:10C0900041FA03F2D207F6D5253384F85D3014E077
:10C0A00094F8503010B194F85120134303F0050375
:10C0B000052BE2D1FDF710FC0028DED194F85C30AE
:10C0C000012B03D1032384F85C3010BD012384F8D5
:10C0D0005C30D2E73C200020024B586A00F001009F
:10C0E000704700BF3C200020F8B540F271232F4C70
:10C0F000E36018B1237D43F008032375FDF7CEFB01
:10C1000040F27121B4F84620E66B151F4D43AE4254
:10C11000236CB4F8447018D2A3F5967301FB07336F
:10C12000E768181A23893B4483420EDA5143237D82
:10C13000891B43F0080323758142D4BF216120612C
:10C140001A48BDE8F84021F01BBB40F271277A4342
:10C15000A2F5E1722261FFF787FFB4F84420236C57
:10C16000AE4207FB0233636023644FF00003104AC2
:10C17000E3630DD3FFF770FF136838B19A791B7B27
:10C18000617D0B4493420DDC6375D9E71A78F6E7BD
:10C19000FFF762FF136838B1DA79197B637D5B1AA8
:10C1A0009342F1DA6275CBE75A78F6E73C2000203B
:10C1B0008022002040B1A0F11003F02B07D8054BDE
:10C1C000A3F84E00002070474FF48070F7E712206C
:10C1D000704700BF3C20002038B505460D4C80B1AB
:10C1E0000320FFF77DFE002384F84D300123A4F8DF
:10C1F0004A300420FFF774FEBDE838401020FFF7F6
:10C200006FBE0520FFF76CFE012384F8B150A4F83F
:10C21000B430EEE73C200020274B70B55A6A0D463B
:10C2200009B3160747D503F14D0603F14A0428B3B5
:10C23000D1061FD52388012B1CD95B08042023803D
:10C24000FFF74EFE1020FFF74BFE1EF093FB2388F6
:10C25000B0FBF3F202FB1300307055B30320BDE8CE
:10C260007040FFF73DBE940625D503F1B10603F1FA
:10C27000B404DCE70420FFF745FEE3E7D20314D55E
:10C28000B3F84A10B3F84E2091420ED22288102003
:10C29000520092B22280B3F84E30934228BF134628
:10C2A0002380FFF71DFE0420CDE71020FFF72AFEB4
:10C2B000F9E70520D3E770BD3C20002070B58AB0B7
:10C2C00005466B46484AAC7910685168127A03C338
:10C2D0000C3408201A702C4405F028FB20B10122F0
:10C2E0002846A11D1DF0A6FD0021A379CDF821103F
:10C2F0008DF80F30A37AADF8251003F00F0303F18A
:10C3000028026A4412F8282C8DF82010ADF810206D
:10C31000062B08D8DFE803F0044F07075F074B0040
:10C320000D20FFF7EFFDA37A0DF11301C3F3801386
:10C330008DF81230E3680DF11200CDF81330238A26
:10C3400009AEADF8173000231A461EF0C4F8E379A1
:10C350001C218DF819304FF47F43ADF81A307F233C
:10C360008DF81C30637928468DF81D300023ADF818
:10C370001E30AB7903AC1233AB711DF0C6FDAB7947
:10C380002B440C33224603CAB2421860596014464B
:10C3900003F10803F6D110682946186013481DF010
:10C3A00063FE4FF0804012F03BF80AB070BD0D20E4
:10C3B000FFF796FDB7E7D4F81230CDF82130E38AC5
:10C3C000ADF82530EB79063BEB71A37AC3F3C013CC
:10C3D0008DF82030A7E7064B5B6A9B0444BF42F010
:10C3E0000102ADF810209EE71A9503005C200020A2
:10C3F0003C20002070B583790C33C4182379DA0708
:10C4000002D44FF0FF3070BDA37AE27A03F00F053B
:10C41000082DF6D8062D01D92846F4E7911F1F29CB
:10C42000EFD8012D1FD10C2AEBD1244E736A13F0E3
:10C43000060F01D1DB05EFD41EF05CF820B91EF029
:10C4400050F80028E8D1DCE7A37A96F84820C3F337
:10C45000C010B2EBD31FD4D104F1120100F00100DF
:10C4600022F0CCFBEDE7042DD6D11449144A486ADA
:10C470000240002AC5D0096B0029CDD08A79C3F3C8
:10C4800080130C3288188A5CB3EBD21F08D01EF0E0
:10C4900031F80028C0D11EF019F80028BCDBB0E745
:10C4A00004F10C01062208301DF0A7F904461EF025
:10C4B00021F80028B0D1002CAED0ECE73C200020C1
:10C4C00008000400F0B5214C87B0A06A00B3E76A09
:10C4D000BE7903F083FB0223FF210C36BA5DCDE960
:10C4E0000431BD1995F8233000215B090393AB8B10
:10C4F000D20902936B8B80B201932B8B009305F1D1
:10C50000080323F0BDF9A06A03F016FE0023A3621E
:10C51000E06AFCF7DDF80023E362636A23F00402BB
:10C52000DB07626208D594F85050052D06D1FDF75F
:10C53000D3F918B184F85C5007B0F0BD94F85000FE
:10C5400020F0C5F884F85C00F6E700BF3C2000202E
:10C5500013B5154C2CF0FEF9236A019300232362D6
:10C560002CF0F3F9019BA3B9636A1A0406D51FF0F6
:10C5700001FAA0B1636A23F400436362636A1B0398
:10C5800005D5FFF79FFF636A23F40023636202B0BF
:10C5900010BD01A81DF090FC1FF060FAE2E74FF01B
:10C5A000804011F03DFFE9E73C20002038B50E4DFA
:10C5B000044604F0DDFC286B18B1FCF789F8002371
:10C5C0002B6300F0D1FB0948FEF7D4FDEB6A0BB1F9
:10C5D000FFF7AAFC044884F0010121F0DDF8BDE872
:10C5E000384003481DF04ABC3C2000204420002075
:10C5F0005C200020034B586A10F0050001D1FFF7C2
:10C60000D5BF70473C20002070B53B4C1646636A8E
:10C6100003F0010270B95AB12CF09CF9636A054627
:10C6200023F001036362FFF7E5FF28462CF08DF944
:10C63000002070BD002AFBD19B0704D5236BBBB142
:10C640000120FFF7C9FD94F8483003F0FD03012BEA
:10C6500016D02CF07FF90546C6B10E20FFF752FC2C
:10C66000FDF71CF942F2107303FB0600606310E053
:10C6700002201DF0D6FD20630028E1D10720D8E775
:10C6800022F0D5FA0028E4D11220D2E70E20FFF7DD
:10C6900027FC0020FFF736FC636A13F00403C4D1C3
:10C6A00040F27122E363B4F84630E260023B534348
:10C6B00023611EF05FF90323B0FBF3F303EB4303A5
:10C6C000C31A253384F85D30FFF7CEFCFDF7E6F89A
:10C6D00060602064B4F8BC00002808BFF520FFF7B4
:10C6E000E9FB064B04481A681378527813445B1030
:10C6F000637521F045F898E73C2000208022002057
:10C7000038B51A4C0546237D23F00803237504F041
:10C710002FFCB4F8BC302BB9A36813F4601F08BF1A
:10C72000A4F8BC300021114821F036F8104BA36169
:10C73000636A5A0405D485F00100BDE83840FFF76C
:10C74000D3BC626B6168521A002AF4DA23F0010349
:10C7500043F400436362FFF74DFF4FF0804011F058
:10C760005FFEFFF779FC0028E5D138BD3C200020B2
:10C77000E3C6020008B5FFF76FFCB0B10B4B586A77
:10C7800020F0040210F001005A6203D1BDE8084015
:10C79000FFF70CBF04F0ECFB00F0E6FAFFF7C4FB78
:10C7A000BDE808400020FFF7ABBF08BD3C200020DB
:10C7B0002DE9F04F4FF0000B2E4C89B0E66AA36ACA
:10C7C000B779C4E90ABB0C37F51901936B6A904637
:10C7D000824689460393FCF771FFF35D05F1080774
:10C7E0003946C3F3C01306A88DF818301DF08CFE2F
:10C7F000FF238DF81930636A01A8C3F380230E3537
:10C800008DF81A30CDE904578DF808B08DF81BA0CB
:10C810008DF81C908DF81D8003F000FD3046FBF76D
:10C8200057FF636A23F02402DB07626205D401200C
:10C83000FFF7BCFE09B0BDE8F08F0F4B94F85050E5
:10C840001A68052D1378527813444FEA6303637511
:10C850000AD094F850001FF03AFF0546012084F8F2
:10C860005C50FFF74DFFE5E7FDF736F80028F0D004
:10C87000F4E700BF3C2000208022002037B50546A9
:10C8800008461146254A526A02F41072B2F5107F2A
:10C8900004D1022B40D0032B08BF012301931623A0
:10C8A00000F001020093284605231FF059FFAC79E0
:10C8B0001FF03DFC0C342C440321C4F80E0004F19D
:10C8C0001200FFF7CDFABDF8203004F11E002383DB
:10C8D000BDF82430E38202236375BDF8183063830A
:10C8E000BDF81C30A383FEF725FB0C22A37CB3FB11
:10C8F000F2F102FB113394F82320053363F30402B1
:10C9000084F8232004F0F0FA94F8233060F34713FE
:10C9100084F8233003B030BD0023BFE73C20002063
:10C920002DE9F041054686B00020884617461DF0E7
:10C9300078FC0646002800F0AA80564C0620C4F871
:10C94000288095F8018018F0010800F09580FFF725
:10C95000D9FA2A79636A023A012A98BF88F001005D
:10C960004FF0000893BF43F4007323F400730020DA
:10C97000636288BF63621DF0C8FD05AB029304AB20
:10C980000193EB89CDE904880093AB89EA8AA98AEF
:10C99000A06A04F021FA40F2E242059BCDF80C8037
:10C9A000B3FBF2F39BB202936B8A304601932B8A5E
:10C9B0006A1D0093A9782B79FFF760FFB379049A79
:10C9C00033441A63E6622BF0C5FF06464046FFF784
:10C9D00003FC636A43F0040363622F4B1A68937984
:10C9E000D27913445B106375ED7884F8515005F0EB
:10C9F0000505052D43D028461FF069FE0546636AEC
:10CA000084F85C5013F001022FD1E263002F3BD079
:10CA100043F48013B4F8BC006362002808BFF5201B
:10CA2000FFF748FA40F27122B4F84630E26053430F
:10CA3000A3F5E17323611DF09DFF0323B0FBF3F326
:10CA400003EB4303C01A00F1250343F6FF711348BB
:10CA500084F85D301EF04FF8FFF706FBFCF71EFF71
:10CA6000606020640B4820F08BFE30462BF06DFF99
:10CA7000002006B0BDE8F081FFF732FA69E7FCF765
:10CA80002BFF0028B7D0BAE723F48013C2E70720B2
:10CA9000EFE700BF3C2000208022002090200020F3
:10CAA00010B500F0070420462AF051FC002808BF0A
:10CAB0000724024B83F8494010BD00BF3C200020F2
:10CAC0000E4A68B102F1240353E8003F43F4802387
:10CAD00002F1240040E800310029F3D10020704722
:10CAE00002F1240353E8003F23F4802302F12400E1
:10CAF00040E800310029F3D1F0E700BF3C200020DE
:10CB0000014B93F8520070473C20002038B5054691
:10CB10004FF480200C4604F009FF48B140F22E4348
:10CB20002046C4E90333BDE83840104902F03AB961
:10CB30000F4B9C4217D1042D14BF28460320FF2120
:10CB400022F055FA42F20F7300F5AF70984298BF89
:10CB500042F21073A4F18804C4F894008CBFC4F8A6
:10CB60009800C4F89830012038BD00BF8096980026
:10CB7000C4200020002310B5104CC4F8A0300123BD
:10CB800084F89C30B4F8B230B3B1B4F8BC100C489F
:10CB90001EF090FD012001F097FF38B994F89C3009
:10CBA0005A075CBF43F0020384F89C300120BDE8C3
:10CBB00010400449FFF7AABFF521E8E73C20002018
:10CBC000CC200020C4200020F0B585B06D46274C55
:10CBD0000646FCF773FD04F154030FCB85E80F0004
:10CBE00094F8A83094F8B0200021C8208DF80830BF
:10CBF0008DF809201EF029FD014628461DF07BFF17
:10CC0000284622F070F91DF0F5FE002201460420AE
:10CC10001DF003FF7568FCF741FE636A2D1A13F4DB
:10CC2000003F4FF480200CBF1027112704F07EFE38
:10CC300028B101F031FFA0F52F701DF0FAFED4F8F5
:10CC4000B83070688C2D00EB930194F89D3006DCB1
:10CC50001A46384622F0ACF9012005B0F0BD0A466C
:10CC60000146384622F06AF9F6E700BF3C20002072
:10CC700073B5437901906FF30003437101221C21C6
:10CC800001A81DF00BFB48B1144A01A8536A43F4F4
:10CC9000006353621DF0F2F802B070BD019A104CAF
:10CCA000537904F1180643F0010353719379134447
:10CCB0000C33254603CDB542186059602C4603F16C
:10CCC0000803F6D128681146186006481DF0CCF913
:10CCD0004FF0804011F0A4FBDEE700BF3C200020B5
:10CCE000A02000205C20002010B50A4CD4F8A00041
:10CCF00020B194F88730012B01D0002010BDFCF743
:10CD0000CDFDD4F8AC30181AB0F57A7F94BF00206E
:10CD1000012010BD3C20002010B5124C636A1B0599
:10CD20001FD501201DF07DFA28B9BDE810404FF055
:10CD3000804011F075BBB4F8683023F0600343F015
:10CD40004003A4F86830FFF793FF04F1240353E88D
:10CD5000003F23F4006304F1240141E80032002A7B
:10CD6000F3D110BD3C20002010B50A4CD4F8A030FF
:10CD70005BB1012104F1880020F00EFD04F1900068
:10CD8000FEF7F8F90023C4F8A030BDE81040FFF723
:10CD9000C3BF00BF3C20002010B5044601F0E0FFF7
:10CDA000844201D1FCF78AFC084BB3F8B22032B9B7
:10CDB000D3F8902012F4601F08BFA3F8B220FFF749
:10CDC000D3FFBDE810400120FFF79ABC3C200020B3
:10CDD0002DE9F3415A4C984605460E461746FCF796
:10CDE0005DFD94F88730022B05D0D4F88010091A25
:10CDF000B1F5FA7F45D2AE61294694F87200FFF78B
:10CE000085FE06464FF4802004F090FDA8B1B6B12F
:10CE100001F042FEA0F52F701DF00BFE494B4A4A6F
:10CE20003846CDE90032D4F8803094F8842094F864
:10CE3000721022F0A1F8064601E0002EEED11DF09E
:10CE4000D9FD0022014604201DF0E7FD002004F07A
:10CE5000B7FBA54209D1D4F8A03033B1002104F1C9
:10CE6000880020F099FCFFF77FFFD4F88030C4F8E9
:10CE7000AC3094F8843084F8B030304602B0BDE86D
:10CE8000F081A54214D1D5F8A0308BB1D5F8AC30E3
:10CE90001B1A994205D30121284620F07DFC01266A
:10CEA000EBE7002105F1880020F076FCFFF75CFF3E
:10CEB000D4F880300121C4F8AC3094F8843028468E
:10CEC00084F8B03020F068FC2049D4F88030A1F11B
:10CED0003000C4F88C30C4F8A0601FF018F9D4F802
:10CEE000AC201A49D8F80030A1F13000D31A94F8D8
:10CEF000B620FEF7BDFD15494FF416730122A1F1CE
:10CF000030001FF00AF9637D84F89D30FFF7A4F824
:10CF10000F4B1B6890B1DB7994F89D200D4993422B
:10CF20003CBF02F1FF32D3B294F8720084F89D3016
:10CF3000FFF7ECFD074820F023FCB0E75B78EBE758
:10CF40003C20002055555500D6BE898EF420002087
:10CF500080220020C42000202DE9F04F8D798BB075
:10CF60000C350D44EB7A07910390002B00F01581EE
:10CF700017462E7B8B46B20916F03F0618BF6E7B14
:10CF80000292012F05F10E029046049200F0FD81FD
:10CF900040F26F81FA1E012A00F2FF80029AB2FA73
:10CFA00082F94FEA5919B9F1000F00F0F6802A7B97
:10CFB00002F03F029A4280F2F080B44C636A23F49C
:10CFC000003363622B7BC3F38113013BDBB2012B84
:10CFD00047D95846FCF7F2FDDDF81CB09BF806A0D7
:10CFE0000AF10C0ADA44002F3FD0042F07D1B4F81D
:10CFF0006830580754BF0A230E23A4F86830F1079D
:10D0000000F1DE81B20700F1D481730700F1938053
:10D01000300741BF98F8013008F10208C3F3031349
:10D0200084F87330012F40F0C1809AF80C3003F07F
:10D03000C003402B02D0802B40F0B8800023626AEE
:10D04000B4F8680022F40032F10620F06000A4F881
:10D050008630626248BF08F1030880B2A4F8680015
:10D06000C6E0012FB5D1AA46C9E7FF207F214FF4C2
:10D070007F4E2B7B94F85C209B09052A9AF807C009
:10D08000A4F86830A4F8767084F86A0084F8741004
:10D09000A4F872E000F0F48084F871201BB1636A98
:10D0A00043F400336362F20700F1FC80B307ACD5B0
:10D0B00094F84800AA7AB0FA80F35B09B3EBD21F68
:10D0C0004AD0003818BF0120414621F097FD0346A1
:10D0D000A87A4146C00905931DF00EFA06901DF08E
:10D0E000FCF9616A069A01F4807C059913460029CF
:10D0F0003DD0AB7ADB09002A00F01F81BCF1000FA4
:10D1000000F01B81002840F01B81FE2384F878305A
:10D11000D8F8003008F10608C4F87930B4F868305F
:10D1200038F8022C43F00403A4F86830584B9A8076
:10D1300073077FF56DAF1DF05DFC4FF6FF73CDF803
:10D1400004B000930146534B94F86A20042008F180
:10D1500001081DF041FC5BE74146D0091DF0CCF908
:10D1600005901DF0BAF9616A059B01F4807C2BB132
:10D17000BCF1000FC6D1002840F0E280D4F8A03006
:10D180004BB10121444820F007FB4448FDF7F2FF72
:10D190000023C4F8A030FFF7BFFD07A81CF06EFE07
:10D1A0004FF0000948460BB0BDE8F08F3C4ADAF872
:10D1B00000300192363A00924146324694F85200CD
:10D1C0001DF0BCFF8044B4F8680094F8863020F06D
:10D1D0006000626A80B2002B3FF440AF94F8853063
:10D1E00040F02000A4F8680084F8723084F8A83079
:10D1F00016F0200A1BBF98F8023098F80310CDF8FB
:10D2000014A043EA01231EBFCDF81480A4F87630A1
:10D2100008F11208012F00F09A8006921DF06AF9B9
:10D22000F1060ED4069A80F00100C2F3C01BC3B20F
:10D230005A46184994F86A0021F001FF002800F0CE
:10D240009880042FDDF81CB045D8022F3ED8002F5F
:10D2500041D1029B626A022B00F0FB8194F8873077
:10D26000002B40F04A81BAF1000F40F0A981D1466D
:10D2700037E0029AB2F1030918BF4FF0010992E6B4
:10D28000BCF1040F14BF6246032205E73C200020D6
:10D29000B5200020A7200020C4200020CC200020A2
:10D2A000F2200020D5F80E30049AC4F86B30928832
:10D2B000BE4B9A80AB7A13F0400340F02481626A3F
:10D2C00022F48052626284F86A307EE094F88730FB
:10D2D000002B40F00581BAF1000F40F07181D1467A
:10D2E000626A710648BF98F80030CDF820B048BF98
:10D2F00084F874302B7B03F03F08D30752D5002FFE
:10D3000040F0A280F0064DD44FF0FF3108A8FCF7A2
:10D3100025FC0898FCF752FCAB7908A884F8673024
:10D320006B7908F10D0184F875301CF0B6FE089891
:10D33000002800F05F81C7809DE000283FF4E6AE42
:10D3400094F84830002B40F02C810223DEE653078E
:10D350003ED4C2F3C01B1DF0CDF880F001035A4645
:10D36000924994F86A00DBB221F069FE002840F08F
:10D370009A81BBF1000F00F0CB80BAF1000F40F0B2
:10D380004A814FF0000907A80DE0894AB2F8689079
:10D39000029A09F00309A9EB0209B9FA89F94FEADF
:10D3A000591900E608A81CF069FD48460BB0BDE815
:10D3B000F08FBB1E022B3FF67BAE08F1060824E679
:10D3C00094F86A30FF2B3FF46DAF05F1140819E6AD
:10D3D000029BD807BDD5DDF81CB00297C2F300331D
:10D3E00094F87220012100920020704A03F090FE10
:10D3F00081465846FCF7E2FBB9F1000F40F0368158
:10D40000BAF1000F40F0BD80029B002B00F00081BC
:10D41000D4F824A01DF06EF8034683F00103CAF38C
:10D42000C012624994F86A00DBB20AF0800A21F067
:10D4300006FE00285ED1BAF1000FA4D151461DF0BE
:10D4400061F8002856D09EE74FF0FF3108A8FCF79E
:10D4500085FB0898FCF7B2FBAB7908A884F8673025
:10D460006B7908F10D0184F875301CF016FE0898F0
:10D47000002800F0BF80B4F86830099003F0600322
:10D48000202B636A4FF001020CBF43F4006323F4C6
:10D490000063636243791C216FF30003437109A8A1
:10D4A0001CF0FCFE002840F0CE80099E414C7379B0
:10D4B000B57943F00103737135440FCCE8602961FD
:10D4C0006A61AB6107CCE8612962A4F16000314672
:10D4D0006A621CF0C9FD4FF0804010F0A1FF61E6C8
:10D4E0002B46002203983449FFF772FC8146BAF1BB
:10D4F000000F67D1DDF81CB0F2E62B4603982F49E8
:10D50000C2F34042F0E7626A012342F48052D9E656
:10D51000594658461CF0F6FF00287FF42EAF042F22
:10D52000DDF81CB03FF6D7AE022F3FF6CFAE002F8E
:10D530003FF48FAE012F7FF4CEAE626A029B51079B
:10D5400000F18F80012B04D902F00303032B00F0BC
:10D55000958094F88730002B54D02B4603981649B9
:10D56000C2F34042FFF734FC034658469B46FCF7A3
:10D5700025FBBBF1000F48D0BAF1000FBAD0002351
:10D58000029394F87320094994F86A00D5F800B022
:10D5900000F0B8F9002840F08D80029B002BA9D044
:10D5A00036E7012B08BF0323B0E500BFA72000200A
:10D5B0003C200020A020002021C80200D9D6000075
:10D5C0004FF0000994F87320414994F86A00D5F8A7
:10D5D00000A000F097F900288CD005F10C0094F819
:10D5E00072B01FF0E2FD51460346059A584600F01E
:10D5F000DFFB7FE701201CF014FE089000283FF4B9
:10D60000D1AD38E75846FCF7D9FABAF1000F4DD141
:10D610004FF000096EE794F873202D4994F86A00E2
:10D620002E6800F06FF900283FF4ABAE05F10C0056
:10D6300094F872401FF0B9FD31460346059A204622
:10D6400000F0B6FB9DE6636A09A843F400636362D9
:10D65000A9E690073FF502AEBAF1000F3FF407AE1E
:10D66000AEE7DB07CED500230293B7E6594600208C
:10D6700003F036FDBAF1000F8FD082E7584620F054
:10D68000ABF808B9626A64E7A97A0498C1F380111B
:10D6900003F0E8FC0028B5D00E4B039A584693617E
:10D6A000FCF78CFA68E7DDF81CB046E700239946E2
:10D6B000029366E705F10C0094F872A01FF075FD67
:10D6C00059460346059A504600F072FB65E700BFD5
:10D6D000A720002045C80200532810B50C4610D0E2
:10D6E00006D8512817D02146BDE810401FF062B877
:10D6F000A0F15503012BF6D82046BDE81040FFF7F6
:10D700004BBB0022064B0120A3F886201FF06DF8CA
:10D710000028F1D010BDBDE8104003F0C9BC00BF27
:10D720003C20002053282DE9F74F0C4615D007D890
:10D73000512878D0214603B0BDE8F04F1FF03AB829
:10D74000A0F15503012BF5D8A0F1560358424FF034
:10D7500000015841FEF760FD2FE04FF0000901A8DD
:10D760004FF0FF31CDF80490FCF7F8F90198DFF89D
:10D77000D88048B1FCF722FA0198FEF73BFE082852
:10D7800021D001A81CF07AFB01F0EAFA844201D111
:10D79000FBF794FF002120461FF0FEFFFFF7E4FA9D
:10D7A000D8F824305A0703D500210846FEF734FD87
:10D7B000D8F8243013F0050F40D0204603B0BDE860
:10D7C000F04FFFF7E9BA019DD8F82C70AB79BE791C
:10D7D0000C331D441CF07DFEE8B11CF077FE0028E0
:10D7E00019DB0C36B85D07EB060B0BF1080A4A464D
:10D7F0005146C0091CF082FE68B1D5F80E30CBF856
:10D8000008306B8AABF80C30AB7ABA5DC3F3801387
:10D8100063F3C712BA55002295F9051098F8720003
:10D82000FEF7C6FFADE7074B11201B685978FBF7E1
:10D83000B9FC054A536A43F02003536203B0BDE8C4
:10D84000F08F00BF802200203C200020028D30B5E8
:10D85000456A1203B2FBF5F20A4B1B6819795C7931
:10D86000B0F88830A142D8BF611C0D1BB2FBF5F2A5
:10D870001B02B3FBF2F323448B42A8BF0B46437554
:10D8800030BD00BF80220020034B5B68C01A034BF1
:10D8900080105843C0B27047FC2000208BAFF88A3C
:10D8A0007FB516468DF80700012204460D460DF19E
:10D8B000070002A91CF024FE104B9A7EB2421AD136
:10D8C000DB7E003B18BF012388B19DF8074002AD05
:10D8D000003C18BF0124A3420DD106222946084866
:10D8E0001BF08BFFB0FA80F0400904B070BD003C23
:10D8F00018BF0124EFE70020F7E700BFFC2000205D
:10D9000018210020F8B50E4C074623680D46164630
:10D9100013B900231846F8BD1B6ADB030BD51FF0B3
:10D92000DCF803460028F4D0E7762868E061AA888E
:10D93000A6762284EEE7BDE8F840FFF7B1BF00BF4E
:10D94000FC20002010B504460D22002178301BF089
:10D950007EFF0A4B0A4A5B68E31A9B105343DBB213
:10D96000A4F87B307F2384F87D304FF67F73A4F8D2
:10D970007E3040F2FF23A4F8823010BDFC2000204E
:10D980008BAFF88A2DE9F041054639481CF076FA4C
:10D9900000274FF08C08374C94F82230FEB2B34287
:10D9A0002DD800260820266084F82260FBF754F862
:10D9B00030461DF02DF830461EF069FF002D43D093
:10D9C00005EB8501C1EBC101890033460122082026
:10D9D00089B2FAF7FDFF0646F0B100258C2694F8CF
:10D9E0002220EBB29A423BD80820FBF735F8002002
:10D9F000606084F822001DF00BF8072025E008FB8A
:10DA000006F660680137304470301CF037FA606801
:10DA100030441CF0DBFFBFE70820FBF73FF86060F5
:10DA20000028DAD08C2784F8225094F82200F3B230
:10DA300098420CD81CF0ECFF0028CED128461EF0EE
:10DA400026FF0028C9D120830020BDE8F08160684E
:10DA5000013607FB03001CF0B7FF0028E5D0BCE748
:10DA60006068013506FB03001CF0B0FFB7E700BF9C
:10DA700008210020FC20002038B58368044613B13B
:10DA80000830FDF777FB002504F17000A5611CF05C
:10DA9000F5F9606F25621FF06EFA074B65675868ED
:10DAA000064B201A80105843C0B21CF0A5FF29462F
:10DAB0001CF09BFF38BD00BFFC2000208BAFF88A14
:10DAC0002DE9F347324E1F463368804689468DF86C
:10DAD0000720002B5AD110F0010A0DD02AF03AFF8E
:10DAE000002296F822507168AA4214DB2AF02DFF1A
:10DAF000072002B0BDE8F08739460DF107001CF0A1
:10DB000003FD3A4648469DF807101EF0C3FE002864
:10DB1000E4D00B20EDE70C46236A8C319B0625D41C
:10DB2000202323622AF011FF9DF83050236A05F06C
:10DB30001F0518F0020F45EA030519D12562BAF155
:10DB4000000F18D045F4803525620123A4F88630F3
:10DB500005230020A4F88830BDF82830A060638534
:10DB6000BDF82C30606723853460C2E70132BBE723
:10DB700045F40045E2E73868064BF061BA8886F85C
:10DB80001A909A809DF80730F376DEE70C20B0E714
:10DB9000FC20002018210020084B93F8222082420C
:10DBA00009D98C225B6802FB0030036A13F0200F56
:10DBB00008BF002070470020704700BFFC200020F5
:10DBC00030B570B1094B93F822405A6800239C424B
:10DBD00001DC002005E0556F02F18C01854201D186
:10DBE000104630BD0A460133F1E700BFFC2000209B
:10DBF00038B5FFF7D1FF044690B12AF0ABFE094BD0
:10DC000005461B68A34203D12AF09FFE0C2038BDB5
:10DC100020461EF04EFE28462AF097FE0020F6E72A
:10DC20004220F4E7FC200020014B1868704700BF39
:10DC3000FC2000202DE9F843089C0646884615463E
:10DC40001F46002C00F0AA80236A180500F1A88066
:10DC50005388052B03D811252846BDE8F8836B7837
:10DC6000127803F01F0152EA012201D15906F2D5C0
:10DC700001202A1D04F14401FDF768F994F84430AD
:10DC8000012BE8D984F83C60D5F8093000226363A1
:10DC9000234643F8382FB5F80D20DFF8109122877E
:10DCA000EA7B04F108009A706B885B0063622B7A50
:10DCB0005B0984F82E302B7C6A7C43EA0223A3851F
:10DCC000384BA36141F28833C4E903330523A382AF
:10DCD00040F2F913B9F81810002908BF19461DF0D1
:10DCE000E9FC012000F0F0FE28B9237D5A075CBF53
:10DCF00043F0020323756B782E7803F01F0213F0B4
:10DD0000200F46EA022614BF4FF496721E22564395
:10DD10005B0648BF06F5161608EB060304F130084B
:10DD20004146204663601EF0F2F9334641462046E4
:10DD300094F82E20FDF79CFE6B78012213F0200F43
:10DD40000CBF1E234FF49673414620461EF0E5F9A2
:10DD5000204699F81A3099F81B2013491EF099FDB6
:10DD600077B1606F70B900F0E1FB68B1012239460C
:10DD700060671FF078F9054638B9204600F0C0FC0E
:10DD8000002569E70022F2E70725236A4FF080703B
:10DD900043F40113236210F043FB5DE71F255BE7AB
:10DDA0000B2559E77DCC020018210020FC20002023
:10DDB00013B5074C24680094FFF73CFF28B92046B0
:10DDC00002B0BDE810401EF0B6BD02B010BD00BFED
:10DDD000FC2000202DE9F04700274FF08C08844CF0
:10DDE0008AB094F822309F4210DA42F2200365682C
:10DDF00008FB07552A6A93432CD102201CF011FA24
:10DE0000064698B94FF0807010F00AFB794FE6682B
:10DE1000002E5BD14FF08C0844F2200994F8223098
:10DE20009E4263DB00200AB0BDE8F08700222B6A27
:10DE3000696F23F4205343F4801322602B6259B19D
:10DE40000146284600F00EFC2B6F1BB902201CF087
:10DE5000E8F928670137C4E795F83CE06268CDE946
:10DE60000411CDE90211DFF8949195F82EC0AA1A99
:10DE70009210CDF804C009FB02F26B6AD2B2C3F370
:10DE80004F0CCDF800C073461EF006FD0146002879
:10DE9000DAD16368CDE90700CDE90500EA1A95F803
:10DEA0002E30921004936B6A09FB02F2C3F34F0306
:10DEB000039395F83C30304602934F4BD2B2019316
:10DEC000E37E0093A37E1DF06BFCBDE72AF042FDCC
:10DED000064638461BF0F0FF054630462AF035FD71
:10DEE000002D94D028461DF009FD90E7656808FBD9
:10DEF00006552B6A39EA030314D102201CF091F96C
:10DF00000746002871D02B6A13F480120CD0616888
:10DF10003A4B691A89105943C9B21DF0E0FC2846F2
:10DF2000FFF7AAFD013679E7980322600DD41903A3
:10DF30000DD413F4001F14BF07223E22696F41B1B4
:10DF40003946284600F08EFBE9E71A22F6E744221C
:10DF5000F4E7626895F83C30CDE90411CDE902118F
:10DF6000DFF898A095F82E10AA1A92100AFB02F278
:10DF70000191696A3846C1F34F010091D2B23E2146
:10DF80001EF08AFC0028CAD12B6A1B4813F4003209
:10DF900029D113F4002F20D04421026082806283B3
:10DFA0006368EA1A0023CDE90733CDE9053395F814
:10DFB0002E30921004936B6A0AFB02F2C3F34F03F4
:10DFC000039395F83C30D2B2CDE90103E37E3846A5
:10DFD0000093A37E1DF0E4FBA1E713F4001F14BF20
:10DFE00007213E21DCE71A21DAE707201BE700BF03
:10DFF000FC20002008210020182100208BAFF88A87
:10E00000036ADA0407D48A7943F480531144C96857
:10E01000014A036291607047FC200020036A0146B8
:10E02000DA0408D523F480530362034B30319B6834
:10E0300043601EF06CB87047FC20002038B51F4BC1
:10E0400005461A8B0C4622B9826812F4601F08BF7D
:10E050001A8341212046FBF781FD216811B94FF059
:10E06000FF3038BD8B796A6F0C3319440B79887A8D
:10E07000DB0700F00F04F2D5EAB1072C0AD1CA7A07
:10E08000002AECD00B7B03F03F019142E7DA3F2BF3
:10E0900008D9E4E7052CE2D11231C00920F0AEFD29
:10E0A0000028DCD02B8D6A6A1B01B3FBF2F320B28F
:10E0B000A5F88830D5E7072CE1D0D0E7FC20002078
:10E0C00038B54379044643F0010343712AF042FC1A
:10E0D0000546214605481BF0C7FF4FF0807010F041
:10E0E0009FF92846BDE838402AF02FBC08210020BF
:10E0F0002DE9F04791F806A0436F0AF10C0A8AB0A7
:10E1000001EB0A07002B8946039104460CBF23212B
:10E11000332106AA07F10C001DF090F89DF81E505F
:10E12000002D7ED1236A03F40163B3F5016F00F083
:10E130008280FF21636F84F87F10002B40F08B807A
:10E14000204659F80A2006A900F0F8F806464FF0D4
:10E15000FF3103A8FBF702FD236A5D4D13F4006F46
:10E1600008D0002243F400534FF0807023622A60ED
:10E1700010F056F994F97E307F2B04BF7B7984F838
:10E180007E3094F97D307F2B06D19DF822200AB194
:10E19000069B9B5684F87D309DF8231009B1069BA1
:10E1A000194420469DF824201EF0DBFBD4F874802F
:10E1B000B8F1000F51D16868DFF81891201A80106B
:10E1C00009FB00F0C0B21CF017FC6A68039BA21A9E
:10E1D000921009FB02F20193A38D014600930320E4
:10E1E0004346D2B21CF0F8FB3F7B07F03F0707F134
:10E1F0000D03452B04D903A8383F1BF0CBFEFBB21F
:10E200000398827913448371AB7D05905BB301233E
:10E2100084F883301BF0C6FE38BB05A81BF02EFE29
:10E2200015E0069B2046595D89091EF0FAFB05465C
:10E2300000287FF47FAF0026039B05A805931BF001
:10E240001DFE236AA4F8885043F40033236230464D
:10E250000AB0BDE8F087002679E7204659F80A1091
:10E260001EF019FFC0E784F88330236A1B04D4D45E
:10E2700005981BF097FE0D215FFA80F805981BF0BA
:10E2800044FE0028C9D0059D04F17802AB7904F161
:10E29000800C0C331D442B46174603CF674518608E
:10E2A00059603A4603F10803F6D1386818603A79A4
:10E2B000606F1A71A38D2B8140B11EF0F0FEA87221
:10E2C00085F80C800598FFF7FBFEC0E7FF20F6E716
:10E2D000FC2000208BAFF88A2DE9F04106460F465E
:10E2E000904600240D4D15F8013CFF2B0BD015F87E
:10E2F000022C424507D1B34205D1062239462846B1
:10E300001BF07BFA38B10834502C05F10805EAD12E
:10E310000020BDE8F08102482044FAE7352D0020B6
:10E32000332D00200023FF21034A02F8331001336C
:10E330000A2BFAD100207047342D002073B50D460A
:10E3400004461646FEF7DCFB297A31B310222B680F
:10E35000194404F12E030193184B009333461CF02B
:10E36000EDFE236A1B0401D5A879A0B1144DE87D08
:10E3700088B12E69FBF792FA361AB6F5FA7F2A7D34
:10E380000DDA636B00200193A36B00932B6994F863
:10E390003C1020F0F1FD02B070BD0A46D9E7094BF0
:10E3A00084F88520A361226B2B692046A3EBD2035E
:10E3B000002163601FF001FA0120ECE70C2100202E
:10E3C000FC200020F3CC020038B50446354B8361B5
:10E3D0001EF002FC2046FFF721FE20461EF05CFBEB
:10E3E00000285BD0618D013189B2A4F886102046E7
:10E3F000C9B21EF038FB002852D1A38DB4F8862094
:10E400001344226A9BB25203A38515D5226F9179DA
:10E410000C310A44B2F80510CB1A1B030CD50120AD
:10E4200004F14401FCF792FD236A04F1700023F427
:10E43000802323621BF022FD40F27125626AB4F84A
:10E4400086302046534304F130016B4394F82E206C
:10E45000FDF70EFB236B94F83C109B0803F5487303
:10E46000FF22E36000201CF037FEE368C83303445A
:10E47000E360636A2046013B6B432361FFF7E6F9E3
:10E48000636AB4F8862020465A436368012105FB7D
:10E4900002336360BDE838401FF08FB90121A4E763
:10E4A00038BD00BF7DCC02001E4B70B51D6809232E
:10E4B000826923FA01F11C4B01F001019A4217D144
:10E4C000EB7B99B906262D7C427D5C1B94FBF6F410
:10E4D000E4B2012C38BF0124A24232BF0A46121B0B
:10E4E000D2B295421BD8934228BF1346437570BDE4
:10E4F0006B7B0029FAD10626AD7B447D5A1B92FB2B
:10E50000F6F2D2B2012A38BF0122944224BFA41AE3
:10E51000E1B28D4203D88B4228BF0B46E6E72B467B
:10E52000E4E700BF8022002051E700002DE9F04120
:10E530002AF010FA254B05461878254B1A68002357
:10E54000984204DC28462AF000FA002425E01168ED
:10E55000144611F0020702D020320133F0E74FF0E9
:10E560003C081C4A39461668204608FB03662022F0
:10E570001BF06DF94246394630461BF068F92368B6
:10E58000266143F002032360022034621BF049FE3F
:10E59000A06138B928462AF0D8F920461EF0EBFCD5
:10E5A00000240AE002201BF03CFEB0620028F1D0FB
:10E5B000E3692BB128462AF0C8F92046BDE8F0816E
:10E5C00001F066FDE0610028E4D0F3E7832D002030
:10E5D00024210020202100202DE9F043056F04466E
:10E5E0000E468DB0002D38D0AA7990F88B800C3271
:10E5F0001544FFF749F907462046B5F80490FFF7A0
:10E6000043F9656F41462B6993F831300A93AB7932
:10E6100009936B7908932B79079394F82E3006931E
:10E62000626AC2F34F02059294F83C300C4A04939C
:10E63000039212F8013C029312F8023C3A46CDE9EB
:10E6400000034B4630461DF0F8F804F170001BF053
:10E6500015FC01200DB0BDE8F0832846FAE700BFA5
:10E660001821002070B58AB004460D461646FFF703
:10E67000B3FF002840D12046FFF706F9636F02463A
:10E680001969284691F831100591997904915979C1
:10E6900003911B793146029394F82E300193636AFB
:10E6A000C3F34F03009394F83C301EF0F5F818BB09
:10E6B0002046FFF7E9F8636F024618690F4990F8A2
:10E6C0003100089098790790587906901B79284670
:10E6D000059394F82E300493636AC3F34F030393B6
:10E6E00094F83C30029301F11C030193CB7E00931C
:10E6F0008B7E31461DF054F80AB070BDFC2000201E
:10E7000038B500230446406F0372036803F0020328
:10E7100003601EF038FE2046616F1EF025FD0A4B97
:10E720000321A361636F20461D69084BAB61FFF7AE
:10E73000BBFE03212846FFF7B7FE636F1A69137DFE
:10E7400043F00403137538BD51E70000ABCE02005F
:10E750002DE9F04106468CB008460C461EF0E8F85C
:10E76000054620461EF0F7F80023562E049300F2CB
:10E77000A780502E0FD8012E69D0032E00F0FE8006
:10E78000022E40F09D8000F0EBFA844240F0988029
:10E79000FAF794FF94E0A6F15103052BF0D801A2FB
:10E7A00052F823F0BDE7000081E70000C7E8000051
:10E7B00081E700008DE900007DE90000FAF77EFFA7
:10E7C000EB6983B36A6993790C33D618F0798DF8C5
:10E7D0002B003189D75820F00AFCEB6906F11802AA
:10E7E000059303238DF8183006F10C03CDE90823B7
:10E7F000B37A0744C3F3801328468DF8283007976F
:10E80000FFF7DEF9FFF740F801238DF829008DF8B6
:10E810002A307379002605A88DF82C308DF82D60EC
:10E8200001F0FCFCEE6105F114001BF027FB204613
:10E830001EF072FCEA68EB792946D65C20461EF091
:10E8400093FC3246002120461EF0B6FD38E02046FB
:10E850001EF06EF8074620461EF07DF8064620465C
:10E860001EF076F8054620461EF078F880463846B9
:10E870001EF015FC338980EA030620461EF0EEF8F0
:10E88000FB69B6B213B901F003FCF8612A6831469E
:10E890004046FCF7AFFB43F6FF71687204F13400A9
:10E8A0001CF029F9284620F01EFB6168226B11201C
:10E8B000637D01EB920220F041FB2046FFF742F816
:10E8C0000CB0BDE8F08100212046FFF7EDFD04A962
:10E8D000FFF7B4FB431C049908D120461EF0E9FB66
:10E8E0002046FFF79BFBFAF7E9FEA0E705283DD19C
:10E8F000204605911EF01CF8436907461BB105A888
:10E900001BF0BCFAECE7C369002BF8D005988379BB
:10E910000C331844817A0C30C1F3801101F02EFCC5
:10E9200006460028EBD1636F059D9B69617DD88009
:10E93000AB790C331D44FAF71FFCA97A606FCDE95F
:10E940000166CB090093324605F10C03C1F3801137
:10E9500080691CF0D0FC636F986903F08FF9059B08
:10E96000204604997B611EF0ACF8A9E720461EF012
:10E97000A8F820460499FFF7BBFBB1E72046012128
:10E98000FFF792FD05F114001BF078FA00F0E8F9AA
:10E99000844201D1FAF792FE002120461EF089FB45
:10E9A00045E700BF10B5074C2368DA0607D523F00A
:10E9B0001003236018B90220A1681CF000F800239E
:10E9C000A36010BD28210020F8B500230360037D5B
:10E9D00004469D070CD550F8081FC90C01F4FC71C2
:10E9E00041F00501FCF774FB237D23F0020323753E
:10E9F000A0681EF098FE237D0546180703D5FAF798
:10EA00004DFF28446060194F62683E4656F8041F67
:10EA1000AD1A79B921603460BB68E3B1607D597D7E
:10EA2000884219D2217D09070FD5BDE8F8400020A2
:10EA3000FFF7B8BF88681EF076FE4B682B441B1AA0
:10EA4000002BE7DA0E460968E3E759681B690B44B7
:10EA50009B1A002BE9DAF8BDD3E901101EF063FE22
:10EA6000E3681A44521AC242F5D5DEE72821002095
:10EA7000014610B5044603201BF0A1FF054B1B689F
:10EA8000D90305D4237D5A075CBF43F002032375E5
:10EA900010BD00BF28210020014BD868DC3870472A
:10EAA00028210020034B10B5DC68FAF7F7FEDC3CA8
:10EAB000201A10BD282100201822002101481AF038
:10EAC000C6BE00BF28210020034B1B6813EA004389
:10EAD00014BF0120002070472821002030B5C0B1AC
:10EAE0004268B2B1104C25692B469BB945B1AB6861
:10EAF000CB1A41BF5B42B3FBF2F303FB022289183E
:10EB00000A4A816013684BB903601060237D0133AA
:10EB1000237530BD8342FCD01B68E6E79D686D1A03
:10EB2000002DF1DA1A46EDE72821002038210020D7
:10EB300040B1436833B1084B1A7D013A1A7553F856
:10EB4000102F02B970479042116801D119607047C7
:10EB500013460A46F5E700BF2821002038B50446D1
:10EB6000084D0846AB68A34201D1FFF71BFF6B6855
:10EB7000054A1BB1A342196801D1116038BD1A467C
:10EB80000B46F6E7282100202C2100202DE9F34731
:10EB90005E4D2B685A0700F18680AB68002B40F071
:10EBA000828055E8003F43F0040345E80032002A24
:10EBB000F7D16C689CB1FAF771FE01AA01462046B4
:10EBC00027691EF0B8FD08B920461EE0019B2668A3
:10EBD000FF1AA6B96368DC371F44C5E9024755E848
:10EBE000003F23F0040345E80032002AF7D1AC6867
:10EBF000002C4CD102B0BDE8F047FAF755BE3046C4
:10EC000001AA1EF098FD18B93046FFF731FFD0E792
:10EC1000D6E901A01EF087FD337DAAEB0000DB07DB
:10EC200005D4019A33699B1AF2689B1A18446268EA
:10EC3000D3191B1A002B26DD9F4204D9E368801AE2
:10EC4000DC3383421ED994F8149019F0010F0FD1D0
:10EC5000A0681EF068FD2369D6F80C801A44A2EB68
:10EC60000A02E368A2EB0802121ADC339A420CDCB7
:10EC7000727D637D9A4206D219F0080FA4D0F7681E
:10EC8000344600E007463668A3E74746F8E7A3683E
:10EC900013F4601F0AD121462B6843F010032B6048
:10ECA00001201BF08CFE02B0BDE8F08704F10806DD
:10ECB0003046FCF71BFA2B68214643F010032B600B
:10ECC0000028EDD101201BF07AFEA36813F4601F29
:10ECD0004FEAD341C3F3C2440ED0013CE4B201F485
:10ECE000FC7130462143FCF7F3F903213046FCF771
:10ECF0005BFA002CD7D103E003213046FCF754FA2D
:10ED0000304602B0BDE8F047FCF734BA28210020B5
:10ED100008B5034B996809B11BF051FE08BD00BF4F
:10ED2000282100200D4B50B153E8002F42F004027F
:10ED300043E800210029F7D10220FFF7E9BF53E89B
:10ED4000002F22F0040243E800210029F7D198683F
:10ED500008B1FFF78DBEFFF719BF00BF28210020C3
:10ED6000014B9868704700BF282100200C4B70B5FC
:10ED70009C68844212D1214602201BF020FED4E977
:10ED800001601EF0D0FC0546FAF788FD801BE842C2
:10ED900021464CBF012003201BF011FE70BD00BFB7
:10EDA0002821002002462DE9F84F002855D02C4E8E
:10EDB000D0F80C80B76805698742046808EB010940
:10EDC0000D441DD06FF0DB0A746854B99742C2E954
:10EDD000039503D17B68DC332B44F3600120BDE84D
:10EDE000F88FA0681EF09FFC844653686068AAEB09
:10EDF00003030344A3EB0C03002B03DA2468E4E7CA
:10EE0000002CE3D06FF0DB0BD2F804A0ABEB0A0BC5
:10EE1000A0681EF088FC63685B44181A814515D30E
:10EE200094F815C0537D9C4502D92468002CEFD17D
:10EE30000C4B994211D180450FD89742C2E903008B
:10EE4000CCD10AF1DC0A5044F060C7E7C2F80C905C
:10EE50008542D4BF15611061C0E70020BFE700BF45
:10EE60002821002080969800114B70B59D682E696E
:10EE70002C681CB96A6864B9B01870BD627D6B7D7E
:10EE80009A42F7D920461EF0A3FC0028F2D124684C
:10EE9000EFE7A0681EF047FC6FF0DB0361689B1A88
:10EEA0000B4429691B1A8B42D4BFD0185018E4E7D1
:10EEB00028210020884270B505460E46144621D010
:10EEC000164B1B690BB35B68B3FBF2F302FB03F059
:10EED00085420CD8814215D2B0FBF5F5B0FBF5F0B8
:10EEE000B04228BF3046B0FBF4F060430AE0B5FB07
:10EEF000F0F3DBB200FB03F2954204D896423046B1
:10EF000028BF104670BD0133F3E71BF0EFFD731B04
:10EF1000B0FBF3F202FB13002844E1E728210020B4
:10EF2000542310B504680A490D20B4FBF3F4F9F733
:10EF3000A9FD0023A2B251211846F9F749FD044664
:10EF400018B9F9F78FFB204610BD1924FBE700BF65
:10EF50001D8B0000014B1878704700BF842D0020E6
:10EF6000437E0F4A1B01DBB282F81F3382F8203345
:10EF700082F8223382F8213382F8233382F8243353
:10EF800082F8253382F8263382F82A3382F8273331
:10EF9000037F23B9037E1B01DBB282F8223C70475A
:10EFA00000E100E037B5054602F0D2FC044698B90E
:10EFB0002846FFF7D5FFAB8A0DF10601ADF8043006
:10EFC000EB8A01A8ADF806301EF00AFC0122034BC3
:10EFD0001A70204603B030BD0224FAE7842D0020C9
:10EFE000902238B50546164B00211C682D0202FB05
:10EFF000004420461AF02BFC124B45F001051B681B
:10F0000004F10800DB7800216375E5821CF052FBF7
:10F010004FF00823E3641323A4F850304FF607732E
:10F02000A4F85830FF23084A84F85A30074B20468A
:10F03000C4E91B32C4E91F32BDE838401EF063BE8C
:10F04000102200208022002055555500D6BE898E02
:10F05000034B1B68C01A034B00115843C0B27047E2
:10F0600010220020398EE33830B5094B1C791A681C
:10F070000023D9B28C4201D8C82008E011464D6C5B
:10F080000133854202F19002F3D1B1F9540030BD51
:10F09000102200202DE9F0411E46836904460F46E8
:10F0A00015468BB169B929F055FC05463946A06C67
:10F0B0001BF0ABFD204639461EF0B7FD284629F06F
:10F0C00044FC0020BDE8F0810029FAD0B0F85030AF
:10F0D000DA0640F18380B4F85030DB0700F18A8013
:10F0E00020461EF0C1FD0028ECD1B4F85030D906FE
:10F0F00000F18D80D4E90A12204600F0E7FA012ED3
:10F1000011D040F27123B4F84C205A4390420AD9EE
:10F11000B4F84E205A4390427BD800F51C70B0FBE7
:10F12000F3F0A4F84C003C4BE268A3612261002399
:10F13000B4F8502084F8573012F0100F0CBF4FF481
:10F140008C778C27236A84F8566023F480732362BB
:10F1500007F2631755B140F27121B4F84E2043F421
:10F160008073C2EB05124A4323626262236A04F190
:10F17000080843F400632362284B1B68DB7863753F
:10F1800029F0E8FB237D064643F008034046394654
:10F1900023751CF08FFA0120FFF796FC28B9237D18
:10F1A0005A075CBF43F002032375A1684046C1F3D0
:10F1B000C84141F09001FBF78BFF25B1FAF76EFBD8
:10F1C000636A0344636220461EF0DAFA304629F08F
:10F1D000BCFB0121A06C1BF018FD72E798077FF5BE
:10F1E0007AAFE06A1AF0DEFE00287FF474AF41F2D5
:10F1F0000C0067E7E36B002B7FF472AF00F048FF71
:10F20000E06300287FF46CAF41F209005AE7044B39
:10F210008AE741F2450055E747AE02008022002010
:10F2200059F7000070B500249026094D2B79A342B0
:10F2300000DC70BD286806FB040090F85930FF2BF5
:10F2400004D000231A461946FFF724FF0134EDE7E6
:10F250001022002038B50446002839D00830FBF7CA
:10F2600089FF0025FF2304F1280084F85930A561A7
:10F270001AF004FE04F12C001AF000FE04F1300034
:10F280001AF0FCFD04F134001AF0F8FD04F140001E
:10F290001AF0F4FD104B1868104B201A0011584357
:10F2A000C0B21BF0ABFB014628461BF09EFBE06B97
:10F2B00010B100F041FFE563606C18B11CF0F9F883
:10F2C00000236364A06C1BF0B2FC0020A06438BD76
:10F2D00041F24200FBE700BF10220020398EE338E4
:10F2E000F0B5104B02461E6893F804C035464FF047
:10F2F000FF3400239C4508DC91B1631C10D090239F
:10F3000003FB046080F85920F0BD95F85970284639
:10F310009742F9D0FF2F08BF1C4690350133E9E72B
:10F320000020F1E710220020014B9868704700BFD1
:10F330001022002070B500249026064D2B79A342A0
:10F3400001DC002070BD286806FB0400FFF782FF87
:10F350000134F3E71022002038B50A4DFFF7EAFF29
:10F36000AB6813B100221A60DA801CF0ADFB0024F8
:10F370002B79A34200DC38BD2046FFF731FE013473
:10F38000F6E700BF10220020F8B5054600249027BC
:10F39000074E3279E3B29A4201D80020F8BD3068B6
:10F3A000297807FB03001EF00EFC0134F1E700BFD3
:10F3B0001022002070B5344C0546A06818B1F9F74A
:10F3C00087F90023A360E06818B1F9F781F90023F9
:10F3D000E360FFF7C1FF00201BF018FB55B90320C5
:10F3E000257125606583F9F737FB20791BF00EFB4B
:10F3F00028B970BD02201AF014FFA06088B900255A
:10F40000A06825712560002839D1E06818B1F9F7A6
:10F410005FF90023E36000201BF0F8FA41F20700D7
:10F42000E7E702201AF0FDFEE0600028E7D00026A2
:10F430000320257126606683F9F70EFBB542D4DD03
:10F4400005EBC501090133460122032089B2F9F712
:10F45000BFFA06460028D2D10320F9F71FFB20602F
:10F460000028CCD0902231466A431AF0F0F9237973
:10F47000B342BADD3046FFF7B3FD0136F7E7F9F7DF
:10F4800027F9A560C1E700BF102200202DE9F04157
:10F490000025354E8AB03379AB4203DC01200AB037
:10F4A000BDE8F0819023346803FB054494F859309B
:10F4B000FF2B0DD0236A980306D504F1400840467F
:10F4C0001AF060FD074628B9226A12F4A02F1ED157
:10F4D0000135E0E7BB7908A90C333B44D8689A7A38
:10F4E0001B8AC2F38012ADF8243000238DF81F2050
:10F4F00008901A460DF11F001AF0EDFF38469DF8EE
:10F500001F2094F8591008AB1CF041FAD7E7B4F863
:10F51000503003F01D031D2B16D13C23FF2100208A
:10F52000CDE90431CDE902000121CDE9000004F16B
:10F530006203C2F3800220F0A3F90028AFD0236A4F
:10F5400023F4A0232362C3E712F4803F08BF3C21C9
:10F550004FF0000218BF432194F8573094F8590037
:10F560001CF062FCE9E700BF102200202DE9F04307
:10F5700004468F798BB00C370DF10409CD190122A7
:10F580000E460DF1030049461AF0BAFFE36B8046C0
:10F5900003930023E363B4F85030E879C3F3001316
:10F5A0008DF825302989F7591FF021FD204B07449C
:10F5B0001B6805975B7905F11802637501230692B4
:10F5C0008DF8103005F10C03B8F1000F24D09DF830
:10F5D0000330CDF81C908DF820309DF8252094F84C
:10F5E00059308DF821300123DAB98DF8223094F8A2
:10F5F00084308DF823306B7903A88DF8243000F027
:10F600000DFE012120461EF010FB3046F9F760F890
:10F6100001200BB0BDE8F0830793AB7AC3F38013EE
:10F62000D9E7AA7AC2F340128DF82220E1E700BFA1
:10F6300080220020F7B504461BF09CF9C0F30F238D
:10F64000542B3ED9AA2B34BF01230223C0B27E28FB
:10F650008CBF0222012203218DF804301344B3FB36
:10F66000F1F000EB40001B1A8DF805301344B3FB9A
:10F67000F1F202EB42029B1A8DF806300023184685
:10F680001D461A46104901AF4B7617F8016B44FA34
:10F6900006FC1CF0010F06D053009E4001233043AE
:10F6A0000132C0B2D2B20135EDB2032DEDD103B1BA
:10F6B00048764B7E43EA82134B76FF230B7603B0EA
:10F6C000F0BD0023C2E700BF10220020F7B50546B9
:10F6D0006B461646174A0C461068516803C395F8E6
:10F6E000583008336B4413F8087CB5F85030DA060C
:10F6F00009D433462246394628461BF006FB00F55E
:10F70000FA7003B0F0BD20461AF04CFCB5F850304A
:10F7100000F10A049B074FEAC40405D030461AF0F2
:10F7200041FC04F50C740444E823781E584304FBA0
:10F730000700E4E724950300064B1B68D97ADA78C2
:10F74000437D5B1A9342A8BFDAB2002142751EF0D6
:10F7500029BB00BF802200202DE9F04F03280C4672
:10F7600085B000F0588107D8012820D0022800F089
:10F77000408105B0BDE8F08F312800F0418132288A
:10F78000F7D1002303A80393F9F716FF0028F0D15F
:10F7900003998B790B449B7D03F00F03032B00F03F
:10F7A0005581052BE5D12046FFF7E0FEE1E7B1F8F2
:10F7B0005020AB4BD7071D68C2F340034FEA8303C9
:10F7C00048BF43F008032B81560742BF2B8943F003
:10F7D00010032B810B6AD80642BF2A8942F020020F
:10F7E0002A81590742BF2A8942F040022A819A069B
:10F7F00042BF2A8942F080022A815F0642BF2B89DC
:10F8000043F480732B812B895E0701D4180702D53E
:10F8100043F400732B81D4F862302046AB61B4F816
:10F820006630DFF84482AB831EF08AFA1FF08CFA50
:10F830000022D8F8083004F1620BDA80A06A1AF0CE
:10F84000B1FB0622D8F808608246B7790C37F35D21
:10F8500006EB070903F04F03F355B4F8503089F86D
:10F860000120103B0D2B32D8DFE803F0C031BC077C
:10F87000310C313131313131310CF35D6FF3030330
:10F88000F35524E00123F25D206A63F30302F2558D
:10F890000C22010789F8012009F108020DD5019217
:10F8A0004FF0FF3259460092C0F380001A461AF01A
:10F8B0001DFEF35D43F08003E2E7D4F86230C9F83F
:10F8C0000830BBF804309380236A5907F1D4B4F8A8
:10F8D0005020F35D204662F34513F35509F1020110
:10F8E0001BF066FCF35D60F38613F355B37999F86A
:10F8F000012002331344F371B4F8503003F01403C1
:10F90000142B05D0BAF1000FC4BF524489F801206E
:10F91000A36AD8F8080003601FF01BFA2B8928613E
:10F920005A0732D50023D8F80C60F380E06A1AF049
:10F9300039FBB77981460C37F35D06EB070A03F014
:10F94000400343F00403F35506230AF102018AF849
:10F95000013020461BF02CFCF35DB9F1000F60F381
:10F960008613F355B3799AF8012003F10203134487
:10F97000F371D8F80C00E36AA4BF09F106098AF80C
:10F98000019003601FF0E5F9686140F27121B4F85D
:10F990004C30B4F84E2094F85800D21AE36803F5BE
:10F9A0009C53083301FB02332361FFF743FE98F8B1
:10F9B00019302B7300236B7394F87430EB72636807
:10F9C000B4F978002B60FAF707FB2120237D1B0791
:10F9D00042BF2B8943F001032B8105B0BDE8F04FF6
:10F9E00001F078BEF35D62F3030349E70222F35DA1
:10F9F000F9E7FFF7B5F984427FF4BBAE2220ECE7CC
:10FA00000B7D23F008030B75154B1B689B7B43B1E3
:10FA1000012B7FF4AEAE204605B0BDE8F04FFFF7F6
:10FA20008BBE104B497D1A68D37A92780B4493426F
:10FA3000D8BFDAB2A3696275002B3FF49AAE0121F8
:10FA4000204605B0BDE8F04F1EF0ACB904F140000F
:10FA50001AF00AFB4FF4003120461EF09CF988E6AC
:10FA6000C4220020802200201022002038B5044645
:10FA7000D0F8A400D0B194F830511AF037FA81B21E
:10FA8000063128461FF0B3FA83B240F271200849CC
:10FA9000B4F87C20098C424341438A42B8BF0A46ED
:10FAA00003F548709042B8BF104638BD0346ECE7F6
:10FAB0002C22002030B5174B826A1B68D206597978
:10FAC00026D5828F1C79836B1203B2FBF3F2631A83
:10FAD000B2FBF3F2B0F8A03003B1013BD0F8A45070
:10FAE00005B15B101B02B3FBF2F35B180CD090F86E
:10FAF00099200F2A08D91209B3EB820FB8BF00234F
:10FB00004FEA8201A8BF5B1A9C42A8BF1C46E1B223
:10FB1000417530BD8022002010B50446FFF720F962
:10FB2000A0420AD1054B1B6893F8203080F834308E
:10FB3000BDE81040222001F0CDBD10BDC422002040
:10FB40002DE9F0411A4C06462368A3B92EB10025D1
:10FB50004FF4A478EFB2B74211DB0020BDE8F0818A
:10FB60002068013507FB03001AF030FFA27BEBB2DF
:10FB70009A42F5D8EAE700254FF4A477F6E7206823
:10FB8000013508FB07001AF01FFF0028E2D000250E
:10FB90004FF4A47605E0206806FB05001AF016FF76
:10FBA0000135EBB2BB42F6D341F20700D6E700BF06
:10FBB0002C220020084B9A7B82420AD94FF4A4726F
:10FBC0001B6802FB0030836A13F0040F08BF00209B
:10FBD00070470020704700BF2C220020084A0949C6
:10FBE0001368C31AD810002B01FB00F005DB937BD0
:10FBF0008342D8BF4FF0FF3070474FF0FF3070475F
:10FC00002C220020199C8FC170B504460E4628F0A6
:10FC1000A1FE054604F1300252E8003F334342E8BA
:10FC200000310029F8D12046FFF7D8FF01230B4A05
:10FC300003FA00F002F11C0353E8003F034302F112
:10FC40001C0444E800310029F4D14FF480700EF018
:10FC5000E7FB2846BDE8704028F077BE2C22002044
:10FC600070B505460C46C2B9012620461EF02AF999
:10FC7000B5F84010441C284620F02EF914FB06F479
:10FC80000028A4B207DD844205DB01280EBF04462C
:10FC900000F1FF3084B2204670BD836ADE07E3D5F1
:10FCA000C28F002AE0D0D906DED5DA05DCD4D0F840
:10FCB000A430002BD8D10C4B1B6893F8213013F0E3
:10FCC0000C0FD1D103F01202122ACDD15B06CBD595
:10FCD000FFF784FF80B21EF0F7F80028C4D1EE8F42
:10FCE0000136B6B2C1E700BFC42200202DE9F047BB
:10FCF00089466A490446CB8A63B9826812F4601F58
:10FD00004FEAD24301BFC3F3C40303EB830302EB07
:10FD10008302CA82B9F1000F02D120461EF011F908
:10FD2000B4F8A050002D40F0A880A36A13F0100F83
:10FD30000CBF3E23082384F87B302046FFF7BAFE31
:10FD4000FFF74CFF86B2074630461EF0C5F88246E4
:10FD500030461EF0BFF830B130461EF0B1F8002139
:10FD600030461EF0B6F8236B580409D54FF4804195
:10FD700004F130001EF067F800212046FFF744FF31
:10FD8000FFB24A4639462046B4F84080FFF768FF84
:10FD9000B4F84030A4F880001844A4F840005DB1E5
:10FDA000204603F0DBFA20461AF012FE2046B4F893
:10FDB00040101FF045FF054630461EF08DF85045B7
:10FDC00010D0A36AD9070DD44A4639462046A4F874
:10FDD0004080FFF745FFB4F84030A4F88000184495
:10FDE000A4F84000B4F84030434502D230461EF03B
:10FDF0006FF830461EF065F8B4F88030B4F8A020F3
:10FE000094F87410D21AA4F8A02094F8732003FB7D
:10FE100001222521B2FBF1F001FB102284F87320AE
:10FE20006DB3A26AD20712D5A26B2046534340F2AB
:10FE3000712204F14401534394F84220FBF718FE69
:10FE4000606C85082046FFF711FE2844E06040F210
:10FE50007125A16B2046013969431DF0FDFFA36B9D
:10FE6000B4F8802020465A436368012105FB023321
:10FE70006360BDE8F0471DF0A0BC01255DE72046AA
:10FE800008211FF019FF20460221FFF7BDFE294679
:10FE90002046BDE8F0471DF07FBC00BF2C220020AB
:10FEA00008B501F0D1FDFB22104B10F0020FDA7300
:10FEB00044F290221A820CBF012203224107197BCF
:10FEC00048BF42F0040262F3030119731A7BC2F3C4
:10FED000030161F307121A73032204211A76002228
:10FEE00019755A82DA61DA8208BD00BF2C2200201F
:10FEF0002DE9F843564C0546A06818B1F8F7E8FB21
:10FF00000023A360EEB230461BF0E2FB80460028DF
:10FF100039D130461DF0E9FFA8BBFFF711FE0746B7
:10FF20000220F8F799FD002D59D005EB850105EB6E
:10FF3000C101C90043460122022089B2F8F748FDF9
:10FF40000746002846D102204FF4A479A673F8F79B
:10FF5000A5FD394609FB05F2206019F078FC2368FD
:10FF6000681EF9B2814209FB01F207F101072CDB9F
:10FF70000021284699506360FFF7E2FD50BB3046F0
:10FF80001DF099FF88B3002500201BF0A1FB002085
:10FF90001DF0ABFF0020FFF7D3FD0220F8F75CFD5A
:10FFA0002846C4E90055A5731DF085FF284603F0D7
:10FFB00001F928461DF07BFF28461AF025FD022096
:10FFC000F8F74AFD4FF007083FE002F5A471194425
:10FFD0009950C6E70023C4E90033A373D3E7C4E90B
:10FFE0000055A573002FCAD0CDE7304603F0E2F8E4
:10FFF0000028C8D128461AF007FD0028C3D1304692
:020000021000EC
:100000001DF055FF0028BED130461DF068FF0646A2
:100010000028B8D1002D18DD02201AF002F90223C1
:10002000A060C37183793146C3F102020C33D2B2AE
:10003000184419F00CFC0121A3689A7913441A7B27
:1000400061F301021A73FFF72BFF4046BDE8F88306
:100050002C220020014B987B704700BF2C220020EF
:1000600030B50A4B4FF4A4751A689C7B00231846E0
:100070002832D9B28C4200D830BD05FB03F151586B
:100080000133890644BF0130C0B2F2E72C220020C0
:100090002DE9F04128F05EFC254D06466C6824B938
:1000A00028F053FC2046BDE8F0814FF4A477236884
:1000B0003A4600212046D4F81C806B6019F0C7FB3B
:1000C00020233046A362C4F81C8028F03EFC0123A4
:1000D000237584F83031A3F10113E367EB7BAA8920
:1000E00084F842312B8A0021A4F84031072384F898
:1000F0008930104BA4F84421C4F88C3003F1CE535E
:1001000003F59813C4F8903041F61B33A4F89430EB
:100110001B2304F1080084F89630A4F88A701BF0C1
:10012000C9FA2046FFF75AFD80B21DF0C6FEB9E7B6
:100130002C2200204801480170B504461DF080FFC4
:1001400004F10800FBF716F828F004FC4FF4A47241
:10015000054600212046E66919F079FB064BE66169
:1001600053F8042F2AB928461C60BDE8704028F0D7
:10017000ECBB13461268F5E72C2200202DE9F04174
:1001800006464FF480400F4601F0D0FB044630B9DC
:100190000E4B1D6893F80E807535A04502D80020DF
:1001A000BDE8F08155F84D3C5A0709D5C3F340032B
:1001B000BB4205D106222946304619F01EFB18B174
:1001C000013405F5A475E8E70B20E9E72C220020AF
:1001D00010B5044610B9084B198410BDA0F87C1066
:1001E000A0F87E20FFF742FC2169E0602046BDE8D0
:1001F00010401DF031BE00BF2C220020014BD873EF
:10020000198270472C220020014BD87B704700BF19
:100210002C22002000487047382200202DE9F04FA2
:10022000D0E9029590F9181087B0027D0291417EC5
:100230000192046807790369427D90F816A090F84E
:100240001780002940F0FC80A8F1030101298CBF30
:10025000022603260393B5F808B084F89F202A46A7
:1002600052F8101BBAF1000018BF0120C4F8281181
:1002700004F14801FAF76AFE20461FF016FD2046F9
:100280001DF035FE1BF0E6F94146024620461BF004
:1002900026FAC8220DF116012046ADF816201DF0F1
:1002A00020FE43F6FF7104F594701AF024FCAA882E
:1002B000039BA4F82C21AA7984F82E211A68C4F88B
:1002C00075209B88A4F87930019B1BB1A36A43F089
:1002D0000203A362BAF1000F03D0A36A43F40073D0
:1002E000A3624FF4607001F021FBC0F3C01AC30594
:1002F0004FEA8A1A48BF4AF0800A810548BF4AF48B
:10030000807A28F027FBA36A43F00403A362E36A20
:1003100043EA0A03E36228F018FB94F8343043F010
:10032000100384F83430BB1E012B00F28B80A36ACB
:1003300043F48043A36201212046FFF765FC0421BA
:1003400020461FF0B9FC6B7D2046C3F3040384F8FC
:1003500074306A8907F0FD075200A263697B2A7B2B
:1003600042EA0122E287E97BAA7B42EA0122A287D4
:100370006A7D84F87330C2F3421284F8422000226E
:100380000523A4F840200122A4F8A030A4F880207E
:1003900002991DF0B1FD01F051FB20F40060C4E9A9
:1003A00008012046FFF786FB414BB3F816A0BAF1CF
:1003B000000F05D1002F40F2C71A18BF4FF4D77AAB
:1003C0002046FFF70BFC3B4B000240F00300E082AD
:1003D000C4F80490A361002F3AD12046FFF746FBF2
:1003E000B8F1010FE06005D04146204684F8308125
:1003F0001DF0C9FE04F10806304651461BF05AF9BB
:100400000120FEF761FB28B9237D5A075CBF43F04A
:1004100002032375A1683046C1F3C84141F0880149
:10042000FAF756FE40F271216B892046013B594391
:100430001DF012FD20461DF0A3F907B0BDE8F08FB6
:10044000012607E7012F7FF476AF40F2014173E701
:1004500040F27127760006EB4B067E4309EB06035C
:100460006360A36A04F1440943F00103A36294F8B2
:100470003430494643F00103204684F834301BF001
:1004800046FE33464946204694F84220FBF7F0FAF0
:10049000EB7901225B00494620467B431BF03DFE81
:1004A000636C20469E08FFF7E1FA304498E700BFEE
:1004B0002C220020B509010010B4C46A14F0080F02
:1004C00011D144F0080423F41053C46223F0100344
:1004D000064C1B0414401B0CC0E9084340215DF886
:1004E000044BFFF791BB5DF8044B70472FCF87F7A4
:1004F00000232DE9F3474E790546B20758BF06F0B1
:100500000106084648BF0326ADF8043058BF01363F
:100510000C461AF05EFA074607F01F03002BEB6A41
:1005200015BF4FF001084FF000084FF003094FF0DE
:1005300002099B050CD59DF80430214666F30103A2
:1005400068F345138DF804302846019A1EF043FEE7
:10055000204619F027FD82464946204619F0D5FC71
:100560009DF80430A27966F3010368F345138DF812
:1005700004308DF805A0BDF804300C32A3529DF86C
:100580000430A1189806637948BF8F7043F00103C7
:10059000637128F0DFF92146074605F1A40019F040
:1005A00063FD95F84631013385F84631AB6ADA07C9
:1005B0000ED52846FFF712FB80B21DF07FFC30B34A
:1005C0004388B5F880209A4202D928461DF082FF60
:1005D000FEF7C6FB854214D10E4B20461E681EF066
:1005E000B8FB2C36014630461EF02EFAAB6ADB070C
:1005F00007D430461EF023FA022802D8232001F047
:1006000069F8384602B0BDE8F04728F09EB90123EA
:10061000D7E700BFC42200202DE9F04F85B0044683
:100620000191084661B34B799A071AD419F0BAFCC4
:10063000019A60B9537901A8DB0742BFA36A43F46A
:100640000063A36219F01AFC05B0BDE8F08FA36A3D
:100650001F0506D523F40063A362537943F0010319
:100660005371019E28F076F9737931469E0705464D
:100670001ED504F1AC0019F006FD284628F065F9F6
:10068000DFF8909128F066F9A36A07465D0614D555
:10069000D4F8AC3043B19A7913441B7B3A2B03D87E
:1006A00029FA03F3D80711D4384628F04EF9CBE7DE
:1006B00004F1A80019F0D8FCDFE794F94631022BC9
:1006C000F2DCD4E92A2372B9002BEDD004F1AC009E
:1006D00019F0F2FB0546384628F037F9294620463E
:1006E000FFF706FFCEE7002BF0D194F89680039336
:1006F00004F1A80BD4F8A86096F807A0B379AAEB88
:10070000030A5FFA8AFAC24527DC584619F03AFC18
:100710000546A8EB0A086B7929466FF3C3036B7192
:1007200003A819F0A1FCD4F8A8302BB15B79990784
:1007300002D1B8F1000FDDD1039B002BB4D09B791F
:10074000022B40D8002019F06CFD014670BB0399C4
:1007500004F1A80019F097FCA6E7002019F061FD4C
:10076000054630B9039904F1A80019F08CFC0395F3
:100770009AE78079B1790C300C31424631442844F3
:1007800019F06DF8EB7953FA88F3EB71B37972795C
:1007900053FA88F3B3716B794FF0000862F30003EA
:1007A0006B7173796FF300037371B4E7039B4A793C
:1007B000587960F300024A715A7903A86FF3000276
:1007C0005A7119F05BFCE36A9A0512D50398034647
:1007D00000680028FBD1DB79C3F14503DBB2032BB2
:1007E00007D819F01EFD01460028B0D003A819F063
:1007F0003BFCD4F8A83013B15B79DB0704D5039A2E
:10080000537943F008035371384628F09EF8039952
:1008100065E700BF7C2C020000232DE9F041174D55
:1008200005F11C0252E8006F42E80034002CF7D1B9
:100830004FF001086EB9F4B105F11C0353E8003F15
:10084000234305F11C0242E800300028F4D1BDE842
:10085000F08196FAA6F0B0FA80F008FA00F726EADE
:100860000706FFF7A7F90028E4D01DF06EFE002868
:10087000E0D13C43DEE70120E9E700BF2C22002065
:100880002DE9F74F04460190002860D0C5794FF05C
:1008900000080C35054428F05DF8464600904FF4FA
:1008A000A47A40462B4FBA7B5FFA88F94A4517D99C
:1008B0000AFB09FB3A685A44916A4B0744D5B2F8DF
:1008C0009820C2F30B02002A3ED0E279C2F1450221
:1008D000D2B2032A15D8022019F0A3FC044640B96D
:1008E000002300987B8228F030F8304603B0BDE842
:1008F000F08F014601A819F0B7FB0020E5790C350F
:10090000254404220123002112FB003305F8209026
:10091000E9543B6802FB005C5B44B3F89830013655
:100920008CF80230032312FB0032A9543B680130DB
:100930005B44B3F89820C0B261F30B02A3F898208F
:10094000E379F6B20433E37108F10108ABE7064638
:10095000CBE700BF2C220020F7B56846FAF7EAFA89
:1009600000254FF4A477124EB37BAB4201DC03B0F9
:10097000F0BD346807FB0544A36A03F00503042BAC
:1009800013D10522694604F1490018F036FF60B121
:10099000012120461FF048FB38B9012019F041FC25
:1009A000014610B1204601F0EBFE0135DCE700BF47
:1009B0002C2200202DE9F04F31280C4685B000F0A4
:1009C00093810AD8022800F0E380032800F0E68033
:1009D000012847D005B0BDE8F08F322800F0EE8046
:1009E0003328F7D101F1A40019F066FA94F84631E2
:1009F0000390013B84F84631437903F00A03082B46
:100A000020D1B4F8983004205A1C62F30B03A4F8E8
:100A1000983000F08BFFA8B12046FFF7DFF880B2D6
:100A20001DF04CFA002800F057814188AB4A937CB6
:100A30000B44DBB29374127D9A4203D84FF080606E
:100A40000DF0EEFC03A819F019FAD4F8A8301BB980
:100A5000D4F8AC30002BBDD04FF480512046FFF7C6
:100A6000D3F8B7E791F8993008466FF3071381F888
:100A700099301DF00DFA84F8310120461AF022FE5B
:100A8000B4F93401F9F7A8FA954B20461D68FFF731
:100A9000A5F885F8250094F8343085F82030002337
:100AA00085F8213085F82330E26A94F8933002F417
:100AB000C062B2F5C06F03D10433FF2B28BFFF2300
:100AC00085F8243063684FF400306B60A36ADB075D
:100AD00042BF636C9B08AB6000F028FF00284CD03D
:100AE000FEF7C2F9D4F82831E8602B6194F831316F
:100AF0007A4E6B76D4F82C3105F12C076B6194F8A3
:100B000030312B76637D85F822301EF01DF9384692
:100B10001DF091FFB0681EF01CF90023A86203933A
:100B2000D4F8A40003A91EF06CFA48BB212000F001
:100B3000D1FDD4F8A83013B9D4F8AC3023B14FF4B8
:100B400080512046FFF760F8042000F0EFFE0028F7
:100B50003FF440AFB37C002B3FF43CAFF37C327EDC
:100B60000133DBB29A42F3743FF634AF4FF080604A
:100B700005B0BDE8F04F0DF053BCFDF78DFFB1E7B8
:100B800003981EF0E6F8014638461DF05DFFC7E702
:100B9000084605B0BDE8F04FFEF7BEBF91F89930AA
:100BA000C3F30312013262F3071381F89930002175
:100BB000204605B0BDE8F04FFFF798B8002603A81F
:100BC0000396F8F7F9FC2046FFF708F8C0B219F0D1
:100BD0000DFF05462046FFF701F8039B29460193C8
:100BE000B4F8403082B200930220334619F0F4FE8C
:100BF00003998B7903F10C050D44AA7A0A3312F09C
:100C0000200F14BF0322022213448B71E36A5F0595
:100C10000FD5AB7AEA7A204643EA02221EF0F4FAB4
:100C200038B903A819F02AF93D2120461DF072FEBB
:100C3000D0E6A36A95F80AB01E0603990BF00302EA
:100C4000C3F3C01012D5032A8B79EAD10B441A7B67
:100C50003A2AE6D8234BD340D807E2D54B79204631
:100C600043F002034B7101F0ABFAB3E6032AF5D06F
:100C70004B790BF0030B60F341034B71084695F879
:100C8000069095F905A019F08DF9039E0746B579F0
:100C90002046063DEDB2B571FEF7A0FF0C35C0F35E
:100CA000032306EB050843EA0B1388F803303346A9
:100CB000FFB288F80200A8F8047006F805A088F8CA
:100CC00001905A796FF341025A711B68002BF8D1D9
:100CD00030461AF095FE7DE60121A7E62C22002081
:100CE000C42200207C2C0200344B8E8F1D683601FC
:100CF00095F8203081F834308B6BE08FB6FBF3F63B
:100D0000B1F8A010B3B21B1A994295F821204CDC1F
:100D1000D1064CBF0021022194F831011AF094FC55
:100D200095F82130DB071BD5A36ADF0706D52B68B2
:100D30002046636004F144011BF0E9F995F8213085
:100D4000D80602D4A36AD90606D4A4F8A060204627
:100D500095F927101DF0D0F8A36A43F01003A362A1
:100D600095F82020E36A92064CBF43F0010323F07C
:100D70000103E36295F821309B0606D52046FEF775
:100D80002DFF012180B21DF0A4F895F821302046F6
:100D900003F01203122B0ED11DF0D4F895F8261093
:100DA00020461DF0CDF8012102E79207B8D50321B6
:100DB00094F83101B2E71DF0C4F8EFE7C422002037
:100DC000012838BF0120012938BF0121014B1875C6
:100DD000197670472C220020F0B587B01D460446D6
:100DE0000E9FFFF7F5F940F2E242BDF8301002FB2A
:100DF00005F05143FEF75EF81A4B3860DE8A40F288
:100E00008A23002E08BF1E46F8F748FD3B68019074
:100E100000EB4302CDE90223E368054601A8CDE9D2
:100E2000043619F0CEFD9DF8043053B919F0A2FD37
:100E30004FF4FA63B0FBF3F202FB130015FA80F0F3
:100E400002900299E36861603A68E06919F0BFFDB9
:100E50006168E069FDF742FE62680D9B1A6007B0A9
:100E6000F0BD00BF2C2200200138C0B203289ABF79
:100E7000014B185C002070472F950300431E012B87
:100E800005D9022902D8024B585C704700207047F0
:100E90002C950300431E042B054A07D8052808BFDC
:100EA00003200621431E01FB0320704710467047B4
:100EB00058950300014B53F8200070473495030008
:100EC00010B560B10022074CD3B2013354F823109F
:100ED0001346814202F10102F6D2D8B210BD0120C0
:100EE000FCE700BF34950300024BDB6993F87F00F9
:100EF000704700BF280B0020024BDB6983F87F009E
:100F0000704700BF280B002070B51646028B0446C0
:100F10008A420D461DD2438B23B90EB1D5B235702E
:100F2000206970BD0C4B0169184618F098FC034607
:100F3000208B61692D1A1844638B9D42A8BF1D4602
:100F4000EAB218F08CFC16B1238B1D4435700248B0
:100F500070BD002EE3D1E3E7852D0020034B5B6AD3
:100F600013F0060F0CBFE220F12070473C20002058
:100F700008B5FDF7F5FE054B834206D1F8F79EFB59
:100F8000BDE80840002000F01BBB08BD3C2000204D
:100F900070B51E4C1E4800F013FB94F85C3094F8BA
:100FA0005D200021C8201AF050FB014604F15400D6
:100FB00019F0A1FD04F154001DF095FF0022114627
:100FC000104619F02AFD6668F8F768FC0246FFF73C
:100FD000C5FFB61AB6F5FA6F05460BDCFDF75CFDEA
:100FE000627DA0F5E17128461DF0E2FFBDE870408A
:100FF000F8F742BB6668FDF74FFD3146A0F5E17298
:10100000637D28461DF09AFFF0E700BF3C200020DA
:101010008D13010038B5F8F751FBFDF743FD40F2A1
:10102000EE2398420E4C0EDDFFF798FF0546FDF7C4
:1010300033FD627DA0F5E17128461DF0B9FFBDE8E2
:101040003840F8F719BBF8F729FCE36B62689B1A84
:101050000344E3630020BDE838401BF050BB00BFF1
:101060003C200020F7B5104C064694F84D500F4632
:101070002DB10020013D84F84D5003B0F0BD0B4B65
:1010800002201B685978F8F777F894F848303A4608
:10109000CDE9005331460323206B1BF061FB206B2D
:1010A00000F0ECFD0120E8E73C2000208022002039
:1010B000094A02F1240353E8003F43F0080302F118
:1010C000240040E800310029F3D1044B01201B68C3
:1010D0005978F8F767B800BF3C2000208022002034
:1010E00070B50A4C636A5B070DD58B790C33CD184C
:1010F00050B9E879CE5829891DF079FF0644A663D6
:101100006B7984F84C3070BD0120F3E73C2000205F
:101110002DE9F04F16468DB0021E069108BF002142
:101120001F46964B0592DD6A5B6AAC7938460C34F3
:101130002A5DC3F3801B61F345122A55314603F043
:101140004002039219F0D8F905EB04080790285DD6
:1011500008F108094946C00919F0CEF9039B8246F7
:10116000002B44D1002844D119F0C4F980F00103C8
:10117000DBB25A463146384603F001031DF05FFFEB
:101180000490002800F08A80039B002B33D1BAF131
:10119000000F75D1079B002B72D019F09AF9002827
:1011A0006ED001220AA90DF1270019F0A9F9002833
:1011B00074D09DF827302A5D591E4B424B41B3EB4A
:1011C000D21F6BD1062248460AA918F016FB002848
:1011D00064D13368C8F80830B388A9F804302B5DAF
:1011E00067F3C7132B554FF0000AD34619E00123CC
:1011F000BFE7039BBDE7614B5B6A13F4007A1CD128
:1012000015F804B0CBF3801B504619F07EF9336813
:10121000C8F80830B388A9F804302B5D67F3C7130A
:101220002B55059B554E002B3ED196F8B130002B27
:101230003AD0013B86F8B13030E019F047F9002888
:1012400006DA15F804B04FF0000ACBF3801BDBE799
:1012500000221146104619F04BF915F804B08246E9
:10126000CBF3801B0028CFD0002302211A4608EBC5
:1012700001001BF04DFA2B5D60F386132B55C3E77D
:101280007A1E57422B5D5741B7EBD31F06D106227A
:101290003146484618F0B1FA0028A4D00023049340
:1012A00004980DB0BDE8F08FF8F7F8FAF36A00F192
:1012B00096019A7908F10E0013441A6B059B00936E
:1012C0009DF858301DF0F9FB2D4B059A07461B6819
:1012D000A2B959780220F7F74FFFF06A00F0CEFC70
:1012E000F36A9A7913441F63FDF73AFD254B836136
:1012F000069BBBB9736A23F4806316E0D97900209A
:10130000F7F73AFFF06A00F0B9FCF36A1E489A79E1
:1013100013441F6300F054F9069BC3B9736A23F4A6
:10132000806317E0736A43F480637362039B9BB12D
:10133000BAF1000FB4D0002359461A4608F1020052
:101340001BF0E6F92B5D60F386132B55A8E7736A53
:1013500043F480637362EBE72B5D0022C3F3C01399
:1013600049460AA88DF8283019F0CAF82B5D9DF877
:10137000282062F3C7132B55DAE700BF3C2000207A
:101380008022002025D70000591501002DE9F04FDB
:10139000532885B01FD005D8512800F0CE8005B065
:1013A000BDE8F08FA0F15503012BF8D855384FF068
:1013B000010118BF0120FAF72FFFF8F76FFA644A0E
:1013C000D36B51685B1A03440020D36305B0BDE8BA
:1013D000F04F1BF094B9002503A84FF0FF3103959F
:1013E000F8F7BCFB03985A4E58B1FBF703F80828EE
:1013F000804603D8574B1F5C380709D403A818F060
:101400003DFD736A13F0060F15D0FFF703FE12E0DF
:10141000B8F1070F16D1726A12F48012EED130467D
:101420000399FBF799FD0028EBD0FBF75DFC10B1A9
:101430000120FAF759FE0121084605B0BDE8F04F3A
:10144000FAF7EABE039CFDF72DFB736A814613F0A1
:10145000040343D017F0020340D0A0F56E73002BB5
:101460000DDD0120A2790C322244917A0090C1F363
:1014700080130C32C1F34011FFF74AFE05462046A7
:10148000F8F79CFB21460120FFF72AFE736AD90773
:101490002ED503F0800A94F806B019F02BF80BF162
:1014A0000C0BA34480F001039BF80A00BAF1000280
:1014B00018BF0122DBB20BF10C01C0F380101DF04C
:1014C000BEFD68B155BB736A20469A073AD5FB0743
:1014D00012D47B0739D5FAF7F1FE92E71D46CEE725
:1014E000BAF1000F04D1514619F00CF80028E9D0E8
:1014F0002046F7F7EDF81CE01CF06EF970B1A9F288
:101500001659B9F1000F09DDA0790C302044817A19
:101510000C30C1F38011FFF7A5FD0546B8F1040FAB
:1015200002D1736A9907E3D57A07E1D52046FAF725
:10153000C5FE002D7FF47FAF63E705B0BDE8F04F37
:10154000FFF7B6BDB8F1040FC3D1F7F7C1F858E7FC
:101550003C200020AB950300512808B50BD108486A
:1015600000F02EF80122074B104693F94C10BDE80D
:101570000840FBF71DB9BDE80840FFF707BF00BFF3
:101580008D1301003C2000200022024BC3E9002201
:10159000704700BF7422002010B5074C24220021A0
:1015A000204618F054F906232384044BE36100F02D
:1015B0003BFB9430206010BD502200201DED020046
:1015C00010B5044627F0BDF90022044B5C60044BC3
:1015D000BDE81040DA6127F0AFB900BF74220020E7
:1015E00050220020024B03EB80035960704700BF7C
:1015F00050220020034B03EB80035868003818BFCB
:10160000012070475022002010B5044627F099F9B8
:101610000022044BDC61044BBDE810405A6027F007
:101620008BB900BF502200207422002070B5C6B2D2
:10163000212E0446144D10D1F7F7CCFD230CC4F332
:10164000074405EB84042B846368EB61EB69CBB141
:1016500030462968BDE870401847222EF6D127F0A1
:1016600079F9EB69044633B10020FFF7CDFFFF2382
:101670002B84F8F7A7F800F021FA2046BDE8704067
:1016800027F063B970BD00BF5022002038B5104B61
:1016900004461A7812B100221A7038BDC5B2FDF79F
:1016A0005FFB68B1C38AB3EB144F0BD1312D02D16C
:1016B000012019F03DFA2846BDE83840FDF728BB67
:1016C000FF23F0E72846BDE838401DF00ABB00BF05
:1016D0007422002038B5A0F121030E2B04461AD83D
:1016E000FDF73EFBA8B3C08AFF2832D0212C4FEA79
:1016F000004508D1002019F01BFA45F02100BDE893
:10170000384000F057BA222C44EA0500F7D1BDE872
:1017100038401DF0F9BAA0F131031E2B0ED8114B41
:10172000188C44EA004000F059FA312C11D1002005
:10173000FFF76AFFBDE8384019F088B9A0F111033E
:101740000E2B06D8132C40F4C02003D006D9142C3D
:10175000D5D038BD0122044B1A70D0E7BDE838401F
:1017600000F03CBA50220020742200200B4A10B531
:10177000D36904461BB11168BDE810401847084BF7
:101780005B6813B1BDE810401847FDF7E9FA014660
:1017900018B183690BB12046EEE710BD502200203E
:1017A00074220020024B186908B10CF039BE704752
:1017B000480B00200C4B73B51C6804B10C34002599
:1017C0000A4B68461E68356000F032FA009B2046DE
:1017D0007360F7F799FC28461DF0E1F9024802B062
:1017E000BDE8704018F04ABB7C220020C4220020D3
:1017F000002310B5424A02F1100151E8001F02F126
:10180000100C4CE80034002CF5D140EA0104A00291
:1018100001D5FDF7BBF9210101D5F7F795FFE203EB
:1018200001D500F081F9002C01DAF9F74BFD6300D6
:1018300001D5FAF78DFEE00007D5FDF727FE20B9A8
:101840004FF080512F481DF002FA610107D51DF0BD
:1018500005F820B94FF080612A481DF0F8F9A2017F
:1018600005D519F0F0FEFFF777F819F0DAF9E30182
:1018700008D5FCF7AFFA072804D14FF08071214852
:101880001DF0E5F9600201D5F8F742FC210201D50F
:1018900019F0A6F8E20207D51CF00BFB20B94FF4B3
:1018A000801118481DF0D3F9A30507D500F01EFCE0
:1018B00020B94FF4007113481DF0C9F9E00507D5B0
:1018C000FEF7AAFF20B94FF480710E481DF0BFF952
:1018D000610503D519F02DF919F02CF9220501D570
:1018E0001AF099FBA30309D519F028F930B9BDE81E
:1018F00010404FF4003103481DF0A9B910BD00BFDE
:10190000480B0020580B0020014601481DF09FB9EC
:10191000480B0020C043044A52E8003F034042E81D
:1019200000310029F8D17047480B0020014B1B689B
:1019300018407047480B002010B5044BD3E906420D
:1019400004430A43C3E9064210BD00BF480B002010
:1019500038B50546354CFDF7AFF80021202220466A
:1019600017F075FF4CF20C000021FFF7E5FFC5B141
:10197000AB684FF6FF720020698B2360FEF728FCEE
:10198000022018F04EFC2A4B186000284BD02B4642
:101990000C3005F1200253F8041B934240F8041B5D
:1019A000F9D1244B2448A36000232373F6F7C6FE25
:1019B000F9F76AFB2846F8F72BF8044670BBF7F7EF
:1019C00071FB20B14FF480700021FFF7B5FFF7F7EE
:1019D0006FFB20B14FF400600021FFF7ADFF2DB188
:1019E000B5F91210B5F91000F8F702FB19F03EFE38
:1019F00000F0F6FAFAF720FA044678B9F9F74AFC4B
:101A000000F040F800F000F9FFF7BEFD00F074F8B8
:101A100030B900F077F804461DF096F9204638BD3D
:101A2000FFF7C8FEF8E70124F8E700BF480B0020E5
:101A30007C220020A51701004C0B0020014BD3E9AC
:101A400006017047480B0020054B9B69DA054CBF27
:101A5000032001201B0548BF40F00400704700BF71
:101A6000480B0020014B1860704700BF8022002007
:101A70002022034BC3E900229A6000221A767047A5
:101A8000A822002038B50025094C0A4B1C22294603
:101A90002046C3E9005517F0DAFEFFF7E9FF3023CF
:101AA0000122C4E903336361034B65761A7038BDC4
:101AB000A822002084220020FF32002008B526F052
:101AC00049FFFFF7D5FF3023084A0949D360136166
:101AD0005361CB600B614B610023537601224B763F
:101AE000044B1A70BDE8084026F02FBF8C2200205E
:101AF000A8220020FF320020014B1878704700BF59
:101B0000C82D002010B5044C23781BB91DF0FEF839
:101B100001232370002010BDC82D0020014B186840
:101B2000704700BF842200202DE9F04126F012FF0B
:101B30001C4F80463B7843B94FF480300CF070FC6A
:101B40004046BDE8F04126F000BF174E174C354621
:101B50000FCD0FC495E80700002584E80700FFF7C4
:101B600087FF30234046C6E90333736175763D70C5
:101B700026F0EBFE0E4E103CE068302804D073686F
:101B8000C6E90030FFF782FD54F8040B202801D08D
:101B9000FFF74CFD0135EDB2032DEDD101233B7074
:101BA000BDE8F081FF320020A82200208C22002016
:101BB0008422002010B5044626F0CCFE064A137E8F
:101BC00042F823400133137626F0BFFEBDE81040F3
:101BD0004FF480300CF024BCA822002010B504463D
:101BE00026F0B8FE074A537E02EB83010133CC6036
:101BF000537626F0AAFEBDE810404FF480300CF07A
:101C00000FBC00BFA8220020F4220021014817F0D9
:101C10001EBE00BFC8220020014B024A1A60704756
:101C2000C42200205C23002000487047C822002006
:101C3000024A02604FF4007242607047BC230020E9
:101C4000014B186E80B2704700C001B80A4BD868CB
:101C500000F07060B0F1106F0CD008D8B0F1E06FF8
:101C600008D0B0F1006F14BF002001207047B0F120
:101C7000406FF8E701207047000002B838B504460D
:101C800080790C4D0C30204418F0C9FE0123A17955
:101C9000E279521A0C3121442869D2B224F0DDFDD8
:101CA000246804B938BDA179E2790023521A0C31B5
:101CB000F1E700BF280B00202DE9F04105468079AF
:101CC0000C460C30284416461F4618F0A8FEA97989
:101CD000EA79DFF85C80521A0C310123D8F8100041
:101CE000D2B2294424F0B9FD44B1E379A2799B1A18
:101CF000DBB2B34204D30CB1002F04DCBDE8F081A9
:101D00002468F61AF0E7A179E57900236D1AEDB29F
:101D1000AD1BBD42A8BF3D460C3131442144D8F82B
:101D20001000AAB224F099FD002624687F1BE2E788
:101D3000280B00202DE9F04F87B0074692469B46BE
:101D4000ADF80C1018F02EF9B0F1000945DD26F0C1
:101D500001FE0290002F43D03C464FF00008294E70
:101D6000A279E57902F10C01AD1AEDB2214406EB3E
:101D700008002A4617F073FD2468A844002CEFD110
:101D80009DF80C1020484A4601F023010DF114097A
:101D900000915B46C0F808A01A49CDF8049026F0DF
:101DA000DAFFBA469AF806309AF8075003F10C00A9
:101DB000ED1AEDB2311950442A4617F050FDDAF809
:101DC00000A02C44BAF1000FECD1029826F0BDFD22
:101DD00004224946384618F022FB07B0BDE8F08FD0
:101DE0009DF80C1008484A4601F023010DF1140932
:101DF00000915B46C0F808A00249CDF8049026F097
:101E0000AAFFE2E7BC250020B83100202DE9F04709
:101E100084B0904699460390ADF8081018F0C2F8C7
:101E2000071F002F25DD039D002D40D04FF0000A35
:101E3000204EAB79EC7903F10C01E41AE4B22944A9
:101E400006EB0A00224617F00AFD2D68A244002D79
:101E5000EFD11948F119C0F8088001919DF80810D8
:101E60004B4601F0230100913A46124926F067FFE4
:101E700018B1002004B0BDE8F087039D7DB107468E
:101E8000AB79EC7903F10C00E41AE4B2F1192844BF
:101E9000224617F0E4FC2D682744002DF0D103A85A
:101EA000042118F021F9012004B0BDE8F087014EAB
:101EB000CFE700BFBC250020B831002030B5144664
:101EC0000D460246064883B0019580218360234673
:101ED000009426F04CFFB0FA80F0400903B030BD0A
:101EE000B83100200023F0B50E46D1688BB009BA96
:101EF0000291C17890F800C061F3070381781A4D10
:101F000061F30F23417802AF61F317436CF31F6352
:101F10000993936851681BBA0393836809BA1BBA83
:101F20000793136842681BBA0593C36812BA1BBAB9
:101F300006AC0491AF60089206932346802229469E
:101F40000120009426F016FF0028F6D1DDE90810E4
:101F5000DDE9063200BA09BA12BA1BBA3060716004
:101F6000B260F3600BB0F0BDB83100202DE9F84F3E
:101F7000DFF868908246D9F800B088461746BBF172
:101F8000000F28D0002699F80450B54207D13D70C3
:101F900099F80400A84214BF0120022017E0741928
:101FA0006110C1EBC10159448879C4F3470400F0C2
:101FB0000100B8EB000003D10622504617F01DFCCB
:101FC000002806DB02D0661CF6B2DEE73C70BDE8F6
:101FD000F88F2546D9E70320F9E700BFCC2600207B
:101FE0000022014B1A717047CC260020F8B5054637
:101FF00026F0B0FC104C85F3070563790646AB422A
:1020000005D10024304626F0A0FC2046F8BD00276C
:1020100020686571277110B118F048FA276063795C
:10202000002BEED0C5EBC500F6F778FD2060002848
:10203000E7D160710724E5E7CC260020024B1A683F
:1020400002601860704700BFD82600200022024BB3
:102050001A6000F00DBA00BFD82600202DE9F84321
:1020600006461BF08AFF0446002835D045784DB956
:1020700026F070FC237863701B4B1B68257063602F
:1020800026F063FC4FF00108677837B923781BB35B
:102090004FF400700CF0C4F91EE097FAA7F5B5FAFA
:1020A00085F508FA05F55FFA85F9636833B90E4BD3
:1020B00027EA050565701B686360E5E79B681BB947
:1020C00063681B686360F0E749463046984701281B
:1020D00005D163681B6863600120BDE8F8830228AE
:1020E000EED10020F9E700BFD826002070B500250A
:1020F0000D4EFDF7AFFFA84201D8012012E0306875
:10210000FDF758FD50B93468FDF7A4FF0134B4FB66
:10211000F0F303FB104401353460EAE7FFF79EFF5C
:102120000028F0D170BD00BFD426002010B50446B1
:10213000837903441B7B3A2B96BF044AFF21D15C71
:1021400017F06CFEA0790C30204410BD7095030090
:10215000F8B5174606460C461D461BF003FF02075E
:1021600013D5022130461CF089FB70B111212046A5
:102170001DF0BAFD2046FFF7D9FF45708770214654
:102180003046BDE8F840FEF747BA29200B49C5F1B3
:102190002002A5F12003E94000FA02F220FA03F33D
:1021A00011431943CB07E1D40D2120461DF09CFDBE
:1021B0002046FFF7BBFF4770E1E700BF0000408407
:1021C0002DE9F34105460C4601911BF0C5FE0307BE
:1021D00005D501A817F052FE02B0BDE8F081019FBD
:1021E000BE790C36BB5D3A2B18D8164A12F803801C
:1021F000B8F1FF0F12D0384617F0D4FE0138404531
:102200000CD1114B1E6896B921462846A379234468
:102210001A7B02B0BDE8F0411DF07ABD019817F0BD
:102220002DFE2846BA5D01991DF072FDD4E7736852
:102230000BB93668E7E72146284698470028F8D0CA
:10224000CAE700BF70950300D826002037B50446C2
:102250000D4608211BF082FE294620461BF0C7FED2
:10226000214601201DF0FBFD214600201DF0F7FD59
:10227000012000232146034A00901DF081FD03B098
:1022800030BD00BF3DFC020037B504461DF063FFC2
:10229000032120461BF0AEFE002503462146012007
:1022A000034A00951DF06CFD284603B030BD00BF09
:1022B0003D0003002DE9F74F80460F461BF052FE0C
:1022C00010F4801651D1022017F0ABFF054600280C
:1022D0004DD0BB7931460C333B44B3F80490B3F88E
:1022E00006B0B3F808A01DF0FFFC2846FFF71EFF5C
:1022F0000221044640461BF07DFEA4F80490608154
:10230000A4F806B0A4F808A018F034FB09F10109FC
:10231000B0FBF9F303FB1900022360806370AB7913
:10232000BB71EA7903F10C00FA71D21AD2B2291802
:10233000384417F094FA414601201BF004FE1022A5
:10234000C76063894146012000920A4A1DF018FDCA
:102350004FF4803140461BF007FE404629461DF0F1
:10236000C1FC304603B0BDE8F08F2320FAE7072018
:10237000F8E700BF930103002DE9F34104460D4641
:10238000014601201BF0DFFD0121074628461DF014
:10239000ABFC2846FFF7CAFE064600F1010840469E
:1023A000F8F7C8FDD6F801300221C7F8123073796A
:1023B0002046BB751BF01EFE29460746F0802046CE
:1023C0001DF090FC20232146009301203B46034A48
:1023D0001DF0D6FC002002B0BDE8F081230103000F
:1023E0007FB504460D461BF0B7FDC2073BD520461E
:1023F0001BF0B8FD430715D5002320461A460DF102
:102400000F011CF019F89DF80F30062B0AD828464A
:10241000F6F75EF9012200232046FEF74DF8002072
:1024200004B070BD0E2128461DF05EFC2846FFF763
:102430007DFE0646FFF702FBC6F80510FFF7FEFA21
:102440002946C6F8010020461DF04CFC0321204619
:102450001BF0D0FD00220346009221460120034AD2
:102460001DF08EFCDBE70821DDE700BF4100030023
:1024700010B5054C054A204605491DF0D0FD204603
:10248000BDE81040FFF7DABDDC2600201102030092
:10249000F12501002DE9F04191F806800F4686B044
:1024A00008F10C080391044601EB080601460120DF
:1024B0001BF049FD17F808300546023B0F2B00F2D0
:1024C0008E80DFE803F0088C8C8C8C638C6D8C8C98
:1024D0002D5C8C8C8C4D26F03DFA7178054620469B
:1024E0001BF085FD082120461BF038FD2146012008
:1024F0001DF0B5FC214600201DF0B1FC0123009326
:10250000002321461846374A1DF03AFC03A817F06D
:10251000B5FC284626F019FA012006B0BDE8F08186
:10252000B3882046728871781BF071FF20461BF03B
:1025300019FD830708D4204603991DF00CFE0121E4
:1025400020461DF0B9FBE7E7AA68274B9A4203D162
:10255000214601201DF053FC03A817F08FFCEEE785
:10256000836843B103AA0492B27803218DF8142042
:1025700004AA2046984703A817F080FCCCE783689C
:10258000002BF8D003AA04927278EEE78368002B40
:10259000F1D00022059203AA0492042104AAE8E7DC
:1025A000039D21460120AE791BF0CDFC0F4B8268C4
:1025B0009A4203D02846F6F78BF8ADE7AB19D3F86B
:1025C0000D202046D3F81130FDF776FF2846F6F7A8
:1025D0007FF8214601201DF012FC0221B0E7002007
:1025E0009BE700BF4B0103003D00030041000300D7
:1025F0002DE9F3410D4604461BF0AEFC10F0010F2F
:10260000AB7974D00C3315F80380EE18B8F1010FD4
:102610004AD0B8F1080F42D0B8F1000F5AD1204685
:1026200071891DF09BFBB38872889A4294BF07465C
:102630000027092B38BF09237278013B9BB29A42CD
:1026400019D8002A08BF00272046FDF7C7FA80B234
:102650001BF034FC88B14388B18800930846F388A6
:10266000328919F073FD50B92846F6F731F8012088
:1026700002B0BDE8F0814746E6E70123ECE7002F12
:10268000F2D0214600201BF05EFC1023C5600093B1
:1026900073891B4A214600201DF072FBE7E729469B
:1026A00020461DF0F0FCE2E72046F1881DF056FBC5
:1026B0000746701C18F0E8FF0028D5D0002FD3D0B3
:1026C000214600201BF03FFC2023C5600093F388C7
:1026D0000C4ADFE72946204619F0C5FE0028C6D17E
:1026E0002946204602B0BDE8F041FFF7D3BE2B4497
:1026F0001B7B0E2BD3D02946204619F0A3FEEDE715
:1027000093010300DB00030038B504460D461BF0BF
:1027100029FC42070FD420461BF024FC83070AD46F
:10272000204602211BF020FC29462046BDE8384007
:10273000034A1DF009BC2846F5F7CAFF002038BD42
:102740008922010038B504460D461BF005FC00F057
:10275000050004280CD120461BF004FC10F4C02F07
:1027600006D129462046BDE83840044A1DF0ECBB9E
:102770002846F5F7ADFF0C2038BD00BFB52201009B
:10278000014A1DF0E1BB00BF7923010070B5054689
:102790000C46014601201BF0D6FB064628461BF0DE
:1027A000E1FB010704D52046F5F792FF002070BD3C
:1027B00033685A05F7D428461BF0CEFBC30708D56B
:1027C00021462846FFF7A0FF18B917F02AFD044656
:1027D00070B156E8003F43F4806346E80032002AB7
:1027E000F7D121462846BDE87040024A1DF0ACBB37
:1027F0000720DCE7E123010073B504460E461BF019
:10280000ABFB00F00C0004284FF0020031D117F0B0
:1028100008FD054678B34379022143F00203437172
:102820001DF062FA2846FFF781FC294646702046D3
:102830001DF058FA162120461BF0D9FB082120462E
:102840001BF08CFB214601201DF009FB21460020D6
:102850001DF005FB20461DF0ACFB012120461BF0BE
:10286000C9FB0346012021460090044A1DF088FA66
:10287000002002B070BD0720FBE700BF6B00030023
:102880002DE9F04387B004460E461BF06BFB00F4C5
:10289000C060B0F5C06F06D1022017F0C2FC05463B
:1028A00010B9072053E00025214601201BF04BFB07
:1028B000814696F8068000F1120208F10C08B04437
:1028C00008F10F0308F11F0153F8040B8B4242F883
:1028D000040BF9D1032130461DF006FA3046FFF70C
:1028E00025FC0A22074608F10501013016F095FF84
:1028F0000C210DEB0100F9F7B3FA03AB03CBC7F8DA
:102900000B00C7F80F10059B07F10B02C7F8133037
:1029100005B30A2128461DF0E7F92846FFF706FC13
:10292000294620461DF0DEF940212046C9F80C60FA
:102930001BF014FB032120461BF05CFB0025034623
:10294000214601200B4A00951DF01AFA284607B0CF
:10295000BDE8F083204607F1130301211CF0B4FB0E
:10296000204631461DF0BEF92046C9F80C501CF037
:10297000C7FBDFE77B020300F0B589B00D460446D4
:102980001BF0EAFA10F00100AB7900F0A1800C33E3
:10299000EA18EB5C033B082B00F23381DFE813F00D
:1029A00009003101310182003101310131015C0046
:1029B0007C00D2F80100D2F8051003ABB2F8097020
:1029C00003C302F1130301210B3220461CF07CFBF0
:1029D000042128461DF088F92846FFF7A7FB064684
:1029E0000C2105A8F9F73CFA05AB03CB3346C6F832
:1029F0000100C6F80510079A002143F8092F204668
:102A0000721C1CF061FB214600201BF09CFA03465F
:102A100003AA478303CAC3F81200C3F8161020465E
:102A20000821FDF7F1F8802120461BF097FA204697
:102A30001CF066FB294620461DF054F90321204670
:102A40001BF0D8FA0346002021466F4A00901DF083
:102A500097F9012009B0F0BD0B2128461DF044F97B
:102A60002846FFF763FB294620461DF03BF925F079
:102A700071FF0546C02120461BF070FA4FF48051CB
:102A800020461BF071FA284625F05FFF4FF4806165
:102A900020461BF06DFADCE72846F5F719FE4FF4E7
:102AA0000071F5E7062128461DF01EF92846FFF7BC
:102AB0003DFB20461BF003FD294620461DF012F980
:102AC00020461CF042FB214600201DF098F9C0E78B
:102AD0002B441B7B043B072BBCD801A252F823F0EC
:102AE000012B0100252B0100872B0100552A010035
:102AF000552A0100552A0100552A01009D2B01008D
:102B0000204680211BF02AFAAA7920460C322A445A
:102B100002F10903002101321CF0D6FA2846F5F72C
:102B2000D7FD96E74FF48060FEF700FFB0B10027B5
:102B30004FF4006120461BF017FA2046CDE90577D7
:102B4000FDF74CF8064620461BF004FA39460346CA
:102B5000009505AAB0B21CF07DFF7AE7214601205E
:102B60001BF0F1F900F1120120461CF003FB0621D5
:102B700028461DF0B9F82846FFF7D8FA294620461E
:102B80001DF0B0F865E72846F5F7A2FD21460120C3
:102B90001DF065F920461CF0D8FA5AE725F0DAFE58
:102BA0000646802120461BF0D9F94FF4805120467B
:102BB0001BF0DAF9304625F0C8FE4FF4C06120461C
:102BC0001BF0D6F9294620461DF08CF8214601203D
:102BD0001BF0B9F9C268054682B1937901210C3323
:102BE0001A4402F1130320460B321CF06DFA204602
:102BF0001CF086FA2046E9681DF074F80023EB60AB
:102C000027E7002026E700BF7B02030010B5074C32
:102C10000749204600221DF002FA2046FFF70EFA6F
:102C2000BDE8104001200021FEF786BEE826002006
:102C30007929010038B505460C461BF08DF900F0E6
:102C40000500042806D121462846BDE83840044A3C
:102C50001DF07AB92046F5F73BFD0C2038BD00BFCA
:102C60008128010038B50C468B7905460C33194490
:102C7000E35C142B03D0152B0FD0002038BD01319D
:102C80001DF0D1FB1521284622461DF014FC2146DB
:102C900028461DF027F80120F0E7014601201BF02F
:102CA00052F90B4B82689A4203D02046F5F710FD8B
:102CB000F1E7A179284621440D311DF0B4FB2046EF
:102CC000F5F706FD294601201DF099F8E3E700BF5E
:102CD0000B05030037B504460D460A4614211DF0C6
:102CE000EAFB294620461CF0FDFF032120461BF08D
:102CF00081F930220346009221460120024A1DF04C
:102D00003FF8002003B030BD0B05030010B5074CA1
:102D100007492046074A1DF082F92046FFF78EF941
:102D2000BDE8104020200021FEF706BEF42600205A
:102D3000652C01000F05030073B51E46ADF8002099
:102D40008DF80230009B044601A801930D46114600
:102D50001DF053FB9DF80630B34203D1BDF804309B
:102D60008B4205D02846F5F7B3FC122002B070BDA7
:102D700020461BF006FA9DF80230827A9A4209D169
:102D80008288BDF800309A4204D12846F5F7A0FCAD
:102D90000020EBE7694620461BF0E5FD294620466A
:102DA000014A1DF0D1F8E1E7D52C010038B525F036
:102DB000D1FD084D0446002128461AF0EDFCF6F737
:102DC0006DFD686028461AF0DBFC2046BDE83840FF
:102DD00025F0BBBD0027002038B51D4C012808BFD9
:102DE000A3844FF0000363754FF0040394F8285058
:102DF000E382184B0CBF45F0300545F050051648EE
:102E000084F826104FF47A710CBF84F8285084F8A7
:102E10002850C4E9033384F8272018F04BFC012024
:102E2000FBF752FE28B9237D5A075CBF43F002032B
:102E30002375A1680848C1F3C84141F0F001F8F7D3
:102E400047F9064BA361237D43F00903237538BD81
:102E50000027002000CA9A3B08270020612E0100AD
:102E60000328F8B50CD004D801280DD0022852D080
:102E7000F8BD3128FCD12D4B1B685B7D012BF7D1B0
:102E8000BDE8F840FFF792BF294F284E7B7D35689B
:102E90002B75FB8C6B8200232B8297F828309906C8
:102EA00034D5A8751BF050FF386A1BF052FF346808
:102EB000E860E0681BF049FF4178A07C1BF0E7FD6B
:102EC000044617F09FFD38B1C3799A0642BF837953
:102ED00003F01F0304EBC30440F2712304F26934CE
:102EE00094FBF3F45C43B7F92400AC60F7F76AF89D
:102EF000F7F772F834687B682360FBF7CDFD6060FC
:102F00002120FEF7E7FB17F090FDB1E70220A8753E
:102F100017F09AFDEEE7064B93F82830DB06A7D5AD
:102F2000BDE8F8402220FEF7D5BB00BFC422002038
:102F300000270020044B41F20C0093F8283013F0D6
:102F4000100F08BF00207047002700202DE9F04F28
:102F500089B00F4690469DF848409DF84C900290ED
:102F6000039317F04FFD002857D0211E18BF0121F1
:102F7000C27961F34512C271920629D417F042FD5D
:102F8000054600284CD106464FF0020A012017F0F2
:102F900048F9584C2062002800F0A980837908F095
:102FA0000F020C33C118C2544F702EB1C25C42F0F4
:102FB0002002C254AB798B70514616F02FFFB8F146
:102FC000070F5BD8DFE808F0524638904C4F494372
:102FD000B9F1020F05D941F21104204609B0BDE84C
:102FE000F08FA21E122AF6D8827904F01F0402F094
:102FF000200244EA891414439DF85010159A8471F4
:1030000017F0F1FC10B140F48054E6E717F0E6FC4D
:103010000028B3D040F48054DFE7002CAED0DAE7CC
:10302000C37903F02003002B0BBF002601264FF0CD
:10303000020A4FF0030AA9E73A46AA21206A1DF0C6
:1030400093FA0446D0B12C4816F018FFC5E73A466B
:103050005521F3E73A46F021F0E73A460F21EDE734
:103060003A46FF21EAE73A460021E7E74FF0000A37
:103070004FF0FF3B236A019357450AD80120DDE951
:103080000221BDF95830FFF7A7FE0024FFF78EFE9E
:10309000A3E74646002504AC0BF48879484624F0A3
:1030A00056F94FEA19294FEAC91901356B0749EA60
:1030B000560608BF04F8016B08AB00F001009C4203
:1030C00040EA4B0BE8D1102201980DEB020117F0FA
:1030D000A6F980B2102804D10AF1100A1FFA8AFA60
:1030E000CAE741F20704AEE741F21104ABE741F24F
:1030F000070472E70027002020270020F8B51C4BAA
:103100001E689EB31B4D95F8284014F010042BD078
:103110002220FEF7DFFA25F01DFC95F8283007463F
:103120009B06348A06D54FF48030FEF7FFFB00285B
:1031300008BF002400260F48314685F828601AF0A1
:103140002BFB0D4816F09AFE2E6217F059FC05462F
:1031500017F058FC0146284617F047FC0748F8F7D7
:1031600009F8384625F0F1FB2046F8BD3446FBE768
:10317000C42200200027002020270020082700204C
:1031800010B5FCF767FF06220121064B0138DB680A
:1031900040B20333040600D510BD02FB00F4013831
:1031A0001955F7E72C270020014B187C704700BF0A
:1031B0002C27002038B5094D0446E86818B117F0EF
:1031C00075F90023EB602CB10621204617F06BF94E
:1031D000E86008B1002038BD1920FCE72C2700204A
:1031E000820800F0030030B5430003290FD8DFE860
:1031F00001F0020F1A260120591C144C00FA01F1AB
:10320000984041EA0003A15C21EA0303A35430BDC6
:1032100001200E4C00FA03F5A15C034429439840B9
:1032200021EA0003F2E70120084C00FA03F5A15C53
:1032300021EA05010344984041EA0003E6E7012042
:10324000024C00FA03F5A15C2943F3E72C27002088
:10325000F0B5164C054694E80700267C01270024AB
:1032600085B001AB03C31A80C4F3C403EA5C04F065
:10327000070307FA03F31A42E0B210D10321013425
:10328000FFF7AEFF252CEFD10A22084901A816F05E
:10329000B4FA48B105B0BDE8F040FFF771BF012EA8
:1032A00014BF00213146EAE705B0F0BD2C2700200D
:1032B00008B5FCF793FC054B00B2DB6800EB40005F
:1032C00013F81000431E5842584108BD2C27002017
:1032D000F8B50546FCF782FC144E03B2F26803EB26
:1032E00043035F0002EB4303DA78F2B19A88B5F842
:1032F000801028460A449A805B7803EB830303EB33
:103300008303DC001AF0E5FE40F271234FF47A717A
:103310004343B3FBF1F3F2689BB23A449188A4B201
:103320004B439C42BCBF0223D370F8BD2C27002026
:1033300070B50546FCF752FC074E04463146284658
:1033400000F050F838B9F26823B203EB430302EB04
:103350004303D870988070BD2C27002037B50446F1
:10336000FFF7A6FF18B320461AF0F6FDC3071ED5D7
:10337000104D2B7C012B05D16846F7F7DBFD684625
:10338000FFF766FF2046FFF7A3FF2046FCF726FC69
:10339000EB6800B200EB400003EB4003DB78022B4C
:1033A00005D1204603B0BDE83040FFF7C1BF03B0F0
:1033B00030BD00BF2C27002013B504461CF092FC42
:1033C000032120461AF016FE0222034600922146EF
:1033D0000120034A1CF0D4FC002002B010BD00BF45
:1033E0002306030070B5064600200D4616F019FFAF
:1033F0000446A8B129211CF077FC2046FEF796FE72
:103400002B682146C0F801306B68064AC0F80530C9
:103410002B89A0F809303046BDE870401CF094BDFF
:10342000072070BDB93301000022034B1A609A8057
:10343000FF229A71704700BFEB2D0020064A1379D6
:10344000834207D9012312688340134214BF01202D
:10345000002070470020704740270020054A03469F
:103460001068002208B91A607047C10748BF0132CE
:103470004008F7E740270020014B1879704700BF4C
:1034800040270020024B1B6803600020704700BFEC
:1034900040270020F0B541EA002087B040F4902793
:1034A00006200E461546F3F781F816F0FAFF04469B
:1034B00040B901461A2005F0F5FA6FF08C05284650
:1034C00007B0F0BD43684761DAB222B923F0FF03C9
:1034D00043F00103436015F0B3F90002062E1C4BC4
:1034E00040F0010060600CBF40F201114FF48071A8
:1034F00020461DF0AAF8E360164B2A46236002AB73
:103500001E4605F110071D4610685168083203C5B4
:10351000BA422B46F7D11021304623F0D8FF1022B3
:103520003146204601AB15F0DEFC054620B10146D0
:1035300040F2074005F0B6FA1021304623F0D5FFDF
:10354000204615F064FF204616F0B0FFB7E700BF35
:103550000044400400248000102A2DE9FF4706465D
:103560000F46154623D800244FF00109DFF84480A8
:10357000DFF844A0D8F8002009FA04F3134213D06E
:1035800046EA042040EA0A006A46E9B280B20AF03C
:10359000D9FF48B92A463946684616F02EF918B9B7
:1035A00060B204B0BDE8F0870134202CE2D14FF0C6
:1035B000FF30F6E7402700200080FFFF2DE9F341B0
:1035C0001D4E054601460622304616F016F920B972
:1035D00096F9060002B0BDE8F0810024A046EF1C79
:1035E0002046FFF72BFFD8B13B88CDF80080ADF81F
:1035F0000330BB786946E0B28DF8053021F064F8FD
:1036000021280DD0A8B903222946684616F0F5F8FE
:1036100030B92B6860B23360AB88B071B380D9E742
:103620000134202CDCD12B683360AB88B380FF23BE
:10363000B3714FF0FF30CDE7EB2D0020034B93F932
:103640000630013301D1FFF7EFBE7047EB2D0020AC
:10365000F7B5044622F0EEFE631C58D1FFF7E4FEF6
:103660000024624E3379A3422CD84FF40041002449
:1036700008460AF0C7FF20224FF0FF315C48346053
:1036800016F0E5F8204601F037F8FF260446594DBC
:103690005CBB594815F037FB014630B110F1880F7B
:1036A00003D040F2074005F0FDF90C214F4A43F6E4
:1036B000FF700AF02BFF202138204D4A0AF026FF28
:1036C00000202AE02046FFF7B9FE60B165B205216F
:1036D00028461CF0BCFF032128461CF0B8FF062139
:1036E00028461CF0B4FF0134BCE794F9753001336F
:1036F00005D02B7843B9132120461DF07DFF2046CD
:1037000000F0FAFF0446C3E784F87560F7E7204647
:10371000FFF794FE18B940F2064003B0F0BD6B46C7
:103720000622002120461CF0E8FF002845D049234E
:103730008DF806304FF47F41304840EA04200840BD
:103740000AF060FF052120461CF081FF032120467E
:103750001CF07DFF062120461CF079FF0122234941
:10376000E3B29A400B6823EA02030B60244B93F9FF
:103770000630A34201D1FFF757FE002005460B7922
:103780001B4A013BC1B2994221DBFF260020D654DF
:1037900000F0B2FF0546174F002D86D095F9753021
:1037A000A34205D13B78EBB9132128461DF024FF35
:1037B000284600F0A1FF0546EEE76B4606220121F0
:1037C00020461CF09AFF0028B4D07223B0E756566A
:1037D000A64200D025B1551895F901505554012540
:1037E0000130CFE785F87560E2E700BF4027002091
:1037F000CB2D0020C92D0020370004000080FFFFE2
:10380000EB2D0020202828BF2020012838BF0120D0
:103810000322F8B54300B3FBF2F30D4D0D4A0F46FA
:1038200013702B790446834206460DD82C716F71B4
:103830000C21BDE8F84043F6FF70054A0AF066BE69
:1038400070B2FFF705FF01362B79B342F8DCEDE7E4
:1038500040270020CA2D00202DE9FF41354C0646A7
:1038600001A8FFF7FBFD2379019A93421ED86279E4
:10387000012A40D100274FF0FF383D4610E0236871
:10388000EB40D9070BD5082202AB114668B21CF0F9
:1038900034FF20B1039B43453CBF2F46984601357A
:1038A00023799D42EBD378B2FFF7D2FE236813F061
:1038B000010529D0002501220135202D18D002FA5A
:1038C00005F71F42F8D13B432360A3680C21013365
:1038D00043F6FF70174A7361A3600AF017FEA8B1A0
:1038E000236823EA07032360A368013BA360736195
:1038F0004FF0FF3519E0022AFAD10F4A134413F9A9
:10390000010D421CFBD0CFE70127DCE722790A4CEE
:10391000013A2146D2B2601C15F07FFF6DB22246FB
:103920002021382025700AF0F1FD284604B0BDE8BA
:10393000F08100BF40270020CB2D00202DE9F0436F
:10394000002489B0AF4D04213F2001AA2C700AF059
:10395000F9FD00B10194019F002F4FD00026781E81
:103960004742474100242C70A74D0C212A4643F6BC
:10397000FF700AF0E7FDC0B10D23AB80019B2C6006
:10398000032BAC6011D803AC2246142143F6FF7020
:103990000AF0D8FD48B994E8070085E807002A46F0
:1039A0000C2143F6FF700AF0B1FD019B042B06D0F9
:1039B00004213F200DEB010201910AF0A7FD202117
:1039C0003820924A0AF0BEFD28B120224FF0FF3184
:1039D0008E4815F03CFF03222B795B00B3FBF2F31A
:1039E0008B4A1370FFF720FDF4F792F8014618B1E7
:1039F00040F2074005F056F8002413E00126374650
:103A0000B0E72B68E340D9070BD508224FFA84F8BA
:103A10001146404603AB1CF070FE10B94046FFF75C
:103A200017FE01342B799C42EBD38EB11021372045
:103A300003AA0AF087FD002852D10620F2F7B6FD4E
:103A400016F02FFD044680B901461A2005F02AF829
:103A50003FB13D200AF092FD00242B799C42C0F03A
:103A6000AB80002009B0BDE8F0836A4A4368426138
:103A7000DAB222B923F0FF0343F00103436014F0EC
:103A8000DFFE0002644B40F0010040F20111606073
:103A900020461CF0DAFDE360604B1021236003A890
:103AA00023F015FD102202AB03A9204615F01BFAE6
:103AB0000646102103A823F018FD204615F0A7FCA8
:103AC000204616F0F3FC37200AF058FD46B140F2CC
:103AD0000740314604F0E6FF4FF0FF30FFF7B8FD36
:103AE000002623E03046FFF7A9FCF0B174B21022A3
:103AF0000321204603AB1CF000FE1028814620D194
:103B00000321204603AAFFF7C5FC8046494603A8C7
:103B100023F0EBFCB8F1000F0CD040F20740414617
:103B200004F0C0FF2046FFF793FD01362B799E423B
:103B3000D8D38DE748F2030040EA062080B20AF0AD
:103B40001DFD10220521204603AB1CF0D6FD1028D8
:103B5000814613D10521204603AAFFF79BFC80462E
:103B6000494603A823F0C1FCB8F1000FD5D148F2B3
:103B7000050040EA062080B20AF000FD102206216E
:103B8000204603AB1CF0B9FD10288146CDD106219B
:103B9000204603AAFFF77EFC8046494603A823F08F
:103BA000A4FCB8F1000FB8D148F2060040EA0620A4
:103BB00080B20AF0E3FCB8E72046FFF73FFCF0B123
:103BC00066B204220C21304602AB1CF096FD04289C
:103BD0000AD1029B0122C3F300238DF80C300C2183
:103BE000304603AB1CF048FD00231022CDE903331F
:103BF000CDE905330D21304603AB1CF03DFD01340A
:103C00002BE700BFC92D002040270020CB2D00202E
:103C1000CA2D002037000400004440040024800026
:103C2000F8B5104B044618790F4B00221D46D1B24F
:103C3000884204D913F9017B561CA74204D10B4BCF
:103C40001B788B4202D9F8BD3246F0E70649481C82
:103C500015F0E3FD2C702021BDE8F8403820024A21
:103C60000AF054BC40270020CB2D0020CA2D002094
:103C700038B50A4B1C680388073CA4B29C4228BF95
:103C80001C46204601F04AFF051E054818BF0024C7
:103C900023F054FB8580C48038BD00BF84280020F9
:103CA0002004090010B5007820F026FA04460248E6
:103CB00023F044FB848010BD2002090130B5044686
:103CC000457887B02A46811C01A815F0C8FD01A9D6
:103CD0002078059520F01AFA0446034823F02EFBBD
:103CE000848007B030BD00BF2002090210B5D0F8B3
:103CF0000110007820F01EFA0446024823F01EFB53
:103D0000848010BD2002091010B5D0F80110007891
:103D100020F01CFA0446024823F010FB848010BDFA
:103D20002002090330B50446457987B02A46811D33
:103D300001A815F094FDD4F8011001AA207805958A
:103D400020F010FA0446034823F0F8FA848007B004
:103D500030BD00BF20020904002310B5B0F80110E7
:103D60001A46007820F022FA0446024823F0E6FAC8
:103D7000848010BD2002090710B5B0F80110B0F81A
:103D80000530B0F80320007820F010FA044602480D
:103D900023F0D4FA848010BD2002091270B5447952
:103DA00086B00578D0F801602246811D01A815F083
:103DB00056FD314601AA2846059420F007FA04462C
:103DC000024823F0BBFA848006B070BD20020908C7
:103DD0000146B0F8012010B511F8030BD2B220F063
:103DE0000BFA0446024823F0A9FA848010BD00BFF4
:103DF000200209170146B0F8012010B511F8030B95
:103E0000D2B220F007FA0446024823F097FA8480E1
:103E100010BD00BF2002091810B5B0F80110B0F8AD
:103E20000330421D007820F003FA0446024823F0D4
:103E300085FA848010BD00BF2002091930B585B015
:103E40000DF10E030093B0F80330B0F80110421DDD
:103E5000007820F0FDF904460448BDF80E5023F028
:103E60006DFA8480C58005B030BD00BF2004091AFA
:103E700030B587B00DF116030293B0F8053001227A
:103E80000193C31D0093B0F80330B0F8011000781F
:103E900020F0FAF904460448BDF8165023F04EFA13
:103EA0008480C58007B030BD2004091B10B541785F
:103EB000007820F003FA0446024823F03FFA848099
:103EC00010BD00BF2002090C10B5B0F80110C27877
:103ED000007820F025FA0446024823F02FFA848067
:103EE00010BD00BF2002090510B5B0F801104FF653
:103EF000FF72007820F04CF90446024823F01EFAC5
:103F0000848010BD2002090610B5B0F80110B0F889
:103F100003208A4208D3007820F03AF90446034887
:103F200023F00CFA848010BD2124F8E72002091444
:103F300010B5B0F80110007820F0D6F90446024818
:103F400023F0FCF9848010BD2002090E10B5B0F8F2
:103F50000110B0F80330421D007820F0D1F904467A
:103F6000024823F0EBF9848010BD00BF2002091D38
:103F700010B5007820F0AEF90446024823F0DEF9CF
:103F8000848010BD2002090D30B587B00DF11603F5
:103F90000293B0F8053002220193C31D0093B0F8DC
:103FA0000330B0F80110007820F06EF904460448A0
:103FB000BDF8165023F0C2F98480C58007B030BD2B
:103FC0002004091C37B500780DF106011CF092FDA4
:103FD000044610B10023ADF806300448BDF8065081
:103FE00023F0ACF98480C58003B030BD20040915EE
:103FF00020F00040A0F20540F8B5032817D8DFE80C
:1040000000F0021728330C790F78A4F11B025342F9
:1040100053414E88CD8801F108021948990015F0E6
:10402000E2FD20B10771A0F80560C4710581F8BDFB
:104030000E784D888C8801F108021248002115F095
:10404000D2FD0028F3D00671A0F80550A0F8074073
:10405000EDE70D480D784C6815F08DFD0028E6D091
:104060000571A0F80540E2E707480C7815F083FDDC
:104070000028DCD007234371002304718371D6E745
:10408000CC950300C8950300C495030037B50D4BCC
:1040900041881C6801AA0DF1020300881EF03FFD53
:1040A000043CBDF80230A4B2A34288BFADF8024080
:1040B0000546019ABDF80210034823F046F98580B1
:1040C00003B030BD8428002020840A161FB50024C8
:1040D00001882046CDE90044CDE902441EF07EF877
:1040E0004FF6FF7398420AD0694602F081F9014603
:1040F0006A46054823F029F9848004B010BD2146A2
:1041000041F20114F4E700BF20030A0100232DE966
:10411000F04788B08DF81630ADF81830ADF81A3089
:104120008DF81730ADF81C30ADF81E300DF11E03C0
:104130000088029307AB01930DF11703009306AAC1
:104140000DF11A030DF1160102F05EFA04460E4855
:104150009DF816A0BDF81890BDF81A809DF817704C
:10416000BDF81C60BDF81E5023F0E8F8848080F88C
:1041700006A0A0F80790A0F80980C7728681C581C3
:1041800008B0BDE8F08700BF200C0A0537B50288EB
:1041900081780DF1060303301DF059FF04460448F1
:1041A000BDF8065023F0CAF88480C58003B030BD46
:1041B00020040A067FB5014602460DF10E0331F8D0
:1041C000030B0093927803AB1EF0FEFF04460648F3
:1041D000BDF80C60BDF80E5023F0B0F88480C680A6
:1041E000058104B070BD00BF20060A09002110B58A
:1041F000821D83880446084616F03EF9024648B1FF
:10420000618820881EF0B7FC0446034823F096F826
:10421000848010BD1A24F8E720020A170023F0B5A5
:10422000044685B0ADF80E30B0F80150C7788688E6
:1042300014F8060B1DF0A7FB90B10DF10E032246FA
:10424000CDE90073294633461EF0ABFE044605480F
:10425000BDF80E5023F072F88480C58005B0F0BD23
:104260002524F4E720040A1837B5B0F80140C578D2
:1042700000781DF088FB68B1002321462A46CDE96D
:1042800000331EF0C7FE0446034823F057F884802D
:1042900003B030BD2524F7E720020A042DE9F341DD
:1042A0000446B0F80150C6788788B0F8068014F844
:1042B000080B1DF068FB70B1CDE900483B46324663
:1042C00029461EF0A7FE0446044823F037F88480F0
:1042D00002B0BDE8F0812524F6E700BF20020A1CE9
:1042E000002313B50193D0F8033000F109020093C5
:1042F000B0F80730B0F8011000781CF063FA0446FB
:10430000024823F01BF8848002B010BD20020A1D71
:10431000802313B50193D0F8033000F10902009314
:10432000B0F80730B0F8011000781CF04BFA0446E2
:10433000024823F003F8848002B010BD20020A1E58
:10434000002313B5CDE90033421DB0F80330B0F8B7
:10435000011000781CF036FA0446034822F0EEFF04
:10436000848002B010BD00BF20020A190023802201
:1043700013B5CDE90032421DB0F80330B0F801109A
:1043800000781CF01FFA0446024822F0D7FF848010
:1043900002B010BD20020A1A08B50146034631F8E2
:1043A000040B5A881EF0A0FD034822F0C7FF00232B
:1043B0000371437108BD00BF20020A1B002337B5FB
:1043C000B0F801400078ADF806301DF0DCFA70B1AD
:1043D00021460DF106021EF0CAFD04460548BDF84F
:1043E000065022F0ABFF8480C58003B030BD252489
:1043F000F4E700BF20040A1238B500781DF0C3FAB4
:10440000044648B11DF0F6FA00250446034822F0A0
:1044100095FF8580847138BD2525F7E720030A15AF
:1044200010B50168406889B2C0B21EF0B6FE0446FD
:10443000024822F083FF848010BD00BF20020A08DA
:1044400010B50446012001F097FC236840EA0301FF
:1044500089B200201EF0A1FE0446024822F06EFF41
:10446000848010BD20020A0C10B50446012001F022
:1044700083FC236820EA030189B200201EF08DFE30
:104480000446024822F05AFF848010BD20020A0D23
:1044900010B5012001F070FC0446044822F04EFFE4
:1044A0000023C0F806400371437110BD20060A0EB8
:1044B00038B50A4B1C680388073CA4B29C4228BF4D
:1044C0001C46204601F02AFB051E054818BF0024A3
:1044D00022F034FF8580C48038BD00BF84280020CE
:1044E00020040A0A37B500780DF106011CF002FB22
:1044F000044610B10023ADF806300448BDF806505C
:1045000022F01CFF8480C58003B030BD20040A0B5C
:1045100040F2055320F0004098422DE9F0410BD8BD
:1045200040F20153984209D840F2014398420DD01D
:1045300040F20A43984214D0BDE8F081A0F2035043
:10454000022816D8DFE800F024495C000D784C887A
:104550002D4815F010FB0028EED00571A0F805409D
:10456000EAE72A480C7815F006FB0028E4D004712D
:10457000E2E727480F784E880D79CC8815F0FBFAD2
:104580000028D9D00771A0F80560C5710481D3E770
:104590008C684E880D790F7884B1B1F8068001F1EE
:1045A00008021C48002115F01EFB0028C4D007712A
:1045B000A0F80560C571A0F80880BDE72346224633
:1045C0002146144815F0E8FA0028B5D00771A0F884
:1045D0000560C57104724472AEE70F4891F800801F
:1045E0004F880E79CD880C8915F0C5FA0028A3D024
:1045F00080F80480A0F80570C671058144819BE7AE
:104600000D784C680548A4E7B4960300A096030013
:10461000B0960300AC960300A8960300A49603008E
:1046200070B504460D461B4A13686BB393F87D10B2
:10463000586811F0040129D110608C22184693F8B3
:10464000706015F004F9034680F870602268C0F8C5
:104650005A20A288A0F85E20A27980F860202868FD
:10466000D864AA79A98883F85220FF2283F875209C
:1046700083F8762040F6FF72A3F86E20064AA3F86E
:104680005010116813605960184670BD1A1D03461A
:10469000CBE700BF502700204C270020054A0346E7
:1046A000106800B97047B0F86E209A42FAD040689E
:1046B000F7E700BF4C270020054A0346106800B901
:1046C000704790F870209A42FAD04068F7E700BF30
:1046D0004C27002038B50546064B1C680CB920460F
:1046E00038BD294604F14C0000F088FF0028F6D1BF
:1046F0006468F3E74C27002010B9024B1868704734
:10470000406870474C2700200023114A2DE9F041F2
:104710008C211360804602460120F4F759F90446C3
:1047200020B905460B4E3060454502D32046BDE812
:10473000F0810120F4F7B2F907468C2200210135FF
:1047400015F085F887F8705037603E1DECE700BF24
:104750004C27002050270020012310B58B4090F8F3
:104760007110044621EA030149B280F87110002952
:1047700049D121F036FE20461FF0D1FF102104F16F
:10478000180022F0B2FE204603F038FE04F1380093
:1047900015F074FB20461FF0EDFE214A13681BB193
:1047A0009C42596830D11160A36859050BD51A0590
:1047B00009D443F40063A18994F87000A36004F164
:1047C000780209F023F900232046636022F052FEAC
:1047D0001CF020F84FF48072B2FBF0F2424394F8E0
:1047E00070300344B3FBF2F102FB1133DBB2591E0C
:1047F000C9B2FD29F5D884F8703000236360094BF5
:104800001A6852B91C6010BD1A465B68002BCBD0E9
:104810009C42F9D163685360C6E7131D5268F0E704
:104820004C2700205027002090F8743003F00B0331
:10483000013BDBB20A2B9ABF014AD05C00207047D3
:10484000709703001FB5014690F870308DF8043062
:10485000FFF7EAFFB1F862308DF80C00ADF80630D2
:10486000B1F8643001AAADF80A30B1F866300548F5
:1048700040F20311ADF8083022F010FE05B05DF8EB
:1048800004FB00BFCC27002007B590F870308DF8EE
:10489000051001AA40F2072103488DF8043022F0E8
:1048A000FDFD03B05DF804FBCC27002038B50A4BB2
:1048B00004461B680D462BB143699B0702D51CF0CB
:1048C000E9FF30B12A4620680421BDE838401FF0D6
:1048D000C3BDA3699D6138BD54270020014B1860FA
:1048E000704700BF54270020024B1868003818BFDB
:1048F000012070475427002013B50446019120B9C8
:1049000001A815F0BBFA212012E008460029FAD0D0
:1049100015F048FB80B20028F2D0094B20461B68F6
:1049200001994BB1984728B92046019902F05CFCE7
:1049300002B010BD0020FBE703F098F8F3E700BFDA
:1049400054270020436A70B55904044616D4154A0A
:1049500003F4004392F82420012A10D1826A9204C1
:104960000DD4002B00F101010CBF532014201CF0CA
:10497000E7FE18B9636A43F00803636270BD002B59
:10498000FCD1094D661C2946304600F037FE002850
:10499000F4D12B68C4F80130AB88A4F80530AB79AA
:1049A000E371E7E7D0270020DB2700202DE9F04165
:1049B0001E4E3071C0B3334600224821F0F7FCFE92
:1049C00038B905464FF0480807463379AB4202DC58
:1049D0000020BDE8F0813468002108FB0544142262
:1049E000A76104F1340014F032FFA0224FF4A07349
:1049F000C4E90723072304F1100084F83130E7737A
:104A0000E77115F03BFA04F1140015F037FA20466F
:104A10001CF07BF840F20113E3857F23A76284F842
:104A2000323067620135D0E73060D1E75827002087
:104A3000084A03461179814209D9106840B103EB55
:104A4000C30300EBC300406A00F001007047002080
:104A5000704700BF5827002038B504460D46FFF7C1
:104A6000E7FF034640B10020044B04EBC4041B687D
:104A700003EBC4032B6038BD2120FBE7582700203F
:104A80002DE9F04F0446344A93B0106851680FABDB
:104A900003C3906812AA1860E37B94F82E7002EBAF
:104AA000430333F80C1C636A94F82F60DA0444D48F
:104AB0000126374641F0100194F80E80C3F34049B7
:104AC0005B0348BF49F002098BB288F00808012F48
:104AD00094F800A094F831500B9304F1080BD4E93A
:104AE0000723C8F3C00894F9324005D0022F03D041
:104AF000042F14BF00270327012E05D0022E03D058
:104B0000042E14BF002603265046CDE90C231CF0CA
:104B1000A0F8DDE90C230121CDE90760CDE90051C2
:104B20005046CDE90547CDE903B90B99CDF808808A
:104B300003F09EFC13B0BDE8F08FA26A950648BF53
:104B400041F02001500648BF41F04001DA0348BF60
:104B500041F00401B0E700BF7C97030037B504467D
:104B600048B104782046FFF763FF10B9002003B076
:104B700030BD0134E4B2074D2B79A342F6D920466B
:104B800001A9FFF769FF08B90198F0E70134E4B221
:104B9000F2E700BF58270020014B1879704700BF8B
:104BA000582700202DE9F04F054600F1100887B086
:104BB000404605F114090C46164615F05FF94846C3
:104BC00015F05CF9002015F02CFB0390002800F094
:104BD0000B81012E40F2726618BF1F26012C63D094
:104BE000022C0CBF0624042402211BF098FF012193
:104BF00003981BF094FF214603981BF090FF039845
:104C000015F0D0F9012384B2311B0A22009389B236
:104C100042F6072303981BF0D2FF04230444A4B2F6
:104C2000311B0093122242F60423039889B21BF031
:104C3000C6FF00EB040A1FFA8AFA039BA6EB0A07D9
:104C4000012F049332DC0024DFF8A0A1DDF80CB0C2
:104C50009AF82430002B00F0A780404615F00EF99A
:104C60006B6AC5F810B043F080026A62DB0400F1A1
:104C7000AD809AF82400002840F0A88015F0D1FA01
:104C80000390002800F0A28031461BF053FF00285B
:104C900040F3A6804846039C15F0F0F86B6A6C61FF
:104CA00043F480736B6291E005249DE7002015F0CA
:104CB000B8FA05900028C6D0022101F061FDB41EAB
:104CC000A4EB0A04A4B28442824613D224F0010168
:104CD0001FFA81FB411A05A8DA4615F005FA4FF0D4
:104CE000020BBAF1000F08D10598E8B905A815F034
:104CF000C5F8A8E74FF0030BF3E70AF101010498A8
:104D0000C9B21BF00CFF594604981BF008FF059927
:104D100004A815F062FA002015F083FA0590002827
:104D200036D0A4EB0A04A4B2022C38BF0224A4F1AA
:104D3000020B1FFA8BFBBBF10F0F30D9102101F0D2
:104D40001FFD834504461FD22BF00F011FFA81FB84
:104D5000411A05A85C4615F0C7F94FF0060B611C17
:104D60000498C9B21BF0DBFE594604981BF0D7FE2D
:104D7000059904A815F031FA0AF102031C44A4B203
:104D8000BAF1000F08D15FE748B14FF0070BE6E733
:104D900005A815F073F854460234A4B254E705A8E8
:104DA00015F06CF85446EBE7391B89B258461BF0F6
:104DB000C1FE04464046039F15F060F86B6A2F6100
:104DC00043F080026A62002C3FF450AF686A10F032
:104DD000100002D028461BF077FF07B0BDE8F08F27
:104DE00003A815F04BF8F1E71A20F6E7D0270020CA
:104DF0002DE9F3410D4601A9FFF72EFE064658BBEB
:104E0000019C636A5A040FD46B0704F1010727D58C
:104E1000394614201CF094FC00283AD1636A43F40C
:104E2000004343F008036362A36AE8064CBF43F4FF
:104E3000005323F40053A362636AA9064CBF43F4F2
:104E4000003323F400336A064CBF43F4802323F479
:104E5000802343F002036362304602B0BDE8F08174
:104E6000DFF834803846414600F0C8FB68B9D8F80E
:104E70000030C4F80130B8F80430BB8098F8063030
:104E8000BB71636A43F008036362636A23F40043FF
:104E9000C9E70646E0E700BFDB27002013B501A9FC
:104EA000FFF7DAFDB0B9019A536A13F0100013D17D
:104EB00059040FD5094923F48043D1F80B4043F03E
:104EC0000803C2F80140B1F80F40497CA2F8054040
:104ED000D171536202B010BD0220FBE7D027002041
:104EE00070B5144B0546197918680023994201DC06
:104EF0001A201AE0426AD60718D490F8394064079D
:104F000014D4DCB203460C4903F8014BD1F80B6012
:104F100042F00902C0F80160B1F80F60497C9E8040
:104F200099714262FFF7ACFD2C7070BD01334830BF
:104F3000DCE700BF58270020D027002073B5057993
:104F4000C67801A92846FFF787FDE8B9019C636A86
:104F500023F01003636276B92946A069621C0F4BE7
:104F600000F0FEF8222231460C48A66102B0BDE8EE
:104F7000704014F06CBC20461BF0C7FD636A5A06F3
:104F800004D523F04003636202B070BD284604F1EB
:104F9000340102B0BDE8704006F0CCBFF627002017
:104FA0002DE9FF4791420E4615469946BDF830A0BF
:104FB000BDF83480BDF8387003D9212004B0BDE8B5
:104FC000F08740F67A428B1F9BB29342F5D8B5F535
:104FD000486FF2D8B9F5FA7FEFD240F67642AAF1DF
:104FE0000A039BB29342E8D809F101039BB26B43D9
:104FF000B3EB8A0FE1DAB845DFD8FF280BD1184BA5
:1050000059829D82A3F81690A3F818A0A3F81A80DD
:105010009F830020D2E7FFF74FFB04460028CCD047
:1050200090F873302A46012B31464B46CDE9018773
:10503000CDF800A008D103F08FF80028BED1A4F865
:105040006880A4F86A70E4E703F086F84B462A46C5
:1050500031462046CDF800A01FF01EFAEDE700BF54
:10506000D027002037B504460D461CF08AF9698820
:1050700020461BF0C4FB6A7E2B7E204643EA0223B7
:10508000A4F862306A7F2B7F43EA0223A4F86430DD
:10509000EA7EAB7E43EA0223A4F866301B23A4F821
:1050A0006C302D4B5A8B9B8BA4F86820A4F86A3087
:1050B000022384F8723021F093F920461FF00AFB96
:1050C00094F87330022B15D103F01EFC70B194F9E3
:1050D000753001330AD105212046A36843F480537B
:1050E000A36003B0BDE830401CF086BA0021204622
:1050F0001BF088FB0021204600F04CFD4FF6FF73AB
:10510000288C984225D000F0D3FC009400F058FC85
:105110006A46ADF8040040F20621104822F0BEF9BC
:10512000002240F20221204622F074F92046FFF7C7
:1051300089FB20461FF0DAFA204603F089F8A368BD
:10514000012123F480432046A3601CF05DFA03B0E4
:1051500030BD0020D9E700BFD0270020CC27002099
:10516000F7B504460F46164668465A79991D1D46FE
:1051700000F000FA2CB969463046FFF751FA0446B0
:10518000A0B140F2032384F87670A4F8723033683B
:105190002946C4F85A30B3882046A4F85E30B37963
:1051A00084F86030FFF75EFF03B0F0BD032140F2EA
:1051B00006401FF0E6F86B88A0F803300D2343711A
:1051C0000148F6F7A3F8EFE725F30200A0F11B036F
:1051D000E02B10B5044618D8042142F224001FF039
:1051E000D0F86FF06F0343714223A0F8034083713E
:1051F0000748F6F78BF81FF0F2F8407920B11FF05E
:10520000EEF8407940F4805010BD2120FCE700BF4B
:1052100055F7020070B506460D4642F222000621FF
:1052200014461FF0AEF8B6F86E30A0F80550A0F89E
:105230000330A0F807400648F6F768F81FF0CFF8EB
:10524000407920B11FF0CBF8407940F4805070BD18
:10525000FDF602002DE9F0439946002387B00F9E2A
:10526000334C3360236A07460D46904613B1022340
:10527000336012E020F0C5FD074213D037EA00008A
:1052800010D1012F01D0042F0CD1284633464946B6
:105290000E9A1CF0CDF9054630B90025284607B016
:1052A000BDE8F0832123E3E7384611F015F83060BC
:1052B000002833D194F82430012B18D12368DB0760
:1052C00015D4DFF87090484603F070FC306028BBBE
:1052D0002368606843F00203B9F80420236099F85A
:1052E0000630C5F85A00A5F85E2085F8603011F048
:1052F0000DF8306090B9A38B3A460593638BFF217C
:105300000493238B28460393E38A0293A38A019391
:10531000638A0093434602F0EBFD3060336823B1AB
:1053200000212846FFF718FAB7E72562B6E700BF65
:10533000D0270020D427002007B590F870304FF414
:10534000887101AA03488DF8043022F0A7F803B051
:105350005DF804FBCC270020F7B5C67805463C2E47
:1053600000F1020404D103B0BDE8F0401BF077BFA8
:1053700087792FBB214A156A1762D6B12146284684
:1053800046F480561BF0FDFF40F201216A46284694
:10539000EE6085F87270CDE9005622F07FF8AB68B8
:1053A000394643F480632846AB60FFF7D5F903B074
:1053B000F0BD2146284603B0BDE8F040FFF752BEDD
:1053C0004FF6FF73408C98420DD000F071FB50B146
:1053D00000F08CF823460246FF21002003B0BDE810
:1053E000F040FFF7BDBE064B223554F8042BAC420B
:1053F00043F8042BF9D122881A80D8E7D02700205F
:10540000F62700201FB50446B0F80300FFF746F961
:1054100008B3B4F8053090F87020A0F86C308DF81F
:105420000420ADF80630227AE37940F2091143EA0C
:105430000223ADF80830A27A637A084843EA0223CF
:10544000ADF80A30227BE37A43EA022301AAADF8E1
:105450000C3022F023F804B010BD00BFCC27002090
:105460001FB504468088FFF719F980B190F87030B5
:105470000E218DF80430D4F806300648CDF80530FA
:10548000D4F80A3001AACDF8093022F007F804B0A8
:1054900010BD00BFCC27002013B504468088FFF75D
:1054A000FDF8D8B190F870306A468DF80030E37896
:1054B0004FF403718DF80130A37909488DF802305B
:1054C000E3798DF80330237A8DF80430637A8DF810
:1054D0000530A37A8DF8063021F0E0FF02B010BD50
:1054E000CC27002000487047DB270020044890F8B4
:1054F000241000F10B020430012918BF1046704738
:10550000D027002038B58379044613F0280F25D022
:105510000368134DC5F80B308388A5F80F308379E5
:1055200000206B74FFF71AFB40B92B68032043F08F
:1055300002032B60BDE8384010F090BF436A13F4BB
:10554000404FEFD1226843F00803C0F80120A28841
:10555000A0F80520A2794362C271E3E7212038BD9B
:10556000D02700204379024A9B09D05C704700BFD6
:105570009E9703000B6810B503608B88FF2A0446D2
:10558000838002D10723A37109E0032A08D8054BC1
:105590009B5C072B837102D1FFF7E4FFA07110BD64
:1055A0000023F0E7A297030010B50B68FF2A036001
:1055B0008B880446838002D10723A37110BD052A7E
:1055C0000FD8094B995CCB06817105D5FFF7CAFF4F
:1055D00081421CBF0023A37120461CF0D1F8002893
:1055E000ECD10023E9E700BF989703008379024AD2
:1055F00003F00703D05C70479097030010B58279E1
:105600008B79094C02F0070203F00703A25CE35C0C
:105610009A4206D1062214F0F0F8B0FA80F0400960
:1056200010BD0020FCE700BF8897030038B5FFF7E6
:10563000B3FAB8B100B200EB80008400002301226D
:105640000920A1B2F3F7C4F9054648B90920F3F7D8
:1056500025FA064B22462946186014F0F8F8002572
:10566000284638BD014B1860F9E700BF60270020CD
:1056700038B50C4B05461C6894B1037803EB8303E3
:1056800004EB8304204614F0F9FB0021287800F095
:1056900027F92046BDE838401422002114F0D7B87D
:1056A00038BD00BF60270020F0B52D4B07461D68B0
:1056B00087B015B9002007B0F0BD007800EB80047A
:1056C000A60005EB84046368990643D49B0708D5BC
:1056D000002100F021F90028EDD1636823F02203B6
:1056E0006360636813F0210FE4D0190715D5A07C1F
:1056F000A389628921890490607C0390207C0290B8
:10570000E07B0190A07B0090387800F0BDF8002885
:10571000D1D1636823F0080363606368DA070BD5AF
:105720000121387800F0F8F80028C4D1636823F02C
:10573000010343F02003636063685B07BAD5A9598E
:10574000387800F0CDF80023AB51636823F00403F0
:105750006360B0E71A07B9D543F001036360B7E7A8
:10576000602700202DE9FF41884603A90646174619
:105770001D46FFF771F968BBB8F1050F3AD9052F3F
:1057800038D9B84536D81C4A06EB8603146805F0AC
:10579000010104EB83049DF828300398A3739DF85E
:1057A0002C30A4F80A80E3739DF83030A78123746D
:1057B0009DF8343063749DF83830A3748B012381D5
:1057C000636843F009036360436A13F0100304D075
:1057D000FFF76AFF04B0BDE8F08115F0020218BFC0
:1057E0004A004FF0000108BF0223304600911BF031
:1057F00063FDEFE72120EDE7602700202DE9F3416D
:105800000E4601A9FFF728F90546C0B9019B1C788F
:105810000D4B04EB84041F684FEA840807EB8404F3
:10582000204614F02BFB3368019847F80830636872
:10583000356043F004036360FFF736FF05462846F2
:1058400002B0BDE8F08100BF6027002037B50D4DE4
:1058500004462B6813B9002003B030BD01A9FFF73F
:10586000FBF80028F8D12B6804EB840403EB8403D5
:105870005A689106EFD542F0020201985A60FFF78C
:1058800013FFE9E760270020F8B507460C4642F20F
:1058900086000C2116461D461EF073FD9DF818303B
:1058A000C77083729DF81C308680C3729DF82030CB
:1058B000C58003739DF82430048143739DF828301C
:1058C00083730648F5F722FD1EF089FD407920B16B
:1058D0001EF085FD407940F48050F8BD73BC020095
:1058E0000A4610B50321044642F23F001EF054FD63
:1058F000032303710023C47043710648F5F706FDC6
:105900001EF06DFD407920B11EF069FD407940F434
:10591000805010BDE7BD020038B504460D464FF477
:10592000015002211EF02DFDC57004710648F5F7E7
:10593000EDFC1EF054FD407920B11EF050FD407981
:1059400040F4805038BD00BF8FBD020070B50546E1
:1059500040B300EB8006B6003046F3F7DFF8154C95
:105960000246206018B314493346084612F02EF858
:1059700032460021206813F06AFF22680023114696
:1059800025710133DBB2AB424B7401F11401F8D144
:10599000FF23324402F8033C002262714FF6FF728B
:1059A0002372E2800020054B1860988070BD1A2099
:1059B000FCE700BFCC310020A6970300902C00200C
:1059C00050B11422064B1B68C31AB3FBF2F3007CE0
:1059D00040EA032080B270474FF6FF70704700BF67
:1059E000CC310020142370B51A4D44782E6805EB95
:1059F0001414821BB2FBF3F20534D2B22378FF2BCE
:105A000005D093420FD1437C2370FF23437489B99F
:105A10006B796A714374037C01330374437861F3D7
:105A20000713437070BD03EB830306EB830303F19D
:105A30001104E3E74C1D2C442D682378FF2B01D182
:105A40002270EBE703EB830305EB830303F11104FF
:105A5000F3E700BFCC31002040F6FF7210B50446DA
:105A60000388014662F30B030380044811F0B2FF80
:105A70002046BDE810400021FFF7B4BFA697030001
:105A800002460A4B010A1879B0EB122F0CD31420EE
:105A90001B6800FB013043780F2B05D9037CD2B281
:105AA000934218BF0020704700207047CC3100207F
:105AB000024609490B7A0968FF2B01D10020704783
:105AC00003EB830301EB830031F82330C3F30B03B3
:105AD0009342F4D0437CEFE7CC3100200B490346DE
:105AE00030B50A6828B1831A1420B3FBF0F3DBB297
:105AF000013314240979994201D8002030BD04FBF8
:105B0000032045780F2DF9D80133F4E7CC3100207C
:105B1000F722014B1A807047D8320020162883BF25
:105B2000024B188000202120704700BFD83200208F
:105B300010B5044658B30068836CA3421FD1636854
:105B400083642246124921F075FC04F10C0021F017
:105B500091FC04F1440014F091F9A06948B11430AB
:105B600014F08CF9A069183014F088F9A06914F0C9
:105B70009DFC2046BDE8104014F098BC1346002B55
:105B8000DFD05A68A242F9D162685A60D9E710BDE5
:105B90002519030070B5054648200E4614F081FC17
:105BA000044650B1FEF7A0FE60B11C2014F079FC51
:105BB000A06128B9204614F079FC0024204670BD6D
:105BC00000230370032128461AF01CFEAB6C22460A
:105BD0006360AC641723268100266381144928463C
:105BE00025602677666410F0F7F906F0B7FE3246B6
:105BF000014604F10C0010F0EFF902232374FEF7C4
:105C000073FE18B90B4B1B78002BD7D00A4B1988A1
:105C10001729D3D920461AF085FE0028CED11321AA
:105C200020461BF044FE636943F002036361C5E74D
:105C300025190300F22D0020D8320020F8B50546C2
:105C400010B3002920DB114C2468247E8C421BDD1C
:105C50003F2919DC032701F0030600EBA10191F8AD
:105C600031407600B74002F0030224EA0704B24054
:105C7000224381F8312013B100211BF0D5FE2846C4
:105C8000BDE8F8401BF02DBFF8BD00BF94270020F1
:105C900070B5164600221A7032800A7A0D46072A1D
:105CA0004DD8DFE802F004090D111A1E304AE868E9
:105CB00030F8023B338043E0EB68981D5B88F9E7DE
:105CC000EB68981D9B88F5E7697B1BF0FAFE0222C2
:105CD0001C4B18801846328032E002231A48338069
:105CE0002EE01A4C2B7BE88923702B88E11C0133B2
:105CF00063702B8801331B12A37000F079FB033013
:105D0000308020461CE0124CA889EB89020AA3705F
:105D10001B0A20706270E37000F050FC58B1C36839
:105D20001A88022A07D19A782271DB7863710623D8
:105D30000748338004E00423FAE780221A70002029
:105D400070BD00BF0C2E0020B0970300F92D00207D
:105D5000F32D0020054A064B1860136843F0010339
:105D60001360828B034B1A80704700BF64270020AA
:105D700094270020962C002018B9034B1B68588BE1
:105D80007047024B1888704794270020962C0020FB
:105D900000232DE9F04FDFF8B89191B0D9F80070E9
:105DA000054617F00807CDE90633CDE908330AD0D8
:105DB000644B03F1100253F8041B934245F8041B93
:105DC000F9D1002015E01022394613F040FD0320E0
:105DD000F0F7ECFB14F065FB804648B10620F0F7C5
:105DE000E5FB14F05EFB064630B9404614F05EFB5E
:105DF0001A2011B0BDE8F08FCDE90477F1F788FEE5
:105E0000044668B1404614F051FB304614F04EFB96
:105E100040F20740214602F045FE40F20740E8E725
:105E200012F00EFD4FF4A053DFF828A10002C6E9DE
:105E3000023A454B7060336010223046776104AB04
:105E400006A913F050F80446A0B9524640460499FA
:105E500013F01CF9044668B9BB463C4BBAB21B6848
:105E6000D988914227D810222946404605AB13F025
:105E70002BF90446404613F09BF8404614F016FBFD
:105E8000304613F0C4FA304614F010FB049812F0B8
:105E90003AFF002CBCD12B4B05F1100255F8041B26
:105EA000954243F8041BF9D1D9F8003043F00803B8
:105EB000C9F8003085E71A68BCB2210102EB04146E
:105EC0002046ADF80EB0019100921CF051FA8246C6
:105ED000204600F02FFB30B3DDE90021AAF5205069
:105EE00080B2032802D9BAF5245F1ED1525A00208D
:105EF0002146ADF828200DF10D030DF10E02ADF88D
:105F00002AA0FFF7C5FEBDF80E2001460BA813F02E
:105F1000A6FCBDF80E20404604320AA913F0B9F8D9
:105F200004460028A6D1013797E70AF55640FF300E
:105F300080B20428F7D8525AADF82AA0ADF828202C
:105F4000E7E700BF0E2E00200024800094270020E9
:105F5000642700200002C003024B186800B1C0880B
:105F6000704700BF942700200F4B10B51968CC076D
:105F700017D40E4BDA899C89944212D9490748BF3D
:105F80000B499C6848BF096824F81200DA894ABFA7
:105F9000C8891046801802F1010248BF80B2DA8138
:105FA00010BD4FF6FF70FBE764270020702700202C
:105FB00090270020134B01461B6870B513F00403B3
:105FC00006D00022104B1C68E38990B2834209D8A6
:105FD0000E4A14680022E58990B2854209D84FF62E
:105FE000FF7005E0A56835F8125001328D42ECD102
:105FF00070BDA66836F8126001328E42ECD10344BF
:1060000098B2F5E76427002090270020942700200D
:10601000094B1B685B070AD5084B1A68D389834272
:1060200003D9936833F810007047C01A80B2044B4C
:106030001B689B68F6E700BF6427002090270020BC
:1060400094270020F0B50E4E0246F18830680023F8
:1060500000EB011005464FF00B0C0A4F3C8804EB97
:10606000030E01339BB29342A5F800E085F809C006
:1060700005F11005F3D3144411443C80F180F0BDC8
:1060800070270020982C00202DE9F041254C8846EF
:10609000A589E3891646EB1A834213DA0A35ADB2B5
:1060A0006800F2F73BFD074610B90020BDE8F0811B
:1060B000E289A168520013F0D2FBA06814F0F6F94F
:1060C000A760A581A58AE38AEB1A434511DA0A3550
:1060D000ADB22801F2F722FD07460028E5D0E28A9A
:1060E0002169120113F0BBFB206914F0DFF927616D
:1060F000A582A588E388EB1AB34211DA1435ADB254
:106100002801F2F70BFD06460028CED0E288216870
:10611000120113F0A4FB206814F0C8F92660A580D2
:106120000120C3E770270020F8B51D4C0746A6885C
:10613000E388F31A83421DDAB0F5FA7F2CBF3618D4
:1061400006F5FA76B6B23046F2F7E8FC0546B0B18D
:10615000E288216813F083FB124A20681368D18813
:10616000A5EB000C03EB01118B420AD114F09EF950
:106170002560A680E38825681D443B44E3802846CB
:10618000F8BD5A7A920704D51A7A22B1013A012A47
:1061900001D91033E8E7DA686244DA60F9E700BF52
:1061A000682700207027002010B50E4C206820B111
:1061B00014F07CF900232360A3800B4C206818B1F5
:1061C00014F074F900232360A06818B114F06EF97C
:1061D0000023A360206918B114F068F9002323613B
:1061E00010BD00BF682700207027002038B5054685
:1061F0004FF4FA70F2F792FC134B1860D8B14FF4D9
:10620000FA72124C5A6000212022204613F01FFB24
:106210002801F2F783FC20601420F2F77FFCA060D5
:10622000A020F2F77BFC2368206113B1A36803B1BF
:1062300018B9FFF7B9FF002038BD0A232046A58012
:10624000A381A382F8E700BF682700207027002001
:106250000B4B0C4A10B51888D188136803EB011159
:106260008B4200D110BD5A7A940707D4DC882042B3
:1062700014BF42F0040222F004025A721033EFE716
:10628000962C002070270020034A1368990744BF0A
:1062900023F00203136070476427002038B50468B8
:1062A00005460C222046084913F0A7FA50B90222ED
:1062B000064904F10E0013F0A0FA18B902200C34BC
:1062C0002C6038BD1020FCE7B3970300C197030092
:1062D0002DE9F743102801910BD0022804D04FF686
:1062E000FF7003B0BDE8F083019B1888FFF762FEE2
:1062F000F7E701A8FFF7D2FF0228F5D01028EED16A
:106300001B4B019F1E6816F0040608D00024194B91
:10631000D3F80080B8F81660A5B2AE421AD80025AE
:10632000154BD3F80080B8F81690ACB24C45D6D2D5
:10633000D8F81000102200EB0510394613F05DFA72
:1063400001350028F1D1A0196FEA40406FEA5040B2
:1063500080B2C6E7D8F81000102200EB04103946CE
:1063600013F04BFA01340028D6D145F40040B8E7C9
:1063700064270020902700209427002070B5054650
:106380000C46FFF7A5FF4FF6FF73984229D1022D67
:1063900004D12088BDE87040FFF7E6BD102D20D164
:1063A000104B1D68EA071CD40F4BDE8A9A8AB24252
:1063B00017D921461A6904F1100002EB061251F8B0
:1063C000044B814242F8044BF9D1D88A421CDA824C
:1063D0006B0704D5054B1B68DB8A184480B240F478
:1063E000004070BD64270020702700209027002007
:1063F000020408B51DD5124BC0F30E001B685B07E5
:1064000013D5104B1A68D38A98420CD2136903EB48
:10641000001000F1100350F8042B984241F8042BAF
:10642000F9D1102008BDC01A80B2074B1B681B6948
:10643000EDE7FFF7EDFD0870000A48700220F1E774
:1064400064270020902700209427002070B5044680
:106450000A4B1B68DA881D6805EB021526461034C6
:10646000A54209D019B920461BF08CFF20B920465F
:106470001BF091FF0028F1D0304670BD942700201A
:106480002DE9F0410C461146FFF7E0FF1B4E00F1ED
:106490001005F2883368074603EB02139D4204D1CE
:1064A0002046BDE8F041FFF7CDBD5B1BC3F30F13E2
:1064B0001A0129464FEA041805EB041013F0ADF950
:1064C00042460021284613F0C2F9384600230B2724
:1064D0000B49B6F806C00A8802EB030E01339BB2E3
:1064E0009C42A0F810E0477600F11000F4D8224456
:1064F000644428460A80F480BDE8F08170270020BB
:10650000982C002038B50446094B1B681D68A5422D
:1065100009D2204621B91BF035FF30B1103402E01A
:106520001BF039FF08B1204638BD103CEFE700BF33
:1065300094270020437ADA0702D5C3F3800070471E
:10654000034BC2881B881A4214BF012000207047E9
:10655000962C002008B5084B1A8810B9074909681D
:10656000888B8242188005D0054B1B68DB0701D45D
:10657000FFF76EFE002008BD962C00209427002017
:10658000642700200A4B1B68DB0708D570B1094B54
:106590001B68DB88834234BF00200120704728B18C
:1065A000054B1B88834294BF00200120704700BF29
:1065B0006427002094270020982C002070B5024604
:1065C000FFF7E0FFE8B10F4B1968CD88954209D37A
:1065D00002F180500B680138040103EB00101B5BD3
:1065E00093420ED0002398B2854201D8002008E0E3
:1065F0000E681C01345B06EB0310944203F10103A7
:10660000F1D170BD942700202DE9F3478046DDE9E4
:106610000B7A0D4691461E46FFF7D0FF044618B987
:10662000252002B0BDE8F0878288092150481BF080
:1066300044FEA9F80000237A072B1CD100233B80DD
:10664000AAF8003003230A9A2046137000233380EF
:106650001BF0A1FE38B301232B70B4F90430002BDA
:1066600007DA2046FFF766FF18B1338843F00103CD
:1066700033800020D5E70DF106033A46214600207D
:10668000FFF706FB9DF806300BB100233B80404628
:106690001BF012FBAAF80000237A022BD3D0072BA1
:1066A000D0D00123CFE720461BF062FE42F6020362
:1066B00098424BD020461BF065FE0746002848D183
:1066C000B8F1020FACD9A4F110001BF05BFE00285A
:1066D00043D004232B700321A28826481BF0EDFD34
:1066E000054640461BF049FA0321024622481BF0AA
:1066F000E4FD120645EA0005ADB225D5394620462F
:10670000FFF7A4FE074604F110018F421CD3084690
:106710001BF02EFEB0F5245F1DD100200DF1050306
:106720000DF10602ADF80600FFF7B2FA9DF805304C
:1067300053B9BDF80630022B06D10388DB0703D519
:1067400045F4807545F00105358092E702232B70F2
:106750008FE70323FBE71031D7E705232B70A288CF
:106760000421064882F400621BF0A7FD308080E718
:10677000EC970300E0970300D4970300C49703004D
:106780002DE9F34100250E46A846174F01903A68BF
:10679000ABB2D18899421DD91468ABB204EB031493
:1067A000B4F90430002B1CDA2046FFF7C3FEC0B159
:1067B000E1680B889E4214D132460198023113F0F1
:1067C0002EFEE36882B21B88934207D0114601A8CF
:1067D00013F08AFC404602B0BDE8F08143441FFA42
:1067E00083F80135D3E700BF9427002010B5094C8A
:1067F0002368DB070CD4FFF7D7FC074B1B683BB1C2
:10680000064A1360DB88064A0133138001232360A4
:10681000002010BD6427002090270020942700202E
:10682000982C0020064A1368D90706D413F00200FA
:1068300003D143F002031360704741F20C0070472C
:10684000642700202DE9F04F924B95B01B689B0701
:1068500040F11D8142F602001BF051FD8E4C834633
:10686000D4F800A04FF000085546B4F806900AEBA3
:1068700009130193019BAB423AD1884FBB88434532
:1068800015D04046F2F74AF9814680B183464FF071
:10689000000AE2881FFA8AF39A427AD8386813F01D
:1068A00005FEC7F80090A7F80480A7F80680002529
:1068B0000123DFF8EC8140224FF0FF3104A8A8F853
:1068C000003025762E4612F0C2FFA946E3881FFA53
:1068D00085FA53457DD8E680FFF7D6FCB9F1000F65
:1068E00002D004A801F090F8002015B0BDE8F08FA8
:1068F0006B7ADF0638D49E0705D528461BF0EFFCDF
:1069000040441FFA80F86B885B452DD1AF89B9F1FF
:10691000000F2BD05346012600211A88974216D02B
:10692000587AC0060DD4B242039208D91846029391
:106930001BF031FD039A029B002818BF1646013652
:10694000B6B2013189B2494503F11003E5D1B7422E
:1069500038BF3746BFB23E46013189B20AEB011358
:10696000894506D8AF81EE81103583E74946012677
:10697000EDE7184602931BF00EFD0028F2D1029BB2
:1069800001315A7A89B2D2065CBF0136B6B21033F1
:10699000E6E726681FFA8AF306EB0316737A03F01C
:1069A0001203022B09D130461BF099FC054620B199
:1069B000337A2BB1013B012B02D90AF1010A68E7B6
:1069C00058462A46F16812F04AFFC6F80CB0AB44AC
:1069D000F3E72768A9B24FEA011B07EB01114B7AD5
:1069E000D80651D41A0744BF23F008034B724B7AE0
:1069F00048BF4FF00109980642BF23F0200343F03F
:106A000004034B724B7A48BF4FF001095A0644BF4A
:106A100023F044034B7237F80B30B8F8002048BF1E
:106A20004FF00109934202931DD9084601921BF0D1
:106A3000B2FC019AB8B1029BA8F80030564509D2C1
:106A400007EB061301F1100251F8040B914243F8D1
:106A5000040BF9D1B8F8003001360133B6B2A8F80A
:106A60000030013532E70B7A032B0AD14B7B207EB5
:106A70003E2B9EBF50336B4403F8400C431C2376DF
:106A8000487327F80B20D9E74FF00109E9E741F2F5
:106A90000C002AE7642700207027002068270020C8
:106AA000982C0020F8B5294B1B689A074AD500227C
:106AB000154627490C68CF8804EB0717A7420AD16F
:106AC0001AB12448C3889B1AC380002D37D1FFF721
:106AD000DBFB0020F8BD667A330706D520461BF0A5
:106AE000FEFB01350244ADB292B226F0700666722A
:106AF0001034E3E7A3B202EB03135F7A3F070DD430
:106B0000B04209D202EB001203F1100653F8047BE5
:106B1000B34242F8047BF9D1013080B20134CB8812
:106B2000A6B2B3420A68E5D85B1B9BB202EB031224
:106B3000CB8032F8103C084A01331380C7E70024A9
:106B40002046ECE741F20C00C4E700BF64270020B8
:106B50007027002068270020982C002070B515466B
:106B6000012204460E4610460021FFF78DFA78B345
:106B70002046FFF723FD044660B31BF00CFC48B32E
:106B80003046FFF71BFD28B31BF005FC10B30122B4
:106B900020461146FFF774FC04463046FFF70EFD11
:106BA000064642F602001BF0AAFB0B4B60806360B6
:106BB0000623237233880121A3813046FFF746FC68
:106BC0000388E3810DB9002070BD23882B80FAE78C
:106BD0001A20F9E72120F7E70108FFFF2DE9F04F20
:106BE00087B01C46BDF840309DF850A00293BDF818
:106BF0004430BAF1020F06461746BDF84890059199
:106C000003932AD0994503D9212007B0BDE8F08F1E
:106C1000B9F1000F02D0139B002BF5D0022F06D044
:106C2000102FF1D105A8FFF739FB02281AD1022055
:106C30000021074614F0300518D09DF85430DA07CB
:106C400013D40130A30680B2C4F3001501D545F07A
:106C500002050123019303230AE0002399461393BD
:106C60000393DBE701210846E4E7002502230195B1
:106C7000DBB21A46C0B20493FFF706FA08B91A202D
:106C8000C3E73046FFF79AFC83460028BCD01BF0D0
:106C900082FB0028B8D09BF8098018F0040F1CBFB5
:106CA00008F0FB0343F02008BAF1020F51D0039B18
:106CB000981D80B2FFF738FA06460028DFD001227F
:106CC00004995846FFF7DCFB834642F603001BF0AD
:106CD00016FB9BF80920102F48EA02028BF80920C6
:106CE000424AE4B2CBF804204FF00502ABF80200B0
:106CF0008BF808200CBF3846022005998BF80C4011
:106D0000FFF73CFB9BF81920BAF1010F48EA020398
:106D10008BF81930029BABF80E00ABF814304FF62D
:106D2000FF73ABF81200ABF8163014D0BAF1020FB3
:106D30002AD107238BF818300023CBF81C30169B80
:106D40001BB1BBF81030169A1380019BF3B90020D9
:106D50005BE70026B3E702238BF81830039BCBF8E0
:106D60001C6034707380B9F1000FE8D0139B002BC6
:106D7000E5D0BAF1010F4A46139908BFA6F804906E
:106D8000B01D12F06CFDDAE70123E5E742F60210D0
:106D90001BF0B5FA40F60312029BABF8220013F485
:106DA000805F40F6030318BF1346029A8BF82C50FD
:106DB000920448BF43F40073ABF82430029B0C4AA2
:106DC0005B0442BFBBF8243043F48063ABF824304B
:106DD0004FF6FF73ABF8263003238BF82830137E71
:106DE000591C11768BF82D30B1E700BF0108FFFF69
:106DF000702700202DE9F04F85B09DF8489005469A
:106E0000B9F1020F1746BDF83CA0BDF84080119CB7
:106E10000391019305D0D04503D9212005B0BDE8E9
:106E2000F08FB8F1000F01D0002CF6D0022F17D050
:106E3000102FF2D103A8FFF731FA022810D0012158
:106E40000020B9F1020F1AD0002300930122FFF7AE
:106E50001BF9B8B91A20E1E7002101200227F0E769
:106E6000039B1A8842F602139A42F5D101230021AE
:106E7000184602270C460093A046A246E6E70024E7
:106E80000094F9E7019B13F0F10FC6D12846FFF7F4
:106E900095FB0028C1D010F8076C30F8102C710752
:106EA00044BF06F0FB0646F02006022AA0F1100BB4
:106EB0000290B2D958461BF065FA0028ADD0B9F15E
:106EC000010F029B43D80AF1060080B2FFF72CF9AC
:106ED000029B05460028BDD000220121584602939E
:106EE000FFF7CEFA8346102F0CBF384602200399D5
:106EF000FFF744FA9BF80920009B1643BDF83820A1
:106F0000ABF80200ABF804204FF6FF728BF8096073
:106F1000ABF80620EBB1B9F1020F1DD0029BDB6884
:106F20001A78C2F3001392064FF0030248BF43F0F1
:106F300002038BF808201D4A8BF80C30137E591C75
:106F400011768BF80D30139B5BBB002066E70025A4
:106F5000C2E7B9F1020F06D107238BF808300023EE
:106F6000CBF80C30EFE7B9F1010FECD80CBF0223DE
:106F700001238BF80830019BCBF80C502B70A5F83F
:106F800002A0B8F1000FDED0002CDCD0B9F1010F67
:106F90004246214608BFA5F80480A81D12F05FFCF8
:106FA000D1E7BBF80030139A1380CEE7702700209A
:106FB00041F6010330B58FB0ADF8243042F6052319
:106FC000ADF8283042F62A33ADF82C3042F629339A
:106FD000ADF830302A4BDB88002B4ED1FFF722FC76
:106FE000002848D1022201200DAB09A91BF04AFA62
:106FF000002840D14FF400630421BDF834400DF166
:107000003605CDE90031CDE90505CDE90300029053
:107010002023022220460AA9FFF7E0FD58BB40F6D4
:1070200001031022CDE900320223CDE90505CDE9A7
:10703000030002901A4620460BA9FFF7CFFDD0B9F6
:107040000DF1230303930123CDE9013340F603033C
:10705000CDE905058DF823000490009302220A2350
:1070600020460CA9FFF7BAFD28B920461BF08AFA82
:1070700008B9FFF7E7FB0FB030BD0220FBE700BF08
:10708000702700202DE9F047DFF8FCA020220646FB
:107090000D465046002112F0DAFB0023374ADFF894
:1070A000EC80C2E90033C8F800300123DFF8E0903B
:1070B000A9F80030002E52D0314F3B68DB074ED587
:1070C000304E3368D888143080B2FFF78FF804460A
:1070D00018B91A252846BDE8F08736680068F28896
:1070E0003168120112F0BBFBF388E380337EBAF8FB
:1070F00006202376738B6383B38BA3833B6823F0D3
:1071000001033B60DAF8003003EB02129A421FD110
:10711000FFF79EF83B6843F004033B60E3880133CC
:10712000A9F80030174B1A681C60C8F80020144AF0
:10713000136823F001031360002DCBD0E388D3B98B
:10714000FFF736FF05460028C4D0FFF74FFBC1E725
:10715000597A103341F0010103F8071CD6E71420D7
:10716000FFF744F804460028B3D0054A136823F01B
:1071700004031360D6E70025ACE700BF68270020B2
:1071800064270020942700207027002090270020EB
:10719000982C00207FB5134B0E46054604460393FA
:1071A000A0B11AF02AFC78B90022314620461AF024
:1071B00054FD022807D18023314600932046042342
:1071C00003AA1BF0DBFA0DB104B070BD20461AF023
:1071D000E0FB04460028F7D01AF00FFC0028F5D198
:1071E000E2E700BF0100FFFF2DE9F04F97B08346B3
:1071F00009911AF045FB099883790C33C45CC518D2
:1072000012F0D0FE202C0646099F26D8012C28D942
:10721000C74BA21ED2B2D340DA0722D5384697F820
:10722000068012F0BFFEBBF80A2083B29A4228D231
:1072300014F0010240F0A78004F07F03522B00F00D
:10724000A2801E2C00F09F80099B21460093584687
:10725000042319F078FB21240CE004F07F03522B67
:10726000DCD02146062300225846009719F06BFB1C
:1072700041F2061458461AF008FB204617B0BDE844
:10728000F08F47443A7B013B202A9BB246D8012A23
:10729000CED9023A1E2ACBD801A151F822F000BF64
:1072A0003D73010031720100417301003172010030
:1072B0003573010031720100297301003172010040
:1072C0003D73010031720100417301003172010010
:1072D0004573010031720100297301003172010010
:1072E00073730100317201003172010031720100CB
:1072F00077730100317201007B730100317201006C
:1073000031720100317201003172010031720100ED
:107310007F7301003172010045730100522A28D0A9
:10732000D22A85D10D2B06E0062B11D0142B7FF429
:107330007FAF0DE0052B7FF67BAF09E0022BF6E770
:10734000042BF4E7032B7FF673AFDB073FF570AF39
:10735000022C00F00281DBF800309B689F0516D4F8
:107360000BF1440012F08AFD099BCBF84430002455
:1073700080E7012BDFE7032BDDE7012BD7E7002BAD
:107380007FF456AFE4E709A812F078FD63E71E2CFE
:1073900000F0368358461AF030FB0746002840F0CC
:1073A000828058461AF021FB00287CD004F07F032D
:1073B000522B00F0CE80082C68D1B6B2152E14BF27
:1073C00002201020691D1AF0FBFA00285ED0DBF8BD
:1073D0001430D8074BBF23F0010343F001033946B3
:1073E000012158464CBFCBF81430CBF814301AF0BA
:1073F0001BFB09980D9019F013FA0446B0F80180B0
:10740000B0F803900D9812F0CDFD152814BF022599
:107410001025053421462846FEF75AFF21460390E1
:1074200028461AF0CDFA0490B8F1000F00F052810E
:10743000C84500F24F81022109200D9A19F013FA74
:10744000BBF80A708246023FBFB23E4640464FF04C
:10745000FF354946039A1AF0DFFD0446002800F084
:107460007B811AF082FB002800F0938101222146E3
:1074700058461AF035FC03468DF82E00002800F01F
:107480002E810D9A009222460821B2E0DBF81430DA
:1074900013F001064ED023F0010300215846CBF82B
:1074A00014301AF0C1FA202C72D8032C75D9231F7E
:1074B0001C2B72D801A252F823F000BFA97701005B
:1074C0009B7501009B7801009B750100F37301001F
:1074D0009B750100857901009B750100A37901006E
:1074E0009B750100B97901009B750100A77501002A
:1074F0009B750100D17901009B7501009B7501000E
:107500009B750100ED7901009B750100F779010081
:107510009B7501009B7501009B7501009B75010027
:107520009B750100017A01009B750100C77901007C
:107530005555515043F0010301215846CBF8143002
:107540001AF072FA1223324621465846009619F074
:10755000FAF909A812F092FC09E7099DBA4C2846ED
:1075600019F05EF92188B0F801602A46584619F0F2
:10757000FFF92388BBF80A10B34228BF3346172B04
:10758000B8BF17235846ABF80A301AF065F9EEE693
:10759000522C00F02482D22CDBD0099B00220093D5
:1075A0002146062325E0099F384619F039F905469A
:1075B000B0F80180B0F803A0384612F0F3FC1528AB
:1075C0000CBF20460220691DFEF782FEB5F805308B
:1075D00004900793B8F1000F07D0D04505D81AF0F2
:1075E000A9FE50B91023009701E0012300974246FD
:1075F0001021584619F0A7F9B9E63A4602211120A0
:1076000019F031F944464FF0FF35BBF80A300590C8
:107610009E1E0393063B9BB2B6B20893514620468A
:10762000049A1AF0F9FC814668B35146079A1AF099
:1076300040FD044648461AF098FA40B94FF6FF73E9
:107640009C4201D00134A4B25445E7D91BE04FF06D
:1076500000030DAAADF8343049460CAB58461AF079
:10766000DCFB039ABDF83430053A9A42089A06903A
:10767000D8BF1346002DADF8343009DB9D4202D14E
:10768000EB1CB34208DB691C1CD10A230097AEE750
:10769000351F9D42A8BF1D46042211A93846ADF8EA
:1076A0004490ADF8464012F0BAFE2A463846069994
:1076B00012F0B5FE4FF6FF73043E761B9C42B6B245
:1076C000C0D1E0E73946059B04355D705846FDF7AB
:1076D000EDF84CE60D9B009301234246D4E6049B53
:1076E00013B120461AF025FA20461AF056FAD8B1FE
:1076F000002D54DC0DA812F0C1FB082358468BF86E
:107700001C3050F80C2B40F2025192F870208DF88A
:10771000483000238DF8442011AAADF84640ADF85A
:107720004A301FF0BBFE22E6ADF844000DF12E03F7
:107730002146584611AA1AF070FBBDF84430059056
:10774000BB4228BF3B46002DADF844300ADBAB42BC
:1077500002D16B1CB34209DB6A1C0D9B1FD1009345
:107760000A23BAE7B51E9D42A8BF1D4602220CA9F6
:107770000D98ADF8304012F052FE2A4605990D984A
:1077800012F04DFE4FF6FF73023E761B9C42B6B2DE
:10779000E2D0601C80B28145BFF45BAEDCE702350D
:1077A0000D998AF8015091E7DDF82490484619F0C8
:1077B00037F8B0F80330B0F801800493B8F1000F47
:1077C00044D0984542D84FF6FF774A46022105201B
:1077D00019F049F84546BA46BBF80A400590023C04
:1077E000A4B2294658461AF0F9FC504506464CD03A
:1077F0004FF40062294658461AF072FA00283FD129
:1078000030461AF0B3FD00280CBF02231023574561
:10781000039321D030461AF0A9FD069038461AF09D
:10782000A5FD069B834203D1039B0133A34214DBD6
:1078300038461AF09BFD059B013019465870584692
:1078400019F06AF893E500BFD83200200123CDF883
:10785000009042460421CCE637460DF14601304601
:10786000ADF84450FEF7C4FD039B48469A1C11A98D
:1078700012F0D5FD039B023CE41A5545A4B2D7D0C3
:10788000049B0135ADB2AB42ABD24FF6FF739F42C2
:10789000CED10A23CDF80090DBE7DDF82490002458
:1078A000484618F0BDFFB0F80530B0F803A0B0F8B6
:1078B000016007464846039312F074FBC51FADB242
:1078C000102D0C945AD82A46F91D0DA811F0C7FFA7
:1078D000002E55D0564553D84A460121072018F0AE
:1078E000C2FFA046074633460A249A45049307D9A7
:1078F0003946BBF80A0018F099FF0328049B04D806
:10790000B8F1000F1CD0394699E7ADF84430039B1D
:107910005846ADF848300DAB139300230BAA0093E3
:1079200011A90DF12E03ADF846A0ADF850501AF094
:10793000ECFB0A280446E3D0BDF82C3030B11E46DB
:10794000234632460621CDF8009052E6ADF830309D
:10795000BDF82E300CAAADF8323039460423BBF8FE
:107960000A0018F06EFF4FF6FF72BDF82E309342FA
:10797000C9D001334FF001089BB2B6E70424DFE71A
:107980000124DDE70A23099C8BF81C30204618F0FF
:1079900047FF23460022B0F8011058461AF0BEFFF8
:1079A000E5E4099C204618F03BFF0C238BF81C30C3
:1079B000B0F803202346EEE75A460F210E20099B1C
:1079C0001BF005F8D3E45A4621212020099BF7E754
:1079D0005846099AB5F801101BF012F9C7E4584649
:1079E000099AB5F801101BF066F9C0E458460999E8
:1079F0001BF0A0F9BBE4584669781BF006FAA8E52D
:107A000058461BF022FAA4E57FB5174A06461368CC
:107A100042F6052023F0080313601AF038FB0546F0
:107A200050B16846FEF7B4F9002019F0B2FF0446E1
:107A300020B92946FFF7AEFB04B070BD102268469E
:107A400004F1210111F0D9FE38B10121204619F0CD
:107A5000EBFF636923F0010363611EB131462046E9
:107A60001AF0EDFB2046E0E76427002037B58B795C
:107A70000A460C33CD180191C95C044611F001038C
:107A800029D01D290AD101211E2018F0ECFE014643
:107A9000204618F041FF012003B030BD032916D164
:107AA0000E4BB5F801201B884189934228BF13462D
:107AB000172BB8BF1723438119F0CEFE636940F23C
:107AC000094123F002032046636119F0EDFE01A88D
:107AD00012F0D4F9DFE71846DEE700BFD832002005
:107AE00030B585B005461BF08EFB0446A8B9AB69DE
:107AF0000B4A01215A604FF42053ADF80C30022399
:107B00004FF6FF720093284603AB1EF038FA044686
:107B100018B90121284619F0CAFE204605B030BD2B
:107B20000100FFFF37B505461BF06DFB0446E0B9C9
:107B3000AB6912485860234628461BF07DFB04467B
:107B400098B9A8694369C288818840890190987969
:107B50000C300344009328464FF420531EF081F963
:107B6000044628B128461BF05BFB204603B030BD1D
:107B70000221284619F09BFEF7E700BF0100FFFF36
:107B800038B5124B04461B8842898B4228BF0B46EE
:107B9000172BB8BF17231146438119F05DFE6369A7
:107BA00023F002036361A3699D693DB10022294668
:107BB00020469A61BDE83840FCF778BE40F20941A2
:107BC000204619F071FEA3691D7038BDD83200201F
:107BD0000148FCF783BE00BF55B701000022024BED
:107BE000C3E900229A6070479C270020014B18606F
:107BF000704700BF9827002013B500F017FC78B13C
:107C0000019083790C33C418204606F06FFD0346BB
:107C100010B1204601A9984701A812F02FF908E0F9
:107C200000F010FC019020B1034B1B68002BF3D037
:107C3000984702B010BD00BF9827002010B5044639
:107C4000062142F205001CF09CFB2368C0F80330BB
:107C5000A388A0F807300648F3F758FB1CF0BFFBD9
:107C6000407918B1BDE810401CF068BB10BD00BFE2
:107C700075B3000010B5044606214FF628401CF0ED
:107C800080FB2368C0F80330A388A0F807300648BB
:107C9000F3F73CFB1CF0A3FB407918B1BDE81040A2
:107CA0001CF04CBB10BD00BF69B7000010B5044606
:107CB000052142F214001CF064FB2368C0F8033075
:107CC0002379C3710548F3F721FB1CF088FB407949
:107CD00018B1BDE810401CF031BB10BD5BF30200D1
:107CE00038B505460C4669B9022142F21B001CF06A
:107CF00048FBB5F86E30A0F803300D48BDE83840B9
:107D0000F3F704BB122142F21A001CF03AFB2146A1
:107D1000B5F86E30053020F8023C04F1100351F83C
:107D2000042B994240F8042BF9D10248E6E700BF42
:107D3000A3F20200DFF2020038B5044608200D4627
:107D4000F0F7ECFE024658B10CB144F480541460D4
:107D5000958040F20231BDE8384002481FF05ABB1E
:107D600038BD00BFCC2700202DE9F0419DF8204010
:107D70000F46E11D8046C9B242F24F0016461D462D
:107D80001CF0FFFAE0B19DF818302246C3719DF84F
:107D90001C300999037280F8038007714671857160
:107DA00044720A3011F05BFD0648F3F7AFFA1CF09D
:107DB00016FB00214079FFF7BFFF0020BDE8F081EE
:107DC0001A20FBE7FB7403002DE9F8439DF82850C7
:107DD000884605F108018146C9B242F27B00174688
:107DE0001E461CF0CEFA04469DF820302A46C37188
:107DF0009DF824300B9980F8039080F80480477137
:107E00008671037245720A3011F029FD9DF93030F8
:107E10002C44A3720548F3F779FA1CF0E0FA00212C
:107E20004079FFF789FF0020BDE8F88385610200F3
:107E300010B5002142F21F001CF0A3FA0648F3F728
:107E400065FA1CF0CCFA44791CF0C9FAC1882046C6
:107E5000FFF772FF002010BD6575030070B50C467A
:107E600002310646C9B24FF6074015461CF089FAA2
:107E700022462946C6700471053011F0F0FC064810
:107E8000F3F744FA1CF0ABFA407918B1BDE8704042
:107E90001CF054BA70BD00BFBDB4000010B504465C
:107EA0001248F3F733FA1CF09AFA0346407910B1FE
:107EB00040F4805010BDD9799A7942EA012222809B
:107EC000597A1A7A42EA01226280D97A9A7A42EA87
:107ED0000122A2801A7B597B42EA0122E2809A7B2E
:107EE000DB7B42EA03232381E4E700BF0DB70000F8
:107EF0002DE9F043044685B000200D46174699460B
:107F000012F08FF9064600285BD04FF0C8134FF0EF
:107F100000080093BDF83030ADF80430BDF83430BF
:107F2000ADF80630BDF83830ADF80830BDF83C305B
:107F3000ADF80A30BDF84030ADF80C30BDF8443033
:107F4000ADF80E3047FA08F3DB0704D51022694676
:107F5000304611F06FFF08F10108B8F1030FF1D1BD
:107F600032460C2142F285001CF016FAFF2D0571F5
:107F700018BF94F876508773C57080F8059094F810
:107F8000603083F00803C3F3C003837194F8523068
:107F900083F00803C3F3C003C371E36C8360B4F8D8
:107FA000503083810848F3F7B1F91CF018FA807853
:107FB00020B11CF014FA807840F4805005B0BDE880
:107FC000F0831A20FAE700BF03F5020008B500218C
:107FD00042F20E001CF0D5F9BDE808400148F3F765
:107FE00095B900BFD3F4020038B590F8723004465A
:107FF000032B154606D1FFF7E9FF0123002084F883
:10800000723019E0C9B9012B2DD9032140F2064085
:108010001CF0B7F9B4F86E304571A0F8033013487E
:10802000F3F774F91CF0DBF98378002BE5D01CF032
:10803000D6F9807840F4805038BDA3B102214FF6C4
:1080400004401CF09EF9B4F86E30A0F803300848E4
:10805000F3F75CF91CF0C3F94379002BCDD01CF089
:10806000BEF94079E6E70220E6E700BF25F302000B
:10807000ADF3020070B506460D4642F23100032111
:1080800014461CF07EF9C670057144710548F3F77B
:108090003DF91CF0A4F9407918B1BDE870401CF01E
:1080A00054B970BDE3BE0200F8B507460E4642F271
:1080B0003200062115461C461CF063F9B7F86E30F5
:1080C0004671A0F803309DF8183085710372C471B1
:1080D0000648F3F71BF91CF082F9807820B11CF0F8
:1080E0007EF9807840F48050F8BD00BF75BF020073
:1080F00038B505460C464FF6054006211CF041F9FF
:10810000A0F80350C0F805400548F3F7FFF81CF04D
:1081100066F9407918B1BDE838401CF016B938BD91
:10812000EFF3020038B505460C464FF6064006212F
:108130001CF027F9A0F80350C0F805400548F3F7F4
:10814000E5F81CF04CF9407918B1BDE838401CF056
:10815000FCB838BD27F40200F8B507460E4642F2D7
:1081600013000E2115461C461CF00BF9B7F86E30B3
:10817000A0F80560A0F80330BDF81830A0F807504B
:10818000A0F80B30BDF81C30A0F80940A0F80D3065
:10819000BDF82030A0F80F300648F3F7B7F81CF010
:1081A0001EF9807820B11CF01AF9807840F48050D4
:1081B000F8BD00BF5FF40200F8B507460D4642F275
:1081C00019001C211C4616461CF0DBF8B7F86E306F
:1081D0000F3020F80C3C2B6804F1100240F80A3CE8
:1081E0006B6820F8026C40F8063C234653F8041BE9
:1081F000934240F8041BF9D10648F3F787F81CF0C6
:10820000EEF8807820B11CF0EAF8807840F48050D5
:10821000F8BD00BF4DF2020070B506460D4642F2B1
:108220007A00042114461CF0ACF8A0F803604571F4
:1082300084710648F3F76AF81CF0D1F8407918B158
:10824000BDE870401CF081B870BD00BFC7FB0200E4
:1082500010B50446022142F230001CF092F8B4F846
:108260006E30A0F803300B48F3F750F81CF0B7F865
:1082700043792BB91CF0B3F8017A2046FCF704FBD4
:108280001CF0ADF8407920B11CF0A9F8407940F419
:10829000805010BD19BA000038B505460C4642F2B0
:1082A000150002211CF06DF8B5F86E30A0F803300F
:1082B0000848F3F72BF81CF092F883682360037BDF
:1082C00023711CF08CF8407918B1BDE838401CF0DF
:1082D0003CB838BD37FB020038B505460C4641F2C4
:1082E000054002211CF04DF8A0F803500848F3F7B0
:1082F0000DF81CF074F890F9083023701CF06FF83A
:10830000407918B1BDE838401CF01FB838BD00BF37
:10831000B3F7020010B50446022142F216001CF029
:1083200030F8B4F86E30A0F803300648F2F7EEFFEC
:108330001CF055F8807820B11CF051F8807840F49A
:10834000805010BD83F70200014811F0B5BD00BF99
:10835000A027002040F6FF732DE9F3410D46B0F849
:108360006E100192994205D101A811F087FD02B06B
:10837000BDE8F0811146134601229BBB1E4811F057
:1083800073FEFFF7E1FF04460028F0D011F00AFE6B
:108390006379074603F001086FF30003637104215A
:1083A0002046A66811F041FF4379044668F30003B4
:1083B0004371DB438179B6F86E200C31866003F09F
:1083C00001036254C2F30322084442EA03124270DA
:1083D00047802246304629461EF004F82046F2F730
:1083E000A9FFCEE75C79986024F0030414435C7124
:1083F00000221B68C1E700BFA027002070B505461A
:10840000064C206800B970BD8368AB4204D1066891
:10841000F0F75EF92660F4E70446F2E7A0270020B3
:108420000146014811F020BEA4270020014811F0A8
:1084300043BD00BFA42700200146014811F014BE2F
:108440009C270020034803680BB111F035BD184686
:10845000704700BF9C270020044B1A6822B9986817
:10846000003818BF01207047012070479C2700206A
:108470002DE9F041154606460F4642F23600192115
:108480001C46DDF824801BF07CFF2B0AC371230AF5
:1084900083729DF81830857103739DF81C30447207
:1084A00043739DF820302D0C240CC6708780057214
:1084B000C4728373D8F80030C0F80F30B8F80430B5
:1084C0008676A0F813309DF8283043759DF92C303E
:1084D00083759DF83030C375002303769DF83430E2
:1084E00043769DF83830C3760648F2F70FFF1BF04D
:1084F00076FF407920B11BF072FF407940F4805044
:10850000BDE8F081CDB7000038B505460C464FF602
:10851000194005211BF035FFC57044600548F2F78E
:10852000F5FE1BF05CFF407918B1BDE838401BF048
:108530005DBF38BD13BC020038B505460C464FF68A
:108540001A4005211BF01DFFC57044600548F2F775
:10855000DDFE1BF044FF407918B1BDE838401BF048
:1085600045BF38BD43BC020070B50D46064601212B
:10857000DAB1FFF7C9FF0446A8B9072142F2350076
:108580001BF0FFFEC6702B684360AB880381084870
:10859000F2F7BCFE1BF023FF437923B11BF01FFF52
:1085A000447944F48054204670BDFFF7C5FFE2E7EC
:1085B000CBBA02000A4610B50421044642F2370045
:1085C0001BF0EAFE032303710023C470437183711F
:1085D0000548F2F79BFE1BF002FF407918B1BDE899
:1085E00010401BF003BF10BD03BB02000A4610B5CC
:1085F0000421044642F238001BF0CEFE032303712F
:108600000023C470437183710548F2F77FFE1BF0AD
:10861000E6FE407918B1BDE810401BF0E7BE10BD82
:108620004FBB0200F8B506460F4642F2390006215C
:1086300014461D461BF0A5FE01238471240A037114
:10864000C7704671C47105720548F2F75FFE1BF0F2
:10865000C6FE407918B1BDE8F8401BF0C7BEF8BDB2
:108660009BBB0200044B18780130C0B2012838BF10
:1086700001201870704700BFA82700200148FFF7AD
:10868000B5BA00BF898601002DE9F04F867987B021
:108690000C3605900546805BC0F30B00FBF7FEFF30
:1086A000044618B905A811F0E9FB4EE090F87230C5
:1086B000022BF7D1AB5B059AC3F30B0103F44053D4
:1086C000B3F5805F9060A95342D153796FF30003F3
:1086D0005371836B002BE5D0042105A804F1380603
:1086E00011F0DBFC3046059911F0BEFCA06B0023B5
:1086F00001465A1CA9BBDBB2012B01D911F025FDA3
:10870000A06B11F04FFC03281FD9D4F838904846CD
:1087100099F8067011F046FC0C3709EB070539F89B
:108720000770A0F10408474522D9524FD4F838A069
:1087300007F1100957F804BB534642462946204624
:10874000D8474F4510D00028F4D007B0BDE8F08FCF
:10875000383011F093FB059A537943F001035371BC
:10876000BAE713460968C4E70028EED130469AE715
:10877000A06B11F017FC04378742F7D36988A1F189
:1087800040033F2B0BD80421304611F086FC2046D5
:10879000A26B69881BF0E6FE0023A363D5E70529D9
:1087A0000BD0062961D00429E0D1304611F075FCC8
:1087B000A16BA06CFCF7A0F8EEE7294620461BF061
:1087C000CFFE02460028D1D12B79122B06D0132BD5
:1087D00036D0204669791BF09BFEC7E794F87330CA
:1087E000022BF6D040F67A4029898B1F9BB2834238
:1087F00024D86A89931F9BB283421FD891421DD807
:10880000AB89B3F5FA7F19D240F6764CEF89A7F120
:108810000A0080B2604511D8B4F86A000290B4F83A
:108820006800CDE900702046FFF796FC021E18BFD5
:108830000122204669791BF0EBFD97E70122F8E75A
:1088400094F87330012B03D1204669791BF060FE48
:10885000A3681A048AD523F40043A3602B89012B53
:1088600084D12046FCF768FD80E72046A16B1BF011
:108870002FFF91E710980300014B9B68184700BF3A
:10888000D831002010B5044617F0F4FE30B1003C9A
:1088900018BF01240020024B1C7010BD0E20FCE705
:1088A000B02700200C4B01461A789AB95B689B07E9
:1088B00010D490F97520013218BF012291F852307E
:1088C00013F0400005D091F8600010F0400018BF90
:1088D000D0B270470122F1E7B0270020024B586860
:1088E00000F00200704700BFB0270020024B58681C
:1088F00000F00800704700BFB0270020014B1B6844
:10890000184700BFD831002008B517F0B3FE012882
:1089100009BF034B0020586800F0100008BD00BFDD
:10892000B027002007B502460846042802F00101DE
:1089300013D9B1B903200C4B5A6002F080030193A4
:1089400002F04003009302F0200302F0040200F062
:10895000E1FB002003B05DF804FB0029EBD0032805
:10896000E9D12120F6E700BFB027002010B50D495E
:108970000D480DF0D9FB044690B90C4B0C4A1A6017
:108980000C4A5A600C4A9A600C4ADA6000F08CFC7F
:10899000032104460020FFF7C5FF0022084B1A7090
:1089A000204610BDEFBEADDEBEBAFECAD8310020F3
:1089B00009910100934A030011920100D5AA010018
:1089C000B027002007B50191FBF776FE88B1019B27
:1089D000094A013393420CD845F21802002101AB39
:1089E0001BF0C2FFB0FA80F04009400003B05DF810
:1089F00004FB2120FAE700BF40420F00054A08B5FA
:108A0000431C934203D800F0A5FB002008BD2120A1
:108A1000FCE700BF40420F0038B504460320F0F7E2
:108A20007DF80546D0B194F87030037094F8753035
:108A300043702046FBF7F8FE2A46A87040F2026118
:108A400007481EF0E7FC074B2046DB6801219847EA
:108A500094F97500BDE83840FAF7F0BD38BD00BFA5
:108A6000CC270020D831002070B5054608200E46DE
:108A7000F0F754F8044680B195F870300021037087
:108A8000064B4660DB68284698472246BDE87040A2
:108A900040F2016102481EF0BDBC70BDD83100201B
:108AA000CC27002038B5054608200C46F0F736F8EC
:108AB000024638B1C0E90054BDE838400D210248F3
:108AC0001EF0A8BC38BD00BFCC27002038B5054635
:108AD00008200C46F0F722F8024650B195F87030A5
:108AE00040F20561037044600248BDE838401EF062
:108AF00091BC38BDCC27002013B504460191114626
:108B000012B301A904200DF01FFB019B104A20465F
:108B1000B3FBF2F102FB113345F21802002101937D
:108B200001AB1BF021FF0820EFF7F8FF024648B128
:108B300094F8703040F204610370019B4360054873
:108B40001EF068FC02B010BD45F2180201ABE8E768
:108B500040420F00CC27002010B504460120EFF75B
:108B6000DDFF024648B194F8703040F203610370B3
:108B7000BDE8104001481EF04DBC10BDCC270020C0
:108B800038B5054608200C46EFF7C8FF024650B13D
:108B900095F8703040F20761037044600248BDE808
:108BA00038401EF037BC38BDCC270020014B5B6835
:108BB000184700BFD831002010B50F4C2368D3B13F
:108BC0000022D3F8A0001A7783F83D2083F85E20B6
:108BD00010F099F82068442160301EF086FC20686F
:108BE00021211D301EF081FC20682121BDE81040AC
:108BF0003E301EF07ABC10BDBC270020F0B5062028
:108C000087B0EDF7D3FC11F04CFC054640B90146A6
:108C10001A20FFF747FF6FF08C04204607B0F0BD25
:108C20002F4E306810F06FF8044640B110F1880FF5
:108C300005D0014640F20740FFF734FFEDE717F09B
:108C400019FD0328074622D1002434600FF0F8FDF7
:108C5000000268606C6140F2011128461BF081FD42
:108C6000204B6946EB60204B2B6000230093EEF70E
:108C70001BFF0446E0B1014640F20740FFF712FF38
:108C8000284610F0C4FB284611F010FCC5E73268F6
:108C90006B686A61DAB222B923F0FF0343F0010383
:108CA0006B600FF0CDFD000240F001006860D2E77C
:108CB000032FE5D101AB102202A9009810F08EF825
:108CC0001021044602A81EF002FC02A910201DF08B
:108CD0007EF8102102A81EF008FC009B3360CFE74D
:108CE000B82700200044400400248000FF282DE91C
:108CF000F84316BF1C4D1D4B45EA002581464FF039
:108D000006008846174608BF1D68EDF74FFC11F0B6
:108D1000C8FB064618B30146284610F019F8044669
:108D2000304610F074FB304611F0C0FB14F1880F90
:108D30000FD1B9F1FF0F0ED1FFF760FF044660B904
:108D40000A4B1D680020C8F8005007B13C60BDE820
:108D5000F883002CF6D02120F7E70025F2E71A204F
:108D60006FF08C04F1E700BF06800400B8270020F4
:108D70002DE9F0418AB006AC8846154603462646E2
:108D800000F11007224618685968083303C2BB4235
:108D90001446F7D1102130461EF099FB002306201F
:108DA0000593EDF703FC11F07CFB044610B310278C
:108DB0004FF480711BF0D5FC194B1A49036005ABC9
:108DC000C160324628460293CDE900873B46EEF764
:108DD000C7FD0546F0B9394640461EF078FB3946D6
:108DE00030461EF082FB204610F011FB204611F0A9
:108DF0005DFB0BE06FF08C0140F20740FFF752FE85
:108E0000102130461EF071FB6FF08C0528460AB029
:108E1000BDE8F081014640F20740FFF743FEDEE780
:108E200000248000004440042DE9FF41054606204F
:108E300088461646EDF7BAFB11F033FB044648B9F5
:108E400001461A20FFF72EFE6FF08C05284604B06D
:108E5000BDE8F0810FF0F4FC2A466D4600232F4652
:108E6000000260606361204606F580711BF079FCAA
:108E7000144BE360144B236002F110032E4610687C
:108E80005168083203C69A423546F7D11021384658
:108E90001EF01DFB434610223946204610F023F8F1
:108EA000054620B1014640F20740FFF7FBFD1021C7
:108EB00038461EF01AFB204610F0A9FA204611F0A1
:108EC000F5FAC3E700444004002480002DE9F04394
:108ED0004FF0000987B0044606200E461746984614
:108EE000CDE90499EDF762FB11F0DBFA054670B3AA
:108EF0000FF0A6FC00024FF480516860C5F8149092
:108F000028461BF02EFCDFF874901B4B21462B608B
:108F10001022C5F80C9004AB0FF0E5FF044628BB07
:108F200005AB029310233246CDE9008349463B4608
:108F3000049810F008F90446C0B904980FF0E3FE55
:108F4000284610F064FA284611F0B0FA0AE06FF0F3
:108F50008C0140F20740FFF7A5FD04980FF0D3FE07
:108F60006FF08C04204607B0BDE8F083214640F244
:108F70000740FFF797FDE0E7002480000002C003F0
:108F8000F0B50E460446154693B0202230464349BC
:108F900010F033FC68B920222846414910F02DFC1E
:108FA00038B9404B1B681B7D002B64D040F2034056
:108FB0001BE0246C2022304604F1510110F01DFC0E
:108FC00038B92022284604F1710110F016FC00285F
:108FD000ECD00620EDF7EAFA11F063FA044630B956
:108FE00001461A20FFF75EFD1A2013B0F0BD0027DE
:108FF00000970FF025FC000260604FF4804120468E
:1090000067611BF0AEFB284B3046E360274B06F14F
:109010002002236004238DF804300DF1050350F87D
:10902000041B904243F8041BF9D10DF105002021E7
:109030001EF04DFA28460DF1250305F1200250F8E7
:10904000041B904243F8041BF9D120210DF12500A7
:109050001EF03DFA01A96B46412220460FF043FF66
:10906000014650B9204610F0D2F9204611F01EFA00
:1090700000980FF048FE0020B7E710F1870F03D0EB
:1090800040F20740FFF70EFD204610F0C0F92046E1
:1090900011F00CFA00980FF036FE87E734990300C0
:1090A00014990300BC2700200000020912410001AE
:1090B00000F0C003402B07D1094B1B6873B100F0CF
:1090C0003F0053F820007047802B01D1054BF4E797
:1090D000054A0648C02B08BF104670470348704732
:1090E000C4270020C0270020954B0300B59601003F
:1090F000102828BF1020072838BF0720014B1B6805
:1091000018727047BC270020014B1B68187A704703
:10911000BC270020003918BF0121003B18BF0123E4
:1091200010B50B4C003A246818BF0122A3749DF8B7
:1091300008302070003B18BF0123E3749DF80C3009
:109140002174003B18BF01236274237510BD00BF5A
:10915000BC270020014B1B68D8607047BC2700204B
:1091600010B50D4B02461B68187F022810D082B143
:10917000012201F110001A7703F11D0251F8044B8E
:10918000814242F8044BF9D1012283F83D200020AE
:1091900010BDFFF711FDFAE7BC27002070B51B4B8F
:1091A0000D461E681446337F022B2AD128B351B3D3
:1091B0004AB3102206F11D0010F01FFB18B3102255
:1091C000214606F12D0010F018FBE0B1294606F10A
:1091D0003E0305F1100251F8040B914243F8040BD1
:1091E000F9D1214606F14E0304F1100251F8040BA7
:1091F000914243F8040BF9D1012086F85E0000206B
:1092000070BD0220FCE72120FAE700BFBC27002048
:1092100001280AD002280ED098B90B4B1A6893691E
:1092200043F00103002093617047074B1A6893696C
:1092300043F00203F6E7044B1A68936943F0040312
:10924000F0E72120704700BFBC27002038B5094D4A
:109250002C685CB9A42011F024F9286040B12246A2
:10926000BDE83840044905480CF0B6BE002038BDC2
:109270001A20FCE7BC270020B1470300C8270020C4
:10928000024B034A00201A60704700BFC427002029
:10929000D0980300024B034A00201A60704700BFB9
:1092A000C0270020A898030010B5144CFFF784FCD9
:1092B0002068A4211EF019F903224FF0FF31236822
:1092C0001A70D960002210211A7783F83D2083F8A4
:1092D0005E201A829A7419729A61EEF719FC04469C
:1092E00048B917F0C7F90328054B08BF00232046EB
:1092F000044A136010BD40F20740FBE7BC27002082
:1093000037000400B82700202DE9F04383680446A5
:10931000590687B040F1B18023F0400383601BF011
:10932000E8FA802802D0402840F0AA8094F975809D
:1093300004F13409B8F1FF3F1DD117F09BF9012862
:1093400071D1636B04201A888DF808201A4632F810
:10935000021B090A8DF80910D3F8023002A9CDF8D2
:109360000A3053680A22CDF80E30FAF7F5F8B0F15A
:10937000FF3F804657D0A56815F4807553D106206D
:10938000EDF714F911F08DF8074698B901461A2047
:10939000FFF788FB204641F20601FFF765FB2046F8
:1093A0000021FEF79DFC04F1340007B0BDE8F04356
:1093B0001BF0EFBA20461BF09CFA802828D1494DBB
:1093C000394645EA082528460FF0C2FC06463846CD
:1093D00010F01DF816F1880F1BD1434D394645EAB0
:1093E000082528460FF0B4FC0646384610F00FF862
:1093F000384611F05BF896B9606B2A4602A90A302C
:10940000FFF7B6FC70B3102102A81EF06EF8C1E79A
:109410002E4620461BF06DFA4028E9D1DDE73146A3
:1094200040F20740B4E794F87430DA0702D4A36836
:10943000DB05AFD5002201A904F118000192FFF766
:10944000F3FC18B101980FF05EFCA3E7606B019A82
:1094500002A90A30FFF78CFC054601980FF053FC77
:10946000002DD0D1204602A9FEF73AFC02A8102117
:109470001EF03BF848461BF08CFA07B0BDE8F083BD
:10948000636B1A88002A85D1882801D04B2881D1A6
:109490000021013313F8012F002A7FF47BAF013143
:1094A0000829F7D1206C01A900F598700192FFF707
:1094B000BBFC0028C6D1606B019A02A90A30FFF7F5
:1094C00057FC054601980FF01EFC002D9BD120464D
:1094D00002A9FEF705FC02A810211EF006F804F10F
:1094E0003400C8E705800400038004002DE9F04340
:1094F000804693B006200F4616469946EDF756F87B
:1095000010F0CFFF044648B901461A20FFF7CAFA07
:109510006FF08C05284613B0BDE8F0830FF090F98A
:1095200000230002606063614FF4804120461BF01D
:1095300018F95A4BE3605A4B23605A4B1A68137F51
:10954000022B21D102F1600302F1800153F8040BD8
:109550008B4247F8040BF9D102F1A00153F8040B38
:109560008B4246F8040BF9D1D2F8A0302046C9F856
:1095700000300FF04CFF204610F098FFB8F1000FBC
:1095800040F085800025C5E79369DB072DD5464B64
:1095900003F1200253F8041B934247F8041BF9D14E
:1095A000424B03F1200253F8041B934246F8041B7C
:1095B000F9D14B4620223E4920460FF094FC054647
:1095C00020460FF024FF204610F070FF002DD5D06C
:1095D000294640F20740FFF765FAB8F1000F99D02D
:1095E000082140461BF0B4FA94E74946EEF75CFACE
:1095F000054690B1014640F20740FFF753FAB8F133
:10960000000F03D0082140461BF0A2FA20460FF0BD
:10961000FEFE204610F04AFF7CE76B46412201A97E
:10962000D9F800000FF034FC054620460FF0EFFE9D
:10963000204610F03BFF4DB1294640F20740FFF7AE
:1096400031FAD9F800000FF05EFBC6E73A460DF19B
:1096500005030DF1250153F8040B8B4242F8040B6E
:10966000F9D132460DF1450153F8040B8B4242F813
:10967000040BF9D101A841211DF037FF3846202104
:109680001DF025FF202130461DF021FF76E7002246
:1096900045F2160140461BF057F973E70000020936
:1096A00012710001BC27002020980300419803009C
:1096B0005499030045F20603994210B5044637D089
:1096C0001FD840F20323994207D045F20203994282
:1096D0003FD040F2012399421FD1244894F87010E2
:1096E0001DF06FFE94F873304FF4A041012B14BFAE
:1096F00080204020FFF7DCFC0022034620469847EC
:109700000BE045F2170399422ED045F21A03994215
:1097100005D045F20C0399421FD0482007E0C02134
:109720001BF0F7F807212046FFF79EF9002010BD37
:1097300093791A44517C41F49051FFF795F994F8CC
:1097400073302046012B14BF802140211BF0E1F82B
:10975000ECE705211BF0FCF9E8E71BF0CAF841280B
:10976000E4D005212046F5E70220E0E7C8270020E5
:10977000F7B52B4F06463B680D461B7F1446012B61
:109780004CD000283DD0FFF717FA396810201D3162
:109790000CF0DAFC28B1FFF70FFA40F2074003B0F3
:1097A000F0BD396801F1A00301F180026031FFF7DB
:1097B0009DFE0028EFD13B6803F1600203F12D0606
:1097C0001146CDE900061D331BF010FA0028E2D146
:1097D00002233A681377012302F12D0182F83D300C
:1097E00002F11D0353F8040B8B4245F8040BF9D129
:1097F0003D3253F8041B934244F8041BF9D1002076
:10980000CDE7FFF7D9F931461022284610F01FF8AE
:1098100010223146204610F01AF8F0E70220BEE789
:10982000BC270020B1F5A04F2DE9F04104461646B3
:1098300000F01481A1F5A043DD1F042D00F2158175
:109840009279083B0C321644026C92F85021032B9B
:1098500005D8DFE813F043009B00B9000001D107F1
:1098600019D5771D1022394682480FF0C6FF00280F
:1098700062D016F0FFFE0128206C0ED103213A467B
:1098800090F95E01F9F706FE1021054638461DF0F5
:109890002CFE002D4CD100276BE03B46102203210B
:1098A00090F95E0116F0E8FE94F873300546012B3E
:1098B0000DD13B4604F11802153653F8041BB34290
:1098C00042F8041BF9D1A36843F48073A36010210C
:1098D00038461DF00AFE002DDDD011E012F0010720
:1098E000D9D016F0C7FE01282DD1236C062093F99C
:1098F0005E81ECF75BFE10F0D4FD054618B91A2521
:109900000021284612E001465B4840EA08200FF09B
:109910001FFA804628460FF07AFD284610F0C6FD53
:10992000B8F1000F0FD0414640F20740FFF7BAF8F8
:10993000082120461BF00CF9204608211BF008F9ED
:1099400040F2034020E0206C06F1050843460A225D
:10995000022190F95E0116F08FFED6F8053005461B
:10996000A362D6F80930E362B6F80D3023860028EA
:10997000C6D1226C92F8503123EA070382F85031A5
:1099800020461BF0A3F90020BDE8F081920782D5A4
:1099900016F070FE012806F10506206C09D106219B
:1099A000324690F95E01F9F775FD10210546304603
:1099B0006DE706213346102290F95E0116F05CFE39
:1099C00010210546304684E793077FF564AF16F013
:1099D00051FE01281AD1236C062093F95E71ECF731
:1099E000E5FD10F05EFD0546002888D001462348BD
:1099F00040EA07200FF0ACF9074628460FF007FDB4
:109A0000284610F053FD0FB139468DE7717989B9B9
:109A10000A46731D13F8010F60B90132062AF9D105
:109A200094F85210206C81F0080104F14C03C1F34A
:109A3000C00106E000394FF0060218BF0121206C7A
:109A4000B31D90F95E0116F017FE054600287FF45D
:109A500057AF02278DE702F004078AE71AF0B5FE38
:109A60000022236C83F85C218AE7BDE8F041FFF710
:109A700021BE00BF04990300038004000680040097
:109A8000F0B5B1F5A04F05468DB008D045F21304EE
:109A9000A14244D00DB0BDE8F040FFF70BBE00235B
:109AA000046CCDE90833CDE90A3394F85D310DF14A
:109AB000200C042B2CD11F4B1B6893F85E205AB14D
:109AC000674603F13E024E333E4610685168083245
:109AD00003C69A423746F7D104F58473069305F11D
:109AE0005303059305F15A030493237928460393FE
:109AF000637904F1C8020293A37904F1F801CDE976
:109B000000C304F1B8031BF058FB00200DB0F0BDFA
:109B1000013B022B9CBFD4F82C310893DCE7016C8D
:109B200001F584711AF06DFE4A2128461AF0F1FE03
:109B3000EBE700BFBC270020F0B545F20E06B142AE
:109B4000044613468DB00BD045F21303994260D002
:109B5000B1F5A04F77D11AF038FE00200DB0F0BD5E
:109B60009979026C0C310B44591D02F58C72153336
:109B700051F8040B994242F8040BF9D1256C1022DC
:109B800005F58C7105F584700FF037FE20B90B21B7
:109B900020461AF0DDFFE0E70023CDE90833CDE9E8
:109BA0000A3395F85D310DF1200C042B2AD1284B96
:109BB0001B6893F83D205AB1674603F11D022D330F
:109BC0003E4610685168083203C69A423746F7D1BC
:109BD00005F5A073069304F15A03059304F15303AA
:109BE0000493EB7A204603932B7B05F1B802029392
:109BF0006B7B05F1F801CDE900C305F1C8031BF04B
:109C0000DCFAAAE7013B022B9CBFD5F82C31089364
:109C1000DEE7056C102205F5A07105F58C700FF0DC
:109C2000ECFD0028B3D1D5F858314B219B0748BF34
:109C300094F87430204644BF43F0020384F8743033
:109C40001AF067FE89E70DB0BDE8F040FFF732BDBE
:109C5000BC27002073B545F21406B14204461AD061
:109C600045F21906B14221D0B1F5A04F28D11AF022
:109C7000ACFD216C204601F59473019301F1B8030A
:109C8000009301F1110201F1C80351311BF036FBC1
:109C9000002002B070BD036CD3F828210B4BB2FB3F
:109CA000F3F103FB1121FEF711FFF1E713781BB964
:109CB0000C211AF04DFFEBE749211AF02AFEE7E7E5
:109CC00002B0BDE87040FFF7F5BC00BF40420F0096
:109CD0002DE9F04F97B01546DDE9209804AA064615
:109CE0008C4692461C46524B229F03F1100B96461F
:109CF000186859680833AEE803005B457246F6D130
:109D00006B46202261465046FFF7E0F88346002864
:109D100071D1484B05F11002089365238DF824306A
:109D20000DF12503184655F8041B954243F8041B12
:109D3000F9D110211DF0CBFB0DF13503184604F1CC
:109D4000100254F8041B944243F8041BF9D110216B
:109D50001DF0BDFB99F80630062183F00803C3F31C
:109D6000C0038DF84530D9F800300DF14600CDF82C
:109D70004630B9F804300124ADF84A301DF0A7FB95
:109D800098F80630062183F00803C3F3C0038DF86A
:109D90004C30D8F800300DF14D00CDF84D30B8F80A
:109DA0000430ADF851301DF092FB002335228DF8C0
:109DB00054306846239B08A98DF85340FFF786F876
:109DC0008346C0B9102123981DF081FB3B46352204
:109DD000684608A98DF82040FFF778F8834650B907
:109DE000B27C0146C2F1100238460FF030FD10215E
:109DF00038461DF06CFB102168461DF076FB3521BE
:109E000008A81DF072FB102150461DF06EFBBBF13F
:109E1000000F06D0082130461AF09AFE17B0BDE8B0
:109E2000F08F5A4645F2120130461AF08DFDF5E7E3
:109E3000629803000062746C70B51E4604230546E8
:109E400096B014468DF8143001F120020DF115037F
:109E500051F8040B914243F8040BF9D120210DF184
:109E600015001DF034FB22460DF1350304F12001ED
:109E700052F8040B8A4243F8040BF9D120210DF16A
:109E800035001DF024FB04AB0293202301931A9BA1
:109E9000314600930E48412305AA0FF067F90446A6
:109EA000412105A81DF021FB54B1214640F2074095
:109EB000FEF7F8FD082128461AF04AFE16B070BDDC
:109EC000224645F2150128461AF03EFDF6E700BF8E
:109ED0000000020945F20D039942F7B5044627D068
:109EE0000DD8B1F5A04F1DD045F20403994200F002
:109EF0008F80204603B0BDE8F040FFF7DBBB45F2A2
:109F00001103994200F0A68045F215039942F0D161
:109F1000006C90F85D31052B06D8DFE803F0503A6D
:109F2000423A55501AF051FC0027384603B0F0BDB4
:109F300093790C331A44561D02F125052A46314601
:109F4000FFF71EF8074620B10B2120461AF000FE4D
:109F5000EBE73146236C113351F8042BA94243F847
:109F6000042BF9D1236C01F12002313351F8040B99
:109F7000914243F8040BF9D1216C204601F1D8033A
:109F80000093D1F8943001F131021131FFF754FF01
:109F9000CAE7204645211AF0BCFC2046FEF7DCFD4E
:109FA000C2E7204645211AF0B4FC364B20461B6818
:109FB000D9684B1C5A425A41FEF79EFDB4E7462130
:109FC00020461AF0A6FCAFE72E4B1B6893F85E50B4
:109FD00065B1002100F1110200F5A070019000911F
:109FE000204611463E331AF001FE9DE71021C8308D
:109FF0001AF0C5FC00283DD0082120461AF0A8FD23
:10A00000294640F20740FEF74DFD40F207478CE736
:10A010009179036C0C310A44511DA833153251F863
:10A02000040B914243F8040BF9D1256C102205F181
:10A03000A80105F198000FF0E0FB20B904212046AB
:10A040001AF086FD70E7D5F8583143F00103C5F8E2
:10A05000583169E70B4B056C196810224E3105F534
:10A06000A0700FF0CAFB0028E8D1102105F1C8004C
:10A070001AF085FC216C2046C8311AF0DEFB47211E
:10A080009EE700BFBC27002045F216039942F7B5B2
:10A09000044600F0B0810CD8B1F5A04F0FD045F2C6
:10A0A0000303994210D0204603B0BDE8F040FFF70B
:10A0B00001BB45F217039942F5D1022002E01AF0E4
:10A0C00084FB002003B0F0BD9379056C0C33D618E7
:10A0D000F379DF070CD4FEF701FC18B994F9753059
:10A0E000013305D0052120461AF032FD2120E9E791
:10A0F000A24F337A3A68127A9A4202D8A27C9A42E4
:10A1000001D90621EFE7D6F80530C5F80B30B6F8CF
:10A110000930A5F80F300223AB7294F9523094F84D
:10A120005210002BB2BF012381F00803C3F3C00318
:10A13000AB7094F8603083F00803C3F3C0036B7016
:10A14000337A102B28BF1023A374F379D8072BD5AB
:10A15000AB79DA0728D5737A2A7A134085F851311A
:10A16000B37A6A7A134085F8503195F95E3101333C
:10A170001ED0206C90F850319B0719D481F0080153
:10A18000062290F95E0104F14C03C1F3C00116F000
:10A1900073FA68B140F21B412046FEF765FCA368E4
:10A1A0005907A3D508219EE7002385F85131DAE746
:10A1B0003B68F079597C00F0080229B112B1AA7904
:10A1C000120703D403218EE7002A73D0AA7911075E
:10A1D00070D5D5F8581141F00401C5F85811B5F8FB
:10A1E000501121F4807121F00101A5F8501193F86C
:10A1F0001CC0B179BCF1020F03D0002937D0022175
:10A2000071E729B3012283F83D20DA7C52BB042395
:10A2100085F85D3194F91330022B03D1D5F858310C
:10A220005B07CFD516F026FA01285CD194F97500AA
:10A23000461C58D0002201A9C0B2FEF757FD0028E5
:10A2400051D1236C93F85021900748D40A214AE752
:10A2500093F85E20002AD2D083F83D10DB7C002BDF
:10A26000CDD1D4E793F85E30002BD0D1C7E70243BD
:10A2700012F0040209D185F85D211B7C002BA1D1CD
:10A2800094F8743098079DD4C4E772791878052A39
:10A2900028BF03223A4902EB82020A44125C85F885
:10A2A0005D211B7C1BB994F874309907B2D5002A44
:10A2B000B0D187E71A7F012A02D1B279002AA6D14C
:10A2C000420703D4AA7912F00402D4D07279187824
:10A2D000052A28BF03222B4902EB8202DDE793F80F
:10A2E00051319907B2D594F97500421C18D0226CEF
:10A2F0000821D2F8583143F04003C2F8583116F023
:10A30000D2F9052194F9750016F0A1F9032194F909
:10A31000750016F09CF9062194F9750016F097F96E
:10A3200095F85D31206C042B00F5987021D13B68C5
:10A3300003F11D022D3352F8041B9A4240F8041B0E
:10A34000F9D1D5F8583195F85D2103F00401DAB957
:10A3500023F00203C5F85831E274002946D0216C7D
:10A36000204601F1940301F171025131FFF7BEF86B
:10A37000A7E6102200210FF06AFAE2E7BC270020CE
:10A38000739803008C98030043F00203C5F858311A
:10A3900049B90123013AE374032A3FF692AEDFE89C
:10A3A00002F010181025A37C0F2B89BF94F874308D
:10A3B000012343F0080384F8743088BF0223E37458
:10A3C000CDE7204645211AF0A4FA2046FEF7C4FB4B
:10A3D00077E6204645211AF09CFA3B682046D9686A
:10A3E0004B1C5A425A41FEF787FB6AE6432120463E
:10A3F0001AF08FFA65E61AF058FA4221F7E700BF23
:10A40000F8B50446FEF74EFA266C054628B394F9D3
:10A4100075305F1C0BD086F85E31FEF75FFA0721BE
:10A4200001201AF0E2F9024638BB1A2111E0204659
:10A43000F9F712FA86F85E01236C93F95E31013365
:10A44000EBD1FEF74BFA60B1A3685D070FD441F280
:10A4500005212046FEF708FB0DE0FF2386F85E315C
:10A46000EFE794F975300133EED10025D7E70521E8
:10A4700020461AF06DFB0020F8BD32498679096844
:10A480000C3691F800C0831983F801C091F81CE0E4
:10A49000281E18BF0120BEF1010F0DD183F802E084
:10A4A000D870487C00B3D87800071DD4A3685B0738
:10A4B000DDD441F20321CCE78F69BEF1020F07F032
:10A4C00002070ED191F85EE0BEF1000F09D04FF007
:10A4D000010E83F802E0D870002FE2D140F00800AE
:10A4E000DEE74FF0000EF4E7BCF1030F07D0096977
:10A4F00011F0FF1F1EBFD97841F00401D97094F804
:10A5000074108F0708D5D978480705D4BCF1030F1C
:10A51000CFD041F00401D970002D18BF03251021C0
:10A520005D7119719D71216C9059C1F80300988873
:10A53000A1F807009B7920464B72062119F08CFF89
:10A54000012099E7BC270020F0B545F20E06B14284
:10A55000044615468DB00ED045F21306B1425CD0CC
:10A56000B1F5A04F40F0BD801AF02FF9236CD3F85D
:10A570005831190757D5236CD3F8582112070CD43A
:10A58000AA7903F584730C3215446A1D153552F807
:10A59000041BAA4243F8041BF9D10023256CCDE922
:10A5A0000833CDE90A3385F85C3195F85D310DF15A
:10A5B000200C042B2AD14D4B1B6893F83D205AB137
:10A5C000674603F11D022D333E461068516808327C
:10A5D00003C69A423746F7D105F5A073069304F1F6
:10A5E0005A03059304F1530304932B7905F1C80230
:10A5F00003936B790293AB79CDE900C305F1B803FE
:10A60000204605F1F8011AF0D8FD0CE0013B022BC1
:10A610009CBFD5F82C310893DEE7056C95F85C31CA
:10A6200023B1012B54D000200DB0F0BD102205F550
:10A63000A07105F584700FF0E0F820B10B212046E1
:10A640001AF086FAEFE7D5F858310DF1200C9B0788
:10A6500042BF94F8743043F0020384F8743001234D
:10A6600085F85C310023CDE90833CDE90A3395F84C
:10A670005D31042B25D11D4B1B6893F85E205AB128
:10A68000674603F13E024E333E4610685168083279
:10A6900003C69A423746F7D105F58C73069304F149
:10A6A0005303059304F15A030493EB7A05F1B802BE
:10A6B00003932B7B02936B7BCDE900C305F1C803A9
:10A6C0009EE7013B022B9CBFD5F82C310893E3E7B2
:10A6D00005F58C711AF095F8882120461AF019F9C1
:10A6E000A1E70DB0BDE8F040FEF7E4BFBC270020B5
:10A6F00045F21403994213B504462BD00CD8B1F59A
:10A70000A04F13D045F20E03994232D0204602B03A
:10A71000BDE81040FEF7CEBF45F219039942F5D1CE
:10A72000137813BB0C211AF013FA10E01AF04DF84D
:10A73000216C204601F59473019301F1B803009355
:10A7400001F1510201F1C80311311AF0D7FD0020C7
:10A7500002B010BD036CD3F82821114BB2FBF3F10A
:10A7600003FB1121FEF7B2F9F1E787211AF0D1F8C6
:10A77000EDE79179036C0C310A44511D03F58473A4
:10A78000153251F8040B914243F8040BF9D1226CB5
:10A79000D2F8583143F00803C2F85831D7E700BF68
:10A7A00040420F0045F2100330B59942044685B08F
:10A7B00000F0A6800CD8B1F5A04F27D045F20503D4
:10A7C000994228D0204605B0BDE83040FEF772BF60
:10A7D00045F21103994200F0B08045F2120399420C
:10A7E000F0D1016C91F85D3113B1043B012B03D81A
:10A7F0002046B8311AF021F8236C93F85D31042B10
:10A8000040F2DF80052B03D1862192E019F0DDFFB5
:10A81000002005B030BD9179036C0C310A44511D04
:10A82000C833153251F8040B914243F8040BF9D1A7
:10A83000206CD0F8583113F0040354D090F85D31F7
:10A84000042B22D1604B1B6893F85E5065B1002148
:10A8500000F111020091114600F5A07001903E3305
:10A8600020461AF0C3F9D3E71021B8301AF087F860
:10A8700058B1082120461AF06BF940F207402946EA
:10A88000FEF710F940F20740C3E7216C91F85D3103
:10A8900001F1C80213B1043B012B12D801F1F803F6
:10A8A000039301F59873029304F15A03019304F1A1
:10A8B0005303009301F1B8032046D831FFF708FA9B
:10A8C000A6E701F5A073019391F85C01D1F82C3152
:10A8D000C34003F0010343F080030093134601F1EA
:10A8E00051021131BCE780F85C3100F1C8020093DD
:10A8F00000F5987100F5A07320461AF073FD87E704
:10A90000056C102205F1980105F5A0700EF075FF99
:10A9100020B1042120461AF01BF979E78821D5F8E7
:10A9200058319B0742BF94F8743043F0020384F817
:10A930007430204619F0EDFF6AE7056C95F85D313B
:10A9400005F5A070042B1ED11F4B102219684E3143
:10A950000EF053FF0028DCD1102105F1B8001AF0E9
:10A960000EF8216C01F1F803039301F5987302933B
:10A9700004F15A03019304F15303009301F1C80257
:10A9800001F1B80398E70146102205F198000EF096
:10A9900034FF0028BDD105F1B801204619F04DFF64
:10A9A000216C91F85C310133DBB2142B81F85C31FE
:10A9B000D8D0D1F8583123F00103C1F8583184219F
:10A9C000B7E78721B5E700BFBC27002045F2150394
:10A9D0009942F7B5044651D00CD8B1F5A04F19D023
:10A9E00045F20D0399421BD0204603B0BDE8F0406C
:10A9F000FEF760BE45F216039942F5D1016C01F1F4
:10AA0000D8030093D1F8943001F131021131FFF7EE
:10AA100013FA01E019F0D9FE0027384603B0F0BD63
:10AA200093790C331A44551D02F125063246294606
:10AA3000FEF7A6FA074620B10B2120461AF088F847
:10AA4000EBE72946236C113351F8042BB14243F84C
:10AA5000042BF9D1236C01F12002313351F8040B9E
:10AA6000914243F8040BF9D1216C204601F1940383
:10AA700001F171025131FEF739FDCDE719F015FFF3
:10AA8000236C93F85D31052BC6D8DFE803F019037A
:10AA900011111E192046822119F03BFF0C4B204654
:10AAA0001B68D9684B1C5A425A41FEF725F8B3E798
:10AAB0002046822119F02DFF2046FEF74DF8ABE726
:10AAC0008321204619F025FFA6E78521F9E700BF7D
:10AAD000BC270020204B10B51B6804469B6913F06F
:10AAE000040310D141B180F8773090F87010BDE8C0
:10AAF00010401A481CF065BC90F87330012B03D14C
:10AB00008368580705D410BD022B02D1836859070A
:10AB1000F9D494F9772094F87730002AF3DBB3B9AD
:10AB2000012384F8773094F877305B08EBD04FF44A
:10AB30007A7294F870105343084800220BF02AFAF6
:10AB400094F8773063F07F0384F87730DBE75A06B8
:10AB5000E9D45B00E5E700BFBC270020C827002040
:10AB600045F21E0330B599420446154689B010D807
:10AB700045F21603994213D845F20103994200F0B9
:10AB8000828145F20C03994222D0B1F5A04F00F02A
:10AB900080812A46204609B0BDE83040FEF78ABDD4
:10ABA000A1F5A043173B072BF3D801A252F823F0DD
:10ABB00095AC010093AB010093AB010093AB010096
:10ABC00041AE010093AB01000DAE010081AC01006C
:10ABD00090F97730002B02DB8268530707D52046B7
:10ABE000092119F0B5FF41F2092009B030BDAB7958
:10ABF0002B44914D5B7C2D6803F008016D7CD5B131
:10AC000021B9032119F0A4FF2120EEE713F0040F6E
:10AC100003F0010308D042F00802826093B9A368F0
:10AC200043F02003A36013E0002BF8D0836843F0C7
:10AC300010038360F3E7580744BF42F00802A260A4
:10AC4000DB0703D5A36843F01003A3600029E6D116
:10AC5000A368224643F00403A360784920460BF022
:10AC6000BBF90221204615F0CDFD47F230530022FA
:10AC700045F21A0120460BF08DF9A3689D054AD5CF
:10AC8000A368580747D594F8700009B0BDE8304074
:10AC900019F0B5BC90F87430D90745D590F97530E6
:10ACA00001333AD094F9131001291DDCA2689306F0
:10ACB0000DD5614B15071B6801D4187C38B1187F7E
:10ACC00010B91878032802D09B6998072CD5012960
:10ACD0000AD0594B11071B6801D41A7C22B11A7F84
:10ACE00012BB1B78032B1FD10023CDE90433CDE920
:10ACF000063315F0BFFC012801AB2DD0A06AE16A34
:10AD0000228E03C31A802046BDF8042004AB0DF147
:10AD10000601FDF751FA002067E78368DA0616D4CA
:10AD2000FDF7DCFD0028BDD0434B1B68197F0229CD
:10AD300029D1DA7C3AB393F85E3023BBA3685A0773
:10AD400017D5204619F004FF41F202204DE7FDF728
:10AD5000A9FD0028E4D0E7E70A22022194F9750052
:10AD600015F0CBFC0028CED1CDE90100ADF80C00E8
:10AD7000C9E7204641F20221FDF776FE0121204677
:10AD8000FFF7A8FEE0E7204619F0F1FCA56860B9DE
:10AD90006B0705D50821204619F0DAFE1A2024E7B2
:10ADA0001A212046FDF760FEF8E715F0040508D0EB
:10ADB000FDF79CFDC8B1204694F97510FDF7E0FE43
:10ADC000A9E722461D4920460BF006F9022120463C
:10ADD00015F018FD47F230532A4645F21A01204675
:10ADE0000BF0D8F8A3685D07E2D4226CD2F8583192
:10ADF00043F020032046C2F85831FFF701FB00283A
:10AE000089D04121204619F084FD84E7FDF76EFDCD
:10AE1000002868D0226C002A65D0A368580762D544
:10AE2000D2F8583199065ED429780029E0D105215D
:10AE3000204619F08DFE6EE7BC270020694903000B
:10AE400090F87430D80707D44021204619F061FDEE
:10AE500029462046FDF708FEA36859077FF55BAF3A
:10AE6000204645F21A011CF0ACFA204622461F4942
:10AE70001CF0E0FAA368022123F03C032046A36003
:10AE8000F9F76AFC47E70246184919480BF0A4F89D
:10AE900041E745F21A011CF094FAA36823F03E033F
:10AEA000A360236C6BB193F95E01421C09D094F945
:10AEB0007520013203D0D3F858315B0601D5F8F77D
:10AEC000C7FB2246204609491CF0B4FA224607492E
:10AED00007481CF0AFFA20460221F9F73DFC204656
:10AEE00019F096FD17E702207FE600BF69490300CD
:10AEF000CC27002045F21E0399422DE9F341044678
:10AF0000154611D845F21603994214D845F20103AB
:10AF1000994200F0438345F20203994200F09C807D
:10AF2000B1F5A04F00F040832A46204602B0BDE8AC
:10AF3000F041FEF7BFBBA1F5A043173B072BF3D8A9
:10AF400001A252F823F000BF69AF010029AF010050
:10AF500029AF010029AF010057B5010029AF010059
:10AF600029B10100EFB00100874E33681A7F022A31
:10AF700011D1DA7C7AB193F85E3063B941F20221E3
:10AF8000FDF772FD20460121FFF7A4FD41F20220EA
:10AF900002B0BDE8F081A368590701D50220F7E7A8
:10AFA0002046FDF77FFC3368051E1A7818BF01257F
:10AFB000032A07D019696AB211F0FF1F28D042F0A6
:10AFC000040503E094F87420920729D49A6996073F
:10AFD00023D41A7F012A20D045F0080502210B2036
:10AFE00019F003FC024600B3837903445D7394F9BE
:10AFF0007530013303D094F87430DD0703D5A368AE
:10B0000043F00203A3600621204619F025FA0CE064
:10B0100094F874108F07D2D4D8E75B7C002BDDD076
:10B0200041F203212046FDF71FFDA368224643F0AD
:10B030000403A360554920460AF0CEFF02212046B2
:10B0400015F0E0FB47F23053002245F21A0120468A
:10B050000AF0A0FF00209BE78368580703D494F907
:10B060007730002B05DB236C53B1D3F85831D90668
:10B0700006D52046092119F06BFD41F2092087E72A
:10B08000204619F074FB28B90821204619F060FD0C
:10B0900021207DE7206CD0F8583143F01003C0F830
:10B0A0005831AB790C332B445A68C0F803201A8905
:10B0B000A0F8072001229B7A4372236CDA70A26801
:10B0C00012F0040610D12246304920460AF084FFCF
:10B0D0000221204615F096FB47F23053324645F2E6
:10B0E0001A0120460AF056FFA3689A05B2D5236CD0
:10B0F000002BAFD0D3F85831DB06ABD5FDF7F6FB0C
:10B1000094F9751030B1A3689F0703D42046FDF76A
:10B1100037FD9FE70846F8F791F928B194F87430A5
:10B12000DE0701D40521B0E7236C002B3FF436AFD6
:10B13000D3F85831D8067FF531AF99063FF52EAFD9
:10B14000FDF7D4FB48B1A3689A0706D42B7823B93E
:10B150000521204619F0FCFC7CE7A368256C23F050
:10B160000203A360D5F85831074F43F02003C5F818
:10B1700058313B68EA791B7A934202D8A37C934208
:10B1800006D9062181E700BFBC27002069490300DA
:10B1900094F9521094F852300029B2BF012383F081
:10B1A0000803C3F3C003102A28BF10226B7094F861
:10B1B0006030204683F00803C3F3C003AB70A27471
:10B1C000AE79FDF76FFB90B3F30730D594F9753086
:10B1D000D4F84080581C20D088F85E3106F00D0667
:10B1E0003B689A69910704D41A7F012A01D032077B
:10B1F00001D406F0F7061A78032A1BD01B6913F056
:10B20000FF1F01D046F004060721022019F0EDFAD5
:10B210000190A8B940F20340BAE62046F8F71CFBBB
:10B2200088F85E01236C93F95E310133D6D106F0C4
:10B230000C06D5E71B7F002BE6D106F0FB06E3E703
:10B2400090F806C03A680CF10C0C137800EB0C0176
:10B250004B70137F012B06D0022B45D192F85E3044
:10B26000003B18BF01238B701023CE7016F001062F
:10B2700008BF32460B711FBF2B7A6A7A03F00303B3
:10B280004B71236C14BF02F003024E718A7183F874
:10B2900051214A7983F8502150F80C20C3F80A2034
:10B2A0008A88DA818A791A7406B3206C90F8501172
:10B2B00011F002061AD194F85210062281F008010A
:10B2C00090F95E0104F14C03C1F3C00115F0D4F90B
:10B2D00060B13146FDF7E6FB2046082119F038FC45
:10B2E00001A80EF0CBFD95E70023BCE7019E002EE0
:10B2F00090D0FDF7F3FA95F806C018B994F97530B7
:10B3000001330FD01CF0010F04D0236C93F95E3190
:10B31000013307D10521204619F01AFC3046EDF71C
:10B32000D7F9B5E63B680CF00802597C29B112B197
:10B330006A7B100703D40321EDE7002A70D06A7BF3
:10B3400011076DD5D5F8581141F00401C5F8581111
:10B35000B5F8501121F4807121F00101A5F85011C8
:10B36000187F697902280FD091B942EA0C0212F0D5
:10B37000040240D185F85D211B7C002BDBD194F8C1
:10B3800074309807D7D40DE021B993F85E203ABB0A
:10B390000221C0E7012283F83D20DA7C32BB04237E
:10B3A00085F85D3194F91330022B03D1D5F858316B
:10B3B0005A07C0D515F05EF901284DD194F97500F2
:10B3C000431C49D0002201A9C0B2FDF78FFC002820
:10B3D00042D1236C93F85021910737D40A219AE780
:10B3E00083F83D10DB7C002BD2D1D8E793F85E3098
:10B3F000002BD4D1CCE72A791978052A28BF03225B
:10B400007C4801EB810101448A5C85F85D211B7C4D
:10B410001BB994F874309907C4D5002AC2D18AE7C1
:10B420001A7F012A02D16A79002AB8D11CF0040FD0
:10B4300003D16A7B12F004029CD02A791978052A7C
:10B4400028BF03226C4801EB8101DCE793F85131FE
:10B450009A0701D40A2118E694F97500431C18D004
:10B46000226C0821D2F8583143F04003C2F8583119
:10B4700015F019F9052194F9750015F0E8F8032184
:10B4800094F9750015F0E3F8062194F9750015F0AC
:10B49000DEF832460621204618F0DEFF95F85D31D1
:10B4A000206C042B1DD13B6800F5987003F11D0240
:10B4B0002D3352F8041B9A4240F8041BF9D1D5F8F9
:10B4C000583195F85D2103F004018AB923F0020395
:10B4D000C5F85831E274B9B18121204619F019FA42
:10B4E000B8E51022002100F598700EF0B0F9E6E7FB
:10B4F00043F00203C5F8583141B90123032AE3742C
:10B5000012D9042A7FF4A6AD8421E6E7A37C0F2B91
:10B5100089BF94F87430012343F0080384F8743031
:10B5200088BF0223E374D7E7012A07D0204682218F
:10B5300019F0EFF92046FDF70FFB8BE5204682213D
:10B5400019F0E7F93B682046D9684D1C6A426A4108
:10B55000FDF7D2FA7EE590F87430D80707D4802141
:10B56000204619F0D6F929462046FDF77DFAA36852
:10B5700059077FF56FAD45F21A0120461BF021FFF8
:10B58000224620461D491BF055FFA36823F0040303
:10B59000A36002212046F9F7DFF85BE50246174970
:10B5A00017480AF019FD55E545F21A011BF009FF8D
:10B5B000A36823F03E03A360236C6BB193F95E0193
:10B5C000421C09D094F97520013203D0D3F85831C8
:10B5D0005B0601D5F8F73CF82246204607491BF0E8
:10B5E00029FF2246054906481BF024FF204619F092
:10B5F0000FFACEE7739803008C98030069490300A3
:10B60000CC2700200138C0B20A289ABF014B185C31
:10B610000020704774990300014902481BF006BFDF
:10B62000E8310020CC2700201022074B28215A8225
:10B630006422C3E905124FF6FF729A8300221A6052
:10B640004FF470629A847047D02700200128F8B523
:10B6500006460D4631D81AF0BDFB074678BB194C9B
:10B6600094F82430B34226D084F8246015F0EBFB24
:10B6700094F82430012B15D1201DFDF797FA0346CD
:10B6800018B184F824701846F8BD002D08BF0F25A6
:10B69000236884F8255043F002032360BDE8F84096
:10B6A0000AF0DCBE4FF4827107481BF08AFE236863
:10B6B00023F0010323600023E5E72123E3E70223CE
:10B6C000E1E700BFD0270020CC27002038B5114C7F
:10B6D00094F82430EBB1226812F0010519D1201D35
:10B6E000FDF764FA236843F0020323601AF072FB4B
:10B6F00078B14EF6602294F825304FF482715343AE
:10B7000005482A460AF046FC18B9236843F00103AD
:10B71000236038BDD0270020CC27002022F0004233
:10B72000B2F5827F10B511D1094B1A6893F8244005
:10B7300022F00102012C1A6006D115F084FBFFF7FC
:10B74000C5FF20460AF08AFE012010BD0020FCE75C
:10B75000D027002030B5044685B0084603911AF082
:10B76000B0FC830708D410F0010003D003A80EF04A
:10B7700085FB012005B030BD03998B7903F10C02E4
:10B7800088188A5C013A202A00F21781DFE812F05B
:10B7900021001501B1001501B4001501BD0015010E
:10B7A000C4001501CC001501D4001501DB00150102
:10B7B000E9001501F100150115011501F30015014E
:10B7C00001011501030115010C01150115011501F8
:10B7D000E20003790BB103F588534278023A1E2A3E
:10B7E000C4D801A151F822F065B801006DB701007D
:10B7F0006FB801006DB701007BB801006DB70100A3
:10B8000087B801006DB7010093B801006DB7010062
:10B81000B7B801006DB701009FB801006DB7010016
:10B82000C3B801006DB70100CFB801006DB70100CA
:10B830006DB701006DB70100D9B801006DB7010007
:10B84000E9B801006DB701006DB701006DB70100E7
:10B850006DB701006DB701006DB701006DB7010054
:10B86000ABB8010017212046FCF78AF97EE70022D9
:10B870002046114617F0E4FF78E71A4600212046DB
:10B8800018F08BF872E700222046114618F035FABE
:10B890006CE700222046114618F0DEF866E71A46EB
:10B8A0000021204618F0CBF960E71A460021204617
:10B8B00018F0E4F95AE71A460021204618F0A2F9D8
:10B8C00054E700222046114618F00AFB4EE71946BD
:10B8D000204618F06EFB49E70093002320461A46E5
:10B8E000194618F070FB41E71946204618F0BDFBD9
:10B8F0003CE7B0F80110B6E702338B710A4600232B
:10B900004178204617F09CFF33E7013300222046A0
:10B910008B7118F042F82CE702338B7142780023C8
:10B92000204618F0EAF924E701338B710023204602
:10B930001A4618F091F81CE70133002220468B715B
:10B9400018F060F915E70133002220468B7118F0DA
:10B9500076F90EE70133002220468B7118F08EF93C
:10B9600007E702338B7142780023204618F0B8FABB
:10B97000FFE60021ACE705338B710023B0F803200C
:10B98000B0F8010000930B460146204618F01BFB5F
:10B99000EFE60021A9E703338B710A46B0F80110E6
:10B9A000204618F081FBE4E603338B710A46B0F8B9
:10B9B0000110204618F081FBDBE60020DAE600BF2C
:10B9C00040F2023122F000428A4238B50ED040F2F5
:10B9D00003339A4218D10D480EF0CDF820B1002360
:10B9E000037143718371C371012038BD1C6814B1A8
:10B9F0000021074A117005489D880EF0BCF8002808
:10BA0000F2D08480C580EFE70020EEE79099030034
:10BA10001F2E002008B5054905481BF007FD054904
:10BA200005481BF003FD002008BD00BF08320020C0
:10BA300020280020F8310020CC2700202DE9F04FED
:10BA4000037804460333DBB2012B85B06DD8B0F91F
:10BA5000036001A81AF09BF9BDF90650AE4204DC60
:10BA6000BDF90450B542B8BF3546DFF8D080304F3D
:10BA700098F800303A7813434FFA83FA002B4ED1EE
:10BA800094F800B094F8019087F800B0A47813F00F
:10BA900006F9BBF1FD0F06461BD0BBF1FE0F41D1ED
:10BAA00028461BF070FD53465246494630461AF070
:10BAB0009EFD78B340F20344002240F203311D485A
:10BAC0001BF0A8FC1C481BF039FC848005B0BDE8C5
:10BAD000F08F13F0E4F8631E032B16D8DFE803F0B1
:10BAE000020C0F1303F05CFB044670B928461BF0F0
:10BAF0004AFD23460122D8E703F05AFBF4E7002170
:10BB000003F05EFBF0E70221FAE7002341F21204A2
:10BB10003B70D1E70223002488F80030CCE741F2E3
:10BB20003A04C9E741F21104C6E72124CAE700BF7D
:10BB30001E2E00202028002020020E041F2E002090
:10BB400070B502780446022A86B002D9131F032B6F
:10BB500023D8144D2B7813BBA0786178E37894F93F
:10BB60000460114C246804969CB1E61C0396A678E8
:10BB7000029666780196247800941BF013FD044623
:10BB800008B901232B7009481BF0D8FB848006B04C
:10BB900070BDCDE902440194EEE72124F3E741F2C0
:10BBA0003A04F0E71F2E00201828002020020E0380
:10BBB0007FB5164D02462B7843B115481BF0BEFBEE
:10BBC0003A2303711023437104B070BD114B007808
:10BBD0001B6851789BB11C4614F8042B5E780294C4
:10BBE000DC7801949B78009333461BF0EBFC012337
:10BBF000044607482B701BF0A1FB8480E4E7012278
:10BC0000CDE9013300921A46EFE700BF1F2E002056
:10BC100020020E011C28002070B5184E3378022B2C
:10BC200022D1174D2B78FD3B012B0FD9002341F278
:10BC300011042B7013481BF081FB0022848040F21A
:10BC40000331BDE8704010481BF0E4BB13F027F847
:10BC50001AF0CFFC044620B1002340F203442B70BD
:10BC6000E8E728703070E5E71BF0BCFC00230446D1
:10BC7000044833701BF062FB848070BD1F2E0020CF
:10BC80001E2E002020020E022028002010B5417830
:10BC90000078FFF7DBFC044602481BF04FFB848072
:10BCA00010BD00BF20020201014610B511F8010BC2
:10BCB0001AF0A0F8044602481BF040FB848010BD37
:10BCC0002002020213B5014682796846F9F76CFC3E
:10BCD0009DF8063013F0280F09D06846F9F712FCDA
:10BCE000044604481BF02AFB848002B010BD2124C6
:10BCF000F7E700BF2002020438B5F9F7F3FB04466A
:10BD0000F9F774FC054606481BF018FB0023037185
:10BD100043712368C0F80630A3880573438138BD9A
:10BD20002009020510B515F0A8FB044603481BF0D6
:10BD300005FB002384710371437110BD20030206CB
:10BD400073B5411D027904466846F9F713FC68464D
:10BD500014F0CCFC054668461BF06CFC064609480E
:10BD6000E4780DF008FF034648B104710098DE72D4
:10BD7000C3F80500BDF804201D73A3F8092002B024
:10BD800070BD00BFB499030013B5C37A0093B0F837
:10BD90000930D0F80520D0F80110007815F07EF8B1
:10BDA000044603481BF0CAFA848002B010BD00BFED
:10BDB0002002040310B54178007815F09BF8044682
:10BDC00002481BF0BBFA848010BD00BF20020404AF
:10BDD00010B5064B064A417800781A6015F0A1F8B4
:10BDE000044604481BF0AAFA848010BD24280020D1
:10BDF00041BD01002002040510B5D0F80110007803
:10BE0000F8F7F6FF044602481BF098FA848010BD4C
:10BE100020020412002337B5B0F901100DF106021B
:10BE20000078ADF8063015F09AF804460448BDF9DC
:10BE300006501BF083FA8480C58003B030BD00BF7C
:10BE40002004040B37B544780546FE2C27D06CB986
:10BE50001B481BF073FA212344710371D5F802309B
:10BE6000C0F80630EB88438103B030BD022C17D1F7
:10BE70006946532015F064FC0446E0B96946287809
:10BE800015F0A2F804460E481BF058FA03468480C9
:10BE90000098C3F80600BDF804205A81E4E70024A6
:10BEA00022466846A91CF9F77FFB9DF8063013F07F
:10BEB000180FE3D1212400230093CDF80330E2E7EB
:10BEC0002008041010B50078F8F7E8FF044602488F
:10BED0001BF034FA848010BD20020411FF2337B513
:10BEE0000DF107008DF80730F8F7FAFF0446044813
:10BEF0009DF807501BF022FA8480857103B030BD95
:10BF00002003040110B5007815F02BF9044602480F
:10BF10001BF014FA848010BD2002040210B50078D2
:10BF200015F008F9044602481BF008FA848010BD99
:10BF30002002040A4B7937B55B0705460C460CD442
:10BF400020461421064A0DF0E3FD01A801940DF0EE
:10BF50000BFE10B9A3791C44257403B030BD00BF9B
:10BF6000B8990300024B1B6803B11847704700BF24
:10BF70002428002010B5837804461F2B10D80021F8
:10BF800000781AF0F6F868B1A37861782078E21C9E
:10BF900014F03FFF044604481BF0D0F9848010BD24
:10BFA0002124F8E70224F6E72002560010B500210C
:10BFB000044600781AF0DDF848B16178207814F072
:10BFC0005AFF044603481BF0B9F9848010BD0224CF
:10BFD000F8E700BF2002560110B54178007815F04F
:10BFE0005CF8044602481BF0A9F9848010BD00BF2C
:10BFF0002002560213B5811C027A044668461BF0E3
:10C0000006FB9DF806305BB1617820786A4615F032
:10C010006AF8044603481BF091F9848002B010BD11
:10C020002124F7E7200256030346014610B55A784B
:10C0300011F8020B15F0D8FB044602481BF07EF9FC
:10C04000848010BD2002580013B5044601F0D4FDD1
:10C0500001A901902078F9F7D1FB044601A80DF061
:10C060000DFF03481BF06AF9848002B010BD00BFC9
:10C070002002580110B5B0F80110D0F80530B0F822
:10C080000320007815F0CBFB044602481BF056F95C
:10C09000848010BD2002580210B50078F9F7D6FB55
:10C0A000044602481BF04AF9848010BD2002580360
:10C0B00070B54568C678048904480DF05CFD20B170
:10C0C0000671C0F80550A0F8094070BDDC99030066
:10C0D0000020024B1870024B18707047212E002070
:10C0E000202E002010B5B0F80110B0F80320002376
:10C0F00000780AF0D3F8044602481BF01FF9848048
:10C1000010BD00BF2002050638B5D0F80530044642
:10C11000012B14D8437A032B11D8B0F80320B0F8C0
:10C12000011000780AF0BAF8054618B9D4F80520CD
:10C13000044B1A7004481BF001F9858038BD212595
:10C14000F8E700BF212E00202002050710B5417836
:10C1500000780AF049F9044618B9044B1A78044BE0
:10C160001A7004481BF0EAF8848010BD212E0020CC
:10C17000202E00202002050310B50AF061F90446C4
:10C1800002481BF0DBF8848010BD00BF20020505CB
:10C19000F0B50D4691B0831C09AC00F11A02264699
:10C1A00018685968083303C693423446F7D11B8890
:10C1B0001C21338028460DF070FFBDF826402E6804
:10C1C00014F00C0439D130460DF0ECFE871EA74266
:10C1D0000DDA4FF0FF3400239C428DF81C301EDB3B
:10C1E00001223146A31C07A80DF037FE17E0631C9F
:10C1F0000122314605A80DF030FE9DF81430012BC8
:10C20000E9D023460122314607A80DF026FE9DF80D
:10C210001C3013B101331C44D9E78DF81C300AF0EF
:10C2200055F8012804D0022831D030B911B0F0BD42
:10C230009DF81C3013F0010FF8D09DF82F0001F08D
:10C240002FFE04469DF8300001F02AFE07AF9DF84E
:10C2500028200DF12901064605A8F9F78BF9384683
:10C260009DF836200DF13701F9F784F90C4B1B7856
:10C27000DB0711D405A814F039FACDE901053246DF
:10C280002146009705AB09A800F00CF8CEE79DF811
:10C290001C3013F0030FCFE74FF0FF30EDE700BF86
:10C2A000202E00202DE9F74FB0F802C006461CF002
:10C2B000100F1C460C9F9DF934A0DDF838B033D028
:10C2C0005FFA8CF51CF0080F184614BF05F008053E
:10C2D00005F00F051BF0AEF9814638461BF0AAF9B0
:10C2E00096F90F3080465A46042113480193767818
:10C2F0000DF079FC019BA0B105712268C0F8052002
:10C30000A28880F80B90A0F8092080F80CA0437355
:10C3100086733B68C0F80F30BB8880F81580A0F8A2
:10C32000133003B0BDE8F08FCDE90DAB0C9703B02F
:10C33000BDE8F04F00F00CB8F099030008B51BF011
:10C3400065F90020014B187008BD00BF222E0020A7
:10C350002DE9F04F1D468FB0CDE908129DF96430EC
:10C3600004460A9343882846C3F3411304931BF001
:10C3700061F9059018981BF05DF92E4B2E4E1B6845
:10C3800006901B3B07931A9B1B6813B90FB0BDE8BF
:10C39000F08F0DF133030193079B01220499009361
:10C3A0001A9802230DF093FB94F90F300D906788D3
:10C3B0000B939DF83330B4F8108002933378042146
:10C3C0001E480DAA039394F801B094F80DA094F9B7
:10C3D0000E900DF008FC0B9B38B307F00F070771A8
:10C3E0002A68C0F80520AA884373A0F80920059A96
:10C3F000189BC2720A9A80F80EB002731B68C0F8CC
:10C400000F30189B9B8880F816A0A0F81330069B6D
:10C4100080F819904375089BA0F81A80C375099B92
:10C420000376029B0377039B4377337801333370A2
:10C43000A9E700BF84280020222E0020F4990300E1
:10C44000054B1A88D20705D55B88834214BF292083
:10C4500000207047022070479A2C002000220068BC
:10C46000044B00F00101C0F340001A805A80FAF733
:10C4700009BE00BF9A2C00200B4A38B5138813F070
:10C4800001050ED1548843F001030134A4B2138096
:10C490005480FAF7C7F905481AF050FF8580C48028
:10C4A00038BD00242E25F6E79A2C002020044600F3
:10C4B00037B501460088FFF7C3FF4FF6FF73044608
:10C4C000ADF80630C0B90A79022A05D141F6010358
:10C4D000B1F80500984218D08878CB78B0FA80F08F
:10C4E000DB074FEA501048BF40F002000DF1060391
:10C4F000053115F0C7FF04460548BDF806501AF08F
:10C500001DFF8480C58003B030BD2124F4E700BF47
:10C510002004460110B501460088FFF791FF04464C
:10C5200018B9488815F0FCFF044602481AF006FFC7
:10C53000848010BD2002460237B505460088FFF70B
:10C540007FFF4FF6FF730446ADF8063030B9A98877
:10C5500068880DF10602FAF701FB04460448BDF8AD
:10C5600006501AF0EBFE8480C58003B030BD00BFDA
:10C570002004460310B501460088FFF761FF04461A
:10C5800018B9488815F0D0FF044602481AF0D6FEC4
:10C59000848010BD2002460430B504468BB000886C
:10C5A000FFF74EFF4FF6FF730546ADF82630B8B9DA
:10C5B0000DF12603069304F110030593E389049318
:10C5C000A3890393E37A02930223019304F10903FD
:10C5D0000093237AE288A188608819F0DEFD054681
:10C5E0000448BDF826401AF0A9FE8580C4800BB02F
:10C5F00030BD00BF2004460530B504468BB000882E
:10C60000FFF71EFF4FF6FF730546ADF82630B8B9A9
:10C610000DF12603069304F11E030593A38B0493E7
:10C62000638B0393637E02931023019304F1090348
:10C630000093237AE288A188608819F0AEFD054650
:10C640000448BDF826401AF079FE8580C4800BB0FE
:10C6500030BD00BF2004460610B501460088FFF734
:10C66000EFFE044618B9488815F071FF04460248E9
:10C670001AF064FE848010BD2002460730B50446DF
:10C6800089B00088FFF7DCFE4FF6FF730546ADF872
:10C690001E30B8B90DF11E03059304F10F03049386
:10C6A000B4F80D300393B4F80B300293A37A0193DE
:10C6B00002230093E288A188608804F1080319F03E
:10C6C000CCFD05460448BDF81E401AF037FE8580B3
:10C6D000C48009B030BD00BF2004460830B5044610
:10C6E00089B00088FFF7ACFE4FF6FF730546ADF842
:10C6F0001E30B8B90DF11E03059304F11D03049318
:10C70000B4F81B300393B4F819300293237E0193DD
:10C7100010230093E288A188608804F1080319F0CF
:10C720009CFD05460448BDF81E401AF007FE8580B2
:10C73000C48009B030BD00BF2004460910B50146D1
:10C740000088FFF77DFE044618B9488815F003FFFE
:10C75000044602481AF0F2FD848010BD2002460A09
:10C7600010B501460088FFF76BFE044618B94888EB
:10C7700015F008FF044602481AF0E0FD848010BD61
:10C780002002460B10B501460088FFF759FE04460B
:10C7900018B9488815F0FAFE044602481AF0CEFD92
:10C7A000848010BD2002460C10B501460088FFF7BA
:10C7B00047FE044618B9488815F0ECFE04460248C6
:10C7C0001AF0BCFD848010BD2002460D10B5014654
:10C7D0000088FFF735FE044618B9488815F0FEFEBC
:10C7E000044602481AF0AAFD848010BD2002460EBD
:10C7F000002337B500880DF107018DF8073015F0DB
:10C80000E6FD044604489DF807501AF097FD848021
:10C81000857103B030BD00BF2003461110B50088FC
:10C82000FFF70EFE044638B9064A138823F00103C9
:10C830001380FAF707F8044603481AF07FFD848056
:10C8400010BD00BF9A2C00202002460F10B50088B2
:10C85000FFF7F6FD044638B9064A138823F00103B2
:10C860001380FAF71FF9044603481AF067FD848025
:10C8700010BD00BF9A2C0020200246101046194619
:10C88000F8B522F0004340F20A4293420ED8B3F5C5
:10C89000806F59D96FF480621344092B54D8DFE8B4
:10C8A00003F00D101F3050505050530D40F2015204
:10C8B000934234D0A3F20253032B45D8F7F728FE56
:10C8C0000CE00D784C688A6901F108031F480021CB
:10C8D0000DF062F910B10571C0F805400120F8BDF6
:10C8E0000E784D880C798A6901F1080318480021F7
:10C8F0000DF052F90028F1D00671A0F80550C4716E
:10C90000ECE70D784C884A690B1D124800210DF0A8
:10C9100043F90028E2D00571A0F80540DEE70F7862
:10C920004E880D79CC8801F108020B4800210DF0EA
:10C930005AF90028D2D00771A0F80560C5710481AA
:10C94000CCE7F7F755FBC9E70020C8E7149A0300C6
:10C95000109A03000C9A0300089A030000487047DD
:10C960007DC8010008B54FF0FF30F6F771FE074BA8
:10C970004FF480211868064A01F016FE05481AF0A7
:10C98000DDFC00230371437108BD00BF7830002037
:10C99000FFFF040020020D010346008810B5322875
:10C9A00006D0A0F58042B2F5005F04D3292407E049
:10C9B0009A78022A09D19978DA1C01F0A7FD044679
:10C9C00003481AF0BBFC848010BD2124F8E700BFA7
:10C9D00020020D02F7B5054600212020EBF790FD5F
:10C9E000002300932B88C61D322B04D0A3F580436F
:10C9F000B3F5005F26D2154B154F19683868E6F776
:10CA00007DF80446B0B929886B46386801AA41F41C
:10CA10008021E6F7C7F9044660B92020EBF77CFDDA
:10CA20000099033888420FD332462888C9B201F0F2
:10CA300089FD04463246009906481AF086FC848037
:10CA400003B0F0BD2924F5E71A24F3E7583000209D
:10CA50007830002020030D03008810B5A0F5804336
:10CA6000B3F5005F07D201F089FD044603481AF0D0
:10CA700065FC848010BD2924F8E700BF20020D0466
:10CA800010B5007817F0BBFD044602481AF056FCBA
:10CA9000848010BD20020F0410B50078FBF7F2FE71
:10CAA000044602481AF04AFC848010BD20020F00A0
:10CAB00010B504460078FF280ED01AF06FFD2078DC
:10CAC00019F08AFC94F90000F6F7C2FD0446034809
:10CAD0001AF034FC848010BD2124F8E720020F06F0
:10CAE00070B5F6F7C9FC00240546E6B2B54209D890
:10CAF0004FF0FF30F6F7ACFD044608481AF01EFC74
:10CB0000848070BD2046F6F799FC28B120461AF0C3
:10CB100045FD304619F060FC0134E6E720020F07BE
:10CB200010B5007817F034FD044602481AF006FCF0
:10CB3000848010BD20020F1410B541780078FBF7F7
:10CB4000F1FE044602481AF0F9FB848010BD00BFD4
:10CB500020020F0110B5D0F801100078FBF732FF6A
:10CB6000044602481AF0EAFB848010BD20020F0838
:10CB700010B50068FBF742FF044602481AF0DEFBDE
:10CB8000848010BD20020F1010B54178007817F096
:10CB90000AFD044602481AF0D1FB848010BD00BF94
:10CBA00020020F09014610B511F8010B003818BF1B
:10CBB000012017F0F2FC044602481AF0BFFB848003
:10CBC00010BD00BF20020F19014610B511F8013B3E
:10CBD00000F11102181E18BF012017F0E0FC0446F6
:10CBE00002481AF0ABFB848010BD00BF20020F1B6F
:10CBF00070B5007888B0003804AC2246694618BF8A
:10CC0000012017F0CEFC05460E481AF097FB6A4645
:10CC100003468580861D154603CDA54230607160B0
:10CC20002A4606F10806F6D1163308AD224603CA95
:10CC3000AA4218605960144603F10803F6D108B0FF
:10CC400070BD00BF20220F1A10B541780078F6F7AA
:10CC5000D9FD044602481AF071FB848010BD00BF64
:10CC600020020F0210B54178007817F0B2FC04469C
:10CC700002481AF063FB848010BD00BF20020F0E33
:10CC800010B501210020FBF7F7FD044602481AF019
:10CC900055FB848010BD00BF20020F0F002337B565
:10CCA0006846CDE90033F6F7D9FB044618B901A868
:10CCB000F6F7E8FB0446042101AA0448009D1AF097
:10CCC00044FB8480C0F8065003B030BD20070F1528
:10CCD000F0B5006885B01F280DF107030DF10602BD
:10CCE0008CBF4FF0FF3040B202A919F01AFB054685
:10CCF00002A8F8F77BFC044609489DF806709DF8E9
:10CD000007601AF01BFB0346858002981C73C3F86A
:10CD10000600BDF80C205F735A819E7305B0F0BD0C
:10CD2000200B0F160346F0B59B8885B0ADF80C308C
:10CD3000492300688DF80E30029002A813F0C6FC5B
:10CD4000431C044606D1722302A88DF80E3013F05E
:10CD5000BDFC044620460DF107030DF1060202A9B1
:10CD600019F0DFFA054630B140F2064398424FF021
:10CD7000FF0408BF2D2507489DF806709DF8076041
:10CD80001AF0DCFA8580C0F806408772C67205B0DA
:10CD9000F0BD00BF20080F177FB500250146022215
:10CDA00002A80095CDF80350F8F7FEFB9DF80E4061
:10CDB000A4B91E481AF0C2FA212203460271447136
:10CDC00000989C73C3F80600BDF80420DC735A81F8
:10CDD000FF221C741A735A7304B070BD02A8F6F7D0
:10CDE000EDFB431C04461DD0694613F09EFC06462D
:10CDF00090B96846F8F7FAFB05460C481AF09EFA17
:10CE00000346868000981D73C3F80600BDF8042011
:10CE1000C3F80D405A81DFE70095CDF80350FF2598
:10CE20002C46EAE7FF252D262C46E6E7200D0F1DB0
:10CE300001480CF003BE00BF8828002030B5124B1B
:10CE40000D469942144689B01BD1930011D505A90E
:10CE500006A809F04FF9062300220393059BE1B2CF
:10CE60000293069B2846CDE9003241F000511AF0AA
:10CE7000B2FA06480CF07FFE00B10471012009B03F
:10CE800030BD0020FBE700BF28280020509A030097
:10CE900022F00042B2F1A04F08B504D103480CF0D3
:10CEA0006AFE012008BD0020FCE700BF549A030081
:10CEB00010B5047FD4B1102C28BF10241AF005FB44
:10CEC000621C81B200230620D2B2EBF781FD04463A
:10CED00050B9074907481AF0A9FA074807491AF054
:10CEE000A5FA0748EBF74EFD204610BD0424E5E700
:10CEF000203200202C28002028280020303200205A
:10CF00001832002010B519F05FFA044602481AF0F2
:10CF100015FA848010BD00BF2002011C10B519F065
:10CF200055FA044602481AF009FA848010BD00BF81
:10CF30002002011D10B519F04BFA044602481AF000
:10CF4000FDF9848010BD00BF2002011E70B5FFF7FF
:10CF50006FFF90B1F8F7C6FA002604462046F8F7AE
:10CF600045FB054606481AF0E9F986802268C0F8B4
:10CF70000620A2880573428170BD0226014CEDE7B0
:10CF800020090115389A030010B50446FFF750FF39
:10CF900048B12146A079E3F7BFFA044603481AF0E6
:10CFA000CDF9848010BD0224F8E700BF20020113F0
:10CFB00070B50546FFF73CFF0446F0B10021202084
:10CFC0002D78EBF79DFAC41D2020EBF7A5FA033866
:10CFD000A84215D32846214609F0B6F840F2074387
:10CFE0000028064616BF002506461E46224629464C
:10CFF00005481AF0AAF9868070BD05460226F5E7B5
:10D0000000252126F2E700BF2003010B10B50446DE
:10D01000FFF70EFF58B12078003818BF012001F04B
:10D0200081F9044603481AF089F9848010BD02246E
:10D03000F8E700BF2002010C73B54278037843EA99
:10D040000223ADF804308378C27843EA0223ADF8B6
:10D050000630FFF7EDFE88B10DF1060101A818F0CA
:10D060008AFE04460648BDF90460BDF906501AF070
:10D0700065F98480C680058102B070BD0224F1E7A5
:10D08000200601172DE9F04385B0FFF7D1FED8B196
:10D0900001A818F07CFE04460E48BDF90490BDF9C5
:10D0A0000680BDF90870BDF90A60BDF90C501AF090
:10D0B00045F98480A0F80690A0F808804781868111
:10D0C000C58105B0BDE8F0830224CDE90100ADF8CB
:10D0D0000C00E1E7200C011808B503481AF02EF9FE
:10D0E00000230371437108BD2002010000232DE9D4
:10D0F000F04786B0CDE90433ADF80830ADF80A301A
:10D10000ADF80C30ADF80E3005AB019304AB0093D5
:10D1100003AA0DF10E030DF10A0102A801F036FB7E
:10D12000DDE9046504460D48BDF808A0BDF80A9085
:10D13000BDF80C80BDF80E701AF000F98480A0F8DC
:10D1400006A0A0F80890A0F80A808781C0F80E60B9
:10D15000C0F8125006B0BDE8F08700BF2012011BD6
:10D1600010B50446FFF764FE50B161782078A21C28
:10D1700018F0DCFD044603481AF0E0F8848010BD86
:10D180000224F8E72002010E2DE9F3410546FFF7DE
:10D190004FFE28B31BF0DEFB04461AF0F6F90246F8
:10D1A0006B460068516803C32B780BB11AF0EFF996
:10D1B00020461BF0CAFB00240B48BDF80080BDF8D8
:10D1C0000270BDF80460BDF806501AF0B7F884800C
:10D1D000A0F8068007814681858102B0BDE8F08114
:10D1E0000224CDE90000E7E7200A010FF0B585B081
:10D1F0000646FFF71DFE002843D03468002C42DBB2
:10D2000000237568777A367A1A46214846F000512D
:10D210001AF0CFF800231E481A4646F080411AF053
:10D22000C8F844B30620EBF74FFC01282DD91BF0BA
:10D2300019F8B4F5A47F38BF4FF4A474A4FB0040E0
:10D24000E40B44EA40441BF00DF8002F0CBF4FF0F4
:10D2500000514FF0804106230022A5FB0050ED0B4A
:10D2600045EA4045CDE90042CDE902530848314343
:10D270001AF0B1F8044607481AF060F8848005B047
:10D28000F0BD0224F7E72124F5E71A24F3E700BFF5
:10D29000282800202002011A22F00042B2F5887FDF
:10D2A0002DE9F0471C4600F0E2800ED840F203134F
:10D2B0009A423CD040F209139A4200F0C2800E2AF2
:10D2C00000F0B3800020BDE8F08740F207239A42C7
:10D2D00047D0B2F5037F56D040F206239A42F1D1EF
:10D2E00020684C30F8F782F925680746644895F8BD
:10D2F000736095F870A095F9759095F87680A4887C
:10D300000CF039FC0028DDD0EB6C4360B5F85030F0
:10D3100087720381731E5E425E41C67280F80CA064
:10D3200080F80D9080F80E80A0F80F40CAE72078B2
:10D33000F7F7C2F90028C5D0524894F800806788F2
:10D34000A688E588247A0CF016FC0028BAD080F86C
:10D350000480A0F80570A0F80760A0F80950C47216
:10D36000B0E72078F7F7A8F90028ABD060782578E7
:10D37000FEF748F9044644480CF0FDFB0028A1D014
:10D38000057144719EE7A578012D1ED0022D2DD088
:10D39000CDB9E37894F80080023BDBB2022B8CBF5E
:10D3A00001253A4A94F90470667998BFD55C94F9DE
:10D3B000064037480CF0DFFB28B180F80480457147
:10D3C0008771C671047201207DE7E37894F80080CC
:10D3D000023BDBB2022B98BF2C4A94F904706679A9
:10D3E00098BFD55C94F906402A48E3E7E3782A48D9
:10D3F000023BDBB2022B94BF244A012594F8018042
:10D40000277898BFD55C94F90490667994F9064022
:10D410000CF0B1FB0028D6D0A0F804808771C5714C
:10D4200080F8089046728472CDE7234608220021D6
:10D4300013F8014B19480CF0AFFB0028C3D004715E
:10D44000C1E7174894F800806788A688E588248992
:10D450000CF091FB0028B6D080F80480A0F805708D
:10D46000A0F80760A0F80950A0F80B40ABE70D4802
:10D470001C780CF080FB00283FF424AF047121E7F6
:10D48000909A03008C9A0300849A0300589A030030
:10D490007C9A0300789A0300809A0300749A030030
:10D4A000709A0300889A03000022084B10B51A6096
:10D4B0009A8002681A60187813F0DDFF044618B9E4
:10D4C0000349044819F0B2FF204610BD9E2C0020ED
:10D4D00040320020CC27002008B5034B5888F7F7CE
:10D4E00075FE002008BD00BF9E2C00201FB543899B
:10D4F000029303890193C38800938388428801883B
:10D50000FF20F7F74DFD0446024819F017FF84800D
:10D5100004B010BD200206001FB501460078FF28A8
:10D5200017D0B1F80B300293B1F809300193B1F87C
:10D5300007300093B1F80530B1F80320B1F80110BD
:10D54000F7F72EFD0446044819F0F8FE848004B075
:10D5500010BD2124F7E700BF200206067F2337B560
:10D5600000788DF80730F7F7A7F8E0B140F6FF73C1
:10D57000B0F86E00984218D00DF10701FAF7ACFE32
:10D580009DF9073004467F2B04D140F20343002865
:10D5900008BF1C4606489DF9075019F0CFFE84804D
:10D5A000857103B030BD2124F4E70324F2E700BF06
:10D5B0002003061510B504460078F7F77DF878B11A
:10D5C00063780121B0F86E003BB1FAF791FD044693
:10D5D000044819F0B3FE848010BDFAF7A3FDF6E706
:10D5E0002124F5E720020603002313B500780093F9
:10D5F0008DF80430F7F760F858B16946FAF74CFE39
:10D6000004466A460521044819F09FFE848002B052
:10D6100010BD2124F5E700BF2003060730B587B011
:10D6200082790146054604A819F0F1FF00239DF810
:10D630001620039312F0180408D1212503950F48F2
:10D6400019F07CFE8580847107B030BD04A8F7F71F
:10D6500041F8024668B903ABCDE9000304A9084BC1
:10D66000E879F7F7F7FD024618B90446BDF80C5003
:10D67000E5E7BDF80C5092F87040E0E7200306049F
:10D68000A1DC010010B50078F7F716F840B11321BE
:10D6900013F0B2FF0446034819F050FE848010BD19
:10D6A0002524F8E72002060510B50078F7F704F8FE
:10D6B00038B113F0A5FF0446034819F03FFE8480FB
:10D6C00010BD2524F8E700BF2002060F10B54178F1
:10D6D000007813F0D4FE0446024819F02FFE84802F
:10D6E00010BD00BF2002060110B582784178007895
:10D6F00013F016FF0446024819F020FE848010BD86
:10D700002002060810B543780446012B0FD8007894
:10D71000F6F7D2FF68B161784B1E5942594113F0B8
:10D7200073FF0446044819F009FE848010BD2124CB
:10D73000F8E72524F6E700BF2002060910B5417876
:10D7400001290AD8007801F0010119F07EFF044692
:10D75000034819F0F3FD848010BD2124F8E700BFD1
:10D760002002060A7F2373B541788DF806308DF8C4
:10D7700007304B1E072B1CD8DFE803F005051B0400
:10D780001B1B1B19032100780DF107030DF1060285
:10D7900019F05DFF044608489DF906609DF90750A1
:10D7A00019F0CCFD84808671C57102B070BD042172
:10D7B000E9E72124EFE700BF2004060B10B541780C
:10D7C0004B1E072B11D8DFE803F0050510041010DD
:10D7D000100E0321007819F03CFF0446044819F0AC
:10D7E000ADFD848010BD0421F4E72124F6E700BFDD
:10D7F0002002060C10B50078F6F75EFF38B1FAF794
:10D8000089FD0446034819F099FD848010BD252444
:10D81000F8E700BF2002060D70B50078F6F74CFF60
:10D82000044678B190F87560F6F7FEFF05460B48A0
:10D83000A47C19F083FD0023857103714371C471C9
:10D84000067270BD054819F079FD21230371FF238D
:10D8500044718471C4710372F3E700BF2005060EA2
:10D8600010B50088F7F7B2FC0446024819F066FDCF
:10D87000848010BD2002061010B504460078F6F72B
:10D880001BFF58B1B4F80320B4F80110F7F7C2FC3D
:10D890000446034819F052FD848010BD2524F8E7A2
:10D8A000200206112DE9F04F044699B044220021D0
:10D8B00007A80BF0CCFF2078F6F7FEFE05460028FF
:10D8C00071D004214FF62A4016F05BFDB5F86E309A
:10D8D000C0F803303548EDF719FD16F080FD4479A6
:10D8E000002C56D016F07BFD0026447944F4805479
:10D8F00095F873506B1E5D425D41DDF82610BDF852
:10D900002020BDF83B309DF833000591049203932D
:10D910009DF83AB0FDF776FE81469DF83400FDF79C
:10D9200071FE9DF8303080460093BDF82E302048BF
:10D930000193DDF82A309DF831709DF832A00293F2
:10D9400019F0FCFC039B0599A0F81130DDF8353087
:10D95000049A83619DF83930C7F340070377009B31
:10D9600084804377019BC0F80660C383029B857265
:10D97000C0F80B10A0F80F2080F813B080F81490B6
:10D9800080F81580877580F817A0036219B0BDE88C
:10D99000F08F16F024FD4422811C07A80BF05FFFD6
:10D9A000DDF82260A4E706462524A6E7FBF702007F
:10D9B000202006140E2330B587B00546039319F0D6
:10D9C000EFFD044640B9BDF80C500E4819F0B6FC06
:10D9D0008580847107B030BD04A813F000FF03AB4D
:10D9E00001930023009328780122074B04A9F7F73D
:10D9F00031FCBDF80C5004460028E6D090F8704089
:10DA0000E3E700BF20030616A1DC010073B514464E
:10DA100006460D4620461421094A0CF079F801A863
:10DA200001940CF0A1F848B9A3790C331C44054BC0
:10DA3000A6711B79A5800BB118F0CCFC02B070BDAB
:10DA40006C9A03009E2C002037B50078F6F734FE60
:10DA5000A8B9684613F0C3FE25256846F7F7C6FD4A
:10DA600004460C4819F06AFC0346858000981C7334
:10DA7000C3F80600BDF804205A8103B030BDD0E9D8
:10DA80001301ADF80410090C002500908DF8061064
:10DA9000E3E700BF2009061738B50078F6F70CFE5B
:10DAA000044638B190F87240631E022B00D900245E
:10DAB000002500E02525034819F040FC858084718D
:10DAC00038BD00BF2003061813B5B0F80930019324
:10DAD000B0F807300093B0F80530B0F80320B0F884
:10DAE0000110007818F054FD0446034819F026FC94
:10DAF000848002B010BD00BF2002061A13B503894E
:10DB00000093C38882884188008818F043FD04464A
:10DB1000024819F013FC848002B010BD20020619DF
:10DB20002DE9F74399461C4B06461C681B4B0F46D4
:10DB30001B68154601931CB901A8EAF7D5FC0446F9
:10DB4000019B032B0BD9691CA3F104020FD0B9F17F
:10DB5000000F08BF002505F1030842450CD22246FC
:10DB60001D2130460BF0A8FE03B0BDE8F083012A6A
:10DB7000F5D94FF0020805E02A464946E01D0BF0B2
:10DB80006EFEA5714FEA08239BB246EA18261E4393
:10DB90002660A780E8E700BF342800203028002056
:10DBA000024B1860024B1960704700BF34280020F8
:10DBB0003028002013460A4601460148FFF7B0BF4F
:10DBC0002000FF000A460146014818F0CEBB00BF06
:10DBD000949A0300014600234FF0FF320148FFF7FB
:10DBE0009FBF00BF2000FF0113460A4601460148BF
:10DBF000FFF796BF2000FF0310B51AF0ABFE00221E
:10DC0000034B1C681A601AF0A0FE204610BD00BF2E
:10DC10003828002038B5044610480BF00FFFC0B17B
:10DC20002246002112F8013B08460CF025FC044670
:10DC300088B11AF08FFE0546214609480CF014FA07
:10DC400028461AF082FE0024064819F077FB8480EB
:10DC500038BD0224F8E71A24F6E700BF8828002020
:10DC6000382800202002011210B50A480BF0E6FE09
:10DC700070B11AF06FFE044607480CF0FFF820461A
:10DC80001AF063FE0024054819F058FB848010BD8B
:10DC90000224F8E7882800203828002020020114F8
:10DCA00022F000420D2A73B51C460ED06FF4C063FB
:10DCB0001A440B2A12D80B2A10D8DFE802F03B12C4
:10DCC000242C370F46505F84878E0422002153F89E
:10DCD000044B44480BF060FF00B18480002002B088
:10DCE00070BD2078F6F7E8FC0028F7D03E4826788B
:10DCF00094F90150A4780BF03EFF0028EED0067195
:10DD000045718471EAE7247838480BF034FF002825
:10DD1000E4D00471E2E72578354864680BF02BFF06
:10DD20000028DBD00571C0F80540D7E725783148D9
:10DD30006468F3E73048257864680BF01CFF00281E
:10DD4000CCD00571A0F80540C8E72C482578646858
:10DD50000BF011FF0028C1D005714471BEE7637854
:10DD600027480D2B96BF274A0125D55C24780BF058
:10DD700002FF0028B2D004714571AFE7637800213B
:10DD80000D2B98BF1F4A204898BFD55C6368A278C6
:10DD900088BF012526780BF0FFFE08B1067145719A
:10DDA0006378012B9AD88DF807300122002116489C
:10DDB0000DF1070324780BF0EFFE00288ED001232D
:10DDC000047143718AE7247810489EE70021636854
:10DDD00022780F480BF0E0FE80E70E480BF0CBFEF8
:10DDE0007CE700BFD89A0300C49A0300CC9A0300D2
:10DDF000D09A0300C89A0300C09A0300BC9A03009B
:10DE0000B89A0300989A0300B49A0300B09A0300EA
:10DE1000A89A0300AC9A030073B505461AF09AFD60
:10DE20001D4C064663795B070ED4204614211B4A1D
:10DE30000BF06EFE01A801940BF096FE20B1304667
:10DE40001AF083FD02B070BDA3790C33234455B999
:10DE50001A79FF2A01D001321A71304602B0BDE8AA
:10DE600070401AF072BD012D05D15A79FF2AF4D005
:10DE700001325A71F1E7022D05D19A79FF2AECD0CF
:10DE800001329A71E9E7032DE7D1DA79FF2A1CBF45
:10DE90000132DA71E1E700BF3C280020D49A030088
:10DEA000042828BF0020014B185C7047DC9A03004F
:10DEB00010B582784178007813F0A0F90446024842
:10DEC00019F03CFA848010BD2002570010B50121E2
:10DED0000446007818F04DF960B1224663780021BD
:10DEE00012F8020B12F095FF0446034819F026FAC7
:10DEF000848010BD0224F8E72002570113B50446C0
:10DF0000FFF77AFE01210190207818F032F970B104
:10DF10002078002101AA12F053FF044601A80BF05B
:10DF2000ADFF044819F00AFA848002B010BD022443
:10DF3000F4E700BF2002570210B501210446007823
:10DF400018F017F948B16178207813F0A4F9044665
:10DF5000034819F0F3F9848010BD0224F8E700BFEC
:10DF600020025703002313B50093D0F80220417814
:10DF7000007813F0A1F90446024819F0DFF9848013
:10DF800002B010BD2002570430B585B002AD027B4F
:10DF9000811D0446284619F03AFB9DF80E3073B1F6
:10DFA0000095D4F8022061782078012313F084F9D9
:10DFB0000446044819F0C2F9848005B030BD21241C
:10DFC000F7E700BF2002570538B50C460546032188
:10DFD00042F2590016F0D5F90CB1012C12D12B8860
:10DFE0004471C3F30B03A0F803300748EDF78EF933
:10DFF00016F0F5F9407920B116F0F1F9407940F4C6
:10E00000805038BD2120FCE711B4000010B5044653
:10E010000088F7F735FD40B1A178FFF7D5FF04463A
:10E02000034819F08BF9848010BD40F20A44F7E7E9
:10E030002002420370B506460D464FF629400621E0
:10E04000144616F09EF93388A0F80550C3F30B036D
:10E05000A0F80330A0F807400648EDF757F916F08E
:10E06000BEF9407920B116F0BAF9407940F48050F9
:10E0700070BD00BF49B4000010B504460088F7F732
:10E08000FFFC48B1A2886188FFF7D4FF044604482A
:10E0900019F054F9848010BD40F20A44F7E700BF3C
:10E0A0002002420410B50221044642F2460016F056
:10E0B00068F9A0F803400648EDF728F916F08FF943
:10E0C000407920B116F08BF9407940F4805010BDB2
:10E0D00095B4000070B506460D46F7F771FC04468E
:10E0E0003046F7F7B9FC03480BF045FD08B18580D1
:10E0F000C48070BD009B030010B5008818F078F94B
:10E100000446024819F01AF9848010BD2002420129
:10E1100008B5054819F012F900230E224371027167
:10E120008371C37108BD00BF2004061208B50448FE
:10E1300019F004F90E2303710023437108BD00BFD9
:10E140002002061310B50F4C88B02060EAF714FCCB
:10E150002168684618F0D8F96846F0F7E1FE0446F1
:10E1600060B90A20084A094907F0F6FE044628B9B2
:10E1700007F020FD08F018FAFDF756FA204608B01F
:10E1800010BD00BF78280020D16403003182030055
:10E1900070B58EB008F038FA002302AD29460DF1B3
:10E1A00007008DF80E308DF80730E2F71BFA0028D3
:10E1B0006BD1284617F0FDFD002866D0302864D0CA
:10E1C0009DF80730012B17D172238DF80E30E7F739
:10E1D00013F9CDE90601030C8DF81230BDF81D309E
:10E1E000ADF81000ADF813309DF81F308DF81530E4
:10E1F00049238DF816300AE049238DF80E3095E852
:10E200000300ADF81410090C04908DF816109DF859
:10E210000E3013F0280F07D1DDE90401ADF80C1022
:10E22000090C02908DF80E10274E336818690028EB
:10E2300030D133685A690AB9244A126824490A60FD
:10E240009A690AB9234A126823490A6093F822207E
:10E25000D20727D404A818F092F90446F8B9316817
:10E2600006A818F051F906A8E2F7E0F80446B0B99C
:10E27000BDF92E0017F05CFD18F086F92846F7F777
:10E2800041F9164807F062FE09E09DF80E301907C3
:10E290009DD5B4E714F079FF04460028C9D0204684
:10E2A0000EB070BD93F8232000234FF0FF3006A975
:10E2B000CDE906338DF81A2018F024FA0028C9D0C9
:10E2C00040F20C44EBE700BF7828002044900300A4
:10E2D00054280020409003005028002051E3010002
:10E2E00070B50F480BF0AEFBC8B907F091FE0C4DAE
:10E2F00005F10C0617F0FCFC07F098FC04462846D4
:10E300000BF09CFB10B930460BF0B8FD0BF09AFCFB
:10E3100008B9002CEED1BDE8704018F05CB870BDB3
:10E3200088280020054A08B51178814204D0107071
:10E3300017F0EFFC002008BD0220FCE7232E002090
:10E34000024B1B6803B11847704700BF50280020DC
:10E3500050EA010337B504460D4604D103B0BDE8C9
:10E360003040FFF7EDBFB1F1FF3F08BFB0F1FF3F15
:10E3700013D019F05DFF221845EB01030849094845
:10E38000C1E9002300239D420CBF21464FF0FF311D
:10E39000CDE90033044A1AF081FB03B030BD00BF61
:10E3A000680B002058280020ADE30100D3B51AF017
:10E3B000D1FA044619F03CFF0B46104AD2E9006737
:10E3C000B04273EB070107D3FFF7BAFF204602B054
:10E3D000BDE8D0401AF0B9BAD2E900670022311A7C
:10E3E00067EB03039342CDE90022134618BF4FF0B9
:10E3F000FF31034A03481AF051FBE7E7680B00209E
:10E40000ADE30100582800200023044A52E8000F21
:10E4100042E800310029F9D1F3F7EAB97C2800205D
:10E42000054A52E8003F034342E800310029F8D191
:10E43000024B1B68184700BF7C280020542800208E
:10E4400037B51C68E10705D517F047FC1649174892
:10E4500018F0ECFFA20723D5F9F7FEFFD0B9144D51
:10E4600001901AF077FA044628460BF025FD01903A
:10E4700020461AF06AFA019890B143799B070CD4B0
:10E4800001A802210BF009FE0198F9F7D5FFF9F771
:10E49000B3FBE6E7F9F7B0FBDEE7F9F7C1FFF6E714
:10E4A000002003B030BD00BF50320020CC27002038
:10E4B0008028002008B5054807F088FB044B01219F
:10E4C0001870BDE8084007F091BB00BF6032002023
:10E4D000242E002038B5044648B11AF03BFA054610
:10E4E000214608480BF0C0FD28461AF02EFA064BCC
:10E4F000022193F9000007F079FBBDE83840FFF7EF
:10E500001FBF00BF80280020242E00202DE9F041ED
:10E510000A4B0B4F04460E46386819681546E4F757
:10E52000EDFA40B933462A46386844F48021BDE804
:10E53000F041E4F707BDBDE8F08100BF583000208E
:10E54000783000202DE9F0410A4B0B4F04460E466F
:10E55000386819681546E4F7D1FA40B933462A46B7
:10E56000386844F48021BDE8F041E4F795BBBDE88C
:10E57000F08100BF583000207830002038B5084DB9
:10E58000084B044619682868E4F7B8FA30B92868D7
:10E5900044F48021BDE83840E4F718BD38BD00BF21
:10E5A00078300020583000202DE9F043134B0E4600
:10E5B0001968134B05468DB018681746E4F79EFAA4
:10E5C00080B933460A222846009702A908F0E9FDDF
:10E5D0004FF0000804460DF10809444505D1002C10
:10E5E000EFD120460DB0BDE8F083284659F8041B52
:10E5F000E4F7ECFC08F10108EFE700BF5830002019
:10E6000078300020F8B50B4B0B4F06460C463868A7
:10E610001968E4F773FA054648B9E24316FA82F23C
:10E62000386842F4802246F48021FFF7BDFF284677
:10E63000F8BD00BF5830002078300020F8B50E46F5
:10E64000074630B329B300F03FF80446F8B9124D3D
:10E650000146182228460BF0FAF820232B70336964
:10E660002E616B607369AB60EAF752FA07F080FACB
:10E67000BE6A002E08BF4FF480763046E9F71CFFD3
:10E68000044620B9054B28461E60E9F753FF204693
:10E69000F8BD2124FBE700BF882800208428002043
:10E6A00001480BF091B900BF8828002010B505483B
:10E6B0000BF09CF9044618B900F03CF817F089FB00
:10E6C000204610BD88280020074BDA69D20407D500
:10E6D0001B6A40F2044013F0010F18BF002070477E
:10E6E00040F20440704700BF0080E00F10B5027890
:10E6F0003E2A4FEA022302D18278134301E0FF2A27
:10E70000FAD0094A094910780022904201D8002025
:10E7100006E031F8024BA34203D1054B53F8220027
:10E7200010BDF4D30132F0E7D08F03001C9003003A
:10E73000D48F030030B5002485B002A8E6F746FE6A
:10E7400001A8BDF80850019407F058FF00B10194EA
:10E750000D48019C0BF00FFAA0B1002343718371A7
:10E76000C371037243728372C3726FF007038374C1
:10E770000D23C3747C230B22037564230271C460D0
:10E780000582437505B030BD4C9F030038B50B249E
:10E7900004800024049D0C80284614801C802C607A
:10E7A00007F02CFF00B12C60059B024A00201A6084
:10E7B00038BD00BFF80D7C641046044A1368591E2A
:10E7C000033102D8002111601847704770320020D1
:10E7D000034B1868034B002808BF1846704700BF5A
:10E7E000A0280020789F0300014818F094B800BFCB
:10E7F000A828002013B50B4C0229226005D10A4835
:10E8000018F089F8002002B010BD0A4600930146B6
:10E81000064B054818F060F8003818BF012040008A
:10E82000F1E700BF70320020A8280020B9E70100FE
:10E83000014818F081B800BFA82800200021014835
:10E8400018F09CB8A828002008B5064B1B680133B7
:10E8500005D0FFF7EDFF80F00100C0B208BD002039
:10E86000FCE700BF703200202DE9F843DFF860902C
:10E870000646D9F8008008461746B8F1000F03D0C5
:10E880000E242046BDE8F88306B3336801331DD15A
:10E89000E1B100F075F805460028F1D0C9F8000094
:10E8A00000F0D4F8284617F0BBFE044640B14046BD
:10E8B000C9F8008000F0CAF8284617F0ACFEE0E77F
:10E8C0003560002FDDD02846B847DAE72124D8E7A5
:10E8D000A4280020024B1868003818BF0120704798
:10E8E000A428002038B50C4601F002FEA3780B4A9C
:10E8F00013705A1E55425541A8420CD0012B04D02A
:10E900002846BDE8384001F0D5BD204601F0A4FD01
:10E910000028F5D038BD0020FCE700BF252E0020E0
:10E92000002108B5024B08465B689847002008BDE7
:10E930008C32002010B5FFF74BFF0D4B0C461A1A16
:10E94000534253418B4201D1002010BD094B1B683B
:10E950003BB9094A064B002C08BF1346074A13600F
:10E96000F2E718F086F90028F3D00220EDE700BFA7
:10E97000509F0300A4280020789F0300A0280020B7
:10E98000F8B5044619F0DDFF002607460E4B1B685C
:10E9900093B19E68AEB196F82420D20711D43546C3
:10E9A0000FCC0FC50FCC0FC523682B6096F8243011
:10E9B00043F0010386F82430384619F0BDFF304695
:10E9C000F8BD1B68E4E700BF80320020431E03331C
:10E9D00006D8044B984228BF1846642838BF6420E4
:10E9E000704700BF40420F0038B505460C4641B1A4
:10E9F0000B6833B11B68013303D0CB680BB18B6854
:10EA000043B918F0A4FB00209122412100F024FA20
:10EA1000212038BD084603F0A5F80023094A85F8EF
:10EA20003C31C5E93A4313605360636943B1064A18
:10EA300042211068B322C31A5842584100F00CFA20
:10EA40000020E6E774320020582B002010B5044661
:10EA500018B9054B054A136010BD00F0BBFED4F891
:10EA6000F430002BF6D1F4E70B670300843200206A
:10EA700008B502460868FFF7A9FF08604868FFF775
:10EA8000A5FF48608868FFF7A1FF8860C868FFF7A6
:10EA90009DFF0B69C860581C03D00B48834228BFF8
:10EAA00003460B614B69581C03D00748834228BFBB
:10EAB000034688694B61FFF789FFBDE8084088611C
:10EAC000104601F059BC00BF40420F00D0F8EC30B6
:10EAD0002DE9F04105460C4613B1838D8B424CD095
:10EAE000D5F8E830002B4BD09E68002E48D0D8686F
:10EAF000002845D0013800B200281ADB002106E0CA
:10EB0000128A591CA24217D209B2884211DB0B1893
:10EB100003EBD3735B1003EBC30206EB8202B2F884
:10EB20000EC003F1FF3EA445EAD90FFA8EF08842E9
:10EB3000EDDA2120BDE8F0814FF6FF7299B29142E3
:10EB4000F7D09BB203EBC30306EB83062846B6F966
:10EB5000122095F83011D5F8FC8009F0C0FA07466C
:10EB6000B8F1000F04D00023324628461946C047AA
:10EB7000AC85C5F8EC6085F839710020BDE8F081FE
:10EB80000E20BDE8F08100BF2DE9F04782B00446B9
:10EB90000F46164601F0B2FC002867D14C4D2B6899
:10EBA000D4F8E890D4F8EC800BB14B4572D04FF01C
:10EBB000000AAF6002F06CF90128074604D0012179
:10EBC0000022084617F067FD2B68D9F80010D8F826
:10EBD000002013B11868884267D0204618F025FA43
:10EBE0003C4BC5F800901A78C5F804808DF8076092
:10EBF0006ABBD4F8FC50002D5ED0114620460DF1C2
:10EC00000703A847204601F02BFF0546BAF1000F85
:10EC100000D08EB1B5FA85F04FF4806233214009FF
:10EC200000F01AF93146204602F042F82A4B054618
:10EC3000414620461B689847D4F89430D3B9012F39
:10EC400001D0F5B90025284602B0BDE8F087D4F818
:10EC5000EC30B4F9441023B1B3F912309942A8BF93
:10EC600019463246204601F04FFECBE70023184DEF
:10EC70006B6094E700224FF40073204600F0BAFD69
:10EC8000DDE7164B00215B6803209847284602B059
:10EC9000BDE8F0876B68002B89D0434587D1AB680E
:10ECA0009F42CFD04FF0010A83E7696811B109682C
:10ECB000914295D0596890E794F8281094F839312A
:10ECC0003246994228BF1946204601F0EBFD99E7EC
:10ECD000743200207A910300843200208C320020AC
:10ECE000F8B50E46054619F02CFE31460746284673
:10ECF000FFF7ECFE044620B1384619F01DFE204611
:10ED0000F8BD02F0A5F8224631462846FFF73CFF41
:10ED10000446384619F010FE2046F8BD37B5D0F845
:10ED2000E830274A04461360D0F8EC309160536015
:10ED300000228DF80720234A12786AB3B0F94410F4
:10ED400023B1B3F912309942A8BF194600222046D8
:10ED500001F0DAFD204601F083FEB0FA80F040F2C7
:10ED600053423321400900F077F80121204601F099
:10ED70009FFF154B05461B682046D4F8EC109847BA
:10ED8000D4F894302BB100224FF40073204600F0E9
:10ED900031FD284603B030BDD0F8FC5055B990F88D
:10EDA000281090F839312A46994228BF194601F0B7
:10EDB00079FDCFE711460DF10703A847CAE700BF69
:10EDC000743200207A9103008432002070B504462A
:10EDD00000200D4618F0BFF9094B1B784BB9D4F849
:10EDE000FC6036B129462046B446BDE870401A465C
:10EDF000604729462046BDE8704018F005B900BFBD
:10EE00007A91030030B4064DBDF908402D781DB14C
:10EE1000029430BC18F0FBB80E2030BC704700BF25
:10EE2000322E0020024B1860024B1960FEE700BF33
:10EE3000C02A00208832002038B5044D044C054B10
:10EE4000286021601A60FFF7EDFF38BDC02A00205E
:10EE500088320020C42A002010B550B90548064B5E
:10EE60000160064802601868054B18601868FFF7D3
:10EE7000E3FF10BD88320020A4280020C42A00200F
:10EE8000C02A0020054B1B680BB918467047834207
:10EE900001D01B69F8E70120704700BFCC2A002091
:10EEA000094A13680BB918467047834207D11B699A
:10EEB00001201360054A1368013B1360704703F19A
:10EEC00010021B69EEE700BFCC2A0020C82A0020F0
:10EED0002DE9F74F064619F03DFDDFF828810123A3
:10EEE00098F800B0DFF820910190BBF1000F06D038
:10EEF00089F8003003B0BDE8F04F19F026BD3F4F50
:10EF000088F8003089F800B017F076FD08B117F0E6
:10EF100071FD3D683A495DB9DFF8F0A0DAF80020EC
:10EF20000024AA423B682ED84FF0FF3134483AE023
:10EF30006B7D8BB12B68B34202D09A1B8A420BD9EE
:10EF40006A6813442B60AB68003A18BF0122003B8B
:10EF500018BF01236A75AB752D69DCE7907D20B180
:10EF6000107D88429CBF014614461269002AF5D1E3
:10EF7000002CD9D094E80B00A275411AE268204613
:10EF800098470135CAE71A46FF21EFE75A7D4AB193
:10EF90001A68B24224D0921B824221D8914201D3F6
:10EFA00011461C461B69002BF0D15CB12046FFF7CF
:10EFB00077FF38B13B683C602361DAF800300133F9
:10EFC000CAF800303B685A7D6AB917F011FD064651
:10EFD00099F80030002B95D1019888F8003089E726
:10EFE0001C460021DEE7186800F0D2F8044617F04E
:10EFF000FFFC0646002C85D1EAE700BFCC2A0020A2
:10F00000FCFFFFBF272E0020262E0020C82A00204C
:10F0100038B5054608B3182200210AF018FC19F08B
:10F0200099FC02462846FFF72DFF20B1104619F043
:10F030008CFC022038BD0A4B1C6854B909491D607C
:10F040000B68104601332C610B6019F07EFC2046E2
:10F05000F0E704F110032469EFE72120EAE700BF9D
:10F06000CC2A0020C82A002038B50446FFF70AFF42
:10F0700019F070FC05462046FFF704FF637D23B9B5
:10F08000284619F062FC0E2038BD00236375064B3C
:10F090001B68A34203D117F0ABFCFFF719FF28460A
:10F0A00019F053FC0020EFE7CC2A00202DE9F84F9F
:10F0B000DDF82890984604460D469246FFF7E2FE9A
:10F0C000DDF830B019F046FC074617F091FC064613
:10F0D0002046FFF7D7FE637D23B12046FFF7C4FF2C
:10F0E0000023A375BAF1010F21D175B9B8F1000F52
:10F0F0001FD1B9F1000F03D05A4631462046C84708
:10F10000384619F022FC002017E035440C4BAA1BAE
:10F110009A420ED8012363759DF82C30304684E85E
:10F1200020032375C4F80CB0FFF7D2FEE8E7AE4227
:10F13000ECD1384619F009FC2120BDE8F88F00BF5A
:10F14000FCFFFFBF2DE9F04107468846FFF79AFE16
:10F1500019F000FC3D68064617F04AFC7B7D7BB148
:10F1600085420DD0094B2C1A9C4209D8304619F023
:10F17000ECFBB8F1010F08BF25462846BDE8F08139
:10F18000304619F0E2FB0025F7E700BFFCFFFFBFA8
:10F190000023024A194600F011BC00BFBB690300FE
:10F1A000024B0022196817F059BF00BF3CA00300B2
:10F1B000024B0122196817F051BF00BF342B002009
:10F1C00090F82530FF2B0FD0012904D902390129ED
:10F1D00006D9212070470222044B196817F03EBF60
:10F1E000034B03221968F9E70220704734A003009B
:10F1F00030A00300024B0422196817F02FBF00BF94
:10F200002CA0030070B5164E032804460D46337833
:10F210001ED023FA04F202F00102AA421DD053B11B
:10F220000122A240A54023EA02032B43DBB2337044
:10F230004BB1012070BD2DB10A4B01201B689847CE
:10F240003378EDE73570074B00201B689847F0E7EF
:10F250009A07DED003F0FC03E9E7002070BD00BF91
:10F26000292E00200C2B0020F8B505460C4619F07D
:10F2700068FB104F06463B7833B1012D04D01CB912
:10F280000D4818F05BFF3C7021462846FFF7BAFF97
:10F290000A4B04461B783BB93B782BB917F080FE2C
:10F2A00010B1074B1B689847304619F045FB2046C4
:10F2B000F8BD00BF2A2E0020E02A0020292E0020C1
:10F2C0008C320020054A0B46117831B100211170B3
:10F2D000034A012152681878104770472A2E0020EF
:10F2E0008C32002038B5074D04462B78834207D076
:10F2F00001F038F920462C70BDE83840E6F7BEBB77
:10F3000038BD00BF282E002038B5044680B119F062
:10F3100018FB01210446084618F054FB01210B4A52
:10F32000084608F07AFE2046BDE8384019F004BBD4
:10F3300019F007FB05462146012018F043FB012088
:10F340002146024A08F069FE2846EDE7B89F03000F
:10F350001B4B022910B5187002D0032904D010BD30
:10F36000184B1B78002BFAD1FFF7B4FA0028F6D01F
:10F370004FF00052144BC3F88020BFF34F8FBFF300
:10F380006F8F01F0C7F80028E9D001F075F8002868
:10F39000E5D10E4B1C6834B123689847BDE8104096
:10F3A000002001F0D3B817F093FA094B186019F058
:10F3B000F9FB084B1860204601F0B4F8EEE700BFF7
:10F3C00001330020282E002000E100E0302B002037
:10F3D000082B0020042B002038B504460D46FFF70B
:10F3E00079FA80B14FF00052124B1A6001F092F896
:10F3F00048B9012D07D8012001F0A8F80E4B1B6871
:10F4000023B15B6898470D4B1C7038BD19F0CAFBDF
:10F410000B4B1A68801A186018F048FF4FF47A7284
:10F42000084B1B6802FB003017F054FA012001F072
:10F4300079F8E8E700E100E0302B002001330020FC
:10F44000042B0020082B0020F0B585B019F079FAC4
:10F45000344D04462B7823B1334818F06FFE002852
:10F4600052D118F0FFFE02AA03A917F083FD03464C
:10F47000002838D017F092FD029B98421CD1002042
:10F480002A4B03991B682A4E9942307020D90027D5
:10F49000C91A012324482B70264A33460197009746
:10F4A00019F037FB002837D1234A1378D90701D543
:10F4B0003178F9B1204611E017F06EFD029B9842B9
:10F4C00028D0002318461949194A09681370039176
:10F4D0000121FFF797FE002320462B7019F02CFA2C
:10F4E000002005B0F0BD20462B7019F025FA212030
:10F4F00005B0F0BD03F0FE031370002BDAD10F4B03
:10F500001B6898472046E9E7204619F015FA0E20B7
:10F5100005B0F0BD0220B3E7032320462F703370FF
:10F52000F3E700BF2A2E0020E02A0020002B002055
:10F5300000330020C5F20100292E00200C2B0020F2
:10F5400070B519F0FEF9184D04462B7823BB174A05
:10F5500017491370174B184A18481A60184A194E61
:10F560005A60E6F73FFA18491848E6F73BFA184B95
:10F5700080203360E4F788FF052804BF154B336013
:10F58000154B5B6F03F44073B3F5007F02BF02229B
:10F59000124B1A6001232B70E6F780FB204619F00E
:10F5A000CBF9002070BD00BF2B2E00202A2E00209A
:10F5B000C09F03008C32002049F40100D02A0020B3
:10F5C00069F201000C2B0020C89F0300D82A0020FC
:10F5D000E5F2010009F3010000400050002B00207B
:10F5E000024BD868C0F30360704700BF000002B848
:10F5F00010B5054C237823B103F034FE00202070B1
:10F6000010BD0E20FCE700BF2E2E002008B503F031
:10F61000F7FD0122014B00201A7008BD2E2E00209C
:10F62000F8B504460F46164619F08BF90546A04773
:10F63000044620B1284619F07FF92046F8BD06F0AF
:10F640009BF804220549D1F8EC3E23EA0703334333
:10F65000C1F8EC3E024B1A64ECE700BF003000B08A
:10F66000002002B8F8B51C4612F0020318BF04349B
:10F6700012F00107064607D16FF41070A4F574224A
:10F6800002441648824224D9003B18BF0123144A81
:10F69000144813704FF6FF7399421ABF4A1C92B276
:10F6A0002022114918BF1202FFF7BAFF054670B9B0
:10F6B0008FB9631C08BFD6F81C4102F0DFFA01467F
:10F6C000204604F0A7FC094BC009C3F8CC0028462B
:10F6D000F8BD2125FBE70525F9E700BFBDBDF0FF1B
:10F6E0002C2E002045FB010020FFFF00003E00B053
:10F6F00000F1F00370B5C2E9003143F6747390B0C5
:10F700009360054617F0CBF91446D060072301AA91
:10F7100005F582700E4604F09BFC43F6BC73236132
:10F72000079B314663614FF47F53A361089B2846D2
:10F73000E36143F6C4732362099B636243F6C873B3
:10F74000A3620A9BE36243F6CC7323630B9B636360
:10F7500043F6D073A3630C9BE36343F6D473236433
:10F760000D9B636400F0E8FF074BC002A3644FF4F5
:10F77000FF2300F4FF20E364044B606504F15800AC
:10F78000236510B070BD00BF20E000A820D000A805
:10F7900000F01803182B0AD003070AD440F2011313
:10F7A00010F0100018BF1846034B986770470020F0
:10F7B000FAE70120F8E700BF003F00B0044B1868EB
:10F7C000830654BFC0F30F204FF6FF70704700BF91
:10F7D000FC2B002038B10368044A002B08BF1346F5
:10F7E000034A13607047014BFAE700BF9D6A0300AC
:10F7F0009832002010B4D0E9544122400B4052EA24
:10F80000030104D003495DF8044B096808475DF81B
:10F81000044B7047983200200F2938B505460C4636
:10F820000ED801F035FB01280CD1074A2846536E4B
:10F8300023F00F032343536617F006FC002038BD66
:10F840002120FCE70220FAE7003F00B008B50E4B8C
:10F850001A6C12F0A00F01D0002008BD5B6C5B0792
:10F860000FD40A4BD3F8EC3E23F07F4323F0FF0381
:10F870003BB1FFF7B5FE0928EED00C3818BF0120C8
:10F88000EBE70120E9E700BF000002B8003000B05C
:10F8900070B50D46064620B91A4B1B68CBB10E2039
:10F8A00016E001F0F5FA01282AD1174BD6F8F0003E
:10F8B00093F9004017F076FBC4F12704241A641B67
:10F8C000C4F11C03002BB8BF5B42232B0CDD2120AD
:10F8D00070BDA1F10B03002BB8BF5B42232BF6DCFC
:10F8E000094B19700020F3E786F8265019F029F823
:10F8F000054660B200F02CFF284619F01DF8F1E72C
:10F900000220E5E7A42800202D2E002010B501F0EC
:10F910005DFA04F0E1FA19F014F80A4A0121D2F86C
:10F92000C43E044623F02003C2F8C43E0222064B24
:10F9300008469A60054B5B689847204618F0FCFF24
:10F94000002010BD003000B0001002B88C32002042
:10F9500008B517F0A4F88022024B5867024B1A61D1
:10F9600008BD00BF003F00B0000002B8014B18689E
:10F97000704700BF202B002037B518F0E2FF0123AD
:10F9800000220024009300230546194610460194E6
:10F9900005F0C2FC022002F069FC064B21461C6007
:10F9A000054B02205B689847284618F0C5FF2046A3
:10F9B00003B030BD282B00208C3200202DE9FF4100
:10F9C00002290D4616469846039004D1FFF7D4FF4E
:10F9D00004B0BDE8F08118F0B4FF1E4F04463B6848
:10F9E0003BB1B34205D018F0A7FF002321203B60B4
:10F9F000EEE7194B0022C3F800803E600023012689
:10FA00004FF00008104619460196009605F084FC58
:10FA1000124B022083F8008002F028FC43462A465D
:10FA2000022003A902F040FC0D4B039A1A6008B9AA
:10FA30002046D8E70B4D2B689847212804D0204654
:10FA400018F07AFF0020C3E731466B680220984720
:10FA5000F5E700BF282B0020242B0020302E0020AB
:10FA6000202B00208C320020044B5B6E5B054EBFC8
:10FA70000120034B187800F00100704700C001B866
:10FA8000302E002090F82530023B022B05D84B7C0D
:10FA90002BB1012B05D0022B05D017F0EDB8034890
:10FAA0007047034870470348704700BF20A1070014
:10FAB00048E8010040420F000A78022A11D0101FC6
:10FAC0004242424152004B781201022B0BD0191FC7
:10FAD0004B424B415B000549054842EA8312FFF760
:10FAE0009FBD0122EFE70123F5E700BFF0FFFF0014
:10FAF000D90E02000B78022B10D0181F434243414D
:10FB00005B004A78022A0BD0111F4A424A41520038
:10FB10000F21044843EA8202FFF782BD0123F0E788
:10FB20000122F5E7050F02004FF4005318B1034A14
:10FB3000C2F8FC337047024AFAE700BF001002B86F
:10FB4000002002B808B501F0C7F9014610B1022142
:10FB5000084608BDFFF77AFE0028F8D0024B187857
:10FB6000FFF7E2FFF4E700BF2C2E00202DE9FF474E
:10FB70004B684A880C4609888146FFF773FD0528C3
:10FB8000054628D1D4F80480B8F1000F3CD00823F2
:10FB900041464846A27A16F09BFF002708F10C0662
:10FBA0000290C8F808600DF10C0AE368CDF804A0D3
:10FBB00003EBC70233F837303146009353684846A9
:10FBC00002AA16F0A8FF054648B1002301221946F3
:10FBD0004846FFF747FD284604B0BDE8F08798F88F
:10FBE00001300137BB4206F10806DED22389606886
:10FBF00040F6A15200EB8300029B302183428CBF70
:10FC000000200120FFF728F96268024B0025C3F8A5
:10FC1000CC20E0E7003E00B0D0F8B03010B59942FB
:10FC200004460ED0C0F8B01002F02EF80649A4F831
:10FC300034010123054AD1F8FC1004F5827004F068
:10FC400007FA002010BD00BF004F00B0A43F00B075
:10FC50002DE9F74304460F4615461E46FFF7F6FD0D
:10FC600038B3A38A2BB3204616F00BFE78B96F4B3E
:10FC7000D3F8EC2E1EB10E2003B0BDE8F08302F0E5
:10FC80003003102BF7D002F0C002402AF3D0DFF887
:10FC9000C48104F021F9D8F81430DE07EBD518F050
:10FCA00050FE0646032002F0EDFB20B1304618F06E
:10FCB00043FE0220E0E7D8F8142012F00608F5D140
:10FCC000304618F039FE594B4FF400612046D3F806
:10FCD000EC9ED3F8CC6E05F0BDFE40B14FF400723F
:10FCE0000121534B08461A64424616F0D4FC3946AB
:10FCF0002046FEF7F5FF4D4BC3F8EC9EC3F8CC6EE3
:10FD00000028B9D194F82430980601D4002D4DD0A4
:10FD1000C5F3400004F0AAFC022315F4807F1FBF46
:10FD2000444A002113644FF03A420BBF404A9161AC
:10FD30001364536305F020FD4FF4806315F0040F46
:10FD400014BF3D4A3D4A3A4E536204232846336469
:10FD5000FFF71EFD204616F0BEFF38B14FF480734A
:10FD600015F0010F16BF334A33641364A90646D554
:10FD70004FF6FF72E38F93420FD0314A3149526EF2
:10FD8000100CC2F301120132B3FBF2F308802A4ACD
:10FD90002A492D481B0448665366003D18BF0125BB
:10FDA00094F8243065F3451384F82430204617F086
:10FDB00048F9F0B1204616F08EFFD0B14FF4003173
:10FDC000204605F047FE431C03229BB21F4801A9B1
:10FDD00017F0B4F99DF8042002F00703052B9DF8F5
:10FDE000053015D112070DD443F48073184AC2F8B8
:10FDF000D430002003B0BDE8F04317F0ACB901F0F7
:10FE000007F8CAE713F0040F09D19DF80630EBE7B5
:10FE100003F03002202A05D113F0010FF4E74FF46C
:10FE20008073E3E79DF80630E0E700BF003000B0E4
:10FE3000002002B8001002B8005001B8006001B8FC
:10FE4000004001B8DA3200200000FFFF0C0000BAC9
:10FE5000003E00B000C001B82DE9F0470B46074650
:10FE6000154611B92120BDE8F087002AFAD00329F0
:10FE700005D8002201F0C4FD03460028F2D01C88FA
:10FE80009A78B4F5804F02F0070180F0CA80A1F1A2
:10FE9000070C187993F805A0DE88DCF1000343EB2A
:10FEA0000C0305292B7394BF0023C2F30013C2F384
:10FEB000801C6B73930985F810C003F00203C2F332
:10FEC000C00C43EA0C03C2F34012E8746B74AA74CA
:10FED000D7F89C30AE82D80600F18F800639012910
:10FEE00000F28B80B7F81280D7F81C9008F1FF3829
:10FEF0004D4B083C04EA08045B6D19F804300020FF
:10FF0000802B0CBF6FF07F03323B04F1010418BF5C
:10FF10005BB204EA0804AB73631D03EA08035A1CCE
:10FF2000A86002EA080219F8036019F8022097F89D
:10FF3000253046EA0226FF2B36B228D1F10455D5EA
:10FF4000D7F8F03013B11B68022B05D841F2C92253
:10FF50004C210020FEF780FFD7F8F030C6F30B00ED
:10FF600093F82430C0000BB1B0FBF3F0824542D8C7
:10FF700038B1CAEB0A2ABAFBF0FA6FEA0A0A5FFA4A
:10FF80008AF0D7F8F83013B195F90E109847631C32
:10FF9000E87303EA080319F80340013303EA08038E
:10FFA00019F80320013303EA080344EA022419F88C
:10FFB0000320013303EA080319F8033044EA02443A
:10FFC00044EA036416F4804306D0384600F010FB80
:10FFD000B0FA80F35B095B00214638466A7C04F086
:10FFE000E5F806232860AB7100203CE719F804000F
:10FFF0004000C0B2C5E70020C3E700230020EB7338
:020000022000DC
:100000000A4BDA69C2F30723120448BF63F0FF0307
:100010005AB212F1800F1CBF323B5AB2AA73034688
:10002000E0E702201FE700BF004000B800C000B8B2
:10003000F8B507460D4614468BB116F0F4FF294675
:100040003846BE8A01F088F9B44228BF3446A4B2CB
:1000500022462946044801F09BFA2046F8BD16F0D6
:10006000A0FE0646F0E700BF0C0000BA082310B15E
:10007000024A13647047024AFBE700BF001002B84F
:10008000002002B8054A12681AB190F82A1119B96D
:100090001047084602F052BD01487047102B00205F
:1000A00000FEFFFF354B2DE9F7431C6801F4007992
:1000B00000F00103174653EA090206460D4637D001
:1000C0004FF000084BB30023002201200021CDF89F
:1000D0000480CDF8008005F01FF941462046FFF767
:1000E000D1FF01224146E085DFF8A480104616F0DA
:1000F000D2FAD4F89C1094F8250002F09DFDD8F8AF
:10010000000000F067FA4FF0FF33C8F8003094F8B1
:10011000243043F0040384F82430B9F1000F07D0F1
:100120000121204617F0F1F825F4007506430D4330
:100130002B4632462046FFF75DFBFB070FD51049E3
:10014000104A086800211368116001210E4A1170DD
:1001500003B198470D4B002102205B68984717F0C8
:100160000E0F08D040F2C7123B21002003B0BDE8BB
:10017000F043FEF771BE03B0BDE8F083A428002071
:10018000242B0020282B0020302E00208C32002031
:100190009432002008B558220021064809F057FB88
:1001A0001022FF21044809F052FB05F099FC0020C1
:1001B00008BD00BFF03E00B0343F00B073B52F4A19
:1001C0002F49137809784FF0FF350B4313700C2338
:1001D000742280F83031A0F820216D238222C0F8EB
:1001E0000C31C0E944236423C0E946336FF07C43FB
:1001F00083624FF40043A0F84430224B0026C363CF
:1002000000F15003C3644FF6FF73044680F82530B5
:1002100003F58003C0E90C3580F82660C0F8B050C3
:10022000858504F08FF82046FFF7B4FF94F9261077
:100230002046FFF72DFB6023134A40F6FF71D3647D
:100240004FF03A4211631167104A2946D3644022A5
:100250000F4B20461A64D4F89C2016F0FEFC0E23A7
:1002600000220193009340F202231046194605F044
:1002700053F801F0D3FC304602B070BD322E00209E
:100280007A9103000700FFFF004000B8005000B85B
:10029000002002B810B50C46FFF77CFFCCB1A37864
:1002A000082B18D8E278082A15D843EA021313F06D
:1002B000FF030CBF19466168084AC2F8F0102178A4
:1002C00082F84411617882F8473182F8451105F0CF
:1002D00007FC002010BD2120FCE700BF003E00B05D
:1002E0000129F0B51ED8EAB10F4C8B0094F84701F4
:1002F00094F84651184100F00F000023082828BF49
:10030000082084F8463104EBC101DEB2B04203D8C4
:10031000002084F84651F0BDD75CCE1886F83471C1
:100320000133F2E72120F6E7003E00B0012A10B5C4
:1003300012D8032B10D803EB82020123074C934001
:1003400094F84601DBB221B10343002084F8463122
:1003500010BD20EA0303F8E72120F9E7003E00B0D2
:10036000044BD3F8EC3E13F0806F14BF2320002021
:10037000704700BF003000B00246F8B5B0F8344115
:1003800000F58275FFF7ECFF0B688E68013304BF40
:10039000D2F80C310B604B68013304BFD2F818312E
:1003A0004B60771C3FD1D2F81431CF688B607E1C34
:1003B00040D1D2F810610F69CE60013704BFD2F886
:1003C00004710F614F69013704BFD2F808714F61A2
:1003D0008F69013704BFD2F81C718F618F6987BBA9
:1003E000C0F1640408688C6110B16D2838BF6D20BD
:1003F000C2F814314B68C2F80C01C2F818310B690D
:100400002846C2F804314B691149C2F81061C2F89C
:100410001C41C2F80831D1F8FC1007230D4A03F043
:1004200017FE0020F8BD04F16D031B1AB34238BF5C
:100430003346BAE704F17406361ABE4238BF3E4668
:10044000B9E76D34241ABC4238BF3C46CAE700BF46
:10045000004F00B0A43F00B038B5054C054B4178C3
:1004600000782568236002F0E7FD00B1256038BD03
:100470002C2B0020D89F030038B518F062FA0546EF
:1004800000F006FD012805D0284618F055FA022490
:10049000204638BDFFF7A4F80028F1D1044BDC68F2
:1004A00014F08054ECD1284618F046FAF0E700BF6B
:1004B000000002B80A4B10B51B68044673B1094B23
:1004C00048B10121084A1A60022003F019FD0020FA
:1004D000064B1C7010BD01461860F5E70220F9E7D5
:1004E0002C2B0020302B0020D09F0300312E002029
:1004F000014B1878704700BF312E00204FF40022C6
:10050000034B186C03F500531A64C0F3C0407047E6
:10051000000002B8024B586900F00100704700BFAC
:1005200000C001B8084B5A69D10707D508B901F0D6
:1005300079BE5B69DA0706D401F066BE5B69DB074A
:1005400001D40028F8D1704700C001B84FF0806393
:1005500010B1024A53617047014AFBE7001002B82C
:10056000002002B8202350B1064AC2F8F433064BEB
:10057000196C11F0010104D1032003F0C1BC034A3E
:10058000F3E77047001002B800C002B8002002B8BC
:1005900070B50C4616461D461AB113680BB15B6860
:1005A0008BB918F0CEF918F0C7F90123AB72B389F3
:1005B000049AE11A7368B06889B2134400FB0133EE
:1005C00029816B6070BD1A68032AEAD99B6A5B0EA9
:1005D000ECE700BF431C07D06FF0FF02034B104055
:1005E0005A62A3F580535862704700BF00E000B81C
:1005F000014B986E704700BF003F00B0014B0020D8
:1006000099667047003F00B003282DE9F74F0C466C
:10061000914679D83D4B13F800A03D4B1E5C3D4BF5
:1006200013F800B018F08DF9804605F06FF8074612
:1006300040B10023002201930093012000230021F8
:1006400004F06AFE05F06AF848B100230022019325
:100650000093002000234FF4004104F05DFE002EC3
:1006600045D02D4BDD6C05F008050AEB06002B4B41
:1006700023305844DD64C0B201F02EFD31465046AF
:1006800005F092F85A463146504605F0FBF8244BE7
:10069000DD6477B1234B1B68D3F89C1093F82500D9
:1006A00002F0CAFA20490868FFF794FF4FF0FF33C1
:1006B0000B60B9F1000F04D01C4B002103205B68D4
:1006C0009847B4B14FF48062194B1D6F03F5005386
:1006D000C5F380251A67404618F02EF900F0D8FBC4
:1006E000012808D15DB9002003B0BDE8F08F354680
:1006F000BBE72546EFE7002CF0D10520F4E74FF4E7
:1007000080620C4B1A67EEE72120EDE7F09F0300B3
:10071000EC9F0300E89F0300004000B8006000B8B1
:10072000005000B8A4280020943200208C32002011
:1007300000C001B800D001B8044B90F9260093F92D
:100740000030C3F12703181A704700BF2D2E002078
:10075000054AC002136A00F4FF2023F4FF23184364
:1007600010620020704700BF00C000B8094B084667
:100770005A6A91020BD4D3F80021D20708D4D3F8D7
:10078000803013F4706F14BF0120002070470120E7
:10079000704700BF004001B8F8B50D46144601F09F
:1007A0000B0323EA0201394A2340D1646F07A2F503
:1007B00080520646D36410D50121FFF7D7FF60B100
:1007C00004F0DAFF4FF4007314F0040F14BF304A42
:1007D000304A53620422304B1A64E90606D514F0FD
:1007E000100F14BF00221B222C4B5A652A061DD560
:1007F000230616D54FF40012254B1A62012203F589
:100800008053C3F8002118F09CF80E2107460320FE
:1008100002F082F940F20122204B3846DA6218F0E9
:100820008BF8214696F8250002F006FAEF0503D56D
:10083000E00524D502F0DAF9A90503D5A20521D5F2
:1008400002F0E0F915F0600F04D03046D6F8F01051
:10085000FFF77EF82B0510D504F08EFF104A14F434
:10086000006FD2F8EC3E14BF43F0006323F0006346
:10087000C2F8EC3E0422084B1A640020F8BD02F0D6
:10088000AFF9D9E702F0B8F9DCE700BF006000B8C3
:10089000005001B8006001B8002002B8004000B864
:1008A000003000B070B5054690F830010C460C28B9
:1008B00022D0FF2901D1212070BD1AB14FF0FF32A3
:1008C0000F4B1A6016F04AFC064695F8300101F00D
:1008D000C7F9844228BF0446E4B2B44238BF344664
:1008E000E0B285F8290001F0CBFA064A03461078F9
:1008F00020B9FF2BE0D1DEE70220DDE70020DBE7B7
:100900009C3200207A9103007FB51C4B04461B7873
:100910000E4615460BB3D0F8EC306BB302AAB3F910
:10092000123000920022E5F78DFA02992046C1F3B9
:10093000813116F045FB70B9BDF90C3002990246C1
:100940000093C1F30D0103462046FEF75BFA2946EA
:10095000204616F00CFC04B070BD02A915F07BFF18
:1009600032469DF80810204607F0B9FB2A4601469A
:100970002046FFF797FFEEE71846ECE77A91030071
:10098000F8B50D4690F8301104460C29174603D1EE
:100990002E4B1B78002B51D02A462046A4F84450F9
:1009A00007F09DFBD4F8EC3084F82800002B41D0F0
:1009B000274A1678D4F8FC204EB1002A40D1B4F969
:1009C0004400B3F91210884206DC002607E0BABBE7
:1009D00094F83921824202D20126B3F91250002242
:1009E0002946204684F82B70FFF78EFF08BB76B1AE
:1009F000C4F8EC00204615F0AEFE4FF6FF739842A7
:100A0000014615D02046BDE8F840FEF769B9114B04
:100A10001B7813F0FD0F0BD1204601F035F90E497C
:100A200001230E4AD1F8FC1004F5827003F010FB8C
:100A30000020F8BDFF2384F82930F9E70220F8E709
:100A4000B4F94010B3F912209142BDE77A91030046
:100A5000322E0020DC320020004F00B0A43F00B056
:100A6000D0F8A430012B01D10020704770B50546A5
:100A700050498EB016F0D5FBD5F8EC600146AC8D30
:100A8000C5F8F00026B1336813B15B68002B6CD158
:100A900017F057FF17F050FF0123D5F8F0108DF82D
:100AA0000E30B389B0687268E31A9BB200FB032270
:100AB0004148ADF80C3003680292994202D02846B2
:100AC000FEF746FF3D4C3E4E00F0E2F90128FBD117
:100AD000236CDA07F8D4326C12F08072F4D1D5F8B6
:100AE000F010CDE90A2208920D9109920C92284645
:100AF0009DF80E20029908AB02F014FF002831D1B6
:100B000000F0C6F90128FBD12D4A2C49136CDB01FA
:100B1000FCD40B6CDE07F9D408A901A803F024F972
:100B200000BBAA8D274B5A6495F8243060F341032B
:100B300085F8243016F0C2FAD5F8EC3002465B692D
:100B40001968431EDBB2FD2B049114D9CC1C12D9B9
:100B50001D4B01311B6815D0D81C10D8284604A99C
:100B600004930AE002200EB070BD1A68032A8FD9E0
:100B70009B6A5B0E93E7284604A916F087FA0020CB
:100B80000EB070BDD91C04D8284604A9049316F0F1
:100B90007DFAD5F854319B0506D495F8243043F0FE
:100BA000020385F82430EAE728464FF4803116F036
:100BB000ACFBE4E7FC4F00B0142B002000C002B8EF
:100BC000000002B8008001B8A8320020F8B590F803
:100BD0003C61044666B317F0B4FE1F23154F013E77
:100BE0007B621E40144B05465E62D4F84021A3F59B
:100BF00080539A66D4F84421DA66D3F80031DB07D3
:100C000011D5204616F083F84FF0FF3318B1C0F12C
:100C100020029340DB43C7F80431D4F8A8201340E6
:100C2000054AC2F804312846BDE8F84017F084BEF2
:100C3000F8BD00BF006001B8005001B810B5042332
:100C40004FF03A4101240A4AD1F81801C2F818318C
:100C5000C2F814314C634FF400511163410742BF95
:100C6000C2F81431A2F58052C2F8183110BD00BF8D
:100C7000002000BA70B54FF03A434FF480640A4D3B
:100C8000D3F818610020C5F81841C5F8144104F0E4
:100C9000D1FD4FF400532B67730542BF034BC5F8DA
:100CA0001441C3F8184170BD002000BA001000BA0A
:100CB000F8B504460E4619B990F824305A0647D4C0
:100CC0004FF6FF73218ED4F8F070994204D0354B63
:100CD0001B680BB120469847334D2B68BB4255D05B
:100CE000324B1B683BB11FB13A68002A50D0BF6835
:100CF0003946204698470727204600F0C5FF002EBA
:100D00003AD004F0EDFE0620294B94F9262093F901
:100D100000302849C3F127039B1A0A6ADB0222F438
:100D2000FF2203F4FF2313430B62D4F8F020224B7D
:100D30002A60986701F00CF9002501211F4A204B19
:100D40001170204683F8805016F07EF92846F8BDD1
:100D50004FF6FF71144DD0F8F0702A6866F38613D1
:100D60009742018680F8243017D0104B1B68002B67
:100D7000B9D100F089FF072712493B46124AD1F842
:100D8000FC1004F5827003F063F9BAE70127B3E7BA
:100D90001746204639469847ADE700F075FF012712
:100DA000EAE700BF1C2B0020142B0020182B00208A
:100DB0002D2E002000C000B8006000B82F2E0020AB
:100DC000003F00B0004F00B0A43F00B010B5044693
:100DD000D0F824210B4B4FF40061C3F8C82090F8E1
:100DE0002420D20102F4006204F020FE94F82430A2
:100DF00013F0100F4FF4007314BF034A034A136437
:100E000010BD00BF003E00B0001002B8002002B8C4
:100E100038B517F096FD4FF6FF710A4A13888B42DA
:100E200003D117F089FD0E2038BD074C074D1B0478
:100E30006566A4F580546366118017F07DFD00207F
:100E4000F2E700BFDA320020006001B80000FFFFC7
:100E500008B50C4BD3F84C21531C11D012F0804232
:100E60000ED1094B1B681BB111460320FFF7CCFBC9
:100E70004FF08062054BDA6401225A6102229A62C5
:100E800008BD00BF0080E00FA4280020001002B8B9
:100E90000F4BDB68C3F30363013B0B2B0FD8DFE879
:100EA00003F006060C06060606080A0808080220D3
:100EB0007047042070470520704703207047054B9A
:100EC0005B6913F0060F0CBF01200420704700BFC0
:100ED000000002B800C001B8094AD368C3F3036335
:100EE0000B2B08D06FF49050184100F0010080F0F7
:100EF000010040007047106C10F48030EDD1704755
:100F0000000002B80C4AD368C3F30363062B07D86A
:100F1000042BD8B20BD8C31E58425841400070472A
:100F2000072B06D1D2F844010028ECD170470220EB
:100F300070470020704700BF000002B8094BDB6813
:100F4000C3F303639A1E012A8CBF00220122012BE6
:100F500002701EBF4FF4026222FA03F303F0010392
:100F60000B707047000002B8F0B5CF072CD5002AEF
:100F700014BFAA2555250E461E24154F01F0030364
:100F800083F001033B449B7806F0070C17F80CC074
:100F9000013C63444FEA5606F6D10E4E73436FF49C
:100FA00081769B0C33448AB991FAA1F195FAA5F5A3
:100FB0004A082D0F490042EAC57201F0020480F888
:100FC0002740C0E92A23F0BDAA25D4E7024AF6E764
:100FD000F49F030036FC1000B756351213B501918B
:100FE00047F6FE711A4BC3F83012D0F8AC4001EA54
:100FF0004401184CC4F830120F2159660199C907F1
:1010000023D512BB012161664FF0FF31C3F80411F3
:10101000D0F8A8400F49C1F804414FF0F044C3F89C
:10102000104190F82730DB062340C1F8103152B14F
:101030000422C06C0DEB020108F011FC4FF03A43A2
:101040000222C3F8F42002B010BD0221DBE700BF8A
:10105000006001B8005001B813B590F8251004469F
:10106000FFF7CCFA012001F043F84FF4F0620B4B8C
:10107000DA644FF40072A3F58053DA6494F82530F3
:10108000023B012B08D80421054B01229B6E0DEB7E
:101090000100019300F04AFB02B010BD006000B8EF
:1010A000004001B838B5184B05461C6844B1E368E8
:1010B00033B1206801F074FCA368186801F070FC7B
:1010C000124B134A1B6813602BB1DA681AB19B6884
:1010D000186801F065FC0F4B1B682BB1DA681AB178
:1010E0009B68186801F05CFC0B4B1B682BB1DA683D
:1010F0001AB19B68186801F053FC21462846BDE8E8
:101100003840002215F0AABF3CA0030038A003001D
:10111000342B002034A0030030A00300F8B5D0F831
:10112000403104468B420D46164603D190F83C31BF
:10113000202B0ED0324629462046FFF715FF2023EC
:1011400084F83C310023C4F84051C4F84431FFF71F
:101150003DFD4FF00077074B32461F64294620467D
:10116000FFF73CFF8022044B1A6103F500531F6414
:10117000F8BD00BF001002B8000002B810B5072487
:10118000144BDC6331B94FF48041A3F58053C3F8AD
:10119000041115E04421104B59631049096891F876
:1011A000251006291CBF40F04000986301230C481D
:1011B0004FF48041C363074B002AE8D0C0F8041104
:1011C0004FF48042C3F80821C3F80C21C3F8102162
:1011D00010BD00BF006000B8004000B8A428002087
:1011E000005000B82DE9F74F05460E469046019392
:1011F00017F0A7FB074603F0BDFA95F825B0032EBC
:101200000DD8DFE806F00211171D414BDFF82491DD
:10121000D3F800A085F82560BAF1000F12D121247F
:10122000204603B0BDE8F08F3A4BDFF80C91D3F8BD
:1012300000A0EFE7384BD3F800A0DFF80091E9E712
:10124000364BF8E7D5F8E820524507D0504600F075
:1012500089FC0022C5F8E8A0C5F8EC2041462846E4
:10126000FDF734FC044603F09BFAB34507D0D5F8EC
:10127000EC2028461268DAF8041015F0D6FE019B1F
:10128000DFF8BCA0A3F16D0001F080F9B0F57F4F4D
:101290003FBF234B9B6B0133C018A0F57F40CAF8BA
:1012A000D000484602F05EFECAF8D4002CB9414690
:1012B0002846FDF733FD044618B1384617F03CFBCD
:1012C000AEE701224FF00209164B41461A64284648
:1012D000C3F80890FEF71AFB044618B1124BC3F886
:1012E0000890EAE731462846FFF788F928460C9926
:1012F00015F08FFB04460028DFD10C4907230C4A68
:10130000D1F8FC1005F5827002F0A2FED5E700BF0F
:101310003CA00300342B002034A0030030A00300C5
:1013200000C001B8001002B8002002B8004F00B0A1
:10133000A43F00B0D0FB010050BD0100501C0700CD
:10134000003E00B0034BD3F8F80780F00070C0F304
:1013500040607047000002B810B590F82500FF28E3
:1013600014D0304BD3F8B82012F0060F01D001286A
:101370000DD94FF470622C4BDA604FF48072A3F5F4
:101380008053DA600022274BC3F8B42010BD02F06E
:10139000020412F0040202D00B789B0637D4002C12
:1013A00039D00B7803F00F03072B34D14B78022B85
:1013B00031D98B7813F03E0F2DD0CC7814F0040F78
:1013C00029D014F0010F0CBF04230A23A40748BF3F
:1013D0000633CB5CFBB1002A14BF02220122012894
:1013E00040F6FF7003F01F0108BF4900013940EAD1
:1013F00001310E4801654FF470600B491202C8605C
:10140000A1F58051CA60074AC2F8B430BEE7002C8B
:10141000C7D18B7823B90023044A13650122EAE778
:101420000222DCE7003E00B0006000B8004000B8D7
:101430000A68064B12F0802F1CBF42F20101C3F86C
:101440002812C3F88822C3F88C227047004001B8E4
:10145000F0B585B06C460E460B4B074615460FCBD4
:1014600084E80F00094BD3F84822009226B16B1E86
:10147000DBB2FD2B88BF32602A462146384615F084
:1014800005FE05B0F0BD00BFFC9F03000080E00F2B
:1014900030B50823054685B080B9094AC2F8FC3347
:1014A00051B96C46074B0FCB84E80F00064B2A4618
:1014B00021461868FFF7CCFF05B030BD034AEDE7C1
:1014C000001002B80CA00300A4280020002002B8DD
:1014D0004FF03A43D3F81421D2031ED54FF4803293
:1014E0000E49C1F81421A1F58051C1F818215A6D97
:1014F000D1B2C2F30722C3F8A410C3F8A420042277
:10150000C3F8A4200022C3F8A420C3F8A420C3F881
:10151000A420C3F8A420C3F8A4207047002000BA78
:10152000F0220B4B01219A64A022A3F580539A6408
:101530004FF03A43C26CC3F8F410FC21C3F8CC104E
:10154000C3F8D0204FF40052C3F8F020704700BF1A
:10155000006000B8F8B50D464FF03A44174606460D
:1015600017F0EFF901230421074A6363E76026615E
:101570006561C2F81411054AC2F8843117F0DCF92C
:101580000DB102236363F8BD002000BA00E100E062
:101590002DE9F04105460124006800F007000630FF
:1015A00004FA00F3A868EC685E1EA04200F0928086
:1015B00000EA06076C6810441E430640D81B07EB80
:1015C000040C8242644638D9D31AFA18A0B3431ED9
:1015D000062B74D941EA0C039B0770D14B1CACEB72
:1015E0000303022B6BD90B4620F0030E8E44ACEBA9
:1015F00001071C68DC5104339E45FAD120F0030337
:1016000010F0030F01EB030EA0EB03040CEB030738
:1016100000F0888011F80380012C0CF8038000F0A2
:1016200081809EF80130022C7B7018BF9EF802303A
:10163000084418BFBB7001466C685AB3531E062B92
:1016400001F101032FD9E01A02282CD941EA040044
:10165000800728D1234622F0030CA444081F50F829
:10166000047F43F8047B6345F9D122F00303D01AC9
:10167000920701EB030C04EB03070BD0CA5C0128B3
:10168000E25407D09CF8013002287B7002D09CF80D
:101690000230BB7017F055F90223AE60AB62BDE8B3
:1016A000F04117F049B90A4404F1FF3C00E001336E
:1016B00013F8011C93420CF8011FF8D1EAE70B461E
:1016C0000844ACEB0107D91913F8014B83420C70A5
:1016D000F9D1B0E7042A0DD90878043AA86148780E
:1016E0000431A86111F8020CA86111F8010CA8617D
:1016F000A8685DE7013A032A12D8DFE802F00F1567
:1017000007020B4613F8012B1946AA610A4612F884
:10171000013BAB61114611F8013BAB610B78AB614A
:10172000BDE8F081084486E70A46F3E738B50B4682
:10173000154601464FF03A4468B101221048C4F8FA
:10174000F4201A46FFF724FF25B14FF03A43042254
:10175000C3F8F42038BD73B1D4F8D8209A4284BFBE
:101760000122C4F8F4204FF03A42C2F8D4300223E8
:10177000C2F8F430E8E70123C4F8F430E4E700BF2E
:10178000CC0000BA38B5044617F0DBF84FF03A4207
:101790000121238F054651674BB3B3FA83F3C3F19D
:1017A0001903DBB2A069C2F8B410C2F88C30072369
:1017B000C2F89000C2F8B0304FF4A02302F50052F6
:1017C000C2F81431A2F58052C2F8183100220C4B35
:1017D0001A600C4B1B6C5B0209D54FF480020A4B5C
:1017E0001A64D4F89C1094F8250001F025FA00231F
:1017F000638707232846A387BDE8384017F09CB8C5
:10180000382B0020000002B8002002B82DE9F84370
:1018100005460C46B1B1D0F81880078F17F091F843
:10182000B5F83AC0791E01EA0C0323F00702032C35
:101830000646DFF8F8E042445ED1DEF8004024B905
:1018400017F07AF80E20BDE8F88324F00104DEF8E2
:10185000000020F00100A04253D10023CEF8003058
:10186000238894426FEA43436FEA534323803ED177
:10187000AB8F08EB07091846083880B202F108045C
:101880004C4528BF4446082804D9B4F800E0BEF50A
:10189000804F40D263440F431B1A3B409BB26B877F
:1018A000A887947811884FF03A42C1F30C019165F2
:1018B000C2F89830C2F8B0004FF48022174B04F001
:1018C0000704C3F814210122154BC3F88421FFF744
:1018D000FFFD042C0BD14FF48002124B1B6C124BFA
:1018E0001A64D5F89C1095F8250001F0A5F930464A
:1018F00017F022F80020A6E7601E012898BF1446C2
:10190000A5E7A88F4344E31A48BFDB19083898427B
:10191000A6DC304694E72246AEE700BF002000BABE
:1019200000E100E0000002B8002002B8382B0020DF
:10193000154B10B519688A8F4B8F088F13440138E7
:10194000073B8C69034023F007031C4402F10803A2
:101950004FF03A429BB28B87C2F8B0304FF48022EE
:101960000A4BC3F814210122094BC3F88421A07843
:1019700000F00700042803D1064AD3681B03FCD4F7
:10198000054B1C6010BD00BFA4280020002000BA39
:1019900000E100E0000002B8382B002010B5064C32
:1019A000216839B1CB0703D4044B1868FFF72EFF29
:1019B0000023236010BD00BF382B0020A428002086
:1019C0004FF480320C4B0D49C3F818214FF03A43C5
:1019D000C1F81421D3F8AC10D3F88C20012302F005
:1019E000070206329340C1F30C01083B994201D82B
:1019F000FFF76EBD704700BF002000BA001000BAAC
:101A00002DE9F04780460C4616468769058F16F08B
:101A100098FFB8F83A2005F1FF3C02EA0C0323F0E6
:101A20000701032C82463944B8F83C0019D14A4CCE
:101A300024689CB90244073A02EA0C0222F0070229
:101A4000BC183B44E31A48BF5B19834210DB504685
:101A500016F072FF00242046BDE8F08724F0010450
:101A6000EFE7012C02D0022CEBD108380C46E8E756
:101A7000002E3FD08C4241D14FF03A42D2F85890DC
:101A80004FF03A41D1F8AC20B8F81270C2F30C0212
:101A9000934247DA2588B5F5804FD8D2A378C5F3AD
:101AA0000C0503F007037A1EA5EB09053A43052B45
:101AB000337005EA02052DD82DB2E84340F24542C5
:101AC0000421C00FFDF7C8F97580E3783374D8F8A6
:101AD0001C207B1E03EA0903D118B160A9B213FAD6
:101AE00085F5AF422FBF0023FF1AB780F26024BFF5
:101AF000B180F360504616F01FFFACE7A4F1080276
:101B0000974284BFED0802EBC502B2F80090C9F31A
:101B10000C09B5E7114B5B6D003B18BF0123A5EB2A
:101B2000C305C9E74B6D7A1EA3EB09033A431A407C
:101B30000B4915B2002DCB680BDCC3F30363D81E31
:101B400043424341DB0033708B6C72801B0A337459
:101B5000BDE70823F7E700BF382B0020004000B89E
:101B6000000002B8054BA822D3F84C013121431CD8
:101B70000CBF0120C0F38070FDF76EB90080E00F4C
:101B8000014B588000207047DC32002038B5124DE0
:101B90000446297819B92022104807F058FE002180
:101BA00023780F4A022B13700E4A0F4BC2F8CC1049
:101BB0004FF0FF010D4A4FF0000011704FF0070188
:101BC0000B4AC2F8FC130CBF04220122C3F8FC2309
:101BD00001232B7038BD00BF332E0020E03F00B042
:101BE000DC320020004001B8001002B804330020AD
:101BF000002002B810B5044600F0E4FD064BD3F80F
:101C0000F83724B983F40033C3F3404010BDA31E5A
:101C100058425841FAE700BF000002B84FF63F7241
:101C20000A4BD3F8FC37934206D0094AC3F3011399
:101C30001370E022074B1A7041F66A02064B1B68CC
:101C4000B3FBF2F3054A1360704700BF000002B80F
:101C50000533002006330020582B00203C2B0020A9
:101C600020B1022804D1034B18787047024BFBE7E0
:101C7000002070470533002006330020014B186810
:101C8000704700BF402B00202DE9F74FD0F8B0205F
:101C90004C21022A38BF0222064690F830B16B4828
:101CA000013A036AD0F8CC506948C3F38213D94093
:101CB0000368DFF8C0A19342DFF8BC91654BDFF801
:101CC000BC8101F0010116D11C788C4213D19AF825
:101CD00000405C450FD1D6F8B44064B1AC420AD1A3
:101CE00096F8295099F80040A54204D1B8F80400AC
:101CF00003B0BDE8F08F98F80040026020461970EC
:101D0000FFF7AEFF002900F0888004234FF07F40EA
:101D100000255149C1F8B830504BC3F8B80096F8C7
:101D200029301B06C1F8B8304FF080514A4B2C04C3
:101D3000C3F8B41040F27121494B1B68B3FBF1F3B7
:101D400019215343182BB3FBF1F173D8002C7BD02E
:101D5000B4FA84F2C2F12002C2F10F03012B38BFA2
:101D60000123D440A14201D2013B64086A1C03F064
:101D70001F0152008A403B4F121B9208C7F8B02047
:101D80001A0242EA03121343019305EB052305EB04
:101D90000325354B40F6C20218682B21003818BFC6
:101DA0000120FDF759F8FA222F4B02FB04F01B68C3
:101DB00040F6FF72B0FBF3F00A2358432B4B00F5BB
:101DC0007A74C3F8C420019AA3F58053C3F8C420E1
:101DD000A3F58053C3F8CC50D3F8CC3000F58C5029
:101DE000C7F8FC30C6F8B450214D14302C6002F016
:101DF000B9F84FF47A72C7F8A400C7F8F8002B6856
:101E0000B4FBF2F0B3FBF2F3A8F8043096F82930F3
:101E10008AF800B089F800306AE7002C14BF10255A
:101E2000202596F82930834294BFED182D1805F02F
:101E3000FF0579E7B1FA81F234B1B4FA84F3D21A2A
:101E4000002A89DC0F238DE70F238FE7004001B8BC
:101E50009C320020342E0020001002B8002002B86E
:101E6000582B0020003F00B03C2B0020006001B840
:101E7000402B00200333002002330020DC320020FE
:101E800010B5114B01461B78104C0C2B02D1FF20D2
:101E9000207010BD184615F061F902461846FFF78C
:101EA000DFFE884228BF0846C0B2904238BF1046C5
:101EB0002378C0B28342ECD0054B20701868FFF73E
:101EC000E3FE2078E5E700BFDC3200200433002089
:101ED000A428002010B50446FCF7FCFC78B1154B93
:101EE0001B786BB964B1144B1B784BB1134B1B7847
:101EF000013B012B04D84FF40042114BDA6410BDB2
:101F0000104BDB6C1B04FAD416F01BFD044603F0E7
:101F100033FC4FF400420C4B2046BDE81040DA641D
:101F200002220A4BC3F87C240422054B1A6416F0E3
:101F300003BD00BF352E0020362E0020442B00208C
:101F4000002002B8000002B8001002B800D0035010
:101F50004FF48022014B9A64704700BF005000B8D4
:101F6000F7B50646544C00F02DFC01213A20E2F76B
:101F700027F9524B2578524F1E7085BB2846FFF734
:101F8000A9FF2378013B012B19D8E37B01A88DF829
:101F90000430237C8DF8053004F034FDC7F87C5400
:101FA0004FF6FF72474BC3F88420F822A3F5805305
:101FB000C3F884200022424BC3F87C240DE04FF686
:101FC000FF72404BC7F87C54C3F88420F822A3F575
:101FD0008053C3F88420C7F87C543B4B5BE000205F
:101FE000FFF778FF2378013B012B08D8E37B01A89A
:101FF0008DF80430237C8DF8053004F003FD0023B8
:10200000C7F87C34002ECBD062685AB32F4B1B68C4
:1020100003EB5203B3FBF2F3013B1B0243F0F80363
:1020200026782849022E2A4A1ED0032E4FF6FF7525
:10203000234826D0012E38D143F00203C1F8845042
:10204000C2F884300723C0F87C34E37B01A88DF804
:102050000430237C8DF8053004F0C2FC0120FFF72A
:1020600039FF17E0F823DBE74FF6FF7043F0010379
:10207000C1F88400C2F884300622114BC3F87C24D6
:10208000E3E743F00503C1F88450C2F88430042329
:10209000C0F87C340F4B4FF080420020DA644FF4DC
:1020A00080220B4B9A6403B0F0BDC1F88450C2F893
:1020B00084300023ECE700BF442B0020362E0020A4
:1020C00000C00350006000B8002002B8582B002068
:1020D000005000B8001002B8034BDB6C002BBCBFF3
:1020E000024BC3F888007047000002B8004000B8F7
:1020F0004FF0006338B1064AD364064B4FF4003208
:10210000C3F884207047044AD364044BF6E700BF49
:10211000001002B8005000B8002002B8006000B8FB
:102120002DE9F04700F0A8FB4FF47A762D4BB0FB79
:10213000F6F618604FF4FA73734307462A48190EEF
:102140001B021818294A4FF0000341F10001E5F77E
:102150004DFF274BA0F5807205461A6320B94A222D
:102160002B21FCF779FE01254FF47A724FF0000A1B
:102170006A43534650083102E5F738FF1C4B1D4AAD
:10218000B7F57A7F9A601C4B4FEA056819601B4BC4
:102190008946044618604FEA152505D29D222B2159
:1021A0005046FCF759FE01264FF47A73A8FB030151
:1021B00003FB05117308C01841F1000100233246EA
:1021C000E5F714FF0E4B023419600E4B49F100097C
:1021D000A408186044EA8974054B013C9C63BDE87F
:1021E000F08700BF582B002020A1070040420F00BD
:1021F00000C001B802110100682B0020642B0020F0
:10220000602B00205C2B00201022044BC3F884219B
:102210005A600122024BDA60704700BF00E100E023
:1022200000C001B81022064BC3F88421C3F88420F3
:10223000BFF34F8FBFF36F8F0422024BDA607047FA
:1022400000E100E000C001B810B50446A242A2EBD4
:102250000000A3EB010104D2034B01399B6B013356
:10226000184401F0030110BD00C001B838B50125C4
:102270000A4B02019D504FF480730446084A834084
:10228000536616F05EFB074AA540137823EA050360
:102290001370BDE8384016F04FBB00BF00E101B835
:1022A00000E001B8402E00202DE9F84F1646054603
:1022B0008A461F4616F045FB022E00F091808046AC
:1022C00016F048FB604B614AD3F8209092F88D409D
:1022D0005A6EE4B2520744BFD3F82090013404F0A0
:1022E000030416F032FB4846214600F03DF98446CF
:1022F000DAF80000012E04BF01306044ACEB000CA2
:1023000008BFCAF80000BCF1804F7DD300F03EF951
:102310008145A1EB040188BF4B4BDFF854C188BF56
:1023200001F1FF3101F0030188BF9B6BA0EB090EA7
:102330000CF80510A1B1F90742BF41F61F72444BDA
:102340005A67BA0742BF424B424A5A677B0742BFAD
:1023500000223D4B9A673C0742BF00223A4B9A65E8
:1023600011244FF0010A384B05F11002120103EB62
:10237000051BCBF80C0138499C501A6A0AFA05F47F
:10238000586E0B78A2EB0902E4B2234372450B703E
:1023900025D34FF48073AB40034220D11CF80520B5
:1023A000002A4CD10EB32D4AF807536607D541F6E3
:1023B0001F7140F20110264B596750675967B907E2
:1023C00006D5234B234A254925485A6748675A674B
:1023D0007A0742BF0122234B1A613B071AD44046B9
:1023E00016F0AAFA0120BDE8F88F1F4A2D0142F825
:1023F00005A042F89C3C16F0A4FA17490B7823EA92
:1024000004030B7016F098FA404616F095FA002077
:10241000BDE8F88F2120FFF75FFE4FF480310A4AB4
:10242000124BD1601A78002AD9D000222D201A70C0
:10243000FFF752FE1022094B40465A66D0E7074A82
:1024400040465366CCE700BF00C001B8003E00B074
:1024500000E001B800001F1F402E002000D001B88E
:1024600000000101000002B800E101B8372E002091
:10247000382E0020024B1878003818BF0120704712
:10248000402E0020034B10300001185800F00100CE
:10249000704700BF00C001B870B50646FEF73AF8B5
:1024A000044608B1FFF7BEFE00230A4D3046AB617B
:1024B000EB612B6200F06AF8074BC9B283F88D100C
:1024C00028622CB1FFF7A0FE4FF08062034B1A6424
:1024D000002070BD00C001B8003E00B0002002B86E
:1024E00010B504462120FFF7F7FD1CB14FF48032F0
:1024F000064BDA60064B1A783AB100222D201A708A
:10250000FFF7EAFD1022034B5A6610BD00C001B868
:10251000372E002000D001B838B516F01BFA084B52
:10252000084A1D6A92F88D405A6EE4B2520744BFC1
:102530001D6A013416F009FA284604F0030138BD7B
:1025400000C001B8003E00B00346064A103302EB5B
:1025500000111B01D1F80C01D158C1F3400114F056
:1025600024BE00BF00C001B8064B1B68434303EB09
:102570008171054B1B68A3FB003013F1004341EB55
:1025800000007047602B00205C2B00200C4A20F0DC
:102590004043014610B5002014684FF00042E4FBB0
:1025A0000320084A890F126802FB0300064B9B6B4D
:1025B000984204D901330131C01A01F0030110BD62
:1025C000642B0020682B002000C001B8044B01F0F0
:1025D000F071103041F0030100011950704700BF45
:1025E00000C001B808B52220FFF776FD4FF4802225
:1025F000014BDA6008BD00BF00C001B870B51646D7
:10260000054600B3F9B1F2B14268104B00680332DD
:102610001B68920800F130409847044688B9EA6880
:10262000A86803323146920800F1304014F0DDFD15
:10263000044630B9286921466A6900F1304007F044
:1026400006F9204670BD2124FBE700BFA43200201C
:1026500070B50C68651C15D0C4F302669E42C4F3C5
:10266000074530D1A4B294422DD804EB8506B2427E
:1026700029D2141BA50824F003040E59340F04D0EA
:10268000012C08D00022212402E06B1C51F82320E9
:10269000C0E9002470BD0E4C34F8133042EA034305
:1026A0001A686B1C51F8234001EB83014B682240F0
:1026B0005E4036F0704404D11B0F032B04BF8B68BF
:1026C0001A430024E4E7013501EB8501C1E700BFAF
:1026D00024A0030007B501A8E2F77AFC9DF80530B5
:1026E000022B02BF40220B4BC3F8FC23C8220A4B2B
:1026F0005A650A4B0A4AD3F86032DBB2FF2B08BF97
:1027000003239B0043F47F53C2F8F83303B05DF812
:1027100004FB00BF001002B8008001B80080E00F89
:10272000000002B80022012108B51E4B1A645A6449
:102730009A641D4A516102219162DA68C2F3036210
:102740000D2A01D0002AF8D1112218499A6318489D
:10275000184AFFF753FF01F07BFD174A93685BB9F6
:10276000164A93689BB94FF080620F4B5A61012261
:1027700003F580535A6108BD1149D268096803F115
:102780003043032AECD943F8041B043AF9E70C4917
:10279000D268096803F13043032AE4D943F8041BE3
:1027A000043AF9E7000002B8001002B8A4A0030040
:1027B00088A00300A0A0030070A0030058A003009D
:1027C000B8320020012341F6FF710D4AC2F8803271
:1027D00091660C4A53600C4A53600C4A5360A2F550
:1027E00080425360A2F54042536002F5C03253600C
:1027F00002F580425360A2F500425360704700BF6B
:102800000090005000D000B8001000BA005001B88D
:1028100010B50324FFF7D6FF114A124BDA64FFF715
:1028200059FF114BC3F8E04000F0DAF901F054FB16
:102830004FF460720D4B5A614FF40072DA6414F079
:102840003DFC0021FEF724FE8022094B1C64A3F509
:1028500080535C64074BC3F884215A6010BD00BFED
:102860000048F000000002B8005001B8001002B8A3
:1028700000A002B800E100E008B514F0F3FE044B3C
:102880001B6FC3F300430133B0FBF3F008BD00BF7F
:10289000008000502DE9F04F044687B00290894631
:1028A00059F8043B5A1C06D12360029BE01A8010A1
:1028B00007B0BDE8F08F3748C3F301615FEA137BCF
:1028C00030F8110008BFC3F307429BB218BF0122C2
:1028D00043EA004014F092FC4FEAC20A05460AF1AE
:1028E00004032D48234483421BD807230127C846ED
:1028F000CB4003F0010301939300049307FA0BF715
:1029000005EB8203039307F0940304F10806059393
:10291000039B08F10408AB4208D10499544449448C
:10292000BDE71E4B9C42E0D80020C1E7059B53B990
:1029300017F0420F19D117F0280F0BD146F8085C99
:1029400058F8042C21E040F6B70232210020FCF7B1
:1029500083FAF3E740F6BB0232210198FCF77CFAD8
:1029600005F5805246F8082CEAE74FF40C62322154
:102970000198FCF771FA05F50052BBF1010F46F81A
:10298000082CDDD158F8042CD24346F8042C043529
:102990000836BDE71CA00300DF4F00B0E04F00B0D9
:1029A000F8B50646E0B10024144B25461F461449ED
:1029B00053F8042BAAB91348314600EB8500FFF702
:1029C00069FF30B940F66C223621BDE8F840FCF7CB
:1029D00043BA0D4B0135281847F8246023F814003A
:1029E000F8BDB242FCD001340C2C02D031F81450A6
:1029F000DEE740F6862236210020E6E76C2B002039
:102A0000A22C0020404000B0A42C002070B5044649
:102A100098B1B1B13A4A52F8043B834213D1002332
:102A2000384A116CC907FCD4374800EB830014F016
:102A3000E5FB364B106001221A6470BD01330C2B8C
:102A400002D1334D2CE0012352F8041BA142F5D1F1
:102A5000304A32F81330E3E7C2F3016335F813006C
:102A6000110C93B211F0FE0F43EA0043606820D0CE
:102A70000434CAB2022A216808D96668A068033AF9
:102A8000C3E9001698600C340C33F3E704D1626894
:102A9000C3E90012083403E0012A01D104341960AB
:102AA0002268531CD8D10022164B1A6003F58053BC
:102AB000C1E7120F072AEDD8DFE802F00704090D7D
:102AC0001013181DC04303F500531860E2E71A689D
:102AD00042401A60DEE703F58053F6E714F05AFB34
:102AE000D8E7012203F580538240F2E7012203F583
:102AF00000538240EDE71A6830EA0202FBD1C9E7D1
:102B00006C2B002000C002B8404000B000D002B8DA
:102B100024A00300A22C0020064BDB68C3F3036350
:102B2000984206D1044A536E23F0F00343EA0111A0
:102B300051667047000002B8003F00B02DE9F7432E
:102B4000064614F020FB00248046DFF8909015F034
:102B5000F8FE0DF1070105460DF10600FEF7EEF94E
:102B60009DF806308BB9721C29D014F00CFBA0EB39
:102B70000804284615F0E0FE9DF8063013B99DF8CC
:102B800007303BB3A642E2D824E0D9F80C3013F466
:102B9000603FE8D0D9F8180014F083FB731C074697
:102BA00003D014F0F0FAA0EB0804284615F0C4FE98
:102BB00017F5007FE0D0384603B0BDE8F083284623
:102BC00015F0BAFE9DF80630002BC0D19DF80730F5
:102BD000002BBCD1004FEEE700FEFFFF00C000B8A5
:102BE0000122014BDA647047001002B80122014B48
:102BF000DA647047002002B84022014BDA64704763
:102C0000002002B84022014BDA647047001002B87D
:102C10000122024B98611A61704700BF000001B8A1
:102C2000044BD3F8AC3010B1C3F30332027003F09D
:102C30000F007047000002B8094B01F080011B6CC7
:102C400003F480030B430AD14FF40012054BFF2815
:102C50001A621EBF0122A3F58053C3F800217047FA
:102C6000000002B8006001B8124B197809BB124A83
:102C7000106A5860D2F88800D860526E1A610F4A04
:102C8000D0689861D06BD861D2F804011862D2F88C
:102C900008015862106B9862506BD862926B1A638D
:102CA00001221A70064B074AD3F8C40E1060C3F80D
:102CB000C41E7047A02B0020004001B8004000B89F
:102CC000003000B09C2B0020164B1A784AB359688C
:102CD000154A1162D968C2F8881019695166996954
:102CE000A2F58032D160D969D163196AC2F80411A2
:102CF000596AC2F80811996A1163D96A5163196B4C
:102D00009163012102F5005291641021A2F58052D5
:102D1000C2F8841000221A70044B1A68044BC3F8DE
:102D2000C42E7047A02B0020004001B89C2B00202F
:102D3000003000B0194A38B5136A03F4E071C029B5
:102D400021D003F0C003802B23D1154B154A012558
:102D50005A66302203F580535A660522A3F5903354
:102D6000DA6003F580539D6415F0EBFD04460E4BCD
:102D700029461D610D4B00205B6898472046BDE841
:102D8000384015F0D9BD23F4E07343F0800313629B
:102D9000DBE70023C2F88830D7E700BF004001B866
:102DA000005001B80F00FFFF000002B88C32002075
:102DB000012838B501D0042831D11E4BD3F80421A5
:102DC00022F48042C3F80421D3F8082122F480427F
:102DD000C3F808210122DA6324221A634FF48072B7
:102DE0005A634FF49C729A63102203F50053C3F8A0
:102DF0008420052201250F4BDA6003F580539D6482
:102E000015F09FFD04460C4B29461D610B4B00201D
:102E10005B6898472046BDE8384015F08DBD3F22DD
:102E2000074B06285A660CBF064A074AA3F580538B
:102E30005A66DEE7004000B8000002B88C3200207D
:102E4000006001B83800FFFF1200FFFF10B515F059
:102E500078FD084B04461B683BB1984728B1002217
:102E600000204FF4806101F04DFA2046BDE810408B
:102E700015F062BDD42B00204FF604014FF6050279
:102E8000044B01201B6C9BB28B4208BF1346024AC5
:102E9000136670470080E00F00C001B8074BD3F8FD
:102EA000483203F00303012B03D0022B03D0002090
:102EB000704715F03BBD14F019BC00BF00800050F6
:102EC0002DE9F74F81460F464FF0FF35FFF724FB02
:102ED000002601908A462C463046DFF8D8B006F12D
:102EE00010031B015BF8033003F00308B8F1010F76
:102EF00015D13046FFF728FB02460B460198514694
:102F0000FFF7A2F9DBF8643006F10802D340DB07D3
:102F100039D5002F40D000252C463E604046013672
:102F2000082EDCD160B3234A0027D2F808C0916B89
:102F30000CF440330131A4FB0141641941F100015B
:102F4000B3F5003F30D1536B0CF4405C013347F1D3
:102F50000006BCF5805F22D1156B15F5807505FB69
:102F600006F647F1000203FB0266A5FB033232447A
:102F7000594304FB0212A3FB04341444C9E900348E
:102F800003B0BDE8F08FA84271EB0403C6D207B1CD
:102F90003E6005460C46C1E73D463C46BEE7320270
:102FA00042EA13621B02E3E7136B13F5807347F1E8
:102FB0000002DDE700C001B8F8B5062014F006F9FC
:102FC000044614F0E0F842F21073041B9C420546DC
:102FD00018D94FF080624F240B4B1A6441F26F777F
:102FE0000A4E0BE014F0CFF8401BB8424FF4837246
:102FF00021468CBF00200120FBF72EFF336C5B01C4
:10300000F0D5F8BD1A24E9E7002002B8000002B8A4
:1030100008B514F05FF90122054B93F889300233AB
:103020005B00DBB202FA03F3024A536108BD00BF42
:10303000003E00B0002000B8FF2870B505D1FF2980
:1030400031D0072001292CD804E0FF2927D10B28F3
:1030500027D801214C4B83F8880083F889104B4B0B
:103060005B689D05C3F340223BD44FF038435A6060
:10307000474A506E440205D5464B5B6803F0030394
:10308000022B13D110F4001076D140F237121B211D
:10309000FBF7E2FE01223E4BC3F8482209E00B2871
:1030A000D0D9212067E001210720D3E70223C2F80D
:1030B00048320122384B9A604FF038435A60DA6048
:1030C000996A0807FCD11969C907F8D540F2FF329F
:1030D000324B9A615A614FF400722C4BC3F8842131
:1030E0005A60294C01213B20E1F76AF894F88930B5
:1030F00094F888202A4943F44023063243F41063AD
:1031000041F82230274B1D68FFF7C8FE6E08ED0717
:103110000246002328463146E4F768FF090241EAE7
:103120001061C0F3C05040EA41001F4BA067186B0C
:1031300010F5807005D14FF4D6722B21FBF78CFE71
:1031400002200246002300200121E4F74FFFE06740
:10315000FFF7A4FE40F649435843000DFF2828BF5F
:10316000FF20022838BF0220002184F88C000120B3
:1031700000F0C6FE002070BD0C4B586800F0030044
:10318000023818BF012080E7003E00B000E100E0F7
:103190000080005000000250001000B8002000B86D
:1031A00000800350582B002000C001B8004002509E
:1031B0002DE9F34105460F4668461146FFF780FEAC
:1031C0000646B0B1AFB1DDE900321B0A43EA026343
:1031D000A5FB0384094B120A05FB02441A6812B9C5
:1031E000FFF74AFB0246002340462146E4F7FEFE75
:1031F0003860304602B0BDE8F08100BF582B002097
:1032000070B5FFF7D9FE0021022000F079FE13F01F
:10321000BAFF04460F4D104ED5F8F4331B070BD5FB
:1032200015F08FFBBDE8704002220C4BDA600122E2
:103230000B4B1A7015F080BB13F0A5FF001BB042BA
:103240004FF405724FF045018CBF00200120FBF7C1
:1032500003FEE1E7000002B83F420F0000C001B8E2
:10326000412E0020244938B50B78002B42D0012292
:10327000224C234894F8893002335B0002FA03F5AC
:10328000DBB29A40856142614FF400721D4BC3F876
:10329000842100230B701C4B40F2C322186C39218F
:1032A000C0F38060FBF7D8FD4FF48041174B184AFC
:1032B000C3F894100C2194F889304B4303F1384340
:1032C0005B6BD4F88010994202BFD2F86C31C4F81D
:1032D0008430D2F86431D4F8840008BFA4F88E306A
:1032E000B4F88E1000F0DCF8BDE83840012102206F
:1032F00000F006BE38BD00BF412E0020003E00B0E9
:10330000002000B800E100E0000002B800E001B8D1
:1033100000C001B810B50446FFF7C0FD6043044B80
:1033200000F5F42000F59070B0FBF3F010BD00BF85
:1033300040420F002DE9F74FFFF7ECFF0446FFF77F
:103340003BFE15F0FEFA0021DFF84881054668468D
:1033500088F80010FFF7B4FD4FF038431E6A03F5FC
:103360000033DB68074613F0706F1BD1444B5B6979
:1033700013F0060A16D1D8B1424B611D1868A1FBA3
:1033800000B9FFF78BFD5346024649465846E4F71D
:103390002DFE009B090241EA106100029842019B48
:1033A000994105D3284603B0BDE8F04F15F0C4BAE3
:1033B0000021022000F0A4FD13F0E5FE8146DFF8B5
:1033C000D8B0DFF8D8A0DBF8F4331B0742D5002FC4
:1033D0004FD0DDE90079FFF761FD390A41EA096163
:1033E0004FEA1923A0FB019700FB0377254B1A68CE
:1033F00012B9FFF741FA0246002339464846E4F77E
:10340000F5FD4FF00C0E844601211F4B013493F85B
:103410008920361B931C0EFB02F25B00DFB21B48B7
:10342000664402F1384201FA07F747615663184EC5
:1034300001FA03F3B3614FF03846366A526BA4EBDE
:103440000C04B21AA24214D283614761022000F038
:1034500057FDA7E713F097FEA0EB0900504540F297
:103460006A224FF045018CBF00200120FBF7F4FCDD
:10347000A9E70222024BDA60012388F8003091E7C5
:1034800000C001B8582B0020003E00B0002000B85A
:10349000001000B8412E0020000002B83F420F008B
:1034A0002DE9F04F4FF00C0A0027B64A054692F876
:1034B000894088460AFB04F303F138431F6392F8FE
:1034C0008820B14B87B0C3F8B4204FF40032AF4B23
:1034D00046461A610222A3F58053DA604FF0384362
:1034E000AB4A1B6A92F82413AB46C9B2059192F815
:1034F00029130134C9B20491012104F0010482F8B6
:10350000247382F82973A21C0AFB04F4500001FA08
:1035100000F003F1FF390290019004F13844A3EB6D
:103520000903002B40F3FD800137022F63D9EC2201
:103530000D210020FBF790FC4FF080539549944AF1
:103540004B66059B944C03F0F00382F82433049BF4
:1035500003F0F00382F829338A4A4FF40033C4F8A9
:103560006CB1C2E9209BC4F86461A2F88E600026A9
:103570000B61854BC3F8B4600C2392F889205A4341
:1035800002F13842166315F0DCF9334632464FF447
:10359000807E276AD4F864C003F1100109016158E4
:1035A00001F00301012910D10EFA03F111EA0C0F09
:1035B0000BD104EB0316BD42D6F80C6100F2DC809F
:1035C000B54202D2B74280F0DA800133082BE3D152
:1035D000724D2C68012C40F2E7803AB16949B1F88C
:1035E0008A301343A1F88A30684B5A6607B0BDE8A9
:1035F000F04F15F0A1B94FF0000B624E96F88930EC
:103600000AFB03F303F13843C3F830B015F099F91E
:103610004FF080515F4B039059664FF0384396F856
:1036200089201B6A00920AFB02F203F1010902F1F0
:103630003842C2F83490554A02331167C4F830B0AA
:10364000029A6363564B54485A61019AA3F580531A
:103650009A61016B8368DB0340F18B80D6F8803080
:10366000B26FA9EB0303A3FB022CF36F01F580718A
:10367000ACFB0360A2FB03E39B19A1FB03E640F153
:10368000000001FB0066B2EB0E026CEB0606120AAC
:1036900042EA06624244B2EB112F4FEA112603D3ED
:1036A000013340F10000921B043E964228BF1646AB
:1036B0003949344A8E6192F88D20D1F820C0EB1838
:1036C000D2B2896B40F10000654584BF02F1FF3240
:1036D000D2B2B1F1FF3F0ED04FF0000E01F1010C5C
:1036E00099427EEB000B08D20132B3EB0C03D2B24D
:1036F00060F10000F4E70244D2B29B462149264B18
:1037000002F0030281F88D20C3F820B00222009B52
:1037100003980AFB03F303F138431A63226315F09D
:103720000BF94FF038431B6A009315F00AF91D4955
:103730000A6922F004020A61BFF34F8FBFF36F8F53
:1037400030BF4FF08051019B154A936102F5E03282
:1037500011670022102122630D4AC2F8841115F06E
:10376000EBF80D4A009B526E12F0805F3FF4D7AE2B
:10377000E2E64646AB46C9E7B542BFF423AF114384
:103780008AB222E7003E00B00080035000D001B8AA
:1037900000E100E000E001B800C001B8002B00200B
:1037A000002000B800ED00E011490B78142B01BF98
:1037B0000023104E0B7033700B7801330B70002A0E
:1037C0003FF414AF0C4EB6F88A301343A6F88A3093
:1037D0000A4B5A66074A13780133DBB2022B137087
:1037E0007FF404AF002301342C600B701370FDE6EE
:1037F000432E0020422E0020003E00B000D001B831
:103800004FF00052014B1A60704700BF00E100E02A
:103810004FF00052034BC3F88020BFF34F8FBFF32C
:103820006F8F704700E100E037B50446FEF7CAFF2E
:1038300001213A20E0F7C4FCE17822791B4841EAF3
:103840000243C0F8DC34E579A37943EA0543C0F8C4
:10385000E03423784BB18DF8041004218DF8052055
:103860000DEB0100002203F0A7F863785BB104219F
:10387000A37900228DF80430E3790DEB01008DF877
:10388000053003F099F8227801235AB1084AC2F8AA
:10389000D834627802233AB1054A0020C2F8D834FD
:1038A00003B030BD034AF2E7024AF6E700C0035016
:1038B00000D0035000E00350F8B50B46002213F887
:1038C000044B944225D91D68854224D106245A7997
:1038D0001D79124B88181E6804FB0503104F33F83E
:1038E000063C7B43B3420ED900238A5A7A43964260
:1038F00002D804FB0300F8BD9D42FAD9013304FB52
:1039000003F2825AF2E740F247423D210020FBF7E2
:10391000A3FA0020EFE708330132D2E7D82B0020CA
:1039200040420F0000202DE9F84FA2FB018BC74E4B
:10393000C74F18EB060699466BF10003B74270EBD0
:10394000030307D240F23E220E21FBF785FA022044
:10395000BDE8F88FD9F814A00C461546BAF1000F4F
:1039600004D0DAF80030032B00F21B81B94BBA4ABD
:103970009F6BA3F58043D3F8EC30C7F314075E00C8
:10398000B64B48BF47F400171B6ED2F8FCA058078F
:103990004EBF4FF440039B0503F0E0731F43B04B51
:1039A000D3F8E430990748BF47F0807747EA456786
:1039B00013F092FE012D0646C9D10028C7D0A94BAD
:1039C000984200F0FD8003F5122303F5F863984256
:1039D00000F05A81A44B984200F0A78100250246CE
:1039E0002B4600204FF00071E4F700FB2B4601301E
:1039F00008FB03F3C7F3130100FB0B33A1FB0662C3
:103A0000A8FB008001FB0522034420339B09C9F871
:103A10000030F60C954B46EA4236FA021C6058BF5D
:103A20007642934B934D34441E602C60BAF1000FE4
:103A300000F00881FB014FF000038F49C7F381526A
:103A40008A5C194648BF6408002EB8BF76429206C9
:103A50006008C2FB06012246E4F7C8FADAF8001053
:103A60000E2908D97D4B7B4A926BDE69D3F80C3165
:103A7000F60600F12881C0F3130017F40017C9F807
:103A8000040014BFC42040F207107C4ADAF8186022
:103A9000A2FB04C24FEA521200FB02F24FF4FA7387
:103AA000B2FBF6F218BF002702FB03F3A4FB00C031
:103AB000FA33A3FB063604FB07006345864138BF93
:103AC0000132D2B242F4006CC9F808C0002A00F0FA
:103AD000BB80DAF81C70A2FB070624B1B4FA84F3A9
:103AE0000E2B40F3D880E303002E40F0D180B3FBCF
:103AF000F0F6700000FB0220A0FB07834FEA044EA3
:103B0000C6454FEA144474EB030309D35200104432
:103B1000A7FB0083C64574EB030306F10106F6D24A
:103B2000C6F30E034CEA033C4CF000630629C9F8C7
:103B3000083049D9DAF83030002B45D00023C9F8D5
:103B40000C30C9F8103013F0C7FDDAF83010FFF769
:103B5000B3FE044618B18378002B40F0CC8013F0FC
:103B60007BFDDAF83010FFF7A7FE0446002869D085
:103B70008378002B66D0407940F27352003818BF2A
:103B800001203D21FBF768F9207940F2745200389A
:103B90004FF03D0118BF0120FBF75EF923796279F0
:103BA0004BE0042BDAF828707FF402AFFB014CBF26
:103BB0004FF4400307F0E07327F0E0771F43F7E688
:103BC00000232F481D4613E713F086FD2C68002CB8
:103BD00000F0AF80B4FA84F3D3F1020358BFDC40A5
:103BE000284B9C4288BF6408002875D0B4FBF0F3D2
:103BF000642100FB134201FB02F2904203F1FF3209
:103C000000F2A6805D085308013D1B0243EA05153A
:103C1000C9F80C5013F026FD002800F09080B4FB8A
:103C2000F0F2642100FB124401FB04F4A04200F214
:103C30008D80531E52085B08013A1B0243EA0213AF
:103C4000C9F81030002083E6212081E6006CCA8884
:103C5000807C814A008001B8004F00B0004001B86C
:103C6000000002B800F04902005A6202E02B002076
:103C7000DC2B0020D82B002040A00300D34D621085
:103C80000A3BB2DF3FBE4025002335481D46AFE664
:103C90001046002630E7C3F10F0E03F1110806FAB3
:103CA00008F820FA0EF040EA0800AEF1200826FAE3
:103CB00008F840EA080026FA0EFE013004FA03F381
:103CC0004EF1000610E702F4801203F400131A43C9
:103CD00008BFC0F58010CEE6631EA51E5B086D0808
:103CE000013B2D0245EA031540F2C5422B2100207D
:103CF000FBF7B2F88CE740794FF4AB62003818BF9D
:103D000001203D21FBF7A8F8207940F259520038F4
:103D100018BF01203D21FBF79FF8237962791B0230
:103D200043EA0213C9F80C3019E700230D481D4679
:103D30005EE66FF01F0500287FF46AAFD4E74FF40A
:103D40009D622B21FBF788F8621E72E71446FBE7A1
:103D50009D1E6D085308013B2D0245EA031557E7E8
:103D6000313641DCD694BFD610B5044686B059B979
:103D7000214B4168D3F8FC30827A204805930068D3
:103D80006B46FFF7CFFD69461D4B0A685A631A4B15
:103D9000D3F8FC3033B34B6843B11A4B1A4AC3F81B
:103DA0000C214A68A3F58053C3F80C218B6843B1FA
:103DB000144B164AC3F8EC208A68A3F58053C3F865
:103DC000EC20134AC868D2F8743123F4EE6303433D
:103DD000C2F87431D2F86C31096923F4EE630B43F5
:103DE000C2F86C31002022890A4B9A6203F5A03395
:103DF000186406B010BD00BF004F00B0A42800201A
:103E0000008001B8006001B8FFFF0F00FFF8FF0F4E
:103E1000000002B8004000B870B51D4614460E46BA
:103E20001B6886B00593AA7A6B466968FFF77AFD2E
:103E30001C4B23602B89666163601B4BA360009B56
:103E4000E3601A4B2361019B13BB04F11800029B32
:103E50004BB1174AC3600260164A103040F80C2C70
:103E6000154A40F8082C154B154A03604FF4EE63D1
:103E7000826043604361039A124BC2608361124ABD
:103E8000049B0261C3612030001B801006B070BD2E
:103E90000E4A04F12800A2610D4A6362E2610D4AF4
:103EA0002262D4E7284000A8348001A8448001A8F9
:103EB000EC6001A8FFF8FF0FEC5001A8742102A8E4
:103EC000741102A86C1102A86C2102A80C6101A84F
:103ED000FFFF0F000C5101A8064B9A6E920607D502
:103EE0005B6E002B4FF48043B4BF034A034AD36494
:103EF0000020704700800050002002B8001002B877
:103F0000064B1A6C9207FCD4022240EA012058604A
:103F1000034B1A640122034B1A70704700C002B8A9
:103F200000D002B8442E002010B590B10468012CD6
:103F30000FD902696AB11168094B102C19605168D8
:103F40005960916888BFD268996094BFD960DA607F
:103F500010BD10220021024805F079FCF8E700BFEF
:103F6000E82B0020084BC1171A68A2FB000302FBD4
:103F7000013310F1807043F10003400E40EAC3109A
:103F8000803820EAE0707047F82B00200722194B98
:103F900070B5DA63184B194A1D68194BEC08E00537
:103FA000C0184FEA153141F100010023E4F71EF873
:103FB000144B154E18601548FFF7D4FF4042C6F861
:103FC000DC0049F65800FFF7CDFFC6F8A8001048FE
:103FD000FEF7DCFA024660B1E301500818184FEA18
:103FE00015714FF0000341F10001E3F7FFFFC6F840
:103FF000B40070BD000002B8582B002065CD1D0034
:10400000B2E60E00F82B0020003F00B07011010056
:1040100040420F0010B5044698B10B4BD3F8FC009A
:10402000FFF782FF4FF47A7303FB04F0074BA0F510
:104030007A60DA689B681044C01ABDE81040FFF748
:1040400091BF49F64040F8E7004F00B0E82B002050
:104050002DE9F8430546084614461E46FFF764FF5F
:104060009DB106F0020716F0040610D16FB1284684
:1040700000F0DEF820636B69002B7ED147F23050F0
:10408000FFF770FFE062002E58D1BDE8F883286981
:10409000002869D04FF47A7358433F4BA0F57A60FB
:1040A0009B68C01AFFF75EFFA062A88B00285ED055
:1040B0004FF47A735843384BA0F57A609B68C01A66
:1040C000FFF750FFE061354BE968D3F80080002925
:1040D00050D04FF47A7359432F4BA1F57A619A6807
:1040E0005B68891AC91A2E4BC8171A68DFF8B8908E
:1040F000A2FB011302FB003311F1807143F10003B5
:10410000490E41EAC3118039264B2162D3F8C430ED
:104110006362D9F8003053B1404612F092FF30B1DB
:104120002246D9F800301C49D8F8E400984700210D
:10413000A869FFF76FFF6063002F98D1A86828BBBC
:1041400047F23050FFF70EFF60614FF47A702B6832
:1041500058432BB1104B1B6803F51C531033184404
:10416000FFF700FFA06190E749F640409AE749F663
:104170004040A5E749F64041B5E7074AD0684FF40B
:104180007A7202FB0300A0F5FA5079E74FF47A73D4
:104190005843A0F5FA50D5E7E82B0020A4280020CA
:1041A000F82B0020003F00B0E42B002070B506463D
:1041B00008461C4613F011F80546D6F8F00000F04A
:1041C00011F84368054A002BA8BF4FF4FA721A444D
:1041D000034B601992FBF3F2104470BD0CFEFFFF1D
:1041E00018FCFFFF40B10368012B05D90069034BA0
:1041F000002808BF184670470048704748A00300D1
:1042000028B1094881420CBF2F20BC207047074AC3
:10421000536E506AC3F301111B0C01FB033300F012
:104220001F0001301844704748E80100004001B801
:1042300043684FF47A7058432BB1044B1B6803F565
:104240001C5310331844FFF78DBE00BFE82B00202D
:1042500070B588B06D46124C0FCC0FC594E80F00B6
:1042600085E80F00D82200210E4805F0F0FAB022B0
:1042700000210D4805F0EBFA202200210B4805F043
:10428000E6FA13F032F80A4B1B783BB16D46044E48
:104290000FCD0FC695E80F0084E80F0008B070BD81
:1042A000E03F00B0783E00B0503F00B0E04F00B0BB
:1042B000332E0020064BD3F8EC0E064B5B6C1A0134
:1042C00003D4054B9B6E1B0401D500F5807070472D
:1042D000003000B0000002B8004000B810B514F083
:1042E00030FB0E2104460320FEF716FC40F20122AB
:1042F000034B2046BDE81040DA6214F01DBB00BF3E
:10430000004000B8012370B5074C2370074B1E68AE
:10431000074B3240D3E9005319402840FBF7C2FE57
:104320000023237070BD00BF492E0020002C002008
:10433000A00D0020024B5868C0F3C000704700BFBA
:10434000A00D002010B50446FEF762FA00F076FFDB
:104350002046FDF7E5F8FEF7E5F9FDF7E1FEFDF78C
:1043600053FFFFF713FE13490723134AD1F8FC103C
:1043700004F58270FFF76CFE4FF080710020FEF7AD
:1043800025F94FF000720D4B4FF400110120C3F8D6
:104390000021FEF71BF9FEF76FFD20B940F2231252
:1043A0001421FAF759FD12F09EFFBDE810400120DC
:1043B000FDF7D6BD004F00B0A43F00B000D001B85B
:1043C0008023074A1364082340B11364054AD2F8D6
:1043D000C43E23F02003C2F8C43E7047024AF4E70B
:1043E000001002B8003000B0002002B810B514F080
:1043F000A8FA012104460020FFF7E2FF044B1961EF
:10440000044B5B6898472046BDE8104014F094BA0E
:10441000000002B88C320020F0B583B01446064686
:10442000FFF75AFDFCF776F8002800F0A980594BF9
:104430005D6915F0060540F0A38014F082FA237937
:104440000095022B054647D1237B022B33D0032056
:10445000FEF718F820B9504BDB685B0440F19280FE
:10446000A37B277B003B18BF0123A2684B49012F88
:1044700001920B706FD000F0D3FE0420FDF7F6FE22
:104480000420444E0223716F3A4621F0F85121F482
:10449000F81141F0506141F4803171670DEB00017A
:1044A000FDF702FF0446002860D0012030223C497D
:1044B0003C4B0870DA643C4E336898472128044628
:1044C00004D101210020736898470024284614F085
:1044D00033FA204603B0F0BD0320FDF7D3FF0028D8
:1044E00050D12279D6F80C31012A226830D0D01A66
:1044F00000900020274B2D4A2D495A679867637B0F
:104500002C4A23F040000028C3F380130B700CBF2B
:10451000012300231370284B274AD3F8C43E4FF0E1
:1045200003000CBF43F0200323F02003C2F8C43E75
:10453000FDF79CFE174B214A03205A676946012369
:104540002279FDF7B1FEF8B101221D4B1A707BE70D
:104550009A42CDD3CBE72379022B8CD0009BD6F89F
:104560000C1100270B441344019384E70320FDF74B
:104570007DFE28460D4A124B72671C7014F0DCF960
:104580000E24A6E72846F9E7284614F0D5F9212499
:104590009FE700BF00C001B8000002B84E2E002007
:1045A0004B2E0020001002B88C32002000000101C8
:1045B0004C2E00204D2E0020003000B0010C0100D8
:1045C000482E00202DE9F3410D460024074614F043
:1045D000B8F9214B06462046DFF88C801C70FFF7A7
:1045E000EFFE1E4BC8F87430C8F878406879431E57
:1045F00058425841FBF73AFD40F60143C8F878307D
:104600002A792968012AD7F8143101D1994200D3B7
:10461000CC1A042303200DEB03010194FDF744FEA3
:1046200050B988220E4B30461A6414F085F92124C3
:10463000204602B0BDE8F0810A4D2B68984721283A
:10464000044604D1012100206B68984700243046BD
:1046500014F072F9ECE700BF482E002000000101C1
:10466000002002B88C32002000C001B8F8B5194C07
:104670000546207840F27D22B0FA80F03E214009C4
:10468000FAF7EAFB55B9607840F27D22BDE8F840C0
:10469000B0FA80F03E214009FAF7DEBB4FF44066E5
:1046A0000D4F0E4DD7F8043140F27D22C3F3812324
:1046B0002370C5F8046160783E21B0FA80F04009AB
:1046C000FAF7CAFBD7F80831C3F381236370C5F842
:1046D0000861F8BD452E0020004000B8006000B819
:1046E000A82238B51B4B1D6C03F500531A64102229
:1046F0009A60A3F5804302F100521A675A6601F0EE
:1047000015F8154B1B7813B90320FDF7AFFD0024F6
:10471000124B9C6701F030F8114A124BD2F8EC1E94
:104720000B40C2F8EC3E04220F4B1A640F4BAA0652
:10473000C3F8CC4008D503F580735B6FB3F5817F78
:1047400022BF8022034B1A61FCF762FB0022084B58
:104750001A7038BD000002B8482E002000C001B811
:10476000003000B0DF0000FF002002B8003E00B0C3
:10477000472E002008B5FFF7B1FD00F0FDFF012234
:10478000064B5A6102229A62042203F580531A648E
:104790004FF4C062A3F54043DA6208BD001002B8CE
:1047A00038B5184A184B194C256C5A6700F0E4FFCD
:1047B000FF22174B15F0A00F9A604FF48072226110
:1047C0004FF004021A6401D000F0CAFF6369D907F0
:1047D00016D5E36813F0706FC3F30360F9D10D4A87
:1047E000536E23F0F003536601F024F80A4BD3F81C
:1047F0004C315A1C01D05B0002D50122044B5A6196
:1048000038BD00BF0000010100C001B8000002B8BF
:10481000002002B8003F00B00080E00F0D4A10B544
:10482000D2F8A030D2F8A4100B40B3F1804F0CD3D3
:104830004FF040400849094CC1F8A400D467C1F8C2
:10484000A0004FF48021064AD161034AC2F8A0308B
:1048500010BD00BF00400050006000500000FF018C
:10486000001002B89D4B2DE9F04F9F6EDB6E85B0B6
:104870001F409B4B9F664FF03A43D3F81451D3F837
:1048800018311D40974BC3F81451974BD3F80822A9
:10489000D3F80C3202EA0309944BC3F8089203F5EB
:1048A0002043DA691B6A02EA0308914B08F4770295
:1048B000DA61904BD3F80422D20605D4D3F8043140
:1048C000C3F30016DB0653D514F03BF88A4B5A6944
:1048D0005E6E1B6F12F0060F06EA0306874A26F08B
:1048E000007314BF4FF0010A4FF0000A23F4006375
:1048F0007407536606D5824A92F88D300133DBB2D5
:1049000082F88D3014F018F8002F00F0E48017F4CE
:10491000004300F0D58014F014F80146FFF7CAFCFC
:104920000446784BD3F800B0DBF80020DBF8003009
:104930009A42FBD0DBF800209A42FBD0FFF7BAFC8A
:10494000A04217D1084613F0F7FF6F4B1C606F4B66
:10495000D3F840B01BF4E0520ED124F07F4424F091
:10496000DF040CB9FFF7BCFE4FF0807B002414E09D
:10497000B246C9E70446D7E70192FFF7B1FE5C4BA8
:10498000019A1BF480541A6440F09C801BF4806FE1
:104990000CBF4FF0805B4FF0806BB80715D55B4ABA
:1049A0005348126C02F460410164002900F08D80CC
:1049B000110400F18D8012F4005F0CBF4FF0005223
:1049C0004FF0006200244BEA020BC7F340377F0030
:1049D0004F4A2A40002A4BD015F4206F0AD040F2EB
:1049E000BC5206210020FAF737FA002000F022FF1F
:1049F00025F48025EB0506D5FF213D4A4BF4C06B1D
:104A00009160FFF76BFC15F0090F0BD040F2D1520B
:104A100008210020FAF720FA00F000FF4FF03A4298
:104A20000121516315F0106F0CD040F2DA520921C8
:104A30000020FAF711FA00F0F1FE002211461046AC
:104A4000FCF774FE15F4202F0AD040F2E252072141
:104A50000020FAF701FA002000F0ECFE25F4802592
:104A6000E80301D5FCF7ACFF002DB8BF47F00807FD
:104A700069070ED54FF03A42126B12F4005F4FF403
:104A8000005217BF174923490A634BF4000B08BFB4
:104A90000A636A0548BF4BF0040B15F480230193A9
:104AA00000F0A480FCF744FF0138062834D8DFE882
:104AB00010F02B012E012B01310134013701370198
:104AC0009B4653E74FF0804B50E74FF0007279E779
:104AD0004FF0004276E7BB463C4679E7004000B81D
:104AE000006000B8002000BA004001B8006001B8C2
:104AF000002002B800E100E000C001B800E001B809
:104B0000003E00B0E49F0300FC2B0020000002B830
:104B1000090B0B89001000BA40F213620321002038
:104B2000FAF79AF94FF03A400121D0F88C20D0F8EA
:104B3000AC3002F00702063201FA02F2C3F30C0CA9
:104B4000A2EB0C0292B2072A12D97E4A126C5302CF
:104B50000ED47D4BC26CC06E5B6D5BB102F0070280
:104B600006329140C0F30C00091A89B2072901D816
:104B70004BF4007B754A1278002A37D04FF03A4246
:104B8000D2F8142112F4A02F30D1714A7149127851
:104B90009AB9F20411D40A787AB14FEADB026E486E
:104BA00042EA447282F00102D0F8EC0E02F00102F7
:104BB000520020FA02F2930718D10420FDF756FBA9
:104BC000664A6748506700F02BFB62490A784AB989
:104BD000644A127832B1644A644912680BEA0202EC
:104BE0000A4201D14BF4804B26F48056B9F1000FF4
:104BF0002BD019F4805F18BF4BF4802B19F4807F01
:104C000018BF4BF4002B19F4005F18BF4BF0100BCA
:104C100019F4007F18BF4BF0200B19F4806F08D0F7
:104C20004FF48061524A4BF0400BC2F80C12C2F8AC
:104C3000081219F4006F08D04FF400614C4A4BF091
:104C4000800BC2F80C12C2F80812B8F1000F3AD06B
:104C500018F4802F18BF44F4007418F4803F18BF74
:104C60004BF4805B18F4801F18BF4BF4003B18F422
:104C7000001F18BF4BF0020B18F4003F18BF4BF495
:104C8000801B18F4800F18BF44F0100418F4002F94
:104C900019D0314AD2F8C42E12F0C00F13D02949CE
:104CA000CA68C2F30362032A01D0072A05D14A6CFD
:104CB000D00602D48A6C120735D54FF400212D4A54
:104CC00028F40028D161002E00F02481330540F142
:104CD0008A802948214990F80390284AB9F1000FA9
:104CE00052D04FF4006309F1FF3953665FFA89F23D
:104CF000C27032B9224A1278C2B140F60141214A4B
:104D00005167002200216BE04BF4803B0AE74BF433
:104D1000006B07E74BF4806B04E74BF4807B01E703
:104D20004BF0080BFEE64BF4001BCCE78A6F12F445
:104D3000A05F15BF4FF4807240F601428A658A6712
:104D4000DFE700BF000002B8004000B84B2E002093
:104D50004A2E00204D2E0020003000B000C001B8C7
:104D6000000001014C2E0020A00D0020088D010044
:104D7000006001B8002002B8382E002000E001B821
:104D8000482E002000D001B80320FDF76FFAA94992
:104D9000A94A496911F0060F77D04846FDF7A0FBF4
:104DA0004FF40060A44AA34950664A69A34B12F02D
:104DB000060208BF8A67B3F88A20A14812F400618E
:104DC00067D022F40062A3F88A20027802F0FF097B
:104DD000002A62D1FDF706FCFFF782FC4A4620213B
:104DE0004BEA020B0C43B00009D52E20FDF774F9F5
:104DF0004FF00051904A44F0080411675166F106E3
:104E000008D52B20FDF768F910218B4A44F40014D3
:104E10001167516616F0306F05D1F20467D5BAF10B
:104E2000000F00F0B280330115D52920FDF754F9A9
:104E3000844A8548D26802F48041C2F3803202700D
:104E4000FFF778FA28B1814A7B48814B42661A679E
:104E500031BB44F0040416F0007A2ED00420FDF794
:104E600005FA2720FDF738F9FFF73AFC4FF00071FB
:104E7000714A5166774AD2F8EC1E49067ED4764ACA
:104E80000221916044F002042EE041F61F71516747
:104E900086E702784FF40052A2E74FF4004231E770
:104EA000026742662020FDF717F944F400142D2014
:104EB00044F00C04FDF710F9CDE716F0807FDFF821
:104EC000749146D00420FDF7D1F92820FDF704F9AC
:104ED000D9F87820002A39D1FFF702FC564A5B49FD
:104EE00044F00104116751660021524A9165320471
:104EF00005D55A4A126890474BEA000B0C437305DC
:104F000008D557498A78002A00F08F80013A8A70C4
:104F1000002217433A4658462146FFF7F3F9019B12
:104F20000BB1FCF73BFD01224E4B05F00435C3F8F5
:104F300014514D4B18F4002FC3F884211EBF4FF4B9
:104F40000022454BDA6105B0BDE8F08FC9F878A0C2
:104F5000C4E7F004C8D50420FDF788F9434AC9F82E
:104F60007420FDF73FFBD9F8642012F0407FBBD1DD
:104F70002A20FDF7B1F8FFF7B3FB7BE7D2F8C42E88
:104F800093063FF57FAF3A4A7AE735490A7952B13D
:104F9000013AD2B20A7112B92D4A3649516700223C
:104FA0004BEA020BA3E70420FDF760F90320FDF7AD
:104FB0005DF9204A2D49516713F0C3FC81460DF17C
:104FC0000F00FDF72DFE2C4A824612780AB1FFF73A
:104FD00085F9BAF1030F0ED1DFF868A00020FDF7C4
:104FE0001FFE032807D1DAF82820D007F6D4DAF814
:104FF0004420D103F2D49DF80F20032A06D10121C9
:105000001E4A4846117013F097FCC8E74FF03A4229
:10501000D2F8142112F4A02FF1D100F001F9484682
:1050200013F08AFC4FF48042BAE70220FDF71EF924
:1050300001226EE700C001B800E001B8003E00B0F8
:10504000482E0020000002B8472E0020100000204B
:1050500000D001B8003000B0002002B8A03200201B
:10506000382E0020002000BA00E100E0000001011D
:10507000001002B80000010D4E2E00204A2E002024
:105080000122024B1A62DA61704700BF002002B8A9
:10509000094A08B5D369116A0B40084923F47F0017
:1050A000DB07C86106D5D1684FF0FF30C1F303615B
:1050B00012F024F908BD00BF000002B8002002B8B9
:1050C0000C4A08B5536C926C13400B4A5364DB07CF
:1050D0000FD50A4B40F66D021878122100F001003E
:1050E000F9F7BAFEBDE80840002201200021FFF7D1
:1050F00009B908BD00C000B800E000B8A00D00204C
:1051000070B5174D2C6C6B6C1C40164B24F00202D2
:10511000E1071A6405D540F6D40200202968F9F7A2
:105120009BFEA2071AD502220E4B1A646B68DBB2F3
:10513000A3B9FDF7F1F904460D460B4ED6F8F4334A
:10514000DB060BD5FDF7E8F902460B46204629465B
:10515000FDF77AF8652871F10001EFD370BD00BF4B
:10516000008002B800A002B8000002B838B50B4CAD
:105170000B4DD4F88430DB0706D4A36FD4F8842019
:105180001340084A936738BDD5F804311A06F0D5A4
:10519000FFF7B6FF8023C5F88431EAE7008001B845
:1051A00000E100E000A001B808B513F0CAFB0E4B07
:1051B0001A78A2B90D4A126812F4843F0FD10C4A32
:1051C0001021D1641B7863B9084B1B68DB0508D438
:1051D000074B2022DA64BDE8084013F0ADBB054A56
:1051E000EEE7044BF5E700BF4B2E0020A00D00209A
:1051F000002002B8001002B810B513F0A2FB0E2177
:1052000004460320FDF788FC40F20122034B2046B0
:10521000BDE81040DA6213F08FBB00BF004000B859
:105220000022044B1A70044B197811B11A70FFF761
:10523000BBBF70474A2E00204B2E002038B513F01C
:1052400080FB4FF00043244C0546C4F88030BFF388
:105250004F8FBFF36F8F0123C4F88430BFF34F8F9C
:10526000BFF36F8F0223C4F88430BFF34F8FBFF3B7
:105270006F8F0423C4F88430BFF34F8FBFF36F8F59
:105280000823C4F88430BFF34F8FBFF36F8FFEF74E
:10529000BFFA1023C4F88430BFF34F8FBFF36F8F72
:1052A0002023C4F88430BFF34F8FBFF36F8F4023A8
:1052B000C4F88430BFF34F8FBFF36F8F4FF4806318
:1052C000C4F88430BFF34F8FBFF36F8F2846BDE81B
:1052D000384013F031BB00BF00E100E038B513F0F7
:1052E00030FB05464FF000430A4C23600123636006
:1052F0000423636008236360FEF782FA102363606F
:1053000020236360402363602846BDE8384013F0E3
:1053100013BB00BF00E100E02DE9F047DDF820A05D
:1053200003EA0108099B06460D4602EA000703EA64
:105330000A09BAF1000F40F06C81031F0B4300F023
:105340002C81052871F1000380F0028150EA0103ED
:1053500000F0D781431E0B4300F04281FFF76EFF40
:10536000C04AD2E9004323EA050324EA06043C4389
:1053700043EA0807BC4BC2E900471E6826EA0A0652
:1053800046EA09061E60FFF70FFF14F02A4F14BF0C
:1053900048F202034FF40043B44AB507D26EB44852
:1053A00048BF43F4005383EA020122EA0302C266C3
:1053B000B04A0B408166D366C4F3804212032003D7
:1053C00048BF42F48072E10648BF42F40052AA4945
:1053D000A30648BF42F4007214F0400FD1F88830A1
:1053E000A64800F035815D0506D44FF480652B4357
:1053F000C0F80852C1F8883014F0800FD1F8883016
:105400009E4800F061811D0506D44FF400652B43D2
:10541000C0F80852C1F88830994B9848D3F80C323C
:1054200017F4007F82EA030123EA0203C0F80C327A
:10543000944B02EA0102C0F80812C3F80C228E4B0A
:1054400007F4007200F0498101224FF4802583F8AF
:105450008420E30448BF45F48035A00348BF45F4E9
:105460008015A10748BF45F4001514F4001FDFF8AC
:10547000508206D0D8F8000011F05CFF08B945F45E
:105480000025E20248BF45F40035FB067E4B48BFCD
:1054900045F480051A6A7D4985EA020323F0010379
:1054A0001A400A621D40CB61794B16F0010F1D6254
:1054B000784B794A18BF1A46784B7D071B6F48BF57
:1054C00042F00062764882EA030123EA020303679E
:1054D000744B0A4041661A67734A04F00103926CE8
:1054E000A0F5803083EA020122EA030282646F4A57
:1054F0000B4041649364D8F80020200248BF6C4BF5
:1055000092F8022158BF6B4B610748BF43F4806398
:1055100022B114F4C06F18BF43F4807332074FF008
:105520003A42BDE8F047D2F8181148BF43F00043B3
:1055300083EA010222F4A0225F481140C0F818114A
:105540001340C0F814215D4AC2F81831FFF7C6BEF7
:10555000A0F580630B4306D020F48063A3F50073AD
:105560000B437FF4FBAE13F0ECF93E49D1E9003276
:1055700023EA060322EA050242EA08023B43C1E9A4
:1055800000324F4A126892F802114B4A09B313F4E1
:10559000C06F1ED04FF4807311E013F0D2F9314A7E
:1055A000D2E9003123F004033B4341EA080157EA02
:1055B0000807C2E900314FF480633F4A0BD0C2F8BC
:1055C0001431A2F58052C2F81831BDE8F04713F04B
:1055D000B3B94FF48073C2F81831C2F81431F4E74C
:1055E00013F0AFF91F4AD2E9003123F001033B4326
:1055F00041EA0801C2E900310123324A57EA0807AB
:105600001BBF5364A2F580529364936408BF536434
:10561000DBE750EA01037FF4A1AEBAF1010F7FF49A
:105620009DAE13F08EF9104A136823F0010343EA8C
:10563000090313604FF48063194AB9F1000F04D0D5
:105640005366A2F580521367BFE713675366BCE742
:1056500023F48063C1F888304FF48063C0F80832C7
:10566000CAE600BFA00D0020002C0020004000B8BA
:10567000006000B8005000B8003F00B0006001B802
:10568000004001B8005001B8000002B8002002B884
:10569000001002B8041C00030418000300C001B885
:1056A00000E001B800D001B800C000B800D000B8D8
:1056B0000D0A0A09090A0A09002000BA001000BAF6
:1056C000A428002000E000B823F40063C1F888306B
:1056D0004FF40063C0F808329EE693F8841071B16D
:1056E00083F88420084BD3F8A41003F50053C3F8C3
:1056F000A410C3F8A0104FF05023C3F8A420002535
:10570000A7E6BDE8F08700BF00400050024B1868D4
:1057100000F00100704700BFA00D0020024B586848
:10572000C0F3C030704700BFA00D00200A4B1978AD
:1057300001F0FF0229B10021197008499202C1F855
:105740000421597801F0FF0229B100215970930218
:10575000024AC2F808317047452E0020005000B8B8
:105760004FF40062034B1A644FF40042A3F5E03398
:105770009A667047001002B8F8B5084C084D236CC3
:105780000423084F2B64236C5B0300D4F8BD04266C
:1057900002203E6411F0FEFC2E64F4E7000002B823
:1057A000001002B8002002B838B5044679B948B1F3
:1057B000164BDB681B0E13F00E0F04D04FF4C062C3
:1057C000134BDA6238BD134B1B6CD907F6D4FFF7C5
:1057D00013FD0E4D0020FDF723FA032801D0092800
:1057E00005D1AB6ADA07F5D46B6CDB03F2D4FFF7B3
:1057F000C3FF0122084B5A6102229A62042203F578
:1058000080531A64002CDDD0D8E700BF000002B836
:10581000006001B800C002B8001002B808B503214A
:105820000920FDF779F92022014B1A6108BD00BF5C
:10583000000002B838B5054613F083F80E4B044655
:105840001868FBF79FFF35B1FFF7EAFC2046BDE87B
:10585000384013F071B8094B1B78002BF6D0084B79
:105860001D78002DF2D1FFF7DBFC2A464FF4804073
:105870000021FEF747FDE9E7A42800204A2E00207A
:10588000492E00202DE9F84F594B06460D46144687
:105890001B6C002A40F0A98013F0A00F14BF4FF03A
:1058A00001094FF00009FBF7B3FAA0234FF0000AFB
:1058B000DFF854810320C8F84030FCF7D7FC0420FF
:1058C000FCF7D4FC4B4FFFF7ABFC4B4B4FF0040BFA
:1058D0007B67C7F878A0FFF74FFF484B4FF4807104
:1058E000D3F8C42E42F02002C3F8C42EFF22C8F819
:1058F00008203F4A1161D3F8EC2E41491140C3F80A
:10590000EC1EC8F840B0C3F8CCAE7B6913F0060FAC
:1059100004D0FCF767FE5846FCF7A8FCB9F1000F6D
:1059200001D0FFF71DFF66B1364BDB6C180701D4C1
:10593000FFF762FCFFF772FF0420FCF797FCFFF70C
:10594000F5FE2B4B5A69D1074DD5DA6812F0706F0E
:10595000FBD12D4B2D4A1A642D4A536E23F0F003D0
:10596000536615B12046FFF765FF2A4BD3F84C313B
:105970005A1C01D05B0002D50122234B5A61002C36
:1059800031D0204B2249DA6E03F500539A6603F5B5
:10599000D0331B6A1C4A23F00103D3611E4BD1F89C
:1059A0008800D3F80C321D490343C1F808321C4B60
:1059B000C1F80C02D3F8841003F5005399674FF037
:1059C0003A43D3F8181103F50053C3F81411154BDB
:1059D000996C03F500535964134903F580335966F4
:1059E0004FF608431364BDE8F88F4FF000095AE7FB
:1059F000000002B800C001B800000101003000B092
:105A0000DF0000FF004000B8002002B810003000A6
:105A1000003F00B00080E00F004001B8006001B816
:105A2000008001B800C000B85000002F38B51446FF
:105A30000D4612F086FF064BD3F8C42E54402C407E
:105A40005440C3F8C44EBDE8384012F075BF00BFE3
:105A5000003000B0034BD3F8C43E99430CBF012083
:105A600000207047003000B02DE9F04117460A438E
:105A7000012A1D469DF818409DF81C60DDF8208025
:105A800029D8B44227D2082E25D8032B23D8B8F121
:105A9000000F20D00A460021FAF748FCFF21EB0056
:105AA0009940C943DFF834C008F1FF38FF00E2B283
:105AB000964202D80020BDE8F0813D190CEB850527
:105AC000D5F8F42018F8010F0A4098401043C5F8A3
:105AD000F4000134EBE72120EDE700BF003E00B009
:105AE0001E4BD3F8C43E13F001001ED01C4B93F89C
:105AF00048001C4A40F08073C2F8CC304FF4801349
:105B00001949C1F8B430A1F58051C1F8B830D2F8C4
:105B10000C31DBB2FF2B1FD0984294BF0020012034
:105B20004FF4AD623C21F9F797B91A06E1D40F4A58
:105B300092F8471121B1DB0602D592F84401D8E76B
:105B40004FF480120020084B0649C3F8B820C1F872
:105B5000CC00C3F8B42070470120E1E7003000B06A
:105B6000003F00B0004000B8006000B8003E00B048
:105B700010B5044C23781BB911F0DEFB0123237010
:105B800010BD00BF4F2E0020094A5168C84390FA4B
:105B9000A0F048B1B0FA80F0042805DC012383406E
:105BA0000B43536040B270474FF0FF30704700BF67
:105BB0002C2C00200021034B28220348C3E90011AC
:105BC00003F045BE2C2C0020042C002038B50546DF
:105BD000FFF7DAFF04460448294600EBC40011F041
:105BE00025FC204638BD00BF042C0020C3B2042B86
:105BF00010B515D804230B4A03EBC003134453E834
:105C0000002F0A4343E80024002CF8D10122064962
:105C1000824051E8003F134341E800300028F8D1AA
:105C200010BD00BF042C00202C2C0020F7B54FF035
:105C3000040C01260827184A1849194D106800B3AA
:105C40000B7806FA03F420421DD0E04352E8004FDF
:105C5000044042E8004EBEF1000FF7D117FB03C32A
:105C60002B4453E8000F43E800E4002CF9D10190E5
:105C700048B1087801AA0B4905EBC00011F00EFCF1
:105C8000012003B0F0BD0B78506883422EBF002383
:105C90000133DBB20B70D1E72C2C0020502E0020FA
:105CA000042C002078563412024B1868003818BFB4
:105CB000012070472C2C00202DE9F041164D06469E
:105CC0002B680C462BB112F045FE2B6823B912F05D
:105CD0003CFE0020BDE8F0812B68D3E9048712F078
:105CE00034FE58EA070315D056EA04030CD10B4DD5
:105CF000D5E9006456EA040306D1094B1B689847AE
:105D000006460C46C5E900014645BC412CBF0120B2
:105D10000020DFE70120DDE7442C0020A80D002053
:105D20003C2C0020F7B54FF0FF34274605460E46C1
:105D300012F010FE1A4B1B6883B912F006FEB7F181
:105D4000FF3F08BFB4F1FF3F04D054EA070315D169
:105D5000002427462046394603B0F0BD5969DA6869
:105D6000019119695B685218019941F10001A24241
:105D700071EB070C3CBF14460F46DDE755EA0603FE
:105D800004D1084B1B68984705460E46AC4277EB9A
:105D90000603DDD3651B67EB06062C463746D9E7BD
:105DA000442C00203C2C00202DE9F74FDDF840A0CA
:105DB0000E46DDE90C7815469DF83CB008B1016847
:105DC00091B9BAF1000F07D029463046D04740F2CA
:105DD000034003B0BDE8F08F002DF8D0002EF6DBB5
:105DE000284604F063FBF2E7019012F0B3FD814610
:105DF0005846E2F753FE0446484612F0A6FD019AC3
:105E00009CB9BAF1000F08D029463046D04703208C
:105E10003146E2F7CDFD1A20DBE7002DF7D0002E4A
:105E2000F5DB284604F042FBF1E70E9BC4E9067857
:105E3000E3600023636057EA0803A66025622260DE
:105E400084F824B0C4F828A001D10E9B33B1184BBC
:105E50001B689847C019074648EB010812F07AFD05
:105E6000002205461349C4E904780B682BB1D3E935
:105E700004AB574578EB0B0011D2A2B90B680C604C
:105E800063600D4B1C682CB1094B1B689847FFF7EA
:105E900049FFA047284612F058FD002099E75868AE
:105EA0001A460346E2E7536863605460E9E700BFBF
:105EB0003C2C0020442C0020342C00202DE9F74FEE
:105EC0004FF0000881460D4692461E4612F042FDF4
:105ED0004746DFF874B00190DBF8004084B9B8F1B0
:105EE000000F07D0174B1C6824B100200021FFF7DA
:105EF00019FFA047019803B0BDE8F04F12F025BD8F
:105F000022684A4511D12DB1A268296822F00042C9
:105F10008A420AD126B9626857B9CBF8002008E056
:105F20005146206AB0470028F5D027466468D5E777
:105F30007A60D4F80480204611F01CFA44464FF0F1
:105F40000108CBE7342C0020442C0020014B1860C2
:105F5000704700BF342C002070B50E460949044636
:105F60000846154601F030FD0023074A3021136032
:105F7000064A05201660064A15602246BDE87040B4
:105F8000E2F726BD66DD0300442C00203C2C0020F7
:105F9000382C002070B5044616461846002200230F
:105FA00086B0CDE904230B4B0D461B6813B92120A5
:105FB00006B070BD04A998470028F8D1DDE9042394
:105FC0000290CDE9002329463246204611F014FA0A
:105FD000EEE700BF382C0020F8B5054610200F462C
:105FE0001646E2F79BFD044601461022074801F0E1
:105FF000F0FC44B101230020E3602B68C4E9017682
:1060000023602C60F8BD1A20FCE700BF66DD0300AA
:1060100000200021014BC3E900017047A80D0020BA
:106020002DE9F04706460D464FF0000850EA0103FF
:1060300018BF2C4BDFF8B89018BFC3E900012A4FF6
:1060400030462946FFF738FEC0B9B8F1000F47D0F7
:1060500012F080FC002104460020FFF763FEB1F13E
:10606000FF3F08BFB0F1FF3F03D0204B1B6803B1D7
:1060700098472046BDE8F04712F067BC12F06AFC72
:10608000D9F800408CB16368C9F8003012F05DFCAB
:10609000A3683C6033F000430BD1386811F06AF913
:1060A00000234FF001083B60CAE712F04EFC3C6051
:1060B000C6E72368002BF0D018680028EDD0A2684E
:1060C00032F00043E9D0D0E9008A236A2168806871
:1060D000D0470028E1D1B8F1000FDED04046EEE70E
:1060E000BDE8F087A80D0020402C0020342C0020B3
:1060F000442C0020F8B504460D4612F02BFC094B49
:106100001B684BB1D3E90667C4E90067DB682B6005
:10611000BDE8F84012F019BC00260027C4E900676A
:10612000F5E700BF402C002010B5064C237823B9BA
:10613000E1F7EEFC18B901232370002010BD40F2F6
:106140000740FBE7512E002038B50B4B04461B7867
:106150000D464BB12146284603F06FF8002840F267
:10616000074008BF002038BD04490548FFF7DCFFA1
:106170000028EFD0F7E700BF512E0020EFBEADDEC4
:10618000BEBAFECA2DE9F04186B0E5F78FF88379F3
:106190000C33C418637A234493F90A307E2B32D02F
:1061A0007F2B32D003EB83035E00E378272B2ED8BE
:1061B000A07908F076FD68B3ECF7BCFE0546B8B9E7
:1061C000A079E578277994F8058011F0E2F904F1D7
:1061D0000A0204960392627A03460292227A2846C1
:1061E0000192E279394600924246ECF7AFFE05464D
:1061F000E5F762F8002342F27B01EAB206B0BDE89F
:10620000F04105F074BA054ECFE7C826CDE741F25C
:106210001205EDE741F21105EAE700BF0CFEFFFFB2
:1062200073B5144D144C2A68236802F0400103F042
:1062300002030B431BD093064CBF0126A67AEFF74F
:1062400055F90196837983F00803C3F3C0030093E3
:10625000E388A288217A607A00F01AF940B92368AD
:1062600023F0020323602B6823F040032B600020FF
:1062700002B070BDD0270020482C00200121002052
:10628000054BA3F10802C3E9000043F8081C4FF0D6
:106290001013517253607047502C0020032910B521
:1062A00010D9032A0ED991420CD301280AD8064CE2
:1062B00020720020A3722368A18043F00203E280D1
:1062C000236010BD2120FCE7482C0020014B187BE7
:1062D000704700BF482C0020074BDA7A4AB95A7A37
:1062E00082421FBF1A68587242F002021A60FFF71A
:1062F00097BF0020704700BF482C0020024BD87A7F
:10630000003818BF01207047482C002070B51F4D81
:106310002B68590707D50021084600F0DFF82B68E5
:1063200023F004032B601A4E2B68326803F0080335
:1063300002F00202134310D0EFF7D8F883791A075E
:106340001FD5F1F797FC0446C8B92B6823F0080362
:106350002B60336823F002033360FFF761FF0446CC
:1063600068B9EB7A5BB12B685B0708D4012108465A
:1063700000F0B4F840B92B6843F004032B602046CA
:1063800070BDF1F75BFCDEE70446F8E7482C00201F
:10639000D027002070B5124C257B637B22689D427C
:1063A000B8BF1D469207E37AEEB201D4B34215D0CE
:1063B0001BB10023E372FFF7A9FFE67275B1094B29
:1063C00093F82430012B05D1236843F002032360A6
:1063D000F5F77CF9BDE87040FFF798BF002070BD6D
:1063E000482C0020D0270020022938B504460D464D
:1063F00001D9212038BD11F0F7F80028F9D00E4B53
:106400001A7BB2B91A68D10742BF22F0010242F0EA
:1064100002021A60094A525D1A735A7AA2421FBFD9
:106420001A685C7242F002021A60BDE83840FFF759
:10643000B1BF0220DEE700BF482C00207BDD030057
:10644000054A137B013B022B03D800231373FFF78C
:10645000A1BF0020704700BF482C0020032805D1B1
:106460000A4A136843F00803136008E0012808D1C2
:10647000064BDA7A42B11A6842F008021A60FFF756
:1064800045BF10F0FD0FEBD000207047482C0020D6
:10649000F8B507460E4642F24100082115461C4653
:1064A0000DF06FFF9DF818304771C3709DF81C30D8
:1064B00086710371A0F80750A0F809400648E4F778
:1064C00025FF0DF08CFF407920B10DF088FF407959
:1064D00040F48050F8BD00BF69B6000038B50546ED
:1064E0000C4642F2420006210DF04BFF0023C5701E
:1064F00043718371C371037204710648E4F706FFA8
:106500000DF06DFF407920B10DF069FF407940F446
:10651000805038BDD1B6000007B5064803F0CCFC6A
:10652000042101900DEB010003F0B7FD019803B0C9
:106530005DF804FB582C0020F7B5186810F0020035
:1065400003D0164E316811B9012003B0F0BD00240C
:10655000042223460DEB0200019403F07EFCBDF8FB
:106560000630DB0702D4FFF7D7FF044600250C4FA7
:1065700057F8043B23B12146BDF80400984748B1C1
:106580003368002BE0D0074B022193F90000FFF79E
:106590002DFBD9E70135062DEAD1F1E7582C002073
:1065A0005C2C0020522E002010B50948FFF70EFB8E
:1065B0000024084B0849187020200C60E2F7D0F83E
:1065C000064BC3E90044C3E90244C3E9044410BDD7
:1065D000C4320020522E0020582C00205C2C0020B9
:1065E000704708B5E2F7FAFBE2F73EFCBDE8084069
:1065F000E2F764BCF8F75AB8F7F706BF0023036068
:106600000E207047DAF7E2BF7047DAF7A1BC01202D
:10661000704709B100BEFDE7704708B50020FFF7DD
:10662000F8FF08BD704780B2F7F7C4BAF7F7CABAE7
:10663000DAF710B837B50D460446DAF775FB0023D4
:106640002A464FF4FA7120460093DAF7A9FE03B008
:1066500030BD70477047704709B100BEFDE7704715
:1066600008B50120FFF7F8FF08BD0F2070470E2086
:106670007047FEE700239A4200D1704710B550F8EA
:10668000234041F8234001339A42F8D110BD002342
:106690000360704703680B6001607047036813B9BB
:1066A0000B60016070471846F8E7FEE7F8B50E4644
:1066B00017461D46044660B15BB112F042F9E56031
:1066C0000025E780A6802560A56012F035F92846F0
:1066D000F8BD2220FCE7F8B50E46044600283DD060
:1066E00000293BD0C368002B3AD012F02AF9A188C8
:1066F00005466088884215D22388E2880344B3FBAC
:10670000F1F001FB1033E068314602FB030003F0B7
:10671000A6F86388013363800024284612F00CF940
:106720002046F8BDA368BBB1E1882288E76820460F
:1067300001FB0277394698470028EDD03146E288C0
:10674000384603F08CF82388A2880133B3FBF2F1BA
:1067500002FB11332380DFE71D24DEE72224DFE77D
:106760001124DDE770B50D46044610B309B3C368C4
:106770000BB312F0E6F863880646C3B1E288E3681B
:106780002188284602FB013103F069F82388A2889A
:106790000133B3FBF2F102FB113323806388013B29
:1067A00063800024304612F0C7F8204670BD1B24D9
:1067B000F8E72224F9E71124F7E7037970B503F02D
:1067C000200304460E4639B913B1406A01F020FB9C
:1067D000002584F8206018E0002BF9D0E369408B95
:1067E0005843103001F012FA0346606278B100227B
:1067F000618BA26262841033A28BFFF757FF0546BC
:106800000028E5D0606A01F003FB284670BD192519
:10681000FBE710B5044690B10379990711D090F8C1
:10682000203083B112F08DF8A36A5A1C1BBF0133CC
:10683000A3620124002412F07FF8204610BD252415
:10684000FBE70F24F9E70224F7E740B103791B07C0
:1068500007D590F8200080F0010040007047252007
:1068600070470F207047FFF7F0BF70B50C46054624
:10687000F0B1F9B112B3037999061DD5C3699342FA
:106880001CD390F82030DBB112F05BF821460646AD
:10689000686AFFF720FF044628B9AB6A5A1C0EBF8E
:1068A00001240133AB62304612F046F8204670BD39
:1068B0002524FBE72224F9E70F24F7E72124F5E755
:1068C0000224F3E7F8B50C4616460546C8B1D1B127
:1068D000CAB1037903F02803282B16D190F8203091
:1068E000ABB112F02EF821460746686AFFF73AFF6F
:1068F000044608B9EB693360384612F01DF82046AB
:10690000F8BD2524FBE72224F9E70F24F7E702244A
:10691000F5E770B5002506462C46052C20D8DFE8A3
:1069200004F003070B0F13175B210820DAF7C6FEEC
:106930000C210820DAF7C2FED1210820DAF7BEFECA
:1069400080210820DAF7BAFE00210820DAF7B6FE27
:106950006C1C2946E4B208202546DAF7AFFE06246F
:10696000A4F10E03012B05D85A210820DAF7A6FE60
:106970000134D2E7102C05D1BDE870405D2108201C
:10698000DAF79CBEB31F195DEFE74FF060420123B9
:10699000D2F8001E83400B430020C2F8003E70472F
:1069A0004FF060410122D1F8003E824023EA020309
:1069B0000020C1F8003E7047F8B50E461746044661
:1069C00060B111F0C7FF05463A4631462046DEF772
:1069D00031FC284611F0B9FF0020F8BD2220FCE769
:1069E00070B10122417803788A4030214B4341F253
:1069F000100103F1A04303F5703300205A50704793
:106A00002220704770B10122417803788A403021FA
:106A10004B4342F2100103F1A04303F57033002011
:106A20005A5070472220704738B50D46044698B139
:106A300091B111F08FFF30222378534303F1A0432B
:106A400003F570335B696278D34003F001032B7068
:106A500011F07BFF002038BD2220FCE710B588B084
:106A60000C460E99009207910D99024606919DF8E9
:106A7000301005910B9904919DF828100391002185
:106A8000CDE9013108462346DAF7E8FE08B010BD2B
:106A900010B588B004460E98009207900D982246D3
:106AA00006909DF8300005900B9804909DF8280002
:106AB00003900020CDE901300B460121DAF7CEFE2C
:106AC00008B010BD416C436910B5DA1CA1F1140483
:106AD000B2FBF4F203EBC2000330B0FBF4F0B1F50B
:106AE000805F00F1010002D1012828BF01200130A0
:106AF00010BD38B505460C46FFF7E4FF6B6CA3F1FB
:106B00001402B3F5805F02FB00F005D140F6E87394
:106B10006969994288BFCC30E31DB3FBF2F30133BE
:106B200004EBC304204438BD38B50546446921460A
:106B3000FFF7DFFF6A6CE31D143AB3FBF2F3013396
:106B400004EBC304204438BD73B506460D4600244B
:106B5000F36B01225B6901A928199847019B013356
:106B600009D1736C043462196A405B421A42EFD057
:106B7000204602B070BD0024FAE770B505460C4609
:106B8000DCF7D2FAEB6B2046BDE87040DB681847B3
:106B900070B50025044686B00562E369AB4202D8B1
:106BA000206A06B070BD666C2068E36B05225B69E5
:106BB00001A906FB0500984701A800F080FC00F041
:106BC000A3FC10B1236A013323620135E5E738B530
:106BD0000446456C006804F1400305FB0101E06BCD
:106BE00000F09FFC05462046FFF7D2FF284638BD3F
:106BF0002DE9F04700254FF0FF384FF6FF730446AC
:106C0000C1462F46C0E9085386B0E369BB420DD8A0
:106C1000A5EB0805012D06D94FF6FF730025636229
:106C2000E369AB4226D806B0BDE8F0872368E26B83
:106C3000606C566900FB0730052201A9B04701A826
:106C400000F03DFC824601A800F010FC06465046CC
:106C500000F05AFC60B1B14588BF6762B04528BFFB
:106C6000B046B54238BF3546B146236A0133236288
:106C70000137CAE7666C2068E36B052206FB050056
:106C80005B6901A9984701A800F0F0FB0135C7E74F
:106C9000F0B50546002687B0EC69013CB44203D844
:106CA0000C46204607B0F0BD01B14C1E6F6C286841
:106CB000EB6B05225B6901A907FB0400984701A85B
:106CC00000F0FDFB00F020FC0028EAD1214601364F
:106CD000E2E7F0B504460D46466CE36B006887B00A
:106CE00005225B6901A906FB0500984701A800F091
:106CF000E6FB00F009FC20B101A800F0B7FB07B0EB
:106D0000F0BD29462046FFF7C3FF0646676C2068A2
:106D1000E36B05225B6901A907FB0600984701A800
:106D200000F0A4FB431CEAD0B54238BF0130E6E7CF
:106D30002DE9F0434FF6FF79D0F8248004460E4643
:106D4000C84514BF45460025002787B0E369BB420C
:106D500002D807B0BDE8F083E26B2368606CD2F81C
:106D600014C000FB0530052201A9E04701A800F08E
:106D7000A6FB022806D0C8450CD1721C2946204625
:106D8000FFF725FFE3690135B5FBF3F2013703FB9C
:106D90001255DBE729462046FFF79BFFB0F1FF3F86
:106DA00014BF024632460132E8E70368F0B5CC1A58
:106DB000436C0646B4FBF3F4002587B0F3693768EB
:106DC0005A1E9542706C08D3706C336800FB043017
:106DD00007B0BDE8F04000F0A2BB0134B4FBF3F211
:106DE00003FB1244F36B05225B6901A900FB0470ED
:106DF000984701A800F063FB00F086FB0028E3D170
:106E00000135DBE710B423F0030422449B070A4456
:106E1000436C18BF04325B4282EA0104234203D070
:106E20005DF8044BFFF7C1BF10465DF8044B704797
:106E30002DE9F041D0E90A369E42044686B028D1B9
:106E40001422C369456802FB1355284606B0BDE805
:106E5000F0812068676C331AB3FBF7F3E26B07FB32
:106E60000300D2F8148001A90522C04701A800F050
:106E700026FB012804D0636C1D44013B3340ED1A0E
:106E800031462046FFF791FF0646A36AB342E0D1A0
:106E9000DBE70025F9E708B508301346D1E9001211
:106EA000DCF7C8F8012008BD13B50C460021217697
:106EB0000093616813462246DAF76CFE18B1E37D51
:106EC00003B1A07EA075A07D02B010BD73B51646BB
:106ED00000F108050C46284609680DF1070200F08C
:106EE000A1F9032E06D16368834203D128462168A5
:106EF00000F07FF9012002B070BDD01E009B42421D
:106F00004241187E824211D11A688A420ED85A68CC
:106F10008A420BD35A6901325A61D3E90302824291
:106F20003FBF986840F8221001321A610120704773
:106F300010B5032A029C07D1A26A5340626C5242E8
:106F4000134201D100F055F9012010BD08B5C36806
:106F500000209847BDE80840DCF7EEB8012814BFD0
:106F60000420022070B5002442431C70CC7D101D0B
:106F700002F002024CB91AB1012220F003001A708B
:106F800000F108034868184470BD1AB1012220F0CE
:106F900003001A7000230C7E01F12005DAB294423E
:106FA00001D80020F0E735F833205E1C824206D974
:106FB00001EBC30300F10802D8691044E4E733464B
:106FC000801AEBE773B5054690F842601C463046E0
:106FD0000DF10303FFF7C2FFEB6B012E5B690DD1CF
:106FE000324601A998479DF8033013B1BDF8063029
:106FF0000193BDF80430236002B070BD0122214628
:1070000002B0BDE870401847F0B505460024486856
:10701000EB6B87B00E4601225B69029402A908302F
:107020009847274695F84230012B40F08480632C26
:1070300002D9029807B0F0BD612C08D805AB2246F2
:1070400031462846FFF7BEFF9DF814301BB305AB51
:107050002246314628468DF81070FFF7B3FF95F8A9
:107060004230012B059B55D14FF6FF72934200F041
:107070009680082205A904A800F06DFA059B9DF8EA
:107080001010C3F30722914240F08980DBB2029ACC
:107090001A44029283E095F84230012B30D1224607
:1070A0003146284603ABFFF78DFF3146284604AB37
:1070B000621CFFF787FF3146284605ABA21CFFF78D
:1070C00081FF102208230DEB02010DF107008DF85E
:1070D000073000F040FA102205A90DF1070000F07A
:1070E0003AFA039BDAB2002A52D19DF80720B2EB9C
:1070F000132F4DD1DDE9043203EB0243029347E045
:10710000302C2BD944E09DF80720B2EB134F3FD130
:10711000049BF3E7013342D0102205A90DEB0200D6
:1071200000F019FA059B9DF81010C3F30742914235
:1071300035D19BB2ABE7312C3FF67BAF87D005ABA7
:10714000224631462846FFF73DFFBDF81430002B9C
:107150007FF47DAF95F84230012BA0D02246314616
:10716000284603ABFFF72EFF3146284604AB621CCE
:10717000FFF728FF102320220DEB03010DF107007C
:107180008DF8073000F0E7F9039B9AB2002ABAD0D5
:1071900095F84230012B14BF012302231C44013413
:1071A00040E713B500240194049C0094DBF792F9A6
:1071B00002B010BD13B501240194049C0094DBF7C8
:1071C00089F902B010BD00234FF0FF3230B544689A
:1071D0009C4202D10023037230BD016801EBC3055C
:1071E00041F833206A600133F2E7C0E90012FFF78B
:1071F000EABF0023F0B545689D4210D00468DF0067
:1072000054F8332004EBC306B2F1FF3F08D0C2F3B9
:107210001302914204D14FF0FF33E3517360F0BD8C
:107220000133E9E70023F0B545689D4202D14FF0F4
:10723000FF300EE00468DE0054F83340671C09D0CC
:10724000C4F31307B94205D1240D14700368334405
:107250005868F0BD0133E8E7704770B594002246E6
:1072600005460E4611F000FE431C0AD058B92246CE
:107270003146284602F0C1FA002814BF3D20002004
:1072800070BD6E20FCE77120FAE713B5044601A833
:10729000DDF79EFE9DF8063023804FF480736380F7
:1072A000DDF7AEFE6060002002B010BDDDF716BE57
:1072B00008B5DDF703FE002008BD10B5044644EA1A
:1072C000010313F00303084609D1934201D10020C2
:1072D00010BD54F8231040F823100133F5E7214680
:1072E000920002F0BCFAF2E710B5044611F0B4FDCA
:1072F000431C10D088B9DDF783FE234620F003003D
:107300002044984201D1002010BD53F8042B0132D3
:10731000F7D03E20F8E76E20F6E77120F4E70A4642
:1073200001390144DEF7D4BA13B5002304460146FF
:107330001B220DF107008DF8073000F00CF92268D0
:107340009DF80730B3EBD26F0CBF0120002002B0D4
:1073500010BD13B500230446014620220DF107009D
:107360008DF8073000F0F7F80DF107001A22211D03
:1073700000F0F1F862689DF80730B3EB926F0CBF34
:107380000120002002B010BD0068431C5842584143
:107390007047006810F07E0F0CBFC0F3C160002082
:1073A00070470068C0F3D3107047006800F07F009A
:1073B00001288CBF002001207047036813F07E0F66
:1073C00014BF042008207047036813F07E0F03D118
:1073D000406820F07C40704713F078001CBF03F039
:1073E0007F03D81F7047006800F07F0070470328B4
:1073F00009D0022803D1C1F10201C8B270470029A7
:107400000CBF07200020704737B5054601F10C047A
:1074100043696946012220469847BDF800300122A1
:1074200001932046AB6901A9984703B030BD37B539
:1074300001F10C044369012269460546204698473C
:107440004FF6FF72009B99B291420DD11B0C1B04A9
:1074500043F4254343F0A503019301222046AB6981
:1074600001A9984703B030BD0020FBE737B50446BB
:1074700000251B22011D0DF107008DF8075000F0BB
:107480006AF860689DF80720B2EBD06F03D120F056
:10749000784003B030BD0DF107001B2204F1080154
:1074A0008DF8075000F057F8A0689DF80730B3EB4F
:1074B000D06F01D1C043EAE74FF0FF30E9E74BF26C
:1074C0009A22036810B5B2EB134F044613D19BB256
:1074D000012B13D1FFF7CAFF01300CD04FF6FF721A
:1074E000E068B2EB104F4FEA104309D180B2C01AE6
:1074F00018BF012010BD2368013303D00420F9E731
:107500000220F7E70320F5E701288CBF00200120C7
:107510007047033801288CBF0020012070471430C9
:1075200070472DE9F04105469846036908460E4626
:1075300017469847044638B943463A4631462846E6
:10754000DBF76AFE044618B131462846FFF75CFFB8
:107550002046BDE8F0811F2A0B689EBF4FF0FF3127
:1075600091408B43590801F055315B1A03F03331D8
:107570009B0803F033330B44017803EB13130A44E5
:107580004FF0013103F00F334B43A2EB1362027053
:10759000704730B5C27EC37F85B004460D468DF876
:1075A00000208DF8013081B3012204216846FFF7E5
:1075B00003FA237F01228DF8043094F82030022151
:1075C00001A88DF80530FFF7F7F994F83530023B44
:1075D000012B17D8637F00228DF8083094F82130F2
:1075E000012102A88DF80930FFF7E6F900220421F5
:1075F000A37F8DF80C3094F822308DF80D3003A85D
:10760000FFF7DAF9002005B030BD0A466846FFF7FB
:10761000D3F9237F2A468DF8043094F82030294688
:1076200001A88DF80530FFF7C7F994F83530023B13
:10763000012BE7D8637F2A468DF8083094F8213073
:10764000294602A88DF80930FFF7B6F9A37F2A462C
:107650008DF80C3094F8223029468DF80D30CEE7A5
:10766000002307B58DF8033090F83530022B0BD18D
:10767000437F0DF103018DF8043090F8213001A80B
:107680008DF80530FFF7D0F99DF8030003B05DF8E1
:1076900004FB90F8363083B9012203685A619A6975
:1076A000D207FCD541F21C62042103795B0103F18E
:1076B000A04303F5703399507047022B07D100683F
:1076C000036C9B074CBF0521092100F0E2B870470D
:1076D00090F836306BB942F21C62042103795B01E9
:1076E00003F1A04303F570339950022203685A61F5
:1076F0007047022B07D10068016C11F0020118BF1E
:10770000062100F0C6B8704770B5044611F022F9A2
:10771000A36B05464BB911F014F901210646084642
:1077200010F050F9304611F007F9A36B28460133E9
:10773000A363BDE8704011F008B938B504460D46A2
:1077400011F008F9A3889BB223B92B60BDE838403B
:1077500011F0FBB8142263889BB202FB0343083389
:107760002B606388E2889BB20133B3FBF2F102FB2A
:1077700011339BB26380A388013B9BB2A380E5E7F2
:1077800090F8363013B9036898697047022B06BF2A
:107790000368186C00207047836A9888C0B27047ED
:1077A00037B590F835500446022D21D1417E827FB5
:1077B00090F8223049B98DF804208DF8053001A8E1
:1077C000FFF720F9002003B030BD012907D18DF863
:1077D00004208DF8053001A8FFF702F9F2E7017ED9
:1077E0008DF804208DF8053001A80029F4D1E7E7D1
:1077F000012DE7D1037E6BB911238DF80430DCF73E
:1078000055F82A46204601A9DBF7D2FF2046DCF7CF
:1078100065F8D7E71323F0E708B50FF055FFBDE88B
:1078200008400021DCF7A6BC0029CCBF01210021C3
:10783000DCF7A0BC02214FF42070DCF7E9BF7047F1
:1078400070470020DDF7F8B80120DDF7F5B8704784
:10785000C36C0B42FCD1704708B543680246DB0796
:1078600014D50A2350210363FFF7F2FF136C990725
:10787000FCD1936A012110469362FFF7E9FF136C74
:107880001B0604D4012302F50052536008BD536B5C
:10789000F5E738B50A46044619B9BDE83840FFF7A0
:1078A000DBBF012100F58053596002F00F0540F263
:1078B000FF71FFF7CDFF78210563FFF7C9FF02F0E5
:1078C0000103520748BF43F00203226C02F0030297
:1078D0009A42FAD138BD036C5B06FCD5C163704790
:1078E0004FF0B0435A6812B19A6A002AFAD1704731
:1078F00070B5044685684FF42070DCF781FCA368FE
:1079000005F00102E16903F06003BDE87040DDF7B6
:10791000B1BB012200F580535A60CB43934003F082
:107920000A034361416111B900F50050426070479C
:1079300083695B06FCD5C163704770B50546144684
:107940000E4610F0FEFF2B685C4034405C402C601B
:10795000BDE8704010F0F0BF0122417803788A4002
:1079600030214B4342F2100103F1A04303F5703381
:107970005A50704721FA00F2D20730B5034600F0A2
:10798000FC040FD500220132D2B2042A02D14FF0FA
:10799000FF3008E0831803F00303234421FA03F5C2
:1079A000ED07F0D4184630BD00F005B809B1DDF799
:1079B00029BD2220704700207047DDF76BBDD9F745
:1079C00005BE40B2DDF734BE0E2070470E20704772
:1079D000704770477047F8B50C468D18073552420E
:1079E0001540A5F108070646384600F039FAA18887
:1079F000381B628801EBE00189B2A2EBE00225F8B6
:107A0000041C25F8062CA288C310AAB1A4EBC2025C
:107A1000B2F802C0D18003EB0C015180E28892B130
:107A2000D31A9BB204EBC20425F8023CA380B368CE
:107A30000344B3603846F8BD15F8082C42F0020242
:107A400005F8082CEAE725F8022CF0E72DE9F04FBD
:107A500017464FF0000887B07A1C109A054614BFED
:107A60003C460824CDF81480002A00F0C780C2F8F4
:107A70000080002900F0C48042688A4240F2C08041
:107A8000073103F0010921F0070610F063FF05AA92
:107A9000CDE9008282463A464B463146284600F000
:107AA000E3F9059F834607B130B9504610F04DFF0A
:107AB000192007B0BDE8F08FB7F8028029694FEAB6
:107AC000C802C0EBC8080139B8F1270F29617AD97B
:107AD000B9F1000F51D1864206F1080848D022467C
:107AE00039462846FFF777FF04460590059B9844E2
:107AF000404600F0B5F9059906F10F004A88C30821
:107B0000A2EBD002A8F80220CA88A8F80430002A04
:107B100030D0D31A9BB201EBC202A8F80630938092
:107B20008B88F608A380B8F804303A46E3804146D3
:107B300000232846668000F004FAAB680833AB6087
:107B4000237843F0010323702B6901332B61628892
:107B5000AB68504603EBC203EA68AB60934288BF50
:107B6000EB6010F0F2FE109B083400201C60A0E7D0
:107B70003C46BBE7A8F80620D2E707EB08042046FE
:107B8000039200F06DF90BF10703DB0805996380A0
:107B900008F10703DB08A380CB8893B1DB00039ACD
:107BA000D81D821A5A44C2F3CF020B44E2809A8055
:107BB000A38808F1FF384FEAD808A1F80280CB80EB
:107BC000BBE7E380F4E7B9F1000F1BD007F108032E
:107BD000B3FBF4F204FB1233B3B122463946284614
:107BE000FFF7F9FE044623783A4643F00103237079
:107BF00021460123284600F0A4F9A8E7222058E7EF
:107C0000212056E78642E8D13C46ECE707B5002242
:107C10004FF0FF3101AB0192DDF7B8FD019803B0E1
:107C20005DF804FB07B5009313464FF0FF32FFF7F2
:107C30000DFF03B05DF804FB2DE9F74F0C4600295A
:107C400000F0E08008460FF027FE0546D0E9056801
:107C500010F080FE14F8087C34F806CCFB07009086
:107C600002D5BCF1000F06D1009810F06EFE012085
:107C700003B0BDE8F08FAB68D5F8109034F804EC91
:107C8000A3EBCC0B09F10103A4F108010CF10102F3
:107C9000C5F808B02B61BEF1000F39D0A1EBCE03BF
:107CA000D888B3F802A00190187807F00207C0073F
:107CB00023D41FBB0198A0EB0A07012F28D10CF198
:107CC0000202ABF108075244C5F81090AF6034F8D7
:107CD00002ECBEF1000F1DD114F8081C24F806ECCC
:107CE0006EF3000104F8081C013A5A801A786EF30A
:107CF00000021A700022DA8040E04FB114F8087CCC
:107D000072446FF3410704F8087C00279F80DEE788
:107D10000B46DCE701EBCE0AD5E9007007EB000962
:107D2000CA450ED314F8081C013A6FF3000104F899
:107D3000081C002124F8061C5A801A7861F30002FE
:107D4000D7E711F83E10574611F001012FD014F873
:107D5000081C013A6FF3000104F8081C002192B2DC
:107D600024F8061C5A801A7861F300021A70C3F1D5
:107D700007023A44C2F3CF02DA80BA80002E3FD025
:107D8000B3423DD37288002A08BF1E46B8F1000FE7
:107D900006D0434504D8B8F80220002A18BF43464D
:107DA0000098C5E9056310F0D0FD002060E7AEEB58
:107DB0000C0EBEF1010FCAD1BAF802C0AAF8021027
:107DC0009444BAF80620CAB10AEBC20700212A6916
:107DD000013A2A61AA68083AAA6014F8082C24F823
:107DE000061C6FF3000204F8082C1A78A3F802C0EE
:107DF00061F300021A70002FB9D17BE71746E5E75F
:107E00001E46C3E7222033E701460020FFF714BFD8
:107E1000FFF7FABF70B5049E15461A4696B10023C7
:107E200033608DB181B14D4333462946FFF7FAFEE9
:107E3000044628B9306818B12A46214601F007FDEA
:107E4000204670BD2224FBE72124F9E707B5002274
:107E500001AB0192DDF7B0FC019803B05DF804FBC3
:107E60000023036043607047F0B5D0E90540551C1E
:107E700008BF0822002B4FF0000518BF0446DDF8AC
:107E800018C0CCF80050002C37D09DF814706588CD
:107E9000FF0007EBC505C2F1000E2078C00708D52A
:107EA0001BBBE088A0B104EBC004658807EBC505E7
:107EB000F3E78D42F4D363B904F10806B6FBF2F0A0
:107EC00002FB106670180EB1A842EAD8CCF8004048
:107ED000F0BD082A0FD06088013004EBC000461ABC
:107EE00006EA0E06801B8542F0D2A0880028EFD05B
:107EF000A4EBC004D9E70846E8E72046E8E70346D4
:107F000010461A69DAB108B921B918680378DB0795
:107F100002D470479869F9E739B9C3887BB100EB9F
:107F2000C3000378DA07F8D47047012907D18388A2
:107F30002BB1A0EBC3000378DB07F8D47047002017
:107F400070472DE9F041D0E90545074688461646B9
:107F5000F3B194420FD042B1954215D1424601216E
:107F60003846FFF7CCFF05460EE00A463146FFF7DC
:107F7000C6FF0446F2E70A460021FFF7C0FFB542FC
:107F80000446EBD0002EE9D0C7E90545BDE8F081F5
:107F9000944208D08C4228BF0C46B54205D04545D6
:107FA00038BF4546F0E70C46F7E74546ECE770B5C5
:107FB00000261C46C3E90001C3E90266C3E90500C7
:107FC0001E611A775E62FFF74BFF23690139C9080A
:107FD000013341802361A36830460833A360E3681E
:107FE0000833E36070BD08B5DDF7EAFC08BD002387
:107FF00007B5684600938DF80430DCF7AFFD03B099
:108000005DF804FB10B510F09CFC04460FF07CFCFE
:108010002046BDE8104010F08FBC70474FF4C87088
:10802000DDF754BD7047704708B501F096FB01F0CD
:10803000A6FB01F0AFFB01F0BEFBBDE8084001F07C
:10804000C3BB08B5DDF78AFBDDF7A2F9FFF7EAFF4E
:10805000DDF714FBDDF7DCFAFFF7AFFCDDF724FEFC
:10806000DDF7D8FCDDF7D4FBFFF7DDFF00F007F804
:1080700001F07EFBBDE80840FFF7D6BF704708B5AA
:1080800001F066FB01F065FB01F064FB01F064FBAD
:10809000FFF7F4FF08BD08B501F098FB01F097FB6E
:1080A00001F097FBBDE8084001F095BB00F000B877
:1080B00007B512200DF10601FFF778FCBDF80600A8
:1080C00003B05DF804FB10B5044602210EF0B8FBC6
:1080D0004FF4E16120460EF0B5FB002010BDFF20FB
:1080E0007047F7F72DBA13B51AB10024009400F0C9
:1080F000F4F802B010BDF0B58DB005AC84E807000F
:108100001C46A1420D4628BF2546129B0DB304B361
:1081100011462846002603F53813CDE90A468DE8B6
:10812000030003F241135F02C5EB43230993029559
:108130000CAA059B12E90700069500F06BFAA54210
:1081400007D23146621B381B0DB0BDE8F04000F08D
:108150005FBA0DB0F0BD30B591B001AC84E8070056
:108160001C461346DA0049BF029A6200033222F02D
:108170000302014604A8FFF7B6FF04A800F0C2F806
:108180001499224601F5381101F241114D0208A857
:10819000C4EB41210023FFF7A6FF05F50071002382
:1081A0002246091B0CA8FFF79EFF0CA800F0AAF8B6
:1081B00008A904A800F086F811B030BD70B590B0E1
:1081C00001AC84E807001C461499164601F53811E5
:1081D00001F2411122464D0208A8C4EB41210023BF
:1081E000FFF781FF05F5007122460023091B0CA84B
:1081F000FFF779FF0CA800F085F8F30048BF029A5A
:10820000334648BF033201994CBF22F0030262009B
:1082100004A8FFF768FF04A800F074F804A908A8F0
:1082200000F050F810B070BD10B58CB005AC84E80B
:1082300007000E9ADDE9060102F5381202F5A07278
:108240005202CDE9092300228DE803000B9202932C
:108250000CAA059B12E9070000F0DCF90CB010BD78
:108260002DE9F04B4FF00008994607461646454663
:108270008AB003AC84E8070002F0805B07AC049A84
:10828000424502D80AB0BDE8F08B139B13B9AA1E71
:10829000012A0AD9129BCDE90779099600955BB1AD
:1082A00094E807004B46FFF726FFBBF1000F00D113
:1082B0004F440135C844E2E74B4694E80700FFF716
:1082C000B3FFF2E708B5DDF7F9FEDDF72DFFDDF7C7
:1082D00035FFBDE80840DDF745BF10B5044622F084
:1082E0007042103060602160A26039B1A26803F072
:1082F00070431343A360029BE36010BDA36843F087
:108300008043F7E701234360C36843F02003C36061
:10831000836843F00053836070470E2070474FF42A
:10832000806070474FF48070704701207047DDF720
:108330006FBEDDF735BEDDF739BEDDF73DBEDDF7DB
:108340009DBE37B515464A6804463AB18C6800931D
:10835000096845EA0403FFF7C0FF0446204603B05E
:1083600030BD2DE9F04FD3B0CDE90123DDE95D7BD0
:10837000DDE95FA900230390042003ACCDE90503E8
:1083800007C907AB83E8070021461846619E04949D
:10839000DDF7FCFE8046002840F0B3805C9A0AAB13
:1083A00007CADBF8045083E80700DAF804304C42CF
:1083B0001D44D9F804306D425B420093BB6805F060
:1083C0000F05DA0048BF7B6804F00F0442BF033397
:1083D00023F003037B60B368DB0041BF73680333A2
:1083E00023F0030373600023DBF80400DAF80420B1
:1083F000CDE9153381182944CDE90E1379680D9321
:10840000494201F00F01CDE91031716812934942E0
:1084100001F00F01CDE91331CDE9173319935C9BBE
:108420005B684BB9D9F804301343184301BF1024DB
:10843000CDE90B4016AB0A9311234FF0005204A96B
:1084400032A8FFF77EFF40F611034FF0005207A954
:10845000FFF777FF42F611034FF000520299FFF742
:1084600070FF44F611034FF000520199FFF769FFC6
:10847000412300225946FFF764FF2B024FF00052C0
:10848000514643F04103FFF75CFF23024FF00052D7
:1084900043F001030AA9FFF754FF009B4FF000527D
:1084A0001B0203F47063494643F00103FFF749FFE1
:1084B0001038FFF727FF00230DA91A461AA8FFF767
:1084C00040FF002339461A46FFF73BFF002310A95F
:1084D0001A46FFF736FF002331461A46FFF731FFF1
:1084E000002313A91A46FFF72CFF002362991A46AE
:1084F000FFF727FF1038FFF705FF1AA932A8FFF78B
:10850000E1FE404653B0BDE8F08F084611461A46DA
:108510005B68102B01D1DDF7C1BE0720704782B028
:1085200000B589B00DF1200C20290CE907000B9350
:1085300012D8DDE90E0102AB83E803005CE9020119
:108540008DE803000BAA059B07CA00F0EAF809B002
:108550005DF804EB02B070470120F8E782B070B517
:1085600086B00B93119B03AD202B85E807003CD808
:108570000C9AB2EB430F3AD10F9EB34237D1062289
:108580005A438A4203D003EB83038B422FD101224B
:1085900031462220129BDDF7D3FC0446F8B90123B3
:1085A000CDE9003395E807000E253346FFF758FE66
:1085B00000950EAA07CA3346FFF79DFD2346062203
:1085C00029460220DDF7A8FCDDF7D6FC0623044689
:1085D00078B900930BAA334607CAFFF7EFFD204690
:1085E00006B0BDE8704002B070470124F7E70724E9
:1085F000F5E71C46F3E7034610461944CA1A012A58
:1086000000D5704711F8012D02440A701012F5E7E9
:1086100001F01DB982B02DE9F0438BB005AE86E8BC
:108620000700079D1F4615F0804513938046DDE93E
:1086300014328946169C16D18C4228BF0C46D200B3
:1086400016D584B10F2C1AD8A9EB0502042A3B6871
:1086500028BF042208EB050009A90435099301F09D
:10866000FEF8AC42F0D80BB0BDE8F04302B0704762
:108670009C4228BF1C46002CF5D00F2C13D9DDE9F5
:1086800014018DE803000294139B96E80700DDF7C0
:108690001DFDDDF749FDDDF751FD0BB0BDE8F043F1
:1086A00002B0DDF75FBD224639460BB0BDE8F043AE
:1086B00002B001F0D4B882B070B586B00E9E0B93B4
:1086C0000C9B03ADB3EB460F85E8070027D10122D1
:1086D000314626200F9BDDF733FC0446C8B9012341
:1086E000CDE9003395E8070006253346FFF7B8FDCE
:1086F00000950BAA07CA3346FFF72DFD23462246F5
:1087000021462846DDF708FCDDF736FC041E18BFBD
:108710000524204606B0BDE8704002B0704707242B
:10872000F7E782B02DE9F04F89B01D461393149BF3
:1087300001AC8B4284E8070006460C4605D00720B2
:1087400009B0BDE8F04F02B070476B1813F8013C58
:10875000DB07F4D50027EB5DB3B34FF0FF084FEA1A
:10876000480111EA030A5FFA81F8F8D13A46514606
:1087700006EB07093046E71B01F069F804F1FF3BFF
:10878000CDE9067ACDF814900DF1140A9AE80E009E
:10879000DDE91607B847002101278C46084699F8FD
:1087A000003023EA080389F80030A1420ED1BCF161
:1087B000000FC4D00028E9D1002FE7D101223046B4
:1087C000FFF719FF3846BBE70137C4E76A5C735C03
:1087D0008B4508BF02F0FE02A2EB030E5FEA1E2EDD
:1087E00007F0010E08BF4FF0000E5340013B1B0A7B
:1087F00007F0010740EA0E0008BF00270131002AF8
:1088000018BF4CF0010CD0E708B5DDF7CFFB10F036
:108810000E03FAD0022BF8D010F4806018BF0620A7
:1088200008BD10B50446DDF7E5FB2046DDF72EFE5A
:1088300018B9BDE81040DDF795BE10BD00F071BF5E
:10884000002070470020704770B506460D4614465C
:108850008CB0CAB11022002108A800F0F8FF002255
:1088600007AB029305AB019306AB00933046294654
:1088700008ABCDE90522DDF703FF18B9099B63605A
:10888000059B23600CB070BD6FF08600FAE71FB542
:1088900004A800E90E0011460198DEF72DF930B169
:1088A000DDF756FE05B05DF804EBFFF788B805B0BC
:1088B0005DF804FB70B505460E46DDF77FFE044605
:1088C00048B931462846DEF717F9044628B1DDF7E6
:1088D0003FFEDDF77FFE204670BDBDE87040DDF74E
:1088E00079BE10B5436A8AB0041DCDE90143002367
:1088F000CDE9052310223C30CDE90331CDE9082331
:108900000790DDF75BFE60B907AB1A4604A901A822
:10891000DDF79CFC0446DDF75DFE002C18BF6FF010
:1089200092000AB010BDDEF791BC08B528B14C2208
:10893000002100F08CFF002008BD6FF08600FBE7EF
:108940000020704738B51C460023084623601146B6
:108950001546FFF7AFFF00B9256038BD08B510F028
:10896000ADF9002008BD10B5044608B1DEF744FD9E
:108970002046BDE81040FFF74BBA00F4E040B0F5E8
:10898000805F04D0A0F50053584258417047012041
:108990007047F0B51F4600F0FE43B3F1106F164666
:1089A00087B015D120F01F6424F4702484B9D1E974
:1089B00008234C68240A0BD10E9C009604940D9C4D
:1089C00003940C9CCDE90174DEF782F907B0F0BD89
:1089D0006FF08500FAE73AB1002918BF0023212182
:1089E000D21A184400F033BF704738B503790446F3
:1089F0000D464BB9636900202B60237E012B0AD002
:108A000028606FF0960005E0D0E9081200F0E5FD5F
:108A10000028EFD038BD02232376FBE72DE9F04F85
:108A20009B46002389B08DF81B30159B9146DDE9EC
:108A300012A7002B0E460B460CBF4FF400624FF4FA
:108A4000806207A9DDF85080DEF758FE044600BBBF
:108A5000079D304629880DF11B02DEF7BDFE044656
:108A6000B8B99DF81B30BB4225D8D5E90812686813
:108A7000000A23D1CDE9033828463346CDE901BAAF
:108A8000CDF80090DEF77AFB10F1860F044600D097
:108A900008B1C8F800703A4621465046D8F8003070
:108AA000FFF799FF079800F067FD002C18BF2046DC
:108AB00009B0BDE8F08F6FF08904EAE76FF0860433
:108AC000E7E700232DE9F3414668D0F81480044617
:108AD0000F4630461146136000F050FD054688B938
:108AE000304600F04DFD054660B9F6B276B9B8F1F2
:108AF000000F05D1A06820F47F4020F0030060B192
:108B00006FF08605284602B0BDE8F0810146606935
:108B100000F00CFD0028EDD1F2E74FF6F873628803
:108B20009A4219D894F80480B8F1000F00D101A836
:108B30003946DFF77FF805460028E3D10FCC3F68C0
:108B40003E460FC694E8030086E80300B8F1000F24
:108B5000D8D1019B7B61D5E76FF08505D2E741F263
:108B6000052398421AD8B0F5905F09D241F201036B
:108B700098420CD0B0F5885F09D06FF0850070473F
:108B80002923A0F5905080B2C340DB07F5D511F042
:108B9000070F0CBF00206FF086007047B0F5105F24
:108BA000EBD121F04003802B06D0B1F5807F0CBFC4
:108BB00000206FF0860070470020704770B5046A8F
:108BC00005460E463CB90120FFF740F9286228B15E
:108BD00020466E6270BD6FF08A00FBE76FF08C007C
:108BE000F8E7F8B50F46114606461546FFF7E6FFCB
:108BF000044620B92A463946306A00F030FE204645
:108C0000F8BD2DE9F041089D88461F46048802B34F
:108C10002046FFF7B2FEE0B12B680BB9D3002B6002
:108C200020462968FFF79BFF044678B9CE1DB2EBBA
:108C3000D60F11D1069B9A4211D84146384600F012
:108C40000EFE2B68079A0733DB0813602046BDE849
:108C5000F0816FF08504F9E76FF08604F6E76FF0B6
:108C60008904F3E72DE9F04F476885B03F0A0446D1
:108C7000DDE90E9A0D4616469846DDF840B015D14E
:108C8000CDE901ABCDF80090DEF7B0F910F1860F19
:108C90000ED14346324629462046CDE90FABCDF8EA
:108CA000389005B0BDE8F04FFFF7ABBF6FF086001E
:108CB00005B0BDE8F08F10B50446006A10B1616AD6
:108CC000FFF751FE0020C4E9080010BD38B5054685
:108CD000FFF7F1FF2B7E0446012B0ED0023B012B48
:108CE0000ED8EB69012B18BF6FF0960428220021E3
:108CF000284600F0ACFD204638BDEB69002BF2E7BA
:108D00006FF09604F2E713B50446C0B101A9DEF78F
:108D1000D1FF044698B9019B1A7E022A12D1032280
:108D20001A761A79FF2A10D01AB1586900F03AFC65
:108D30000446019800F00BFC002818BF04462046AA
:108D400002B010BD6FF09604F3E76FF08404F0E713
:108D500073B5054608460C4600F059FB002328462B
:108D60001A4601A9DEF7CAFC50B9019E35460FCD5F
:108D70000FC495E8030084E80300304600F0FCFBD4
:108D800002B070BD70B5144602881D461046049EA0
:108D9000FFF7F3FD68B944F2010322F44050984212
:108DA00007D002F44F42B2F5824F02D0B2F5844FA1
:108DB0000ED1B4420FD82246284600F050FD0021C3
:108DC000321B281900F043FD0020059B1C6070BD7C
:108DD0006FF08500FBE76FF08900F8E72DE9FF41B0
:108DE00088461F46164622B3002301223B6003A992
:108DF000DEF784FC044650B9039D6B68D5E9081280
:108E00001B0A08D0284600F0B7FB6FF08604204606
:108E100004B0BDE8F08143462846CDE90067FFF77E
:108E2000B1FF0446284600F0A7FB002C08BF04460B
:108E3000EDE76FF08904EAE770B514460288049DF7
:108E400002F4E040B0F5804F1CD144F2010022F45E
:108E50004056864207D002F44F42B2F5824F02D00C
:108E6000B2F5844F0ED1AC420FD81846224600F01E
:108E7000F6FC00212A1B204400F0E9FC0020059BA1
:108E80001C6070BD6FF08500FBE76FF08900F8E7AC
:108E9000F0B50F461E46154685B00AB3002303A958
:108EA0001A463360DEF72AFC044638B90398038873
:108EB0005B0406D400F060FB6FF08604204605B02A
:108EC000F0BDCDE900563B46D0E9081200F0FFFAAC
:108ED0000446039800F050FB002C08BF0446EDE761
:108EE0006FF08904EAE72DE9F0411F46002388B0BE
:108EF000064688461546CDE905333B60002A51D029
:108F0000B2F1005F51D206AA05A9FFF7DAFD0446C7
:108F100098B90598436AABB105982A4643884146FB
:108F2000079307AB029300F124030193436A009374
:108F3000036AFFF797FE044688B1059840B3FFF730
:108F4000C5FE25E073681B0A02D06FF08604F4E7C3
:108F50002946FFF733FE04460028DDD0EDE70598EB
:108F6000079B4288C2B943804FF6F872934216D8E5
:108F7000338813B102889A42E7D1738813B14288CB
:108F80009A42E2D13946FFF730FD04460028D4D199
:108F9000204608B0BDE8F0819A42D6D1E4E76FF0F0
:108FA0008504CAE76FF08604F2E76FF08504EFE707
:108FB00010B50446006868B106280CD104F1080019
:108FC000FFF7B3FC00232360A38823F4FF7323F08F
:108FD0000103A38010BD6FF08600F3E72DE9F04395
:108FE000984600230C46016885B005461746039352
:108FF00000293FD100F108094C22484600F027FC27
:10900000B8F1000F20463B4614BF4FF480624FF486
:10901000006203A9DEF772FB044668BB039E384674
:1090200031882A1DDEF7D8FB044628BB6B7968F32C
:1090300000036B717168D6E90823090AB8F1000FC3
:1090400011D001BB314648460097DEF7FFF80446D1
:1090500090B9062303982B6000F08EFA0446204650
:1090600005B0BDE8F08371B9314648460097FFF777
:109070005AFCECE76FF088042846FFF799FF039845
:1090800000F07AFAEBE76FF08604F5E70123FFF7CB
:10909000A5BF38B50546006898B112B9002420462E
:1090A00038BD06280AD105F10800DEF701F90446AB
:1090B0000028F3D02846FFF77BFFF0E76FF0860427
:1090C000F8E76FF08804EAE72DE9F041054600680B
:1090D0000E4617469846C8B16A79D20716D52A793E
:1090E000A2B1BA4215D8062816D105F10800DEF75C
:1090F0002FF9044698B10023C8F800702B71A6B967
:109100002846FFF755FF2046BDE8F0816FF0880440
:10911000F1E76FF08904EEE76FF08604EBE726B91C
:109120002846BDE8F041FFF743BF21463A463046A6
:10913000D8F80030FFF74FFC2846FFF739FF002C26
:1091400008BF0446DFE71FB501240394089C02947E
:10915000079C0194069C0094FFF760FC04B010BDCE
:10916000036819430CBF0120002070472DE9F04728
:1091700007469A46002386B0059307F0FE43B3F1F5
:10918000106F0846DDE90E589146109E0BD0002D59
:1091900048D12846356000F0EFF96FF0860420468C
:1091A00006B0BDE8F0873B464FF4804205A9DEF7E4
:1091B000A5FA044628B175BB3560059800F0DCF9C6
:1091C000EDE705990B8823F0FF03B3F5E24F02D0DA
:1091D000B3F5E44F0CD14B880733B8EBD30F07D26C
:1091E0001DBB0846356000F0C7F96FF08904D6E76B
:1091F00053464A463846CDE901860095FFF7C9FB3C
:1092000004463DB90598356000F0B6F9002C08BF5A
:109210000446C4E760B141462846DEF751FAC6F875
:109220000080CAE76FF08604F5E76FF08904F2E783
:10923000059800F0A1F90446B1E7DEF741BA08B598
:109240000088DDE90221FFF798FB20B1BDE8084066
:109250001046DEF735BA6FF0850008BD2DE9F04FF6
:109260001E46002389B01746129ACDE905331360D4
:10927000438881460D46002B00F0C680038803F426
:10928000E043B3F5804F00F0BF8031462846FFF73A
:1092900067FF002800F0B880484606AA05A9FFF736
:1092A00010FC0446002840F08280059B5B6A83B175
:1092B000DDF81490CA46D9F80430D9F820B01B0A5A
:1092C0005AF8248F78D06FF086040598FFF7F3FCE6
:1092D0006DE0D9F804301A0A62D1B9F800A0B9F8E3
:1092E00002105046FFF749FB80B15046FFF737FCAC
:1092F000044600285BD10AF4E043B3F5805F02D056
:10930000B3F5005F0AD10731CA0817E02AF0FF035E
:10931000B3F5E24F37D06FF0850448E00AF44F43CD
:10932000B3F5844FEFD047F201039A450FD14908B6
:109330000131C90801EBC10101F13B020792079914
:109340000598FFF73BFC04460028B1D02FE044F21B
:1093500001039A4503D1C90801F11002EEE747F273
:1093600002039A4505D1C90801EB410101F15A02F6
:10937000E4E744F202039A4505D1C90801EB410133
:1093800001F14A02DAE72AF0FF00B0F5E24FBAD065
:10939000B0F5824F01BFCC1DE4086400621CCDE72C
:1093A000484607A900F037F804460028C7D00598BA
:1093B000D8B1FFF78BFC18E0B9F800305B0418D483
:1093C00033463A4629464846CDE9018ACDF800B0F1
:1093D000FFF735FF04460598002C7FF476AF12990D
:1093E000FFF703FB04460028E1D1204609B0BDE8A1
:1093F000F08F5346424659464846DDF715FD10F1B9
:10940000860F0446E7D1DBE76FF08604EDE718220C
:10941000002100F01CBA028843884068000A51D13C
:1094200002F4E040B0F5805F02D0B0F5005F05D1F6
:109430000733DB0840D16FF08500704702F44F40DE
:10944000B0F5844F03D10733DB080AD1F3E747F2C5
:109450000100824208D15B080133DB0803EBC30340
:109460003B3300200B60704744F20100824202D17E
:10947000DB081033F5E747F20200824204D1DB0833
:1094800003EB43035A33ECE744F20200824204D177
:10949000DB0803EB43034A33E3E722F0FF02B2F5B4
:1094A000E24FD0D0B2F5824FC5D10733DB085B0065
:1094B0000133012BD5D1BEE722F0FF02B2F5824F76
:1094C000CFD1F6E700236FF086000B6070472DE9DF
:1094D000F34747680446DDE90A9A3F0A0D461646F7
:1094E000984611D1CDE9009ADDF708FD10F1860FFD
:1094F0000CD14346324629462046CDE90A9A02B0AD
:10950000BDE8F047FFF798BC6FF0860002B0BDE8F9
:10951000F087037E022B06D1C3695A1C03D00133A6
:10952000C361002070476FF09600704703466FF0EC
:1095300040420846591E914207D338B103F14043D7
:1095400093428CBF002001207047012070470346E2
:1095500068B1017E8A1E012A0BD80329C26903D192
:10956000012A01D1FFF7B2BB1AB1013ADA6100203A
:1095700070476FF096007047FFF7E9BF0020704713
:10958000C0B2FF280CBF6FF086000020704707B5FF
:1095900000216A46FFF758F98C3018BF012003B04C
:1095A0005DF804FB13B500216A460446FFF74CF949
:1095B0008C3002D1002002B010BD00212046DDF722
:1095C00053FA014610B16FF09800F4E76A4620465E
:1095D000FFF73AF98C30EDD0F5E72DE9FF4107466A
:1095E0001446884600293FD0002A3DD0B2F5005FDE
:1095F0003DD202F1240631460120FEF727FC054644
:10960000C0B303463A4621464046DEF7B1FB7F69C8
:1096100000243846FFF7BBFF01281FD021462B4608
:10962000324638460094DDF759F90146C8B9384644
:1096300002AAFFF709F9044620B9029B9E4205D011
:109640006FF0980438460021DDF70EFA31462846BF
:10965000FFF789F9204604B0BDE8F0816FF08A0475
:10966000F4E76FF09804F1E76FF08604F2E76FF02B
:109670008D04EFE76FF08C04ECE7FFF774B92DE988
:10968000F047D0F814A086B0814688461746504669
:10969000002104AAFFF7D8F8044610BB049E01205D
:1096A0003146FEF7D3FB0546002837D02146504609
:1096B00004AA0394FFF7C8F8044670B903AB024646
:1096C0002146CDE9005350463346DDF777F9039B39
:1096D00004469E4209D06FF0980431462846FFF7B1
:1096E00042F9204606B0BDE8F0870028F5D13B4698
:1096F000424631462846CDF80090DEF757FB044637
:109700000028EAD1D8F800302BB13B68002B08BF05
:109710006FF09104E1E76FF09104DEE76FF08C04E5
:10972000DFE7002070477047DEF78ABB08B5D7F740
:1097300001FBFCF78EFFBDE80840D7F709B808B574
:10974000D7F724FBBDE80840FCF75FBFFCF78FBFED
:1097500070477047D6F7CABE704708B5D7F7A8FC60
:10976000FEF722F9D7F79AFCBDE80840D9F7D2BC3A
:1097700008B5DEF75FFBBDE80840D7F77BBD08B54D
:10978000D7F736FFD7F7E6FFDEF78EFBBDE80840D8
:10979000D7F7F2BE08B5FCF768FFFFF74FF8DEF722
:1097A000B7F9FFF7BEFFFFF74DF8FFF7D7F8BDE8B1
:1097B00008400FF083BA08B5DCF79EFBFEF791FC7A
:1097C000BDE80840FCF716BFFFF7B9BF7047D7F7F1
:1097D0008FBEDEF745BBD7F78BBDFCF718BFD7F7B9
:1097E00065BA08B5FEF72DFCFFF79DFFFEF753FCA9
:1097F000FFF79AFF0EF03EF9F8E70139024410B581
:10980000904201D1002005E0037811F8014FA342F6
:1098100001D0181B10BD0130F2E7884210B501EBF2
:10982000020402D98442234607D8431EA14208D02D
:1098300011F8012B03F8012FF8E7024401468A4290
:1098400000D110BD13F8014D02F8014DF7E70244B5
:109850000346934200D1704703F8011BF9E70A441D
:10986000431E914200D1704710B511F8014B91424F
:1098700003F8014FF9D110BD034613F8012B002A5C
:10988000FBD1181A0138704710B5044600F03800B3
:10989000DEF764FE78B1D0E901324178C4F30744C1
:1098A00011F0020F08BF1346043B53F8040F10B128
:1098B0000278A242F9D110BD052B07D920F47F40D0
:1098C00020F0C70040F40070106091807047DEF710
:1098D000D5BD20F400432DE9F7434FEA032909F4ED
:1098E000E069C3F3062349EA030909EB01031C02FB
:1098F000A4B2C3F302231C4320F47F4323F00703E5
:109900001C43002307460E46204601A990460193BA
:10991000DEF7B4FD054660B1031D4B44A6B1B8F1B6
:10992000000F0BD1019B0246222120460433FFF792
:10993000C3FF0025284603B0BDE8F0831846324631
:109940004146FFF76AFF03463A044CBF23F8026C16
:1099500003F8016CEEE710B500F1080454F8083C78
:109960000BB9184605E054F8040C98470834002851
:10997000F4D010BD70B504460C30DEF703FF0023B1
:10998000666856F8232062B906EB8305B5420AD112
:1099900023697BB900236380637823F00E0363702F
:1099A00070BD0133EDE755F8043DDB68002BEDD0C9
:1099B0009847EBE7DD68002DECD0043D55F8043FF7
:1099C000002BE7D09847F9E738B5036905460BB196
:1099D000186810B90024204638BDFFF7BCFF0446C4
:1099E0000028F7D02846FFF7C5FFF4E770B54378A5
:1099F000054623F00C0343F002034370036953B19F
:109A0000586840B1FFF7A7FF044620B12846FFF78A
:109A1000B1FF204670BD6E68043E56F8044F2CB965
:109A2000202005F10C01DEF79BFEF2E7A368002B76
:109A3000F3D0984704460028EFD0E7E74078C0F31A
:109A400040007047437813F00E0F0CBF0120002038
:109A50007047F7B5044614F4004C4FF6FF7608BF84
:109A6000FF2620F40040050205F4E065C0F306205F
:109A70009E42019145EA000504F0380E08468979B6
:109A800004D201A800F0FAF900271AE0240C2404FB
:109A90004EF0800EEE1844EA0E0444EA1624360214
:109AA0000C31B6B2471834434450391D2944BCF137
:109AB000000F09D021F8023C1146DEF761FD0028B5
:109AC000E2D1384603B0F0BD01F8013CF4E72DE9DE
:109AD000F041DDF818800E464146044615461F4603
:109AE00000F03CFC78B9206800F05CFAA0EB0801BB
:109AF000204600F0F9FA00233D4620682360079BCA
:109B00001D70BDE8F0812368002B08BF3546F6E7DD
:109B100070B504460E4615680A460021FFF797FE09
:109B200025F4004520462122314600F0EEF8290AAE
:109B300004312046C9B200F071F9A3791C44E560F4
:109B400070BD026810B501F0040022F40044C2F3B5
:109B500006220021043240F0290000F023FC10B15D
:109B600083790344DC6010BD0346002200681A605C
:109B70000179DEF705BD10B50021FFF7E2FF0446CD
:109B800008B9002010BD0179DEF7FAFC0028F8D1F1
:109B9000A3790C33E018F5E72DE9F04117461A4692
:109BA000036801F0040123F400431C0204F4E064A0
:109BB000C3F306231C4341F02905043406463B4603
:109BC0002146284600F058FC804650B1E1B200F032
:109BD0009CF93B462A4641463068BDE8F041FFF714
:109BE00038BFBDE8F0812DE9F341002401F0040104
:109BF0000668074641F0290510682946146001905F
:109C000000F046F9019800F0CDF926F40046310243
:109C100001F4E061C6F30626314380460122043197
:109C200001A800F03BFB30B101A800F027F9204665
:109C300002B0BDE8F08143462A4601993868FFF733
:109C400008FFF5E708B5DEF795FC08B1C3681BB15E
:109C5000003818BF012008BD4069F6E72DE9F0473C
:109C60008846164658B352B3DEF7D2FC074640B3D7
:109C7000B1460025BA469AF806109AF807403F68A0
:109C8000641AE4B2444584BF4446012544B10C3112
:109C9000484622465144FFF7E2FDA144A8EB0408E0
:109CA0005046DEF715FD002FE4D165B9324602209B
:109CB00052F8041B0DF041FB2846BDE8F087222036
:109CC000FBE71B20F9E71E20F7E737B504460D46F2
:109CD00061B101A8DEF708FC286048B1019B201D96
:109CE00098428CBF2120002003B030BD2220FBE72A
:109CF0001120F9E708B50DF0FFFC002814BF14206F
:109D0000002008BD70477047704738B505461446B7
:109D10000A460021FFF79BFD24F01C046B7944F0F8
:109D2000100443F004032C716B7138BD2DE9F74F1B
:109D30001F469DF830308A4680460093002850D058
:109D4000002967D00C68002C66D04FF0000BE67934
:109D5000A179761AF6B2BE4208D30C31394408EB29
:109D6000020945462144F61BC84537E02068A34652
:109D7000BF1B002835D00446E9E7AB19994538BF29
:109D8000A9EB050632462846FFF769FD009B002B2C
:109D90003DD0E279A079F3B237BB1844A071E279E3
:109DA000A37927689A4232D1DAF80030A34208BF7B
:109DB000CAF80070BBF1000F01D0CBF8007020464C
:109DC000DEF786FC3C4635444CB10027A379E679A2
:109DD00003F10C01F61A2144F6B24D45CDD3A5EBA3
:109DE000080003B0BDE8F08F121AD2B2F918914200
:109DF00009DA0C302044D21BD21A014438440193B2
:109E0000FFF70BFD019BE279D31AE371C7E7A34685
:109E10002468D8E70846E4E72046E2E710B5C479AD
:109E20000246C4F14503D8B2884228BF084604441C
:109E3000D47110BD38B50546C079C0F14504E4B20F
:109E4000944288BFD4B20C3022462844FFF707FD65
:109E5000EB7920462344EB7138BD1FB503910021F7
:109E6000009103A9FFF762FF05B05DF804FB13B58D
:109E700001240094FFF75AFF02B010BD38B5044624
:109E8000206800B938BD0568DEF722FC2560F7E7D9
:109E9000034610B501F0EC0103B910BD1A7902F0C8
:109EA00013020A431A711A1A544254415A7964F33C
:109EB00000025A711B68EFE710B558B101680268DB
:109EC0005AB1136823B15C79E40704D50024146007
:109ED0000360084610BD0360F1E71346F8E720B1C0
:109EE000006810B14379DB07FAD57047034658B1D3
:109EF0000020DA7999791B68521A50FA82F01BB166
:109F00005A79D207F5D57047704770B50D460446AB
:109F1000E8B186798E4203D3751A8571012070BD30
:109F2000C27906F145039B1ADBB299420FD806F1BC
:109F30000C010144921BA81BD2B20844FFF76DFC30
:109F40000023A371E3791D44AD1BE571E6E7002012
:109F5000E5E710B50C4698B191B18979E279C379FA
:109F6000521AC3F14503D2B2DBB2934208D30C318B
:109F70002144FFF75FFF2046DEF7AAFB012010BD5A
:109F80000020FCE70346006818B102681A6000234D
:109F9000036070470346006818B102681A60DEF774
:109FA00097BB70470346002003B97047DA79997967
:109FB0001B68521A50FA82F0F6E72DE9F84F8946ED
:109FC00014468246FFF7EEFF05464846FFF7EAFFD4
:109FD000A542074601D3A04208D2BD4208D10024C1
:109FE000A346A046264647B9384604E02746F6E78A
:109FF00038D24FF0FF30BDE8F88F5EB99AF806808E
:10A000009AF80760A6EB080608F10C08D044DAF8C5
:10A0100000A0F6B2BBF1000F0BD199F8064099F8F9
:10A0200007B0ABEB040B0C344C44D9F800905FFA4A
:10A030008BFB5E45354628BF5D46BD4228BF3D4689
:10A0400021462A464046FFF7D8FB0028D3D1A84432
:10A050002C447F1BEDB2761BABEB0505F6B25FFA25
:10A0600085FBC0E70120C6E703680BB901607047B4
:10A070001A461B68002BFBD111607047036803B1BF
:10A080000B600160704739B10B461A461B68002B04
:10A09000FBD1036813600160704770B50468064621
:10A0A0000D4644B12046FFF77DFFA84211D8236832
:10A0B00013B9E379A37170BD20463360DEF708FB66
:10A0C0003468F4E7ED1A236820463360DEF700FBBE
:10A0D0003468002DEFD0A279E3799B1ADBB2AB4252
:10A0E000F0D92A44A271E6E7F8B5066805460C46A1
:10A0F00046B13046FFF756FFA0421DD8336813B96A
:10A10000F379B371F8BD30462B60DEF7E1FA2E68C3
:10A11000F4E7064638460768002FFAD1C2798379FA
:10A12000D31ADBB2A34202D9121BC271EAE7E41AC6
:10A13000DEF7CEFA3EB13760002CE3D02868002865
:10A14000E0D00026E7E72E60F6E7F8B504460F46B4
:10A15000BC4200D1F8BDA179E5796D1AEDB2C5F127
:10A160004506B6B20EB92468F2E749B10C312A4669
:10A17000214404F10C00FFF750FB0023E571A371AB
:10A180002368BB42EFD05A79D207ECD49979DD79B4
:10A19000A0796D1AEDB2B54228BF3546E2790C3090
:10A1A00010440C312A4619442044FFF758FBE37948
:10A1B000206853FA85F3E3718379761B53FA85F5AA
:10A1C000C379EDB2AB42B6B2857103D103682360A7
:10A1D000DEF77EFA002ED3D1C5E738B50C4601680C
:10A1E00009B9046038BD0D4609680029FBD1236810
:10A1F00023B12046FFF7A9FF2C60F3E7214628464C
:10A20000FFF7A7FE0028EDD1F6E748B10023027959
:10A210004360036083604379027143F00403437138
:10A22000704700221146DEF7D3BA38B504460D4612
:10A23000FFF76BFE98B984B12079FFF7F2FF58B1B0
:10A2400063794279C3F3400363F3410245235D1B05
:10A2500004604271C371857138BD0120EDE720466D
:10A26000FAE738B5036804460D469BB11879FFF745
:10A27000D8FF88B12368427903605B79C3F3400358
:10A2800063F3410245235D1B4271C37185712060F8
:10A29000002038BD0120EAE71920FAE738B50C465E
:10A2A000054640B3006830B309B9002038BD4AB94B
:10A2B000C9B2FFF72AFE0028F7D12B689A79987166
:10A2C000A41A06E0452918D8C9B2FFF71EFE0028D7
:10A2D000EBD1442C07D8002CE7D02846E1B2BDE8EA
:10A2E0003840FFF7BEBF45212846FFF7BAFF0028D8
:10A2F000DCD1453CEDE72220D8E72120D6E72DE947
:10A30000F84390F8078090F806900446A8EB0907F8
:10A31000FFB2B9420D4602D30020BDE8F8830079B0
:10A32000FFF77FFF06460028F6D0A17980790C312F
:10A330007F1B29440C30BAB221443044FFF78FFA16
:10A34000F37901203B44F371E37999444D44236848
:10A35000A5EB0805E57133602660DEE7F8B5076810
:10A3600006460D463C46002305B12CB90BB1002230
:10A370001A6034603846F8BDE379A2799B1ADBB2E3
:10A38000AB4207D8E379A2799B1ADBB2ED1A2346D8
:10A390002468E9E72046E9B2FFF7B1FF0028F1D1D0
:10A3A0000746E7E75318452B02DCC9B2DEF710BABF
:10A3B00000207047F7B5002605460F4601960DB9F7
:10A3C000019C09E0002238461146DEF701FA0446F6
:10A3D00028B901A8FFF752FD204603B0F0BDAB79C4
:10A3E0008371EA79C27168796179D21A60F30001E8
:10A3F000617169796079C1F3400161F34100607175
:10A4000003F10C002918D2B22044FFF728FA019B6F
:10A4100003B9019406B1346026462D68CFE72DE9D3
:10A42000F8430D461446064610B319B3DAB1034695
:10A4300099461B68002BFBD12746C8463A46294659
:10A440004046FFF7F7FCC145A7EB0007054418BFDE
:10A45000C9F8008037B10022B1793079DEF7B8F958
:10A46000C14618B9E41B2046BDE8F8838046E5E7FD
:10A470000446F8E70C46F6E737B51546C9B20022A0
:10A480001C46DEF7A5F9019040B122462946FFF7A8
:10A49000C6FF844202D901A8FFF7F0FC019803B07F
:10A4A00030BDDEF73BBB4843DEF738BBFDF7B0BC41
:10A4B000212802D10846DEF761BBDEF7AFBB512889
:10A4C00002D10846DEF75ABBDEF7A8BB4FF0FF30DB
:10A4D0007047002070477047704700207047002089
:10A4E0007047002070474FF0FF30704711207047D1
:10A4F00000207047012070470020704700207047FF
:10A50000002070470020704770477047704708B5BB
:10A51000DFF7D4F8BDE808403120E7F7DBB838B5FD
:10A5200000F12C050446284604F089FA50B194F84D
:10A53000203013F0180F05D02846BDE83840002120
:10A5400004F08EBAA06A38BD38B504462C3004F049
:10A5500076FA94F8213001288CBF43F0080303F009
:10A56000F70384F821302046FFF7D9FF054604F0B1
:10A57000ECFB94F82030228CC3F38001C3F340033A
:10A580009B0043EAC10394F8211042F40052C1F346
:10A59000C00143EA0113017842F0080201F02301EF
:10A5A0000B430370437803B122842846BDE838404A
:10A5B00004F0D0BB2DE9F04790F823300646012B7C
:10A5C0000C4602D90020BDE8F08790F8203003F057
:10A5D000010369B993B996F8213013F00C0F4CD1EF
:10A5E00096F82030DA0744D5631E58425841EAE70E
:10A5F000012903D113B1DFF751F9ECE73046357E7D
:10A60000FFF78DFF04F0A1FB0778417817F02007D2
:10A610000CBF02310331284618BFA02704F037FAD7
:10A6200096F821308146590754BF022196F824102C
:10A6300005F1FF3348BF0231012B9CBF013189B2C4
:10A64000284694BF4FF0A0084FF0000804F01FFA0E
:10A650008246F568DFF722F9A5F59673A3EB0903A7
:10A66000DB1BA3EB0A03A3EB08031B1A002BB2DCD2
:10A67000A8E7B4FA84F04009A5E70120A3E753282E
:10A68000F8B50C4615D009D8232800F0EA805128E7
:10A6900000F0C880BDE8F840FFF739BF5628F9D16F
:10A6A00091F82030DA075CBF23F0100381F82030E6
:10A6B000F0E7DEF775FE054600220221E6F724FCEE
:10A6C000AB680646D80735D494F82330013384F8B4
:10A6D000233094F82630013384F8263000260121F7
:10A6E0002046FFF767FF0746C0B194F82030D8072F
:10A6F00040F1818094F8213059077CD404F12C007A
:10A7000004F09DF9012894BF00230123580094F818
:10A710002210DEF731FD2046FFF716FF2846DEF750
:10A720007DFE032E69D1284604F022FA2B7B84F8A3
:10A73000273064E0002394F8212084F8233042F08D
:10A74000100384F82130317894F82030C1F380016F
:10A75000C3F38000814218D083F0040343F010015A
:10A7600084F8201042F05002090784F821200CD50B
:10A7700023F0080343F0100304F12C0084F8203088
:10A7800004F075F93320E6F7A5FF327894F820300D
:10A79000C2F3C001C3F34003994228D194F8213099
:10A7A000D2064CBF43F0040303F0FB0384F82130CE
:10A7B0007378B3B994F8203083F0020384F8203022
:10A7C000327897078AD072789AB143F0200384F8E0
:10A7D000203094F82130032643F0200384F8213000
:10A7E0007DE72846DEF76AFC0028E3D176E70126FC
:10A7F00075E7022673E7022089E7002E96D194F8C8
:10A800002130DA070AD494F8202043F00103D60758
:10A8100048BF6A6884F8213048BF2260002F3FF4A7
:10A8200039AFF8BD91F82030084623F0300381F8A5
:10A83000203091F8213043F0020381F82130FFF7F6
:10A840006EFE04F082FA00212046FFF7B3FE0028D6
:10A850003FF420AF94F822100120BDE8F840DEF765
:10A86000A1BC91F82030DD06DBD518070BD4656854
:10A87000DFF714F82D1AB5F57A7FD2DB2046BDE854
:10A88000F840FFF761BE91F821301907EFD504F1C8
:10A890002C0004F0D4F80128E9D9C2E71FB5002341
:10A8A000CDE90233036804460193037D01A88DF8C6
:10A8B000093000F0CCF82368A2681344236004B088
:10A8C00010BD1FB50446102200216846FEF7BFFFE9
:10A8D00063686846019301238DF80830237D8DF865
:10A8E0000B3002238DF80C30DEF7BCFC04B010BD39
:10A8F00008B5002322288B7503D056280CBF0123EE
:10A9000002234B75DEF7DAFEBDE808403120E6F79A
:10A91000E1BE512810B50C4609D10846FFF7BEFF2D
:10A92000E06804F017FA238A0133238210BDBDE8E2
:10A930001040FFF7DDBF532810B50C4605D0552851
:10A9400010D0BDE81040FFF7D3BFDEF729FD8368C4
:10A95000DB0706D5204604F0A0FA10B9238A01339C
:10A96000238210BD0846BDE81040FFF7AABF57205C
:10A97000E6F7FCBEE7F764B90A2802D80130C0B296
:10A980007047242801D80230F9E7252805D0262869
:10A9900005D0272818BFFF207047002070470C20E3
:10A9A000704708B5E7F752F920B1BDE8084020200C
:10A9B000DFF78AB908BD70477047704770478B69E9
:10A9C0001847002303707047002070477047704796
:10A9D00070474FF00000704700207047002070471C
:10A9E0007047002070470020704770470020704774
:10A9F00000207047002070470020704700207047FB
:10AA000000207047002070470020704700207047EA
:10AA1000002070474FF0FF307047704770470020AC
:10AA20007047704700207047704770477047704705
:10AA30007047704770477047F4F7BABBF4F7C0BB74
:10AA4000F4F7D8BBDAF7D6BADEF7B8BA704708B56C
:10AA5000DEF7E8FA18B1BDE80840DFF741B908BDF4
:10AA60002DE9F8430E6A05460C461EB1066000202B
:10AA7000BDE8F883088B4B8B1844DEF737FA286063
:10AA800090B32046DEF7CAFCD5F800800A2198F87A
:10AA900006704046FFF7C2F90C37A37B08EB0709A5
:10AAA00089F80730637B314689F80630628B238B47
:10AAB00020461344A9F80830237B4FF6FF7289F82B
:10AAC0000530636848F807302B68DEF7D9FC238B24
:10AAD000628B1344984201D12660C8E72B681BB1F2
:10AAE0002846FFF7CBF92E601920C1E7E7F7A8B891
:10AAF00010461946704737B50C4605460DF106015C
:10AB000001A8DFF795F943F6FF739C420DD047F695
:10AB1000FF739C4209D0BDF904309C42B8BF1C466B
:10AB2000BDF906309C42A8BF1C46AC8103B030BDC5
:10AB3000704770477047002070477047002070478B
:10AB40000846896BE4F712BD0020704710B5044633
:10AB500009B1012010BD406C80B9A06C98B9B4F85F
:10AB600050309B07F5D12046E4F772FAFFF746FF15
:10AB70000028EFD0C079C0F34010EBE700F0BBFC39
:10AB80000028EAD0E5E7FFF7DFFF0028E7D0E0E79D
:10AB900010B50446FFF7DAFF002814BF1820002084
:10ABA000B4F85030990658BF40F001005A0648BF2B
:10ABB00040F040005B0748BF40F0020010BD38B5D0
:10ABC0000C4600210546FFF7C1FFD0B9E00615D5B8
:10ABD00004F0180095F87430012B11D12B6AB5F8E8
:10ABE0005020190444BF02F04001084312F0230F23
:10ABF00006D15B0448BF40F0010001E004F05B00B7
:10AC000038BD1820E6E711207047704700207047D4
:10AC1000704784B001A880E80E0004B0704711208E
:10AC20007047002070470020704711207047704720
:10AC3000704700207047026A42F400620262E4F743
:10AC400095B837B50446806C0D4698B1D4F8883075
:10AC5000009304F17C030ECBFFF7DBFFA2692946CA
:10AC6000003A18BF0122A06CFFF7CDFF0546284629
:10AC700003B030BD606C30B1DFF75AFF05462046A7
:10AC8000FFF7D9FFF3E70C25F1E7F8B51F46B0F859
:10AC9000503004469B060D46164628D4436C83B1BB
:10ACA000606C00F0B4FB98B93B4632462946606CB4
:10ACB00000F026FC606C94F8841000F039FC002051
:10ACC000F8BDDFF71BFF60640028E9D10720F7E734
:10ACD000606C00F09CFB002201462046E4F7F6FC85
:10ACE00040F2712169438842DED94520E8E712200D
:10ACF000E6E700B1406C704700B14164704700B1B5
:10AD0000806C704700B1816470472DE9F0470546BB
:10AD10000F46114691469A46FFF73AFF95F8846030
:10AD20008046042E04D195F88E30032B18BF0326DD
:10AD300095F87440042C04D195F86930032B18BFA2
:10AD4000032441462846FFF73AFF0021DFF772FD52
:10AD5000C11C204604F04BF94FF4FA737C1E5C438F
:10AD6000A5F8520018F0100F80B207FB00440BD07A
:10AD7000B5F8503004F5487703F00303012B06D0F3
:10AD8000022B1BD083B13C462046BDE8F08724212E
:10AD9000304604F02CF910210546304604F027F91E
:10ADA00004F58A672F4407444846FFF7FBF831460D
:10ADB0000246404600F090F93C18E5E70E21304687
:10ADC00004F015F905465046FFF7ECF83146024607
:10ADD000404600F081F904F58A642C440444D3E72A
:10ADE000032810B50C460DD004D8012810D0022835
:10ADF00013D010BD552818D05628FAD10B7D23F05A
:10AE000008030B752046BDE810400021DFF75AB952
:10AE10000846BDE81040DFF771BBE3F7A1FF8442AD
:10AE2000E7D1BDE81040DEF749BC0846BDE8104058
:10AE3000DFF742BB51280B4603D101211846DFF74B
:10AE400041B9FFF7CDBF512802D10846DFF734BB27
:10AE5000FFF7C6BF532810B50C4617D008D83228C4
:10AE600014D051280CD02146BDE81040FFF7B8BFE0
:10AE70005528F8D12046BDE810400121DFF722B95E
:10AE80000120BDE81040497DDEF78CB92046DFF790
:10AE90009FFB10B1DEF712FCECE710BD70B5044665
:10AEA0000DF058FD002106462046E4F719FA054644
:10AEB00028B9002430460DF048FD204670BD406C96
:10AEC00030B9A86C0028F4D0FFF73EFE0446F1E745
:10AED00000F011FB04460028ECD1F2E708B500F0C1
:10AEE000F3FDBDE808404FF480500021E6F724BD93
:10AEF00083790C33C218937813F03F0004D0D378D1
:10AF0000194214BF01200020704773B54FF44075FB
:10AF10008DF807108179C580002507260C31455230
:10AF2000455C441866F30305455402F0010192079D
:10AF3000A27848BF41F0020161F38712A2709DF828
:10AF4000072002B92BB101220DF10701FEF772FFB4
:10AF50000123A27863F30502A27002B070BD70B540
:10AF60000D4602210446FFF7C3FF00B3A07900F1AC
:10AF70000C02A35CA1186FF3C713A354E379D5F8AF
:10AF800062601B1AD8B20E5051FA83F3B5F86610FE
:10AF9000204699802B6A062113F00C0F1EBFA35C7C
:10AFA00043F08003A354BDE87040FEF737BF70BD87
:10AFB00038B50D4604210446FFF79AFF30B120460C
:10AFC000A91D0122BDE83840FEF734BF38BDF7B5F2
:10AFD00004460F4616461D460DF1070101330122B6
:10AFE0008DF80730FFF71BFA0DF10701012220460B
:10AFF0008DF80770FFF713FA2A463146204603B052
:10B00000BDE8F040FFF70BBAF0B5054614889C4246
:10B0100008D2281947782E5D8F4205D10134344477
:10B020009C4205DD002004E001363444A4B2EEE782
:10B030001480F0BD37B50D4604210446FFF758FFD4
:10B0400078B140F2FF23ADF8003000238DF80230D4
:10B05000AB886A46ADF80330FF2105232046FFF791
:10B06000B6FF03B030BD38B50D4608210446FFF7E2
:10B070003FFF38B1204605F18C010222BDE838407F
:10B08000FEF7D8BE38BD2021FFF732BF37B50C46DA
:10B0900040210546FFF72CFF50B10A2394FBF3F43F
:10B0A000012228460DF107018DF80740FEF7C2FE88
:10B0B00003B030BD10B58479C37904F10C021B1BB9
:10B0C00002390244D8B251FA83F3537093780338AB
:10B0D00060F30503937010BD70B505460E4600F091
:10B0E0006B0000211446DFF7A5FB54FA80F4FF2C17
:10B0F00005D821463046BDE8704003F078BFFF21F7
:10B10000304603F074FF05F04005FC3D00F5487043
:10B1100061190446FF2904EB000304D8304603F00C
:10B1200066FF204470BD1C462944F3E708B5023190
:10B13000C0B203F05CFF00F5FA7008BDF0B505463B
:10B14000DDE905460020E07112F0100001D1A07188
:10B15000F0BD0122A2718A785009C540ED0725D5BE
:10B160004D7802F01F0245EA02250A7891F9001095
:10B1700025270029B4BF4FF496711E21694302F0C0
:10B180003F05B5FBF7FCB1F5FA7F0B442CBF01215D
:10B19000022107FB1C55013025716071E1712360AC
:10B1A00026B112F0400318BF052333700320CFE708
:10B1B00037B50246136A084603F0020403F48055CB
:10B1C000DB0705D47CB903F029FD204603B030BD70
:10B1D0004CB9B5FA85F4D2F85B1064090160B2F895
:10B1E0005F208280F1E7019092F95A30B5FA85F438
:10B1F000009300231A4619461846FFF777F96409A9
:10B20000E3E770B50E4601210446FFF771FEA0B1D9
:10B21000A279E37902F10C059B1A611951FA83F1C5
:10B220003046FFF7C5FF635D062160F38613635563
:10B230002046BDE87040FEF7F1BD70BD70B5144604
:10B24000054610220E4620460021FEF700FB2B7813
:10B250009A064FD06B1C23606A78D30743BFF34331
:10B2600003F001032371012348BF0723900707D58B
:10B2700016F0020F0CBF1946002106336171DBB2D4
:10B28000500707D516F0040F0CBF194600210133F3
:10B29000A171DBB2100707D516F0080F0CBF1946D5
:10B2A00000210233E171DBB2D00607D516F0100F92
:10B2B0000CBF1946002103332172DBB2900607D57B
:10B2C00016F0200F0CBF1946002112336172DBB259
:10B2D000510607D516F0400F0CBF1A460022013365
:10B2E000A272DBB22A7802F03F029A4282BFD21ADF
:10B2F000E372227370BD2DE9F04F064685B0154606
:10B300009DF838208B4603929A469DF83C40FEF704
:10B310007CFF032196F80680039A08F10C0806EBDF
:10B32000080707F10309F970381D82B9BCB903F0A9
:10B3300075FC07F10A03BBF1000F15D1ADB9DAF8BE
:10B340000020C7F80A20BAF804209A801AE034B91D
:10B35000109B33B11B687B60109B9B88838001240A
:10B36000E7E703F06BFCFAE775B30393FFF7AEF87A
:10B37000039B0021CDE90003012308461A46FFF78D
:10B38000B5F8012507F11001A1EB090101F03F0219
:10B390001146531C7B7016F80830A40103F00F030C
:10B3A00044EAC5141C4306F808403046BA7003311D
:10B3B000FEF734FD082216F8083062F3030306F89E
:10B3C000083005B0BDE8F08F0125B8E708B5DFF714
:10B3D000D9FAE3F73DFEFFF711FB08BD70B505464E
:10B3E000FFF7F4FF88B1C479C4F34014A400286FB8
:10B3F00095F83860FEF7D6FD314602462046FFF745
:10B400006BFEC830C5E9030070BD0446EFE700B12C
:10B41000C06E70474FF400500021E6F78DBA036A02
:10B4200070B513F0010604462ED0590712D50DF061
:10B4300091FA054604F1200252E8003F23F004038C
:10B4400042E800310029F7D1204602F099F9284658
:10B450000DF07BFA236A9A0616D513F080051CBFFF
:10B4600023F080032362236A204623F02003236213
:10B4700018BF3546DFF786FA2946A28D90F85900A5
:10B48000BDE8704000F0F2BC70BD1FB50446084630
:10B490009DF81C10009203919DF8181004F13002E1
:10B4A000CDE9013104F14001636ADFF715FA04B018
:10B4B00010BD036A70B513F00105044619D123F4D9
:10B4C000A07303626C30FEF7D9FC04F17000FEF744
:10B4D000D5FC2046FFF77AFF01462846FFF785FA9C
:10B4E000742229462046E669FEF7B1F90120E6619B
:10B4F00070BD0020FCE710B1006A00F00100704749
:10B500001144026A5B064FEA61014FEA41014CBFF8
:10B5100042F0020222F00202416240F8202F50E87D
:10B52000003F43F0400340E80032002AF7D1704763
:10B5300008B180F83810704770B505460DF00AFA6A
:10B5400006462846FFF74AFF2B6ADB070ED5E3F7CE
:10B5500007FCA842044609D14568DEF79FF92D1A79
:10B56000B5F5FA7F02DB2046E3F700FC3046BDE884
:10B5700070400DF0EAB9032AF8B504460E461546A8
:10B580004BD830B1036ADF0703D5032A03D00C2060
:10B5900025E0E80703D504F17000FEF76FFC04F125
:10B5A000700731463846FEF75FFD0021206FFEF739
:10B5B000CCFD206FFEF7F6FC94F838100246002010
:10B5C000FFF78AFD40F27122636A53432289C83B28
:10B5D0009B1A834204D83846FEF750FC4520F8BD3C
:10B5E0000DF0B8F9E90705D5E36E1BB9236A23F01E
:10B5F00040032362AA07236A09D543F04803236264
:10B600000DF0A3F92046FFF797FF0020E7E723F0AE
:10B61000080323620DF099F9F7E71220DFE7036AC8
:10B6200019B143F010030362704723F03003FAE7C7
:10B63000CB08C25C012301F007018B401A4214BF02
:10B6400001200020704770477047024619460020CD
:10B65000DEF796BC0020704700207047704711202D
:10B660007047002102460846DFF770BC07B500218D
:10B670004FF0FF336A46084600938DF80430DFF739
:10B6800065FC03B05DF804FB38B5054600680BF0B7
:10B690005EFE0446287900F01F000BF058FE20449F
:10B6A000C0B2012894BF0020012038BD0C20704793
:10B6B0000C20704741F0004141F4E02101607047E7
:10B6C0000C20704708B502F0DBFC08BD0020704775
:10B6D00000207047704770471120704770477047CF
:10B6E00008B502F01CFD08BD00207047704710B57A
:10B6F000DC1D043383734379C47123F0030343F0E7
:10B7000003030E244371012344738371C3730182C5
:10B71000827410BDD31CC371FF23437343798273BA
:10B7200023F0030343F0030343710123C1738371C7
:10B730007047D31CC3713E2343734379827323F054
:10B74000030343F0030343710123C1738371704703
:10B750000F234373042383734379A0F8111023F05C
:10B76000030343F00303437140F20173C3800123D9
:10B77000C27303747047D31CC3714379417323F0C0
:10B78000030343F003034371012382738371704702
:10B7900008B50023FFF7ABFFBDE80840DFF74CBD5D
:10B7A0002DE9F3418846162117461E46099D019052
:10B7B000FEF734FB162805D001A8FEF75FFB02B0A8
:10B7C000BDE8F0813E22019829464479837924F02E
:10B7D00003040C3344F003044471C418C25414230A
:10B7E0006370002308A81A46FEF775FE2423A37091
:10B7F0009DF8203084F80380E3719DF82830A780FD
:10B80000A373BDF82C30A671A4F80F309DF830302A
:10B81000019863749DF83430A3749DF83830E37454
:10B820009DF83C3023759DF8403063752B68A3600C
:10B83000AB88A381DFF700FDC1E72DE9F34188461E
:10B840001A2117461E460B9D0190FEF7E7FA1A28AB
:10B8500005D001A8FEF712FB02B0BDE8F081019807
:10B8600018224479EC2124F0030444F003044471C9
:10B87000FFF750FF019C0AA8A37929460C331C440A
:10B8800000231A46FEF727FE9DF8203084F8038037
:10B8900023819DF82430A780A3729DF82830E6808C
:10B8A000E3729DF830300198A374BDF83430A4F8E9
:10B8B00013309DF8383063759DF83C30A3759DF8C2
:10B8C0004030E3759DF8443023769DF84830637628
:10B8D0002B68E360AB882382DFF7AEFCBCE738B5AA
:10B8E00004460D4603221021FFF723FF83791C44F1
:10B8F000A4F80F50BDE83840DFF79EBC10B50446F1
:10B90000FEF750FB3E21A379C0B20C33E218E1549C
:10B91000831E537025230D38107393702046BDE8A5
:10B920001040DFF789BC2DE9F843804602208946A4
:10B9300017461E46FEF775FCD0B10C23437308234F
:10B94000837340F601334579C38025F003059DF8E4
:10B95000203045F003054571A0F8108080F8129062
:10B96000A0F81370A0F81560C373DFF765FC012021
:10B97000BDE8F88308B50220FEF753FC30B1012280
:10B980001121FFF7D6FEDFF757FC012008BDF8B5FF
:10B9900004460F46164613211D460922FFF7C9FE2D
:10B9A00083790C331C44A170E77026712B68C4F8AE
:10B9B0000530AB88A4F80930BDE8F840DFF73CBC9F
:10B9C00070B5054602200E46FEF72BFC0446B0B1CA
:10B9D0002846E4F7EFF802F0BFFA142100F0010066
:10B9E0000422A0602046FFF7A4FEA3790C33234471
:10B9F0009970A3F803505E71DFF71EFC012070BD43
:10BA000008B50AF0C3FD08BD2DE9F0410746022044
:10BA10000D4690461E46FEF704FC0446E0B109229E
:10BA20002121FFF786FE0A2283790C331C44BDF9DD
:10BA3000183084F8038093FBF2F323729DF81C30D6
:10BA4000A7806372BDF92030A67193FBF2F3E57114
:10BA5000A372DFF7F1FB0120BDE8F08137B50446A2
:10BA6000FEF7A0FAFF22A379C0B20C33E518E25426
:10BA7000831E6B700D23AB70AB791C38012BE876FD
:10BA80008DF8073009D10023E91D1A460DF1070092
:10BA9000FEF721FD9DF80730AB712046DFF7CCFBA8
:10BAA00003B030BD08B58388C2889A4201D3052B04
:10BAB00001D8122008BDC07802F072F8DFF768FEE6
:10BAC0000028F6D00020F5E7704710B5DFF7EEFB51
:10BAD000837900210C33C418E078E3F701FC68B1E6
:10BAE000211D02F044F80446DFF7E6FBE2B2002332
:10BAF000BDE8104042F23501FFF7F9BD41F24204C2
:10BB0000F2E72DE9F041DFF7D1FB837900250C3313
:10BB1000C418E678DFF7CAFB0768DFF7C7FBA6F1B2
:10BB2000FE035942594105603046E3F7D9FB3B46D5
:10BB30002946227901F06EFF0446DFF7BDFB2B4654
:10BB4000E2B242F23701BDE8F041FFF7D0BD2DE986
:10BB5000F041DFF7ABFB837900250C33C418E6789E
:10BB6000DFF7A4FB0768DFF7A1FBA6F1FE0359424C
:10BB7000594105603046E3F7B3FB3B46227901218A
:10BB800001F048FF0446DFF797FB2B46E2B242F292
:10BB90003801BDE8F041FFF7AABD2DE9F047DFF716
:10BBA00085FB83790C33C418277994F8038027B96F
:10BBB000B8F1010F27D0E3F735FB00260534BE426C
:10BBC0000ADB0025DFF778FBEAB20023BDE8F04787
:10BBD00042F23901FFF78BBD2078B4F80150A0F193
:10BBE000FE035942594194F803900434E3F778FB7B
:10BBF00060B12A464B464146E3F74CFA0546002819
:10BC0000E0D10136DBE741F21205DBE741F2420504
:10BC1000D8E710B5DFF74AFB837900210C33C4184D
:10BC2000E078E3F75DFB616801F0CDFF0446DFF7E4
:10BC300043FBE2B20023BDE810404FF61941FFF785
:10BC400056BD10B5DFF732FB837900210C33C418E1
:10BC5000E078E3F745FB616801F0CEFF0446DFF7CB
:10BC60002BFBE2B20023BDE810404FF61A41FFF76C
:10BC70003EBD2DE9F04186B0DFF718FB42F23E03EE
:10BC8000867905460C36875B84199F420ED1DFF713
:10BC90000DFB0521FEF7C2F8A3780533A3706FF002
:10BCA0007903AB55202363700023A3720021E07851
:10BCB000E3F716FB0646002858D02046FFF7F2FEB1
:10BCC000054630B93046FFF714F8FFF714FC70B1A1
:10BCD0000C2542F23E039F424AD1DFF7EDFA0023E2
:10BCE0002A46394606B0BDE8F041FFF700BD3046B0
:10BCF000FFF705F8FEF728FF05460028E8D194F87D
:10BD00000A803046B8F1000F13D1FEF7F8FF40B1BA
:10BD10003046FEF7F4FFFEF78AFF41463046FEF755
:10BD2000F1FF30462389E288A188FEF7AEFF054681
:10BD3000CFE7FEF7DEFF40B13046FEF7DAFFFFF750
:10BD4000B8FB29463046FEF7D7FFA57B2389E2885A
:10BD5000A188E0780495657B0395257B0295E57ABB
:10BD60000195A57A0095FEF75AFFE0E74225B0E776
:10BD7000DFF7A2FA064601232A463946FFF7B7FC49
:10BD8000B3791E44E378B37406B0BDE8F08170B5B2
:10BD9000DFF78CFA837900210C33C4182079E3F79C
:10BDA0009FFA0546C8B1E3789B0718D4207901F0C3
:10BDB000F7FEDFF7EDFCA0B1E178284601F00101C4
:10BDC000FEF73FFF0446DFF777FA2246BDE87040F2
:10BDD00000234FF40151FFF78ABC4224F3E71124FA
:10BDE000F1E70C24EFE770B5DFF760FA83790025FF
:10BDF0000C33C418DFF75AFA0668DFF757FA2946FA
:10BE00000560E078E3F76CFA33462279022101F00D
:10BE100001FE0446DFF750FA2B46E2B242F23F0140
:10BE2000BDE87040FFF763BCFE282DE9F8430646E5
:10BE3000894690461F4616D00220FEF7F2F90446C6
:10BE400090B106221221FFF774FC1223A579204637
:10BE50000C352544AB7085F803902E71A5F805804C
:10BE6000EF71DFF7E9F90120BDE8F883F8B507467F
:10BE700002200E461546FEF7D4F9044668B10822A2
:10BE8000FF21FFF747FCA37920460C332344DF70E2
:10BE90005E601D81DFF7D0F90120F8BDF8B50746D7
:10BEA0000E4614461D46E5F7CFFD87B13CB936EA8C
:10BEB00000000AD1002E14BF00201120F8BDB542A9
:10BEC00003D135EA000300D115B91120F6E724B1FA
:10BED00035EA0000F9D1002DEDE72046EEE700F04D
:10BEE000D3BA2DE9F047DFF7E1F983790C33C618AF
:10BEF000E4F790F90446E5F7A7FDF778804607F0E8
:10BF0000010917F002070CBF012200227379317971
:10BF100089F00100FFF7C2FF0546C8B92378B9F1DF
:10BF2000000F0BD1327902F00F0262F30713237076
:10BF3000DBB207B9727962F3030308E008F00F007F
:10BF400060F307132370DBB267B160F30303237060
:10BF5000DFF7B2F92A46BDE8F047002342F231018B
:10BF6000FFF7C5BB727902F00F0262F3030362F3BD
:10BF70000713ECE72DE9F041DFF798F983790C33EB
:10BF8000C418B4F80300E3F715FE0646002840D0B5
:10BF90006779E37907F0010817F002070CBF012267
:10BFA0000022A17988F00100FFF778FF0546E0B98B
:10BFB000304602F089FA0246B8F1000F1ED1A1798D
:10BFC000037801F00F0161F307130370DBB207B9C7
:10BFD000E17961F3030313705378217A304661F3FA
:10BFE00003035370DFF77EFE0546DFF765F92A4647
:10BFF000BDE8F04142F23201FFF7AABB002FEBD1BE
:10C00000E179037801F00F0161F3030361F3071392
:10C01000E1E70225E9E7704738B50446FFF71AFB68
:10C02000054658B9C820DDF71DFFC8220221284661
:10C03000DDF7A6FF8442A8BF044624B22046DDF700
:10C0400011FFFFF707FBBDE83840C8220221DDF7EA
:10C0500097BFB0F90020B1F900302DE9F3479A42BB
:10C0600004460D464CDC0CF075FC8046E3F7F8FF07
:10C07000002842D1DDF798FF8246FFF7EBFAC8228D
:10C080000221DDF77DFF0DF10601814601A8DDF7F4
:10C09000CFFE47F6FF73B5F900209A4204BFBDF802
:10C0A00006202A80B4F900209A4204BFBDF804306B
:10C0B0002380B5F90000FFF7AFFFB4F90030074661
:10C0C0008342C8BF2080B4F90000DDF719FFFFF7F5
:10C0D000FDFA064660B15046DDF712FF4846DDF72F
:10C0E000C1FE40460CF031FC304602B0BDE8F0879E
:10C0F000DDF75AFF20802F80F3E741F20C06F0E7CE
:10C100002126F1E708B5DDF7C7FE002008BD43682A
:10C11000143B4360A0230B6070471AB94268A2EB3E
:10C12000530242600A6802EB83020A60704713B54B
:10C1300004210DEB0100DFF793FE019C2046DFF7A1
:10C14000E5FC0028F4D0204602B010BD884210B5AE
:10C150001BD8052819D9B1F5486F16D8B3F5FA7F61
:10C1600013D240F67644A2F10A0080B2A0420CD865
:10C17000BDF8080001339BB243434B435B00B3EB74
:10C18000C20F94BF0120002010BD0020FCE730B199
:10C1900090FAA0F00123B0FA80F08340D8B2704743
:10C1A00070B5064601F0DEFE80F04004020605464A
:10C1B000C4F3801406D40821304602F08EFB08B187
:10C1C00044F00204EB0506D40B21304602F085FB57
:10C1D00008B144F00404204670BD4B1E032B10B57B
:10C1E0000C4602D90023184610BD0329FAD0FFF7E8
:10C1F000D7FF04EA00038443F4D1F4E72DE9F743C1
:10C20000044688461746019301F0ACFEC0F3401582
:10C21000204602F059F921468146284601F093FE56
:10C22000064607B32046E3F7D9FC8046204602F0D5
:10C230004EF93A460146019B1FFA88F0DFF7C4FB2E
:10C240002146284603F0DBFD2021204601F090FE28
:10C2500056E8003F43F4805346E80032002AF7D105
:10C2600003B0BDE8F08301A8FDF708FE99F80110BE
:10C27000404601F00F0102F0FEFB062818BF014600
:10C280002A4608BF0021204602F09CF8D8E703297F
:10C2900070B506460D4614460CD0042919D0012964
:10C2A00015D1222101F0A3FE2846314603F0D7FD27
:10C2B000002070BD136812791B680021FFF79EFFF4
:10C2C00000222368314601201A6003F0C8FD0120D6
:10C2D000EFE713680C221B68EFE7012910B504464D
:10C2E0000CD101F03FFE2146C0F3401001F02BFEBF
:10C2F0000023817C1A462046FFF780FF012010BDF5
:10C300002DE9F7430F46054601F02CFE00F0200909
:10C31000C0F34018284602F0D7F8BB790C333B44F1
:10C320005E789B781E400378C3F3030000EA131085
:10C330003040FFF72CFF044648B9B9F1000F06D191
:10C340002846FFF72DFF3040FFF721FF044628461F
:10C3500002F0BDF8E4F788FDA04223D01CB302210F
:10C36000284601F047FE00210646284601F00BFF53
:10C370001821384603F0B8FC3846E5F7D7FEB6B2C8
:10C38000394644708470A0F80360284603F0AAFC84
:10C3900023462246294640460096DFF725FC03B097
:10C3A000BDE8F08300242646E2E770B504460D465A
:10C3B00003F085FD28B929462046BDE87040FFF707
:10C3C0009FBF402829462046BDE870404FF0160325
:10C3D00014BF2A222322E5F7BBBE38B505460C461A
:10C3E00001F0C0FD830604D42046BDE83840DCF7E8
:10C3F0006FB921462846BDE83840FFF781BF2DE9D7
:10C40000F3418C7906460C340C440D4601F0AAFD2C
:10C41000A17807463046FFF7E0FE61788046304657
:10C42000FFF7DBFEB4F8032003460092C7F3401089
:10C4300042463146DFF7D8FB284602B0BDE8F0415E
:10C44000DCF746B908B58B790B441B7B162B03D060
:10C45000172B05D0002008BDFFF7A7FF0120FAE742
:10C46000FFF7BBFFFAE708B58B790B441B7B162B54
:10C4700003D0182B05D0002008BDDFF751FC0120A8
:10C48000FAE7FFF7BCFFFAE770471FB54A1E042A18
:10C4900003460C465FD8012902D1008804B010BDC4
:10C4A000022905D100885B88984238BF1846F5E715
:10C4B0004A00014601A8FDF7D2F9032C07D1002359
:10C4C000ADF80A304FF6FF73ADF80C3001E0042CE4
:10C4D000F8D0BDF80620BDF80430934284BFADF813
:10C4E0000630ADF80420BDF80A30BDF80C209342A8
:10C4F00088BFADF80A20BDF80A2088BFADF80C301F
:10C50000BDF80430934288BFADF80A30BDF806206C
:10C51000BDF80C309A4288BFADF80630BDF808204F
:10C52000BDF80630934284BFADF80830ADF8062060
:10C53000BDF80A30BDF808209A4288BFADF808302F
:10C54000BDF80820BDF806309A4238BFADF8083073
:10C55000BDF80800A2E74FF6FF709FE74A1E062AC3
:10C5600013B503460C4600F2AF80012903D190F9C0
:10C57000000002B010BD022907D190F9000093F924
:10C5800001309842B8BF1846F3E70A4601466846AC
:10C59000FDF765F9032C0AD180238DF803304FF4A1
:10C5A000FF43ADF804307F238DF8063009E0042CFA
:10C5B000F5D0052C03D180238DF80530F3E7062C48
:10C5C000F1D09DF900309DF905209342C4BF8DF84C
:10C5D00000208DF805309DF903209DF9003093422D
:10C5E000C4BF8DF803308DF800209DF901309DF90E
:10C5F00006209DF900109342C4BF8DF801208DF8EC
:10C6000006309DF904209DF902309342C4BF8DF895
:10C6100002208DF804309DF90120BDF800309142D0
:10C620005BBA9DF90520C8BFADF800309DF9033015
:10C630009342C4BF8DF803208DF805309DF9062084
:10C640009DF902309342C8BF8DF802209DF9021077
:10C650009DF90320C8BF8DF80630BDF80230914225
:10C660005BBAC8BFADF802309DF903209DF90630D2
:10C670009DF904109A42C8BF8DF803309DF905203A
:10C68000BDF8043091425BBAC8BFADF804309DF9E3
:10C6900004209DF901309342C4BF8DF801208DF82C
:10C6A00004309DF903209DF901309A42B8BF8DF8FE
:10C6B00003309DF903209DF904309A42C8BF8DF8DC
:10C6C00003309DF9030054E76FF07F0051E78307C3
:10C6D00005D410F0040F14BF03200120704702207E
:10C6E0007047022805D0032805D0012806D1E4F7B9
:10C6F0004FBCE4F73DBC0020E0F702B8704710B132
:10C70000012803D070470120DFF7FABF0020FBE7C4
:10C71000F7B51F468B1E012B05460C46164613D84F
:10C72000FDF7D4FE0023CDE90005F01A18BF012063
:10C730001A463946FDF7DAFE80B1022C0BD12846A5
:10C7400002F06CFA002004E00029F8D0012902D0A0
:10C75000FF2003B0F0BD284602F070FA0120F8E790
:10C7600070B50D4600219DF810600446817106F1F8
:10C770000C014173111E18BF012103F00F00237B30
:10C7800040EAC11003F04003184320732B469DF884
:10C79000141004F10E00FFF7BBFF237B0E3660F38D
:10C7A000861323732B686361AB882383A379334497
:10C7B000E37170BD022810B50C4608D003280ED0D6
:10C7C000012811D1BDE810400846E0F7FDB9E2F7B5
:10C7D000C7FA844208D1BDE81040DCF76FBF0846B5
:10C7E000BDE81040E0F7D8BA10BD002337B50546C4
:10C7F0000C4601A841210193DDF7B0F9019830B151
:10C80000DFF7F8FD072805D001A8FDF737FB00206A
:10C8100003B030BD2A4620460199E0F79DFBF7E7BB
:10C82000532810B50C4608D10320FFF7DEFF40B9AE
:10C830002046BDE81040E0F7AFBABDE81040E0F791
:10C840004BBF10BD512838B504460D460ED05328B5
:10C8500010D055384FF0010118BF0120DFF7DCFC84
:10C8600029462046BDE83840E0F736BFBDE83840ED
:10C87000E4F71EBC0420FFF7B8FF10B92846E0F724
:10C880008BFABDE8384001210846DFF7C5BC00201F
:10C8900070477047002070470020704708B50A2095
:10C8A00000F03BF9BDE808404FF400500021E5F7E7
:10C8B00043B810B50446012100F06EFF204600F099
:10C8C00096FB2046BDE81040E1F7D6B870B5144697
:10C8D000E1F762F90E46054668B10CF03BF86B6A69
:10C8E0002C852401B4FBF3F46E85A5F888400CF088
:10C8F0002CF8002070BD4220FCE708B5E1F74CF9A8
:10C90000A0B1203049B150E8003F23F4004340E893
:10C910000032002AF7D1002008BD50E8003F43F460
:10C92000004340E80032002AF7D1F4E74220F3E761
:10C9300000B1406F704710B50446002100F02CFF95
:10C94000204600F01DFF236A43F40063236210BDFC
:10C9500000B13430704700B12430704700B144302A
:10C9600070472DE9F341064615460C4651B34AB3CC
:10C9700000232821ADF80630204613460DF10602AB
:10C98000FEF742FB08BB2B46FF2120460DF10602B5
:10C99000FEF73AFBC8B90024D6F87080B8F1000F52
:10C9A00010D098F8067096F88A300C37282B08EBD0
:10C9B000070518D0FF2B05D12A2221462846FCF76F
:10C9C0001CFF18BB02B0BDE8F0810378013B13F0F7
:10C9D000FF03E0D0072B01D02A2BDCD14378841C45
:10C9E00086F88A30D8E7072221462846FCF705FF5B
:10C9F0000028E7D0236848F80730A388AB80A379E4
:10CA0000AB71336A43F480233362DBE704F128031C
:10CA100054F8042B9C4245F8042BF9D123882B8031
:10CA2000EFE7022907D80123026A8B4013420CBFAB
:10CA30000120002070470020704770B5154604465D
:10CA400000F1300641603146FFF761FB2B4631466D
:10CA50002046BDE870400122FFF75FBB036A23F464
:10CA6000805303627047B0F8883010B58B4204469B
:10CA70000DD2036A43F4804303624FF08070F1F7F4
:10CA8000CFFC2046002100F087FE012010BD5B1A7C
:10CA9000A0F888300020F9E70246408D80B1136A83
:10CAA0005B030CD4138D516A1B01B3FBF1F3B2F895
:10CAB00088009BB2984234BF0020012070470020BC
:10CAC000704738B505460C460846DDF777F821462D
:10CAD0002846BDE83840E1F793BA7FB504460D46D5
:10CAE00016468DF80700012202A90DF10700FDF797
:10CAF00007FD10B19DF8074002AD32462946204699
:10CB0000E1F7EAFB38B12A4621463046FFF7C2FE7C
:10CB100080F00100C0B204B070BDE1F703BC38B5CD
:10CB20000446FFF79BFF626BA18D04F14400DEF722
:10CB300061FA04F1340543F6FF7184F83D0028469C
:10CB4000FDF7D9FF284602F0CEF92046E0F79CFE1B
:10CB5000FDF752FF002201460320FDF75EFF6168EA
:10CB6000226B637D01EB9202102002F0E7F90D22A7
:10CB7000002104F17800FCF76AFE7F23204684F848
:10CB80007E3084F87D30E0F77FFEA4F87B0038BD6E
:10CB900030B585B004466D4600F134030FCB85E80F
:10CBA0000F0094F8853028468DF8093002F09BF983
:10CBB0002046E0F769FEFDF71FFF00220146032033
:10CBC000FDF72BFF6168226B1020637D01EB920261
:10CBD00002F0B4F905B030BDF7B590F883300446E3
:10CBE00013B9036A5A0241D50120FDF71AFB0190DF
:10CBF00050B9203454E8003F43F0160344E80032B3
:10CC0000002AF7D103B0F0BD022384F88330236AF1
:10CC10001B0403D501A8FDF731F9F3E701220D212B
:10CC200001A8FDF73BFB28BB019E04F17802B37914
:10CC300004F1800733440C33154603CDBD42186020
:10CC400059602A4603F10803F6D1286818602A794A
:10CC500030461A71E1F734FA04F1200252E8003F3D
:10CC600023F0160342E800310029F7D1012384F8AC
:10CC70008330C7E701A8FDF701F9EDE7002313B5FD
:10CC800003280C4601930BD005D801280CD00228AC
:10CC90000ED002B010BD532811D055380128F8D855
:10CCA0002046E1F791FBF4E70846FFF738FFF0E78D
:10CCB000E2F756F88442ECD1DCF700FDE9E72046C4
:10CCC00001A9E1F7BBF9013008D1022301A884F8DA
:10CCD0008330FDF7D3F8DCF7F1FCE1E7204601995A
:10CCE000FFF7EFFE20460199E1F702FA0028D0D1C4
:10CCF000F1E7012802D10846FFF74ABFFFF7BEBFA0
:10CD0000F0B5044685B0006AE0F75AFFFFF720FE51
:10CD10006E4605460FC886E80F00C822297A002013
:10CD2000DDF72EF9E36A0146009394F830300746A8
:10CD300030468DF80930FDF7DEFE304602F0D3F8BC
:10CD4000236A606A1D68FDF7D1F8C5F34015AD018F
:10CD5000064600212846DDF76DFD3044FF2815DC2E
:10CD6000002329461A46A06AFEF7CFF83946A06A82
:10CD7000FEF78CF9A06A3146FEF79CF9A06A3346AB
:10CD80000022616AE4F798FF05B0F0BD0020F6E7E5
:10CD9000F8B5076A04463A6812F004016FD1466A92
:10CDA000002E6CD022F004033B60B3790C331E4498
:10CDB000F57890F834309D4205D000F0EDFCBDE8E8
:10CDC000F840DCF77BBC90F831301207C3EB43111D
:10CDD00003EB8103C0E903331DD440F271253079A0
:10CDE000626884F83200B979490005FB012203FB2F
:10CDF000002262603B6843F008033B60012120464B
:10CE000000F0DBFC626A9379063393713B6843F070
:10CE100004033B6033E0E1F7A3FFA04205462FD1B6
:10CE200090F8323032790133934229D1DCF714FA89
:10CE300030B33379D5E9086285F8323093792846E2
:10CE400006339371FFF75CFF95F831302846C3EB4A
:10CE5000431103EB8101E1F7A5FF044658B9DCF764
:10CE60002DFC2846214600F097FC05F12400BDE882
:10CE7000F840FDF703B8336843F004033360F8BDAE
:10CE8000E1F76EFF844201D1DCF718FC7D20317997
:10CE900094F8323094F83120CB1A5343626884F806
:10CEA000321000FB03226260A8E730B551280C461F
:10CEB0000D6A85B013D00ED8012828D003284BD096
:10CEC00002280AD1E1F74CFF844206D105B0BDE843
:10CED0003040DCF7F3BB56283ED005B030BD002112
:10CEE0002046E1F7E1FA2B6804F1240023F0040363
:10CEF0002B60FCF7E1FF019001A8FCF7BFFF636A1C
:10CF000063B3204605B0BDE83040FFF741BF084697
:10CF1000FFF7F6FE94F83130607DC3EB431203EB6C
:10CF20008203226A94F832509179A26B40F2712404
:10CF300003FB0522490004FB0122019200228DF827
:10CF400008204FF47F428DF8090001A8ADF80A20AF
:10CF50000393DCF749F9C0E70121C1E7E1F700FFDE
:10CF6000844201D1DCF7AAFB0021204605B0BDE8D0
:10CF7000304000F011BC70B50446002836D00BF0EC
:10CF8000E9FC0646206998B1836A2BB12830FCF78A
:10CF900075FF002223699A622069436A2BB124300D
:10CFA000FCF76CFF002223695A62002223691A628F
:10CFB0000025E068256110B1FDF778FAE560A36906
:10CFC000257223B104F11800FCF758FFA561E06950
:10CFD00018B1E3F7B1F80023E3612368304623F08A
:10CFE00002032360BDE870400BF0AFBC70BD38B5E4
:10CFF00004460BF0AFFC636F0546C3B11B6963B118
:10D00000E1F7AEFE636F1B69834201D1DCF756FB8B
:10D01000636F0121186900F0BFFBE1F7A1FE8442B4
:10D0200001D1DCF74BFB0121606F00F0B5FB284616
:10D03000BDE838400BF089BC98B10379013B1B0671
:10D040000FD44379052B0CD981794A1ED2B2FD2A1F
:10D0500007D8C279012A04D98B4294BF122000203C
:10D0600070471220704770B5054608460C461646B4
:10D07000FFF7E2FF70B922682B69DA6222792A7120
:10D08000E27983F8312063796B71A379AB710EB1CA
:10D09000FF23EB7170BD436F1B6999637047C268D2
:10D0A0002AB1C379017A994201D9D05C7047FF2037
:10D0B00070472DE9F04106460C4621B90220FDF7E4
:10D0C000B0F8044630B34FF000080D212046A4F814
:10D0D0000680FCF7A3FE3046A579FFF73CFC074627
:10D0E0003046E0F7D1FB0C353B892544A5F8030019
:10D0F0002B81706FFFF7D3FF7F23AB716B71FF2321
:10D10000A872EB71EB7285F80C802046BDE8F04107
:10D11000E0F7D6BFBDE8F0812DE9F0410646FFF704
:10D1200007FC046905463046FFF715FC804630468B
:10D13000FFF70EFC7368074663602846FFF7AFFFF2
:10D1400084F83400B8F808302046E3864FF6FF73C1
:10D1500063867B7A84F830302B6823F008032B60D9
:10D16000BDE8F041FFF714BE70B50C460646FFF768
:10D17000F2FB05462046FFF792FFE379227A01335E
:10D18000DBB29A42E371E2680BD80023E3712B898A
:10D1900001332B811378012B38BF0123A6F8863089
:10D1A00070BDD35C1B1A9BB2F8E713B5044610B9E7
:10D1B000002002B010BD037803F03F03012BF7D924
:10D1C00001214078DDF736FB0138ADF80600204636
:10D1D00010F8013B322103F03F030DF10602FDF789
:10D1E00013FF0028E4D00378092BE1D10230E0E7F7
:10D1F0002DE9F0470446894615461E4690F80880FA
:10D200000BF0A8FB0746A5B12379AB4211D386B139
:10D210003046FCF7C7FEA8420BD14FF0FF31B27980
:10D2200094F804C00C323244A81812F8013B63454C
:10D2300006D3122438460BF088FB2046BDE8F08761
:10D240008B42F6DD824259B2EFD1E068B8F1000FAF
:10D2500001D1C24602E0E37910F803A0237AF0B1CD
:10D26000AB420FD100232A463146E0682572FCF715
:10D27000F4FDA84216D0E068FDF718F90023E3603A
:10D2800023720AE0FDF712F900232372E3602846B7
:10D29000FDF707F9E0600028E4D10724CAE7002B76
:10D2A000F5D0DFE7236819F0400F14BF43F02003E7
:10D2B00023F020032360B8F1000F42D02046E0F7AE
:10D2C0007FFC00230546E268207A5FFA8AFAD9B229
:10D2D000814230D31378A3EB0A035FFA83F84FFA45
:10D2E00083F9E1F73DFD854201D1DCF7E7F9B9F1BA
:10D2F000000F28DAFE234FF0000821462846A5F843
:10D300008680E371FFF730FF2B8D6A6A1B01B3FB48
:10D31000F2F32846A5F88830FFF7A0FB012152461A
:10D32000284600F049F84146206900F035FA2846C1
:10D33000FFF7F2FE05E012F803C00133E245C6D163
:10D34000E171002476E740F27123667995F82E208A
:10D35000760008FB06F65E43E36805F130011B78B2
:10D360002846A5F886303346DEF782FB6B683344E7
:10D370006B60E1F7F5FC291A18BF0121284600F07F
:10D380001CFA0021D0E738B50025044603690121C5
:10D39000986AC580FCF742FD236929469B6A2046AE
:10D3A0009A7913441D73236901229B6AFFF720FFBA
:10D3B00023699B6ADD8038BD2DE9F04FA1B004469A
:10D3C00093460B91FFF7B4FA07462046FFF7C3FADE
:10D3D000636A80460693636F93F80590236A580347
:10D3E0001BD43846FFF75BFEFB681B78834240F096
:10D3F0002C812046FFF750FB002800F01F81628D32
:10D40000B8F80830561C1344A8F80830B4F888302F
:10D41000F6B29B1AA4F8883018E1226F002AE0D0F7
:10D4200094F88A30282B0ED0FF2B22D0236F23B103
:10D430009A7913449B7B592B02D0236A5A04D0D586
:10D4400021B0BDE8F08F93790C331A44B2F805107F
:10D45000A38D9942EAD1012004F14401DDF776FD64
:10D4600004F17000FCF70AFD236A23F48023236291
:10D47000DCE72046FFF75CFA256F0646AB790C33F4
:10D480001D44AB78582B00F0C280592BCED10369D4
:10D490009B6B0593236A5903C8D523F48023236229
:10D4A0002B4615AA05F1280E9446186859680833CA
:10D4B000ACE8030073456246F6D11B880021ACF846
:10D4C0000030EB79D5F809000793B5F80D3095F8E1
:10D4D00006A00C90ADF83430E87801F0CCFA2A7C44
:10D4E000089012F0200F14BF4FF496731E2304937C
:10D4F0002B4612F0400F02F01F000CBF00224FF429
:10D50000161213F80F1F0A9241EA0021099110AA7E
:10D5100005F11F0E9446186859680833ACE80300FB
:10D5200073456246F6D11B88ACF80030D5F825105B
:10D53000D5F821000EAB03C32046E0F7A5F9E0F7CC
:10D5400057FB00200290238D51460193638D079A6B
:10D5500000930CABE0F7B4FABDF850308246013BC3
:10D56000ADF85030E0F760FB0546BAF1000F23D16B
:10D570000220FCF756FE286783790DF1540C0C331A
:10D5800003440DF17C0E624603CA7245186059606F
:10D59000944603F10803F6D112881A80E0F7C6FF1B
:10D5A000012368670599C37110AA089800950EAB0E
:10D5B000E0F740FB8246D8B12B6A43F480432B62EC
:10D5C00085F88BA0236A4FF0807043F400532362E8
:10D5D000F0F726FF3368356923F00403284600215D
:10D5E000336000F0D9F805F12400FCF747FC1DE793
:10D5F000059B099A0499284601FB02310A9B049A6B
:10D600001944FFF71AFA2846FFF795F9D8E7B5F855
:10D610001F20A38D9A427FF409AF0022606F05F1AD
:10D620002101FFF720FD30B9EB7884F83C30B5F8E4
:10D6300011305B00636284F88B00C3E70121204650
:10D64000FFF711FA00287FF4FBAE01262046FFF712
:10D650006FF940F2712EC379C2684FEA490C0EFB94
:10D660000CFCD05CA0EB0B0149B20CFB01F583B9BB
:10D67000BDF81880636A626F4345527901D19145C4
:10D6800046D0520000FB023240F271235A430CFB99
:10D690001B2594F82E202B46204604F13001DEF79E
:10D6A000E7F9636840F201112B446360236B94F83F
:10D6B0003C009D08636F9E7940F2712376005E43C3
:10D6C00001F095FC0023864294BFAD192D18A4F8F3
:10D6D000863001212046C4E9035500F06EF8226A25
:10D6E00053037FF5ADAE236F002B3FF4A9AE9979BC
:10D6F0000B44B3F82B10A38D99427FF4A1AE3846AA
:10D7000022F48022226221B0BDE8F04FFFF73BBE39
:10D710000B9A0EFB03F312B903FB0655B9E7002978
:10D72000D8BFED18B5E7C0F3845303EB830300EBD8
:10D73000830080B27047F8B500231360047D05466E
:10D740008068FFF7F0FF14F00807034602D00B448F
:10D750006B6004E06E68701AB0EB030C01D401201A
:10D76000F8BD14F0010009D1D5E90374E41B14EBF2
:10D770000C0FF5D40B449E1B1660E9E73846EFE723
:10D7800010B50446E1F720F96168E069E1F7A6F910
:10D79000BDE8104001F07FBA38B50C46C94301F02E
:10D7A00001010546E1F7DAF9A30702D4E869E1F7D8
:10D7B000BFF9BDE8384001F06EBA10B50446E1F794
:10D7C000CDF92046E1F700F9BDE8104001F063BA59
:10D7D000007D00F0010070470120704701F03FBA62
:10D7E000FEF737BC431E032B06D8DFE803F0020424
:10D7F00002040320704704207047FEF765B9E1F783
:10D8000019BF2DE9F04F85B016461D4682699DF877
:10D81000603004469DF83870DDF840809DF848B0CF
:10D820009DF850909DF858A001910293002A40F075
:10D83000EE8005F01C021C2A04BF06260196E806AD
:10D8400000F19C8005F00302032A08BF05F0FD05E6
:10D8500005F0F70505F01402142A40F09380A9069C
:10D8600000F19E80BDF94C109DF86400A4F854109E
:10D87000FFF7B8FF19F0020F84F8690040F09380B9
:10D8800019F0040F00F0918000F0FD00012814BF92
:10D890000323042384F874309DF868000393FFF792
:10D8A000A1FF1AF0020F039B84F88E007FD11AF0BB
:10D8B000040F7ED000F0FD00012814BF03220422D3
:10D8C00084F8842000200A461946DCF759FB0146FB
:10D8D00004F16C00FDF70FF947F6FF7104F17C00CD
:10D8E000FDF709F994F88410606CFDF721FEFF2222
:10D8F000236A84F85A20029A23F09F03236212B10C
:10D9000043F01003236205F01803182B02BF236AAB
:10D9100043F080032362236A6A0723F060032362D3
:10D920000CD41BF0010F1CBF43F020032362236AB9
:10D930001BF0020F1CBF43F040032362236AA4F8CC
:10D94000505023F00703236204F16202B8F1000F84
:10D9500031D0D8F80010C4F86210B8F804109180E3
:10D960009DF83C20012A02D143F004032362012FD9
:10D9700026D1236A43F0010323622EE04FF0010A0F
:10D98000D14667E700222046A16AE1F79FFE40F2F8
:10D990007122724390427FF662AF41F2450033E05C
:10D9A00005F0FC055EE7022374E7012372E702221B
:10D9B00086E7012284E7C4F86280A2F80480D6E7F3
:10D9C000032F07D1236A43F001032362236A43F044
:10D9D0000203D1E7023F012FF8D9FCF7CBFF9DF8F6
:10D9E0005C30C0F30B0040EA0330019BA4F88C00CC
:10D9F000A4F84C309DF844302046A4F84E6084F8DA
:10DA0000583000F080F9002005B0BDE8F08F41F2F9
:10DA10000C00F9E72DE9F3418846174604460193C7
:10DA200038B901A8FCF72AFA41F2420002B0BDE879
:10DA3000F081012922D0022911D091B98369D3B98B
:10DA400000F128054FF40076B4F85030D9061FD500
:10DA50005A0728D501A8FCF711FA0020E6E7406C28
:10DA600028B901A8FCF70AFA41F20C00DEE71946D2
:10DA7000FDF781FDDAE700F13005E3E7836923B9BB
:10DA800000F12C054FF48066DEE700F13405F9E77C
:10DA90009B0708D5B8F1000F05D101A8FCF7EEF9F6
:10DAA00041F21200C2E7236AF80723EA0603236261
:10DAB00002D52846FCF7E2F9019921B12846FCF786
:10DAC000D3FA002301932868FCF76CFAB4F85030BD
:10DAD000D90605D51F2801DC032F18D02846DDE71D
:10DAE00040F27262904205DD2846FCF7C7F941F228
:10DAF00007009BE7B8F1000F09D1BF2807DD9A079F
:10DB000005D02846FCF7BAF941F245008EE72046D9
:10DB1000D4E90C12E1F7DAFDA36983B140F2712276
:10DB2000B4F84C305343984209D9B4F84E3083428C
:10DB3000E7D300F51C70B0FBF2F0A4F84C000AF03B
:10DB400009FFA369054673B1BB070CD5236A3343AC
:10DB500023626368C3F57A76DBF7A0FEF04202D554
:10DB60002046E1F703F928460AF0EFFE75E78369DE
:10DB70003BB1B0F85030DB070FD490F85930FE2B92
:10DB80000BD0036A43F4005303620B68C0F85B30A8
:10DB90008B88A0F85F300020704741F20C0070477E
:10DBA00038B504460AF0D6FE002105462046E1F7C6
:10DBB00097FB30B1B0F8504028460AF0C6FE204628
:10DBC00038BD0446F8E7A0B1CB0742BF036A43F46F
:10DBD000805303628A0742BF036A43F480430362AF
:10DBE0004B0701D400207047036A43F400430362EB
:10DBF000F8E741F242007047A0B1CB0742BF036A89
:10DC000023F4805303628A0742BF036A23F48043EC
:10DC100003624B0701D400207047036A23F40043DA
:10DC20000362F8E741F24200704738B50446083015
:10DC30000D46DDF79FFAE1F793F8844202D12220E6
:10DC4000E3F748FD85F0010100252046FFF7A4FD1C
:10DC5000E06BA56110B1E2F76FFAE56304F14000F3
:10DC6000BDE83840FCF70AB970B590F85930044661
:10DC7000FE2B09D15B3000F0E1FF00F0D8FF18B1B6
:10DC8000236A43F40053236242F20103256A2B40C6
:10DC9000012B35D0AB072CD5C5F3800504F1620606
:10DCA000002231462846FCF71EFC002184F85A0069
:10DCB000FCF72CFC314600222846FCF719FCB4F88E
:10DCC000501018B194F95A00002814DA236A23F08E
:10DCD00002032362B4F8502002F00302012A08D1A3
:10DCE00031462846FCF704FC18B1236A43F00803C8
:10DCF0002362002070BD01F00101FCF707FCE9E799
:10DD000041F21200F6E738B504460AF023FED4E9E2
:10DD10000A1205462046E1F7D9FCB4F84C10B4F8D5
:10DD20004E20E060521A40F2712101FB020303F51C
:10DD30009C53083328462361BDE838400AF005BEED
:10DD4000036A10B5044613F4606023D09A0507D522
:10DD500004F12800FCF792F8236BA36200232363ED
:10DD6000236A5B0507D504F12C00FCF787F8636B89
:10DD7000E36200236363236A204623F46063236223
:10DD8000FFF7C1FF0120B4F88C305A1C62F30B037B
:10DD9000A4F88C3010BD036A0B4303624FF080502F
:10DDA000F0F73EBB10B5044619B390F856208AB17F
:10DDB00090F857300133DBB29A4280F8573009D1DE
:10DDC0000121FFF732FF4FF480312046BDE81040BB
:10DDD000FFF7E1BF236ADA050BD5636A62689B1A15
:10DDE000002B06DA01212046FFF71FFF4FF48021A8
:10DDF000EBE7236A1B0624D4FCF7BCFD1123B0FB20
:10DE0000F3F394F9682003EB0313C01A83B212FAF8
:10DE100080F0102888BFC3F110035BB2083A1A449F
:10DE200084F8682040F27121B4F84C2020461A444E
:10DE3000636801FB023301216360BDE81040FFF716
:10DE4000BCBC0023EEE7C94350E8003F0B4040E86C
:10DE50000032002AF8D1704738B505460C46FDF768
:10DE6000FBFB20B149F640439C4228BF1C46EA68B0
:10DE7000A2420BD240F27121B5F87E304B4393425F
:10DE800038BF1346A34228BF23461A462A6138BD2D
:10DE900003469A6A4830920505D5D3F82821B3F88D
:10DEA0004010DDF7A7B893F87310DDF799B800209C
:10DEB000704701207047002070477047002070476E
:10DEC00070477047002070470020704770477047C8
:10DED000704770470020704700207047704700204F
:10DEE000704701207047C820704700207047704776
:10DEF000012070477047704790F8892010B5531C77
:10DF000003F00F03072B28BF0023044663F303022B
:10DF1000034480F8892083F8821090F889306F2BB1
:10DF20004FEA13129EBF013262F3071380F8893063
:10DF3000FFF7E1FF204694F83011FDF7CCFB10BD50
:10DF400070477047704710B101F1B000704701F1A0
:10DF5000D4007047F8307047806A7047836A0B437B
:10DF600083627047C06A7047C36A0B43C3627047DD
:10DF7000C36A23EA0103C362704700F59C707047CF
:10DF800090F8891008B50F2904D909098230FEF7E5
:10DF9000E5FA08BD7F20FCE770B540F2712606FB6C
:10DFA00001F345685643826A1D44D2070446456022
:10DFB0000ED500F14405294690F84220DDF758FDC2
:10DFC000334629462046BDE870400122FEF7A5B839
:10DFD00005EB5605456070BDD0F8A40000B9704748
:10DFE00043799B0701D40068F8E70120704780F867
:10DFF0007B10704738B504460D46E1F7EFFD80B25F
:10E00000FFF75CFF80B14288022DB4F8400011D0C8
:10E01000032D0BD0012D06D1A38FA26B1B01B3FBE7
:10E02000F2F3184480B238BD0122EDE74FF47A4391
:10E03000A26BF4E7E38F5B00073313FB0200F1E709
:10E0400038B5044601F0B5FF04F1A400FBF716FF54
:10E0500004F1A800FBF712FF04F1AC00FBF70EFF80
:10E060002046E1F7BBFDC4B22046FCF7BFFC0546E5
:10E070002046FCF7BDFC01462846FCF7B6FC38BD3F
:10E08000B0F8343110B5A0F832310446E1F7A6FDFE
:10E09000C0B2FFF728FF94F8303194F8312104F131
:10E0A0004801FDF7D2FA014604F59470FCF723FD10
:10E0B000B4F93221B4F934319A4209D0A36ADB04AD
:10E0C00006D52046BDE810404FF40041E1F79CBD65
:10E0D00010BD806B7047836A0A4600F14801C3F3A4
:10E0E0004020DCF733BF38B504460D4642B9836A99
:10E0F00023F4405309B143F480530020A36238BD98
:10E10000FDF7F2FA48B1A36A23F440530DB143F48A
:10E110008053A36243F40053EFE71120EFE72DE9AA
:10E12000FF41836A0446DB0428D5B0F93481B0F995
:10E1300032710020DBF738FF8045CCBF0025012578
:10E14000FDF788FAC82294F83011DBF719FF06466C
:10E150002046E1F743FDB045B4BF00260126002369
:10E1600045EA4605CDE90085A8EB07073FB20297CF
:10E170001A4694F8301180B2FDF746FC04B0BDE8B1
:10E18000F0818A307047F8B504460E4600295AD00F
:10E1900040F27123876B30465F43A7F28A277F08DE
:10E1A000394600F07DFC94F89230851FADB29D4257
:10E1B00039463046A8BF1D4600F072FC94F8932003
:10E1C000831F9BB29342A8BF1346F21E012AB4F8E4
:10E1D0008A10B4F88C202BD8B1F5296F44F2902026
:10E1E000B8BF4FF429618142A8BF0146B2F5296F3B
:10E1F000B8BF4FF429628242A8BF02461B2DB8BFA8
:10E200001B251B2BB8BF1B23304684F8953084F8A0
:10E210009450A4F88E10A4F8902000F041FC831FC5
:10E220009BB2AB42A8BF2B46DBB284F89630F8BD58
:10E23000B1F5A47FB8BF4FF4A471B2F5A47FB8BF05
:10E240004FF4A472DAE71B23EFE72DE9F341876B64
:10E25000490089B28F42044616461D4639D040F225
:10E2600071224368816302FB073302FB1133436071
:10E27000E1F7B4FC4FF0000887B233464246012173
:10E2800038460195CDF80080FFF720FE3846FFF7AD
:10E2900025FE41463846FFF71AFE0123E18FA28F83
:10E2A000B14218D09542E68700D0A587A38FA26B14
:10E2B0001B01B3FBF2F3204694F83011A4F8A03010
:10E2C000FFF761FF0421204602B0BDE8F041E1F70D
:10E2D0009BBC0023E2E79542E7D1A26AD207E5D5CD
:10E2E000002BE3D102B0BDE8F081F0B585B0044663
:10E2F0000E466A4600F18A0300F192071546186837
:10E300005968083303C5BB422A46F7D1186831461D
:10E3100028609B882046AB80FFF735FF9DF80B20D7
:10E3200094F895309A4211D1BDF80620B4F8903097
:10E330009A420BD19DF80A2094F894309A4205D164
:10E34000BDF80420B4F88E309A4207D04FF48141D2
:10E35000204605B0BDE8F040E1F756BC05B0F0BD81
:10E3600037B5044694F89250BDF818008D420BD191
:10E37000B4F88A50954207D194F893509D4203D146
:10E38000B4F88C5085421BD08DF80610ADF80420EF
:10E39000019D84F8921084F89330A4F88C0094F8CE
:10E3A00030112046C4F84051A4F88A20FFF79DFFA1
:10E3B000B4F88E30A4F88A30B4F89030A4F88C30D9
:10E3C00003B030BD70B5044616460D4690F83031A6
:10E3D000B1B1994214D00122FDF780F929460022FB
:10E3E0002046FDF779F92946204684F83051FFF799
:10E3F0007CFF2046BDE870404FF48441E1F704BC47
:10E4000019462046FFF771FF002EF2D170BD30B4DF
:10E41000C56A15F0040F0DD145F00405C56280F8FA
:10E420009E10A0F89A204FF4006130BCA0F89C30F8
:10E43000E1F7EABB30BC704710B511B190F89E40CF
:10E440000C7012B1B0F89A10118013B1B0F89C2082
:10E450001A80C06AC0F3800010BDCA0742BF836A39
:10E4600043F4807383628B0742BFC36A43F0400367
:10E47000C3624A0742BFC36A43F08003C3620B070B
:10E4800042BFC36A43F48073C3627047CA0742BF86
:10E49000836A23F4807383628B0742BFC36A23F0CD
:10E4A0004003C3624A0742BFC36A23F08003C362CA
:10E4B0000B0742BFC36A23F48073C3627047836A49
:10E4C00043F480638362704700F5A270704790F850
:10E4D00030017047F8B504460AF03CFA6568064614
:10E4E000DBF7DCF92B1AB3F5FA7304D53046BDE837
:10E4F000F8400AF02ABA40F27122A16B94F87450E5
:10E500005143B3FBF1F3B4F8402098B2121AA4F8C7
:10E51000402094F8732000FB1522252592FBF5F787
:10E5200005FB1722002AB8BF521984F87320B4F8EB
:10E53000A020121AA4F8A020626800FB112200217A
:10E5400020466260FFF739F9D0E7F0B5036B044667
:10E550009B0790F87B6087B001D5FFF771FD236BB7
:10E56000DF0700F14081236B9D0411D52046E1F7C0
:10E5700035FBA16AC0B2C1F34021FDF721FA0028A2
:10E5800000F056814FF4005104F13000FFF75BFCBE
:10E59000236BD90409D500212046E2F73DF84FF45A
:10E5A000805104F13000FFF74EFC236B5A0513D560
:10E5B0002046E1F713FB002394F89F50C2B219469E
:10E5C0002846FDF731FC002800F032814FF48061CD
:10E5D00004F13000FFF737FC236B5B0712D52046B0
:10E5E000E1F7FCFAA16BA38FE28FC1F34F0180B278
:10E5F00001F026F9002800F01B81042104F130000D
:10E60000FFF721FC236B1F070AD5204601F0CAFE45
:10E61000002800F00D81082104F13000FFF713FC01
:10E62000236BDD0617D52046E1F7D8FAE16A80B200
:10E6300011F4805100F00F81002101F096F90028BB
:10E6400000F0F680E36A102123F48053E36204F1C2
:10E650003000FFF7F8FB236B580613D52046E1F78F
:10E66000BDFA94F87B3080B20093D4E9082301F01E
:10E670005FF9002800F0DC80402104F13000FFF752
:10E68000E2FB0026236B190516D52046E1F7A6FA12
:10E6900000230093B4F89C30B4F89A2094F89E10AC
:10E6A00080B2FDF740F9002800F0C2804FF400610D
:10E6B00004F13000FFF7C7FB236B13F480452FD123
:10E6C0009A0513D52046E1F789FA2B462A4694F895
:10E6D000301180B2DDF778F9002800F0A9804FF4FE
:10E6E000007104F13000FFF7AEFB2E46236B1B06D2
:10E6F00016D52046E1F772FAB4F8903080B2009354
:10E7000094F89530B4F88E2094F8941001F05FF9E5
:10E71000002800F08D80802104F13000FFF793FB8A
:10E72000236B9F060FD52046E1F758FA94F87B102B
:10E7300080B201F031F900287AD0202104F13000B4
:10E74000FFF781FB0026236BDD0508D504F13000BF
:10E750004FF48071FFF777FB204601F044FC236BF8
:10E76000180408D504F130004FF40041FFF76BFBAB
:10E770002046FCF7B5FF236BD90308D504F1300020
:10E780004FF48031FFF75FFB2046FCF7A3FF236BBC
:10E790009A0308D504F130004FF40031FFF753FB22
:10E7A0002046FFF7A7FB236B9B0718D500222046C6
:10E7B0001146FFF79DFB2046FFF79CFB2046E1F743
:10E7C0000DFA94F87B1080B201F09CF980B304F14B
:10E7D00030000221FFF737FB2046E1F7ADFC0120B6
:10E7E00084F87B6025E0A76AF807C7F3803522D557
:10E7F000002D0CBF012503252046E1F7EFF994F821
:10E800009F30294605930023049394F84230C7F3C0
:10E8100040020393A38F80B20293E38F0193A36B13
:10E82000C3F34F03009304F1750301F029F820B9F5
:10E83000002007B0F0BD6D00DEE7012104F13000DB
:10E84000FFF701FB50E8003F43F4005340E800327B
:10E85000002AF7D187E601F09FF8F0E608B502201C
:10E86000FBF7DFFC10B101F033F9012008BD826A2B
:10E87000002122F0C0028262E1F7CEBE012310B572
:10E88000A1F12002C1F1200423FA04F403FA02F2F8
:10E8900022438B40D0E9084123400A40134314BF70
:10E8A0000120002010BDC36A10B5044613F0080013
:10E8B00012D00123A1F12002C1F1200023FA00F0BF
:10E8C00003FA02F202438B40D4E9080103400A40F4
:10E8D000134314BF0120002010BD10B50C46C9B26F
:10E8E000FFF7E1FF70B1E3F7A9F8C4F12002A4F14A
:10E8F0002003E04001FA02F2104321FA03F3184327
:10E9000000F0010010BDD0F849300B6090F84D3098
:10E910000B71704770B504460E46E3F797FC0AF09A
:10E9200019F805460221204684F87B60E1F76CF96E
:10E9300020460121FEF730FF2846BDE870400AF06E
:10E9400004B870B50D4604460AF004F806462046A1
:10E95000E1F7E2F8304609F0F8FF29462046BDE825
:10E960007040FFF7D7BF0B68C0F84031704738B52B
:10E9700040F64805D0F840310C460B609BB2AB42E4
:10E9800004D90B21FFF7A9FF08B9258038BD44F24F
:10E9900090232380FAE708B5E1F782FA00F04CFCF7
:10E9A00000F091FBE3F752FBE4F730F9BDE80840D3
:10E9B000E4F7ACB938B58B790C33CC18E1F7FAF839
:10E9C000D0F849300546C4F81B3090F84D30E37755
:10E9D000836AC3F340235B00E375836B5B08E380CA
:10E9E000D0F82831A360FFF753FAD5F82C31A07581
:10E9F000E36095F830316376A376B5F84030A382B2
:10EA000095F8743023766B68236195F8423084F86A
:10EA10002030AB8FA4F8213038BD38B50546FBF760
:10EA2000E5FF04462846FBF7E3FF214602460220A5
:10EA3000FBF7F3FF38BD14220021FAF708BF037C6F
:10EA4000427C981AC0B2704710B5037C427C5C1CB3
:10EA50009A1A047403F0030340F82310D0B210BDD7
:10EA6000437C194401F0030150F821007047437CB6
:10EA7000013343747047022808D0042803D00128CA
:10EA800018BF0620704701F00101C81C704710B57F
:10EA90000C46E2F7FFF90279408804FB020010BD42
:10EAA00010B50C46E2F7F6F94388A3429BBFE41A7F
:10EAB00003790020B4FBF3F010BD2DE9F0410F46BF
:10EAC0000446242118461E4615469DF8188000F07D
:10EAD0008EFAC319B8F1000F37D1033E012E94BF4F
:10EAE0000322022240F27126520006FB023342F258
:10EAF0001072608941007143A1F2E2469642A8BFBC
:10EB000016466A1A921BD21A002AC2BFB2FBF1F251
:10EB100002FB0112AD1AEA1A09D55242B2FBF1F713
:10EB200007FB011C01FB1722654402B96D1AEB1AA1
:10EB30008B4240F2E2470AD8B3FBF7F3022298B2C5
:10EB4000E27120812846BDE8F0810122CAE75B1A04
:10EB5000BB42B8BF3B46B342A8BF3346B3FBF7F155
:10EB600007FB1133CAB2002BEAD00132D2B2E7E779
:10EB7000002337B5044601A80193DAF745FD0546A1
:10EB800040B9A368322043F00403A360019B2362D1
:10EB9000E2F7A0FD284603B030BDE3F71FB837B554
:10EBA0000546E3F741F804462DB12B680360AB88B6
:10EBB000A38003B030BDFBF745FF0322CDE9000180
:10EBC0000DF105010DEB0200FAF727FE0098BDF8E4
:10EBD00004302060ECE738B50546E3F725F8044635
:10EBE00009F0B8FE2B68A360AB88A381A37943F03A
:10EBF0000103A37109F0A9FE012038BD38B50C4608
:10EC00000546E3F711F8014605B108310622204612
:10EC1000FAF7F3FDB0FA80F0400938BD10B50446AC
:10EC2000E3F702F8036823608388A38010BD08B56A
:10EC3000E2F7FAFF807900F0010008BD10B5044644
:10EC4000E2F7F2FF836823608389A38010BD50E858
:10EC5000003F0B4340E80032002AF8D1704770B5FE
:10EC60000E461546E1F744F9044648B93046E0F748
:10EC7000A1FB044620B92846E3F7B8F9044640B1A1
:10EC80000020E1F735F90020E0F794FB0020E3F7DE
:10EC9000ADF9204670BD4FF40010EFF7C1BBDAF7B5
:10ECA0004BBA014608B5E2F7CFFE022909D003D8D6
:10ECB0004B1E5842584108BD0339012904D9002090
:10ECC000F9E7C0F34000F6E7C0F38000F3E7FFF791
:10ECD00066BF08B5DBF76CFE08BD08B5DEF752FE6F
:10ECE00008BD112808B502D0122805D008BD132090
:10ECF000BDE80840E2F7EEBCE2F710FFE2F78CFF58
:10ED0000E2F758FD1420F3E7E2F790BC08B5E2F70C
:10ED100043FCBDE808401120E2F7DCBC132808B52D
:10ED200002D0142809D008BDE2F77EFFFFF735FFB7
:10ED3000BDE808401220E2F7CDBC0020E2F764FCF9
:10ED4000BDE80840F7F74DBC704783790C33184491
:10ED500070477047002337B50446012501932046CC
:10ED600001A900F05CF908B903B030BD01982A464A
:10ED70008379C1790025C91A0C33C9B21844DAF76E
:10ED8000DBFEECE70B7810B40478C3F38013B3EB2D
:10ED9000D41F09D132B9023106225DF8044B083084
:10EDA000FAF72BBD0431F7E74FF0FF305DF8044B65
:10EDB000704729B143780C2B0CBF0320FF2070470C
:10EDC000FF20704770B586B004469DF828600B9D03
:10EDD00011B9FF2006B070BD62B9012204A90DF17E
:10EDE0000F00FBF78DFBD0B9204610F8021BC1F3D2
:10EDF000801117E0002BF0D129463046FBF76FFB5E
:10EE00000028EAD12378C3F38013B342E1D106226C
:10EE10002946A01CFAF7F1FC0028DAD1DDE79DF8BD
:10EE20000F1004A8E1F7AAF90028D2D10123218B01
:10EE300000930846638BA28BFDF788F90028C8D0A1
:10EE4000627D531E072BC4D8238B9342C1D9E28A1B
:10EE50009A42BED8A37F5BB9E37F4BB994F82030C8
:10EE600033B994F821301BB994F822300F2BB0D964
:10EE700094F823301B3303F01F030B2BA9D8052074
:10EE8000A8E710B5FBF7BCFD0446FBF7BBFD214628
:10EE900002460120FBF7C1FD10BD7FB5FBF7B0FDB9
:10EEA0000546F0B1847A002614F0100414D003A8AB
:10EEB0000396DAF7A9FB039B8BB1CDE9006340F61B
:10EEC000FF72334629460120FBF786FD80F00104DE
:10EED000E4B203A8FAF7D2FF204604B070BD0124C3
:10EEE000F7E70446F8E71FB50023CDF80A30ADF880
:10EEF0000E30D0E90023CDE900230389B0F90C00DE
:10EF0000ADF80830DBF768F86846DAF73FFD05B082
:10EF10005DF804FB1FB5002300F00F008DF80A0018
:10EF200001A801918DF808308DF809208DF80B307B
:10EF30000393FBF78CFD05B05DF804FB1FB5CDE92D
:10EF4000001200228DF80B308DF8082000F00F031E
:10EF5000C0F340128DF809208DF80C30C0F3001278
:10EF600043068DF80A2001D5DAF7FCF86846DAF78F
:10EF700079F905B05DF804FB30B5002489B00D9D2A
:10EF80008DF8081000950C9D079404A98DF81C00BD
:10EF90006846CDE90544CDF80A40ADF80E4001952C
:10EFA0008DF809200493DAF7BDF9012009B030BDCE
:10EFB0001FB50023CDE9003101238DF80830C0F3DF
:10EFC00040138DF80930C0F300138DF80A3000F0BB
:10EFD0000F038DF80C3043068DF80B2001D5DAF7BE
:10EFE000C1F86846DAF73EF905B05DF804FB10B5E4
:10EFF0000C4608B9DAF760FE2146BDE81040FFF77D
:10F0000046BD0B6803B11868086010B14379DB078F
:10F0100003D5003818BF012070470068F4E70B687B
:10F0200013B90860012070471868086020B1407962
:10F0300000F00100C0F1010000F001007047F0B5E0
:10F0400087B00D4616468DF8070002B9A3B32946CE
:10F050009DF80700FBF750FA0446B8B929469DF819
:10F060000700FBF74FFA40BB16B39DF807100039B5
:10F0700018BF012128460DF10F02E2F777FFF8B91A
:10F080009DF80F40013418BF012416E004AF01229F
:10F0900039460DF10700FBF733FA04464EB19DF8EF
:10F0A0000730191E18BF0121002818BF3D46E1E7AF
:10F0B0000124FBF70EFA00B90124204607B0F0BD89
:10F0C0004FF0FF34DEE7704770B515460E461C461C
:10F0D000FEF740FF2B684EB103606B684360236806
:10F0E000C0F825302368C0F8153070BD83606B68A8
:10F0F000C3602368C0F829302368C0F81930F4E7EA
:10F1000070B50546FEF726FF044609F023FC0646C7
:10F1100040212846FEF722FF4FF400612846FEF703
:10F1200023FF304609F011FC002328462361237594
:10F13000236284F82430FEF70FFF802310F0010FC4
:10F1400014BF237584F8243070BD10B50446FFF752
:10F150008EFB2046BDE810401021E0F755BD10B5EC
:10F1600004464FF46061FEF703FF2046BDE81040FF
:10F17000FFF77DBB7FB506460C46FEF7EBFE4FF46E
:10F18000C06105463046FEF7EFFE4FF400613046A1
:10F19000FEF7EEFE4FF48060E2F7C8FB224670B93E
:10F1A00069462846E2F79EFE6B4605F1100213F809
:10F1B000011B02F8011DAA42F9D104B070BD6C46D2
:10F1C00002F11006234610685168083203C3B242A8
:10F1D0001C46F7D1E8E737B50D46ADF80420FEF739
:10F1E000B9FE044600F12003024601992846E2F7E1
:10F1F000A1FD236A0133236223B994F8243001333B
:10F2000084F8243003B030BD37B50D46ADF8042086
:10F21000FEF7A0FE01990446024600F110032846BD
:10F22000E2F7F4FD30B123690133236113B9237D83
:10F230000133237503B030BD704710B5DCF70CFF08
:10F240000446FBF7F0FC2043C0B210BD38B5DCF734
:10F250002DF88379C17903F10C020244CB1A022004
:10F260000021B2F80350FBF707F9044640B9DCF778
:10F2700023F80722BDE8384042F21901FCF768BACA
:10F280002846E0F797FC38B12146E3F7D3FC044663
:10F29000DCF712F82246EDE72046D9F719FA0224E6
:10F2A000F6E770B5DCF702F883791844B0F80F6020
:10F2B000B0B2E0F77FFC80B1002101F018F80546FC
:10F2C000DBF7FAFF044602232A4642F21B01FCF751
:10F2D0000EFAA3791C44668270BD0225F0E770B572
:10F2E000DBF7E4FF83790C33C418B4F803502846E5
:10F2F000E0F760FCA0B1611D00F0F9FF0646DBF706
:10F30000DBFF04460223324642F21A01FCF7EFF912
:10F31000E37923449D72E3792D0A1C44E57270BDA4
:10F320000226ECE710B5DBF7C1FF83790C331844F4
:10F330004479B0F80300E0F73DFC60B12146E3F703
:10F340005BFA0446DBF7B8FFE2B240F20641BDE8E3
:10F350001040FCF7FDB90224F4E710B5DBF7A6FF77
:10F3600083790C331844C379C41C03F01F03C371A1
:10F370002046FCF789F9B8B12046FCF772F9E1F7AD
:10F38000EBFAE3F711FF10B92046E3F761FFFBF753
:10F3900048FC0446DBF790FFE2B20023BDE81040D2
:10F3A00042F21401FCF7A3B91224F3E770B5DBF7BE
:10F3B0007DFF83791844B0F80F5009F0CBFA04466A
:10F3C0002846E0F7F7FB80B11621FFF7BAFA0025CF
:10F3D000204609F0BAFADBF76FFF2A46BDE8704015
:10F3E00000234FF60441FCF782B90225F0E710B57F
:10F3F000DBF75CFF83790C33C418B4F80300E0F743
:10F40000D9FB70B1D4F80510FFF727F80024DBF71B
:10F4100053FF2246BDE8104000234FF60541FCF79C
:10F4200066B90224F3E710B5DBF740FF83790C33AC
:10F43000C418B4F80300E0F7BDFB70B1D4F80510B0
:10F44000FFF724F80024DBF737FF2246BDE8104021
:10F4500000234FF60641FCF74AB90224F3E7F8B55A
:10F46000DBF724FF847905460C340444B4F8030028
:10F47000E0F7A0FB064640B9DBF71EFF0222BDE81D
:10F48000F84042F21301FCF763B9AB79E97903F173
:10F490000C020220CB1A2A440021FAF7EDFF0146A4
:10F4A00018B9DBF709FF0722E9E783790333837192
:10F4B0003046B4F80D50B4F80F70E3F743F9044642
:10F4C0003A4629463046E0F783FEDBF7F5FE224652
:10F4D000D5E738B509F03EFA0446FFF7AEFE00283E
:10F4E0000CBF0C250025DBF7E7FE2A4642F20E0191
:10F4F000FCF74EF9DDF73EF92046BDE8384009F04B
:10F5000024BA2DE9F04F8FB0DBF7D0FE42F285032D
:10F5100090F80690074609F10C0930F8092000EB35
:10F5200009049A4202680CD10021E3782679FF2B66
:10F53000016004F10504079227D1FF2E06D01225A1
:10F5400014E00023FF26036003340792E2F77CFAFD
:10F55000637A33EA000235D1184010F0050FEED07F
:10F5600006F11003DBB20E2B29D84225079B13B1FD
:10F5700007A8FAF783FCDBF79FFE2A4637F8091045
:10F58000FCF7E6F80FB0BDE8F08FFF2E01D11E4664
:10F59000DCE703F11002D2B20E2AE6D986F080022F
:10F5A0007E2ACCD905961E46E0F772FD804658B9F2
:10F5B000079B13B107A8FAF761FC0725DBE7FF23D8
:10F5C0000593F1E71125D1E7FFF737FE38B1079B27
:10F5D00013B107A8FAF752FC4FF00C0B2EE063783A
:10F5E00003F0FD03012B0AD1FFF721FB38B9079B7C
:10F5F00013B107A8FAF742FC4FF0120B1EE004F11A
:10F60000030A5146A01CFAF77FFF5046A178E0F7A5
:10F61000B5FD054630B1079B13B107A8FAF72EFCDC
:10F62000AB460BE0FF2E21D03046FBF702FB8346B2
:10F6300048B1079A12B107A8FAF720FC4046E0F754
:10F640007BFD5D4697E707AA6378CDE901A2A27822
:10F65000314600924046059AFBF7E7FA079A83463F
:10F66000002A47D1BBF1000F85D0E7E7637A8DF818
:10F6700020008DF8233023788DF82130A3788DF881
:10F680002230DAF80030CDF82530BAF80430ADF881
:10F69000293063788DF82430079B9A790C32134413
:10F6A00059791A7942EA0122ADF82C20D9799A7950
:10F6B00042EA0122ADF82E20597A1A7A42EA012252
:10F6C000ADF83020D97A9A7A42EA0122ADF8322098
:10F6D000597B1A7B42EA0122ADF834209A7BDB7B0E
:10F6E000414642EA0323024608A8ADF83630DDF76A
:10F6F00017F9B3E707A8FAF7C1FBB3E770B5DBF773
:10F70000D5FD83790C33C418B4F80360B0B2E0F7C8
:10F7100051FA0546D0B10120FAF783FD0146B8B190
:10F72000B4F805302846B4F80720DBB2E3F704FB51
:10F730000546DBF7C1FD044602232A4642F22201B8
:10F74000FBF7D5FFA3791C44668270BD0225F0E764
:10F750000725EEE710B5DBF7A9FD83790C330344E9
:10F76000B3F80300B3F80510C0B2E0F747FDDBF7CC
:10F77000A3FDBDE81040002342F224011A46FBF726
:10F78000B6BF10B5DBF792FD83791844B0F80F00CF
:10F79000E0F710FA58B100F058FD0446DBF78CFD95
:10F7A0002246BDE8104042F21601FBF7D1BF022409
:10F7B000F4E770B5DBF77AFD83791844B0F80F6091
:10F7C000B0B2E0F7F7F980B9DBF776FD7F250446A4
:10F7D00002220323204641F20541FBF788FFA3796B
:10F7E0000C331C44E680257270BDFEF7C9FB45B2A0
:10F7F000DBF762FD00220446EBE770B5DBF756FD50
:10F8000083790C33C418DBF757FD0546D4F80300A1
:10F81000E0F7D0F91D2358B1284600224FF62A41BF
:10F82000FBF765FF2946D4F80300FFF7C3F870BD66
:10F830002846BDE8704002224FF62A41FBF757BF29
:10F840002DE9F84381460220884617461E46FAF7FE
:10F85000E8FC044690B10A220321FBF76AFF00236B
:10F86000A57920460C352544EB70A5F80490A5F841
:10F8700006802F816E81DBF7DFFC0120BDE8F88375
:10F880002DE9F043814685B002200E461F469DF8C3
:10F8900044808DF80F20FAF7C4FC0546002844D0B8
:10F8A00022222921FBF745FF0022AC7930460C3497
:10F8B0002C4404F10E0304F11401C4F80E209A80C4
:10F8C0006261228300913A460DF10F01FAF704FEBE
:10F8D0009DF84030A4F80490E37006F00103A37192
:10F8E0009DF80F3016F0FD0FE3713B68A360BB88F5
:10F8F000A3814FF6FF7304D0032E08BF43464FF099
:10F90000FF08BDF8302028466283BDF8342084F813
:10F910002180A283BDF838206384E2839DF83C20D7
:10F9200084F82020DBF788FC012005B0BDE8F083D7
:10F93000F8B50746022016461D46FAF772FC044643
:10F9400090B10C220421FBF7F4FEA1799DF8183048
:10F950000C31214420468F80C1F80660C1F80A505E
:10F96000CB70DBF769FC0120F8BD70B506460220BC
:10F970000D46FAF756FC044668B103223021FBF726
:10F98000FAFEA37920460C332344A3F803609D704C
:10F99000DBF752FC012070BD70B5064602200D4613
:10F9A000FAF73FFC044688B104220821FBF7E3FE86
:10F9B000B5FA85F2A37952090C3323442046A3F803
:10F9C00003605A719D70DBF737FC012070BD2DE993
:10F9D000F84381460220884617461E46FAF721FC66
:10F9E0000446B0B10B220721FBF7A3FEA579BDF8B1
:10F9F00020300C3525442046A5F80390A5F8058055
:10FA0000A5F80770A5F80960A5F80B30DBF714FC22
:10FA10000120BDE8F883F8B5074602200E461546DA
:10FA2000FAF7FFFB0446A0B10D220521FBF781FE8A
:10FA3000A37920460C332344A3F80370A3F80D6088
:10FA40002A68C3F805206A68C3F80920DBF7F4FBCD
:10FA50000120F8BD2DE9FF4116466A4680460F4653
:10FA600015460A9C03F1100E94461868596808332D
:10FA7000ACE8030073456246F6D124B90220FAF7D8
:10FA8000D0FB044608B31D22ED212046FBF742FEC1
:10FA9000A3790C332344A3F80380A3F80D702EB18F
:10FAA0003268C3F805207268C3F809200F3304AE2A
:10FAB0002A4603CAB24218605960154603F108038A
:10FAC000F6D12046DBF7B8FB012004B0BDE8F08199
:10FAD00013B51321827901900C32841881544FF4AC
:10FAE0004072C280E0F7CCFEA07020B901A8FAF7FE
:10FAF000C5F902B010BD8000013060700198DBF7DD
:10FB00009BFBF6E770B5064602200D46FAF789FB27
:10FB1000044678B104220521FBF72DFE0022A379CB
:10FB200020460C332344A3F803605D719A70DBF721
:10FB300083FB012070BD70B5DBF7B8FB83791844F7
:10FB4000B0F80F60B0B2E0F735F80546B0FA80F0D3
:10FB500040094400DBF7B0FB0723224642F21501BF
:10FB6000FBF7C5FDDBF7A8FBC3791844A0F80560D7
:10FB70004CB9DBF7A1FBC179073101442846BDE848
:10FB80007040FEF7C0BE70BD13B5837901900C3391
:10FB9000C418C05CE0F70EF820B901A8FAF76EF9B6
:10FBA00002B010BD6378019913F0300F0CBF012231
:10FBB00000228B7904338B714B7962F300034B7114
:10FBC000E0F72AFDECE72DE9F041DBF76FFB8379E5
:10FBD0000C33C418B4F803801FFA88F0DFF7EAFF8B
:10FBE000054600B3A2796179FEF77DFA0646DBF798
:10FBF00063FB07460223324642F27A01FBF777FDA8
:10FC0000BB7938463B44A3F81280DBF715FB46B9B5
:10FC1000A37933B12846FEF75AFC01462846FBF784
:10FC200065FDBDE8F0810226E1E7C94350E8003FE9
:10FC30000B4040E80032002AF8D17047002070479E
:10FC40002DE9F04104460E4600250127214685F0A6
:10FC50000100FEF778F94FF48051FFF7E6FF836863
:10FC6000804633B938460DB1BDE8F081012507461D
:10FC7000ECE7028AB24206D10022012120469847D1
:10FC80000028EFD1EFE70268D10502D50022114626
:10FC9000F4E79307E6D52046FEF79EF902460028D2
:10FCA000E0D10521D8F80830E8E708B5FEF765F996
:10FCB00000230380436008BD70B506460C4608F07B
:10FCC00049FE05463046FEF758F930B103781C432B
:10FCD00004704FF40070EEF7A3FB2846BDE87040B7
:10FCE00008F033BEE0F798BC07B542798DF80710ED
:10FCF00022F0030242F00302427140F203320DF19E
:10FD00000701C2800122FAF795F803B05DF804FB01
:10FD100070B50C460546072120461646FFF7E4FF5E
:10FD20002046E2F703FA214646702846BDE87040B7
:10FD3000E0F772BC38B50C4600210546FEF75AF9CB
:10FD400047F6FE73241AA4B29C4205D928462821FE
:10FD5000FEF7E0FD002038BD0120FCE738B5044681
:10FD60000D4601460020FEF7EEF803689B0505D41A
:10FD700029462046BDE83840FFF7DCBF002038BDEB
:10FD80002DE9F04115461F469DF81880FEF7DBF877
:10FD9000044608F0DFFDB8F1010F064623D154E810
:10FDA000003F43F4807344E80032002AF7D105B3E2
:10FDB00054E8002F42F4007244E80023002BF7D1EE
:10FDC000FF212046FFF731FF54E8002F48EA0202E6
:10FDD00044E80023002BF7D13046A5602782BDE818
:10FDE000F04108F0B2BD4FF480712046FFF71DFFCF
:10FDF000DDE74FF400712046FFF717FFE0E773B52A
:10FE0000064601200C46FEF79EF8002305461A46DA
:10FE1000009321463046FFF7B3FF6B6863B14FF4A0
:10FE200080712046DFF7F0FE55E8003F43F4007391
:10FE300045E80032002AF7D108F08CFD054620463F
:10FE4000FEF79BF828B103881BB14FF40070EEF762
:10FE5000E7FA284602B0BDE8704008F076BD38B534
:10FE600005460C46FEF76FF883684BB10221204629
:10FE70000022984721462846BDE83840FFF7BFBF1B
:10FE800038BD012938B505460C4608D0CC1E012CDA
:10FE900003D801460120FFF7E2FF012038BD2221EF
:10FEA000FEF7A5F820462946FFF7D9FF0020F5E721
:10FEB00008B5FEF748F8006800F0F00008BD10B57E
:10FEC000014604460120FFF7F3FF20B92146BDE8B3
:10FED0001040FFF7EDBF10BD70B506460D46014658
:10FEE0000120FEF730F8314604460020FEF72BF8DB
:10FEF0002268036842EA0301C90523D4920549BF79
:10FF0000248A4FF6FF74641BA4B29B0554BF4FF6BE
:10FF1000FF73038A304644BF5B1B9BB29C42A8BF61
:10FF20001C46FAF777FD002804DB411B89B28C429E
:10FF3000A8BF0C464FF6FF739C4208BF4FF0FF343A
:10FF4000204670BD0124FBE72DE9F34104460191F1
:10FF5000014601201546FDF7F6FF21460646002022
:10FF6000FDF7F1FF80462046FDF7F6FF010706D5B5
:10FF700001A8F9F783FF0C2002B0BDE8F08108F07A
:10FF8000E9FC336807469A0503D4D8F800309B058E
:10FF900009D50199301D8D60FAF766F8384608F0EA
:10FFA000D4FC0020E8E708F0D0FC20460199A847DF
:10FFB000E2E738B5014604460120FDF7C4FF0546D7
:10FFC0000C30F9F75BFF281DF9F758FF2146002098
:10FFD000FDF7B9FF04460C30F9F750FF201DBDE8CE
:10FFE0003840F9F74BBF70B5014605460120FDF7D3
:10FFF000AAFF06460430F9F7C5FF044670B14FF476
:020000023000CC
:1000000000713046FFF711FE21462846A368984745
:1000100020B12046BDE87040D8F75ABB70BD002320
:100020008260C0E90031704708B50B4601461846AA
:10003000FDF789FF0068C0F3402008BDFFF721BF2E
:10004000CB1E012B70B504460D46164606D81A2164
:10005000FDF7CDFF40212046DFF7D6FD3246294689
:100060002046BDE87040FFF70CBF38B504460D468A
:10007000FDF7B2FF28B1012D04D122212046FDF762
:10008000B6FF002038BDF8B50C468B7907460B4407
:10009000D3F80D60D3F811303246E0F70DFA09219C
:1000A0002046FFF721FE2046E2F740F8A579E1F768
:1000B000C5FC0C3566F0FF0625440640C5F8016016
:1000C000E1F7BCFC3846C5F805102146FFF70AFEEB
:1000D00002213846FFF7F0FDF8BD70B50E46054623
:1000E00001460020FDF72FFF012E044603D0022E0B
:1000F00011D0012070BDC16828468B7919440D319B
:10010000FDF7E9FFE068D8F7E3FA00202946E06050
:10011000FFF775FEEDE7C068D8F7DAFA0023E36071
:10012000E7E738B50D46044601460120FDF70BFF11
:10013000012D08D100F112012046FDF7CCFF214628
:100140002846FFF75CFE012038BD08B5FDF70AFF21
:1001500000F0010008BD38B50C4602210546FDF748
:1001600003FF0C212046FFF7BFFD2046E1F7DEFF2D
:100170004FF0FF3383700223C3700F23437060235B
:1001800003710623214643712846BDE83840FFF736
:10019000A9BDF8B50C460546FDF7DEFE00F00107E7
:1001A00087F0010729463846FDF7CDFE0646C068B0
:1001B000012C837903D0022C20D00120F8BD0C3310
:1001C000C41823892846E288A188FEF73EF8618892
:1001D000627849005200284689B2FDF7DDFEF068DA
:1001E000D8F776FA002328464FF48031F360FDF704
:1001F000BFFE29463846FFF702FEDEE7D8F768FA69
:1002000000234FF480312846F360FDF7B1FED4E7B8
:10021000042910B5044601D0002010BDFDF79CFE56
:1002200000F00100C0F10200E1F780FB0028F3D1EB
:10023000F9F7F7FF014608B90220EEE72046E2F79A
:10024000A5FA0028F8D10120E7E710B50446FDF72C
:1002500089FE030705D520464021DFF7D5FC0020A5
:1002600010BD0120F9F7DDFF014620B12046BDE8B1
:100270001040E2F78BBA0720F2E72DE9F0410F4674
:1002800004469046FDF768FE00F0010585F0010583
:1002900021462846FDF757FE012F064603D0032FBF
:1002A0000FD001200BE02046FEF759FF2221204607
:1002B000FDF79DFE28462146FFF7D1FD0020BDE851
:1002C000F081C068D8F704FA00232046F360FEF7F7
:1002D00046FF204698F80410FDF789FE20462021AD
:1002E000DFF792FC21462846FFF7B9FDD9E737B57D
:1002F00004460D46FDF736FE00054FD50220F9F7FE
:1003000090FF019000284BD0204655B3FDF724FE06
:10031000C1070AD505210198FFF7E6FC0198E1F72E
:1003200005FF20460199FFF7DDFC29462046FEF730
:1003300021FF2046FDF710FEC2070FD44FF40061E5
:100340002046FDF715FE06210198FFF7CDFC019828
:10035000E1F7ECFE20460199FFF7C4FC002003B052
:1003600030BDFDF7F9FDC3070DD501990323062222
:100370002046E1F7EDFE2046FEF7F1FE2146284635
:10038000FFF76DFDEAE701A8F9F778FD20463D216A
:10039000FEF7C0FA2046FEF7E2FEDFE70C20DEE7BC
:1003A0000720DCE7F7B5014604460020FDF7CBFD4A
:1003B000054600F112074FF48060E1F7B7FA50B933
:1003C0002046DFF70BFC3A46698B80B203B0BDE8EC
:1003D000F040FFF720BB2046DFF700FC0646204632
:1003E0006D8BFDF7B7FD00220346009229463A4681
:1003F000B0B2FFF72FFB03B0F0BD83781A2B09D8FA
:100400001B2383700288B2F5A47F07D24FF4A47334
:10041000038007E0FB2BF5D9FB23F2E744F290239E
:100420009A42F5D87047F0B50446CA798B7987B0FF
:1004300043EA0223ADF80C308B8803A88DF80E3008
:10044000CA788B7840F6480543EA0223ADF81030AD
:100450000B8805A98DF81230FFF7CFFF04A8FFF72E
:10046000CCFF2046FEF783FA0B212046FEF735FA33
:1004700044F29023002818BF1D46BDF80C709DF86B
:100480000E30BDF81460BDF810209DF816009DF8E0
:100490001210AF42D4BF00970095FB2BA8BFFB23DF
:1004A000B242A8BF32468142A8BF01462046FDF7AE
:1004B00057FF07B0F0BD37B5144605461046FFF7A5
:1004C00013FC2046E1F732FE01A904462846FEF758
:1004D0004EFA0B212846FEF700FA6FF00403637012
:1004E000002344F29022A37040F64803002818BF6E
:1004F0001346A4F803309DF80630A4F80530BDF883
:100500000430A4F8073003B030BDFFF7BABC0229AD
:1005100073B505460C4603D00024204602B070BDDA
:100520000521FEF7ABF90028F6D0DFF76DFE1B289A
:10053000F2D94FF40040E1F7F9F90028ECD1F9F7CE
:1005400070FE06460028E8D0284601A9FEF70FFAFB
:10055000314628469DF80630BDF80420E2F7ECFB52
:100560000028D9D10124D8E77FB50646154668464C
:100570001022F9F76CF90024AC4202D3002004B039
:1005800070BD102269463046F9F749FF80B2102845
:1005900002D11034A4B2EFE741F20700EFE72DE9F2
:1005A000F04105460E4617469846FAF729FAA8B3D1
:1005B0003B1E18BF0123827A63F304128272D3B206
:1005C000D2060BD4022047F6FF732A463146E2F7E3
:1005D00003FCE2F7EBFB0020BDE8F081B8F1020F6D
:1005E00002D941F21100F7E7BA1E122AF9D89DF894
:1005F00018209DF81C1062F303030771089A80F815
:1006000005808372FAF7EDF910B140F48050E3E70A
:100610000120FAF7E3F90028D4D0F6E7002FD1D073
:10062000DFE7012938B504460D4608D12221FDF740
:10063000DEFC28462146FFF712FC002038BD0146AB
:100640000120FFF7DCFB0120F8E78160704741EAF9
:10065000002008B540F49020F8F755FB014640B162
:1006600010F1880F05D0BDE8084040F20740E8F7D8
:1006700019BA08BD0120704770B50C4606461146F0
:100680001D46E2F7DBFE58B144EA06206FEA40401F
:100690006FEA50402A46BDE8704080B2EDF736BFA1
:1006A00040F2064070BD10B50446E2F7C7FE50B1F7
:1006B00041EA04206FEA4040BDE810406FEA504034
:1006C00080B2EDF75BBF40F2064010BD8379014672
:1006D0001A0703D506220020E2F73EBF9B0602D58B
:1006E00006220120F8E74FF0FF3070478379532B43
:1006F00001D1E2F763BFFFF7E9BF70B506461446C4
:100700001D46E2F79BFE10B90024204670BD41EA69
:1007100006206FEA40406FEA50402A46214680B2E8
:10072000EDF710FF0028F0D0EEE738B505460C468F
:10073000E2F784FEC0B10B46062200212846FFF7EF
:10074000DCFF062803D14923A371002038BD2346CE
:10075000062201212846FFF7D0FF72230628A37145
:10076000F3D04FF48160F1E740F20640EEE7F7B5D1
:1007700004460F4616461D46E2F760FED0B1002340
:100780000822CDE9003311466B462046FFF7B5FF3E
:1007900008280CD139462046FFF7C7FF28B99DF835
:1007A000033033709DF802302B7003B0F0BD4FF46E
:1007B0008160FAE740F20640F7E708B5E7F708FA84
:1007C000002008BD2DE9F0410D46DDE9064816463A
:1007D0001F4601F0D8F8012C0AD860B144EA080499
:1007E0003B46324629460694BDE8F04102F059BB2B
:1007F0002120BDE8F0812520FBE700207047A0F80C
:100800006E10704701238B4090F87110194380F8E7
:100810007110704708B50120D8F76EF9C0B208BD55
:1008200083790C33184470471438704710B5044668
:10083000A1F11400F9F7B6FB201A20EAE07080B2AB
:1008400010BD70B51C460D461646FFF7EFFFA042DF
:1008500007D322463146A5F11400F9F7E0FD012047
:1008600070BD0020FCE770B506460D4614467AB907
:100870000A4620460821F9F795FD044690B92A4614
:1008800008212920F9F78EFD044658B9204670BD8D
:100890001046F9F7F3FA2046F9F7B7FC08231D4490
:1008A000A371E571A3790C331C442670EEE72DE9A2
:1008B000F0411646069A074688461D46FFF7D3FFC5
:1008C0000446F8B114382A4631460690F9F7A7FDD8
:1008D000854218D9069B06A81C7904F02004F9F774
:1008E000CDFA7CB9424608212920F9F75BFD069034
:1008F00040B12A463146F9F792FD854206D906A84D
:10090000F9F7BCFA00242046BDE8F081069A9379F5
:100910000C33D418D754F6E711B11439E3F7C6BF36
:100920001A20704738B5002204460D4602200321E4
:10093000FFF799FF014608B1A0F801502046BDE835
:100940003840FFF7E9BFF8B504460F4616460521C3
:100950000120069A1D46FFF786FF014638B1477011
:10096000468005712046BDE8F840FFF7D5BFF8BDC9
:1009700038B50D46032104460846FFF774FFA0F87A
:10098000015001462046BDE83840FFF7C5BF73B5AA
:100990000546084611466C891A46641ABDF8183097
:1009A000A4B29C4228BF1C46079B089E0093234686
:1009B000FFF77DFF014630B12846348002B0BDE824
:1009C0007040FFF7A9BF1A2002B070BD012110B519
:1009D000002204461320FFF746FF014620B12046BF
:1009E000BDE81040FFF798BF10BDF7B54489054634
:1009F00018460F4616460193F9F7D4FA053CA4B2FF
:100A0000844203DA011B01A8F9F76EFB0521019866
:100A1000F9F70BFC014628B901A8F9F72FFA1A20BB
:100A200003B0F0BD83790C33C2181720C854284690
:100A3000A2F80170A2F80360E3F738FFF0E70121A4
:100A400010B5002204461920FFF70DFF014620B122
:100A50002046BDE81040FFF75FBF10BD73B50E46DE
:100A6000002144890546033CA4B2A342009128BF5B
:100A7000234603211B20FFF71AFF014670B1012214
:100A800010F80F3CA0F8016062F3071300F80F3C68
:100A9000284602B0BDE87040FFF73EBF1A2002B002
:100AA00070BD73B50E46002144890546033CA4B2CF
:100AB000A342009128BF234603211D20FFF7F7FE24
:100AC000014638B1A0F80160284602B0BDE8704088
:100AD000FFF722BF1A2002B070BD4B88042B07D14C
:100AE000836C08885B8998428CBF00200120704786
:100AF0000020704710B50C4600F045FF18B143893F
:100B00000020238010BD2520FCE710B50446806935
:100B100020B10021E3F720FE0023A36110BD07B53B
:100B200001228DF807100DF10701F9F778FC03B0E9
:100B30005DF804FBF7B505464FF428500C4601F06C
:100B4000A6FA064601F011F8B0B3022C02D8002034
:100B500003B0F0BD002731460DF105030DF106028B
:100B60003846ADF8067001F058F9BDF80620631E4E
:100B7000934206461EDC072C1AD9023CADF806400B
:100B80000824BDF80630002BE1D00133D9B2284645
:100B9000FFF7C5FF21462846FFF7C1FF314628462B
:100BA000BDF80620F9F73BFCBDF806000230CFE7A0
:100BB000ADF806700924E4E74FF0FF30C8E70229DA
:100BC0002DE9F34104460D461746184603D8002088
:100BD00002B0BDE8F08101F05AFA064600F0C5FF08
:100BE0000028F4D04FF0000831460DF105030DF157
:100BF00006024046ADF8068001F00FF9BDF8063058
:100C0000BDF820200646934228BF1346AB4228BFBA
:100C10002B469DF80500ADF80630C0B9002BD7D0A3
:100C200001339AB29542D3D9D9B22046FFF777FF64
:100C300039462046FFF773FF31462046BDF80620AF
:100C4000F9F7EDFBBDF806000230C0B2C0E7404640
:100C5000BEE707B501A9E3F7FFFE30B9019B586A6B
:100C6000C0F3C02003B05DF804FB0020FAE70020C9
:100C700008B5E3F773FF08B9FF2006E0C37B012B3B
:100C8000F7D1436ADB06F4D5007808BD73B50E468C
:100C900001A91546E3F7E0FE90B9019A546A14F0F1
:100CA00010030FD0C4F300343470D37B5A1E042ACF
:100CB00002D8D81E18BF01202870012002B070BDD4
:100CC0000020FBE71846F9E738B5436A04465B079E
:100CD00005D5002300781A461946E7F7A3FC636A96
:100CE0009D0706D52046E3F7CBFE636A23F0020397
:100CF0006362636A18070DD52146E27911F8010B8A
:100D0000C2F3C002E7F730FC0546E8B9636A23F096
:100D1000080363622046E4F7C7FC0546A0B9626A8F
:100D2000D10611D5D30404D5204600F013FB40B101
:100D30001BE01206E37B09D4E37B626A023B012BD2
:100D400015D9616A48071FD4284638BD03F0FB0354
:100D5000012BF6D021692078E7F72CFC636A256126
:100D600023F0800363620028E6D00546ECE7D30554
:100D7000E7D561692078E7F739FC00236361636A8E
:100D800023F480736362D2E7E37BA28D012B03D14E
:100D9000A2B1802A28BF802211F0400F94F8303091
:100DA0004FF0010118BF01232078E7F73BFC002832
:100DB000DBD1636A23F004036362C5E74022EBE7FB
:100DC000F7B50E4601A91546E3F746FEF8B9019CB2
:100DD0002F689EB904F11000F9F750F8606A276196
:100DE00040F080000023606210F010002B600ED0F5
:100DF000204603B0BDE8F040FFF766BF04F11400E1
:100E0000F9F73CF8606A676140F48070EAE703B084
:100E1000F0BD37B50D460021044601915BB920466F
:100E2000294601AAFFF7CCFF044601A8F9F726F8E6
:100E3000204603B030BD0846F9F71EFB019000289C
:100E4000EDD11A24F4E7002010B5E3F787FE04463D
:100E500000B910BD636ADA060BD55B0409D42046DD
:100E6000E3F770FD636A204643F006036362FFF711
:100E70002BFF2046E9E713B50C4601A9E3F7ECFD8B
:100E800050B9022C07D802462146019802B0BDE8AD
:100E90001040E3F787BE212002B010BDF7B50E4623
:100EA00001A915461F46E3F7D7FDF8B9019C626A10
:100EB00093050BD44FF6DF73A6F12001994217D8A2
:100EC000A5F12001994213D8AE4211D8E369B3428B
:100ED00002D1236AAB4204D0C4E9076542F00202A2
:100EE00062629DF82030A78584F8303003B0F0BDF1
:100EF0002120FBE713B50C4601A9E3F7ADFD60B96E
:100F000063070CD0019B93F83120A24205D05A6AA6
:100F100083F8314042F002025A6202B010BD212033
:100F2000FBE773B50D4601A90646E3F795FD0446B8
:100F300078B93046FFF78DFE2B1E18BF0123834280
:100F400007D0019A536A3DB143F4006343F00203B2
:100F50005362204602B070BD23F40063F6E730B55B
:100F600085B00C4669461546E3F776FD40BB40F672
:100F7000EC1204F2F6439BB2934223D801A804F08A
:100F800006FFE8B9BDF90A10A142A8BF2146298091
:100F90000A2591FBF5F4002923B262B205DA05FBBC
:100FA000141109B209B1013B5AB2009B93F93210F6
:100FB000914205D083F832205A6A42F002025A6206
:100FC00005B030BD2120FBE713B50C4601A9E3F7BE
:100FD00043FDB8B9A37913F0180F15D0019A536ADD
:100FE00013F0100012D1216823F40043C2F801105D
:100FF000A18843F48043A2F80510A17943F00803C7
:10100000D171536202B010BD2120FBE70220F9E745
:1010100090F8393037B55B0704460D462AD4E3F71C
:1010200091FC6B1E042B14D8032D12D0E379142BE2
:1010300022D0A3696BB9684600F0D1FBE4F756FAF9
:101040006946E3F7EDFA18B91A25284603B030BD12
:10105000A061636AE57343F016036362EAF736FB47
:101060002046FFF731FE05460028EED02046FFF768
:101070004CFDEAE70225E8E72125E6E707B501A9E7
:10108000E3F7EAFC30B90198C17B03B05DF804EBEB
:10109000FFF7BEBF03B05DF804FB37B50C4601A9EE
:1010A000E3F7DAFC18B9052C019D02D9212003B021
:1010B00030BD2869F8F776FF1F28F7D86869F8F778
:1010C00071FF1F28F2D8012CF0D0231F012BEDD97E
:1010D000214628466B6A23F482536B6203B0BDE855
:1010E0003040FFF795BF37B50C4601A91546E3F729
:1010F000B3FCE8B9052C1AD8012C16D1FFF7B7FDBF
:10110000FF2814D19DB1019B28689860A988AA790D
:101110001846998121469A735A6A22F482525A6279
:1011200003B0BDE83040FFF773BF052CE9E721208D
:1011300003B030BD13B501A9E3F78EFC78B9019C6B
:10114000636A204623F0500343F004036362FFF711
:10115000DCFC204602B0BDE81040FFF7B5BD02B090
:1011600010BDF7B501A90746E3F776FC002843D187
:10117000019C2078E4F76AFB11280546204608BF49
:101180000025E4F775FA636AD90608D523F0100341
:1011900043F0040320466362FFF796FD0546FF23F4
:1011A0002370636AA02223F0010363624FF4A073EB
:1011B0000026C4E90723072304F1100084F8313026
:1011C000E673E671F8F75AFE04F11400F8F756FEDC
:1011D0002046FFF79AFC40F20113E3857F23314656
:1011E00084F832303846A6626662E7F7E3F93146A2
:1011F0003846E7F7FBF9284603B0F0BD73B50E4655
:1012000001A91546E3F728FC044618BB04F0F9FDD4
:10121000064222D0054220D046EA050383431CD172
:10122000012E01D0042E18D16B1E012B01D9042DE3
:1012300013D1019B93F82E20B24203D193F82F20B3
:10124000AA4207D05A6A83F82E6042F0020283F85D
:101250002F505A62204602B070BD2124FAE737B5FC
:10126000FFF705FDFF28044613D001A9E3F7F4FBBF
:1012700078B9019D6B6A284623F010036B62FFF773
:1012800044FC204605F1340103B0BDE83040EAF7E4
:1012900051BE03B030BD13B50C4601A9E3F7DCFB2A
:1012A00030B9022C06D8012221460198E3F77AFCD6
:1012B00002B010BD2120FBE72DE9F3410D4601A945
:1012C00090461E46089FE3F7C7FB002836D1052D40
:1012D00008D86B1E012B05D9052D03D008F001019C
:1012E00015B171B3212029E0019A936A49B343F003
:1012F0002003019C9362A36A18F0020F14BF43F00D
:10130000400323F04003F107626AA3621ED53868E8
:1013100042F48032A060BB796262BA88A373A28172
:10132000636AB2074CBF43F0400323F0400343F429
:101330008053294620466362FFF76AFE02B0BDE88B
:10134000F081019A936A23F02003D2E722F48032DD
:101350006262E5E7436A10B5044613F080000CD0E2
:10136000E37B2078032B216908D1E7F73FF90023BD
:101370002361636A23F08003636210BDE7F71AF903
:10138000F5E773B56E4604464A7930460D46063198
:10139000E4F7F0F896E80300A4F85010090C11F0F7
:1013A000800FE06484F8521004F1530312D001223C
:1013B000184605F11201E4F7DDF80C35284604F073
:1013C000F8FC28B10122294604F15A00E4F7D2F8CA
:1013D00002B070BDB4F8501094F85220C4F8530015
:1013E00099809A71E9E7002337B580F8723040F6AA
:1013F000FF73A0F86E3083680446DA040D46C160BE
:1014000010D443F480636A46A36040F2032120466F
:10141000CDE9004506F042F800212046E3F79CF9AB
:1014200003B030BD90F87600FFF728FEA36823F4E0
:101430008053E8E71FB590F87420044602F00103DA
:1014400001908DF808300BB102F002038DF80930DD
:1014500094F8753020468DF80A30039103F022F994
:101460004FF4017101AA204606F018F82046E3F770
:10147000E9F904B010BDE3F747B9FFF7CBB937B5C9
:1014800005460C4604F0BDFCC34335EA000001D01C
:10149000FF2D43D123400ED0FF2C3FD100204FF42D
:1014A0006073CDE900030421052001AAE6F7D6FC0C
:1014B00038B303B030BDCDE90033802314F0010F01
:1014C00014BF01930093A107009B49BF019B43F404
:1014D000807343F48073019358BF00936207009BAD
:1014E00018D5019A42F400720192002BDBD004213E
:1014F0006A460846E6F7B2FC0028DAD1019B002BC9
:10150000D1D105F007021146002003B0BDE83040FC
:10151000E6F7B0BD43F400730093E8E72120C8E785
:101520002DE9F7430E460446174604F078FC36EAE8
:10153000000903D0212003B0BDE8F08304F061FC72
:1015400037EA000011D0FF2FF4D12046E3F7B4F8BA
:1015500005460028EED049460224B0F86E8044F0DB
:101560000C0400293DD0022136E02046E3F7A4F820
:1015700005460028DED017F0010414BF0021022127
:10158000B0F86E80B8074FEA440407F004031DD595
:10159000002BE4D144F00404404641F00801E6F792
:1015A000A7FD0028C7D1E4B916F0040206F0030332
:1015B0001ED1310744BF42F0010243F00403009200
:1015C00000211A462846E6F76FFDB4E741F0040112
:1015D000002BE1D044F008044046E6F789FD0028DE
:1015E000A9D121464046E6F79DFD0028DCD0A2E7C0
:1015F000022243F00403DCE70A460021E6F7F4BCCC
:1016000013220121E6F7F0BC826838B5C2F38032BC
:101610000446B0F86E000D46E6F7FEFD20B9A3685B
:101620001DB143F40053A36038BD23F40053FAE71F
:10163000F8B504460E4617461D46E3F757FF214608
:10164000E2F7EEFF044698B10021FFF7DBF83A46D7
:1016500031462046F4F7C0FCA36843F00103A360C1
:1016600040F20313A4F87230002320462B60F8BD2B
:101670001A23FAE710B50446B0F80300E3F70EF8B2
:1016800038B1617909B141F48051BDE81040FFF7EC
:10169000AABE10BD10B50446B0F80300E2F7FEFF85
:1016A00038B1A17809B141F48051BDE81040FFF78D
:1016B000C1BE10BD10B50446B0F80300E2F7EEFF5E
:1016C00090B1627990F874305AB143F0010380F818
:1016D0007430A17809B141F48051BDE81040FFF7A2
:1016E000A9BE03F0FE03F2E710BD10B504468088E2
:1016F000E2F7D4FFB8B1E278AAB9E179A27942EA77
:101700000122A0F86220E17AA27A42EA0122A0F83E
:101710006420227A617ABDE8104042EA0122A0F8F2
:101720006620E3F78FB810BD10B504468088E2F755
:10173000B5FF20B1A179BDE81040E3F7A5B810BD11
:10174000532838B505460C4604D1BDE83840084654
:10175000E7F72CBA0620F4F7F7FC60B96379142D8B
:1017600003F03F03637104D0722D07D163F03F0390
:101770006371A57138BD40F20740FBE72120F9E70E
:101780004FF0FF33F7B50093ADF804308379DA06F4
:101790000CD5532B08BF00234FF03F0208BFADF814
:1017A00000308DF8052008BF8DF802300021451E5D
:1017B000431D6A46084615F8016F12F8014B9D4219
:1017C00006EA040724EA060440EA070041EA0401A5
:1017D000F1D110B1081E18BF012003B0F0BD0023E5
:1017E000036083808371704737B50C46002105463E
:1017F0001346019152B9284601A9E3F7FFFF0446B9
:1018000001A8F8F73BFB204603B030BD224608464E
:10181000F8F732FE01900028EDD11A24F3E710B555
:10182000002486B0CDE90344CDE901440094E3F7F8
:1018300099FF06B010BD10B5044660B1806C50B180
:10184000E4F776F9A06C0028FAD12046BDE81040F4
:101850000321E2F781BF10BD438907B58B420CD04D
:1018600050F80C2B40F2014192F87020ADF8063090
:101870008DF8042001AA05F011FE03B05DF804FB09
:10188000436943F0040343617047436923F0040351
:10189000436170474069C0F38000704747F230539E
:1018A00000220068F4F776BB006805F08ABD38B501
:1018B000436904469B070D4603D540F20941FFF7F3
:1018C000F3FFE3F711F808B1A3691D702046BDE8E6
:1018D000384040F20941FFF7E1BF07B5027C012A19
:1018E00009D00122027440F20942914206D040F22E
:1018F0000A4291420ED003B05DF804FB4FF48161BF
:1019000050F80C3B01AA93F870308DF8043005F0C4
:10191000C5FDF0E750F80C3B01AA93F870308DF844
:101920000430F4E738B522F000430D46114640F28A
:101930000322934204461AD0B3F5017F09D240F244
:101940000122934213D040F20222934209D0002098
:1019500038BD6FF481621344012BF8D8FFF7BDFF47
:10196000F5E700F023F9204601F0B9FBEFE76369E2
:101970009B0704D540F209412046FFF795FF284612
:10198000FFF759FFE3E708B5E2F796FE00B1806C78
:1019900008BD08B500B10068E2F7AEFE08B903461D
:1019A00002E0836C002BF7D0184608BD10B5044642
:1019B00042F62A3000F06BFB031B5842584110BD21
:1019C000022806D142F62A330888C31A58425841E1
:1019D00070470020704710B5044642F6293000F0E9
:1019E00056FB031B5842584110BD90F8200000F0F0
:1019F0000100704790F8200070471FB50446684604
:101A0000E4F7C6F91022694604F12100F7F7F5FE64
:101A1000B0FA80F0400904B010BD08B5FFF7EDFF43
:101A2000B0FA80F0400908BD70B5044600F1210508
:101A300091B92846E4F7ACF9236893F97500E1F70A
:101A4000FDFC78B120682B46BDE8704010220D21C6
:101A500090F97500FEF710BE102200212846F7F716
:101A6000F6FEE9E770BD38B50446002390F8202063
:101A700041FA03F0C50703D442FA03F0C0071ED4AD
:101A80000133082BF4D101F0010523682A4384F8BF
:101A9000202093F97500E1F7D1FC40B1234653F8BB
:101AA000200B01220C2190F97500FEF7E5FD0DB920
:101AB000002038BD00212046FFF7B6FFF8E71320CD
:101AC000F7E768B13F290AD800EBA10090F8310090
:101AD00001F003014900084100F0030070470020B5
:101AE000704710B50368044693F97500E1F7A6FC4A
:101AF00050B12346BDE8104053F8310B10220B21A2
:101B000090F97500FEF7B8BD10BD10B590F87430AF
:101B1000DB0706D490F97530013314BF0F20052080
:101B200010BD847CE6F7EAFE844234BF0C2000201E
:101B3000F6E730B5044685B06846E4F729F9102188
:101B4000684605F0C4FC2046E4F738FD6B46C268E1
:101B500004AD06321C4603CCAC42106051602346F3
:101B600002F10802F6D105B030BD08B5E4F726FD54
:101B700008B1E4F7DFFCC0B208BD013810B580B28F
:101B8000E4F71CFD044608B9002010BD408800F0B1
:101B9000E0FB0028F8D0207BF7E708B5E4F70EFD5E
:101BA00018B1007AC31F5842584108BD70B50546A8
:101BB00055F8213B044693F97500E1F73FFC20B945
:101BC0002846BDE87040E4F7E3B8234653F8310BEC
:101BD00010220B2190F97500FEF78FFD234653F874
:101BE000200B01220C2190F97500FEF786FD20687C
:101BF0002B46BDE8704010220D2190F97500FEF7CC
:101C00007CBD01302DE9F04185B228460E46E4F74F
:101C1000D5FC42F60217044642F603089CB1204662
:101C2000E4F788FC78B1204600F0A2FBB84205D169
:101C30000EB123883380607BBDE8F081204600F040
:101C400097FB404502D14FF0FF30F5E70135ADB2CB
:101C50002846E4F7B3FC0446E0E72DE9F0470746E1
:101C60000E4690460D4642F6021942F6030A013529
:101C7000ADB22846E4F7A2FC044678B1E4F75AFC7A
:101C800060B1204600F074FB484505D1237A072B4C
:101C900004D10320BDE8F0875045E8D141463046E5
:101CA000FFF7AFFF431C014604D03846BDE8F047BC
:101CB000FFF707BF0020EDE708B5E4F77FFC20B190
:101CC000037A022B02D843B9184608BD033B012B07
:101CD0008CBF002301235800F7E7C3685888F4E756
:101CE00070B5054608461646E4F768FC044608B990
:101CF000012070BDE4F71EFC0028F9D0F00713D4D2
:101D0000B10734D4720702D5A3885B0732D516F029
:101D1000060F31D116F40060EBD0A38813F4006FE6
:101D200014BF00200620E4E7A388DA0743D513F0A8
:101D3000700F0AD1980610D45806E1D52B6893F994
:101D400075300133DCD10820D3E72868FFF7DDFECA
:101D5000A388990608D50028CBD12A6892F8742068
:101D60009207E9D40520C4E70028C2D1E4E7A3889C
:101D70009907C7D40320BCE7A38813F4E06F09D107
:101D800098050FD45B05C5D52B6893F975300133E1
:101D9000C0D1D8E72868FFF7B8FEA388990507D512
:101DA0000028A6D12A6892F874209207EAD4D9E7CD
:101DB00000289ED1E6E702209BE738B50446084696
:101DC000E4F7FCFB054608B9012038BDE4F7B2FB97
:101DD0000028F9D0AB8813F4E04F0CD1980412D44A
:101DE00013F48040F1D0236893F97500431C5842E6
:101DF0005841C000E9E72068FFF787FEAB889904E7
:101E000008D50028E1D1226892F874209207E7D41F
:101E10000520DAE70028D8D1E2E72DE9F0474FF0B6
:101E20000009044683F800900846A2F8009088460E
:101E300016461D46E4F7C2FB074620B901230020E1
:101E40002B70BDE8F08774B1E4F774FB0028F5D07F
:101E50004046FFF7C0FD30B1012385F8009004F142
:101E600020003380EDE72B46324639462046BDE858
:101E7000F047E3F70DBFF8B516461C460F46BDF90F
:101E8000185009B90120F8BD50B93B7A072B0DD87D
:101E9000DFE803F004181E272E0404160320F2E7DF
:101EA0000846E4F747FB0028EFD1EBE725EAE573A6
:101EB000B34214DBA0199842CCBF0D200020E2E70A
:101EC0008020E0E7FB685B88AB42B8BF2B46EFE7BA
:101ED000FA689388AB42B8BF2B46B34206DA0720B4
:101EE000D1E7022D2B46B8BF0223E1E75388E1E793
:101EF0000620C8E72DE9FF47044608468946904674
:101F00000393E4F75BFB054638B903A8F7F7B6FF80
:101F10000127384604B0BDE8F087E4F70BFB002842
:101F2000F3D0039888B1F8F73DF886B24FF0FF334D
:101F300042460093294633462046FFF79CFF07465A
:101F400028B103A8F7F79AFFE3E70646EEE795F80E
:101F500008A0BAF1020F31D0BAF1030F33D0BAF1B1
:101F6000010F08D0002C4ED14FF0000A03A8F7F75C
:101F700085FF5746CDE7E86806303B463246039971
:101F80004044F7F76AFF002CEED02B7A032B3AD1AE
:101F900003A8F7F773FF00212846E4F7B3FA70B3FC
:101FA0000688697B2046FFF78CFD012203463146F7
:101FB0002046CDF8009000F00BFEAAE7E86806EB9B
:101FC00008038380D8E7039B9A79D979891AC9B223
:101FD000481E012810D8134402291A7B04BF5B7BDA
:101FE00042EA03222B7B32EA0303BFD101232046BE
:101FF000697BE3F723FEC6E74FF00D0AB6E709F168
:10200000FF36B6B2CDE7039B4946009320464346D0
:10201000227F00F0C3FD7CE7884270B504460D4680
:10202000164611D8012838BF01242046E4F7C6FA25
:1020300010B14388B34208D00134A4B22046E4F77B
:10204000A1FA08B1A542F0D20024204670BD70B5B7
:102050000C4616461D460146B8B1B3B1022C01D05C
:10206000102C12D1E0B2E4F733F94FF6FF71884239
:10207000024602D141F20A1070BD3046FFF7CCFF94
:102080000028F7D028800020F6E72120F4E700237D
:1020900007B50122ADF80400ADF8063002210DF1BC
:1020A000060301A8FFF7D3FFBDF8060003B05DF8F3
:1020B00004FBF8B50F461646441CA4B22046E4F7CC
:1020C0007DFA10B9013CA0B2F8BD00F051F9054607
:1020D000304600F029F920B1284600F025F9002803
:1020E000F0D1304600F019F920B1284600F015F97A
:1020F0000028E7D10134A4B22046E4F743FA08B13E
:10210000BC42DBD94FF6FF70DEE72DE9F04F9A466F
:1021100087B08B880D460C88814604A90220ADF853
:1021200010309046E4F7D4F8AB680090A888AF89E7
:10213000059300F0F2F838B1102F05D105A8E4F7A7
:10214000ADF8022808BF02279DF840B00BF0010B44
:1021500038E02046009AFFF75FFF0646A8B3AA883A
:102160006988FFF7A6FF04463046FFF7FEFC40EA09
:102170000B00C0B200B30DF10F03314648460DF11C
:102180001202FFF74AFE9DF80F302BB1A8F800604D
:10219000184607B0BDE8F08FBDF81220BA420BD147
:1021A0003A4605990193F7F728FB019B20B9A8F857
:1021B0000060AAF80040EBE74FF6FF739C4201D0A5
:1021C0000134A4B26988A142C3D20A23E0E708B56A
:1021D000E4F7F4F9BDE8084000F0CAB838B50546A0
:1021E0000846E4F7EBF9044610B94FF6FF7038BD26
:1021F0000DB96088FBE7E4F79DF90028F9D1F4E711
:1022000070B5044642F60520FFF741FFB0B100214A
:10221000FFF7F7FC054601462046FFF752FC06464D
:102220001022002104F13100F7F711FB3246294654
:102230002046BDE870400023E3F700BD70BD7FB5C8
:1022400004460D46102200216846F7F700FB0026E1
:10225000AB575A1C1BD031462046FFF732FC1946BB
:10226000002BB8BFD91C04AA02EBA10100F00302A5
:10227000584200F0030003F0030358BF43425B00E1
:1022800002FA03F311F8102C134301F8103C013645
:10229000402EDDD16B4604F1310504AE1A4603CA67
:1022A000B24228606960134605F10805F6D1204660
:1022B00004B0BDE87040FFF714BC002370B50446BD
:1022C0001846A51C34F82360324218BF35F8236045
:1022D00003F1010318BF30439942F3D170BD037A73
:1022E00023B1013B012B06D900207047C368188831
:1022F000023080B27047C36858880630F9E710B5DD
:102300000446E3F757FE4FF6FF73984204D1204688
:10231000BDE81040E3F728BE10BDA0F5205001280D
:102320008CBF00200120704742F60303C31A5842B5
:102330005841704708B5030409D4E3F769FEA0F5D6
:10234000205080B201288CBF0020012008BD002051
:10235000FCE7020408B507D4E3F75AFE42F603038C
:10236000C31A5842584108BD0020FCE7C00B704713
:102370000346B3F902304088002B01DBE3F748BE87
:102380000020704708B5FFF7F3FF42F60303C31AB6
:102390005842584108BD08B5FFF7EAFFA0F52050A4
:1023A00080B201288CBF0020012008BD70B51D46F9
:1023B00004461646E4F74AF8EB43844200D970BD60
:1023C000617A314305B1194061721034F5E7002399
:1023D00010B50B700C46E4F7F1F8014610B3E4F7C2
:1023E000A9F820704B7ADA0701D4002010BD9B06B3
:1023F00044BF40F0020020704B7A580642BF237859
:1024000043F0040323704B7A1A0742BF237843F04A
:10241000080323704B7ADB06E7D5237843F01003DB
:102420002370E2E741F20A10E0E770B50D46164668
:10243000E4F7C4F8044650B1FFF7ADFF38B12046C9
:1024400033462A460121FFF7B1FF002070BD21204D
:10245000FCE770B50D461646E4F7B0F880B1038886
:10246000022B0DD9A0F110042046FFF78BFF38B1E5
:10247000204633462A460021FFF798FF002070BD12
:102480002120FCE72DE9F3411E46C30714460191C4
:1024900016D540F6010310F0020F48F601074FF47D
:1024A000205808BF1F46022C0FD102240122002110
:1024B0001046E3F7E9FD80B91A2002B0BDE8F081CB
:1024C00040F6010742F60108EDE7102C26D101A8DD
:1024D000E3F7E4FE0228E9D1E7E7A01CE3F724FED6
:1024E00005460028E8D02246019920F8024BF7F76C
:1024F000B6F90120E3F7A6FD04464046FFF7FFFECC
:102500004FF6FF73E38000236080A7802372E560AD
:102510000EB90020D1E723883380FAE72120CCE7E9
:1025200000221021FFF781BF08B5E4F747F8014604
:1025300058B1FFF71DFF42F60203984205D1002073
:102540004B7A43F010034B7208BD2120FCE70022B8
:102550001021FFF77EBF08B5E4F730F8014678B1E7
:10256000FFF719FF60B90B88022B09D9A1F1100000
:10257000FFF708FF20B94B7A43F010034B7208BDF8
:102580002120FCE740222021FFF74FBF20224021DD
:10259000FFF74BBF38B5E4F711F8D8B10388022B29
:1025A00018D9A0F110052846FFF7ECFE90B10121E3
:1025B0002846E3F7A7FF417A11F0240F0CD011F061
:1025C000400409D12846402320222146FFF7EEFE91
:1025D000204638BD2120FCE70220FAE720224021D6
:1025E000FFF737BF1FB550F80C4BADF80A3094F821
:1025F0007040069BADF806108DF8082040F203519C
:1026000001AA8DF80440039304F048FF10B906A80E
:10261000F7F734FC04B010BD2DE9F04F4FF000087F
:1026200089B005460E461446CDF8148000F14407E3
:1026300012B305A8F7F722FC3846F7F71FFC85F818
:102640001C80002332460093182123462846FEF7BB
:102650007AF904F58854284650F80C3B40F20551AD
:1026600093F8703006AA8DF81830079404F016FF1E
:10267000002009B0BDE8F08F43691A070ED523F09A
:102680000803436105A8F7F7F9FB3846F7F7F6FBAF
:102690002C772846FEF7D3F90024DCE7406C059040
:1026A00048B980463846F7F707FC034605900028EE
:1026B00046D1044657E083794FF0FF3B0C33184472
:1026C000B0F80160B0F803A03046E3F777FF03905D
:1026D0000598F7F70BFC6C6CA0F105081FFA88F859
:1026E000059BA3420ED14346524628460399CDF896
:1026F00000B0FFF7C0FB0446F0B14FF00008CDF882
:10270000148096E7A3790C3304EB0309B9F8012090
:10271000B2420CD12046F7F7E9FBB9F80320431F7A
:1027200012FA83F35B45B8BF5B460FFA83FB204682
:10273000F7F7D5FB0446D3E70598F7F7D0FBAEE7EC
:102740009979284601F10C021A44B2F8016005316A
:10275000B2F8032099713146FFF7CCFBCDF8148015
:10276000044600289ED005A8F7F788FB3846F7F7FF
:1027700085FB00232B77002C8BD062E72DE9F047F7
:10278000089C0E4617469846054610B1037C012B5F
:1027900061D02846FFF774F814F08009304614BF62
:1027A0004FF0200A4FF0100AFFF7E7F91AEA000F7E
:1027B0004DD03046FFF70BFD42F6052398420FD16E
:1027C00014F0010219D031462846FFF7F6FA08B393
:1027D00000F588542846FFF758F82046BDE8F087F2
:1027E0002846FFF702F90028EAD02846FFF715F936
:1027F0000028E5D041F21214ECE7B9F1000F3146A0
:10280000284614BF02240124FFF727FA2042DAD118
:102810000224DFE7B9F1000F11D0EB8BCBB94346AF
:102820003A4631462846FEF73CF904460028D1D105
:1028300040F20A412846EE83FFF730F8CAE74346E4
:102840003A4631462846FEF709F90446C2E72124F4
:10285000C0E70524BEE70724BFE72DE9F0470025C0
:1028600086B09DF8389090F81CA004460F4690461C
:102870000F9E0577B9F1000F09D00A464B46514625
:102880000096FEF760F8284606B0BDE8F087BAF17A
:10289000080FADF8169026D145893246043DADB2F9
:1028A0009D424FF002014FF00900A8BF1D46FDF701
:1028B000DAFF0222814605A93046ADF81470F7F719
:1028C000AEFD2A4641463046F7F7A9FD0546831C72
:1028D0003146204689F80130E1F7E8FFADF816509F
:1028E000BDF81600D0E7BAF10A0F0DF116020CBFC1
:1028F0000B210D21CDE90162009301224346FEF731
:1029000046F81A28ECD111233A4651462046CDF814
:102910000090ADF81690FEF716F8E1E7F0B5002547
:1029200089B01746012204460E460393ADF81650AF
:10293000FFF7D6F98DF81500002846D13046FFF78D
:1029400035F810B13046FFF7F4F83046FFF725F9B7
:10295000B8B103A8F7F792FA204650F80C2B237F62
:1029600092F8702040F202518DF8182006AAADF8B6
:102970001A608DF81C30ADF81E7004F08FFD09B0A0
:10298000F0BD0DF115030DF1160231462046FFF79B
:1029900044FA9DF8153002465BB9BDF81630BB42CB
:1029A00035BF0723DB1B8DF81530D21928BFADF8D2
:1029B0001630039B314601939DF815302046009355
:1029C000BDF81630FFF749FFD9E72A46F1E72DE9B0
:1029D000F04F89B002901846154605930C46FDF756
:1029E0001FFF80460598F7F7DDFA0023B0F1010AD2
:1029F000B5F80A908DF81D3000F089801AF00107B3
:102A000040F085805046D6F789F80646002800F049
:102A10008480524608F10101F6F721FF012120468A
:102A2000059AFDF720FFB8460AEBDA7A09F1FF3B79
:102A300003904FEA6A0ABA4544DD36F8174001228E
:102A400021462846FFF74CF98DF81D0068B920464D
:102A5000FEF7ACFF10B12046FFF76BF82046FFF7FA
:102A60009CF878B180238DF81D303046F7F71EFDB5
:102A7000059B2246009328469DF81D300299FDF7DC
:102A800062FF26E00DF11D03214628460DF11E02CE
:102A9000FFF7C3F99DF81D300490002BE5D1029B90
:102AA000202B1BD1ABEB0803012B0BDD0DF11E011D
:102AB00002220598F7F7B3FC012801460CD805A8B7
:102AC000F7F712FB3046F7F7F1FC28460399FDF7BC
:102AD00023FF09B0BDE8F08F08F10208BDF81E2001
:102AE000ABEB08039A42C2BF09F1FF33A3EB080323
:102AF000ADF81E30BDF81E20DDE90410F7F78FFC9D
:102B0000BDF81E309842DDD39844013793E7042383
:102B100000248DF81D302646A7E71123F8E7F7B506
:102B20001E4600231360338004460D461746FEF709
:102B30003DFF10B12046FEF7FCFF214600200DF1BD
:102B400005030DF10602FFF768F99DF8054024B969
:102B5000BDF806402CB9002001E004F5885003B010
:102B6000F0BDAC4204D32844641B38603480F2E7E3
:102B700041F20710F3E770B504460D461646FEF71E
:102B800015FF40B933462A462146FFF7B3F908B18D
:102B900000F5885070BD41F20310FBE71FB550F8F7
:102BA0000C4BADF80A3094F87040069BADF8061057
:102BB0008DF8082040F2015101AA8DF804400393DA
:102BC00004F06CFC10B906A8F7F758F904B010BD72
:102BD0001FB550F80C4BADF80A3094F87040BDF8B2
:102BE0001830ADF806108DF8082040F2045101AA03
:102BF0008DF80440ADF80C3004F050FC04B010BD6A
:102C0000F0B5122785B003920777022205460E46DB
:102C1000FFF766F8044668B103A8F7F72FF9002319
:102C20002B77002332460093122123462846FDF7D6
:102C30008AFE0FE0039A3046937903339371FEF7CF
:102C4000ACFF48B1039B3A460093314623462846E1
:102C5000FFF7C8FC05B0F0BD42F62930FFF717FAC0
:102C6000B04220D1039830B903A8F7F707F9002341
:102C70000D242B77D5E7F7F795F980B20128F3D12A
:102C8000039B28469A791344197BFEF7ECFE044611
:102C900003A8F7F7F3F800232B77002CC1D12846BF
:102CA000FDF794FED6E7224631462846039BFFF700
:102CB00021F90446EFE72DE9FF410392042204467F
:102CC0000D46FFF70DF8074628B103A8F7F7D6F829
:102CD00004B0BDE8F0814FF05208039A284693797A
:102CE0000333937184F81C80FEF757FF064640B10A
:102CF000039B4246009329463B462046FFF772FC61
:102D0000E6E742F62930FFF7C2F9A842039B0BD150
:102D10009A7920461344197BFEF7A5FE03A8F7F71E
:102D2000ADF800232377D3E7324629462046FFF744
:102D3000E1F8F6E72DE9FF418B7904460C330B44AB
:102D4000B3F801700E463846B3F80380FEF70DFF66
:102D5000002858D0022239462046FEF7C1FF05461A
:102D6000E8B93846FEF719FF68B116222277B37921
:102D700039460533B371204643460096FFF732FCCF
:102D800004B0BDE8F081D5F79FFE33461B680135DE
:102D9000EDB2002BFAD10635A8421DDC092504F15D
:102DA0004400F7F76BF82B463A461621204600966A
:102DB000FDF7C9FD092DE3D1204650F80C3B40F248
:102DC000055193F8703002AA8DF8083041F20913CA
:102DD000039304F063FBD3E701213046F7F7EAFAE7
:102DE00001460028DAD004F14400F7F73DF9B37941
:102DF00042460533B37139463346204604B0BDE838
:102E0000F041FDF7F2BD0125C9E713B5044641B90C
:102E10004430F7F733F8204602B0BDE81040FDF724
:102E20000EBE18224369027713F0080306D0002370
:102E300019460093FFF7D6FB02B010BD1A4619469B
:102E400002B0BDE81040FFF7E7BB7FB5C58B044675
:102E50002DB342F60520FFF71AF9A84207D1002149
:102E60002046FEF7E1FD636923F00103636100265C
:102E700040F20A412046FEF717FD29460DF10E02E9
:102E80002046ADF80E60FEF7E8FEBDF80E200346C2
:102E90000092294602222046FFF79AFEE68304B0FC
:102EA00070BD2DE9F047DDF820900E4690461F4694
:102EB000044618B941F20110BDE8F0870846FEF754
:102EC00054FE0028F6D06589033DADB2AF4209D863
:102ED0003B46424631462046CDF82090BDE8F047BB
:102EE000FFF74CBC4920E7E72DE9F74305460F46BD
:102EF0009046FEF73AFE98B32846FEF73EFE10F0E5
:102F0000300F30D02846FEF738FE06460020FEF788
:102F100040FD044606F010091CB9204603B0BDE888
:102F2000F083002229462046FEF797FEB9F1000FF4
:102F300001D0C10712D4B20617D5830715D5802357
:102F400000933A46434629462046FFF717FC1A28C5
:102F5000E4D02046FEF71DFD0446DDE70023EFE741
:102F600041F20110DAE72120D8E70220D6E770B558
:102F70000D461646044610B941F2011070BD0846D0
:102F8000FEF7F3FD0028F7D0237C012B07D00022A9
:102F900029462046FEF761FE30800020EEE707203C
:102FA000ECE72DE9F341054698460C461646099F85
:102FB000FEF766FC2B7C012B24D02046FEF7EDFDAE
:102FC00010B32A7F0C2A21D84FF4A853D340DB0733
:102FD0001CD50020F7F725F9D0B19DF820300190DD
:102FE00000933246434621462846FFF736FC3FB958
:102FF00000242846FEF749FC204602B0BDE8F081D7
:103000003880F5E70724F4E72124F2E70224F0E70B
:103010001A24EEE7F7B504461F460E461546FEF79E
:103020002FFC237C012B58D0237F182B2CD06369D5
:103030001B0713D5217F16292DD008D8122914D0AB
:1030400002252046FEF721FC284603B0F0BD1829D2
:103050001AD05229F4D10023237713E03046FEF72B
:103060009CFD0028E6D12125EBE70023237735B12D
:10307000009332462B462046FDF765FC02E02046D1
:10308000FDF7A4FC0025DCE72A4631462046FFF781
:10309000C3FA0546D5E700232377002DE8D10521A3
:1030A0001720BDF82430089A0095FDF700FC20B9E0
:1030B0001123324612210095DDE7FDF7B5FB626969
:1030C000034642F00802626182793146053282711C
:1030D0003A462046FDF789FCD4E70725B1E72DE9FC
:1030E000F041054688B042F60520FEF7D0FF0646BF
:1030F00004A8E2F74DFE102205F121010DEB0200BC
:10310000F6F77BFB50B101212846FEF78DFC2846DF
:10311000FFF776F86B6923F001036B6142F6030356
:10312000022003A9ADF80C30E3F7D2F801240746DA
:103130004FF0000820463A464FF6FF71FEF76CFF4D
:10314000044610B908B0BDE8F081FEF70EFD013469
:10315000A4B20028EED0A64203D131462846E4F7B7
:1031600019F8214628460DF10E02ADF80E80FEF743
:1031700074FD03460028DDD0BDF80E2021460092E4
:1031800028460122FFF724FDD4E708B5E2F7E2FD67
:103190000020E4F739FC002008BD38B500200C46BB
:1031A000E2F7EAFD34EA00050CD10120E2F7E4FD84
:1031B000844205D02046E3F7CDF92846E4F724FC05
:1031C000002038BD2120FCE770B586B00E461546BC
:1031D0001C46ADF80800E2F7BFFE4FF42053ADF8EF
:1031E0000C300123ADF80A000093224600200A9B10
:1031F00002A90496ADF81450FEF787FF08B100F558
:10320000885006B070BD037C012B07D08369187805
:1032100028B113280CBF00200520704707207047F5
:1032200010B5044680691430F6F728FEA069BDE8A1
:1032300010401830F6F722BE2DE9F0410F46144633
:1032400005461E46FFF7ECFF23463A4608210020BC
:10325000D5F81880F7F710F9AA69C8F8140053696F
:1032600023B1002054811682BDE8F0811A20FBE7CB
:103270001FB50A468369090C92B29980DA8042F63A
:103280000303ADF80C300223009303AB02F005FEFC
:1032900005B05DF804FB70B504460846F6F782FEFB
:1032A000A16986B28A894D8912B1521B96420CDA05
:1032B0006389581E80B225B90A78082A04BF043BE6
:1032C00098B2831B5842584170BD0020FCE730B5CE
:1032D000044654F80C0B8DB09DF8405090F87000E7
:1032E00042EA01428DF804001946029203A82A46D8
:1032F0000795F6F7B4FA40F20241204601AA04F01D
:10330000CDF80DB030BD10B550F80C4B86B094F828
:103310007040ADF80E10ADF8102040F2064103AA3F
:1033200001938DF80C40059304F0B8F810B901A88A
:10333000F6F7A4FD06B010BD37B504460D46FFF7FD
:103340006FFF204640F20941FEF7AEFA0022204608
:10335000A36940F207411A7050F80C3B6A4693F893
:10336000703001958DF8003004F098F803B030BD4E
:1033700013B501910021044602F086FE04220023C9
:1033800020460DEB0201FFF757FF02B010BDF0B56C
:1033900004460F461E46154685B052B983691B7810
:1033A000072B30D0082B14BF15460925002E18BF57
:1033B0000D250A98F6F7F6FDA3699A894AB15B894B
:1033C00081B2D21A914204DD92B2891A0AA8F6F7A4
:1033D0008BFE204650F80C3B40F2054193F87030CC
:1033E00001AA8DF804300A9BADF806708DF80850DC
:1033F000ADF80A60039304F051F810B90AA8F6F783
:103400003DFD05B0F0BD0B25D0E7B0F80AC02DE9B1
:10341000F041ACF1020C9C4505460E4617461C4691
:1034200003DDBDE8F04102F0C3BD83692246198186
:1034300000233946FFF700FF044658B9AB6902463E
:10344000314628460E3302F0E5FD044610B1284609
:10345000FFF7E6FE2046BDE8F08130B585B00546B1
:10346000FFF7D1FE0A460446A0B9AB69090C92B237
:103470009980DA8042F60203ADF80C300223284628
:10348000009303AB02F009FD044618B90321284656
:10349000FEF70DFA204605B030BD2DE9F043202A95
:1034A0008FB0054617461C4603910BD941F2041410
:1034B00021462846FFF740FF03A8F6F7DFFC0FB0D0
:1034C000BDE8F083002B46D10846A2F10608F6F7C6
:1034D00069FD4FF6FF765FFA88F81FFA80F94C45D0
:1034E00010D3AB69DA88B24239D942F60203ADF89B
:1034F00014300223711C0093284605AB89B202F0F8
:10350000CCFC25E023463A46039906A8F6F7A5FC2D
:10351000AB69BDF818609A88B242C7D8DA88B2425F
:10352000C4D3BDF81A10BDF81C20B8F1000F09D0A3
:103530002846CDF800800DF11E033C44FFF7C7FE7E
:10354000A4B2CCE728469E8019815A8102F0BEFCC5
:1035500004460028B0D041F20A139C42A8D10024AE
:10356000A6E738B50546FFF74EFE044640B92846A3
:10357000FFF77EFE044618B904212846FEF797F9A6
:10358000204638BD70B505460E4611461A46FFF76F
:103590003AFE044670B903462846FFF74DFE04463E
:1035A00040B931462846FFF763FE044620B128465D
:1035B000FFF736FE204670BD05212846FEF777F955
:1035C000F8E770B50546FFF71EFE044638B94FF61A
:1035D000FF73994205D101462846FFF7ADFE20460C
:1035E00070BDAB69284699800131DA8089B202F05A
:1035F00024FC20B906212846FEF759F9EFE70446D6
:10360000EDE770B506461D46FFF7FDFD044698B987
:10361000B2F5007F15D8B36919815A810DB11544EF
:10362000ADB230469D814AB902F050FC044618B94B
:1036300007213046FEF73BF9204670BD02F057FCEB
:10364000F4E72124F8E72DE9F34106469846FFF711
:10365000DAFD0D461746044680B9B369090CAAB2D3
:103660009980DA8030463B46CDF8008002F015FCA8
:10367000044618B908213046FEF719F9204602B071
:10368000BDE8F08138B50546FFF7BDFD044648B9F1
:103690002846D2B202F03FFC044618B90921284658
:1036A000FEF705F9204638BD38B50546FFF7ABFDF6
:1036B000044648B92846D2B202F047FC044618B97D
:1036C0000A212846FEF7F3F8204638BD70B50546B6
:1036D0001E46FFF798FD044648B933462846FFF7D3
:1036E00094FE044618B90B212846FEF7E0F8204660
:1036F00070BD70B504461D46FFF785FD28B92B4601
:103700002046BDE8704002F06CBC70BD2DE9F0476A
:1037100005461E46FFF777FD0F460446DDF820A05C
:10372000DDF8288058BBAB6912F0020F19812846DA
:1037300033465146BDF824200CBF4FF00D094FF021
:103740001209FFF779FD0446C8B9434632463946A7
:10375000284602F05FFC0446A0B9B9F1120F06D169
:10376000334651462846B8F80020FFF765FDB8F803
:103770000020AB6949462846DA81FEF798F82046D2
:10378000BDE8F0872846FFF74BFDF8E738B505465A
:10379000FFF739FD044640B9284602F075FC04469F
:1037A00018B90E212846FEF782F8204638BD70B5BC
:1037B0000446FFF728FD1646054640B94FF6FF724E
:1037C000914206D141F20A112046FFF7B5FD284685
:1037D00070BDA369013120465E8189B202F02DFBE4
:1037E00020B911212046FEF762F8F0E70546EEE722
:1037F00038B50546FFF707FD044660B9AB69588147
:1038000098811981284602F061FB044618B90F21FE
:103810002846FEF74CF8204638BD70B505461E46D2
:10382000FFF7F1FC044648B933462846FFF7EDFDA3
:10383000044618B910212846FEF739F8204670BD15
:103840002DE9F0471C4696B0836901921B78064625
:10385000062B03D0112B60D001A81CE001291046D3
:1038600014BF4FF010084FF002080392002C4CD107
:10387000F6F798FB4FF6FF7508F1020987B2A742E9
:103880000ED8B369DA88AA4237D8002421463046D8
:10389000FFF752FD03A8F6F7F1FA16B0BDE8F0877E
:1038A00023464A46039904A8F6F7D7FAB369BDF848
:1038B00010509A88AA422DD8DB88AB422AD39DF8B3
:1038C0001330282BE1D0B2465AF80C3B424693F80D
:1038D00070300DF112010DA88DF83030ADF8325076
:1038E000CDF844804C44F5F7BAFF40F2044150460D
:1038F0000CAA03F0D3FDA4B2C1E7691C304689B21B
:1039000002F09BFA04460028C4D041F20A139C42FC
:10391000BBD0BBE741F20414B8E70129104614BF3D
:1039200012270427049284BBF6F73CFB42F60218E8
:103930004FF6FF7185B2A5420DD8B369DB888B4283
:1039400021D901314FF6FF72304689B202F075FA83
:103950000446A0B119E023463A4604990CA8F6F7AC
:103960007CFABDF83220BDF8301042459DF8333066
:1039700007D1B269022330460A32FFF746FD04A898
:1039800089E7282B06D141F20A1421463046FFF779
:10399000D3FCF4E73C44A4B2CDE7F0B5836987B02B
:1039A00003911B780546022B144653D10846049117
:1039B000002A47D1F6F7F6FA4FF6FF7687B2A7420C
:1039C0000DD8A869C288B2422BD8002421462846C7
:1039D000FFF7B2FC04A8F6F751FA07B0F0BD0422D5
:1039E0000499234605A8F6F738FAAA69BDF8141019
:1039F0009088BDF81660814229D3D388994226D891
:103A0000864224D39E4222D85069927A8379043424
:103A10000C330092034432462846FFF758FCA4B208
:103A2000CDE743694089711C0190987989B20C30C7
:103A30000344009328464FF4205302F012FA044640
:103A40000028C7D041F20A139C42BFD1BDE741F222
:103A50000414BBE703A8BEE7F0B587B005461746D8
:103A60001C46039153B9FFF716FC38B101232246D7
:103A70002846039900F084F807B0F0BDA9690B78D7
:103A8000082B05D8062B44D8032B0FD003A83DE004
:103A90000F2BFBD1039B0593002C6DD1002B6BD01A
:103AA000224628460989FFF72EFC59E00398059025
:103AB00018B3ECB9102683794A890C330989034479
:103AC00000962846FFF703FCAB699988DA88914293
:103AD00017D242F60203ADF81030022301310093F1
:103AE00028460DEB060389B202F0D7F9044660B10F
:103AF00041F20A139C4204D101E0002CF8D141F2BA
:103B00001F0421462846FFF717FC05A8F6F7B6F96B
:103B1000B2E7039805907CBB70B3F6F743FA0FB396
:103B200086B2B7421ED2394605A8F6F717FC38B957
:103B300005A8F6F7A3F91A212846FFF7FDFB9BE736
:103B40008379F61BC218023391898371AB69002215
:103B50005B89B6B200902846FFF719FCB742E2D95C
:103B60002146E9E7AA69284653891189059A0092F6
:103B70000022FFF70CFCF3E705A8F6F77FF9EFE763
:103B8000F0B585B006461F461446039132BB084681
:103B9000F6F708FA054608B3B1690B784A89082B8D
:103BA0000BD8062B0BD9039B09893046009313468B
:103BB0002246FFF7ECFB039401E00F2B19D0B1690B
:103BC0004B89EA1892B2B2F5007F4A8117D82FB11B
:103BD0003046098902F08BF9044628B100222346B9
:103BE00011463046FFF738FF03A8F6F747F905B04E
:103BF000F0BD3046039B0989FFF785FBDBE741F207
:103C00000414EBE773B5836901911B780446082B14
:103C100015460ED8062B0ED9019E20463146FFF7D9
:103C20003AFB2A46034631462046FFF7A9FF02B079
:103C300070BD0F2BF0D001A8F6F720F9F7E730B5EB
:103C4000836987B003911B780546092B144611D16F
:103C500005915AB9134600910F222146FFF797FBB1
:103C600021462846FFF768FB07B030BD05A8F6F7E8
:103C700005F9F5E703A8F6F701F9F5E770B58369EB
:103C800086B003911B7805460A2B144631D1059165
:103C900032BB0598F6F786F908B9044620E0002300
:103CA000022205A90DF11200F6F7E1F8012815D955
:103CB000BDF8126096B10598F6F774F986420FD8F0
:103CC000BDF8121005A8F6F749FB48B10023009093
:103CD000212219462846FFF75AFBDAE741F20D1474
:103CE00005A8F6F7CBF821462846FFF725FB06B0D6
:103CF00070BD03A8F6F7C2F8F9E72DE9F04F876920
:103D00009FB003913F780546052F16461C4604D800
:103D1000032F16D810D003A867E0082FFBD1084660
:103D20001391002B00F0C28013A8F6F7A7F82146E4
:103D30002846FFF701FB01E0FFF7AFFB1FB0BDE82E
:103D4000F08F202A0846049148D8002B40F0A88024
:103D5000571FF6F727F94FF6FF78FFB21FFA80FAE0
:103D60000DF11C0BA24506D8AB69DA88424500F27A
:103D70008780002434E02346324604990BA8F6F7E6
:103D80006CF8AB69BDF82C809A88424526D8DA8851
:103D9000424523D35969F1B9A94659F80C1BBDF81E
:103DA0002F2091F870109DF82E308DF84C10ADF842
:103DB0004E200DF131013A4615A88DF85030199773
:103DC000F5F74DFD40F20341484613AA03F066FBA8
:103DD0003444A4B2C6E75A89102A09D941F204141E
:103DE00021462846FFF7A8FA04A8F6F747F8A5E702
:103DF00000235846F6F731F8AB690DF13101102F69
:103E0000CDE9051B93F80A902BD1B9F1020F34D1FB
:103E100005A8E2F743FA0228DAD14A46DDE905109F
:103E2000F5F7EBFC0028D3D12B4653F80C0BBDF86B
:103E30002F1090F870009DF82E208DF84C00ADF8F2
:103E40004E108DF8502059464A4615A80293CDF8D9
:103E50006490F5F704FD029B40F20341184613AA53
:103E6000B4E7022F09D1B9F1100F06D106A8E2F785
:103E700015FA0228ACD13A46D0E73A465846CFE781
:103E800042F60303ADF84C30022308F10101009320
:103E9000284613AB89B202F000F804460028A3D0EC
:103EA00041F20A139C423FF464AF99E759B90021EB
:103EB0000023AA69284693815381118113993246C0
:103EC000FFF7CAFD3AE7F6F76DF816B180B2864201
:103ED000EDD1139A9379D118023389899371E7E769
:103EE0002DE9F0431C468FB0836903911B7805468A
:103EF000012B17465BD108460591F6F753F8202FA2
:103F00000BD941F2041421462846FFF715FA05A8FB
:103F1000F5F7B4FF0FB0BDE8F083002C42D105984F
:103F2000F6F740F84FF6FF76A7F104081FFA88F875
:103F30001FFA80F95FFA88F8A14505D8AB69DA88DD
:103F4000B24220D80024DEE723463A46059906A867
:103F5000F5F783FFAB69BDF818109A88BDF81A60B1
:103F60009142CED3DB889942CBD89642C9D39E42A8
:103F7000C7D832462846CDF8008007AB3C44FFF74F
:103F8000A6F9A4B2D8E74FF42053ADF810300223BD
:103F9000711C0093284604AB89B201F0F0FF04467F
:103FA0000028B4D041F20A139C42CBD0ABE703A85F
:103FB000AEE783691B780B2B02D0103B012B01D895
:103FC000FFF7BAB97047F0B585B00193836917461A
:103FD0001A7804460B3A0A9E072A42D8DFE802F014
:103FE000044130414104412901980390F5F7DAFF7B
:103FF00085B203A8F5F742FF26B131462046FFF708
:10400000B7F90FE0A1697A194B8992B293420BD9A3
:104010000A8201F10E032046098901F0FBFF0146E7
:104020000028EBD105B0F0BD0121204602F02CF8AC
:10403000F5E72EB91A8A0198BA420BD04FF481667F
:10404000019B03A80393F5F719FF31462046FFF7BC
:1040500073F9E7E7DA895969F5F7AFFF0028EDD181
:10406000EEE701A8F5F70AFFDCE738B582690446F8
:1040700013780D460E2B12D0102B01D00B2B12D122
:10408000536933B1997902F114000B44DD68F5F7F7
:10409000F5FE29462046BDE83840FFF78ABFBDE857
:1040A0003840FFF749B938BD07B5002300921B22FD
:1040B000FFF76DF903B05DF804FB07B5836959801C
:1040C000009200231D22FFF762F903B05DF804FBA4
:1040D00010B5037C0446012B0AD083695B884BB181
:1040E00001F0E2FF1A2802D00022A3695A8010BD15
:1040F0000720FCE70220FAE708B5FDF744FC18B1F9
:10410000BDE80840E3F7ECBC252008BD10B50C461F
:10411000FDF739FC50B12269022A01D0102A07D1DB
:104120002146BDE81040D2B2E3F7FCBC252010BD0B
:104130002120FCE710B50C46FDF725FC20B12146F7
:10414000BDE81040FFF789B9252010BD10B50C4619
:10415000FDF719FC20B12146BDE81040FFF701BA78
:10416000252010BD70B50D461446FDF70CFC58B166
:104170002369022B01D0102B08D122462946BDE825
:104180007040DBB2FFF7FEB9252070BD2120FCE7AF
:1041900038B50C461546FDF7F6FB28B12A462146F0
:1041A000BDE83840FFF70DBA252038BD70B50C4684
:1041B00015461E46FDF7E7FB30B133462A46214639
:1041C000BDE87040FFF71DBA252070BD70B50D46E3
:1041D0001446FDF7D8FB58B12369022B01D0102BF0
:1041E00008D122462946BDE87040DBB2FFF72BBA62
:1041F000252070BD2120FCE738B50C461546FDF79B
:10420000C2FB28B12A462146BDE83840FFF73ABA3A
:10421000252038BD38B50C461546FDF7B4FB28B14E
:104220002A462146BDE83840FFF73EBA252038BD72
:1042300070B50C4615461E46FDF7A5FB30B133465A
:104240002A462146BDE87040FFF740BA252070BDE0
:104250002DE9F041DDF818800E4617461D46FDF7A2
:1042600092FB70B144892B46033CA4B2AC4228BFF8
:104270002C463A463146A8F80040BDE8F041FFF729
:1042800038BA2520BDE8F0812DE9F047089F0C469B
:1042900015461E46BDF82480DDF82890FDF773FB17
:1042A00048B133462A462146CDE909890897BDE839
:1042B000F047FFF72BBA2520BDE8F08710B50C4674
:1042C000FDF761FB20B12146BDE81040FFF75EBA63
:1042D000252010BD08B5FDF756FB18B1BDE8084014
:1042E000FFF7F6BE252008BD10B50C46FDF74BFBC9
:1042F00020B12146BDE81040FFF77ABA252010BD55
:1043000070B50C4615461E46FDF73DFB30B13346F1
:104310002A462146BDE87040FFF77FBA252070BDD0
:1043200038B50C461546FDF72EFB28B12A46214626
:10433000BDE83840FFF73BBA252038BD08B500F08E
:104340004EF8407940F4805008BD08B500F047F8B9
:10435000407940F4805008BD70B506460D461446BD
:10436000D6F7A4FF4379C57523F0030343F0030395
:10437000437140F60943C380A0F8156020601530F2
:1043800070BD13B50C4601AAFFF7E6FF019BDA7971
:104390001444DC7102B010BD73B5064610460C46DD
:1043A0001546F5F7FFFD211801AA3046C9B2FFF7FF
:1043B000D3FF019B0646DA791444DC712B4633B9EE
:1043C00001A82946F5F750FE304602B070BD5C7971
:1043D00024F0030444F002045C711B68EFE708B5A5
:1043E000D6F76AFF83790C33184408BD08B5FFF788
:1043F000F6FF407940F4805008BD4B88052B05D16D
:1044000008880E288CBF00200120704700207047CC
:10441000F8B505460F46164604210A220020F5F796
:10442000C1FF0246B8B1847905210C3403194FF05D
:10443000060C00209970D87002F804C013241C7177
:1044400002245F715870D8719C7128461E81BDE8A6
:10445000F840E3F77FBFF8BD73B5054610460192FB
:104460000C46F5F79FFD042186B20198F5F7DDFEB5
:10447000024628B901A8F5F701FD1A2002B070BD67
:10448000837901900C33C1184C80C65221462846CE
:10449000E3F760FF0020F1E72DE9F84F8A469146E7
:1044A0009846064680B3846814F400442CD1E4F79F
:1044B000D9F81022834604212046F5F773FF0246FF
:1044C00020B305210C2387790C37C519A970EC702E
:1044D000C35512232B710823AB71BDF82830304629
:1044E000EB816C7085F805B0EC71A5F808A0A5F813
:1044F0000A90A5F80C80E3F72DFFB36843F400435E
:10450000B3602046BDE8F88F0224FAE71A24F8E7E2
:104510002DE9F04106468846174604210A2200206C
:10452000F5F740FF0246B8B1857900240C354319F0
:10453000052106209970DC70505501201871022069
:104540005C70987183F805803046DC711F81E3F759
:1045500001FF2046BDE8F0811A20FBE700207047EC
:104560000020704707B501A80192F5F787FC03B05A
:104570005DF804FB7047002070470F2070470F2044
:1045800070477047E4F762BEE4F77ABEE4F782BE94
:1045900008B5E4F7ADFD002008BDE4F7E1BDE4F7A0
:1045A000FDBDE5F7E5B807B58DF80710E0F784F82D
:1045B00068B145F2190200210DF1070300F0D4F9AA
:1045C000B0FA80F04009400003B05DF804FB212000
:1045D000FAE707B58DF80710E0F76EF868B145F215
:1045E0001D0200210DF1070300F0BEF9B0FA80F0C2
:1045F0004009400003B05DF804FB2120FAE710B544
:1046000088B0E0F759F80446002847D090F87200C7
:10461000022845D1A36813F4407F2AD094F8733060
:10462000012B2FD194F97500DEF708FF10B9A368AC
:10463000DB0527D594F8743013F0010322D1CDE9BE
:104640000133CDE90433CDE90633ADF80C30A3686E
:1046500013F4807F01AB0ED0A06AE16A228E03C3FF
:104660001A802046BDF8042004AB0DF10601E3F7E3
:10467000A3FD08B010BD0A22022194F97500FCF7D1
:104680003CF8EEE7002345F217021946204600F0F9
:104690006BF9B0FA80F040094000EAE72120E8E732
:1046A0000220E6E738B545F21B020C460B46002116
:1046B000054600F059F930B92CB121462846BDE82D
:1046C0003840E4F7D1B938BD00F070B901F0E6BA6E
:1046D00001F0EFBA10B504464C30FCF707F884F847
:1046E00075002046BDE8104001F0B3BA10B504468D
:1046F000FBF7C0FF01280DD094F8733094F97000D7
:10470000012B14BF0521032184F83210BDE81040AD
:1047100001F05CBBA36843F40073A36010BD00F01C
:1047200077B910B50446B0F80300DFF7B7FF30B132
:10473000B4F80D10621DBDE8104000F0CFB910BDF7
:1047400010B50446B0F80300DFF7A8FF40B1B4F895
:104750000D1004F10F03621DBDE8104000F0C1B957
:1047600010BDCB0448BF41F480618160704710B533
:104770000446006C30B94FF4B070F5F792FE206437
:1047800020B910BD4FF4B07102F0AFFEFF23226CD0
:1047900082F85E31A3681B0603D5C0230120137085
:1047A000EFE794F87330012B14BF80234023F5E723
:1047B00008B5D0B2DFF780FF28B190F8773003F06A
:1047C0007F0380F87730012008BD10B5044645F21C
:1047D0001A0102F0F6FD2046BDE8104047F23053C2
:1047E000002245F21A01F1F7D5BB10B50A4604467E
:1047F00008210020F5F7D6FD10B1837903441C731E
:1048000010BD38B505460C460D201121FFF7EDFF10
:10481000024688B12146837903440D3304F1100028
:1048200051F8044B814243F8044BF9D12846BDE8C6
:1048300038400621FFF710BE38BD38B505460C4696
:1048400004201121FFF7D1FF024688B12146837968
:1048500003440D3304F1100051F8044B814243F836
:10486000044BF9D12846BDE838400621FFF7F4BDD6
:1048700038BD38B505460C4603201121FFF7B5FFBA
:10488000024688B12146837903440D3304F11000B8
:1048900051F8044B814243F8044BF9D12846BDE856
:1048A00038400621FFF7D8BD38BD37B50022054690
:1048B00008211046F5F776FD0446C0B10C2301220D
:1048C0000DF107018DF80730F5F7A9FD296C2022BD
:1048D00051312046F5F7A3FD296C20227131204685
:1048E000F5F79DFD224606212846FFF7B5FD03B0EA
:1048F00030BD036C4BB983681B0608D490F8733045
:10490000012B14BF80204020704718787047C020CA
:10491000704770B50446FFF7ECFFE4F7C9FB0D469E
:104920000346002245F2010120469847236C03B15B
:104930001D702846E4F7BCFB4FF4A041034600225B
:104940002046BDE87040184770B51546044648B18A
:10495000FFF7CFFFE4F7ACFB2A4603462046BDE84D
:1049600070401847022070BD114608B51A4621F064
:104970000041FFF7E9FFB0FA80F0400908BD08B533
:104980000B4601461846F1F7DFFB003818BF01203F
:1049900008BD10B50446006838B11A2102F0A5FD23
:1049A0002068F5F783FD0023236010BD30B58BB080
:1049B0000D46002201A9C0B2E4F798F9044620BBD5
:1049C00001460D220DF10B00F4F741FFB5F803206D
:1049D0006B79ADF8082006A9019A02A88DF80A3073
:1049E000E4F7C6F940F20343BDF81820002818BFC9
:1049F0001C469DF81A30102102A82A80AB7002F0E4
:104A000074FD102106A802F070FD20460BB030BDE9
:104A100010B50446E4F7D0F804F13400FFF7B9FF0D
:104A2000A3685A0606D523F0400300212046A36060
:104A3000E3F756F9236C63B1D3F89400F4F763F904
:104A40000421206C02F051FD206CF5F72FFD0023AE
:104A5000236410BDF7B50D4669461646E4F746F9DE
:104A6000044698B929461022009801ABF4F7B6F92C
:104A700007461021284602F02AFD2FB110212846B2
:104A800002F033FD40F2074406B13760204603B020
:104A9000F0BD38B50446C51C03212846FFF76FFF5B
:104AA000C8B9E27863797AB922791A43F4D003F06D
:104AB0007F0343F0400363715323A3712146BDE894
:104AC0003840FF20FFF772BFFF2AF0D122791A4049
:104AD000FF2AE1D0EBE740F2074038BD0021E3F7C1
:104AE000FFB8F8B51D46836804465B060F461646B8
:104AF0002DD41A20F5F7D5FC0146606320B9204675
:104B0000BDE8F840E3F7ECB8034623F8027B3268CF
:104B100005F11001C0F8022072685A602A46636BE2
:104B20000A3352F8040B8A4243F8040BF9D11021DE
:104B3000284602F0DAFCA36843F0400213F4407FF9
:104B4000A26004D02046BDE8F840E4F7DDBBF8BD24
:104B500038B504460D4605200221FFF746FE024601
:104B6000B8B18379062103445D732046FFF774FCD6
:104B700045F490512046E3F777FF94F873302046D0
:104B8000012B18BF8021BDE8384008BF4021FFF746
:104B9000C0BE38BDB1F5A04F70B504460D461646EF
:104BA0000AD045F20603994218D0324629462046DB
:104BB000BDE87040E4F77EBD836843F08003836006
:104BC00090F87330012B14BF80204020E4F770FA76
:104BD000002203462046BDE87040184793791344ED
:104BE000597C41F49051E3F73FFFDEE72DE9F041B6
:104BF00096B0154605AA1C4606460B4690461D9FD4
:104C000001F1200E9446186859680833ACE8030097
:104C100073456246F6D12021404602F058FC0DABA8
:104C20002A469C4605F1200E1D4610685168083240
:104C300003C572452B46F7D12021604602F047FCA0
:104C4000AEB3336C93F85D31013B022B2FD89DF846
:104C5000703043F0800301AA8DF854301546234686
:104C600004F1100C144618685968083303C46345EE
:104C70002246F7D11021284602F029FC3B4641226A
:104C800041462846E4F722F904461021284602F05E
:104C90002CFC4121404602F028FC54B11EB10821F1
:104CA0003046FFF755FF204616B0BDE8F0810023DF
:104CB000D1E71021384602F00AFC002EF3D022463C
:104CC00045F211013046FFF73FFEECE72DE9F347CF
:104CD00090F873800446B8F1010F056C04D195F883
:104CE0005031002B40F0A88095F85C3195F8519137
:104CF000032B00F2ED80DFE803F00283ACD019F063
:104D0000010F78D011210620FFF76FFD82460028A1
:104D100000F09280877910210C3707447E1C3046C2
:104D2000FFF72DFE014658B120460821FFF710FF7E
:104D3000002140F2074002B0BDE8F047E3F7B2BE01
:104D4000A07CC0F110023044F4F781FDFBF792FC27
:104D5000012895F95E010BD132460521DEF79AFB59
:104D600010B30821204602B0BDE8F047FFF7F0BEBF
:104D7000334610220521FBF77FFC28B1002140F2C9
:104D80001B40E3F78FFEECE7B8F1010F0CD004F104
:104D90001803113756F8042BBE4243F8042BF9D1FF
:104DA000A36843F48073A360524606212046FFF7B0
:104DB00053FB0B210720FFF718FD074600283BD0C7
:104DC000867995F95E310C36064443F43F43082159
:104DD000A6F80130F01CFFF7D2FD0A22042195F954
:104DE0005E01731CFBF748FC0028C7D13A46062138
:104DF0002046FFF731FB95F85C31013385F85C31D3
:104E000019F0020F20D011210820FFF7EEFC064612
:104E100090B10023817901AA01440D31FF20019353
:104E2000FFF718FE58B108212046FFF791FE40F227
:104E300007400199E3F736FE02B0BDE8F08732463D
:104E400006212046FFF708FB95F85C31013385F811
:104E50005C3119F0020F1BD008210920FFF7C5FCB7
:104E600007460028E8D086790C360644E0F73AFB7E
:104E700083793A4683F00803C3F3C0037370036871
:104E80000621C6F8023083882046F380FFF7E4FA53
:104E900095F85C31013385F85C3119F0040F12D0BC
:104EA00011210A20FFF7A1FC06460028C4D0807912
:104EB00010223044AB210D30F4F7C9FC32460621F4
:104EC0002046FFF7C9FA95F85C31013385F85C316B
:104ED000B8F1010F08D0236C93F85031002BABD1FF
:104EE00095F85C31042BA7D1A36C10220B2195F906
:104EF0005E013133FBF7C0FB78B140F21B41204625
:104F0000E3F7B2FDB8F1010F14BF80214021204624
:104F100002B0BDE8F047FFF7FCBCA36C01220C21F6
:104F200095F95E012033FBF7A7FB0028E5D1A36CC0
:104F300010220D2195F95E012133FBF79DFB00281E
:104F4000DBD1082295F95E01114604F11003FBF74D
:104F500093FB0028D1D1236C93F85E2184F875204F
:104F6000FF2283F85E21FBF785FB012818BFA368A9
:104F700020461CBF43F48073A360E3F74DFDC1E7F7
:104F8000E4F750BC70B5B1F5A04F0446154688B0A3
:104F900077D045F21B06B14240F00A8190F8743098
:104FA000DB0766D5056CB5F850312BB14C21FFF706
:104FB000B0FC002008B070BDD5F858315E0747D569
:104FC000AB79D80744D56B7BD90741D5A36C1022A8
:104FD0000B2195F95E013133FBF74EFB38B140F2FE
:104FE0001B412046E3F740FD40F21B40E2E7A36C83
:104FF000206C01220C2190F95E012033FBF73CFB71
:105000000028ECD1A36C206C10220D2190F95E01D8
:105010002133FBF731FB0028E1D10822206C114637
:1050200090F95E0104F11003FBF726FB0028D6D1AE
:10503000236C93F85E2184F87520FF2283F85E21AB
:1050400020464021FFF765FC2046E3F7E5FCB0E78A
:1050500005F5987304F1180205F5A07553F8041BC3
:10506000AB4242F8041BF9D1A36843F48073A360F8
:10507000E6E74021FFF74DFC29462046E3F7F4FC24
:1050800097E7036CD3F8582112F0040255D00022A0
:10509000CDE90122ADF80C209A79D2073FD55B7B90
:1050A000DB073CD5FBF7E6FA0128206C0CD100F5B4
:1050B0009872032190F95E01DEF7ECF978B30821CC
:1050C0002046FFF745FD8FE700F598731022032176
:1050D00090F95E01FBF7D0FA28B1002140F21B40A5
:1050E000E3F7E0FCEBE7206C102200F59873052154
:1050F00090F95E01FBF7C0FA0028EED1236C04F1B1
:10510000180103F5987203F5A07352F8040B9A4244
:1051100041F8040BF9D1A36843F48073A360002322
:10512000BDF80420CDE90433CDE906330DF10601C5
:1051300004AB2046E3F740F83BE7D3F8B810C3F8D8
:10514000D010D3F8BC100092C3F8D410006C69469C
:1051500000F59870E3F768FE48B10098F3F7D3FDC7
:1051600020460821FFF7F4FC40F2074022E7206CBC
:10517000009A00F59871C830E3F7FAFD054600285B
:10518000EBD10098F3F7BFFD236CA07C03F5987377
:10519000C0F1100229461844F4F759FB2A46CDE91C
:1051A0000155CDE90455CDE9065504AB01A9C0E789
:1051B00008B0BDE87040E4F77DBA2DE9F04796B03D
:1051C0001D46DDE9229705AB06460C469E46DDF8F6
:1051D000908002F1100A9C46106851680832ACE8D1
:1051E000030052456346F6D17046102102F06FF974
:1051F00009AA2B46944605F1100E15461868596801
:10520000083303C573452A46F7D16046102102F0E2
:105210005EF90DAA94461E9B03F1100E1546186800
:105220005968083303C573452A46F7D160461021F3
:1052300002F04DF99DF87C30D9F800008DF844302B
:105240009DF8803006218DF845309DF8843012900D
:105250008DF8463099F8063012A883F00803C3F39E
:10526000C0038DF84730B9F80430ADF84C3002F087
:105270002EF9BB79062183F00803C3F3C0038DF830
:105280004E303B680DF14F00CDF84F30BB8804F134
:105290001007ADF8533002F01AF901AA234615465B
:1052A000144618685968083303C4BB422246F7D134
:1052B0001021284602F00BF94346412205A9284651
:1052C000E3F704FE04461021284602F00EF94121BE
:1052D00005A802F00AF934B108213046FFF738FC7E
:1052E00016B0BDE8F0874046102102F0F0F82246E3
:1052F00045F213013046FFF727FBF1E72DE9F041B6
:105300009CB0154608AA1C4606460B469046239FAD
:1053100001F1200E9446186859680833ACE8030080
:1053200073456246F6D12021404602F0D0F810AB1A
:105330002A469C4605F1200E1D4610685168083229
:1053400003C572452B46F7D16046202102F0BFF815
:1053500018AA9446229B03F1100E15461868596846
:10536000083303C573452A46F7D16046102102F081
:10537000AEF804AA2346154604F1100C144618682A
:105380005968083303C463452246F7D110212846E3
:1053900002F09DF86B46502241462846E3F796FD01
:1053A00004461021284602F0A0F85021404602F0A1
:1053B0009CF834B108213046FFF7CAFB1CB0BDE8A9
:1053C000F081039B38463B60042102F080F8684678
:1053D000102102F08AF8224645F214013046FFF708
:1053E000B3FAEBE72DE9F3411D46089B04468846D6
:1053F000164690F873705BB110211046FFF7BFFAA4
:1054000030B10821204602B0BDE8F041FFF7A0BB53
:10541000236C013E691E03F1100013F8012F16F8EA
:1054200001CF834282EA0C0201F8012FF5D100225C
:10543000404601A90192E3F7F7FC48B10198F3F760
:1054400062FC08212046FFF783FB02B0BDE8F08133
:1054500029462846019AE3F78BFC0028EED1022F5B
:105460000CBF0023062304F159022B4404F15F0012
:1054700012F8016F1978904281EA060103F8011BC6
:10548000F6D1022F14BF0023062304F152022B444D
:1054900004F1580012F8016F1978904281EA060170
:1054A00003F8011BF6D129462846019AE3F760FC70
:1054B00005460198002DC2D1F3F725FC2A4645F296
:1054C00010012046FFF740FABFE773B545F2040626
:1054D000B142044615460DD045F21006B14222D025
:1054E000B1F5A04F38D1FFF770F9236CD3F85831DC
:1054F000D90720D5236CD3F85821D2070BD4AA7929
:1055000098330C3215446A1D153552F8041BAA4213
:1055100043F8041BF9D1216CD1F8583113F004037E
:105520000CD0832104E0016CA831FFF7A2F985219A
:105530002046FFF7EEF9002002B070BD81F85C3123
:10554000012301F1B8020093204601F1A80301F5FF
:105550009871FFF747FFEEE702B0BDE87040E4F74F
:10556000A9B845F21003F0B59942044685B000F0A1
:1055700087800CD8B1F5A04F1CD045F205039942A5
:105580001DD0204605B0BDE8F040E4F793B845F2E1
:105590001103994200F08D8045F212039942F0D137
:1055A000036C93F85D31042B40F2B380052B03D1DB
:1055B00048217BE0FFF709F9002005B0F0BD9179A3
:1055C000036C0C310A44511DB833153251F8040BE9
:1055D000914243F8040BF9D1256C102205F1C8075C
:1055E00005F1B80631463846F4F707F920B9042129
:1055F0002046FFF7ADFADFE7D5F8583113F0040382
:1056000032D095F85D31042B13D105F1F8030393E3
:1056100005F59873029304F15303019304F15A03BF
:1056200000933A463346204605F1D801E4F750FB93
:10563000C2E705F5A07005F1110105F151020190D5
:105640000BB1052B06D10023009320463346FFF70C
:10565000CDFAB1E795F85C01D5F82C31C34003F0E1
:10566000010343F08003EFE785F85C313246009395
:10567000204605F5A07305F59871FFF7B3FE9BE78B
:10568000056C102205F1A80105F5A070F4F7B5F836
:105690000028ACD14B21D5F858319B0742BF94F874
:1056A000743043F0020384F874302046FFF731F978
:1056B00082E7056C102205F1A80105F5A070F4F74A
:1056C0009CF8002893D195F85D31013B022B0FD84F
:1056D00095F85C310133DBB2142B85F85C3107D0CF
:1056E000D5F85831432123F00103C5F85831DCE7E0
:1056F00005F1F803039305F59873029304F153033E
:10570000019304F15A03009305F1C80205F1B803AF
:1057100089E74921CAE7B1F5A04F70B5044615469F
:1057200007D045F20406B1420CD0BDE87040E3F763
:10573000C1BFFFF74AF8236CD3F85831D90701D419
:10574000002070BD236CD3F85821D20718D4AA7951
:10575000A8330C3215446A1D153552F8041BAA42B1
:1057600043F8041BF9D1206C102200F1A8019830F5
:10577000F4F743F820B904212046FFF7E9F9DFE701
:10578000206C1021C830FFF7FAF858B108212046E4
:10579000FFF7DEF940F207400021E3F783F940F21A
:1057A0000740CEE7216C2046C831FFF746F8472175
:1057B0002046FFF7AEF8C3E7B1F5A04F70B503463A
:1057C000144607D045F21806B14207D0BDE8704034
:1057D000E3F770BFFEF7F9FF002070BD1268551C9B
:1057E00003D10121FFF7B4F9F6E7016CD1F85801B4
:1057F000400743BF002281F85C212268C1F83021B4
:1058000048BFC1F82C2118464321FFF782F8E3E78F
:10581000B1F5A04F70B51346044607D045F2040613
:10582000B14207D0BDE87040E3F744BFFEF7CDFFBB
:10583000002070BD9979026C0C310B44591DA832BF
:10584000153351F8040B994242F8040BF9D1256C39
:10585000102205F1A80105F19800F3F7CEFF20B959
:1058600004212046FFF774F9E2E7204605F1C8015C
:10587000FEF7E3FF47212046FFF74BF8D8E7B1F5E5
:10588000A04F13B504460ED0A1F5A043103B012B49
:1058900045D8016C9831FEF7ECFF44212046FFF714
:1058A00038F8002017E0016CD1F8583101F1C80236
:1058B00013F0040328D010211046FFF760F860B100
:1058C00008212046FFF744F940F207400021E3F7A2
:1058D000E9F840F2074002B010BD216C204601F10A
:1058E0009803019391F85C21D1F82C31D34003F057
:1058F000010343F08003009301F1110201F1C80399
:105900005131FFF773F9CCE781F85C310123009343
:1059100001F1980301F59871FFF764FDC1E702B04A
:10592000BDE81040E3F7C6BEB1F5A04F73B504461D
:10593000154677D045F21B06B14240F0F68090F84C
:105940007430DB0766D5056CB5F850312BB1892171
:10595000FEF7DFFF002002B070BDD5F858315E07BA
:1059600047D5AB79D80744D56B7BD90741D5A36C14
:1059700010220B2195F95E013133FAF77DFE38B123
:1059800040F21B412046E3F76FF840F21B40E2E78C
:10599000A36C206C01220C2190F95E012033FAF7F0
:1059A0006BFE0028ECD1A36C206C10220D2190F925
:1059B0005E012133FAF760FE0028E1D10822206C55
:1059C000114690F95E0104F11003FAF755FE002824
:1059D000D6D1236C93F85E2184F87520FF2283F8DA
:1059E0005E2120468021FEF794FF2046E3F714F85D
:1059F000B0E705F5987304F1180205F5A07553F8A2
:105A0000041BAB4242F8041BF9D1A36843F4807332
:105A1000A360E6E78021FEF77CFF29462046E3F7F6
:105A200023F897E7036CD3F8582112F0040245D00D
:105A30009A79D2078ED55B7BDB078BD5FAF71AFEF6
:105A40000128206C0ED100F59872032190F95E01B7
:105A5000DDF720FD00283FF47DAF08212046FFF749
:105A600077F892E700F598731022032190F95E0110
:105A7000FAF702FE28B1002140F21B40E3F712F8CA
:105A8000EBE7206C102200F59873052190F95E0178
:105A9000FAF7F2FD0028EED1236C04F1180103F5AA
:105AA000987203F5A07352F8040B9A4241F8040B64
:105AB000F9D1A36843F48073A3604BE7D3F8B8101F
:105AC000C3F8D010D3F8BC100192C3F8D410006C06
:105AD00001A900F59870E3F7A7F948B10198F3F729
:105AE00012F920460821FFF733F840F2074032E769
:105AF000206C019A00F59871C830E3F739F9054632
:105B00000198002DEBD1F3F7FEF8236CA07C03F590
:105B100098732946C0F110021844F3F798FE216CDF
:105B20002046B831FEF789FE14E702B0BDE87040A8
:105B3000E3F7C0BDB1F5A04FF7B5044608D045F274
:105B40001105A94236D003B0BDE8F040E3F7B2BD7D
:105B5000006C1021B830FEF712FF60B1082120461A
:105B6000FEF7F6FF40F207400021E2F79BFF40F20C
:105B7000074003B0F0BD256C95F85D6105F1A807FD
:105B8000013E022E01979CBFD5F82C0195F85C616F
:105B900005F151019EBFF04000F0010040F080008F
:105BA000009005F11102204605F1B803FFF71EF839
:105BB0000020DEE7016CA831FEF75BFE8521204660
:105BC000FEF7A7FEF4E770B545F20406B1420446BD
:105BD000134625D045F21806B14206D0B1F5A04FC4
:105BE00033D1FEF7F2FD002070BD11684D1C03D1CA
:105BF0000121FEF7ADFFF6E7026CD2F8580140072D
:105C000043BF002182F85C111B68C2F830112046A6
:105C10004FF0840148BFC2F82C31FEF77AFEE2E76C
:105C20009979026C0C310B44591D9832153351F897
:105C3000040B994242F8040BF9D1226CD2F8583186
:105C400043F00103C2F85831CDE7BDE87040E3F7F7
:105C500031BD002310B50364044690F97500431C60
:105C600013D0DDF7DDFF082204F11003114694F98B
:105C70007500FAF742FD94F91330012B07D194F81F
:105C8000743043F0020384F87430002010BD022BFE
:105C9000FBD194F8743043F00A03F4E74B88062BE9
:105CA00005D1088841288CBF0020012070470020C2
:105CB000704707B58B790A460B440191197C4B1E3E
:105CC0000D2B04D801F5A0410131FEF73DFE01A8DE
:105CD000F4F7D4F803B05DF804FB08B5E1F77EFFF4
:105CE000E2F7CCFCE5F798FCBDE80840DFF710BF11
:105CF00008B5E2F7B1FB28B9BDE808400020002153
:105D0000F0F78EB900200021F0F78AF9E1F774FF6F
:105D1000EFE707B501218DF807000DF107020846EE
:105D2000E2F79CF8002003B05DF804FBE2F796B8B8
:105D300037B5044642F60720FCF7A9F90546C0B17D
:105D40000A23002CCBBF0534053CB4FBF3F494FBD1
:105D5000F3F40123002118460DF1070264B28DF817
:105D60000740F4F789FB0022034629461046FCF75A
:105D7000C1F803B030BD38B50D46F7F731FD044624
:105D800018B9B5F90000FFF7D3FF204638BDE2F798
:105D900085B8430803F05503C01A00F03303C0F37D
:105DA000850000F03300184400EB101000F00F00E5
:105DB0007047002110B5421D441E14F8010FFFF773
:105DC000E8FF94420144F8D1084610BD70470E2008
:105DD0007047704710B5F0F791FA044628B10124D6
:105DE000204610BD436ADB06F9D4DEF7B7FE002873
:105DF000F8D1F5E7052802D10846E1F757BF212081
:105E0000704710B5D3F74EF9002814BF03240124BE
:105E1000D3F74EF908B144F00404204610BD10B584
:105E2000D3F740F9002814BF03240124D3F740F925
:105E300008B144F00C04204610BD70B504460E466F
:105E40001546052100220420FAF70DFD014618B180
:105E5000A0F80160A0F803502046BDE87040FAF7B2
:105E60005BBDF7B51D460023044600930F4616465A
:105E700007210620BDF82430089AFAF718FD0146DC
:105E800028B1A0F80170A0F80360A0F805502046E2
:105E900003B0BDE8F040FAF73FBD73B515461A46AA
:105EA0000023044600930E46082005219DF8183073
:105EB000FAF7FDFC014618B1A0F80160A0F8035004
:105EC000204602B0BDE87040FAF726BD38B5002282
:105ED00004460D460A200321FAF7C5FC014608B125
:105EE000A0F801502046BDE83840FAF715BD70B55E
:105EF00004460E461546052100220C20FAF7B3FC95
:105F0000014618B1A0F80160A0F803502046BDE892
:105F10007040FAF701BD37B544891346013C24F0BF
:105F20000104A4B2A2424FF000020546009288BFCD
:105F3000E3B20A460E200121FAF7B9FC01462846D1
:105F400003B0BDE83040FAF7E7BC37B544891346E3
:105F5000013C24F00104A4B2A2424FF00002054625
:105F6000009288BFE3B20A4620200121FAF79FFC85
:105F70000146284603B0BDE83040FAF7CDBC73B502
:105F800015461A460023044600930E4610200521AC
:105F90009DF81830FAF78BFC014618B1A0F80160A3
:105FA000A0F80350204602B0BDE87040FAF7B4BC38
:105FB00073B50E46002144890546033CA4B2A342B2
:105FC000009128BF234603211220FAF770FC0146F6
:105FD00008B1A0F80160284602B0BDE87040FAF7A9
:105FE0009BBC73B50E46002144890546033CA4B210
:105FF000A342009128BF234603215220FAF757FC01
:10600000014608B1A0F80160284602B0BDE8704022
:10601000FAF782BC2DE9F3410546984683690F469D
:1060200058691646F3F7BEFF6C8980B2053CA4B2EE
:10603000844228BF0446A86921461430F4F78EF93B
:10604000009048B1052208210020F4F7ABF9019037
:1060500030B96846F3F712FF1A2002B0BDE8F081AC
:10606000009901A8F4F700F81620019A93790C33EF
:10607000D118D054A8F800402846A1F80170A1F822
:106080000360FAF749FCE8E738B5002204460D46FC
:1060900018200221FAF7E7FB014600B145702046BF
:1060A000BDE83840FAF738BC10B50121044600229B
:1060B0001E20FAF7D8FB01462046BDE81040FAF74B
:1060C0002BBC70B5857904460C354619F3F76AFF89
:1060D000625D431E013A9BB2202A12D8DFE802F02B
:1060E000131118111A112B113111421142114211C1
:1060F0003511271111113B112711401140111111B8
:106100004200002070BD042B14BF01200320F9E7DA
:10611000022BF9E743B37278022A0AD0012A23D16D
:106120000222013B0232B3FBF2F102FB1133002BDE
:10613000EAE71022F5E713F0030F14BF0120032054
:10614000E0E78BB17278013BEDE76BB17278032A1F
:106150000AD9013BE7E7042B34BF01200320D1E734
:10616000022BF9E70320CDE70120CBE70078DEF72B
:106170001DBC13B50C460DF107020DF10601FAF72F
:1061800085FD30B19DF80600031B5842584102B00E
:1061900010BD0120FBE7F0F771B82DE9F0430F4681
:1061A000DDE90C8940F60104154617F0020F08BF1F
:1061B0004FF4006417F0080F18BF44F0020417F002
:1061C000040F18BF44F0040415F0010F18BF44F089
:1061D000100415F0020F18BF44F0400415F0040F2E
:1061E00018BF44F0200415F0080F18BF44F4807461
:1061F00015F0100F18BF44F4806415F0200F18BF7D
:1062000044F400749DF8246015F0400F18BF44F466
:10621000805415F0800F18BF44F48044ED0506F15A
:10622000FF35EDB248BF44F40054032D28BFFF25CD
:10623000BDF828C0BDF82CE003F00103CDE90C390E
:1062400007999DF820203B46CDE90A85CDE908CE87
:106250000794BDE8F043E0F7C1BC2DE9F0430F46D9
:10626000DDE90B8917F00104154619469DF81C203D
:106270009DF82060BDF824C0BDF828E007F00203B7
:1062800040D1002B47D14FF4006417F0040F18BF22
:1062900044F00404BF0544BF24F40064A4B2EF0733
:1062A00048BF44F01004AF0748BF44F040046F07F4
:1062B00048BF44F020042F0748BF44F48074EF0621
:1062C00048BF44F48064AF0648BF44F400746F06CE
:1062D00048BF44F48054013E2F0648BF44F4804434
:1062E000F6B2ED0548BF44F40054032E28BFFF2644
:1062F000CDE909E8CDE90B69CDE9074CBDE8F043EC
:10630000E0F778BD4BB1022304F5006443F00803C5
:1063100044F00204B9E72346F6E7022340F60104FD
:10632000B3E7F7B5002415460DF107020E461F46E8
:106330008DF80740FAF71BFA30B13460C6F8034015
:106340002C703C7003B0F0BD9DF8073001332B700A
:10635000F8E7FEF717B9E2F709BBE7F75DBDF0F71D
:1063600051B9FEF711B9FEF711B973B50C4600210A
:106370001546F3F7E6FB019040B122462946F4F7B3
:106380004EF8844204D001A8F3F778FD02B070BD46
:10639000019DA9790C316A586E181302C2F30720C7
:1063A00003F4E06303432344180280B2C3F30223DF
:1063B00022F47F42034322F0070213436B5001A8EB
:1063C0003471F3F7D1FBE1E70E2070470E207047E0
:1063D0000E207047704770470F20704700207047AD
:1063E000704770477047E7F7ABBF0078DFF7AEBA8A
:1063F00038B5DFF745FB0446C8B1437803F0F00336
:10640000102B03D0202B09D100F05FF8002541F2BA
:1064100016012046E7F75EFE284638BD302BF5D141
:106420000088C0F30B00E7F73DFE0546EFE740F2BA
:106430000A45F1E738B505460020DFF74FFB044673
:1064400000B938BD04F10800FAF750F9421C08D031
:106450006B1C01D0A84204D12046DFF7B1FAFFF748
:10646000C7FF2046E9E71FB502460C46D0F80200F8
:10647000D2F8061001AB03C35189127B2046198064
:106480000D219A70F3F709FEBDF80500DFF710FB48
:1064900050B1DFF795FA9DF80C300246FF2B2146EC
:1064A00001A803D100F012F804B010BD00F00FF8FD
:1064B000FAE708B5B0F80300DFF7FAFA20B1BDE853
:1064C00008400721E7F706BE08BD704770477047D0
:1064D00013B50C4601A901F0CBFE10B9019BC4E92C
:1064E000003002B010BD08B5EFF7DEFB50B9EFF792
:1064F0008FFD00200021EFF7DFFB18B9BDE8084051
:10650000F3F7A0BB012008BD38B504460D46202294
:106510000021F3F79CF9F1F7C9FDD5E90232E260F9
:10652000EA8B43F4806322822A8CA0806282AA8C48
:10653000A282EA8CE2826A68A3602260FFF74EFFC3
:1065400018B1A36843F00403A360A36843F4803246
:10655000A2602A68920544BF43F41023A36038BDAB
:1065600008B5FFF7C0FF80F00100C0B208BD08B554
:10657000FFF7F6FF00280CBF0420012008BD08B576
:10658000F8F7A5FB002008BDE7F794BFE7F7A2BF27
:106590000E2070470E20704702207047022070477F
:1065A00000207047012070470020704708461146C0
:1065B000012200F070B870B50C4611461A46E8F793
:1065C00007F9059B049E0493456933462046AC4673
:1065D000BDE87040604710B5E8F7FAF8BDE8104034
:1065E00083690846184700F07ABB00F082BB00F0D0
:1065F000F5B808B500F068FB002008BD00F0D0B881
:10660000431E012B03D9031F5842584170470120F4
:10661000704700F09EBD4FF4D8720021F3F717B910
:1066200070B50446E9F7CAFD0546A8B9A169F1B1FC
:10663000238AD3B1204604F1100200F033FC38BBAA
:10664000E16919B3638AA3B1204604F1120200F094
:10665000FEFB78B1054603E00023A3612361E361FB
:10666000002328466361236270BDA061E8E72082B1
:10667000E6E7E361216A0029F2D0A28A002AEFD07E
:106680002046E38ABDE8704000F0A0BB6182F1E7DC
:106690006582E561DEE7E9F7B7BF0A7838B50546F8
:1066A0001046FFF7ADFF60B14C782046FFF7A8FF1A
:1066B00038B12243530704D42846BDE83840E9F7EF
:1066C000FBB9212038BDFFF7E8BF10B504460878B4
:1066D000FFF796FF58B14A781046FFF791FF30B1A7
:1066E000042A04D02046BDE81040E9F703BA21206F
:1066F00010BDFFF7EABF09B1E9F738BA21207047AA
:1067000000F06EBA084600F0D7BC7047F8B50646F0
:106710000D46E8F769F9D8B94FF6FF734FF0240C2E
:10672000EF68C1B28F4208D81C4621463046E8F7D0
:10673000D7FA00F012FD2046F8BDAA680CFB012232
:10674000D4899C4202D2002CEFD023460130E8E7E6
:106750004FF6FF74EFE7808D7047F0B504460026D2
:106760002427C268013A12B2964202DD4FF6FF704A
:106770000DE0B318A56803EBD3735B1007FB03555B
:1067800098B2EB898B4203D82B8A8B4203D3F0BD9E
:10679000431E1AB2E8E7431C1EB2E5E700F05DBAFB
:1067A00070B504460D46164600F06BF858B1294600
:1067B0002046E8F795FA38B9324629462046BDE822
:1067C0007040EDF729BE0E2070BD08B5E8F782F8DD
:1067D00018B1BDE80840EDF77FBB08BD062AF8B543
:1067E00004460F4615461E4624D8E9F72FF818B37D
:1067F00020463946E8F774FA0446B0B9012102464A
:106800000846FFF748FF204600F0A5FCECF72CFAFD
:106810003046E8F7BDFF062D284608D06FF0290363
:106820002B41DB0703D4ECF785FA2046F8BDECF7E3
:10683000BFFAFAE72124F8E70224F6E700F0B4BB38
:10684000E9F7EAB900F034BA00207047E8F7B6BFBC
:10685000084600F08BBC00F0A9BBE9F7E9BBEBF7F9
:10686000CFB8E9F7F9BA00F05FBA38B50446154673
:1068700009B100F0D8FB15B12046EAF7FBF900207A
:1068800038BD0346408A18B1188A003818BF012065
:106890007047E9F77FBCE9F723BD10B49DF80440C9
:1068A00001945DF8044B00F038BB00F023BBE9F71E
:1068B000F1BC00F02FBB10B5044600F07CF820B905
:1068C0002046BDE81040E8F7A3BB10BD00F05BBC5C
:1068D00000F059BCEBF7E0BD2DE9FF4198460446B6
:1068E0000E46174602F036F805462046FFF7E3FF4E
:1068F0000A9B3A4602930023314601932046CDF885
:106900000080E8F7D3FB0446284602F01EF8204634
:1069100004B0BDE8F08138B5044602F01BF8054626
:106920002046FFF7C8FF2046E8F79EFB04462846AE
:1069300002F00BF8204638BD38B5044602F00AF8DC
:1069400005462046FFF7B7FF204600F043F804460F
:10695000284601F0FAFF204638BD38B5044601F05C
:10696000F9FF05462046FFF7A6FF204600F038F85D
:106970000446284601F0E9FF204638BD70B50446BC
:106980000E4601F0E7FF05462046FFF794FF31462B
:106990002046E8F7D7FB0446284601F0D6FF2046FC
:1069A00070BD012070470120704701207047EAF751
:1069B000C9BC00F069BBE8F765BA10B501F0CAFFC1
:1069C000044600F015F8E8F783FA2046BDE81040C9
:1069D00001F0BBBF024608B5E8F754FA507D08BD88
:1069E000024608B5E8F74EFA507D80F0010008BD78
:1069F00000F0C9BBE8F7C0BF00F03BB938B50321D0
:106A00000546E8F709FF04462846EAF74BFB20460F
:106A100038BD38B590F825400D46FF2C17D0023C04
:106A2000012C8CBF0024012449682246EAF776FB3A
:106A3000286890FAA0F0000AECF7EAF8A97A288909
:106A4000224681F00101EAF799FB002038BD0220BF
:106A5000FCE730B585B005460FC96C4684E80F00E9
:106A600021462846FFF7D5FF05B030BDF0B59C465E
:106A700005460E46174687B00C9B02AC0FCB84E848
:106A80000F0063463A46314628460094EAF7AAFBCF
:106A900007B0F0BD00207047002070477047D0F865
:106AA0009C3003F06003402B0DD0602B03D0203BC3
:106AB00058425841704749B10B68012B06D94869C3
:106AC00040F00100704740F201107047002070470D
:106AD000012A38B50C46114638BF01210139C9B227
:106AE000617021704B4300216180D0F8E81027339A
:106AF00023F003034968E518656039B132B12846CF
:106B0000EBF7C8FE013005EB800038BD4FF0FF32D7
:106B1000281DE250F9E72DE9F04304464FF47A705E
:106B20001646584387B00F46BDF83880EDF71AFA7D
:106B3000356838604146D4F8E8007D60FFF70DFE07
:106B40004FF6FF73984249D02422D4F8E8305043DE
:106B50009B680F9A1F5803EB0009C2F8009067BBAF
:106B60004A4641462046009703ABE9F711FDD4F8A9
:106B7000F0902A464146204603ABCDF80C90EDF745
:106B80004BF905EB800227B149462046E8F7B0FDF6
:106B9000024614464FF0FF3344F8043B601BE028E4
:106BA0008CBF0020012040F6E7422F21E8F754F97E
:106BB0000020346007B0BDE8F08339462846EBF783
:106BC00069FE00234A460093414605EB800503AB6E
:106BD0002046E9F7DDFCD7F80490CAE72120E9E771
:106BE000F7B504461046D4E954C7DDE908268CEA17
:106BF000020587EA06010540194085EA0C0579403F
:106C0000C4E95451002523F4004106EA010320F0B1
:106C1000010043F40073024043F002030195009524
:106C2000EEF77AFB94F824309A0713D5D4F8543150
:106C30009B050FD54FF48811204600F066FB94F8B1
:106C40002430024665F3410384F8243020460B4685
:106C5000E8F7D0FD002003B0F0BD30B4D0F89C3090
:106C60000A4023EA01031343C0F89C3030BCE9F723
:106C700093BD0220EBF706BCD0F8F02008B57AB13E
:106C80001368022B0CD9536A13F47F4FC3F3072107
:106C900006D0126ADBB253438B42B3FBF1F006D24B
:106CA000002040F607324C21E8F7D6F8002008BD56
:106CB0000346B3F8322108468A4203D0A3F83211C2
:106CC000EAF75EBF0020704708B500F0FEFABDE8A5
:106CD0000840EBF7F9BF4FF48071EEF7BBBE10B57B
:106CE0000023E8F7B5FF044608B9EDF77FFB20461F
:106CF00010BD38B51D4600230446E8F7A9FF28B9A2
:106D000029462046BDE83840EDF75CBC38BDD0F8D8
:106D1000F00040B10368122B04D9006D202828BF71
:106D20002020704700207047F8B507460E468C8833
:106D3000E8F7A8FE97F825700546042F737C0CD160
:106D4000012B0AD801460120EDF75AFA421C01D165
:106D50000220F8BDE30003330EE0023FFFB2012F33
:106D60008CBF002001202946EDF74AFA431CEFD0E2
:106D7000012F4FEAC403EED903220344B271002D60
:106D8000E6D0B3F5803FE3D84FF224416A0901FB16
:106D900003232D09B3FBF5F332680020D21A3260C9
:106DA000D7E738B54FF03A430546DC6A808AC4F32A
:106DB0000C04A04234BF0020012041F216420821F9
:106DC000E8F74AF8A88A001B80B238BD2DE9F041E7
:106DD000884618F0030706461546194633D1B2F522
:106DE000805F30D89A422ED33F2A28D9B2FA82F453
:106DF00001220120C4F11F03DBB29A4092B2AA42E1
:106E00002CBFC4F11904C4F11A04E2B2931DDBB221
:106E1000984080B2A84214D096F80131ABB9012055
:106E200096F8243060F3C71386F824304046EAF71A
:106E300091FBC6F82080B5823846BDE8F0813A461D
:106E4000EAE70020ECE72127F6E70E27F4E7F8B59C
:106E500011F0030607460D46144621D102B31388EC
:106E60003F2B1DD9B3FA83F3C3F11901C9B2062927
:106E700001D8192B12D0062928BF062101238A1D0B
:106E8000D2B293402846238000F04EF9238838463A
:106E9000FD617B82EAF776FC3046F8BD3146EDE7CE
:106EA0002126F9E738B5148811F003054FEAC40428
:106EB0001ED13F2C1CD9B4FA84F4C4F11903DBB2FF
:106EC000052B01D8192C11D0052B28BF052301242F
:106ED0000633DBB204FA03F3C3F3CF0414808161F9
:106EE00004820387EAF74EFC284638BD2B46EEE7BE
:106EF0002125F9E770B50E4610210546EEF7AAFDEB
:106F00000446102128463201EEF790FDEEF7E8FD29
:106F1000204670BD1021EEF79DBD2DE9FF41029383
:106F20004B0803F1304303F5785393F847418B0046
:106F30001C4104F00F04082C28BF082400239DF8EE
:106F4000288016460093019413460A4607460D46CC
:106F5000EEF78AFDB8F1000F09D040B933462A4652
:106F60000121384604B0BDE8F041E9F7DFB904B0CB
:106F7000BDE8F081F8B504460E46174601F0E1FC85
:106F80003A46054631462046ECF712F904462846B3
:106F900001F0D2FC2046F8BD022070470320704764
:106FA000EBF768BA002070470020704708B50B4621
:106FB000062200F598711846F2F751FC002008BD32
:106FC0000429F8B505460C460AD10026F7B2384622
:106FD000EAF710FE08B13C4602E00136042EF5D176
:106FE0002046EAF707FE58B195F83031A34209D0A0
:106FF00085F8304105F59870BDE8F840EAF7C6BD60
:107000002120F8BD0020FCE70022E9F7B9BCA0F878
:107010004830BDF90030C0F89010A0F84620A0F824
:107020004A3000207047E9F709BE10B514460846FB
:107030000121EBF7EBFC2046BDE810400121EBF706
:10704000E5BC8021EEF706BD10B50446E9F7D0FA9D
:1070500001462046BDE81040E9F7D0BA10B5044615
:1070600081B1931E022B94BF4FF4BC73282380F888
:107070002520C0F80831FFF749FB2046E9F7ECFF6F
:10708000002010BD2120FCE7EAF75CB938B50546C1
:1070900010460C46EAF7CCF965B1D5F8EC304BB1A7
:1070A0005B693BB12268013204BF6FF001022260CC
:1070B00022681A60002038BDECF7B6BB002070478C
:1070C0002DE9F74F01251C469DF830300646019307
:1070D0000368174603F0070306339D4005F1FF38A8
:1070E0000B46A1B1416804EA080BA5EB0B0A41F07D
:1070F0000059524509EB0B0114D952461846F2F7D4
:10710000AEFB49467A1B5A445044F2F7A8FB019B58
:107110002BB13C4448EA050804EA0804F46003B0D3
:10712000BDE8F08F1846F0E74FF03A4301225A6766
:1071300040F6FF72D96418651A67704737B50025A5
:1071400014460095FFF7BCFF204603B030BDE9F7B9
:107150007FBE0020704700207047704710F0FD0F81
:1071600014BF4FF0FF300020C0B2704770470A468E
:1071700090F890107D2901D8E9F794BB2120704741
:1071800000200021704708B5EBF7C6F9BDE80840BC
:10719000EBF7EAB938B50446FFF7F5FF0546FFF708
:1071A000F2FF431BA342FAD338BD38B50D4604465F
:1071B000EBF7B2F935B1844200D90139204601F02C
:1071C000030138BD844238BF0131F7E708B5EBF75A
:1071D000BBF9BDE80840EBF7C7B908B50121FFF7D7
:1071E000E4FFBDE80840EBF7BFB908B521B1920054
:1071F000F2F735FB002008BD2120FCE700F06F43CB
:10720000B3F1804F02D0B3F1204F02D120F0704093
:10721000704700F06043B3F1204F08BF20F080506A
:1072200070470B0C23F48053B3F5284FF7B50D4688
:107230008FB2064699B216D04AF60103994214D08D
:107240004AF60203994212D0B1F5204F14BF04242C
:107250000324D6F8EC300BB1196851B9D6F8E830F0
:1072600093B928680EE00024F3E70124F1E7022433
:10727000EFE7234668463A46EBF7EAF9DDE9000313
:10728000002BEBD103B0F0BD19680029E9D02346EB
:1072900068463A46EBF7DCF9DDE90003002BE0D164
:1072A000F0E70204C0F3891307D56FEA83536FEA4E
:1072B000935313F5007F18B206D0A3F1C8006FF402
:1072C000FF739842B8BF184670470122002103207F
:1072D000E9F79AB94FF0384359699A6903F50053B1
:1072E0000A405A6170470E2070477047EDF7BABAEE
:1072F000EDF7B8BAEDF7B6BAEDF7B4BA08B5084687
:10730000EDF7BEFE08BDEDF7ADBA38B505460C4643
:1073100001F017FBD5F898301C40D5F89430234382
:10732000C5F8943001F008FB211E18BF0121002090
:10733000490238BD002070477047704707B501A962
:10734000F2F7C5FA03B05DF804FBF2F7C2BA4308DE
:1073500003F05533C01A00F03333800800F03330A7
:1073600018444FF0013300EB101000F00F30584379
:10737000000E704710B5044688B1836A016A7BB17C
:1073800080689847002394F8240023620C286360E7
:1073900005D82146D1F7A0FB0D2384F8243010BD79
:1073A0000029EFD08368002BECDB0846F3F77EF86A
:1073B000E8E707B5019101A9EEF780FD03B05DF89C
:1073C00004FB002307B51A46019101A9EEF776FDEB
:1073D00003B05DF804FB002330B587B004939DF83B
:1073E0003430DDE90A4503930C9BCDE90045029357
:1073F000EEF7DAFC07B030BD052330B585B0039356
:107400000A9BDDE908450293CDE90045FFF7E3FF5C
:1074100005B030BD30B500230024002585B0CDE98E
:1074200000450293FFF7E8FF05B030BD03680B602D
:10743000016070472DE9F0410E46174600240546CD
:10744000006808B9BDE8F081D0E90083B3420BD1F0
:107450008368BB4208D154B9C5F80080C368DB0714
:1074600001D5F3F723F8204604464046E9E7C4F87F
:107470000080F3E7002370B51A46194605460468F4
:10748000EEF71CFD0CB92C6070BDE3682668DB07C5
:1074900002D52046F3F70AF83446F3E72DE9F8431E
:1074A0000E461746054610B90020BDE8F88304686B
:1074B000002CF9D0D4E900893B4632462946A06821
:1074C000C8470028F1D14446F2E730207047034610
:1074D00010B501391A1A914200D810BD445C1A78CF
:1074E00003F8014B42540139F4E700230144884278
:1074F00000D1704700F8013BF9E730B585B0D3F70C
:10750000D5FE83790C33C418E378272B24D820794F
:10751000F7F7C7FB18B3DBF70DFD054688B92079EF
:10752000E57800F036F8014604F10A00E379A27923
:107530000290607A0190207A00902846F9F72FF89F
:107540000546D3F7B9FE002342F24F01EAB205B077
:10755000BDE83040F4F7CBB841F21205F1E741F253
:107560001105EEE738B5DBF7C9FD0546D3F7A4FEF4
:1075700004460223002242F21F01F4F7B8F8A3796F
:107580001C44658238BDD2F727BDD1F7DBBDD1F7EA
:10759000DFBD431E032B88BF0020704700207047CB
:1075A00000207047F0B49DF810409DF814509DF8ED
:1075B00018609DF92070CDE9055608970494F0BC39
:1075C000E0F702BC1FB5089C03949DF81C40029490
:1075D0009DF81840CDE9003413460022E0F7C4FBC3
:1075E00004B010BDE0F724BC10B50446FEF709FC5A
:1075F0000346204009D014F0050006D0DB4363F0B9
:10760000050323420CBF0120002010BD704710B5B8
:1076100004460B68084623608B88A38042B1DDF7DF
:10762000A1FFA0712046FAF7ABF800B9A07110BD18
:107630004920F6E783791A0705D413F0100F0CBF21
:10764000FF20012070470020704711207047112053
:107650007047112070470000014B1868704700BF49
:107660004C3000200A4B1B6F03F00703013B032B38
:1076700003D8DFE803F00A030608FEE7054B1868A5
:107680007047054BFBE7054870470548704700BF4A
:10769000008000504C3000205430002080D5430240
:1076A000002D310108B5FFF7DDFF054B1B6FC3F35C
:1076B00003330133B0FBF3F0024B186008BD00BF89
:1076C00000800050483000200048704700B4C404D7
:1076D00000487047002D3101014B1868704700BF0A
:1076E000543000200048704780D54302014B186891
:1076F000704700BF50300020034B5868C0F30800AB
:10770000003818BF0120704700ED00E00A4A08B5B4
:10771000127852B107280AD8084A02EB00131B7BE3
:107720003BB1CDF7A1FB002008BD0548FCE70548AB
:10773000FAE70548F8E700BFC02C002060150020DC
:10774000028000F0018000F0078000F00C4B1B78F5
:107750007BB107280FD871B10A4B03EB00131B7BD9
:107760005BB1094BDB6AC34003F0010300200B70DF
:10777000704706487047064870470648704700BF84
:10778000C02C00206015002000000450028000F092
:10779000018000F0078000F00B4A10B512780C460B
:1077A00062B107280CD859B1084A02EB00131B7BC1
:1077B00043B1CDF76BFB2060002010BD0448FCE70F
:1077C0000448FAE70448F8E7C02C002060150020C0
:1077D000028000F0018000F0078000F013B591F8FE
:1077E00036200B68022A0CBF1B6C9B690C469B065B
:1077F000084605D501F0C7F80223E36502B010BDC5
:1078000001F0AEF800230146CDE90033034A2346D8
:1078100004F13C0001F07DF9F0E700BFDD770300E3
:107820000B4B10B51B7883B100230120094951F897
:10783000042B32B192F85C40022C02BF0120D065CB
:1078400020460133042BF2D110BD0120FCE700BF1C
:10785000C12C0020DC1C0020B8B1036813F4E07FC9
:1078600003F03F00C3F382120AD0012A0DD1084B66
:1078700041B103F58053012282401A600020704715
:10788000044BF5E703F50053F5E70E20704700BF02
:1078900068800050648000500146064802688A42B1
:1078A00005D843681A44914228BF00207047002041
:1078B000704700BFF01C00200229F8B596BF104B9E
:1078C00000245C5C012805460E4608D0022809D039
:1078D00008B944F002040B4B1F6837B9F8BD44F0F7
:1078E0000804F8E744F02004F5E77B681A681442BE
:1078F00003D0314628465B6898473F68EDE700BFF4
:107900006C9103001C1D002038B5104D2B78ABB1D5
:107910000F4C23781BB100F083FA00232370002062
:1079200001F0BAF80B4C50B100F0CCFA0023012161
:1079300020782B70FFF7C0FF0123237038BD012290
:10794000054B1A702278054B1A70F7E7CC2C0020F3
:10795000CA2C0020D22C0020CD2C0020CE2C0020C0
:107960000C4A1378FF2B01D158B170470BB908B9F5
:10797000704730B101331370074B1B78012B03D8CC
:107980007047013B13707047044B1B780BB9FFF72E
:10799000BBBF7047D12C0020D22C0020CD2C002062
:1079A00010B500F0CEFF064B04461B781BB1BDE8B6
:1079B000104000F0C1BFFFF7A7FF2046F7E700BF68
:1079C000C92C00200228F8B504D0244A1378FF2BD4
:1079D00001D1E9B1F8BDD3B90029FBD0012313705F
:1079E0001F4B1B78012BF5D900F0ABFF1D4E044651
:1079F000337893B920461A4C00F09EFF2078012876
:107A0000E8D00121FFF758FF01232370E2E711B905
:107A1000013B1370DEE70133E1E7134F3B781BB9FD
:107A200001223A70114A1370114D2B781BB100F0EE
:107A3000F7F900232B70204600F07EFF012001F0B3
:107A40002BF800F07EFF3B7804461BB100F03AFAB9
:107A500000233B7000233370CCE700BFD12C002003
:107A6000D22C0020CC2C0020C92C0020CD2C0020B2
:107A7000CA2C00202DE9FF47EFF3108572B6AFF353
:107A8000008001F07EF9002870D0704E704F33787E
:107A900023B10020FFF764FF00233370387870B9FA
:107AA00003A900F095FB044648B96A4B039A1B688A
:107AB0009A4263D80120FFF753FF012333703B78CC
:107AC000654CDFF8BC91002B72D02078012840F083
:107AD0009480207800F052F999F8003013B15F4B90
:107AE0001B782370AFF30080284600F0D0FFEFF33F
:107AF000108572B65A4B1A7852B100221A70574B41
:107B000020781B78984203D101212170FFF7D4FE21
:107B1000544800F013FB01F048F980460028B6D124
:107B2000514B524F18703B789BB189F80000DFF839
:107B30004C9199F800301BB100F072F989F800807F
:107B4000002000F0A9FF002875D000F0BBF9002349
:107B50003B70337823B10020FFF702FF002333701E
:107B600000212078FFF7A8FE00232370AFF30080E8
:107B7000284604B0BDE8F04700F089BF3C4BD3F87D
:107B8000008000F0E9F8039B8044984592D200F011
:107B9000CDF98200039942F0020292B2CDE900428F
:107BA0002346344AA1EB08012E4800F077FF86E710
:107BB0002E4BDFF8B4801B780BB900F015F9207854
:107BC000022831D198F8003023B10022264B1A70D8
:107BD00001F023F9DFF8948098F80030002B7FF44F
:107BE00078AF254B1B7823B900F014F90122234B01
:107BF0001A70012388F800306BE74FF0010800236A
:107C0000DFF864A08AF8003099F8003013B94146D3
:107C1000FFF752FE9AF8003084F800803BB1B8F1CB
:107C2000020F7FF456AFD0E74FF00208E7E7B8F154
:107C3000020FCFD04DE7012000F0A0F8284600F059
:107C400026FFEFF3108572B67AE700BFCB2C002039
:107C5000D12C0020241D0020D22C0020CE2C00206E
:107C6000C72C0020281D0020CF2C0020CC2C002069
:107C7000201D0020A1790300D02C0020CA2C002058
:107C8000CD2C002010B500F05CFE0022054B1C78C6
:107C90001A7000F051FE00F02BFBE4B22043C0B29A
:107CA00010BD00BFC82C002038B500F04AFE094BBB
:107CB00005461B78012B04D800F03EFE0024204628
:107CC00038BD054B1C6800F047F80444284600F016
:107CD00033FEF4E7D22C0020201D0020184B194958
:107CE0001A6F10B502F007020A60196F164801F406
:107CF000744101601549164C8969032A01F002009C
:107D0000C1F34001134A21700FD0D3F8201101F0C4
:107D10000301022909D0D3F8241101F00701022937
:107D200003D00021117018B910BD01231370FBE7B7
:107D3000D3F8003103F00303591E4B424B41F5E7E2
:107D400000800050881D0020841D002000C00150CC
:107D5000D72C0020D82C0020054B187818B1054BE3
:107D6000186800EBD000044B1B681844704700BF34
:107D7000D82C00204C1D0020801D0020012808B5B3
:107D80000BD00238012807D80020CCF7B3FE124AE6
:107D9000136923F00403136108BD104A137823B15B
:107DA0000F490B6F43F474430B670B490B6923F0C6
:107DB00004030B61BFF34F8FBFF36F8F30BF137896
:107DC000002BE9D0064A0749136F096823F474436E
:107DD0000B431367E0E700BF00ED00E0CB2C002071
:107DE00000800050841D0020074A0849D2F8203145
:107DF00003F003030B60D2F82431054A03F00703B4
:107E00001360EFF71EBD00BF00800050941D0020DE
:107E1000901D00200122014B1A707047D62C0020C3
:107E2000F8B51F4B1B78002B39D01E4C2378B3B903
:107E30001D4B9A6DD10302D5DA6D92072FD49B6D3D
:107E4000DB072CD400F0AEFE184B194A1860136FF4
:107E500023F0070343F003031367FFF723FC00F04D
:107E6000A1FE124B134D1B68134EC01A2B78134FF3
:107E700056F8232046F82300111A3A681048521A7F
:107E80000A213A600932B2FBF1F20133DBB202603F
:107E9000B3FBF1F201FB12332B7000232370F8BD0A
:107EA000D82C0020D52C002000C000507C1D0020C4
:107EB00000800050D42C0020541D0020501D0020B4
:107EC0004C1D002008B5EFF7BFFC124B12491A6F8A
:107ED000096822F007020A431A671049D3F82021E3
:107EE000096822F003020A43C3F820210C49D3F8A1
:107EF0002421096822F007020A43C3F82421094B10
:107F00001B7813B10122084B9A62BDE80840FFF7C5
:107F1000C9BB00BF00800050881D0020941D0020B8
:107F2000901D0020D82C002000E00050014B187854
:107F3000704700BFD82C002008B5104B1A78C2B18A
:107F400000221A700E4B1A6F22F0070242F0010253
:107F50001A67D3F8202142F00302C3F82021D3F896
:107F6000242122F0070242F00302C3F82421FFF784
:107F700099FB0122034B5A6708BD00BFD62C002095
:107F80000080005000E000500D490B68A0B10022B5
:107F9000A3B1834203D1836822B90B6003E01A4680
:107FA0009B68F5E7936083680BB9002070475A69B6
:107FB00041690A445A61F8E722207047022070475D
:107FC000A01D002038B500F009FE0025084B094C23
:107FD0001A682368C31A2AB123B15169994203D39D
:107FE000C91A5161206038BD55615B1A9268F2E789
:107FF000A01D00209C1D002038B5154D2B682BB30B
:108000005B69A3B1134A022014681C4400F0A6FA6D
:10801000204600F065FA00230F492A680B7022B150
:10802000D08880070AD501230B70002038BD0220BC
:1080300000F094FA022000F0B3FAECE79268002A0C
:10804000F3D050690344012BEAD9EEE72220EDE793
:10805000A01D00209C1D0020DA2C0020C38870B5D4
:1080600004460D463BB9FFF71FFE8542064602D285
:10807000EFF7C8FF35460E4965610B688BB90C6098
:10808000A3600DE0AD1A9A68184665616AB113469F
:108090005A69AA42F6D930B18460521BA3605A6172
:1080A00070BD0020F4E70C60F7E79C60A260F7E782
:1080B000A01D002070B516469DF81420C0E90336B7
:1080C0000271049ABDF818300260002204460D4681
:1080D0008260C380EEB900F081FD2844A0619DB1AB
:1080E0002E4600F02EFC0546FFF76CFF3146204679
:1080F000FFF7B4FF104B1B68A34201D1FFF77CFFD1
:10810000284600F019FC02E0E36865617BB90020B5
:1081100070BD00F063FD3044A061002DE0D1E36844
:108120006561002BDDD0204621689847D9E72046BD
:1081300021689847EBE700BFA01D002038B5044632
:1081400018B300F0FEFB0546FFF73CFF104B186824
:10815000A04209D02046FFF717FF044680B1284609
:1081600000F0EAFB204638BDFFF70EFF044600286A
:10817000F5D1FFF741FF222802D1022000F0FAF9E1
:10818000284600F0D9FB0024ECE72224EAE700BFF0
:10819000A01D002038B50C460546A8B1A1B10023AA
:1081A0000B7000F0D7FB0121084B1B6833B900F0BE
:1081B000CCFB002038BD9D4204D121702278002ADA
:1081C000F9D0F4E79B68F1E72220F3E7A01D002037
:1081D000F8B506460F4600F0BDFB00250446124BDD
:1081E0001B6823B9204600F0B0FB1B2011E05A6940
:1081F0001544DA88B2420DD100F0F0FC0B4E336822
:10820000C01AA8420AD3002320463B6000F09DFB21
:108210000020F8BDFF2EEFD09B68E2E700F0DEFC07
:1082200033682B441B1AEFE7A01D00209C1D002083
:1082300070B500F08FFB064600F0D0FC084B0446FA
:1082400001201D6800F0BAFC18B100F0C7FC04461C
:108250000135304600F079FB2046294670BD00BF4D
:10826000A81D0020014B1868704700BFA41D002006
:10827000F8B50C4B05461B680E4683420FD300240D
:1082800040F2E7302146084B4FF47A721F68002312
:10829000E5FB0701CFF7AAFE30602046F8BD21209C
:1082A000FCE700BF981D0020A41D00200F4B10B557
:1082B0001A689AB14FF47A71531E1342A0FB010160
:1082C0000ED1B2FA82F2C2F11F04531CD243E04035
:1082D00001FA03F3184321FA02F20243104610BDDB
:1082E0000023CFF783FE0246F8E700BFA41D00205D
:1082F00010B500F02FFB034B1C7800F026FBE4B216
:10830000204610BDD92C00202DE9F04198460023CD
:1083100086B00D46174606468DF8133080B30DF132
:108320001301FFF737FF9DF813305BBB284605A903
:10833000FFF79EFF0446F8B9134B4FF47A721868A2
:108340000023A5FB0001CFF751FEC2F57A7189B277
:10835000B1F57A7F08BF0021BDF83430B183F483D2
:10836000059A02939DF830301146CDE900833046DE
:108370003B46FFF79FFE0446204606B0BDE8F0816D
:108380002224F9E70224F7E7A41D002008B5084BD2
:108390001B7803F0FF004BB100F004FC054B1B6899
:1083A0009B69C01A02288CBF0020012008BD00BFB5
:1083B000DA2C0020A01D0020C2072DE9F843044656
:1083C00007D5444A136801331360FFF7FBFDFFF73D
:1083D00013FEA3077CD500F0BDFA4FF00008054658
:1083E0004646FFF7EFFD3C4F3C680CB16369A3B113
:1083F00000223A4B012E1A7003D118F0020F18BF59
:108400001E70FFF7F9FD222802D1022000F0B2F819
:108410002846BDE8F84300F098BA23465A693AB9AD
:108420001A792179914288BF1C469B68002BF5D1AF
:10843000284600F08AFA2569DDB100F0CFFBA26979
:10844000A0EB02084FEAE873A84573F1000311DBC3
:1084500023691344A361E36813B120462168984758
:10846000B4F8068000F076FA01360546FFF7AAFD5B
:10847000BAE7A84600F06EFA81462046FFF784FD71
:10848000484600F062FA2369002BE4D0A38BB5EBD9
:10849000080533B1E28B13449BB2B3F57A7F0FD258
:1084A000E38300F057FA804629462046FFF7D6FDC1
:1084B000A369226940461344A36100F046FACAE763
:1084C000A3F57A73E383A369013D013BA361E8E768
:1084D000BDE8F883A81D0020A01D0020D92C002095
:1084E00010B5044600F02DFA4FF0B042936A190718
:1084F000FCD4136A116C5269520604D4CA1A032AB6
:1085000001D899420ED1E21A022A98BFDC1CB4F1BC
:10851000FF3F38BF013C4FF0B04340221C6403F5DD
:1085200080539A6100F008FA054A13783BB14FF086
:10853000B041CB6B43F00203CB630023137010BD3B
:10854000F432002007B5044B01A9187900F043FA72
:10855000019803B05DF804FB3891030000F00103BB
:108560008207034A48BF43F040039361704700BF4E
:1085700000100058820700F001030AD50121064AC5
:1085800043F0400311704FF0B041CA6B22F0030278
:10859000CA63024A93617047F432002000200058F9
:1085A000830742BF4022014B5A61704700100058B8
:1085B00030B5154B87B00293144B0390049346F6E5
:1085C00011030D46059300F077F91428044616D1DF
:1085D000684600F098FB4FF0A843032202A95A63B3
:1085E00019601D619A63DA6B9207FCD1142C02D1D9
:1085F000684600F096FB00F093F9044601E000287D
:10860000E9D0204607B030BDB81D0020040000208E
:108610002DE9F04FB1B005468C469E46E8466F4EB8
:10862000DDF8EC90409C06F1100A4746306871680E
:10863000083603C75645B846F7D13E9B03EB020800
:10864000C8F1000A0AF00F0AB9F1000F00F09D808E
:10865000C9F1000707F00F070121DDF8FCB044F075
:108660000050C4F11006CDF810B00591069030020C
:1086700000F4F85040F021000790B9F1000F40F0ED
:108680008680CDF820D047F00050002D00F0848087
:10869000099121210A9041EA07210B9142F00050F3
:1086A000CDF830C03D9B08A94FEA0A2C0D910E90E1
:1086B0004CF041000F901093002A75D13E9B119110
:1086C00043F0005312933C9B1390149310AB1593FB
:1086D000434B444A169340F611031793424B002133
:1086E000002D08BF1346189314AB19933F4B10226B
:1086F0001A9311231B931CAB1846F1F7A8F801221B
:108700001D92002246F0804603461E96239205B92C
:10871000EB46102CCDF880B024AE4BD1012322467D
:108720000021304621932294F1F791F820AB0021EB
:1087300025938F4218BF334647F0804226923A9ADB
:108740002CA828922993B2FA82F35B0949EA837331
:1087500010222B912A93F1F77AF8B9F1000F00D08B
:1087600028AED04448F080432CA918A82D962E930B
:10877000FFF71EFF30B92DB90346A34225D10028CB
:1087800018BF2C2031B0BDE8F08F102764E7CDF87A
:1087900020E049F0005078E7002C3FF479AF04A9BD
:1087A000099101210A9076E73E9B0CAA1192412083
:1087B000129388E710220021304621932294F1F78A
:1087C00046F8002CB2D10123B1E703F1C0026A449C
:1087D00012F8C02C01331043CFE700BF739303009E
:1087E00010000020889303008C93030004000020F5
:1087F000F0B5C0299FB0DDE9244557D0B1F5807FA1
:1088000004D0802948D029201FB0F0BD01265CB1DA
:1088100040F23447029410240396049421240197D3
:108820000594069502AC0AE040F214470294102425
:108830000396049421240594012401970695079436
:1088400001251024089409950A9221220B950C9475
:108850000D92174A0AAD0E92164A0F95109242F6E3
:1088600011021192129313951494159201AA169263
:10887000D3B112AB1793042318931123199316AB9A
:108880001A901B9340F61103C9081C911AA806A957
:108890001D93FFF78DFEB7E7012614B94FF48267E9
:1088A000C4E74FF48667B5E70EABE3E70F20ABE70D
:1088B000849303001000001038B5164B5A6E42F036
:1088C00004025A66D3F8802242F00102C3F88022E3
:1088D000114B5B68C3F3080343B14FF0A842D36B5D
:1088E00013F0430FFBD11424204638BD4FF0A843AA
:1088F000DC6B14F04304FBD1084D2B681BB9042139
:108900002846F0F79AFC2B68013343F000432B60B4
:10891000EAE700BF0080005000ED00E0B81D002035
:10892000014B00205B68704700ED00E04FF4004011
:1089300070474FF47A70704710B962B6BFF36F8F0B
:108940007047EFF3108072B6704780F31188BFF361
:108950006F8F7047EFF31180302383F311887047D6
:1089600010B590F8363013F0FD0F0AD1046E34B113
:10897000FFF778FC24235843B0FBF4F4013420467D
:1089800010BD0024FBE770B50446836BFFF7E2FFE0
:10899000A36B0546013BA363A66B4EB9FFF7D1FF5E
:1089A000044631460120FFF70DF82046FFF7C4FFCB
:1089B0002846BDE87040FFF7C8BF01224178037820
:1089C0008A4030214B4341F2100103F1A04303F5EB
:1089D00070335A50704709B100F005B82220704733
:1089E0000121FEF739BF70B506460D46FFF7B2FF0D
:1089F00004461D2E48D8DFE806F00F18471D202337
:108A00004726292C47472F32473538473B473E47B3
:108A10004744474747474741FEF724FE0026286062
:108A20002046FFF792FF304670BD4FF4C070CBF781
:108A3000E7FBF3E74FF42070F9E74FF44070F6E7F7
:108A40004FF46070F3E74FF40070F0E74FF480608C
:108A5000EDE74FF49060EAE74FF4C060E7E74FF4CA
:108A6000F060E4E74FF4B060E1E74FF4D060DEE798
:108A70004FF4E060DBE74FF4A060D8E74FF480707C
:108A8000D5E74FF40860D2E700202126C7E710B9E8
:108A900062B6BFF36F8F7047012070472DE9FF4129
:108AA0000D4616461F460446A8B14FF00008C0F810
:108AB0001C80FFF743FBBDF82C30424602939DF823
:108AC00028302946CDE9007320463346FFF7F2FAF5
:108AD00004B0BDE8F0812220FAE7F0B50D46164655
:108AE0001F46044685B090B10023C361FFF726FB03
:108AF000BDF82C302A4602939DF828302946CDE94E
:108B0000007320463346FFF7D5FA05B0F0BD2220AA
:108B1000FBE7F0B51F46002387B00D461646044616
:108B20008DF81730A8B1C3610DF11701FFF732FBC3
:108B30009DF817207AB9BDF83430294602939DF884
:108B400030302046CDE900733346FFF7B3FA07B063
:108B5000F0BD2220FBE70320F9E7F0B51F46002314
:108B600087B00D46164604468DF81730B0B1C36184
:108B70000DF11701FFF70EFB9DF8173083B9BDF813
:108B800034302A4602939DF830302946CDE90073EF
:108B900020463346FFF78EFA07B0F0BD2220FBE7F0
:108BA0000220F9E738B5FFF7D5FE054600F016F8C4
:108BB00004462846FFF7C9FE204638BD4FF0B043B3
:108BC00001285B6904D0022805D1C3F380107047E7
:108BD00003F0010070470020704770474FF0B0432A
:108BE0009A6A1207FCD4186A7047F0B515464922F4
:108BF0008FB0149C8DF8242004F10C060DF1250291
:108C000054F8047BB44242F8047BF9D12478147000
:108C10004FF48074ADF834409DF8544000228DF834
:108C2000364004240694169CCDE9001505941324BF
:108C3000049409ACCDE902340B4611468DF832207C
:108C40008DF83350FFF7E4FC0FB0F0BD30B5C02A0B
:108C500093B02FD0B2F5807F29D0802A2CD14FF449
:108C6000807480F001002043019016980125029045
:108C700010242120039504940590069301AB0795D9
:108C8000089409900A9306AB0B9304230C931123C9
:108C90000D930AAB0E910F9340F61103D20802A96F
:108CA0000EA810921193FFF783FC13B030BD4FF460
:108CB0008274D6E70F20F8E72920F6E708B5FFF71A
:108CC000FBFDBDE80840FFF72BBE1FB5079C0294D3
:108CD0009DF81840CDE9003413460A4601460020AD
:108CE000FFF783FF04B010BD1FB5079C02949DF8E9
:108CF0001840CDE9003413460A4601460120FFF72B
:108D000074FF04B010BD10B50446FFF71AFE4FF013
:108D1000A8431A6822601B696360FFF70DFE0020FC
:108D200010BD10B50446FFF70CFE4FF0A8432268B3
:108D30001A6062681A61FFF7FFFD002010BD10B4D1
:108D40000446084611469DF804200192A2685DF889
:108D5000044BFFF7BABF10B40446084611469DF80D
:108D600004200192A2685DF8044BFFF7BDBF806844
:108D7000FFF73EBD8968FFF769BF012070470120FA
:108D8000704738B5C8F780FA0446C8F7EDFB051EF2
:108D900018BF2546FDF7E4FB041E18BF2C46FFF75D
:108DA000ECFF002818BF204638BD38B5FEF76AFF33
:108DB0000446C8F783FA042825D002284FF000059E
:108DC00008BF0124C8F7C6FB04281ED0022808BF2C
:108DD0000124FDF7CCFB042819D0022808BF012488
:108DE000FEF71EFD042814D0022808BF0124FFF757
:108DF000C6FF04280FD0022808BF0124002D18BF89
:108E00000024204638BD0125DCE70125E1E70125E6
:108E1000E6E70125EBE70024F3E702210120E6F76E
:108E200097BA0000000000000000000000000000F1
:108E30000000000000000000000000000000000032
:108E4000F8B500BFF8BC08BC9E467047F8B500BF37
:108E5000F8BC08BC9E4670475FF800F0212F002048
:108E60005FF800F0612E00205FF800F0C92F0020AD
:108E7000F88E0300C88E0300000000000000000010
:108E8000888E030000000000409A0300189A030037
:108E900094990300289A0300A4990300BC99030045
:108EA000E09A0300CC990300E0990300F09A0300D4
:108EB0005C9A0300B4950300F899030090960300B0
:108EC000809903000000000091E10100788F030009
:108ED0003D3901000000000057630300000000005E
:108EE000D9D40100C68F03005DC40100CC8F0300FC
:108EF000000000000000000045E10100788F030041
:108F0000B1CE0100788F030053630300000000001E
:108F1000D1C00100000000009761030000000000C4
:108F20003DC3010000000000EB6303004990030013
:108F30006D610300C48F03002D56010048900300AB
:108F4000A9D40100C68F0300636303000000000082
:108F5000676303000000000015BA01000000000074
:108F6000BB07030000000000FB0703000000000037
:108F70000000000000000000000000004E0C000097
:108F80000000000000000000A48F030000000000AB
:108F9000000000000400000000000000E2FF50009C
:108FA00000010000000000000000000000000000C0
:108FB00000000000000000000000000000000000B1
:108FC0000000000004000400FB000000030000009B
:108FD0001100000075160300B51603009516030076
:108FE000EB16030061540100234703000554010000
:108FF00029170300B36403003D4F010065BF010062
:1090000099540100676403005953010091C10100A4
:1090100041470300B1C00100000000000005000846
:109020000030033E043E053E073E0C3E103E123E1D
:10903000133E213E253E293E0DFFEDFFFFFFFFFFC2
:10904000000000000905000001011E0000030000EF
:10905000B1720200AD7202008B72020059720200FE
:10906000E9720200BB7202005B7202002C00000079
:1090700002020203000000000500000000000000E2
:1090800000C2010000050000001000000000000008
:1090900000000000050000000000000000C2010008
:1090A00000020000001000000000000000000000AE
:1090B000000000000B0000000B0000000200000098
:1090C0000000202000000000030000008C8C3C0009
:1090D0000000000000000000000000000103040187
:1090E0000101090309000000080000001E00000043
:1090F000150000001A0000000000065003000000E8
:10910000E490030054910300509103004C9103003C
:10911000489103004491030000C005500300000083
:10912000E8900300689103006491030060910300DC
:109130005C910300589103000000005812000000E9
:10914000EC90030004000500030005000200050088
:1091500001000500000005000400040003000400F5
:1091600002000400010004000000040001041001DA
:109170000000000500020000030001007C30002018
:1091800000000000000001000080000000800000DE
:1091900000800000008000000080000000800000CF
:1091A00000800000008000000080000000800000BF
:1091B00000800000008000000180000001800000AD
:1091C000018000000180000001800000018000009B
:1091D0000280000002800000028000000380000086
:1091E000038000000480000005800000058000006E
:1091F00007800000088000000A80000010000000C6
:109200001200000015000000190000001F000000FF
:109210002700000031000000440000006B00000047
:109220007900000000000000000000000000004085
:1092300000000000010000004C920300C00000008C
:10924000000000000000100020000000FFFFFFFFF2
:10925000000000010000000000000000000000000D
:10926000FFFFFFFFFFFFFFFFFFFFFFFFFFFFFFFF0E
:1092700000000000FFFFFFFFFFFFFFFFBCE6FAADAD
:10928000A7179E84F3B9CAC2FC6325516B17D1F2AC
:10929000E12C4247F8BCE6E563A440F277037D8108
:1092A0002DEB33A0F4A13945D898C2964FE342E2A2
:1092B000FE1A7F9B8EE7EB4A7C0F9E162BCE335710
:1092C0006B315ECECBB6406837BF51F5FFFFFFFF75
:1092D000000000010000000000000000000000008D
:1092E000FFFFFFFFFFFFFFFFFFFFFFFC5AC635D860
:1092F000AA3A93E7B3EBBD55769886BC651D06B0D8
:10930000CC53B0F63BCE3C3E27D2604B6BC0BCE1A9
:109310002A459991E134741A7F9E1925AE2D8A57FA
:109320001E03AC9C9EB76FAC45AF8E5130C81C4637
:10933000A35CE411E5FBC1191A0A52EFF69F24451C
:10934000DF4F9B17AD2B417BE66C37103FF1CAA175
:10935000681FAC09120ECA307586E1A72B7E151660
:1093600028AED2A6ABF7158809CF4F3C6C5C4C54A5
:10937000801018FFFFFFFFFFFFFFFFFFFFFFFFFF52
:10938000FFFFFF000000000001200000002000009F
:10939000000000008F8802000040025C0000000016
:1093A0000000001000000000505341004B455900E0
:1093B0002F7661722F6C69622F6A656E6B696E73AE
:1093C0002F6769746875622F62676170695F707278
:1093D0006F746F636F6C2F70726F746F636F6C2F2D
:1093E0006576656E742F7372632F736C695F626745
:1093F0006170695F6576656E742E63006267627581
:10940000665F696E0062676275665F6F75740062A1
:10941000676275665F6E6F666C6F77006267627514
:10942000660061636C006C6C5F636F6E6E65637485
:10943000696F6E006C6C5F6164765F736574006C5D
:109440006C5F76616C696461746F720062675F6DF6
:1094500065737361676500736F66745F74696D65CA
:10946000725F6D657373616765006C6C5F616476D4
:109470005F73796E63006C6C5F7363616E5F7379A9
:109480006E63006761705F706572696F6469635FC6
:10949000616476006761705F706572696F646963AB
:1094A0005F73796E63006C326361705F636F635FDB
:1094B0006368616E6E656C006D626564746C735F89
:1094C000636F6E74657874001C940300229403002B
:1094D00026940300349403003F9403004C9403004B
:1094E000579403006A940300769403008394030066
:1094F00094940300A6940300B894030062675F6D20
:10950000616C6C6F6300FFFF01060601020312012C
:109510000000000102020102070B131510801A80DF
:109520001280800000010102010202030403010114
:1095300002040400F4010000FA000000960000009C
:10954000640000004B000000320000001E0000001C
:10955000140000000000000050004000080050000F
:10956000240004009001500240009001AE01100060
:109570000B0701160C00000108080000050108FF98
:10958000FF02FFFF0808020204FF010022FFFF2381
:10959000080F030304040A0A030A2AFFFF14191917
:1095A0001B011C15120400480C14040F0E0C080CAF
:1095B000080D181009000000D095030000000000FD
:1095C00000000000A0030906A0870908A088090779
:1095D000713C010009000000A53C010009010000E8
:1095E000BD3C010009020000ED3C01000910000033
:1095F000093D010009030000253D010009040000A8
:10960000E93E010009060000093F010009140000BD
:10961000C93E010009050000713F0100090D00006D
:10962000593D010009070000793D010009120000C1
:10963000D13D010009170000F53D010009180000A7
:109640009D3D010009080000193E010009190000B4
:109650003D3E0100091A0000713E0100091B000097
:10966000893F0100091C0000AD3E0100090C00000B
:10967000313F0100090E00004D3F0100091D0000AF
:10968000C53F0100091500000000000000000000B7
:109690000A000000B896030000000000000000006F
:1096A000A0010A05A0030A04A0080A03A0880A086A
:1096B000A0060A01A0030900B14401000A0A000043
:1096C000E54401000A0B00008D4101000A0600007C
:1096D000B54101000A0900008D4001000A16000092
:1096E000CD4001000A0100000D4101000A05000003
:1096F000ED4101000A1700001D4201000A18000098
:10970000694201000A040000414301000A190000F7
:10971000E14201000A1D00006D4301000A1A000029
:10972000114301000A1E0000994301000A1B0000BA
:10973000BD4301000A1200009D4201000A1C000006
:10974000214401000A080000414401000A0C000005
:10975000694401000A0D0000914401000A0E000056
:10976000F94301000A15000000000000000000009D
:1097700001000200000000000000030000000D00D6
:1097800003000200010005000049725314497207EA
:10979000FF000102030405FF497253144972145378
:1097A00000724907CDF673796E635F6C697374005C
:1097B000000000FB349B5F80000080001000000070
:1097C000000000000100010002000200040004008B
:1097D000000800021000100020002000800080001F
:1097E0000100020002000800040004001000010053
:1097F00020000400400002000001080000022000D8
:109800000004100000104000002000010040800013
:10981000FB430300DB0A0300CD4603005D45030064
:10982000E69D350E480103CCDBFDF4AC1191F4EF5D
:10983000B9A5F9E9A7832C5E2CBE97F2D203B0201C
:10984000008BD28915D08E1C742430ED8FC24563F5
:10985000765C15525ABF9A32636DEB2A65499C803B
:10986000DC006C888391AAF5A53860370BDB5A6061
:1098700083BE000000010001000501000502020393
:1098800000020000000000020501000500000100C8
:1098900001000001000102020300020000000000BC
:1098A0000202010002000000F5AE0100CDA9010096
:1098B000C75B0300355B0300CB540300A5A7010081
:1098C000F1A6010049A5010029590300814F0300B9
:1098D00061AB010089A00100D59E01007F58030003
:1098E00011580300B95703001757030063550300CD
:1098F000559C0100819A0100399B0100854F0300AE
:1099000025980100BF01FB9D4EF3BC36D874F53994
:109910004138684C8BD28915D08E1C742430ED8F61
:10992000C24563765C15525ABF9A32636DEB2A6565
:10993000499C80DCE69D350E480103CCDBFDF4AC90
:109940001191F4EFB9A5F9E9A7832C5E2CBE97F22B
:10995000D203B0203F49F6D4A3C55F3874C9B3E33E
:10996000D2103F504AFF607BEB40B7995899B8A698
:10997000CD3C1ABD01020C000000040000000800EC
:109980000E000000249F0300000000000000000003
:10999000A0040E0002000000E49C03000000000090
:1099A0000000000004000000049B03000000000011
:1099B00000000000A0090402A001040156000000FC
:1099C0005C9B030000000000000000005800000045
:1099D000BC9B03000000000000000000A00758002E
:1099E00005000000AC9D0300000000000000000026
:1099F000A0130500A01B050246000000149D0300F3
:109A00000000000000000000A0880A07A00409036D
:109A1000A0050902A00609010D000000BC9C03007E
:109A200000000000000000000F000000D49D0300B3
:109A30000000000000000000000000000000000026
:109A400001000000949E03000000000000000000E0
:109A5000A0010107A00001040204080006000000A4
:109A6000E49B03000000000000000000A0030601CA
:109A7000A0090609A0020608A0050607A00506061B
:109A8000A0070605A0020604A0010610A008060211
:109A9000A00D0600A001FF0000000402050306015E
:109AA00007010108090A0000A0015C04A0005C0392
:109AB000A0015C02A0035C01A0025C00A0020F09EF
:109AC000A0030F04A0030F03A0050F02A0010F01C4
:109AD000A0050F00A0040108A00301060101020473
:109AE00057000000849B03000000000000000000FD
:109AF00042000000749E030000000000000000000F
:109B0000A0044201DDBE010004010000F9BD010016
:109B10000412000089BD010004030000B5BD01006E
:109B20000404000015BE0100040B0000D1BD0100BB
:109B30000405000045BE010004100000C5BE010080
:109B4000041100001DBF0100040A000005BF010050
:109B500004020000000000000000000075BF0100CA
:109B600056000000ADBF010056010000D9BF010042
:109B700056020000F5BF010056030000000000007F
:109B800000000000B1DE010057000000CDDE010042
:109B900057010000FDDE01005702000039DF01001F
:109BA0005703000065DF01005704000089DF010052
:109BB00057050000000000000000000029C001005F
:109BC0005800000049C001005801000075C00100A4
:109BD0005802000099C00100580300000000000076
:109BE00000000000EDD4010006000000CDD6010009
:109BF0000601000061D8010006100000FDDA010036
:109C0000061900001DD6010006040000B5D90100A8
:109C10000616000019D5010006060000E9D601006D
:109C200006080000B5D50100060300005DD501005F
:109C300006150000E9D501000607000005D7010060
:109C4000060900003DD70100060A000065D70100A3
:109C5000060B0000BDD70100060C000011E1010059
:109C600006120000F5D70100060D000019D801000A
:109C7000060E000079D80100061100002DE1010058
:109C800006130000A5D801000614000049DA0100FF
:109C900006170000C9DA0100061A000099DA01006F
:109CA0000618000085D6010006050000A9D60100AF
:109CB000060F0000000000000000000099C901002C
:109CC0000D020000D5C901000D03000059CA0100B2
:109CD0000D04000065C901000D0100000000000036
:109CE000000000008DBC010002010000A9BC0100C1
:109CF00002020000C5BC010002040000F9BC010022
:109D00000205000025BD0100020600000000000061
:109D10000000000079C4010046000000B1C4010049
:109D20004601000015C501004602000039C50100CA
:109D30004603000075C501004604000099C50100F6
:109D400046050000F9C501004606000059C601009D
:109D5000460700007DC6010046080000DDC6010080
:109D6000460900003DC70100460A000061C7010026
:109D7000460B000085C70100460C0000A9C7010082
:109D8000460D0000CDC70100460E00001DC80100B1
:109D9000460F00004DC8010046100000F1C7010049
:109DA000461100000000000000000000E5C00100B6
:109DB0000506000009C10100050700004DC10100B2
:109DC0000503000079C10100050500000000000046
:109DD0000000000039CB01000F01000021CB010081
:109DE0000F14000081CC01000F0F000049CC0100CE
:109DF0000F02000099CA01000F00000071CB0100A2
:109E00000F10000081CA01000F04000055CB0100B3
:109E10000F08000089CB01000F09000065CC01008C
:109E20000F0E0000B1CA01000F060000E1CA0100D8
:109E30000F0700009DCC01000F150000D1CC0100E0
:109E40000F16000025CD01000F17000099CD01006D
:109E50000F1D0000A5CB01000F190000F1CB010080
:109E60000F1A0000C9CB01000F1B0000000000000A
:109E7000000000000DE001004203000079E0010055
:109E800042040000F9E0010042010000000000006F
:109E900000000000D9D001000100000005CF010042
:109EA000011C00001DCF0100011D000035CF010085
:109EB000011E0000EDD00100011B00005F630300E4
:109EC000011F00000DD00100010C000061D1010054
:109ED000010E000039D001000117000085D00100FB
:109EE0000118000089CF0100011300004DCF0100CF
:109EF00001150000B1CF0100010B000015DC0100CD
:109F00000112000069DC01000114000089D1010088
:109F1000010F0000EDD10100011A00000000000057
:109F20000000000041BB01000E0300003DBA01002B
:109F30000E040000B1BB01000E01000019BC0100BD
:109F40000E0200000000000000000000A01201004E
:109F5000F5E701003DE80100E9E7010049E80100FB
:109F600031E80100D968030017690300396903006B
:109F70005B6903007D690300BDF901006DF9010013
:109F800079F9010069FA0100736C03009965030017
:109F90009D650300A1650300A5650300A965030095
:109FA00000000000B0010000700B00200002100053
:109FB000C0280020200D00205241494C0000000024
:109FC00020000000D9F301001000000051F301004F
:109FD0000DF60100F1F501003930020035330200C1
:109FE0006532020020C001B800000001000001013C
:109FF000000101011F150F15150F151FFFFFFFFFB2
:10A00000FFFFFFFFFFFFFFFFFFFFFFFFFFFFFFFF60
:10A01000FFFFFFFFFFFFFFFFFFFFFFFF00A801A8FB
:10A0200002A8000000B801B802B800B010D00300C8
:10A0300028D0030040D0030058D0030070D00300A4
:10A0400003040408080500000000000000000000F0
:10A05000000000000000000064340000E003000085
:10A060004438000014000000343E000008000000E6
:10A070006C2F0000F80400005838000004000000B5
:10A08000303E000003000000000000006C2F0000C4
:10A090005C380000010000003C3E00003900000078
:10A0A00001000000303E00002D2A0000452A00007B
:10A0B000452A0000452A0000452A0000452A0000E4
:10A0C0000000000000000000000000000000000090
:10A0D000452A0000452A0000452A0000812E000084
:10A0E000452A000091230000A12300002D24000038
:10A0F000832400000D250000852600002D2500008A
:10A100002D27000079250000C92500004526000004
:10A11000992800006929000063230000CF2B00006C
:10A1200085200000ED2B0000612C0000452A000076
:10A13000412D0000092D0000452A0000452A00009D
:10A140008D2D0000452A0000452A0000452A000008
:10A150009110000087100000A1100000AB1000005B
:10A16000B51000008C488068000200D4704780B5AC
:10A1700080208002A8490860CF2000F045FA01BD88
:10A18000F8B586480068864C802292032260854E8E
:10A19000316809051DD5110BA023034001D02160B2
:10A1A00017E002403FD180277F4A17607F4A17603F
:10A1B000084038D0784D287A400705D501207C49E1
:10A1C000086000027B4908602878002801D0062832
:10A1D00001DB0020F2BD00F051FB716889684E6818
:10A1E0002978052907D1B905A1606E60B668CC2130
:10A1F0008901704A116000F04AFB012E00DA022644
:10A20000BC20800585490860942080058449086049
:10A2100065480021C94301647142416481490F606E
:10A2200040210160D5E7AE480160FFF79BFF0120A8
:10A23000F2BD5A480168890504D5C06E0004000FBC
:10A24000022801D0002070470120704738B58024D3
:10A250005548046000F012FB05007348006800F0E8
:10A260005FF9280000F013FBFFF77CFF4A48007AF3
:10A27000000705D5A0004A49086000F004FC31BD84
:10A28000600397490860AD48046031BDFEB5050024
:10A29000CC20800193494860012693480660FFF76F
:10A2A000C8FF002877D03C4C2078002873D03102BA
:10A2B0000195052802D02A460A406CD1CC27BF015F
:10A2C000884A17609E4A126853075B0F022805D11F
:10A2D000022B5ED3080137490860F7BD4D01032802
:10A2E00004D1022B55D933480560F7BD042802D1AB
:10A2F00011404ED0F7BD05284BD10198002848D019
:10A30000C005C10F684641700198C004C10F68467E
:10A31000017000F0B3FA029060686946497800293C
:10A3200003D006688021214A11602C04A7496A469F
:10A330001278002A0CD0C2680B68D21AA44B1B6892
:10A34000234001D0066800E04668964200DD160012
:10A35000684640786A461278024308D0086842424C
:10A36000B01E824202DA7042886000E00026029845
:10A3700000F08DFA0198800501D596480460019897
:10A38000054001D094480460002E02D009480760BF
:10A39000F7BDFFF75BFFF7BD3C3E0000400002A8A1
:10A3A000402002A8C43E00000CC001A890E001A813
:10A3B00094D000A8505201A838B580248748046082
:10A3C000012049490860864D2878052802D06000A0
:10A3D00084490860FFF72DFF002812D0124800685A
:10A3E000000A80214140A868000EC9B2814208D20B
:10A3F000534800684007400F022802D2FFF726FFAB
:10A4000031BD79480168C0220A4002D1C06F2040A6
:10A4100001D00448046031BD1C1002A808E001A866
:10A4200008D001A894D001A818C000A8F1B582B046
:10A430000F008026B600A020384002D06B4806608E
:10A440004CE000F01BFA009069480468F80202D55D
:10A45000A0680069029000F065FBB102606800F03E
:10A4600069F9217820000022491C43788B4200D2F0
:10A47000002118234B43C5180C352B78082BF3DA31
:10A480000C00017085605648297801703E4007D065
:10A49000574909688968CA68F90201D403218A43C7
:10A4A000826001261046304003D100F0FCFB00F032
:10A4B000D1FFF104686900F03DF93C2000F0A4F8F8
:10A4C000E0B200F0A1F8009800F0E1F9300547494A
:10A4D0000860484806603002024908600298FEBDE4
:10A4E000401002A84C6201A894E000A810B54248B0
:10A4F0000068800501D4FE2010BDC02080033F49C4
:10A50000086000F0BBF93A4909688A78D20702D599
:10A5100089688C7800E00C7800F0B9F9200010BD53
:10A52000334909688A688B78DB0704D59278182349
:10A530005A438A180C32906070470000100002A83D
:10A54000084001A8F1B582B02D4F3C680026200FCD
:10A55000000702D1E00102902AE000F07BFF00F04A
:10A560008DF9019080210903606800F0E3F82578F7
:10A570006D1C6078A84200D20025E80020180C303D
:10A58000009000680290802109030098406800F064
:10A59000D1F83D2000F038F8E8B200F035F8257029
:10A5A0000098A060019800F072F902A800F0B6FFD0
:10A5B00014480068800407D5786901F06CFC0299A2
:10A5C0000818029000D502960298FEBD48C001A866
:10A5D000480002A8481002A8482002A894E001A858
:10A5E0003C3E0000506201A814C001A8402002A80F
:10A5F000C83E000090E000A8400002A8401002A859
:10A60000CC3E0000FC0302A841490968002901D59D
:10A61000404908607047F3B581B03F4FB9683F4C7F
:10A620004A004CD50125090100D5212501003C4AED
:10A630001068566822689206920E94463A68930013
:10A640008022134062461343802252001A43009234
:10A650000A0023D0890601D5012008E0F02101403D
:10A6600007D16946097A0C220A4002D0022000F084
:10A670003FF82C49096809040AD53968090701D54A
:10A68000022605E03968490301D5002600E00326CB
:10A690004835009A24490968890003E0009A224954
:10A6A000C96909094023194011439A00002E02D0BC
:10A6B0001643266608352166024322662566E06D4C
:10A6C0004407640F00F0C4F8A0070BD0052C09D094
:10A6D000B868000406D400F0D1F80221134A1160D2
:10A6E00000F0D5F800F0BDF8002000F001F8F7BD4B
:10A6F0000B490A68F0239A43000110430860C0B276
:10A7000070478020C0020A490860704700000000BE
:10A710004C0002A8884000A8440002A8284000A8D5
:10A72000643F0000384101A8084001A87CD40350D0
:10A73000485000A880B5664A116001F0D7FBFFF7CA
:10A74000E0FF01BDFEB500F099F8019010206149CD
:10A75000086000226048026002206049086060488A
:10A76000C0684005C30DD52B01D2D52304E0D1200C
:10A770004000834200D9030018000100594C0094A6
:10A78000843C246864011DD5574C2478022C03D2E4
:10A79000564E06277C4333530024009D2D7CE54014
:10A7A000ED070CD5524D06266643AD19AD888FB224
:10A7B000BD4200D2290086B2AE4200D22800641CFD
:10A7C000022CEAD389B2463109044A4C0C4046387F
:10A7D000C005C00D204342490860C020000646491C
:10A7E00008604048017D00290CD04449D52B02D98E
:10A7F0008024E4050C60D1246400A34202D28024AA
:10A8000024060C6010213E4C21603E490A604188BC
:10A81000002900D10380019800F039F8F7BD80B518
:10A8200039483A4908603A48C1680902090A1922B8
:10A830005143416005210160FFF784FF01BD3448A9
:10A840000068C00300D4704780B5FFF77BFF01BDEF
:10A850008020C0021E4908602E4800684007FBD4D3
:10A8600070478020C0022C490860704701E02B49E6
:10A8700008602B4909680140F9D1704729480068F0
:10A880002021294A11601021284A11607047302187
:10A89000014002D110202449086070472148006817
:10A8A00030210140102901D101207047002070475C
:10A8B0001F4800780621014007D01E480068022882
:10A8C00003D0032801D0012070470020704700000A
:10A8D000401002A8F41302A8048002A8409002A825
:10A8E0007C400050703F00005C3E0000643E000071
:10A8F000603E00000000FF01A0600050A450005026
:10A90000F42302A818E000E07F1A0601500002A814
:10A9100010E000E0400002A8402002A8282002A881
:10A92000280002A85C0002A85C2002A85C1002A813
:10A93000B83E0000683F0000FEB55548802149023E
:10A9400081610221534A51600021534A1160534AE8
:10A95000118003214F4A11600221016020205049DB
:10A96000086080204F490860CC2080014E49086073
:10A9700001204E4908604848806F01900F26000B67
:10A98000304000904A480068C505ED0D103DC020DC
:10A990002843C0B2FFF738FE3F48006980030BD55B
:10A9A0000098092808D0FFF783FF002802D041480B
:10A9B0000068804701F0F0F83F480468032D43D059
:10A9C000019806400196032E04D0022E07D100986C
:10A9D000032839D000F000FA0198032804D0009829
:10A9E000062831D1062D2FD0344800680127C00B2E
:10A9F000384001D001F098FB31480068000108D5CB
:10AA0000052D06D101252F4807606805FFF72EFFA9
:10AA100000E000252100009800F0E0F904002A4E33
:10AA2000002D05D000F0A0FB376002202749086008
:10AA300078057065800926490860FFF739FF00280E
:10AA400002D0244800688047124880214902C16131
:10AA50000099002908D10221416000200E490861B7
:10AA6000C020C0001C4908602000FEBD80B5FFF773
:10AA7000EFFE1A480078800602D4022018490860C8
:10AA8000FFF7EFFE01BD0220164908607047000085
:10AA90002C1002A8282002A8340002A8703E000052
:10AAA00094E001A80CC001A8506201A894E000A89D
:10AAB00004ED00E054380000B44000A800E200E0DB
:10AAC000EC3E0000645000A8646000A82C4000A880
:10AAD00080E200E0503800002C6001A8C43E000075
:10AAE000081002A8082002A87B480068800700D44C
:10AAF000704730B581480421904A0123E024E400E6
:10AB00008568254002D01360D160D360006804409E
:10AB100002D013605160536030BD894801218160CB
:10AB20000160704710B5012075498A680240FCD168
:10AB3000844A0423D3600C680440FCD15360106045
:10AB400010BD814908680122104200D1704710B53C
:10AB5000E023DB000340FF24A41CA34204D37B4B6F
:10AB60001B689B0600D54868024001D000F0B6F88B
:10AB700010BDFEB50700C82075490860062075495C
:10AB80000860802040037449086074480168744A72
:10AB90000A408021090111430160724CC020C000AD
:10ABA00020600225A56168036F4908606F4E7048F8
:10ABB000F0664C206F49C86638686F4989688142E1
:10ABC00001D2009100E000900099401A3860012104
:10ABD000380000F06CFB019038680099401838602C
:10ABE000FFF782FF634800686349086063480168B3
:10ABF000490601D5624900E062493167019900299F
:10AC000008D10321E16100683068054002D080204E
:10AC1000800220610198FEBDF1B55B4C8020C0012F
:10AC200020605A4D0126AE62594F3E601D202860BB
:10AC300056206866072001F021FB022028600621CB
:10AC4000296654490968002902D4082129666966E1
:10AC500051492965C021C900504A1268F823DB0117
:10AC6000134001D1A96700E07961E16B314008D060
:10AC7000216BC90705D44A490968084001D101F090
:10AC800005FB484848490860206B064001D1FFF7A2
:10AC90002BFF009801F0E0FA206B8001FCD4206AC1
:10ACA00042490860F1BD30B53748414B0121026B84
:10ACB0000A4001D15961D9603E4A3F4C54663F4C2D
:10ACC000146503241C600023CE4D2B601460916238
:10ACD000C903016030BD00004C0002A8F021090149
:10ACE000374A11600140374801602020364908602A
:10ACF000364909680840C949086070476C0102A8D4
:10AD0000700102A880B532480821324A13680B400E
:10AD100001D0016141611178C90602D5862109017E
:10AD20000160FFF70EFF1420B7490860BC480168B6
:10AD3000490701D0FF21416101BD0000681102A84F
:10AD40006C2102A8682102A8743F0000400002A8FC
:10AD5000548001A80C9001A8942002A8680102A8C0
:10AD6000FFF1FFFF441102A8A01002A8E40002A80E
:10AD7000294E0600300002A8A03F0000FC0302A8F4
:10AD8000CC3F0000C43F0000100002A8E01002A861
:10AD9000442102A828C000A80C3E0000A88001A8F9
:10ADA000443E0000FFFF7F7FB46000A89C3F00008E
:10ADB000602102A8E02002A85E0600000C1E000030
:10ADC0002C6001A82C5001A8442002A8084001A82A
:10ADD000301102A8F84F000070470000F8B586B0A7
:10ADE00005000C008F48866AFFF748FD0590B00506
:10ADF00003D58D480068FFF793FB002001900122E6
:10AE00007306DB0F89498F688860B8204000884E40
:10AE100030606608B82030400978F0260E40402E99
:10AE200002D10100402008430D2D02D13900042732
:10AE30000F43790704D501001420084310218C43E7
:10AE40007C4909686D462A70049305007A4EC8054E
:10AE500006D5802040007949086028000125054377
:10AE60000498002811D10C20284008280DD0280073
:10AE70006C49496BCA0601D410229043890601D45B
:10AE800020218843B121014068D06846007800281D
:10AE900066D0B26BB06D012101235207520F921D93
:10AEA0009340C004C00C181A80B2082809D280252B
:10AEB00006205C4A10600804A14A106000206A461F
:10AEC0001070812028404ED00820049A002A00D11A
:10AED00030623A000827174310208443042003906F
:10AEE0000005A54A106040089E4A1060A348016012
:10AEF00068460078002833D0039806283AD3A04843
:10AF0000806BC00636D59F480068000E01909C48B3
:10AF1000006880B202909B48006A000604D0029844
:10AF20008021490101430291FFF7C2FC00280AD0A9
:10AF3000FB2080010078C00605D002988021C9015D
:10AF4000014389B202910298306102980012306187
:10AF500038480168C80500D579E70BE00820306261
:10AF60000094049733E000BF9AA06906C90E405CC4
:10AF70000390BDE70094049703982A49CB6A814A5D
:10AF8000126834686F463C8128241C400443980CA6
:10AF9000C00120431C001B0E234010242340034308
:10AFA000900040221040184302AA9070086B000ADB
:10AFB00002A9C870FFF79AFA02A9087101984871AE
:10AFC00071480068C8800298F0660398F06605989A
:10AFD000FFF75DFC08240098400601D566488460B0
:10AFE000FFF766FC002805D068480078002801D0EB
:10AFF000674804600498C1B2E8B2FFF70CFB009800
:10B0000007B0F0BD400102A86C3F0000081A03D24F
:10B01000604909684018401C70470000441002A8AD
:10B020000C4000A8180002A81CC000A8643F000043
:10B03000B46000A81C0100AA540000AA1C2100AAA8
:10B04000F8B5554F0F240125544910265448406B3C
:10B0500030401BD001200870524800687969FFF722
:10B06000D5FF51490968401801285DDB01F0BAF9A4
:10B070004E490968090B0C40022C53D169054C4A12
:10B0800011604C49CE6346490D604BE02E024448A6
:10B09000C06BC0001ED548480068E021890501400A
:10B0A00042D0424D286821030140700181423BD1CA
:10B0B000FFF7E4FB414A42490968314002D0414967
:10B0C000096811602968090B21400229F3D0FFF7B4
:10B0D000DEFBF1BD3C480068002825D00D7001F072
:10B0E000BBF8002820D101F07DF930490968090B2F
:10B0F0002140022916D12F4A11606902396028497E
:10B100000E602A4A1168090B21400229FAD0116801
:10B11000090B0C40032C02D02904254A11600021A0
:10B12000294A116001F062F9F1BD802080042749AD
:10B130000860704780204004244908607047000080
:10B14000141100AA8020C0042049086070478020A4
:10B1500000051E4908607047802040051B490860B3
:10B1600070470000205001A819480168490701D024
:10B17000FF21416170470000401002A8006101A852
:10B180001C4000A8084001A8448001A85C380000C9
:10B19000845000A838C001A80CC001A8733E00006C
:10B1A000100002A81CC101A8DC3E0000AC0002A8EF
:10B1B0001C1002A8082002A8204001A8800000AAB4
:10B1C000084000A8904000A8483E0000382002A88F
:10B1D0000C4000A803010706030107060501060647
:10B1E0000501060603020706030207060502060616
:10B1F00005020606FF2808D0032806D2FE21890191
:10B200000978C140C807C00F704700207047000090
:10B21000F0B5802000020821A44A11600A23012110
:10B22000A34A01249C400443B6A5ED5C25439560E8
:10B23000F025A04E35609D4DB5A6F65C022737433C
:10B240002F6004262E609C4D2D680D4006D1CD0246
:10B250006D1E03D0966C3603FAD401E00220F0BDD7
:10B26000956CD66C6D036D0BAE4200D220005B1E58
:10B27000D7D508238F4C23609060904B1B685B01EF
:10B2800013D58F4C63785D1C01262E4066701D001F
:10B290000626754365191268AA80E8802370FE208F
:10B2A000800102789940114301700020F0BDF1B592
:10B2B00082B0FFF732FC002480480068400102D4CD
:10B2C000012001901DE07F48826B00207C49C3B2C1
:10B2D00006256B43CB189B8895B2AB4204D0401C2B
:10B2E000C3B2022BF3D3FF200870012001907348F2
:10B2F0000068400105D50878FFF77CFF002800D0E2
:10B3000001947148006871498861714D0298006824
:10B31000296D4618002E15DD00F071FD2860C00172
:10B32000301A00280EDDFFF7FDFB00F093F80298BD
:10B330000068296D401800F08FFF050002D00298C8
:10B34000046085E0634E8020800030605F4A1068B2
:10B3500007282ED005210840052805D011600C20B3
:10B3600000F08CFF050073D15B4D5C482862FFF74D
:10B37000D9FB02202860E020C00259490860000281
:10B3800058494860802080047060022030600120AD
:10B3900000F074FF802040002862022000F06EFF61
:10B3A000902040012862022000F068FF8020C00049
:10B3B00028624D4EE02040003060042000F05EFF27
:10B3C00005003CD10220474908608002B062C001FC
:10B3D000B06210203B4908600127F76540264348CA
:10B3E000006830401BD135480068400113D534480F
:10B3F00000786946087068460078FFF7FBFE002871
:10B4000009D02F4869460978062251434018C08860
:10B410002C49086403E0FFF7FBFE05000FD1294823
:10B420000760C467022000F029FF314C2660B0009D
:10B430002060022000F022FF8120C002A06201985B
:10B44000002805D029480068800101D4FFF7F7F9EA
:10B450002800FEBD70B5FFF760FBFFF763FB022617
:10B4600018480660234DF0022862C4082C620120AF
:10B4700000F004FF600828622E601F482862E02068
:10B4800040001B490860174D2E60FFF7E1F91B4E85
:10B490003078002800D005200C490860FFF7E1F95A
:10B4A0002C6017480068B06370BD0000889001A848
:10B4B000448001A888A001A8140002A8EC3E000066
:10B4C0005C3E00000C8001A8F80302A83C0102A821
:10B4D0008C3F0000941002A83C1102A8BD08000097
:10B4E000142102A8942002A82C9001A84C0002A8C4
:10B4F0002CA001A83C2102A8FD6800005C3F0000D0
:10B50000300002A800000001010204081020200001
:10B51000505050404040403020202000F8B50400FA
:10B52000FFF700FB2948C021C900294A1268F82307
:10B53000DB01134002D1274A116000E00160009452
:10B540002549AC2252008A640A220A6023498022DB
:10B5500052030A60224C626A224B13408022D200BE
:10B560001A43626280222260022242605003C86055
:10B570001D48E0601D4E4C20F0661D4D6869962107
:10B58000C901471800980068874200D30700C01B14
:10B590000099086000210098FFF789FE009909686A
:10B5A000C919009A11603168296012490968490671
:10B5B00001D5114900E011492161F2BD802000014F
:10B5C0000F49086000010F4908607047582102A820
:10B5D000AC8001A8581102A80C8001A8941002A800
:10B5E000440102A8FFF1FFFF286E0600300002A808
:10B5F000903F0000FC0302A8CC3F0000C43F0000C5
:10B60000401002A8685000A8F1B584B0B4480068A2
:10B610000390B448406B9621C901401804998842B0
:10B6200005D2081A00F018FE002800D013E2AE4C34
:10B630006068C00700D50EE20420AC498862800330
:10B64000AB494862AB480568606B8607B60F032EAE
:10B6500003D01020A549886224E008468021890291
:10B660004162A16B890601D5012062E0290610D54F
:10B67000A26B02210A400CD19F4A05231360A36BE1
:10B6800010273B401943116000211160616B090ACA
:10B69000116004218162A06B002803D5C80393497F
:10B6A00048620026606B400705D5606BC0008021B2
:10B6B0004900084003E08B488068C10701D5FFF7C7
:10B6C0000DFB0122154008D0B748B1014018006AAF
:10B6D000C004C00C401EB549086000200021B44BD6
:10B6E000DB6E1B0417D5B34B1B68002B13D4012151
:10B6F000AE4B5B69002B0ED0AF4B1A70AF4A106097
:10B700001022AF4B1A60CA06AE4B9A670723AD4DA5
:10B710002B60AB4B5A65AC4AC0239B0013603502CB
:10B72000002901D0190000E02900CC4E316053609F
:10B730007560E16B942292050A40150000D0012546
:10B7400080263602284300062CD06A482821405C17
:10B75000C0210140402902D1FFF788F901E0FFF73D
:10B7600092F9202020602D0600D174E1944D606B89
:10B77000400708D570085E4948620220686000F002
:10B7800059FA002806D004205849886240025849D6
:10B7900048626E6057480078000600D45BE13001D3
:10B7A0005249FEE00125606828405AD1AC48006843
:10B7B000C005400F022803D0032801D0062802D17B
:10B7C00069464D7005E0002069464870A548A649C5
:10B7D0004860680446498862FFF73AF87348406E4B
:10B7E000E16B0E4008D1C00606D5FFF747F80221ED
:10B7F0009E4A1160FFF74BF8FFF733F828032060EB
:10B800009B4EC02000067060280497490860606B5A
:10B810004007C10F684601703020039949072CD5B5
:10B820004021A24A1162904F490139660321916477
:10B830000021116030607D6580207060062000F07E
:10B840001DFD00280DD12802F866022000F016FD2B
:10B8500028029749886618207060082000F00EFDC5
:10B86000002800D0F7E024207060E020C00290495A
:10B87000C865A020C00238666FE0E16BC90246D5FA
:10B88000BE4949680902090E01914909022901DBF3
:10B89000884A01E0B32292000199302937D3114937
:10B8A0000B88E72B33D395277F00BB4205D8FB1AC3
:10B8B0001B095A43920A534204E07F4FDB191B09CC
:10B8C0005A43930A5BB2019AD2184F6BBC460F6C75
:10B8D0007B436746FB184B639F2A0FD39F2210E0E0
:10B8E000FC0302A8703F0000100002A81C2002A860
:10B8F0001C1002A8C43E0000E40000AA202A00D8C0
:10B9000021221102114312040A4329490A6067499E
:10B91000AA020A629A4A8A6414220A603060524F6C
:10B920007D65E020C0026249C865A803B866400290
:10B930007060062000F0A2FC002833D12D06FD66C1
:10B94000022000F09BFC5A48856668097060082058
:10B9500000F094FC002825D17560032000F08EFCD7
:10B9600088481849886700F04AFA874D401DC00191
:10B97000696B401801908548406F8021C9010840DB
:10B9800002900846824908600198049988421FD2B3
:10B990000846696B401A00F05FFC002816D0029838
:10B9A0007C49086057E000BF0C0000AA204000A8B6
:10B9B000CC4001A8784201A8723E00006C3E000015
:10B9C000645000A83C6000A8046100A8049801909D
:10B9D000206A286304270398384001D0402002E001
:10B9E000F8057060C0087060012000F047FCB801E5
:10B9F0001D490860019800F02FFC8A4E68460078C7
:10BA0000002805D161480068F06138058649086062
:10BA10000298604908608548854908602448790291
:10BA2000416669464978002900D10760206AA8620A
:10BA300068460078002808D0012000F01FFC30780C
:10BA4000000602D5780492490860E06BC00202D576
:10BA50004A480068686305B0F0BD00BF045100A803
:10BA6000204001A8040000FFB41002A87CE40350A9
:10BA7000441102A810B5FEF701FF864900240C60AE
:10BA80000A22CA61FEF703FF8348C02189020160D0
:10BA900082494160824810210160C905416540200A
:10BAA000804908608048047010BD0000400102A871
:10BAB000B82002A833070000D6FEFFFF7B48406B8A
:10BAC000800300D47047F8B5794804680027002047
:10BAD00000257849E20706D5C02080028025ED03C5
:10BAE000EA0A0A6003E0A20701D4032040252843A4
:10BAF000C862012000F0C2FB802040006E49086748
:10BB000008206E4908606E490968090203D46D492E
:10BB100009680140FBD0012000F0B0FB6A4EE0074D
:10BB200002D58020800430643564042000F0A6FB38
:10BB3000600702D5E020C002F06064483064012054
:10BB400000F09CFB62483064C320000630645A4811
:10BB50008021490201671021B163890271615D4949
:10BB60000F60012232603022F2638F6280218901EE
:10BB70004E4A116009010160F1BD0000F83F00006C
:10BB8000F3070000FFFF7F7F703F000020C001A887
:10BB900094E001A894D001A8F8B54F4800680D279B
:10BBA00007400424002F00D104274C4810256603C9
:10BBB00008214B4A4B4B1B682340126814D042604B
:10BBC000394004D00220FEF793FD474806603C4010
:10BBD00007D046480068054344480560B00842491C
:10BBE00008600220424915E00260394005D0022079
:10BBF000FEF77EFDA0023C4908603C4006D03B4871
:10BC000001680D43056070093749086038480660CF
:10BC1000300329490860FFF751FF00210020FEF79B
:10BC2000FAFCF1BDC43E00001C1002A80300030092
:10BC3000482102A810B580202E490A6802400AD087
:10BC40002D4B1A680624144005D15C6E2B4A224005
:10BC50001B6D9C0101D5002010BD096808400DD066
:10BC60002748824203D1180501D5012010BD25487F
:10BC70000068C107C90F481E8041C00F10BD22488F
:10BC80000321C163A8218163102101607047000076
:10BC90001C2002A8D80000AA402002A804000080AE
:10BCA000646000A82C4000A8723E0000100002A8AA
:10BCB000FC0302A81C1102A8442002A84C6201A89F
:10BCC000C44001A84C4201A8082102A82400000198
:10BCD00098008800600102A8B44000A8E43E00007B
:10BCE0001CC101A8440002A8401002A8643F000043
:10BCF000685000A8400002A814C001A81F1F00003F
:10BD0000010C000030C101A8082002A86C4800689E
:10BD10000121084209D16B4A12686B4B000C184094
:10BD2000F03291400B40984201D002207047002031
:10BD30007047F8B507000F386A461080604CA0685D
:10BD40000A0004D16B461B8882B29A423AD2002282
:10BD50006B461A80012502263A0013D02268324031
:10BD600007D000292ED059480088401C5749088028
:10BD700000203900E16056490E6080B2B84201D31C
:10BD800069460D805348456000E030BF2068304070
:10BD900003D1FFF7BBFF0028F7D04D4845603900BD
:10BDA00010D02168314005D048490A886B461B886D
:10BDB000D2180A8006600020E060A068B84201D274
:10BDC00044480660FFF7A2FFF2BD38B5050000F059
:10BDD00009FB0400012199204543A8093E4A126845
:10BDE0008018123880B2FFF7A4FF05008020C00140
:10BDF0003A490860200000F0F9FA280032BD3348C3
:10BE000003883549096802889342F9D1100408185B
:10BE10007047FEB51238070C6946088000F0E2FA58
:10BE20000190274C294D2888B8421ADA01202C4964
:10BE30000860274E30BF02202168014006D03060E4
:10BE40004003264908602888401C2880FFF75EFFD1
:10BE5000002802D12988B942ECDB01217160002859
:10BE60000DD12888B8420AD1A0686946098888425D
:10BE700005D2002168460088FFF75BFF01E0FFF76D
:10BE800045FF04008020C00114490860019800F0BB
:10BE9000ADFA2000FEBD10B512490A680E4B1B68B2
:10BEA0000C689442FAD0DB014033141A02D288693C
:10BEB0002418641C0C4800684443181B10BD000083
:10BEC000280002A804ED00E0FF3F0000703E0000E3
:10BED000282002A8281002A8300002A880E200E072
:10BEE0002C1002A820C001A8B43F0000F0B502E069
:10BEF0000A601C602E607EC84F1C07D05F1C04D0F7
:10BF00006F1CF5D10A601C60F0BD0A60F0BD000036
:10BF100080B5FEF7EDFB01207F49086001BD80B5CB
:10BF2000EB2000F001F801BD30B57C490B681840EA
:10BF30001022134210D07A4B7A4C2468224008D049
:10BF4000A84A14682402FF252D022540DD62002442
:10BF50001460802252031A60086030BDF3B50100FE
:10BF600016001C00002500959F48019A3300002709
:10BF70000BE0BC464F5D4743AE009E597E40575D87
:10BF800047433740664637436D1CA542F1D3390914
:10BF900039438A080A43510811430840C109014343
:10BFA0000F208A0B0A4302405040F6BDF1B582B023
:10BFB0000E0000208B4908608C4DEF7AA87A019022
:10BFC0000F21394000910ED00B46894A89490298C9
:10BFD000FFF7C4FF01990140824801608648414350
:10BFE0008648084001D1012400E04401380915D0F9
:10BFF00032003B0929000298009E6D7A751940199C
:10C00000FFF7ACFF019909110140764802680B0166
:10C0100013430360002901D0480044437848006876
:10C02000204001D10420FEBD0020FEBD80B50A00E5
:10C0300000211180734952888018FFF7B7FF02BDB5
:10C0400070B50F22704B5C7905780F202040C540F9
:10C050002009284001259C79C4402C4001D10320AF
:10C0600070BD304C2468254005D09D684600AD5B0E
:10C070006D1E664E3560DD78DE79C640F00711D55D
:10C08000E0060FD5002D0DD0614848600888488033
:10C0900008881C7800192A4080185A7880182A09C4
:10C0A000801800E000200880002070BD80B559484D
:10C0B0000168594A0820014201D050611061C90647
:10C0C00002D58621090111605449554A12681204AB
:10C0D0000CD5544A1268530401D5C00305E0C023AF
:10C0E0009B0113404202934200D008600D48007843
:10C0F000C022024002D18020400508604A48006802
:10C1000020221040086049480068C00101D4FFF7B0
:10C1100006FF01BD000000002C4000A86C3F00009D
:10C120001C1002A8C43E0000F8B5414F38687E6874
:10C13000064040483040404908608024A4033F4DF9
:10C14000F00227D53E48016801200A0605D53D4981
:10C150000968A9602870022014E0014202D03A491F
:10C16000A9600FE00020C9060CD52949A960374A0B
:10C1700091780B071B0F12789A1809095118A9809A
:10C18000E880A888A880A888002801D0264301E07C
:10C19000FFF7C5FE264023D0274E74603460A88880
:10C1A00000280BD0F969814208D3291D2848AA68C4
:10C1B00090470100F3D0FFF7ABFEF1BD01000CD0BA
:10C1C000FC218902B161234902038A6134604C6019
:10C1D000FA69824204D30C60F1BDEB20FFF7A4FEA4
:10C1E000F1BD00004C3E0000010101013C3F000098
:10C1F000F43E0000343F00001111000021840000D3
:10C20000F03E0000143F0000443F0000204000A822
:10C21000891F0000F84F0000302102A8441002A836
:10C22000384101A8204201A8084001A8CC4000A83C
:10C23000B44000A8FFFFDFFFB46000A8503E00003C
:10C24000C43E0000583800009D1F0000453F00001C
:10C25000D44000A8B45000A810B5C409FFF7CFFD22
:10C26000201A312806DAC000183801D4C01EFDD5C6
:10C27000002010BD2000FFF7CCFD10BDC3214843B6
:10C280006F3801D41E38FDD500207047FEB5C020A0
:10C29000C0043649086036483649C8651024364817
:10C2A00004601020FFF7EAFF00285ED1FF200005A0
:10C2B0003249086032483349086033482D490860E4
:10C2C00025042E480560314807680820FFF7D6FF8F
:10C2D00000284AD108262E4806600120FFF7CEFF2D
:10C2E0002A48806802902B4806602B482149086044
:10C2F000224805600820FFF7C1FF002835D12448F7
:10C3000006600120FFF7BAFF204DA8680190214880
:10C310000660184E214830600299019800F046F8F6
:10C320000104FC208003084000900298C10B019892
:10C33000C00B00F03BF80006FC2189050140009885
:10C34000014317480A0C4240FF239B1CD21810409F
:10C35000084330602F60E0030849086028682860BF
:10C3600010480460104981640020FEBD20E000A850
:10C37000F71700002C0102A8401102A8B02002A863
:10C380000000380EB01002A810103030E04001A8B4
:10C39000E05001A8E06001A83030101020202020DB
:10C3A0003F3F0000402102A8F7FFF00010B549040C
:10C3B000CA104004C310991A00209A18D30F9A1873
:10C3C000521052188B115B0E5B18DB11D218202310
:10C3D000541A01D422001843CC0F611849105B088D
:10C3E000F6D110BDEFF3108072B67047002800D16F
:10C3F00062B6704780B5FEF75BFA002802D0B748F6
:10C400000068804701BD80B5FEF796FAC048006815
:10C4100000030AD4FEF7E0FCFFF750FBFEF743FCF5
:10C420000120FFF727FBFFF715F880208005FEF7B6
:10C430001DFA01BD80B5FEF77FFA80204002FEF7AD
:10C4400015FA01BDF8B5FEF703FA05208349086027
:10C45000FEF707FA824806680124264201D1FEF75A
:10C460005CFBFEF769FA7F48016800917E4A4068EC
:10C470001060B105C80F002126420FD00091984BE3
:10C480005D6815601D68974A17687B1BBD4202D323
:10C490009769DB195B1C9F4FBB42F5D39E4D29600A
:10C4A000002804D031000098FDF7C0FF00902868F4
:10C4B000204004D16846FEF75CFB002802D10098BA
:10C4C000FEF7AAFBB44804606004FEF7CFF9F1BDA3
:10C4D00038B5924CE06BC00506D580200006206080
:10C4E00000BF00BF40082060FEF70CFC8C480068CD
:10C4F000C021090181438B480160FEF71DFAFDF759
:10C500003FFE0500A548A6490860FFF773FF80209D
:10C51000C002FEF7ABF9002D01D080202060012081
:10C52000A049087031BDF8B59F4800689F49096867
:10C5300001409F480160FEF7FFF9FB27BF012C2057
:10C54000385C0521014002D0FEF790FA01E0FEF7C9
:10C550009AFA724C0225F86A284001D00120206026
:10C560001020C043934908600026A66392480660E5
:10C57000FEF79EF9002803D090480068804700E04D
:10C580003E60FEF765F98E480068E16B090407D448
:10C59000000705D5FEF772F98A490D60FEF777F9B5
:10C5A000FEF75FF9FFF782FDA804FEF75FF9F1BD22
:10C5B00080B5FEF7C1F956480068000303D4FEF7C2
:10C5C00072FBFEF747FF80204003FEF74FF901BDE5
:10C5D00038B5FEF7B1F9514C2025FFF72BFB0028A9
:10C5E00006D0206B000704D5FFF749FBFEF7E6FFF6
:10C5F0002560FEF758FBFEF72DFF734800780C21ED
:10C600000140042902D1FEF731FA01E0FEF73BFABE
:10C610006804FEF72BF94020206031BD1CB5FEF701
:10C6200017F905200D490860FEF71BF9FEF784F99C
:10C63000FFF725FBBC48006800906846FEF76EFFD8
:10C640000400FFF7D7FE002C02D10098FEF7DCFFB4
:10C6500080204004FEF70AF913BD00003C1102A837
:10C66000400002A8B83F0000483E0000F8B5FEF7C1
:10C6700063F9564C256A5020284002D0FEF7F6F99F
:10C6800001E0FEF700FA254FFFF7D4FA00281BD18E
:10C69000786B40071DD4386BE0214901014018D167
:10C6A000A80611D4FEF7D4F8256AA04E354207D06B
:10C6B000FF20C0432D182562802000059C4908609A
:10C6C000FEF7CFF82E4002D00120386001E00020B4
:10C6D000206080208004FEF7C9F8F1BD48380000D2
:10C6E000D03E000020C001A880B5FEF725F9914892
:10C6F0000068400601D5FEF7D6FA0120FFF7BAF927
:10C70000FEF7A8FE8020C004FEF7B0F801BD0000CF
:10C710000C0002A801FF0000443E0000100002A827
:10C720000C4201A8086201A810B527480468FEF76A
:10C7300003F981490968090328D40321C00601D5FA
:10C74000214001E0A0080140012902D1FEF78EF945
:10C750000BE0200107D50E20FFF7DAFBA7480421E4
:10C76000016008210160FEF78EF9A54C2069A549FA
:10C770000860FFF73FFE2068002807D0400012281D
:10C7800002D2FFF77BFD01E0FFF71FFB8020800353
:10C79000FEF76CF810BD0000402002A870012000D8
:10C7A000B46000A8733E0000084201A8883F000062
:10C7B0000C5201A8442002A84C3E00004C38000056
:10C7C000844000A87CE40350EC3E0000CC3E000016
:10C7D000F8B584B001266846067000270297FEF778
:10C7E000ABF80390544C2068000300D596E003207A
:10C7F000A649C86384480068A54D0F210F22024056
:10C80000032A03D0000B014006294DD1A14800683E
:10C81000A149CE6DE16B890701D59F490E6EFFF7E7
:10C820003AFB8619FEF744F800280ED02879C10695
:10C830000BD02868090D4143890B76189649096881
:10C84000002902D10002400C3618002E01D50197B4
:10C8500000E00196606B0107C80F03212A6B0A40B4
:10C86000022A1BD1039AD20618D5AA68D30513D57C
:10C87000A66B8A4B1E409E4203D11021834AD1638E
:10C880000CE092050AD4E26B2823134006D16B46D4
:10C890001F70274A116001E06A46177002906846CF
:10C8A0000678002E03D10FE07B48806D0190FFF7E2
:10C8B000C1F9002808D0FFF7E2F90298002802D059
:10C8C000FEF77CFE00E00026022070490860002E82
:10C8D00010D03020285C0C210140042902D0A06B2C
:10C8E000C00602D5FEF7C2F801E0FEF7CCF8202022
:10C8F000606013E0FEF7D7F9802000060C4908605D
:10C9000067486849086001A8FEF708FE0400FFF7C1
:10C9100071FD002C02D10198FEF776FE8020000404
:10C92000FDF7A4FF05B0F0BDCC3F000000FFFF0005
:10C93000441002A8440102A80C0002A8FEB500247D
:10C940000194FDF7F9FFFFF755FD574EF06E574D77
:10C950000007000F072807D17068002804D40020C2
:10C96000FFF788F8286841E001210320504A7368E6
:10C970005B070BD44F4B1B680B4007D01368DF05D8
:10C980000BD55B0502D43368DB0503D40191916AB2
:10C99000890904E01021484B1960916A090908408F
:10C9A00000900020FFF766F80098002805D1706815
:10C9B000C00602D4FEF767F801E0FEF757F8002042
:10C9C0000199002903D13D480068FFF764FA6969BD
:10C9D000401801D5009400E000906846FEF7C9F8C1
:10C9E000002805D10098FEF717F9A86905490860E5
:10C9F00080200005FDF73AFFF7BD000080E200E06F
:10CA0000AC3F0000483E0000AC0002A8F8B5FDF7BE
:10CA100093FF002400252A48066B80277F053006F7
:10CA200006D5300709D5FFF72AF9FEF7C7FD29E03B
:10CA3000012520480068284019D00020FFF71AF887
:10CA40000220064002D01F490C60C8611E480468DD
:10CA5000002D03D02000FDF775FD0400FFF70FF94E
:10CA60002000FEF7D1FD3800FDF700FFF1BD1748AB
:10CA70000078C0210140402902D1FDF7F7FF01E015
:10CA8000FEF701F820200E490860ECE7082002A814
:10CA9000BC3E00000CC101A8683F0000100000105F
:10CAA000FFFF7F7FB46000A8400002A8BC3F0000E9
:10CAB000C43E0000B44000A8441002A81CC101A854
:10CAC000100002A8180000AAD83F0000EC3E0000A9
:10CAD00000F03CF802480349486000F052F800BFFB
:10CAE000DF2A00000000000080B5EFF305800B286E
:10CAF00001D23A2100E0292192225200002000F0C8
:10CB000041FAFEE710B5C20018231340FF249C40F1
:10CB1000E2438907090E9940030004D470489B083A
:10CB20009B00C01806E0AD4B0007000F08388008D6
:10CB30008000181803681A401143016010BD80B5C9
:10CB400074225421002000F01DFA01BD10B5FFF73A
:10CB500049FC0121634A1160634B644A1360644AD3
:10CB600013600323634C2360634C2360634B1960A1
:10CB7000634B19608023A44C2360D160FFF736FC1F
:10CB800010BDFFF72FFC05000024012160B2FFF764
:10CB9000B9FF641C0E2CF8D301210F20FFF7B2FF60
:10CBA00001211120FFF7AEFF01211320FFF7AAFF9B
:10CBB00001211720FFF7A6FF03210120C043FFF743
:10CBC000A1FF01211B20FFF79DFF734873490860F7
:10CBD0007348C16AC162016801600220714908603E
:10CBE00001208A49086047046F4C20693840FCD016
:10CBF0002068800101D4FDF712FE2800FFF7F6FB44
:10CC0000774D0AE000281BD0FDF738FE18E02069B8
:10CC10003840FCD03000FFF7E9FB206E0004000F25
:10CC2000022801D1FEF70CFAFFF7DCFB0600FDF746
:10CC300035FE0028A878E5D0002801D1FDF727FEB1
:10CC400001206978002909D12978002905D1704986
:10CC50000968890601D45349086030BF0021697012
:10CC600029780029D6D102214E4A1160674908600F
:10CC7000CDE76848016842680A40674810401B4990
:10CC80000860800703D5A4480188491C01807047CB
:10CC900070B56248016840680840000E00066049AF
:10CCA00080221205104218D05E4B1C68641C1C6068
:10CCB0005D4C5E4D2D682D0407D5A568002D04D070
:10CCC00007250D600125AC4E3560402525601B68A9
:10CCD000012B02D910238B62CA67886770BD0000E0
:10CCE00000E400E0040002A80000FF3F282002A8A2
:10CCF0002C1002A840E002A844C002A804C001A869
:10CD0000044001A8F8B5854C206B616B014000918F
:10CD1000834D0846286000989849014007D0FDF7E8
:10CD2000C7FD002803D000989549096888478020EE
:10CD3000009901401CD0F821C90123680B4017D08D
:10CD4000C0221201934213D880231B06EB6226688F
:10CD50000E40954F3F683F043F0F022F01D0032F35
:10CD600003D1002E01D09642F1D390490B60286088
:10CD70008F48007806280DDA0098CC2189010140FF
:10CD800008D0FFF72FFB04000098FDF77FFA200082
:10CD9000FFF72CFBF1BD0000FFFF9B0800E100E066
:10CDA000E04001A85C2002A84C0002A810B5814810
:10CDB000016844680C408048046080210C4205D022
:10CDC00041607E4801600020FDF760FA600403D5F1
:10CDD000802040057A49086010BD00001CED00E08D
:10CDE000723E000038B57748016844680C40E0079F
:10CDF00007D5FFF7F7FA0500FDF7DEFA2800FFF781
:10CE0000F5FA7148046031BD505201A85C1002A8C7
:10CE1000F40302A8280002A8FFFF00C0B44000A845
:10CE20003C6000A86C3E00002C4000A8384101A8DE
:10CE3000FEB5664C206C666C064001273E4216D05B
:10CE40003D0663480560206862490F60002802D0F3
:10CE50000021FDF76FFC60480068A021C9018842ED
:10CE60008041C043C00F5D4988705D480560FDF793
:10CE700005FD029002210E4049D06068C2B20192C5
:10CE8000000A009008224C4B4C03564D0020019E96
:10CE9000012E27D0022E38D1009E012E24D1EE780B
:10CEA0000096514E2F780C2047430020F0512878EF
:10CEB000400590277F04C719032038434B4F386043
:10CEC0001C604B480460301D2B780C246343494C94
:10CED0002468009FE419C45028780C23584331502B
:10CEE000454811E00091DCE7002E0ED1434E37603B
:10CEF0003D4E361D2D780C277D4370515C601C60C3
:10CF0000C8043F4B18603F480260324801600298F5
:10CF1000FDF7BDFCF7BD0000703E00001C4201A8FB
:10CF20004C6201A870B5FDF7A9FC0400FFF75AFA9E
:10CF30002E490A68D20718D52B4A121DFA239B01E5
:10CF40005D7A0C26754356592A4D2D681E60CE68B1
:10CF50005E604968D9818021C9041D4E3160197B0A
:10CF600069185B7A0C256B43D150FFF73FFA20001C
:10CF7000FDF78DFC70BD00003C5000A802000600CB
:10CF800044380000002800D0704710B50C00FDF7B1
:10CF900075FC1D490C6001221C4B1A600B6C134080
:10CFA000FCD1FDF774FC10BDAC0002A8785201A8BA
:10CFB0003C3E000090C001A890E001A80CC001A870
:10CFC00004ED00E090C000A890E000A800C002A816
:10CFD000401002A840E002A8404000A8723E0000B5
:10CFE000402002A8893E0000300000A860C101A8CE
:10CFF00094D001A8200000A8F42302A860E101A8B1
:10D0000080E200E0F41302A8008002A8409002A889
:10D01000C8D803000000000088D003000100000011
:10D020000000000000F04902C8D803000000000022
:10D03000ACD00300010000000000000000F0490235
:10D04000C8D8030000000000D0D003000100000099
:10D050000000000000F04902C8D8030000000000F2
:10D06000F4D00300060000000000000000F04902B8
:10D07000C8D8030000000000CCD10300010000006C
:10D080000000000000F04902F0D10300809C2B8FCB
:10D0900080841E00000000002700FF7FBC320020BB
:10D0A0000000000090DC03000000000050D30300EB
:10D0B000809C2B8F80841E00000000002700FF7FD3
:10D0C000BC3200200000000094DC030000000000DF
:10D0D000B0D40300809C2B8F80841E0000000000D1
:10D0E0002700FF7FBC3200200000000098DC030016
:10D0F0000000000010D60300809C2B8F80841E004F
:10D100000000000022002C01BC32002000000000C2
:10D110009CDC03000000000010D60300809C2B8FD5
:10D1200080841E00000023002300B600BC320020D3
:10D13000000000009CDC03000000000010D603008B
:10D14000809C2B8F80841E000000240024009D0002
:10D15000BC320020000000009CDC03000000000046
:10D1600010D60300809C2B8F80841E0000002500B9
:10D1700025007D00BC320020000000009CDC030084
:10D180000000000010D60300809C2B8F80841E00BE
:10D190000000260026003A00BC32002000000000FB
:10D1A0009CDC03000000000010D60300809C2B8F45
:10D1B00080841E000000270027002C01BC320020C4
:10D1C000000000009CDC0300000000006CD703009E
:10D1D000809C2B8F80841E00000000002700FF7FB2
:10D1E000BC32002000000000A0DC030000000000B2
:10D1F000FC4F0103ECDA0300104001000041000085
:10D200003C400100000000004840010020070000F1
:10D2100050400100000000005C4001000D0F0000C4
:10D2200004410100FF4C0000204003010000008683
:10D230001FC0010000200000384001010000000074
:10D2400058400401180005004008000009000000D3
:10D250009200040080400F018C002C0200000000AE
:10D260001200120000808C19000000000002050E60
:10D270001C2F4353626968615543320416100E0E29
:10D280000D0C0A080706050403030202020101014E
:10D2900001010100EC40010180B0B18CFC400301B0
:10D2A0009C200B00055B60804737414A0C4103011D
:10D2B000B85512002A19492909084040284101019E
:10D2C000FFDD0000384107014CD4E83B04196F1022
:10D2D000080E141A20262C32383E10325476980A42
:10D2E0001D00000070410101C00300003442010133
:10D2F0000008000E4842010158AA1EC078420101F0
:10D300000000008038800101114910009C80030159
:10D31000EB40020070380300D0000000A88001112B
:10D32000F0010000A8800131055AFD01AC80011117
:10D33000F0010000AC800131053EFD00E400010277
:10D340006C2C511154010102C43F0000FFFFFFFF8C
:10D35000FC4F010340DB03001040010000410000CE
:10D360003C40010010000000484001002017000070
:10D3700050400100010400005C4001000D0F00005E
:10D380000441010003C001002040030130000046B9
:10D390001FC80100002000103840010100000000FB
:10D3A0005840040118000500400800000900000072
:10D3B00092000A0080400F018C002C020000000047
:10D3C000120012005B808C1B000000000002050EA2
:10D3D0001C2F4353626968615543320416100E0EC8
:10D3E0000D0C0A08070605040303020202010101ED
:10D3F00001010100EC40010180B0B18CFC4003014F
:10D400009C200A0001612080B75635120C410301AF
:10D41000B8551200A01B042908884040284101018A
:10D4200000000000384107014CD4E83B04196F307C
:10D430000A10161C22282E343A4010325476980ACC
:10D440001D5F80A470410101000000003442010111
:10D450000008000E48420101F4811F0078420101DA
:10D460000000000038800101114910009C80030178
:10D47000EB40020070380300D0000000A8800111CA
:10D48000F0010000A8800131055AFD01AC800111B6
:10D49000F0010000AC800131053EFD00E400010216
:10D4A0006C2C511154010102C43F0000FFFFFFFF2B
:10D4B000FC4F010394DB0300104001000041000019
:10D4C0003C4001001000000048400100200700001F
:10D4D00050400100000400005C4001000D0F0000FE
:10D4E0000441010003C00100204003013000004658
:10D4F0001FC801000020001038400101000000009A
:10D500005840040118000500400800000900000010
:10D5100092000A0080400F018C002C0200000000E5
:10D52000120012005B808C1B000000000002050E40
:10D530001C2F4353626968615543320416100E0E66
:10D540000D0C0A080706050403030202020101018B
:10D5500001010100EC40010180B0B18CFC400301ED
:10D560009C200A0001612080B75635120C4103014E
:10D57000B8551200A01B0429088840402841010129
:10D5800000000000384107014CD4E83B04196F301B
:10D59000080E141A20262C32383E10325476980A7F
:10D5A0001D5F0000704101010000000034420101D4
:10D5B0000008000E48420101F4811F007842010179
:10D5C0000000000038800101114910009C80030117
:10D5D000EB40020070380300D0000000A880011169
:10D5E000F0010000A8800131055AFD01AC80011155
:10D5F000F0010000AC800131053EFD00E4000102B5
:10D600006C2C511154010102C43F0000FFFFFFFFC9
:10D61000FC4F0103E8DB0300104001000141000062
:10D620003C4001000000000048400100A00700004D
:10D6300050400100000000005C40010000000000BC
:10D6400004410100FF4C000020400301000000865F
:10D650001FC00100006000003840010100000040D0
:10D66000584004016402FF0040080000010000006F
:10D670009200080080400F018C000C0200000000A6
:10D68000D703220000000000000000000002050D8A
:10D690001A2D3F506068696357463525150D0908F6
:10D6A0000706050504040403030303020202020241
:10D6B00001010101EC40010190382C8CFC40030178
:10D6C0009C200A00055B58804737414A0C41030102
:10D6D000B85552002A194929893B40402841010187
:10D6E000FFDD000038410701E853FA0000000000A8
:10D6F000000000000000000000000000000000002A
:10D700000000000070410101C1030000344201012A
:10D710000000000E4842010158AA1EC078420101D3
:10D72000000000003880010111491000A0800201B2
:10D7300070780300FFC00200A8800111F001000012
:10D74000A88001310542CB01AC800111F00100003D
:10D75000AC800131050A0D00E40001026C2C51116E
:10D7600054010102C43F0000FFFFFFFFFC4F010313
:10D770003CDC030010400100014100003C4001007E
:10D780000000000048400100A007000050400100D8
:10D79000000000005C4001000000000004410100A6
:10D7A000FF4C000020400301000000861FC0010064
:10D7B00000600000384001010000004058400401B2
:10D7C000C804FF00400800000100000092000400AF
:10D7D00080400F018C000C0200000000B603220004
:10D7E00000000000000000000002050E1C2F435343
:10D7F000626968615543320416100E0E0D0C0A085A
:10D8000007060504030302020201010101010100F0
:10D81000EC40010190E82B8CFC40030190200A00B1
:10D82000055B58804737414A0C410301F5625200BD
:10D830002A194929893B404028410101FFDD0000A8
:10D8400038410701E853FA00000000000000000022
:10D8500000000000000000000000000000000000C8
:10D8600070410101C1030000344201010000000EBB
:10D870004842010158AA1EC0784201010000000080
:10D880003880010155251000A08002017078030046
:10D89000D0000000A8800111F0010000A880013133
:10D8A0000542CB01AC800111F0010000AC800131D8
:10D8B000053EFD00E40001026E2C511354010102EB
:10D8C000C43F0200FFFFFFFF0C4001000181010087
:10D8D0002040020000000000010000003040030072
:10D8E00000000000000000000000000040400200B6
:10D8F0000000000000400000604001000101000045
:10D90000A840010007000000BC4004000000000027
:10D9100000000000000000000000000008410300BB
:10D92000FF4C0000FF4D0000FF4D000020C0011023
:10D9300000F8070020C00130F502080024C00110E3
:10D94000FF00000024C001300013000028C00700C1
:10D95000EC80B38343754051A00F00483040000075
:10D9600000000000000000002E02000050C0040073
:10D97000511130040E2D09E654060708D1B60200F5
:10D9800064C00A000430001C403018090D6479207E
:10D99000EBFCFB017FF6E803BD4B721511A31805E4
:10D9A00010325476980A00000000000008000101BF
:10D9B0000807000018000101AAAAAA00200001011E
:10D9C0000060DA001C400101100000002C4003013F
:10D9D0000080000000000003000000006840020119
:10D9E0002941767100000000BC40020100000000E7
:10D9F00000000000E04002013300000000000000D1
:10DA0000F4400201640483078813C83A24410101E9
:10DA100000000000344101010C01000054410101EB
:10DA20000101000068410201640483078813820039
:10DA300030420101000000003842020100000000F5
:10DA400000000000444201010000000054420901AE
:10DA50000000000000003C0000000000000000008A
:10DA6000555555551700000000000000000000004B
:10DA7000AAAA06007C42020100000000000000008B
:10DA800010800101030000003C8001010100000042
:10DA9000B08002010003000237000001980002027A
:10DAA000000C00044C000000A4000102000400006F
:10DAB000D0000202050040AA88010000F400020222
:10DAC000000000003D210811FC0001123F00000091
:10DAD000FC000132005404003001010260005102D8
:10DAE0006801010200040000FFFFFFFF14000000B6
:10DAF00000008000000000004CDD0300FCDC03009F
:10DB000000000000802596000048E80140420F0018
:10DB10000108F5001149500200000000A4DC0300D8
:10DB20000000000000000000000000003E420F0066
:10DB300000000000000000000000000000000000E5
:10DB40001400000000008000000000004CDD030015
:10DB50000CDD030000000000802596000048E8016D
:10DB600040420F000102F500114950020000000080
:10DB7000A4DC030000000000000000000000000022
:10DB80003E420F0000000000000000000000000006
:10DB900000000000140000000000800000000000F1
:10DBA0004CDD03001CDD0300000000008025960012
:10DBB0000048E80140420F000108F50011495002F9
:10DBC00000000000A4DC03000000000000000000D2
:10DBD000000000003E420F000000000000000000B6
:10DBE00000000000000000001400000000008000A1
:10DBF000000000004CDD03002CDD030000000000ED
:10DC0000004786000048E80180841E000101F500FD
:10DC10001149500200000000A4DC030000000000D5
:10DC2000000000000000000055841E0000000000FD
:10DC300000000000000000000000000014000000D0
:10DC400000008000000000004CDD03003CDD03000C
:10DC500000000000841743000024F40040420F003D
:10DC60000101F5005525500300000000A4DC03006D
:10DC700000000000000000000000000038420F001B
:10DC80000000000000000000000000000000000094
:10DC9000030500000304000003030000030200006A
:10DCA000030100000200000000F049020614000019
:10DCB00000E0930405380000A008000000005809A7
:10DCC00001040706100A01040707C80A0004080730
:10DCD000800B00040808380C0004090861080000E3
:10DCE0000000680800000000C709010404032C0BB1
:10DCF00001040404920C01040504000050C3000058
:10DD0000E62D0000D0070000D0070000E5BF0000AE
:10DD100010270000C2010000C2010000F5DA020075
:10DD2000102700002C0100002C01000050C300004F
:10DD300050140000FA000000FA00000050C3000078
:10DD4000FC210000B3010000B3010000193F0106EF
:10DD5000041001000001010600102700000C000063
:10DD600000000000000062675F6D657373616765A6
:10DD700020726563656976657273000102030000B5
:08DD80003026FC7F01000000C9
:0CDD880094DD030040300020B4000000D7
:10DD94003C10002040110020C0EA2101C0EA21010A
:10DDA4000080000000F049025C30002000400700C1
:10DDB40000A00000E8150020C8000000FE000000DC
:10DDC4000000000050900300C00A00208891030066
:10DDD400E1FE55000A0027004F980200000006509B
:10DDE40000C20100000005060100001000006000F0
:10DDF400020008000700000030310020B03000208D
:10DE04000000000000000600000000000000000008
:10DE140000000000000000000000000000000000FE
:10DE240000000000000000000000000000000000EE
:10DE340000000000000000000000000000000000DE
:10DE440000000000000000000000000000000000CE
:10DE540000000000000000000000000000000000BE
:10DE640000000000000000000000000000000000AE
:10DE7400000000000000000000000000000000009E
:10DE84000000000000000600000000000000000088
:10DE9400000000000000000000000000000000007E
:10DEA400000000000000000000000000000000006E
:10DEB400000000000000000000000000000000005E
:10DEC400000000000000000000000000000000004E
:10DED400000000000000000000000000000000003E
:10DEE400000000000000000000000000000000002E
:10DEF400000000000000000000000000000000001E
:10DF0400981E0020ED8300000000000001000000C6
:10DF140000000000100000001000000000000000DD
:10DF240000FFFFFFFF000000774503007B4503006F
:10DF34007F45030083450300000000001DB7010076
:10DF4400000000000000000000000000C1B9010052
:10DF5400000000000000000000000000C1B9010042
:10DF64000000000000000000000000005B630300EC
:10DF74000000000091CE010000000000000000003D
:10DF8400000000003DCE0100000000000000000081
:10DF94000000000099D20100000000000000000011
:10DFA40000000000A1DC01000000000000000000EF
:10DFB4000000000041E40100000000000000000037
:10DFC400FFFFFFFF0000000000000000FFFF000053
:10DFD400A09F03000B670300FFFFFFFF996A030084
:10DFE400956A0300FFFFFFFF9D6A0300FFFFFFFF29
:10DFF40081710300EB710300FFFFFFFFFFFFFFFFD1
:10E00400FFFFFFFFFFFFFFFF9B2A0000FFFFFFFF53
:10E01400000000000000000039650200000000005C
:10E0240000000000FFFFFFFF1700FFFF0C000000CF
:10E034000000BF8FAF7F8700370F10100004040F5C
:10E0440005140A01014252443431393141000A01B4
:10E054000301FF0CFF0F7F008D0300006503000028
:04000003000010D910
:00000001FF
