S02B0000433A2F55736572732F6D706D656E2F53696D706C696369747953747564696F2F424C452D7468657319
S214000000C00A0020D9100000736602007366020062
S214000010E77F0200736602007366020073660200E2
S214000020736602007366020073660200736602005F
S2140000307366020073660200F965020073660200CA
S214000040736602007366020073660200736602003F
S214000050736602007366020073660200736602002F
S214000060736602007366020073660200736602001F
S214000070A15D00007366020073660200DF9702004F
S21400008073660200736602007366020073660200FF
S21400009073660200211B000073660200736602008E
S2140000A0736602003D1800001D180000736602000B
S2140000B0736602001D48020073660200C15002000B
S2140000C0F1720300ED720300654802000773030037
S2140000D0F572030091500200F9720300015102000C
S2140000E04D2E0200113002006D51020073660200B0
S2140000F0736602007366020073660200736602008F
S214000100736602007366020073660200736602007E
S214000110736602007366020073660200736602006E
S214000120736602007366020073660200736602005E
S214000130736602007366020073660200736602004E
S21400014082B0BFF34F8FBFF36F8F30BF074BD3F82C
S214000150F030DB0704D500230193019B052B01DD5E
S21400016002B07047019B0133F6E700BF00ED00E0E8
S214000170F0B5114A114C124E00F00105E3695F0715
S21400018013D40DB9334213D103EA00078F4207D1C7
S2140001900B4A1A40002A0CBF00206FF00100F0BD89
S2140001A0013AEBD16FF00200F9E74FF0FF30F6E7C7
S2140001B06FF00100F3E700BF809698000000035040
S2140001C0020001000B4B70B5D96911F480310DD1D6
S2140001D001244FF48072084E084DF46020462C64CB
S2140001E01A61FFF7C5FF3464EC6070BD6FF0010064
S2140001F0FBE700BF00000350001003500020035030
S2140002004FF4003238B50F4B0F4C9A6641F67133F7
S2140002100122E569E3630D4B0021DA600223606189
S2140002202120236105F48035FFF7A2FF10B92120B5
S214000230FFF79EFF0122064BDA600DB10023E36351
S21400024038BD00BF0090005000000350001003505F
S2140002500020035070B5134C6061E3695B071ED441
S2140002600E4656F8043B8D18A361AE420BD104230C
S214000270002121202361FFF77BFF58B9BDE87040BD
S2140002802120FFF775BF08210846FFF771FF10B160
S2140002900423236170BD56F8043BA361E5E74FF0E5
S2140002A0FF30F7E7000003502DE9F84315464FF4FA
S2140002B00032184B89469A6641F6713203F51C33B4
S2140002C0DF69DA630122064603F58053DFF84C80C7
S2140002D007F48037DA6055B9284601220E4BDA60FB
S2140002E01FB10022A3F50053DA63BDE8F88306F5D4
S2140002F0005404EA0804A41BAC4228BF2C46494616
S21400030022463046FFF7A6FF0028E6D12644A14441
S2140003102D1BE0E7009000500020035000E0FFFF98
S2140003200348044B834202D0034B03B1184770477F
S214000330103300201033002000000000064B074951
S214000340C91A891048BF0131491003D0044B0BB1BC
S21400035001481847704700BF1033002010330020B4
S2140003600000000010B5064C237843B9FFF7D8FF0D
S214000370044B13B10448AFF300800123237010BD73
S214000380BC2C00200000000080DD030008B5054BF3
S2140003901BB105490548AFF30080BDE80840FFF7EC
S2140003A0CDBF00BF00000000B00D002080DD0300C0
S2140003B0A3F5803A704700BF174B002B08BF134BBE
S2140003C09D46FFF7F5FF00218B460F461348144A5B
S2140003D0121A29F03CFA0E4B002B00D098470D4B12
S2140003E0002B00D098470020002104000D000D4887
S2140003F0002802D00C48AFF3008007F099FF2000D9
S214000400290029F0EEF907F081FF00BF0000080080
S2140004100000000000000000C00A0020C00A002003
S214000420602E0020000000000000000037B50546E2
S2140004300EF090FD00284ED12A4B2877AB61AB68B2
S21400044043F48013AB6027F031FEAB68A8801B0333
S2140004500CD4B0F5FA7F09D938F073FA01210446B6
S214000460084637F0AFFA204638F066FA28460EF00F
S21400047099FD044680BBE86888B311F0F3FA2DF0C6
S214000480BCF92AF02BFD0BF05BFD0CF073FB2EF095
S21400049082FA2BF024FD2AF0BDFF01202EF019FC75
S2140004A02CF0FCF901202EF018FC0446A0B904211B
S2140004B0024608462DF092F901A88DF804400EF089
S2140004C063FF0321042010F07BFC0A2009F0D6FD10
S2140004D0284626F085F80024204603B030BD0248A2
S2140004E0CBE700BF05040300E232002008B504494C
S2140004F004481EF0A3F8BDE808401EF0D1B800BFBF
S214000500708E0300788F03004FF08052014B5A60C4
S214000510704700BF00ED00E070B5012886B00D46BC
S2140005208DF8070003D92124204606B070BD284B5D
S214000530284E1968306802F0E1FA04460028F3D124
S214000540254B062218689B88029002A92846ADF81B
S2140005500C300494ADF8144029F04FF928B1062267
S214000560284604A929F049F970B91C49306802F0F8
S2140005702DFD08B12D2828D11949306802F026FD36
S2140005802D2818BF0446CFE79DF80730012B0DD164
S2140005906B799B09032BC6D10123104930680DF1F6
S2140005A0070202F0CFFC04464CB1BDE7002BF3D1A6
S2140005B00A49306802F00AFD2D280446F4D10623C5
S2140005C02A460749306802F0BDFC0446ACE700BF87
S2140005D058300020783000207D9303003C00040053
S2140005E02C000400F8B50E460546D0B1C9B10E4B36
S2140005F00E4F1968386802F081FA044678B9062367
S21400060032460B49386802F047FB044638B90123E6
S2140006102A460849386802F03FFB00B12C70204695
S214000620F8BD2124FBE700BF5830002078300020BA
S2140006302C0004003C00040008B538F08BF90022BA
S214000640034B1A809A70BDE8084038F07EB900BFA8
S214000650100F002070B50D4E0546306826F0F5F8F0
S214000660044680B90A4A1388C3F58273AB4205D3A1
S21400067093781BB9074B9C7884F00104306826F009
S214000680F2F8204670BD0024FBE700BF18100020DB
S214000690000E0020100F0020002337B518481D4616
S2140006A0028800931146D41CADF804300444032994
S2140006B020D93BB1042AC2F1040388BF002312FAF2
S2140006C083F303806A4606234A21406829F0F4F83B
S2140006D0FFF7B2FF01220B4B69461A70009B180207
S2140006E000F4E060C3F307231843043000F07CFBFB
S2140006F003B030BD0131012304F8015F89B2D6E7AB
S214000700100F0020BD2C0020F8B5054638F022F961
S2140007100E4E07463488AC4208D22B21062025F020
S21400072078FF3846BDE8F84038F00FB903D100230B
S2140007303380B370F5E7641BA4B2291D224631440A
S214000740301D29F06AF83480EBE700BF000E002069
S21400075030B589B0FFF770FF38F0FCF804461F4B41
S2140007601888FFF7D1FF2046002438F0EEF81C4B1F
S2140007701C22214601A81C7029F069F809238DF86F
S2140007800430184B18490293184B01A80393022310
S2140007908DF810304FF4806305930A23ADF81830B7
S2140007A000F018FD014610B1204625F032FF104C2F
S2140007B04FF48070214629F088FA0E4D014630B17C
S2140007C0042025F026FF00232B6009B030BD4FF42F
S2140007D08271206829601DF0E3F9F6E7000E00201C
S2140007E0BD2C0020F9070000181000201B66020030
S2140007F00C0F0020080F002070B5414D286826F029
S21400080024F8014638B1002025F003FF2868BDE82B
S214000810704025F0FEBF3B4883784BB33A4E3378A2
S21400082033BB3A4A416814688370394A21F47F43DF
S21400083023F0070393420CD036D802F17C42D8321C
S2140008400A4034498A4238D133498B4248D09342D1
S2140008503BD001233370FFF7EFFE236821461802D2
S21400086000F4E060C3F307231843043000F0BCFA3A
S2140008702A498B789BB1244A137883B951F8043FF0
S2140008801C0204F4E064C3F307231C43012304346E
S2140008902046137000F0A8FA2046FFF735FF2868B8
S2140008A0BDE8704025F0DFBF1D4A934205D1027AAD
S2140008B002B3083025F0B6FECBE71A4B0188224675
S2140008C01B68194807F058FDC3E7027A1AB10830CA
S2140008D007F01EFBBDE7114601201DF06BF9B8E7D7
S2140008E0037A1BB1083000F021F9B2E701201DF0B1
S2140008F071F9AEE7114601201DF076F9A9E700BFB1
S21400090018100020100F0020BD2C00200C0F002017
S2140009102000FF022000FF002000FF01000E002044
S2140009202000FF03080F0020140F00202DE9F041DF
S2140009300546006820F47F4020F0070000F054F9D8
S21400094018B9284628F049FF18B9BDE8F08125F007
S21400095082FE2B68180200F4E060C3F307231843F6
S2140009600430FFF777FE0028F1D01C4F386825F0DA
S2140009706CFF014668BB2B68194E1C0204F4E06449
S214000980C3F307231C4337F0E5FF33880434C3F56D
S21400099082729442804615D804332246F0182946BF
S2140009A028F05DFF338840461C4401233480B37032
S2140009B037F0CBFF386825F02CFF3868BDE8F041EB
S2140009C025F051BF37F0C1FF1D21052025F021FE7F
S2140009D0F0E7002025F01DFEB7E700BF1810002046
S2140009E0000E002010B50B4C206825F02EFF0146A7
S2140009F058B9094B1870206825F00BFF25F02AFE21
S214000A002068BDE8104025F02EBF002025F001FE2E
S214000A1010BD00BF18100020BD2C00202DE9F743A4
S214000A2089461746014610B1012025F0F2FD3A4DE1
S214000A30286825F00AFF0146002866D11FFA89F4C7
S214000A403CB337F087FF354E804630880328C0F524
S214000A5082720CD994420AD973681C0204F4E064CA
S214000A60C3F307231C43C0F104031C44A4B29442FE
S214000A7040D8043022463946304428F0F0FE338809
S214000A8083B123444046338037F05FFF3288032A21
S214000A901DD8286825F0BDFE286803B0BDE8F043E1
S214000AA025F0E1BE4046348037F04FFF3288032AF7
S214000AB01ED800234FF4FA710093194A194B1A48AE
S214000AC000F06EFC01460028E3D0022017E000206C
S214000AD071680B0203F4E063C1F307210B43043390
S214000AE093420FD801231048B37000F03BFCE9E7AF
S214000AF00120EDE7404637F028FF1E21012025F0B3
S214000B0088FDC6E70028D4D1C3E7002025F081FD84
S214000B1003B0BDE8F08300BF18100020100F0020BF
S214000B203566020099060000C80D002070B54378AF
S214000B300278012B14D0022B2BD063BB052A2AD1B6
S214000B40274C2278082A47D02649D0F802000D46BE
S214000B50DEB2964224D345F822000132227016E017
S214000B60052A18D11E4C2178C1B3D0F802601D4862
S214000B700023024650F8045BAE421ED10020013925
S214000B8042F82300217002EB830299420FDC00201A
S214000B9002E0012A17D00120BDE870401DF01AB807
S214000BA051F8046B0133B042D2D12E20F4E75468DA
S214000BB00133146042F8040FE7E70133DDB2A942BF
S214000BC0D8D82D20E8E720220021064828F03FFE4E
S214000BD00022034B1A70DAE71C20DDE71B20DBE758
S214000BE0BE2C00201C10002010B5084B084A1C78AC
S214000BF00023D9B28C4201D8002010BD52F8041B45
S214000C0001338842F5D10120F7E700BFBE2C002053
S214000C101C100020F8B50546002843D037F09AFE91
S214000C20AB6A06469B889BB21BB9BDE8F84037F016
S214000C308CBEE86836F06AFD0023AC6A85F8303072
S214000C4037F088FEA3889BB21BB937F07EFE30468D
S214000C50EBE767886388E2889BB20133B3FBF2F167
S214000C6002FB11339BB26380A388BFB2013B9BB2E9
S214000C70A38037F06AFE14235F4307F11001214476
S214000C80E86836F089FD08493C44A1610028DED1B9
S214000C906769002FDBD0E26823692846D31AA2686A
S214000CA0B847D4E7F8BD00BF097000F038B51D4C52
S214000CB0206803689B6C1A0421D5012102F040FFCE
S214000CC037F048FE4FF40042054623681B6803F5DC
S214000CD00053DA649A6437F034FE23681B685A6E51
S214000CE022F4E0225A665A6E42F082725A6637F052
S214000CF023FE284637F029FE2068FFF78BFF206882
S214000D0003689B6CDB060CD5012102F019FF02215B
S214000D10206802F0BBFC102223681B6803F5005312
S214000D209A6438BD5C130020014B1868FFF772BF49
S214000D305C13002010B5102488B02246002101A8BC
S214000D4028F085FD29238DF804300C4B4FF4806283
S214000D5002930B4B0B49039302238DF810300A4B7A
S214000D6001A8CDE90523079400F034FA014610B136
S214000D70012025F071FC08B010BD00BF091000006E
S214000D8061660200581300200A00040013B507F03D
S214000D909BF8124B124A18600368124C934218D004
S214000DA002F58042934217D02521022025F054FCFC
S214000DB0FF2325210220237025F04EFC01A90120E7
S214000DC037F009FE014610B1042025F045FC02B0BC
S214000DD010BD0D232370F1E70F23FBE75C13002003
S214000DE000C00550BF2C00202DE9F8431D4E0446D8
S214000DF03068884625F029FD014620B1012025F0FF
S214000E002BFCBDE8F883184DE71C2B6827F003077A
S214000E10DA19164B9A4224BFA3F582732B60B4F5F9
S214000E20827F08D91D21032025F016FC3068BDE816
S214000E30F84325F018BDD5F80090224641464846AE
S214000E4028F00DFD0A48224649460A4B006802F083
S214000E5033FF10B92B683B442B60306825F0D9FC73
S214000E60E4E700BF58130020403000204011002067
S214000E705C130020790E00001FB50223003918BF4E
S214000E8001218DF80030074B019110226946186841
S214000E9025F0EBFC014610B1012025F0DDFB05B086
S214000EA05DF804FB581300201FB500238DF80030B2
S214000EB0064B69461022186825F0D7FC014610B18B
S214000EC0012025F0C9FB05B05DF804FB581300208F
S214000ED070B51B4D04462B6803F58272194B9A4277
S214000EE024BFA3F502732B6037F034FD4FF48272F3
S214000EF00646154B2046296802F030FE0446C0B967
S214000F00304637F022FD4FF40041104B1868036856
S214000F1003F50052916448F2100203F58053DA6438
S214000F20214602F00DFE2B6803F582732B602046E7
S214000F3070BDFFF7B9FF304637F007FDF7E700BF93
S214000F404430002048130020C10F00005C1300202E
S214000F5070B5164D286825F078FC014618B10120BA
S214000F6025F07AFB70BD124C124E94F9000004F086
S214000F70E7FB94F9000004F09DFB33680E4A1B68FB
S214000F805A660E4A03F500539A6437F0E3FC0446AB
S214000F903068FFF79DFF08B1FFF786FF204637F061
S214000FA0D4FC2868BDE8704025F05DBC58130020CE
S214000FB0BF2C00205C130020FF002401FFFF01006F
S214000FC01FB500200124CDE9020001900C488DF8E1
S214000FD00040814201D001B1019463B1CDE90232F3
S214000FE0084B69461022186825F03FFC014610B1F0
S214000FF0012025F031FBFFF757FF04B010BD00BFFE
S214001000097000F05813002070B5214D86B028688E
S21400101001AA02A925F056FC1B28044604D028B1D4
S2140010200146012025F018FB06B070BD37F092FC93
S2140010309DF808300646012B1ED0022B0FD043B970
S214001040144C206826F0A8FB10B92068FFF740FF74
S214001050304637F07AFC286825F005FCE4E70E4BAE
S214001060039E5C601C7337F070FC286825F0FBFB61
S2140010703046FFF7B7FCD7E737F067FC286825F05F
S214001080F2FBDDE904120398FFF7C8FCCCE700BFCB
S214001090581300205C1300204813002008B50348AE
S2140010A037F09EFCBDE8084028F050BBF4900300E3
S2140010B0014837F095BC00BFF49003000348044A8B
S2140010C00449121A921025F0D5BA00BF400100005C
S2140010D020030000602E002008B5154B83F30A8815
S2140010E000F030F8FFF7EAFF124B13498B4212D399
S2140010F00020124B12498B4218D3FFF75DF918688F
S21400110050F82240586840F82240013298688242DF
S214001110F5D30C33EAE70022F8E71C6844F822000F
S21400112001325C68A242F8D30833E4E70022F8E70D
S2140011300000002088DD030094DD030094DD03003A
S21400114094DD03004FF40041134B144A70B59A60C7
S214001150D3F88820124D42F47002C3F88820114A52
S21400116005F5005491664FF0FF3222664FF6DF72A7
S21400117062660222C3F8D020BFF34F8FBFF36F8F93
S2140011804FF44036032004F0DBFA0320E66004F058
S21400119091FA2E6170BD00BF00ED00E00000000077
S2140011A00080004400900050014B1860704700BF5C
S2140011B04C300020054B1860054B1B6F03F00703EF
S2140011C0032B01D136F06EBA704700BF54300020B2
S2140011D000800050F8B50F460546002843D0002989
S2140011E041D003784268980702D01AB9212428E033
S2140011F0002AFBD1190702D5AA8A002AF6D09A0639
S21400120005D5EB8A002BF1D0AB69002BEED02C2055
S21400121026F0FCFC064640B32C22002128F017FBE3
S2140012202B46321D05F11C0153F8040B8B4242F885
S214001230040BF9D12B785B0705D53E606B686BB95C
S21400124000242046F8BD0121304625F0B6FA0446B3
S2140012500028F2D0304626F0DBFDF2E7314604489F
S21400126025F01CFAECE72224EBE71924E9E700BF97
S2140012706013002008B5034825F009FABDE80840C9
S21400128028F054BA601300200B4B10B51C680CB93C
S21400129001200AE037F055FB94F8202003462AB1D7
S2140012A0A26A1AB137F048FB002010BD184637F086
S2140012B043FB2468EBE700BF601300200B4B10B520
S2140012C01C680CB901200AE037F03BFB94F820209C
S2140012D003462AB1A26A1AB137F02EFB042010BDCD
S2140012E0184637F029FB2468EBE700BF60130020A0
S2140012F00C4B10B51C6804B910BD37F022FB94F8EF
S214001300203002464BB1A36A3BB1013BA36237F0E3
S21400131013FBA36898472468EDE7104637F00CFBEC
S214001320F9E700BF6013002038B5054637F012FB1A
S21400133000230B4A14685CB1AC4206D1A96A6BB1B3
S214001340996237F002FB012007E02346A46AF2E721
S214001350002DF3D037F0F9FA204638BD1160F0E7DB
S2140013606413002010B50446B0B136F0E7FE204600
S214001370FFF7DAFF10B194F82C300BB9002010BD3F
S214001380064C2368002BF9D037F0E4FA2368013BBB
S214001390236037F0DAFAF1E72220F0E7681300203E
S2140013A02DE9F04385B00546914698460E469DF8D1
S2140013B0307009B9002F5CD12846FFF7D3FF0446EA
S2140013C0002836D185F82C00686304F0A7FC864216
S2140013D033D936F047FF2146844640F2E7304FF4D3
S2140013E07A720023E6FB0C0106F000FE4FF0FF3297
S2140013F0002306F0FBFD2B46E88611462846CDE97D
S21400140000441D4A37F0A9FB044690B9C5E9089880
S21400141085F82D702E6337F09DFA184A136833B39B
S2140014201A469B6A002BFBD195620023AB6237F00D
S2140014308CFA204605B0BDE8F08347B12B4631460E
S2140014402846CDE900440C4A36F05EFFDCE730461D
S21400145003A936F00DFF04460028EAD12B4628469D
S214001460CDE90077044A039937F053FBCCE71560C3
S214001470DBE72124DDE700BF8114000064130020B1
S21400148091F82C3013B50C4683B98B8ECA8E9342D6
S2140014900ED243B9CDE9003320460B46124A4FF030
S2140014A0FF3137F01AFBA38E0133A38602B010BDBE
S2140014B052B191F82D3093B101230093D1E908235E
S2140014C02046096BFFF76CFF012384F82C30074B8E
S2140014D01A6801321EBF1A6801321A60E6E708462B
S2140014E036F02CFEF0E700BF8114000068130020E1
S2140014F02DE9F041154E336833B34FF00008144F12
S21400150037F028FA05463C6824B92846BDE8F0417D
S21400151037F01BBA94F82C30A3B1336884F82C80CB
S21400152013B13368013B336094F82D3013B920466D
S214001530FFF7FAFE284637F008FAD4E908312046C5
S2140015409847DDE7A46ADFE7BDE8F081681300206E
S21400155064130020034B1B68002B14BF04200120DB
S214001560704700BF68130020024B1868B0FA80F07E
S214001570400970476813002013B5082025F005FAC7
S21400158006F0A2FC0123104C009390F83630206041
S214001590C3B9006826F0ACF9236820F07F4093F8C2
S2140015A03530023B012B94BF0323002340EA8370AF
S2140015B00190684625F0ADF9082002B0BDE810405D
S2140015C025F0EEB90020E7E76C130020BFF34F8F3D
S2140015D00549064BCA6802F4E0621343CB60BFF3CA
S2140015E04F8F00BFFDE700BF00ED00E00400FA05E6
S2140015F0002307B52948019337F0F2F94FF44073FA
S214001600012204216846ADF8003025F0D5F9012204
S214001610234B0520C3F8442401A937F0DCF9002841
S21400162039D1204BD3F8F02042F00102C3F8F02065
S214001630D3F8FC2042F08072C3F8FC201A4AA3F5C7
S2140016405D431A60019B194A03F5D52303F2FC4358
S214001650B3FBF2F3164A013B13610223C2F8F030E3
S2140016604FF48073C2F804334FF06043114AC3F856
S214001670B02F114AC3F8802ED3F8002E42F48072A1
S214001680C3F8002EFF2283F82020D3F8002E22F481
S2140016908072C3F8002E03B05DF804FBF4900300DC
S2140016A000D0035000ED00E0FF030040F8590D00A5
S2140016B0000004E055CEACC5090001004FF06043C1
S2140016C0D3F8802E30B5D20715D501240B4D8440B3
S2140016D0D5F8FC2042F08072C5F8FC20D3F8002E26
S2140016E02243C3F8002E53F82020002AF0D003F837
S2140016F02010002030BD1120FCE700BF00ED00E008
S214001700F8B504460127124D0CB314F001000BD0B7
S214001710002024F0010405EBC0021668002EF3D06A
S2140017205168C0B2B047EFE72246013020284FEAA2
S214001730520201D0D307F8D507FA00F20F2824EAA0
S2140017400204E8D9421E05EBC2021038E5E7F8BDF0
S2140017507013002008B50C4837F042F9192003F042
S214001760B7FF28B1192003F0EBFF192003F0A2FF02
S2140017701A2003F0ADFF28B11A2003F0E1FF1A206B
S21400178003F098FF002008BDF49003002DE9F04117
S2140017900D4690461F460446002837D0002935D00F
S2140017A037F0D8F823780646FF2B05D04246204669
S2140017B0296803F085FD28602B68013309D123785A
S2140017C0FF2B06D1124B6078D3F8241426F0D2F8FB
S2140017D028602A68531C13D00E49069B41F83270C5
S2140017E001EBC2014B602378FF2B04D0012393400A
S2140017F0094AC2F82434304637F0A7F8002003E040
S214001800304637F0A2F82D20BDE8F0812220FBE715
S21400181000C003507013002000D0035008B503F03A
S214001820FFFC054B00F0553020F05020C3F8200494
S214001830BDE80840FFF764BF00E0035008B503F0BA
S214001840EFFC054B00F0AA3020F0A020C3F82004DF
S214001850BDE80840FFF754BF00E003502DE9F04F05
S2140018609A46564B85B01B7806460F461546DDF859
S2140018703C909DF844B0DDF85080002B00F0978037
S214001880072A00F296800E9B002B00F09280B9F19A
S214001890000F00F08E80129BB3F5006F00F3898076
S2140018A0012803D1109B002B00F08380444B03EBF0
S2140018B005131B7B002B7ED0424C1022002168466D
S2140018C027F0C5FF04EB45141022A7BB3946204677
S2140018D027F0BDFF43F210036380BBF1000F03D176
S2140018E0E37843F00303E370364A0E9B02EB451C95
S2140018F0CCE90193129B6901581E9DF84C30C0F349
S2140019000A0003F003039B0643EA001E53582E48C2
S214001910012E00EA03004EEA0003CDF800A0535063
S21400192017D0B8F1000F2ED19CF8023068F30413DC
S2140019308CF8023027E00021204627F088FF4FF47D
S21400194044736380BBF1000FCED1E37843F03003DD
S214001950C9E713230CF1100ECCF80C309CE80F00EE
S2140019608EE80F006FF00301DCF81C20109B61F37B
S2140019709F02012FCCF81C20CCF8143003D1CCF8F1
S2140019801890CCF8043000270D4A290102EB051305
S21400199042F80180159A28465A60694622469F609A
S2140019A05E7303F01BFA384605B0BDE8F08F0748B3
S2140019B0FAE70748F8E70748F6E700BFC02C00201C
S2140019C060150020601400200F80FFF3028000F0F6
S2140019D0018000F0078000F038B5124B05461B78F2
S2140019E0DBB1E0B136F0B6FF0F4A00231146147B98
S2140019F054B92B6001251A0101EB03131D738C509B
S214001A0036F0A3FF204638BD0133082B02F1100242
S214001A10EDD136F09AFF0548F5E70548F3E70548A7
S214001A20F1E700BFC02C002060150020048000F005
S214001A30028000F0018000F0154B13B518680023F3
S214001A4001908DF8043036F085FF124B1C7824B1D7
S214001A5036F07BFF104802B010BD01221A7036F037
S214001A6074FF0E4B01A81C731C7783F82C4083F878
S214001A703C4083F84C4083F85C4083F86C4083F825
S214001A807C4008238DF8073003F078F92046E2E71B
S214001A904A900300C02C0020038000F06015002050
S214001AA00A4A08B512785AB107280BD8084A02EB3A
S214001AB000131B7B43B1002103F052F9002008BD40
S214001AC00448FCE70448FAE70448F8E7C02C00207E
S214001AD060150020028000F0018000F0078000F012
S214001AE00A4A08B512785AB107280BD8084A02EBFA
S214001AF000131B7B43B1012103F032F9002008BD1F
S214001B000448FCE70448FAE70448F8E7C02C00203D
S214001B1060150020028000F0018000F0078000F0D1
S214001B20184B2DE9F0411F6D5B6D1F4000D5FEE799
S214001B3001260025144CDFF85880374218D0236859
S214001B40C8F85060A3B1A168284601316268A16058
S214001B509847637B012B0BD150B90C4B03EB451315
S214001B601A7B60F341021A731A7F60F341021A77F8
S214001B700135082D4FEA460604F11004DDD1BDE814
S214001B80F08100BF000004506015002060140020A3
S214001B90002004502DE9F04F144605460E469B469D
S214001BA0C36B87B001225B6902A960689847EB6B3C
S214001BB001225B6903A93046984702A825F0E4FB9A
S214001BC0074648B10023A37563754FF0FF33A36043
S214001BD0002007B0BDE8F08F03A825F0E2FB012344
S214001BE0A375237E04EBC303DE611F846368B342E0
S214001BF00ED1206003A825F0F6FB4FF0FF332075CA
S214001C00A360237D043B022B26D80023A375DFE7C1
S214001C1023681A1A53425341A37503A825F0E3FB21
S214001C20237D834218BFA77503A825F0BEFB074691
S214001C3002A825F0BAFB874218BF002303A818BFE6
S214001C40A37525F0BAFB074602A825F0B6FB874227
S214001C501CBF0023A375D4E703A825F0A6FB80B11C
S214001C60EB6B022230465B6904A9984704A825F06E
S214001C70ABFB0346207D032839D8DFE800F0383870
S214001C80040903A8F3E7CC22237E04EBC3031A84DB
S214001C9001F0B8FA109B187003A8277E25F079FB90
S214001CA004EBC70787F82200237E03A804EBC303D0
S214001CB0B3F8209093F8227025F077FB804603A8AF
S214001CC025F07BFB8246B8F1000F15D0EB6B0222A5
S214001CD030465B6904A9984704A825F03AFB60756E
S214001CE0637D6BB90023A3754FF0000838E0227EB1
S214001CF004EBC2021384CBE703A825F015FBEEE73E
S214001D0094F81680B8F1000FEED0B9F1000F09D1A3
S214001D10DFB10123E375637E002B4FD1012F42D143
S214001D20677614E06B6C06EB0A02594286EA0200FC
S214001D3008421CBF0021A175591E0A409B1A9945EE
S214001D40D0D8A37D002BE3D1CEE7E37D43B94FF097
S214001D5000084B4652463146284625F053F8A06008
S214001D60A27D12B123694B4423611A49237E097868
S214001D7099422AD901332376BBF1000F27D032B31C
S214001D80E37D23B3B8F1000F21D1032F1FD0A16844
S214001D904B1C1CD0109B2246009328460123FFF7BD
S214001DA0F9FEA07513E095F8343063B9EB6A013399
S214001DB0CFD1032FCDD10123A376C8E7012FCFD0F3
S214001DC0032FC4D1F7E79846C3E70023A375A07D89
S214001DD0FFE600BF709003002DE9F04F0E469846D0
S214001DE000238BB004464FF0FF31104617468DF89F
S214001DF0133001F0F1F9B6F5801F3BD3B21C53D176
S214001E00E56A6B1C57D12046616A24F041FF0546FF
S214001E10B31C18BF0123DFF810910193636A626C4C
S214001E200293236805A902FB053AE36B05225B696A
S214001E305046984705A825F042FB25F065FB50461E
S214001E4025F06DFB4FF0000B824601464B1C05D07B
S214001E50636C81EA0A025B42134232D0294620466E
S214001E6024F016FF029BAB424DD0BBF1000F4DD1C4
S214001E700546D3E7314605AA04F1080025F0D2F955
S214001E800146481C10D0384601F0A6F90122394612
S214001E9020460DF1130325F007F828B19DF81330FE
S214001EA088F80030002003E0237C002BA8D12D20EA
S214001EB00BB0BDE8F08F2368ED1A636CB5FBF3F545
S214001EC0A6E7484601F088F90DF113034946204677
S214001ED0019A24F0E9FF034690B1B21C03D0D9F86A
S214001EE00020B2420CD19DF8132003930D4B88F8C6
S214001EF0002049461A68384627F0B1FC039B9B46EB
S214001F00D9F80810A2E7BBF1000FD0D0B6F5801FB5
S214001F10C8D2314698F800307A6804F1080001F01B
S214001F2089F8BFE76C900300541C00202DE9F341AC
S214001F300446174698460E46194D816AE36A8B4258
S214001F402AD04B1C18E0284601F046F90122294603
S214001F5020460DF1070324F0A7FF30B1434629467B
S214001F6020469DF80720B847B0B1A9684A1C05D09E
S214001F70012E0AD0E36A9942E5D10DE06968204651
S214001F8024F013FF012E0146D8D16B6881EA0302C4
S214001F90636C5B421A42D1D002B0BDE8F08100BF4C
S214001FA0281C00202DE9F0474FF0FF334FF6FF7254
S214001FB00025044600F10806C0E909238AB0C3627A
S214001FC00562056330460F4625F0FDF8204624F0EE
S214001FD0DFFD28BB2046394624F0AAFE204624F022
S214001FE0D7FD28BB5E200AB0BDE8F087E26B236809
S214001FF0606CD2F814C000FB0530052205A9E04746
S21400200005A825F05CFA012840F083802946204682
S21400201024F05FFE421C2946204624F0D8FD0135F8
S214002020E3699D42E2D3204624F0B2FD0028D1D0D9
S214002030204624F0DDFD4FF6FF72636A934200F0FF
S214002040B080E26B676C2068694607FB0300556941
S2140020500522A847684625F009FA626A2368606C7C
S214002060514D00FB023025F05AFA4FF0FF33A062C4
S214002070E3622A466FF00101204605ABFFF7ACFE8F
S214002080002850D1AD6829462046E56224F05CFD64
S214002090206320B92046E16A24F087FEE0622946E4
S2140020A0204624F082FE0546A36A9D423DD1204686
S2140020B024F008FD00278046B946E369994546D3D3
S2140020C0B84563D92046616A24F0E2FD002605463D
S2140020D004F1400ABE4212D3626C2368694602FBD2
S2140020E00539E36B05225B6948469847684625F044
S2140020F0BDF9534602464946E06B25F012FA2946DA
S214002100204624F0C5FD0136B0450546E2D16420E0
S21400211069E725F0FEF9002881D02946204624F0FC
S214002120D8FD024677E7A56AADE72946204624F0A3
S2140021300BFD236B2946034407462363204624F001
S21400214034FE0546002FAFD1C4E90B07ACE7636C3D
S2140021502568052203FB0955E36B05A95B6928463C
S214002160984705A825F0ABF925F0CEF958B12846D2
S21400217025F0D5F90146204624F0E6FC636C143BB6
S214002180984208BF013709F1010996E7304625F065
S2140021901AF8002320461946044AFFF7C7FE002017
S2140021A021E767201FE700BF801C0020976E020013
S2140021B02DE9F041036B9046826B07689A4288BF10
S2140021C08363426C436A90B002FB0377C36B0E4690
S2140021D0052201A95B6904463846984701A825F000
S2140021E06EF901280146307057D0656CE26B2368A3
S2140021F0606AD2F814C005FB0030052206A9E04745
S21400220006A825F05CF901284FF0000523D0D4E994
S2140022100A3201219342CDE90B458DF834800E95A4
S2140022208DF83C102AD11946204624F0BEFD236BBB
S214002230626C14339B1AE06223630C9B53B99DF8BF
S2140022403C303BB1626A616C2368E06B01FB023193
S21400225025F0EDF80C9DE36B05225B6901A9384675
S214002260984701A825F02BF930702846236BA26BFF
S2140022709A4288BFA36310B0BDE8F081237C33B9CF
S2140022801C490BAA04F1080000F022FFD5E72046FF
S214002290194A0BABFFF74AFECFE7237C23BB224647
S2140022A0164904F1080000F013FF616A204624F086
S2140022B010FD616A421C204624F089FC054620B9C0
S2140022C0236B626C1344143B23632046A16A24F0FC
S2140022D06CFD2368A062C01A636CB0FBF3F060620A
S2140022E0204624F0A5FDB6E700232046044AFFF763
S2140022F01DFEDAE7492A0000C5290000316F0200FA
S214002300CD6E020073B50D46D11E4A421C461B7E9A
S2140023104A419A4226D129682368994222D36368A3
S21400232099421FD8114E0DF107033246FFF754FDB0
S214002330C0B972686B689A4214D19DF80730DA1EED
S21400234053425341227E93420CD163690133636149
S214002350D4E90323934205D22968A26842F82310E1
S21400236001332361012002B070BD00BF801C002035
S2140023702DE9F04F9A468BB09DF85030DFF850B1FB
S2140023800293DBF81030804653450D461646C0F0E3
S2140023909980D146DBF804300193B9F1000F00F0C4
S2140023A08D80D8F83C3001225B6907A901989847D0
S2140023B007A824F0F6FFDBF80030984240F085804E
S2140023C007A824F0FAFF0428074614D107A824F02B
S2140023D0FBFF019B029A04463B44002A3FD18642FB
S2140023E012D91446361A4046019924F0DEFCA9EBB1
S2140023F004090190D1E7D8F83C3002225B690198C5
S21400240008A9984708A8E2E7841B544528BF544605
S214002410032C03EB0607AAEB040A4FEA94021CD926
S214002420D8F83C30294638465B69984724F00303C1
S21400243004F003061F441D44002ED4D0D8F83C30C8
S21400244001225B6908A9384698473246284608A9FB
S214002450354427F004FA0026C5E72646ECE707468B
S21400246000F00302039203442A1804920593049B87
S214002470DD1B059BD81B039B9F420FD1002FB2D0BC
S214002480D8F83C30012208A95B6998473A462846A6
S21400249008A927F0B2F978B93D44A4E7D8F83C304B
S2140024A0012208A95B6998470422284608A927F054
S2140024B0A4F908B9043FDAE74FF0360948460BB0EE
S2140024C0BDE8F08F4FF06309F8E74FF06F09F5E7C6
S2140024D0AC1C00202DE9F0410F46164698460446EF
S2140024E088B060B390F83450FDB1012124F045FB6C
S2140024F000210E9BCDE90511CDE902379DF83C3051
S214002500CDF804808DF81C30237C04968BB90D49D9
S21400251001AA04F1080000F0DBFDDDE90553E06BDD
S214002520002E08BF1D4624F011FD284608B0BDE861
S214002530F0812046044A01ABFFF7F8FCEDE70546BC
S214002540F3E700BFFB6E0200052300002DE9F04F05
S21400255099B00F4609920A69416C0E931439D31D3F
S214002560B3FBF1F3013302EBC302036B0446934261
S214002570C0F0BC810023DFF844940D93E36A48461C
S2140025801946079300F028FED7E9033604930E9BFE
S214002590022B4ED1CC2E40F08A81099B002B42D0D4
S2140025A03946204624F030FD656C079A6B1E1340B2
S2140025B01490ED1AE36B01225B6916A978689847B8
S2140025C016A824F0F2FE00280CBF04230823782E59
S2140025D006933DD9012300254FF0080A05933B6872
S2140025E005990E98C9F80030C9F8106024F0FFFE6F
S2140025F04FEA9A0310930023DDF81CB089F8140004
S2140026000B930F9308930C93616C4A1E0BEA02021D
S2140026108B1A002E38D05544AB4240D8236B5B1A39
S21400262013442363ABE0049B1B68149308230693B0
S214002630D0E7656C079A6B1E1340782EA5EB030552
S21400264016D8FB7D7BB9099B002BB3D104230693D8
S214002650331DAB4210D9A6B1082DBBD804250023E4
S214002660AA460593BBE7099B002BA3D10823EEE7F8
S214002670099B002B9ED1D9E7002505954FF0040A4B
S214002680ADE704250596F9E75345C7D3B0460BEBEF
S2140026900A030393089B002B18BF032313E0A3EB46
S2140026A00A039E42B0460BEB0A0228BF98469E429B
S2140026B00392EFD90123D9F8102089F817309642F3
S2140026C071D1C9F804B0089399F81730002B6CD074
S2140026D099F818200899D31C09EBC3030132C3F8F4
S2140026E004B0A3F80880997289F81820B8F1000F92
S2140026F014D00E9B022B5BD10B9B7BB90F9B4344E4
S214002700032B0BD9E36B01229B69039814A9984706
S2140027100546002840F0EC8001230B93089B16A882
S2140027200193059B009399F814204346396800F0FE
S21400273009FDE36B58469B69109A16A99847051E33
S2140027400D9B18BF5B4652460D935946434620469E
S21400275024F058FB236B08F10302A3EB0A0322F0D4
S21400276003029B1AC9F808002363002D40F0C080BE
S2140027700F9BDDF80CB04344A6EB08060F935946B2
S214002780204624F012FB00258346002E7FF43CAF43
S2140027908A4A3968936804F10800E36252680E9B1F
S2140027A000F048FC84E002238DE7C9F804B09DE7FA
S2140027B0099B002B30D1049BB8F1030F43440A93C6
S2140027C027D9DDE90301E36B4FEA98029B69984736
S2140027D00546002865D118F003025FD0049B28F058
S2140027E003052B440493039B1D444FF0FF330499C9
S2140027F015A8159327F033F8E36B28469B6901224A
S21400280015A9984705460A9B0493002D86D0039B7E
S21400281099E74246039DE8E7039B0A9307F12003E6
S2140028201193FB7D78689BB100233D7E0C9AD9B24C
S2140028308D4211D9119903F1010C31F833109142F0
S21400284026D9069907EBC303D8690A44104403E067
S2140028500C9B069A13441844E36B01225B6915A986
S2140028609847159B012213930C9B0A9804330C93EC
S214002870E36B13A99B699847039B0A9A43449B1AE8
S214002880042B054607D978B9134604330A93C8E7DC
S2140028906346521ACBE70A9B0393B6E70A9B049358
S2140028A03CE70A9B0493B2E70A9B0393AFE77026C4
S2140028B0304619B0BDE8F08F002657E004F1080056
S2140028C024F081FC3346314620463D4AFFF72EFB76
S2140028D03A69616CD31D1439B3FBF1F3013302EB93
S2140028E0C302236B9342BFF449AE65E01C26DFE7C4
S2140028F03D2D61D104F1080303932368079A606CA9
S214002900D61AB6FBF0F600FB063024F008FEE16AA5
S2140029108246204624F049FAA26A8242D8D0626CE7
S214002920D9F80830511E0B40216BE062891A0B441F
S21400293023630D992368CB1AB3FBF2F84645BBD147
S214002940079BB3EB0A0611D0E36BB20851469B69AE
S21400295098478346E36A079A3344E362236B0398F7
S2140029609B1A5344236324F02EFC5E462368616C56
S214002970E06B01FB083124F047FD204624F008F9FF
S214002980204624F035F9626A2368606C00FB02304A
S21400299024F0C5FDA062204624F04AFA2063002EEB
S2140029A08CD03A69616CD31D1439B3FBF1F3013353
S2140029B002EBC3029042A0D22E4679E7541C0020B8
S2140029C0976E0200032A2DE9F34106460D46174688
S2140029D01C4606D1237A012B23D0012002B0BDE885
S2140029E0F081DFF86080096842460DF10703FFF7C3
S2140029F0F3F960600028EDD19DF80720237A032ABA
S214002A00E8D0D8F804106A689142E3D1012B29690E
S214002A10D4F80CC007D172690CEB0103934202D9BB
S214002A202074207CDAE708316144E1603B460122ED
S214002A3029463046FFF78AFD60600028CAD000208D
S214002A40CCE700BF801C00202DE9F341089C032A38
S214002A501746266806D1237A012B24D0012002B01F
S214002A60BDE8F081DFF89080304642460DF107035E
S214002A70FFF7B2F960600028EDD12568D8F80400A9
S214002A80A96AD5F844C04840CCF100031840227A21
S214002A90E1D1012A09D1E268D8F8103013447269EE
S214002AA0934202D92074207CD9E72868EB6A1B1A67
S214002AB0081AB3FBFCF3B0FBFCF083420BD1706C3E
S214002AC0F36A421E1340326B121A134428463363CD
S214002AD024F06BF9E862D8F81020E3680832134453
S214002AE0E36001223B4604492068FFF72FFD606043
S214002AF00028B0D00020B2E7801C00202DE9F0416D
S214002B000025634B0E46D3F8008004461D6018B9B6
S214002B1021252846BDE8F08190F8347007B30A688E
S214002B2003689A4240F0AA804A6843689A4240F096
S214002B30A5808A6883689A4240F0A080CA68C36805
S214002B409A4240F09B800A6943699A4240F0968018
S214002B508A69C36B9A4240F091804B698361D8E7DB
S214002B6068223946856B26F072FED6E90212336873
S214002B7004F1080023607368A563636033696361CA
S214002B807369A36124F031FBB36904F14000E36389
S214002B909B68984720B9676C17B16368B3FBF7F773
S214002BA094F84330E761002BB2D00023656C2366AF
S214002BB0002D6BD0002F69D02368B3FBF5F205FB20
S214002BC01233002B5CD16768B7FBF5F605FB16766B
S214002BD0002E55D1204623F0A7FFA36904330344F3
S214002BE09F424FD340F634726369CC3B93424BD836
S214002BF0B5F5805F4AD30321204623F0BEFFD4E913
S214002C000001E36B1B6898470546E36B0220DB6810
S214002C1098472DB184F83460E06B24F097F978E794
S214002C2041462046FFF7BEF96428054604D14146D2
S214002C302046FFF7B7F90546636C143BD5B9226A00
S214002C40204602FB03F623F06FFFA3690433034418
S214002C509E4203D284F834505A25DDE70123D4E996
S214002C6000010C4A84F8343013680133136024F0F2
S214002C7056FBD1E7002384F83430CDE75D2548E7DE
S214002C80592546E75A2544E75F2542E75B2540E796
S214002C90E4150020E01500202DE9FF410C461646FD
S214002CA01F46054680B390F834307BB3B1F5801FDD
S214002CB02ED2DFF86080012123F05FFF21464246D6
S214002CC028460DF10F03FFF787F8044670B99DF804
S214002CD00F30012B11D1D8F81030BB4212D102466A
S214002CE0009031462846FFF743FB0446E86B24F085
S214002CF02DF9204604B0BDE8F081022B14BF2D2428
S214002D006024F3E76324F1E72124F2E71124F0E7D7
S214002D102924EEE7AC1C00202DE9F04385B00C46D4
S214002D2017461E460546DDF8308098B390F83430D6
S214002D3093B3B1F5801F31D2DFF86490012123F000
S214002D401CFF21464A4628460DF10F03FFF744F8BC
S214002D50044688B99DF80F30012B14D1D9F81020FD
S214002D6006EB08039A4213D3009043463246394690
S214002D702846FFF7FDFA0446E86B24F0E7F82046FD
S214002D8005B0BDE8F083022B14BF2D246024F3E7C2
S214002D906324F1E72124F2E71124F0E72924EEE783
S214002DA0AC1C00202DE9F3411F4600230C461646B6
S214002DB005463B6050B390F834304BB3B1F5801FF6
S214002DC028D2DFF85480012123F0D7FE2146424660
S214002DD028460DF10703FEF7FFFF0446A0B99DF84D
S214002DE00730032B10D0022B0AD1012333600423B3
S214002DF03B60E86B24F0AAF8204602B0BDE8F081FC
S214002E00D8F810303060F3E72D24F2E72124F3E7FA
S214002E101124F1E72924EFE7AC1C002073B5044623
S214002E20416923F066FE626E236B024493422CBF18
S214002E3000220122834294BF00231B1A207C84F8C0
S214002E405020636584F85800A8B100230B4E1A463C
S214002E5019462046009624F0A4F9002305461A4693
S214002E6019462046009624F0A5F9E36828449842BF
S214002E7094BF0020C01AE06502B070BDFFFF0F00CF
S214002E802DE9F3471E4643690446B3428846174673
S214002E909DF828904FD300258DF80750204661698D
S214002EA023F027FED4F830A082450AD2236AB5EB79
S214002EB0430F06D2002220460DF10701FFF778F9EE
S214002EC0B8B39DF80730012B05D1002220460DF13E
S214002ED00701FFF76DF9B9F1030F06D0314620461A
S214002EE023F007FE256B854227D3154D4FF0FF31A3
S214002EF0284600F071F94B46294600222046C5E9CF
S214002F000376C5F80080FFF721FB236E054663B104
S214002F102046FFF783FF94F8503013B994F85830E2
S214002F201BB1236E04F150009847284602B0BDE856
S214002F30F0870135B2E76225F7E71C25F5E700BF05
S214002F40801C00202DE9FF410F4690461E46054690
S214002F5098B390F8343093B3B1F5801F31D21A4C41
S214002F60022123F00AFE2246394628460DF10F03B9
S214002F70FEF732FF024678B10123424600933946F7
S214002F8033462846FFF77CFF0446E86B23F0DEFF57
S214002F90204604B0BDE8F0819DF80F30012BEBD140
S214002FA02169B142E8D10093414633462846FFF7EF
S214002FB0DFF904460028DFD1E7E72124E8E71124FB
S214002FC0E6E72924E4E700BFAC1C002030B50C4639
S214002FD0054685B028B390F8343023B3B1F5801F8A
S214002FE023D2022123F0C9FD0DF10F032146284606
S214002FF00F4AFEF7F1FE034688B99DF80F20032A14
S2140030000DD003222146009202462846FFF738FFDD
S2140030100446E86B23F09AFF204605B030BD2D2409
S214003020F7E72124F8E71124F6E72924F4E700BFA0
S214003030AC1C00202DE9F043466886B30568984628
S2140030404FF0000CA946AE4655F83C400CF1010C7A
S214003050C4F31307013401D0B94217D066450EF108
S214003060080EF1D12F46002403E0A64207F1080718
S21400307012D055F8343001340133F6D1C1F31301C0
S21400308041EA0851C7E90012BDE8F08341EA085159
S214003090CEE90012BDE8F083B8F1030F03D1012397
S2140030A00372BDE8F083002303E09E4209F108099D
S2140030B0F5D055F833400133C4F30754032CF4D14C
S2140030C0C1F3130343EA0853C9E90032BDE8F083AD
S2140030D02DE9F0410646406882B0C0B10F469046E2
S2140030E00024336853F8345003EBC403C5F3075287
S2140030F0C5F31301013504F1010406D05B683046C0
S214003100CDF80080B84710B170688442E9D302B0A9
S214003110BDE8F081024B1968024B1868FFF7EEBC59
S214003120583000207830002008B535F00AFC014BF6
S214003130186008BDD81C0020014B186835F0FCBB91
S214003140D81C002073B504462248012A00EAC111A3
S2140031509DF8185023F07C4007D9961E012E28D9DA
S214003160073303F07F03194308E09DF81C300A4339
S214003170DB0603F0C053134343F060410023C4E969
S21400318000108DF80730B5B1202221460DF107005A
S21400319024F0E1F91A220DF10700211D24F0DBF9D5
S2140031A0082063689DF8072043EA8263636002B0E4
S2140031B070BD1143E2E71B220DF10700214624F003
S2140031C0CAF923689DF80720042043EAC2632360F7
S2140031D0EDE700BF80FFFF0738B5094B0D461A68BC
S2140031E00021044626F033FB00234FF0FF322383F2
S2140031F0C4E900252361A260E382A37638BD00BF40
S2140032006C9003000138C0B205289ABF014B185CC9
S21400321001207047719003002DE9F04107461546DE
S21400322000240E46596888B0490A012922464FEA0A
S214003230510104F10104F8D8DC78997824031B883E
S214003240C90201F4006104F480540C43C3F30A037A
S2140032505203234492B24FF000089C18274B6FEAA3
S2140032600444039325F07843ED4302A90DF10700CB
S2140032701B2202938DF8078024F06DF99DF8072035
S214003280029B02A943EAC2630DF107001B2225F048
S2140032907845049302958DF8078024F05CF99DF834
S2140032A00720029B6FEA144443EAC26305934FF07B
S2140032B0FF330794069307A9BB69012206F11000A5
S2140032C09847BB6905A90446012206F108009847FD
S2140032D0BB69404518BF044604A90122301D984723
S2140032E00122404518BF0446BB69304603A99847EB
S2140032F0404508BF204608B0BDE8F08101009AB2FC
S21400330038B504460D4635F025FBA3889BB223B995
S2140033102B6035F01AFB064838BD142263889BB232
S21400332002FB034408342C6035F00FFB0020F3E763
S2140033300B7000F038B141B1013AB2F5006F0448A5
S21400334038BF00207047034870470148704700BFE9
S214003350037000F0027000F0104930B50A78104B88
S2140033602AB9C3E90022C3E9022201220A700C49E5
S21400337000220C4654F8045B854208D00132042A29
S214003380F8D1002251F8044B1CB943F82200002063
S21400339030BD0132042AF5D10248F9E7C12C0020DD
S2140033A0DC1C0020027000F0002313B51D4A52F802
S2140033B0044B94F8211081420ED00133042BF6D131
S2140033C002B010BD0028FBD19DF80730002BF7D0C7
S2140033D0A068FEF765FBF3E794F83530022BEFD1D3
S2140033E0204624F03DF9637E2076022BE8D194F83F
S2140033F0323003F0FF02002BE2D1A0680DF1070186
S2140034008DF8072034F0A2F9237E1BB194F83330F0
S214003410002BD7D00023A06884F83330FEF760FB7B
S214003420CEE700BFDC1C002010B50446FEF704FB08
S214003430002104F10800FEF7CFFA014608B104485F
S21400344010BD04F10C00FEF7C7FA0028F8D0F6E726
S2140034500E7000F0F8B5044616460F4635F07AFAB8
S214003460A388E2889BB29A42054605D800233360BB
S21400347035F06BFA1748F8BD1422238807F1100CB4
S2140034809BB202FB03433A460833174603CF674511
S214003490186059603A4603F10803F6D114223868DA
S2140034A01860238828469BB202FB03430833336028
S2140034B02388E2889BB20133B3FBF2F102FB11339F
S2140034C09BB22380A38801339BB2A38035F03DFADC
S2140034D00020D0E70A7000F008B590F8363083B9BF
S2140034E0042203685A619A699207FCD541F21C626D
S2140034F0102103795B0103F1A04303F57033995063
S21400350008BD022BFCD10068036CDB074CBF05210D
S214003510062124F0BEF90222014BC3F8C020EFE7D3
S21400352000D40350012370B580F8303090F8363060
S21400353004460E4686B0A3B905682435204624F016
S214003540E3F80D4B049403930023029373680193EE
S2140035500123009332682B466169E06823F098FAED
S21400356007E0022B02D105683435E7E7002380F830
S214003570303006B070BD00BFB53B000001232DE91A
S214003580F04180F8313090F8363004460E4688B068
S21400359063BB256835F0DEF904F13C0807460DF1FB
S2140035A01F0140463C3534F0F5FD40B99DF81F300C
S2140035B02BB1404634F0C2FD204635F0E4F93846DB
S2140035C0012735F0C2F92046E76524F09DF80B4B3D
S2140035D0049403930023029373682A46CDE900738C
S2140035E033682169A06823F039FA04E0022BD0D0B2
S2140035F0002380F8313008B0BDE8F08101360000C5
S2140036002DE9FF41D06A03A91446FFF779FE064666
S214003610204635F0A5F9002501462346CDE900559C
S214003620184A04F13C0035F074FA174B9E4221D03C
S214003630039E3561B56035F08DF9D6F80C800746E7
S214003640B8F1000F04D0D6E9002329462046C0472B
S214003650E06A03A924F071F8E06A83889BB26BB134
S21400366003A9FFF74DFE20460399FFF787FF38466C
S21400367035F06BF9012004B0BDE8F08184F83130F4
S214003680F5E700BFDD7703000B7000F0F7B50D46D9
S2140036900446002800F0848035F05CF9012D0646CB
S2140036A00AD1E36A9B889BB2002B3ED1304635F0A8
S2140036B04CF93C4803B0F0BD022D2ED1A36A9B887E
S2140036C09BB2002BF2D0E06834F020F80023A06A0A
S2140036D084F8303083889BB2002B4DD001A9FFF7C9
S2140036E00FFE019DE06805F1080134F055F82E4BF9
S2140036F02B61A06A83889BB2002B3DD001A924F0E1
S2140037001CF8019AD568002DF3D0516893682046BE
S214003710CB1A12682449A847EBE7032D2CD1E36A9D
S2140037209B889BB20BB9A36ABCE7A06833F0EEFF98
S2140037300023E06A84F8313083889BB273B101A914
S214003740FFF7DEFD019FA06807F1080134F024F8BA
S214003750154B3B61E06A83889BB293B9204624F000
S2140037600FF88304FAD5A36B002B02DD204635F054
S2140037700AF9023D012DA6D9304635F0E6F80020BC
S21400378098E701A923F0D9FF019AD768002FE1D066
S214003790516893682046CB1A12680349B847D9E7A0
S2140037A0024887E7087000F0097000F0027000F029
S2140037B02DE9F04104461746FFF7BCFD884606464D
S2140037C0E8B9152001F092FF0546E26A93889BB29D
S2140037D013B194F83230ABB194F83630BBB92368E5
S2140037E09D6915F0020527D0012384F8343047443C
S2140037F0B84520683ED183699B06FCD545B3304664
S214003800BDE8F081002DE1D0FEF78AF9DDE7022B56
S21400381012D123681D6C15F002050DD0012384F823
S21400382034304744474520682BD142F22002036CCF
S21400383032EA0303FBD1E1E72046FFF74DFE012302
S21400384094F8365084F83430002DD0D0022D16D09F
S21400385094F83630D3B1022BD1D12068016C11F028
S214003860010118BF092124F014F802220E4BC3F8F8
S214003870C020C4E718F8011B24F05AF8B8E7002562
S214003880CFE718F8011B24F026F8CBE742F21C62BB
S214003890102123795B0103F1A04303F5703399509F
S2140038A0082223685A61AAE700E4035010B50446CC
S2140038B080B190F832302BB923F0D2FE10B9A06850
S2140038C0FEF7EEF8002094F832300133DBB284F8CD
S2140038D0323010BD0048FCE7027000F010B5044618
S2140038E0A0B190F832309BB190F83230012B05D160
S2140038F023F0B6FE10B9A068FEF7F2F8002094F8A0
S2140039003230013BDBB284F8323010BD0148FCE7B0
S2140039100148FAE7027000F0057000F030B50025A7
S214003920437F85B08DF8083090F821300446042295
S2140039308DF80930039303A9064B009502A8FDF7FE
S21400394025FF4FF4007320462383A57623F028FF37
S21400395005B030BDA93300002DE9F04105466E4F95
S21400396088B001AE0C460FCF0FC697E8070086E872
S2140039700700002D00F0CE8024B9684E304608B00F
S214003980BDE8F08164220021284625F060FF284625
S214003990FFF7E2FC06460028F0D1237D85F8353097
S2140039A0236885F836002B60227B2A710122EA659F
S2140039B05B4A61689342296600F0A18002F5804266
S2140039C09342DAD14FF4A0235648574A0026C5E959
S2140039D00423D4E907236862AA621680568096807C
S2140039E085F83060EB621E805E809E80E38985F8F5
S2140039F03160ADF81430238A85F83360ADF81230A4
S214003A00A37C4A488DF81030E37C03918DF816307D
S214003A1005238DF8113034F0E3FF6B6ADFF81C8164
S214003A20986834F0DDFF206801A98DF8046001F085
S214003A3077FB1422237B08EB4313C3F81C26267A55
S214003A40A07A46EA0042C3F83426617AE27A41EA6E
S214003A500247C3F82C76EE76E877297785F820209B
S214003A60637D01216B77A37D284685F82130E37DB1
S214003A70AB77237E85F8223023F08BFD06460028A0
S214003A807FF47CAF34F066FF237D0746032B3BD1E3
S214003A9041F21C620221237B08EB431848F802100F
S214003AA0042122685B0102F58052D165217EE27D09
S214003AB003F1A04342EA014203F57433C3F8282613
S214003AC0A17D627D42EA0142C3F824264FF0FF3210
S214003AD0206800F500539A64237D032B0CBF052154
S214003AE0042123F016FF4FF44062236828465A61EB
S214003AF0FFF79AFC0646384634F027FF3EE74FF4B9
S214003B0080230B480B4A61E7022BDFD12846FFF7DC
S214003B1005FFDBE7084E31E778900300037000F0FE
S214003B2000C00550F890030002000500F490030062
S214003B301891030002000400027000F000C0035059
S214003B4090F83530032B05D00229417618BF017650
S214003B5023F026BE00487047057000F0F0B587B029
S214003B6005461646FFF7E6FB0446F0B90493104BED
S214003B70CDE901166A46A86A01A903960593FFF7E0
S214003B8069FC044688B995F8303073B9284623F0A6
S214003B9080FD28460099FFF7C5FC95F83530032BC5
S214003BA003D028462C7623F0FBFD204607B0F0BD58
S214003BB0017000F0F7B5906A01A91446FFF7A0FB64
S214003BC00546204634F0DFFE384B9D4230D094F850
S214003BD03610019D002939D123689A6C12F40072C0
S214003BE029D0334AA9602A614FF4007203F50053C6
S214003BF09A6434F0AFFEEF68064637B16A68AB6881
S214003C002046D31A29692A68B847A06A01A923F072
S214003C1094FDA06A8588ADB2002D37D001A9FFF7C4
S214003C206FFB20460199FFF77DFC304634F08DFE91
S214003C30012003B0F0BD996CC80523D51D49AA60C4
S214003C4029614FF4807203F50053D1E7022919D198
S214003C5023685A6C12F4007209D0154A03F5005313
S214003C602A610022AA604FF400725A64C1E7596CB8
S214003C70C90507D50F49AA6029614FF4807203F57C
S214003C800053F2E700232B61AB60B2E70123204626
S214003C90237623F085FD94F8353084F83050032BD6
S214003CA0C3D0204623F014FDBFE700BF0B7000F022
S214003CB00D7000F00C7000F0F0B587B004461646A4
S214003CC0FFF738FB054658BB0493194BCDE90116A0
S214003CD0059394F8363003962BBB23689B6903F054
S214003CE0020313B92046FFF7F7FB6A46E06A01A90C
S214003CF0FFF7B0FB054698B994F8313083B934F035
S214003D0029FEE36A06469B889BB233B1204600999B
S214003D10FFF734FC012384F83430304634F015FEC7
S214003D20284607B0F0BD022BDCD123681B6CD6E713
S214003D30017000F0044BD3F88420D206FBD4D3F8ED
S214003D408400C0F3811070470040005038B5184B0F
S214003D500546D3F824010C4600F00700062823D8B1
S214003D60DFE800F0040A121A1E0E1600012305B141
S214003D70286004B1236038BD33F06EFC0523F6E7F7
S214003D8033F06AFC0623F2E733F0A6FC0323EEE7E3
S214003D9033F0A2FC0423EAE733F09AFC0223E6E7BA
S214003DA033F0A0FC0723E2E700231846DFE700BF56
S214003DB00080005038B5104B0546D3F800310C464D
S214003DC003F00303022B0BD0032B0DD0012B0FD1D6
S214003DD033F082FC032305B1286004B1236038BDAC
S214003DE033F084FC0823F6E733F07CFC0723F2E785
S214003DF001230020EFE700BF0080005038B5104BCD
S214003E000546D3F820310C4603F00303022B0BD0F3
S214003E10032B0DD0012B0FD133F01EFC052305B16B
S214003E20286004B1236038BD33F056FC0323F6E760
S214003E3033F04EFC0223F2E701230020EFE700BF39
S214003E400080005038B5104B0546D3F840310C467C
S214003E5003F00303022B0BD0032B0DD0012B0FD145
S214003E6034F064FD092305B1286004B1236038BD31
S214003E7033F03CFC0823F6E734F05BFD0B23F2E757
S214003E8001230020EFE700BF0080005038B5104B3C
S214003E900546D3F860310C4603F00303022B0BD023
S214003EA0032B0DD0012B0FD134F040FD092305B1B3
S214003EB0286004B1236038BD33F018FC0823F6E709
S214003EC034F037FD0B23F2E701230020EFE700BFB5
S214003ED0008000503C4B984272D02AD83B4B984208
S214003EE06BD014D83A4B984264D00AD8394B9842D3
S214003EF043D0394B984240D0384B98423DD00020B2
S214003F007047374B9842FAD1364B586E7047364B4F
S214003F10984235D003F5371303F5D863984232D06C
S214003F20A3F5B703A3F558639842E8D12D4B186F55
S214003F3070472E4B984231D00FD82D4B984225D043
S214003F402C4B984226D0A3F53703A3F5D8539842B6
S214003F50D5D1244BD3F880007047274B984221D008
S214003F6003F5740303F5105398421FD0234B984271
S214003F70C5D11C4BD3F8900070471A4B986D70470C
S214003F80184B586F7047174B986F7047154BD3F800
S214003F9084007047134BD3F888007047114BD3F852
S214003FA08C0070470F4BD3F8940070470D4BD3F836
S214003FB0980070470B4BD86D70470A4B986E704749
S214003FC0084BD86F704700BF002D310180969800CF
S214003FD0404B4C0080841E0000093D0040420F000C
S214003FE0C0CF6A000080E00F0024F400006CDC0202
S214003FF00048E80180D543020090D003007E5603B7
S21400400073B50D4600210E4B0191D3F8804106464C
S21400401004F00304012C09D0022C0CD00C460EB17F
S214004020019B336005B12C6002B070BD01A8FFF79C
S214004030E5FE0F24F3E733F04BFB0190EFE700BFFC
S2140040400080005038B5104B0546D3F840320C4679
S21400405003F00303022B0BD0032B0DD0012B0FD143
S21400406034F064FC092305B1286004B1236038BD30
S21400407033F03CFB0823F6E734F05BFC0B23F2E757
S21400408000231846EFE700BF0080005038B5144BF9
S2140040900546D3F800020C4600F0070004281BD89B
S2140040A0DFE800F003090D111500012305B12860B3
S2140040B004B1236038BD34F039FC0923F6E733F049
S2140040C015FB0823F2E734F034FC0B23EEE733F05D
S2140040D0E9FA0E23800AE9E700231846E6E700BF60
S2140040E00080005010B40D4C0B46D4F8204204F06B
S2140040F00304012C0AD0022C0CD008B10021016068
S2140041000BB100221A605DF8044B70475DF8044B53
S214004110FFF774BE5DF8044BFFF794BE00800050B6
S214004120B0F5207F1FD009D8B0F5007F15D003D892
S21400413068B1B0F5C07F0AD000200CE0B0F5607F13
S214004140FAD10B4BD3F88000C0F3011003E0084B04
S214004150186FC0F3033001307047054BD3F890005A
S214004160C0F30460F7E7024B186FC0F38020F2E755
S214004170008000504FF400320E4B014610B5002070
S2140041809A66FFF7CDFF484341F671320A490B4B5A
S214004190884294BF00200120DC69DA639A6822F422
S2140041A0401242EA00529A60E20344BF0022DA63F9
S2140041B010BD00BF00900050005A6202000003507D
S2140041C0420910B50FD0012A0FD00A4B0A4C022A1A
S2140041D018BF234600F01F0049B103F580530122A3
S2140041E082401A6010BD1346F4E7044BF2E703F56D
S2140041F00053F4E7688000506082005064800050EE
S2140042001FB50021B0F5807F0446019100F00681BD
S21400421000F29D80612800F295801F2805D80028AE
S21400422040F0928033F03EFADCE0A0F12004412C0E
S21400423000F28A8001A353F824F000BF2542000054
S214004240E943000025420000E9430000094400005D
S214004250094400000944000009440000E943000046
S214004260E9430000C34300007D4300003F440000D4
S214004270494400007D430000E9430000E943000094
S214004280E943000049430000494300004943000059
S214004290494300004943000049430000134400001E
S2140042A09F430000E9430000E9430000E9430000A3
S2140042B05D44000053440000E94300004943000009
S2140042C049430000494300004943000049430000B9
S2140042D049430000494300004943000049430000A9
S2140042E04943000049430000494300004943000099
S2140042F025420000494300002542000025420000F8
S21400430025420000094400004943000049430000DC
S2140043104943000049430000494300004943000068
S2140043204943000049430000494300004943000058
S214004330494300004943000049430000254200006D
S2140043402542000080284BD0019804B010BDB0F57F
S214004350A06F5ED028D8B0F5607F50D019D8B0F5E1
S214004360007F4CD004D8B0F5C07F3FF45BAFEBE7DE
S214004370B0F5207F38D0B0F5407FE5D133F092F924
S21400438002464FF42070FFF7CBFEB2FBF0F2520865
S21400439033E0B0F5806F37D0B0F5906FD4D1002100
S2140043A001A8FFF7D3FCCFE7B0F5E06F51D00DD8EA
S2140043B0B0F5C06F43D0B0F5D06F45D0B0F5B06F54
S2140043C0C2D1002101A8FFF71BFEBDE7B0F5F06FD4
S2140043D044D0B0F5086FB7D101A8FFF7EBFCB3E700
S2140043E033F040F90190AFE733F05CF902464FF442
S2140043F02070FFF795FEB2FBF0F20192A4E733F0CF
S21400440031F902462046F4E7002101A8FFF7F6FC42
S2140044109AE7002101A8FFF765FE95E74FF0E02335
S21400442002911B695B0705D533F03CF90290029BAD
S214004430019389E703A902A8FFF704FDF7E7002127
S21400444001A8FFF7FFFC7FE7002101A8FFF71EFE8B
S2140044507AE7002101A8FFF7F5FD75E7002101A81E
S214004460FFF714FD70E700BF08B58020FFF7C8FE11
S214004470034B98429EBF4FF48032024B1A6708BD2A
S214004480005A620200A000501FB503460020B3F594
S214004490807F01906FD027D8382B00F082800BD811
S2140044A0243B092B0FD8092B0DD8DFE803F05F5FFC
S2140044B05F5F0C0C5A0C3675522B57D007D83D2B25
S2140044C03AD03E2B72D0019805B05DF804FB802BE5
S2140044D0F9D1394B1B6F03F00703013B032BF2D8CE
S2140044E0DFE803F03D36393BB3F5D06F54D019D82A
S2140044F0B3F5A06F55D00AD8B3F5806F36D0B3F5B4
S214004500906FE0D1002001A9FFF720FCDBE7B3F5B0
S214004510B06F26D0B3F5C06FD5D1002001A9FFF744
S21400452091FCD0E7B3F5006FECD00AD8B3F5E06F96
S2140045303CD0B3F5F06FC6D1002001A9FFF7A6FC6A
S214004540C1E7B3F5086FBED101A9FFF733FCBAE7A0
S21400455005230193B7E70323FBE70723F9E70223C5
S214004560F7E7002001A9FFF74BFDACE7002001A903
S214004570FFF744FCA7E74FF0E02302901B695B07B8
S21400458005D533F08FF80C230393039BE1E703A9CB
S21400459002A8FFF757FCF8E7002001A9FFF776FD11
S2140045A091E7002001A9FFF79DFD8CE7002001A9F7
S2140045B0FFF748FD87E700BF008000504FF48032C9
S2140045C0074B0849586E03F580535A660B6A23F06A
S2140045D001030B62C3035CBF034B5A66704700BF00
S2140045E00080005000C0075000A0005008B5FFF73C
S2140045F04BFF082811D00938012802D94FF6FF7062
S21400460008BD4FF40012064B5A6603F5D8335B6AB2
S214004610DB07F3D54FF4FA70F2E7024B1888EFE7A2
S21400462000900050D632002008B5FFF72DFF032873
S2140046300ABF024B4FF6FF70188808BDD432002020
S214004640F8B504468020FFF71FFF032800F0878098
S2140046504FF40022424B02215A6645F60E03414AA9
S214004660C2F88030404B9962012103F5805399626D
S214004670936DD903FCD4D4E900131B0543EA016308
S214004680E17B94F820500B43217BE77E43EA01430D
S214004690617B6D0143EA0133A17B43EA8113136119
S2140046A09169D4E904031B0643EA806301F00041E4
S2140046B00B43A17E94F823000B43217E43EA01437B
S2140046C0617E43EA01239361136AE66923F00D03D2
S2140046D094F8221043EA8703002E2DD11362966ABF
S2140046E094F8213045EA031326F033052B4343F0B4
S2140046F0010393621D4D1B4B9A6D35EA0202FBD1F6
S2140047000222194DAA621A659A6D5200FCD41A69E3
S214004710A56822F4700242EA05521A614FF0004280
S214004720114B9A6119B9022203F580539A6278B93F
S21400473001220F4B9A620BE0334343F008031362E7
S214004740936A23F0330303432B4343EA4103936204
S21400475094F824301BB1034B064AC3F88020F8BDFA
S2140047600090005000C0005000D0005003000140F0
S21400477000E00050F1A7FFFF014B93F900007047DF
S214004780C32C0020014B1880704700BFD432002095
S2140047904FF4001208B5184B5A660223174A5360A6
S2140047A0936813F48033FBD1012822D132F094FFB2
S2140047B0134B984215D003F5122303F5F86398427D
S2140047C013D0104B00EB8002400AB3FBF0F3520A02
S2140047D00A49CA620B6301234B620022074B5A60E8
S2140047E008BD45F67A13084AF2E745F61A03074A63
S2140047F0EEE75362F1E700BF009000500040025021
S21400480000F0490264666666D8B80500BBCF0500AE
S214004810B0F5207F10B50C4642D008D8B0F5007F22
S21400482033D003D888B1B0F5C07F0ED010BDB0F538
S214004830607FFBD11F4A4C1ED2F8803023F0300335
S21400484043EA0413C2F88030F0E722F0E5FF22F0D6
S214004850F1FF4FF48031184B164A1967136F013C6D
S21400486023F4704343EA0433136732F01BFF044615
S214004870FFF760FAC0F10201204622F0D5FF00F0F3
S21400488035F8BDE81040FFF7EFBD0A4A4C1ED2F8D7
S214004890903023F0F85343EA0463C2F89030C5E73B
S2140048A0044A4C1E136F23F4806343EA8423136781
S2140048B0BCE700BF008000500090005008B5012102
S2140048C0022000F055F94FF42070FFF729FC054B45
S2140048D0187022F0A1FF22F0ADFF4FF48032024B99
S2140048E01A6708BDC22C00200090005008B54FF48F
S2140048F0C070FFF785FCBDE808400449884294BFB5
S214004900012102214FF42070FFF782BF80F0FA02E7
S21400491038B5044632F0C6FE0546FFF70BFAC0F17E
S2140049200201284622F080FF0121002000F060F9F5
S2140049302CB1FFF7DBFFBDE83840FFF795BD034B12
S2140049404FF420701978FFF763FFF4E7C22C0020BD
S2140049504FF4C02270B50546FFF7BCFA314B04464B
S2140049605A6603F598335A68012A04D12E494A60DC
S2140049709A699207FCD18020FFF786FD052807D1AB
S21400498022F04AFF22F056FF4FF48032254B1A677A
S214004990264B24F040749D4230D0254B9D4230D0AB
S2140049A032F05AFE8542064603D90121284600F019
S2140049B01FF9204BDA6812F0060FFBD199689C604D
S2140049C09A68624012F4F81F1ED12846FCF7ECFBEA
S2140049D08020FFF759FD05280DD132F063FE04460E
S2140049E0FFF7A8F9C0F10201204622F01DFFFFF7ED
S2140049F07DFFFFF739FDAE420CD270BD44F0007467
S214004A00CEE744F08074CBE780209960FFF73CFD4A
S214004A10052805D0BDE870400121002000F0E8B868
S214004A203546DAE70090005000E0015040420F00A3
S214004A3080841E000000015010B5224B70B94FF460
S214004A400031214A1860516602F598325268012AF0
S214004A5003D11E4AD2F800211A6010BD1B68002B35
S214004A60FBD01B4A5268012AF7D0184A8020C2F8A9
S214004A700031FFF709FD05281FD14FF4C070FFF77E
S214004A804FFB0128044604D102214FF4C070FFF703
S214004A90BFFE07220F4B1A610122A3F580535A600E
S214004AA00B4A1369DB07FCD5012CD6D12146BDE89D
S214004AB010404FF4C070FFF7ABBE0122064B5A60A1
S214004AC0CBE700BFEC1C0020009000500080005098
S214004AD000C0015000E0015000D00150044A417867
S214004AE0536F23F4407343EA01235367704700BFB4
S214004AF00040005010B5044610B10020FFF79CFFA0
S214004B00124A136943F00403136133F015FA22F0D6
S214004B1096FE0F4B5B6E5B0142BF0E4B0E4AC3F810
S214004B20202433F00EFF34F09BF933F005FF22F01B
S214004B3087FE01F07BF81CB9BDE8104032F0B2BD2C
S214004B400120BDE81040FFF777BF00BF00ED00E092
S214004B500080005000E003500000FF0F034A017978
S214004B60D36E23F030030B43D366704700400050EB
S214004B70F8B504461C4BD3F88420D106FBD4D3F8F2
S214004B808430C3F381139C422CD032F06BFD012C91
S214004B90064602D1214622F047FE33F0D2FE4FF001
S214004BA00072124B07465A66204622F050FE4FF41B
S214004BB080630D4D621E93402B676B6E9A0103D483
S214004BC0D5F884309B060AD5384633F0B5FE022C5D
S214004BD008D13046BDE8F840002122F025BED5F8C1
S214004BE08430EAE7F8BD00BF004000500060005087
S214004BF010B50C4608B932F035FD074B21461B7838
S214004C003BB1064B984204D80120BDE81040FFF7A0
S214004C10AFBF0220F9E700BFC42C0020005A620292
S214004C200278034B012100201A70FFF7E1BF00BF96
S214004C30C42C00204FF0004238B5264B26495A6651
S214004C4001224A604AF6CD3103F50B235D6C1964E8
S214004C50154030BB9968C9070BD4002401221F4BAE
S214004C605A6015B11E4B1F4A1A6431F0AEFD20463D
S214004C7038BD1A498A601C4AD96ACC0705D49042C6
S214004C8001D10724EAE70130F6E79042E5D1F8E7DC
S214004C900132DC6A14F0080406D08A42F8D10724F0
S214004CA0DFE700221049F4E78A42F8D020220B4BB7
S214004CB00B495A620122A3F580539A6023460A4A9A
S214004CC0486A800603D49342E9D00133F8E793425A
S214004CD0C7D1E4E70090005000500950006009502A
S214004CE0004009503254FFFF40420F004FF0004290
S214004CF038B5174B174C5A66012203F50C235A6039
S214004D004AF6CD33656C2364437893401343124AC6
S214004D10D363C3788178A2689B0043EA011322F02C
S214004D2074021343A3600279837943EA0223236162
S214004D304279C37943EA022363610078FFF77AFF7A
S214004D40EB0744BF054B236431F03FFD012038BD1F
S214004D500090005000400950004000503254FFFFC1
S214004D60044A054B002908BF1346012282401A60F8
S214004D70704700BF401004504020045010B5012179
S214004D8004462020FFF71CFA01212120FFF718FA1D
S214004D900122114B15205A60227812069A6061781B
S214004DA0A27842EA01429A61FF229A6200229A633E
S214004DB01A644FF000425A654FF0FF3203F5005375
S214004DC01A6500F0BDFC1520E17822F0FAFDBDE87A
S214004DD01040152000F06EBC00000450F8B5012508
S214004DE0C3B21E4FD1F800C09D408E7ACB7A0C46D7
S214004DF0097B3D6507F5005747F820C04FF0300C9B
S214004E000CFB00F01B05677B00F1A04043EA06435D
S214004E1000F5802043EA415322F003020766C3658B
S214004E20026733F097FD0E4B227A5D6502B11D6472
S214004E30627A02B19D632279A37943EA0243074A64
S214004E4093616179E37943EA014305498B61054B38
S214004E5055639D64BDE8F84033F077BD00200450EC
S214004E60001004500000045010B50124C0B2844065
S214004E7033F070FD044B5A6D22EA04025A659C62B8
S214004E80BDE8104033F061BD0000045070B5054623
S214004E9033F060FD3022084B5E6B02FB05335C6E20
S214004EA033F053FD0123EDB2AB4033420ABFC4F3E7
S214004EB00A100020013070BD000004504FF400328C
S214004EC0054B9A6641F6713203F51C33DA6301220C
S214004ED003F50053DA6070470090005041F67132D7
S214004EE00121064BDA6303F50052D1600022DA6333
S214004EF04FF40032A3F518339A667047000003504B
S214004F00CB784A7810B55B010C7843EA82030A79BD
S214004F10234343EA02130C22424302F1B0421363D6
S214004F20012C02BF8A78024B43F8202010BD00BF38
S214004F30E880035008B54FF0B0435A686AB958B1D4
S214004F405B680BB122F0CCFC01210D4B596022F0BE
S214004F50C7FC4FF0B043D96008BD5B680BB122F0C8
S214004F60BFFC0028F0D122F0BBFC4FF0B043022279
S214004F70DA6022F0B5FC0122024B5A60ECE700BF73
S214004F8000100058002000584FF0B0414B6810B594
S214004F900BB122F0A5FC01220B4BC4785A60837833
S214004FA0934043EA840344782343047943EA041392
S214004FB0447943EAC4038B60044B5A600378C3F118
S214004FC00203CB6010BD00BF002000580010005840
S214004FD04FF48032064B5A6603F5E6235B69C3F34B
S214004FE08512827003F03F021B0B427003707047FD
S214004FF000900050014B986CD96C70470080E00F11
S2140050000120034B9B680A3303F01F039840704748
S2140050100080E00F70B5054616461C4621B94FF4D1
S2140050202070FFF7EDF80146402C1BD003D8DCB10A
S214005030202C1BD070BD602CFCD1042303FB06F291
S214005040530803EB4113B3FBF2F36021084A203BFD
S21400505002EAC30305F50052916005F5805294609C
S214005060EB61E7E70623E9E71023E7E70823E5E730
S214005070F8FF7F00F8B5154E1C4615460E40FAB9E7
S214005080202B05D0402B1ED0002B0CBF1024402414
S214005090012306F580765E4300233246194602F069
S2140050A0A5FF02FB05F100FB04F704FB0311A2FBBE
S2140050B0040400233246214402F098FF3844F8BD29
S2140050C080240025E4E780240323E2E7F8FF7F003E
S2140050D0012200F580535A6040F6AA6341F20502A9
S2140050E0436100230B498360C365C26000F500522C
S2140050F00361C361C364916407498365884203D131
S21400510003650023436502E004498842F8D0012382
S21400511053607047FFFF010000C0055000000650B6
S21400512070B50D46FFF7D4FF012300F58056736077
S214005130AB7C04461BB1836843F080438360EB7C02
S2140051404BB1344A2B7D944243D1A2F51032C2F8BB
S2140051508C318023F3652A8A6B7B20461343EA89C9
S2140051601343E3602B7BD5E90112FFF753FF6B7DFA
S2140051701BB1A36843F48033A360AB7D1BB1A36867
S21400518043F40043A360EB7D2A7E1B07120502F45E
S214005190E00203F0E0431343A365697E1D4A8B1EBD
S2140051A0012B1D4B1FD894421BD002F5804294421F
S2140051B00CBF01224FF0FF3203EB4213022041F2F4
S2140051C01C620329985020D10423F3652B78636171
S2140051D070BD124A944204BFA2F52032C2F89C3138
S2140051E0B7E70022E8E794420DD00C4A94420CBF81
S2140051F001224FF0FF3203EB4213022042F21C6200
S21400520001299850DFE70022F5E7042204F5005351
S214005210DA65DBE700C0055000C00350000006500A
S214005220034BD3F82424D3F820041040704700BF63
S21400523000C003502DE9F8431E4B0546D3F8103343
S2140052404B1E0E2B0E46174690F8009044781DD93C
S21400525009B34FF000082846D7B133F0AEFB09EB90
S2140052604903072C4FF00F014FEA031315D8A4008B
S214005270114808FA04F2A140184422F05EFBBEB9B9
S21400528028468FB1BDE8F84333F097BB8846E2E77F
S21400529022F062FBE3E78846E1E7083CA400074803
S2140052A008FA04F2A140E7E7BDE8F84322F054BB51
S2140052B0BDE8F88300C0035004C003500CC0035080
S2140052C02DE9F0412B4B1746D3F810234A1C06460F
S2140052D00C46407804D1D3F8241422F04BFB044645
S2140052E0002C2FDB072C4FF0030532782DDC4FEA1D
S2140052F0840805FA08F529461F4802FA08F222F043
S2140053001CFB294672781D4802F0030202FA08F2D6
S21400531022F013FB012317F0050F194A18BF19498D
S21400532003FA04F30CBFC2F81034C1F8103417F0B7
S214005330060F18BF134AC2F814340123104AA340BC
S214005340C2F820342046BDE8F081A4F108084FEAF0
S214005350880805FA08F529460B4802FA08F222F0F2
S214005360ECFA7278294602F00302084802FA08F2BC
S214005370CEE700BF00C0035000C4035008C403506B
S21400538000E0035000D0035004C403500CC4035084
S2140053900A4B1B68C3F30743012B0ED1084B0420AE
S2140053A05A6E4FF480230749520358BF064A4B668D
S2140053B001F51041086258BF536670470080E00F41
S2140053C0008000500090005000A000504FF4803243
S2140053D0084B5A6603F5E6235B691A0B027003F066
S2140053E03F0242704FF6FF72C3F3851342808380FC
S2140053F0704700BF00900050014B986CD96C704706
S2140054000080E00F70B504460D4633F0A3FA1D2C5D
S214005410064608D80C2C0AD8082C2CD013D8BB2348
S214005420E340DB0718D4002321242B801EE0012351
S214005430174AA340134224D1122C26D00D2CF2D1A9
S2140054404FF4F06005E0092C18D00C2CEBD14FF48B
S214005450C060FFF7CBF802E08020FFF7E5F84FF6D4
S214005460FF7398420CBF0E2400242880304633F089
S2140054706CFA204670BD4FF48060EEE74FF4906003
S214005480EBE700230F242B80F0E74FF4E060E0E723
S2140054900080912030B58BB06C46544D0FCD0FC4B4
S2140054A00FCD0FC495E8030084E80300504BD3F8F3
S2140054B04C21120300F18380D3F85041E4B28DF8FA
S2140054C01940FFF759F9044484F3080449488DF855
S2140054D01840FBF76FFE6846FFF7B2F83220FFF77A
S2140054E051F94548FFF734FA444C454833F078FA0A
S2140054F00020FFF74DF9FFF7E1F9236F002023F0B6
S214005500070343F003032367FFF702FA236F3D49BF
S21400551023F4744323673C4BD3F8FC2012F08072CC
S21400552053D1C1F88020354BD3F8202122F0030256
S21400553042F00202C3F82021D3F8242122F0070209
S21400554042F00202C3F82421D3F8802122F003029D
S21400555042F00102C3F88021D3F8402122F0030272
S21400556042F00102C3F84021D3F8602122F0030282
S21400557042F00102C3F86021D3F8402222F0030271
S21400558042F00102C3F84022D3F8002222F00702BC
S21400559042F00102C3F80022D3F8202222F00302D0
S2140055A042F00102C3F82022FFF708F84FF0E0228D
S2140055B00020136943F0040313610BB030BD134B96
S2140055C01C88FF2C88BF8C2479E7D3F8FC2022F0B7
S2140055D08072C3F8FC200022C1F88020D3F8FC209B
S2140055E042F08072C3F8FC209DE700BFB490030031
S2140055F00080E00F00F0490200B4C40400800050B0
S214005600F09003000090005000ED00E00001E00F75
S21400561007B56B46054A1068516803C36846FFF72E
S21400562065FB002003B05DF804FB00BFDC900300C0
S2140056300028ACBF00F16040064B4FEA0111C9B22A
S214005640ABBF00F5614000F00F0080F8001319545E
S214005650704700BF14ED00E00028ABBF00F16040CB
S214005660054B00F5614000F00F00ACBF90F800035A
S214005670185C0009704700BF14ED00E008B533F071
S21400568069F90B4B1A7872B901221A7033F05DF97A
S2140056906FF0040210460132052152B2FFF7C8FF30
S2140056A0402AF7D108BDBDE8084033F04EB900BF28
S2140056B0C52C0020002807DB01234109034A00F01F
S2140056C01F00834042F82130704700BF00E100E031
S2140056D0054B421153F8223000F01F0023FA00F069
S2140056E0C04300F00100704700E100E0014608B545
S2140056F0EFF31083DB0702D50122104608BDFFF743
S214005700E7FF02460028F7D148B2FFF7A5FF01469B
S214005710EFF3118313B1B0EB131FEDD2074B5B68A9
S214005720C3F30803002BE8D0103B58B2FFF794FFF2
S214005730814234BF00220122DFE700BF00ED00E017
S214005740002808DB01224309034900F01F008240BD
S214005750603341F82320704700E100E013B5094CA0
S214005760684600F037F8237853B9DDE900010222D5
S214005770054B22F01CFC08B90123237002B010BDB3
S2140057801220FBE7C62C0020F01C002007B5009373
S21400579013460A460146034822F058F903B05DF85E
S2140057A004FB00BFF01C002013460A4601460148D1
S2140057B022F038BAF01C002007B5009313460A46BC
S2140057C00146034822F026FB03B05DF804FB00BF49
S2140057D0F01C00200249034A0160521A42607047DA
S2140057E01033002000800020BFF35F8F074B5A6AFB
S2140057F022F480325A62D3F8942022F00102C3F8D1
S2140058009420BFF34F8FBFF36F8F704700ED00E01B
S21400581038B5FFF7E9FF274A2748D2F8C030274DAA
S21400582023F0FF0343F0A003C2F8C030244B046803
S2140058309D4204F101011DD1224BC2F89840C2F8E6
S2140058409C3003F5FF437E33C2F8A0300160BFF3FF
S2140058505F8F0522174BC3F894205A6A42F48032B1
S2140058605A62BFF34F8FBFF36F8FBFF34F8FBFF3F5
S2140058706F8F38BD23F01F03203BB3F1005F09D3C1
S214005880C2F898400F4C43F00103C2F89C40C2F89F
S214005890A03001600C4B0168064A23F01F0343F05A
S2140058A00303C2F89810C2F89C30084B0131C2F8C6
S2140058B0A030CBE700ED00E0181D002040300020AF
S2140058C0602E0020030000205F300020E17F0020D3
S2140058D02DE9F0410D461146DFF8E080D8F800408B
S2140058E0B4F5807F34BF00271A27FFF77DFF1F29F6
S2140058F02ED90021C2061CBF20F01F0020302E4EDD
S214005900EB0618BF25F01F05CBB29C4235D8D6F85B
S214005910C03020F01F0023F47F4343F48073C6F8A2
S214005920C03040F0030433F015F8D8F8003025F006
S2140059301F0141F00301C6F89830C6F89C40C6F82F
S214005940A01033F002F8D8F800300133C8F8003061
S214005950BFF35F8F0522184BC3F894205A6A42F4AF
S21400596080325A62BFF34F8FBFF36F8FBFF34F8FF4
S214005970BFF36F8F3846BDE8F081C6F89830D6F88A
S2140059809C30D6F8A02023F01F03984222F01F0276
S21400599001D195420BD0904201D89D4209D2D6F84B
S2140059A09830013123F0FF03C6F89830ACE70027A3
S2140059B0CEE72827CCE700BF00ED00E0181D00204A
S2140059C0BFF34F8F0549064BCA6802F4E0621343E3
S2140059D0CB60BFF34F8F00BFFDE700BF00ED00E0D8
S2140059E00400FA0538B54160044632F0AAFF0546C1
S2140059F02146044820F04EFE2846BDE8384032F0E6
S214005A009BBF00BF1C1D0020014820F040BE00BF09
S214005A101C1D002070B532F094FF124D044612484B
S214005A2032F0DEFF2E7886B9FFF7EEFF33F0D5F8BA
S214005A300E4B1E6032F016FC0D4B0E4A1860536F6C
S214005A4043F00103536722F0D2FA00F077F822F011
S214005A50E5FA094B1860012320462B7032F06CFFE4
S214005A60002070BDD32C0020F4900300201D0020E1
S214005A70481D002000400050241D002038B5044674
S214005A8032F05FFF0F4D02462B78FF2B04D1B4B1E6
S214005A90BDE8384032F050BF1BB9002CF8D00121C9
S214005AA003E0002C0CBFFF2101210B44DBB22B705E
S214005AB0B3FA83F304495B0910460B70E8E719460E
S214005AC0F3E700BFD02C0020CF2C0020054B1B682E
S214005AD05843054B00F5742000F23F20B0FBF3F06E
S214005AE0704700BF481D002040420F0073B5114E9E
S214005AF00446337883420FD04FF400730E4DADF852
S214005B00043058B101A8FEF7E9FF4020FFF7DEFF9A
S214005B102B68181A2860347002B070BD8DF8050026
S214005B2001A8FEF7DBFF4020FFF7D0FF2B681844E4
S214005B30F0E700BFF3320020801D002073B500247C
S214005B4001A88DF80440FFF76BF82046FFF7CEFF5C
S214005B502C4B2D4AD3F8003103F0030313604FF4A7
S214005B6000222A4B5A664FF400325A6632F0B6F8D4
S214005B704FF4C870FFF7AAFF254B264A186026493F
S214005B8013680134E4B20A2C41F8040BF9D103443B
S214005B9000EBC00003441360204B214D1B7813B369
S214005BA0184BD3F8003103F00303022B23D0032B4A
S214005BB024D0012B17D131F08FFD024698B1194B36
S214005BC0194EDC6800231946C4F30B04013404EBB9
S214005BD084040138E4FB060102F008FAFFF776FFBA
S214005BE02B6803442B601F20FFF770FF2B680344CD
S214005BF02B6002B070BD31F079FDDEE731F072FD4A
S214005C00DBE700BF008000508C1D00200090005095
S214005C104C1D0020501D0020541D0020D72C0020B5
S214005C20801D002000C0015040420F000122154B8D
S214005C3010B55A67144B154C1B7813B3022032F07C
S214005C40BDFFF0B132F0A2FBD8B1A36DD90302D5E7
S214005C50E36D9A0715D40D4B9B6DDB0711D401221B
S214005C600B4B1A7032F09EFFBDE81040094B0A4AF3
S214005C701860136F23F0070343F00303136731F034
S214005C8011BD10BD00D00050D82C002000C0005020
S214005C90D52C00207C1D0020008000500122014BE6
S214005CA01A707047D82C002070B532F053FE144E90
S214005CB005463478FCB9134B1C60134B1C60134B21
S214005CC01C6000F031F8012032F048FC32F03AFC5B
S214005CD00F4B0246186020B9284632F036FE2320C5
S214005CE070BD234640F2E7310A4802F07FF90A4BBE
S214005CF0186001233370284632F027FE0020EFE7B5
S214005D00DB2C0020A01D00209C1D0020A81D0020CC
S214005D10A41D002018FCFFFF981D0020014B1868EA
S214005D20704700BF981D00201FB50024194B186847
S214005D309A880290D3F806009B7A00901648ADF831
S214005D400C208DF8043032F04BFE02A88DF8084087
S214005D508DF80C40FFF718F9694601208DF80040D1
S214005D60FFF7CEF840F2FF320C4B9A615A614FF0C3
S214005D70B042936A13F00803FBD113620120FFF7C9
S214005D80D9F80C20FFF7DCFC0C20FFF793FC04B0DE
S214005D9010BD00BF6F910300EC9003000020005878
S214005DA010B532F0D7FD4FF0B04304465B695A0693
S214005DB0074A03F0010003F0510348BF40F0020019
S214005DC0536132F0F9FA2046BDE8104032F0BDBD0E
S214005DD00020005838B508460C4630F035FD03461E
S214005DE020B994E80700024D85E80700184638BD3C
S214005DF0AC1D002070B5032916461C46049D01D92B
S214005E00212070BD02D130F019FD01460C4B9A7A64
S214005E108A42F5D9186809B201EB410100EB81010D
S214005E2016B1B1F90430338014B1B1F906302380CD
S214005E300DB90020E5E7B1F908302B80F9E700BF7F
S214005E40AC1D00202DE9F0432A48079F847A94422F
S214005E504CD9066802EB42024FEA820C16EB82022D
S214005E6046D05089002843D0B2F90440B2F9065013
S214005E708C42B2F908E02FDCA942A8BF2946BEF141
S214005E80000F35D000F1FF381FFA88F80EFB0849DE
S214005E900A1B92FBFEF24D45D8BF404692B2904296
S214005EA002D3A94218BF104656F80C2052F82060BC
S214005EB002EB800C18B15CF8048D46450ED08D427E
S214005EC01EBF1EFB00F1091909B2994209DC002029
S214005ED03E60B980BDE8F0832146D0E7013880B245
S214005EE0E8E70028F3D0013880B2DFE70E20F1E7BC
S214005EF00220EFE7AC1D002008B506494FF0FF3042
S214005F00FFF768FFBDE8084001214FF0FF3030F092
S214005F109FBC00BF7C9103001B0603F0706300F07B
S214005F200F000902034301F47061120402F47022A8
S214005F300B431343014A1360704700BF0020025C06
S214005F4060B5054619B10139B1F5806F0FD2094E1B
S214005F50F06810F48030FBD143EA012312072B438C
S214005F6002F08052134343F00043736060BD01208B
S214005F70FCE700BF0020025C0122054B9A60DA684D
S214005F80D203FCD4D86820F00F000004000C704741
S214005F900020025C014B1868704700BF0040025C9E
S214005FA0014B5868704700BF0010025C014B186B2D
S214005FB0704700BF0010025C014B1868704700BFB6
S214005FC00010025C014B9860704700BF0010025C36
S214005FD0014B1864704700BF0010025C014B586408
S214005FE0704700BF0010025C014B5863704700BF4B
S214005FF00010025C0022014B1A6070470010025C21
S214006000024A136843F00103136070470010025CF5
S214006010024A136823F00103136070470010025C05
S21400602043F20402014B1A60704700BF0010025C86
S214006030024A136843F03003136070470010025C96
S214006040044B1A6842F480721A601A6822F480724E
S2140060501A6070470010025C024A136843F48063BB
S214006060136070470010025C034A136823F4702321
S21400607043EA0043136070470010025C044B1A6941
S21400608002605A6942609A698260DB69C360704741
S2140060900010025C0268044B1A6142685A6182680A
S2140060A09A61C268DA6170470010025C024B1A6B94
S2140060B0D207FCD4186270470010025C0322024B21
S2140060C0186019615A6370470000025C82B01FB501
S2140060D007930A9B04AC8B4228BF0B4604E90700D3
S2140060E01048D100079948BF03330160099948BF9B
S2140060F023F0030323F0704301F0E041194341F01D
S21400610000518160002102F0E042019C1A4342F0F7
S2140061100052C16004618261416304B0BDE8104072
S21400612002B070470000025C3F22034B1A63102245
S214006130DA6103229A6370470000025C024AD36B5E
S2140061409B07FCD4704700BF0000025C044B9B6AB0
S21400615013F0240F14BF012000208000704700BFFA
S2140061600000025C08B5FFF7F1FF064BDB6B23F47B
S2140061707F4323F0EF0303431EBF0122024BC3F805
S214006180FC2F08BD0000025C00F0FF3F4368182BA0
S2140061900AD0202B1DD0102B2BD1174BD3F804344C
S2140061A0DB010AD401207047134BD3F804349A015C
S2140061B0F8D50B6843F008030B6003680F4A934258
S2140061C010D10B6843F040030B60002343600020AF
S2140061D07047094BD3F804345B01E3D50B6843F0F2
S2140061E00403E9E7064A9342F1D10B6843F08003C3
S2140061F0EAE70720704700BF0000025CDD2C0020A5
S214006200DC2C00200B4607B50749D1F80414C90753
S21400621008D5002100920246084600F05BF803B05D
S2140062205DF804FB0120FAE70000025C1346064A0C
S214006230D2F80424D20504D50A460146002022F0EE
S21400624064B90120704700BF0000025C13B5084C1B
S214006250D4F80444E40508D5009313460A460146DC
S214006260002000F061F802B010BD0120FBE700BF7F
S2140062700000025C13B5084CD4F80444E40508D5C5
S214006280009313460A460146002000F071F802B05B
S21400629010BD0120FBE700BF0000025C70B504469D
S2140062A00D4616468CB00A4A09AB07CA83E80700B3
S2140062B01A462146CDE90563CDE90333CDE901331E
S2140062C000954FF4803022F04CF80CB070BD00BF43
S2140062D024920300F0B51C465B6815468DB01A077D
S2140062E0129E1AD1CBB17268934216D10C4B0D4A4E
S2140062F053F8217009AB07CA83E807001A462946F7
S214006300CDE90533CDE90333CDE90163009447F4C5
S214006310807022F026F80DB0F0BD0720FBE700BF26
S2140063203092030024920300F0B516465A688DB0EA
S214006330102A0D46129F15D17A68102A12D10A4AE1
S21400634009AC07CA84E8070022462946CDE9054776
S214006350CDE90344CDE901440448009622F001F853
S2140063600DB0F0BD0720FBE72492030030000100CB
S214006370F0B516465A688DB0102A0D46129F15D1F4
S2140063807A68102A12D10A4A09AC07CA84E80700BC
S21400639022462946CDE90574CDE90344CDE90144FA
S2140063A00448009621F0DDFF0DB0F0BD0720FBE7A6
S2140063B0249203001000010082B070B586B0149DD0
S2140063C003AE202D86E807000B9359D805EB85030E
S2140063D08B4203D006236B438B4253D10C9BAB42BC
S2140063E050D10F9BB3EB450F4CD1129A934249D133
S2140063F0012229462220159BFFF7A2FD044630BB4A
S214006400034606220E210C20FFF786FD0123CDE968
S21400641000332B4696E8070021F022FF0E230BAA36
S214006420009307CA2B4621F066FE0C23164C0093F9
S2140064300EAA2B4607CA21F08EFE636823F07F0360
S21400644043F026036360FFF797FD30B1062420462D
S21400645006B0BDE8704002B07047636823F07F0363
S21400646043F022036360FFF787FD04460028EDD162
S214006470062311AA009307CA2B4621F09FFEE6E7E3
S2140064800124E4E70724E2E70020025C70B598B038
S214006490002843D02C4C08AD0FCC0FC50FCC0FC531
S2140064A00FCC0FC594E80F0085E80F006D4604AECC
S2140064B004F1100320340FCB85E80F0094E80F009A
S2140064C086E80F00FFF7BCFD0420FFF7CDFDFFF7C1
S2140064D0A7FD3046FFF7DEFD002408AE56F8040B95
S2140064E00134FFF7E3FD102CF8D1FFF759FD032820
S2140064F0FBD90024FFF77EFD2646FFF74BFD55F837
S214006500043B01365840042E44EA0004F5D12CB171
S214006510012206200D4B1A7018B070BDFFF790FDD3
S2140065200820FFF74FFD0020FFF752FD0720FFF77A
S21400653055FD4FF40070FFF757FD0820FFF794FD58
S214006540FFF75EFD0020E7E70C930300DF2C00203A
S21400655008B5FFF775FD0122014B1A7008BD00BF94
S214006560DE2C00201FB522F04FF9044630B1012280
S21400657006240D4B1A70204604B010BDFFF70AFD26
S2140065800090FFF707FD0190FFF704FD0290FFF76C
S21400659001FD03906846FFF77DFDFFF7D9FFFFF783
S2140065A047FDFFF759FDE6E7DF2C002006289ABFD7
S2140065B0014B185C002070476C9303004FF40052A8
S2140065C0034B00209A660322C3F86022704700BF80
S2140065D0009000504FF40052034B00209A660322AE
S2140065E0C3F86022704700BF00A0005000F01F02F2
S2140065F0A0F50620A0F55060812810D8012309498F
S2140066004009934051F820201A4341F820200649BB
S21400661051F8202022EA030241F8202070474FF06C
S214006620FF307047D01D0020BC1D002000F01F0367
S214006630A0F50620A0F55060812810B519D80121D4
S2140066400D4A4009994052F820300B430B4942F856
S2140066502030D1E9004323448C682344CC68096980
S21400666023445B1804D1C2E90033C2E90233136144
S21400667010BD4FF0FF30FBE7BC1D0020D01D0020F2
S2140066802DE9F04FA7B003921F4604460822CDE935
S2140066900401414021FA02F34B40980702F1080238
S2140066A018BF9B00202A1C44F4D18123B4FBF3F3CB
S2140066B003EBC313E41A7F4B04F506241B7804F59A
S2140066C05064002B39D1FCF725FD054600286FD114
S2140066D00146402206A823F0BAF82946402216A80A
S2140066E023F0B5F8744D754EA8461035AE4228BF57
S2140066F02E467348013E009643461022006806A9BF
S21400670020F04FFD4FF0000B81460DF1180AD945D9
S21400671041D16B48009643461022006816A920F027
S21400672049FD4FF00008834616AEC34546D1654B7B
S2140067309D42D8D101225F4B1A704FF08108002687
S214006740DFF894B1A4F50625A5F550635B095BF860
S214006750232004F01F01CA40D20746D45A4A52F8F2
S2140067602330CB40DB0732D58123002E08BF2646D8
S214006770A5F6FF44B4FBF3F303EBC313E41A04F5E6
S2140067800624B8F1010804F55064DBD1039B03B37B
S214006790FEB1344625E05AF8040BFFF727FF013018
S2140067A009D10022434B1A70424B1B78002BC4D1F0
S2140067B06FF091000FE00BF1010BA8E756F8040B01
S2140067C0FFF734FF0130EFD008F10108ADE7039B77
S2140067D023B96FF08B0027B0BDE8F08F002E18BFEE
S2140067E03446329B00201C60F5E7309B13B1002333
S2140067F0309A1360319B13B10023319A13604FF027
S214006800100ADFF8BC90CDF800A000233A462146D7
S214006810D9F80000FCF780FA002838D130993A6899
S2140068202A4BE9B19A42C1F800A01CD02146D9F8FB
S2140068300000FCF7CBFB0028CBD1D7E90223DDE92B
S2140068400410834208BF8A422AD08123A5F6FF455A
S214006850B5FBF3F303EBC313ED1A05F5062490E737
S2140068609A42EAD0E2E7319B002BE6D02146D9F8DF
S214006870000016AAFCF796FA48B9319B309A1B68B6
S2140068801268934294D39B1A319A1360D5E7104B43
S2140068909842CBD06328C9D00E4B9842CDD087E71C
S2140068A0039B002B9DD07B68012B9AD16FF0840050
S2140068B091E700BFE02C0020006D0800816D080005
S2140068C078300020906D0800BC1D0020105D175E1B
S2140068D0FFDF00F0FEDF00F0D01D00202DE9F04FB6
S2140068E087B08246894698461646DDF840B02AB1FB
S2140068F0002B53D040F26C739A4252D8BBF1010F72
S21400690052D8002406F1100739460120059421F0DC
S2140069109DFA054600284AD021463A4622F097FFBF
S21400692005ABCDE9014300942B460122504649466B
S214006930FFF7A6FE044680B110F18C0F08BF6FF07B
S2140069408D043A460021284622F081FF284621F091
S2140069505FFA204607B0BDE8F08F164BC5E902A9DE
S2140069602B60C5F804B02EB13246414605F1100042
S21400697022F075FF059E10483B462A4631460068C1
S214006980FCF7E0FA38B93046FFF730FE013008BFB2
S2140069906FF08604D5E76FF09104D2E76FF08604B7
S2140069A0D7E76FF09104D4E76FF08504D1E76FF076
S2140069B08C04CEE7105D175E783000202DE9F0439A
S2140069C08DB08146DDE914780E4615461C469BB10F
S2140069D0B8F1000F05D16FF0860630460DB0BDE861
S2140069E0F083002FF7D0B7F1005FF4D3C3F1005364
S2140069F003F500439F42EED81022002108A822F09B
S214006A0026FF002207AB029305AB019306AB314687
S214006A100093484608ABCDE90522FFF731FE06464F
S214006A200028DAD1059BA4B1AB4215D853EA050479
S214006A30D1D1069B0B48C8F8004000943A46079907
S214006A4000682B44FCF768F9002818BF6FF0910621
S214006A50C3E7AB42EDD2BEE75B1B9C4228BF1C4699
S214006A60E7E700BF7830002030B58DB00C4605460D
S214006A701022002108A822F0EAFE002207AB0293AB
S214006A8005AB019306AB21460093284608ABCDE93B
S214006A900522FFF7F5FD044608BB099B012B21D014
S214006AA0079D134B29461868FCF790FAE8B9A5F538
S214006AB00623A3F55063812B05F01F020DD8012194
S214006AC00C485B09914050F823204A4040F82320A8
S214006AD02846FFF7ABFD013001D16FF08604204653
S214006AE00DB030BD6FF08404F9E76FF09104F6E75F
S214006AF078300020D01D00202DE9F04F89B00E46DA
S214006B00074621F01AFC044621F00FFC04420AD185
S214006B100425012021F085FE002834D0013DF8D15F
S214006B206FF092002CE0102200210DEB020022F004
S214006B308EFE04A821F003FC049B002BE8D0059BE6
S214006B40002BE5D0069B002BE2D0079B002BDFD066
S214006B500025DFF8A08008F10409B54224D34FF4DD
S214006B608A7521F0E8FB044621F0D7FB2040062872
S214006B7036D121F0D7FB044201D021F0D8FB00200B
S214006B8009B0BDE8F08F21F0D6FB044621F0C5FB26
S214006B9004EA000313F0FF03F5D0022BF3D021F034
S214006BA0BEFB0442D4D0B9E721F0C3FBA6EB050A2E
S214006BB08400544528BF544699E8030000238DE816
S214006BC00300CDE9054307EB050BCDF810B00294A2
S214006BD004AAD8F8003007CA21F01CFD2544BCE7FB
S214006BE021F09BFB204008289AD825FA00F0C3071E
S214006BF096D5B6E7989303002DE9F0438BB0174679
S214006C00DDE91545DDE913269C46DDE9173889469A
S214006C1021B96FF086000BB0BDE8F083002FF8D0E6
S214006C200EB9002CF5D1129909B9002AF1D10DB987
S214006C30002BEED1B8F1000FEBD0244A944541D199
S214006C400288B2F5105F3DD14288B7EBD20FE0D391
S214006C5022F04001802902D0B2F5807FD9D16CB3F2
S214006C60AE421CD23219954219D29C42D1D8314636
S214006C702246284622F0D1FD2E4614F00F03C8D136
S214006C80CDE90197CDE90336CDE90543CDE90754B3
S214006C900993FFF793FC38B16FF09200BBE79C4274
S214006CA0EBD96FF08900B6E707AA04A901A8FFF799
S214006CB0A9FA0546FFF78EFC0543EDD10020C8F87B
S214006CC00040A8E76FF08500A5E700BF0044400439
S214006CD02DE9F04FA9B0834617469A460E46DDF8D2
S214006CE0C890DDF8D88029B96FF08603184629B019
S214006CF0BDE8F08F002AF7D0B9F1000FF4D0349B2E
S214006D00002BF1D0B8F1000FEED00024424B0CADB2
S214006D1093E8070085E807003C22214619A8189446
S214006D2022F095FD3388728803F4E040B0F5804F7A
S214006D30DAD03A4E3A480BEA060646F01066864225
S214006D4063D1B2F5807F60D147F2121293425CD1D4
S214006D500620344ABAF11F0FD3680E940B931369BA
S214006D60126800FB03F3CDE90C23BDD9339B402BFF
S214006D70BAD9359B1F2B4BD909F101022026129256
S214006D80402299F800300F97042B18AFCDE9132452
S214006D90CDE91572109611941794A5D1FFF70EFC45
S214006DA003460028A2D10B9B15AACDE9086305ABC4
S214006DB007CA83E8070002AB12AA07CA83E80700DF
S214006DC0DDE910018DE803000F9B95E80700FFF74B
S214006DD0F3FA0546FFF7FEFB55EA000384D13D466D
S214006DE0349A20AE2C4603CCB4421060516025463F
S214006DF002F10802F6D100221146B9540132402AA7
S214006E00FBD12022C8F8002070E76FF085036DE7FD
S214006E106FF089036AE700BF249203000000FFF6C4
S214006E200000020938920300F0B50E461D468BB0EE
S214006E30002853D0002951D0002A4FD0002B4DD027
S214006E40048804F44F43B3F5824F03D06FF08500F7
S214006E500BB0F0BDE3B224F0FF04B4F5E24FB0F897
S214006E6002C0F3D1122B01D0172BEFD10CF1070182
S214006E70B2EBD10F4FEAD10733D31D4A04ACBCF5B1
S214006E80807F07CA84E80700E0D1122B07D1194B90
S214006E901A691B681344CDE90432002306930023C5
S214006EA0CDE907670993FFF789FB0028D0D1124A7E
S214006EB002AB92E8030083E803000AAB13E9030081
S214006EC08DE80300079B94E8070021F028FB0446A2
S214006ED0FFF780FB204307D12F60B9E76FF08600ED
S214006EE0B6E76FF08900B3E76FF09200B0E700BF37
S214006EF02492030038920300909303002DE9F04398
S214006F008FB01D46DDE916C600B121B96FF08600C8
S214006F100FB0BDE8F083002AF8D0002BF6D0BCF105
S214006F20000FF3D0002EF1D0038803F44F44B4F5DD
S214006F30824F06D1DCB223F0FF03B3F5824F4088C0
S214006F4002D16FF08500E3E7122C01D0172CF8D1A0
S214006F50C31DB2EBD30F4FEAD308D7D34FEA48028C
S214006F60571C67453CD8B0F5807FEAD1122C18BF75
S214006F704FF000094FF0000308BF1B4CCDE908187E
S214006F8005F1010114BF4C46D4F80C90CDE90B1264
S214006F900A930D93FFF712FB0028B9D1CDE90589B6
S214006FA002AB08AA07CA83E807000EAB13E9030082
S214006FB08DE803000B9B94E8070021F0CFFA044607
S214006FC0FFF708FB34B1012CBBD0072C9ED06FF026
S214006FD092009DE700289BD104232B70376097E72B
S214006FE06FF0890094E700BF389203002DE9F04364
S214006FF089B00E4615461F46DDF8488020B96FF06A
S214007000860009B0BDE8F0830029F8D0002AF6D043
S214007010B8F1000FF3D0038803F44F42B2F5824F65
S21400702002D06FF08500ECE7DAB2122A01D0172AF8
S214007030F7D123F0FF03B3F5E24F41D14488C8F8F7
S214007040004044B9EB00B3F5807FC8F80030E8D1C3
S214007050122A0DD108E0E31DB5EBD30FCFD1B4F55E
S214007060807FDED1122A29D1354B1C681B691C444F
S2140070700023194670192C4414F801CD10F8012D80
S2140070801143B2EB0C020CBF4FF0FF3C4FF0000C6C
S21400709086420CEA030343EA0203EDD10029AED090
S2140070A0002BACDA109B9D4246D82A46314638461D
S2140070B022F0D5FB119B00201D60A2E70024D7E735
S2140070C03378042B9BD16B1EDB005B08B3F5807F07
S2140070D0C8F80030A5D1122A06F1010318BF4FF0F8
S2140070E000094FF0400205934FF000030ABF144C0E
S2140070F04C46D4F80C90CDE90623FFF75FFA00283B
S2140071007FF47FAFCDF80C90D8F800300733DB085B
S214007110029308AB13E903008DE80300059B94E88F
S214007120070021F0C8FA0446FFF754FA00287FF457
S21400713068AF002CB6D062E76FF0890061E700BF49
S214007140389203000388B3F5105F0ED14388DB083E
S214007150103B102B0CD8084A22FA03F313F0010F49
S21400716014BF00206FF0860070476FF085007047F0
S2140071706FF08600704700BF010101002DE9F04F57
S2140071808FB01546DDE918A91E46DDF868801C9FFD
S21400719009B300B3B8F1000F1DD0E7B1BAF1000F84
S2140071A002D1B9F1000F16D1274B26F47E129A426F
S2140071B0B0F802B044D1FFF7C5FF0446A8BBB5EB54
S2140071C0DB0F4FEADB0306D316F47C1FC6F3054538
S2140071D004D0102D03D96FF0860426E010251B9AE4
S2140071E095422AD8CDE9011300231022CDE9059354
S2140071F00DF12809CDE9033ACDE90823CDF81C9016
S214007200FFF7DCF9044680B907AA04A901A8FFF72E
S2140072100DF80646FFF7DEF9044656B958B92A4671
S2140072204946404622F01BFB3D6020460FB0BDE8B5
S214007230F08F6FF092040025F6E76FF08904F4E70C
S2140072406FF08504F1E700BF0002C0032DE9F041AE
S214007250069F0C461646054610B309B302B9FBB99D
S2140072606288B3EBD20F4FEAD20819D34C22002122
S214007270284622F0ECFA0D4B27F47E129A4212D1E1
S2140072802046FFF75FFF044638B942463146281DC0
S21400729022F0E5FAC5F824802F602046BDE8F0818C
S2140072A06FF08604F9E76FF08504F6E70002C00386
S2140072B02DE9F0410E4614460546002840D0002928
S2140072C03ED092B10368214823F47E1383423AD11C
S2140072D0AF6BF7B1C7F1100807F128004245284404
S2140072E006D2274422F0BBFAAF630020BDE8F08147
S2140072F0424622F0B4FA1022103C3C19AA63F4D09D
S214007300284605F1280121F0ECFA0028EED1464483
S214007310A863102C0CD9671E27F00F073A46314693
S214007320284621F0DEFA0028E0D1E41BDDD03E44FA
S2140073302246314605F1280022F091FAAC63D4E7E4
S2140073406FF08600D2E76FF08800CFE70002C00338
S2140073502DE9F04388461F4605468BB070B169B1EB
S21400736063B10368234923F47E1088423ED113F4A8
S2140073707C1FC3F3054604D0102E03D96FF0860495
S2140073802AE0102696422BD8FFF718F9044618BBB9
S214007390AB6B05F12802CDE901236B6A2A1DCDE906
S2140073A004231023CDE9083007AB1A460390069055
S2140073B005F13C0901A904A8CDF81C90FEF75AFF78
S2140073C00546FFF707F904466DB928B9324649461F
S2140073D0404622F044FA3E6020460BB0BDE8F083FB
S2140073E06FF08904F8E76FF09204F5E76FF0850414
S2140073F0F2E700BF0002C00310B50A46044619B102
S214007400024B00211B68984710BD00BF8830002043
S2140074100E4B0340B3F1607F06D1B1F5885F14BF11
S2140074206FF0860000207047B3F1707F0BD101F437
S214007430E043B3F5005F06D111F4E06F0CBF6FF0C8
S2140074408600002070476FF0860070470000C07FFF
S2140074508A42F8B507460C4600F019818F4922F497
S214007460FF7323F001038B420ED08D4B22F0FF01F9
S214007470994209D08B4822F47F7323F0030383429A
S21400748002D0894B994228D1884B24F0FF019942BB
S2140074900FD114F0FF000BD0854B40F000709842DF
S2140074A040F0F78082EA0400FF288CBF002001200D
S2140074B0F8BD7B4B9942ECD0A3F588539942E8D0AF
S2140074C024F4FF7323F00103B3F1062FE1D07648CE
S2140074D08142DED073498B42DBD004F0FE43B3F129
S2140074E0A06F14D102F0FE43B3F1A06F40F0D1803C
S2140074F082EA040333F47E1340F0CB8014F4004099
S214007500D6D0C4F30540C2F305429042CDE7B3F1AE
S214007510407F40F0A88002F0FE43B3F1407F40F089
S214007520B88082EA040535F47E1540F0B28039460C
S2140075302046FFF76DFF002840F0AB805D4B12F44D
S2140075407C1603EA020319D0B3F1607FC2F3054646
S21400755079D15949D3B243F000738B4277D003F107
S2140075607E43043B0F2B5CD8DFE803F05A5A5B716E
S2140075706567696B65675B5B6567696BB3F1607FC1
S21400758034D14D49D3B243F000738B4244D003F15B
S2140075907E43043B0F2BDCD801A151F823F000BF3B
S2140075A01D7600001D760000537500001976000059
S2140075B097760000E1750000E5750000E9750000AB
S2140075C097760000E17500005375000053750000C3
S2140075D097760000E1750000E5750000E97500008B
S2140075E02026B6E73026B4E74026B2E7B3F1707F30
S2140075F017D107F4E043B3F5005F03D10126C7F3C4
S21400760002239E4007F4E043B3F5005F09D101254D
S214007610C7F302218D4004E010269AE7142698E767
S214007620142514F47C1FC4F3054312D1B54214BFCD
S214007630002001203CE71C25F3E72025F1E7302554
S214007640EFE74025EDE7B3F1707FEAD1DAE71025E2
S214007650E7E712F47C1F01D1AB4218D022047FF575
S21400766027AFB34221E7B3F1106F12D124F01F60A9
S21400767020F4702068B902F0FE43B3F1106F7FF477
S21400768017AF0E48104040F01060A042CFE7012030
S2140076900EE700200CE71C265BE700BF0002000692
S2140076A0001300060004000600090006000300069A
S2140076B0FF0000020000C07F030000020000FFF68B
S2140076C037B50D4D0C466B78022B12D12B78072B55
S2140076D00FD100230A460193014601AB281D21F075
S2140076E031F920B9019BA34218BF6FF0930003B095
S2140076F030BD6FF08800FAE7E41D00202DE9F8435E
S214007700884617461C4600F0D5FA054688BBD8F8CA
S2140077100060B6F8009009F4E043B3F5804FB36814
S21400772008BF27F0010737EA03031AD10CB3254B2D
S21400773024F0FF029A421FD114F0FF0304D0224A1D
S21400774043F00073934232D022464846F168FFF772
S2140077507FFE074668B9224648463169FFF778FE3D
S21400776070BB6FF0840500233046C8F8003021F067
S21400777003FF2846BDE8F883144B9A42DCD0A3F5F5
S21400778088539A42D8D024F4FF7323F00103B3F150
S214007790062FD1D00E498A42CED00E4A9342CBD085
S2140077A004F0FE43B3F1407F04D12304CCD56FF040
S2140077B08605D8E7B3F1A06FF7D0034B9C42C2E72B
S2140077C03D46D6E700030006FF0000020013000651
S2140077D0000900060004000600F0FE43B3F1407FF7
S2140077E070B504460E4619D1FFF712FE00285ED18A
S2140077F014F47C1F15D0C4F30543032B137054D91F
S214007800554D2540B5F1607F40F09380534AE4B271
S21400781044F00074944256D1102B48D96FF086007D
S21400782045E04D4B2340B3F1607F39D14B4BE4B27A
S21400783044F000749C4202D11023137037E004F128
S2140078407E44043C0F2C2ED801A353F824F000BF2E
S2140078509178000091780000A77800003978000041
S2140078605579000095780000997800009D78000012
S2140078705579000095780000A7780000A7780000EA
S2140078805579000095780000997800009D780000F2
S2140078901423D2E7202307E0302305E0402303E04B
S2140078A0B3F1707F04D0002313706FF0850070BDB5
S2140078B001F4E043B3F5005FF5D10123C1F30221E3
S2140078C08B40DBB299E704F17E44043C0F2CA5D82C
S2140078D001A252F824F000BF2779000027790000A3
S2140078E01D78000019780000517900001979000011
S2140078F02B7900002F7900005179000019790000DB
S2140079001D7800001D7800005179000019790000EC
S2140079102B7900002F79000020218B423FF67EAFA6
S214007920142BC4D9C1E7142B77E73021F5E74021A3
S214007930F3E7B5F1707F7FF471AF06F4E042B2F57D
S214007940005F7FF46BAF0121C6F302229140E4E7AB
S2140079501C21E2E71C23A7E70000C07F030000020B
S2140079602DE9F04F9B460023924601F0FE428FB071
S214007970B2F1806F0E46DDE91878DDF8689009935D
S21400798005D0184621F0F8FD6FF086052EE00B4670
S2140079904FF4807209A9FFF7B1FE0546099815B1A4
S2140079A021F0EAFD22E0038803F4E042B2F5005F2E
S2140079B01FD113F4E06FC3F302211AD0364C26F41D
S2140079C08072A2420AD004F50074A64206D0334C58
S2140079D0A64203D0A4F53F44A2420AD101248C401B
S2140079E0102C11D921F0C8FD6FF083052E46002417
S2140079F048E042F20402934202D1294B9E420AD04A
S214007A00284B9E4211D10D24A04506D221F0B4FD8C
S214007A106FF08905EAE70C24F6E721460AA8FFF787
S214007A204FFE054610B10998BAE700240998D0E938
S214007A3008126FB307EB040C4568A8EB04032D0A85
S214007A40A0D10DF12808CDE90539CDE903BC3346B0
S214007A50CDE9014ACDF80080FFF7CEF8054615F1CE
S214007A60860F09989CD021F087FD0646002DBDD1D3
S214007A7080B924B122464146384621F0F0FED9F8B6
S214007A8000301C443046C9F800400FB0BDE8F08F07
S214007A90BC46D1E70546A9E70010C00400FF400435
S214007AA0000180040013C004002307B51A460091A5
S214007AB0024921F0D3FB03B05DF804FBA493030056
S214007AC010B5114C2378580744BF23F004032370E5
S214007AD02378990705D500F093F8237823F002035E
S214007AE0237063781BB10023084A63605360002349
S214007AF0082106486370FFF77FFC2378DA0744BF47
S214007B0023F00103237010BDE41D0020E81D0020B3
S214007B1038B51A4C62782378022A01D1072B11D087
S214007B20DD0712D52378980707D400F061F823788C
S214007B30054643F00203237080B96278237882B149
S214007B405A0716D50025284638BD20F0F9FE2378BA
S214007B50054643F0010323700028E3D0FFF7B0FF8B
S214007B60F1E7D907ECD5064962604A6002226270E6
S214007B70E6E743F004032370E4E700BFE41D0020BB
S214007B80E81D002000F14043032B70B505460E4665
S214007B900CD82822154C02FB0344237E022B02D16C
S214007BA06369834218D06FF08B001AE0012121F040
S214007BB0BDFCB8B10D4B00221C46197E022902D12D
S214007BC05969A94205D00132042A03F12803F4D1E9
S214007BD0E9E7282303FB0244204621F09AFC00B97B
S214007BE0346070BD6FF08700FBE700BFF01D00201B
S214007BF00122024B002083F8A0207047F01D0020D1
S214007C002DE9F0410A4C002526464FF001080327CF
S214007C102046C4F81C802776013521F057F8042D3D
S214007C2004F12804F4D1002386F8A030BDE8F081E2
S214007C30F01D0020F8B51E4D064695F8A0300F46FC
S214007C4083B300242B462246197ED1B13CB90229C3
S214007C5005D1D96919B91979002918BF1C4601320E
S214007C60042A03F12803EFD114B96FF08C0006E064
S214007C70204621F04EFC204621F028F810B10024C2
S214007C800EE01C46237E83B9012323763EB1651B96
S214007C90ED1003F1CC335D4305F1804535600020DF
S214007CA03C60F8BD6FF08800E9E76FF09600E6E705
S214007CB0F01D0020F7B500262C4B0E6093F8A03080
S214007CC007460D46002B4ED0FFF75CFF10F18C0FD9
S214007CD0044645D129463046FFF7ACFF0446002847
S214007CE03ED101232E68CDE9000069463046776113
S214007CF0736001AA21F0C3FC044670B1DDE90001FF
S214007D0021F0BBFC286820F0E1FF14F18C0F08BFBF
S214007D106FF0870400232B6022E0DDE90012304676
S214007D2020F05FFF0446DDE9000121F0A6FC002CF0
S214007D30E8D128688368D90444BF43F4806383602D
S214007D4083689A0444BF43F400638360037E012B78
S214007D5004BF0223037621F0DCFB04460028D9D1B9
S214007D60204603B0F0BD6FF08804F9E7F01D002050
S214007D7030B40D4D2C681C606C685C6000249C6000
S214007D805468DC6014881C8254885C8294685C6149
S214007D90D4689C61126930BCDA6119620A460146F1
S214007DA003F1240021F05BBDA89303002DE9F843FE
S214007DB0232904460F4691469846089E04D86FF03D
S214007DC098052846BDE8F8830822194921F015FDD4
S214007DD005460028F3D1A368002BF0D1216A243F82
S214007DE08F42C8F80010EAD3B1F5005FE7D271B948
S214007DF0C9F80000E3687360238A3380638A73805F
S214007E006369B360A369F360E3693361D9E701206E
S214007E1020F01CF8C9F8000030B1D8F8002004F1B2
S214007E20240121F01CFDE5E76FF08C05C9E700BFD3
S214007E30A89303000022014B1A807047742C002080
S214007E4010B530F07EFD054A148814B1631E012477
S214007E50138030F071FD204610BD00BF742C00204A
S214007E6000B5C3B016F03CFA094800F0B9FB60B1A3
S214007E701EF0DEFB48B14FF48271054801AA21F0DE
S214007E80EDFE10B901A8F8F751FD43B05DF804FB0C
S214007E908828002018B1034B186000207047252062
S214007EA0704700BF941E002010B5054C0549206899
S214007EB0FBF752FD2068BDE81040FFF7EBBF00BFA0
S214007EC0B03100208C300020014B1868704700BF8E
S214007ED0941E00200B4B70B51D688DB128460123FB
S214007EE000F8013B084B094C1E782178324621F0F9
S214007EF0AEFC294630461EF099FB2368013323600A
S214007F0070BD00BF001F0020E22C0020FC1E0020D9
S214007F102DE9F34143780446013B042B54D8DFE8AF
S214007F2003F0032B3A4145004FF00008C378284F72
S214007F30284E294D3B70837828683370274BC3F84A
S214007F40008018B11FF064FFC5F8008038781FF075
S214007F505DFE286070B101230093214A002331782A
S214007F602048F9F71DFA0121621C02B0BDE8F04175
S214007F701EF059BB1920F6E71A48F9F7F3F9164E22
S214007F800546306818B11FF043FF00233360012117
S214007F902846621CE9E7144821F06EFC124AC1B27A
S214007FA00020E2E7024612F8011BF9E7054615F83D
S214007FB0011B00202A461EF036FB2946207802B018
S214007FC0BDE8F0411EF032BB002201201146CCE78E
S214007FD0E22C0020E12C0020001F0020FC1E0020C8
S214007FE0D57E0000041F0020F532002053B94AB9A0
S214007FF0002908BF00281CBF4FF0FF314FF0FF30AC
S21400800000F082B9ADF1080C6DE904CE00F006F878
S214008010DDF804E0DDE9022304B070472DE9F04FF7
S214008020099D0C46002B4DD18A420F468446964643
S214008030B2FA82F360D94BB102FA03FEC3F1200212
S2140080409F4000FA03FC20FA02F217434FEA1E464E
S2140080501FFA8EF44FEA1C42B7FBF6F106FB1177C7
S21400806001FB04F042EA0742904208D91EEB0202E6
S21400807001F1FF3702D2904200F231813946121ADE
S2140080801FFA8CFCB2FBF6F006FB102200FB04F491
S2140080904CEA024C644508D91EEB0C0C00F1FF328A
S2140080A002D2644500F21E81104640EA0140ACEB65
S2140080B0040C002125B12CFA03F30022C5E9003296
S2140080C0BDE8F08F8B4205D90DB1C5E9000100214E
S2140080D00846F5E7B3FA83F100294DD1A342C0F074
S2140080E0F380904280F0F080064623460846002D36
S2140080F0E6D0C5E90063E3E7002B40F0A3808A1AC8
S2140081004FEA1E471FFA8EF60121B2FBF7F407FB73
S21400811014204FEA1C4242EA004206FB04F090425A
S2140081200FD91EEB020204F1FF382CBF4FF00109F5
S2140081304FF00009904203D9B9F1000F00F0CC804F
S2140081404446121A1FFA8CFCB2FBF7F007FB10220B
S21400815000FB06F64CEA024C664508D91EEB0C0CF2
S21400816000F1FF3202D2664500F2B3801046ACEB57
S214008170060C40EA04409DE7C1F120068B4004FA55
S21400818001FE22FA06F720FA06FCF4408A401F4356
S2140081904EEA0C0300FA01FE4FEA17484FEA13496D
S2140081A01FFA87FCB4FBF8F008FB104449EA0444C5
S2140081B000FB0CF9A1450ED93C1900F1FF3A2CBF83
S2140081C04FF0010B4FF0000BA14503D9BBF1000F98
S2140081D000F08B805046A4EB09041FFA83F9B4FB29
S2140081E0F8F308FB134403FB0CFC49EA0444A445DB
S2140081F006D93C1903F1FF3801D2A4457BD8434683
S21400820043EA0040A4EB0C04A0FB02984445CC468D
S214008210434602D306D1CE4504D20138B9EB020C50
S21400822068EB0703002D6CD0BEEB0C0264EB030476
S21400823022FA01F304FA06F6CC4000211E43C5E9F3
S21400824000643DE702FA03FEC3F1200104FA03F2DC
S21400825000FA03FCCC404FEA1E4720FA01F11FFA51
S2140082608EF6B4FBF7F00A4307FB1044110C41EA04
S214008270044100FB06F48C420ED91EEB010100F10E
S214008280FF382CBF4FF001094FF000098C4202D98D
S214008290B9F1000F2CD04046091B92B2B1FBF7F49F
S2140082A007FB141142EA014204FB06F1914207D98A
S2140082B01EEB020204F1FF3801D291421ED844465A
S2140082C0521A44EA004120E7861A64EB03030120B1
S2140082D00DE7F44402384AE7023C724431E70239BB
S2140082E07244CCE6F4440238DFE602383C4472E7D7
S2140082F002387144D0E7023B3C4481E7023C7244BA
S214008300DEE72946DCE600BF704700BF08B5064B2F
S214008310044613B10021AFF30080044B1B6803B181
S214008320984720461EF0C1F9000000003C1F0020C0
S21400833070B50D4D00260D4C641BA410A64209D145
S2140083400B4D00260B4C30F07BFD641BA410A642A0
S21400835005D170BD55F8043B01369847EEE755F851
S214008360043B01369847F2E7083300200833002024
S214008370083300200C3300202DE9F04106469846CD
S21400838017466AB3052B2DD9C8B103291AD9056833
S2140083902C0204F4E064C5F307231C430434A14212
S2140083A011D3284621F0A6FC044670B143463A464F
S2140083B02846A1B221F080FA2046BDE8F0810546A5
S2140083C02224F3E700254A24F0E7074B3A461C68C8
S2140083D031464346A0470446284621F093FCEBE787
S2140083E02224E9E71D24E7E7B43100202DE9F84F01
S2140083F00F46884657F8041B0546144600203A46A2
S2140084001E462EF09AFFD8F80080404621F03CFA2F
S21400841020B19DB941684FEA186359B90F21334618
S2140084202246404621F048FA0D461AE04A799A421A
S21400843004D008310D68002DF8D1EFE7DFF834904E
S214008440DFF83480D9F800B0D8F800A03846C9F86C
S2140084500040C8F80060A8470025C9F800B0C8F872
S21400846000A02246012052F8041B2EF066FF284684
S214008470BDE8F88F441F0020401F002070B50C4B4D
S21400848004020D4604F4E064C0F307211B680C43A5
S214008490084A04349C42126807D91D2121F00CFAC0
S2140084A00022134610462B6070BD1060043BF9E7AF
S2140084B0401F0020441F0020094A10B5116851B91A
S2140084C0B0F5006F09D2041D2046FDF76DF908B916
S2140084D0044B1C6010BD1220FCE72120FAE700BF09
S2140084E04C1F0020481F002010B1034B1B68036080
S2140084F0024B1868704700BF481F00204C1F002022
S21400850011B1034B1B680B60024B1868704700BF25
S214008510401F0020441F0020044B186828B1044B5D
S2140085201868042838BF042004387047441F002009
S214008530401F0020084A136833B94178436141F070
S2140085400101417010607047197802789142FAD0A4
S21400855003F114025B69EFE7501F0020044A03464C
S214008560106810B102789A4200D170474069F8E767
S214008570501F0020014B1868704700BF501F002096
S21400858030B5837985B001901844C0680D4600F078
S2140085903800FFF7E3FF044628B901A821F06EFC77
S2140085A0022005B030BD2946019821F071FC452215
S2140085B00A490DF10F0021F0A6FB019904F10C0009
S2140085C021F052FD472205490DF10F0021F09CFBDA
S2140085D020462DF008FF0020E3E700BFB09303001D
S2140085E037B50446094DD92229460DF1070021F07A
S2140085F08AFBE06821F07AFC0446DB220DF10700D6
S214008600294621F081FB204603B030BDB09303001D
S21400861037B504460B4D4FF4257229460DF1070079
S21400862021F071FB04F10C0021F046FC044640F2F8
S21400863096220DF10700294621F066FB204603B07E
S21400864030BD00BFB0930300054B10B553F8204073
S21400865004B910BD2046636898472468F8E700BF51
S2140086606C1F00200020134B10B51870124B134CD3
S214008670C3E90000124B206018706060A06000F034
S2140086803BFA80B2A0F10E036380A0F11403013020
S21400869060810C49201DE3801FF096F920460A49A8
S2140086A01FF092F904F108000849BDE810401FF0D9
S2140086B08BB900BFE42C00206C1F0020762C002015
S2140086C0E32C0020FC930300059403000F940300A2
S2140086D070B5044658B330F03DF9637905466FF33C
S2140086E082036371237913F0100605D010232371DB
S2140086F0BDE8704030F029B90D4903F0030331F8A6
S21400870023203046013A21F823202146094C00F068
S214008710E3F923781BB13046FFF796FF2670064B29
S2140087205B6813B10120FFF78FFF2846E0E770BDB6
S214008730762C0020E42C00206C1F002038B5044660
S214008740057A30F007F9054B53F82520226043F8E8
S2140087502540BDE8384030F0F8B800BF6C1F002058
S21400876010B5064B00F0E0001A78541C1C70044B41
S21400877003F8320003EBC203596010BDE32C00205F
S214008780541F00200022F8B50E4C0F492378934260
S21400879014D951F83260551C86424FEAC2070ED1F2
S2140087A05E1E0A48B21AD20007F1080101449D4233
S2140087B088BF0022384421F030F82670F8BD2A46DB
S2140087C0E5E700BFE32C0020581F0020541F0020C0
S2140087D02DE9F04F044689B00492420748BF00F0E6
S2140087E0F704029130F0B6F85E4D04F0030605EB90
S2140087F0860335F826205B8880469A4204F0EF0907
S2140088004FEA860733D2002000F048F9834650B37B
S21400881035F826304046013325F8263030F095F8F6
S214008820584621F0F2FC029B029A8BF80630049B15
S2140088308BF8049013448BF807304B4B5B6843B1BE
S21400884030F088F804460120FFF7FEFE204630F0A0
S2140088507CF805EB8600452259461FF0BAF85846C4
S21400886009B0BDE8F08F01224046404B1A7030F048
S2140088706CF823071BD51F2C19D94FF0000A04F0FB
S214008880E003039330F066F8EB195B8835F8267042
S214008890DFF8E0809F422CBF0027012730F055F814
S2140088A005EB86030593324B1B789A4509D384F073
S2140088B004004946C0F3800000F07AF84FF0000B41
S2140088C0C7E798F80030039A1A4205D0D8F8043063
S2140088D00193019B1B6823B90AF1010A08F10808F5
S2140088E0E1E707935A79D00707D51A79510704D5D7
S2140088F047B989EA0202920704D001931B68002B4D
S214008900F0D1E6E7019821F0D7FA0779079007A893
S21400891021F0B4FA3946002000F04AF830F01AF890
S214008920059B35F826205B8883469A4234BF01278C
S214008930002709D2002000F0B1F8079068B135F89A
S2140089402630013325F8263058462FF0FEFFDDF896
S2140089501CB0BBF1000FBCD062E70122034B1A70BB
S214008960F2E700BF762C00206C1F0020E42C0020CD
S214008970E32C0020541F00200022014B1A60704791
S214008980741F002010B504462FF0E4FF074A136852
S2140089902BB914602360BDE810402FF0D6BFA34269
S2140089A002D01A461B68F3E710BD00BF741F0020F4
S2140089B070B505460E46054B1C6804B970BD636865
S2140089C03146284698472468F7E700BF741F002002
S2140089D02DE9F0474FF6FC78002416461B4F03316E
S2140089E01B4B07EB001501EA08084FEA001A1B6844
S2140089F06A80814627F80A8002FB08F0EC609847F8
S214008A0018FB06F39BB2024668602B81D8B1114969
S214008A10284651F829101EF0D9FF21462A89686891
S214008A2020F015FF214623469E4204DC00205744D2
S214008A307E80BDE8F0876A68E868541850500133B5
S214008A40EC604144F0E71A20F3E700BF4021002025
S214008A50781F0020C894030038B5094C04EB0015B5
S214008A606B682BB128461EF0B3FF686821F01EFD28
S214008A702846BDE838401022002120F0E8BE00BF9E
S214008A8040210020034B0201C3E9001000210248E8
S214008A9020F0DDBE781F00204021002038B5094BAD
S214008AA0020103EB0015EC68284621469A5A1EF090
S214008AB090FF24B12368EB606B88013B6B802046F7
S214008AC038BD00BF40210020024B03EB001398780E
S214008AD0704700BF4021002030B4064C04EB001362
S214008AE0DD685A880D600132184630BCD9605A805D
S214008AF01EF070BF40210020044A010102EB001363
S214008B00505A10B11B89B3FBF0F07047402100208B
S214008B10014908461EF058BFFC940300012838BFE0
S214008B20012038B5C41C24F0030420461FF06EF85C
S214008B3005460146224608481EF04BFF2DB9214641
S214008B400220FFF735FF284638BD2246002128467A
S214008B5020F07DFEF7E700BFFC94030038B504461E
S214008B600D4600F0ABFD044808F04EFDA57331201D
S214008B70BDE8384008F0AEBDB1A40200F0B5467BB3
S214008B80057B731CB6EB951F044689B0437305D36B
S214008B90002109B0BDE8F040FFF7E0BF00271C4801
S214008BA008F032FD76001B491B4B3541CDE9041316
S214008BB005F00305E37A253504A88DF81830CDF8BE
S214008BC01A70ADF81E708DF8195000F0DFFE23689D
S214008BD0CDE902770193A37A8DF809302389C3F390
S214008BE0402252008DF80A20627B012A01D8DA075B
S214008BF005D523F00103238101238DF8083001A851
S214008C0021F025FF206926F0A5F809B0F0BD00BFC9
S214008C10498C0000D6BE898E5555550008B50346CA
S214008C20222B084606D0562B0BD1BDE80840012162
S214008C30FFF794BF00F042FDBDE80840014808F089
S214008C40E3BC08BDB1A40200512808B50B4605D008
S214008C50552814D0BDE80840FFF7E0BF0A89920502
S214008C6008D50120897A00F09DFABDE8084007483B
S214008C7008F0CABC0846BDE80840FFF77FBF1846A4
S214008C80BDE808400121FFF769BF00BF918C0000D6
S214008C902DE9F04F53280C4685B006D0552879D0DC
S214008CA005B0BDE8F04FFFF7B9BF00F079FB836869
S214008CB08046DD076CD543210DF10F0208F024F93C
S214008CC043780646252B63D8057805F00F05032D57
S214008CD001D0052D5CD1206926F037F8228901469F
S214008CE0C2F34002304626F04DF8002850D1B34675
S214008CF027891BF802AB21F0FDFB07F4C07980F052
S214008D000103B9F10002CAF3801A594618BF0122BE
S214008D105046DBB226F093F9014668B3032D18D10E
S214008D2021893046C1F3800126F043F803283CD061
S214008D3005282DD100254046A57300F06FFB404660
S214008D4025F016FF2946204605B0BDE8F04FFFF790
S214008D5005BF052D1CD1218904F118030193C1F329
S214008D6080130093C1F30012C1F340033046C1F3F1
S214008D70C00126F027F8D9E721F0C4FB40B9B9F1C5
S214008D80000FCBD0FF43032DBFB209D13906C7D49D
S214008D9000F094FC204605B0BDE8F04FFFF7EEBEAD
S214008DA0052DF5D1FA05F3D5D5E70B4808F02CFCD0
S214008DB0A17A002000F0E0F9606925F0CBFF238956
S214008DC09B0605D5404605B0BDE8F04F25F0D0BE61
S214008DD005B0BDE8F08F00BFBFA402000120014926
S214008DE008F000BCB1A4020021281FB50C4634D1FF
S214008DF01C4808F009FC04F1100000F0C7FD94F8C8
S214008E00250025F00AFE94F82030626813F001036E
S214008E1094F8221012D00023CDE90233A3686846E6
S214008E2013440193012300928DF80A308DF80B103D
S214008E308DF80C3000F016FA04B010BDCDE9013301
S214008E400223684600928DF805108DF8063021F052
S214008E50FEFD204621F078FBEEE704B0BDE81040AA
S214008E6021F055BB7FA602000320014908F0BABBDB
S214008E70E98D0000212810B50C4613D101F112002F
S214008E8000F060FD25F0FDFFA37D012B0BD1094806
S214008E9008F0BAFB204621F001FDE06825F05AFFF5
S214008EA00023637510BD044808F0AEFB204621F091
S214008EB008FDF5E713A9020037A9020004200149BE
S214008EC008F090BB758E0000074B586940F20D13F2
S214008ED038B9002BC1BF45224433B3FBF2F0C0B211
S214008EE070470068453BF3E7280B00202DE9F0416A
S214008EF04FF0000882B0CDF80480F8B10546154F53
S214008F0001AC09E023601B687B612368C3F800801E
S214008F102668002D344611DD7B69453D002BF1D1D6
S214008F20012021F07EF9064620600028F1D101A834
S214008F3020F0A4FF304602B0BDE8F081102000F01B
S214008F40C3FE019E3046737943F00103737102B08D
S214008F50BDE8F081280B002037B5174D0446EB69B5
S214008F6093F87D2012B9002003B030BD01281AD036
S214008F7002280CBF022201228DF8042001228DF85F
S214008F8005209A6F286922F044029A6701A92DF0FD
S214008F909AFB0028E8D1012C07D1EA69936F43F0C9
S214008FA040039367DFE70422E6E7022CDBD1EA6999
S214008FB0936F43F00403F4E7280B002037B5184DF1
S214008FC00446EA6992F87D3013B9002003B030BD3C
S214008FD001281CD002280CBF022301238DF8043080
S214008FE001238DF80530936F286923F4805323F00E
S214008FF00203936701A92DF07CFB0028E6D1012C23
S21400900007D1EA69936F43F002039367DDE7042311
S214009010E4E7022CD9D1EA69936F43F48053F4E76E
S214009020280B00200422F0B51D4E0546F36985B0D6
S21400903083F87C20407921F0F5FC2C79074694B122
S214009040A879FFF789FF044638BB01466A790120F4
S21400905021F0B1FC3B4622467179306905B0BDE887
S214009060F0402DF0C0BA2B6868790394029321F083
S214009070D9FC009022467179306902AB2DF0B5FA22
S214009080044650B9A879FFF767FF044628B9024698
S21400909001216B79286821F08FFC204605B0F0BDD1
S2140090A0280B0020014B18692DF07FBC280B0020F0
S2140090B0014B18692DF07BBC280B00200C4B10B51B
S2140090C05A690023591C82B94522DBB25343418BAF
S2140090D0028B0A440A3293422CBF0124002402D297
S2140090E0102000F0F1FD204610BD0B461268E9E79F
S2140090F0280B002008B508F097FD024B1030D86109
S21400910008BD00BF280B002038B50446094DFFF700
S214009110F1FFEB692A689A6754B1A08807F0D0FE81
S21400912007F0EAFE0122EB69002083F87C2038BDB8
S2140091300120F5E7280B0020014B1869704700BF97
S214009140280B0020014BD8696E307047280B002092
S2140091500022034BDB69C3F86E20C3F87220704709
S214009160280B0020034BDA69936F43F48033936730
S214009170704700BF280B0020042238B5084B0D4668
S214009180DB6983F87C20FFF7E7FE044608B100F0B1
S214009190A7FD2A460021012021F00DFC204638BDFF
S2140091A0280B0020022238B5094B0D46DB6983F8F0
S2140091B07C20FFF703FF044608B100F091FD2A4625
S2140091C00021012021F0F7FB21F028FC204638BDC5
S2140091D0280B0020034A136823F40043136000F0B2
S2140091E027BF00BF280B002030B51A4D044685B0B7
S2140091F028692DF0D8FB58B328692DF0D2FB00B9AA
S214009200E071E37973B1ADF8003002230022ADF8C7
S2140092100230A36869462869CDE9022201932DF041
S2140092206AFA80B900232046A371FFF7FBFEE379B4
S2140092303BB140B9EA69936F43F04003936705B0CA
S21400924030BD0028FBD005B0BDE8304000F048BD7A
S2140092500E20F8E7280B0020014B18692DF0F6BA0F
S214009260280B00207FB52E4D0446EE69102296F896
S2140092707C300021022B14BF02230823684686F8A0
S2140092807C3020F0E4FA237A03B301238DF804300F
S21400929063680293A37A53B196F87D0007F0FAFD4F
S2140092A0029B02881344029301238DF80D30637AE3
S2140092B0207B8DF80E30FFF781FE50B1EA69936F80
S2140092C023F48033936700F00BFD20E023680093BF
S2140092D0DEE7E07A21F0A6FB6A460346697928694C
S2140092E02DF08CF90028E9D1EB69227AB3F87A10D0
S2140092F0E37A01F0010162B11A46012021F05BFB1E
S21400930021F08CFBEA69936F23F48033936704B0F3
S21400931070BD0A462068012121F04EFBF0E700BF31
S214009320280B0020082270B51C4D0E46EB6986B04F
S21400933083F87C20017A04464B1ED9B2437A05296D
S214009340184628BF00212B7121F016FBADF810300F
S21400935000236871024660688DF812300290ADF8FE
S2140093601430206802AB00933368039028692DF010
S2140093707DFBEB69227A83F87D2018B100F0B0FC03
S21400938006B070BD307BFFF719FE0028F6D1EA69FB
S214009390936F43F480739367F2E700BF280B0020B7
S2140093A02DE9F0431C4A87B0D56995F86C3003EB7D
S2140093B0C3004FEA800855F8087005EB80061FB119
S2140093C0304607B0BDE8F08311791069717301AAC1
S2140093D00321B760B7732DF042FADDE9031245F8B2
S2140093E00800304608F11003E9501D446A60BDF8D5
S2140093F00630BDF80820B7839B1A32839DF80420F8
S2140094007383072A08BFB368376204BF43F00103BB
S214009410B36007B0BDE8F083280B002083689B0785
S21400942000D5704730B5154D87B0044601686A46CA
S21400943028692DF016FA50B9238B628B69461344BF
S21400944003332869ADF804302DF00DFA08B107B0E3
S21400945030BD009B9DF90E00636000F0D9FD2073BF
S214009460EB699DF8111093F87D0007F007FDA368DF
S214009470A07343F00203A36007B030BD280B0020A2
S2140094802DE9F04F4FF6FF741F46A142038B458B24
S21400949008BF818B1D4418BF8183A942064683B04E
S2140094A059DA4FF6FF708242A5EB010502D09542CD
S2140094B0A8BF15468B42ADB20BD84FF00008A845A2
S2140094C02AD345462846B38B2B44B38303B0BDE866
S2140094D0F08FA3EB0108A845A8BFA84632691FFA7B
S2140094E088F802EB010BB8F1000F62D0002F5ED0B7
S2140094F0B946C2465246452A594628BF45224846DE
S21400950020F098FC83B2AAEB0304A4B283443CBBCD
S214009510318B0B46A845D4D2C91A7369A5EB080946
S21400952013FA81F41FFA89F9002FCAD04A46452A51
S214009530214628BF4522384620F07CFC1FFA80F8DA
S214009540A9EB08039BB20444002BBBD03A68CAB10F
S21400955017469946EAE70025284603B0BDE8F08F8F
S214009560D9F8002012B19146A246C3E799F8040044
S214009570019320F056FE019BC9F8000060B18146B9
S214009580A246B7E73879019320F04BFE386040B129
S214009590019B07469946C9E7A3EB0A0343449DB2DD
S2140095A090E7A8EB0908A8441FFA88F58AE73D4625
S2140095B088E719460B46ADE7F8B5124FFC6994F8F4
S2140095C06D6006EBC60104EB810121F049FA054601
S2140095D02FF0C0F9242202FB06440026F969266211
S2140095E091F86D305A438E5003220133B3FBF2F2EA
S2140095F002EB42029B1A81F86D302FF0A6F928463E
S214009600F8BD00BF280B0020044BD96991F86C30D8
S21400961003EBC30301EB830121F022BA280B0020E1
S21400962073B5114D04462B7883421BD00F4E88B17C
S214009630012005F077FB002301930D4B4FF000420D
S21400964000930C49012330692CF0B5FF01202C70E3
S21400965002B070BD074930692CF0BDFF204605F00A
S21400966061FBF3E70020F3E7E52C0020280B002041
S2140096706FA90200801F002010B5094CE369986F9F
S21400968010F400700AD020692DF013F930B90121CA
S21400969020692DF00AF980F00100C0B210BD00BFAD
S2140096A0280B0020044BDA69926F920503D500213F
S2140096B018692DF0FAB87047280B002010B5154C25
S2140096C0E36993F87C30012B08D00022114610463F
S2140096D021F071F90122E36983F87C20002203213E
S2140096E020692CF063FF0022012120692DF0BDF8CF
S2140096F0FFF7D8FF002021F099F921F099F9002012
S21400970021F098F9E269936F23F4847343F4C0431D
S214009710936710BD280B002010B52FF01BF90446E8
S214009720FFF7CCFF074B5620DA69B2F874300133E6
S214009730A2F8743008F01AF82046BDE810402FF062
S21400974004B900BF280B0020F8B51C4DEA69936FDA
S2140097501C0704D523F008039367FFF7DDFFEB69CA
S2140097609B6FD8060FD52FF0F5F80646FFF7ACFB33
S2140097700446134F24B1012020F053FD0146B0B932
S21400978030462FF0E2F8EA69936F990615D523F074
S2140097902003936708F05AFA78B12FF0DBF80446F6
S2140097A0FFF7BAFF2046BDE8F8402FF0CEB838469F
S2140097B0013C20F063FCE4B2DCE7F8BD280B002097
S2140097C03C0B002008B5FFF779FF00F031FC034A98
S2140097D0136823F40043136008BD00BF280B002065
S2140097E02DE9FF470C9D17469946064660B9294C59
S2140097F0FFF758FF20692DF04CF8E269936F23F4C9
S21400980000730020936720E0042840D808293ED83B
S214009810531E072B3BD8002D39D0B9F1000F36D098
S2140098200023DFF870808DF809308DF80B301A4B66
S2140098308DF80810D8F8100002A98DF80A200393B6
S2140098402DF035F8044618B11F2004B0BDE8F087A7
S2140098504FF0010ACDF800A000212B46D8F81000E2
S214009860E2B22DF01AF801460028EDD10134B442D8
S2140098703D44EFDB4A46D8F810002DF00CF80028DF
S214009880E2D1D8F81C20936F43F40073B9E7202088
S214009890DBE700BF280B0020FEFFFF01014B186925
S2140098A02DF014B8280B0020002210B5094C1046E5
S2140098B0114621F080F8206915F032F821F0B5F84D
S2140098C004F1140020F0DAFAE269936F23F0100333
S2140098D0936710BD280B0020024B1868C0F3802049
S2140098E0704700BF280B002038B5154C0546E369C5
S2140098F093F87D3083420ED0431E042B08D8DFE851
S21400990003F0030B0F141600206915F049FC10B97C
S214009910E36983F87D5038BD206921F08DF8F6E7BD
S2140099200021206921F08AF8F1E70221F9E7FFF724
S214009930D3FF0028ECD0206921F082F8E7E700BFCB
S214009940280B0020FF2330B504460D4D85B02B7143
S21400995043786B710078FFF7C7FF0A4A0A4B6946DF
S214009960CDE9002363782869ADF8083001238DF827
S2140099700A300023ADF80C302DF06BF805B030BD82
S214009980280B002055555500294176717FB50446B1
S214009990114E407A0025307120F0EEFF7071207A6B
S2140099A0FFF7A2FF63686946009323683069019356
S2140099B0637A8DF80A50ADF80830ADF80C502DF0EB
S2140099C048F82A462946284621F027F8206821F03C
S2140099D02EF804B070BD00BF280B002038B50B4C25
S2140099E005462368206923F4806323602CF0E1FF9A
S2140099F038B10DB9002038BD236843F48063236076
S214009A00F8E7002DF6D00C20F5E700BF280B002065
S214009A10F0B53E4C0746216889B011F001016BD1C4
S214009A20202220461FF013FF39482CF0F2FD064690
S214009A3010B1102009B0F0BD364D374B01A82B6091
S214009A4008F0F6F8029B2846AB82019B2B62334B4C
S214009A501B886B82324B1B68EB61324B1B882B8258
S214009A60314B1B68AB6120F0DCFF20464FF0FF3324
S214009A703246294640F8103F14F0F6FE0028D8D1AA
S214009A80BB68DB023AD4012000F0DEFA0028D0D111
S214009A9002224FF0FF3120692CF080FE0028C8D14A
S214009AA00120FFF79BFF20692CF0A8FF0028C0D1FB
S214009AB03C2394220393CDE901329623502205904D
S214009AC001A92069CDE90623049314F0D1FF0028EC
S214009AD0AFD10121206914F02DFF0028A9D1134A27
S214009AE01349206920F069FF00F028FA0028A0D169
S214009AF0236843F00103236000209BE70D4920699B
S214009B0014F0F0FE0028BED093E700BF280B00201C
S214009B10690345EC981F0020099D0000AC9F0300D8
S214009B20B09F0300AE9F0300B49F030075A9020018
S214009B30A3A902000695030070B505460E46144616
S214009B400AB120F06CFF0448234632462946BDE899
S214009B50704000692CF081BE280B00202DE9F041F2
S214009B6005460E46FFF71CFC2F680446C7B9638BF4
S214009B70008B18440A30FFF7B9F903462860C0B1D5
S214009B8082790C321344A2681A71618B228BDF71C2
S214009B900A441A81084A0A2112799A7120F03EF97D
S214009BA020462B68B2B24FF6FF71BDE8F041FFF7D2
S214009BB067BCBDE8F08100BF280B002070B50546E5
S214009BC00D4BDC6994F86C6006EBC60004EB800075
S214009BD0FFF724FCAA790C32AB18197941F0020180
S214009BE01971242101FB06446168A950227B5A7131
S214009BF0A27BDA7170BD00BF280B002038B505F0D7
S214009C00AFF8C8B1847DC4B92A4DEB6993F87C20BF
S214009C10022A10D1B3F8702053200132A3F8702026
S214009C2007F0A4FD012020F005FF2421EA6992F840
S214009C306C304B43D45038BDFF24204607F0DAFC86
S214009C40002832D01B4CE36993F87C20022AF2D11C
S214009C50B3F8702053200132A3F8702007F086FD79
S214009C60012020F0E7FE23681D0407D5E36993F87A
S214009C707C30012B02D0522007F078FD2422E169C7
S214009C8091F86C305A4388188068C0F38004400707
S214009C9041BF03220133B3FBF2F202EB420246BF9E
S214009CA09B1A81F86C308C50C5E73220BDE83840EE
S214009CB007F05CBD280B0020024BDB6993F87D00A3
S214009CC0704700BF280B0020044BDA69936F0343EC
S214009CD093674FF0006014F0A3BB00BF280B002072
S214009CE038B505462EF02DFE0446064B0820DB69E7
S214009CF083F87E50FFF7E8FF2046BDE838402EF098
S214009D001BBE00BF280B0020F8B515461C460646AD
S214009D101946104620F088FE2A462346304620F094
S214009D20E7FE414FD7E9022300EA020401EA0305F1
S214009D3054EA050339D0A4F108032B4327D0A4F531
S214009D408043083B2B4331D0A4F10C032B431BD09C
S214009D50231F2B4346D0354B23402BB124F0011351
S214009D6023F4A0432B434DD004F17F432B433CD038
S214009D70610129D5FB69996FCA0525D521F4807143
S214009D8093F87C20996707E0002020F053FEFFF749
S214009D9035FFFB6993F87C20082A04BF022283F86B
S214009DA07C202046294620F009FEF8BDFFF726FF56
S214009DB0FB6993F87C20022AEED140F60201986FE8
S214009DC0814318BF012229E02EF0BBFD642206461F
S214009DD0FB69082083F87E20FFF776FF30462EF0DA
S214009DE0ABFDD6E720F027FED3E7FA695120B2F89C
S214009DF06E300133A2F86E3007F0B8FC012020F078
S214009E0019FEC6E7FB6993F87C20012AC9D040F604
S214009E100202996F8A4314BF01220222552083F85A
S214009E207C2007F0A3FCB4E7280B002001500100BB
S214009E3030B50C460021054685B0094800910069FA
S214009E4003AB0DF10E02FBF7D5FF15B1BDF80E30D2
S214009E502B8014B1BDF80C30238005B030BD00BF98
S214009E60280B002013B504460DF106010020FFF76D
S214009E70DFFFBDF90600074BC828A8BFC820A042D0
S214009E80A8BF2046B3F902209042B8BF10461880FB
S214009E9002B010BD822C002070B586B0ADF80C2044
S214009EA0ADF80E304FF0C8124FF08213ADF8080030
S214009EB0ADF80A1000200DF10601CDE90423FFF7E6
S214009EC0B7FF02A804220346BDF9066004ACB0F949
S214009ED0001034F9025BB142A8BF3146A942A8BFC0
S214009EE02946013A12F0FF0220F8021BEFD103CBFD
S214009EF0024A5060916006B070BD00BF822C002000
S214009F0013B5044600210DF10600FFF791FFBDF9D9
S214009F100600084A084B9042B8BF1046A042B8BF99
S214009F202046B3F900209042A8BF1046588002B0E1
S214009F3010BD00BFD4FEFFFF822C002010B5002409
S214009F400C4B002118691EF0BEF80B49881C0C60EB
S214009F504C608C60FFF76CFFC820FFF783FF074854
S214009F60FFF7CEFF642318461A461946FFF794FFFC
S214009F70204610BD280B0020822C0020D4FEFFFFB8
S214009F80084B10B5B3F9004030B903EB4103B3F901
S214009F9002309C42A8BF1C46A242A8BF22461046DA
S214009FA010BD00BF822C00200346044AB2F902000E
S214009FB01BB1034B1B8BC01A00B27047822C0020CB
S214009FC0280B0020034BB3F900309842A8BF184670
S214009FD0704700BF822C0020C82806DC034B1A8B73
S214009FE0801A01B2186914F0F1BE7047280B0020E1
S214009FF08BB200294FF00A01B4BF053B05331BB2F4
S21400A00093FBF1F3014A108353837047280B00201B
S21400A010024B5B8BC01A40B2704700BF280B002073
S21400A020024B1B8BC01A00B2704700BF280B0020E3
S21400A0300022044BDB691A605A629A64A3F86C200B
S21400A040704700BF280B002007B50A490A4AD1E925
S21400A0500203024343F02003C1E90223CDE90023B3
S21400A0604FF0FF324FF0FF3308692CF049FB03B086
S21400A0705DF804FB280B00200DD50155014B187028
S21400A080704700BFFE32002070B505460C4CB0F895
S21400A0905260237E216906F5FA7606FB1311A06846
S21400A0A000F0E6FB217E6B68002006FB01316A7D2E
S21400A0B024F030FFA068BDE8704007F0DFBD00BFA9
S21400A0C01022002038B50446104B0D461B68627DF2
S21400A0D0D87AA9B19B781044984200DCC3B22046D7
S21400A0E0A16A637520F032FD20B1002194F8850046
S21400A0F021F0AAFA29462046BDE8384023F052BE91
S21400A100DB78121A9A42A8BFD3B2E8E78022002072
S21400A11070B5002490260C4D2B79A34200DC70BD50
S21400A1202B6806FB043393F85920FF2A03D0986C5B
S21400A13018B120F07DFD0134EEE7586C0028FAD007
S21400A14021F06DF9F7E700BF102200202DE9F74F48
S21400A150164688469946054605F0E6F8044628461B
S21400A16004F076FF20F04AFC0190304698F8007024
S21400A1701FF018FFDFF844B10021BBF91430C61AEF
S21400A180384600F057FB7B0748BF073026EAE676DE
S21400A1903318FF2BC4BF47F01007C0F1FC0617F0BA
S21400A1A0100A0CD020F0E6FB2523B0FBF3F101FBF0
S21400A1B013010020C9B200F013FF85F88500B9F13D
S21400A1C0000F01D095F8509000234A4639462046A5
S21400A1D020F09BFE2946204621F013F8294620460B
S21400A1E020F0BDFE2046019920F0E2FE29462046DA
S21400A1F020F039FFBAF1000F45D0204695F88510BB
S21400A20095F8842000F0ECFA2946204620F03BFF23
S21400A21040BBB5F98810204620F038FF204601994B
S21400A22020F008FF2946204620F02DFF20B1A86C1C
S21400A23010B1214620F0ECFC3146204620F03AFFD3
S21400A240BAF1000F08D0FF2195F8840020F06EFFC9
S21400A2500146204600F00CFB304688F8007003B03C
S21400A260BDE8F08F6B68DBF81010E2791944A3792B
S21400A270A86CD21A0C3353FA82F2224498B9686C4E
S21400A28000F0E6FB11E0204695F8751095F874206E
S21400A29000F0A6FA2946204620F0F5FE0028E1D177
S21400A2A0B5F97810B7E720F0B1FCC1B220461FF030
S21400A2B0B5FDBAF1000FACD1F2E700BF10220020C6
S21400A2C02DE9F34704468DF807101646002190F84E
S21400A2D08520984690F88430B0F9540021F0B5F9FE
S21400A2E004F17C050146284620F005FC284624F0AB
S21400A2F0FAFD00221146104620F08FFB9DF807500D
S21400A3006B0709D5204604F0A3FE20F077FB00215A
S21400A3100246042020F081FB05F006F825F0100523
S21400A3208146324620469DF828300DF107018DF80B
S21400A3300750FFF70BFFDFF858A00746AAF81600ED
S21400A340B8F1000F17D19DF8075015F0100015D181
S21400A3500C4B6168A361DAF81030627D194424F072
S21400A360D9FD3B4631464846BAF9142007F0A4FC0E
S21400A37002B0BDE8F0870220034BEAE74046034BF5
S21400A380E7E700BF35AE020055AE020079A5000033
S21400A3901022002073B5044690F8611020F00FFCE0
S21400A3A0B4F8502094F86130910703F0EF0505D11A
S21400A3B0960601D4C10701D503F0EE05606C50BBCC
S21400A3C0A06C002832D1204645F0080604F040FE76
S21400A3D020F014FB48B1C3799B0606D5636C23B9FD
S21400A3E0838845F00C060133838000220121124B3E
S21400A3F020469A82B4F85030A26A13F0020F18BFB3
S21400A400002213F0030318BF0B4600913146FFF7F6
S21400A41057FF02B070BD21F06EF80028D0D0B4F817
S21400A42050309A07CFD145F02005CCE720F08CFBC2
S21400A4300028F4D1C7E700BF1022002038B51D4918
S21400A44004460B7E4A7E0133DBB2B3EB921F0B76DB
S21400A45003D3032300200B7638BD5B001A4102F0BD
S21400A4600302253280F87520B4F8505090F8743006
S21400A47015F01001B0F9540016D121F0E6F804F1F9
S21400A4806C050146284620F036FB284624F02BFDB6
S21400A49000221146104620F0C0FA94F875000021FC
S21400A4A021F0D2F80120D7E7024619460020FFF730
S21400A4B067FDE4E71022002010B5037D044623F074
S21400A4C0080303750C4B8361FFF7B8FF20B12046E5
S21400A4D0BDE81040FFF7D8BD2046A16A20F036FB45
S21400A4E020B12046BDE81040FFF754BF2046BDE827
S21400A4F010400121FFF7E6BD47AE020037B504461F
S21400A50023F01EFC28B12046A16A20F041FB84F807
S21400A5106100174D94F8580023F071F9B4F85230E2
S21400A5206A7E03F5FA7392095343204603F5967341
S21400A5302B61FFF783FF0F4B94F86110A361237D17
S21400A540204643F00103237520F039FB01238DF8E4
S21400A5500700002220460DF10701FFF7F7FD002255
S21400A5602046AB681A6003B0BDE83040FFF78CBDEC
S21400A5701022002047AE0200512837B50C4620D1E5
S21400A580124DFF21AB8AEA8A94F884001344AB820A
S21400A59020F0CCFD2B6994F8611003442B61B4F8CD
S21400A5A05030D4E90A0213F0020F4FF0000308BF40
S21400A5B002460093204601F04801FFF781FE03B0F3
S21400A5C030BD03B0BDE8304020F00ABC10220020A9
S21400A5D000232DE9F04387B004464FF0FF3105A86D
S21400A5E00593FFF7BBFA059D002D00F09A80AB7926
S21400A5F00C331D442B79D90740F19080EB7A252B3C
S21400A60000F28C80724FB4F85020B96805F10A0841
S21400A6108B7982F010020C334046C2F300121944C4
S21400A62024F0B0FB002879D1266A95F80A901FF02E
S21400A63061FF06F0600680F00103321EC9F3801940
S21400A64005F10C0118BF01224846DBB224F0F7FCE6
S21400A6500146002854D0AB7A03F00F03032B38D101
S21400A660B4F850104046C1F3400124F0A2FB032882
S21400A6705ED0052852D1059E617DB37900200C334B
S21400A6801E44FEF779FD534BB868A361B17A06F114
S21400A6900C038679256A0644367BC5F3400CC5F361
S21400A6A0C00215F4005518BF04F15B05C6F380160A
S21400A6B0CDE901C5C1F38011009620F01CFE0023F1
S21400A6C0B868036007F0DAFA0598A063FFF776FA31
S21400A6D075E0052B22D104F16202B4F85010019205
S21400A6E0226A81F01003C2F3800200924046C1F352
S21400A6F08002C3F3001301F0010124F063FBB6E708
S21400A7001FF000FF50B9AB7A03F00F03002EA5D060
S21400A710032B86F0600606D1B206A1D405A81FF06A
S21400A720ADFB01204CE0052BF8D1B609F6D0D2E7F8
S21400A73004F0FAFD09230546617D00208DF81330EC
S21400A740FEF71AFD0123E26A0DF113012046FFF71A
S21400A750FDFCAA7903461544AA7BE16A6FF38712CB
S21400A760AA730022F882B868BA8207F0A5FA9DF8A4
S21400A7701330194A13F0100F184B18BF13460598DC
S21400A780A361FFF71BFA059A93790C33D018018959
S21400A790C079D55824F02BFC6368C3F196032B448C
S21400A7A003443B61236ADB060DD5059904F140009E
S21400A7B01FF05AFC4FF40031204623F0ECFA00203C
S21400A7C007B0BDE8F08305A81FF058FBF7E700BF09
S21400A7D01022002041AB020079A5000035AE020031
S21400A7E07FB50E4610210546144620F081FBE0B1E9
S21400A7F00F4B18681B7902908DF80C300023ADF8CB
S21400A800043066F305038DF8043063180DEB03047B
S21400A8104FF0000314F8082C284662F3471301A9EA
S21400A82003228DF806301FF005FB04B070BD00BF94
S21400A8301195030003460D4A82B010680090908878
S21400A8409279ADF804008DF8062013B9481C02B0C2
S21400A85070476A460220D90748BF117802F1010204
S21400A86048BF40185B08F6D1F1E700BF0995030022
S21400A87038B583790C460C33C518C35C03F00F0358
S21400A880072B25D1AB789A0622D0E878C3061FD5C9
S21400A890012100F00F00FFF7CDFF0E4B02359C4262
S21400A8A095BF1E234FF496730021012194BFB4FB7D
S21400A8B0F3F4B4FBF3F42B5C2A1861F3C7132B54A0
S21400A8C09378547023F01F03C4F304242343937037
S21400A8D038BD00BFC3BF030070B5BDF810505B089D
S21400A8E005820025438005704570D1F801309DF83B
S21400A8F0186043604B799DF81C1003F01F0343EA71
S21400A90041130372134653F8041B059CC0F8091044
S21400A9109288A0F80D209B78C373D6B9164B9C423C
S21400A92016D8164B9C4203D9EBB243F02003437073
S21400A930437813F0200F14BF4FF496721E22B4FB18
S21400A940F2F423F01F030470C4F30424234343707B
S21400A95070BD0B4B9C42FBD8084B9C42E8D9437811
S21400A960B4F5161F43F020034370E1D3DBB2A4F521
S21400A970161443F04003DAE7D47E2500C3BF030075
S21400A980D4FE4A00002230B5084B1C791B6894425E
S21400A99001DC002005E05D6C03F19001854201D1E9
S21400A9A0184630BD0B460132F1E700BF10220020EA
S21400A9B02DE9F041064600257427244C227AEBB296
S21400A9C09A4209D80720FEF747F80023E36023726F
S21400A9D04EB90020BDE8F081E068013507FB0300B2
S21400A9E01FF0F4FFEAE7C6EBC60106EB810189001B
S21400A9F00122072089B2FDF7EBFF0546E8B90720DC
S21400AA00FEF74CF82F464FF07408E0602672237A63
S21400AA10FEB2B34207D9E068013708FB06001FF014
S21400AA20D3FF0028F3D0237AB342D2D07427EBB2F8
S21400AA30B34204D30020FFF7BBFF0720CAE7E06855
S21400AA4007FB05001FF0C2FF0135F0E7BC1F002022
S21400AA502DE9F3410D4617460446002847D0036A01
S21400AA6013F0010346D083692BBB20F0B7FC224BC2
S21400AA7004F13006A361FEF711FF00F5BB5010305D
S21400AA8043F6FF716060304620F035F8204604F04B
S21400AA90EBFA0146304620F02EF804F1200252E888
S21400AAA0003F43F0040342E800310029F7D14FF499
S21400AAB0800013F0B5FC6368A68DA3EB050805F6C9
S21400AAC0B835ED1A002D06DB40F27122636A0136B6
S21400AAD002FB0388B6B206F007FA00230190009343
S21400AAE0204643463246394620F0CFFC122002B0BC
S21400AAF0BDE8F0811846FAE715AE0000002210B552
S21400AB000A4B1C7AD968D3B29C4201D800200BE0CD
S21400AB100B6A084613F4807F02F1010201F174010A
S21400AB20F1D143F48073036210BD00BFBC1F002048
S21400AB3073B50D46044618B949B9002002B070BD79
S21400AB40036A03F001038B42F7D000295ED0236A24
S21400AB50590675D5636AC8220B2B98BF0C2394F848
S21400AB60381098BF63620020FFF70AFA0646684668
S21400AB7000F0E0F96A4604F14001012000F0E6F931
S21400AB8021F0D5FA0025206320460321A58540F84C
S21400AB90345F01F065F9314604F130001FF0ABFF79
S21400ABA006F0A2F9A56184F82E0004F1200252E80E
S21400ABB0003F43F0010342E800310029F7D152E894
S21400ABC0003F43F0400342E800310029F7D141F24C
S21400ABD088330125C4E903331A4B25751B6804F135
S21400ABE008005B796375184B598B002908BFE6216E
S21400ABF020F060FD284603F067FF00289DD1237DE6
S21400AC005A079AD443F00203237596E72DF0A2FE66
S21400AC10064604F1080000F0ADFA2046012122F0B5
S21400AC20BBFD203444F8085C54E8003F23F00103E1
S21400AC3044E80032002AF7D130462DF086FE7CE745
S21400AC400C207BE780220020102200202DE9F8430C
S21400AC5015460E469946074604F066FB0446284607
S21400AC601FF0A0F9DFF890800021B8F80430C51A6C
S21400AC703078FFF7DFFD25EAE5752B18FF2B08DD9A
S21400AC80317801B90130033041F010013170C0F164
S21400AC90FF05089BC9F800001D603378DB060DD55C
S21400ACA01FF068FE2523B0FBF3F202FB130107F149
S21400ACB04000C9B200F094F988F806000023204648
S21400ACC01A46317820F021F92046099920F070F9CB
S21400ACD097F83820204698F80610FFF781FD2046A2
S21400ACE0B7F93C1020F0D2F92046294620F0E2F9C8
S21400ACF02046BDE8F88300BFBC1F00202DE9F041C8
S21400AD0086B0044620F062FB0746002504F13000BA
S21400AD1024F0E9F83A46002103201FF07EFE2E4E6E
S21400AD208DF80F50002F50D0FB7913F020024ED034
S21400AD30F27903F01F039B1AAB4209DD012B14BF07
S21400AD4014230423BD798DF80F3005F01F05ED00A0
S21400AD50236A01979A0748BF9DF80F300DF10F013F
S21400AD6044BF43F040038DF80F3005AB0093E26E0E
S21400AD7004AB2046FFF76AFFDDE904178046394436
S21400AD8094F8380020F0D2F99DF80F300544DB0621
S21400AD901FD529464046FFF76BFD104B6168A3613F
S21400ADA03368627D1944002024F0B4F83B464046E0
S21400ADB0B288E16E06F080FFB3883B44B380336808
S21400ADC02B44336006B0BDE8F0813D46C0E715462B
S21400ADD0BEE7034BE2E700BFBC1F0020F5AE000055
S21400ADE015AE00000A4B5A8B22B9826812F4601F17
S21400ADF008BF5A8340F27121838D426A01338385EE
S21400AE00436801FB02330121436022F0D6BC00BF39
S21400AE1010220020032870B50C4609D004D801285B
S21400AE2018D0022836D070BD51283BD05628FAD10B
S21400AE30236A4FF4800043F0A003236213F0F0FA75
S21400AE402A4B1B68D97A5A79637D5B1A934246DB94
S21400AE50DAB244E000260B6A254D1A07AE802E6053
S21400AE6009D523F008030B6201F16C001FF006F809
S21400AE70236FC4E91B360023226BA18D04F140002A
S21400AE80EB7100F0B7F884F839002046BDE8704052
S21400AE90FFF734BF03F064FF8442C4D1BDE87040BE
S21400AEA0FEF70CBC124DEB790133EB710B6ADB0637
S21400AEB00DD5C86E1FF076F8AB88984207D1236A86
S21400AEC04FF4800043F02003236213F0A9FA074BE7
S21400AED0617D1A68D37A12790B449342B8DD6275A5
S21400AEE02046BDE87040FFF77DBF00BF80220020EF
S21400AEF0BC1F002051280B4609D1064A1846D179B6
S21400AF000131D171927983F83920FFF7F7BEFFF748
S21400AF1081BF00BFBC1F00204840704700EB0010F8
S21400AF20084480B2704700BF90FAA0F000BA80B222
S21400AF30704700BF044BD3F8012002605B7903F032
S21400AF401F030371704700BFE62C0020234B2DE93A
S21400AF50F041002914BF0C461C460025064617463D
S21400AF6013688AB0C4F801301379257063715FFAEC
S21400AF7085F84146384620F05BFB38B1237803F16C
S21400AF8028026A44013302F8288C23700135252DE7
S21400AF90EDD194F800803EB142466946A01D1EF0F1
S21400AFA05EFC0AB0BDE8F081B8F1000FF9D00534B8
S21400AFB0F5B22946384620F03BFB40B9B5FBF8F31E
S21400AFC008FB13550AAB53FA85F515F8285C0136CD
S21400AFD0252E04F8015FEBD1E3E700BFE62C002046
S21400AFE0034B002818BF03460B449879704700BFF0
S21400AFF0E62C0020F8B50D4682EA124296B231469B
S21400B00003462846FFF788FFFFF78EFFFFF786FF09
S21400B010FFF78AFFFFF782FFFFF786FFFFF77EFF47
S21400B0200546FFF779FF164C002B14BF1F46274630
S21400B0300446144B781CA3FB0423E21A03EB5203CA
S21400B0405B0903EBC30203EB8203E41AE4B2214676
S21400B05020F0EEFA40B93B786E40B6B206FB03F33A
S21400B06007EB1347B879F8BD7B1D2A3701E09F42EE
S21400B07004D013F8010F8442F9D1F4E72046F8BD56
S21400B080E62C00204D91CFBA104B1A7842F0F00211
S21400B0901A701A7C42F0F0021A7493F8202042F0DC
S21400B0A0F00283F8202093F8302042F0F00283F874
S21400B0B0302093F8402042F0F00283F8402093F8C6
S21400B0C0502042F0F00283F850207047CC1F00203A
S21400B0D00368054A23F07F6323F4002302EAC14293
S21400B0E013430360704700BF0000F80FF8B54488AC
S21400B0F0054604F00704072C1C4E28D12DF02AFC28
S21400B10000221101735C06EB02171B090F2B0AD0F5
S21400B1100132062AF5D1164A1388013313802DF022
S21400B12014FC1920F8BD2B6894B27B80112373544D
S21400B1302DF00BFCFEF7B2FB06EB0413D8602B6871
S21400B140002023F4E02343EA04432B60EAE72301CC
S21400B150F15CC1F30312013202F00F02052A28BF88
S21400B160002262F30711F154E4E700BFCC1F002071
S21400B1708E2C002038B54488054604F00704072CBA
S21400B1800FD02DF0E7FB074A2401135D43F0F003D0
S21400B19013552B6843F4E0232B60BDE838402DF0B0
S21400B1A0D4BB38BDCC1F00202DE9F04745880746A4
S21400B1B005F00705072D894637D01D4C4FEA0518C0
S21400B1C014F80860FEF76AFB04EB051ADAF80C3090
S21400B1D0360906EBC506C01A04EB4606708014F85E
S21400B1E0083003F00F02042A9EBF013262F3030305
S21400B1F004F80830B9F1030F14D114F8081004EB62
S21400B2000514A01C01F00F0121F03FF904462DF0B3
S21400B210A1FB3A68074B134023433B60BDE8F04769
S21400B2202DF093BB4FF6FF74F1E7BDE8F08700BF43
S21400B230CC1F00200000FF7F064A08B592688242B5
S21400B24007D0427922F0030242F00302427113F063
S21400B25041F908BD2C20002010B5064C20461EF0F3
S21400B2600DFE201D1EF00AFE04F10800BDE8104089
S21400B2701EF004BE2C20002010B502201EF0D1FFC8
S21400B280034C606002201EF0CCFFA06010BD00BF23
S21400B2902C20002008B5FFF7DFFF0022024BDA6003
S21400B2A0BDE80840FFF7E8BF2C200020014B586897
S21400B2B0704700BF2C200020014B9868704700BFE5
S21400B2C02C20002038B5104DEB681BB1EB68984772
S21400B2D00023EB602B688BB10B481EF0EDFD044697
S21400B2E060B12B681BB14FF0004013F099F8204670
S21400B2F01FF021FC18B120461FF01FFC38BD204669
S21400B30024F042FCFAE700BF2C20002010B5084CC1
S21400B310E0604FF0004013F083F800BF00BF00BFAE
S21400B32000BFE3681BB1E36898470023E36010BDE5
S21400B3302C20002038B58379044603445B7B13F049
S21400B340300F437923F0030308BF43F00103437132
S21400B3502DF000FB0546214605481EF085FE4FF001
S21400B360004013F05DF82846BDE838402DF0EDBAF1
S21400B3702C2000202DE9F041244E00217468FE2088
S21400B380A57903F0ADFF074600F066FE50B141F226
S21400B3900C00C2B20023B06842F20501BDE8F041DD
S21400B3A020F0A5B900F098FE0028F0D10C352C440A
S21400B3B0237AE51C9B09022BE9D0012B18D9237AA6
S21400B3C0A11C03F03F02073443F0C00311F8010F3D
S21400B3D08C4242EA000203EA0003F7D1002AD6D0E4
S21400B3E0FF2BD4D057B9284623F0F5FB0020D0E732
S21400B3F0294623F003FC0028E1D0C8E72946384652
S21400B40022F0B5FB0028EED0C3E700BF2C200020BA
S21400B41010B50C4C63689A790C321344597901F0D4
S21400B4200302032A0CD0B3F8030021F066FA0246A2
S21400B430A0680023BDE8104042F2590120F057B939
S21400B4401122F5E72C20002070B5114C63689A791C
S21400B4500C321344B3F80510B1F5FA7F15D243F653
S21400B460F675B3F80720A2F10A0080B2A8420CD8FD
S21400B470B3F8030021F02AFA0246A0680023BDE8CC
S21400B48070404FF6294120F032B91222F5E700BF8E
S21400B4902C20002010B5084C63689A791344B3F842
S21400B4A00F0002F0A5FB0023024642F24601A06808
S21400B4B0BDE8104020F01BB92C2000207FB5684C5A
S21400B4C063689A790C321344DA78013A132A12D850
S21400B4D0DFE802F00A13262A32113A3E535C6D75F5
S21400B4E07D1111959DA6AFB85879003818BF012078
S21400B4F0FEF796F848B9122008E05A4AB3F8051045
S21400B50012681172B3F80730537200200246002307
S21400B5104FF60741A06804B0BDE8704020F0E7B8D9
S21400B520587901F0BDFAF0E71A79042AE3D1D3F886
S21400B530050006F0E9F9E8E71A79042ADBD1D3F822
S21400B540050006F0E7F9E0E7587920F087F8DCE731
S21400B5501A79022ACFD1B3F805600021F0B203F0C1
S21400B560BFFE05461FF0C5FB002876D028461FF014
S21400B570C0FB310A20F053F8C7E71A79112ABAD867
S21400B580591D384B18681EF06AF9BEE7587930B96D
S21400B5900346024601460090FEF722F9B6E7DA793E
S21400B5A0997902F108051D4400950833F4E75879A7
S21400B5B00128A0D800F00100FEF710FAA6E71A79D5
S21400B5C0042A98D1D3F8050020F049F89EE71A79A6
S21400B5D0082A90D1D3F80500D3F8091002AA03C2AE
S21400B5E0BDF90E30BDF90C20BDF90A10BDF90800F2
S21400B5F020F088FD002814BF1F20002086E71A7957
S21400B600082A7FF478AF581D20F05AF87EE71A799A
S21400B610022A7FF470AFB3F8050000F0CBFD75E7A3
S21400B6201A79012A7FF467AF93F9050020F03EF8F7
S21400B6306CE71A79022A7FF45EAFB3F9050020F0B2
S21400B64037F863E71A79012A7FF455AF587900383E
S21400B65018BF012001F034FA58E7422056E700BF31
S21400B6602C20002080220020F0B5184E85B075688A
S21400B670AB790C331D4406F0E7F9B5F80920B5F8A8
S21400B68007108A421FD8032A1DD903291BD96F79B0
S21400B690CFB1C04360F0050010EA070413D1EB7881
S21400B6A0A879CDE901742C79009400F08DFC00286F
S21400B6B00CBF0C22002242F24101B06805B0BDE882
S21400B6C0F04020F065B81122F5E700BF2C200020DE
S21400B6D010B50D4C626893790C331A441179D07802
S21400B6E0003918BF01210038B2F8073018BF012012
S21400B6F0B2F8052000F088FF42F242010246A06838
S21400B700BDE8104020F044B82C200020154B37B57B
S21400B7109D6800220A2328464FF617411FF0E7FFD0
S21400B720AC790DF1060101A8FEF782FB0C34BDF8DA
S21400B73004302C44E380BDF8063000202381FEF759
S21400B74033FC60811FF086FFC8220221FEF718FC3A
S21400B750A0810020FEF764FCE0812846FFF76CFD20
S21400B76003B030BD2C20002010B5084C60688379EB
S21400B77018440F3023F013FA0023A0681A46BDE8D9
S21400B78010404FF628411FF0B2BF00BF2C2000200B
S21400B790242816D80F2805D802280CD8B0FA80F02E
S21400B7A040097047084B103880B2C34003F00103CD
S21400B7B083F0010070470538012894BF002001205F
S21400B7C070470120704700BF2D2011002DE9F04F73
S21400B7D095B0FFF76BFD42F23603867905460C36C8
S21400B7E030F80680841998450ED1FFF75FFD0221D8
S21400B7F01EF014FB7F22A3780233A370AA55002301
S21400B80020222377627063770121E07803F068FDD9
S21400B81000230646002800F0CF80CDE91233E288E8
S21400B820237AADF848208DF84A30B4F80920E37A38
S21400B830ADF84C208DF84E30A288E37802F01C015B
S21400B840FE2B4FF6FF7308BF4FF480431C2926D00B
S21400B850DDE91201884203D81F2801D999421ED972
S21400B860002541F21106FFF727FD01234146F2B2FB
S21400B870ACB21FF03CFF002DCCBF0534053C24B213
S21400B880002E40F09D800A2394FBF3F4E4B2FFF709
S21400B89013FDC3791844C47215B0BDE8F08FD20604
S21400B8A0E57D677E1AD5012D14D1237B013B062B3F
S21400B8B0D6D8E0781FF0F2FA18B1A088FFF768FF34
S21400B8C040B1404A237F12782AB3042B02D8637F04
S21400B8D0042B25D9002541F21206C4E705F0FD0326
S21400B8E0012BBDD17B1EDBB2022BB9D8237B013BDB
S21400B8F0062BB5D806F0A8F8032D08BF042505408A
S21400B900EDB2002DACD0032F08BF04273840C0B2DC
S21400B9100028CED1A4E7002BA2D1637F002B9FD1B5
S21400B920A388DB0646D41FF095FE012194F9162065
S21400B930084002EB82025200FEF722FB637BB4F85B
S21400B94004C00F93A37B677E109304F10F0311933B
S21400B950637FE188B4F8092094F80CE094F8159019
S21400B96094F818B01FFA80FA0546E07D0C93237F02
S21400B97003280B93E37E08BF0420032F08BF042789
S21400B980003B18BF01230A93A37ECDE9060BCDE941
S21400B9900873119B30460293109BCDF80CE0019380
S21400B9A00F9BCDE9049A00935FFA8CF321F029FFF0
S21400B9B0064658E70020B8E7054641F2070652E774
S21400B9C0002464E7112D0020F8B507460D461646FC
S21400B9D01C4623B901201EF024FC0446C8B10622EA
S21400B9E00C2120461FF0A5FE691EC9B2032988BF98
S21400B9F00022A37998BF074A03F10C0398BF525C54
S21400BA00234420469F80DE70DA719A71FFF714FC9B
S21400BA100120F8BD16950300F8B5FFF747FC8379BB
S21400BA201844B0F80F60B0B204F0C4F80446C0B1D1
S21400BA3022F04DFD0138C0B2032814D800270B4B66
S21400BA401C5CFFF739FC054604233A4642F23001F7
S21400BA501FF04DFEAB790C33E818C68004724472B2
S21400BA60F8BD0227EDE700242746EAE7169503000F
S21400BA702DE9F0411D4690460E46074605F034FA7D
S21400BA8005F018FA0446404605F014FA194B04442B
S21400BA909D4225D9184B9D4215D9184B013D93FB65
S21400BAA0F4F3002BB8BF03339A1005EBA305B5FBE0
S21400BAB0F2F379683268A1EB930102EB43027960F6
S21400BAC03260BDE8F0810E4B0E4AA3FB05535B09BE
S21400BAD004FB03F303F6C313A2FB0323DB0AE8E726
S21400BAE004FB05F3084A03F574338F33A2FB0323E4
S21400BAF01B0CDEE74C6210001366660640420F0021
S21400BB001F85EB515917B7D183DE1B43034600F060
S21400BB103F003F2830B51FD090B1194600220132B1
S21400BB201B2A4FEA510105D100212E480A4601245E
S21400BB30584007E001F03F003F280DD00028EED126
S21400BB4030BD012104FA02F5054202F1010205D1D9
S21400BB50202AF7D1022907D00020F1E7202A01F198
S21400BB600101F7D00229ECD1DAB2C3F307219142E2
S21400BB7025D000211C46084604F00305013D012D92
S21400BB8001F1010198BF01301F294FEA54041ED16C
S21400BB901828E1DC052000219B0E03F00304013C7D
S21400BBA0012C98BF013101384FEA5303F5D1012922
S21400BBB0C6DD8AB90228D4BF00200120C0E7C3F33F
S21400BBC007419142D5D1B2EB136FD2D1C4E7102909
S21400BBD0D2D10B28D0DDBFE7D30748BF01305208CB
S21400BBE0E7E700BFD6BE898E2DE9F0411D46134318
S21400BBF007460C461646BDF8188006D12046BDE816
S21400BC00F0411A46194620F0F9BA4146204624F07B
S21400BC1091F878B12146384622F095F9402386748B
S21400BC20C5742146069338464346BDE8F041024AAD
S21400BC3024F0A6B8BDE8F081DBC20200F7B50446E2
S21400BC400D4622F041FC06462021204622F08CF9C3
S21400BC50204620F0A5FA3278C2F3030303EA121353
S21400BC60184020F094FA0646204624F028F90746A5
S21400BC70A8B936B1204622F02AFC05F0F5F8B04205
S21400BC800FD1204622F023FC05F0EEF82B460146A5
S21400BC903A46204620F0B2FA002003B0F0BD232733
S21400BCA0EFE73946204622F06EFA1621284624F0A1
S21400BCB01BF8284606F03AFA294646708670204653
S21400BCC024F010F80321204622F094F9402203467F
S21400BCD0009221460120024A24F052F8DCE700BF19
S21400BCE08FC2020010B5044600201EF09AFA0146E4
S21400BCF010B90723184610BD204606F047FD034638
S21400BD000028F7D11EF08DFA01460028F1D0204613
S21400BD10BDE81040014A24F017B900BF3DBC000042
S21400BD20F7B50E46054622F0CFFBB3790C33334405
S21400BD305F789B781F400378C3F3030000EA131074
S21400BD40384020F024FA044668B9284620F028FA3D
S21400BD50384020F01CFA044628B9284622F0B7FBE3
S21400BD6005F082F804462846002122F00CFA172136
S21400BD70304623F0B9FF304606F0D8F93146447015
S21400BD808470284623F0AEFF0321284622F032F9BD
S21400BD9040220346009229460020024A23F0F0FF84
S21400BDA003B0F0BD8FC202002DE9FF4107460E46E4
S21400BDB01446DFF838804346694638460A4A06F095
S21400BDC07DF80028F7D0102C254628BF10253046D1
S21400BDD02A4669461DF043FD641B2F442E44EAD1D3
S21400BDE004B0BDE8F08100BF222D0020122D0020F7
S21400BDF030B589B020226946FFF7D6FF6A460C4D5B
S21400BE0004AB144603CC9C4228606960224605F1C8
S21400BE100805F6D1074C08AD1A4603CAAA422060A8
S21400BE206160134604F10804F6D109B030BD00BFC6
S21400BE30122D0020222D002010B588B06946202043
S21400BE401AF082F9044630B96846FFF7D1FF01229E
S21400BE50024B83F82020204608B010BD122D00208B
S21400BE6070B5134B054693F820300C468CB00BB9D2
S21400BE70FFF7E2FF0023CDE90033CDE9023354B9E2
S21400BE801C22214605A804941DF0E1FC04A8FFF737
S21400BE90AFFF0CB070BD102C264628BF10262946D2
S21400BEA032466846FFF780FF3544A41BE7E700BF2D
S21400BEB0122D002008B581B207481FF0FBFB0120B9
S21400BEC002F002FE30B9054A137D59075CBF43F005
S21400BED00203137508BD00BF442000203C2000204C
S21400BEE001238340DB43064901F1240252E8002F78
S21400BEF01A4001F1240C4CE800200028F4D17047C9
S21400BF003C2000200123074A03FA00F002F1240334
S21400BF1053E8003F034302F1240C4CE800310029AB
S21400BF20F4D170473C200020044A4FF08040536A0A
S21400BF3043F40023536212F073BA00BF3C20002083
S21400BF4038B54FF010131B4C002563644FF4E063C4
S21400BF50A4F848300123204684F85C30164B43F69C
S21400BF60FF71A365154B656240F8543F1EF0C3FD94
S21400BF7005F06AFD4FF48073A4F84E30104B84F839
S21400BF805200A3610F4B25751A682946137852781C
S21400BF9004F1080013445B106375A4F8BC50A4F8C1
S21400BFA0B2501FF087FB294604F19000BDE83840E8
S21400BFB01FF080BB3C20002055555500D6BE898E0C
S21400BFC0E3C60200802200202DE9F843214C994662
S21400BFD0636A0F46DB0715469DF824609DF82880A7
S21400BFE035D468B30120FFF78DFF626A9DF82030D4
S21400BFF022F4C07242EAC312052E626284F85060D0
S21400C00007D1FDF769FC48B96D00ADB2BD4228BF47
S21400C0103D4694F8500020F05AFB0646636A84F8C2
S21400C0205C60A4F84470A4F8465084F84890B8F1D0
S21400C030000F09D043F4801301206362BDE8F88343
S21400C0400120FFF74DFFD0E723F48013F4E700202C
S21400C050F4E700BF3C200020024B586AC0F3800083
S21400C060704700BF3C20002010B51A4CFFF7F4FFC5
S21400C070636A13F0010313D1A8B994F85D3094F8FD
S21400C0804910253BDBB20133DBB2032B28BF00236C
S21400C09041FA03F2D207F6D5253384F85D3014E072
S21400C0A094F8503010B194F85120134303F0050370
S21400C0B0052BE2D1FDF710FC0028DED194F85C30A9
S21400C0C0012B03D1032384F85C3010BD012384F8D0
S21400C0D05C30D2E73C200020024B586A00F001009A
S21400C0E0704700BF3C200020F8B540F271232F4C6B
S21400C0F0E36018B1237D43F008032375FDF7CEFBFC
S21400C10040F27121B4F84620E66B151F4D43AE424F
S21400C110236CB4F8447018D2A3F5967301FB07336A
S21400C120E768181A23893B4483420EDA5143237D7D
S21400C130891B43F0080323758142D4BF2161206127
S21400C1401A48BDE8F84021F01BBB40F271277A433D
S21400C150A2F5E1722261FFF787FFB4F84420236C52
S21400C160AE4207FB0233636023644FF00003104ABD
S21400C170E3630DD3FFF770FF136838B19A791B7B22
S21400C180617D0B4493420DDC6375D9E71A78F6E7B8
S21400C190FFF762FF136838B1DA79197B637D5B1AA3
S21400C1A09342F1DA6275CBE75A78F6E73C20002036
S21400C1B08022002040B1A0F11003F02B07D8054BD9
S21400C1C0A3F84E00002070474FF48070F7E7122067
S21400C1D0704700BF3C20002038B505460D4C80B1A6
S21400C1E00320FFF77DFE002384F84D300123A4F8DA
S21400C1F04A300420FFF774FEBDE838401020FFF7F1
S21400C2006FBE0520FFF76CFE012384F8B150A4F83A
S21400C210B430EEE73C200020274B70B55A6A0D4636
S21400C22009B3160747D503F14D0603F14A0428B3B0
S21400C230D1061FD52388012B1CD95B080420238038
S21400C240FFF74EFE1020FFF74BFE1EF093FB2388F1
S21400C250B0FBF3F202FB1300307055B30320BDE8C9
S21400C2607040FFF73DBE940625D503F1B10603F1F5
S21400C270B404DCE70420FFF745FEE3E7D20314D559
S21400C280B3F84A10B3F84E2091420ED222881020FE
S21400C290520092B22280B3F84E30934228BF134623
S21400C2A02380FFF71DFE0420CDE71020FFF72AFEAF
S21400C2B0F9E70520D3E770BD3C20002070B58AB0B2
S21400C2C005466B46484AAC7910685168127A03C333
S21400C2D00C3408201A702C4405F028FB20B10122EB
S21400C2E02846A11D1DF0A6FD0021A379CDF821103A
S21400C2F08DF80F30A37AADF8251003F00F0303F185
S21400C30028026A4412F8282C8DF82010ADF8102068
S21400C310062B08D8DFE803F0044F07075F074B003B
S21400C3200D20FFF7EFFDA37A0DF11301C3F3801381
S21400C3308DF81230E3680DF11200CDF81330238A21
S21400C34009AEADF8173000231A461EF0C4F8E3799C
S21400C3501C218DF819304FF47F43ADF81A307F2337
S21400C3608DF81C30637928468DF81D300023ADF813
S21400C3701E30AB7903AC1233AB711DF0C6FDAB7942
S21400C3802B440C33224603CAB24218605960144646
S21400C39003F10803F6D110682946186013481DF00B
S21400C3A063FE4FF0804012F03BF80AB070BD0D20DF
S21400C3B0FFF796FDB7E7D4F81230CDF82130E38AC0
S21400C3C0ADF82530EB79063BEB71A37AC3F3C013C7
S21400C3D08DF82030A7E7064B5B6A9B0444BF42F00B
S21400C3E00102ADF810209EE71A9503005C2000209D
S21400C3F03C20002070B583790C33C4182379DA0703
S21400C40002D44FF0FF3070BDA37AE27A03F00F0536
S21400C410082DF6D8062D01D92846F4E7911F1F29C6
S21400C420EFD8012D1FD10C2AEBD1244E736A13F0DE
S21400C430060F01D1DB05EFD41EF05CF820B91EF024
S21400C44050F80028E8D1DCE7A37A96F84820C3F332
S21400C450C010B2EBD31FD4D104F1120100F00100DA
S21400C46022F0CCFBEDE7042DD6D11449144A486AD5
S21400C4700240002AC5D0096B0029CDD08A79C3F3C3
S21400C48080130C3288188A5CB3EBD21F08D01EF0DB
S21400C49031F80028C0D11EF019F80028BCDBB0E740
S21400C4A004F10C01062208301DF0A7F904461EF020
S21400C4B021F80028B0D1002CAED0ECE73C200020BC
S21400C4C008000400F0B5214C87B0A06A00B3E76A04
S21400C4D0BE7903F083FB0223FF210C36BA5DCDE95B
S21400C4E00431BD1995F8233000215B090393AB8B0B
S21400C4F0D20902936B8B80B201932B8B009305F1CC
S21400C500080323F0BDF9A06A03F016FE0023A36219
S21400C510E06AFCF7DDF80023E362636A23F00402B6
S21400C520DB07626208D594F85050052D06D1FDF75A
S21400C530D3F918B184F85C5007B0F0BD94F85000F9
S21400C54020F0C5F884F85C00F6E700BF3C20002029
S21400C55013B5154C2CF0FEF9236A019300232362D1
S21400C5602CF0F3F9019BA3B9636A1A0406D51FF0F1
S21400C57001FAA0B1636A23F400436362636A1B0393
S21400C58005D5FFF79FFF636A23F40023636202B0BA
S21400C59010BD01A81DF090FC1FF060FAE2E74FF016
S21400C5A0804011F03DFFE9E73C20002038B50E4DF5
S21400C5B0044604F0DDFC286B18B1FCF789F800236C
S21400C5C02B6300F0D1FB0948FEF7D4FDEB6A0BB1F4
S21400C5D0FFF7AAFC044884F0010121F0DDF8BDE86D
S21400C5E0384003481DF04ABC3C2000204420002070
S21400C5F05C200020034B586A10F0050001D1FFF7BD
S21400C600D5BF70473C20002070B53B4C1646636A89
S21400C61003F0010270B95AB12CF09CF9636A054622
S21400C62023F001036362FFF7E5FF28462CF08DF93F
S21400C630002070BD002AFBD19B0704D5236BBBB13D
S21400C6400120FFF7C9FD94F8483003F0FD03012BE5
S21400C65016D02CF07FF90546C6B10E20FFF752FC27
S21400C660FDF71CF942F2107303FB0600606310E04E
S21400C67002201DF0D6FD20630028E1D10720D8E770
S21400C68022F0D5FA0028E4D11220D2E70E20FFF7D8
S21400C69027FC0020FFF736FC636A13F00403C4D1BE
S21400C6A040F27122E363B4F84630E260023B534343
S21400C6B023611EF05FF90323B0FBF3F303EB4303A0
S21400C6C0C31A253384F85D30FFF7CEFCFDF7E6F895
S21400C6D060602064B4F8BC00002808BFF520FFF7AF
S21400C6E0E9FB064B04481A681378527813445B102B
S21400C6F0637521F045F898E73C2000208022002052
S21400C70038B51A4C0546237D23F00803237504F03C
S21400C7102FFCB4F8BC302BB9A36813F4601F08BF15
S21400C720A4F8BC300021114821F036F8104BA36164
S21400C730636A5A0405D485F00100BDE83840FFF767
S21400C740D3BC626B6168521A002AF4DA23F0010344
S21400C75043F400436362FFF74DFF4FF0804011F053
S21400C7605FFEFFF779FC0028E5D138BD3C200020AD
S21400C770E3C6020008B5FFF76FFCB0B10B4B586A72
S21400C78020F0040210F001005A6203D1BDE8084010
S21400C790FFF70CBF04F0ECFB00F0E6FAFFF7C4FB73
S21400C7A0BDE808400020FFF7ABBF08BD3C200020D6
S21400C7B02DE9F04F4FF0000B2E4C89B0E66AA36AC5
S21400C7C0B779C4E90ABB0C37F51901936B6A904632
S21400C7D0824689460393FCF771FFF35D05F108076F
S21400C7E03946C3F3C01306A88DF818301DF08CFE2A
S21400C7F0FF238DF81930636A01A8C3F380230E3532
S21400C8008DF81A30CDE904578DF808B08DF81BA0C6
S21400C8108DF81C908DF81D8003F000FD3046FBF768
S21400C82057FF636A23F02402DB07626205D4012007
S21400C830FFF7BCFE09B0BDE8F08F0F4B94F85050E0
S21400C8401A68052D1378527813444FEA630363750C
S21400C8500AD094F850001FF03AFF0546012084F8ED
S21400C8605C50FFF74DFFE5E7FDF736F80028F0D0FF
S21400C870F4E700BF3C2000208022002037B50546A4
S21400C88008461146254A526A02F41072B2F5107F25
S21400C89004D1022B40D0032B08BF0123019316239B
S21400C8A000F001020093284605231FF059FFAC79DB
S21400C8B01FF03DFC0C342C440321C4F80E0004F198
S21400C8C01200FFF7CDFABDF8203004F11E002383D6
S21400C8D0BDF82430E38202236375BDF81830638305
S21400C8E0BDF81C30A383FEF725FB0C22A37CB3FB0C
S21400C8F0F2F102FB113394F82320053363F30402AC
S21400C90084F8232004F0F0FA94F8233060F34713F9
S21400C91084F8233003B030BD0023BFE73C2000205E
S21400C9202DE9F041054686B00020884617461DF0E2
S21400C93078FC0646002800F0AA80564C0620C4F86C
S21400C940288095F8018018F0010800F09580FFF720
S21400C950D9FA2A79636A023A012A98BF88F0010058
S21400C9604FF0000893BF43F4007323F400730020D5
S21400C970636288BF63621DF0C8FD05AB029304AB1B
S21400C9800193EB89CDE904880093AB89EA8AA98AEA
S21400C990A06A04F021FA40F2E242059BCDF80C8032
S21400C9A0B3FBF2F39BB202936B8A304601932B8A59
S21400C9B06A1D0093A9782B79FFF760FFB379049A74
S21400C9C033441A63E6622BF0C5FF06464046FFF77F
S21400C9D003FC636A43F0040363622F4B1A6893797F
S21400C9E0D27913445B106375ED7884F8515005F0E6
S21400C9F00505052D43D028461FF069FE0546636AE7
S21400CA0084F85C5013F001022FD1E263002F3BD074
S21400CA1043F48013B4F8BC006362002808BFF52016
S21400CA20FFF748FA40F27122B4F84630E26053430A
S21400CA30A3F5E17323611DF09DFF0323B0FBF3F321
S21400CA4003EB4303C01A00F1250343F6FF711348B6
S21400CA5084F85D301EF04FF8FFF706FBFCF71EFF6C
S21400CA60606020640B4820F08BFE30462BF06DFF94
S21400CA70002006B0BDE8F081FFF732FA69E7FCF760
S21400CA802BFF0028B7D0BAE723F48013C2E70720AD
S21400CA90EFE700BF3C2000208022002090200020EE
S21400CAA010B500F0070420462AF051FC002808BF05
S21400CAB00724024B83F8494010BD00BF3C200020ED
S21400CAC00E4A68B102F1240353E8003F43F4802382
S21400CAD002F1240040E800310029F3D1002070471D
S21400CAE002F1240353E8003F23F4802302F12400DC
S21400CAF040E800310029F3D1F0E700BF3C200020D9
S21400CB00014B93F8520070473C20002038B505468C
S21400CB104FF480200C4604F009FF48B140F22E4343
S21400CB202046C4E90333BDE83840104902F03AB95C
S21400CB300F4B9C4217D1042D14BF28460320FF211B
S21400CB4022F055FA42F20F7300F5AF70984298BF84
S21400CB5042F21073A4F18804C4F894008CBFC4F8A1
S21400CB609800C4F89830012038BD00BF8096980021
S21400CB70C4200020002310B5104CC4F8A0300123B8
S21400CB8084F89C30B4F8B230B3B1B4F8BC100C489A
S21400CB901EF090FD012001F097FF38B994F89C3004
S21400CBA05A075CBF43F0020384F89C300120BDE8BE
S21400CBB010400449FFF7AABFF521E8E73C20002013
S21400CBC0CC200020C4200020F0B585B06D46274C50
S21400CBD00646FCF773FD04F154030FCB85E80F00FF
S21400CBE094F8A83094F8B0200021C8208DF80830BA
S21400CBF08DF809201EF029FD014628461DF07BFF12
S21400CC00284622F070F91DF0F5FE002201460420A9
S21400CC101DF003FF7568FCF741FE636A2D1A13F4D6
S21400CC20003F4FF480200CBF1027112704F07EFE33
S21400CC3028B101F031FFA0F52F701DF0FAFED4F8F0
S21400CC40B83070688C2D00EB930194F89D3006DCAC
S21400CC501A46384622F0ACF9012005B0F0BD0A4667
S21400CC600146384622F06AF9F6E700BF3C2000206D
S21400CC7073B5437901906FF30003437101221C21C1
S21400CC8001A81DF00BFB48B1144A01A8536A43F4EF
S21400CC90006353621DF0F2F802B070BD019A104CAA
S21400CCA0537904F1180643F0010353719379134442
S21400CCB00C33254603CDB542186059602C4603F167
S21400CCC00803F6D128681146186006481DF0CCF90E
S21400CCD04FF0804011F0A4FBDEE700BF3C200020B0
S21400CCE0A02000205C20002010B50A4CD4F8A0003C
S21400CCF020B194F88730012B01D0002010BDFCF73E
S21400CD00CDFDD4F8AC30181AB0F57A7F94BF002069
S21400CD10012010BD3C20002010B5124C636A1B0594
S21400CD201FD501201DF07DFA28B9BDE810404FF050
S21400CD30804011F075BBB4F8683023F0600343F010
S21400CD404003A4F86830FFF793FF04F1240353E888
S21400CD50003F23F4006304F1240141E80032002A76
S21400CD60F3D110BD3C20002010B50A4CD4F8A030FA
S21400CD705BB1012104F1880020F00EFD04F1900063
S21400CD80FEF7F8F90023C4F8A030BDE81040FFF71E
S21400CD90C3BF00BF3C20002010B5044601F0E0FFF2
S21400CDA0844201D1FCF78AFC084BB3F8B22032B9B2
S21400CDB0D3F8902012F4601F08BFA3F8B220FFF744
S21400CDC0D3FFBDE810400120FFF79ABC3C200020AE
S21400CDD02DE9F3415A4C984605460E461746FCF791
S21400CDE05DFD94F88730022B05D0D4F88010091A20
S21400CDF0B1F5FA7F45D2AE61294694F87200FFF786
S21400CE0085FE06464FF4802004F090FDA8B1B6B12A
S21400CE1001F042FEA0F52F701DF00BFE494B4A4A6A
S21400CE203846CDE90032D4F8803094F8842094F85F
S21400CE30721022F0A1F8064601E0002EEED11DF099
S21400CE40D9FD0022014604201DF0E7FD002004F075
S21400CE50B7FBA54209D1D4F8A03033B1002104F1C4
S21400CE60880020F099FCFFF77FFFD4F88030C4F8E4
S21400CE70AC3094F8843084F8B030304602B0BDE868
S21400CE80F081A54214D1D5F8A0308BB1D5F8AC30DE
S21400CE901B1A994205D30121284620F07DFC012665
S21400CEA0EBE7002105F1880020F076FCFFF75CFF39
S21400CEB0D4F880300121C4F8AC3094F88430284689
S21400CEC084F8B03020F068FC2049D4F88030A1F116
S21400CED03000C4F88C30C4F8A0601FF018F9D4F8FD
S21400CEE0AC201A49D8F80030A1F13000D31A94F8D3
S21400CEF0B620FEF7BDFD15494FF416730122A1F1C9
S21400CF0030001FF00AF9637D84F89D30FFF7A4F81F
S21400CF100F4B1B6890B1DB7994F89D200D49934226
S21400CF203CBF02F1FF32D3B294F8720084F89D3011
S21400CF30FFF7ECFD074820F023FCB0E75B78EBE753
S21400CF403C20002055555500D6BE898EF420002082
S21400CF5080220020C42000202DE9F04F8D798BB070
S21400CF600C350D44EB7A07910390002B00F01581E9
S21400CF7017462E7B8B46B20916F03F0618BF6E7B0F
S21400CF800292012F05F10E029046049200F0FD81F8
S21400CF9040F26F81FA1E012A00F2FF80029AB2FA6E
S21400CFA082F94FEA5919B9F1000F00F0F6802A7B92
S21400CFB002F03F029A4280F2F080B44C636A23F497
S21400CFC0003363622B7BC3F38113013BDBB2012B7F
S21400CFD047D95846FCF7F2FDDDF81CB09BF806A0D2
S21400CFE00AF10C0ADA44002F3FD0042F07D1B4F818
S21400CFF06830580754BF0A230E23A4F86830F10798
S21400D00000F1DE81B20700F1D481730700F193804E
S21400D010300741BF98F8013008F10208C3F3031344
S21400D02084F87330012F40F0C1809AF80C3003F07A
S21400D030C003402B02D0802B40F0B8800023626AE9
S21400D040B4F8680022F40032F10620F06000A4F87C
S21400D0508630626248BF08F1030880B2A4F8680010
S21400D060C6E0012FB5D1AA46C9E7FF207F214FF4BD
S21400D0707F4E2B7B94F85C209B09052A9AF807C004
S21400D080A4F86830A4F8767084F86A0084F87410FF
S21400D090A4F872E000F0F48084F871201BB1636A93
S21400D0A043F400336362F20700F1FC80B307ACD5AB
S21400D0B094F84800AA7AB0FA80F35B09B3EBD21F63
S21400D0C04AD0003818BF0120414621F097FD03469C
S21400D0D0A87A4146C00905931DF00EFA06901DF089
S21400D0E0FCF9616A069A01F4807C059913460029CA
S21400D0F03DD0AB7ADB09002A00F01F81BCF1000F9F
S21400D10000F01B81002840F01B81FE2384F8783055
S21400D110D8F8003008F10608C4F87930B4F868305A
S21400D12038F8022C43F00403A4F86830584B9A8071
S21400D13073077FF56DAF1DF05DFC4FF6FF73CDF8FE
S21400D14004B000930146534B94F86A20042008F17B
S21400D15001081DF041FC5BE74146D0091DF0CCF903
S21400D16005901DF0BAF9616A059B01F4807C2BB12D
S21400D170BCF1000FC6D1002840F0E280D4F8A03001
S21400D1804BB10121444820F007FB4448FDF7F2FF6D
S21400D1900023C4F8A030FFF7BFFD07A81CF06EFE02
S21400D1A04FF0000948460BB0BDE8F08F3C4ADAF86D
S21400D1B000300192363A00924146324694F85200C8
S21400D1C01DF0BCFF8044B4F8680094F8863020F068
S21400D1D06000626A80B2002B3FF440AF94F885305E
S21400D1E040F02000A4F8680084F8723084F8A83074
S21400D1F016F0200A1BBF98F8023098F80310CDF8F6
S21400D20014A043EA01231EBFCDF81480A4F876309C
S21400D21008F11208012F00F09A8006921DF06AF9B4
S21400D220F1060ED4069A80F00100C2F3C01BC3B20A
S21400D2305A46184994F86A0021F001FF002800F0C9
S21400D2409880042FDDF81CB045D8022F3ED8002F5A
S21400D25041D1029B626A022B00F0FB8194F8873072
S21400D260002B40F04A81BAF1000F40F0A981D14668
S21400D27037E0029AB2F1030918BF4FF0010992E6AF
S21400D280BCF1040F14BF6246032205E73C200020D1
S21400D290B5200020A7200020C4200020CC2000209D
S21400D2A0F2200020D5F80E30049AC4F86B3092882D
S21400D2B0BE4B9A80AB7A13F0400340F02481626A3A
S21400D2C022F48052626284F86A307EE094F88730F6
S21400D2D0002B40F00581BAF1000F40F07181D14675
S21400D2E0626A710648BF98F80030CDF820B048BF93
S21400D2F084F874302B7B03F03F08D30752D5002FF9
S21400D30040F0A280F0064DD44FF0FF3108A8FCF79D
S21400D31025FC0898FCF752FCAB7908A884F867301F
S21400D3206B7908F10D0184F875301CF0B6FE08988C
S21400D330002800F05F81C7809DE000283FF4E6AE3D
S21400D34094F84830002B40F02C810223DEE6530789
S21400D3503ED4C2F3C01B1DF0CDF880F001035A4640
S21400D360924994F86A00DBB221F069FE002840F08A
S21400D3709A81BBF1000F00F0CB80BAF1000F40F0AD
S21400D3804A814FF0000907A80DE0894AB2F8689074
S21400D390029A09F00309A9EB0209B9FA89F94FEADA
S21400D3A0591900E608A81CF069FD48460BB0BDE810
S21400D3B0F08FBB1E022B3FF67BAE08F1060824E674
S21400D3C094F86A30FF2B3FF46DAF05F1140819E6A8
S21400D3D0029BD807BDD5DDF81CB00297C2F3003318
S21400D3E094F87220012100920020704A03F090FE0B
S21400D3F081465846FCF7E2FBB9F1000F40F0368153
S21400D400BAF1000F40F0BD80029B002B00F00081B7
S21400D410D4F824A01DF06EF8034683F00103CAF387
S21400D420C012624994F86A00DBB20AF0800A21F062
S21400D43006FE00285ED1BAF1000FA4D151461DF0B9
S21400D44061F8002856D09EE74FF0FF3108A8FCF799
S21400D45085FB0898FCF7B2FBAB7908A884F8673020
S21400D4606B7908F10D0184F875301CF016FE0898EB
S21400D470002800F0BF80B4F86830099003F060031D
S21400D480202B636A4FF001020CBF43F4006323F4C1
S21400D4900063636243791C216FF30003437109A89C
S21400D4A01CF0FCFE002840F0CE80099E414C7379AB
S21400D4B0B57943F00103737135440FCCE8602961F8
S21400D4C06A61AB6107CCE8612962A4F1600031466D
S21400D4D06A621CF0C9FD4FF0804010F0A1FF61E6C3
S21400D4E02B46002203983449FFF772FC8146BAF1B6
S21400D4F0000F67D1DDF81CB0F2E62B4603982F49E3
S21400D500C2F34042F0E7626A012342F48052D9E651
S21400D510594658461CF0F6FF00287FF42EAF042F1D
S21400D520DDF81CB03FF6D7AE022F3FF6CFAE002F89
S21400D5303FF48FAE012F7FF4CEAE626A029B510796
S21400D54000F18F80012B04D902F00303032B00F0B7
S21400D550958094F88730002B54D02B4603981649B4
S21400D560C2F34042FFF734FC034658469B46FCF79E
S21400D57025FBBBF1000F48D0BAF1000FBAD000234C
S21400D580029394F87320094994F86A00D5F800B01D
S21400D59000F0B8F9002840F08D80029B002BA9D03F
S21400D5A036E7012B08BF0323B0E500BFA720002005
S21400D5B03C200020A020002021C80200D9D6000070
S21400D5C04FF0000994F87320414994F86A00D5F8A2
S21400D5D000A000F097F900288CD005F10C0094F814
S21400D5E072B01FF0E2FD51460346059A584600F019
S21400D5F0DFFB7FE701201CF014FE089000283FF4B4
S21400D600D1AD38E75846FCF7D9FABAF1000F4DD13C
S21400D6104FF000096EE794F873202D4994F86A00DD
S21400D6202E6800F06FF900283FF4ABAE05F10C0051
S21400D63094F872401FF0B9FD31460346059A20461D
S21400D64000F0B6FB9DE6636A09A843F400636362D4
S21400D650A9E690073FF502AEBAF1000F3FF407AE19
S21400D660AEE7DB07CED500230293B7E65946002087
S21400D67003F036FDBAF1000F8FD082E7584620F04F
S21400D680ABF808B9626A64E7A97A0498C1F3801116
S21400D69003F0E8FC0028B5D00E4B039A5846936179
S21400D6A0FCF78CFA68E7DDF81CB046E700239946DD
S21400D6B0029366E705F10C0094F872A01FF075FD62
S21400D6C059460346059A504600F072FB65E700BFD0
S21400D6D0A720002045C80200532810B50C4610D0DD
S21400D6E006D8512817D02146BDE810401FF062B872
S21400D6F0A0F15503012BF6D82046BDE81040FFF7F1
S21400D7004BBB0022064B0120A3F886201FF06DF8C5
S21400D7100028F1D010BDBDE8104003F0C9BC00BF22
S21400D7203C20002053282DE9F74F0C4615D007D88B
S21400D730512878D0214603B0BDE8F04F1FF03AB824
S21400D740A0F15503012BF5D8A0F1560358424FF02F
S21400D75000015841FEF760FD2FE04FF0000901A8D8
S21400D7604FF0FF31CDF80490FCF7F8F90198DFF898
S21400D770D88048B1FCF722FA0198FEF73BFE08284D
S21400D78021D001A81CF07AFB01F0EAFA844201D10C
S21400D790FBF794FF002120461FF0FEFFFFF7E4FA98
S21400D7A0D8F824305A0703D500210846FEF734FD82
S21400D7B0D8F8243013F0050F40D0204603B0BDE85B
S21400D7C0F04FFFF7E9BA019DD8F82C70AB79BE7917
S21400D7D00C331D441CF07DFEE8B11CF077FE0028DB
S21400D7E019DB0C36B85D07EB060B0BF1080A4A4648
S21400D7F05146C0091CF082FE68B1D5F80E30CBF851
S21400D80008306B8AABF80C30AB7ABA5DC3F3801382
S21400D81063F3C712BA55002295F9051098F87200FE
S21400D820FEF7C6FFADE7074B11201B685978FBF7DC
S21400D830B9FC054A536A43F02003536203B0BDE8BF
S21400D840F08F00BF802200203C200020028D30B5E3
S21400D850456A1203B2FBF5F20A4B1B6819795C792C
S21400D860B0F88830A142D8BF611C0D1BB2FBF5F2A0
S21400D8701B02B3FBF2F323448B42A8BF0B4643754F
S21400D88030BD00BF80220020034B5B68C01A034BEC
S21400D89080105843C0B27047FC2000208BAFF88A37
S21400D8A07FB516468DF80700012204460D460DF199
S21400D8B0070002A91CF024FE104B9A7EB2421AD131
S21400D8C0DB7E003B18BF012388B19DF8074002AD00
S21400D8D0003C18BF0124A3420DD106222946084861
S21400D8E01BF08BFFB0FA80F0400904B070BD003C1E
S21400D8F018BF0124EFE70020F7E700BFFC20002058
S21400D90018210020F8B50E4C074623680D4616462B
S21400D91013B900231846F8BD1B6ADB030BD51FF0AE
S21400D920DCF803460028F4D0E7762868E061AA8889
S21400D930A6762284EEE7BDE8F840FFF7B1BF00BF49
S21400D940FC20002010B504460D22002178301BF084
S21400D9507EFF0A4B0A4A5B68E31A9B105343DBB20E
S21400D960A4F87B307F2384F87D304FF67F73A4F8CD
S21400D9707E3040F2FF23A4F8823010BDFC20002049
S21400D9808BAFF88A2DE9F041054639481CF076FA47
S21400D99000274FF08C08374C94F82230FEB2B34282
S21400D9A02DD800260820266084F82260FBF754F85D
S21400D9B030461DF02DF830461EF069FF002D43D08E
S21400D9C005EB8501C1EBC101890033460122082021
S21400D9D089B2FAF7FDFF0646F0B100258C2694F8CA
S21400D9E02220EBB29A423BD80820FBF735F80020FD
S21400D9F0606084F822001DF00BF8072025E008FB85
S21400DA0006F660680137304470301CF037FA6068FC
S21400DA1030441CF0DBFFBFE70820FBF73FF86060F0
S21400DA200028DAD08C2784F8225094F82200F3B22B
S21400DA3098420CD81CF0ECFF0028CED128461EF0E9
S21400DA4026FF0028C9D120830020BDE8F081606849
S21400DA50013607FB03001CF0B7FF0028E5D0BCE743
S21400DA606068013506FB03001CF0B0FFB7E700BF97
S21400DA7008210020FC20002038B58368044613B136
S21400DA800830FDF777FB002504F17000A5611CF057
S21400DA90F5F9606F25621FF06EFA074B65675868E8
S21400DAA0064B201A80105843C0B21CF0A5FF29462A
S21400DAB01CF09BFF38BD00BFFC2000208BAFF88A0F
S21400DAC02DE9F347324E1F463368804689468DF867
S21400DAD00720002B5AD110F0010A0DD02AF03AFF89
S21400DAE0002296F822507168AA4214DB2AF02DFF15
S21400DAF0072002B0BDE8F08739460DF107001CF09C
S21400DB0003FD3A4648469DF807101EF0C3FE00285F
S21400DB10E4D00B20EDE70C46236A8C319B0625D417
S21400DB20202323622AF011FF9DF83050236A05F067
S21400DB301F0518F0020F45EA030519D12562BAF150
S21400DB40000F18D045F4803525620123A4F88630EE
S21400DB5005230020A4F88830BDF82830A06063852F
S21400DB60BDF82C30606723853460C2E70132BBE71E
S21400DB7045F40045E2E73868064BF061BA8886F857
S21400DB801A909A809DF80730F376DEE70C20B0E70F
S21400DB90FC20002018210020084B93F82220824207
S21400DBA009D98C225B6802FB0030036A13F0200F51
S21400DBB008BF002070470020704700BFFC200020F0
S21400DBC030B570B1094B93F822405A6800239C4246
S21400DBD001DC002005E0556F02F18C01854201D181
S21400DBE0104630BD0A460133F1E700BFFC20002096
S21400DBF038B5FFF7D1FF044690B12AF0ABFE094BCB
S21400DC0005461B68A34203D12AF09FFE0C2038BDB0
S21400DC1020461EF04EFE28462AF097FE0020F6E725
S21400DC204220F4E7FC200020014B1868704700BF34
S21400DC30FC2000202DE9F843089C06468846154639
S21400DC401F46002C00F0AA80236A180500F1A88061
S21400DC505388052B03D811252846BDE8F8836B7832
S21400DC60127803F01F0152EA012201D15906F2D5BB
S21400DC7001202A1D04F14401FDF768F994F84430A8
S21400DC80012BE8D984F83C60D5F80930002263639C
S21400DC90234643F8382FB5F80D20DFF81091228779
S21400DCA0EA7B04F108009A706B885B0063622B7A4B
S21400DCB05B0984F82E302B7C6A7C43EA0223A3851A
S21400DCC0384BA36141F28833C4E903330523A382AA
S21400DCD040F2F913B9F81810002908BF19461DF0CC
S21400DCE0E9FC012000F0F0FE28B9237D5A075CBF4E
S21400DCF043F0020323756B782E7803F01F0213F0AF
S21400DD00200F46EA022614BF4FF496721E22564390
S21400DD105B0648BF06F5161608EB060304F1300846
S21400DD204146204663601EF0F2F9334641462046DF
S21400DD3094F82E20FDF79CFE6B78012213F0200F3E
S21400DD400CBF1E234FF49673414620461EF0E5F99D
S21400DD50204699F81A3099F81B2013491EF099FDB1
S21400DD6077B1606F70B900F0E1FB68B10122394607
S21400DD7060671FF078F9054638B9204600F0C0FC09
S21400DD80002569E70022F2E70725236A4FF0807036
S21400DD9043F40113236210F043FB5DE71F255BE7A6
S21400DDA00B2559E77DCC020018210020FC2000201E
S21400DDB013B5074C24680094FFF73CFF28B92046AB
S21400DDC002B0BDE810401EF0B6BD02B010BD00BFE8
S21400DDD0FC2000202DE9F04700274FF08C08844CEB
S21400DDE08AB094F822309F4210DA42F22003656827
S21400DDF008FB07552A6A93432CD102201CF011FA1F
S21400DE00064698B94FF0807010F00AFB794FE66826
S21400DE10002E5BD14FF08C0844F2200994F8223093
S21400DE209E4263DB00200AB0BDE8F08700222B6A22
S21400DE30696F23F4205343F4801322602B6259B198
S21400DE400146284600F00EFC2B6F1BB902201CF082
S21400DE50E8F928670137C4E795F83CE06268CDE941
S21400DE600411CDE90211DFF8949195F82EC0AA1A94
S21400DE709210CDF804C009FB02F26B6AD2B2C3F36B
S21400DE804F0CCDF800C073461EF006FD0146002874
S21400DE90DAD16368CDE90700CDE90500EA1A95F8FE
S21400DEA02E30921004936B6A09FB02F2C3F34F0301
S21400DEB0039395F83C30304602934F4BD2B2019311
S21400DEC0E37E0093A37E1DF06BFCBDE72AF042FDC7
S21400DED0064638461BF0F0FF054630462AF035FD6C
S21400DEE0002D94D028461DF009FD90E7656808FBD4
S21400DEF006552B6A39EA030314D102201CF091F967
S21400DF000746002871D02B6A13F480120CD0616883
S21400DF103A4B691A89105943C9B21DF0E0FC2846ED
S21400DF20FFF7AAFD013679E7980322600DD419039E
S21400DF300DD413F4001F14BF07223E22696F41B1AF
S21400DF403946284600F08EFBE9E71A22F6E7442217
S21400DF50F4E7626895F83C30CDE90411CDE902118A
S21400DF60DFF898A095F82E10AA1A92100AFB02F273
S21400DF700191696A3846C1F34F010091D2B23E2141
S21400DF801EF08AFC0028CAD12B6A1B4813F4003204
S21400DF9029D113F4002F20D04421026082806283AE
S21400DFA06368EA1A0023CDE90733CDE9053395F80F
S21400DFB02E30921004936B6A0AFB02F2C3F34F03EF
S21400DFC0039395F83C30D2B2CDE90103E37E3846A0
S21400DFD00093A37E1DF0E4FBA1E713F4001F14BF1B
S21400DFE007213E21DCE71A21DAE707201BE700BFFE
S21400DFF0FC20002008210020182100208BAFF88A82
S21400E000036ADA0407D48A7943F480531144C96852
S21400E010014A036291607047FC200020036A0146B3
S21400E020DA0408D523F480530362034B30319B682F
S21400E03043601EF06CB87047FC20002038B51F4BBC
S21400E04005461A8B0C4622B9826812F4601F08BF78
S21400E0501A8341212046FBF781FD216811B94FF054
S21400E060FF3038BD8B796A6F0C3319440B79887A88
S21400E070DB0700F00F04F2D5EAB1072C0AD1CA7A02
S21400E080002AECD00B7B03F03F019142E7DA3F2BEE
S21400E09008D9E4E7052CE2D11231C00920F0AEFD24
S21400E0A00028DCD02B8D6A6A1B01B3FBF2F320B28A
S21400E0B0A5F88830D5E7072CE1D0D0E7FC20002073
S21400E0C038B54379044643F0010343712AF042FC15
S21400E0D00546214605481BF0C7FF4FF0807010F03C
S21400E0E09FF92846BDE838402AF02FBC08210020BA
S21400E0F02DE9F04791F806A0436F0AF10C0A8AB0A2
S21400E10001EB0A07002B8946039104460CBF232126
S21400E110332106AA07F10C001DF090F89DF81E505A
S21400E120002D7ED1236A03F40163B3F5016F00F07E
S21400E1308280FF21636F84F87F10002B40F08B8075
S21400E140204659F80A2006A900F0F8F806464FF0CF
S21400E150FF3103A8FBF702FD236A5D4D13F4006F41
S21400E16008D0002243F400534FF0807023622A60E8
S21400E17010F056F994F97E307F2B04BF7B7984F833
S21400E1807E3094F97D307F2B06D19DF822200AB18F
S21400E190069B9B5684F87D309DF8231009B1069B9C
S21400E1A0194420469DF824201EF0DBFBD4F874802A
S21400E1B0B8F1000F51D16868DFF81891201A801066
S21400E1C009FB00F0C0B21CF017FC6A68039BA21A99
S21400E1D0921009FB02F20193A38D014600930320DF
S21400E1E04346D2B21CF0F8FB3F7B07F03F0707F12F
S21400E1F00D03452B04D903A8383F1BF0CBFEFBB21A
S21400E2000398827913448371AB7D05905BB3012339
S21400E21084F883301BF0C6FE38BB05A81BF02EFE24
S21400E22015E0069B2046595D89091EF0FAFB054657
S21400E23000287FF47FAF0026039B05A805931BF0FC
S21400E2401DFE236AA4F8885043F400332362304648
S21400E2500AB0BDE8F087002679E7204659F80A108C
S21400E2601EF019FFC0E784F88330236A1B04D4D459
S21400E27005981BF097FE0D215FFA80F805981BF0B5
S21400E28044FE0028C9D0059D04F17802AB7904F15C
S21400E290800C0C331D442B46174603CF6745186089
S21400E2A059603A4603F10803F6D1386818603A799F
S21400E2B0606F1A71A38D2B8140B11EF0F0FEA8721C
S21400E2C085F80C800598FFF7FBFEC0E7FF20F6E711
S21400E2D0FC2000208BAFF88A2DE9F04106460F4659
S21400E2E0904600240D4D15F8013CFF2B0BD015F879
S21400E2F0022C424507D1B34205D1062239462846AC
S21400E3001BF07BFA38B10834502C05F10805EAD129
S21400E3100020BDE8F08102482044FAE7352D0020B1
S21400E320332D00200023FF21034A02F83310013367
S21400E3300A2BFAD100207047342D002073B50D4605
S21400E34004461646FEF7DCFB297A31B310222B680A
S21400E350194404F12E030193184B009333461CF026
S21400E360EDFE236A1B0401D5A879A0B1144DE87D03
S21400E37088B12E69FBF792FA361AB6F5FA7F2A7D2F
S21400E3800DDA636B00200193A36B00932B6994F85E
S21400E3903C1020F0F1FD02B070BD0A46D9E7094BEB
S21400E3A084F88520A361226B2B692046A3EBD20359
S21400E3B0002163601FF001FA0120ECE70C21002029
S21400E3C0FC200020F3CC020038B50446354B8361B0
S21400E3D01EF002FC2046FFF721FE20461EF05CFBE6
S21400E3E000285BD0618D013189B2A4F886102046E2
S21400E3F0C9B21EF038FB002852D1A38DB4F886208F
S21400E4001344226A9BB25203A38515D5226F9179D5
S21400E4100C310A44B2F80510CB1A1B030CD50120A8
S21400E42004F14401FCF792FD236A04F1700023F422
S21400E430802323621BF022FD40F27125626AB4F845
S21400E44086302046534304F130016B4394F82E2067
S21400E450FDF70EFB236B94F83C109B0803F54873FE
S21400E460FF22E36000201CF037FEE368C833034455
S21400E470E360636A2046013B6B432361FFF7E6F9DE
S21400E480636AB4F8862020465A436368012105FB78
S21400E49002336360BDE838401FF08FB90121A4E75E
S21400E4A038BD00BF7DCC02001E4B70B51D68092329
S21400E4B0826923FA01F11C4B01F001019A4217D13F
S21400E4C0EB7B99B906262D7C427D5C1B94FBF6F40B
S21400E4D0E4B2012C38BF0124A24232BF0A46121B06
S21400E4E0D2B295421BD8934228BF1346437570BDDF
S21400E4F06B7B0029FAD10626AD7B447D5A1B92FB26
S21400E500F6F2D2B2012A38BF0122944224BFA41ADE
S21400E510E1B28D4203D88B4228BF0B46E6E72B4676
S21400E520E4E700BF8022002051E700002DE9F0411B
S21400E5302AF010FA254B05461878254B1A68002352
S21400E540984204DC28462AF000FA002425E01168E8
S21400E550144611F0020702D020320133F0E74FF0E4
S21400E5603C081C4A39461668204608FB03662022EB
S21400E5701BF06DF94246394630461BF068F92368B1
S21400E580266143F002032360022034621BF049FE3A
S21400E590A06138B928462AF0D8F920461EF0EBFCD0
S21400E5A000240AE002201BF03CFEB0620028F1D0F6
S21400E5B0E3692BB128462AF0C8F92046BDE8F08169
S21400E5C001F066FDE0610028E4D0F3E7832D00202B
S21400E5D024210020202100202DE9F043056F044669
S21400E5E00E468DB0002D38D0AA7990F88B800C326C
S21400E5F01544FFF749F907462046B5F80490FFF79B
S21400E60043F9656F41462B6993F831300A93AB792D
S21400E61009936B7908932B79079394F82E30069319
S21400E620626AC2F34F02059294F83C300C4A049397
S21400E630039212F8013C029312F8023C3A46CDE9E6
S21400E64000034B4630461DF0F8F804F170001BF04E
S21400E65015FC01200DB0BDE8F0832846FAE700BFA0
S21400E6601821002070B58AB004460D461646FFF7FE
S21400E670B3FF002840D12046FFF706F9636F024635
S21400E6801969284691F831100591997904915979BC
S21400E69003911B793146029394F82E300193636AF6
S21400E6A0C3F34F03009394F83C301EF0F5F818BB04
S21400E6B02046FFF7E9F8636F024618690F4990F89D
S21400E6C03100089098790790587906901B7928466B
S21400E6D0059394F82E300493636AC3F34F030393B1
S21400E6E094F83C30029301F11C030193CB7E009317
S21400E6F08B7E31461DF054F80AB070BDFC20002019
S21400E70038B500230446406F0372036803F0020323
S21400E71003601EF038FE2046616F1EF025FD0A4B92
S21400E7200321A361636F20461D69084BAB61FFF7A9
S21400E730BBFE03212846FFF7B7FE636F1A69137DF9
S21400E74043F00403137538BD51E70000ABCE02005A
S21400E7502DE9F04106468CB008460C461EF0E8F857
S21400E760054620461EF0F7F80023562E049300F2C6
S21400E770A780502E0FD8012E69D0032E00F0FE8001
S21400E780022E40F09D8000F0EBFA844240F0988024
S21400E790FAF794FF94E0A6F15103052BF0D801A2F6
S21400E7A052F823F0BDE7000081E70000C7E800004C
S21400E7B081E700008DE900007DE90000FAF77EFFA2
S21400E7C0EB6983B36A6993790C33D618F0798DF8C0
S21400E7D02B003189D75820F00AFCEB6906F11802A5
S21400E7E0059303238DF8183006F10C03CDE90823B2
S21400E7F0B37A0744C3F3801328468DF8283007976A
S21400E800FFF7DEF9FFF740F801238DF829008DF8B1
S21400E8102A307379002605A88DF82C308DF82D60E7
S21400E82001F0FCFCEE6105F114001BF027FB20460E
S21400E8301EF072FCEA68EB792946D65C20461EF08C
S21400E84093FC3246002120461EF0B6FD38E02046F6
S21400E8501EF06EF8074620461EF07DF80646204657
S21400E8601EF076F8054620461EF078F880463846B4
S21400E8701EF015FC338980EA030620461EF0EEF8EB
S21400E880FB69B6B213B901F003FCF8612A68314699
S21400E8904046FCF7AFFB43F6FF71687204F13400A4
S21400E8A01CF029F9284620F01EFB6168226B112017
S21400E8B0637D01EB920220F041FB2046FFF742F811
S21400E8C00CB0BDE8F08100212046FFF7EDFD04A95D
S21400E8D0FFF7B4FB431C049908D120461EF0E9FB61
S21400E8E02046FFF79BFBFAF7E9FEA0E705283DD197
S21400E8F0204605911EF01CF8436907461BB105A883
S21400E9001BF0BCFAECE7C369002BF8D005988379B6
S21400E9100C331844817A0C30C1F3801101F02EFCC0
S21400E92006460028EBD1636F059D9B69617DD88004
S21400E930AB790C331D44FAF71FFCA97A606FCDE95A
S21400E9400166CB090093324605F10C03C1F3801132
S21400E95080691CF0D0FC636F986903F08FF9059B03
S21400E960204604997B611EF0ACF8A9E720461EF00D
S21400E970A8F820460499FFF7BBFBB1E72046012123
S21400E980FFF792FD05F114001BF078FA00F0E8F9A5
S21400E990844201D1FAF792FE002120461EF089FB40
S21400E9A045E700BF10B5074C2368DA0607D523F005
S21400E9B01003236018B90220A1681CF000F8002399
S21400E9C0A36010BD28210020F8B500230360037D56
S21400E9D004469D070CD550F8081FC90C01F4FC71BD
S21400E9E041F00501FCF774FB237D23F00203237539
S21400E9F0A0681EF098FE237D0546180703D5FAF793
S21400EA004DFF28446060194F62683E4656F8041F62
S21400EA10AD1A79B921603460BB68E3B1607D597D79
S21400EA20884219D2217D09070FD5BDE8F84000209D
S21400EA30FFF7B8BF88681EF076FE4B682B441B1A9B
S21400EA40002BE7DA0E460968E3E759681B690B44B2
S21400EA509B1A002BE9DAF8BDD3E901101EF063FE1D
S21400EA60E3681A44521AC242F5D5DEE72821002090
S21400EA70014610B5044603201BF0A1FF054B1B689A
S21400EA80D90305D4237D5A075CBF43F002032375E0
S21400EA9010BD00BF28210020014BD868DC38704725
S21400EAA028210020034B10B5DC68FAF7F7FEDC3CA3
S21400EAB0201A10BD282100201822002101481AF033
S21400EAC0C6BE00BF28210020034B1B6813EA004384
S21400EAD014BF0120002070472821002030B5C0B1A7
S21400EAE04268B2B1104C25692B469BB945B1AB685C
S21400EAF0CB1A41BF5B42B3FBF2F303FB0222891839
S21400EB000A4A816013684BB903601060237D0133A5
S21400EB10237530BD8342FCD01B68E6E79D686D1AFE
S21400EB20002DF1DA1A46EDE72821002038210020D2
S21400EB3040B1436833B1084B1A7D013A1A7553F851
S21400EB40102F02B970479042116801D119607047C2
S21400EB5013460A46F5E700BF2821002038B50446CC
S21400EB60084D0846AB68A34201D1FFF71BFF6B6850
S21400EB70054A1BB1A342196801D1116038BD1A4677
S21400EB800B46F6E7282100202C2100202DE9F3472C
S21400EB905E4D2B685A0700F18680AB68002B40F06C
S21400EBA0828055E8003F43F0040345E80032002A1F
S21400EBB0F7D16C689CB1FAF771FE01AA01462046AF
S21400EBC027691EF0B8FD08B920461EE0019B26689E
S21400EBD0FF1AA6B96368DC371F44C5E9024755E843
S21400EBE0003F23F0040345E80032002AF7D1AC6862
S21400EBF0002C4CD102B0BDE8F047FAF755BE3046BF
S21400EC0001AA1EF098FD18B93046FFF731FFD0E78D
S21400EC10D6E901A01EF087FD337DAAEB0000DB07D6
S21400EC2005D4019A33699B1AF2689B1A18446268E5
S21400EC30D3191B1A002B26DD9F4204D9E368801ADD
S21400EC40DC3383421ED994F8149019F0010F0FD1CB
S21400EC50A0681EF068FD2369D6F80C801A44A2EB63
S21400EC600A02E368A2EB0802121ADC339A420CDCB2
S21400EC70727D637D9A4206D219F0080FA4D0F76819
S21400EC80344600E007463668A3E74746F8E7A36839
S21400EC9013F4601F0AD121462B6843F010032B6043
S21400ECA001201BF08CFE02B0BDE8F08704F10806D8
S21400ECB03046FCF71BFA2B68214643F010032B6006
S21400ECC00028EDD101201BF07AFEA36813F4601F24
S21400ECD04FEAD341C3F3C2440ED0013CE4B201F480
S21400ECE0FC7130462143FCF7F3F903213046FCF76C
S21400ECF05BFA002CD7D103E003213046FCF754FA28
S21400ED00304602B0BDE8F047FCF734BA28210020B0
S21400ED1008B5034B996809B11BF051FE08BD00BF4A
S21400ED20282100200D4B50B153E8002F42F004027A
S21400ED3043E800210029F7D10220FFF7E9BF53E896
S21400ED40002F22F0040243E800210029F7D198683A
S21400ED5008B1FFF78DBEFFF719BF00BF28210020BE
S21400ED60014B9868704700BF282100200C4B70B5F7
S21400ED709C68844212D1214602201BF020FED4E972
S21400ED8001601EF0D0FC0546FAF788FD801BE842BD
S21400ED9021464CBF012003201BF011FE70BD00BFB2
S21400EDA02821002002462DE9F84F002855D02C4E89
S21400EDB0D0F80C80B76805698742046808EB01093B
S21400EDC00D441DD06FF0DB0A746854B99742C2E94F
S21400EDD0039503D17B68DC332B44F3600120BDE848
S21400EDE0F88FA0681EF09FFC844653686068AAEB04
S21400EDF003030344A3EB0C03002B03DA2468E4E7C5
S21400EE00002CE3D06FF0DB0BD2F804A0ABEB0A0BC0
S21400EE10A0681EF088FC63685B44181A814515D309
S21400EE2094F815C0537D9C4502D92468002CEFD178
S21400EE300C4B994211D180450FD89742C2E9030086
S21400EE40CCD10AF1DC0A5044F060C7E7C2F80C9057
S21400EE508542D4BF15611061C0E70020BFE700BF40
S21400EE602821002080969800114B70B59D682E6969
S21400EE702C681CB96A6864B9B01870BD627D6B7D79
S21400EE809A42F7D920461EF0A3FC0028F2D1246847
S21400EE90EFE7A0681EF047FC6FF0DB0361689B1A83
S21400EEA00B4429691B1A8B42D4BFD0185018E4E7CC
S21400EEB028210020884270B505460E46144621D00B
S21400EEC0164B1B690BB35B68B3FBF2F302FB03F054
S21400EED085420CD8814215D2B0FBF5F5B0FBF5F0B3
S21400EEE0B04228BF3046B0FBF4F060430AE0B5FB02
S21400EEF0F0F3DBB200FB03F2954204D896423046AC
S21400EF0028BF104670BD0133F3E71BF0EFFD731BFF
S21400EF10B0FBF3F202FB13002844E1E728210020AF
S21400EF20542310B504680A490D20B4FBF3F4F9F72E
S21400EF30A9FD0023A2B251211846F9F749FD04465F
S21400EF4018B9F9F78FFB204610BD1924FBE700BF60
S21400EF501D8B0000014B1878704700BF842D0020E1
S21400EF60437E0F4A1B01DBB282F81F3382F8203340
S21400EF7082F8223382F8213382F8233382F824334E
S21400EF8082F8253382F8263382F82A3382F827332C
S21400EF90037F23B9037E1B01DBB282F8223C704755
S21400EFA000E100E037B5054602F0D2FC044698B909
S21400EFB02846FFF7D5FFAB8A0DF10601ADF8043001
S21400EFC0EB8A01A8ADF806301EF00AFC0122034BBE
S21400EFD01A70204603B030BD0224FAE7842D0020C4
S21400EFE0902238B50546164B00211C682D0202FB00
S21400EFF0004420461AF02BFC124B45F001051B6816
S21400F00004F10800DB7800216375E5821CF052FBF2
S21400F0104FF00823E3641323A4F850304FF6077329
S21400F020A4F85830FF23084A84F85A30074B204685
S21400F030C4E91B32C4E91F32BDE838401EF063BE87
S21400F040102200208022002055555500D6BE898EFD
S21400F050034B1B68C01A034B00115843C0B27047DD
S21400F06010220020398EE33830B5094B1C791A6817
S21400F0700023D9B28C4201D8C82008E011464D6C56
S21400F0800133854202F19002F3D1B1F9540030BD4C
S21400F090102200202DE9F0411E46836904460F46E3
S21400F0A015468BB169B929F055FC05463946A06C62
S21400F0B01BF0ABFD204639461EF0B7FD284629F06A
S21400F0C044FC0020BDE8F0810029FAD0B0F85030AA
S21400F0D0DA0640F18380B4F85030DB0700F18A800E
S21400F0E020461EF0C1FD0028ECD1B4F85030D906F9
S21400F0F000F18D80D4E90A12204600F0E7FA012ECE
S21400F10011D040F27123B4F84C205A4390420AD9E9
S21400F110B4F84E205A4390427BD800F51C70B0FBE2
S21400F120F3F0A4F84C003C4BE268A3612261002394
S21400F130B4F8502084F8573012F0100F0CBF4FF47C
S21400F1408C778C27236A84F8566023F480732362B6
S21400F15007F2631755B140F27121B4F84E2043F41C
S21400F1608073C2EB05124A4323626262236A04F18B
S21400F170080843F400632362284B1B68DB7863753A
S21400F18029F0E8FB237D064643F00803404639464F
S21400F19023751CF08FFA0120FFF796FC28B9237D13
S21400F1A05A075CBF43F002032375A1684046C1F3CB
S21400F1B0C84141F09001FBF78BFF25B1FAF76EFBD3
S21400F1C0636A0344636220461EF0DAFA304629F08A
S21400F1D0BCFB0121A06C1BF018FD72E798077FF5B9
S21400F1E07AAFE06A1AF0DEFE00287FF474AF41F2D0
S21400F1F00C0067E7E36B002B7FF472AF00F048FF6C
S21400F200E06300287FF46CAF41F209005AE7044B34
S21400F2108AE741F2450055E747AE0200802200200B
S21400F22059F7000070B500249026094D2B79A342AB
S21400F23000DC70BD286806FB040090F85930FF2BF0
S21400F24004D000231A461946FFF724FF0134EDE7E1
S21400F2501022002038B50446002839D00830FBF7C5
S21400F26089FF0025FF2304F1280084F85930A561A2
S21400F2701AF004FE04F12C001AF000FE04F130002F
S21400F2801AF0FCFD04F134001AF0F8FD04F1400019
S21400F2901AF0F4FD104B1868104B201A0011584352
S21400F2A0C0B21BF0ABFB014628461BF09EFBE06B92
S21400F2B010B100F041FFE563606C18B11CF0F9F87E
S21400F2C000236364A06C1BF0B2FC0020A06438BD71
S21400F2D041F24200FBE700BF10220020398EE338DF
S21400F2E0F0B5104B02461E6893F804C035464FF042
S21400F2F0FF3400239C4508DC91B1631C10D090239A
S21400F30003FB046080F85920F0BD95F85970284634
S21400F3109742F9D0FF2F08BF1C4690350133E9E726
S21400F3200020F1E710220020014B9868704700BFCC
S21400F3301022002070B500249026064D2B79A3429B
S21400F34001DC002070BD286806FB0400FFF782FF82
S21400F3500134F3E71022002038B50A4DFFF7EAFF24
S21400F360AB6813B100221A60DA801CF0ADFB0024F3
S21400F3702B79A34200DC38BD2046FFF731FE01346E
S21400F380F6E700BF10220020F8B5054600249027B7
S21400F390074E3279E3B29A4201D80020F8BD3068B1
S21400F3A0297807FB03001EF00EFC0134F1E700BFCE
S21400F3B01022002070B5344C0546A06818B1F9F745
S21400F3C087F90023A360E06818B1F9F781F90023F4
S21400F3D0E360FFF7C1FF00201BF018FB55B90320C0
S21400F3E0257125606583F9F737FB20791BF00EFB46
S21400F3F028B970BD02201AF014FFA06088B9002555
S21400F400A06825712560002839D1E06818B1F9F7A1
S21400F4105FF90023E36000201BF0F8FA41F20700D2
S21400F420E7E702201AF0FDFEE0600028E7D000269D
S21400F4300320257126606683F9F70EFBB542D4DDFE
S21400F44005EBC501090133460122032089B2F9F70D
S21400F450BFFA06460028D2D10320F9F71FFB20602A
S21400F4600028CCD0902231466A431AF0F0F923796E
S21400F470B342BADD3046FFF7B3FD0136F7E7F9F7DA
S21400F48027F9A560C1E700BF102200202DE9F04152
S21400F4900025354E8AB03379AB4203DC01200AB032
S21400F4A0BDE8F0819023346803FB054494F8593096
S21400F4B0FF2B0DD0236A980306D504F1400840467A
S21400F4C01AF060FD074628B9226A12F4A02F1ED152
S21400F4D00135E0E7BB7908A90C333B44D8689A7A33
S21400F4E01B8AC2F38012ADF8243000238DF81F204B
S21400F4F008901A460DF11F001AF0EDFF38469DF8E9
S21400F5001F2094F8591008AB1CF041FAD7E7B4F85E
S21400F510503003F01D031D2B16D13C23FF21002085
S21400F520CDE90431CDE902000121CDE9000004F166
S21400F5306203C2F3800220F0A3F90028AFD0236A4A
S21400F54023F4A0232362C3E712F4803F08BF3C21C4
S21400F5504FF0000218BF432194F8573094F8590032
S21400F5601CF062FCE9E700BF102200202DE9F04302
S21400F57004468F798BB00C370DF10409CD190122A2
S21400F5800E460DF1030049461AF0BAFFE36B8046BB
S21400F59003930023E363B4F85030E879C3F3001311
S21400F5A08DF825302989F7591FF021FD204B074497
S21400F5B01B6805975B7905F11802637501230692AF
S21400F5C08DF8103005F10C03B8F1000F24D09DF82B
S21400F5D00330CDF81C908DF820309DF8252094F847
S21400F5E059308DF821300123DAB98DF8223094F89D
S21400F5F084308DF823306B7903A88DF8243000F022
S21400F6000DFE012120461EF010FB3046F9F760F88B
S21400F61001200BB0BDE8F0830793AB7AC3F38013E9
S21400F620D9E7AA7AC2F340128DF82220E1E700BF9C
S21400F63080220020F7B504461BF09CF9C0F30F2388
S21400F640542B3ED9AA2B34BF01230223C0B27E28F6
S21400F6508CBF0222012203218DF804301344B3FB31
S21400F660F1F000EB40001B1A8DF805301344B3FB95
S21400F670F1F202EB42029B1A8DF806300023184680
S21400F6801D461A46104901AF4B7617F8016B44FA2F
S21400F69006FC1CF0010F06D053009E4001233043A9
S21400F6A00132C0B2D2B20135EDB2032DEDD103B1B5
S21400F6B048764B7E43EA82134B76FF230B7603B0E5
S21400F6C0F0BD0023C2E700BF10220020F7B50546B4
S21400F6D06B461646174A0C461068516803C395F8E1
S21400F6E0583008336B4413F8087CB5F85030DA0607
S21400F6F009D433462246394628461BF006FB00F559
S21400F700FA7003B0F0BD20461AF04CFCB5F8503045
S21400F71000F10A049B074FEAC40405D030461AF0ED
S21400F72041FC04F50C740444E823781E584304FB9B
S21400F7300700E4E724950300064B1B68D97ADA78BD
S21400F740437D5B1A9342A8BFDAB2002142751EF0D1
S21400F75029BB00BF802200202DE9F04F03280C466D
S21400F76085B000F0588107D8012820D0022800F084
S21400F770408105B0BDE8F08F312800F04181322885
S21400F780F7D1002303A80393F9F716FF0028F0D15A
S21400F79003998B790B449B7D03F00F03032B00F03A
S21400F7A05581052BE5D12046FFF7E0FEE1E7B1F8ED
S21400F7B05020AB4BD7071D68C2F340034FEA8303C4
S21400F7C048BF43F008032B81560742BF2B8943F0FE
S21400F7D010032B810B6AD80642BF2A8942F020020A
S21400F7E02A81590742BF2A8942F040022A819A0696
S21400F7F042BF2A8942F080022A815F0642BF2B89D7
S21400F80043F480732B812B895E0701D4180702D539
S21400F81043F400732B81D4F862302046AB61B4F811
S21400F8206630DFF84482AB831EF08AFA1FF08CFA4B
S21400F8300022D8F8083004F1620BDA80A06A1AF0C9
S21400F840B1FB0622D8F808608246B7790C37F35D1C
S21400F85006EB070903F04F03F355B4F8503089F868
S21400F8600120103B0D2B32D8DFE803F0C031BC0777
S21400F870310C313131313131310CF35D6FF303032B
S21400F880F35524E00123F25D206A63F30302F25588
S21400F8900C22010789F8012009F108020DD5019212
S21400F8A04FF0FF3259460092C0F380001A461AF015
S21400F8B01DFEF35D43F08003E2E7D4F86230C9F83A
S21400F8C00830BBF804309380236A5907F1D4B4F8A3
S21400F8D05020F35D204662F34513F35509F102010B
S21400F8E01BF066FCF35D60F38613F355B37999F865
S21400F8F0012002331344F371B4F8503003F01403BC
S21400F900142B05D0BAF1000FC4BF524489F8012069
S21400F910A36AD8F8080003601FF01BFA2B89286139
S21400F9205A0732D50023D8F80C60F380E06A1AF044
S21400F93039FBB77981460C37F35D06EB070A03F00F
S21400F940400343F00403F35506230AF102018AF844
S21400F950013020461BF02CFCF35DB9F1000F60F37C
S21400F9608613F355B3799AF8012003F10203134482
S21400F970F371D8F80C00E36AA4BF09F106098AF807
S21400F980019003601FF0E5F9686140F27121B4F858
S21400F9904C30B4F84E2094F85800D21AE36803F5B9
S21400F9A09C53083301FB02332361FFF743FE98F8AC
S21400F9B019302B7300236B7394F87430EB72636802
S21400F9C0B4F978002B60FAF707FB2120237D1B078C
S21400F9D042BF2B8943F001032B8105B0BDE8F04FF1
S21400F9E001F078BEF35D62F3030349E70222F35D9C
S21400F9F0F9E7FFF7B5F984427FF4BBAE2220ECE7C7
S21400FA000B7D23F008030B75154B1B689B7B43B1DE
S21400FA10012B7FF4AEAE204605B0BDE8F04FFFF7F1
S21400FA208BBE104B497D1A68D37A92780B4493426A
S21400FA30D8BFDAB2A3696275002B3FF49AAE0121F3
S21400FA40204605B0BDE8F04F1EF0ACB904F140000A
S21400FA501AF00AFB4FF4003120461EF09CF988E6A7
S21400FA60C4220020802200201022002038B5044640
S21400FA70D0F8A400D0B194F830511AF037FA81B219
S21400FA80063128461FF0B3FA83B240F271200849C7
S21400FA90B4F87C20098C424341438A42B8BF0A46E8
S21400FAA003F548709042B8BF104638BD0346ECE7F1
S21400FAB02C22002030B5174B826A1B68D206597973
S21400FAC026D5828F1C79836B1203B2FBF3F2631A7E
S21400FAD0B2FBF3F2B0F8A03003B1013BD0F8A4506B
S21400FAE005B15B101B02B3FBF2F35B180CD090F869
S21400FAF099200F2A08D91209B3EB820FB8BF00234A
S21400FB004FEA8201A8BF5B1A9C42A8BF1C46E1B21E
S21400FB10417530BD8022002010B50446FFF720F95D
S21400FB20A0420AD1054B1B6893F8203080F8343089
S21400FB30BDE81040222001F0CDBD10BDC42200203B
S21400FB402DE9F0411A4C06462368A3B92EB10025CC
S21400FB504FF4A478EFB2B74211DB0020BDE8F08185
S21400FB602068013507FB03001AF030FFA27BEBB2DA
S21400FB709A42F5D8EAE700254FF4A477F6E720681E
S21400FB80013508FB07001AF01FFF0028E2D0002509
S21400FB904FF4A47605E0206806FB05001AF016FF71
S21400FBA00135EBB2BB42F6D341F20700D6E700BF01
S21400FBB02C220020084B9A7B82420AD94FF4A4726A
S21400FBC01B6802FB0030836A13F0040F08BF002096
S21400FBD070470020704700BF2C220020084A0949C1
S21400FBE01368C31AD810002B01FB00F005DB937BCB
S21400FBF08342D8BF4FF0FF3070474FF0FF3070475A
S21400FC002C220020199C8FC170B504460E4628F0A1
S21400FC10A1FE054604F1300252E8003F334342E8B5
S21400FC2000310029F8D12046FFF7D8FF01230B4A00
S21400FC3003FA00F002F11C0353E8003F034302F10D
S21400FC401C0444E800310029F4D14FF480700EF013
S21400FC50E7FB2846BDE8704028F077BE2C2200203F
S21400FC6070B505460C46C2B9012620461EF02AF994
S21400FC70B5F84010441C284620F02EF914FB06F474
S21400FC800028A4B207DD844205DB01280EBF044627
S21400FC9000F1FF3084B2204670BD836ADE07E3D5EC
S21400FCA0C28F002AE0D0D906DED5DA05DCD4D0F83B
S21400FCB0A430002BD8D10C4B1B6893F8213013F0DE
S21400FCC00C0FD1D103F01202122ACDD15B06CBD590
S21400FCD0FFF784FF80B21EF0F7F80028C4D1EE8F3D
S21400FCE00136B6B2C1E700BFC42200202DE9F047B6
S21400FCF089466A490446CB8A63B9826812F4601F53
S21400FD004FEAD24301BFC3F3C40303EB830302EB02
S21400FD108302CA82B9F1000F02D120461EF011F903
S21400FD20B4F8A050002D40F0A880A36A13F0100F7E
S21400FD300CBF3E23082384F87B302046FFF7BAFE2C
S21400FD40FFF74CFF86B2074630461EF0C5F88246DF
S21400FD5030461EF0BFF830B130461EF0B1F8002134
S21400FD6030461EF0B6F8236B580409D54FF4804190
S21400FD7004F130001EF067F800212046FFF744FF2C
S21400FD80FFB24A4639462046B4F84080FFF768FF7F
S21400FD90B4F84030A4F880001844A4F840005DB1E0
S21400FDA0204603F0DBFA20461AF012FE2046B4F88E
S21400FDB040101FF045FF054630461EF08DF85045B2
S21400FDC010D0A36AD9070DD44A4639462046A4F86F
S21400FDD04080FFF745FFB4F84030A4F88000184490
S21400FDE0A4F84000B4F84030434502D230461EF036
S21400FDF06FF830461EF065F8B4F88030B4F8A020EE
S21400FE0094F87410D21AA4F8A02094F8732003FB78
S21400FE1001222521B2FBF1F001FB102284F87320A9
S21400FE206DB3A26AD20712D5A26B2046534340F2A6
S21400FE30712204F14401534394F84220FBF718FE64
S21400FE40606C85082046FFF711FE2844E06040F20B
S21400FE507125A16B2046013969431DF0FDFFA36B98
S21400FE60B4F8802020465A436368012105FB02331C
S21400FE706360BDE8F0471DF0A0BC01255DE72046A5
S21400FE8008211FF019FF20460221FFF7BDFE294674
S21400FE902046BDE8F0471DF07FBC00BF2C220020A6
S21400FEA008B501F0D1FDFB22104B10F0020FDA73FB
S21400FEB044F290221A820CBF012203224107197BCA
S21400FEC048BF42F0040262F3030119731A7BC2F3BF
S21400FED0030161F307121A73032204211A76002223
S21400FEE019755A82DA61DA8208BD00BF2C2200201A
S21400FEF02DE9F843564C0546A06818B1F8F7E8FB1C
S21400FF000023A360EEB230461BF0E2FB80460028DA
S21400FF1039D130461DF0E9FFA8BBFFF711FE0746B2
S21400FF200220F8F799FD002D59D005EB850105EB69
S21400FF30C101C90043460122022089B2F8F748FDF4
S21400FF400746002846D102204FF4A479A673F8F796
S21400FF50A5FD394609FB05F2206019F078FC2368F8
S21400FF60681EF9B2814209FB01F207F101072CDB9A
S21400FF700021284699506360FFF7E2FD50BB3046EB
S21400FF801DF099FF88B3002500201BF0A1FB002080
S21400FF901DF0ABFF0020FFF7D3FD0220F8F75CFD55
S21400FFA02846C4E90055A5731DF085FF284603F0D2
S21400FFB001F928461DF07BFF28461AF025FD022091
S21400FFC0F8F74AFD4FF007083FE002F5A471194420
S21400FFD09950C6E70023C4E90033A373D3E7C4E906
S21400FFE00055A573002FCAD0CDE7304603F0E2F8DF
S21400FFF00028C8D128461AF007FD0028C3D130468D
S2140100001DF055FF0028BED130461DF068FF06469C
S2140100100028B8D1002D18DD02201AF002F90223BB
S214010020A060C37183793146C3F102020C33D2B2A8
S214010030184419F00CFC0121A3689A7913441A7B21
S21401004061F301021A73FFF72BFF4046BDE8F88300
S2140100502C220020014B987B704700BF2C220020E9
S21401006030B50A4B4FF4A4751A689C7B00231846DA
S2140100702832D9B28C4200D830BD05FB03F1515865
S2140100800133890644BF0130C0B2F2E72C220020BA
S2140100902DE9F04128F05EFC254D06466C6824B932
S2140100A028F053FC2046BDE8F0814FF4A47723687E
S2140100B03A4600212046D4F81C806B6019F0C7FB35
S2140100C020233046A362C4F81C8028F03EFC01239E
S2140100D0237584F83031A3F10113E367EB7BAA891A
S2140100E084F842312B8A0021A4F84031072384F892
S2140100F08930104BA4F84421C4F88C3003F1CE5358
S21401010003F59813C4F8903041F61B33A4F89430E5
S2140101101B2304F1080084F89630A4F88A701BF0BB
S214010120C9FA2046FFF75AFD80B21DF0C6FEB9E7B0
S2140101302C2200204801480170B504461DF080FFBE
S21401014004F10800FBF716F828F004FC4FF4A4723B
S214010150054600212046E66919F079FB064BE66163
S21401016053F8042F2AB928461C60BDE8704028F0D1
S214010170ECBB13461268F5E72C2200202DE9F0416E
S21401018006464FF480400F4601F0D0FB044630B9D6
S2140101900E4B1D6893F80E807535A04502D80020D9
S2140101A0BDE8F08155F84D3C5A0709D5C3F3400325
S2140101B0BB4205D106222946304619F01EFB18B16E
S2140101C0013405F5A475E8E70B20E9E72C220020A9
S2140101D010B5044610B9084B198410BDA0F87C1060
S2140101E0A0F87E20FFF742FC2169E0602046BDE8CA
S2140101F010401DF031BE00BF2C220020014BD873E9
S214010200198270472C220020014BD87B704700BF13
S2140102102C22002000487047382200202DE9F04F9C
S214010220D0E9029590F9181087B0027D0291417EBF
S2140102300192046807790369427D90F816A090F848
S2140102401780002940F0FC80A8F1030101298CBF2A
S214010250022603260393B5F808B084F89F202A46A1
S21401026052F8101BBAF1000018BF0120C4F828117B
S21401027004F14801FAF76AFE20461FF016FD2046F3
S2140102801DF035FE1BF0E6F94146024620461BF0FE
S21401029026FAC8220DF116012046ADF816201DF0EB
S2140102A020FE43F6FF7104F594701AF024FCAA8828
S2140102B0039BA4F82C21AA7984F82E211A68C4F885
S2140102C075209B88A4F87930019B1BB1A36A43F083
S2140102D00203A362BAF1000F03D0A36A43F40073CA
S2140102E0A3624FF4607001F021FBC0F3C01AC3058E
S2140102F04FEA8A1A48BF4AF0800A810548BF4AF485
S214010300807A28F027FBA36A43F00403A362E36A1A
S21401031043EA0A03E36228F018FB94F8343043F00A
S214010320100384F83430BB1E012B00F28B80A36AC5
S21401033043F48043A36201212046FFF765FC0421B4
S21401034020461FF0B9FC6B7D2046C3F3040384F8F6
S21401035074306A8907F0FD075200A263697B2A7B25
S21401036042EA0122E287E97BAA7B42EA0122A287CE
S2140103706A7D84F87330C2F3421284F84220002268
S2140103800523A4F840200122A4F8A030A4F8802078
S21401039002991DF0B1FD01F051FB20F40060C4E9A3
S2140103A008012046FFF786FB414BB3F816A0BAF1C9
S2140103B0000F05D1002F40F2C71A18BF4FF4D77AA5
S2140103C02046FFF70BFC3B4B000240F00300E082A7
S2140103D0C4F80490A361002F3AD12046FFF746FBEC
S2140103E0B8F1010FE06005D04146204684F830811F
S2140103F01DF0C9FE04F10806304651461BF05AF9B5
S2140104000120FEF761FB28B9237D5A075CBF43F044
S21401041002032375A1683046C1F3C84141F0880143
S214010420FAF756FE40F271216B892046013B59438B
S2140104301DF012FD20461DF0A3F907B0BDE8F08FB0
S214010440012607E7012F7FF476AF40F2014173E7FB
S21401045040F27127760006EB4B067E4309EB060356
S2140104606360A36A04F1440943F00103A36294F8AC
S2140104703430494643F00103204684F834301BF0FB
S21401048046FE33464946204694F84220FBF7F0FAEA
S214010490EB7901225B00494620467B431BF03DFE7B
S2140104A0636C20469E08FFF7E1FA304498E700BFE8
S2140104B02C220020B509010010B4C46A14F0080FFC
S2140104C011D144F0080423F41053C46223F010033E
S2140104D0064C1B0414401B0CC0E9084340215DF880
S2140104E0044BFFF791BB5DF8044B70472FCF87F79E
S2140104F000232DE9F3474E790546B20758BF06F0AB
S2140105000106084648BF0326ADF8043058BF013639
S2140105100C461AF05EFA074607F01F03002BEB6A3B
S21401052015BF4FF001084FF000084FF003094FF0D8
S21401053002099B050CD59DF80430214666F301039C
S21401054068F345138DF804302846019A1EF043FEE1
S214010550204619F027FD82464946204619F0D5FC6B
S2140105609DF80430A27966F3010368F345138DF80C
S21401057004308DF805A0BDF804300C32A3529DF866
S2140105800430A1189806637948BF8F7043F00103C1
S214010590637128F0DFF92146074605F1A40019F03A
S2140105A063FD95F84631013385F84631AB6ADA07C3
S2140105B00ED52846FFF712FB80B21DF07FFC30B344
S2140105C04388B5F880209A4202D928461DF082FF5A
S2140105D0FEF7C6FB854214D10E4B20461E681EF060
S2140105E0B8FB2C36014630461EF02EFAAB6ADB0706
S2140105F007D430461EF023FA022802D8232001F041
S21401060069F8384602B0BDE8F04728F09EB90123E4
S214010610D7E700BFC42200202DE9F04F85B004467D
S2140106200191084661B34B799A071AD419F0BAFCBE
S214010630019A60B9537901A8DB0742BFA36A43F464
S2140106400063A36219F01AFC05B0BDE8F08FA36A37
S2140106501F0506D523F40063A362537943F0010313
S2140106605371019E28F076F9737931469E07054647
S2140106701ED504F1AC0019F006FD284628F065F9F0
S214010680DFF8909128F066F9A36A07465D0614D54F
S214010690D4F8AC3043B19A7913441B7B3A2B03D878
S2140106A029FA03F3D80711D4384628F04EF9CBE7D8
S2140106B004F1A80019F0D8FCDFE794F94631022BC3
S2140106C0F2DCD4E92A2372B9002BEDD004F1AC0098
S2140106D019F0F2FB0546384628F037F92946204638
S2140106E0FFF706FFCEE7002BF0D194F89680039330
S2140106F004F1A80BD4F8A86096F807A0B379AAEB82
S214010700030A5FFA8AFAC24527DC584619F03AFC12
S2140107100546A8EB0A086B7929466FF3C3036B718C
S21401072003A819F0A1FCD4F8A8302BB15B7999077E
S21401073002D1B8F1000FDDD1039B002BB4D09B7919
S214010740022B40D8002019F06CFD014670BB0399BE
S21401075004F1A80019F097FCA6E7002019F061FD46
S214010760054630B9039904F1A80019F08CFC0395ED
S2140107709AE78079B1790C300C31424631442844ED
S21401078019F06DF8EB7953FA88F3EB71B379727956
S21401079053FA88F3B3716B794FF0000862F30003E4
S2140107A06B7173796FF300037371B4E7039B4A7936
S2140107B0587960F300024A715A7903A86FF3000270
S2140107C05A7119F05BFCE36A9A0512D50398034641
S2140107D000680028FBD1DB79C3F14503DBB2032BAC
S2140107E007D819F01EFD01460028B0D003A819F05D
S2140107F03BFCD4F8A83013B15B79DB0704D5039A28
S214010800537943F008035371384628F09EF803994C
S21401081065E700BF7C2C020000232DE9F041174D4F
S21401082005F11C0252E8006F42E80034002CF7D1B3
S2140108304FF001086EB9F4B105F11C0353E8003F0F
S214010840234305F11C0242E800300028F4D1BDE83C
S214010850F08196FAA6F0B0FA80F008FA00F726EAD8
S2140108600706FFF7A7F90028E4D01DF06EFE002862
S214010870E0D13C43DEE70120E9E700BF2C2200205F
S2140108802DE9F74F04460190002860D0C5794FF056
S21401089000080C35054428F05DF8464600904FF4F4
S2140108A0A47A40462B4FBA7B5FFA88F94A4517D996
S2140108B00AFB09FB3A685A44916A4B0744D5B2F8D9
S2140108C09820C2F30B02002A3ED0E279C2F145021B
S2140108D0D2B2032A15D8022019F0A3FC044640B967
S2140108E0002300987B8228F030F8304603B0BDE83C
S2140108F0F08F014601A819F0B7FB0020E5790C3509
S214010900254404220123002112FB003305F8209020
S214010910E9543B6802FB005C5B44B3F8983001364F
S2140109208CF80230032312FB0032A9543B680130D5
S2140109305B44B3F89820C0B261F30B02A3F8982089
S214010940E379F6B20433E37108F10108ABE7064632
S214010950CBE700BF2C220020F7B56846FAF7EAFA83
S21401096000254FF4A477124EB37BAB4201DC03B0F3
S214010970F0BD346807FB0544A36A03F00503042BA6
S21401098013D10522694604F1490018F036FF60B11B
S214010990012120461FF048FB38B9012019F041FC1F
S2140109A0014610B1204601F0EBFE0135DCE700BF41
S2140109B02C2200202DE9F04F31280C4685B000F09E
S2140109C093810AD8022800F0E380032800F0E6802D
S2140109D0012847D005B0BDE8F08F322800F0EE8040
S2140109E03328F7D101F1A40019F066FA94F84631DC
S2140109F00390013B84F84631437903F00A03082B40
S214010A0020D1B4F8983004205A1C62F30B03A4F8E2
S214010A10983000F08BFFA8B12046FFF7DFF880B2D0
S214010A201DF04CFA002800F057814188AB4A937CB0
S214010A300B44DBB29374127D9A4203D84FF0806068
S214010A400DF0EEFC03A819F019FAD4F8A8301BB97A
S214010A50D4F8AC30002BBDD04FF480512046FFF7C0
S214010A60D3F8B7E791F8993008466FF3071381F882
S214010A7099301DF00DFA84F8310120461AF022FE55
S214010A80B4F93401F9F7A8FA954B20461D68FFF72B
S214010A90A5F885F8250094F8343085F82030002331
S214010AA085F8213085F82330E26A94F8933002F411
S214010AB0C062B2F5C06F03D10433FF2B28BFFF23FA
S214010AC085F8243063684FF400306B60A36ADB0757
S214010AD042BF636C9B08AB6000F028FF00284CD037
S214010AE0FEF7C2F9D4F82831E8602B6194F8313169
S214010AF07A4E6B76D4F82C3105F12C076B6194F89D
S214010B0030312B76637D85F822301EF01DF938468C
S214010B101DF091FFB0681EF01CF90023A862039334
S214010B20D4F8A40003A91EF06CFA48BB212000F0FB
S214010B30D1FDD4F8A83013B9D4F8AC3023B14FF4B2
S214010B4080512046FFF760F8042000F0EFFE0028F1
S214010B503FF440AFB37C002B3FF43CAFF37C327ED6
S214010B600133DBB29A42F3743FF634AF4FF0806044
S214010B7005B0BDE8F04F0DF053BCFDF78DFFB1E7B2
S214010B8003981EF0E6F8014638461DF05DFFC7E7FC
S214010B90084605B0BDE8F04FFEF7BEBF91F89930A4
S214010BA0C3F30312013262F3071381F8993000216F
S214010BB0204605B0BDE8F04FFFF798B8002603A819
S214010BC00396F8F7F9FC2046FFF708F8C0B219F0CB
S214010BD00DFF05462046FFF701F8039B29460193C2
S214010BE0B4F8403082B200930220334619F0F4FE86
S214010BF003998B7903F10C050D44AA7A0A3312F096
S214010C00200F14BF0322022213448B71E36A5F058F
S214010C100FD5AB7AEA7A204643EA02221EF0F4FAAE
S214010C2038B903A819F02AF93D2120461DF072FEB5
S214010C30D0E6A36A95F80AB01E0603990BF00302E4
S214010C40C3F3C01012D5032A8B79EAD10B441A7B61
S214010C503A2AE6D8234BD340D807E2D54B7920462B
S214010C6043F002034B7101F0ABFAB3E6032AF5D069
S214010C704B790BF0030B60F341034B71084695F873
S214010C80069095F905A019F08DF9039E0746B579EA
S214010C902046063DEDB2B571FEF7A0FF0C35C0F358
S214010CA0032306EB050843EA0B1388F803303346A3
S214010CB0FFB288F80200A8F8047006F805A088F8C4
S214010CC001905A796FF341025A711B68002BF8D1D3
S214010CD030461AF095FE7DE60121A7E62C2200207B
S214010CE0C42200207C2C0200344B8E8F1D683601F6
S214010CF095F8203081F834308B6BE08FB6FBF3F635
S214010D00B1F8A010B3B21B1A994295F821204CDC19
S214010D10D1064CBF0021022194F831011AF094FC4F
S214010D2095F82130DB071BD5A36ADF0706D52B68AC
S214010D302046636004F144011BF0E9F995F821307F
S214010D40D80602D4A36AD90606D4A4F8A060204621
S214010D5095F927101DF0D0F8A36A43F01003A3629B
S214010D6095F82020E36A92064CBF43F0010323F076
S214010D700103E36295F821309B0606D52046FEF76F
S214010D802DFF012180B21DF0A4F895F821302046F0
S214010D9003F01203122B0ED11DF0D4F895F826108D
S214010DA020461DF0CDF8012102E79207B8D50321B0
S214010DB094F83101B2E71DF0C4F8EFE7C422002031
S214010DC0012838BF0120012938BF0121014B1875C0
S214010DD0197670472C220020F0B587B01D460446D0
S214010DE00E9FFFF7F5F940F2E242BDF8301002FB24
S214010DF005F05143FEF75EF81A4B3860DE8A40F282
S214010E008A23002E08BF1E46F8F748FD3B6801906E
S214010E1000EB4302CDE90223E368054601A8CDE9CC
S214010E20043619F0CEFD9DF8043053B919F0A2FD31
S214010E304FF4FA63B0FBF3F202FB130015FA80F0ED
S214010E4002900299E36861603A68E06919F0BFFDB3
S214010E506168E069FDF742FE62680D9B1A6007B0A3
S214010E60F0BD00BF2C2200200138C0B203289ABF73
S214010E70014B185C002070472F950300431E012B81
S214010E8005D9022902D8024B585C704700207047EA
S214010E902C950300431E042B054A07D8052808BFD6
S214010EA003200621431E01FB0320704710467047AE
S214010EB058950300014B53F8200070473495030002
S214010EC010B560B10022074CD3B2013354F8231099
S214010ED01346814202F10102F6D2D8B210BD0120BA
S214010EE0FCE700BF34950300024BDB6993F87F00F3
S214010EF0704700BF280B0020024BDB6983F87F0098
S214010F00704700BF280B002070B51646028B0446BA
S214010F108A420D461DD2438B23B90EB1D5B2357028
S214010F20206970BD0C4B0169184618F098FC034601
S214010F30208B61692D1A1844638B9D42A8BF1D46FC
S214010F40EAB218F08CFC16B1238B1D4435700248AA
S214010F5070BD002EE3D1E3E7852D0020034B5B6ACD
S214010F6013F0060F0CBFE220F12070473C20002052
S214010F7008B5FDF7F5FE054B834206D1F8F79EFB53
S214010F80BDE80840002000F01BBB08BD3C20002047
S214010F9070B51E4C1E4800F013FB94F85C3094F8B4
S214010FA05D200021C8201AF050FB014604F15400D0
S214010FB019F0A1FD04F154001DF095FF0022114621
S214010FC0104619F02AFD6668F8F768FC0246FFF736
S214010FD0C5FFB61AB6F5FA6F05460BDCFDF75CFDE4
S214010FE0627DA0F5E17128461DF0E2FFBDE8704084
S214010FF0F8F742BB6668FDF74FFD3146A0F5E17292
S214011000637D28461DF09AFFF0E700BF3C200020D4
S2140110108D13010038B5F8F751FBFDF743FD40F29B
S214011020EE2398420E4C0EDDFFF798FF0546FDF7BE
S21401103033FD627DA0F5E17128461DF0B9FFBDE8DC
S2140110403840F8F719BBF8F729FCE36B62689B1A7E
S2140110500344E3630020BDE838401BF050BB00BFEB
S2140110603C200020F7B5104C064694F84D500F462C
S2140110702DB10020013D84F84D5003B0F0BD0B4B5F
S21401108002201B685978F8F777F894F848303A4602
S214011090CDE9005331460323206B1BF061FB206B27
S2140110A000F0ECFD0120E8E73C2000208022002033
S2140110B0094A02F1240353E8003F43F0080302F112
S2140110C0240040E800310029F3D1044B01201B68BD
S2140110D05978F8F767B800BF3C200020802200202E
S2140110E070B50A4C636A5B070DD58B790C33CD1846
S2140110F050B9E879CE5829891DF079FF0644A663D0
S2140111006B7984F84C3070BD0120F3E73C20002059
S2140111102DE9F04F16468DB0021E069108BF00213C
S2140111201F46964B0592DD6A5B6AAC7938460C34ED
S2140111302A5DC3F3801B61F345122A55314603F03D
S2140111404002039219F0D8F905EB04080790285DD0
S21401115008F108094946C00919F0CEF9039B8246F1
S214011160002B44D1002844D119F0C4F980F00103C2
S214011170DBB25A463146384603F001031DF05FFFE5
S2140111800490002800F08A80039B002B33D1BAF12B
S214011190000F75D1079B002B72D019F09AF9002821
S2140111A06ED001220AA90DF1270019F0A9F900282D
S2140111B074D09DF827302A5D591E4B424B41B3EB44
S2140111C0D21F6BD1062248460AA918F016FB002842
S2140111D064D13368C8F80830B388A9F804302B5DA9
S2140111E067F3C7132B554FF0000AD34619E00123C6
S2140111F0BFE7039BBDE7614B5B6A13F4007A1CD122
S21401120015F804B0CBF3801B504619F07EF933680D
S214011210C8F80830B388A9F804302B5D67F3C71304
S2140112202B55059B554E002B3ED196F8B130002B21
S2140112303AD0013B86F8B13030E019F047F9002882
S21401124006DA15F804B04FF0000ACBF3801BDBE793
S21401125000221146104619F04BF915F804B08246E3
S214011260CBF3801B0028CFD0002302211A4608EBBF
S21401127001001BF04DFA2B5D60F386132B55C3E777
S2140112807A1E57422B5D5741B7EBD31F06D1062274
S2140112903146484618F0B1FA0028A4D0002304933A
S2140112A004980DB0BDE8F08FF8F7F8FAF36A00F18C
S2140112B096019A7908F10E0013441A6B059B009368
S2140112C09DF858301DF0F9FB2D4B059A07461B6813
S2140112D0A2B959780220F7F74FFFF06A00F0CEFC6A
S2140112E0F36A9A7913441F63FDF73AFD254B836130
S2140112F0069BBBB9736A23F4806316E0D979002094
S214011300F7F73AFFF06A00F0B9FCF36A1E489A79DB
S21401131013441F6300F054F9069BC3B9736A23F4A0
S214011320806317E0736A43F480637362039B9BB127
S214011330BAF1000FB4D0002359461A4608F102004C
S2140113401BF0E6F92B5D60F386132B55A8E7736A4D
S21401135043F480637362EBE72B5D0022C3F3C01393
S21401136049460AA88DF8283019F0CAF82B5D9DF871
S214011370282062F3C7132B55DAE700BF3C20002074
S2140113808022002025D70000591501002DE9F04FD5
S214011390532885B01FD005D8512800F0CE8005B05F
S2140113A0BDE8F08FA0F15503012BF8D855384FF062
S2140113B0010118BF0120FAF72FFFF8F76FFA644A08
S2140113C0D36B51685B1A03440020D36305B0BDE8B4
S2140113D0F04F1BF094B9002503A84FF0FF31039599
S2140113E0F8F7BCFB03985A4E58B1FBF703F80828E8
S2140113F0804603D8574B1F5C380709D403A818F05A
S2140114003DFD736A13F0060F15D0FFF703FE12E0D9
S214011410B8F1070F16D1726A12F48012EED1304677
S2140114200399FBF799FD0028EBD0FBF75DFC10B1A3
S2140114300120FAF759FE0121084605B0BDE8F04F34
S214011440FAF7EABE039CFDF72DFB736A814613F09B
S214011450040343D017F0020340D0A0F56E73002BAF
S2140114600DDD0120A2790C322244917A0090C1F35D
S21401147080130C32C1F34011FFF74AFE05462046A1
S214011480F8F79CFB21460120FFF72AFE736AD9076D
S2140114902ED503F0800A94F806B019F02BF80BF15C
S2140114A00C0BA34480F001039BF80A00BAF100027A
S2140114B018BF0122DBB20BF10C01C0F380101DF046
S2140114C0BEFD68B155BB736A20469A073AD5FB073D
S2140114D012D47B0739D5FAF7F1FE92E71D46CEE71F
S2140114E0BAF1000F04D1514619F00CF80028E9D0E2
S2140114F02046F7F7EDF81CE01CF06EF970B1A9F282
S2140115001659B9F1000F09DDA0790C302044817A13
S2140115100C30C1F38011FFF7A5FD0546B8F1040FA5
S21401152002D1736A9907E3D57A07E1D52046FAF71F
S214011530C5FE002D7FF47FAF63E705B0BDE8F04F31
S214011540FFF7B6BDB8F1040FC3D1F7F7C1F858E7F6
S2140115503C200020AB950300512808B50BD1084864
S21401156000F02EF80122074B104693F94C10BDE807
S2140115700840FBF71DB9BDE80840FFF707BF00BFED
S2140115808D1301003C2000200022024BC3E90022FB
S214011590704700BF7422002010B5074C242200219A
S2140115A0204618F054F906232384044BE36100F027
S2140115B03BFB9430206010BD502200201DED020040
S2140115C010B5044627F0BDF90022044B5C60044BBD
S2140115D0BDE81040DA6127F0AFB900BF74220020E1
S2140115E050220020024B03EB80035960704700BF76
S2140115F050220020034B03EB80035868003818BFC5
S214011600012070475022002010B5044627F099F9B2
S2140116100022044BDC61044BBDE810405A6027F001
S2140116208BB900BF502200207422002070B5C6B2CC
S214011630212E0446144D10D1F7F7CCFD230CC4F32C
S214011640074405EB84042B846368EB61EB69CBB13B
S21401165030462968BDE870401847222EF6D127F09B
S21401166079F9EB69044633B10020FFF7CDFFFF237C
S2140116702B84F8F7A7F800F021FA2046BDE8704061
S21401168027F063B970BD00BF5022002038B5104B5B
S21401169004461A7812B100221A7038BDC5B2FDF799
S2140116A05FFB68B1C38AB3EB144F0BD1312D02D166
S2140116B0012019F03DFA2846BDE83840FDF728BB61
S2140116C0FF23F0E72846BDE838401DF00ABB00BFFF
S2140116D07422002038B5A0F121030E2B04461AD837
S2140116E0FDF73EFBA8B3C08AFF2832D0212C4FEA73
S2140116F0004508D1002019F01BFA45F02100BDE88D
S214011700384000F057BA222C44EA0500F7D1BDE86C
S21401171038401DF0F9BAA0F131031E2B0ED8114B3B
S214011720188C44EA004000F059FA312C11D10020FF
S214011730FFF76AFFBDE8384019F088B9A0F1110338
S2140117400E2B06D8132C40F4C02003D006D9142C37
S214011750D5D038BD0122044B1A70D0E7BDE8384019
S21401176000F03CBA50220020742200200B4A10B52B
S214011770D36904461BB11168BDE810401847084BF1
S2140117805B6813B1BDE810401847FDF7E9FA01465A
S21401179018B183690BB12046EEE710BD5022002038
S2140117A074220020024B186908B10CF039BE70474C
S2140117B0480B00200C4B73B51C6804B10C34002593
S2140117C00A4B68461E68356000F032FA009B2046D8
S2140117D07360F7F799FC28461DF0E1F9024802B05C
S2140117E0BDE8704018F04ABB7C220020C4220020CD
S2140117F0002310B5424A02F1100151E8001F02F120
S214011800100C4CE80034002CF5D140EA0104A0028B
S21401181001D5FDF7BBF9210101D5F7F795FFE203E5
S21401182001D500F081F9002C01DAF9F74BFD6300D0
S21401183001D5FAF78DFEE00007D5FDF727FE20B9A2
S2140118404FF080512F481DF002FA610107D51DF0B7
S21401185005F820B94FF080612A481DF0F8F9A20179
S21401186005D519F0F0FEFFF777F819F0DAF9E3017C
S21401187008D5FCF7AFFA072804D14FF0807121484C
S2140118801DF0E5F9600201D5F8F742FC210201D509
S21401189019F0A6F8E20207D51CF00BFB20B94FF4AD
S2140118A0801118481DF0D3F9A30507D500F01EFCDA
S2140118B020B94FF4007113481DF0C9F9E00507D5AA
S2140118C0FEF7AAFF20B94FF480710E481DF0BFF94C
S2140118D0610503D519F02DF919F02CF9220501D56A
S2140118E01AF099FBA30309D519F028F930B9BDE818
S2140118F010404FF4003103481DF0A9B910BD00BFD8
S214011900480B0020580B0020014601481DF09FB9E6
S214011910480B0020C043044A52E8003F034042E817
S21401192000310029F8D17047480B0020014B1B6895
S21401193018407047480B002010B5044BD3E9064207
S21401194004430A43C3E9064210BD00BF480B00200A
S21401195038B50546354CFDF7AFF800212022204664
S21401196017F075FF4CF20C000021FFF7E5FFC5B13B
S214011970AB684FF6FF720020698B2360FEF728FCE8
S214011980022018F04EFC2A4B186000284BD02B463C
S2140119900C3005F1200253F8041B934240F8041B57
S2140119A0F9D1244B2448A36000232373F6F7C6FE1F
S2140119B0F9F76AFB2846F8F72BF8044670BBF7F7E9
S2140119C071FB20B14FF480700021FFF7B5FFF7F7E8
S2140119D06FFB20B14FF400600021FFF7ADFF2DB182
S2140119E0B5F91210B5F91000F8F702FB19F03EFE32
S2140119F000F0F6FAFAF720FA044678B9F9F74AFC45
S214011A0000F040F800F000F9FFF7BEFD00F074F8B2
S214011A1030B900F077F804461DF096F9204638BD37
S214011A20FFF7C8FEF8E70124F8E700BF480B0020DF
S214011A307C220020A51701004C0B0020014BD3E9A6
S214011A4006017047480B0020054B9B69DA054CBF21
S214011A50032001201B0548BF40F00400704700BF6B
S214011A60480B0020014B1860704700BF8022002001
S214011A702022034BC3E900229A6000221A7670479F
S214011A80A822002038B50025094C0A4B1C222946FD
S214011A902046C3E9005517F0DAFEFFF7E9FF3023C9
S214011AA00122C4E903336361034B65761A7038BDBE
S214011AB0A822002084220020FF32002008B526F04C
S214011AC049FFFFF7D5FF3023084A0949D360136160
S214011AD05361CB600B614B610023537601224B7639
S214011AE0044B1A70BDE8084026F02FBF8C22002058
S214011AF0A8220020FF320020014B1878704700BF53
S214011B00C82D002010B5044C23781BB91DF0FEF833
S214011B1001232370002010BDC82D0020014B18683A
S214011B20704700BF842200202DE9F04126F012FF05
S214011B301C4F80463B7843B94FF480300CF070FC64
S214011B404046BDE8F04126F000BF174E174C35461B
S214011B500FCD0FC495E80700002584E80700FFF7BE
S214011B6087FF30234046C6E90333736175763D70BF
S214011B7026F0EBFE0E4E103CE068302804D0736869
S214011B80C6E90030FFF782FD54F8040B202801D087
S214011B90FFF74CFD0135EDB2032DEDD101233B706E
S214011BA0BDE8F081FF320020A82200208C22002010
S214011BB08422002010B5044626F0CCFE064A137E89
S214011BC042F823400133137626F0BFFEBDE81040ED
S214011BD04FF480300CF024BCA822002010B5044637
S214011BE026F0B8FE074A537E02EB83010133CC6030
S214011BF0537626F0AAFEBDE810404FF480300CF074
S214011C000FBC00BFA8220020F4220021014817F0D3
S214011C101EBE00BFC8220020014B024A1A60704750
S214011C20C42200205C23002000487047C822002000
S214011C30024A02604FF4007242607047BC230020E3
S214011C40014B186E80B2704700C001B80A4BD868C5
S214011C5000F07060B0F1106F0CD008D8B0F1E06FF2
S214011C6008D0B0F1006F14BF002001207047B0F11A
S214011C70406FF8E701207047000002B838B5044607
S214011C8080790C4D0C30204418F0C9FE0123A1794F
S214011C90E279521A0C3121442869D2B224F0DDFDD2
S214011CA0246804B938BDA179E2790023521A0C31AF
S214011CB0F1E700BF280B00202DE9F04105468079A9
S214011CC00C460C30284416461F4618F0A8FEA97983
S214011CD0EA79DFF85C80521A0C310123D8F810003B
S214011CE0D2B2294424F0B9FD44B1E379A2799B1A12
S214011CF0DBB2B34204D30CB1002F04DCBDE8F081A3
S214011D002468F61AF0E7A179E57900236D1AEDB299
S214011D10AD1BBD42A8BF3D460C3131442144D8F825
S214011D201000AAB224F099FD002624687F1BE2E782
S214011D30280B00202DE9F04F87B0074692469B46B8
S214011D40ADF80C1018F02EF9B0F1000945DD26F0BB
S214011D5001FE0290002F43D03C464FF00008294E6A
S214011D60A279E57902F10C01AD1AEDB2214406EB38
S214011D7008002A4617F073FD2468A844002CEFD10A
S214011D809DF80C1020484A4601F023010DF1140974
S214011D9000915B46C0F808A01A49CDF8049026F0D9
S214011DA0DAFFBA469AF806309AF8075003F10C00A3
S214011DB0ED1AEDB2311950442A4617F050FDDAF803
S214011DC000A02C44BAF1000FECD1029826F0BDFD1C
S214011DD004224946384618F022FB07B0BDE8F08FCA
S214011DE09DF80C1008484A4601F023010DF114092C
S214011DF000915B46C0F808A00249CDF8049026F091
S214011E00AAFFE2E7BC250020B83100202DE9F04703
S214011E1084B0904699460390ADF8081018F0C2F8C1
S214011E20071F002F25DD039D002D40D04FF0000A2F
S214011E30204EAB79EC7903F10C01E41AE4B22944A3
S214011E4006EB0A00224617F00AFD2D68A244002D73
S214011E50EFD11948F119C0F8088001919DF80810D2
S214011E604B4601F0230100913A46124926F067FFDE
S214011E7018B1002004B0BDE8F087039D7DB1074688
S214011E80AB79EC7903F10C00E41AE4B2F1192844B9
S214011E90224617F0E4FC2D682744002DF0D103A854
S214011EA0042118F021F9012004B0BDE8F087014EA5
S214011EB0CFE700BFBC250020B831002030B514465E
S214011EC00D460246064883B001958021836023466D
S214011ED0009426F04CFFB0FA80F0400903B030BD04
S214011EE0B83100200023F0B50E46D1688BB009BA90
S214011EF00291C17890F800C061F3070381781A4D0A
S214011F0061F30F23417802AF61F317436CF31F634C
S214011F100993936851681BBA0393836809BA1BBA7D
S214011F200793136842681BBA0593C36812BA1BBAB3
S214011F3006AC0491AF600892069323468022294698
S214011F400120009426F016FF0028F6D1DDE90810DE
S214011F50DDE9063200BA09BA12BA1BBA30607160FE
S214011F60B260F3600BB0F0BDB83100202DE9F84F38
S214011F70DFF868908246D9F800B088461746BBF16C
S214011F80000F28D0002699F80450B54207D13D70BD
S214011F9099F80400A84214BF0120022017E0741922
S214011FA06110C1EBC10159448879C4F3470400F0BC
S214011FB00100B8EB000003D10622504617F01DFCC5
S214011FC0002806DB02D0661CF6B2DEE73C70BDE8F0
S214011FD0F88F2546D9E70320F9E700BFCC26002075
S214011FE00022014B1A717047CC260020F8B5054631
S214011FF026F0B0FC104C85F3070563790646AB4224
S21401200005D10024304626F0A0FC2046F8BD002766
S21401201020686571277110B118F048FA2760637956
S214012020002BEED0C5EBC500F6F778FD2060002842
S214012030E7D160710724E5E7CC260020024B1A6839
S21401204002601860704700BFD82600200022024BAD
S2140120501A6000F00DBA00BFD82600202DE9F8431B
S21401206006461BF08AFF0446002835D045784DB950
S21401207026F070FC237863701B4B1B682570636029
S21401208026F063FC4FF00108677837B923781BB355
S2140120904FF400700CF0C4F91EE097FAA7F5B5FAF4
S2140120A085F508FA05F55FFA85F9636833B90E4BCD
S2140120B027EA050565701B686360E5E79B681BB941
S2140120C063681B686360F0E7494630469847012815
S2140120D005D163681B6863600120BDE8F8830228A8
S2140120E0EED10020F9E700BFD826002070B5002504
S2140120F00D4EFDF7AFFFA84201D8012012E030686F
S214012100FDF758FD50B93468FDF7A4FF0134B4FB60
S214012110F0F303FB104401353460EAE7FFF79EFF56
S2140121200028F0D170BD00BFD426002010B50446AB
S214012130837903441B7B3A2B96BF044AFF21D15C6B
S21401214017F06CFEA0790C30204410BD709503008A
S214012150F8B5174606460C461D461BF003FF020758
S21401216013D5022130461CF089FB70B1112120469F
S2140121701DF0BAFD2046FFF7D9FF4570877021464E
S2140121803046BDE8F840FEF747BA29200B49C5F1AD
S2140121902002A5F12003E94000FA02F220FA03F337
S2140121A011431943CB07E1D40D2120461DF09CFDB8
S2140121B02046FFF7BBFF4770E1E700BF0000408401
S2140121C02DE9F34105460C4601911BF0C5FE0307B8
S2140121D005D501A817F052FE02B0BDE8F081019FB7
S2140121E0BE790C36BB5D3A2B18D8164A12F8038016
S2140121F0B8F1FF0F12D0384617F0D4FE013840452B
S2140122000CD1114B1E6896B921462846A379234462
S2140122101A7B02B0BDE8F0411DF07ABD019817F0B7
S2140122202DFE2846BA5D01991DF072FDD4E773684C
S2140122300BB93668E7E72146284698470028F8D0C4
S214012240CAE700BF70950300D826002037B50446BC
S2140122500D4608211BF082FE294620461BF0C7FECC
S214012260214601201DF0FBFD214600201DF0F7FD53
S214012270012000232146034A00901DF081FD03B092
S21401228030BD00BF3DFC020037B504461DF063FFBC
S214012290032120461BF0AEFE002503462146012001
S2140122A0034A00951DF06CFD284603B030BD00BF03
S2140122B03D0003002DE9F74F80460F461BF052FE06
S2140122C010F4801651D1022017F0ABFF0546002806
S2140122D04DD0BB7931460C333B44B3F80490B3F888
S2140122E006B0B3F808A01DF0FFFC2846FFF71EFF56
S2140122F00221044640461BF07DFEA4F8049060814E
S214012300A4F806B0A4F808A018F034FB09F10109F6
S214012310B0FBF9F303FB1900022360806370AB790D
S214012320BB71EA7903F10C00FA71D21AD2B22918FC
S214012330384417F094FA414601201BF004FE10229F
S214012340C76063894146012000920A4A1DF018FDC4
S2140123504FF4803140461BF007FE404629461DF0EB
S214012360C1FC304603B0BDE8F08F2320FAE7072012
S214012370F8E700BF930103002DE9F34104460D463B
S214012380014601201BF0DFFD0121074628461DF00E
S214012390ABFC2846FFF7CAFE064600F10108404698
S2140123A0F8F7C8FDD6F801300221C7F81230737964
S2140123B02046BB751BF01EFE29460746F0802046C8
S2140123C01DF090FC20232146009301203B46034A42
S2140123D01DF0D6FC002002B0BDE8F0812301030009
S2140123E07FB504460D461BF0B7FDC2073BD5204618
S2140123F01BF0B8FD430715D5002320461A460DF1FC
S2140124000F011CF019F89DF80F30062B0AD8284644
S214012410F6F75EF9012200232046FEF74DF800206C
S21401242004B070BD0E2128461DF05EFC2846FFF75D
S2140124307DFE0646FFF702FBC6F80510FFF7FEFA1B
S2140124402946C6F8010020461DF04CFC0321204613
S2140124501BF0D0FD00220346009221460120034ACC
S2140124601DF08EFCDBE70821DDE700BF410003001D
S21401247010B5054C054A204605491DF0D0FD2046FD
S214012480BDE81040FFF7DABDDC260020110203008C
S214012490F12501002DE9F04191F806800F4686B03E
S2140124A008F10C080391044601EB080601460120D9
S2140124B01BF049FD17F808300546023B0F2B00F2CA
S2140124C08E80DFE803F0088C8C8C8C638C6D8C8C92
S2140124D02D5C8C8C8C4D26F03DFA71780546204695
S2140124E01BF085FD082120461BF038FD2146012002
S2140124F01DF0B5FC214600201DF0B1FC0123009320
S214012500002321461846374A1DF03AFC03A817F067
S214012510B5FC284626F019FA012006B0BDE8F08180
S214012520B3882046728871781BF071FF20461BF035
S21401253019FD830708D4204603991DF00CFE0121DE
S21401254020461DF0B9FBE7E7AA68274B9A4203D15C
S214012550214601201DF053FC03A817F08FFCEEE77F
S214012560836843B103AA0492B27803218DF814203C
S21401257004AA2046984703A817F080FCCCE7836896
S214012580002BF8D003AA04927278EEE78368002B3A
S214012590F1D00022059203AA0492042104AAE8E7D6
S2140125A0039D21460120AE791BF0CDFC0F4B8268BE
S2140125B09A4203D02846F6F78BF8ADE7AB19D3F865
S2140125C00D202046D3F81130FDF776FF2846F6F7A2
S2140125D07FF8214601201DF012FC0221B0E7002001
S2140125E09BE700BF4B0103003D00030041000300D1
S2140125F02DE9F3410D4604461BF0AEFC10F0010F29
S214012600AB7974D00C3315F80380EE18B8F1010FCE
S2140126104AD0B8F1080F42D0B8F1000F5AD120467F
S21401262071891DF09BFBB38872889A4294BF074656
S2140126300027092B38BF09237278013B9BB29A42C7
S21401264019D8002A08BF00272046FDF7C7FA80B22E
S2140126501BF034FC88B14388B18800930846F388A0
S214012660328919F073FD50B92846F6F731F8012082
S21401267002B0BDE8F0814746E6E70123ECE7002F0C
S214012680F2D0214600201BF05EFC1023C5600093AB
S21401269073891B4A214600201DF072FBE7E7294695
S2140126A020461DF0F0FCE2E72046F1881DF056FBBF
S2140126B00746701C18F0E8FF0028D5D0002FD3D0AD
S2140126C0214600201BF03FFC2023C5600093F388C1
S2140126D00C4ADFE72946204619F0C5FE0028C6D178
S2140126E02946204602B0BDE8F041FFF7D3BE2B4491
S2140126F01B7B0E2BD3D02946204619F0A3FEEDE70F
S21401270093010300DB00030038B504460D461BF0B9
S21401271029FC42070FD420461BF024FC83070AD469
S214012720204602211BF020FC29462046BDE8384001
S214012730034A1DF009BC2846F5F7CAFF002038BD3C
S2140127408922010038B504460D461BF005FC00F051
S214012750050004280CD120461BF004FC10F4C02F01
S21401276006D129462046BDE83840044A1DF0ECBB98
S2140127702846F5F7ADFF0C2038BD00BFB522010095
S214012780014A1DF0E1BB00BF7923010070B5054683
S2140127900C46014601201BF0D6FB064628461BF0D8
S2140127A0E1FB010704D52046F5F792FF002070BD36
S2140127B033685A05F7D428461BF0CEFBC30708D565
S2140127C021462846FFF7A0FF18B917F02AFD044650
S2140127D070B156E8003F43F4806346E80032002AB1
S2140127E0F7D121462846BDE87040024A1DF0ACBB31
S2140127F00720DCE7E123010073B504460E461BF013
S214012800ABFB00F00C0004284FF0020031D117F0AA
S21401281008FD054678B34379022143F0020343716C
S2140128201DF062FA2846FFF781FC294646702046CD
S2140128301DF058FA162120461BF0D9FB0821204628
S2140128401BF08CFB214601201DF009FB21460020D0
S2140128501DF005FB20461DF0ACFB012120461BF0B8
S214012860C9FB0346012021460090044A1DF088FA60
S214012870002002B070BD0720FBE700BF6B0003001D
S2140128802DE9F04387B004460E461BF06BFB00F4BF
S214012890C060B0F5C06F06D1022017F0C2FC054635
S2140128A010B9072053E00025214601201BF04BFB01
S2140128B0814696F8068000F1120208F10C08B04431
S2140128C008F10F0308F11F0153F8040B8B4242F87D
S2140128D0040BF9D1032130461DF006FA3046FFF706
S2140128E025FC0A22074608F10501013016F095FF7E
S2140128F00C210DEB0100F9F7B3FA03AB03CBC7F8D4
S2140129000B00C7F80F10059B07F10B02C7F8133031
S21401291005B30A2128461DF0E7F92846FFF706FC0D
S214012920294620461DF0DEF940212046C9F80C60F4
S2140129301BF014FB032120461BF05CFB002503461D
S214012940214601200B4A00951DF01AFA284607B0C9
S214012950BDE8F083204607F1130301211CF0B4FB08
S214012960204631461DF0BEF92046C9F80C501CF031
S214012970C7FBDFE77B020300F0B589B00D460446CE
S2140129801BF0EAFA10F00100AB7900F0A1800C33DD
S214012990EA18EB5C033B082B00F23381DFE813F007
S2140129A009003101310182003101310131015C0040
S2140129B07C00D2F80100D2F8051003ABB2F809701A
S2140129C003C302F1130301210B3220461CF07CFBEA
S2140129D0042128461DF088F92846FFF7A7FB06467E
S2140129E00C2105A8F9F73CFA05AB03CB3346C6F82C
S2140129F00100C6F80510079A002143F8092F204662
S214012A00721C1CF061FB214600201BF09CFA034659
S214012A1003AA478303CAC3F81200C3F81610204658
S214012A200821FDF7F1F8802120461BF097FA204691
S214012A301CF066FB294620461DF054F9032120466A
S214012A401BF0D8FA0346002021466F4A00901DF07D
S214012A5097F9012009B0F0BD0B2128461DF044F975
S214012A602846FFF763FB294620461DF03BF925F073
S214012A7071FF0546C02120461BF070FA4FF48051C5
S214012A8020461BF071FA284625F05FFF4FF480615F
S214012A9020461BF06DFADCE72846F5F719FE4FF4E1
S214012AA00071F5E7062128461DF01EF92846FFF7B6
S214012AB03DFB20461BF003FD294620461DF012F97A
S214012AC020461CF042FB214600201DF098F9C0E785
S214012AD02B441B7B043B072BBCD801A252F823F0E6
S214012AE0012B0100252B0100872B0100552A01002F
S214012AF0552A0100552A0100552A01009D2B010087
S214012B00204680211BF02AFAAA7920460C322A4454
S214012B1002F10903002101321CF0D6FA2846F5F726
S214012B20D7FD96E74FF48060FEF700FFB0B10027AF
S214012B304FF4006120461BF017FA2046CDE90577D1
S214012B40FDF74CF8064620461BF004FA39460346C4
S214012B50009505AAB0B21CF07DFF7AE72146012058
S214012B601BF0F1F900F1120120461CF003FB0621CF
S214012B7028461DF0B9F82846FFF7D8FA2946204618
S214012B801DF0B0F865E72846F5F7A2FD21460120BD
S214012B901DF065F920461CF0D8FA5AE725F0DAFE52
S214012BA00646802120461BF0D9F94FF48051204675
S214012BB01BF0DAF9304625F0C8FE4FF4C061204616
S214012BC01BF0D6F9294620461DF08CF82146012037
S214012BD01BF0B9F9C268054682B1937901210C331D
S214012BE01A4402F1130320460B321CF06DFA2046FC
S214012BF01CF086FA2046E9681DF074F80023EB60A5
S214012C0027E7002026E700BF7B02030010B5074C2C
S214012C100749204600221DF002FA2046FFF70EFA69
S214012C20BDE8104001200021FEF786BEE826002000
S214012C307929010038B505460C461BF08DF900F0E0
S214012C400500042806D121462846BDE83840044A36
S214012C501DF07AB92046F5F73BFD0C2038BD00BFC4
S214012C608128010038B50C468B7905460C3319448A
S214012C70E35C142B03D0152B0FD0002038BD013197
S214012C801DF0D1FB1521284622461DF014FC2146D5
S214012C9028461DF027F80120F0E7014601201BF029
S214012CA052F90B4B82689A4203D02046F5F710FD85
S214012CB0F1E7A179284621440D311DF0B4FB2046E9
S214012CC0F5F706FD294601201DF099F8E3E700BF58
S214012CD00B05030037B504460D460A4614211DF0C0
S214012CE0EAFB294620461CF0FDFF032120461BF087
S214012CF081F930220346009221460120024A1DF046
S214012D003FF8002003B030BD0B05030010B5074C9B
S214012D1007492046074A1DF082F92046FFF78EF93B
S214012D20BDE8104020200021FEF706BEF426002054
S214012D30652C01000F05030073B51E46ADF8002093
S214012D408DF80230009B044601A801930D461146FA
S214012D501DF053FB9DF80630B34203D1BDF8043095
S214012D608B4205D02846F5F7B3FC122002B070BDA1
S214012D7020461BF006FA9DF80230827A9A4209D163
S214012D808288BDF800309A4204D12846F5F7A0FCA7
S214012D900020EBE7694620461BF0E5FD2946204664
S214012DA0014A1DF0D1F8E1E7D52C010038B525F030
S214012DB0D1FD084D0446002128461AF0EDFCF6F731
S214012DC06DFD686028461AF0DBFC2046BDE83840F9
S214012DD025F0BBBD0027002038B51D4C012808BFD3
S214012DE0A3844FF0000363754FF0040394F8285052
S214012DF0E382184B0CBF45F0300545F050051648E8
S214012E0084F826104FF47A710CBF84F8285084F8A1
S214012E102850C4E9033384F8272018F04BFC01201E
S214012E20FBF752FE28B9237D5A075CBF43F0020325
S214012E302375A1680848C1F3C84141F0F001F8F7CD
S214012E4047F9064BA361237D43F00903237538BD7B
S214012E500027002000CA9A3B08270020612E0100A7
S214012E600328F8B50CD004D801280DD0022852D07A
S214012E70F8BD3128FCD12D4B1B685B7D012BF7D1AA
S214012E80BDE8F840FFF792BF294F284E7B7D356895
S214012E902B75FB8C6B8200232B8297F828309906C2
S214012EA034D5A8751BF050FF386A1BF052FF346802
S214012EB0E860E0681BF049FF4178A07C1BF0E7FD65
S214012EC0044617F09FFD38B1C3799A0642BF83794D
S214012ED003F01F0304EBC30440F2712304F26934C8
S214012EE094FBF3F45C43B7F92400AC60F7F76AF897
S214012EF0F7F772F834687B682360FBF7CDFD6060F6
S214012F002120FEF7E7FB17F090FDB1E70220A87538
S214012F1017F09AFDEEE7064B93F82830DB06A7D5A7
S214012F20BDE8F8402220FEF7D5BB00BFC422002032
S214012F3000270020044B41F20C0093F8283013F0D0
S214012F40100F08BF00207047002700202DE9F04F22
S214012F5089B00F4690469DF848409DF84C900290E7
S214012F60039317F04FFD002857D0211E18BF0121EB
S214012F70C27961F34512C271920629D417F042FD57
S214012F80054600284CD106464FF0020A012017F0EC
S214012F9048F9584C2062002800F0A980837908F08F
S214012FA00F020C33C118C2544F702EB1C25C42F0EE
S214012FB02002C254AB798B70514616F02FFFB8F140
S214012FC0070F5BD8DFE808F0524638904C4F49436C
S214012FD0B9F1020F05D941F21104204609B0BDE846
S214012FE0F08FA21E122AF6D8827904F01F0402F08E
S214012FF0200244EA891414439DF85010159A8471EE
S21401300017F0F1FC10B140F48054E6E717F0E6FC47
S2140130100028B3D040F48054DFE7002CAED0DAE7C6
S214013020C37903F02003002B0BBF002601264FF0C7
S214013030020A4FF0030AA9E73A46AA21206A1DF0C0
S21401304093FA0446D0B12C4816F018FFC5E73A4665
S2140130505521F3E73A46F021F0E73A460F21EDE72E
S2140130603A46FF21EAE73A460021E7E74FF0000A31
S2140130704FF0FF3B236A019357450AD80120DDE94B
S2140130800221BDF95830FFF7A7FE0024FFF78EFE98
S214013090A3E74646002504AC0BF48879484624F09D
S2140130A056F94FEA19294FEAC91901356B0749EA5A
S2140130B0560608BF04F8016B08AB00F001009C42FD
S2140130C040EA4B0BE8D1102201980DEB020117F0F4
S2140130D0A6F980B2102804D10AF1100A1FFA8AFA5A
S2140130E0CAE741F20704AEE741F21104ABE741F249
S2140130F0070472E70027002020270020F8B51C4BA4
S2140131001E689EB31B4D95F8284014F010042BD072
S2140131102220FEF7DFFA25F01DFC95F82830074639
S2140131209B06348A06D54FF48030FEF7FFFB002855
S21401313008BF002400260F48314685F828601AF09B
S2140131402BFB0D4816F09AFE2E6217F059FC054629
S21401315017F058FC0146284617F047FC0748F8F7D1
S21401316009F8384625F0F1FB2046F8BD3446FBE762
S214013170C422002000270020202700200827002046
S21401318010B5FCF767FF06220121064B0138DB6804
S21401319040B20333040600D510BD02FB00F401382B
S2140131A01955F7E72C270020014B187C704700BF04
S2140131B02C27002038B5094D0446E86818B117F0E9
S2140131C075F90023EB602CB10621204617F06BF948
S2140131D0E86008B1002038BD1920FCE72C27002044
S2140131E0820800F0030030B5430003290FD8DFE85A
S2140131F001F0020F1A260120591C144C00FA01F1A5
S214013200984041EA0003A15C21EA0303A35430BDC0
S21401321001200E4C00FA03F5A15C034429439840B3
S21401322021EA0003F2E70120084C00FA03F5A15C4D
S21401323021EA05010344984041EA0003E6E701203C
S214013240024C00FA03F5A15C2943F3E72C27002082
S214013250F0B5164C054694E80700267C01270024A5
S21401326085B001AB03C31A80C4F3C403EA5C04F05F
S214013270070307FA03F31A42E0B210D1032101341F
S214013280FFF7AEFF252CEFD10A22084901A816F058
S214013290B4FA48B105B0BDE8F040FFF771BF012EA2
S2140132A014BF00213146EAE705B0F0BD2C27002007
S2140132B008B5FCF793FC054B00B2DB6800EB400059
S2140132C013F81000431E5842584108BD2C27002011
S2140132D0F8B50546FCF782FC144E03B2F26803EB20
S2140132E043035F0002EB4303DA78F2B19A88B5F83C
S2140132F0801028460A449A805B7803EB830303EB2D
S2140133008303DC001AF0E5FE40F271234FF47A7174
S2140133104343B3FBF1F3F2689BB23A449188A4B2FB
S2140133204B439C42BCBF0223D370F8BD2C27002020
S21401333070B50546FCF752FC074E04463146284652
S21401334000F050F838B9F26823B203EB430302EBFE
S2140133504303D870988070BD2C27002037B50446EB
S214013360FFF7A6FF18B320461AF0F6FDC3071ED5D1
S214013370104D2B7C012B05D16846F7F7DBFD68461F
S214013380FFF766FF2046FFF7A3FF2046FCF726FC63
S214013390EB6800B200EB400003EB4003DB78022B46
S2140133A005D1204603B0BDE83040FFF7C1BF03B0EA
S2140133B030BD00BF2C27002013B504461CF092FC3C
S2140133C0032120461AF016FE0222034600922146E9
S2140133D00120034A1CF0D4FC002002B010BD00BF3F
S2140133E02306030070B5064600200D4616F019FFA9
S2140133F00446A8B129211CF077FC2046FEF796FE6C
S2140134002B682146C0F801306B68064AC0F80530C3
S2140134102B89A0F809303046BDE870401CF094BDF9
S214013420072070BDB93301000022034B1A609A8051
S214013430FF229A71704700BFEB2D0020064A1379D0
S214013440834207D9012312688340134214BF012027
S214013450002070470020704740270020054A034699
S2140134601068002208B91A607047C10748BF0132C8
S2140134704008F7E740270020014B1879704700BF46
S21401348040270020024B1B6803600020704700BFE6
S21401349040270020F0B541EA002087B040F490278D
S2140134A006200E461546F3F781F816F0FAFF044695
S2140134B040B901461A2005F0F5FA6FF08C0528464A
S2140134C007B0F0BD43684761DAB222B923F0FF03C3
S2140134D043F00103436015F0B3F90002062E1C4BBE
S2140134E040F0010060600CBF40F201114FF48071A2
S2140134F020461DF0AAF8E360164B2A46236002AB6D
S2140135001E4605F110071D4610685168083203C5AE
S214013510BA422B46F7D11021304623F0D8FF1022AD
S2140135203146204601AB15F0DEFC054620B10146CA
S21401353040F2074005F0B6FA1021304623F0D5FFD9
S214013540204615F064FF204616F0B0FFB7E700BF2F
S2140135500044400400248000102A2DE9FF47064657
S2140135600F46154623D800244FF00109DFF84480A2
S214013570DFF844A0D8F8002009FA04F3134213D068
S21401358046EA042040EA0A006A46E9B280B20AF036
S214013590D9FF48B92A463946684616F02EF918B9B1
S2140135A060B204B0BDE8F0870134202CE2D14FF0C0
S2140135B0FF30F6E7402700200080FFFF2DE9F341AA
S2140135C01D4E054601460622304616F016F920B96C
S2140135D096F9060002B0BDE8F0810024A046EF1C73
S2140135E02046FFF72BFFD8B13B88CDF80080ADF819
S2140135F00330BB786946E0B28DF8053021F064F8F7
S21401360021280DD0A8B903222946684616F0F5F8F8
S21401361030B92B6860B23360AB88B071B380D9E73C
S2140136200134202CDCD12B683360AB88B380FF23B8
S214013630B3714FF0FF30CDE7EB2D0020034B93F92C
S2140136400630013301D1FFF7EFBE7047EB2D0020A6
S214013650F7B5044622F0EEFE631C58D1FFF7E4FEF0
S2140136600024624E3379A3422CD84FF40041002443
S21401367008460AF0C7FF20224FF0FF315C4834604D
S21401368016F0E5F8204601F037F8FF260446594DB6
S2140136905CBB594815F037FB014630B110F1880F75
S2140136A003D040F2074005F0FDF90C214F4A43F6DE
S2140136B0FF700AF02BFF202138204D4A0AF026FF22
S2140136C000202AE02046FFF7B9FE60B165B2052169
S2140136D028461CF0BCFF032128461CF0B8FF062133
S2140136E028461CF0B4FF0134BCE794F97530013369
S2140136F005D02B7843B9132120461DF07DFF2046C7
S21401370000F0FAFF0446C3E784F87560F7E7204641
S214013710FFF794FE18B940F2064003B0F0BD6B46C1
S2140137200622002120461CF0E8FF002845D0492348
S2140137308DF806304FF47F41304840EA04200840B7
S2140137400AF060FF052120461CF081FF0321204678
S2140137501CF07DFF062120461CF079FF012223493B
S214013760E3B29A400B6823EA02030B60244B93F9F9
S2140137700630A34201D1FFF757FE002005460B791C
S2140137801B4A013BC1B2994221DBFF260020D654D9
S21401379000F0B2FF0546174F002D86D095F975301B
S2140137A0A34205D13B78EBB9132128461DF024FF2F
S2140137B0284600F0A1FF0546EEE76B4606220121EA
S2140137C020461CF09AFF0028B4D07223B0E7565664
S2140137D0A64200D025B1551895F90150555401253A
S2140137E00130CFE785F87560E2E700BF402700208B
S2140137F0CB2D0020C92D0020370004000080FFFFDC
S214013800EB2D0020202828BF2020012838BF0120CA
S2140138100322F8B54300B3FBF2F30D4D0D4A0F46F4
S21401382013702B790446834206460DD82C716F71AE
S2140138300C21BDE8F84043F6FF70054A0AF066BE63
S21401384070B2FFF705FF01362B79B342F8DCEDE7DE
S21401385040270020CA2D00202DE9FF41354C0646A1
S21401386001A8FFF7FBFD2379019A93421ED86279DE
S214013870012A40D100274FF0FF383D4610E023686B
S214013880EB40D9070BD5082202AB114668B21CF0F3
S21401389034FF20B1039B43453CBF2F469846013574
S2140138A023799D42EBD378B2FFF7D2FE236813F05B
S2140138B0010529D0002501220135202D18D002FA54
S2140138C005F71F42F8D13B432360A3680C2101335F
S2140138D043F6FF70174A7361A3600AF017FEA8B19A
S2140138E0236823EA07032360A368013BA36073618F
S2140138F04FF0FF3519E0022AFAD10F4A134413F9A3
S214013900010D421CFBD0CFE70127DCE722790A4CE8
S214013910013A2146D2B2601C15F07FFF6DB22246F5
S2140139202021382025700AF0F1FD284604B0BDE8B4
S214013930F08100BF40270020CB2D00202DE9F04369
S214013940002489B0AF4D04213F2001AA2C700AF053
S214013950F9FD00B10194019F002F4FD00026781E7B
S2140139604742474100242C70A74D0C212A4643F6B6
S214013970FF700AF0E7FDC0B10D23AB80019B2C6000
S214013980032BAC6011D803AC2246142143F6FF701A
S2140139900AF0D8FD48B994E8070085E807002A46EA
S2140139A00C2143F6FF700AF0B1FD019B042B06D0F3
S2140139B004213F200DEB010201910AF0A7FD202111
S2140139C03820924A0AF0BEFD28B120224FF0FF317E
S2140139D08E4815F03CFF03222B795B00B3FBF2F314
S2140139E08B4A1370FFF720FDF4F792F8014618B1E1
S2140139F040F2074005F056F8002413E0012637464A
S214013A00B0E72B68E340D9070BD508224FFA84F8B4
S214013A101146404603AB1CF070FE10B94046FFF756
S214013A2017FE01342B799C42EBD38EB1102137203F
S214013A3003AA0AF087FD002852D10620F2F7B6FD48
S214013A4016F02FFD044680B901461A2005F02AF823
S214013A503FB13D200AF092FD00242B799C42C0F034
S214013A60AB80002009B0BDE8F0836A4A4368426132
S214013A70DAB222B923F0FF0343F00103436014F0E6
S214013A80DFFE0002644B40F0010040F2011160606D
S214013A9020461CF0DAFDE360604B1021236003A88A
S214013AA023F015FD102202AB03A9204615F01BFAE0
S214013AB00646102103A823F018FD204615F0A7FCA2
S214013AC0204616F0F3FC37200AF058FD46B140F2C6
S214013AD00740314604F0E6FF4FF0FF30FFF7B8FD30
S214013AE0002623E03046FFF7A9FCF0B174B210229D
S214013AF00321204603AB1CF000FE1028814620D18E
S214013B000321204603AAFFF7C5FC8046494603A8C1
S214013B1023F0EBFCB8F1000F0CD040F20740414611
S214013B2004F0C0FF2046FFF793FD01362B799E4235
S214013B30D8D38DE748F2030040EA062080B20AF0A7
S214013B401DFD10220521204603AB1CF0D6FD1028D2
S214013B50814613D10521204603AAFFF79BFC804628
S214013B60494603A823F0C1FCB8F1000FD5D148F2AD
S214013B70050040EA062080B20AF000FD1022062168
S214013B80204603AB1CF0B9FD10288146CDD1062195
S214013B90204603AAFFF77EFC8046494603A823F089
S214013BA0A4FCB8F1000FB8D148F2060040EA06209E
S214013BB080B20AF0E3FCB8E72046FFF73FFCF0B11D
S214013BC066B204220C21304602AB1CF096FD042896
S214013BD00AD1029B0122C3F300238DF80C300C217D
S214013BE0304603AB1CF048FD00231022CDE9033319
S214013BF0CDE905330D21304603AB1CF03DFD013404
S214013C002BE700BFC92D002040270020CB2D002028
S214013C10CA2D002037000400004440040024800020
S214013C20F8B5104B044618790F4B00221D46D1B249
S214013C30884204D913F9017B561CA74204D10B4BC9
S214013C401B788B4202D9F8BD3246F0E70649481C7C
S214013C5015F0E3FD2C702021BDE8F8403820024A1B
S214013C600AF054BC40270020CB2D0020CA2D00208E
S214013C7038B50A4B1C680388073CA4B29C4228BF8F
S214013C801C46204601F04AFF051E054818BF0024C1
S214013C9023F054FB8580C48038BD00BF84280020F3
S214013CA02004090010B5007820F026FA04460248E0
S214013CB023F044FB848010BD2002090130B5044680
S214013CC0457887B02A46811C01A815F0C8FD01A9D0
S214013CD02078059520F01AFA0446034823F02EFBB7
S214013CE0848007B030BD00BF2002090210B5D0F8AD
S214013CF00110007820F01EFA0446024823F01EFB4D
S214013D00848010BD2002091010B5D0F8011000788B
S214013D1020F01CFA0446024823F010FB848010BDF4
S214013D202002090330B50446457987B02A46811D2D
S214013D3001A815F094FDD4F8011001AA2078059584
S214013D4020F010FA0446034823F0F8FA848007B0FE
S214013D5030BD00BF20020904002310B5B0F80110E1
S214013D601A46007820F022FA0446024823F0E6FAC2
S214013D70848010BD2002090710B5B0F80110B0F814
S214013D800530B0F80320007820F010FA0446024807
S214013D9023F0D4FA848010BD2002091270B544794C
S214013DA086B00578D0F801602246811D01A815F07D
S214013DB056FD314601AA2846059420F007FA044626
S214013DC0024823F0BBFA848006B070BD20020908C1
S214013DD00146B0F8012010B511F8030BD2B220F05D
S214013DE00BFA0446024823F0A9FA848010BD00BFEE
S214013DF0200209170146B0F8012010B511F8030B8F
S214013E00D2B220F007FA0446024823F097FA8480DB
S214013E1010BD00BF2002091810B5B0F80110B0F8A7
S214013E200330421D007820F003FA0446024823F0CE
S214013E3085FA848010BD00BF2002091930B585B00F
S214013E400DF10E030093B0F80330B0F80110421DD7
S214013E50007820F0FDF904460448BDF80E5023F022
S214013E606DFA8480C58005B030BD00BF2004091AF4
S214013E7030B587B00DF116030293B0F80530012274
S214013E800193C31D0093B0F80330B0F80110007819
S214013E9020F0FAF904460448BDF8165023F04EFA0D
S214013EA08480C58007B030BD2004091B10B5417859
S214013EB0007820F003FA0446024823F03FFA848093
S214013EC010BD00BF2002090C10B5B0F80110C27871
S214013ED0007820F025FA0446024823F02FFA848061
S214013EE010BD00BF2002090510B5B0F801104FF64D
S214013EF0FF72007820F04CF90446024823F01EFABF
S214013F00848010BD2002090610B5B0F80110B0F883
S214013F1003208A4208D3007820F03AF90446034881
S214013F2023F00CFA848010BD2124F8E7200209143E
S214013F3010B5B0F80110007820F0D6F90446024812
S214013F4023F0FCF9848010BD2002090E10B5B0F8EC
S214013F500110B0F80330421D007820F0D1F9044674
S214013F60024823F0EBF9848010BD00BF2002091D32
S214013F7010B5007820F0AEF90446024823F0DEF9C9
S214013F80848010BD2002090D30B587B00DF11603EF
S214013F900293B0F8053002220193C31D0093B0F8D6
S214013FA00330B0F80110007820F06EF9044604489A
S214013FB0BDF8165023F0C2F98480C58007B030BD25
S214013FC02004091C37B500780DF106011CF092FD9E
S214013FD0044610B10023ADF806300448BDF806507B
S214013FE023F0ACF98480C58003B030BD20040915E8
S214013FF020F00040A0F20540F8B5032817D8DFE806
S21401400000F0021728330C790F78A4F11B025342F3
S21401401053414E88CD8801F108021948990015F0E0
S214014020E2FD20B10771A0F80560C4710581F8BDF5
S2140140300E784D888C8801F108021248002115F08F
S214014040D2FD0028F3D00671A0F80550A0F807406D
S214014050EDE70D480D784C6815F08DFD0028E6D08B
S2140140600571A0F80540E2E707480C7815F083FDD6
S2140140700028DCD007234371002304718371D6E73F
S214014080CC950300C8950300C495030037B50D4BC6
S21401409041881C6801AA0DF1020300881EF03FFD4D
S2140140A0043CBDF80230A4B2A34288BFADF802407A
S2140140B00546019ABDF80210034823F046F98580AB
S2140140C003B030BD8428002020840A161FB50024C2
S2140140D001882046CDE90044CDE902441EF07EF871
S2140140E04FF6FF7398420AD0694602F081F90146FD
S2140140F06A46054823F029F9848004B010BD21469C
S21401410041F20114F4E700BF20030A0100232DE960
S214014110F04788B08DF81630ADF81830ADF81A3083
S2140141208DF81730ADF81C30ADF81E300DF11E03BA
S2140141300088029307AB01930DF11703009306AABB
S2140141400DF11A030DF1160102F05EFA04460E484F
S2140141509DF816A0BDF81890BDF81A809DF8177046
S214014160BDF81C60BDF81E5023F0E8F8848080F886
S21401417006A0A0F80790A0F80980C7728681C581BD
S21401418008B0BDE8F08700BF200C0A0537B50288E5
S21401419081780DF1060303301DF059FF04460448EB
S2140141A0BDF8065023F0CAF88480C58003B030BD40
S2140141B020040A067FB5014602460DF10E0331F8CA
S2140141C0030B0093927803AB1EF0FEFF04460648ED
S2140141D0BDF80C60BDF80E5023F0B0F88480C680A0
S2140141E0058104B070BD00BF20060A09002110B584
S2140141F0821D83880446084616F03EF9024648B1F9
S214014200618820881EF0B7FC0446034823F096F820
S214014210848010BD1A24F8E720020A170023F0B59F
S214014220044685B0ADF80E30B0F80150C7788688E0
S21401423014F8060B1DF0A7FB90B10DF10E032246F4
S214014240CDE90073294633461EF0ABFE0446054809
S214014250BDF80E5023F072F88480C58005B0F0BD1D
S2140142602524F4E720040A1837B5B0F80140C578CC
S21401427000781DF088FB68B1002321462A46CDE967
S21401428000331EF0C7FE0446034823F057F8848027
S21401429003B030BD2524F7E720020A042DE9F341D7
S2140142A00446B0F80150C6788788B0F8068014F83E
S2140142B0080B1DF068FB70B1CDE900483B4632465D
S2140142C029461EF0A7FE0446044823F037F88480EA
S2140142D002B0BDE8F0812524F6E700BF20020A1CE3
S2140142E0002313B50193D0F8033000F109020093BF
S2140142F0B0F80730B0F8011000781CF063FA0446F5
S214014300024823F01BF8848002B010BD20020A1D6B
S214014310802313B50193D0F8033000F1090200930E
S214014320B0F80730B0F8011000781CF04BFA0446DC
S214014330024823F003F8848002B010BD20020A1E52
S214014340002313B5CDE90033421DB0F80330B0F8B1
S214014350011000781CF036FA0446034822F0EEFFFE
S214014360848002B010BD00BF20020A1900238022FB
S21401437013B5CDE90032421DB0F80330B0F8011094
S21401438000781CF01FFA0446024822F0D7FF84800A
S21401439002B010BD20020A1A08B50146034631F8DC
S2140143A0040B5A881EF0A0FD034822F0C7FF002325
S2140143B00371437108BD00BF20020A1B002337B5F5
S2140143C0B0F801400078ADF806301DF0DCFA70B1A7
S2140143D021460DF106021EF0CAFD04460548BDF849
S2140143E0065022F0ABFF8480C58003B030BD252483
S2140143F0F4E700BF20040A1238B500781DF0C3FAAE
S214014400044648B11DF0F6FA00250446034822F09A
S21401441095FF8580847138BD2525F7E720030A15A9
S21401442010B50168406889B2C0B21EF0B6FE0446F7
S214014430024822F083FF848010BD00BF20020A08D4
S21401444010B50446012001F097FC236840EA0301F9
S21401445089B200201EF0A1FE0446024822F06EFF3B
S214014460848010BD20020A0C10B50446012001F01C
S21401447083FC236820EA030189B200201EF08DFE2A
S2140144800446024822F05AFF848010BD20020A0D1D
S21401449010B5012001F070FC0446044822F04EFFDE
S2140144A00023C0F806400371437110BD20060A0EB2
S2140144B038B50A4B1C680388073CA4B29C4228BF47
S2140144C01C46204601F02AFB051E054818BF00249D
S2140144D022F034FF8580C48038BD00BF84280020C8
S2140144E020040A0A37B500780DF106011CF002FB1C
S2140144F0044610B10023ADF806300448BDF8065056
S21401450022F01CFF8480C58003B030BD20040A0B56
S21401451040F2055320F0004098422DE9F0410BD8B7
S21401452040F20153984209D840F2014398420DD017
S21401453040F20A43984214D0BDE8F081A0F203503D
S214014540022816D8DFE800F024495C000D784C8874
S2140145502D4815F010FB0028EED00571A0F8054097
S214014560EAE72A480C7815F006FB0028E4D0047127
S214014570E2E727480F784E880D79CC8815F0FBFACC
S2140145800028D9D00771A0F80560C5710481D3E76A
S2140145908C684E880D790F7884B1B1F8068001F1E8
S2140145A008021C48002115F01EFB0028C4D0077124
S2140145B0A0F80560C571A0F80880BDE7234622462D
S2140145C02146144815F0E8FA0028B5D00771A0F87E
S2140145D00560C57104724472AEE70F4891F8008019
S2140145E04F880E79CD880C8915F0C5FA0028A3D01E
S2140145F080F80480A0F80570C671058144819BE7A8
S2140146000D784C680548A4E7B4960300A09603000D
S214014610B0960300AC960300A8960300A496030088
S21401462070B504460D461B4A13686BB393F87D10AC
S214014630586811F0040129D110608C22184693F8AD
S214014640706015F004F9034680F870602268C0F8BF
S2140146505A20A288A0F85E20A27980F860202868F7
S214014660D864AA79A98883F85220FF2283F8752096
S21401467083F8762040F6FF72A3F86E20064AA3F868
S2140146805010116813605960184670BD1A1D034614
S214014690CBE700BF502700204C270020054A0346E1
S2140146A0106800B97047B0F86E209A42FAD0406898
S2140146B0F7E700BF4C270020054A0346106800B9FB
S2140146C0704790F870209A42FAD04068F7E700BF2A
S2140146D04C27002038B50546064B1C680CB9204609
S2140146E038BD294604F14C0000F088FF0028F6D1B9
S2140146F06468F3E74C27002010B9024B186870472E
S214014700406870474C2700200023114A2DE9F041EC
S2140147108C211360804602460120F4F759F90446BD
S21401472020B905460B4E3060454502D32046BDE80C
S214014730F0810120F4F7B2F907468C2200210135F9
S21401474015F085F887F8705037603E1DECE700BF1E
S2140147504C27002050270020012310B58B4090F8ED
S2140147607110044621EA030149B280F8711000294C
S21401477049D121F036FE20461FF0D1FF102104F169
S214014780180022F0B2FE204603F038FE04F138008D
S21401479015F074FB20461FF0EDFE214A13681BB18D
S2140147A09C42596830D11160A36859050BD51A058A
S2140147B009D443F40063A18994F87000A36004F15E
S2140147C0780209F023F900232046636022F052FEA6
S2140147D01CF020F84FF48072B2FBF0F2424394F8DA
S2140147E070300344B3FBF2F102FB1133DBB2591E06
S2140147F0C9B2FD29F5D884F8703000236360094BEF
S2140148001A6852B91C6010BD1A465B68002BCBD0E3
S2140148109C42F9D163685360C6E7131D5268F0E7FE
S2140148204C2700205027002090F8743003F00B032B
S214014830013BDBB20A2B9ABF014AD05C00207047CD
S214014840709703001FB5014690F870308DF804305C
S214014850FFF7EAFFB1F862308DF80C00ADF80630CC
S214014860B1F8643001AAADF80A30B1F866300548EF
S21401487040F20311ADF8083022F010FE05B05DF8E5
S21401488004FB00BFCC27002007B590F870308DF8E8
S214014890051001AA40F2072103488DF8043022F0E2
S2140148A0FDFD03B05DF804FBCC27002038B50A4BAC
S2140148B004461B680D462BB143699B0702D51CF0C5
S2140148C0E9FF30B12A4620680421BDE838401FF0D0
S2140148D0C3BDA3699D6138BD54270020014B1860F4
S2140148E0704700BF54270020024B1868003818BFD5
S2140148F0012070475427002013B50446019120B9C2
S21401490001A815F0BBFA212012E008460029FAD0CA
S21401491015F048FB80B20028F2D0094B20461B68F0
S21401492001994BB1984728B92046019902F05CFCE1
S21401493002B010BD0020FBE703F098F8F3E700BFD4
S21401494054270020436A70B55904044616D4154A04
S21401495003F4004392F82420012A10D1826A9204BB
S2140149600DD4002B00F101010CBF532014201CF0C4
S214014970E7FE18B9636A43F00803636270BD002B53
S214014980FCD1094D661C2946304600F037FE00284A
S214014990F4D12B68C4F80130AB88A4F80530AB79A4
S2140149A0E371E7E7D0270020DB2700202DE9F0415F
S2140149B01E4E3071C0B3334600224821F0F7FCFE8C
S2140149C038B905464FF0480807463379AB4202DC52
S2140149D00020BDE8F0813468002108FB054414225C
S2140149E0A76104F1340014F032FFA0224FF4A07343
S2140149F0C4E90723072304F1100084F83130E77374
S214014A00E77115F03BFA04F1140015F037FA204669
S214014A101CF07BF840F20113E3857F23A76284F83C
S214014A20323067620135D0E73060D1E75827002081
S214014A30084A03461179814209D9106840B103EB4F
S214014A40C30300EBC300406A00F00100704700207A
S214014A50704700BF5827002038B504460D46FFF7BB
S214014A60E7FF034640B10020044B04EBC4041B6877
S214014A7003EBC4032B6038BD2120FBE75827002039
S214014A802DE9F04F0446344A93B0106851680FABD5
S214014A9003C3906812AA1860E37B94F82E7002EBA9
S214014AA0430333F80C1C636A94F82F60DA0444D489
S214014AB00126374641F0100194F80E80C3F34049B1
S214014AC05B0348BF49F002098BB288F00808012F42
S214014AD094F800A094F831500B9304F1080BD4E934
S214014AE00723C8F3C00894F9324005D0022F03D03B
S214014AF0042F14BF00270327012E05D0022E03D052
S214014B00042E14BF002603265046CDE90C231CF0C4
S214014B10A0F8DDE90C230121CDE90760CDE90051BC
S214014B205046CDE90547CDE903B90B99CDF8088084
S214014B3003F09EFC13B0BDE8F08FA26A950648BF4D
S214014B4041F02001500648BF41F04001DA0348BF5A
S214014B5041F00401B0E700BF7C97030037B5044677
S214014B6048B104782046FFF763FF10B9002003B070
S214014B7030BD0134E4B2074D2B79A342F6D9204665
S214014B8001A9FFF769FF08B90198F0E70134E4B21B
S214014B90F2E700BF58270020014B1879704700BF85
S214014BA0582700202DE9F04F054600F1100887B080
S214014BB0404605F114090C46164615F05FF94846BD
S214014BC015F05CF9002015F02CFB0390002800F08E
S214014BD00B81012E40F2726618BF1F26012C63D08E
S214014BE0022C0CBF0624042402211BF098FF01218D
S214014BF003981BF094FF214603981BF090FF03983F
S214014C0015F0D0F9012384B2311B0A22009389B230
S214014C1042F6072303981BF0D2FF04230444A4B2F0
S214014C20311B0093122242F60423039889B21BF02B
S214014C30C6FF00EB040A1FFA8AFA039BA6EB0A07D3
S214014C40012F049332DC0024DFF8A0A1DDF80CB0BC
S214014C509AF82430002B00F0A780404615F00EF994
S214014C606B6AC5F810B043F080026A62DB0400F19B
S214014C70AD809AF82400002840F0A88015F0D1FAFB
S214014C800390002800F0A28031461BF053FF002855
S214014C9040F3A6804846039C15F0F0F86B6A6C61F9
S214014CA043F480736B6291E005249DE7002015F0C4
S214014CB0B8FA05900028C6D0022101F061FDB41EA5
S214014CC0A4EB0A04A4B28442824613D224F0010162
S214014CD01FFA81FB411A05A8DA4615F005FA4FF0CE
S214014CE0020BBAF1000F08D10598E8B905A815F02E
S214014CF0C5F8A8E74FF0030BF3E70AF101010498A2
S214014D00C9B21BF00CFF594604981BF008FF059921
S214014D1004A815F062FA002015F083FA0590002821
S214014D2036D0A4EB0A04A4B2022C38BF0224A4F1A4
S214014D30020B1FFA8BFBBBF10F0F30D9102101F0CC
S214014D401FFD834504461FD22BF00F011FFA81FB7E
S214014D50411A05A85C4615F0C7F94FF0060B611C11
S214014D600498C9B21BF0DBFE594604981BF0D7FE27
S214014D70059904A815F031FA0AF102031C44A4B2FD
S214014D80BAF1000F08D15FE748B14FF0070BE6E72D
S214014D9005A815F073F854460234A4B254E705A8E2
S214014DA015F06CF85446EBE7391B89B258461BF0F0
S214014DB0C1FE04464046039F15F060F86B6A2F61FA
S214014DC043F080026A62002C3FF450AF686A10F02C
S214014DD0100002D028461BF077FF07B0BDE8F08F21
S214014DE003A815F04BF8F1E71A20F6E7D0270020C4
S214014DF02DE9F3410D4601A9FFF72EFE064658BBE5
S214014E00019C636A5A040FD46B0704F1010727D586
S214014E10394614201CF094FC00283AD1636A43F406
S214014E20004343F008036362A36AE8064CBF43F4F9
S214014E30005323F40053A362636AA9064CBF43F4EC
S214014E40003323F400336A064CBF43F4802323F473
S214014E50802343F002036362304602B0BDE8F0816E
S214014E60DFF834803846414600F0C8FB68B9D8F808
S214014E700030C4F80130B8F80430BB8098F806302A
S214014E80BB71636A43F008036362636A23F40043F9
S214014E90C9E70646E0E700BFDB27002013B501A9F6
S214014EA0FFF7DAFDB0B9019A536A13F0100013D177
S214014EB059040FD5094923F48043D1F80B4043F038
S214014EC00803C2F80140B1F80F40497CA2F805403A
S214014ED0D171536202B010BD0220FBE7D02700203B
S214014EE070B5144B0546197918680023994201DC00
S214014EF01A201AE0426AD60718D490F83940640797
S214014F0014D4DCB203460C4903F8014BD1F80B600C
S214014F1042F00902C0F80160B1F80F60497C9E803A
S214014F2099714262FFF7ACFD2C7070BD01334830B9
S214014F30DCE700BF58270020D027002073B505798D
S214014F40C67801A92846FFF787FDE8B9019C636A80
S214014F5023F01003636276B92946A069621C0F4BE1
S214014F6000F0FEF8222231460C48A66102B0BDE8E8
S214014F70704014F06CBC20461BF0C7FD636A5A06ED
S214014F8004D523F04003636202B070BD284604F1E5
S214014F90340102B0BDE8704006F0CCBFF627002011
S214014FA02DE9FF4791420E4615469946BDF830A0B9
S214014FB0BDF83480BDF8387003D9212004B0BDE8AF
S214014FC0F08740F67A428B1F9BB29342F5D8B5F52F
S214014FD0486FF2D8B9F5FA7FEFD240F67642AAF1D9
S214014FE00A039BB29342E8D809F101039BB26B43D3
S214014FF0B3EB8A0FE1DAB845DFD8FF280BD1184B9F
S21401500059829D82A3F81690A3F818A0A3F81A80D7
S2140150109F830020D2E7FFF74FFB04460028CCD041
S21401502090F873302A46012B31464B46CDE901876D
S214015030CDF800A008D103F08FF80028BED1A4F85F
S2140150406880A4F86A70E4E703F086F84B462A46BF
S21401505031462046CDF800A01FF01EFAEDE700BF4E
S214015060D027002037B504460D461CF08AF969881A
S21401507020461BF0C4FB6A7E2B7E204643EA0223B1
S214015080A4F862306A7F2B7F43EA0223A4F86430D7
S214015090EA7EAB7E43EA0223A4F866301B23A4F81B
S2140150A06C302D4B5A8B9B8BA4F86820A4F86A3081
S2140150B0022384F8723021F093F920461FF00AFB90
S2140150C094F87330022B15D103F01EFC70B194F9DD
S2140150D0753001330AD105212046A36843F4805375
S2140150E0A36003B0BDE830401CF086BA002120461C
S2140150F01BF088FB0021204600F04CFD4FF6FF73A5
S214015100288C984225D000F0D3FC009400F058FC7F
S2140151106A46ADF8040040F20621104822F0BEF9B6
S214015120002240F20221204622F074F92046FFF7C1
S21401513089FB20461FF0DAFA204603F089F8A368B7
S214015140012123F480432046A3601CF05DFA03B0DE
S21401515030BD0020D9E700BFD0270020CC27002093
S214015160F7B504460F46164668465A79991D1D46F8
S21401517000F000FA2CB969463046FFF751FA0446AA
S214015180A0B140F2032384F87670A4F87230336835
S2140151902946C4F85A30B3882046A4F85E30B3795D
S2140151A084F86030FFF75EFF03B0F0BD032140F2E4
S2140151B006401FF0E6F86B88A0F803300D23437114
S2140151C00148F6F7A3F8EFE725F30200A0F11B0369
S2140151D0E02B10B5044618D8042142F224001FF033
S2140151E0D0F86FF06F0343714223A0F80340837138
S2140151F00748F6F78BF81FF0F2F8407920B11FF058
S214015200EEF8407940F4805010BD2120FCE700BF45
S21401521055F7020070B506460D4642F222000621F9
S21401522014461FF0AEF8B6F86E30A0F80550A0F898
S2140152300330A0F807400648F6F768F81FF0CFF8E5
S214015240407920B11FF0CBF8407940F4805070BD12
S214015250FDF602002DE9F0439946002387B00F9E24
S214015260334C3360236A07460D46904613B102233A
S214015270336012E020F0C5FD074213D037EA000084
S21401528010D1012F01D0042F0CD1284633464946B0
S2140152900E9A1CF0CDF9054630B90025284607B010
S2140152A0BDE8F0832123E3E7384611F015F83060B6
S2140152B0002833D194F82430012B18D12368DB075A
S2140152C015D4DFF87090484603F070FC306028BBB8
S2140152D02368606843F00203B9F80420236099F854
S2140152E00630C5F85A00A5F85E2085F8603011F042
S2140152F00DF8306090B9A38B3A460593638BFF2176
S2140153000493238B28460393E38A0293A38A01938B
S214015310638A0093434602F0EBFD3060336823B1A5
S21401532000212846FFF718FAB7E72562B6E700BF5F
S214015330D0270020D427002007B590F870304FF40E
S214015340887101AA03488DF8043022F0A7F803B04B
S2140153505DF804FBCC270020F7B5C67805463C2E41
S21401536000F1020404D103B0BDE8F0401BF077BFA2
S21401537087792FBB214A156A1762D6B1214628467E
S21401538046F480561BF0FDFF40F201216A4628468E
S214015390EE6085F87270CDE9005622F07FF8AB68B2
S2140153A0394643F480632846AB60FFF7D5F903B06E
S2140153B0F0BD2146284603B0BDE8F040FFF752BED7
S2140153C04FF6FF73408C98420DD000F071FB50B140
S2140153D000F08CF823460246FF21002003B0BDE80A
S2140153E0F040FFF7BDBE064B223554F8042BAC4205
S2140153F043F8042BF9D122881A80D8E7D027002059
S214015400F62700201FB50446B0F80300FFF746F95B
S21401541008B3B4F8053090F87020A0F86C308DF819
S2140154200420ADF80630227AE37940F2091143EA06
S2140154300223ADF80830A27A637A084843EA0223C9
S214015440ADF80A30227BE37A43EA022301AAADF8DB
S2140154500C3022F023F804B010BD00BFCC2700208A
S2140154601FB504468088FFF719F980B190F87030AF
S2140154700E218DF80430D4F806300648CDF80530F4
S214015480D4F80A3001AACDF8093022F007F804B0A2
S21401549010BD00BFCC27002013B504468088FFF757
S2140154A0FDF8D8B190F870306A468DF80030E37890
S2140154B04FF403718DF80130A37909488DF8023055
S2140154C0E3798DF80330237A8DF80430637A8DF80A
S2140154D00530A37A8DF8063021F0E0FF02B010BD4A
S2140154E0CC27002000487047DB270020044890F8AE
S2140154F0241000F10B020430012918BF1046704732
S214015500D027002038B58379044613F0280F25D01C
S2140155100368134DC5F80B308388A5F80F308379DF
S21401552000206B74FFF71AFB40B92B68032043F089
S21401553002032B60BDE8384010F090BF436A13F4B5
S214015540404FEFD1226843F00803C0F80120A2883B
S214015550A0F80520A2794362C271E3E7212038BD95
S214015560D02700204379024A9B09D05C704700BFD0
S2140155709E9703000B6810B503608B88FF2A0446CC
S214015580838002D10723A37109E0032A08D8054BBB
S2140155909B5C072B837102D1FFF7E4FFA07110BD5E
S2140155A00023F0E7A297030010B50B68FF2A0360FB
S2140155B08B880446838002D10723A37110BD052A78
S2140155C00FD8094B995CCB06817105D5FFF7CAFF49
S2140155D081421CBF0023A37120461CF0D1F800288D
S2140155E0ECD10023E9E700BF989703008379024ACC
S2140155F003F00703D05C70479097030010B58279DB
S2140156008B79094C02F0070203F00703A25CE35C06
S2140156109A4206D1062214F0F0F8B0FA80F040095A
S21401562010BD0020FCE700BF8897030038B5FFF7E0
S214015630B3FAB8B100B200EB800084000023012267
S2140156400920A1B2F3F7C4F9054648B90920F3F7D2
S21401565025FA064B22462946186014F0F8F800256C
S214015660284638BD014B1860F9E700BF60270020C7
S21401567038B50C4B05461C6894B1037803EB8303DD
S21401568004EB8304204614F0F9FB0021287800F08F
S21401569027F92046BDE838401422002114F0D7B877
S2140156A038BD00BF60270020F0B52D4B07461D68AA
S2140156B087B015B9002007B0F0BD007800EB800474
S2140156C0A60005EB84046368990643D49B0708D5B6
S2140156D0002100F021F90028EDD1636823F02203B0
S2140156E06360636813F0210FE4D0190715D5A07C19
S2140156F0A389628921890490607C0390207C0290B2
S214015700E07B0190A07B0090387800F0BDF800287F
S214015710D1D1636823F0080363606368DA070BD5A9
S2140157200121387800F0F8F80028C4D1636823F026
S214015730010343F02003636063685B07BAD5A95988
S214015740387800F0CDF80023AB51636823F00403EA
S2140157506360B0E71A07B9D543F001036360B7E7A2
S214015760602700202DE9FF41884603A90646174613
S2140157701D46FFF771F968BBB8F1050F3AD9052F39
S21401578038D9B84536D81C4A06EB8603146805F0A6
S214015790010104EB83049DF828300398A3739DF858
S2140157A02C30A4F80A80E3739DF83030A781237467
S2140157B09DF8343063749DF83830A3748B012381CF
S2140157C0636843F009036360436A13F0100304D06F
S2140157D0FFF76AFF04B0BDE8F08115F0020218BFBA
S2140157E04A004FF0000108BF0223304600911BF02B
S2140157F063FDEFE72120EDE7602700202DE9F34167
S2140158000E4601A9FFF728F90546C0B9019B1C7889
S2140158100D4B04EB84041F684FEA840807EB8404ED
S214015820204614F02BFB3368019847F8083063686C
S214015830356043F004036360FFF736FF05462846EC
S21401584002B0BDE8F08100BF6027002037B50D4DDE
S21401585004462B6813B9002003B030BD01A9FFF739
S214015860FBF80028F8D12B6804EB840403EB8403CF
S2140158705A689106EFD542F0020201985A60FFF786
S21401588013FFE9E760270020F8B507460C4642F209
S21401589086000C2116461D461EF073FD9DF8183035
S2140158A0C77083729DF81C308680C3729DF82030C5
S2140158B0C58003739DF82430048143739DF8283016
S2140158C083730648F5F722FD1EF089FD407920B165
S2140158D01EF085FD407940F48050F8BD73BC02008F
S2140158E00A4610B50321044642F23F001EF054FD5D
S2140158F0032303710023C47043710648F5F706FDC0
S2140159001EF06DFD407920B11EF069FD407940F42E
S214015910805010BDE7BD020038B504460D464FF471
S214015920015002211EF02DFDC57004710648F5F7E1
S214015930EDFC1EF054FD407920B11EF050FD40797B
S21401594040F4805038BD00BF8FBD020070B50546DB
S21401595040B300EB8006B6003046F3F7DFF8154C8F
S2140159600246206018B314493346084612F02EF852
S21401597032460021206813F06AFF22680023114690
S21401598025710133DBB2AB424B7401F11401F8D13E
S214015990FF23324402F8033C002262714FF6FF7285
S2140159A02372E2800020054B1860988070BD1A2093
S2140159B0FCE700BFCC310020A6970300902C002006
S2140159C050B11422064B1B68C31AB3FBF2F3007CDA
S2140159D040EA032080B270474FF6FF70704700BF61
S2140159E0CC310020142370B51A4D44782E6805EB8F
S2140159F01414821BB2FBF3F20534D2B22378FF2BC8
S214015A0005D093420FD1437C2370FF23437489B999
S214015A106B796A714374037C01330374437861F3D1
S214015A200713437070BD03EB830306EB830303F197
S214015A301104E3E74C1D2C442D682378FF2B01D17C
S214015A402270EBE703EB830305EB830303F11104F9
S214015A50F3E700BFCC31002040F6FF7210B50446D4
S214015A600388014662F30B030380044811F0B2FF7A
S214015A702046BDE810400021FFF7B4BFA6970300FB
S214015A8002460A4B010A1879B0EB122F0CD31420E8
S214015A901B6800FB013043780F2B05D9037CD2B27B
S214015AA0934218BF0020704700207047CC31002079
S214015AB0024609490B7A0968FF2B01D1002070477D
S214015AC003EB830301EB830031F82330C3F30B03AD
S214015AD09342F4D0437CEFE7CC3100200B490346D8
S214015AE030B50A6828B1831A1420B3FBF0F3DBB291
S214015AF0013314240979994201D8002030BD04FBF2
S214015B00032045780F2DF9D80133F4E7CC31002076
S214015B10F722014B1A807047D8320020162883BF1F
S214015B20024B188000202120704700BFD832002089
S214015B3010B5044658B30068836CA3421FD163684E
S214015B4083642246124921F075FC04F10C0021F011
S214015B5091FC04F1440014F091F9A06948B11430A5
S214015B6014F08CF9A069183014F088F9A06914F0C3
S214015B709DFC2046BDE8104014F098BC1346002B4F
S214015B80DFD05A68A242F9D162685A60D9E710BDDF
S214015B902519030070B5054648200E4614F081FC11
S214015BA0044650B1FEF7A0FE60B11C2014F079FC4B
S214015BB0A06128B9204614F079FC0024204670BD67
S214015BC000230370032128461AF01CFEAB6C224604
S214015BD06360AC6417232681002663811449284636
S214015BE025602677666410F0F7F906F0B7FE3246B0
S214015BF0014604F10C0010F0EFF902232374FEF7BE
S214015C0073FE18B90B4B1B78002BD7D00A4B19889B
S214015C101729D3D920461AF085FE0028CED11321A4
S214015C2020461BF044FE636943F002036361C5E747
S214015C3025190300F22D0020D8320020F8B50546BC
S214015C4010B3002920DB114C2468247E8C421BDD16
S214015C503F2919DC032701F0030600EBA10191F8A7
S214015C6031407600B74002F0030224EA0704B2404E
S214015C70224381F8312013B100211BF0D5FE2846BE
S214015C80BDE8F8401BF02DBFF8BD00BF94270020EB
S214015C9070B5164600221A7032800A7A0D46072A17
S214015CA04DD8DFE802F004090D111A1E304AE868E3
S214015CB030F8023B338043E0EB68981D5B88F9E7D8
S214015CC0EB68981D9B88F5E7697B1BF0FAFE0222BC
S214015CD01C4B18801846328032E002231A48338063
S214015CE02EE01A4C2B7BE88923702B88E11C0133AC
S214015CF063702B8801331B12A37000F079FB03300D
S214015D00308020461CE0124CA889EB89020AA37059
S214015D101B0A20706270E37000F050FC58B1C36833
S214015D201A88022A07D19A782271DB7863710623D2
S214015D300748338004E00423FAE780221A70002023
S214015D4070BD00BF0C2E0020B0970300F92D002077
S214015D50F32D0020054A064B1860136843F0010333
S214015D601360828B034B1A80704700BF64270020A4
S214015D7094270020962C002018B9034B1B68588BDB
S214015D807047024B1888704794270020962C0020F5
S214015D9000232DE9F04FDFF8B89191B0D9F80070E3
S214015DA0054617F00807CDE90633CDE908330AD0D2
S214015DB0644B03F1100253F8041B934245F8041B8D
S214015DC0F9D1002015E01022394613F040FD0320DA
S214015DD0F0F7ECFB14F065FB804648B10620F0F7BF
S214015DE0E5FB14F05EFB064630B9404614F05EFB58
S214015DF01A2011B0BDE8F08FCDE90477F1F788FEDF
S214015E00044668B1404614F051FB304614F04EFB90
S214015E1040F20740214602F045FE40F20740E8E71F
S214015E2012F00EFD4FF4A053DFF828A10002C6E9D8
S214015E30023A454B7060336010223046776104ABFE
S214015E4006A913F050F80446A0B9524640460499F4
S214015E5013F01CF9044668B9BB463C4BBAB21B6842
S214015E60D988914227D810222946404605AB13F01F
S214015E702BF90446404613F09BF8404614F016FBF7
S214015E80304613F0C4FA304614F010FB049812F0B2
S214015E903AFF002CBCD12B4B05F1100255F8041B20
S214015EA0954243F8041BF9D1D9F8003043F00803B2
S214015EB0C9F8003085E71A68BCB2210102EB041468
S214015EC02046ADF80EB0019100921CF051FA8246C0
S214015ED0204600F02FFB30B3DDE90021AAF5205063
S214015EE080B2032802D9BAF5245F1ED1525A002087
S214015EF02146ADF828200DF10D030DF10E02ADF887
S214015F002AA0FFF7C5FEBDF80E2001460BA813F028
S214015F10A6FCBDF80E20404604320AA913F0B9F8D3
S214015F2004460028A6D1013797E70AF55640FF3008
S214015F3080B20428F7D8525AADF82AA0ADF8282026
S214015F40E7E700BF0E2E00200024800094270020E3
S214015F50642700200002C003024B186800B1C08805
S214015F60704700BF942700200F4B10B51968CC0767
S214015F7017D40E4BDA899C89944212D9490748BF37
S214015F800B499C6848BF096824F81200DA894ABFA1
S214015F90C8891046801802F1010248BF80B2DA8132
S214015FA010BD4FF6FF70FBE7642700207027002026
S214015FB090270020134B01461B6870B513F00403AD
S214015FC006D00022104B1C68E38990B2834209D8A0
S214015FD00E4A14680022E58990B2854209D84FF628
S214015FE0FF7005E0A56835F8125001328D42ECD1FC
S214015FF070BDA66836F8126001328E42ECD10344B9
S21401600098B2F5E764270020902700209427002007
S214016010094B1B685B070AD5084B1A68D38983426C
S21401602003D9936833F810007047C01A80B2044B46
S2140160301B689B68F6E700BF6427002090270020B6
S21401604094270020F0B50E4E0246F18830680023F2
S21401605000EB011005464FF00B0C0A4F3C8804EB91
S214016060030E01339BB29342A5F800E085F809C000
S21401607005F11005F3D3144411443C80F180F0BDC2
S21401608070270020982C00202DE9F041254C8846E9
S214016090A589E3891646EB1A834213DA0A35ADB2AF
S2140160A06800F2F73BFD074610B90020BDE8F08115
S2140160B0E289A168520013F0D2FBA06814F0F6F949
S2140160C0A760A581A58AE38AEB1A434511DA0A354A
S2140160D0ADB22801F2F722FD07460028E5D0E28A94
S2140160E02169120113F0BBFB206914F0DFF9276167
S2140160F0A582A588E388EB1AB34211DA1435ADB24E
S2140161002801F2F70BFD06460028CED0E28821686A
S214016110120113F0A4FB206814F0C8F92660A580CC
S2140161200120C3E770270020F8B51D4C0746A68856
S214016130E388F31A83421DDAB0F5FA7F2CBF3618CE
S21401614006F5FA76B6B23046F2F7E8FC0546B0B187
S214016150E288216813F083FB124A20681368D1880D
S214016160A5EB000C03EB01118B420AD114F09EF94A
S2140161702560A680E38825681D443B44E3802846C5
S214016180F8BD5A7A920704D51A7A22B1013A012A41
S21401619001D91033E8E7DA686244DA60F9E700BF4C
S2140161A0682700207027002010B50E4C206820B10B
S2140161B014F07CF900232360A3800B4C206818B1EF
S2140161C014F074F900232360A06818B114F06EF976
S2140161D00023A360206918B114F068F90023236135
S2140161E010BD00BF682700207027002038B505467F
S2140161F04FF4FA70F2F792FC134B1860D8B14FF4D3
S214016200FA72124C5A6000212022204613F01FFB1E
S2140162102801F2F783FC20601420F2F77FFCA060CF
S214016220A020F2F77BFC2368206113B1A36803B1B9
S21401623018B9FFF7B9FF002038BD0A232046A5800C
S214016240A381A382F8E700BF6827002070270020FB
S2140162500B4B0C4A10B51888D188136803EB011153
S2140162608B4200D110BD5A7A940707D4DC882042AD
S21401627014BF42F0040222F004025A721033EFE710
S214016280962C002070270020034A1368990744BF04
S21401629023F00203136070476427002038B50468B2
S2140162A005460C222046084913F0A7FA50B90222E7
S2140162B0064904F10E0013F0A0FA18B902200C34B6
S2140162C02C6038BD1020FCE7B3970300C19703008C
S2140162D02DE9F743102801910BD0022804D04FF680
S2140162E0FF7003B0BDE8F083019B1888FFF762FEDC
S2140162F0F7E701A8FFF7D2FF0228F5D01028EED164
S2140163001B4B019F1E6816F0040608D00024194B8B
S214016310D3F80080B8F81660A5B2AE421AD80025A8
S214016320154BD3F80080B8F81690ACB24C45D6D2CF
S214016330D8F81000102200EB0510394613F05DFA6C
S21401634001350028F1D1A0196FEA40406FEA5040AC
S21401635080B2C6E7D8F81000102200EB04103946C8
S21401636013F04BFA01340028D6D145F40040B8E7C3
S21401637064270020902700209427002070B505464A
S2140163800C46FFF7A5FF4FF6FF73984229D1022D61
S21401639004D12088BDE87040FFF7E6BD102D20D15E
S2140163A0104B1D68EA071CD40F4BDE8A9A8AB2424C
S2140163B017D921461A6904F1100002EB061251F8AA
S2140163C0044B814242F8044BF9D1D88A421CDA8246
S2140163D06B0704D5054B1B68DB8A184480B240F472
S2140163E0004070BD64270020702700209027002001
S2140163F0020408B51DD5124BC0F30E001B685B07DF
S21401640013D5104B1A68D38A98420CD2136903EB42
S214016410001000F1100350F8042B984241F8042BA9
S214016420F9D1102008BDC01A80B2074B1B681B6942
S214016430EDE7FFF7EDFD0870000A48700220F1E76E
S21401644064270020902700209427002070B504467A
S2140164500A4B1B68DA881D6805EB021526461034C0
S214016460A54209D019B920461BF08CFF20B9204659
S2140164701BF091FF0028F1D0304670BD9427002014
S2140164802DE9F0410C461146FFF7E0FF1B4E00F1E7
S2140164901005F2883368074603EB02139D4204D1C8
S2140164A02046BDE8F041FFF7CDBD5B1BC3F30F13DC
S2140164B01A0129464FEA041805EB041013F0ADF94A
S2140164C042460021284613F0C2F9384600230B271E
S2140164D00B49B6F806C00A8802EB030E01339BB2DD
S2140164E09C42A0F810E0477600F11000F4D8224450
S2140164F0644428460A80F480BDE8F08170270020B5
S214016500982C002038B50446094B1B681D68A54227
S21401651009D2204621B91BF035FF30B1103402E014
S2140165201BF039FF08B1204638BD103CEFE700BF2D
S21401653094270020437ADA0702D5C3F38000704718
S214016540034BC2881B881A4214BF012000207047E3
S214016550962C002008B5084B1A8810B90749096817
S214016560888B8242188005D0054B1B68DB0701D457
S214016570FFF76EFE002008BD962C00209427002011
S214016580642700200A4B1B68DB0708D570B1094B4E
S2140165901B68DB88834234BF00200120704728B186
S2140165A0054B1B88834294BF00200120704700BF23
S2140165B06427002094270020982C002070B50246FE
S2140165C0FFF7E0FFE8B10F4B1968CD88954209D374
S2140165D002F180500B680138040103EB00101B5BCD
S2140165E093420ED0002398B2854201D8002008E0DD
S2140165F00E681C01345B06EB0310944203F10103A1
S214016600F1D170BD942700202DE9F3478046DDE9DE
S2140166100B7A0D4691461E46FFF7D0FF044618B981
S214016620252002B0BDE8F0878288092150481BF07A
S21401663044FEA9F80000237A072B1CD100233B80D7
S214016640AAF8003003230A9A2046137000233380E9
S2140166501BF0A1FE38B301232B70B4F90430002BD4
S21401666007DA2046FFF766FF18B1338843F00103C7
S21401667033800020D5E70DF106033A462146002077
S214016680FFF706FB9DF806300BB100233B80404622
S2140166901BF012FBAAF80000237A022BD3D0072B9B
S2140166A0D0D00123CFE720461BF062FE42F602035C
S2140166B098424BD020461BF065FE0746002848D17D
S2140166C0B8F1020FACD9A4F110001BF05BFE002854
S2140166D043D004232B700321A28826481BF0EDFD2E
S2140166E0054640461BF049FA0321024622481BF0A4
S2140166F0E4FD120645EA0005ADB225D53946204629
S214016700FFF7A4FE074604F110018F421CD308468A
S2140167101BF02EFEB0F5245F1DD100200DF1050300
S2140167200DF10602ADF80600FFF7B2FA9DF8053046
S21401673053B9BDF80630022B06D10388DB0703D513
S21401674045F4807545F00105358092E702232B70EC
S2140167508FE70323FBE71031D7E705232B70A288C9
S2140167600421064882F400621BF0A7FD308080E712
S214016770EC970300E0970300D4970300C497030047
S2140167802DE9F34100250E46A846174F01903A68B9
S214016790ABB2D18899421DD91468ABB204EB03148D
S2140167A0B4F90430002B1CDA2046FFF7C3FEC0B153
S2140167B0E1680B889E4214D132460198023113F0EB
S2140167C02EFEE36882B21B88934207D0114601A8C9
S2140167D013F08AFC404602B0BDE8F08143441FFA3C
S2140167E083F80135D3E700BF9427002010B5094C84
S2140167F02368DB070CD4FFF7D7FC074B1B683BB1BC
S214016800064A1360DB88064A01331380012323609E
S214016810002010BD64270020902700209427002028
S214016820982C0020064A1368D90706D413F00200F4
S21401683003D143F002031360704741F20C00704726
S214016840642700202DE9F04F924B95B01B689B07FB
S21401685040F11D8142F602001BF051FD8E4C83462D
S214016860D4F800A04FF000085546B4F806900AEB9D
S21401687009130193019BAB423AD1884FBB8843452C
S21401688015D04046F2F74AF9814680B183464FF06B
S214016890000AE2881FFA8AF39A427AD8386813F017
S2140168A005FEC7F80090A7F80480A7F80680002523
S2140168B00123DFF8EC8140224FF0FF3104A8A8F84D
S2140168C0003025762E4612F0C2FFA946E3881FFA4D
S2140168D085FA53457DD8E680FFF7D6FCB9F1000F5F
S2140168E002D004A801F090F8002015B0BDE8F08FA2
S2140168F06B7ADF0638D49E0705D528461BF0EFFCD9
S21401690040441FFA80F86B885B452DD1AF89B9F1F9
S214016910000F2BD05346012600211A88974216D025
S214016920587AC0060DD4B242039208D9184602938B
S2140169301BF031FD039A029B002818BF164601364C
S214016940B6B2013189B2494503F11003E5D1B74228
S21401695038BF3746BFB23E46013189B20AEB011352
S214016960894506D8AF81EE81103583E74946012671
S214016970EDE7184602931BF00EFD0028F2D1029BAC
S21401698001315A7A89B2D2065CBF0136B6B21033EB
S214016990E6E726681FFA8AF306EB0316737A03F016
S2140169A01203022B09D130461BF099FC054620B193
S2140169B0337A2BB1013B012B02D90AF1010A68E7B0
S2140169C058462A46F16812F04AFFC6F80CB0AB44A6
S2140169D0F3E72768A9B24FEA011B07EB01114B7ACF
S2140169E0D80651D41A0744BF23F008034B724B7ADA
S2140169F048BF4FF00109980642BF23F0200343F039
S214016A0004034B724B7A48BF4FF001095A0644BF44
S214016A1023F044034B7237F80B30B8F8002048BF18
S214016A204FF00109934202931DD9084601921BF0CB
S214016A30B2FC019AB8B1029BA8F80030564509D2BB
S214016A4007EB061301F1100251F8040B914243F8CB
S214016A50040BF9D1B8F8003001360133B6B2A8F804
S214016A600030013532E70B7A032B0AD14B7B207EAF
S214016A703E2B9EBF50336B4403F8400C431C2376D9
S214016A80487327F80B20D9E74FF00109E9E741F2EF
S214016A900C002AE7642700207027002068270020C2
S214016AA0982C0020F8B5294B1B689A074AD5002276
S214016AB0154627490C68CF8804EB0717A7420AD169
S214016AC01AB12448C3889B1AC380002D37D1FFF71B
S214016AD0DBFB0020F8BD667A330706D520461BF09F
S214016AE0FEFB01350244ADB292B226F07006667224
S214016AF01034E3E7A3B202EB03135F7A3F070DD42A
S214016B00B04209D202EB001203F1100653F8047BDF
S214016B10B34242F8047BF9D1013080B20134CB880C
S214016B20A6B2B3420A68E5D85B1B9BB202EB03121E
S214016B30CB8032F8103C084A01331380C7E70024A3
S214016B402046ECE741F20C00C4E700BF64270020B2
S214016B507027002068270020982C002070B5154665
S214016B60012204460E4610460021FFF78DFA78B33F
S214016B702046FFF723FD044660B31BF00CFC48B328
S214016B803046FFF71BFD28B31BF005FC10B30122AE
S214016B9020461146FFF774FC04463046FFF70EFD0B
S214016BA0064642F602001BF0AAFB0B4B60806360B0
S214016BB00623237233880121A3813046FFF746FC62
S214016BC00388E3810DB9002070BD23882B80FAE786
S214016BD01A20F9E72120F7E70108FFFF2DE9F04F1A
S214016BE087B01C46BDF840309DF850A00293BDF812
S214016BF04430BAF1020F06461746BDF84890059193
S214016C0003932AD0994503D9212007B0BDE8F08F18
S214016C10B9F1000F02D0139B002BF5D0022F06D03E
S214016C20102FF1D105A8FFF739FB02281AD102204F
S214016C300021074614F0300518D09DF85430DA07C5
S214016C4013D40130A30680B2C4F3001501D545F074
S214016C5002050123019303230AE0002399461393B7
S214016C600393DBE701210846E4E7002502230195AB
S214016C70DBB21A46C0B20493FFF706FA08B91A2027
S214016C80C3E73046FFF79AFC83460028BCD01BF0CA
S214016C9082FB0028B8D09BF8098018F0040F1CBFAF
S214016CA008F0FB0343F02008BAF1020F51D0039B12
S214016CB0981D80B2FFF738FA06460028DFD0012279
S214016CC004995846FFF7DCFB834642F603001BF0A7
S214016CD016FB9BF80920102F48EA02028BF80920C0
S214016CE0424AE4B2CBF804204FF00502ABF80200AA
S214016CF08BF808200CBF3846022005998BF80C400B
S214016D00FFF73CFB9BF81920BAF1010F48EA020392
S214016D108BF81930029BABF80E00ABF814304FF627
S214016D20FF73ABF81200ABF8163014D0BAF1020FAD
S214016D302AD107238BF818300023CBF81C30169B7A
S214016D401BB1BBF81030169A1380019BF3B90020D3
S214016D505BE70026B3E702238BF81830039BCBF8DA
S214016D601C6034707380B9F1000FE8D0139B002BC0
S214016D70E5D0BAF1010F4A46139908BFA6F8049068
S214016D80B01D12F06CFDDAE70123E5E742F60210CA
S214016D901BF0B5FA40F60312029BABF8220013F47F
S214016DA0805F40F6030318BF1346029A8BF82C50F7
S214016DB0920448BF43F40073ABF82430029B0C4A9C
S214016DC05B0442BFBBF8243043F48063ABF8243045
S214016DD04FF6FF73ABF8263003238BF82830137E6B
S214016DE0591C11768BF82D30B1E700BF0108FFFF63
S214016DF0702700202DE9F04F85B09DF84890054694
S214016E00B9F1020F1746BDF83CA0BDF84080119CB1
S214016E100391019305D0D04503D9212005B0BDE8E3
S214016E20F08FB8F1000F01D0002CF6D0022F17D04A
S214016E30102FF2D103A8FFF731FA022810D0012152
S214016E400020B9F1020F1AD0002300930122FFF7A8
S214016E501BF9B8B91A20E1E7002101200227F0E763
S214016E60039B1A8842F602139A42F5D101230021A8
S214016E70184602270C460093A046A246E6E70024E1
S214016E800094F9E7019B13F0F10FC6D12846FFF7EE
S214016E9095FB0028C1D010F8076C30F8102C71074C
S214016EA044BF06F0FB0646F02006022AA0F1100BAE
S214016EB00290B2D958461BF065FA0028ADD0B9F158
S214016EC0010F029B43D80AF1060080B2FFF72CF9A6
S214016ED0029B05460028BDD0002201215846029398
S214016EE0FFF7CEFA8346102F0CBF384602200399CF
S214016EF0FFF744FA9BF80920009B1643BDF838209B
S214016F00ABF80200ABF804204FF6FF728BF809606D
S214016F10ABF80620EBB1B9F1020F1DD0029BDB687E
S214016F201A78C2F3001392064FF0030248BF43F0EB
S214016F3002038BF808201D4A8BF80C30137E591C6F
S214016F4011768BF80D30139B5BBB002066E700259E
S214016F50C2E7B9F1020F06D107238BF808300023E8
S214016F60CBF80C30EFE7B9F1010FECD80CBF0223D8
S214016F7001238BF80830019BCBF80C502B70A5F839
S214016F8002A0B8F1000FDED0002CDCD0B9F1010F61
S214016F904246214608BFA5F80480A81D12F05FFCF2
S214016FA0D1E7BBF80030139A1380CEE77027002094
S214016FB041F6010330B58FB0ADF8243042F6052313
S214016FC0ADF8283042F62A33ADF82C3042F6293394
S214016FD0ADF830302A4BDB88002B4ED1FFF722FC70
S214016FE0002848D1022201200DAB09A91BF04AFA5C
S214016FF0002840D14FF400630421BDF834400DF160
S2140170003605CDE90031CDE90505CDE9030002904D
S2140170102023022220460AA9FFF7E0FD58BB40F6CE
S21401702001031022CDE900320223CDE90505CDE9A1
S214017030030002901A4620460BA9FFF7CFFDD0B9F0
S2140170400DF1230303930123CDE9013340F6030336
S214017050CDE905058DF823000490009302220A234A
S21401706020460CA9FFF7BAFD28B920461BF08AFA7C
S21401707008B9FFF7E7FB0FB030BD0220FBE700BF02
S214017080702700202DE9F047DFF8FCA020220646F5
S2140170900D465046002112F0DAFB0023374ADFF88E
S2140170A0EC80C2E90033C8F800300123DFF8E09035
S2140170B0A9F80030002E52D0314F3B68DB074ED581
S2140170C0304E3368D888143080B2FFF78FF8044604
S2140170D018B91A252846BDE8F08736680068F28890
S2140170E03168120112F0BBFBF388E380337EBAF8F5
S2140170F006202376738B6383B38BA3833B6823F0CD
S21401710001033B60DAF8003003EB02129A421FD10A
S214017110FFF79EF83B6843F004033B60E3880133C6
S214017120A9F80030174B1A681C60C8F80020144AEA
S214017130136823F001031360002DCBD0E388D3B985
S214017140FFF736FF05460028C4D0FFF74FFBC1E71F
S214017150597A103341F0010103F8071CD6E71420D1
S214017160FFF744F804460028B3D0054A136823F015
S21401717004031360D6E70025ACE700BF68270020AC
S21401718064270020942700207027002090270020E5
S214017190982C00207FB5134B0E46054604460393F4
S2140171A0A0B11AF02AFC78B90022314620461AF01E
S2140171B054FD022807D1802331460093204604233C
S2140171C003AA1BF0DBFA0DB104B070BD20461AF01D
S2140171D0E0FB04460028F7D01AF00FFC0028F5D192
S2140171E0E2E700BF0100FFFF2DE9F04F97B08346AD
S2140171F009911AF045FB099883790C33C45CC518CC
S21401720012F0D0FE202C0646099F26D8012C28D93C
S214017210C74BA21ED2B2D340DA0722D5384697F81A
S214017220068012F0BFFEBBF80A2083B29A4228D22B
S21401723014F0010240F0A78004F07F03522B00F007
S214017240A2801E2C00F09F80099B21460093584681
S214017250042319F078FB21240CE004F07F03522B61
S214017260DCD02146062300225846009719F06BFB16
S21401727041F2061458461AF008FB204617B0BDE83E
S214017280F08F47443A7B013B202A9BB246D8012A1D
S214017290CED9023A1E2ACBD801A151F822F000BF5E
S2140172A03D7301003172010041730100317201002A
S2140172B0357301003172010029730100317201003A
S2140172C03D7301003172010041730100317201000A
S2140172D0457301003172010029730100317201000A
S2140172E073730100317201003172010031720100C5
S2140172F077730100317201007B7301003172010066
S21401730031720100317201003172010031720100E7
S2140173107F7301003172010045730100522A28D0A3
S214017320D22A85D10D2B06E0062B11D0142B7FF423
S2140173307FAF0DE0052B7FF67BAF09E0022BF6E76A
S214017340042BF4E7032B7FF673AFDB073FF570AF33
S214017350022C00F00281DBF800309B689F0516D4F2
S2140173600BF1440012F08AFD099BCBF8443000244F
S21401737080E7012BDFE7032BDDE7012BD7E7002BA7
S2140173807FF456AFE4E709A812F078FD63E71E2CF8
S21401739000F0368358461AF030FB0746002840F0C6
S2140173A0828058461AF021FB00287CD004F07F0327
S2140173B0522B00F0CE80082C68D1B6B2152E14BF21
S2140173C002201020691D1AF0FBFA00285ED0DBF8B7
S2140173D01430D8074BBF23F0010343F001033946AD
S2140173E0012158464CBFCBF81430CBF814301AF0B4
S2140173F01BFB09980D9019F013FA0446B0F80180AA
S214017400B0F803900D9812F0CDFD152814BF022593
S2140174101025053421462846FEF75AFF21460390DB
S21401742028461AF0CDFA0490B8F1000F00F0528108
S214017430C84500F24F81022109200D9A19F013FA6E
S214017440BBF80A708246023FBFB23E4640464FF046
S214017450FF354946039A1AF0DFFD0446002800F07E
S2140174607B811AF082FB002800F0938101222146DD
S21401747058461AF035FC03468DF82E00002800F019
S2140174802E810D9A009222460821B2E0DBF81430D4
S21401749013F001064ED023F0010300215846CBF825
S2140174A014301AF0C1FA202C72D8032C75D9231F78
S2140174B01C2B72D801A252F823F000BFA977010055
S2140174C09B7501009B7801009B750100F373010019
S2140174D09B750100857901009B750100A379010068
S2140174E09B750100B97901009B750100A775010024
S2140174F09B750100D17901009B7501009B75010008
S2140175009B750100ED7901009B750100F77901007B
S2140175109B7501009B7501009B7501009B75010021
S2140175209B750100017A01009B750100C779010076
S2140175305555515043F0010301215846CBF81430FC
S2140175401AF072FA1223324621465846009619F06E
S214017550FAF909A812F092FC09E7099DBA4C2846E7
S21401756019F05EF92188B0F801602A46584619F0EC
S214017570FFF92388BBF80A10B34228BF3346172BFE
S214017580B8BF17235846ABF80A301AF065F9EEE68D
S214017590522C00F02482D22CDBD0099B00220093CF
S2140175A02146062325E0099F384619F039F9054694
S2140175B0B0F80180B0F803A0384612F0F3FC1528A5
S2140175C00CBF20460220691DFEF782FEB5F8053085
S2140175D004900793B8F1000F07D0D04505D81AF0EC
S2140175E0A9FE50B91023009701E0012300974246F7
S2140175F01021584619F0A7F9B9E63A46022111209A
S21401760019F031F944464FF0FF35BBF80A300590C2
S2140176109E1E0393063B9BB2B6B208935146204684
S214017620049A1AF0F9FC814668B35146079A1AF093
S21401763040FD044648461AF098FA40B94FF6FF73E3
S2140176409C4201D00134A4B25445E7D91BE04FF067
S21401765000030DAAADF8343049460CAB58461AF073
S214017660DCFB039ABDF83430053A9A42089A069034
S214017670D8BF1346002DADF8343009DB9D4202D148
S214017680EB1CB34208DB691C1CD10A230097AEE74A
S214017690351F9D42A8BF1D46042211A93846ADF8E4
S2140176A04490ADF8464012F0BAFE2A46384606998E
S2140176B012F0B5FE4FF6FF73043E761B9C42B6B23F
S2140176C0C0D1E0E73946059B04355D705846FDF7A5
S2140176D0EDF84CE60D9B009301234246D4E6049B4D
S2140176E013B120461AF025FA20461AF056FAD8B1F8
S2140176F0002D54DC0DA812F0C1FB082358468BF868
S2140177001C3050F80C2B40F2025192F870208DF884
S214017710483000238DF8442011AAADF84640ADF854
S2140177204A301FF0BBFE22E6ADF844000DF12E03F1
S2140177302146584611AA1AF070FBBDF84430059050
S214017740BB4228BF3B46002DADF844300ADBAB42B6
S21401775002D16B1CB34209DB6A1C0D9B1FD100933F
S2140177600A23BAE7B51E9D42A8BF1D4602220CA9F0
S2140177700D98ADF8304012F052FE2A4605990D9844
S21401778012F04DFE4FF6FF73023E761B9C42B6B2D8
S214017790E2D0601C80B28145BFF45BAEDCE7023507
S2140177A00D998AF8015091E7DDF82490484619F0C2
S2140177B037F8B0F80330B0F801800493B8F1000F41
S2140177C044D0984542D84FF6FF774A460221052015
S2140177D019F049F84546BA46BBF80A400590023CFE
S2140177E0A4B2294658461AF0F9FC504506464CD034
S2140177F04FF40062294658461AF072FA00283FD123
S21401780030461AF0B3FD00280CBF0223102357455B
S214017810039321D030461AF0A9FD069038461AF097
S214017820A5FD069B834203D1039B0133A34214DBD0
S21401783038461AF09BFD059B01301946587058468C
S21401784019F06AF893E500BFD83200200123CDF87D
S214017850009042460421CCE637460DF146013046FB
S214017860ADF84450FEF7C4FD039B48469A1C11A987
S21401787012F0D5FD039B023CE41A5545A4B2D7D0BD
S214017880049B0135ADB2AB42ABD24FF6FF739F42BC
S214017890CED10A23CDF80090DBE7DDF82490002452
S2140178A0484618F0BDFFB0F80530B0F803A0B0F8B0
S2140178B0016007464846039312F074FBC51FADB23C
S2140178C0102D0C945AD82A46F91D0DA811F0C7FFA1
S2140178D0002E55D0564553D84A460121072018F0A8
S2140178E0C2FFA046074633460A249A45049307D9A1
S2140178F03946BBF80A0018F099FF0328049B04D800
S214017900B8F1000F1CD0394699E7ADF84430039B17
S2140179105846ADF848300DAB139300230BAA0093DD
S21401792011A90DF12E03ADF846A0ADF850501AF08E
S214017930ECFB0A280446E3D0BDF82C3030B11E46D5
S214017940234632460621CDF8009052E6ADF8303097
S214017950BDF82E300CAAADF8323039460423BBF8F8
S2140179600A0018F06EFF4FF6FF72BDF82E309342F4
S214017970C9D001334FF001089BB2B6E70424DFE714
S2140179800124DDE70A23099C8BF81C30204618F0F9
S21401799047FF23460022B0F8011058461AF0BEFFF2
S2140179A0E5E4099C204618F03BFF0C238BF81C30BD
S2140179B0B0F803202346EEE75A460F210E20099B16
S2140179C01BF005F8D3E45A4621212020099BF7E74E
S2140179D05846099AB5F801101BF012F9C7E4584643
S2140179E0099AB5F801101BF066F9C0E458460999E2
S2140179F01BF0A0F9BBE4584669781BF006FAA8E527
S214017A0058461BF022FAA4E57FB5174A06461368C6
S214017A1042F6052023F0080313601AF038FB0546EA
S214017A2050B16846FEF7B4F9002019F0B2FF0446DB
S214017A3020B92946FFF7AEFB04B070BD1022684698
S214017A4004F1210111F0D9FE38B10121204619F0C7
S214017A50EBFF636923F0010363611EB131462046E3
S214017A601AF0EDFB2046E0E76427002037B58B7956
S214017A700A460C33CD180191C95C044611F0010386
S214017A8029D01D290AD101211E2018F0ECFE01463D
S214017A90204618F041FF012003B030BD032916D15E
S214017AA00E4BB5F801201B884189934228BF134627
S214017AB0172BB8BF1723438119F0CEFE636940F236
S214017AC0094123F002032046636119F0EDFE01A887
S214017AD012F0D4F9DFE71846DEE700BFD8320020FF
S214017AE030B585B005461BF08EFB0446A8B9AB69D8
S214017AF00B4A01215A604FF42053ADF80C30022393
S214017B004FF6FF720093284603AB1EF038FA044680
S214017B1018B90121284619F0CAFE204605B030BD25
S214017B200100FFFF37B505461BF06DFB0446E0B9C3
S214017B30AB6912485860234628461BF07DFB044675
S214017B4098B9A8694369C288818840890190987963
S214017B500C300344009328464FF420531EF081F95D
S214017B60044628B128461BF05BFB204603B030BD17
S214017B700221284619F09BFEF7E700BF0100FFFF30
S214017B8038B5124B04461B8842898B4228BF0B46E8
S214017B90172BB8BF17231146438119F05DFE6369A1
S214017BA023F002036361A3699D693DB10022294662
S214017BB020469A61BDE83840FCF778BE40F209419C
S214017BC0204619F071FEA3691D7038BDD832002019
S214017BD00148FCF783BE00BF55B701000022024BE7
S214017BE0C3E900229A6070479C270020014B186069
S214017BF0704700BF9827002013B500F017FC78B136
S214017C00019083790C33C418204606F06FFD0346B5
S214017C1010B1204601A9984701A812F02FF908E0F3
S214017C2000F010FC019020B1034B1B68002BF3D031
S214017C30984702B010BD00BF9827002010B5044633
S214017C40062142F205001CF09CFB2368C0F80330B5
S214017C50A388A0F807300648F3F758FB1CF0BFFBD3
S214017C60407918B1BDE810401CF068BB10BD00BFDC
S214017C7075B3000010B5044606214FF628401CF0E7
S214017C8080FB2368C0F80330A388A0F807300648B5
S214017C90F3F73CFB1CF0A3FB407918B1BDE810409C
S214017CA01CF04CBB10BD00BF69B7000010B5044600
S214017CB0052142F214001CF064FB2368C0F803306F
S214017CC02379C3710548F3F721FB1CF088FB407943
S214017CD018B1BDE810401CF031BB10BD5BF30200CB
S214017CE038B505460C4669B9022142F21B001CF064
S214017CF048FBB5F86E30A0F803300D48BDE83840B3
S214017D00F3F704BB122142F21A001CF03AFB21469B
S214017D10B5F86E30053020F8023C04F1100351F836
S214017D20042B994240F8042BF9D10248E6E700BF3C
S214017D30A3F20200DFF2020038B5044608200D4621
S214017D40F0F7ECFE024658B10CB144F480541460CE
S214017D50958040F20231BDE8384002481FF05ABB18
S214017D6038BD00BFCC2700202DE9F0419DF820400A
S214017D700F46E11D8046C9B242F24F0016461D4627
S214017D801CF0FFFAE0B19DF818302246C3719DF849
S214017D901C300999037280F803800771467185715A
S214017DA044720A3011F05BFD0648F3F7AFFA1CF097
S214017DB016FB00214079FFF7BFFF0020BDE8F081E8
S214017DC01A20FBE7FB7403002DE9F8439DF82850C1
S214017DD0884605F108018146C9B242F27B00174682
S214017DE01E461CF0CEFA04469DF820302A46C37182
S214017DF09DF824300B9980F8039080F80480477131
S214017E008671037245720A3011F029FD9DF93030F2
S214017E102C44A3720548F3F779FA1CF0E0FA002126
S214017E204079FFF789FF0020BDE8F88385610200ED
S214017E3010B5002142F21F001CF0A3FA0648F3F722
S214017E4065FA1CF0CCFA44791CF0C9FAC1882046C0
S214017E50FFF772FF002010BD6575030070B50C4674
S214017E6002310646C9B24FF6074015461CF089FA9C
S214017E7022462946C6700471053011F0F0FC06480A
S214017E80F3F744FA1CF0ABFA407918B1BDE870403C
S214017E901CF054BA70BD00BFBDB4000010B5044656
S214017EA01248F3F733FA1CF09AFA0346407910B1F8
S214017EB040F4805010BDD9799A7942EA0122228095
S214017EC0597A1A7A42EA01226280D97A9A7A42EA81
S214017ED00122A2801A7B597B42EA0122E2809A7B28
S214017EE0DB7B42EA03232381E4E700BF0DB70000F2
S214017EF02DE9F043044685B000200D461746994605
S214017F0012F08FF9064600285BD04FF0C8134FF0E9
S214017F1000080093BDF83030ADF80430BDF83430B9
S214017F20ADF80630BDF83830ADF80830BDF83C3055
S214017F30ADF80A30BDF84030ADF80C30BDF844302D
S214017F40ADF80E3047FA08F3DB0704D51022694670
S214017F50304611F06FFF08F10108B8F1030FF1D1B7
S214017F6032460C2142F285001CF016FAFF2D0571EF
S214017F7018BF94F876508773C57080F8059094F80A
S214017F80603083F00803C3F3C003837194F8523062
S214017F9083F00803C3F3C003C371E36C8360B4F8D2
S214017FA0503083810848F3F7B1F91CF018FA80784D
S214017FB020B11CF014FA807840F4805005B0BDE87A
S214017FC0F0831A20FAE700BF03F5020008B5002186
S214017FD042F20E001CF0D5F9BDE808400148F3F75F
S214017FE095B900BFD3F4020038B590F87230044654
S214017FF0032B154606D1FFF7E9FF0123002084F87D
S214018000723019E0C9B9012B2DD9032140F206407F
S2140180101CF0B7F9B4F86E304571A0F80330134878
S214018020F3F774F91CF0DBF98378002BE5D01CF02C
S214018030D6F9807840F4805038BDA3B102214FF6BE
S21401804004401CF09EF9B4F86E30A0F803300848DE
S214018050F3F75CF91CF0C3F94379002BCDD01CF083
S214018060BEF94079E6E70220E6E700BF25F3020005
S214018070ADF3020070B506460D4642F2310003210B
S21401808014461CF07EF9C670057144710548F3F775
S2140180903DF91CF0A4F9407918B1BDE870401CF018
S2140180A054B970BDE3BE0200F8B507460E4642F26B
S2140180B03200062115461C461CF063F9B7F86E30EF
S2140180C04671A0F803309DF8183085710372C471AB
S2140180D00648F3F71BF91CF082F9807820B11CF0F2
S2140180E07EF9807840F48050F8BD00BF75BF02006D
S2140180F038B505460C464FF6054006211CF041F9F9
S214018100A0F80350C0F805400548F3F7FFF81CF047
S21401811066F9407918B1BDE838401CF016B938BD8B
S214018120EFF3020038B505460C464FF60640062129
S2140181301CF027F9A0F80350C0F805400548F3F7EE
S214018140E5F81CF04CF9407918B1BDE838401CF050
S214018150FCB838BD27F40200F8B507460E4642F2D1
S21401816013000E2115461C461CF00BF9B7F86E30AD
S214018170A0F80560A0F80330BDF81830A0F8075045
S214018180A0F80B30BDF81C30A0F80940A0F80D305F
S214018190BDF82030A0F80F300648F3F7B7F81CF00A
S2140181A01EF9807820B11CF01AF9807840F48050CE
S2140181B0F8BD00BF5FF40200F8B507460D4642F26F
S2140181C019001C211C4616461CF0DBF8B7F86E3069
S2140181D00F3020F80C3C2B6804F1100240F80A3CE2
S2140181E06B6820F8026C40F8063C234653F8041BE3
S2140181F0934240F8041BF9D10648F3F787F81CF0C0
S214018200EEF8807820B11CF0EAF8807840F48050CF
S214018210F8BD00BF4DF2020070B506460D4642F2AB
S2140182207A00042114461CF0ACF8A0F803604571EE
S21401823084710648F3F76AF81CF0D1F8407918B152
S214018240BDE870401CF081B870BD00BFC7FB0200DE
S21401825010B50446022142F230001CF092F8B4F840
S2140182606E30A0F803300B48F3F750F81CF0B7F85F
S21401827043792BB91CF0B3F8017A2046FCF704FBCE
S2140182801CF0ADF8407920B11CF0A9F8407940F413
S214018290805010BD19BA000038B505460C4642F2AA
S2140182A0150002211CF06DF8B5F86E30A0F8033009
S2140182B00848F3F72BF81CF092F883682360037BD9
S2140182C023711CF08CF8407918B1BDE838401CF0D9
S2140182D03CB838BD37FB020038B505460C4641F2BE
S2140182E0054002211CF04DF8A0F803500848F3F7AA
S2140182F00DF81CF074F890F9083023701CF06FF834
S214018300407918B1BDE838401CF01FB838BD00BF31
S214018310B3F7020010B50446022142F216001CF023
S21401832030F8B4F86E30A0F803300648F2F7EEFFE6
S2140183301CF055F8807820B11CF051F8807840F494
S214018340805010BD83F70200014811F0B5BD00BF93
S214018350A027002040F6FF732DE9F3410D46B0F843
S2140183606E100192994205D101A811F087FD02B065
S214018370BDE8F0811146134601229BBB1E4811F051
S21401838073FEFFF7E1FF04460028F0D011F00AFE65
S2140183906379074603F001086FF300036371042154
S2140183A02046A66811F041FF4379044668F30003AE
S2140183B04371DB438179B6F86E200C31866003F099
S2140183C001036254C2F30322084442EA03124270D4
S2140183D047802246304629461EF004F82046F2F72A
S2140183E0A9FFCEE75C79986024F0030414435C711E
S2140183F000221B68C1E700BFA027002070B5054614
S214018400064C206800B970BD8368AB4204D106688B
S214018410F0F75EF92660F4E70446F2E7A0270020AD
S2140184200146014811F020BEA4270020014811F0A2
S21401843043BD00BFA42700200146014811F014BE29
S2140184409C270020034803680BB111F035BD184680
S214018450704700BF9C270020044B1A6822B9986811
S214018460003818BF01207047012070479C27002064
S2140184702DE9F041154606460F4642F2360019210F
S2140184801C46DDF824801BF07CFF2B0AC371230AEF
S21401849083729DF81830857103739DF81C30447201
S2140184A043739DF820302D0C240CC670878005720E
S2140184B0C4728373D8F80030C0F80F30B8F80430AF
S2140184C08676A0F813309DF8283043759DF92C3038
S2140184D083759DF83030C375002303769DF83430DC
S2140184E043769DF83830C3760648F2F70FFF1BF047
S2140184F076FF407920B11BF072FF407940F480503E
S214018500BDE8F081CDB7000038B505460C464FF6FC
S214018510194005211BF035FFC57044600548F2F788
S214018520F5FE1BF05CFF407918B1BDE838401BF042
S2140185305DBF38BD13BC020038B505460C464FF684
S2140185401A4005211BF01DFFC57044600548F2F76F
S214018550DDFE1BF044FF407918B1BDE838401BF042
S21401856045BF38BD43BC020070B50D460646012125
S214018570DAB1FFF7C9FF0446A8B9072142F2350070
S2140185801BF0FFFEC6702B684360AB88038108486A
S214018590F2F7BCFE1BF023FF437923B11BF01FFF4C
S2140185A0447944F48054204670BDFFF7C5FFE2E7E6
S2140185B0CBBA02000A4610B50421044642F237003F
S2140185C01BF0EAFE032303710023C4704371837119
S2140185D00548F2F79BFE1BF002FF407918B1BDE893
S2140185E010401BF003BF10BD03BB02000A4610B5C6
S2140185F00421044642F238001BF0CEFE0323037129
S2140186000023C470437183710548F2F77FFE1BF0A7
S214018610E6FE407918B1BDE810401BF0E7BE10BD7C
S2140186204FBB0200F8B506460F4642F23900062156
S21401863014461D461BF0A5FE01238471240A03710E
S214018640C7704671C47105720548F2F75FFE1BF0EC
S214018650C6FE407918B1BDE8F8401BF0C7BEF8BDAC
S2140186609BBB0200044B18780130C0B2012838BF0A
S21401867001201870704700BFA82700200148FFF7A7
S214018680B5BA00BF898601002DE9F04F867987B01B
S2140186900C3605900546805BC0F30B00FBF7FEFF2A
S2140186A0044618B905A811F0E9FB4EE090F87230BF
S2140186B0022BF7D1AB5B059AC3F30B0103F44053CE
S2140186C0B3F5805F9060A95342D153796FF30003ED
S2140186D05371836B002BE5D0042105A804F13806FD
S2140186E011F0DBFC3046059911F0BEFCA06B0023AF
S2140186F001465A1CA9BBDBB2012B01D911F025FD9D
S214018700A06B11F04FFC03281FD9D4F838904846C7
S21401871099F8067011F046FC0C3709EB070539F895
S2140187200770A0F10408474522D9524FD4F838A063
S21401873007F1100957F804BB53464246294620461E
S214018740D8474F4510D00028F4D007B0BDE8F08FC9
S214018750383011F093FB059A537943F001035371B6
S214018760BAE713460968C4E70028EED130469AE70F
S214018770A06B11F017FC04378742F7D36988A1F183
S21401878040033F2B0BD80421304611F086FC2046CF
S214018790A26B69881BF0E6FE0023A363D5E70529D3
S2140187A00BD0062961D00429E0D1304611F075FCC2
S2140187B0A16BA06CFCF7A0F8EEE7294620461BF05B
S2140187C0CFFE02460028D1D12B79122B06D0132BCF
S2140187D036D0204669791BF09BFEC7E794F87330C4
S2140187E0022BF6D040F67A4029898B1F9BB2834232
S2140187F024D86A89931F9BB283421FD891421DD801
S214018800AB89B3F5FA7F19D240F6764CEF89A7F11A
S2140188100A0080B2604511D8B4F86A000290B4F834
S2140188206800CDE900702046FFF796FC021E18BFCF
S2140188300122204669791BF0EBFD97E70122F8E754
S21401884094F87330012B03D1204669791BF060FE42
S214018850A3681A048AD523F40043A3602B89012B4D
S21401886084D12046FCF768FD80E72046A16B1BF00B
S2140188702FFF91E710980300014B9B68184700BF34
S214018880D831002010B5044617F0F4FE30B1003C94
S21401889018BF01240020024B1C7010BD0E20FCE7FF
S2140188A0B02700200C4B01461A789AB95B689B07E3
S2140188B010D490F97520013218BF012291F8523078
S2140188C013F0400005D091F8600010F0400018BF8A
S2140188D0D0B270470122F1E7B0270020024B58685A
S2140188E000F00200704700BFB0270020024B586816
S2140188F000F00800704700BFB0270020014B1B683E
S214018900184700BFD831002008B517F0B3FE01287C
S21401891009BF034B0020586800F0100008BD00BFD7
S214018920B027002007B502460846042802F00101D8
S21401893013D9B1B903200C4B5A6002F0800301939E
S21401894002F04003009302F0200302F0040200F05C
S214018950E1FB002003B05DF804FB0029EBD00328FF
S214018960E9D12120F6E700BFB027002010B50D4958
S2140189700D480DF0D9FB044690B90C4B0C4A1A6011
S2140189800C4A5A600C4A9A600C4ADA6000F08CFC79
S214018990032104460020FFF7C5FF0022084B1A708A
S2140189A0204610BDEFBEADDEBEBAFECAD8310020ED
S2140189B009910100934A030011920100D5AA010012
S2140189C0B027002007B50191FBF776FE88B1019B21
S2140189D0094A013393420CD845F21802002101AB33
S2140189E01BF0C2FFB0FA80F04009400003B05DF80A
S2140189F004FB2120FAE700BF40420F00054A08B5F4
S214018A00431C934203D800F0A5FB002008BD21209B
S214018A10FCE700BF40420F0038B504460320F0F7DC
S214018A207DF80546D0B194F87030037094F875302F
S214018A3043702046FBF7F8FE2A46A87040F2026112
S214018A4007481EF0E7FC074B2046DB6801219847E4
S214018A5094F97500BDE83840FAF7F0BD38BD00BF9F
S214018A60CC270020D831002070B5054608200E46D8
S214018A70F0F754F8044680B195F870300021037081
S214018A80064B4660DB68284698472246BDE870409C
S214018A9040F2016102481EF0BDBC70BDD831002015
S214018AA0CC27002038B5054608200C46F0F736F8E6
S214018AB0024638B1C0E90054BDE838400D210248ED
S214018AC01EF0A8BC38BD00BFCC27002038B505462F
S214018AD008200C46F0F722F8024650B195F870309F
S214018AE040F20561037044600248BDE838401EF05C
S214018AF091BC38BDCC27002013B504460191114620
S214018B0012B301A904200DF01FFB019B104A204659
S214018B10B3FBF2F102FB113345F218020021019377
S214018B2001AB1BF021FF0820EFF7F8FF024648B122
S214018B3094F8703040F204610370019B436005486D
S214018B401EF068FC02B010BD45F2180201ABE8E762
S214018B5040420F00CC27002010B504460120EFF755
S214018B60DDFF024648B194F8703040F203610370AD
S214018B70BDE8104001481EF04DBC10BDCC270020BA
S214018B8038B5054608200C46EFF7C8FF024650B137
S214018B9095F8703040F20761037044600248BDE802
S214018BA038401EF037BC38BDCC270020014B5B682F
S214018BB0184700BFD831002010B50F4C2368D3B139
S214018BC00022D3F8A0001A7783F83D2083F85E20B0
S214018BD010F099F82068442160301EF086FC206869
S214018BE021211D301EF081FC20682121BDE81040A6
S214018BF03E301EF07ABC10BDBC270020F0B5062022
S214018C0087B0EDF7D3FC11F04CFC054640B90146A0
S214018C101A20FFF747FF6FF08C04204607B0F0BD1F
S214018C202F4E306810F06FF8044640B110F1880FEF
S214018C3005D0014640F20740FFF734FFEDE717F095
S214018C4019FD0328074622D1002434600FF0F8FDF1
S214018C50000268606C6140F2011128461BF081FD3C
S214018C60204B6946EB60204B2B6000230093EEF708
S214018C701BFF0446E0B1014640F20740FFF712FF32
S214018C80284610F0C4FB284611F010FCC5E73268F0
S214018C906B686A61DAB222B923F0FF0343F001037D
S214018CA06B600FF0CDFD000240F001006860D2E776
S214018CB0032FE5D101AB102202A9009810F08EF81F
S214018CC01021044602A81EF002FC02A910201DF085
S214018CD07EF8102102A81EF008FC009B3360CFE747
S214018CE0B82700200044400400248000FF282DE916
S214018CF0F84316BF1C4D1D4B45EA002581464FF033
S214018D0006008846174608BF1D68EDF74FFC11F0B0
S214018D10C8FB064618B30146284610F019F8044663
S214018D20304610F074FB304611F0C0FB14F1880F8A
S214018D300FD1B9F1FF0F0ED1FFF760FF044660B9FE
S214018D400A4B1D680020C8F8005007B13C60BDE81A
S214018D50F883002CF6D02120F7E70025F2E71A2049
S214018D606FF08C04F1E700BF06800400B8270020EE
S214018D702DE9F0418AB006AC8846154603462646DC
S214018D8000F11007224618685968083303C2BB422F
S214018D901446F7D1102130461EF099FB0023062019
S214018DA00593EDF703FC11F07CFB044610B3102786
S214018DB04FF480711BF0D5FC194B1A49036005ABC3
S214018DC0C160324628460293CDE900873B46EEF75E
S214018DD0C7FD0546F0B9394640461EF078FB3946D0
S214018DE030461EF082FB204610F011FB204611F0A3
S214018DF05DFB0BE06FF08C0140F20740FFF752FE7F
S214018E00102130461EF071FB6FF08C0528460AB023
S214018E10BDE8F081014640F20740FFF743FEDEE77A
S214018E2000248000004440042DE9FF410546062049
S214018E3088461646EDF7BAFB11F033FB044648B9EF
S214018E4001461A20FFF72EFE6FF08C05284604B067
S214018E50BDE8F0810FF0F4FC2A466D4600232F464C
S214018E60000260606361204606F580711BF079FCA4
S214018E70144BE360144B236002F110032E46106876
S214018E805168083203C69A423546F7D11021384652
S214018E901EF01DFB434610223946204610F023F8EB
S214018EA0054620B1014640F20740FFF7FBFD1021C1
S214018EB038461EF01AFB204610F0A9FA204611F09B
S214018EC0F5FAC3E700444004002480002DE9F0438E
S214018ED04FF0000987B0044606200E46174698460E
S214018EE0CDE90499EDF762FB11F0DBFA054670B3A4
S214018EF00FF0A6FC00024FF480516860C5F814908C
S214018F0028461BF02EFCDFF874901B4B21462B6085
S214018F101022C5F80C9004AB0FF0E5FF044628BB01
S214018F2005AB029310233246CDE9008349463B4602
S214018F30049810F008F90446C0B904980FF0E3FE4F
S214018F40284610F064FA284611F0B0FA0AE06FF0ED
S214018F508C0140F20740FFF7A5FD04980FF0D3FE01
S214018F606FF08C04204607B0BDE8F083214640F23E
S214018F700740FFF797FDE0E7002480000002C003EA
S214018F80F0B50E460446154693B0202230464349B6
S214018F9010F033FC68B920222846414910F02DFC18
S214018FA038B9404B1B681B7D002B64D040F2034050
S214018FB01BE0246C2022304604F1510110F01DFC08
S214018FC038B92022284604F1710110F016FC002859
S214018FD0ECD00620EDF7EAFA11F063FA044630B950
S214018FE001461A20FFF75EFD1A2013B0F0BD0027D8
S214018FF000970FF025FC000260604FF48041204688
S21401900067611BF0AEFB284B3046E360274B06F149
S2140190102002236004238DF804300DF1050350F877
S214019020041B904243F8041BF9D10DF105002021E1
S2140190301EF04DFA28460DF1250305F1200250F8E1
S214019040041B904243F8041BF9D120210DF12500A1
S2140190501EF03DFA01A96B46412220460FF043FF60
S214019060014650B9204610F0D2F9204611F01EFAFA
S21401907000980FF048FE0020B7E710F1870F03D0E5
S21401908040F20740FFF70EFD204610F0C0F92046DB
S21401909011F00CFA00980FF036FE87E734990300BA
S2140190A014990300BC2700200000020912410001A8
S2140190B000F0C003402B07D1094B1B6873B100F0C9
S2140190C03F0053F820007047802B01D1054BF4E791
S2140190D0054A0648C02B08BF10467047034870472C
S2140190E0C4270020C0270020954B0300B596010039
S2140190F0102828BF1020072838BF0720014B1B68FF
S21401910018727047BC270020014B1B68187A7047FD
S214019110BC270020003918BF0121003B18BF0123DE
S21401912010B50B4C003A246818BF0122A3749DF8B1
S21401913008302070003B18BF0123E3749DF80C3003
S2140191402174003B18BF01236274237510BD00BF54
S214019150BC270020014B1B68D8607047BC27002045
S21401916010B50D4B02461B68187F022810D082B13D
S214019170012201F110001A7703F11D0251F8044B88
S214019180814242F8044BF9D1012283F83D200020A8
S21401919010BDFFF711FDFAE7BC27002070B51B4B89
S2140191A00D461E681446337F022B2AD128B351B3CD
S2140191B04AB3102206F11D0010F01FFB18B310224F
S2140191C0214606F12D0010F018FBE0B1294606F104
S2140191D03E0305F1100251F8040B914243F8040BCB
S2140191E0F9D1214606F14E0304F1100251F8040BA1
S2140191F0914243F8040BF9D1012086F85E00002065
S21401920070BD0220FCE72120FAE700BFBC27002042
S21401921001280AD002280ED098B90B4B1A68936918
S21401922043F00103002093617047074B1A68936966
S21401923043F00203F6E7044B1A68936943F004030C
S214019240F0E72120704700BFBC27002038B5094D44
S2140192502C685CB9A42011F024F9286040B122469C
S214019260BDE83840044905480CF0B6BE002038BDBC
S2140192701A20FCE7BC270020B1470300C8270020BE
S214019280024B034A00201A60704700BFC427002023
S214019290D0980300024B034A00201A60704700BFB3
S2140192A0C0270020A898030010B5144CFFF784FCD3
S2140192B02068A4211EF019F903224FF0FF3123681C
S2140192C01A70D960002210211A7783F83D2083F89E
S2140192D05E201A829A7419729A61EEF719FC044696
S2140192E048B917F0C7F90328054B08BF00232046E5
S2140192F0044A136010BD40F20740FBE7BC2700207C
S21401930037000400B82700202DE9F043836804469F
S214019310590687B040F1B18023F0400383601BF00B
S214019320E8FA802802D0402840F0AA8094F9758097
S21401933004F13409B8F1FF3F1DD117F09BF901285C
S21401934071D1636B04201A888DF808201A4632F80A
S214019350021B090A8DF80910D3F8023002A9CDF8CC
S2140193600A3053680A22CDF80E30FAF7F5F8B0F154
S214019370FF3F804657D0A56815F4807553D1062067
S214019380EDF714F911F08DF8074698B901461A2041
S214019390FFF788FB204641F20601FFF765FB2046F2
S2140193A00021FEF79DFC04F1340007B0BDE8F04350
S2140193B01BF0EFBA20461BF09CFA802828D1494DB5
S2140193C0394645EA082528460FF0C2FC06463846C7
S2140193D010F01DF816F1880F1BD1434D394645EAAA
S2140193E0082528460FF0B4FC0646384610F00FF85C
S2140193F0384611F05BF896B9606B2A4602A90A3026
S214019400FFF7B6FC70B3102102A81EF06EF8C1E794
S2140194102E4620461BF06DFA4028E9D1DDE731469D
S21401942040F20740B4E794F87430DA0702D4A36830
S214019430DB05AFD5002201A904F118000192FFF760
S214019440F3FC18B101980FF05EFCA3E7606B019A7C
S21401945002A90A30FFF78CFC054601980FF053FC71
S214019460002DD0D1204602A9FEF73AFC02A8102111
S2140194701EF03BF848461BF08CFA07B0BDE8F083B7
S214019480636B1A88002A85D1882801D04B2881D1A0
S2140194900021013313F8012F002A7FF47BAF01313D
S2140194A00829F7D1206C01A900F598700192FFF701
S2140194B0BBFC0028C6D1606B019A02A90A30FFF7EF
S2140194C057FC054601980FF01EFC002D9BD1204647
S2140194D002A9FEF705FC02A810211EF006F804F109
S2140194E03400C8E705800400038004002DE9F0433A
S2140194F0804693B006200F4616469946EDF756F875
S21401950010F0CFFF044648B901461A20FFF7CAFA01
S2140195106FF08C05284613B0BDE8F0830FF090F984
S21401952000230002606063614FF4804120461BF017
S21401953018F95A4BE3605A4B23605A4B1A68137F4B
S214019540022B21D102F1600302F1800153F8040BD2
S2140195508B4247F8040BF9D102F1A00153F8040B32
S2140195608B4246F8040BF9D1D2F8A0302046C9F850
S21401957000300FF04CFF204610F098FFB8F1000FB6
S21401958040F085800025C5E79369DB072DD5464B5E
S21401959003F1200253F8041B934247F8041BF9D148
S2140195A0424B03F1200253F8041B934246F8041B76
S2140195B0F9D14B4620223E4920460FF094FC054641
S2140195C020460FF024FF204610F070FF002DD5D066
S2140195D0294640F20740FFF765FAB8F1000F99D027
S2140195E0082140461BF0B4FA94E74946EEF75CFAC8
S2140195F0054690B1014640F20740FFF753FAB8F12D
S214019600000F03D0082140461BF0A2FA20460FF0B7
S214019610FEFE204610F04AFF7CE76B46412201A978
S214019620D9F800000FF034FC054620460FF0EFFE97
S214019630204610F03BFF4DB1294640F20740FFF7A8
S21401964031FAD9F800000FF05EFBC6E73A460DF195
S21401965005030DF1250153F8040B8B4242F8040B68
S214019660F9D132460DF1450153F8040B8B4242F80D
S214019670040BF9D101A841211DF037FF38462021FE
S2140196801DF025FF202130461DF021FF76E7002240
S21401969045F2160140461BF057F973E70000020930
S2140196A012710001BC270020209803004198030096
S2140196B05499030045F20603994210B5044637D083
S2140196C01FD840F20323994207D045F2020399427C
S2140196D03FD040F2012399421FD1244894F87010DC
S2140196E01DF06FFE94F873304FF4A041012B14BFA8
S2140196F080204020FFF7DCFC0022034620469847E6
S2140197000BE045F2170399422ED045F21A0399420F
S21401971005D045F20C0399421FD0482007E0C0212E
S2140197201BF0F7F807212046FFF79EF9002010BD31
S21401973093791A44517C41F49051FFF795F994F8C6
S21401974073302046012B14BF802140211BF0E1F825
S214019750ECE705211BF0FCF9E8E71BF0CAF8412805
S214019760E4D005212046F5E70220E0E7C8270020DF
S214019770F7B52B4F06463B680D461B7F1446012B5B
S2140197804CD000283DD0FFF717FA396810201D315C
S2140197900CF0DAFC28B1FFF70FFA40F2074003B0ED
S2140197A0F0BD396801F1A00301F180026031FFF7D5
S2140197B09DFE0028EFD13B6803F1600203F12D0600
S2140197C01146CDE900061D331BF010FA0028E2D140
S2140197D002233A681377012302F12D0182F83D3006
S2140197E002F11D0353F8040B8B4245F8040BF9D123
S2140197F03D3253F8041B934244F8041BF9D1002070
S214019800CDE7FFF7D9F931461022284610F01FF8A8
S21401981010223146204610F01AF8F0E70220BEE783
S214019820BC270020B1F5A04F2DE9F04104461646AD
S21401983000F01481A1F5A043DD1F042D00F215816F
S2140198409279083B0C321644026C92F85021032B95
S21401985005D8DFE813F043009B00B9000001D107EB
S21401986019D5771D1022394682480FF0C6FF002809
S21401987062D016F0FFFE0128206C0ED103213A4675
S21401988090F95E01F9F706FE1021054638461DF0EF
S2140198902CFE002D4CD100276BE03B461022032105
S2140198A090F95E0116F0E8FE94F873300546012B38
S2140198B00DD13B4604F11802153653F8041BB3428A
S2140198C042F8041BF9D1A36843F48073A360102106
S2140198D038461DF00AFE002DDDD011E012F001071A
S2140198E0D9D016F0C7FE01282DD1236C062093F996
S2140198F05E81ECF75BFE10F0D4FD054618B91A251B
S2140199000021284612E001465B4840EA08200FF095
S2140199101FFA804628460FF07AFD284610F0C6FD4D
S214019920B8F1000F0FD0414640F20740FFF7BAF8F2
S214019930082120461BF00CF9204608211BF008F9E7
S21401994040F2034020E0206C06F1050843460A2257
S214019950022190F95E0116F08FFED6F80530054615
S214019960A362D6F80930E362B6F80D3023860028E4
S214019970C6D1226C92F8503123EA070382F850319F
S21401998020461BF0A3F90020BDE8F081920782D59E
S21401999016F070FE012806F10506206C09D1062195
S2140199A0324690F95E01F9F775FD102105463046FD
S2140199B06DE706213346102290F95E0116F05CFE33
S2140199C010210546304684E793077FF564AF16F00D
S2140199D051FE01281AD1236C062093F95E71ECF72B
S2140199E0E5FD10F05EFD0546002888D001462348B7
S2140199F040EA07200FF0ACF9074628460FF007FDAE
S214019A00284610F053FD0FB139468DE7717989B9B3
S214019A100A46731D13F8010F60B90132062AF9D1FF
S214019A2094F85210206C81F0080104F14C03C1F344
S214019A30C00106E000394FF0060218BF0121206C74
S214019A40B31D90F95E0116F017FE054600287FF457
S214019A5057AF02278DE702F004078AE71AF0B5FE32
S214019A600022236C83F85C218AE7BDE8F041FFF70A
S214019A7021BE00BF04990300038004000680040091
S214019A80F0B5B1F5A04F05468DB008D045F21304E8
S214019A90A14244D00DB0BDE8F040FFF70BBE002355
S214019AA0046CCDE90833CDE90A3394F85D310DF144
S214019AB0200C042B2CD11F4B1B6893F85E205AB147
S214019AC0674603F13E024E333E461068516808323F
S214019AD003C69A423746F7D104F58473069305F117
S214019AE05303059305F15A030493237928460393F8
S214019AF0637904F1C8020293A37904F1F801CDE970
S214019B0000C304F1B8031BF058FB00200DB0F0BDF4
S214019B10013B022B9CBFD4F82C310893DCE7016C87
S214019B2001F584711AF06DFE4A2128461AF0F1FEFD
S214019B30EBE700BFBC270020F0B545F20E06B142A8
S214019B40044613468DB00BD045F21303994260D0FC
S214019B50B1F5A04F77D11AF038FE00200DB0F0BD58
S214019B609979026C0C310B44591D02F58C72153330
S214019B7051F8040B994242F8040BF9D1256C1022D6
S214019B8005F58C7105F584700FF037FE20B90B21B1
S214019B9020461AF0DDFFE0E70023CDE90833CDE9E2
S214019BA00A3395F85D310DF1200C042B2AD1284B90
S214019BB01B6893F83D205AB1674603F11D022D3309
S214019BC03E4610685168083203C69A423746F7D1B6
S214019BD005F5A073069304F15A03059304F15303A4
S214019BE00493EB7A204603932B7B05F1B80202938C
S214019BF06B7B05F1F801CDE900C305F1C8031BF045
S214019C00DCFAAAE7013B022B9CBFD5F82C3108935E
S214019C10DEE7056C102205F5A07105F58C700FF0D6
S214019C20ECFD0028B3D1D5F858314B219B0748BF2E
S214019C3094F87430204644BF43F0020384F874302D
S214019C401AF067FE89E70DB0BDE8F040FFF732BDB8
S214019C50BC27002073B545F21406B14204461AD05B
S214019C6045F21906B14221D0B1F5A04F28D11AF01C
S214019C70ACFD216C204601F59473019301F1B80304
S214019C80009301F1110201F1C80351311BF036FBBB
S214019C90002002B070BD036CD3F828210B4BB2FB39
S214019CA0F3F103FB1121FEF711FFF1E713781BB95E
S214019CB00C211AF04DFFEBE749211AF02AFEE7E7DF
S214019CC002B0BDE87040FFF7F5BC00BF40420F0090
S214019CD02DE9F04F97B01546DDE9209804AA06460F
S214019CE08C4692461C46524B229F03F1100B964619
S214019CF0186859680833AEE803005B457246F6D12A
S214019D006B46202261465046FFF7E0F8834600285E
S214019D1071D1484B05F11002089365238DF8243064
S214019D200DF12503184655F8041B954243F8041B0C
S214019D30F9D110211DF0CBFB0DF13503184604F1C6
S214019D40100254F8041B944243F8041BF9D1102165
S214019D501DF0BDFB99F80630062183F00803C3F316
S214019D60C0038DF84530D9F800300DF14600CDF826
S214019D704630B9F804300124ADF84A301DF0A7FB8F
S214019D8098F80630062183F00803C3F3C0038DF864
S214019D904C30D8F800300DF14D00CDF84D30B8F804
S214019DA00430ADF851301DF092FB002335228DF8BA
S214019DB054306846239B08A98DF85340FFF786F870
S214019DC08346C0B9102123981DF081FB3B463522FE
S214019DD0684608A98DF82040FFF778F8834650B901
S214019DE0B27C0146C2F1100238460FF030FD102158
S214019DF038461DF06CFB102168461DF076FB3521B8
S214019E0008A81DF072FB102150461DF06EFBBBF139
S214019E10000F06D0082130461AF09AFE17B0BDE8AA
S214019E20F08F5A4645F2120130461AF08DFDF5E7DD
S214019E30629803000062746C70B51E4604230546E2
S214019E4096B014468DF8143001F120020DF1150379
S214019E5051F8040B914243F8040BF9D120210DF17E
S214019E6015001DF034FB22460DF1350304F12001E7
S214019E7052F8040B8A4243F8040BF9D120210DF164
S214019E8035001DF024FB04AB0293202301931A9B9B
S214019E90314600930E48412305AA0FF067F90446A0
S214019EA0412105A81DF021FB54B1214640F207408F
S214019EB0FEF7F8FD082128461AF04AFE16B070BDD6
S214019EC0224645F2150128461AF03EFDF6E700BF88
S214019ED00000020945F20D039942F7B5044627D062
S214019EE00DD8B1F5A04F1DD045F20403994200F0FC
S214019EF08F80204603B0BDE8F040FFF7DBBB45F29C
S214019F001103994200F0A68045F215039942F0D15B
S214019F10006C90F85D31052B06D8DFE803F0503A67
S214019F20423A55501AF051FC0027384603B0F0BDAE
S214019F3093790C331A44561D02F125052A463146FB
S214019F40FFF71EF8074620B10B2120461AF000FE47
S214019F50EBE73146236C113351F8042BA94243F841
S214019F60042BF9D1236C01F12002313351F8040B93
S214019F70914243F8040BF9D1216C204601F1D80334
S214019F800093D1F8943001F131021131FFF754FFFB
S214019F90CAE7204645211AF0BCFC2046FEF7DCFD48
S214019FA0C2E7204645211AF0B4FC364B20461B6812
S214019FB0D9684B1C5A425A41FEF79EFDB4E746212A
S214019FC020461AF0A6FCAFE72E4B1B6893F85E50AE
S214019FD065B1002100F1110200F5A0700190009119
S214019FE0204611463E331AF001FE9DE71021C83087
S214019FF01AF0C5FC00283DD0082120461AF0A8FD1D
S21401A000294640F20740FEF74DFD40F207478CE730
S21401A0109179036C0C310A44511DA833153251F85D
S21401A020040B914243F8040BF9D1256C102205F17B
S21401A030A80105F198000FF0E0FB20B904212046A5
S21401A0401AF086FD70E7D5F8583143F00103C5F8DC
S21401A050583169E70B4B056C196810224E3105F52E
S21401A060A0700FF0CAFB0028E8D1102105F1C80046
S21401A0701AF085FC216C2046C8311AF0DEFB472118
S21401A0809EE700BFBC27002045F216039942F7B5AC
S21401A090044600F0B0810CD8B1F5A04F0FD045F2C0
S21401A0A00303994210D0204603B0BDE8F040FFF705
S21401A0B001BB45F217039942F5D1022002E01AF0DE
S21401A0C084FB002003B0F0BD9379056C0C33D618E1
S21401A0D0F379DF070CD4FEF701FC18B994F9753053
S21401A0E0013305D0052120461AF032FD2120E9E78B
S21401A0F0A24F337A3A68127A9A4202D8A27C9A42DE
S21401A10001D90621EFE7D6F80530C5F80B30B6F8C9
S21401A1100930A5F80F300223AB7294F9523094F847
S21401A1205210002BB2BF012381F00803C3F3C00312
S21401A130AB7094F8603083F00803C3F3C0036B7010
S21401A140337A102B28BF1023A374F379D8072BD5A5
S21401A150AB79DA0728D5737A2A7A134085F8513114
S21401A160B37A6A7A134085F8503195F95E31013336
S21401A1701ED0206C90F850319B0719D481F008014D
S21401A180062290F95E0104F14C03C1F3C00116F0FA
S21401A19073FA68B140F21B412046FEF765FCA368DE
S21401A1A05907A3D508219EE7002385F85131DAE740
S21401A1B03B68F079597C00F0080229B112B1AA79FE
S21401A1C0120703D403218EE7002A73D0AA79110758
S21401A1D070D5D5F8581141F00401C5F85811B5F8F5
S21401A1E0501121F4807121F00101A5F8501193F866
S21401A1F01CC0B179BCF1020F03D0002937D002216F
S21401A20071E729B3012283F83D20DA7C52BB04238F
S21401A21085F85D3194F91330022B03D1D5F8583106
S21401A2205B07CFD516F026FA01285CD194F97500A4
S21401A230461C58D0002201A9C0B2FEF757FD0028DF
S21401A24051D1236C93F85021900748D40A214AE74C
S21401A25093F85E20002AD2D083F83D10DB7C002BD9
S21401A260CDD1D4E793F85E30002BD0D1C7E70243B7
S21401A27012F0040209D185F85D211B7C002BA1D1C7
S21401A28094F8743098079DD4C4E772791878052A33
S21401A29028BF03223A4902EB82020A44125C85F87F
S21401A2A05D211B7C1BB994F874309907B2D5002A3E
S21401A2B0B0D187E71A7F012A02D1B279002AA6D146
S21401A2C0420703D4AA7912F00402D4D0727918781E
S21401A2D0052A28BF03222B4902EB8202DDE793F809
S21401A2E051319907B2D594F97500421C18D0226CE9
S21401A2F00821D2F8583143F04003C2F8583116F01D
S21401A300D2F9052194F9750016F0A1F9032194F903
S21401A310750016F09CF9062194F9750016F097F968
S21401A32095F85D31206C042B00F5987021D13B68BF
S21401A33003F11D022D3352F8041B9A4240F8041B08
S21401A340F9D1D5F8583195F85D2103F00401DAB951
S21401A35023F00203C5F85831E274002946D0216C77
S21401A360204601F1940301F171025131FFF7BEF865
S21401A370A7E6102200210FF06AFAE2E7BC270020C8
S21401A380739803008C98030043F00203C5F8583114
S21401A39049B90123013AE374032A3FF692AEDFE896
S21401A3A002F010181025A37C0F2B89BF94F8743087
S21401A3B0012343F0080384F8743088BF0223E37452
S21401A3C0CDE7204645211AF0A4FA2046FEF7C4FB45
S21401A3D077E6204645211AF09CFA3B682046D96864
S21401A3E04B1C5A425A41FEF787FB6AE64321204638
S21401A3F01AF08FFA65E61AF058FA4221F7E700BF1D
S21401A400F8B50446FEF74EFA266C054628B394F9CD
S21401A41075305F1C0BD086F85E31FEF75FFA0721B8
S21401A42001201AF0E2F9024638BB1A2111E0204653
S21401A430F9F712FA86F85E01236C93F95E3101335F
S21401A440EBD1FEF74BFA60B1A3685D070FD441F27A
S21401A45005212046FEF708FB0DE0FF2386F85E3156
S21401A460EFE794F975300133EED10025D7E70521E2
S21401A47020461AF06DFB0020F8BD3249867909683E
S21401A4800C3691F800C0831983F801C091F81CE0DE
S21401A490281E18BF0120BEF1010F0DD183F802E07E
S21401A4A0D870487C00B3D87800071DD4A3685B0732
S21401A4B0DDD441F20321CCE78F69BEF1020F07F02C
S21401A4C002070ED191F85EE0BEF1000F09D04FF001
S21401A4D0010E83F802E0D870002FE2D140F00800A8
S21401A4E0DEE74FF0000EF4E7BCF1030F07D0096971
S21401A4F011F0FF1F1EBFD97841F00401D97094F8FE
S21401A50074108F0708D5D978480705D4BCF1030F16
S21401A510CFD041F00401D970002D18BF03251021BA
S21401A5205D7119719D71216C9059C1F8030098886D
S21401A530A1F807009B7920464B72062119F08CFF83
S21401A540012099E7BC270020F0B545F20E06B1427E
S21401A550044615468DB00ED045F21306B1425CD0C6
S21401A560B1F5A04F40F0BD801AF02FF9236CD3F857
S21401A5705831190757D5236CD3F8582112070CD434
S21401A580AA7903F584730C3215446A1D153552F801
S21401A590041BAA4243F8041BF9D10023256CCDE91C
S21401A5A00833CDE90A3385F85C3195F85D310DF154
S21401A5B0200C042B2AD14D4B1B6893F83D205AB131
S21401A5C0674603F11D022D333E4610685168083276
S21401A5D003C69A423746F7D105F5A073069304F1F0
S21401A5E05A03059304F1530304932B7905F1C8022A
S21401A5F003936B790293AB79CDE900C305F1B803F8
S21401A600204605F1F8011AF0D8FD0CE0013B022BBB
S21401A6109CBFD5F82C310893DEE7056C95F85C31C4
S21401A62023B1012B54D000200DB0F0BD102205F54A
S21401A630A07105F584700FF0E0F820B10B212046DB
S21401A6401AF086FAEFE7D5F858310DF1200C9B0782
S21401A65042BF94F8743043F0020384F87430012347
S21401A66085F85C310023CDE90833CDE90A3395F846
S21401A6705D31042B25D11D4B1B6893F85E205AB122
S21401A680674603F13E024E333E4610685168083273
S21401A69003C69A423746F7D105F58C73069304F143
S21401A6A05303059304F15A030493EB7A05F1B802B8
S21401A6B003932B7B02936B7BCDE900C305F1C803A3
S21401A6C09EE7013B022B9CBFD5F82C310893E3E7AC
S21401A6D005F58C711AF095F8882120461AF019F9BB
S21401A6E0A1E70DB0BDE8F040FEF7E4BFBC270020AF
S21401A6F045F21403994213B504462BD00CD8B1F594
S21401A700A04F13D045F20E03994232D0204602B034
S21401A710BDE81040FEF7CEBF45F219039942F5D1C8
S21401A720137813BB0C211AF013FA10E01AF04DF847
S21401A730216C204601F59473019301F1B80300934F
S21401A74001F1510201F1C80311311AF0D7FD0020C1
S21401A75002B010BD036CD3F82821114BB2FBF3F104
S21401A76003FB1121FEF7B2F9F1E787211AF0D1F8C0
S21401A770EDE79179036C0C310A44511D03F584739E
S21401A780153251F8040B914243F8040BF9D1226CAF
S21401A790D2F8583143F00803C2F85831D7E700BF62
S21401A7A040420F0045F2100330B59942044685B089
S21401A7B000F0A6800CD8B1F5A04F27D045F20503CE
S21401A7C0994228D0204605B0BDE83040FEF772BF5A
S21401A7D045F21103994200F0B08045F21203994206
S21401A7E0F0D1016C91F85D3113B1043B012B03D814
S21401A7F02046B8311AF021F8236C93F85D31042B0A
S21401A80040F2DF80052B03D1862192E019F0DDFFAF
S21401A810002005B030BD9179036C0C310A44511DFE
S21401A820C833153251F8040B914243F8040BF9D1A1
S21401A830206CD0F8583113F0040354D090F85D31F1
S21401A840042B22D1604B1B6893F85E5065B1002142
S21401A85000F111020091114600F5A07001903E33FF
S21401A86020461AF0C3F9D3E71021B8301AF087F85A
S21401A87058B1082120461AF06BF940F207402946E4
S21401A880FEF710F940F20740C3E7216C91F85D31FD
S21401A89001F1C80213B1043B012B12D801F1F803F0
S21401A8A0039301F59873029304F15A03019304F19B
S21401A8B05303009301F1B8032046D831FFF708FA95
S21401A8C0A6E701F5A073019391F85C01D1F82C314C
S21401A8D0C34003F0010343F080030093134601F1E4
S21401A8E051021131BCE780F85C3100F1C8020093D7
S21401A8F000F5987100F5A07320461AF073FD87E7FE
S21401A900056C102205F1980105F5A0700EF075FF93
S21401A91020B1042120461AF01BF979E78821D5F8E1
S21401A92058319B0742BF94F8743043F0020384F811
S21401A9307430204619F0EDFF6AE7056C95F85D3135
S21401A94005F5A070042B1ED11F4B102219684E313D
S21401A9500EF053FF0028DCD1102105F1B8001AF0E3
S21401A9600EF8216C01F1F803039301F59873029335
S21401A97004F15A03019304F15303009301F1C80251
S21401A98001F1B80398E70146102205F198000EF090
S21401A99034FF0028BDD105F1B801204619F04DFF5E
S21401A9A0216C91F85C310133DBB2142B81F85C31F8
S21401A9B0D8D0D1F8583123F00103C1F85831842199
S21401A9C0B7E78721B5E700BFBC27002045F215038E
S21401A9D09942F7B5044651D00CD8B1F5A04F19D01D
S21401A9E045F20D0399421BD0204603B0BDE8F04066
S21401A9F0FEF760BE45F216039942F5D1016C01F1EE
S21401AA00D8030093D1F8943001F131021131FFF7E8
S21401AA1013FA01E019F0D9FE0027384603B0F0BD5D
S21401AA2093790C331A44551D02F125063246294600
S21401AA30FEF7A6FA074620B10B2120461AF088F841
S21401AA40EBE72946236C113351F8042BB14243F846
S21401AA50042BF9D1236C01F12002313351F8040B98
S21401AA60914243F8040BF9D1216C204601F194037D
S21401AA7001F171025131FEF739FDCDE719F015FFED
S21401AA80236C93F85D31052BC6D8DFE803F0190374
S21401AA9011111E192046822119F03BFF0C4B20464E
S21401AAA01B68D9684B1C5A425A41FEF725F8B3E792
S21401AAB02046822119F02DFF2046FEF74DF8ABE720
S21401AAC08321204619F025FFA6E78521F9E700BF77
S21401AAD0BC270020204B10B51B6804469B6913F069
S21401AAE0040310D141B180F8773090F87010BDE8BA
S21401AAF010401A481CF065BC90F87330012B03D146
S21401AB008368580705D410BD022B02D18368590704
S21401AB10F9D494F9772094F87730002AF3DBB3B9A7
S21401AB20012384F8773094F877305B08EBD04FF444
S21401AB307A7294F870105343084800220BF02AFAF0
S21401AB4094F8773063F07F0384F87730DBE75A06B2
S21401AB50E9D45B00E5E700BFBC270020C82700203A
S21401AB6045F21E0330B599420446154689B010D801
S21401AB7045F21603994213D845F20103994200F0B3
S21401AB80828145F20C03994222D0B1F5A04F00F024
S21401AB9080812A46204609B0BDE83040FEF78ABDCE
S21401ABA0A1F5A043173B072BF3D801A252F823F0D7
S21401ABB095AC010093AB010093AB010093AB010090
S21401ABC041AE010093AB01000DAE010081AC010066
S21401ABD090F97730002B02DB8268530707D52046B1
S21401ABE0092119F0B5FF41F2092009B030BDAB7952
S21401ABF02B44914D5B7C2D6803F008016D7CD5B12B
S21401AC0021B9032119F0A4FF2120EEE713F0040F68
S21401AC1003F0010308D042F00802826093B9A368EA
S21401AC2043F02003A36013E0002BF8D0836843F0C1
S21401AC3010038360F3E7580744BF42F00802A2609E
S21401AC40DB0703D5A36843F01003A3600029E6D110
S21401AC50A368224643F00403A360784920460BF01C
S21401AC60BBF90221204615F0CDFD47F230530022F4
S21401AC7045F21A0120460BF08DF9A3689D054AD5C9
S21401AC80A368580747D594F8700009B0BDE830406E
S21401AC9019F0B5BC90F87430D90745D590F97530E0
S21401ACA001333AD094F9131001291DDCA2689306EA
S21401ACB00DD5614B15071B6801D4187C38B1187F78
S21401ACC010B91878032802D09B6998072CD501295A
S21401ACD00AD0594B11071B6801D41A7C22B11A7F7E
S21401ACE012BB1B78032B1FD10023CDE90433CDE91A
S21401ACF0063315F0BFFC012801AB2DD0A06AE16A2E
S21401AD00228E03C31A802046BDF8042004AB0DF141
S21401AD100601FDF751FA002067E78368DA0616D4C4
S21401AD20FDF7DCFD0028BDD0434B1B68197F0229C7
S21401AD3029D1DA7C3AB393F85E3023BBA3685A076D
S21401AD4017D5204619F004FF41F202204DE7FDF722
S21401AD50A9FD0028E4D0E7E70A22022194F975004C
S21401AD6015F0CBFC0028CED1CDE90100ADF80C00E2
S21401AD70C9E7204641F20221FDF776FE0121204671
S21401AD80FFF7A8FEE0E7204619F0F1FCA56860B9D8
S21401AD906B0705D50821204619F0DAFE1A2024E7AC
S21401ADA01A212046FDF760FEF8E715F0040508D0E5
S21401ADB0FDF79CFDC8B1204694F97510FDF7E0FE3D
S21401ADC0A9E722461D4920460BF006F90221204636
S21401ADD015F018FD47F230532A4645F21A0120466F
S21401ADE00BF0D8F8A3685D07E2D4226CD2F858318C
S21401ADF043F020032046C2F85831FFF701FB002834
S21401AE0089D04121204619F084FD84E7FDF76EFDC7
S21401AE10002868D0226C002A65D0A368580762D53E
S21401AE20D2F8583199065ED429780029E0D1052157
S21401AE30204619F08DFE6EE7BC2700206949030005
S21401AE4090F87430D80707D44021204619F061FDE8
S21401AE5029462046FDF708FEA36859077FF55BAF34
S21401AE60204645F21A011CF0ACFA204622461F493C
S21401AE701CF0E0FAA368022123F03C032046A360FD
S21401AE80F9F76AFC47E70246184919480BF0A4F897
S21401AE9041E745F21A011CF094FAA36823F03E0339
S21401AEA0A360236C6BB193F95E01421C09D094F93F
S21401AEB07520013203D0D3F858315B0601D5F8F777
S21401AEC0C7FB2246204609491CF0B4FA2246074928
S21401AED007481CF0AFFA20460221F9F73DFC204650
S21401AEE019F096FD17E702207FE600BF69490300C7
S21401AEF0CC27002045F21E0399422DE9F341044672
S21401AF00154611D845F21603994214D845F20103A5
S21401AF10994200F0438345F20203994200F09C8077
S21401AF20B1F5A04F00F040832A46204602B0BDE8A6
S21401AF30F041FEF7BFBBA1F5A043173B072BF3D8A3
S21401AF4001A252F823F000BF69AF010029AF01004A
S21401AF5029AF010029AF010057B5010029AF010053
S21401AF6029B10100EFB00100874E33681A7F022A2B
S21401AF7011D1DA7C7AB193F85E3063B941F20221DD
S21401AF80FDF772FD20460121FFF7A4FD41F20220E4
S21401AF9002B0BDE8F081A368590701D50220F7E7A2
S21401AFA02046FDF77FFC3368051E1A7818BF012579
S21401AFB0032A07D019696AB211F0FF1F28D042F0A0
S21401AFC0040503E094F87420920729D49A69960739
S21401AFD023D41A7F012A20D045F0080502210B2030
S21401AFE019F003FC024600B3837903445D7394F9B8
S21401AFF07530013303D094F87430DD0703D5A368A8
S21401B00043F00203A3600621204619F025FA0CE05E
S21401B01094F874108F07D2D4D8E75B7C002BDDD070
S21401B02041F203212046FDF71FFDA368224643F0A7
S21401B0300403A360554920460AF0CEFF02212046AC
S21401B04015F0E0FB47F23053002245F21A01204684
S21401B0500AF0A0FF00209BE78368580703D494F901
S21401B0607730002B05DB236C53B1D3F85831D90662
S21401B07006D52046092119F06BFD41F2092087E724
S21401B080204619F074FB28B90821204619F060FD06
S21401B09021207DE7206CD0F8583143F01003C0F82A
S21401B0A05831AB790C332B445A68C0F803201A89FF
S21401B0B0A0F8072001229B7A4372236CDA70A268FB
S21401B0C012F0040610D12246304920460AF084FFC9
S21401B0D00221204615F096FB47F23053324645F2E0
S21401B0E01A0120460AF056FFA3689A05B2D5236CCA
S21401B0F0002BAFD0D3F85831DB06ABD5FDF7F6FB06
S21401B10094F9751030B1A3689F0703D42046FDF764
S21401B11037FD9FE70846F8F791F928B194F874309F
S21401B120DE0701D40521B0E7236C002B3FF436AFD0
S21401B130D3F85831D8067FF531AF99063FF52EAFD3
S21401B140FDF7D4FB48B1A3689A0706D42B7823B938
S21401B1500521204619F0FCFC7CE7A368256C23F04A
S21401B1600203A360D5F85831074F43F02003C5F812
S21401B17058313B68EA791B7A934202D8A37C934202
S21401B18006D9062181E700BFBC27002069490300D4
S21401B19094F9521094F852300029B2BF012383F07B
S21401B1A00803C3F3C003102A28BF10226B7094F85B
S21401B1B06030204683F00803C3F3C003AB70A2746B
S21401B1C0AE79FDF76FFB90B3F30730D594F9753080
S21401B1D0D4F84080581C20D088F85E3106F00D0661
S21401B1E03B689A69910704D41A7F012A01D0320775
S21401B1F001D406F0F7061A78032A1BD01B6913F050
S21401B200FF1F01D046F004060721022019F0EDFACF
S21401B2100190A8B940F20340BAE62046F8F71CFBB5
S21401B22088F85E01236C93F95E310133D6D106F0BE
S21401B2300C06D5E71B7F002BE6D106F0FB06E3E7FD
S21401B24090F806C03A680CF10C0C137800EB0C0170
S21401B2504B70137F012B06D0022B45D192F85E303E
S21401B260003B18BF01238B701023CE7016F0010629
S21401B27008BF32460B711FBF2B7A6A7A03F00303AD
S21401B2804B71236C14BF02F003024E718A7183F86E
S21401B29051214A7983F8502150F80C20C3F80A202E
S21401B2A08A88DA818A791A7406B3206C90F850116C
S21401B2B011F002061AD194F85210062281F0080104
S21401B2C090F95E0104F14C03C1F3C00115F0D4F905
S21401B2D060B13146FDF7E6FB2046082119F038FC3F
S21401B2E001A80EF0CBFD95E70023BCE7019E002EDA
S21401B2F090D0FDF7F3FA95F806C018B994F97530B1
S21401B30001330FD01CF0010F04D0236C93F95E318A
S21401B310013307D10521204619F01AFC3046EDF716
S21401B320D7F9B5E63B680CF00802597C29B112B191
S21401B3306A7B100703D40321EDE7002A70D06A7BED
S21401B34011076DD5D5F8581141F00401C5F858110B
S21401B350B5F8501121F4807121F00101A5F85011C2
S21401B360187F697902280FD091B942EA0C0212F0CF
S21401B370040240D185F85D211B7C002BDBD194F8BB
S21401B38074309807D7D40DE021B993F85E203ABB04
S21401B3900221C0E7012283F83D20DA7C32BB042378
S21401B3A085F85D3194F91330022B03D1D5F8583165
S21401B3B05A07C0D515F05EF901284DD194F97500EC
S21401B3C0431C49D0002201A9C0B2FDF78FFC00281A
S21401B3D042D1236C93F85021910737D40A219AE77A
S21401B3E083F83D10DB7C002BD2D1D8E793F85E3092
S21401B3F0002BD4D1CCE72A791978052A28BF032255
S21401B4007C4801EB810101448A5C85F85D211B7C47
S21401B4101BB994F874309907C4D5002AC2D18AE7BB
S21401B4201A7F012A02D16A79002AB8D11CF0040FCA
S21401B43003D16A7B12F004029CD02A791978052A76
S21401B44028BF03226C4801EB8101DCE793F85131F8
S21401B4509A0701D40A2118E694F97500431C18D0FE
S21401B460226C0821D2F8583143F04003C2F8583113
S21401B47015F019F9052194F9750015F0E8F803217E
S21401B48094F9750015F0E3F8062194F9750015F0A6
S21401B490DEF832460621204618F0DEFF95F85D31CB
S21401B4A0206C042B1DD13B6800F5987003F11D023A
S21401B4B02D3352F8041B9A4240F8041BF9D1D5F8F3
S21401B4C0583195F85D2103F004018AB923F002038F
S21401B4D0C5F85831E274B9B18121204619F019FA3C
S21401B4E0B8E51022002100F598700EF0B0F9E6E7F5
S21401B4F043F00203C5F8583141B90123032AE37426
S21401B50012D9042A7FF4A6AD8421E6E7A37C0F2B8B
S21401B51089BF94F87430012343F0080384F874302B
S21401B52088BF0223E374D7E7012A07D02046822189
S21401B53019F0EFF92046FDF70FFB8BE52046822137
S21401B54019F0E7F93B682046D9684D1C6A426A4102
S21401B550FDF7D2FA7EE590F87430D80707D480213B
S21401B560204619F0D6F929462046FDF77DFAA3684C
S21401B57059077FF56FAD45F21A0120461BF021FFF2
S21401B580224620461D491BF055FFA36823F00403FD
S21401B590A36002212046F9F7DFF85BE5024617496A
S21401B5A017480AF019FD55E545F21A011BF009FF87
S21401B5B0A36823F03E03A360236C6BB193F95E018D
S21401B5C0421C09D094F97520013203D0D3F85831C2
S21401B5D05B0601D5F8F73CF82246204607491BF0E2
S21401B5E029FF2246054906481BF024FF204619F08C
S21401B5F00FFACEE7739803008C980300694903009D
S21401B600CC2700200138C0B20A289ABF014B185C2B
S21401B6100020704774990300014902481BF006BFD9
S21401B620E8310020CC2700201022074B28215A821F
S21401B6306422C3E905124FF6FF729A8300221A604C
S21401B6404FF470629A847047D02700200128F8B51D
S21401B65006460D4631D81AF0BDFB074678BB194C95
S21401B66094F82430B34226D084F8246015F0EBFB1E
S21401B67094F82430012B15D1201DFDF797FA0346C7
S21401B68018B184F824701846F8BD002D08BF0F25A0
S21401B690236884F8255043F002032360BDE8F84090
S21401B6A00AF0DCBE4FF4827107481BF08AFE23685D
S21401B6B023F0010323600023E5E72123E3E70223C8
S21401B6C0E1E700BFD0270020CC27002038B5114C79
S21401B6D094F82430EBB1226812F0010519D1201D2F
S21401B6E0FDF764FA236843F0020323601AF072FB45
S21401B6F078B14EF6602294F825304FF482715343A8
S21401B70005482A460AF046FC18B9236843F00103A7
S21401B710236038BDD0270020CC27002022F000422D
S21401B720B2F5827F10B511D1094B1A6893F82440FF
S21401B73022F00102012C1A6006D115F084FBFFF7F6
S21401B740C5FF20460AF08AFE012010BD0020FCE756
S21401B750D027002030B5044685B0084603911AF07C
S21401B760B0FC830708D410F0010003D003A80EF044
S21401B77085FB012005B030BD03998B7903F10C02DE
S21401B78088188A5C013A202A00F21781DFE812F055
S21401B79021001501B1001501B4001501BD00150108
S21401B7A0C4001501CC001501D4001501DB001501FC
S21401B7B0E9001501F100150115011501F300150148
S21401B7C001011501030115010C01150115011501F2
S21401B7D0E20003790BB103F588534278023A1E2A38
S21401B7E0C4D801A151F822F065B801006DB7010077
S21401B7F06FB801006DB701007BB801006DB701009D
S21401B80087B801006DB7010093B801006DB701005C
S21401B810B7B801006DB701009FB801006DB7010010
S21401B820C3B801006DB70100CFB801006DB70100C4
S21401B8306DB701006DB70100D9B801006DB7010001
S21401B840E9B801006DB701006DB701006DB70100E1
S21401B8506DB701006DB701006DB701006DB701004E
S21401B860ABB8010017212046FCF78AF97EE70022D3
S21401B8702046114617F0E4FF78E71A4600212046D5
S21401B88018F08BF872E700222046114618F035FAB8
S21401B8906CE700222046114618F0DEF866E71A46E5
S21401B8A00021204618F0CBF960E71A460021204611
S21401B8B018F0E4F95AE71A460021204618F0A2F9D2
S21401B8C054E700222046114618F00AFB4EE71946B7
S21401B8D0204618F06EFB49E70093002320461A46DF
S21401B8E0194618F070FB41E71946204618F0BDFBD3
S21401B8F03CE7B0F80110B6E702338B710A46002325
S21401B9004178204617F09CFF33E70133002220469A
S21401B9108B7118F042F82CE702338B7142780023C2
S21401B920204618F0EAF924E701338B7100232046FC
S21401B9301A4618F091F81CE70133002220468B7155
S21401B94018F060F915E70133002220468B7118F0D4
S21401B95076F90EE70133002220468B7118F08EF936
S21401B96007E702338B7142780023204618F0B8FAB5
S21401B970FFE60021ACE705338B710023B0F8032006
S21401B980B0F8010000930B460146204618F01BFB59
S21401B990EFE60021A9E703338B710A46B0F80110E0
S21401B9A0204618F081FBE4E603338B710A46B0F8B3
S21401B9B00110204618F081FBDBE60020DAE600BF26
S21401B9C040F2023122F000428A4238B50ED040F2EF
S21401B9D003339A4218D10D480EF0CDF820B100235A
S21401B9E0037143718371C371012038BD1C6814B1A2
S21401B9F00021074A117005489D880EF0BCF8002802
S21401BA00F2D08480C580EFE70020EEE7909903002E
S21401BA101F2E002008B5054905481BF007FD0549FE
S21401BA2005481BF003FD002008BD00BF08320020BA
S21401BA3020280020F8310020CC2700202DE9F04FE7
S21401BA40037804460333DBB2012B85B06DD8B0F919
S21401BA50036001A81AF09BF9BDF90650AE4204DC5A
S21401BA60BDF90450B542B8BF3546DFF8D080304F37
S21401BA7098F800303A7813434FFA83FA002B4ED1E8
S21401BA8094F800B094F8019087F800B0A47813F009
S21401BA9006F9BBF1FD0F06461BD0BBF1FE0F41D1E7
S21401BAA028461BF070FD53465246494630461AF06A
S21401BAB09EFD78B340F20344002240F203311D4854
S21401BAC01BF0A8FC1C481BF039FC848005B0BDE8BF
S21401BAD0F08F13F0E4F8631E032B16D8DFE803F0AB
S21401BAE0020C0F1303F05CFB044670B928461BF0EA
S21401BAF04AFD23460122D8E703F05AFBF4E700216A
S21401BB0003F05EFBF0E70221FAE7002341F212049C
S21401BB103B70D1E70223002488F80030CCE741F2DD
S21401BB203A04C9E741F21104C6E72124CAE700BF77
S21401BB301E2E00202028002020020E041F2E00208A
S21401BB4070B502780446022A86B002D9131F032B69
S21401BB5023D8144D2B7813BBA0786178E37894F939
S21401BB600460114C246804969CB1E61C0396A678E2
S21401BB70029666780196247800941BF013FD04461D
S21401BB8008B901232B7009481BF0D8FB848006B046
S21401BB9070BDCDE902440194EEE72124F3E741F2BA
S21401BBA03A04F0E71F2E00201828002020020E037A
S21401BBB07FB5164D02462B7843B115481BF0BEFBE8
S21401BBC03A2303711023437104B070BD114B007802
S21401BBD01B6851789BB11C4614F8042B5E780294BE
S21401BBE0DC7801949B78009333461BF0EBFC012331
S21401BBF0044607482B701BF0A1FB8480E4E7012272
S21401BC00CDE9013300921A46EFE700BF1F2E002050
S21401BC1020020E011C28002070B5184E3378022B26
S21401BC2022D1174D2B78FD3B012B0FD9002341F272
S21401BC3011042B7013481BF081FB0022848040F214
S21401BC400331BDE8704010481BF0E4BB13F027F841
S21401BC501AF0CFFC044620B1002340F203442B70B7
S21401BC60E8E728703070E5E71BF0BCFC00230446CB
S21401BC70044833701BF062FB848070BD1F2E0020C9
S21401BC801E2E002020020E022028002010B541782A
S21401BC900078FFF7DBFC044602481BF04FFB84806C
S21401BCA010BD00BF20020201014610B511F8010BBC
S21401BCB01AF0A0F8044602481BF040FB848010BD31
S21401BCC02002020213B5014682796846F9F76CFC38
S21401BCD09DF8063013F0280F09D06846F9F712FCD4
S21401BCE0044604481BF02AFB848002B010BD2124C0
S21401BCF0F7E700BF2002020438B5F9F7F3FB044664
S21401BD00F9F774FC054606481BF018FB002303717F
S21401BD1043712368C0F80630A3880573438138BD94
S21401BD202009020510B515F0A8FB044603481BF0D0
S21401BD3005FB002384710371437110BD20030206C5
S21401BD4073B5411D027904466846F9F713FC684647
S21401BD5014F0CCFC054668461BF06CFC0646094808
S21401BD60E4780DF008FF034648B104710098DE72CE
S21401BD70C3F80500BDF804201D73A3F8092002B01E
S21401BD8070BD00BFB499030013B5C37A0093B0F831
S21401BD900930D0F80520D0F80110007815F07EF8AB
S21401BDA0044603481BF0CAFA848002B010BD00BFE7
S21401BDB02002040310B54178007815F09BF804467C
S21401BDC002481BF0BBFA848010BD00BF20020404A9
S21401BDD010B5064B064A417800781A6015F0A1F8AE
S21401BDE0044604481BF0AAFA848010BD24280020CB
S21401BDF041BD01002002040510B5D0F801100078FD
S21401BE00F8F7F6FF044602481BF098FA848010BD46
S21401BE1020020412002337B5B0F901100DF1060215
S21401BE200078ADF8063015F09AF804460448BDF9D6
S21401BE3006501BF083FA8480C58003B030BD00BF76
S21401BE402004040B37B544780546FE2C27D06CB980
S21401BE501B481BF073FA212344710371D5F8023095
S21401BE60C0F80630EB88438103B030BD022C17D1F1
S21401BE706946532015F064FC0446E0B96946287803
S21401BE8015F0A2F804460E481BF058FA03468480C3
S21401BE900098C3F80600BDF804205A81E4E70024A0
S21401BEA022466846A91CF9F77FFB9DF8063013F079
S21401BEB0180FE3D1212400230093CDF80330E2E7E5
S21401BEC02008041010B50078F8F7E8FF0446024889
S21401BED01BF034FA848010BD20020411FF2337B50D
S21401BEE00DF107008DF80730F8F7FAFF044604480D
S21401BEF09DF807501BF022FA8480857103B030BD8F
S21401BF002003040110B5007815F02BF90446024809
S21401BF101BF014FA848010BD2002040210B50078CC
S21401BF2015F008F9044602481BF008FA848010BD93
S21401BF302002040A4B7937B55B0705460C460CD43C
S21401BF4020461421064A0DF0E3FD01A801940DF0E8
S21401BF500BFE10B9A3791C44257403B030BD00BF95
S21401BF60B8990300024B1B6803B11847704700BF1E
S21401BF702428002010B5837804461F2B10D80021F2
S21401BF8000781AF0F6F868B1A37861782078E21C98
S21401BF9014F03FFF044604481BF0D0F9848010BD1E
S21401BFA02124F8E70224F6E72002560010B5002106
S21401BFB0044600781AF0DDF848B16178207814F06C
S21401BFC05AFF044603481BF0B9F9848010BD0224C9
S21401BFD0F8E700BF2002560110B54178007815F049
S21401BFE05CF8044602481BF0A9F9848010BD00BF26
S21401BFF02002560213B5811C027A044668461BF0DD
S21401C00006FB9DF806305BB1617820786A4615F02C
S21401C0106AF8044603481BF091F9848002B010BD0B
S21401C0202124F7E7200256030346014610B55A7845
S21401C03011F8020B15F0D8FB044602481BF07EF9F6
S21401C040848010BD2002580013B5044601F0D4FDCB
S21401C05001A901902078F9F7D1FB044601A80DF05B
S21401C0600DFF03481BF06AF9848002B010BD00BFC3
S21401C0702002580110B5B0F80110D0F80530B0F81C
S21401C0800320007815F0CBFB044602481BF056F956
S21401C090848010BD2002580210B50078F9F7D6FB4F
S21401C0A0044602481BF04AF9848010BD200258035A
S21401C0B070B54568C678048904480DF05CFD20B16A
S21401C0C00671C0F80550A0F8094070BDDC99030060
S21401C0D00020024B1870024B18707047212E00206A
S21401C0E0202E002010B5B0F80110B0F80320002370
S21401C0F000780AF0D3F8044602481BF01FF9848042
S21401C10010BD00BF2002050638B5D0F8053004463C
S21401C110012B14D8437A032B11D8B0F80320B0F8BA
S21401C120011000780AF0BAF8054618B9D4F80520C7
S21401C130044B1A7004481BF001F9858038BD21258F
S21401C140F8E700BF212E00202002050710B5417830
S21401C15000780AF049F9044618B9044B1A78044BDA
S21401C1601A7004481BF0EAF8848010BD212E0020C6
S21401C170202E00202002050310B50AF061F90446BE
S21401C18002481BF0DBF8848010BD00BF20020505C5
S21401C190F0B50D4691B0831C09AC00F11A02264693
S21401C1A018685968083303C693423446F7D11B888A
S21401C1B01C21338028460DF070FFBDF826402E68FE
S21401C1C014F00C0439D130460DF0ECFE871EA74260
S21401C1D00DDA4FF0FF3400239C428DF81C301EDB35
S21401C1E001223146A31C07A80DF037FE17E0631C99
S21401C1F00122314605A80DF030FE9DF81430012BC2
S21401C200E9D023460122314607A80DF026FE9DF807
S21401C2101C3013B101331C44D9E78DF81C300AF0E9
S21401C22055F8012804D0022831D030B911B0F0BD3C
S21401C2309DF81C3013F0010FF8D09DF82F0001F087
S21401C2402FFE04469DF8300001F02AFE07AF9DF848
S21401C25028200DF12901064605A8F9F78BF938467D
S21401C2609DF836200DF13701F9F784F90C4B1B7850
S21401C270DB0711D405A814F039FACDE901053246D9
S21401C2802146009705AB09A800F00CF8CEE79DF80B
S21401C2901C3013F0030FCFE74FF0FF30EDE700BF80
S21401C2A0202E00202DE9F74FB0F802C006461CF0FC
S21401C2B0100F1C460C9F9DF934A0DDF838B033D022
S21401C2C05FFA8CF51CF0080F184614BF05F0080538
S21401C2D005F00F051BF0AEF9814638461BF0AAF9AA
S21401C2E096F90F3080465A46042113480193767812
S21401C2F00DF079FC019BA0B105712268C0F80520FC
S21401C300A28880F80B90A0F8092080F80CA043734F
S21401C31086733B68C0F80F30BB8880F81580A0F89C
S21401C320133003B0BDE8F08FCDE90DAB0C9703B029
S21401C330BDE8F04F00F00CB8F099030008B51BF00B
S21401C34065F90020014B187008BD00BF222E0020A1
S21401C3502DE9F04F1D468FB0CDE908129DF96430E6
S21401C36004460A9343882846C3F3411304931BF0FB
S21401C37061F9059018981BF05DF92E4B2E4E1B683F
S21401C38006901B3B07931A9B1B6813B90FB0BDE8B9
S21401C390F08F0DF133030193079B0122049900935B
S21401C3A01A9802230DF093FB94F90F300D906788CD
S21401C3B00B939DF83330B4F8108002933378042140
S21401C3C01E480DAA039394F801B094F80DA094F9B1
S21401C3D00E900DF008FC0B9B38B307F00F070771A2
S21401C3E02A68C0F80520AA884373A0F80920059A90
S21401C3F0189BC2720A9A80F80EB002731B68C0F8C6
S21401C4000F30189B9B8880F816A0A0F81330069B67
S21401C41080F819904375089BA0F81A80C375099B8C
S21401C4200376029B0377039B43773378013333709C
S21401C430A9E700BF84280020222E0020F4990300DB
S21401C440054B1A88D20705D55B88834214BF29207D
S21401C45000207047022070479A2C002000220068B6
S21401C460044B00F00101C0F340001A805A80FAF72D
S21401C47009BE00BF9A2C00200B4A38B5138813F06A
S21401C48001050ED1548843F001030134A4B2138090
S21401C4905480FAF7C7F905481AF050FF8580C48022
S21401C4A038BD00242E25F6E79A2C002020044600ED
S21401C4B037B501460088FFF7C3FF4FF6FF73044602
S21401C4C0ADF80630C0B90A79022A05D141F6010352
S21401C4D0B1F80500984218D08878CB78B0FA80F089
S21401C4E0DB074FEA501048BF40F002000DF106038B
S21401C4F0053115F0C7FF04460548BDF806501AF089
S21401C5001DFF8480C58003B030BD2124F4E700BF41
S21401C5102004460110B501460088FFF791FF044646
S21401C52018B9488815F0FCFF044602481AF006FFC1
S21401C530848010BD2002460237B505460088FFF705
S21401C5407FFF4FF6FF730446ADF8063030B9A98871
S21401C55068880DF10602FAF701FB04460448BDF8A7
S21401C56006501AF0EBFE8480C58003B030BD00BFD4
S21401C5702004460310B501460088FFF761FF044614
S21401C58018B9488815F0D0FF044602481AF0D6FEBE
S21401C590848010BD2002460430B504468BB0008866
S21401C5A0FFF74EFF4FF6FF730546ADF82630B8B9D4
S21401C5B00DF12603069304F110030593E389049312
S21401C5C0A3890393E37A02930223019304F10903F7
S21401C5D00093237AE288A188608819F0DEFD05467B
S21401C5E00448BDF826401AF0A9FE8580C4800BB029
S21401C5F030BD00BF2004460530B504468BB0008828
S21401C600FFF71EFF4FF6FF730546ADF82630B8B9A3
S21401C6100DF12603069304F11E030593A38B0493E1
S21401C620638B0393637E02931023019304F1090342
S21401C6300093237AE288A188608819F0AEFD05464A
S21401C6400448BDF826401AF079FE8580C4800BB0F8
S21401C65030BD00BF2004460610B501460088FFF72E
S21401C660EFFE044618B9488815F071FF04460248E3
S21401C6701AF064FE848010BD2002460730B50446D9
S21401C68089B00088FFF7DCFE4FF6FF730546ADF86C
S21401C6901E30B8B90DF11E03059304F10F03049380
S21401C6A0B4F80D300393B4F80B300293A37A0193D8
S21401C6B002230093E288A188608804F1080319F038
S21401C6C0CCFD05460448BDF81E401AF037FE8580AD
S21401C6D0C48009B030BD00BF2004460830B504460A
S21401C6E089B00088FFF7ACFE4FF6FF730546ADF83C
S21401C6F01E30B8B90DF11E03059304F11D03049312
S21401C700B4F81B300393B4F819300293237E0193D7
S21401C71010230093E288A188608804F1080319F0C9
S21401C7209CFD05460448BDF81E401AF007FE8580AC
S21401C730C48009B030BD00BF2004460910B50146CB
S21401C7400088FFF77DFE044618B9488815F003FFF8
S21401C750044602481AF0F2FD848010BD2002460A03
S21401C76010B501460088FFF76BFE044618B94888E5
S21401C77015F008FF044602481AF0E0FD848010BD5B
S21401C7802002460B10B501460088FFF759FE044605
S21401C79018B9488815F0FAFE044602481AF0CEFD8C
S21401C7A0848010BD2002460C10B501460088FFF7B4
S21401C7B047FE044618B9488815F0ECFE04460248C0
S21401C7C01AF0BCFD848010BD2002460D10B501464E
S21401C7D00088FFF735FE044618B9488815F0FEFEB6
S21401C7E0044602481AF0AAFD848010BD2002460EB7
S21401C7F0002337B500880DF107018DF8073015F0D5
S21401C800E6FD044604489DF807501AF097FD84801B
S21401C810857103B030BD00BF2003461110B50088F6
S21401C820FFF70EFE044638B9064A138823F00103C3
S21401C8301380FAF707F8044603481AF07FFD848050
S21401C84010BD00BF9A2C00202002460F10B50088AC
S21401C850FFF7F6FD044638B9064A138823F00103AC
S21401C8601380FAF71FF9044603481AF067FD84801F
S21401C87010BD00BF9A2C0020200246101046194613
S21401C880F8B522F0004340F20A4293420ED8B3F5BF
S21401C890806F59D96FF480621344092B54D8DFE8AE
S21401C8A003F00D101F3050505050530D40F20152FE
S21401C8B0934234D0A3F20253032B45D8F7F728FE50
S21401C8C00CE00D784C688A6901F108031F480021C5
S21401C8D00DF062F910B10571C0F805400120F8BDF0
S21401C8E00E784D880C798A6901F1080318480021F1
S21401C8F00DF052F90028F1D00671A0F80550C47168
S21401C900ECE70D784C884A690B1D124800210DF0A2
S21401C91043F90028E2D00571A0F80540DEE70F785C
S21401C9204E880D79CC8801F108020B4800210DF0E4
S21401C9305AF90028D2D00771A0F80560C5710481A4
S21401C940CCE7F7F755FBC9E70020C8E7149A0300C0
S21401C950109A03000C9A0300089A030000487047D7
S21401C9607DC8010008B54FF0FF30F6F771FE074BA2
S21401C9704FF480211868064A01F016FE05481AF0A1
S21401C980DDFC00230371437108BD00BF7830002031
S21401C990FFFF040020020D010346008810B532286F
S21401C9A006D0A0F58042B2F5005F04D3292407E043
S21401C9B09A78022A09D19978DA1C01F0A7FD044673
S21401C9C003481AF0BBFC848010BD2124F8E700BFA1
S21401C9D020020D02F7B5054600212020EBF790FD59
S21401C9E0002300932B88C61D322B04D0A3F5804369
S21401C9F0B3F5005F26D2154B154F19683868E6F770
S21401CA007DF80446B0B929886B46386801AA41F416
S21401CA108021E6F7C7F9044660B92020EBF77CFDD4
S21401CA200099033888420FD332462888C9B201F0EC
S21401CA3089FD04463246009906481AF086FC848031
S21401CA4003B0F0BD2924F5E71A24F3E75830002097
S21401CA507830002020030D03008810B5A0F5804330
S21401CA60B3F5005F07D201F089FD044603481AF0CA
S21401CA7065FC848010BD2924F8E700BF20020D0460
S21401CA8010B5007817F0BBFD044602481AF056FCB4
S21401CA90848010BD20020F0410B50078FBF7F2FE6B
S21401CAA0044602481AF04AFC848010BD20020F009A
S21401CAB010B504460078FF280ED01AF06FFD2078D6
S21401CAC019F08AFC94F90000F6F7C2FD0446034803
S21401CAD01AF034FC848010BD2124F8E720020F06EA
S21401CAE070B5F6F7C9FC00240546E6B2B54209D88A
S21401CAF04FF0FF30F6F7ACFD044608481AF01EFC6E
S21401CB00848070BD2046F6F799FC28B120461AF0BD
S21401CB1045FD304619F060FC0134E6E720020F07B8
S21401CB2010B5007817F034FD044602481AF006FCEA
S21401CB30848010BD20020F1410B541780078FBF7F1
S21401CB40F1FE044602481AF0F9FB848010BD00BFCE
S21401CB5020020F0110B5D0F801100078FBF732FF64
S21401CB60044602481AF0EAFB848010BD20020F0832
S21401CB7010B50068FBF742FF044602481AF0DEFBD8
S21401CB80848010BD20020F1010B54178007817F090
S21401CB900AFD044602481AF0D1FB848010BD00BF8E
S21401CBA020020F09014610B511F8010B003818BF15
S21401CBB0012017F0F2FC044602481AF0BFFB8480FD
S21401CBC010BD00BF20020F19014610B511F8013B38
S21401CBD000F11102181E18BF012017F0E0FC0446F0
S21401CBE002481AF0ABFB848010BD00BF20020F1B69
S21401CBF070B5007888B0003804AC2246694618BF84
S21401CC00012017F0CEFC05460E481AF097FB6A463F
S21401CC1003468580861D154603CDA54230607160AA
S21401CC202A4606F10806F6D1163308AD224603CA8F
S21401CC30AA4218605960144603F10803F6D108B0F9
S21401CC4070BD00BF20220F1A10B541780078F6F7A4
S21401CC50D9FD044602481AF071FB848010BD00BF5E
S21401CC6020020F0210B54178007817F0B2FC044696
S21401CC7002481AF063FB848010BD00BF20020F0E2D
S21401CC8010B501210020FBF7F7FD044602481AF013
S21401CC9055FB848010BD00BF20020F0F002337B55F
S21401CCA06846CDE90033F6F7D9FB044618B901A862
S21401CCB0F6F7E8FB0446042101AA0448009D1AF091
S21401CCC044FB8480C0F8065003B030BD20070F1522
S21401CCD0F0B5006885B01F280DF107030DF10602B7
S21401CCE08CBF4FF0FF3040B202A919F01AFB05467F
S21401CCF002A8F8F77BFC044609489DF806709DF8E3
S21401CD0007601AF01BFB0346858002981C73C3F864
S21401CD100600BDF80C205F735A819E7305B0F0BD06
S21401CD20200B0F160346F0B59B8885B0ADF80C3086
S21401CD30492300688DF80E30029002A813F0C6FC55
S21401CD40431C044606D1722302A88DF80E3013F058
S21401CD50BDFC044620460DF107030DF1060202A9AB
S21401CD6019F0DFFA054630B140F2064398424FF01B
S21401CD70FF0408BF2D2507489DF806709DF807603B
S21401CD801AF0DCFA8580C0F806408772C67205B0D4
S21401CD90F0BD00BF20080F177FB50025014602220F
S21401CDA002A80095CDF80350F8F7FEFB9DF80E405B
S21401CDB0A4B91E481AF0C2FA212203460271447130
S21401CDC000989C73C3F80600BDF80420DC735A81F2
S21401CDD0FF221C741A735A7304B070BD02A8F6F7CA
S21401CDE0EDFB431C04461DD0694613F09EFC064627
S21401CDF090B96846F8F7FAFB05460C481AF09EFA11
S21401CE000346868000981D73C3F80600BDF804200B
S21401CE10C3F80D405A81DFE70095CDF80350FF2592
S21401CE202C46EAE7FF252D262C46E6E7200D0F1DAA
S21401CE3001480CF003BE00BF8828002030B5124B15
S21401CE400D469942144689B01BD1930011D505A908
S21401CE5006A809F04FF9062300220393059BE1B2C9
S21401CE600293069B2846CDE9003241F000511AF0A4
S21401CE70B2FA06480CF07FFE00B10471012009B039
S21401CE8030BD0020FBE700BF28280020509A030091
S21401CE9022F00042B2F1A04F08B504D103480CF0CD
S21401CEA06AFE012008BD0020FCE700BF549A03007B
S21401CEB010B5047FD4B1102C28BF10241AF005FB3E
S21401CEC0621C81B200230620D2B2EBF781FD044634
S21401CED050B9074907481AF0A9FA074807491AF04E
S21401CEE0A5FA0748EBF74EFD204610BD0424E5E7FA
S21401CEF0203200202C280020282800203032002054
S21401CF001832002010B519F05FFA044602481AF0EC
S21401CF1015FA848010BD00BF2002011C10B519F05F
S21401CF2055FA044602481AF009FA848010BD00BF7B
S21401CF302002011D10B519F04BFA044602481AF0FA
S21401CF40FDF9848010BD00BF2002011E70B5FFF7F9
S21401CF506FFF90B1F8F7C6FA002604462046F8F7A8
S21401CF6045FB054606481AF0E9F986802268C0F8AE
S21401CF700620A2880573428170BD0226014CEDE7AA
S21401CF8020090115389A030010B50446FFF750FF33
S21401CF9048B12146A079E3F7BFFA044603481AF0E0
S21401CFA0CDF9848010BD0224F8E700BF20020113EA
S21401CFB070B50546FFF73CFF0446F0B1002120207E
S21401CFC02D78EBF79DFAC41D2020EBF7A5FA033860
S21401CFD0A84215D32846214609F0B6F840F2074381
S21401CFE00028064616BF002506461E462246294646
S21401CFF005481AF0AAF9868070BD05460226F5E7AF
S21401D00000252126F2E700BF2003010B10B50446D8
S21401D010FFF70EFF58B12078003818BF012001F045
S21401D02081F9044603481AF089F9848010BD022468
S21401D030F8E700BF2002010C73B54278037843EA93
S21401D0400223ADF804308378C27843EA0223ADF8B0
S21401D0500630FFF7EDFE88B10DF1060101A818F0C4
S21401D0608AFE04460648BDF90460BDF906501AF06A
S21401D07065F98480C680058102B070BD0224F1E79F
S21401D080200601172DE9F04385B0FFF7D1FED8B190
S21401D09001A818F07CFE04460E48BDF90490BDF9BF
S21401D0A00680BDF90870BDF90A60BDF90C501AF08A
S21401D0B045F98480A0F80690A0F80880478186810B
S21401D0C0C58105B0BDE8F0830224CDE90100ADF8C5
S21401D0D00C00E1E7200C011808B503481AF02EF9F8
S21401D0E000230371437108BD2002010000232DE9CE
S21401D0F0F04786B0CDE90433ADF80830ADF80A3014
S21401D100ADF80C30ADF80E3005AB019304AB0093CF
S21401D11003AA0DF10E030DF10A0102A801F036FB78
S21401D120DDE9046504460D48BDF808A0BDF80A907F
S21401D130BDF80C80BDF80E701AF000F98480A0F8D6
S21401D14006A0A0F80890A0F80A808781C0F80E60B3
S21401D150C0F8125006B0BDE8F08700BF2012011BD0
S21401D16010B50446FFF764FE50B161782078A21C22
S21401D17018F0DCFD044603481AF0E0F8848010BD80
S21401D1800224F8E72002010E2DE9F3410546FFF7D8
S21401D1904FFE28B31BF0DEFB04461AF0F6F90246F2
S21401D1A06B460068516803C32B780BB11AF0EFF990
S21401D1B020461BF0CAFB00240B48BDF80080BDF8D2
S21401D1C00270BDF80460BDF806501AF0B7F8848006
S21401D1D0A0F8068007814681858102B0BDE8F0810E
S21401D1E00224CDE90000E7E7200A010FF0B585B07B
S21401D1F00646FFF71DFE002843D03468002C42DBAC
S21401D20000237568777A367A1A46214846F0005127
S21401D2101AF0CFF800231E481A4646F080411AF04D
S21401D220C8F844B30620EBF74FFC01282DD91BF0B4
S21401D23019F8B4F5A47F38BF4FF4A474A4FB0040DA
S21401D240E40B44EA40441BF00DF8002F0CBF4FF0EE
S21401D25000514FF0804106230022A5FB0050ED0B44
S21401D26045EA4045CDE90042CDE90253084831433D
S21401D2701AF0B1F8044607481AF060F8848005B041
S21401D280F0BD0224F7E72124F5E71A24F3E700BFEF
S21401D290282800202002011A22F00042B2F5887FD9
S21401D2A02DE9F0471C4600F0E2800ED840F2031349
S21401D2B09A423CD040F209139A4200F0C2800E2AEC
S21401D2C000F0B3800020BDE8F08740F207239A42C1
S21401D2D047D0B2F5037F56D040F206239A42F1D1E9
S21401D2E020684C30F8F782F925680746644895F8B7
S21401D2F0736095F870A095F9759095F87680A48876
S21401D3000CF039FC0028DDD0EB6C4360B5F85030EA
S21401D31087720381731E5E425E41C67280F80CA05E
S21401D32080F80D9080F80E80A0F80F40CAE72078AC
S21401D330F7F7C2F90028C5D0524894F800806788EC
S21401D340A688E588247A0CF016FC0028BAD080F866
S21401D3500480A0F80570A0F80760A0F80950C47210
S21401D360B0E72078F7F7A8F90028ABD060782578E1
S21401D370FEF748F9044644480CF0FDFB0028A1D00E
S21401D380057144719EE7A578012D1ED0022D2DD082
S21401D390CDB9E37894F80080023BDBB2022B8CBF58
S21401D3A001253A4A94F90470667998BFD55C94F9D8
S21401D3B0064037480CF0DFFB28B180F80480457141
S21401D3C08771C671047201207DE7E37894F80080C6
S21401D3D0023BDBB2022B98BF2C4A94F904706679A3
S21401D3E098BFD55C94F906402A48E3E7E3782A48D3
S21401D3F0023BDBB2022B94BF244A012594F801803C
S21401D400277898BFD55C94F90490667994F906401C
S21401D4100CF0B1FB0028D6D0A0F804808771C57146
S21401D42080F8089046728472CDE7234608220021D0
S21401D43013F8014B19480CF0AFFB0028C3D0047158
S21401D440C1E7174894F800806788A688E58824898C
S21401D4500CF091FB0028B6D080F80480A0F8057087
S21401D460A0F80760A0F80950A0F80B40ABE70D48FC
S21401D4701C780CF080FB00283FF424AF047121E7F0
S21401D480909A03008C9A0300849A0300589A03002A
S21401D4907C9A0300789A0300809A0300749A03002A
S21401D4A0709A0300889A03000022084B10B51A6090
S21401D4B09A8002681A60187813F0DDFF044618B9DE
S21401D4C00349044819F0B2FF204610BD9E2C0020E7
S21401D4D040320020CC27002008B5034B5888F7F7C8
S21401D4E075FE002008BD00BF9E2C00201FB5438995
S21401D4F0029303890193C388009383884288018835
S21401D500FF20F7F74DFD0446024819F017FF848007
S21401D51004B010BD200206001FB501460078FF28A2
S21401D52017D0B1F80B300293B1F809300193B1F876
S21401D53007300093B1F80530B1F80320B1F80110B7
S21401D540F7F72EFD0446044819F0F8FE848004B06F
S21401D55010BD2124F7E700BF200206067F2337B55A
S21401D56000788DF80730F7F7A7F8E0B140F6FF73BB
S21401D570B0F86E00984218D00DF10701FAF7ACFE2C
S21401D5809DF9073004467F2B04D140F2034300285F
S21401D59008BF1C4606489DF9075019F0CFFE848047
S21401D5A0857103B030BD2124F4E70324F2E700BF00
S21401D5B02003061510B504460078F7F77DF878B114
S21401D5C063780121B0F86E003BB1FAF791FD04468D
S21401D5D0044819F0B3FE848010BDFAF7A3FDF6E700
S21401D5E02124F5E720020603002313B500780093F3
S21401D5F08DF80430F7F760F858B16946FAF74CFE33
S21401D60004466A460521044819F09FFE848002B04C
S21401D61010BD2124F5E700BF2003060730B587B00B
S21401D62082790146054604A819F0F1FF00239DF80A
S21401D6301620039312F0180408D1212503950F48EC
S21401D64019F07CFE8580847107B030BD04A8F7F719
S21401D65041F8024668B903ABCDE9000304A9084BBB
S21401D660E879F7F7F7FD024618B90446BDF80C50FD
S21401D670E5E7BDF80C5092F87040E0E72003060499
S21401D680A1DC010010B50078F7F716F840B11321B8
S21401D69013F0B2FF0446034819F050FE848010BD13
S21401D6A02524F8E72002060510B50078F7F704F8F8
S21401D6B038B113F0A5FF0446034819F03FFE8480F5
S21401D6C010BD2524F8E700BF2002060F10B54178EB
S21401D6D0007813F0D4FE0446024819F02FFE848029
S21401D6E010BD00BF2002060110B58278417800788F
S21401D6F013F016FF0446024819F020FE848010BD80
S21401D7002002060810B543780446012B0FD800788E
S21401D710F6F7D2FF68B161784B1E5942594113F0B2
S21401D72073FF0446044819F009FE848010BD2124C5
S21401D730F8E72524F6E700BF2002060910B5417870
S21401D74001290AD8007801F0010119F07EFF04468C
S21401D750034819F0F3FD848010BD2124F8E700BFCB
S21401D7602002060A7F2373B541788DF806308DF8BE
S21401D77007304B1E072B1CD8DFE803F005051B04FA
S21401D7801B1B1B19032100780DF107030DF106027F
S21401D79019F05DFF044608489DF906609DF907509B
S21401D7A019F0CCFD84808671C57102B070BD04216C
S21401D7B0E9E72124EFE700BF2004060B10B5417806
S21401D7C04B1E072B11D8DFE803F0050510041010D7
S21401D7D0100E0321007819F03CFF0446044819F0A6
S21401D7E0ADFD848010BD0421F4E72124F6E700BFD7
S21401D7F02002060C10B50078F6F75EFF38B1FAF78E
S21401D80089FD0446034819F099FD848010BD25243E
S21401D810F8E700BF2002060D70B50078F6F74CFF5A
S21401D820044678B190F87560F6F7FEFF05460B489A
S21401D830A47C19F083FD0023857103714371C471C3
S21401D840067270BD054819F079FD21230371FF2387
S21401D85044718471C4710372F3E700BF2005060E9C
S21401D86010B50088F7F7B2FC0446024819F066FDC9
S21401D870848010BD2002061010B504460078F6F725
S21401D8801BFF58B1B4F80320B4F80110F7F7C2FC37
S21401D8900446034819F052FD848010BD2524F8E79C
S21401D8A0200206112DE9F04F044699B044220021CA
S21401D8B007A80BF0CCFF2078F6F7FEFE05460028F9
S21401D8C071D004214FF62A4016F05BFDB5F86E3094
S21401D8D0C0F803303548EDF719FD16F080FD4479A0
S21401D8E0002C56D016F07BFD0026447944F4805473
S21401D8F095F873506B1E5D425D41DDF82610BDF84C
S21401D9002020BDF83B309DF8330005910492039327
S21401D9109DF83AB0FDF776FE81469DF83400FDF796
S21401D92071FE9DF8303080460093BDF82E302048B9
S21401D9300193DDF82A309DF831709DF832A00293EC
S21401D94019F0FCFC039B0599A0F81130DDF8353081
S21401D950049A83619DF83930C7F340070377009B2B
S21401D96084804377019BC0F80660C383029B85725F
S21401D970C0F80B10A0F80F2080F813B080F81490B0
S21401D98080F81580877580F817A0036219B0BDE886
S21401D990F08F16F024FD4422811C07A80BF05FFFD0
S21401D9A0DDF82260A4E706462524A6E7FBF7020079
S21401D9B0202006140E2330B587B00546039319F0D0
S21401D9C0EFFD044640B9BDF80C500E4819F0B6FC00
S21401D9D08580847107B030BD04A813F000FF03AB47
S21401D9E001930023009328780122074B04A9F7F737
S21401D9F031FCBDF80C5004460028E6D090F8704083
S21401DA00E3E700BF20030616A1DC010073B5144648
S21401DA1006460D4620461421094A0CF079F801A85D
S21401DA2001940CF0A1F848B9A3790C331C44054BBA
S21401DA30A6711B79A5800BB118F0CCFC02B070BDA5
S21401DA406C9A03009E2C002037B50078F6F734FE5A
S21401DA50A8B9684613F0C3FE25256846F7F7C6FD44
S21401DA6004460C4819F06AFC0346858000981C732E
S21401DA70C3F80600BDF804205A8103B030BDD0E9D2
S21401DA801301ADF80410090C002500908DF806105E
S21401DA90E3E700BF2009061738B50078F6F70CFE55
S21401DAA0044638B190F87240631E022B00D9002458
S21401DAB0002500E02525034819F040FC8580847187
S21401DAC038BD00BF2003061813B5B0F8093001931E
S21401DAD0B0F807300093B0F80530B0F80320B0F87E
S21401DAE00110007818F054FD0446034819F026FC8E
S21401DAF0848002B010BD00BF2002061A13B5038948
S21401DB000093C38882884188008818F043FD044644
S21401DB10024819F013FC848002B010BD20020619D9
S21401DB202DE9F74399461C4B06461C681B4B0F46CE
S21401DB301B68154601931CB901A8EAF7D5FC0446F3
S21401DB40019B032B0BD9691CA3F104020FD0B9F179
S21401DB50000F08BF002505F1030842450CD22246F6
S21401DB601D2130460BF0A8FE03B0BDE8F083012A64
S21401DB70F5D94FF0020805E02A464946E01D0BF0AC
S21401DB806EFEA5714FEA08239BB246EA18261E438D
S21401DB902660A780E8E700BF342800203028002050
S21401DBA0024B1860024B1960704700BF34280020F2
S21401DBB03028002013460A4601460148FFF7B0BF49
S21401DBC02000FF000A460146014818F0CEBB00BF00
S21401DBD0949A0300014600234FF0FF320148FFF7F5
S21401DBE09FBF00BF2000FF0113460A4601460148B9
S21401DBF0FFF796BF2000FF0310B51AF0ABFE002218
S21401DC00034B1C681A601AF0A0FE204610BD00BF28
S21401DC103828002038B5044610480BF00FFFC0B175
S21401DC202246002112F8013B08460CF025FC04466A
S21401DC3088B11AF08FFE0546214609480CF014FA01
S21401DC4028461AF082FE0024064819F077FB8480E5
S21401DC5038BD0224F8E71A24F6E700BF882800201A
S21401DC60382800202002011210B50A480BF0E6FE03
S21401DC7070B11AF06FFE044607480CF0FFF8204614
S21401DC801AF063FE0024054819F058FB848010BD85
S21401DC900224F8E7882800203828002020020114F2
S21401DCA022F000420D2A73B51C460ED06FF4C063F5
S21401DCB01A440B2A12D80B2A10D8DFE802F03B12BE
S21401DCC0242C370F46505F84878E0422002153F898
S21401DCD0044B44480BF060FF00B18480002002B082
S21401DCE070BD2078F6F7E8FC0028F7D03E48267885
S21401DCF094F90150A4780BF03EFF0028EED006718F
S21401DD0045718471EAE7247838480BF034FF00281F
S21401DD10E4D00471E2E72578354864680BF02BFF00
S21401DD200028DBD00571C0F80540D7E725783148D3
S21401DD306468F3E73048257864680BF01CFF002818
S21401DD40CCD00571A0F80540C8E72C482578646852
S21401DD500BF011FF0028C1D005714471BEE763784E
S21401DD6027480D2B96BF274A0125D55C24780BF052
S21401DD7002FF0028B2D004714571AFE76378002135
S21401DD800D2B98BF1F4A204898BFD55C6368A278C0
S21401DD9088BF012526780BF0FFFE08B10671457194
S21401DDA06378012B9AD88DF8073001220021164896
S21401DDB00DF1070324780BF0EFFE00288ED0012327
S21401DDC0047143718AE7247810489EE7002163684E
S21401DDD022780F480BF0E0FE80E70E480BF0CBFEF2
S21401DDE07CE700BFD89A0300C49A0300CC9A0300CC
S21401DDF0D09A0300C89A0300C09A0300BC9A030095
S21401DE00B89A0300989A0300B49A0300B09A0300E4
S21401DE10A89A0300AC9A030073B505461AF09AFD5A
S21401DE201D4C064663795B070ED4204614211B4A17
S21401DE300BF06EFE01A801940BF096FE20B1304661
S21401DE401AF083FD02B070BDA3790C33234455B993
S21401DE501A79FF2A01D001321A71304602B0BDE8A4
S21401DE6070401AF072BD012D05D15A79FF2AF4D0FF
S21401DE7001325A71F1E7022D05D19A79FF2AECD0C9
S21401DE8001329A71E9E7032DE7D1DA79FF2A1CBF3F
S21401DE900132DA71E1E700BF3C280020D49A030082
S21401DEA0042828BF0020014B185C7047DC9A030049
S21401DEB010B582784178007813F0A0F9044602483C
S21401DEC019F03CFA848010BD2002570010B50121DC
S21401DED00446007818F04DF960B1224663780021B7
S21401DEE012F8020B12F095FF0446034819F026FAC1
S21401DEF0848010BD0224F8E72002570113B50446BA
S21401DF00FFF77AFE01210190207818F032F970B1FE
S21401DF102078002101AA12F053FF044601A80BF055
S21401DF20ADFF044819F00AFA848002B010BD02243D
S21401DF30F4E700BF2002570210B50121044600781D
S21401DF4018F017F948B16178207813F0A4F904465F
S21401DF50034819F0F3F9848010BD0224F8E700BFE6
S21401DF6020025703002313B50093D0F8022041780E
S21401DF70007813F0A1F90446024819F0DFF984800D
S21401DF8002B010BD2002570430B585B002AD027B49
S21401DF90811D0446284619F03AFB9DF80E3073B1F0
S21401DFA00095D4F8022061782078012313F084F9D3
S21401DFB00446044819F0C2F9848005B030BD212416
S21401DFC0F7E700BF2002570538B50C460546032182
S21401DFD042F2590016F0D5F90CB1012C12D12B885A
S21401DFE04471C3F30B03A0F803300748EDF78EF92D
S21401DFF016F0F5F9407920B116F0F1F9407940F4C0
S21401E000805038BD2120FCE711B4000010B504464D
S21401E0100088F7F735FD40B1A178FFF7D5FF044634
S21401E020034819F08BF9848010BD40F20A44F7E7E3
S21401E0302002420370B506460D464FF629400621DA
S21401E040144616F09EF93388A0F80550C3F30B0367
S21401E050A0F80330A0F807400648EDF757F916F088
S21401E060BEF9407920B116F0BAF9407940F48050F3
S21401E07070BD00BF49B4000010B504460088F7F72C
S21401E080FFFC48B1A2886188FFF7D4FF0446044824
S21401E09019F054F9848010BD40F20A44F7E700BF36
S21401E0A02002420410B50221044642F2460016F050
S21401E0B068F9A0F803400648EDF728F916F08FF93D
S21401E0C0407920B116F08BF9407940F4805010BDAC
S21401E0D095B4000070B506460D46F7F771FC044688
S21401E0E03046F7F7B9FC03480BF045FD08B18580CB
S21401E0F0C48070BD009B030010B5008818F078F945
S21401E1000446024819F01AF9848010BD2002420123
S21401E11008B5054819F012F900230E224371027161
S21401E1208371C37108BD00BF2004061208B50448F8
S21401E13019F004F90E2303710023437108BD00BFD3
S21401E1402002061310B50F4C88B02060EAF714FCC5
S21401E1502168684618F0D8F96846F0F7E1FE0446EB
S21401E16060B90A20084A094907F0F6FE044628B9AC
S21401E17007F020FD08F018FAFDF756FA204608B019
S21401E18010BD00BF78280020D1640300318203004F
S21401E19070B58EB008F038FA002302AD29460DF1AD
S21401E1A007008DF80E308DF80730E2F71BFA0028CD
S21401E1B06BD1284617F0FDFD002866D0302864D0C4
S21401E1C09DF80730012B17D172238DF80E30E7F733
S21401E1D013F9CDE90601030C8DF81230BDF81D3098
S21401E1E0ADF81000ADF813309DF81F308DF81530DE
S21401E1F049238DF816300AE049238DF80E3095E84C
S21401E2000300ADF81410090C04908DF816109DF853
S21401E2100E3013F0280F07D1DDE90401ADF80C101C
S21401E220090C02908DF80E10274E336818690028E5
S21401E23030D133685A690AB9244A126824490A60F7
S21401E2409A690AB9234A126823490A6093F8222078
S21401E250D20727D404A818F092F90446F8B9316811
S21401E26006A818F051F906A8E2F7E0F80446B0B996
S21401E270BDF92E0017F05CFD18F086F92846F7F771
S21401E28041F9164807F062FE09E09DF80E301907BD
S21401E2909DD5B4E714F079FF04460028C9D020467E
S21401E2A00EB070BD93F8232000234FF0FF3006A96F
S21401E2B0CDE906338DF81A2018F024FA0028C9D0C3
S21401E2C040F20C44EBE700BF78280020449003009E
S21401E2D054280020409003005028002051E30100FC
S21401E2E070B50F480BF0AEFBC8B907F091FE0C4DA8
S21401E2F005F10C0617F0FCFC07F098FC04462846CE
S21401E3000BF09CFB10B930460BF0B8FD0BF09AFCF5
S21401E31008B9002CEED1BDE8704018F05CB870BDAD
S21401E32088280020054A08B51178814204D010706B
S21401E33017F0EFFC002008BD0220FCE7232E00208A
S21401E340024B1B6803B11847704700BF50280020D6
S21401E35050EA010337B504460D4604D103B0BDE8C3
S21401E3603040FFF7EDBFB1F1FF3F08BFB0F1FF3F0F
S21401E37013D019F05DFF221845EB0103084909483F
S21401E380C1E9002300239D420CBF21464FF0FF3117
S21401E390CDE90033044A1AF081FB03B030BD00BF5B
S21401E3A0680B002058280020ADE30100D3B51AF011
S21401E3B0D1FA044619F03CFF0B46104AD2E9006731
S21401E3C0B04273EB070107D3FFF7BAFF204602B04E
S21401E3D0BDE8D0401AF0B9BAD2E900670022311A76
S21401E3E067EB03039342CDE90022134618BF4FF0B3
S21401E3F0FF31034A03481AF051FBE7E7680B002098
S21401E400ADE30100582800200023044A52E8000F1B
S21401E41042E800310029F9D1F3F7EAB97C28002057
S21401E420054A52E8003F034342E800310029F8D18B
S21401E430024B1B68184700BF7C2800205428002088
S21401E44037B51C68E10705D517F047FC164917488C
S21401E45018F0ECFFA20723D5F9F7FEFFD0B9144D4B
S21401E46001901AF077FA044628460BF025FD019034
S21401E47020461AF06AFA019890B143799B070CD4AA
S21401E48001A802210BF009FE0198F9F7D5FFF9F76B
S21401E490B3FBE6E7F9F7B0FBDEE7F9F7C1FFF6E70E
S21401E4A0002003B030BD00BF50320020CC27002032
S21401E4B08028002008B5054807F088FB044B012199
S21401E4C01870BDE8084007F091BB00BF603200201D
S21401E4D0242E002038B5044648B11AF03BFA05460A
S21401E4E0214608480BF0C0FD28461AF02EFA064BC6
S21401E4F0022193F9000007F079FBBDE83840FFF7E9
S21401E5001FBF00BF80280020242E00202DE9F041E7
S21401E5100A4B0B4F04460E46386819681546E4F751
S21401E520EDFA40B933462A46386844F48021BDE8FE
S21401E530F041E4F707BDBDE8F08100BF5830002088
S21401E540783000202DE9F0410A4B0B4F04460E4669
S21401E550386819681546E4F7D1FA40B933462A46B1
S21401E560386844F48021BDE8F041E4F795BBBDE886
S21401E570F08100BF583000207830002038B5084DB3
S21401E580084B044619682868E4F7B8FA30B92868D1
S21401E59044F48021BDE83840E4F718BD38BD00BF1B
S21401E5A078300020583000202DE9F043134B0E46FA
S21401E5B01968134B05468DB018681746E4F79EFA9E
S21401E5C080B933460A222846009702A908F0E9FDD9
S21401E5D04FF0000804460DF10809444505D1002C0A
S21401E5E0EFD120460DB0BDE8F083284659F8041B4C
S21401E5F0E4F7ECFC08F10108EFE700BF5830002013
S21401E60078300020F8B50B4B0B4F06460C463868A1
S21401E6101968E4F773FA054648B9E24316FA82F236
S21401E620386842F4802246F48021FFF7BDFF284671
S21401E630F8BD00BF5830002078300020F8B50E46EF
S21401E640074630B329B300F03FF80446F8B9124D37
S21401E6500146182228460BF0FAF820232B7033695E
S21401E6602E616B607369AB60EAF752FA07F080FAC5
S21401E670BE6A002E08BF4FF480763046E9F71CFFCD
S21401E680044620B9054B28461E60E9F753FF20468D
S21401E690F8BD2124FBE700BF88280020842800203D
S21401E6A001480BF091B900BF8828002010B5054835
S21401E6B00BF09CF9044618B900F03CF817F089FBFA
S21401E6C0204610BD88280020074BDA69D20407D5FA
S21401E6D01B6A40F2044013F0010F18BF0020704778
S21401E6E040F20440704700BF0080E00F10B502788A
S21401E6F03E2A4FEA022302D18278134301E0FF2A21
S21401E700FAD0094A094910780022904201D800201F
S21401E71006E031F8024BA34203D1054B53F8220021
S21401E72010BDF4D30132F0E7D08F03001C90030034
S21401E730D48F030030B5002485B002A8E6F746FE64
S21401E74001A8BDF80850019407F058FF00B10194E4
S21401E7500D48019C0BF00FFAA0B1002343718371A1
S21401E760C371037243728372C3726FF007038374BB
S21401E7700D23C3747C230B22037564230271C460CA
S21401E7800582437505B030BD4C9F030038B50B2498
S21401E79004800024049D0C80284614801C802C6074
S21401E7A007F02CFF00B12C60059B024A00201A607E
S21401E7B038BD00BFF80D7C641046044A1368591E24
S21401E7C0033102D8002111601847704770320020CB
S21401E7D0034B1868034B002808BF1846704700BF54
S21401E7E0A0280020789F0300014818F094B800BFC5
S21401E7F0A828002013B50B4C0229226005D10A482F
S21401E80018F089F8002002B010BD0A4600930146B0
S21401E810064B054818F060F8003818BF0120400084
S21401E820F1E700BF70320020A8280020B9E70100F8
S21401E830014818F081B800BFA8280020002101482F
S21401E84018F09CB8A828002008B5064B1B680133B1
S21401E85005D0FFF7EDFF80F00100C0B208BD002033
S21401E860FCE700BF703200202DE9F843DFF8609026
S21401E8700646D9F8008008461746B8F1000F03D0BF
S21401E8800E242046BDE8F88306B3336801331DD154
S21401E890E1B100F075F805460028F1D0C9F800008E
S21401E8A000F0D4F8284617F0BBFE044640B14046B7
S21401E8B0C9F8008000F0CAF8284617F0ACFEE0E779
S21401E8C03560002FDDD02846B847DAE72124D8E79F
S21401E8D0A4280020024B1868003818BF0120704792
S21401E8E0A428002038B50C4601F002FEA3780B4A96
S21401E8F013705A1E55425541A8420CD0012B04D024
S21401E9002846BDE8384001F0D5BD204601F0A4FDFB
S21401E9100028F5D038BD0020FCE700BF252E0020DA
S21401E920002108B5024B08465B689847002008BDE1
S21401E9308C32002010B5FFF74BFF0D4B0C461A1A10
S21401E940534253418B4201D1002010BD094B1B6835
S21401E9503BB9094A064B002C08BF1346074A136009
S21401E960F2E718F086F90028F3D00220EDE700BFA1
S21401E970509F0300A4280020789F0300A0280020B1
S21401E980F8B5044619F0DDFF002607460E4B1B6856
S21401E99093B19E68AEB196F82420D20711D43546BD
S21401E9A00FCC0FC50FCC0FC523682B6096F824300B
S21401E9B043F0010386F82430384619F0BDFF30468F
S21401E9C0F8BD1B68E4E700BF80320020431E033316
S21401E9D006D8044B984228BF1846642838BF6420DE
S21401E9E0704700BF40420F0038B505460C4641B19E
S21401E9F00B6833B11B68013303D0CB680BB18B684E
S21401EA0043B918F0A4FB00209122412100F024FA1A
S21401EA10212038BD084603F0A5F80023094A85F8E9
S21401EA203C31C5E93A4313605360636943B1064A12
S21401EA3042211068B322C31A5842584100F00CFA1A
S21401EA400020E6E774320020582B002010B504465B
S21401EA5018B9054B054A136010BD00F0BBFED4F88B
S21401EA60F430002BF6D1F4E70B6703008432002064
S21401EA7008B502460868FFF7A9FF08604868FFF76F
S21401EA80A5FF48608868FFF7A1FF8860C868FFF7A0
S21401EA909DFF0B69C860581C03D00B48834228BFF2
S21401EAA003460B614B69581C03D00748834228BFB5
S21401EAB0034688694B61FFF789FFBDE80840886116
S21401EAC0104601F059BC00BF40420F00D0F8EC30B0
S21401EAD02DE9F04105460C4613B1838D8B424CD08F
S21401EAE0D5F8E830002B4BD09E68002E48D0D86869
S21401EAF0002845D0013800B200281ADB002106E0C4
S21401EB00128A591CA24217D209B2884211DB0B188D
S21401EB1003EBD3735B1003EBC30206EB8202B2F87E
S21401EB200EC003F1FF3EA445EAD90FFA8EF08842E3
S21401EB30EDDA2120BDE8F0814FF6FF7299B29142DD
S21401EB40F7D09BB203EBC30306EB83062846B6F960
S21401EB50122095F83011D5F8FC8009F0C0FA074666
S21401EB60B8F1000F04D00023324628461946C047A4
S21401EB70AC85C5F8EC6085F839710020BDE8F081F8
S21401EB800E20BDE8F08100BF2DE9F04782B00446B3
S21401EB900F46164601F0B2FC002867D14C4D2B6893
S21401EBA0D4F8E890D4F8EC800BB14B4572D04FF016
S21401EBB0000AAF6002F06CF90128074604D0012173
S21401EBC00022084617F067FD2B68D9F80010D8F820
S21401EBD0002013B11868884267D0204618F025FA3D
S21401EBE03C4BC5F800901A78C5F804808DF807608C
S21401EBF06ABBD4F8FC50002D5ED0114620460DF1BC
S21401EC000703A847204601F02BFF0546BAF1000F7F
S21401EC1000D08EB1B5FA85F04FF4806233214009F9
S21401EC2000F01AF93146204602F042F82A4B054612
S21401EC30414620461B689847D4F89430D3B9012F33
S21401EC4001D0F5B90025284602B0BDE8F087D4F812
S21401EC50EC30B4F9441023B1B3F912309942A8BF8D
S21401EC6019463246204601F04FFECBE70023184DE9
S21401EC706B6094E700224FF40073204600F0BAFD63
S21401EC80DDE7164B00215B6803209847284602B053
S21401EC90BDE8F0876B68002B89D0434587D1AB6808
S21401ECA09F42CFD04FF0010A83E7696811B1096826
S21401ECB0914295D0596890E794F8281094F8393124
S21401ECC03246994228BF1946204601F0EBFD99E7E6
S21401ECD0743200207A910300843200208C320020A6
S21401ECE0F8B50E46054619F02CFE3146074628466D
S21401ECF0FFF7ECFE044620B1384619F01DFE20460B
S21401ED00F8BD02F0A5F8224631462846FFF73CFF3B
S21401ED100446384619F010FE2046F8BD37B5D0F83F
S21401ED20E830274A04461360D0F8EC30916053600F
S21401ED3000228DF80720234A12786AB3B0F94410EE
S21401ED4023B1B3F912309942A8BF194600222046D2
S21401ED5001F0DAFD204601F083FEB0FA80F040F2C1
S21401ED6053423321400900F077F80121204601F093
S21401ED709FFF154B05461B682046D4F8EC109847B4
S21401ED80D4F894302BB100224FF40073204600F0E3
S21401ED9031FD284603B030BDD0F8FC5055B990F887
S21401EDA0281090F839312A46994228BF194601F0B1
S21401EDB079FDCFE711460DF10703A847CAE700BF63
S21401EDC0743200207A9103008432002070B5044624
S21401EDD000200D4618F0BFF9094B1B784BB9D4F843
S21401EDE0FC6036B129462046B446BDE870401A4656
S21401EDF0604729462046BDE8704018F005B900BFB7
S21401EE007A91030030B4064DBDF908402D781DB146
S21401EE10029430BC18F0FBB80E2030BC704700BF1F
S21401EE20322E0020024B1860024B1960FEE700BF2D
S21401EE30C02A00208832002038B5044D044C054B0A
S21401EE40286021601A60FFF7EDFF38BDC02A002058
S21401EE5088320020C42A002010B550B90548064B58
S21401EE600160064802601868054B18601868FFF7CD
S21401EE70E3FF10BD88320020A4280020C42A002009
S21401EE80C02A0020054B1B680BB918467047834201
S21401EE9001D01B69F8E70120704700BFCC2A00208B
S21401EEA0094A13680BB918467047834207D11B6994
S21401EEB001201360054A1368013B1360704703F194
S21401EEC010021B69EEE700BFCC2A0020C82A0020EA
S21401EED02DE9F74F064619F03DFDDFF8288101239D
S21401EEE098F800B0DFF820910190BBF1000F06D032
S21401EEF089F8003003B0BDE8F04F19F026BD3F4F4A
S21401EF0088F8003089F800B017F076FD08B117F0E0
S21401EF1071FD3D683A495DB9DFF8F0A0DAF80020E6
S21401EF200024AA423B682ED84FF0FF3134483AE01D
S21401EF306B7D8BB12B68B34202D09A1B8A420BD9E8
S21401EF406A6813442B60AB68003A18BF0122003B85
S21401EF5018BF01236A75AB752D69DCE7907D20B17A
S21401EF60107D88429CBF014614461269002AF5D1DD
S21401EF70002CD9D094E80B00A275411AE26820460D
S21401EF8098470135CAE71A46FF21EFE75A7D4AB18D
S21401EF901A68B24224D0921B824221D8914201D3F0
S21401EFA011461C461B69002BF0D15CB12046FFF7C9
S21401EFB077FF38B13B683C602361DAF800300133F3
S21401EFC0CAF800303B685A7D6AB917F011FD06464B
S21401EFD099F80030002B95D1019888F8003089E720
S21401EFE01C460021DEE7186800F0D2F8044617F048
S21401EFF0FFFC0646002C85D1EAE700BFCC2A00209C
S21401F000FCFFFFBF272E0020262E0020C82A002046
S21401F01038B5054608B3182200210AF018FC19F085
S21401F02099FC02462846FFF72DFF20B1104619F03D
S21401F0308CFC022038BD0A4B1C6854B909491D6076
S21401F0400B68104601332C610B6019F07EFC2046DC
S21401F050F0E704F110032469EFE72120EAE700BF97
S21401F060CC2A0020C82A002038B50446FFF70AFF3C
S21401F07019F070FC05462046FFF704FF637D23B9AF
S21401F080284619F062FC0E2038BD00236375064B36
S21401F0901B68A34203D117F0ABFCFFF719FF284604
S21401F0A019F053FC0020EFE7CC2A00202DE9F84F99
S21401F0B0DDF82890984604460D469246FFF7E2FE94
S21401F0C0DDF830B019F046FC074617F091FC06460D
S21401F0D02046FFF7D7FE637D23B12046FFF7C4FF26
S21401F0E00023A375BAF1010F21D175B9B8F1000F4C
S21401F0F01FD1B9F1000F03D05A4631462046C84702
S21401F100384619F022FC002017E035440C4BAA1BA8
S21401F1109A420ED8012363759DF82C30304684E858
S21401F12020032375C4F80CB0FFF7D2FEE8E7AE4221
S21401F130ECD1384619F009FC2120BDE8F88F00BF54
S21401F140FCFFFFBF2DE9F04107468846FFF79AFE10
S21401F15019F000FC3D68064617F04AFC7B7D7BB142
S21401F16085420DD0094B2C1A9C4209D8304619F01D
S21401F170ECFBB8F1010F08BF25462846BDE8F08133
S21401F180304619F0E2FB0025F7E700BFFCFFFFBFA2
S21401F1900023024A194600F011BC00BFBB690300F8
S21401F1A0024B0022196817F059BF00BF3CA00300AC
S21401F1B0024B0122196817F051BF00BF342B002003
S21401F1C090F82530FF2B0FD0012904D902390129E7
S21401F1D006D9212070470222044B196817F03EBF5A
S21401F1E0034B03221968F9E70220704734A0030095
S21401F1F030A00300024B0422196817F02FBF00BF8E
S21401F2002CA0030070B5164E032804460D4633782D
S21401F2101ED023FA04F202F00102AA421DD053B115
S21401F2200122A240A54023EA02032B43DBB233703E
S21401F2304BB1012070BD2DB10A4B01201B689847C8
S21401F2403378EDE73570074B00201B689847F0E7E9
S21401F2509A07DED003F0FC03E9E7002070BD00BF8B
S21401F260292E00200C2B0020F8B505460C4619F077
S21401F27068FB104F06463B7833B1012D04D01CB90C
S21401F2800D4818F05BFF3C7021462846FFF7BAFF91
S21401F2900A4B04461B783BB93B782BB917F080FE26
S21401F2A010B1074B1B689847304619F045FB2046BE
S21401F2B0F8BD00BF2A2E0020E02A0020292E0020BB
S21401F2C08C320020054A0B46117831B100211170AD
S21401F2D0034A012152681878104770472A2E0020E9
S21401F2E08C32002038B5074D04462B78834207D070
S21401F2F001F038F920462C70BDE83840E6F7BEBB71
S21401F30038BD00BF282E002038B5044680B119F05C
S21401F31018FB01210446084618F054FB01210B4A4C
S21401F320084608F07AFE2046BDE8384019F004BBCE
S21401F33019F007FB05462146012018F043FB012082
S21401F3402146024A08F069FE2846EDE7B89F030009
S21401F3501B4B022910B5187002D0032904D010BD2A
S21401F360184B1B78002BFAD1FFF7B4FA0028F6D019
S21401F3704FF00052144BC3F88020BFF34F8FBFF3FA
S21401F3806F8F01F0C7F80028E9D001F075F8002862
S21401F390E5D10E4B1C6834B123689847BDE8104090
S21401F3A0002001F0D3B817F093FA094B186019F052
S21401F3B0F9FB084B1860204601F0B4F8EEE700BFF1
S21401F3C001330020282E002000E100E0302B002031
S21401F3D0082B0020042B002038B504460D46FFF705
S21401F3E079FA80B14FF00052124B1A6001F092F890
S21401F3F048B9012D07D8012001F0A8F80E4B1B686B
S21401F40023B15B6898470D4B1C7038BD19F0CAFBD9
S21401F4100B4B1A68801A186018F048FF4FF47A727E
S21401F420084B1B6802FB003017F054FA012001F06C
S21401F43079F8E8E700E100E0302B002001330020F6
S21401F440042B0020082B0020F0B585B019F079FABE
S21401F450344D04462B7823B1334818F06FFE00284C
S21401F46052D118F0FFFE02AA03A917F083FD034646
S21401F470002838D017F092FD029B98421CD100203C
S21401F4802A4B03991B682A4E9942307020D90027CF
S21401F490C91A012324482B70264A33460197009740
S21401F4A019F037FB002837D1234A1378D90701D53D
S21401F4B03178F9B1204611E017F06EFD029B9842B3
S21401F4C028D0002318461949194A09681370039170
S21401F4D00121FFF797FE002320462B7019F02CFA26
S21401F4E0002005B0F0BD20462B7019F025FA21202A
S21401F4F005B0F0BD03F0FE031370002BDAD10F4BFD
S21401F5001B6898472046E9E7204619F015FA0E20B1
S21401F51005B0F0BD0220B3E7032320462F703370F9
S21401F520F3E700BF2A2E0020E02A0020002B00204F
S21401F53000330020C5F20100292E00200C2B0020EC
S21401F54070B519F0FEF9184D04462B7823BB174AFF
S21401F55017491370174B184A18481A60184A194E5B
S21401F5605A60E6F73FFA18491848E6F73BFA184B8F
S21401F57080203360E4F788FF052804BF154B33600D
S21401F580154B5B6F03F44073B3F5007F02BF022295
S21401F590124B1A6001232B70E6F780FB204619F008
S21401F5A0CBF9002070BD00BF2B2E00202A2E002094
S21401F5B0C09F03008C32002049F40100D02A0020AD
S21401F5C069F201000C2B0020C89F0300D82A0020F6
S21401F5D0E5F2010009F3010000400050002B002075
S21401F5E0024BD868C0F30360704700BF000002B842
S21401F5F010B5054C237823B103F034FE00202070AB
S21401F60010BD0E20FCE700BF2E2E002008B503F02B
S21401F610F7FD0122014B00201A7008BD2E2E002096
S21401F620F8B504460F46164619F08BF90546A0476D
S21401F630044620B1284619F07FF92046F8BD06F0A9
S21401F6409BF804220549D1F8EC3E23EA070333432D
S21401F650C1F8EC3E024B1A64ECE700BF003000B084
S21401F660002002B8F8B51C4612F0020318BF043495
S21401F67012F00107064607D16FF41070A4F5742244
S21401F68002441648824224D9003B18BF0123144A7B
S21401F690144813704FF6FF7399421ABF4A1C92B270
S21401F6A02022114918BF1202FFF7BAFF054670B9AA
S21401F6B08FB9631C08BFD6F81C4102F0DFFA014679
S21401F6C0204604F0A7FC094BC009C3F8CC00284625
S21401F6D0F8BD2125FBE70525F9E700BFBDBDF0FF15
S21401F6E02C2E002045FB010020FFFF00003E00B04D
S21401F6F000F1F00370B5C2E9003143F6747390B0BF
S21401F7009360054617F0CBF91446D060072301AA8B
S21401F71005F582700E4604F09BFC43F6BC7323612C
S21401F720079B314663614FF47F53A361089B2846CC
S21401F730E36143F6C4732362099B636243F6C873AD
S21401F740A3620A9BE36243F6CC7323630B9B63635A
S21401F75043F6D073A3630C9BE36343F6D47323642D
S21401F7600D9B636400F0E8FF074BC002A3644FF4EF
S21401F770FF2300F4FF20E364044B606504F15800A6
S21401F780236510B070BD00BF20E000A820D000A8FF
S21401F79000F01803182B0AD003070AD440F201130D
S21401F7A010F0100018BF1846034B986770470020EA
S21401F7B0FAE70120F8E700BF003F00B0044B1868E5
S21401F7C0830654BFC0F30F204FF6FF70704700BF8B
S21401F7D0FC2B002038B10368044A002B08BF1346EF
S21401F7E0034A13607047014BFAE700BF9D6A0300A6
S21401F7F09832002010B4D0E9544122400B4052EA1E
S21401F800030104D003495DF8044B096808475DF815
S21401F810044B7047983200200F2938B505460C4630
S21401F8200ED801F035FB01280CD1074A2846536E45
S21401F83023F00F032343536617F006FC002038BD60
S21401F8402120FCE70220FAE7003F00B008B50E4B86
S21401F8501A6C12F0A00F01D0002008BD5B6C5B078C
S21401F8600FD40A4BD3F8EC3E23F07F4323F0FF037B
S21401F8703BB1FFF7B5FE0928EED00C3818BF0120C2
S21401F880EBE70120E9E700BF000002B8003000B056
S21401F89070B50D46064620B91A4B1B68CBB10E2033
S21401F8A016E001F0F5FA01282AD1174BD6F8F00038
S21401F8B093F9004017F076FBC4F12704241A641B61
S21401F8C0C4F11C03002BB8BF5B42232B0CDD2120A7
S21401F8D070BDA1F10B03002BB8BF5B42232BF6DCF6
S21401F8E0094B19700020F3E786F8265019F029F81D
S21401F8F0054660B200F02CFF284619F01DF8F1E726
S21401F9000220E5E7A42800202D2E002010B501F0E6
S21401F9105DFA04F0E1FA19F014F80A4A0121D2F866
S21401F920C43E044623F02003C2F8C43E0222064B1E
S21401F93008469A60054B5B689847204618F0FCFF1E
S21401F940002010BD003000B0001002B88C3200203C
S21401F95008B517F0A4F88022024B5867024B1A61CB
S21401F96008BD00BF003F00B0000002B8014B186898
S21401F970704700BF202B002037B518F0E2FF0123A7
S21401F98000220024009300230546194610460194E0
S21401F99005F0C2FC022002F069FC064B21461C6001
S21401F9A0054B02205B689847284618F0C5FF20469D
S21401F9B003B030BD282B00208C3200202DE9FF41FA
S21401F9C002290D4616469846039004D1FFF7D4FF48
S21401F9D004B0BDE8F08118F0B4FF1E4F04463B6842
S21401F9E03BB1B34205D018F0A7FF002321203B60AE
S21401F9F0EEE7194B0022C3F800803E600023012683
S21401FA004FF00008104619460196009605F084FC52
S21401FA10124B022083F8008002F028FC43462A4657
S21401FA20022003A902F040FC0D4B039A1A6008B9A4
S21401FA302046D8E70B4D2B689847212804D020464E
S21401FA4018F07AFF0020C3E731466B68022098471A
S21401FA50F5E700BF282B0020242B0020302E0020A5
S21401FA60202B00208C320020044B5B6E5B054EBFC2
S21401FA700120034B187800F00100704700C001B860
S21401FA80302E002090F82530023B022B05D84B7C07
S21401FA902BB1012B05D0022B05D017F0EDB803488A
S21401FAA07047034870470348704700BF20A107000E
S21401FAB048E8010040420F000A78022A11D0101FC0
S21401FAC04242424152004B781201022B0BD0191FC1
S21401FAD04B424B415B000549054842EA8312FFF75A
S21401FAE09FBD0122EFE70123F5E700BFF0FFFF000E
S21401FAF0D90E02000B78022B10D0181F4342434147
S21401FB005B004A78022A0BD0111F4A424A41520032
S21401FB100F21044843EA8202FFF782BD0123F0E782
S21401FB200122F5E7050F02004FF4005318B1034A0E
S21401FB30C2F8FC337047024AFAE700BF001002B869
S21401FB40002002B808B501F0C7F9014610B102213C
S21401FB50084608BDFFF77AFE0028F8D0024B187851
S21401FB60FFF7E2FFF4E700BF2C2E00202DE9FF4748
S21401FB704B684A880C4609888146FFF773FD0528BD
S21401FB80054628D1D4F80480B8F1000F3CD00823EC
S21401FB9041464846A27A16F09BFF002708F10C065C
S21401FBA00290C8F808600DF10C0AE368CDF804A0CD
S21401FBB003EBC70233F837303146009353684846A3
S21401FBC002AA16F0A8FF054648B1002301221946ED
S21401FBD04846FFF747FD284604B0BDE8F08798F889
S21401FBE001300137BB4206F10806DED22389606880
S21401FBF040F6A15200EB8300029B302183428CBF6A
S21401FC0000200120FFF728F96268024B0025C3F89F
S21401FC10CC20E0E7003E00B0D0F8B03010B59942F5
S21401FC2004460ED0C0F8B01002F02EF80649A4F82B
S21401FC3034010123054AD1F8FC1004F5827004F062
S21401FC4007FA002010BD00BF004F00B0A43F00B06F
S21401FC502DE9F74304460F4615461E46FFF7F6FD07
S21401FC6038B3A38A2BB3204616F00BFE78B96F4B38
S21401FC70D3F8EC2E1EB10E2003B0BDE8F08302F0DF
S21401FC803003102BF7D002F0C002402AF3D0DFF881
S21401FC90C48104F021F9D8F81430DE07EBD518F04A
S21401FCA050FE0646032002F0EDFB20B1304618F068
S21401FCB043FE0220E0E7D8F8142012F00608F5D13A
S21401FCC0304618F039FE594B4FF400612046D3F800
S21401FCD0EC9ED3F8CC6E05F0BDFE40B14FF4007239
S21401FCE00121534B08461A64424616F0D4FC3946A5
S21401FCF02046FEF7F5FF4D4BC3F8EC9EC3F8CC6EDD
S21401FD000028B9D194F82430980601D4002D4DD09E
S21401FD10C5F3400004F0AAFC022315F4807F1FBF40
S21401FD20444A002113644FF03A420BBF404A9161A6
S21401FD301364536305F020FD4FF4806315F0040F40
S21401FD4014BF3D4A3D4A3A4E536204232846336463
S21401FD50FFF71EFD204616F0BEFF38B14FF4807344
S21401FD6015F0010F16BF334A33641364A90646D54E
S21401FD704FF6FF72E38F93420FD0314A3149526EEC
S21401FD80100CC2F301120132B3FBF2F308802A4AC7
S21401FD902A492D481B0448665366003D18BF0125B5
S21401FDA094F8243065F3451384F82430204617F080
S21401FDB048F9F0B1204616F08EFFD0B14FF400316D
S21401FDC0204605F047FE431C03229BB21F4801A9AB
S21401FDD017F0B4F99DF8042002F00703052B9DF8EF
S21401FDE0053015D112070DD443F48073184AC2F8B2
S21401FDF0D430002003B0BDE8F04317F0ACB901F0F1
S21401FE0007F8CAE713F0040F09D19DF80630EBE7AF
S21401FE1003F03002202A05D113F0010FF4E74FF466
S21401FE208073E3E79DF80630E0E700BF003000B0DE
S21401FE30002002B8001002B8005001B8006001B8F6
S21401FE40004001B8DA3200200000FFFF0C0000BAC3
S21401FE50003E00B000C001B82DE9F0470B4607464A
S21401FE60154611B92120BDE8F087002AFAD00329EA
S21401FE7005D8002201F0C4FD03460028F2D01C88F4
S21401FE809A78B4F5804F02F0070180F0CA80A1F19C
S21401FE90070C187993F805A0DE88DCF1000343EB24
S21401FEA00C0305292B7394BF0023C2F30013C2F37E
S21401FEB0801C6B73930985F810C003F00203C2F32C
S21401FEC0C00C43EA0C03C2F34012E8746B74AA74C4
S21401FED0D7F89C30AE82D80600F18F80063901290A
S21401FEE000F28B80B7F81280D7F81C9008F1FF3823
S21401FEF04D4B083C04EA08045B6D19F804300020F9
S21401FF00802B0CBF6FF07F03323B04F1010418BF56
S21401FF105BB204EA0804AB73631D03EA08035A1CC8
S21401FF20A86002EA080219F8036019F8022097F897
S21401FF30253046EA0226FF2B36B228D1F10455D5E4
S21401FF40D7F8F03013B11B68022B05D841F2C9224D
S21401FF504C210020FEF780FFD7F8F030C6F30B00E7
S21401FF6093F82430C0000BB1B0FBF3F0824542D8C1
S21401FF7038B1CAEB0A2ABAFBF0FA6FEA0A0A5FFA44
S21401FF808AF0D7F8F83013B195F90E109847631C2C
S21401FF90E87303EA080319F80340013303EA080388
S21401FFA019F80320013303EA080344EA022419F886
S21401FFB00320013303EA080319F8033044EA024434
S21401FFC044EA036416F4804306D0384600F010FB7A
S21401FFD0B0FA80F35B095B00214638466A7C04F080
S21401FFE0E5F806232860AB7100203CE719F8040009
S21401FFF04000C0B2C5E70020C3E700230020EB7332
S2140200000A4BDA69C2F30723120448BF63F0FF0300
S2140200105AB212F1800F1CBF323B5AB2AA73034681
S214020020E0E702201FE700BF004000B800C000B8AB
S214020030F8B507460D4614468BB116F0F4FF29466E
S2140200403846BE8A01F088F9B44228BF3446A4B2C4
S21402005022462946044801F09BFA2046F8BD16F0CF
S214020060A0FE0646F0E700BF0C0000BA082310B157
S214020070024A13647047024AFBE700BF001002B848
S214020080002002B8054A12681AB190F82A1119B966
S2140200901047084602F052BD01487047102B002058
S2140200A000FEFFFF354B2DE9F7431C6801F400798B
S2140200B000F00103174653EA090206460D4637D0FA
S2140200C04FF000084BB30023002201200021CDF898
S2140200D00480CDF8008005F01FF941462046FFF760
S2140200E0D1FF01224146E085DFF8A480104616F0D3
S2140200F0D2FAD4F89C1094F8250002F09DFDD8F8A8
S214020100000000F067FA4FF0FF33C8F8003094F8AA
S214020110243043F0040384F82430B9F1000F07D0EA
S2140201200121204617F0F1F825F4007506430D4329
S2140201302B4632462046FFF75DFBFB070FD51049DC
S214020140104A086800211368116001210E4A1170D6
S21402015003B198470D4B002102205B68984717F0C1
S2140201600E0F08D040F2C7123B21002003B0BDE8B4
S214020170F043FEF771BE03B0BDE8F083A42800206A
S214020180242B0020282B0020302E00208C3200202A
S2140201909432002008B558220021064809F057FB81
S2140201A01022FF21044809F052FB05F099FC0020BA
S2140201B008BD00BFF03E00B0343F00B073B52F4A12
S2140201C02F49137809784FF0FF350B4313700C2331
S2140201D0742280F83031A0F820216D238222C0F8E4
S2140201E00C31C0E944236423C0E946336FF07C43F4
S2140201F083624FF40043A0F84430224B0026C363C8
S21402020000F15003C3644FF6FF73044680F82530AE
S21402021003F58003C0E90C3580F82660C0F8B050BC
S214020220858504F08FF82046FFF7B4FF94F9261070
S2140202302046FFF72DFB6023134A40F6FF71D36476
S2140202404FF03A4211631167104A2946D36440229E
S2140202500F4B20461A64D4F89C2016F0FEFC0E23A0
S21402026000220193009340F202231046194605F03D
S21402027053F801F0D3FC304602B070BD322E002097
S2140202807A9103000700FFFF004000B8005000B854
S214020290002002B810B50C46FFF77CFFCCB1A3785D
S2140202A0082B18D8E278082A15D843EA021313F066
S2140202B0FF030CBF19466168084AC2F8F01021789D
S2140202C082F84411617882F8473182F8451105F0C8
S2140202D007FC002010BD2120FCE700BF003E00B056
S2140202E00129F0B51ED8EAB10F4C8B0094F84701ED
S2140202F094F84651184100F00F000023082828BF42
S214020300082084F8463104EBC101DEB2B04203D8BD
S214020310002084F84651F0BDD75CCE1886F83471BA
S2140203200133F2E72120F6E7003E00B0012A10B5BD
S21402033012D8032B10D803EB82020123074C9340FA
S21402034094F84601DBB221B10343002084F846311B
S21402035010BD20EA0303F8E72120F9E7003E00B0CB
S214020360044BD3F8EC3E13F0806F14BF232000201A
S214020370704700BF003000B00246F8B5B0F834410E
S21402038000F58275FFF7ECFF0B688E68013304BF39
S214020390D2F80C310B604B68013304BFD2F8183127
S2140203A04B60771C3FD1D2F81431CF688B607E1C2D
S2140203B040D1D2F810610F69CE60013704BFD2F87F
S2140203C004710F614F69013704BFD2F808714F619B
S2140203D08F69013704BFD2F81C718F618F6987BBA2
S2140203E0C0F1640408688C6110B16D2838BF6D20B6
S2140203F0C2F814314B68C2F80C01C2F818310B6906
S2140204002846C2F804314B691149C2F81061C2F895
S2140204101C41C2F80831D1F8FC1007230D4A03F03C
S21402042017FE0020F8BD04F16D031B1AB34238BF55
S2140204303346BAE704F17406361ABE4238BF3E4661
S214020440B9E76D34241ABC4238BF3C46CAE700BF3F
S214020450004F00B0A43F00B038B5054C054B4178BC
S21402046000782568236002F0E7FD00B1256038BDFC
S2140204702C2B0020D89F030038B518F062FA0546E8
S21402048000F006FD012805D0284618F055FA022489
S214020490204638BDFFF7A4F80028F1D1044BDC68EB
S2140204A014F08054ECD1284618F046FAF0E700BF64
S2140204B0000002B80A4B10B51B68044673B1094B1C
S2140204C048B10121084A1A60022003F019FD0020F3
S2140204D0064B1C7010BD01461860F5E70220F9E7CE
S2140204E02C2B0020302B0020D09F0300312E002022
S2140204F0014B1878704700BF312E00204FF40022BF
S214020500034B186C03F500531A64C0F3C0407047DF
S214020510000002B8024B586900F00100704700BFA5
S21402052000C001B8084B5A69D10707D508B901F0CF
S21402053079BE5B69DA0706D401F066BE5B69DB0743
S21402054001D40028F8D1704700C001B84FF080638C
S21402055010B1024A53617047014AFBE7001002B825
S214020560002002B8202350B1064AC2F8F433064BE4
S214020570196C11F0010104D1032003F0C1BC034A37
S214020580F3E77047001002B800C002B8002002B8B5
S21402059070B50C4616461D461AB113680BB15B6859
S2140205A08BB918F0CEF918F0C7F90123AB72B389EC
S2140205B0049AE11A7368B06889B2134400FB0133E7
S2140205C029816B6070BD1A68032AEAD99B6A5B0EA2
S2140205D0ECE700BF431C07D06FF0FF02034B10404E
S2140205E05A62A3F580535862704700BF00E000B815
S2140205F0014B986E704700BF003F00B0014B0020D1
S21402060099667047003F00B003282DE9F74F0C4665
S214020610914679D83D4B13F800A03D4B1E5C3D4BEE
S21402062013F800B018F08DF9804605F06FF807460B
S21402063040B10023002201930093012000230021F1
S21402064004F06AFE05F06AF848B10023002201931E
S2140206500093002000234FF4004104F05DFE002EBC
S21402066045D02D4BDD6C05F008050AEB06002B4B3A
S21402067023305844DD64C0B201F02EFD31465046A8
S21402068005F092F85A463146504605F0FBF8244BE0
S214020690DD6477B1234B1B68D3F89C1093F82500D2
S2140206A002F0CAFA20490868FFF794FF4FF0FF33BA
S2140206B00B60B9F1000F04D01C4B002103205B68CD
S2140206C09847B4B14FF48062194B1D6F03F500537F
S2140206D0C5F380251A67404618F02EF900F0D8FBBD
S2140206E0012808D15DB9002003B0BDE8F08F354679
S2140206F0BBE72546EFE7002CF0D10520F4E74FF4E0
S21402070080620C4B1A67EEE72120EDE7F09F0300AC
S214020710EC9F0300E89F0300004000B8006000B8AA
S214020720005000B8A4280020943200208C3200200A
S21402073000C001B800D001B8044B90F9260093F926
S2140207400030C3F12703181A704700BF2D2E002071
S214020750054AC002136A00F4FF2023F4FF2318435D
S21402076010620020704700BF00C000B8094B084660
S2140207705A6A91020BD4D3F80021D20708D4D3F8D0
S214020780803013F4706F14BF0120002070470120E0
S214020790704700BF004001B8F8B50D46144601F098
S2140207A00B0323EA0201394A2340D1646F07A2F5FC
S2140207B080520646D36410D50121FFF7D7FF60B1F9
S2140207C004F0DAFF4FF4007314F0040F14BF304A3B
S2140207D0304A53620422304B1A64E90606D514F0F6
S2140207E0100F14BF00221B222C4B5A652A061DD559
S2140207F0230616D54FF40012254B1A62012203F582
S2140208008053C3F8002118F09CF80E2107460320F7
S21402081002F082F940F20122204B3846DA6218F0E2
S2140208208BF8214696F8250002F006FAEF0503D566
S214020830E00524D502F0DAF9A90503D5A20521D5EB
S21402084002F0E0F915F0600F04D03046D6F8F0104A
S214020850FFF77EF82B0510D504F08EFF104A14F42D
S214020860006FD2F8EC3E14BF43F0006323F000633F
S214020870C2F8EC3E0422084B1A640020F8BD02F0CF
S214020880AFF9D9E702F0B8F9DCE700BF006000B8BC
S214020890005001B8006001B8002002B8004000B85D
S2140208A0003000B070B5054690F830010C460C28B2
S2140208B022D0FF2901D1212070BD1AB14FF0FF329C
S2140208C00F4B1A6016F04AFC064695F8300101F006
S2140208D0C7F9844228BF0446E4B2B44238BF34465D
S2140208E0E0B285F8290001F0CBFA064A03461078F2
S2140208F020B9FF2BE0D1DEE70220DDE70020DBE7B0
S2140209009C3200207A9103007FB51C4B04461B786C
S2140209100E4615460BB3D0F8EC306BB302AAB3F909
S214020920123000920022E5F78DFA02992046C1F3B2
S214020930813116F045FB70B9BDF90C3002990246BA
S2140209400093C1F30D0103462046FEF75BFA2946E3
S214020950204616F00CFC04B070BD02A915F07BFF11
S21402096032469DF80810204607F0B9FB2A46014693
S2140209702046FFF797FFEEE71846ECE77A9103006A
S214020980F8B50D4690F8301104460C29174603D1E7
S2140209902E4B1B78002B51D02A462046A4F84450F2
S2140209A007F09DFBD4F8EC3084F82800002B41D0E9
S2140209B0274A1678D4F8FC204EB1002A40D1B4F962
S2140209C04400B3F91210884206DC002607E0BABBE0
S2140209D094F83921824202D20126B3F9125000223B
S2140209E02946204684F82B70FFF78EFF08BB76B1A7
S2140209F0C4F8EC00204615F0AEFE4FF6FF739842A0
S214020A00014615D02046BDE8F840FEF769B9114BFD
S214020A101B7813F0FD0F0BD1204601F035F90E4975
S214020A2001230E4AD1F8FC1004F5827003F010FB85
S214020A300020F8BDFF2384F82930F9E70220F8E702
S214020A40B4F94010B3F912209142BDE77A9103003F
S214020A50322E0020DC320020004F00B0A43F00B04F
S214020A60D0F8A430012B01D10020704770B505469E
S214020A7050498EB016F0D5FBD5F8EC600146AC8D29
S214020A80C5F8F00026B1336813B15B68002B6CD151
S214020A9017F057FF17F050FF0123D5F8F0108DF826
S214020AA00E30B389B0687268E31A9BB200FB032269
S214020AB04148ADF80C3003680292994202D02846AB
S214020AC0FEF746FF3D4C3E4E00F0E2F90128FBD110
S214020AD0236CDA07F8D4326C12F08072F4D1D5F8AF
S214020AE0F010CDE90A2208920D9109920C9228463E
S214020AF09DF80E20029908AB02F014FF002831D1AF
S214020B0000F0C6F90128FBD12D4A2C49136CDB01F3
S214020B10FCD40B6CDE07F9D408A901A803F024F96B
S214020B2000BBAA8D274B5A6495F8243060F3410324
S214020B3085F8243016F0C2FAD5F8EC3002465B6926
S214020B401968431EDBB2FD2B049114D9CC1C12D9B2
S214020B501D4B01311B6815D0D81C10D8284604A995
S214020B6004930AE002200EB070BD1A68032A8FD9D9
S214020B709B6A5B0E93E7284604A916F087FA0020C4
S214020B800EB070BDD91C04D8284604A9049316F0EA
S214020B907DFAD5F854319B0506D495F8243043F0F7
S214020BA0020385F82430EAE728464FF4803116F02F
S214020BB0ACFBE4E7FC4F00B0142B002000C002B8E8
S214020BC0000002B8008001B8A8320020F8B590F8FC
S214020BD03C61044666B317F0B4FE1F23154F013E70
S214020BE07B621E40144B05465E62D4F84021A3F594
S214020BF080539A66D4F84421DA66D3F80031DB07CC
S214020C0011D5204616F083F84FF0FF3318B1C0F125
S214020C1020029340DB43C7F80431D4F8A8201340DF
S214020C20054AC2F804312846BDE8F84017F084BEEB
S214020C30F8BD00BF006001B8005001B810B504232B
S214020C404FF03A4101240A4AD1F81801C2F8183185
S214020C50C2F814314C634FF400511163410742BF8E
S214020C60C2F81431A2F58052C2F8183110BD00BF86
S214020C70002000BA70B54FF03A434FF480640A4D34
S214020C80D3F818610020C5F81841C5F8144104F0DD
S214020C90D1FD4FF400532B67730542BF034BC5F8D3
S214020CA01441C3F8184170BD002000BA001000BA03
S214020CB0F8B504460E4619B990F824305A0647D4B9
S214020CC04FF6FF73218ED4F8F070994204D0354B5C
S214020CD01B680BB120469847334D2B68BB4255D054
S214020CE0324B1B683BB11FB13A68002A50D0BF682E
S214020CF03946204698470727204600F0C5FF002EB3
S214020D003AD004F0EDFE0620294B94F9262093F9FA
S214020D1000302849C3F127039B1A0A6ADB0222F431
S214020D20FF2203F4FF2313430B62D4F8F020224B76
S214020D302A60986701F00CF9002501211F4A204B12
S214020D401170204683F8805016F07EF92846F8BDCA
S214020D504FF6FF71144DD0F8F0702A6866F38613CA
S214020D609742018680F8243017D0104B1B68002B60
S214020D70B9D100F089FF072712493B46124AD1F83B
S214020D80FC1004F5827003F063F9BAE70127B3E7B3
S214020D901746204639469847ADE700F075FF01270B
S214020DA0EAE700BF1C2B0020142B0020182B002083
S214020DB02D2E002000C000B8006000B82F2E0020A4
S214020DC0003F00B0004F00B0A43F00B010B504468C
S214020DD0D0F824210B4B4FF40061C3F8C82090F8DA
S214020DE02420D20102F4006204F020FE94F824309B
S214020DF013F0100F4FF4007314BF034A034A136430
S214020E0010BD00BF003E00B0001002B8002002B8BD
S214020E1038B517F096FD4FF6FF710A4A13888B42D3
S214020E2003D117F089FD0E2038BD074C074D1B0471
S214020E306566A4F580546366118017F07DFD002078
S214020E40F2E700BFDA320020006001B80000FFFFC0
S214020E5008B50C4BD3F84C21531C11D012F080422B
S214020E600ED1094B1B681BB111460320FFF7CCFBC2
S214020E704FF08062054BDA6401225A6102229A62BE
S214020E8008BD00BF0080E00FA4280020001002B8B2
S214020E900F4BDB68C3F30363013B0B2B0FD8DFE872
S214020EA003F006060C06060606080A0808080220CC
S214020EB07047042070470520704703207047054B93
S214020EC05B6913F0060F0CBF01200420704700BFB9
S214020ED0000002B800C001B8094AD368C3F303632E
S214020EE00B2B08D06FF49050184100F0010080F0F0
S214020EF0010040007047106C10F48030EDD170474E
S214020F00000002B80C4AD368C3F30363062B07D863
S214020F10042BD8B20BD8C31E584258414000704723
S214020F20072B06D1D2F844010028ECD170470220E4
S214020F3070470020704700BF000002B8094BDB680C
S214020F40C3F303639A1E012A8CBF00220122012BDF
S214020F5002701EBF4FF4026222FA03F303F001038B
S214020F600B707047000002B8F0B5CF072CD5002AE8
S214020F7014BFAA2555250E461E24154F01F003035D
S214020F8083F001033B449B7806F0070C17F80CC06D
S214020F90013C63444FEA5606F6D10E4E73436FF495
S214020FA081769B0C33448AB991FAA1F195FAA5F59C
S214020FB04A082D0F490042EAC57201F0020480F881
S214020FC02740C0E92A23F0BDAA25D4E7024AF6E75D
S214020FD0F49F030036FC1000B756351213B5019184
S214020FE047F6FE711A4BC3F83012D0F8AC4001EA4D
S214020FF04401184CC4F830120F2159660199C907EA
S21402100023D512BB012161664FF0FF31C3F80411EC
S214021010D0F8A8400F49C1F804414FF0F044C3F895
S214021020104190F82730DB062340C1F8103152B148
S2140210300422C06C0DEB020108F011FC4FF03A439B
S2140210400222C3F8F42002B010BD0221DBE700BF83
S214021050006001B8005001B813B590F82510044698
S214021060FFF7CCFA012001F043F84FF4F0620B4B85
S214021070DA644FF40072A3F58053DA6494F82530EC
S214021080023B012B08D80421054B01229B6E0DEB77
S2140210900100019300F04AFB02B010BD006000B8E8
S2140210A0004001B838B5184B05461C6844B1E368E1
S2140210B033B1206801F074FCA368186801F070FC74
S2140210C0124B134A1B6813602BB1DA681AB19B687D
S2140210D0186801F065FC0F4B1B682BB1DA681AB171
S2140210E09B68186801F05CFC0B4B1B682BB1DA6836
S2140210F01AB19B68186801F053FC21462846BDE8E1
S2140211003840002215F0AABF3CA0030038A0030016
S214021110342B002034A0030030A00300F8B5D0F82A
S214021120403104468B420D46164603D190F83C31B8
S214021130202B0ED0324629462046FFF715FF2023E5
S21402114084F83C310023C4F84051C4F84431FFF718
S2140211503DFD4FF00077074B32461F642946204676
S214021160FFF73CFF8022044B1A6103F500531F640D
S214021170F8BD00BF001002B8000002B810B5072480
S214021180144BDC6331B94FF48041A3F58053C3F8A6
S214021190041115E04421104B59631049096891F86F
S2140211A0251006291CBF40F04000986301230C4816
S2140211B04FF48041C363074B002AE8D0C0F80411FD
S2140211C04FF48042C3F80821C3F80C21C3F810215B
S2140211D010BD00BF006000B8004000B8A428002080
S2140211E0005000B82DE9F74F05460E46904601938B
S2140211F017F0A7FB074603F0BDFA95F825B0032EB5
S2140212000DD8DFE806F00211171D414BDFF82491D6
S214021210D3F800A085F82560BAF1000F12D1212478
S214021220204603B0BDE8F08F3A4BDFF80C91D3F8B6
S21402123000A0EFE7384BD3F800A0DFF80091E9E70B
S214021240364BF8E7D5F8E820524507D0504600F06E
S21402125089FC0022C5F8E8A0C5F8EC2041462846DD
S214021260FDF734FC044603F09BFAB34507D0D5F8E5
S214021270EC2028461268DAF8041015F0D6FE019B18
S214021280DFF8BCA0A3F16D0001F080F9B0F57F4F46
S2140212903FBF234B9B6B0133C018A0F57F40CAF8B3
S2140212A0D000484602F05EFECAF8D4002CB9414689
S2140212B02846FDF733FD044618B1384617F03CFBC6
S2140212C0AEE701224FF00209164B41461A64284641
S2140212D0C3F80890FEF71AFB044618B1124BC3F87F
S2140212E00890EAE731462846FFF788F928460C991F
S2140212F015F08FFB04460028DFD10C4907230C4A61
S214021300D1F8FC1005F5827002F0A2FED5E700BF08
S2140213103CA00300342B002034A0030030A00300BE
S21402132000C001B8001002B8002002B8004F00B09A
S214021330A43F00B0D0FB010050BD0100501C0700C6
S214021340003E00B0034BD3F8F80780F00070C0F3FD
S21402135040607047000002B810B590F82500FF28DC
S21402136014D0304BD3F8B82012F0060F01D0012863
S2140213700DD94FF470622C4BDA604FF48072A3F5ED
S2140213808053DA600022274BC3F8B42010BD02F067
S214021390020412F0040202D00B789B0637D4002C0B
S2140213A039D00B7803F00F03072B34D14B78022B7E
S2140213B031D98B7813F03E0F2DD0CC7814F0040F71
S2140213C029D014F0010F0CBF04230A23A40748BF38
S2140213D00633CB5CFBB1002A14BF0222012201288D
S2140213E040F6FF7003F01F0108BF4900013940EACA
S2140213F001310E4801654FF470600B491202C86055
S214021400A1F58051CA60074AC2F8B430BEE7002C84
S214021410C7D18B7823B90023044A13650122EAE771
S2140214200222DCE7003E00B0006000B8004000B8D0
S2140214300A68064B12F0802F1CBF42F20101C3F865
S2140214402812C3F88822C3F88C227047004001B8DD
S214021450F0B585B06C460E460B4B074615460FCBCD
S21402146084E80F00094BD3F84822009226B16B1E7F
S214021470DBB2FD2B88BF32602A462146384615F07D
S21402148005FE05B0F0BD00BFFC9F03000080E00F24
S21402149030B50823054685B080B9094AC2F8FC3340
S2140214A051B96C46074B0FCB84E80F00064B2A4611
S2140214B021461868FFF7CCFF05B030BD034AEDE7BA
S2140214C0001002B80CA00300A4280020002002B8D6
S2140214D04FF03A43D3F81421D2031ED54FF480328C
S2140214E00E49C1F81421A1F58051C1F818215A6D90
S2140214F0D1B2C2F30722C3F8A410C3F8A420042270
S214021500C3F8A4200022C3F8A420C3F8A420C3F87A
S214021510A420C3F8A420C3F8A4207047002000BA71
S214021520F0220B4B01219A64A022A3F580539A6401
S2140215304FF03A43C26CC3F8F410FC21C3F8CC1047
S214021540C3F8D0204FF40052C3F8F020704700BF13
S214021550006000B8F8B50D464FF03A441746064606
S21402156017F0EFF901230421074A6363E760266157
S2140215706561C2F81411054AC2F8843117F0DCF925
S2140215800DB102236363F8BD002000BA00E100E05B
S2140215902DE9F04105460124006800F007000630F8
S2140215A004FA00F3A868EC685E1EA04200F092807F
S2140215B000EA06076C6810441E430640D81B07EB79
S2140215C0040C8242644638D9D31AFA18A0B3431ED2
S2140215D0062B74D941EA0C039B0770D14B1CACEB6B
S2140215E00303022B6BD90B4620F0030E8E44ACEBA2
S2140215F001071C68DC5104339E45FAD120F0030330
S21402160010F0030F01EB030EA0EB03040CEB030731
S21402161000F0888011F80380012C0CF8038000F09B
S21402162081809EF80130022C7B7018BF9EF8023033
S214021630084418BFBB7001466C685AB3531E062B8B
S21402164001F101032FD9E01A02282CD941EA04003D
S214021650800728D1234622F0030CA444081F50F822
S214021660047F43F8047B6345F9D122F00303D01AC2
S214021670920701EB030C04EB03070BD0CA5C0128AC
S214021680E25407D09CF8013002287B7002D09CF806
S2140216900230BB7017F055F90223AE60AB62BDE8AC
S2140216A0F04117F049B90A4404F1FF3C00E0013367
S2140216B013F8011C93420CF8011FF8D1EAE70B4617
S2140216C00844ACEB0107D91913F8014B83420C709E
S2140216D0F9D1B0E7042A0DD90878043AA861487807
S2140216E00431A86111F8020CA86111F8010CA86176
S2140216F0A8685DE7013A032A12D8DFE802F00F1560
S21402170007020B4613F8012B1946AA610A4612F87D
S214021710013BAB61114611F8013BAB610B78AB6143
S214021720BDE8F081084486E70A46F3E738B50B467B
S214021730154601464FF03A4468B101221048C4F8F3
S214021740F4201A46FFF724FF25B14FF03A4304224D
S214021750C3F8F42038BD73B1D4F8D8209A4284BFB7
S2140217600122C4F8F4204FF03A42C2F8D4300223E1
S214021770C2F8F430E8E70123C4F8F430E4E700BF27
S214021780CC0000BA38B5044617F0DBF84FF03A4200
S2140217900121238F054651674BB3B3FA83F3C3F196
S2140217A01903DBB2A069C2F8B410C2F88C30072362
S2140217B0C2F89000C2F8B0304FF4A02302F50052EF
S2140217C0C2F81431A2F58052C2F8183100220C4B2E
S2140217D01A600C4B1B6C5B0209D54FF480020A4B55
S2140217E01A64D4F89C1094F8250001F025FA002318
S2140217F0638707232846A387BDE8384017F09CB8BE
S214021800382B0020000002B8002002B82DE9F84369
S21402181005460C46B1B1D0F81880078F17F091F83C
S214021820B5F83AC0791E01EA0C0323F00702032C2E
S2140218300646DFF8F8E042445ED1DEF8004024B9FE
S21402184017F07AF80E20BDE8F88324F00104DEF8DB
S214021850000020F00100A04253D10023CEF8003051
S214021860238894426FEA43436FEA534323803ED170
S214021870AB8F08EB07091846083880B202F1080455
S2140218804C4528BF4446082804D9B4F800E0BEF503
S214021890804F40D263440F431B1A3B409BB26B8778
S2140218A0A887947811884FF03A42C1F30C019165EB
S2140218B0C2F89830C2F8B0004FF48022174B04F0FA
S2140218C00704C3F814210122154BC3F88421FFF73D
S2140218D0FFFD042C0BD14FF48002124B1B6C124BF3
S2140218E01A64D5F89C1095F8250001F0A5F9304643
S2140218F017F022F80020A6E7601E012898BF1446BB
S214021900A5E7A88F4344E31A48BFDB190838984274
S214021910A6DC304694E72246AEE700BF002000BAB7
S21402192000E100E0000002B8002002B8382B0020D8
S214021930154B10B519688A8F4B8F088F13440138E0
S214021940073B8C69034023F007031C4402F108039B
S2140219504FF03A429BB28B87C2F8B0304FF48022E7
S2140219600A4BC3F814210122094BC3F88421A0783C
S21402197000F00700042803D1064AD3681B03FCD4F0
S214021980054B1C6010BD00BFA4280020002000BA32
S21402199000E100E0000002B8382B002010B5064C2B
S2140219A0216839B1CB0703D4044B1868FFF72EFF22
S2140219B00023236010BD00BF382B0020A42800207F
S2140219C04FF480320C4B0D49C3F818214FF03A43BE
S2140219D0C1F81421D3F8AC10D3F88C20012302F0FE
S2140219E0070206329340C1F30C01083B994201D824
S2140219F0FFF76EBD704700BF002000BA001000BAA5
S214021A002DE9F04780460C4616468769058F16F084
S214021A1098FFB8F83A2005F1FF3C02EA0C0323F0DF
S214021A200701032C82463944B8F83C0019D14A4CC7
S214021A3024689CB90244073A02EA0C0222F0070222
S214021A40BC183B44E31A48BF5B19834210DB50467E
S214021A5016F072FF00242046BDE8F08724F0010449
S214021A60EFE7012C02D0022CEBD108380C46E8E74F
S214021A70002E3FD08C4241D14FF03A42D2F85890D5
S214021A804FF03A41D1F8AC20B8F81270C2F30C020B
S214021A90934247DA2588B5F5804FD8D2A378C5F3A6
S214021AA00C0503F007037A1EA5EB09053A43052B3E
S214021AB0337005EA02052DD82DB2E84340F24542BE
S214021AC00421C00FFDF7C8F97580E3783374D8F89F
S214021AD01C207B1E03EA0903D118B160A9B213FACF
S214021AE085F5AF422FBF0023FF1AB780F26024BFEE
S214021AF0B180F360504616F01FFFACE7A4F108026F
S214021B00974284BFED0802EBC502B2F80090C9F313
S214021B100C09B5E7114B5B6D003B18BF0123A5EB23
S214021B20C305C9E74B6D7A1EA3EB09033A431A4075
S214021B300B4915B2002DCB680BDCC3F30363D81E2A
S214021B4043424341DB0033708B6C72801B0A337452
S214021B50BDE70823F7E700BF382B0020004000B897
S214021B60000002B8054BA822D3F84C013121431CD1
S214021B700CBF0120C0F38070FDF76EB90080E00F45
S214021B80014B588000207047DC32002038B5124DD9
S214021B900446297819B92022104807F058FE002179
S214021BA023780F4A022B13700E4A0F4BC2F8CC1042
S214021BB04FF0FF010D4A4FF0000011704FF0070181
S214021BC00B4AC2F8FC130CBF04220122C3F8FC2302
S214021BD001232B7038BD00BF332E0020E03F00B03B
S214021BE0DC320020004001B8001002B804330020A6
S214021BF0002002B810B5044600F0E4FD064BD3F808
S214021C00F83724B983F40033C3F3404010BDA31E53
S214021C1058425841FAE700BF000002B84FF63F723A
S214021C200A4BD3F8FC37934206D0094AC3F3011392
S214021C301370E022074B1A7041F66A02064B1B68C5
S214021C40B3FBF2F3054A1360704700BF000002B808
S214021C500533002006330020582B00203C2B0020A2
S214021C6020B1022804D1034B18787047024BFBE7D9
S214021C70002070470533002006330020014B186809
S214021C80704700BF402B00202DE9F74FD0F8B02058
S214021C904C21022A38BF0222064690F830B16B4821
S214021CA0013A036AD0F8CC506948C3F38213D9408C
S214021CB00368DFF8C0A19342DFF8BC91654BDFF8FA
S214021CC0BC8101F0010116D11C788C4213D19AF81E
S214021CD000405C450FD1D6F8B44064B1AC420AD19C
S214021CE096F8295099F80040A54204D1B8F80400A5
S214021CF003B0BDE8F08F98F80040026020461970E5
S214021D00FFF7AEFF002900F0888004234FF07F40E3
S214021D1000255149C1F8B830504BC3F8B80096F8C0
S214021D2029301B06C1F8B8304FF080514A4B2C04BC
S214021D30C3F8B41040F27121494B1B68B3FBF1F3B0
S214021D4019215343182BB3FBF1F173D8002C7BD027
S214021D50B4FA84F2C2F12002C2F10F03012B38BF9B
S214021D600123D440A14201D2013B64086A1C03F05D
S214021D701F0152008A403B4F121B9208C7F8B02040
S214021D801A0242EA03121343019305EB052305EBFD
S214021D900325354B40F6C20218682B21003818BFBF
S214021DA00120FDF759F8FA222F4B02FB04F01B68BC
S214021DB040F6FF72B0FBF3F00A2358432B4B00F5B4
S214021DC07A74C3F8C420019AA3F58053C3F8C420DA
S214021DD0A3F58053C3F8CC50D3F8CC3000F58C5022
S214021DE0C7F8FC30C6F8B450214D14302C6002F00F
S214021DF0B9F84FF47A72C7F8A400C7F8F8002B684F
S214021E00B4FBF2F0B3FBF2F3A8F8043096F82930EC
S214021E108AF800B089F800306AE7002C14BF102553
S214021E20202596F82930834294BFED182D1805F028
S214021E30FF0579E7B1FA81F234B1B4FA84F3D21A23
S214021E40002A89DC0F238DE70F238FE7004001B8B5
S214021E509C320020342E0020001002B8002002B867
S214021E60582B0020003F00B03C2B0020006001B839
S214021E70402B00200333002002330020DC320020F7
S214021E8010B5114B01461B78104C0C2B02D1FF20CB
S214021E90207010BD184615F061F902461846FFF785
S214021EA0DFFE884228BF0846C0B2904238BF1046BE
S214021EB02378C0B28342ECD0054B20701868FFF737
S214021EC0E3FE2078E5E700BFDC3200200433002082
S214021ED0A428002010B50446FCF7FCFC78B1154B8C
S214021EE01B786BB964B1144B1B784BB1134B1B7840
S214021EF0013B012B04D84FF40042114BDA6410BDAB
S214021F00104BDB6C1B04FAD416F01BFD044603F0E0
S214021F1033FC4FF400420C4B2046BDE81040DA6416
S214021F2002220A4BC3F87C240422054B1A6416F0DC
S214021F3003BD00BF352E0020362E0020442B002085
S214021F40002002B8000002B8001002B800D0035009
S214021F504FF48022014B9A64704700BF005000B8CD
S214021F60F7B50646544C00F02DFC01213A20E2F764
S214021F7027F9524B2578524F1E7085BB2846FFF72D
S214021F80A9FF2378013B012B19D8E37B01A88DF822
S214021F900430237C8DF8053004F034FDC7F87C54F9
S214021FA04FF6FF72474BC3F88420F822A3F58053FE
S214021FB0C3F884200022424BC3F87C240DE04FF67F
S214021FC0FF72404BC7F87C54C3F88420F822A3F56E
S214021FD08053C3F88420C7F87C543B4B5BE0002058
S214021FE0FFF778FF2378013B012B08D8E37B01A893
S214021FF08DF80430237C8DF8053004F003FD0023B1
S214022000C7F87C34002ECBD062685AB32F4B1B68BD
S21402201003EB5203B3FBF2F3013B1B0243F0F8035C
S21402202026782849022E2A4A1ED0032E4FF6FF751E
S214022030234826D0012E38D143F00203C1F884503B
S214022040C2F884300723C0F87C34E37B01A88DF8FD
S2140220500430237C8DF8053004F0C2FC0120FFF723
S21402206039FF17E0F823DBE74FF6FF7043F0010372
S214022070C1F88400C2F884300622114BC3F87C24CF
S214022080E3E743F00503C1F88450C2F88430042322
S214022090C0F87C340F4B4FF080420020DA644FF4D5
S2140220A080220B4B9A6403B0F0BDC1F88450C2F88C
S2140220B084300023ECE700BF442B0020362E00209D
S2140220C000C00350006000B8002002B8582B002061
S2140220D0005000B8001002B8034BDB6C002BBCBFEC
S2140220E0024BC3F888007047000002B8004000B8F0
S2140220F04FF0006338B1064AD364064B4FF4003201
S214022100C3F884207047044AD364044BF6E700BF42
S214022110001002B8005000B8002002B8006000B8F4
S2140221202DE9F04700F0A8FB4FF47A762D4BB0FB72
S214022130F6F618604FF4FA73734307462A48190EE8
S2140221401B021818294A4FF0000341F10001E5F777
S2140221504DFF274BA0F5807205461A6320B94A2226
S2140221602B21FCF779FE01254FF47A724FF0000A14
S2140221706A43534650083102E5F738FF1C4B1D4AA6
S214022180B7F57A7F9A601C4B4FEA056819601B4BBD
S2140221908946044618604FEA152505D29D222B2152
S2140221A05046FCF759FE01264FF47A73A8FB03014A
S2140221B003FB05117308C01841F1000100233246E3
S2140221C0E5F714FF0E4B023419600E4B49F1000975
S2140221D0A408186044EA8974054B013C9C63BDE878
S2140221E0F08700BF582B002020A1070040420F00B6
S2140221F000C001B802110100682B0020642B0020E9
S214022200602B00205C2B00201022044BC3F8842194
S2140222105A600122024BDA60704700BF00E100E01C
S21402222000C001B81022064BC3F88421C3F88420EC
S214022230BFF34F8FBFF36F8F0422024BDA607047F3
S21402224000E100E000C001B810B50446A242A2EBCD
S2140222500000A3EB010104D2034B01399B6B01334F
S214022260184401F0030110BD00C001B838B50125BD
S2140222700A4B02019D504FF480730446084A83407D
S214022280536616F05EFB074AA540137823EA050359
S2140222901370BDE8384016F04FBB00BF00E101B82E
S2140222A000E001B8402E00202DE9F84F16460546FC
S2140222B08A461F4616F045FB022E00F091808046A5
S2140222C016F048FB604B614AD3F8209092F88D4096
S2140222D05A6EE4B2520744BFD3F82090013404F099
S2140222E0030416F032FB4846214600F03DF98446C8
S2140222F0DAF80000012E04BF01306044ACEB000C9B
S21402230008BFCAF80000BCF1804F7DD300F03EF94A
S2140223108145A1EB040188BF4B4BDFF854C188BF4F
S21402232001F1FF3101F0030188BF9B6BA0EB090EA0
S2140223300CF80510A1B1F90742BF41F61F72444BD3
S2140223405A67BA0742BF424B424A5A677B0742BFA6
S21402235000223D4B9A673C0742BF00223A4B9A65E1
S21402236011244FF0010A384B05F11002120103EB5B
S214022370051BCBF80C0138499C501A6A0AFA05F478
S214022380586E0B78A2EB0902E4B2234372450B7037
S21402239025D34FF48073AB40034220D11CF80520AE
S2140223A0002A4CD10EB32D4AF807536607D541F6DC
S2140223B01F7140F20110264B596750675967B907DB
S2140223C006D5234B234A254925485A6748675A6744
S2140223D07A0742BF0122234B1A613B071AD44046B2
S2140223E016F0AAFA0120BDE8F88F1F4A2D0142F81E
S2140223F005A042F89C3C16F0A4FA17490B7823EA8B
S21402240004030B7016F098FA404616F095FA002070
S214022410BDE8F88F2120FFF75FFE4FF480310A4AAD
S214022420124BD1601A78002AD9D000222D201A70B9
S214022430FFF752FE1022094B40465A66D0E7074A7B
S21402244040465366CCE700BF00C001B8003E00B06D
S21402245000E001B800001F1F402E002000D001B887
S21402246000000101000002B800E101B8372E00208A
S214022470382E0020024B1878003818BF012070470B
S214022480402E0020034B10300001185800F00100C7
S214022490704700BF00C001B870B50646FEF73AF8AE
S2140224A0044608B1FFF7BEFE00230A4D3046AB6174
S2140224B0EB612B6200F06AF8074BC9B283F88D1005
S2140224C028622CB1FFF7A0FE4FF08062034B1A641D
S2140224D0002070BD00C001B8003E00B0002002B867
S2140224E010B504462120FFF7F7FD1CB14FF48032E9
S2140224F0064BDA60064B1A783AB100222D201A7083
S214022500FFF7EAFD1022034B5A6610BD00C001B861
S214022510372E002000D001B838B516F01BFA084B4B
S214022520084A1D6A92F88D405A6EE4B2520744BFBA
S2140225301D6A013416F009FA284604F0030138BD74
S21402254000C001B8003E00B00346064A103302EB54
S21402255000111B01D1F80C01D158C1F3400114F04F
S21402256024BE00BF00C001B8064B1B68434303EB02
S2140225708171054B1B68A3FB003013F1004341EB4E
S21402258000007047602B00205C2B00200C4A20F0D5
S2140225904043014610B5002014684FF00042E4FBA9
S2140225A00320084A890F126802FB0300064B9B6B46
S2140225B0984204D901330131C01A01F0030110BD5B
S2140225C0642B0020682B002000C001B8044B01F0E9
S2140225D0F071103041F0030100011950704700BF3E
S2140225E000C001B808B52220FFF776FD4FF480221E
S2140225F0014BDA6008BD00BF00C001B870B51646D0
S214022600054600B3F9B1F2B14268104B00680332D6
S2140226101B68920800F130409847044688B9EA6879
S214022620A86803323146920800F1304014F0DDFD0E
S214022630044630B9286921466A6900F1304007F03D
S21402264006F9204670BD2124FBE700BFA432002015
S21402265070B50C68651C15D0C4F302669E42C4F3BE
S214022660074530D1A4B294422DD804EB8506B24277
S21402267029D2141BA50824F003040E59340F04D0E3
S214022680012C08D00022212402E06B1C51F82320E2
S214022690C0E9002470BD0E4C34F8133042EA0343FE
S2140226A01A686B1C51F8234001EB83014B682240E9
S2140226B05E4036F0704404D11B0F032B04BF8B68B8
S2140226C01A430024E4E7013501EB8501C1E700BFA8
S2140226D024A0030007B501A8E2F77AFC9DF80530AE
S2140226E0022B02BF40220B4BC3F8FC23C8220A4B24
S2140226F05A650A4B0A4AD3F86032DBB2FF2B08BF90
S21402270003239B0043F47F53C2F8F83303B05DF80B
S21402271004FB00BF001002B8008001B80080E00F82
S214022720000002B80022012108B51E4B1A645A6442
S2140227309A641D4A516102219162DA68C2F3036209
S2140227400D2A01D0002AF8D1112218499A63184896
S214022750184AFFF753FF01F07BFD174A93685BB9EF
S214022760164A93689BB94FF080620F4B5A6101225A
S21402277003F580535A6108BD1149D268096803F10E
S2140227803043032AECD943F8041B043AF9E70C4910
S214022790D268096803F13043032AE4D943F8041BDC
S2140227A0043AF9E7000002B8001002B8A4A0030039
S2140227B088A00300A0A0030070A0030058A0030096
S2140227C0B8320020012341F6FF710D4AC2F880326A
S2140227D091660C4A53600C4A53600C4A5360A2F549
S2140227E080425360A2F54042536002F5C032536005
S2140227F002F580425360A2F500425360704700BF64
S2140228000090005000D000B8001000BA005001B886
S21402281010B50324FFF7D6FF114A124BDA64FFF70E
S21402282059FF114BC3F8E04000F0DAF901F054FB0F
S2140228304FF460720D4B5A614FF40072DA6414F072
S2140228403DFC0021FEF724FE8022094B1C64A3F502
S21402285080535C64074BC3F884215A6010BD00BFE6
S2140228600048F000000002B8005001B8001002B89C
S21402287000A002B800E100E008B514F0F3FE044B35
S2140228801B6FC3F300430133B0FBF3F008BD00BF78
S214022890008000502DE9F04F044687B0029089462A
S2140228A059F8043B5A1C06D12360029BE01A80109A
S2140228B007B0BDE8F08F3748C3F301615FEA137BC8
S2140228C030F8110008BFC3F307429BB218BF0122BB
S2140228D043EA004014F092FC4FEAC20A05460AF1A7
S2140228E004032D48234483421BD807230127C846E6
S2140228F0CB4003F0010301939300049307FA0BF70E
S21402290005EB8203039307F0940304F1080605938C
S214022910039B08F10408AB4208D104995444494485
S214022920BDE71E4B9C42E0D80020C1E7059B53B989
S21402293017F0420F19D117F0280F0BD146F8085C92
S21402294058F8042C21E040F6B70232210020FCF7AA
S21402295083FAF3E740F6BB0232210198FCF77CFAD1
S21402296005F5805246F8082CEAE74FF40C6232214D
S2140229700198FCF771FA05F50052BBF1010F46F813
S214022980082CDDD158F8042CD24346F8042C043522
S2140229900836BDE71CA00300DF4F00B0E04F00B0D2
S2140229A0F8B50646E0B10024144B25461F461449E6
S2140229B053F8042BAAB91348314600EB8500FFF7FB
S2140229C069FF30B940F66C223621BDE8F840FCF7C4
S2140229D043BA0D4B0135281847F8246023F8140033
S2140229E0F8BDB242FCD001340C2C02D031F814509F
S2140229F0DEE740F6862236210020E6E76C2B002032
S214022A00A22C0020404000B0A42C002070B5044642
S214022A1098B1B1B13A4A52F8043B834213D100232B
S214022A20384A116CC907FCD4374800EB830014F00F
S214022A30E5FB364B106001221A6470BD01330C2B85
S214022A4002D1334D2CE0012352F8041BA142F5D1EA
S214022A50304A32F81330E3E7C2F3016335F8130065
S214022A60110C93B211F0FE0F43EA0043606820D0C7
S214022A700434CAB2022A216808D96668A068033AF2
S214022A80C3E9001698600C340C33F3E704D162688D
S214022A90C3E90012083403E0012A01D104341960A4
S214022AA02268531CD8D10022164B1A6003F58053B5
S214022AB0C1E7120F072AEDD8DFE802F00704090D76
S214022AC01013181DC04303F500531860E2E71A6896
S214022AD042401A60DEE703F58053F6E714F05AFB2D
S214022AE0D8E7012203F580538240F2E7012203F57C
S214022AF000538240EDE71A6830EA0202FBD1C9E7CA
S214022B006C2B002000C002B8404000B000D002B8D3
S214022B1024A00300A22C0020064BDB68C3F3036349
S214022B20984206D1044A536E23F0F00343EA011199
S214022B3051667047000002B8003F00B02DE9F74327
S214022B40064614F020FB00248046DFF8909015F02D
S214022B50F8FE0DF1070105460DF10600FEF7EEF947
S214022B609DF806308BB9721C29D014F00CFBA0EB32
S214022B700804284615F0E0FE9DF8063013B99DF8C5
S214022B8007303BB3A642E2D824E0D9F80C3013F45F
S214022B90603FE8D0D9F8180014F083FB731C074690
S214022BA003D014F0F0FAA0EB0804284615F0C4FE91
S214022BB017F5007FE0D0384603B0BDE8F08328461C
S214022BC015F0BAFE9DF80630002BC0D19DF80730EE
S214022BD0002BBCD1004FEEE700FEFFFF00C000B89E
S214022BE00122014BDA647047001002B80122014B41
S214022BF0DA647047002002B84022014BDA6470475C
S214022C00002002B84022014BDA647047001002B876
S214022C100122024B98611A61704700BF000001B89A
S214022C20044BD3F8AC3010B1C3F30332027003F096
S214022C300F007047000002B8094B01F080011B6CC0
S214022C4003F480030B430AD14FF40012054BFF280E
S214022C501A621EBF0122A3F58053C3F800217047F3
S214022C60000002B8006001B8124B197809BB124A7C
S214022C70106A5860D2F88800D860526E1A610F4AFD
S214022C80D0689861D06BD861D2F804011862D2F885
S214022C9008015862106B9862506BD862926B1A6386
S214022CA001221A70064B074AD3F8C40E1060C3F806
S214022CB0C41E7047A02B0020004001B8004000B898
S214022CC0003000B09C2B0020164B1A784AB3596885
S214022CD0154A1162D968C2F888101969516699694D
S214022CE0A2F58032D160D969D163196AC2F804119B
S214022CF0596AC2F80811996A1163D96A5163196B45
S214022D009163012102F5005291641021A2F58052CE
S214022D10C2F8841000221A70044B1A68044BC3F8D7
S214022D20C42E7047A02B0020004001B89C2B002028
S214022D30003000B0194A38B5136A03F4E071C029AE
S214022D4021D003F0C003802B23D1154B154A012551
S214022D505A66302203F580535A660522A3F590334D
S214022D60DA6003F580539D6415F0EBFD04460E4BC6
S214022D7029461D610D4B00205B6898472046BDE83A
S214022D80384015F0D9BD23F4E07343F08003136294
S214022D90DBE70023C2F88830D7E700BF004001B85F
S214022DA0005001B80F00FFFF000002B88C3200206E
S214022DB0012838B501D0042831D11E4BD3F804219E
S214022DC022F48042C3F80421D3F8082122F4804278
S214022DD0C3F808210122DA6324221A634FF48072B0
S214022DE05A634FF49C729A63102203F50053C3F899
S214022DF08420052201250F4BDA6003F580539D647B
S214022E0015F09FFD04460C4B29461D610B4B002016
S214022E105B6898472046BDE8384015F08DBD3F22D6
S214022E20074B06285A660CBF064A074AA3F5805384
S214022E305A66DEE7004000B8000002B88C32002076
S214022E40006001B83800FFFF1200FFFF10B515F052
S214022E5078FD084B04461B683BB1984728B1002210
S214022E6000204FF4806101F04DFA2046BDE8104084
S214022E7015F062BDD42B00204FF604014FF6050272
S214022E80044B01201B6C9BB28B4208BF1346024ABE
S214022E90136670470080E00F00C001B8074BD3F8F6
S214022EA0483203F00303012B03D0022B03D0002089
S214022EB0704715F03BBD14F019BC00BF00800050EF
S214022EC02DE9F74F81460F464FF0FF35FFF724FBFB
S214022ED0002601908A462C463046DFF8D8B006F126
S214022EE010031B015BF8033003F00308B8F1010F6F
S214022EF015D13046FFF728FB02460B46019851468D
S214022F00FFF7A2F9DBF8643006F10802D340DB07CC
S214022F1039D5002F40D000252C463E60404601366B
S214022F20082EDCD160B3234A0027D2F808C0916B82
S214022F300CF440330131A4FB0141641941F1000154
S214022F40B3F5003F30D1536B0CF4405C013347F1CC
S214022F500006BCF5805F22D1156B15F5807505FB62
S214022F6006F647F1000203FB0266A5FB0332324473
S214022F70594304FB0212A3FB04341444C9E9003487
S214022F8003B0BDE8F08FA84271EB0403C6D207B1C6
S214022F903E6005460C46C1E73D463C46BEE7320269
S214022FA042EA13621B02E3E7136B13F5807347F1E1
S214022FB00002DDE700C001B8F8B5062014F006F9F5
S214022FC0044614F0E0F842F21073041B9C420546D5
S214022FD018D94FF080624F240B4B1A6441F26F7778
S214022FE00A4E0BE014F0CFF8401BB8424FF483723F
S214022FF021468CBF00200120FBF72EFF336C5B01BD
S214023000F0D5F8BD1A24E9E7002002B8000002B89D
S21402301008B514F05FF90122054B93F889300233A4
S2140230205B00DBB202FA03F3024A536108BD00BF3B
S214023030003E00B0002000B8FF2870B505D1FF2979
S21402304031D0072001292CD804E0FF2927D10B28EC
S21402305027D801214C4B83F8880083F889104B4B04
S2140230605B689D05C3F340223BD44FF038435A6059
S214023070474A506E440205D5464B5B6803F003038D
S214023080022B13D110F4001076D140F237121B2116
S214023090FBF7E2FE01223E4BC3F8482209E00B286A
S2140230A0D0D9212067E001210720D3E70223C2F806
S2140230B048320122384B9A604FF038435A60DA6041
S2140230C0996A0807FCD11969C907F8D540F2FF3298
S2140230D0324B9A615A614FF400722C4BC3F884212A
S2140230E05A60294C01213B20E1F76AF894F88930AE
S2140230F094F888202A4943F44023063243F41063A6
S21402310041F82230274B1D68FFF7C8FE6E08ED0710
S2140231100246002328463146E4F768FF090241EAE0
S2140231201061C0F3C05040EA41001F4BA067186B05
S21402313010F5807005D14FF4D6722B21FBF78CFE6A
S21402314002200246002300200121E4F74FFFE06739
S214023150FFF7A4FE40F649435843000DFF2828BF58
S214023160FF20022838BF0220002184F88C000120AC
S21402317000F0C6FE002070BD0C4B586800F003003D
S214023180023818BF012080E7003E00B000E100E0F0
S2140231900080005000000250001000B8002000B866
S2140231A000800350582B002000C001B80040025097
S2140231B02DE9F34105460F4668461146FFF780FEA5
S2140231C00646B0B1AFB1DDE900321B0A43EA02633C
S2140231D0A5FB0384094B120A05FB02441A6812B9BE
S2140231E0FFF74AFB0246002340462146E4F7FEFE6E
S2140231F03860304602B0BDE8F08100BF582B002090
S21402320070B5FFF7D9FE0021022000F079FE13F018
S214023210BAFF04460F4D104ED5F8F4331B070BD5F4
S21402322015F08FFBBDE8704002220C4BDA600122DB
S2140232300B4B1A7015F080BB13F0A5FF001BB042B3
S2140232404FF405724FF045018CBF00200120FBF7BA
S21402325003FEE1E7000002B83F420F0000C001B8DB
S214023260412E0020244938B50B78002B42D001228B
S214023270224C234894F8893002335B0002FA03F5A5
S214023280DBB29A40856142614FF400721D4BC3F86F
S214023290842100230B701C4B40F2C322186C392188
S2140232A0C0F38060FBF7D8FD4FF48041174B184AF5
S2140232B0C3F894100C2194F889304B4303F1384339
S2140232C05B6BD4F88010994202BFD2F86C31C4F816
S2140232D08430D2F86431D4F8840008BFA4F88E3063
S2140232E0B4F88E1000F0DCF8BDE838400121022068
S2140232F000F006BE38BD00BF412E0020003E00B0E2
S214023300002000B800E100E0000002B800E001B8CA
S21402331000C001B810B50446FFF7C0FD6043044B79
S21402332000F5F42000F59070B0FBF3F010BD00BF7E
S21402333040420F002DE9F74FFFF7ECFF0446FFF778
S2140233403BFE15F0FEFA0021DFF848810546684686
S21402335088F80010FFF7B4FD4FF038431E6A03F5F5
S2140233600033DB68074613F0706F1BD1444B5B6972
S21402337013F0060A16D1D8B1424B611D1868A1FB9C
S21402338000B9FFF78BFD5346024649465846E4F716
S2140233902DFE009B090241EA106100029842019B41
S2140233A0994105D3284603B0BDE8F04F15F0C4BADC
S2140233B00021022000F0A4FD13F0E5FE8146DFF8AE
S2140233C0D8B0DFF8D8A0DBF8F4331B0742D5002FBD
S2140233D04FD0DDE90079FFF761FD390A41EA09615C
S2140233E04FEA1923A0FB019700FB0377254B1A68C7
S2140233F012B9FFF741FA0246002339464846E4F777
S214023400F5FD4FF00C0E844601211F4B013493F854
S2140234108920361B931C0EFB02F25B00DFB21B48B0
S214023420664402F1384201FA07F747615663184EBE
S21402343001FA03F3B3614FF03846366A526BA4EBD7
S2140234400C04B21AA24214D283614761022000F031
S21402345057FDA7E713F097FEA0EB0900504540F290
S2140234606A224FF045018CBF00200120FBF7F4FCD6
S214023470A9E70222024BDA60012388F8003091E7BE
S21402348000C001B8582B0020003E00B0002000B853
S214023490001000B8412E0020000002B83F420F0084
S2140234A02DE9F04F4FF00C0A0027B64A054692F86F
S2140234B0894088460AFB04F303F138431F6392F8F7
S2140234C08820B14B87B0C3F8B4204FF40032AF4B1C
S2140234D046461A610222A3F58053DA604FF038435B
S2140234E0AB4A1B6A92F82413AB46C9B2059192F80E
S2140234F029130134C9B20491012104F0010482F8AF
S214023500247382F82973A21C0AFB04F4500001FA01
S21402351000F003F1FF390290019004F13844A3EB66
S2140235200903002B40F3FD800137022F63D9EC22FA
S2140235300D210020FBF790FC4FF080539549944AEA
S2140235404B66059B944C03F0F00382F82433049BED
S21402355003F0F00382F829338A4A4FF40033C4F8A2
S2140235606CB1C2E9209BC4F86461A2F88E600026A2
S2140235700B61854BC3F8B4600C2392F889205A433A
S21402358002F13842166315F0DCF9334632464FF440
S214023590807E276AD4F864C003F1100109016158DD
S2140235A001F00301012910D10EFA03F111EA0C0F02
S2140235B00BD104EB0316BD42D6F80C6100F2DC8098
S2140235C0B54202D2B74280F0DA800133082BE3D14B
S2140235D0724D2C68012C40F2E7803AB16949B1F885
S2140235E08A301343A1F88A30684B5A6607B0BDE8A2
S2140235F0F04F15F0A1B94FF0000B624E96F88930E5
S2140236000AFB03F303F13843C3F830B015F099F917
S2140236104FF080515F4B039059664FF0384396F84F
S21402362089201B6A00920AFB02F203F1010902F1E9
S2140236303842C2F83490554A02331167C4F830B0A3
S214023640029A6363564B54485A61019AA3F5805313
S2140236509A61016B8368DB0340F18B80D6F8803079
S214023660B26FA9EB0303A3FB022CF36F01F5807183
S214023670ACFB0360A2FB03E39B19A1FB03E640F14C
S214023680000001FB0066B2EB0E026CEB0606120AA5
S21402369042EA06624244B2EB112F4FEA112603D3E6
S2140236A0013340F10000921B043E964228BF1646A4
S2140236B03949344A8E6192F88D20D1F820C0EB1831
S2140236C0D2B2896B40F10000654584BF02F1FF3239
S2140236D0D2B2B1F1FF3F0ED04FF0000E01F1010C55
S2140236E099427EEB000B08D20132B3EB0C03D2B246
S2140236F060F10000F4E70244D2B29B462149264B11
S21402370002F0030281F88D20C3F820B00222009B4B
S21402371003980AFB03F303F138431A63226315F096
S2140237200BF94FF038431B6A009315F00AF91D494E
S2140237300A6922F004020A61BFF34F8FBFF36F8F4C
S21402374030BF4FF08051019B154A936102F5E0327B
S21402375011670022102122630D4AC2F8841115F067
S214023760EBF80D4A009B526E12F0805F3FF4D7AE24
S214023770E2E64646AB46C9E7B542BFF423AF11437D
S2140237808AB222E7003E00B00080035000D001B8A3
S21402379000E100E000E001B800C001B8002B002004
S2140237A0002000B800ED00E011490B78142B01BF91
S2140237B00023104E0B7033700B7801330B70002A07
S2140237C03FF414AF0C4EB6F88A301343A6F88A308C
S2140237D00A4B5A66074A13780133DBB2022B137080
S2140237E07FF404AF002301342C600B701370FDE6E7
S2140237F0432E0020422E0020003E00B000D001B82A
S2140238004FF00052014B1A60704700BF00E100E023
S2140238104FF00052034BC3F88020BFF34F8FBFF325
S2140238206F8F704700E100E037B50446FEF7CAFF27
S21402383001213A20E0F7C4FCE17822791B4841EAEC
S2140238400243C0F8DC34E579A37943EA0543C0F8BD
S214023850E03423784BB18DF8041004218DF805204E
S2140238600DEB0100002203F0A7F863785BB1042198
S214023870A37900228DF80430E3790DEB01008DF870
S214023880053003F099F8227801235AB1084AC2F8A3
S214023890D834627802233AB1054A0020C2F8D834F6
S2140238A003B030BD034AF2E7024AF6E700C003500F
S2140238B000D0035000E00350F8B50B46002213F880
S2140238C0044B944225D91D68854224D106245A7990
S2140238D01D79124B88181E6804FB0503104F33F837
S2140238E0063C7B43B3420ED900238A5A7A43964259
S2140238F002D804FB0300F8BD9D42FAD9013304FB4B
S21402390003F2825AF2E740F247423D210020FBF7DB
S214023910A3FA0020EFE708330132D2E7D82B0020C3
S21402392040420F0000202DE9F84FA2FB018BC74E44
S214023930C74F18EB060699466BF10003B74270EBC9
S214023940030307D240F23E220E21FBF785FA02203D
S214023950BDE8F88FD9F814A00C461546BAF1000F48
S21402396004D0DAF80030032B00F21B81B94BBA4AB6
S2140239709F6BA3F58043D3F8EC30C7F314075E00C1
S214023980B64B48BF47F400171B6ED2F8FCA0580788
S2140239904EBF4FF440039B0503F0E0731F43B04B4A
S2140239A0D3F8E430990748BF47F0807747EA45677F
S2140239B013F092FE012D0646C9D10028C7D0A94BA6
S2140239C0984200F0FD8003F5122303F5F86398424F
S2140239D000F05A81A44B984200F0A78100250246C7
S2140239E02B4600204FF00071E4F700FB2B46013017
S2140239F008FB03F3C7F3130100FB0B33A1FB0662BC
S214023A00A8FB008001FB0522034420339B09C9F86A
S214023A100030F60C954B46EA4236FA021C6058BF56
S214023A207642934B934D34441E602C60BAF1000FDD
S214023A3000F00881FB014FF000038F49C7F3815263
S214023A408A5C194648BF6408002EB8BF76429206C2
S214023A506008C2FB06012246E4F7C8FADAF800104C
S214023A600E2908D97D4B7B4A926BDE69D3F80C315E
S214023A70F60600F12881C0F3130017F40017C9F800
S214023A80040014BFC42040F207107C4ADAF818601B
S214023A90A2FB04C24FEA521200FB02F24FF4FA7380
S214023AA0B2FBF6F218BF002702FB03F3A4FB00C02A
S214023AB0FA33A3FB063604FB07006345864138BF8C
S214023AC00132D2B242F4006CC9F808C0002A00F0F3
S214023AD0BB80DAF81C70A2FB070624B1B4FA84F3A2
S214023AE00E2B40F3D880E303002E40F0D180B3FBC8
S214023AF0F0F6700000FB0220A0FB07834FEA044E9C
S214023B00C6454FEA144474EB030309D3520010442B
S214023B10A7FB0083C64574EB030306F10106F6D243
S214023B20C6F30E034CEA033C4CF000630629C9F8C0
S214023B30083049D9DAF83030002B45D00023C9F8CE
S214023B400C30C9F8103013F0C7FDDAF83010FFF762
S214023B50B3FE044618B18378002B40F0CC8013F0F5
S214023B607BFDDAF83010FFF7A7FE0446002869D07E
S214023B708378002B66D0407940F27352003818BF23
S214023B8001203D21FBF768F9207940F27452003893
S214023B904FF03D0118BF0120FBF75EF923796279E9
S214023BA04BE0042BDAF828707FF402AFFB014CBF1F
S214023BB04FF4400307F0E07327F0E0771F43F7E681
S214023BC000232F481D4613E713F086FD2C68002CB1
S214023BD000F0AF80B4FA84F3D3F1020358BFDC409E
S214023BE0284B9C4288BF6408002875D0B4FBF0F3CB
S214023BF0642100FB134201FB02F2904203F1FF3202
S214023C0000F2A6805D085308013D1B0243EA051533
S214023C10C9F80C5013F026FD002800F09080B4FB83
S214023C20F0F2642100FB124401FB04F4A04200F20D
S214023C308D80531E52085B08013A1B0243EA0213A8
S214023C40C9F81030002083E6212081E6006CCA887D
S214023C50807C814A008001B8004F00B0004001B865
S214023C60000002B800F04902005A6202E02B00206F
S214023C70DC2B0020D82B002040A00300D34D62107E
S214023C800A3BB2DF3FBE4025002335481D46AFE65D
S214023C901046002630E7C3F10F0E03F1110806FAAC
S214023CA008F820FA0EF040EA0800AEF1200826FADC
S214023CB008F840EA080026FA0EFE013004FA03F37A
S214023CC04EF1000610E702F4801203F400131A43C2
S214023CD008BFC0F58010CEE6631EA51E5B086D0801
S214023CE0013B2D0245EA031540F2C5422B21002076
S214023CF0FBF7B2F88CE740794FF4AB62003818BF96
S214023D0001203D21FBF7A8F8207940F259520038ED
S214023D1018BF01203D21FBF79FF8237962791B0229
S214023D2043EA0213C9F80C3019E700230D481D4672
S214023D305EE66FF01F0500287FF46AAFD4E74FF403
S214023D409D622B21FBF788F8621E72E71446FBE79A
S214023D509D1E6D085308013B2D0245EA031557E7E1
S214023D60313641DCD694BFD610B5044686B059B972
S214023D70214B4168D3F8FC30827A204805930068CC
S214023D806B46FFF7CFFD69461D4B0A685A631A4B0E
S214023D90D3F8FC3033B34B6843B11A4B1A4AC3F814
S214023DA00C214A68A3F58053C3F80C218B6843B1F3
S214023DB0144B164AC3F8EC208A68A3F58053C3F85E
S214023DC0EC20134AC868D2F8743123F4EE63034336
S214023DD0C2F87431D2F86C31096923F4EE630B43EE
S214023DE0C2F86C31002022890A4B9A6203F5A0338E
S214023DF0186406B010BD00BF004F00B0A428002013
S214023E00008001B8006001B8FFFF0F00FFF8FF0F47
S214023E10000002B8004000B870B51D4614460E46B3
S214023E201B6886B00593AA7A6B466968FFF77AFD27
S214023E301C4B23602B89666163601B4BA360009B4F
S214023E40E3601A4B2361019B13BB04F11800029B2B
S214023E504BB1174AC3600260164A103040F80C2C69
S214023E60154A40F8082C154B154A03604FF4EE63CA
S214023E70826043604361039A124BC2608361124AB6
S214023E80049B0261C3612030001B801006B070BD27
S214023E900E4A04F12800A2610D4A6362E2610D4AED
S214023EA02262D4E7284000A8348001A8448001A8F2
S214023EB0EC6001A8FFF8FF0FEC5001A8742102A8DD
S214023EC0741102A86C1102A86C2102A80C6101A848
S214023ED0FFFF0F000C5101A8064B9A6E920607D5FB
S214023EE05B6E002B4FF48043B4BF034A034AD3648D
S214023EF00020704700800050002002B8001002B870
S214023F00064B1A6C9207FCD4022240EA0120586043
S214023F10034B1A640122034B1A70704700C002B8A2
S214023F2000D002B8442E002010B590B10468012CCF
S214023F300FD902696AB11168094B102C19605168D1
S214023F405960916888BFD268996094BFD960DA6078
S214023F5010BD10220021024805F079FCF8E700BFE8
S214023F60E82B0020084BC1171A68A2FB000302FBCD
S214023F70013310F1807043F10003400E40EAC31093
S214023F80803820EAE0707047F82B00200722194B91
S214023F9070B5DA63184B194A1D68194BEC08E00530
S214023FA0C0184FEA153141F100010023E4F71EF86C
S214023FB0144B154E18601548FFF7D4FF4042C6F85A
S214023FC0DC0049F65800FFF7CDFFC6F8A8001048F7
S214023FD0FEF7DCFA024660B1E301500818184FEA11
S214023FE015714FF0000341F10001E3F7FFFFC6F839
S214023FF0B40070BD000002B8582B002065CD1D002D
S214024000B2E60E00F82B0020003F00B0701101004F
S21402401040420F0010B5044698B10B4BD3F8FC0093
S214024020FFF782FF4FF47A7303FB04F0074BA0F509
S2140240307A60DA689B681044C01ABDE81040FFF741
S21402404091BF49F64040F8E7004F00B0E82B002049
S2140240502DE9F8430546084614461E46FFF764FF58
S2140240609DB106F0020716F0040610D16FB128467D
S21402407000F0DEF820636B69002B7ED147F23050E9
S214024080FFF770FFE062002E58D1BDE8F88328697A
S214024090002869D04FF47A7358433F4BA0F57A60F4
S2140240A09B68C01AFFF75EFFA062A88B00285ED04E
S2140240B04FF47A735843384BA0F57A609B68C01A5F
S2140240C0FFF750FFE061354BE968D3F8008000291E
S2140240D050D04FF47A7359432F4BA1F57A619A6800
S2140240E05B68891AC91A2E4BC8171A68DFF8B89087
S2140240F0A2FB011302FB003311F1807143F10003AE
S214024100490E41EAC3118039264B2162D3F8C430E6
S2140241106362D9F8003053B1404612F092FF30B1D4
S2140241202246D9F800301C49D8F8E4009847002106
S214024130A869FFF76FFF6063002F98D1A86828BBB5
S21402414047F23050FFF70EFF60614FF47A702B682B
S21402415058432BB1104B1B6803F51C5310331844FD
S214024160FFF700FFA06190E749F640409AE749F65C
S2140241704040A5E749F64041B5E7074AD0684FF404
S2140241807A7202FB0300A0F5FA5079E74FF47A73CD
S2140241905843A0F5FA50D5E7E82B0020A4280020C3
S2140241A0F82B0020003F00B0E42B002070B5064636
S2140241B008461C4613F011F80546D6F8F00000F043
S2140241C011F84368054A002BA8BF4FF4FA721A4446
S2140241D0034B601992FBF3F2104470BD0CFEFFFF16
S2140241E018FCFFFF40B10368012B05D90069034B99
S2140241F0002808BF184670470048704748A00300CA
S21402420028B1094881420CBF2F20BC207047074ABC
S214024210536E506AC3F301111B0C01FB033300F00B
S2140242201F0001301844704748E80100004001B8FA
S21402423043684FF47A7058432BB1044B1B6803F55E
S2140242401C5310331844FFF78DBE00BFE82B002026
S21402425070B588B06D46124C0FCC0FC594E80F00AF
S21402426085E80F00D82200210E4805F0F0FAB022A9
S21402427000210D4805F0EBFA202200210B4805F03C
S214024280E6FA13F032F80A4B1B783BB16D46044E41
S2140242900FCD0FC695E80F0084E80F0008B070BD7A
S2140242A0E03F00B0783E00B0503F00B0E04F00B0B4
S2140242B0332E0020064BD3F8EC0E064B5B6C1A012D
S2140242C003D4054B9B6E1B0401D500F58070704726
S2140242D0003000B0000002B8004000B810B514F07C
S2140242E030FB0E2104460320FEF716FC40F20122A4
S2140242F0034B2046BDE81040DA6214F01DBB00BF37
S214024300004000B8012370B5074C2370074B1E68A7
S214024310074B3240D3E9005319402840FBF7C2FE50
S2140243200023237070BD00BF492E0020002C002001
S214024330A00D0020024B5868C0F3C000704700BFB3
S214024340A00D002010B50446FEF762FA00F076FFD4
S2140243502046FDF7E5F8FEF7E5F9FDF7E1FEFDF785
S21402436053FFFFF713FE13490723134AD1F8FC1035
S21402437004F58270FFF76CFE4FF080710020FEF7A6
S21402438025F94FF000720D4B4FF400110120C3F8CF
S2140243900021FEF71BF9FEF76FFD20B940F223124B
S2140243A01421FAF759FD12F09EFFBDE810400120D5
S2140243B0FDF7D6BD004F00B0A43F00B000D001B854
S2140243C08023074A1364082340B11364054AD2F8CF
S2140243D0C43E23F02003C2F8C43E7047024AF4E704
S2140243E0001002B8003000B0002002B810B514F079
S2140243F0A8FA012104460020FFF7E2FF044B1961E8
S214024400044B5B6898472046BDE8104014F094BA07
S214024410000002B88C320020F0B583B0144606467F
S214024420FFF75AFDFCF776F8002800F0A980594BF2
S2140244305D6915F0060540F0A38014F082FA237930
S2140244400095022B054647D1237B022B33D003204F
S214024450FEF718F820B9504BDB685B0440F19280F7
S214024460A37B277B003B18BF0123A2684B49012F81
S21402447001920B706FD000F0D3FE0420FDF7F6FE1B
S2140244800420444E0223716F3A4621F0F85121F47B
S214024490F81141F0506141F4803171670DEB000173
S2140244A0FDF702FF0446002860D0012030223C4976
S2140244B03C4B0870DA643C4E336898472128044621
S2140244C004D101210020736898470024284614F07E
S2140244D033FA204603B0F0BD0320FDF7D3FF0028D1
S2140244E050D12279D6F80C31012A226830D0D01A5F
S2140244F000900020274B2D4A2D495A679867637B08
S2140245002C4A23F040000028C3F380130B700CBF24
S214024510012300231370284B274AD3F8C43E4FF0DA
S21402452003000CBF43F0200323F02003C2F8C43E6E
S214024530FDF79CFE174B214A03205A676946012362
S2140245402279FDF7B1FEF8B101221D4B1A707BE706
S2140245509A42CDD3CBE72379022B8CD0009BD6F898
S2140245600C1100270B441344019384E70320FDF744
S2140245707DFE28460D4A124B72671C7014F0DCF959
S2140245800E24A6E72846F9E7284614F0D5F9212492
S2140245909FE700BF00C001B8000002B84E2E002000
S2140245A04B2E0020001002B88C32002000000101C1
S2140245B04C2E00204D2E0020003000B0010C0100D1
S2140245C0482E00202DE9F3410D460024074614F03C
S2140245D0B8F9214B06462046DFF88C801C70FFF7A0
S2140245E0EFFE1E4BC8F87430C8F878406879431E50
S2140245F058425841FBF73AFD40F60143C8F8783076
S2140246002A792968012AD7F8143101D1994200D3B0
S214024610CC1A042303200DEB03010194FDF744FE9C
S21402462050B988220E4B30461A6414F085F92124BC
S214024630204602B0BDE8F0810A4D2B689847212833
S214024640044604D1012100206B68984700243046B6
S21402465014F072F9ECE700BF482E002000000101BA
S214024660002002B88C32002000C001B8F8B5194C00
S2140246700546207840F27D22B0FA80F03E214009BD
S214024680FAF7EAFB55B9607840F27D22BDE8F840B9
S214024690B0FA80F03E214009FAF7DEBB4FF44066DE
S2140246A00D4F0E4DD7F8043140F27D22C3F381231D
S2140246B02370C5F8046160783E21B0FA80F04009A4
S2140246C0FAF7CAFBD7F80831C3F381236370C5F83B
S2140246D00861F8BD452E0020004000B8006000B812
S2140246E0A82238B51B4B1D6C03F500531A64102222
S2140246F09A60A3F5804302F100521A675A6601F0E7
S21402470015F8154B1B7813B90320FDF7AFFD0024EF
S214024710124B9C6701F030F8114A124BD2F8EC1E8D
S2140247200B40C2F8EC3E04220F4B1A640F4BAA064B
S214024730C3F8CC4008D503F580735B6FB3F5817F71
S21402474022BF8022034B1A61FCF762FB0022084B51
S2140247501A7038BD000002B8482E002000C001B80A
S214024760003000B0DF0000FF002002B8003E00B0BC
S214024770472E002008B5FFF7B1FD00F0FDFF01222D
S214024780064B5A6102229A62042203F580531A6487
S2140247904FF4C062A3F54043DA6208BD001002B8C7
S2140247A038B5184A184B194C256C5A6700F0E4FFC6
S2140247B0FF22174B15F0A00F9A604FF48072226109
S2140247C04FF004021A6401D000F0CAFF6369D907E9
S2140247D016D5E36813F0706FC3F30360F9D10D4A80
S2140247E0536E23F0F003536601F024F80A4BD3F815
S2140247F04C315A1C01D05B0002D50122044B5A618F
S21402480038BD00BF0000010100C001B8000002B8B8
S214024810002002B8003F00B00080E00F0D4A10B53D
S214024820D2F8A030D2F8A4100B40B3F1804F0CD3CC
S2140248304FF040400849094CC1F8A400D467C1F8BB
S214024840A0004FF48021064AD161034AC2F8A03084
S21402485010BD00BF00400050006000500000FF0185
S214024860001002B89D4B2DE9F04F9F6EDB6E85B0AF
S2140248701F409B4B9F664FF03A43D3F81451D3F830
S21402488018311D40974BC3F81451974BD3F80822A2
S214024890D3F80C3202EA0309944BC3F8089203F5E4
S2140248A02043DA691B6A02EA0308914B08F477028E
S2140248B0DA61904BD3F80422D20605D4D3F8043139
S2140248C0C3F30016DB0653D514F03BF88A4B5A693D
S2140248D05E6E1B6F12F0060F06EA0306874A26F084
S2140248E0007314BF4FF0010A4FF0000A23F400636E
S2140248F07407536606D5824A92F88D300133DBB2CE
S21402490082F88D3014F018F8002F00F0E48017F4C7
S214024910004300F0D58014F014F80146FFF7CAFCF5
S2140249200446784BD3F800B0DBF80020DBF8003002
S2140249309A42FBD0DBF800209A42FBD0FFF7BAFC83
S214024940A04217D1084613F0F7FF6F4B1C606F4B5F
S214024950D3F840B01BF4E0520ED124F07F4424F08A
S214024960DF040CB9FFF7BCFE4FF0807B002414E096
S214024970B246C9E70446D7E70192FFF7B1FE5C4BA1
S214024980019A1BF480541A6440F09C801BF4806FDA
S2140249900CBF4FF0805B4FF0806BB80715D55B4AB3
S2140249A05348126C02F460410164002900F08D80C5
S2140249B0110400F18D8012F4005F0CBF4FF000521C
S2140249C04FF0006200244BEA020BC7F340377F0029
S2140249D04F4A2A40002A4BD015F4206F0AD040F2E4
S2140249E0BC5206210020FAF737FA002000F022FF18
S2140249F025F48025EB0506D5FF213D4A4BF4C06B16
S214024A009160FFF76BFC15F0090F0BD040F2D15204
S214024A1008210020FAF720FA00F000FF4FF03A4291
S214024A200121516315F0106F0CD040F2DA520921C1
S214024A300020FAF711FA00F0F1FE002211461046A5
S214024A40FCF774FE15F4202F0AD040F2E25207213A
S214024A500020FAF701FA002000F0ECFE25F480258B
S214024A60E80301D5FCF7ACFF002DB8BF47F00807F6
S214024A7069070ED54FF03A42126B12F4005F4FF4FC
S214024A80005217BF174923490A634BF4000B08BFAD
S214024A900A636A0548BF4BF0040B15F480230193A2
S214024AA000F0A480FCF744FF0138062834D8DFE87B
S214024AB010F02B012E012B01310134013701370191
S214024AC09B4653E74FF0804B50E74FF0007279E772
S214024AD04FF0004276E7BB463C4679E7004000B816
S214024AE0006000B8002000BA004001B8006001B8BB
S214024AF0002002B800E100E000C001B800E001B802
S214024B00003E00B0E49F0300FC2B0020000002B829
S214024B10090B0B89001000BA40F213620321002031
S214024B20FAF79AF94FF03A400121D0F88C20D0F8E3
S214024B30AC3002F00702063201FA02F2C3F30C0CA2
S214024B40A2EB0C0292B2072A12D97E4A126C5302C8
S214024B500ED47D4BC26CC06E5B6D5BB102F0070279
S214024B6006329140C0F30C00091A89B2072901D80F
S214024B704BF4007B754A1278002A37D04FF03A423F
S214024B80D2F8142112F4A02F30D1714A714912784A
S214024B909AB9F20411D40A787AB14FEADB026E4867
S214024BA042EA447282F00102D0F8EC0E02F00102F0
S214024BB0520020FA02F2930718D10420FDF756FBA2
S214024BC0664A6748506700F02BFB62490A784AB982
S214024BD0644A127832B1644A644912680BEA0202E5
S214024BE00A4201D14BF4804B26F48056B9F1000FED
S214024BF02BD019F4805F18BF4BF4802B19F4807FFA
S214024C0018BF4BF4002B19F4005F18BF4BF0100BC3
S214024C1019F4007F18BF4BF0200B19F4806F08D0F0
S214024C204FF48061524A4BF0400BC2F80C12C2F8A5
S214024C30081219F4006F08D04FF400614C4A4BF08A
S214024C40800BC2F80C12C2F80812B8F1000F3AD064
S214024C5018F4802F18BF44F4007418F4803F18BF6D
S214024C604BF4805B18F4801F18BF4BF4003B18F41B
S214024C70001F18BF4BF0020B18F4003F18BF4BF48E
S214024C80801B18F4800F18BF44F0100418F4002F8D
S214024C9019D0314AD2F8C42E12F0C00F13D02949C7
S214024CA0CA68C2F30362032A01D0072A05D14A6CF6
S214024CB0D00602D48A6C120735D54FF400212D4A4D
S214024CC028F40028D161002E00F02481330540F13B
S214024CD08A802948214990F80390284AB9F1000FA2
S214024CE052D04FF4006309F1FF3953665FFA89F236
S214024CF0C27032B9224A1278C2B140F60141214A44
S214024D005167002200216BE04BF4803B0AE74BF42C
S214024D10006B07E74BF4806B04E74BF4807B01E7FC
S214024D204BF0080BFEE64BF4001BCCE78A6F12F43E
S214024D30A05F15BF4FF4807240F601428A658A670B
S214024D40DFE700BF000002B8004000B84B2E00208C
S214024D504A2E00204D2E0020003000B000C001B8C0
S214024D60000001014C2E0020A00D0020088D01003D
S214024D70006001B8002002B8382E002000E001B81A
S214024D80482E002000D001B80320FDF76FFAA9498B
S214024D90A94A496911F0060F77D04846FDF7A0FBED
S214024DA04FF40060A44AA34950664A69A34B12F026
S214024DB0060208BF8A67B3F88A20A14812F4006187
S214024DC067D022F40062A3F88A20027802F0FF0974
S214024DD0002A62D1FDF706FCFFF782FC4A46202134
S214024DE04BEA020B0C43B00009D52E20FDF774F9EE
S214024DF04FF00051904A44F0080411675166F106DC
S214024E0008D52B20FDF768F910218B4A44F40014CC
S214024E101167516616F0306F05D1F20467D5BAF104
S214024E20000F00F0B280330115D52920FDF754F9A2
S214024E30844A8548D26802F48041C2F38032027006
S214024E40FFF778FA28B1814A7B48814B42661A6797
S214024E5031BB44F0040416F0007A2ED00420FDF78D
S214024E6005FA2720FDF738F9FFF73AFC4FF00071F4
S214024E70714A5166774AD2F8EC1E49067ED4764AC3
S214024E800221916044F002042EE041F61F71516740
S214024E9086E702784FF40052A2E74FF4004231E769
S214024EA0026742662020FDF717F944F400142D200D
S214024EB044F00C04FDF710F9CDE716F0807FDFF81A
S214024EC0749146D00420FDF7D1F92820FDF704F9A5
S214024ED0D9F87820002A39D1FFF702FC564A5B49F6
S214024EE044F00104116751660021524A916532046A
S214024EF005D55A4A126890474BEA000B0C437305D5
S214024F0008D557498A78002A00F08F80013A8A70BD
S214024F10002217433A4658462146FFF7F3F9019B0B
S214024F200BB1FCF73BFD01224E4B05F00435C3F8EE
S214024F3014514D4B18F4002FC3F884211EBF4FF4B2
S214024F400022454BDA6105B0BDE8F08FC9F878A0BB
S214024F50C4E7F004C8D50420FDF788F9434AC9F827
S214024F607420FDF73FFBD9F8642012F0407FBBD1D6
S214024F702A20FDF7B1F8FFF7B3FB7BE7D2F8C42E81
S214024F8093063FF57FAF3A4A7AE735490A7952B136
S214024F90013AD2B20A7112B92D4A36495167002235
S214024FA04BEA020BA3E70420FDF760F90320FDF7A6
S214024FB05DF9204A2D49516713F0C3FC81460DF175
S214024FC00F00FDF72DFE2C4A824612780AB1FFF733
S214024FD085F9BAF1030F0ED1DFF868A00020FDF7BD
S214024FE01FFE032807D1DAF82820D007F6D4DAF80D
S214024FF04420D103F2D49DF80F20032A06D10121C2
S2140250001E4A4846117013F097FCC8E74FF03A4222
S214025010D2F8142112F4A02FF1D100F001F948467B
S21402502013F08AFC4FF48042BAE70220FDF71EF91D
S21402503001226EE700C001B800E001B8003E00B0F1
S214025040482E0020000002B8472E00201000002044
S21402505000D001B8003000B0002002B8A032002014
S214025060382E0020002000BA00E100E00000010116
S214025070001002B80000010D4E2E00204A2E00201D
S2140250800122024B1A62DA61704700BF002002B8A2
S214025090094A08B5D369116A0B40084923F47F0010
S2140250A0DB07C86106D5D1684FF0FF30C1F3036154
S2140250B012F024F908BD00BF000002B8002002B8B2
S2140250C00C4A08B5536C926C13400B4A5364DB07C8
S2140250D00FD50A4B40F66D021878122100F0010037
S2140250E0F9F7BAFEBDE80840002201200021FFF7CA
S2140250F009B908BD00C000B800E000B8A00D002045
S21402510070B5174D2C6C6B6C1C40164B24F00202CB
S214025110E1071A6405D540F6D40200202968F9F79B
S2140251209BFEA2071AD502220E4B1A646B68DBB2EC
S214025130A3B9FDF7F1F904460D460B4ED6F8F43343
S214025140DB060BD5FDF7E8F902460B462046294654
S214025150FDF77AF8652871F10001EFD370BD00BF44
S214025160008002B800A002B8000002B838B50B4CA6
S2140251700B4DD4F88430DB0706D4A36FD4F8842012
S2140251801340084A936738BDD5F804311A06F0D59D
S214025190FFF7B6FF8023C5F88431EAE7008001B83E
S2140251A000E100E000A001B808B513F0CAFB0E4B00
S2140251B01A78A2B90D4A126812F4843F0FD10C4A2B
S2140251C01021D1641B7863B9084B1B68DB0508D431
S2140251D0074B2022DA64BDE8084013F0ADBB054A4F
S2140251E0EEE7044BF5E700BF4B2E0020A00D002093
S2140251F0002002B8001002B810B513F0A2FB0E2170
S21402520004460320FDF788FC40F20122034B2046A9
S214025210BDE81040DA6213F08FBB00BF004000B852
S2140252200022044B1A70044B197811B11A70FFF75A
S214025230BBBF70474A2E00204B2E002038B513F015
S21402524080FB4FF00043244C0546C4F88030BFF381
S2140252504F8FBFF36F8F0123C4F88430BFF34F8F95
S214025260BFF36F8F0223C4F88430BFF34F8FBFF3B0
S2140252706F8F0423C4F88430BFF34F8FBFF36F8F52
S2140252800823C4F88430BFF34F8FBFF36F8FFEF747
S214025290BFFA1023C4F88430BFF34F8FBFF36F8F6B
S2140252A02023C4F88430BFF34F8FBFF36F8F4023A1
S2140252B0C4F88430BFF34F8FBFF36F8F4FF4806311
S2140252C0C4F88430BFF34F8FBFF36F8F2846BDE814
S2140252D0384013F031BB00BF00E100E038B513F0F0
S2140252E030FB05464FF000430A4C236001236360FF
S2140252F00423636008236360FEF782FA1023636068
S21402530020236360402363602846BDE8384013F0DC
S21402531013BB00BF00E100E02DE9F047DDF820A056
S21402532003EA0108099B06460D4602EA000703EA5D
S2140253300A09BAF1000F40F06C81031F0B4300F01C
S2140253402C81052871F1000380F0028150EA0103E6
S21402535000F0D781431E0B4300F04281FFF76EFF39
S214025360C04AD2E9004323EA050324EA06043C4382
S21402537043EA0807BC4BC2E900471E6826EA0A064B
S21402538046EA09061E60FFF70FFF14F02A4F14BF05
S21402539048F202034FF40043B44AB507D26EB4484B
S2140253A048BF43F4005383EA020122EA0302C266BC
S2140253B0B04A0B408166D366C4F3804212032003D0
S2140253C048BF42F48072E10648BF42F40052AA493E
S2140253D0A30648BF42F4007214F0400FD1F888309A
S2140253E0A64800F035815D0506D44FF480652B4350
S2140253F0C0F80852C1F8883014F0800FD1F888300F
S2140254009E4800F061811D0506D44FF400652B43CB
S214025410C0F80852C1F88830994B9848D3F80C3235
S21402542017F4007F82EA030123EA0203C0F80C3273
S214025430944B02EA0102C0F80812C3F80C228E4B03
S21402544007F4007200F0498101224FF4802583F8A8
S2140254508420E30448BF45F48035A00348BF45F4E2
S2140254608015A10748BF45F4001514F4001FDFF8A5
S214025470508206D0D8F8000011F05CFF08B945F457
S2140254800025E20248BF45F40035FB067E4B48BFC6
S21402549045F480051A6A7D4985EA020323F0010372
S2140254A01A400A621D40CB61794B16F0010F1D624D
S2140254B0784B794A18BF1A46784B7D071B6F48BF50
S2140254C042F00062764882EA030123EA0203036797
S2140254D0744B0A4041661A67734A04F00103926CE1
S2140254E0A0F5803083EA020122EA030282646F4A50
S2140254F00B4041649364D8F80020200248BF6C4BEE
S21402550092F8022158BF6B4B610748BF43F4806391
S21402551022B114F4C06F18BF43F4807332074FF001
S2140255203A42BDE8F047D2F8181148BF43F00043AC
S21402553083EA010222F4A0225F481140C0F8181143
S2140255401340C0F814215D4AC2F81831FFF7C6BEF0
S214025550A0F580630B4306D020F48063A3F50073A6
S2140255600B437FF4FBAE13F0ECF93E49D1E900326F
S21402557023EA060322EA050242EA08023B43C1E99D
S21402558000324F4A126892F802114B4A09B313F4DA
S214025590C06F1ED04FF4807311E013F0D2F9314A77
S2140255A0D2E9003123F004033B4341EA080157EAFB
S2140255B00807C2E900314FF480633F4A0BD0C2F8B5
S2140255C01431A2F58052C2F81831BDE8F04713F044
S2140255D0B3B94FF48073C2F81831C2F81431F4E745
S2140255E013F0AFF91F4AD2E9003123F001033B431F
S2140255F041EA0801C2E900310123324A57EA0807A4
S2140256001BBF5364A2F580529364936408BF53642D
S214025610DBE750EA01037FF4A1AEBAF1010F7FF493
S2140256209DAE13F08EF9104A136823F0010343EA85
S214025630090313604FF48063194AB9F1000F04D0CE
S2140256405366A2F580521367BFE713675366BCE73B
S21402565023F48063C1F888304FF48063C0F80832C0
S214025660CAE600BFA00D0020002C0020004000B8B3
S214025670006000B8005000B8003F00B0006001B8FB
S214025680004001B8005001B8000002B8002002B87D
S214025690001002B8041C00030418000300C001B87E
S2140256A000E001B800D001B800C000B800D000B8D1
S2140256B00D0A0A09090A0A09002000BA001000BAEF
S2140256C0A428002000E000B823F40063C1F8883064
S2140256D04FF40063C0F808329EE693F8841071B166
S2140256E083F88420084BD3F8A41003F50053C3F8BC
S2140256F0A410C3F8A0104FF05023C3F8A42000252E
S214025700A7E6BDE8F08700BF00400050024B1868CD
S21402571000F00100704700BFA00D0020024B586841
S214025720C0F3C030704700BFA00D00200A4B1978A6
S21402573001F0FF0229B10021197008499202C1F84E
S2140257400421597801F0FF0229B100215970930211
S214025750024AC2F808317047452E0020005000B8B1
S2140257604FF40062034B1A644FF40042A3F5E03391
S2140257709A667047001002B8F8B5084C084D236CBC
S2140257800423084F2B64236C5B0300D4F8BD042665
S21402579002203E6411F0FEFC2E64F4E7000002B81C
S2140257A0001002B8002002B838B5044679B948B1EC
S2140257B0164BDB681B0E13F00E0F04D04FF4C062BC
S2140257C0134BDA6238BD134B1B6CD907F6D4FFF7BE
S2140257D013FD0E4D0020FDF723FA032801D00928F9
S2140257E005D1AB6ADA07F5D46B6CDB03F2D4FFF7AC
S2140257F0C3FF0122084B5A6102229A62042203F571
S21402580080531A64002CDDD0D8E700BF000002B82F
S214025810006001B800C002B8001002B808B5032143
S2140258200920FDF779F92022014B1A6108BD00BF55
S214025830000002B838B5054613F083F80E4B04464E
S2140258401868FBF79FFF35B1FFF7EAFC2046BDE874
S214025850384013F071B8094B1B78002BF6D0084B72
S2140258601D78002DF2D1FFF7DBFC2A464FF480406C
S2140258700021FEF747FDE9E7A42800204A2E002073
S214025880492E00202DE9F84F594B06460D46144680
S2140258901B6C002A40F0A98013F0A00F14BF4FF033
S2140258A001094FF00009FBF7B3FAA0234FF0000AF4
S2140258B0DFF854810320C8F84030FCF7D7FC0420F8
S2140258C0FCF7D4FC4B4FFFF7ABFC4B4B4FF0040BF3
S2140258D07B67C7F878A0FFF74FFF484B4FF48071FD
S2140258E0D3F8C42E42F02002C3F8C42EFF22C8F812
S2140258F008203F4A1161D3F8EC2E41491140C3F803
S214025900EC1EC8F840B0C3F8CCAE7B6913F0060FA5
S21402591004D0FCF767FE5846FCF7A8FCB9F1000F66
S21402592001D0FFF71DFF66B1364BDB6C180701D4BA
S214025930FFF762FCFFF772FF0420FCF797FCFFF705
S214025940F5FE2B4B5A69D1074DD5DA6812F0706F07
S214025950FBD12D4B2D4A1A642D4A536E23F0F003C9
S214025960536615B12046FFF765FF2A4BD3F84C3134
S2140259705A1C01D05B0002D50122234B5A61002C2F
S21402598031D0204B2249DA6E03F500539A6603F5AE
S214025990D0331B6A1C4A23F00103D3611E4BD1F895
S2140259A08800D3F80C321D490343C1F808321C4B59
S2140259B0C1F80C02D3F8841003F5005399674FF030
S2140259C03A43D3F8181103F50053C3F81411154BD4
S2140259D0996C03F500535964134903F580335966ED
S2140259E04FF608431364BDE8F88F4FF000095AE7F4
S2140259F0000002B800C001B800000101003000B08B
S214025A00DF0000FF004000B8002002B8100030009F
S214025A10003F00B00080E00F004001B8006001B80F
S214025A20008001B800C000B85000002F38B51446F8
S214025A300D4612F086FF064BD3F8C42E54402C4077
S214025A405440C3F8C44EBDE8384012F075BF00BFDC
S214025A50003000B0034BD3F8C43E99430CBF01207C
S214025A6000207047003000B02DE9F04117460A4387
S214025A70012A1D469DF818409DF81C60DDF820801E
S214025A8029D8B44227D2082E25D8032B23D8B8F11A
S214025A90000F20D00A460021FAF748FCFF21EB004F
S214025AA09940C943DFF834C008F1FF38FF00E2B27C
S214025AB0964202D80020BDE8F0813D190CEB850520
S214025AC0D5F8F42018F8010F0A4098401043C5F89C
S214025AD0F4000134EBE72120EDE700BF003E00B002
S214025AE01E4BD3F8C43E13F001001ED01C4B93F895
S214025AF048001C4A40F08073C2F8CC304FF4801342
S214025B001949C1F8B430A1F58051C1F8B830D2F8BD
S214025B100C31DBB2FF2B1FD0984294BF002001202D
S214025B204FF4AD623C21F9F797B91A06E1D40F4A51
S214025B3092F8471121B1DB0602D592F84401D8E764
S214025B404FF480120020084B0649C3F8B820C1F86B
S214025B50CC00C3F8B42070470120E1E7003000B063
S214025B60003F00B0004000B8006000B8003E00B041
S214025B7010B5044C23781BB911F0DEFB0123237009
S214025B8010BD00BF4F2E0020094A5168C84390FA44
S214025B90A0F048B1B0FA80F0042805DC0123834067
S214025BA00B43536040B270474FF0FF30704700BF60
S214025BB02C2C00200021034B28220348C3E90011A5
S214025BC003F045BE2C2C0020042C002038B50546D8
S214025BD0FFF7DAFF04460448294600EBC40011F03A
S214025BE025FC204638BD00BF042C0020C3B2042B7F
S214025BF010B515D804230B4A03EBC003134453E82D
S214025C00002F0A4343E80024002CF8D1012206495B
S214025C10824051E8003F134341E800300028F8D1A3
S214025C2010BD00BF042C00202C2C0020F7B54FF02E
S214025C30040C01260827184A1849194D106800B3A3
S214025C400B7806FA03F420421DD0E04352E8004FD8
S214025C50044042E8004EBEF1000FF7D117FB03C323
S214025C602B4453E8000F43E800E4002CF9D10190DE
S214025C7048B1087801AA0B4905EBC00011F00EFCEA
S214025C80012003B0F0BD0B78506883422EBF00237C
S214025C900133DBB20B70D1E72C2C0020502E0020F3
S214025CA0042C002078563412024B1868003818BFAD
S214025CB0012070472C2C00202DE9F041164D064697
S214025CC02B680C462BB112F045FE2B6823B912F056
S214025CD03CFE0020BDE8F0812B68D3E9048712F071
S214025CE034FE58EA070315D056EA04030CD10B4DCE
S214025CF0D5E9006456EA040306D1094B1B689847A7
S214025D0006460C46C5E900014645BC412CBF0120AB
S214025D100020DFE70120DDE7442C0020A80D00204C
S214025D203C2C0020F7B54FF0FF34274605460E46BA
S214025D3012F010FE1A4B1B6883B912F006FEB7F17A
S214025D40FF3F08BFB4F1FF3F04D054EA070315D162
S214025D50002427462046394603B0F0BD5969DA6862
S214025D60019119695B685218019941F10001A2423A
S214025D7071EB070C3CBF14460F46DDE755EA0603F7
S214025D8004D1084B1B68984705460E46AC4277EB93
S214025D900603DDD3651B67EB06062C463746D9E7B6
S214025DA0442C00203C2C00202DE9F74FDDF840A0C3
S214025DB00E46DDE90C7815469DF83CB008B1016840
S214025DC091B9BAF1000F07D029463046D04740F2C3
S214025DD0034003B0BDE8F08F002DF8D0002EF6DBAE
S214025DE0284604F063FBF2E7019012F0B3FD814609
S214025DF05846E2F753FE0446484612F0A6FD019ABC
S214025E009CB9BAF1000F08D029463046D047032085
S214025E103146E2F7CDFD1A20DBE7002DF7D0002E43
S214025E20F5DB284604F042FBF1E70E9BC4E9067850
S214025E30E3600023636057EA0803A66025622260D7
S214025E4084F824B0C4F828A001D10E9B33B1184BB5
S214025E501B689847C019074648EB010812F07AFDFE
S214025E60002205461349C4E904780B682BB1D3E92E
S214025E7004AB574578EB0B0011D2A2B90B680C6045
S214025E8063600D4B1C682CB1094B1B689847FFF7E3
S214025E9049FFA047284612F058FD002099E75868A7
S214025EA01A460346E2E7536863605460E9E700BFB8
S214025EB03C2C0020442C0020342C00202DE9F74FE7
S214025EC04FF0000881460D4692461E4612F042FDED
S214025ED04746DFF874B00190DBF8004084B9B8F1A9
S214025EE0000F07D0174B1C6824B100200021FFF7D3
S214025EF019FFA047019803B0BDE8F04F12F025BD88
S214025F0022684A4511D12DB1A268296822F00042C2
S214025F108A420AD126B9626857B9CBF8002008E04F
S214025F205146206AB0470028F5D027466468D5E770
S214025F307A60D4F80480204611F01CFA44464FF0EA
S214025F400108CBE7342C0020442C0020014B1860BB
S214025F50704700BF342C002070B50E46094904462F
S214025F600846154601F030FD0023074A302113602B
S214025F70064A05201660064A15602246BDE87040AD
S214025F80E2F726BD66DD0300442C00203C2C0020F0
S214025F90382C002070B50446164618460022002308
S214025FA086B0CDE904230B4B0D461B6813B921209E
S214025FB006B070BD04A998470028F8D1DDE904238D
S214025FC00290CDE9002329463246204611F014FA03
S214025FD0EEE700BF382C0020F8B5054610200F4625
S214025FE01646E2F79BFD044601461022074801F0DA
S214025FF0F0FC44B101230020E3602B68C4E901767B
S21402600023602C60F8BD1A20FCE700BF66DD0300A3
S21402601000200021014BC3E900017047A80D0020B3
S2140260202DE9F04706460D464FF0000850EA0103F8
S21402603018BF2C4BDFF8B89018BFC3E900012A4FEF
S21402604030462946FFF738FEC0B9B8F1000F47D0F0
S21402605012F080FC002104460020FFF763FEB1F137
S214026060FF3F08BFB0F1FF3F03D0204B1B6803B1D0
S21402607098472046BDE8F04712F067BC12F06AFC6B
S214026080D9F800408CB16368C9F8003012F05DFCA4
S214026090A3683C6033F000430BD1386811F06AF90C
S2140260A000234FF001083B60CAE712F04EFC3C604A
S2140260B0C6E72368002BF0D018680028EDD0A26847
S2140260C032F00043E9D0D0E9008A236A216880686A
S2140260D0D0470028E1D1B8F1000FDED04046EEE707
S2140260E0BDE8F087A80D0020402C0020342C0020AC
S2140260F0442C0020F8B504460D4612F02BFC094B42
S2140261001B684BB1D3E90667C4E90067DB682B60FE
S214026110BDE8F84012F019BC00260027C4E9006763
S214026120F5E700BF402C002010B5064C237823B9B3
S214026130E1F7EEFC18B901232370002010BD40F2EF
S2140261400740FBE7512E002038B50B4B04461B7860
S2140261500D464BB12146284603F06FF8002840F260
S214026160074008BF002038BD04490548FFF7DCFF9A
S2140261700028EFD0F7E700BF512E0020EFBEADDEBD
S214026180BEBAFECA2DE9F04186B0E5F78FF88379EC
S2140261900C33C418637A234493F90A307E2B32D028
S2140261A07F2B32D003EB83035E00E378272B2ED8B7
S2140261B0A07908F076FD68B3ECF7BCFE0546B8B9E0
S2140261C0A079E578277994F8058011F0E2F904F1D0
S2140261D00A0204960392627A03460292227A2846BA
S2140261E00192E279394600924246ECF7AFFE054646
S2140261F0E5F762F8002342F27B01EAB206B0BDE898
S214026200F04105F074BA054ECFE7C826CDE741F255
S2140262101205EDE741F21105EAE700BF0CFEFFFFAB
S21402622073B5144D144C2A68236802F0400103F03B
S21402623002030B431BD093064CBF0126A67AEFF748
S21402624055F90196837983F00803C3F3C0030093DC
S214026250E388A288217A607A00F01AF940B92368A6
S21402626023F0020323602B6823F040032B600020F8
S21402627002B070BDD0270020482C0020012100204B
S214026280054BA3F10802C3E9000043F8081C4FF0CF
S2140262901013517253607047502C0020032910B51A
S2140262A010D9032A0ED991420CD301280AD8064CDB
S2140262B020720020A3722368A18043F00203E280CA
S2140262C0236010BD2120FCE7482C0020014B187BE0
S2140262D0704700BF482C0020074BDA7A4AB95A7A30
S2140262E082421FBF1A68587242F002021A60FFF713
S2140262F097BF0020704700BF482C0020024BD87A78
S214026300003818BF01207047482C002070B51F4D7A
S2140263102B68590707D50021084600F0DFF82B68DE
S21402632023F004032B601A4E2B68326803F008032E
S21402633002F00202134310D0EFF7D8F883791A0757
S2140263401FD5F1F797FC0446C8B92B6823F008035B
S2140263502B60336823F002033360FFF761FF0446C5
S21402636068B9EB7A5BB12B685B0708D40121084653
S21402637000F0B4F840B92B6843F004032B602046C3
S21402638070BDF1F75BFCDEE70446F8E7482C002018
S214026390D027002070B5124C257B637B22689D4275
S2140263A0B8BF1D469207E37AEEB201D4B34215D0C7
S2140263B01BB10023E372FFF7A9FFE67275B1094B22
S2140263C093F82430012B05D1236843F0020323609F
S2140263D0F5F77CF9BDE87040FFF798BF002070BD66
S2140263E0482C0020D0270020022938B504460D4646
S2140263F001D9212038BD11F0F7F80028F9D00E4B4C
S2140264001A7BB2B91A68D10742BF22F0010242F0E3
S21402641002021A60094A525D1A735A7AA2421FBFD2
S2140264201A685C7242F002021A60BDE83840FFF752
S214026430B1BF0220DEE700BF482C00207BDD030050
S214026440054A137B013B022B03D800231373FFF785
S214026450A1BF0020704700BF482C0020032805D1AA
S2140264600A4A136843F00803136008E0012808D1BB
S214026470064BDA7A42B11A6842F008021A60FFF74F
S21402648045BF10F0FD0FEBD000207047482C0020CF
S214026490F8B507460E4642F24100082115461C464C
S2140264A00DF06FFF9DF818304771C3709DF81C30D1
S2140264B086710371A0F80750A0F809400648E4F771
S2140264C025FF0DF08CFF407920B10DF088FF407952
S2140264D040F48050F8BD00BF69B6000038B50546E6
S2140264E00C4642F2420006210DF04BFF0023C57017
S2140264F043718371C371037204710648E4F706FFA1
S2140265000DF06DFF407920B10DF069FF407940F43F
S214026510805038BDD1B6000007B5064803F0CCFC63
S214026520042101900DEB010003F0B7FD019803B0C2
S2140265305DF804FB582C0020F7B5186810F002002E
S21402654003D0164E316811B9012003B0F0BD002405
S214026550042223460DEB0200019403F07EFCBDF8F4
S2140265600630DB0702D4FFF7D7FF044600250C4FA0
S21402657057F8043B23B12146BDF80400984748B1BA
S2140265803368002BE0D0074B022193F90000FFF797
S2140265902DFBD9E70135062DEAD1F1E7582C00206C
S2140265A05C2C0020522E002010B50948FFF70EFB87
S2140265B00024084B0849187020200C60E2F7D0F837
S2140265C0064BC3E90044C3E90244C3E9044410BDD0
S2140265D0C4320020522E0020582C00205C2C0020B2
S2140265E0704708B5E2F7FAFBE2F73EFCBDE8084062
S2140265F0E2F764BCF8F75AB8F7F706BF0023036061
S2140266000E207047DAF7E2BF7047DAF7A1BC012026
S214026610704709B100BEFDE7704708B50020FFF7D6
S214026620F8FF08BD704780B2F7F7C4BAF7F7CABAE0
S214026630DAF710B837B50D460446DAF775FB0023CD
S2140266402A464FF4FA7120460093DAF7A9FE03B001
S21402665030BD70477047704709B100BEFDE770470E
S21402666008B50120FFF7F8FF08BD0F2070470E207F
S2140266707047FEE700239A4200D1704710B550F8E3
S214026680234041F8234001339A42F8D110BD00233B
S2140266900360704703680B6001607047036813B9B4
S2140266A00B60016070471846F8E7FEE7F8B50E463D
S2140266B017461D46044660B15BB112F042F9E5602A
S2140266C00025E780A6802560A56012F035F92846E9
S2140266D0F8BD2220FCE7F8B50E46044600283DD059
S2140266E000293BD0C368002B3AD012F02AF9A188C1
S2140266F005466088884215D22388E2880344B3FBA5
S214026700F1F001FB1033E068314602FB030003F0B0
S214026710A6F86388013363800024284612F00CF939
S2140267202046F8BDA368BBB1E1882288E768204608
S21402673001FB0277394698470028EDD03146E288B9
S214026740384603F08CF82388A2880133B3FBF2F1B3
S21402675002FB11332380DFE71D24DEE72224DFE776
S2140267601124DDE770B50D46044610B309B3C368BD
S2140267700BB312F0E6F863880646C3B1E288E36814
S2140267802188284602FB013103F069F82388A28893
S2140267900133B3FBF2F102FB113323806388013B22
S2140267A063800024304612F0C7F8204670BD1B24D2
S2140267B0F8E72224F9E71124F7E7037970B503F026
S2140267C0200304460E4639B913B1406A01F020FB95
S2140267D0002584F8206018E0002BF9D0E369408B8E
S2140267E05843103001F012FA0346606278B1002274
S2140267F0618BA26262841033A28BFFF757FF0546B5
S2140268000028E5D0606A01F003FB284670BD192512
S214026810FBE710B5044690B10379990711D090F8BA
S214026820203083B112F08DF8A36A5A1C1BBF0133C5
S214026830A3620124002412F07FF8204610BD25240E
S214026840FBE70F24F9E70224F7E740B103791B07B9
S21402685007D590F8200080F0010040007047252000
S21402686070470F207047FFF7F0BF70B50C4605461D
S214026870F0B1F9B112B3037999061DD5C3699342F3
S2140268801CD390F82030DBB112F05BF821460646A6
S214026890686AFFF720FF044628B9AB6A5A1C0EBF87
S2140268A001240133AB62304612F046F8204670BD32
S2140268B02524FBE72224F9E70F24F7E72124F5E74E
S2140268C00224F3E7F8B50C4616460546C8B1D1B120
S2140268D0CAB1037903F02803282B16D190F820308A
S2140268E0ABB112F02EF821460746686AFFF73AFF68
S2140268F0044608B9EB693360384612F01DF82046A4
S214026900F8BD2524FBE72224F9E70F24F7E7022443
S214026910F5E770B5002506462C46052C20D8DFE89C
S21402692004F003070B0F13175B210820DAF7C6FEE5
S2140269300C210820DAF7C2FED1210820DAF7BEFEC3
S21402694080210820DAF7BAFE00210820DAF7B6FE20
S2140269506C1C2946E4B208202546DAF7AFFE062468
S214026960A4F10E03012B05D85A210820DAF7A6FE59
S2140269700134D2E7102C05D1BDE870405D21082015
S214026980DAF79CBEB31F195DEFE74FF060420123B2
S214026990D2F8001E83400B430020C2F8003E704728
S2140269A04FF060410122D1F8003E824023EA020302
S2140269B00020C1F8003E7047F8B50E46174604465A
S2140269C060B111F0C7FF05463A4631462046DEF76B
S2140269D031FC284611F0B9FF0020F8BD2220FCE762
S2140269E070B10122417803788A4030214B4341F24C
S2140269F0100103F1A04303F5703300205A5070478C
S214026A002220704770B10122417803788A403021F3
S214026A104B4342F2100103F1A04303F5703300200A
S214026A205A5070472220704738B50D46044698B132
S214026A3091B111F08FFF30222378534303F1A04324
S214026A4003F570335B696278D34003F001032B7061
S214026A5011F07BFF002038BD2220FCE710B588B07D
S214026A600C460E99009207910D99024606919DF8E2
S214026A70301005910B9904919DF82810039100217E
S214026A80CDE9013108462346DAF7E8FE08B010BD24
S214026A9010B588B004460E98009207900D982246CC
S214026AA006909DF8300005900B9804909DF82800FB
S214026AB003900020CDE901300B460121DAF7CEFE25
S214026AC008B010BD416C436910B5DA1CA1F114047C
S214026AD0B2FBF4F203EBC2000330B0FBF4F0B1F504
S214026AE0805F00F1010002D1012828BF0120013099
S214026AF010BD38B505460C46FFF7E4FF6B6CA3F1F4
S214026B001402B3F5805F02FB00F005D140F6E8738D
S214026B106969994288BFCC30E31DB3FBF2F30133B7
S214026B2004EBC304204438BD38B505464469214603
S214026B30FFF7DFFF6A6CE31D143AB3FBF2F301338F
S214026B4004EBC304204438BD73B506460D46002444
S214026B50F36B01225B6901A928199847019B01334F
S214026B6009D1736C043462196A405B421A42EFD050
S214026B70204602B070BD0024FAE770B505460C4602
S214026B80DCF7D2FAEB6B2046BDE87040DB681847AC
S214026B9070B50025044686B00562E369AB4202D8AA
S214026BA0206A06B070BD666C2068E36B05225B69DE
S214026BB001A906FB0500984701A800F080FC00F03A
S214026BC0A3FC10B1236A013323620135E5E738B529
S214026BD00446456C006804F1400305FB0101E06BC6
S214026BE000F09FFC05462046FFF7D2FF284638BD38
S214026BF02DE9F04700254FF0FF384FF6FF730446A5
S214026C00C1462F46C0E9085386B0E369BB420DD899
S214026C10A5EB0805012D06D94FF6FF730025636222
S214026C20E369AB4226D806B0BDE8F0872368E26B7C
S214026C30606C566900FB0730052201A9B04701A81F
S214026C4000F03DFC824601A800F010FC06465046C5
S214026C5000F05AFC60B1B14588BF6762B04528BFF4
S214026C60B046B54238BF3546B146236A0133236281
S214026C700137CAE7666C2068E36B052206FB05004F
S214026C805B6901A9984701A800F0F0FB0135C7E748
S214026C90F0B50546002687B0EC69013CB44203D83D
S214026CA00C46204607B0F0BD01B14C1E6F6C28683A
S214026CB0EB6B05225B6901A907FB0400984701A854
S214026CC000F0FDFB00F020FC0028EAD12146013648
S214026CD0E2E7F0B504460D46466CE36B006887B003
S214026CE005225B6901A906FB0500984701A800F08A
S214026CF0E6FB00F009FC20B101A800F0B7FB07B0E4
S214026D00F0BD29462046FFF7C3FF0646676C20689B
S214026D10E36B05225B6901A907FB0600984701A8F9
S214026D2000F0A4FB431CEAD0B54238BF0130E6E7C8
S214026D302DE9F0434FF6FF79D0F8248004460E463C
S214026D40C84514BF45460025002787B0E369BB4205
S214026D5002D807B0BDE8F083E26B2368606CD2F815
S214026D6014C000FB0530052201A9E04701A800F087
S214026D70A6FB022806D0C8450CD1721C294620461E
S214026D80FFF725FFE3690135B5FBF3F2013703FB95
S214026D901255DBE729462046FFF79BFFB0F1FF3F7F
S214026DA014BF024632460132E8E70368F0B5CC1A51
S214026DB0436C0646B4FBF3F4002587B0F3693768E4
S214026DC05A1E9542706C08D3706C336800FB043010
S214026DD007B0BDE8F04000F0A2BB0134B4FBF3F20A
S214026DE003FB1244F36B05225B6901A900FB0470E6
S214026DF0984701A800F063FB00F086FB0028E3D169
S214026E000135DBE710B423F0030422449B070A444F
S214026E10436C18BF04325B4282EA0104234203D069
S214026E205DF8044BFFF7C1BF10465DF8044B704790
S214026E302DE9F041D0E90A369E42044686B028D1B2
S214026E401422C369456802FB1355284606B0BDE8FE
S214026E50F0812068676C331AB3FBF7F3E26B07FB2B
S214026E600300D2F8148001A90522C04701A800F049
S214026E7026FB012804D0636C1D44013B3340ED1A07
S214026E8031462046FFF791FF0646A36AB342E0D199
S214026E90DBE70025F9E708B508301346D1E900120A
S214026EA0DCF7C8F8012008BD13B50C460021217690
S214026EB00093616813462246DAF76CFE18B1E37D4A
S214026EC003B1A07EA075A07D02B010BD73B51646B4
S214026ED000F108050C46284609680DF1070200F085
S214026EE0A1F9032E06D16368834203D1284621689E
S214026EF000F07FF9012002B070BDD01E009B424216
S214026F004241187E824211D11A688A420ED85A68C5
S214026F108A420BD35A6901325A61D3E9030282428A
S214026F203FBF986840F8221001321A61012070476C
S214026F3010B5032A029C07D1A26A5340626C5242E1
S214026F40134201D100F055F9012010BD08B5C368FF
S214026F5000209847BDE80840DCF7EEB8012814BFC9
S214026F600420022070B5002442431C70CC7D101D04
S214026F7002F002024CB91AB1012220F003001A7084
S214026F8000F108034868184470BD1AB1012220F0C7
S214026F9003001A7000230C7E01F12005DAB2944237
S214026FA001D80020F0E735F833205E1C824206D96D
S214026FB001EBC30300F10802D8691044E4E7334644
S214026FC0801AEBE773B5054690F842601C463046D9
S214026FD00DF10303FFF7C2FFEB6B012E5B690DD1C8
S214026FE0324601A998479DF8033013B1BDF8063022
S214026FF00193BDF80430236002B070BD0122214621
S21402700002B0BDE870401847F0B50546002448684F
S214027010EB6B87B00E4601225B69029402A9083028
S2140270209847274695F84230012B40F08480632C1F
S21402703002D9029807B0F0BD612C08D805AB2246EB
S21402704031462846FFF7BEFF9DF814301BB305AB4A
S2140270502246314628468DF81070FFF7B3FF95F8A2
S2140270604230012B059B55D14FF6FF72934200F03A
S2140270709680082205A904A800F06DFA059B9DF8E3
S2140270801010C3F30722914240F08980DBB2029AC5
S2140270901A44029283E095F84230012B30D1224600
S2140270A03146284603ABFFF78DFF3146284604AB30
S2140270B0621CFFF787FF3146284605ABA21CFFF786
S2140270C081FF102208230DEB02010DF107008DF857
S2140270D0073000F040FA102205A90DF1070000F073
S2140270E03AFA039BDAB2002A52D19DF80720B2EB95
S2140270F0132F4DD1DDE9043203EB0243029347E03E
S214027100302C2BD944E09DF80720B2EB134F3FD129
S214027110049BF3E7013342D0102205A90DEB0200CF
S21402712000F019FA059B9DF81010C3F3074291422E
S21402713035D19BB2ABE7312C3FF67BAF87D005ABA0
S214027140224631462846FFF73DFFBDF81430002B95
S2140271507FF47DAF95F84230012BA0D0224631460F
S214027160284603ABFFF72EFF3146284604AB621CC7
S214027170FFF728FF102320220DEB03010DF1070075
S2140271808DF8073000F0E7F9039B9AB2002ABAD0CE
S21402719095F84230012B14BF012302231C4401340C
S2140271A040E713B500240194049C0094DBF792F99F
S2140271B002B010BD13B501240194049C0094DBF7C1
S2140271C089F902B010BD00234FF0FF3230B5446893
S2140271D09C4202D10023037230BD016801EBC30555
S2140271E041F833206A600133F2E7C0E90012FFF784
S2140271F0EABF0023F0B545689D4210D00468DF0060
S21402720054F8332004EBC306B2F1FF3F08D0C2F3B2
S2140272101302914204D14FF0FF33E3517360F0BD85
S2140272200133E9E70023F0B545689D4202D14FF0ED
S214027230FF300EE00468DE0054F83340671C09D0C5
S214027240C4F31307B94205D1240D147003683344FE
S2140272505868F0BD0133E8E7704770B594002246DF
S21402726005460E4611F000FE431C0AD058B92246C7
S2140272703146284602F0C1FA002814BF3D200020FD
S21402728070BD6E20FCE77120FAE713B5044601A82C
S214027290DDF79EFE9DF8063023804FF480736380F0
S2140272A0DDF7AEFE6060002002B010BDDDF716BE50
S2140272B008B5DDF703FE002008BD10B5044644EA13
S2140272C0010313F00303084609D1934201D10020BB
S2140272D010BD54F8231040F823100133F5E7214679
S2140272E0920002F0BCFAF2E710B5044611F0B4FDC3
S2140272F0431C10D088B9DDF783FE234620F0030036
S2140273002044984201D1002010BD53F8042B0132CC
S214027310F7D03E20F8E76E20F6E77120F4E70A463B
S21402732001390144DEF7D4BA13B5002304460146F8
S2140273301B220DF107008DF8073000F00CF92268C9
S2140273409DF80730B3EBD26F0CBF0120002002B0CD
S21402735010BD13B500230446014620220DF1070096
S2140273608DF8073000F0F7F80DF107001A22211DFC
S21402737000F0F1F862689DF80730B3EB926F0CBF2D
S2140273800120002002B010BD0068431C584258413C
S2140273907047006810F07E0F0CBFC0F3C16000207B
S2140273A070470068C0F3D3107047006800F07F0093
S2140273B001288CBF002001207047036813F07E0F5F
S2140273C014BF042008207047036813F07E0F03D111
S2140273D0406820F07C40704713F078001CBF03F032
S2140273E07F03D81F7047006800F07F0070470328AD
S2140273F009D0022803D1C1F10201C8B270470029A0
S2140274000CBF07200020704737B5054601F10C0473
S21402741043696946012220469847BDF8003001229A
S21402742001932046AB6901A9984703B030BD37B532
S21402743001F10C0443690122694605462046984735
S2140274404FF6FF72009B99B291420DD11B0C1B04A2
S21402745043F4254343F0A503019301222046AB697A
S21402746001A9984703B030BD0020FBE737B50446B4
S21402747000251B22011D0DF107008DF8075000F0B4
S2140274806AF860689DF80720B2EBD06F03D120F04F
S214027490784003B030BD0DF107001B2204F108014D
S2140274A08DF8075000F057F8A0689DF80730B3EB48
S2140274B0D06F01D1C043EAE74FF0FF30E9E74BF265
S2140274C09A22036810B5B2EB134F044613D19BB24F
S2140274D0012B13D1FFF7CAFF01300CD04FF6FF7213
S2140274E0E068B2EB104F4FEA104309D180B2C01ADF
S2140274F018BF012010BD2368013303D00420F9E72A
S2140275000220F7E70320F5E701288CBF00200120C0
S2140275107047033801288CBF0020012070471430C2
S21402752070472DE9F04105469846036908460E461F
S21402753017469847044638B943463A4631462846DF
S214027540DBF76AFE044618B131462846FFF75CFFB1
S2140275502046BDE8F0811F2A0B689EBF4FF0FF3120
S21402756091408B43590801F055315B1A03F03331D1
S2140275709B0803F033330B44017803EB13130A44DE
S2140275804FF0013103F00F334B43A2EB136202704C
S214027590704730B5C27EC37F85B004460D468DF86F
S2140275A000208DF8013081B3012204216846FFF7DE
S2140275B003FA237F01228DF8043094F8203002214A
S2140275C001A88DF80530FFF7F7F994F83530023B3D
S2140275D0012B17D8637F00228DF8083094F82130EB
S2140275E0012102A88DF80930FFF7E6F900220421EE
S2140275F0A37F8DF80C3094F822308DF80D3003A856
S214027600FFF7DAF9002005B030BD0A466846FFF7F4
S214027610D3F9237F2A468DF8043094F82030294681
S21402762001A88DF80530FFF7C7F994F83530023B0C
S214027630012BE7D8637F2A468DF8083094F821306C
S214027640294602A88DF80930FFF7B6F9A37F2A4625
S2140276508DF80C3094F8223029468DF80D30CEE79E
S214027660002307B58DF8033090F83530022B0BD186
S214027670437F0DF103018DF8043090F8213001A804
S2140276808DF80530FFF7D0F99DF8030003B05DF8DA
S21402769004FB90F8363083B9012203685A619A696E
S2140276A0D207FCD541F21C62042103795B0103F187
S2140276B0A04303F5703399507047022B07D1006838
S2140276C0036C9B074CBF0521092100F0E2B8704706
S2140276D090F836306BB942F21C62042103795B01E2
S2140276E003F1A04303F570339950022203685A61EE
S2140276F07047022B07D10068016C11F0020118BF17
S214027700062100F0C6B8704770B5044611F022F99B
S214027710A36B05464BB911F014F90121064608463B
S21402772010F050F9304611F007F9A36B28460133E2
S214027730A363BDE8704011F008B938B504460D469B
S21402774011F008F9A3889BB223B92B60BDE8384034
S21402775011F0FBB8142263889BB202FB0343083382
S2140277602B606388E2889BB20133B3FBF2F102FB23
S21402777011339BB26380A388013B9BB2A380E5E7EB
S21402778090F8363013B9036898697047022B06BF23
S2140277900368186C00207047836A9888C0B27047E6
S2140277A037B590F835500446022D21D1417E827FAE
S2140277B090F8223049B98DF804208DF8053001A8DA
S2140277C0FFF720F9002003B030BD012907D18DF85C
S2140277D004208DF8053001A8FFF702F9F2E7017ED2
S2140277E08DF804208DF8053001A80029F4D1E7E7CA
S2140277F0012DE7D1037E6BB911238DF80430DCF737
S21402780055F82A46204601A9DBF7D2FF2046DCF7C8
S21402781065F8D7E71323F0E708B50FF055FFBDE884
S21402782008400021DCF7A6BC0029CCBF01210021BC
S214027830DCF7A0BC02214FF42070DCF7E9BF7047EA
S21402784070470020DDF7F8B80120DDF7F5B870477D
S214027850C36C0B42FCD1704708B543680246DB078F
S21402786014D50A2350210363FFF7F2FF136C99071E
S214027870FCD1936A012110469362FFF7E9FF136C6D
S2140278801B0604D4012302F50052536008BD536B55
S214027890F5E738B50A46044619B9BDE83840FFF799
S2140278A0DBBF012100F58053596002F00F0540F25C
S2140278B0FF71FFF7CDFF78210563FFF7C9FF02F0DE
S2140278C00103520748BF43F00203226C02F0030290
S2140278D09A42FAD138BD036C5B06FCD5C163704789
S2140278E04FF0B0435A6812B19A6A002AFAD170472A
S2140278F070B5044685684FF42070DCF781FCA368F7
S21402790005F00102E16903F06003BDE87040DDF7AF
S214027910B1BB012200F580535A60CB43934003F07B
S2140279200A034361416111B900F500504260704795
S21402793083695B06FCD5C163704770B5054614467D
S2140279400E4610F0FEFF2B685C4034405C402C6014
S214027950BDE8704010F0F0BF0122417803788A40FB
S21402796030214B4342F2100103F1A04303F570337A
S2140279705A50704721FA00F2D20730B5034600F09B
S214027980FC040FD500220132D2B2042A02D14FF0F3
S214027990FF3008E0831803F00303234421FA03F5BB
S2140279A0ED07F0D4184630BD00F005B809B1DDF792
S2140279B029BD2220704700207047DDF76BBDD9F73E
S2140279C005BE40B2DDF734BE0E2070470E2070476B
S2140279D0704770477047F8B50C468D180735524207
S2140279E01540A5F108070646384600F039FAA18880
S2140279F0381B628801EBE00189B2A2EBE00225F8AF
S214027A00041C25F8062CA288C310AAB1A4EBC20255
S214027A10B2F802C0D18003EB0C015180E28892B129
S214027A20D31A9BB204EBC20425F8023CA380B368C7
S214027A300344B3603846F8BD15F8082C42F002023B
S214027A4005F8082CEAE725F8022CF0E72DE9F04FB6
S214027A5017464FF0000887B07A1C109A054614BFE6
S214027A603C460824CDF81480002A00F0C780C2F8ED
S214027A700080002900F0C48042688A4240F2C0803A
S214027A80073103F0010921F0070610F063FF05AA8B
S214027A90CDE9008282463A464B463146284600F0F9
S214027AA0E3F9059F834607B130B9504610F04DFF03
S214027AB0192007B0BDE8F08FB7F8028029694FEAAF
S214027AC0C802C0EBC8080139B8F1270F29617AD974
S214027AD0B9F1000F51D1864206F1080848D0224675
S214027AE039462846FFF777FF04460590059B9844DB
S214027AF0404600F0B5F9059906F10F004A88C3081A
S214027B00A2EBD002A8F80220CA88A8F80430002AFD
S214027B1030D0D31A9BB201EBC202A8F8063093808B
S214027B208B88F608A380B8F804303A46E3804146CC
S214027B3000232846668000F004FAAB680833AB6080
S214027B40237843F0010323702B6901332B6162888B
S214027B50AB68504603EBC203EA68AB60934288BF49
S214027B60EB6010F0F2FE109B083400201C60A0E7C9
S214027B703C46BBE7A8F80620D2E707EB08042046F7
S214027B80039200F06DF90BF10703DB080599638099
S214027B9008F10703DB08A380CB8893B1DB00039AC6
S214027BA0D81D821A5A44C2F3CF020B44E2809A804E
S214027BB0A38808F1FF384FEAD808A1F80280CB80E4
S214027BC0BBE7E380F4E7B9F1000F1BD007F1080327
S214027BD0B3FBF4F204FB1233B3B12246394628460D
S214027BE0FFF7F9FE044623783A4643F00103237072
S214027BF021460123284600F0A4F9A8E7222058E7E8
S214027C00212056E78642E8D13C46ECE707B500223B
S214027C104FF0FF3101AB0192DDF7B8FD019803B0DA
S214027C205DF804FB07B5009313464FF0FF32FFF7EB
S214027C300DFF03B05DF804FB2DE9F74F0C46002953
S214027C4000F0E08008460FF027FE0546D0E90568FA
S214027C5010F080FE14F8087C34F806CCFB0700907F
S214027C6002D5BCF1000F06D1009810F06EFE01207E
S214027C7003B0BDE8F08FAB68D5F8109034F804EC8A
S214027C80A3EBCC0B09F10103A4F108010CF10102EC
S214027C90C5F808B02B61BEF1000F39D0A1EBCE03B8
S214027CA0D888B3F802A00190187807F00207C00738
S214027CB023D41FBB0198A0EB0A07012F28D10CF191
S214027CC00202ABF108075244C5F81090AF6034F8D0
S214027CD002ECBEF1000F1DD114F8081C24F806ECC5
S214027CE06EF3000104F8081C013A5A801A786EF303
S214027CF000021A700022DA8040E04FB114F8087CC5
S214027D0072446FF3410704F8087C00279F80DEE781
S214027D100B46DCE701EBCE0AD5E9007007EB00095B
S214027D20CA450ED314F8081C013A6FF3000104F892
S214027D30081C002124F8061C5A801A7861F30002F7
S214027D40D7E711F83E10574611F001012FD014F86C
S214027D50081C013A6FF3000104F8081C002192B2D5
S214027D6024F8061C5A801A7861F300021A70C3F1CE
S214027D7007023A44C2F3CF02DA80BA80002E3FD01E
S214027D80B3423DD37288002A08BF1E46B8F1000FE0
S214027D9006D0434504D8B8F80220002A18BF434646
S214027DA00098C5E9056310F0D0FD002060E7AEEB51
S214027DB00C0EBEF1010FCAD1BAF802C0AAF8021020
S214027DC09444BAF80620CAB10AEBC20700212A690F
S214027DD0013A2A61AA68083AAA6014F8082C24F81C
S214027DE0061C6FF3000204F8082C1A78A3F802C0E7
S214027DF061F300021A70002FB9D17BE71746E5E758
S214027E001E46C3E7222033E701460020FFF714BFD1
S214027E10FFF7FABF70B5049E15461A4696B10023C0
S214027E2033608DB181B14D4333462946FFF7FAFEE2
S214027E30044628B9306818B12A46214601F007FDE3
S214027E40204670BD2224FBE72124F9E707B500226D
S214027E5001AB0192DDF7B0FC019803B05DF804FBBC
S214027E600023036043607047F0B5D0E90540551C17
S214027E7008BF0822002B4FF0000518BF0446DDF8A5
S214027E8018C0CCF80050002C37D09DF814706588C6
S214027E90FF0007EBC505C2F1000E2078C00708D523
S214027EA01BBBE088A0B104EBC004658807EBC505E0
S214027EB0F3E78D42F4D363B904F10806B6FBF2F099
S214027EC002FB106670180EB1A842EAD8CCF8004041
S214027ED0F0BD082A0FD06088013004EBC000461AB5
S214027EE006EA0E06801B8542F0D2A0880028EFD054
S214027EF0A4EBC004D9E70846E8E72046E8E70346CD
S214027F0010461A69DAB108B921B918680378DB078E
S214027F1002D470479869F9E739B9C3887BB100EB98
S214027F20C3000378DA07F8D47047012907D183889B
S214027F302BB1A0EBC3000378DB07F8D47047002010
S214027F4070472DE9F041D0E90545074688461646B2
S214027F50F3B194420FD042B1954215D14246012167
S214027F603846FFF7CCFF05460EE00A463146FFF7D5
S214027F70C6FF0446F2E70A460021FFF7C0FFB542F5
S214027F800446EBD0002EE9D0C7E90545BDE8F081EE
S214027F90944208D08C4228BF0C46B54205D04545CF
S214027FA038BF4546F0E70C46F7E74546ECE770B5BE
S214027FB000261C46C3E90001C3E90266C3E90500C0
S214027FC01E611A775E62FFF74BFF23690139C90803
S214027FD0013341802361A36830460833A360E36817
S214027FE00833E36070BD08B5DDF7EAFC08BD002380
S214027FF007B5684600938DF80430DCF7AFFD03B092
S2140280005DF804FB10B510F09CFC04460FF07CFCF7
S2140280102046BDE8104010F08FBC70474FF4C87081
S214028020DDF754BD7047704708B501F096FB01F0C6
S214028030A6FB01F0AFFB01F0BEFBBDE8084001F075
S214028040C3BB08B5DDF78AFBDDF7A2F9FFF7EAFF47
S214028050DDF714FBDDF7DCFAFFF7AFFCDDF724FEF5
S214028060DDF7D8FCDDF7D4FBFFF7DDFF00F007F8FD
S21402807001F07EFBBDE80840FFF7D6BF704708B5A3
S21402808001F066FB01F065FB01F064FB01F064FBA6
S214028090FFF7F4FF08BD08B501F098FB01F097FB67
S2140280A001F097FBBDE8084001F095BB00F000B870
S2140280B007B512200DF10601FFF778FCBDF80600A1
S2140280C003B05DF804FB10B5044602210EF0B8FBBF
S2140280D04FF4E16120460EF0B5FB002010BDFF20F4
S2140280E07047F7F72DBA13B51AB10024009400F0C2
S2140280F0F4F802B010BDF0B58DB005AC84E8070008
S2140281001C46A1420D4628BF2546129B0DB304B35A
S21402811011462846002603F53813CDE90A468DE8AF
S214028120030003F241135F02C5EB43230993029552
S2140281300CAA059B12E90700069500F06BFAA54209
S21402814007D23146621B381B0DB0BDE8F04000F086
S2140281505FBA0DB0F0BD30B591B001AC84E807004F
S2140281601C461346DA0049BF029A6200033222F026
S2140281700302014604A8FFF7B6FF04A800F0C2F8FF
S2140281801499224601F5381101F241114D0208A850
S214028190C4EB41210023FFF7A6FF05F5007100237B
S2140281A02246091B0CA8FFF79EFF0CA800F0AAF8AF
S2140281B008A904A800F086F811B030BD70B590B0DA
S2140281C001AC84E807001C461499164601F53811DE
S2140281D001F2411122464D0208A8C4EB41210023B8
S2140281E0FFF781FF05F5007122460023091B0CA844
S2140281F0FFF779FF0CA800F085F8F30048BF029A53
S214028200334648BF033201994CBF22F00302620094
S21402821004A8FFF768FF04A800F074F804A908A8E9
S21402822000F050F810B070BD10B58CB005AC84E804
S21402823007000E9ADDE9060102F5381202F5A07271
S2140282405202CDE9092300228DE803000B92029325
S2140282500CAA059B12E9070000F0DCF90CB010BD71
S2140282602DE9F04B4FF0000899460746164645465C
S2140282708AB003AC84E8070002F0805B07AC049A7D
S214028280424502D80AB0BDE8F08B139B13B9AA1E6A
S214028290012A0AD9129BCDE90779099600955BB1A6
S2140282A094E807004B46FFF726FFBBF1000F00D10C
S2140282B04F440135C844E2E74B4694E80700FFF70F
S2140282C0B3FFF2E708B5DDF7F9FEDDF72DFFDDF7C0
S2140282D035FFBDE80840DDF745BF10B5044622F07D
S2140282E07042103060602160A26039B1A26803F06B
S2140282F070431343A360029BE36010BDA36843F080
S2140283008043F7E701234360C36843F02003C3605A
S214028310836843F00053836070470E2070474FF423
S214028320806070474FF48070704701207047DDF719
S2140283306FBEDDF735BEDDF739BEDDF73DBEDDF7D4
S2140283409DBE37B515464A6804463AB18C68009316
S214028350096845EA0403FFF7C0FF0446204603B057
S21402836030BD2DE9F04FD3B0CDE90123DDE95D7BC9
S214028370DDE95FA900230390042003ACCDE90503E1
S21402838007C907AB83E8070021461846619E049496
S214028390DDF7FCFE8046002840F0B3805C9A0AAB0C
S2140283A007CADBF8045083E80700DAF804304C42C8
S2140283B01D44D9F804306D425B420093BB6805F059
S2140283C00F05DA0048BF7B6804F00F0442BF033390
S2140283D023F003037B60B368DB0041BF736803339B
S2140283E023F0030373600023DBF80400DAF80420AA
S2140283F0CDE9153381182944CDE90E1379680D931A
S214028400494201F00F01CDE91031716812934942D9
S21402841001F00F01CDE91331CDE9173319935C9BB7
S2140284205B684BB9D9F804301343184301BF1024D4
S214028430CDE90B4016AB0A9311234FF0005204A964
S21402844032A8FFF77EFF40F611034FF0005207A94D
S214028450FFF777FF42F611034FF000520299FFF73B
S21402846070FF44F611034FF000520199FFF769FFBF
S214028470412300225946FFF764FF2B024FF00052B9
S214028480514643F04103FFF75CFF23024FF00052D0
S21402849043F001030AA9FFF754FF009B4FF0005276
S2140284A01B0203F47063494643F00103FFF749FFDA
S2140284B01038FFF727FF00230DA91A461AA8FFF760
S2140284C040FF002339461A46FFF73BFF002310A958
S2140284D01A46FFF736FF002331461A46FFF731FFEA
S2140284E0002313A91A46FFF72CFF002362991A46A7
S2140284F0FFF727FF1038FFF705FF1AA932A8FFF784
S214028500E1FE404653B0BDE8F08F084611461A46D3
S2140285105B68102B01D1DDF7C1BE0720704782B021
S21402852000B589B00DF1200C20290CE907000B9349
S21402853012D8DDE90E0102AB83E803005CE9020112
S2140285408DE803000BAA059B07CA00F0EAF809B0FB
S2140285505DF804EB02B070470120F8E782B070B510
S21402856086B00B93119B03AD202B85E807003CD801
S2140285700C9AB2EB430F3AD10F9EB34237D1062282
S2140285805A438A4203D003EB83038B422FD1012244
S21402859031462220129BDDF7D3FC0446F8B90123AC
S2140285A0CDE9003395E807000E253346FFF758FE5F
S2140285B000950EAA07CA3346FFF79DFD23460622FC
S2140285C029460220DDF7A8FCDDF7D6FC0623044682
S2140285D078B900930BAA334607CAFFF7EFFD204689
S2140285E006B0BDE8704002B070470124F7E70724E2
S2140285F0F5E71C46F3E7034610461944CA1A012A51
S21402860000D5704711F8012D02440A701012F5E7E2
S21402861001F01DB982B02DE9F0438BB005AE86E8B5
S2140286200700079D1F4615F0804513938046DDE937
S21402863014328946169C16D18C4228BF0C46D200AC
S21402864016D584B10F2C1AD8A9EB0502042A3B686A
S21402865028BF042208EB050009A90435099301F096
S214028660FEF8AC42F0D80BB0BDE8F04302B070475B
S2140286709C4228BF1C46002CF5D00F2C13D9DDE9EE
S21402868014018DE803000294139B96E80700DDF7B9
S2140286901DFDDDF749FDDDF751FD0BB0BDE8F043EA
S2140286A002B0DDF75FBD224639460BB0BDE8F043A7
S2140286B002B001F0D4B882B070B586B00E9E0B93AD
S2140286C00C9B03ADB3EB460F85E8070027D10122CA
S2140286D0314626200F9BDDF733FC0446C8B901233A
S2140286E0CDE9003395E8070006253346FFF7B8FDC7
S2140286F000950BAA07CA3346FFF72DFD23462246EE
S21402870021462846DDF708FCDDF736FC041E18BFB6
S2140287100524204606B0BDE8704002B07047072424
S214028720F7E782B02DE9F04F89B01D461393149BEC
S21402873001AC8B4284E8070006460C4605D00720AB
S21402874009B0BDE8F04F02B070476B1813F8013C51
S214028750DB07F4D50027EB5DB3B34FF0FF084FEA13
S214028760480111EA030A5FFA81F8F8D13A465146FF
S21402877006EB07093046E71B01F069F804F1FF3BF8
S214028780CDE9067ACDF814900DF1140A9AE80E0097
S214028790DDE91607B847002101278C46084699F8F6
S2140287A0003023EA080389F80030A1420ED1BCF15A
S2140287B0000FC4D00028E9D1002FE7D101223046AD
S2140287C0FFF719FF3846BBE70137C4E76A5C735CFC
S2140287D08B4508BF02F0FE02A2EB030E5FEA1E2ED6
S2140287E007F0010E08BF4FF0000E5340013B1B0A74
S2140287F007F0010740EA0E0008BF00270131002AF1
S21402880018BF4CF0010CD0E708B5DDF7CFFB10F02F
S2140288100E03FAD0022BF8D010F4806018BF0620A0
S21402882008BD10B50446DDF7E5FB2046DDF72EFE53
S21402883018B9BDE81040DDF795BE10BD00F071BF57
S214028840002070470020704770B506460D46144655
S2140288508CB0CAB11022002108A800F0F8FF00224E
S21402886007AB029305AB019306AB0093304629464D
S21402887008ABCDE90522DDF703FF18B9099B636053
S214028880059B23600CB070BD6FF08600FAE71FB53B
S21402889004A800E90E0011460198DEF72DF930B162
S2140288A0DDF756FE05B05DF804EBFFF788B805B0B5
S2140288B05DF804FB70B505460E46DDF77FFE0446FE
S2140288C048B931462846DEF717F9044628B1DDF7DF
S2140288D03FFEDDF77FFE204670BDBDE87040DDF747
S2140288E079BE10B5436A8AB0041DCDE90143002360
S2140288F0CDE9052310223C30CDE90331CDE908232A
S2140289000790DDF75BFE60B907AB1A4604A901A81B
S214028910DDF79CFC0446DDF75DFE002C18BF6FF009
S21402892092000AB010BDDEF791BC08B528B14C2201
S214028930002100F08CFF002008BD6FF08600FBE7E8
S2140289400020704738B51C460023084623601146AF
S2140289501546FFF7AFFF00B9256038BD08B510F021
S214028960ADF9002008BD10B5044608B1DEF744FD97
S2140289702046BDE81040FFF74BBA00F4E040B0F5E1
S214028980805F04D0A0F5005358425841704701203A
S2140289907047F0B51F4600F0FE43B3F1106F16465F
S2140289A087B015D120F01F6424F4702484B9D1E96D
S2140289B008234C68240A0BD10E9C009604940D9C46
S2140289C003940C9CCDE90174DEF782F907B0F0BD82
S2140289D06FF08500FAE73AB1002918BF002321217B
S2140289E0D21A184400F033BF704738B503790446EC
S2140289F00D464BB9636900202B60237E012B0AD0FB
S214028A0028606FF0960005E0D0E9081200F0E5FD58
S214028A100028EFD038BD02232376FBE72DE9F04F7E
S214028A209B46002389B08DF81B30159B9146DDE9E5
S214028A3012A7002B0E460B460CBF4FF400624FF4F3
S214028A40806207A9DDF85080DEF758FE044600BBB8
S214028A50079D304629880DF11B02DEF7BDFE04464F
S214028A60B8B99DF81B30BB4225D8D5E9081268680C
S214028A70000A23D1CDE9033828463346CDE901BAA8
S214028A80CDF80090DEF77AFB10F1860F044600D090
S214028A9008B1C8F800703A4621465046D8F8003069
S214028AA0FFF799FF079800F067FD002C18BF2046D5
S214028AB009B0BDE8F08F6FF08904EAE76FF086042C
S214028AC0E7E700232DE9F3414668D0F81480044610
S214028AD00F4630461146136000F050FD054688B931
S214028AE0304600F04DFD054660B9F6B276B9B8F1EB
S214028AF0000F05D1A06820F47F4020F0030060B18B
S214028B006FF08605284602B0BDE8F081014660692E
S214028B1000F00CFD0028EDD1F2E74FF6F8736288FC
S214028B209A4219D894F80480B8F1000F00D101A82F
S214028B303946DFF77FF805460028E3D10FCC3F68B9
S214028B403E460FC694E8030086E80300B8F1000F1D
S214028B50D8D1019B7B61D5E76FF08505D2E741F25C
S214028B60052398421AD8B0F5905F09D241F2010364
S214028B7098420CD0B0F5885F09D06FF08500704738
S214028B802923A0F5905080B2C340DB07F5D511F03B
S214028B90070F0CBF00206FF086007047B0F5105F1D
S214028BA0EBD121F04003802B06D0B1F5807F0CBFBD
S214028BB000206FF0860070470020704770B5046A88
S214028BC005460E463CB90120FFF740F9286228B157
S214028BD020466E6270BD6FF08A00FBE76FF08C0075
S214028BE0F8E7F8B50F46114606461546FFF7E6FFC4
S214028BF0044620B92A463946306A00F030FE20463E
S214028C00F8BD2DE9F041089D88461F46048802B348
S214028C102046FFF7B2FEE0B12B680BB9D3002B60FB
S214028C2020462968FFF79BFF044678B9CE1DB2EBB3
S214028C30D60F11D1069B9A4211D84146384600F00B
S214028C400EFE2B68079A0733DB0813602046BDE842
S214028C50F0816FF08504F9E76FF08604F6E76FF0AF
S214028C608904F3E72DE9F04F476885B03F0A0446CA
S214028C70DDE90E9A0D4616469846DDF840B015D147
S214028C80CDE901ABCDF80090DEF7B0F910F1860F12
S214028C900ED14346324629462046CDE90FABCDF8E3
S214028CA0389005B0BDE8F04FFFF7ABBF6FF0860017
S214028CB005B0BDE8F08F10B50446006A10B1616ACF
S214028CC0FFF751FE0020C4E9080010BD38B505467E
S214028CD0FFF7F1FF2B7E0446012B0ED0023B012B41
S214028CE00ED8EB69012B18BF6FF0960428220021DC
S214028CF0284600F0ACFD204638BDEB69002BF2E7B3
S214028D006FF09604F2E713B50446C0B101A9DEF788
S214028D10D1FF044698B9019B1A7E022A12D1032279
S214028D201A761A79FF2A10D01AB1586900F03AFC5E
S214028D300446019800F00BFC002818BF04462046A3
S214028D4002B010BD6FF09604F3E76FF08404F0E70C
S214028D5073B5054608460C4600F059FB0023284624
S214028D601A4601A9DEF7CAFC50B9019E35460FCD58
S214028D700FC495E8030084E80300304600F0FCFBCD
S214028D8002B070BD70B5144602881D461046049E99
S214028D90FFF7F3FD68B944F2010322F4405098420B
S214028DA007D002F44F42B2F5824F02D0B2F5844F9A
S214028DB00ED1B4420FD82246284600F050FD0021BC
S214028DC0321B281900F043FD0020059B1C6070BD75
S214028DD06FF08500FBE76FF08900F8E72DE9FF41A9
S214028DE088461F46164622B3002301223B6003A98B
S214028DF0DEF784FC044650B9039D6B68D5E9081279
S214028E001B0A08D0284600F0B7FB6FF086042046FF
S214028E1004B0BDE8F08143462846CDE90067FFF777
S214028E20B1FF0446284600F0A7FB002C08BF044604
S214028E30EDE76FF08904EAE770B514460288049DF0
S214028E4002F4E040B0F5804F1CD144F2010022F457
S214028E504056864207D002F44F42B2F5824F02D005
S214028E60B2F5844F0ED1AC420FD81846224600F017
S214028E70F6FC00212A1B204400F0E9FC0020059B9A
S214028E801C6070BD6FF08500FBE76FF08900F8E7A5
S214028E90F0B50F461E46154685B00AB3002303A951
S214028EA01A463360DEF72AFC044638B9039803886C
S214028EB05B0406D400F060FB6FF08604204605B023
S214028EC0F0BDCDE900563B46D0E9081200F0FFFAA5
S214028ED00446039800F050FB002C08BF0446EDE75A
S214028EE06FF08904EAE72DE9F0411F46002388B0B7
S214028EF0064688461546CDE905333B60002A51D022
S214028F00B2F1005F51D206AA05A9FFF7DAFD0446C0
S214028F1098B90598436AABB105982A4643884146F4
S214028F20079307AB029300F124030193436A00936D
S214028F30036AFFF797FE044688B1059840B3FFF729
S214028F40C5FE25E073681B0A02D06FF08604F4E7BC
S214028F502946FFF733FE04460028DDD0EDE70598E4
S214028F60079B4288C2B943804FF6F872934216D8DE
S214028F70338813B102889A42E7D1738813B14288C4
S214028F809A42E2D13946FFF730FD04460028D4D192
S214028F90204608B0BDE8F0819A42D6D1E4E76FF0E9
S214028FA08504CAE76FF08604F2E76FF08504EFE700
S214028FB010B50446006868B106280CD104F1080012
S214028FC0FFF7B3FC00232360A38823F4FF7323F088
S214028FD00103A38010BD6FF08600F3E72DE9F0438E
S214028FE0984600230C46016885B00546174603934B
S214028FF000293FD100F108094C22484600F027FC20
S214029000B8F1000F20463B4614BF4FF480624FF47F
S214029010006203A9DEF772FB044668BB039E38466D
S21402902031882A1DDEF7D8FB044628BB6B7968F325
S21402903000036B717168D6E90823090AB8F1000FBC
S21402904011D001BB314648460097DEF7FFF80446CA
S21402905090B9062303982B6000F08EFA0446204649
S21402906005B0BDE8F08371B9314648460097FFF770
S2140290705AFCECE76FF088042846FFF799FF03983E
S21402908000F07AFAEBE76FF08604F5E70123FFF7C4
S214029090A5BF38B50546006898B112B90024204627
S2140290A038BD06280AD105F10800DEF701F90446A4
S2140290B00028F3D02846FFF77BFFF0E76FF0860420
S2140290C0F8E76FF08804EAE72DE9F0410546006804
S2140290D00E4617469846C8B16A79D20716D52A7937
S2140290E0A2B1BA4215D8062816D105F10800DEF755
S2140290F02FF9044698B10023C8F800702B71A6B960
S2140291002846FFF755FF2046BDE8F0816FF0880439
S214029110F1E76FF08904EEE76FF08604EBE726B915
S2140291202846BDE8F041FFF743BF21463A4630469F
S214029130D8F80030FFF74FFC2846FFF739FF002C1F
S21402914008BF0446DFE71FB501240394089C029477
S214029150079C0194069C0094FFF760FC04B010BDC7
S214029160036819430CBF0120002070472DE9F04721
S21402917007469A46002386B0059307F0FE43B3F1EE
S214029180106F0846DDE90E589146109E0BD0002D52
S21402919048D12846356000F0EFF96FF08604204685
S2140291A006B0BDE8F0873B464FF4804205A9DEF7DD
S2140291B0A5FA044628B175BB3560059800F0DCF9BF
S2140291C0EDE705990B8823F0FF03B3F5E24F02D0D3
S2140291D0B3F5E44F0CD14B880733B8EBD30F07D265
S2140291E01DBB0846356000F0C7F96FF08904D6E764
S2140291F053464A463846CDE901860095FFF7C9FB35
S21402920004463DB90598356000F0B6F9002C08BF53
S2140292100446C4E760B141462846DEF751FAC6F86E
S2140292200080CAE76FF08604F5E76FF08904F2E77C
S214029230059800F0A1F90446B1E7DEF741BA08B591
S2140292400088DDE90221FFF798FB20B1BDE808405F
S2140292501046DEF735BA6FF0850008BD2DE9F04FEF
S2140292601E46002389B01746129ACDE905331360CD
S214029270438881460D46002B00F0C680038803F41F
S214029280E043B3F5804F00F0BF8031462846FFF733
S21402929067FF002800F0B880484606AA05A9FFF72F
S2140292A010FC0446002840F08280059B5B6A83B16E
S2140292B0DDF81490CA46D9F80430D9F820B01B0A53
S2140292C05AF8248F78D06FF086040598FFF7F3FCDF
S2140292D06DE0D9F804301A0A62D1B9F800A0B9F8DC
S2140292E002105046FFF749FB80B15046FFF737FCA5
S2140292F0044600285BD10AF4E043B3F5805F02D04F
S214029300B3F5005F0AD10731CA0817E02AF0FF0357
S214029310B3F5E24F37D06FF0850448E00AF44F43C6
S214029320B3F5844FEFD047F201039A450FD14908AF
S2140293300131C90801EBC10101F13B02079207990D
S2140293400598FFF73BFC04460028B1D02FE044F214
S21402935001039A4503D1C90801F11002EEE747F26C
S21402936002039A4505D1C90801EB410101F15A02EF
S214029370E4E744F202039A4505D1C90801EB41012C
S21402938001F14A02DAE72AF0FF00B0F5E24FBAD05E
S214029390B0F5824F01BFCC1DE4086400621CCDE725
S2140293A0484607A900F037F804460028C7D00598B3
S2140293B0D8B1FFF78BFC18E0B9F800305B0418D47C
S2140293C033463A4629464846CDE9018ACDF800B0EA
S2140293D0FFF735FF04460598002C7FF476AF129906
S2140293E0FFF703FB04460028E1D1204609B0BDE89A
S2140293F0F08F5346424659464846DDF715FD10F1B2
S214029400860F0446E7D1DBE76FF08604EDE7182205
S214029410002100F01CBA028843884068000A51D135
S21402942002F4E040B0F5805F02D0B0F5005F05D1EF
S2140294300733DB0840D16FF08500704702F44F40D7
S214029440B0F5844F03D10733DB080AD1F3E747F2BE
S2140294500100824208D15B080133DB0803EBC30339
S2140294603B3300200B60704744F20100824202D177
S214029470DB081033F5E747F20200824204D1DB082C
S21402948003EB43035A33ECE744F20200824204D170
S214029490DB0803EB43034A33E3E722F0FF02B2F5AD
S2140294A0E24FD0D0B2F5824FC5D10733DB085B005E
S2140294B00133012BD5D1BEE722F0FF02B2F5824F6F
S2140294C0CFD1F6E700236FF086000B6070472DE9D8
S2140294D0F34747680446DDE90A9A3F0A0D461646F0
S2140294E0984611D1CDE9009ADDF708FD10F1860FF6
S2140294F00CD14346324629462046CDE90A9A02B0A6
S214029500BDE8F047FFF798BC6FF0860002B0BDE8F2
S214029510F087037E022B06D1C3695A1C03D001339F
S214029520C361002070476FF09600704703466FF0E5
S21402953040420846591E914207D338B103F14043D0
S21402954093428CBF002001207047012070470346DB
S21402955068B1017E8A1E012A0BD80329C26903D18B
S214029560012A01D1FFF7B2BB1AB1013ADA61002033
S21402957070476FF096007047FFF7E9BF002070470C
S214029580C0B2FF280CBF6FF086000020704707B5F8
S21402959000216A46FFF758F98C3018BF012003B045
S2140295A05DF804FB13B500216A460446FFF74CF942
S2140295B08C3002D1002002B010BD00212046DDF71B
S2140295C053FA014610B16FF09800F4E76A46204657
S2140295D0FFF73AF98C30EDD0F5E72DE9FF41074663
S2140295E01446884600293FD0002A3DD0B2F5005FD7
S2140295F03DD202F1240631460120FEF727FC05463D
S214029600C0B303463A4621464046DEF7B1FB7F69C1
S21402961000243846FFF7BBFF01281FD021462B4601
S214029620324638460094DDF759F90146C8B938463D
S21402963002AAFFF709F9044620B9029B9E4205D00A
S2140296406FF0980438460021DDF70EFA31462846B8
S214029650FFF789F9204604B0BDE8F0816FF08A046E
S214029660F4E76FF09804F1E76FF08604F2E76FF024
S2140296708D04EFE76FF08C04ECE7FFF774B92DE981
S214029680F047D0F814A086B0814688461746504662
S214029690002104AAFFF7D8F8044610BB049E012056
S2140296A03146FEF7D3FB0546002837D02146504602
S2140296B004AA0394FFF7C8F8044670B903AB02463F
S2140296C02146CDE9005350463346DDF777F9039B32
S2140296D004469E4209D06FF0980431462846FFF7AA
S2140296E042F9204606B0BDE8F0870028F5D13B4691
S2140296F0424631462846CDF80090DEF757FB044630
S2140297000028EAD1D8F800302BB13B68002B08BFFE
S2140297106FF09104E1E76FF09104DEE76FF08C04DE
S214029720DFE7002070477047DEF78ABB08B5D7F739
S21402973001FBFCF78EFFBDE80840D7F709B808B56D
S214029740D7F724FBBDE80840FCF75FBFFCF78FBFE6
S21402975070477047D6F7CABE704708B5D7F7A8FC59
S214029760FEF722F9D7F79AFCBDE80840D9F7D2BC33
S21402977008B5DEF75FFBBDE80840D7F77BBD08B546
S214029780D7F736FFD7F7E6FFDEF78EFBBDE80840D1
S214029790D7F7F2BE08B5FCF768FFFFF74FF8DEF71B
S2140297A0B7F9FFF7BEFFFFF74DF8FFF7D7F8BDE8AA
S2140297B008400FF083BA08B5DCF79EFBFEF791FC73
S2140297C0BDE80840FCF716BFFFF7B9BF7047D7F7EA
S2140297D08FBEDEF745BBD7F78BBDFCF718BFD7F7B2
S2140297E065BA08B5FEF72DFCFFF79DFFFEF753FCA2
S2140297F0FFF79AFF0EF03EF9F8E70139024410B57A
S214029800904201D1002005E0037811F8014FA342EF
S21402981001D0181B10BD0130F2E7884210B501EBEB
S214029820020402D98442234607D8431EA14208D026
S21402983011F8012B03F8012FF8E7024401468A4289
S21402984000D110BD13F8014D02F8014DF7E70244AE
S2140298500346934200D1704703F8011BF9E70A4416
S214029860431E914200D1704710B511F8014B914248
S21402987003F8014FF9D110BD034613F8012B002A55
S214029880FBD1181A0138704710B5044600F03800AC
S214029890DEF764FE78B1D0E901324178C4F30744BA
S2140298A011F0020F08BF1346043B53F8040F10B121
S2140298B00278A242F9D110BD052B07D920F47F40C9
S2140298C020F0C70040F40070106091807047DEF709
S2140298D0D5BD20F400432DE9F7434FEA032909F4E6
S2140298E0E069C3F3062349EA030909EB01031C02F4
S2140298F0A4B2C3F302231C4320F47F4323F00703DE
S2140299001C43002307460E46204601A990460193B3
S214029910DEF7B4FD054660B1031D4B44A6B1B8F1AF
S214029920000F0BD1019B0246222120460433FFF78B
S214029930C3FF0025284603B0BDE8F083184632462A
S2140299404146FFF76AFF03463A044CBF23F8026C0F
S21402995003F8016CEEE710B500F1080454F8083C71
S2140299600BB9184605E054F8040C9847083400284A
S214029970F4D010BD70B504460C30DEF703FF0023AA
S214029980666856F8232062B906EB8305B5420AD10B
S21402999023697BB900236380637823F00E03637028
S2140299A070BD0133EDE755F8043DDB68002BEDD0C2
S2140299B09847EBE7DD68002DECD0043D55F8043FF0
S2140299C0002BE7D09847F9E738B5036905460BB18F
S2140299D0186810B90024204638BDFFF7BCFF0446BD
S2140299E00028F7D02846FFF7C5FFF4E770B543789E
S2140299F0054623F00C0343F002034370036953B198
S214029A00586840B1FFF7A7FF044620B12846FFF783
S214029A10B1FF204670BD6E68043E56F8044F2CB95E
S214029A20202005F10C01DEF79BFEF2E7A368002B6F
S214029A30F3D0984704460028EFD0E7E74078C0F313
S214029A4040007047437813F00E0F0CBF0120002031
S214029A507047F7B5044614F4004C4FF6FF7608BF7D
S214029A60FF2620F40040050205F4E065C0F3062058
S214029A709E42019145EA000504F0380E08468979AF
S214029A8004D201A800F0FAF900271AE0240C2404F4
S214029A904EF0800EEE1844EA0E0444EA162436020D
S214029AA00C31B6B2471834434450391D2944BCF130
S214029AB0000F09D021F8023C1146DEF761FD0028AE
S214029AC0E2D1384603B0F0BD01F8013CF4E72DE9D7
S214029AD0F041DDF818800E464146044615461F46FC
S214029AE000F03CFC78B9206800F05CFAA0EB0801B4
S214029AF0204600F0F9FA00233D4620682360079BC3
S214029B001D70BDE8F0812368002B08BF3546F6E7D6
S214029B1070B504460E4615680A460021FFF797FE02
S214029B2025F4004520462122314600F0EEF8290AA7
S214029B3004312046C9B200F071F9A3791C44E560ED
S214029B4070BD026810B501F0040022F40044C2F3AE
S214029B5006220021043240F0290000F023FC10B156
S214029B6083790344DC6010BD0346002200681A6055
S214029B700179DEF705BD10B50021FFF7E2FF0446C6
S214029B8008B9002010BD0179DEF7FAFC0028F8D1EA
S214029B90A3790C33E018F5E72DE9F04117461A468B
S214029BA0036801F0040123F400431C0204F4E06499
S214029BB0C3F306231C4341F02905043406463B46FC
S214029BC02146284600F058FC804650B1E1B200F02B
S214029BD09CF93B462A4641463068BDE8F041FFF70D
S214029BE038BFBDE8F0812DE9F341002401F00401FD
S214029BF00668074641F02905106829461460019058
S214029C0000F046F9019800F0CDF926F4004631023C
S214029C1001F4E061C6F30626314380460122043190
S214029C2001A800F03BFB30B101A800F027F920465E
S214029C3002B0BDE8F08143462A4601993868FFF72C
S214029C4008FFF5E708B5DEF795FC08B1C3681BB157
S214029C50003818BF012008BD4069F6E72DE9F04735
S214029C608846164658B352B3DEF7D2FC074640B3D0
S214029C70B1460025BA469AF806109AF807403F6899
S214029C80641AE4B2444584BF4446012544B10C310B
S214029C90484622465144FFF7E2FDA144A8EB0408D9
S214029CA05046DEF715FD002FE4D165B93246022094
S214029CB052F8041B0DF041FB2846BDE8F08722202F
S214029CC0FBE71B20F9E71E20F7E737B504460D46EB
S214029CD061B101A8DEF708FC286048B1019B201D8F
S214029CE098428CBF2120002003B030BD2220FBE723
S214029CF01120F9E708B50DF0FFFC002814BF142068
S214029D00002008BD70477047704738B505461446B0
S214029D100A460021FFF79BFD24F01C046B7944F0F1
S214029D20100443F004032C716B7138BD2DE9F74F14
S214029D301F469DF830308A4680460093002850D051
S214029D40002967D00C68002C66D04FF0000BE6792D
S214029D50A179761AF6B2BE4208D30C31394408EB22
S214029D60020945462144F61BC84537E02068A3464B
S214029D70BF1B002835D00446E9E7AB19994538BF22
S214029D80A9EB050632462846FFF769FD009B002B25
S214029D903DD0E279A079F3B237BB1844A071E279DC
S214029DA0A37927689A4232D1DAF80030A34208BF74
S214029DB0CAF80070BBF1000F01D0CBF80070204645
S214029DC0DEF786FC3C4635444CB10027A379E6799B
S214029DD003F10C01F61A2144F6B24D45CDD3A5EB9C
S214029DE0080003B0BDE8F08F121AD2B2F9189142F9
S214029DF009DA0C302044D21BD21A014438440193AB
S214029E00FFF70BFD019BE279D31AE371C7E7A3467E
S214029E102468D8E70846E4E72046E2E710B5C479A6
S214029E200246C4F14503D8B2884228BF0846044415
S214029E30D47110BD38B50546C079C0F14504E4B208
S214029E40944288BFD4B20C3022462844FFF707FD5E
S214029E50EB7920462344EB7138BD1FB503910021F0
S214029E60009103A9FFF762FF05B05DF804FB13B586
S214029E7001240094FFF75AFF02B010BD38B504461D
S214029E80206800B938BD0568DEF722FC2560F7E7D2
S214029E90034610B501F0EC0103B910BD1A7902F0C1
S214029EA013020A431A711A1A544254415A7964F335
S214029EB000025A711B68EFE710B558B101680268D4
S214029EC05AB1136823B15C79E40704D50024146000
S214029ED00360084610BD0360F1E71346F8E720B1B9
S214029EE0006810B14379DB07FAD57047034658B1CC
S214029EF00020DA7999791B68521A50FA82F01BB15F
S214029F005A79D207F5D57047704770B50D460446A4
S214029F10E8B186798E4203D3751A8571012070BD29
S214029F20C27906F145039B1ADBB299420FD806F1B5
S214029F300C010144921BA81BD2B20844FFF76DFC29
S214029F400023A371E3791D44AD1BE571E6E700200B
S214029F50E5E710B50C4698B191B18979E279C379F3
S214029F60521AC3F14503D2B2DBB2934208D30C3184
S214029F702144FFF75FFF2046DEF7AAFB012010BD53
S214029F800020FCE70346006818B102681A60002346
S214029F90036070470346006818B102681A60DEF76D
S214029FA097BB70470346002003B97047DA79997960
S214029FB01B68521A50FA82F0F6E72DE9F84F8946E6
S214029FC014468246FFF7EEFF05464846FFF7EAFFCD
S214029FD0A542074601D3A04208D2BD4208D10024BA
S214029FE0A346A046264647B9384604E02746F6E783
S214029FF038D24FF0FF30BDE8F88F5EB99AF8068087
S21402A0009AF80760A6EB080608F10C08D044DAF8BE
S21402A01000A0F6B2BBF1000F0BD199F8064099F8F2
S21402A02007B0ABEB040B0C344C44D9F800905FFA43
S21402A0308BFB5E45354628BF5D46BD4228BF3D4682
S21402A04021462A464046FFF7D8FB0028D3D1A8442B
S21402A0502C447F1BEDB2761BABEB0505F6B25FFA1E
S21402A06085FBC0E70120C6E703680BB901607047AD
S21402A0701A461B68002BFBD111607047036803B1B8
S21402A0800B600160704739B10B461A461B68002BFD
S21402A090FBD1036813600160704770B5046806461A
S21402A0A00D4644B12046FFF77DFFA84211D823682B
S21402A0B013B9E379A37170BD20463360DEF708FB5F
S21402A0C03468F4E7ED1A236820463360DEF700FBB7
S21402A0D03468002DEFD0A279E3799B1ADBB2AB424B
S21402A0E0F0D92A44A271E6E7F8B5066805460C469A
S21402A0F046B13046FFF756FFA0421DD8336813B963
S21402A100F379B371F8BD30462B60DEF7E1FA2E68BC
S21402A110F4E7064638460768002FFAD1C2798379F3
S21402A120D31ADBB2A34202D9121BC271EAE7E41ABF
S21402A130DEF7CEFA3EB13760002CE3D0286800285E
S21402A140E0D00026E7E72E60F6E7F8B504460F46AD
S21402A150BC4200D1F8BDA179E5796D1AEDB2C5F120
S21402A1604506B6B20EB92468F2E749B10C312A4662
S21402A170214404F10C00FFF750FB0023E571A371A4
S21402A1802368BB42EFD05A79D207ECD49979DD79AD
S21402A190A0796D1AEDB2B54228BF3546E2790C3089
S21402A1A010440C312A4619442044FFF758FBE37941
S21402A1B0206853FA85F3E3718379761B53FA85F5A3
S21402A1C0C379EDB2AB42B6B2857103D103682360A0
S21402A1D0DEF77EFA002ED3D1C5E738B50C46016805
S21402A1E009B9046038BD0D4609680029FBD1236809
S21402A1F023B12046FFF7A9FF2C60F3E72146284645
S21402A200FFF7A7FE0028EDD1F6E748B10023027952
S21402A2104360036083604379027143F00403437131
S21402A220704700221146DEF7D3BA38B504460D460B
S21402A230FFF76BFE98B984B12079FFF7F2FF58B1A9
S21402A24063794279C3F3400363F3410245235D1BFE
S21402A25004604271C371857138BD0120EDE7204666
S21402A260FAE738B5036804460D469BB11879FFF73E
S21402A270D8FF88B12368427903605B79C3F3400351
S21402A28063F3410245235D1B4271C37185712060F1
S21402A290002038BD0120EAE71920FAE738B50C4657
S21402A2A0054640B3006830B309B9002038BD4AB944
S21402A2B0C9B2FFF72AFE0028F7D12B689A7998715F
S21402A2C0A41A06E0452918D8C9B2FFF71EFE0028D0
S21402A2D0EBD1442C07D8002CE7D02846E1B2BDE8E3
S21402A2E03840FFF7BEBF45212846FFF7BAFF0028D1
S21402A2F0DCD1453CEDE72220D8E72120D6E72DE940
S21402A300F84390F8078090F806900446A8EB0907F1
S21402A310FFB2B9420D4602D30020BDE8F8830079A9
S21402A320FFF77FFF06460028F6D0A17980790C3128
S21402A3307F1B29440C30BAB221443044FFF78FFA0F
S21402A340F37901203B44F371E37999444D44236841
S21402A350A5EB0805E57133602660DEE7F8B5076809
S21402A36006460D463C46002305B12CB90BB1002229
S21402A3701A6034603846F8BDE379A2799B1ADBB2DC
S21402A380AB4207D8E379A2799B1ADBB2ED1A2346D1
S21402A3902468E9E72046E9B2FFF7B1FF0028F1D1C9
S21402A3A00746E7E75318452B02DCC9B2DEF710BAB8
S21402A3B000207047F7B5002605460F4601960DB9F0
S21402A3C0019C09E0002238461146DEF701FA0446EF
S21402A3D028B901A8FFF752FD204603B0F0BDAB79BD
S21402A3E08371EA79C27168796179D21A60F30001E1
S21402A3F0617169796079C1F3400161F3410060716E
S21402A40003F10C002918D2B22044FFF728FA019B68
S21402A41003B9019406B1346026462D68CFE72DE9CC
S21402A420F8430D461446064610B319B3DAB103468E
S21402A43099461B68002BFBD12746C8463A46294652
S21402A4404046FFF7F7FCC145A7EB0007054418BFD7
S21402A450C9F8008037B10022B1793079DEF7B8F951
S21402A460C14618B9E41B2046BDE8F8838046E5E7F6
S21402A4700446F8E70C46F6E737B51546C9B2002299
S21402A4801C46DEF7A5F9019040B122462946FFF7A1
S21402A490C6FF844202D901A8FFF7F0FC019803B078
S21402A4A030BDDEF73BBB4843DEF738BBFDF7B0BC3A
S21402A4B0212802D10846DEF761BBDEF7AFBB512882
S21402A4C002D10846DEF75ABBDEF7A8BB4FF0FF30D4
S21402A4D07047002070477047704700207047002082
S21402A4E07047002070474FF0FF30704711207047CA
S21402A4F000207047012070470020704700207047F8
S21402A500002070470020704770477047704708B5B4
S21402A510DFF7D4F8BDE808403120E7F7DBB838B5F6
S21402A52000F12C050446284604F089FA50B194F846
S21402A530203013F0180F05D02846BDE83840002119
S21402A54004F08EBAA06A38BD38B504462C3004F042
S21402A55076FA94F8213001288CBF43F0080303F002
S21402A560F70384F821302046FFF7D9FF054604F0AA
S21402A570ECFB94F82030228CC3F38001C3F3400333
S21402A5809B0043EAC10394F8211042F40052C1F33F
S21402A590C00143EA0113017842F0080201F02301E8
S21402A5A00B430370437803B122842846BDE8384043
S21402A5B004F0D0BB2DE9F04790F823300646012B75
S21402A5C00C4602D90020BDE8F08790F8203003F050
S21402A5D0010369B993B996F8213013F00C0F4CD1E8
S21402A5E096F82030DA0744D5631E58425841EAE707
S21402A5F0012903D113B1DFF751F9ECE73046357E76
S21402A600FFF78DFF04F0A1FB0778417817F02007CB
S21402A6100CBF02310331284618BFA02704F037FAD0
S21402A62096F821308146590754BF022196F8241025
S21402A63005F1FF3348BF0231012B9CBF013189B2BD
S21402A640284694BF4FF0A0084FF0000804F01FFA07
S21402A6508246F568DFF722F9A5F59673A3EB0903A0
S21402A660DB1BA3EB0A03A3EB08031B1A002BB2DCCB
S21402A670A8E7B4FA84F04009A5E70120A3E7532827
S21402A680F8B50C4615D009D8232800F0EA805128E0
S21402A69000F0C880BDE8F840FFF739BF5628F9D168
S21402A6A091F82030DA075CBF23F0100381F82030DF
S21402A6B0F0E7DEF775FE054600220221E6F724FCE7
S21402A6C0AB680646D80735D494F82330013384F8AD
S21402A6D0233094F82630013384F8263000260121F0
S21402A6E02046FFF767FF0746C0B194F82030D80728
S21402A6F040F1818094F8213059077CD404F12C0073
S21402A70004F09DF9012894BF00230123580094F811
S21402A7102210DEF731FD2046FFF716FF2846DEF749
S21402A7207DFE032E69D1284604F022FA2B7B84F89C
S21402A730273064E0002394F8212084F8233042F086
S21402A740100384F82130317894F82030C1F3800168
S21402A750C3F38000814218D083F0040343F0100153
S21402A76084F8201042F05002090784F821200CD504
S21402A77023F0080343F0100304F12C0084F8203081
S21402A78004F075F93320E6F7A5FF327894F8203006
S21402A790C2F3C001C3F34003994228D194F8213092
S21402A7A0D2064CBF43F0040303F0FB0384F82130C7
S21402A7B07378B3B994F8203083F0020384F820301B
S21402A7C0327897078AD072789AB143F0200384F8D9
S21402A7D0203094F82130032643F0200384F82130F9
S21402A7E07DE72846DEF76AFC0028E3D176E70126F5
S21402A7F075E7022673E7022089E7002E96D194F8C1
S21402A8002130DA070AD494F8202043F00103D60751
S21402A81048BF6A6884F8213048BF2260002F3FF4A0
S21402A82039AFF8BD91F82030084623F0300381F89E
S21402A830203091F8213043F0020381F82130FFF7EF
S21402A8406EFE04F082FA00212046FFF7B3FE0028CF
S21402A8503FF420AF94F822100120BDE8F840DEF75E
S21402A860A1BC91F82030DD06DBD518070BD465684D
S21402A870DFF714F82D1AB5F57A7FD2DB2046BDE84D
S21402A880F840FFF761BE91F821301907EFD504F1C1
S21402A8902C0004F0D4F80128E9D9C2E71FB500233A
S21402A8A0CDE90233036804460193037D01A88DF8BF
S21402A8B0093000F0CCF82368A2681344236004B081
S21402A8C010BD1FB50446102200216846FEF7BFFFE2
S21402A8D063686846019301238DF80830237D8DF85E
S21402A8E00B3002238DF80C30DEF7BCFC04B010BD32
S21402A8F008B5002322288B7503D056280CBF0123E7
S21402A90002234B75DEF7DAFEBDE808403120E6F793
S21402A910E1BE512810B50C4609D10846FFF7BEFF26
S21402A920E06804F017FA238A0133238210BDBDE8DB
S21402A9301040FFF7DDBF532810B50C4605D055284A
S21402A94010D0BDE81040FFF7D3BFDEF729FD8368BD
S21402A950DB0706D5204604F0A0FA10B9238A013395
S21402A960238210BD0846BDE81040FFF7AABF572055
S21402A970E6F7FCBEE7F764B90A2802D80130C0B28F
S21402A9807047242801D80230F9E7252805D0262862
S21402A99005D0272818BFFF207047002070470C20DC
S21402A9A0704708B5E7F752F920B1BDE80840202005
S21402A9B0DFF78AB908BD70477047704770478B69E2
S21402A9C0184700230370704700207047704770478F
S21402A9D070474FF000007047002070470020704715
S21402A9E0704700207047002070477047002070476D
S21402A9F000207047002070470020704700207047F4
S21402AA0000207047002070470020704700207047E3
S21402AA10002070474FF0FF307047704770470020A5
S21402AA2070477047002070477047704770477047FE
S21402AA307047704770477047F4F7BABBF4F7C0BB6D
S21402AA40F4F7D8BBDAF7D6BADEF7B8BA704708B565
S21402AA50DEF7E8FA18B1BDE80840DFF741B908BDED
S21402AA602DE9F8430E6A05460C461EB10660002024
S21402AA70BDE8F883088B4B8B1844DEF737FA28605C
S21402AA8090B32046DEF7CAFCD5F800800A2198F873
S21402AA9006704046FFF7C2F90C37A37B08EB07099E
S21402AAA089F80730637B314689F80630628B238B40
S21402AAB020461344A9F80830237B4FF6FF7289F824
S21402AAC00530636848F807302B68DEF7D9FC238B1D
S21402AAD0628B1344984201D12660C8E72B681BB1EB
S21402AAE02846FFF7CBF92E601920C1E7E7F7A8B88A
S21402AAF010461946704737B50C4605460DF1060155
S21402AB0001A8DFF795F943F6FF739C420DD047F68E
S21402AB10FF739C4209D0BDF904309C42B8BF1C4664
S21402AB20BDF906309C42A8BF1C46AC8103B030BDBE
S21402AB307047704770470020704770470020704784
S21402AB400846896BE4F712BD0020704710B504462C
S21402AB5009B1012010BD406C80B9A06C98B9B4F858
S21402AB6050309B07F5D12046E4F772FAFFF746FF0E
S21402AB700028EFD0C079C0F34010EBE700F0BBFC32
S21402AB800028EAD0E5E7FFF7DFFF0028E7D0E0E796
S21402AB9010B50446FFF7DAFF002814BF182000207D
S21402ABA0B4F85030990658BF40F001005A0648BF24
S21402ABB040F040005B0748BF40F0020010BD38B5C9
S21402ABC00C4600210546FFF7C1FFD0B9E00615D5B1
S21402ABD004F0180095F87430012B11D12B6AB5F8E1
S21402ABE05020190444BF02F04001084312F0230F1C
S21402ABF006D15B0448BF40F0010001E004F05B00B0
S21402AC0038BD1820E6E711207047704700207047CD
S21402AC10704784B001A880E80E0004B07047112087
S21402AC207047002070470020704711207047704719
S21402AC30704700207047026A42F400620262E4F73C
S21402AC4095B837B50446806C0D4698B1D4F888306E
S21402AC50009304F17C030ECBFFF7DBFFA2692946C3
S21402AC60003A18BF0122A06CFFF7CDFF0546284622
S21402AC7003B030BD606C30B1DFF75AFF05462046A0
S21402AC80FFF7D9FFF3E70C25F1E7F8B51F46B0F852
S21402AC90503004469B060D46164628D4436C83B1B4
S21402ACA0606C00F0B4FB98B93B4632462946606CAD
S21402ACB000F026FC606C94F8841000F039FC00204A
S21402ACC0F8BDDFF71BFF60640028E9D10720F7E72D
S21402ACD0606C00F09CFB002201462046E4F7F6FC7E
S21402ACE040F2712169438842DED94520E8E7122006
S21402ACF0E6E700B1406C704700B14164704700B1AE
S21402AD00806C704700B1816470472DE9F0470546B4
S21402AD100F46114691469A46FFF73AFF95F8846029
S21402AD208046042E04D195F88E30032B18BF0326D6
S21402AD3095F87440042C04D195F86930032B18BF9B
S21402AD40032441462846FFF73AFF0021DFF772FD4B
S21402AD50C11C204604F04BF94FF4FA737C1E5C4388
S21402AD60A5F8520018F0100F80B207FB00440BD073
S21402AD70B5F8503004F5487703F00303012B06D0EC
S21402AD80022B1BD083B13C462046BDE8F087242127
S21402AD90304604F02CF910210546304604F027F917
S21402ADA004F58A672F4407444846FFF7FBF8314606
S21402ADB00246404600F090F93C18E5E70E21304680
S21402ADC004F015F905465046FFF7ECF83146024600
S21402ADD0404600F081F904F58A642C440444D3E723
S21402ADE0032810B50C460DD004D8012810D002282E
S21402ADF013D010BD552818D05628FAD10B7D23F053
S21402AE0008030B752046BDE810400021DFF75AB94B
S21402AE100846BDE81040DFF771BBE3F7A1FF8442A6
S21402AE20E7D1BDE81040DEF749BC0846BDE8104051
S21402AE30DFF742BB51280B4603D101211846DFF744
S21402AE4041B9FFF7CDBF512802D10846DFF734BB20
S21402AE50FFF7C6BF532810B50C4617D008D83228BD
S21402AE6014D051280CD02146BDE81040FFF7B8BFD9
S21402AE705528F8D12046BDE810400121DFF722B957
S21402AE800120BDE81040497DDEF78CB92046DFF789
S21402AE909FFB10B1DEF712FCECE710BD70B504465E
S21402AEA00DF058FD002106462046E4F719FA05463D
S21402AEB028B9002430460DF048FD204670BD406C8F
S21402AEC030B9A86C0028F4D0FFF73EFE0446F1E73E
S21402AED000F011FB04460028ECD1F2E708B500F0BA
S21402AEE0F3FDBDE808404FF480500021E6F724BD8C
S21402AEF083790C33C218937813F03F0004D0D378CA
S21402AF00194214BF01200020704773B54FF44075F4
S21402AF108DF807108179C580002507260C31455229
S21402AF20455C441866F30305455402F00101920796
S21402AF30A27848BF41F0020161F38712A2709DF821
S21402AF40072002B92BB101220DF10701FEF772FFAD
S21402AF500123A27863F30502A27002B070BD70B539
S21402AF600D4602210446FFF7C3FF00B3A07900F1A5
S21402AF700C02A35CA1186FF3C713A354E379D5F8A8
S21402AF8062601B1AD8B20E5051FA83F3B5F86610F7
S21402AF90204699802B6A062113F00C0F1EBFA35C75
S21402AFA043F08003A354BDE87040FEF737BF70BD80
S21402AFB038B50D4604210446FFF79AFF30B1204605
S21402AFC0A91D0122BDE83840FEF734BF38BDF7B5EB
S21402AFD004460F4616461D460DF1070101330122AF
S21402AFE08DF80730FFF71BFA0DF107010122204604
S21402AFF08DF80770FFF713FA2A463146204603B04B
S21402B000BDE8F040FFF70BBAF0B5054614889C423F
S21402B01008D2281947782E5D8F4205D10134344470
S21402B0209C4205DD002004E001363444A4B2EEE77B
S21402B0301480F0BD37B50D4604210446FFF758FFCD
S21402B04078B140F2FF23ADF8003000238DF80230CD
S21402B050AB886A46ADF80330FF2105232046FFF78A
S21402B060B6FF03B030BD38B50D4608210446FFF7DB
S21402B0703FFF38B1204605F18C010222BDE8384078
S21402B080FEF7D8BE38BD2021FFF732BF37B50C46D3
S21402B09040210546FFF72CFF50B10A2394FBF3F438
S21402B0A0012228460DF107018DF80740FEF7C2FE81
S21402B0B003B030BD10B58479C37904F10C021B1BB2
S21402B0C002390244D8B251FA83F3537093780338A4
S21402B0D060F30503937010BD70B505460E4600F08A
S21402B0E06B0000211446DFF7A5FB54FA80F4FF2C10
S21402B0F005D821463046BDE8704003F078BFFF21F0
S21402B100304603F074FF05F04005FC3D00F548703C
S21402B11061190446FF2904EB000304D8304603F005
S21402B12066FF204470BD1C462944F3E708B5023189
S21402B130C0B203F05CFF00F5FA7008BDF0B5054634
S21402B140DDE905460020E07112F0100001D1A07181
S21402B150F0BD0122A2718A785009C540ED0725D5B7
S21402B1604D7802F01F0245EA02250A7891F900108E
S21402B17025270029B4BF4FF496711E21694302F0B9
S21402B1803F05B5FBF7FCB1F5FA7F0B442CBF012156
S21402B190022107FB1C55013025716071E1712360A5
S21402B1A026B112F0400318BF052333700320CFE701
S21402B1B037B50246136A084603F0020403F48055C4
S21402B1C0DB0705D47CB903F029FD204603B030BD69
S21402B1D04CB9B5FA85F4D2F85B1064090160B2F88E
S21402B1E05F208280F1E7019092F95A30B5FA85F431
S21402B1F0009300231A4619461846FFF777F96409A2
S21402B200E3E770B50E4601210446FFF771FEA0B1D2
S21402B210A279E37902F10C059B1A611951FA83F1BE
S21402B2203046FFF7C5FF635D062160F3861363555C
S21402B2302046BDE87040FEF7F1BD70BD70B51446FD
S21402B240054610220E4620460021FEF700FB2B780C
S21402B2509A064FD06B1C23606A78D30743BFF3432A
S21402B26003F001032371012348BF0723900707D584
S21402B27016F0020F0CBF1946002106336171DBB2CD
S21402B280500707D516F0040F0CBF194600210133EC
S21402B290A171DBB2100707D516F0080F0CBF1946CE
S21402B2A000210233E171DBB2D00607D516F0100F8B
S21402B2B00CBF1946002103332172DBB2900607D574
S21402B2C016F0200F0CBF1946002112336172DBB252
S21402B2D0510607D516F0400F0CBF1A46002201335E
S21402B2E0A272DBB22A7802F03F029A4282BFD21AD8
S21402B2F0E372227370BD2DE9F04F064685B01546FF
S21402B3009DF838208B4603929A469DF83C40FEF7FD
S21402B3107CFF032196F80680039A08F10C0806EBD8
S21402B320080707F10309F970381D82B9BCB903F0A2
S21402B33075FC07F10A03BBF1000F15D1ADB9DAF8B7
S21402B3400020C7F80A20BAF804209A801AE034B916
S21402B350109B33B11B687B60109B9B888380012403
S21402B360E7E703F06BFCFAE775B30393FFF7AEF873
S21402B370039B0021CDE90003012308461A46FFF786
S21402B380B5F8012507F11001A1EB090101F03F0212
S21402B3901146531C7B7016F80830A40103F00F0305
S21402B3A044EAC5141C4306F808403046BA70033116
S21402B3B0FEF734FD082216F8083062F3030306F897
S21402B3C0083005B0BDE8F08F0125B8E708B5DFF70D
S21402B3D0D9FAE3F73DFEFFF711FB08BD70B5054647
S21402B3E0FFF7F4FF88B1C479C4F34014A400286FB1
S21402B3F095F83860FEF7D6FD314602462046FFF73E
S21402B4006BFEC830C5E9030070BD0446EFE700B125
S21402B410C06E70474FF400500021E6F78DBA036AFB
S21402B42070B513F0010604462ED0590712D50DF05A
S21402B43091FA054604F1200252E8003F23F0040385
S21402B44042E800310029F7D1204602F099F9284651
S21402B4500DF07BFA236A9A0616D513F080051CBFF8
S21402B46023F080032362236A204623F0200323620C
S21402B47018BF3546DFF786FA2946A28D90F859009E
S21402B480BDE8704000F0F2BC70BD1FB50446084629
S21402B4909DF81C10009203919DF8181004F13002DA
S21402B4A0CDE9013104F14001636ADFF715FA04B011
S21402B4B010BD036A70B513F00105044619D123F4D2
S21402B4C0A07303626C30FEF7D9FC04F17000FEF73D
S21402B4D0D5FC2046FFF77AFF01462846FFF785FA95
S21402B4E0742229462046E669FEF7B1F90120E66194
S21402B4F070BD0020FCE710B1006A00F00100704742
S21402B5001144026A5B064FEA61014FEA41014CBFF1
S21402B51042F0020222F00202416240F8202F50E876
S21402B520003F43F0400340E80032002AF7D170475C
S21402B53008B180F83810704770B505460DF00AFA63
S21402B54006462846FFF74AFF2B6ADB070ED5E3F7C7
S21402B55007FCA842044609D14568DEF79FF92D1A72
S21402B560B5F5FA7F02DB2046E3F700FC3046BDE87D
S21402B57070400DF0EAB9032AF8B504460E461546A1
S21402B5804BD830B1036ADF0703D5032A03D00C2059
S21402B59025E0E80703D504F17000FEF76FFC04F11E
S21402B5A0700731463846FEF75FFD0021206FFEF732
S21402B5B0CCFD206FFEF7F6FC94F838100246002009
S21402B5C0FFF78AFD40F27122636A53432289C83B21
S21402B5D09B1A834204D83846FEF750FC4520F8BD35
S21402B5E00DF0B8F9E90705D5E36E1BB9236A23F017
S21402B5F040032362AA07236A09D543F0480323625D
S21402B6000DF0A3F92046FFF797FF0020E7E723F0A7
S21402B610080323620DF099F9F7E71220DFE7036AC1
S21402B62019B143F010030362704723F03003FAE7C0
S21402B630CB08C25C012301F007018B401A4214BFFB
S21402B64001200020704770477047024619460020C6
S21402B650DEF796BC00207047002070477047112026
S21402B6607047002102460846DFF770BC07B5002186
S21402B6704FF0FF336A46084600938DF80430DFF732
S21402B68065FC03B05DF804FB38B5054600680BF0B0
S21402B6905EFE0446287900F01F000BF058FE204498
S21402B6A0C0B2012894BF0020012038BD0C2070478C
S21402B6B00C20704741F0004141F4E02101607047E0
S21402B6C00C20704708B502F0DBFC08BD002070476E
S21402B6D000207047704770471120704770477047C8
S21402B6E008B502F01CFD08BD00207047704710B573
S21402B6F0DC1D043383734379C47123F0030343F0E0
S21402B70003030E244371012344738371C3730182BE
S21402B710827410BDD31CC371FF23437343798273B3
S21402B72023F0030343F0030343710123C1738371C0
S21402B7307047D31CC3713E2343734379827323F04D
S21402B740030343F0030343710123C17383717047FC
S21402B7500F234373042383734379A0F8111023F055
S21402B760030343F00303437140F20173C3800123D2
S21402B770C27303747047D31CC3714379417323F0B9
S21402B780030343F0030343710123827383717047FB
S21402B79008B50023FFF7ABFFBDE80840DFF74CBD56
S21402B7A02DE9F3418846162117461E46099D01904B
S21402B7B0FEF734FB162805D001A8FEF75FFB02B0A1
S21402B7C0BDE8F0813E22019829464479837924F027
S21402B7D003040C3344F003044471C418C254142303
S21402B7E06370002308A81A46FEF775FE2423A3708A
S21402B7F09DF8203084F80380E3719DF82830A780F6
S21402B800A373BDF82C30A671A4F80F309DF8303023
S21402B810019863749DF83430A3749DF83830E3744D
S21402B8209DF83C3023759DF8403063752B68A36005
S21402B830AB88A381DFF700FDC1E72DE9F341884617
S21402B8401A2117461E460B9D0190FEF7E7FA1A28A4
S21402B85005D001A8FEF712FB02B0BDE8F081019800
S21402B86018224479EC2124F0030444F003044471C2
S21402B870FFF750FF019C0AA8A37929460C331C4403
S21402B88000231A46FEF727FE9DF8203084F8038030
S21402B89023819DF82430A780A3729DF82830E68085
S21402B8A0E3729DF830300198A374BDF83430A4F8E2
S21402B8B013309DF8383063759DF83C30A3759DF8BB
S21402B8C04030E3759DF8443023769DF84830637621
S21402B8D02B68E360AB882382DFF7AEFCBCE738B5A3
S21402B8E004460D4603221021FFF723FF83791C44EA
S21402B8F0A4F80F50BDE83840DFF79EBC10B50446EA
S21402B900FEF750FB3E21A379C0B20C33E218E15495
S21402B910831E537025230D38107393702046BDE89E
S21402B9201040DFF789BC2DE9F8438046022089469D
S21402B93017461E46FEF775FCD0B10C234373082348
S21402B940837340F601334579C38025F003059DF8DD
S21402B950203045F003054571A0F8108080F812905B
S21402B960A0F81370A0F81560C373DFF765FC01201A
S21402B970BDE8F88308B50220FEF753FC30B1012279
S21402B9801121FFF7D6FEDFF757FC012008BDF8B5F8
S21402B99004460F46164613211D460922FFF7C9FE26
S21402B9A083790C331C44A170E77026712B68C4F8A7
S21402B9B00530AB88A4F80930BDE8F840DFF73CBC98
S21402B9C070B5054602200E46FEF72BFC0446B0B1C3
S21402B9D02846E4F7EFF802F0BFFA142100F001005F
S21402B9E00422A0602046FFF7A4FEA3790C3323446A
S21402B9F09970A3F803505E71DFF71EFC012070BD3C
S21402BA0008B50AF0C3FD08BD2DE9F041074602203D
S21402BA100D4690461E46FEF704FC0446E0B1092297
S21402BA202121FFF786FE0A2283790C331C44BDF9D6
S21402BA30183084F8038093FBF2F323729DF81C30CF
S21402BA40A7806372BDF92030A67193FBF2F3E5710D
S21402BA50A372DFF7F1FB0120BDE8F08137B504469B
S21402BA60FEF7A0FAFF22A379C0B20C33E518E2541F
S21402BA70831E6B700D23AB70AB791C38012BE876F6
S21402BA808DF8073009D10023E91D1A460DF107008B
S21402BA90FEF721FD9DF80730AB712046DFF7CCFBA1
S21402BAA003B030BD08B58388C2889A4201D3052BFD
S21402BAB001D8122008BDC07802F072F8DFF768FEDF
S21402BAC00028F6D00020F5E7704710B5DFF7EEFB4A
S21402BAD0837900210C33C418E078E3F701FC68B1DF
S21402BAE0211D02F044F80446DFF7E6FBE2B200232B
S21402BAF0BDE8104042F23501FFF7F9BD41F24204BB
S21402BB00F2E72DE9F041DFF7D1FB837900250C330C
S21402BB10C418E678DFF7CAFB0768DFF7C7FBA6F1AB
S21402BB20FE035942594105603046E3F7D9FB3B46CE
S21402BB302946227901F06EFF0446DFF7BDFB2B464D
S21402BB40E2B242F23701BDE8F041FFF7D0BD2DE97F
S21402BB50F041DFF7ABFB837900250C33C418E67897
S21402BB60DFF7A4FB0768DFF7A1FBA6F1FE03594245
S21402BB70594105603046E3F7B3FB3B462279012183
S21402BB8001F048FF0446DFF797FB2B46E2B242F28B
S21402BB903801BDE8F041FFF7AABD2DE9F047DFF70F
S21402BBA085FB83790C33C418277994F8038027B968
S21402BBB0B8F1010F27D0E3F735FB00260534BE4265
S21402BBC00ADB0025DFF778FBEAB20023BDE8F04780
S21402BBD042F23901FFF78BBD2078B4F80150A0F18C
S21402BBE0FE035942594194F803900434E3F778FB74
S21402BBF060B12A464B464146E3F74CFA0546002812
S21402BC00E0D10136DBE741F21205DBE741F24205FD
S21402BC10D8E710B5DFF74AFB837900210C33C41846
S21402BC20E078E3F75DFB616801F0CDFF0446DFF7DD
S21402BC3043FBE2B20023BDE810404FF61941FFF77E
S21402BC4056BD10B5DFF732FB837900210C33C418DA
S21402BC50E078E3F745FB616801F0CEFF0446DFF7C4
S21402BC602BFBE2B20023BDE810404FF61A41FFF765
S21402BC703EBD2DE9F04186B0DFF718FB42F23E03E7
S21402BC80867905460C36875B84199F420ED1DFF70C
S21402BC900DFB0521FEF7C2F8A3780533A3706FF0FB
S21402BCA07903AB55202363700023A3720021E0784A
S21402BCB0E3F716FB0646002858D02046FFF7F2FEAA
S21402BCC0054630B93046FFF714F8FFF714FC70B19A
S21402BCD00C2542F23E039F424AD1DFF7EDFA0023DB
S21402BCE02A46394606B0BDE8F041FFF700BD3046A9
S21402BCF0FFF705F8FEF728FF05460028E8D194F876
S21402BD000A803046B8F1000F13D1FEF7F8FF40B1B3
S21402BD103046FEF7F4FFFEF78AFF41463046FEF74E
S21402BD20F1FF30462389E288A188FEF7AEFF05467A
S21402BD30CFE7FEF7DEFF40B13046FEF7DAFFFFF749
S21402BD40B8FB29463046FEF7D7FFA57B2389E28853
S21402BD50A188E0780495657B0395257B0295E57AB4
S21402BD600195A57A0095FEF75AFFE0E74225B0E76F
S21402BD70DFF7A2FA064601232A463946FFF7B7FC42
S21402BD80B3791E44E378B37406B0BDE8F08170B5AB
S21402BD90DFF78CFA837900210C33C4182079E3F795
S21402BDA09FFA0546C8B1E3789B0718D4207901F0BC
S21402BDB0F7FEDFF7EDFCA0B1E178284601F00101BD
S21402BDC0FEF73FFF0446DFF777FA2246BDE87040EB
S21402BDD000234FF40151FFF78ABC4224F3E71124F3
S21402BDE0F1E70C24EFE770B5DFF760FA83790025F8
S21402BDF00C33C418DFF75AFA0668DFF757FA2946F3
S21402BE000560E078E3F76CFA33462279022101F006
S21402BE1001FE0446DFF750FA2B46E2B242F23F0139
S21402BE20BDE87040FFF763BCFE282DE9F8430646DE
S21402BE30894690461F4616D00220FEF7F2F90446BF
S21402BE4090B106221221FFF774FC1223A579204630
S21402BE500C352544AB7085F803902E71A5F8058045
S21402BE60EF71DFF7E9F90120BDE8F883F8B5074678
S21402BE7002200E461546FEF7D4F9044668B108229B
S21402BE80FF21FFF747FCA37920460C332344DF70DB
S21402BE905E601D81DFF7D0F90120F8BDF8B50746D0
S21402BEA00E4614461D46E5F7CFFD87B13CB936EA85
S21402BEB000000AD1002E14BF00201120F8BDB542A2
S21402BEC003D135EA000300D115B91120F6E724B1F3
S21402BED035EA0000F9D1002DEDE72046EEE700F046
S21402BEE0D3BA2DE9F047DFF7E1F983790C33C618A8
S21402BEF0E4F790F90446E5F7A7FDF778804607F0E1
S21402BF00010917F002070CBF01220022737931796A
S21402BF1089F00100FFF7C2FF0546C8B92378B9F1D8
S21402BF20000F0BD1327902F00F0262F3071323706F
S21402BF30DBB207B9727962F3030308E008F00F0078
S21402BF4060F307132370DBB267B160F30303237059
S21402BF50DFF7B2F92A46BDE8F047002342F2310184
S21402BF60FFF7C5BB727902F00F0262F3030362F3B6
S21402BF700713ECE72DE9F041DFF798F983790C33E4
S21402BF80C418B4F80300E3F715FE0646002840D0AE
S21402BF906779E37907F0010817F002070CBF012260
S21402BFA00022A17988F00100FFF778FF0546E0B984
S21402BFB0304602F089FA0246B8F1000F1ED1A17986
S21402BFC0037801F00F0161F307130370DBB207B9C0
S21402BFD0E17961F3030313705378217A304661F3F3
S21402BFE003035370DFF77EFE0546DFF765F92A4640
S21402BFF0BDE8F04142F23201FFF7AABB002FEBD1B7
S21402C000E179037801F00F0161F3030361F307138B
S21402C010E1E70225E9E7704738B50446FFF71AFB61
S21402C020054658B9C820DDF71DFFC822022128465A
S21402C030DDF7A6FF8442A8BF044624B22046DDF7F9
S21402C04011FFFFF707FBBDE83840C8220221DDF7E3
S21402C05097BFB0F90020B1F900302DE9F3479A42B4
S21402C06004460D464CDC0CF075FC8046E3F7F8FF00
S21402C070002842D1DDF798FF8246FFF7EBFAC82286
S21402C0800221DDF77DFF0DF10601814601A8DDF7ED
S21402C090CFFE47F6FF73B5F900209A4204BFBDF8FB
S21402C0A006202A80B4F900209A4204BFBDF8043064
S21402C0B02380B5F90000FFF7AFFFB4F9003007465A
S21402C0C08342C8BF2080B4F90000DDF719FFFFF7EE
S21402C0D0FDFA064660B15046DDF712FF4846DDF728
S21402C0E0C1FE40460CF031FC304602B0BDE8F08797
S21402C0F0DDF75AFF20802F80F3E741F20C06F0E7C7
S21402C1002126F1E708B5DDF7C7FE002008BD436823
S21402C110143B4360A0230B6070471AB94268A2EB37
S21402C120530242600A6802EB83020A60704713B544
S21402C13004210DEB0100DFF793FE019C2046DFF79A
S21402C140E5FC0028F4D0204602B010BD884210B5A7
S21402C1501BD8052819D9B1F5486F16D8B3F5FA7F5A
S21402C16013D240F67644A2F10A0080B2A0420CD85E
S21402C170BDF8080001339BB243434B435B00B3EB6D
S21402C180C20F94BF0120002010BD0020FCE730B192
S21402C19090FAA0F00123B0FA80F08340D8B270473C
S21402C1A070B5064601F0DEFE80F040040206054643
S21402C1B0C4F3801406D40821304602F08EFB08B180
S21402C1C044F00204EB0506D40B21304602F085FB50
S21402C1D008B144F00404204670BD4B1E032B10B574
S21402C1E00C4602D90023184610BD0329FAD0FFF7E1
S21402C1F0D7FF04EA00038443F4D1F4E72DE9F743BA
S21402C200044688461746019301F0ACFEC0F340157B
S21402C210204602F059F921468146284601F093FE4F
S21402C220064607B32046E3F7D9FC8046204602F0CE
S21402C2304EF93A460146019B1FFA88F0DFF7C4FB27
S21402C2402146284603F0DBFD2021204601F090FE21
S21402C25056E8003F43F4805346E80032002AF7D1FE
S21402C26003B0BDE8F08301A8FDF708FE99F80110B7
S21402C270404601F00F0102F0FEFB062818BF0146F9
S21402C2802A4608BF0021204602F09CF8D8E7032978
S21402C29070B506460D4614460CD0042919D001295D
S21402C2A015D1222101F0A3FE2846314603F0D7FD20
S21402C2B0002070BD136812791B680021FFF79EFFED
S21402C2C000222368314601201A6003F0C8FD0120CF
S21402C2D0EFE713680C221B68EFE7012910B5044646
S21402C2E00CD101F03FFE2146C0F3401001F02BFEB8
S21402C2F00023817C1A462046FFF780FF012010BDEE
S21402C3002DE9F7430F46054601F02CFE00F0200902
S21402C310C0F34018284602F0D7F8BB790C333B44EA
S21402C3205E789B781E400378C3F3030000EA13107E
S21402C3303040FFF72CFF044648B9B9F1000F06D18A
S21402C3402846FFF72DFF3040FFF721FF0446284618
S21402C35002F0BDF8E4F788FDA04223D01CB3022108
S21402C360284601F047FE00210646284601F00BFF4C
S21402C3701821384603F0B8FC3846E5F7D7FEB6B2C1
S21402C380394644708470A0F80360284603F0AAFC7D
S21402C39023462246294640460096DFF725FC03B090
S21402C3A0BDE8F08300242646E2E770B504460D4653
S21402C3B003F085FD28B929462046BDE87040FFF700
S21402C3C09FBF402829462046BDE870404FF016031E
S21402C3D014BF2A222322E5F7BBBE38B505460C4613
S21402C3E001F0C0FD830604D42046BDE83840DCF7E1
S21402C3F06FB921462846BDE83840FFF781BF2DE9D0
S21402C400F3418C7906460C340C440D4601F0AAFD25
S21402C410A17807463046FFF7E0FE61788046304650
S21402C420FFF7DBFEB4F8032003460092C7F3401082
S21402C43042463146DFF7D8FB284602B0BDE8F04157
S21402C440DCF746B908B58B790B441B7B162B03D059
S21402C450172B05D0002008BDFFF7A7FF0120FAE73B
S21402C460FFF7BBFFFAE708B58B790B441B7B162B4D
S21402C47003D0182B05D0002008BDDFF751FC0120A1
S21402C480FAE7FFF7BCFFFAE770471FB54A1E042A11
S21402C49003460C465FD8012902D1008804B010BDBD
S21402C4A0022905D100885B88984238BF1846F5E70E
S21402C4B04A00014601A8FDF7D2F9032C07D1002352
S21402C4C0ADF80A304FF6FF73ADF80C3001E0042CDD
S21402C4D0F8D0BDF80620BDF80430934284BFADF80C
S21402C4E00630ADF80420BDF80A30BDF80C209342A1
S21402C4F088BFADF80A20BDF80A2088BFADF80C3018
S21402C500BDF80430934288BFADF80A30BDF8062065
S21402C510BDF80C309A4288BFADF80630BDF8082048
S21402C520BDF80630934284BFADF80830ADF8062059
S21402C530BDF80A30BDF808209A4288BFADF8083028
S21402C540BDF80820BDF806309A4238BFADF808306C
S21402C550BDF80800A2E74FF6FF709FE74A1E062ABC
S21402C56013B503460C4600F2AF80012903D190F9B9
S21402C570000002B010BD022907D190F9000093F91D
S21402C58001309842B8BF1846F3E70A4601466846A5
S21402C590FDF765F9032C0AD180238DF803304FF49A
S21402C5A0FF43ADF804307F238DF8063009E0042CF3
S21402C5B0F5D0052C03D180238DF80530F3E7062C41
S21402C5C0F1D09DF900309DF905209342C4BF8DF845
S21402C5D000208DF805309DF903209DF90030934226
S21402C5E0C4BF8DF803308DF800209DF901309DF907
S21402C5F006209DF900109342C4BF8DF801208DF8E5
S21402C60006309DF904209DF902309342C4BF8DF88E
S21402C61002208DF804309DF90120BDF800309142C9
S21402C6205BBA9DF90520C8BFADF800309DF903300E
S21402C6309342C4BF8DF803208DF805309DF906207D
S21402C6409DF902309342C8BF8DF802209DF9021070
S21402C6509DF90320C8BF8DF80630BDF8023091421E
S21402C6605BBAC8BFADF802309DF903209DF90630CB
S21402C6709DF904109A42C8BF8DF803309DF9052033
S21402C680BDF8043091425BBAC8BFADF804309DF9DC
S21402C69004209DF901309342C4BF8DF801208DF825
S21402C6A004309DF903209DF901309A42B8BF8DF8F7
S21402C6B003309DF903209DF904309A42C8BF8DF8D5
S21402C6C003309DF9030054E76FF07F0051E78307BC
S21402C6D005D410F0040F14BF032001207047022077
S21402C6E07047022805D0032805D0012806D1E4F7B2
S21402C6F04FBCE4F73DBC0020E0F702B8704710B12B
S21402C700012803D070470120DFF7FABF0020FBE7BD
S21402C710F7B51F468B1E012B05460C46164613D848
S21402C720FDF7D4FE0023CDE90005F01A18BF01205C
S21402C7301A463946FDF7DAFE80B1022C0BD128469E
S21402C74002F06CFA002004E00029F8D0012902D099
S21402C750FF2003B0F0BD284602F070FA0120F8E789
S21402C76070B50D4600219DF810600446817106F1F1
S21402C7700C014173111E18BF012103F00F00237B29
S21402C78040EAC11003F04003184320732B469DF87D
S21402C790141004F10E00FFF7BBFF237B0E3660F386
S21402C7A0861323732B686361AB882383A379334490
S21402C7B0E37170BD022810B50C4608D003280ED0CF
S21402C7C0012811D1BDE810400846E0F7FDB9E2F7AE
S21402C7D0C7FA844208D1BDE81040DCF76FBF0846AE
S21402C7E0BDE81040E0F7D8BA10BD002337B50546BD
S21402C7F00C4601A841210193DDF7B0F9019830B14A
S21402C800DFF7F8FD072805D001A8FDF737FB002063
S21402C81003B030BD2A4620460199E0F79DFBF7E7B4
S21402C820532810B50C4608D10320FFF7DEFF40B9A7
S21402C8302046BDE81040E0F7AFBABDE81040E0F78A
S21402C8404BBF10BD512838B504460D460ED05328AE
S21402C85010D055384FF0010118BF0120DFF7DCFC7D
S21402C86029462046BDE83840E0F736BFBDE83840E6
S21402C870E4F71EBC0420FFF7B8FF10B92846E0F71D
S21402C8808BFABDE8384001210846DFF7C5BC002018
S21402C89070477047002070470020704708B50A208E
S21402C8A000F03BF9BDE808404FF400500021E5F7E0
S21402C8B043B810B50446012100F06EFF204600F092
S21402C8C096FB2046BDE81040E1F7D6B870B5144690
S21402C8D0E1F762F90E46054668B10CF03BF86B6A62
S21402C8E02C852401B4FBF3F46E85A5F888400CF081
S21402C8F02CF8002070BD4220FCE708B5E1F74CF9A1
S21402C900A0B1203049B150E8003F23F4004340E88C
S21402C9100032002AF7D1002008BD50E8003F43F459
S21402C920004340E80032002AF7D1F4E74220F3E75A
S21402C93000B1406F704710B50446002100F02CFF8E
S21402C940204600F01DFF236A43F40063236210BDF5
S21402C95000B13430704700B12430704700B1443023
S21402C96070472DE9F341064615460C4651B34AB3C5
S21402C97000232821ADF80630204613460DF10602A4
S21402C980FEF742FB08BB2B46FF2120460DF10602AE
S21402C990FEF73AFBC8B90024D6F87080B8F1000F4B
S21402C9A010D098F8067096F88A300C37282B08EBC9
S21402C9B0070518D0FF2B05D12A2221462846FCF768
S21402C9C01CFF18BB02B0BDE8F0810378013B13F0F0
S21402C9D0FF03E0D0072B01D02A2BDCD14378841C3E
S21402C9E086F88A30D8E7072221462846FCF705FF54
S21402C9F00028E7D0236848F80730A388AB80A379DD
S21402CA00AB71336A43F480233362DBE704F1280315
S21402CA1054F8042B9C4245F8042BF9D123882B802A
S21402CA20EFE7022907D80123026A8B4013420CBFA4
S21402CA300120002070470020704770B51546044656
S21402CA4000F1300641603146FFF761FB2B46314666
S21402CA502046BDE870400122FFF75FBB036A23F45D
S21402CA60805303627047B0F8883010B58B42044694
S21402CA700DD2036A43F4804303624FF08070F1F7ED
S21402CA80CFFC2046002100F087FE012010BD5B1A75
S21402CA90A0F888300020F9E70246408D80B1136A7C
S21402CAA05B030CD4138D516A1B01B3FBF1F3B2F88E
S21402CAB088009BB2984234BF0020012070470020B5
S21402CAC0704738B505460C460846DDF777F8214626
S21402CAD02846BDE83840E1F793BA7FB504460D46CE
S21402CAE016468DF80700012202A90DF10700FDF790
S21402CAF007FD10B19DF8074002AD32462946204692
S21402CB00E1F7EAFB38B12A4621463046FFF7C2FE75
S21402CB1080F00100C0B204B070BDE1F703BC38B5C6
S21402CB200446FFF79BFF626BA18D04F14400DEF71B
S21402CB3061FA04F1340543F6FF7184F83D00284695
S21402CB40FDF7D9FF284602F0CEF92046E0F79CFE14
S21402CB50FDF752FF002201460320FDF75EFF6168E3
S21402CB60226B637D01EB9202102002F0E7F90D22A0
S21402CB70002104F17800FCF76AFE7F23204684F841
S21402CB807E3084F87D30E0F77FFEA4F87B0038BD67
S21402CB9030B585B004466D4600F134030FCB85E808
S21402CBA00F0094F8853028468DF8093002F09BF97C
S21402CBB02046E0F769FEFDF71FFF0022014603202C
S21402CBC0FDF72BFF6168226B1020637D01EB92025A
S21402CBD002F0B4F905B030BDF7B590F883300446DC
S21402CBE013B9036A5A0241D50120FDF71AFB0190D8
S21402CBF050B9203454E8003F43F0160344E80032AC
S21402CC00002AF7D103B0F0BD022384F88330236AEA
S21402CC101B0403D501A8FDF731F9F3E701220D2124
S21402CC2001A8FDF73BFB28BB019E04F17802B3790D
S21402CC3004F1800733440C33154603CDBD42186019
S21402CC4059602A4603F10803F6D1286818602A7943
S21402CC5030461A71E1F734FA04F1200252E8003F36
S21402CC6023F0160342E800310029F7D1012384F8A5
S21402CC708330C7E701A8FDF701F9EDE7002313B5F6
S21402CC8003280C4601930BD005D801280CD00228A5
S21402CC900ED002B010BD532811D055380128F8D84E
S21402CCA02046E1F791FBF4E70846FFF738FFF0E786
S21402CCB0E2F756F88442ECD1DCF700FDE9E72046BD
S21402CCC001A9E1F7BBF9013008D1022301A884F8D3
S21402CCD08330FDF7D3F8DCF7F1FCE1E72046019953
S21402CCE0FFF7EFFE20460199E1F702FA0028D0D1BD
S21402CCF0F1E7012802D10846FFF74ABFFFF7BEBF99
S21402CD00F0B5044685B0006AE0F75AFFFFF720FE4A
S21402CD106E4605460FC886E80F00C822297A00200C
S21402CD20DDF72EF9E36A0146009394F830300746A1
S21402CD3030468DF80930FDF7DEFE304602F0D3F8B5
S21402CD40236A606A1D68FDF7D1F8C5F34015AD0188
S21402CD50064600212846DDF76DFD3044FF2815DC27
S21402CD60002329461A46A06AFEF7CFF83946A06A7B
S21402CD70FEF78CF9A06A3146FEF79CF9A06A3346A4
S21402CD800022616AE4F798FF05B0F0BD0020F6E7DE
S21402CD90F8B5076A04463A6812F004016FD1466A8B
S21402CDA0002E6CD022F004033B60B3790C331E4491
S21402CDB0F57890F834309D4205D000F0EDFCBDE8E1
S21402CDC0F840DCF77BBC90F831301207C3EB431116
S21402CDD003EB8103C0E903331DD440F27125307999
S21402CDE0626884F83200B979490005FB012203FB28
S21402CDF0002262603B6843F008033B600121204644
S21402CE0000F0DBFC626A9379063393713B6843F069
S21402CE1004033B6033E0E1F7A3FFA04205462FD1AF
S21402CE2090F8323032790133934229D1DCF714FA82
S21402CE3030B33379D5E9086285F8323093792846DB
S21402CE4006339371FFF75CFF95F831302846C3EB43
S21402CE50431103EB8101E1F7A5FF044658B9DCF75D
S21402CE602DFC2846214600F097FC05F12400BDE87B
S21402CE70F840FDF703B8336843F004033360F8BDA7
S21402CE80E1F76EFF844201D1DCF718FC7D20317990
S21402CE9094F8323094F83120CB1A5343626884F8FF
S21402CEA0321000FB03226260A8E730B551280C4618
S21402CEB00D6A85B013D00ED8012828D003284BD08F
S21402CEC002280AD1E1F74CFF844206D105B0BDE83C
S21402CED03040DCF7F3BB56283ED005B030BD00210B
S21402CEE02046E1F7E1FA2B6804F1240023F004035C
S21402CEF02B60FCF7E1FF019001A8FCF7BFFF636A15
S21402CF0063B3204605B0BDE83040FFF741BF084690
S21402CF10FFF7F6FE94F83130607DC3EB431203EB65
S21402CF208203226A94F832509179A26B40F27124FD
S21402CF3003FB0522490004FB0122019200228DF820
S21402CF4008204FF47F428DF8090001A8ADF80A20A8
S21402CF500393DCF749F9C0E70121C1E7E1F700FFD7
S21402CF60844201D1DCF7AAFB0021204605B0BDE8C9
S21402CF70304000F011BC70B50446002836D00BF0E5
S21402CF80E9FC0646206998B1836A2BB12830FCF783
S21402CF9075FF002223699A622069436A2BB1243006
S21402CFA0FCF76CFF002223695A62002223691A6288
S21402CFB00025E068256110B1FDF778FAE560A369FF
S21402CFC0257223B104F11800FCF758FFA561E06949
S21402CFD018B1E3F7B1F80023E3612368304623F083
S21402CFE002032360BDE870400BF0AFBC70BD38B5DD
S21402CFF004460BF0AFFC636F0546C3B11B6963B111
S21402D000E1F7AEFE636F1B69834201D1DCF756FB84
S21402D010636F0121186900F0BFFBE1F7A1FE8442AD
S21402D02001D1DCF74BFB0121606F00F0B5FB28460F
S21402D030BDE838400BF089BC98B10379013B1B066A
S21402D0400FD44379052B0CD981794A1ED2B2FD2A18
S21402D05007D8C279012A04D98B4294BF1220002035
S21402D06070471220704770B5054608460C461646AD
S21402D070FFF7E2FF70B922682B69DA6222792A7119
S21402D080E27983F8312063796B71A379AB710EB1C3
S21402D090FF23EB7170BD436F1B6999637047C268CB
S21402D0A02AB1C379017A994201D9D05C7047FF2030
S21402D0B070472DE9F04106460C4621B90220FDF7DD
S21402D0C0B0F8044630B34FF000080D212046A4F80D
S21402D0D00680FCF7A3FE3046A579FFF73CFC074620
S21402D0E03046E0F7D1FB0C353B892544A5F8030012
S21402D0F02B81706FFFF7D3FF7F23AB716B71FF231A
S21402D100A872EB71EB7285F80C802046BDE8F04100
S21402D110E0F7D6BFBDE8F0812DE9F0410646FFF7FD
S21402D12007FC046905463046FFF715FC8046304684
S21402D130FFF70EFC7368074663602846FFF7AFFFEB
S21402D14084F83400B8F808302046E3864FF6FF73BA
S21402D15063867B7A84F830302B6823F008032B60D2
S21402D160BDE8F041FFF714BE70B50C460646FFF761
S21402D170F2FB05462046FFF792FFE379227A013357
S21402D180DBB29A42E371E2680BD80023E3712B8983
S21402D19001332B811378012B38BF0123A6F8863082
S21402D1A070BDD35C1B1A9BB2F8E713B5044610B9E0
S21402D1B0002002B010BD037803F03F03012BF7D91D
S21402D1C001214078DDF736FB0138ADF8060020462F
S21402D1D010F8013B322103F03F030DF10602FDF782
S21402D1E013FF0028E4D00378092BE1D10230E0E7F0
S21402D1F02DE9F0470446894615461E4690F80880F3
S21402D2000BF0A8FB0746A5B12379AB4211D386B132
S21402D2103046FCF7C7FEA8420BD14FF0FF31B27979
S21402D22094F804C00C323244A81812F8013B634545
S21402D23006D3122438460BF088FB2046BDE8F0875A
S21402D2408B42F6DD824259B2EFD1E068B8F1000FA8
S21402D25001D1C24602E0E37910F803A0237AF0B1C6
S21402D260AB420FD100232A463146E0682572FCF70E
S21402D270F4FDA84216D0E068FDF718F90023E36033
S21402D28023720AE0FDF712F900232372E3602846B0
S21402D290FDF707F9E0600028E4D10724CAE7002B6F
S21402D2A0F5D0DFE7236819F0400F14BF43F02003E0
S21402D2B023F020032360B8F1000F42D02046E0F7A7
S21402D2C07FFC00230546E268207A5FFA8AFAD9B222
S21402D2D0814230D31378A3EB0A035FFA83F84FFA3E
S21402D2E083F9E1F73DFD854201D1DCF7E7F9B9F1B3
S21402D2F0000F28DAFE234FF0000821462846A5F83C
S21402D3008680E371FFF730FF2B8D6A6A1B01B3FB41
S21402D310F2F32846A5F88830FFF7A0FB0121524613
S21402D320284600F049F84146206900F035FA2846BA
S21402D330FFF7F2FE05E012F803C00133E245C6D15C
S21402D340E171002476E740F27123667995F82E2083
S21402D350760008FB06F65E43E36805F130011B78AB
S21402D3602846A5F886303346DEF782FB6B683344E0
S21402D3706B60E1F7F5FC291A18BF0121284600F078
S21402D3801CFA0021D0E738B50025044603690121BE
S21402D390986AC580FCF742FD236929469B6A2046A7
S21402D3A09A7913441D73236901229B6AFFF720FFB3
S21402D3B023699B6ADD8038BD2DE9F04FA1B0044693
S21402D3C093460B91FFF7B4FA07462046FFF7C3FAD7
S21402D3D0636A80460693636F93F80590236A580340
S21402D3E01BD43846FFF75BFEFB681B78834240F08F
S21402D3F02C812046FFF750FB002800F01F81628D2B
S21402D400B8F80830561C1344A8F80830B4F8883028
S21402D410F6B29B1AA4F8883018E1226F002AE0D0F0
S21402D42094F88A30282B0ED0FF2B22D0236F23B1FC
S21402D4309A7913449B7B592B02D0236A5A04D0D57F
S21402D44021B0BDE8F08F93790C331A44B2F8051078
S21402D450A38D9942EAD1012004F14401DDF776FD5D
S21402D46004F17000FCF70AFD236A23F4802323628A
S21402D470DCE72046FFF75CFA256F0646AB790C33ED
S21402D4801D44AB78582B00F0C280592BCED10369CD
S21402D4909B6B0593236A5903C8D523F48023236222
S21402D4A02B4615AA05F1280E9446186859680833C3
S21402D4B0ACE8030073456246F6D11B880021ACF83F
S21402D4C00030EB79D5F809000793B5F80D3095F8DA
S21402D4D006A00C90ADF83430E87801F0CCFA2A7C3D
S21402D4E0089012F0200F14BF4FF496731E23049375
S21402D4F02B4612F0400F02F01F000CBF00224FF422
S21402D500161213F80F1F0A9241EA0021099110AA77
S21402D51005F11F0E9446186859680833ACE80300F4
S21402D52073456246F6D11B88ACF80030D5F8251054
S21402D530D5F821000EAB03C32046E0F7A5F9E0F7C5
S21402D54057FB00200290238D51460193638D079A64
S21402D55000930CABE0F7B4FABDF850308246013BBC
S21402D560ADF85030E0F760FB0546BAF1000F23D164
S21402D5700220FCF756FE286783790DF1540C0C3313
S21402D58003440DF17C0E624603CA72451860596068
S21402D590944603F10803F6D112881A80E0F7C6FF14
S21402D5A0012368670599C37110AA089800950EAB07
S21402D5B0E0F740FB8246D8B12B6A43F480432B62E5
S21402D5C085F88BA0236A4FF0807043F400532362E1
S21402D5D0F0F726FF3368356923F004032846002156
S21402D5E0336000F0D9F805F12400FCF747FC1DE78C
S21402D5F0059B099A0499284601FB02310A9B049A64
S21402D6001944FFF71AFA2846FFF795F9D8E7B5F84E
S21402D6101F20A38D9A427FF409AF0022606F05F1A6
S21402D6202101FFF720FD30B9EB7884F83C30B5F8DD
S21402D63011305B00636284F88B00C3E70121204649
S21402D640FFF711FA00287FF4FBAE01262046FFF70B
S21402D6506FF940F2712EC379C2684FEA490C0EFB8D
S21402D6600CFCD05CA0EB0B0149B20CFB01F583B9B4
S21402D670BDF81880636A626F4345527901D19145BD
S21402D68046D0520000FB023240F271235A430CFB92
S21402D6901B2594F82E202B46204604F13001DEF797
S21402D6A0E7F9636840F201112B446360236B94F838
S21402D6B03C009D08636F9E7940F2712376005E43BC
S21402D6C001F095FC0023864294BFAD192D18A4F8EC
S21402D6D0863001212046C4E9035500F06EF8226A1E
S21402D6E053037FF5ADAE236F002B3FF4A9AE9979B5
S21402D6F00B44B3F82B10A38D99427FF4A1AE3846A3
S21402D70022F48022226221B0BDE8F04FFFF73BBE32
S21402D7100B9A0EFB03F312B903FB0655B9E7002971
S21402D720D8BFED18B5E7C0F3845303EB830300EBD1
S21402D730830080B27047F8B500231360047D054667
S21402D7408068FFF7F0FF14F00807034602D00B4488
S21402D7506B6004E06E68701AB0EB030C01D4012013
S21402D760F8BD14F0010009D1D5E90374E41B14EBEB
S21402D7700C0FF5D40B449E1B1660E9E73846EFE71C
S21402D78010B50446E1F720F96168E069E1F7A6F909
S21402D790BDE8104001F07FBA38B50C46C94301F027
S21402D7A001010546E1F7DAF9A30702D4E869E1F7D1
S21402D7B0BFF9BDE8384001F06EBA10B50446E1F78D
S21402D7C0CDF92046E1F700F9BDE8104001F063BA52
S21402D7D0007D00F0010070470120704701F03FBA5B
S21402D7E0FEF737BC431E032B06D8DFE803F002041D
S21402D7F002040320704704207047FEF765B9E1F77C
S21402D80019BF2DE9F04F85B016461D4682699DF870
S21402D810603004469DF83870DDF840809DF848B0C8
S21402D8209DF850909DF858A001910293002A40F06E
S21402D830EE8005F01C021C2A04BF06260196E806A6
S21402D84000F19C8005F00302032A08BF05F0FD05DF
S21402D85005F0F70505F01402142A40F09380A90695
S21402D86000F19E80BDF94C109DF86400A4F8541097
S21402D870FFF7B8FF19F0020F84F8690040F09380B2
S21402D88019F0040F00F0918000F0FD00012814BF8B
S21402D8900323042384F874309DF868000393FFF78B
S21402D8A0A1FF1AF0020F039B84F88E007FD11AF0B4
S21402D8B0040F7ED000F0FD00012814BF03220422CC
S21402D8C084F8842000200A461946DCF759FB0146F4
S21402D8D004F16C00FDF70FF947F6FF7104F17C00C6
S21402D8E0FDF709F994F88410606CFDF721FEFF221B
S21402D8F0236A84F85A20029A23F09F03236212B105
S21402D90043F01003236205F01803182B02BF236AA4
S21402D91043F080032362236A6A0723F060032362CC
S21402D9200CD41BF0010F1CBF43F020032362236AB2
S21402D9301BF0020F1CBF43F040032362236AA4F8C5
S21402D940505023F00703236204F16202B8F1000F7D
S21402D95031D0D8F80010C4F86210B8F804109180DC
S21402D9609DF83C20012A02D143F004032362012FD2
S21402D97026D1236A43F0010323622EE04FF0010A08
S21402D980D14667E700222046A16AE1F79FFE40F2F1
S21402D9907122724390427FF662AF41F2450033E055
S21402D9A005F0FC055EE7022374E7012372E7022214
S21402D9B086E7012284E7C4F86280A2F80480D6E7EC
S21402D9C0032F07D1236A43F001032362236A43F03D
S21402D9D00203D1E7023F012FF8D9FCF7CBFF9DF8EF
S21402D9E05C30C0F30B0040EA0330019BA4F88C00C5
S21402D9F0A4F84C309DF844302046A4F84E6084F8D3
S21402DA00583000F080F9002005B0BDE8F08F41F2F2
S21402DA100C00F9E72DE9F3418846174604460193C0
S21402DA2038B901A8FCF72AFA41F2420002B0BDE872
S21402DA30F081012922D0022911D091B98369D3B984
S21402DA4000F128054FF40076B4F85030D9061FD5F9
S21402DA505A0728D501A8FCF711FA0020E6E7406C21
S21402DA6028B901A8FCF70AFA41F20C00DEE71946CB
S21402DA70FDF781FDDAE700F13005E3E7836923B9B4
S21402DA8000F12C054FF48066DEE700F13405F9E775
S21402DA909B0708D5B8F1000F05D101A8FCF7EEF9EF
S21402DAA041F21200C2E7236AF80723EA060323625A
S21402DAB002D52846FCF7E2F9019921B12846FCF77F
S21402DAC0D3FA002301932868FCF76CFAB4F85030B6
S21402DAD0D90605D51F2801DC032F18D02846DDE716
S21402DAE040F27262904205DD2846FCF7C7F941F221
S21402DAF007009BE7B8F1000F09D1BF2807DD9A0798
S21402DB0005D02846FCF7BAF941F245008EE72046D2
S21402DB10D4E90C12E1F7DAFDA36983B140F271226F
S21402DB20B4F84C305343984209D9B4F84E30834285
S21402DB30E7D300F51C70B0FBF2F0A4F84C000AF034
S21402DB4009FFA369054673B1BB070CD5236A3343A5
S21402DB5023626368C3F57A76DBF7A0FEF04202D54D
S21402DB602046E1F703F928460AF0EFFE75E78369D7
S21402DB703BB1B0F85030DB070FD490F85930FE2B8B
S21402DB800BD0036A43F4005303620B68C0F85B30A1
S21402DB908B88A0F85F300020704741F20C00704777
S21402DBA038B504460AF0D6FE002105462046E1F7BF
S21402DBB097FB30B1B0F8504028460AF0C6FE204621
S21402DBC038BD0446F8E7A0B1CB0742BF036A43F468
S21402DBD0805303628A0742BF036A43F480430362A8
S21402DBE04B0701D400207047036A43F400430362E4
S21402DBF0F8E741F242007047A0B1CB0742BF036A82
S21402DC0023F4805303628A0742BF036A23F48043E5
S21402DC1003624B0701D400207047036A23F40043D3
S21402DC200362F8E741F24200704738B5044608300E
S21402DC300D46DDF79FFAE1F793F8844202D12220DF
S21402DC40E3F748FD85F0010100252046FFF7A4FD15
S21402DC50E06BA56110B1E2F76FFAE56304F14000EC
S21402DC60BDE83840FCF70AB970B590F8593004465A
S21402DC70FE2B09D15B3000F0E1FF00F0D8FF18B1AF
S21402DC80236A43F40053236242F20103256A2B40BF
S21402DC90012B35D0AB072CD5C5F3800504F16206FF
S21402DCA0002231462846FCF71EFC002184F85A0062
S21402DCB0FCF72CFC314600222846FCF719FCB4F887
S21402DCC0501018B194F95A00002814DA236A23F087
S21402DCD002032362B4F8502002F00302012A08D19C
S21402DCE031462846FCF704FC18B1236A43F00803C1
S21402DCF02362002070BD01F00101FCF707FCE9E792
S21402DD0041F21200F6E738B504460AF023FED4E9DB
S21402DD100A1205462046E1F7D9FCB4F84C10B4F8CE
S21402DD204E20E060521A40F2712101FB020303F515
S21402DD309C53083328462361BDE838400AF005BEE6
S21402DD40036A10B5044613F4606023D09A0507D51B
S21402DD5004F12800FCF792F8236BA36200232363E6
S21402DD60236A5B0507D504F12C00FCF787F8636B82
S21402DD70E36200236363236A204623F4606323621C
S21402DD80FFF7C1FF0120B4F88C305A1C62F30B0374
S21402DD90A4F88C3010BD036A0B4303624FF0805028
S21402DDA0F0F73EBB10B5044619B390F856208AB178
S21402DDB090F857300133DBB29A4280F8573009D1D7
S21402DDC00121FFF732FF4FF480312046BDE81040B4
S21402DDD0FFF7E1BF236ADA050BD5636A62689B1A0E
S21402DDE0002B06DA01212046FFF71FFF4FF48021A1
S21402DDF0EBE7236A1B0624D4FCF7BCFD1123B0FB19
S21402DE00F3F394F9682003EB0313C01A83B212FAF1
S21402DE1080F0102888BFC3F110035BB2083A1A4498
S21402DE2084F8682040F27121B4F84C2020461A4447
S21402DE30636801FB023301216360BDE81040FFF70F
S21402DE40BCBC0023EEE7C94350E8003F0B4040E865
S21402DE500032002AF8D1704738B505460C46FDF761
S21402DE60FBFB20B149F640439C4228BF1C46EA68A9
S21402DE70A2420BD240F27121B5F87E304B43934258
S21402DE8038BF1346A34228BF23461A462A6138BD26
S21402DE9003469A6A4830920505D5D3F82821B3F886
S21402DEA04010DDF7A7B893F87310DDF799B8002095
S21402DEB07047012070470020704770470020704767
S21402DEC070477047002070470020704770477047C1
S21402DED07047704700207047002070477047002048
S21402DEE0704701207047C82070470020704770476F
S21402DEF0012070477047704790F8892010B5531C70
S21402DF0003F00F03072B28BF0023044663F3030224
S21402DF10034480F8892083F8821090F889306F2BAA
S21402DF204FEA13129EBF013262F3071380F889305C
S21402DF30FFF7E1FF204694F83011FDF7CCFB10BD49
S21402DF4070477047704710B101F1B000704701F199
S21402DF50D4007047F8307047806A7047836A0B4374
S21402DF6083627047C06A7047C36A0B43C3627047D6
S21402DF70C36A23EA0103C362704700F59C707047C8
S21402DF8090F8891008B50F2904D909098230FEF7DE
S21402DF90E5FA08BD7F20FCE770B540F2712606FB65
S21402DFA001F345685643826A1D44D207044645601B
S21402DFB00ED500F14405294690F84220DDF758FDBB
S21402DFC0334629462046BDE870400122FEF7A5B832
S21402DFD005EB5605456070BDD0F8A40000B9704741
S21402DFE043799B0701D40068F8E70120704780F860
S21402DFF07B10704738B504460D46E1F7EFFD80B258
S21402E000FFF75CFF80B14288022DB4F8400011D0C1
S21402E010032D0BD0012D06D1A38FA26B1B01B3FBE0
S21402E020F2F3184480B238BD0122EDE74FF47A438A
S21402E030A26BF4E7E38F5B00073313FB0200F1E702
S21402E04038B5044601F0B5FF04F1A400FBF716FF4D
S21402E05004F1A800FBF712FF04F1AC00FBF70EFF79
S21402E0602046E1F7BBFDC4B22046FCF7BFFC0546DE
S21402E0702046FCF7BDFC01462846FCF7B6FC38BD38
S21402E080B0F8343110B5A0F832310446E1F7A6FDF7
S21402E090C0B2FFF728FF94F8303194F8312104F12A
S21402E0A04801FDF7D2FA014604F59470FCF723FD09
S21402E0B0B4F93221B4F934319A4209D0A36ADB04A6
S21402E0C006D52046BDE810404FF40041E1F79CBD5E
S21402E0D010BD806B7047836A0A4600F14801C3F39D
S21402E0E04020DCF733BF38B504460D4642B9836A92
S21402E0F023F4405309B143F480530020A36238BD91
S21402E100FDF7F2FA48B1A36A23F440530DB143F483
S21402E1108053A36243F40053EFE71120EFE72DE9A3
S21402E120FF41836A0446DB0428D5B0F93481B0F98E
S21402E13032710020DBF738FF8045CCBF0025012571
S21402E140FDF788FAC82294F83011DBF719FF064665
S21402E1502046E1F743FDB045B4BF00260126002362
S21402E16045EA4605CDE90085A8EB07073FB20297C8
S21402E1701A4694F8301180B2FDF746FC04B0BDE8AA
S21402E180F0818A307047F8B504460E4600295AD008
S21402E19040F27123876B30465F43A7F28A277F08D7
S21402E1A0394600F07DFC94F89230851FADB29D4250
S21402E1B039463046A8BF1D4600F072FC94F89320FC
S21402E1C0831F9BB29342A8BF1346F21E012AB4F8DD
S21402E1D08A10B4F88C202BD8B1F5296F44F290201F
S21402E1E0B8BF4FF429618142A8BF0146B2F5296F34
S21402E1F0B8BF4FF429628242A8BF02461B2DB8BFA1
S21402E2001B251B2BB8BF1B23304684F8953084F899
S21402E2109450A4F88E10A4F8902000F041FC831FBE
S21402E2209BB2AB42A8BF2B46DBB284F89630F8BD51
S21402E230B1F5A47FB8BF4FF4A471B2F5A47FB8BFFE
S21402E2404FF4A472DAE71B23EFE72DE9F341876B5D
S21402E250490089B28F42044616461D4639D040F21E
S21402E26071224368816302FB073302FB113343606A
S21402E270E1F7B4FC4FF0000887B23346424601216C
S21402E28038460195CDF80080FFF720FE3846FFF7A6
S21402E29025FE41463846FFF71AFE0123E18FA28F7C
S21402E2A0B14218D09542E68700D0A587A38FA26B0D
S21402E2B01B01B3FBF2F3204694F83011A4F8A03009
S21402E2C0FFF761FF0421204602B0BDE8F041E1F706
S21402E2D09BBC0023E2E79542E7D1A26AD207E5D5C6
S21402E2E0002BE3D102B0BDE8F081F0B585B004465C
S21402E2F00E466A4600F18A0300F192071546186830
S21402E3005968083303C5BB422A46F7D11868314616
S21402E31028609B882046AB80FFF735FF9DF80B20D0
S21402E32094F895309A4211D1BDF80620B4F8903090
S21402E3309A420BD19DF80A2094F894309A4205D15D
S21402E340BDF80420B4F88E309A4207D04FF48141CB
S21402E350204605B0BDE8F040E1F756BC05B0F0BD7A
S21402E36037B5044694F89250BDF818008D420BD18A
S21402E370B4F88A50954207D194F893509D4203D13F
S21402E380B4F88C5085421BD08DF80610ADF80420E8
S21402E390019D84F8921084F89330A4F88C0094F8C7
S21402E3A030112046C4F84051A4F88A20FFF79DFF9A
S21402E3B0B4F88E30A4F88A30B4F89030A4F88C30D2
S21402E3C003B030BD70B5044616460D4690F830319F
S21402E3D0B1B1994214D00122FDF780F929460022F4
S21402E3E02046FDF779F92946204684F83051FFF792
S21402E3F07CFF2046BDE870404FF48441E1F704BC40
S21402E40019462046FFF771FF002EF2D170BD30B4D8
S21402E410C56A15F0040F0DD145F00405C56280F8F3
S21402E4209E10A0F89A204FF4006130BCA0F89C30F1
S21402E430E1F7EABB30BC704710B511B190F89E40C8
S21402E4400C7012B1B0F89A10118013B1B0F89C207B
S21402E4501A80C06AC0F3800010BDCA0742BF836A32
S21402E46043F4807383628B0742BFC36A43F0400360
S21402E470C3624A0742BFC36A43F08003C3620B0704
S21402E48042BFC36A43F48073C3627047CA0742BF7F
S21402E490836A23F4807383628B0742BFC36A23F0C6
S21402E4A04003C3624A0742BFC36A23F08003C362C3
S21402E4B00B0742BFC36A23F48073C3627047836A42
S21402E4C043F480638362704700F5A270704790F849
S21402E4D030017047F8B504460AF03CFA656806460D
S21402E4E0DBF7DCF92B1AB3F5FA7304D53046BDE830
S21402E4F0F8400AF02ABA40F27122A16B94F87450DE
S21402E5005143B3FBF1F3B4F8402098B2121AA4F8C0
S21402E510402094F8732000FB1522252592FBF5F780
S21402E52005FB1722002AB8BF521984F87320B4F8E4
S21402E530A020121AA4F8A020626800FB1122002173
S21402E54020466260FFF739F9D0E7F0B5036B044660
S21402E5509B0790F87B6087B001D5FFF771FD236BB0
S21402E560DF0700F14081236B9D0411D52046E1F7B9
S21402E57035FBA16AC0B2C1F34021FDF721FA00289B
S21402E58000F056814FF4005104F13000FFF75BFCB7
S21402E590236BD90409D500212046E2F73DF84FF453
S21402E5A0805104F13000FFF74EFC236B5A0513D559
S21402E5B02046E1F713FB002394F89F50C2B2194697
S21402E5C02846FDF731FC002800F032814FF48061C6
S21402E5D004F13000FFF737FC236B5B0712D52046A9
S21402E5E0E1F7FCFAA16BA38FE28FC1F34F0180B271
S21402E5F001F026F9002800F01B81042104F1300006
S21402E600FFF721FC236B1F070AD5204601F0CAFE3E
S21402E610002800F00D81082104F13000FFF713FCFA
S21402E620236BDD0617D52046E1F7D8FAE16A80B2F9
S21402E63011F4805100F00F81002101F096F90028B4
S21402E64000F0F680E36A102123F48053E36204F1BB
S21402E6503000FFF7F8FB236B580613D52046E1F788
S21402E660BDFA94F87B3080B20093D4E9082301F017
S21402E6705FF9002800F0DC80402104F13000FFF74B
S21402E680E2FB0026236B190516D52046E1F7A6FA0B
S21402E69000230093B4F89C30B4F89A2094F89E10A5
S21402E6A080B2FDF740F9002800F0C2804FF4006106
S21402E6B004F13000FFF7C7FB236B13F480452FD11C
S21402E6C09A0513D52046E1F789FA2B462A4694F88E
S21402E6D0301180B2DDF778F9002800F0A9804FF4F7
S21402E6E0007104F13000FFF7AEFB2E46236B1B06CB
S21402E6F016D52046E1F772FAB4F8903080B200934D
S21402E70094F89530B4F88E2094F8941001F05FF9DE
S21402E710002800F08D80802104F13000FFF793FB83
S21402E720236B9F060FD52046E1F758FA94F87B1024
S21402E73080B201F031F900287AD0202104F13000AD
S21402E740FFF781FB0026236BDD0508D504F13000B8
S21402E7504FF48071FFF777FB204601F044FC236BF1
S21402E760180408D504F130004FF40041FFF76BFBA4
S21402E7702046FCF7B5FF236BD90308D504F1300019
S21402E7804FF48031FFF75FFB2046FCF7A3FF236BB5
S21402E7909A0308D504F130004FF40031FFF753FB1B
S21402E7A02046FFF7A7FB236B9B0718D500222046BF
S21402E7B01146FFF79DFB2046FFF79CFB2046E1F73C
S21402E7C00DFA94F87B1080B201F09CF980B304F144
S21402E7D030000221FFF737FB2046E1F7ADFC0120AF
S21402E7E084F87B6025E0A76AF807C7F3803522D550
S21402E7F0002D0CBF012503252046E1F7EFF994F81A
S21402E8009F30294605930023049394F84230C7F3B9
S21402E81040020393A38F80B20293E38F0193A36B0C
S21402E820C3F34F03009304F1750301F029F820B9EE
S21402E830002007B0F0BD6D00DEE7012104F13000D4
S21402E840FFF701FB50E8003F43F4005340E8003274
S21402E850002AF7D187E601F09FF8F0E608B5022015
S21402E860FBF7DFFC10B101F033F9012008BD826A24
S21402E870002122F0C0028262E1F7CEBE012310B56B
S21402E880A1F12002C1F1200423FA04F403FA02F2F1
S21402E89022438B40D0E9084123400A40134314BF69
S21402E8A00120002010BDC36A10B5044613F008000C
S21402E8B012D00123A1F12002C1F1200023FA00F0B8
S21402E8C003FA02F202438B40D4E9080103400A40ED
S21402E8D0134314BF0120002010BD10B50C46C9B268
S21402E8E0FFF7E1FF70B1E3F7A9F8C4F12002A4F143
S21402E8F02003E04001FA02F2104321FA03F3184320
S21402E90000F0010010BDD0F849300B6090F84D3091
S21402E9100B71704770B504460E46E3F797FC0AF093
S21402E92019F805460221204684F87B60E1F76CF967
S21402E93020460121FEF730FF2846BDE870400AF067
S21402E94004B870B50D4604460AF004F8064620469A
S21402E950E1F7E2F8304609F0F8FF29462046BDE81E
S21402E9607040FFF7D7BF0B68C0F84031704738B524
S21402E97040F64805D0F840310C460B609BB2AB42DD
S21402E98004D90B21FFF7A9FF08B9258038BD44F248
S21402E99090232380FAE708B5E1F782FA00F04CFCF0
S21402E9A000F091FBE3F752FBE4F730F9BDE80840CC
S21402E9B0E4F7ACB938B58B790C33CC18E1F7FAF832
S21402E9C0D0F849300546C4F81B3090F84D30E3774E
S21402E9D0836AC3F340235B00E375836B5B08E380C3
S21402E9E0D0F82831A360FFF753FAD5F82C31A0757A
S21402E9F0E36095F830316376A376B5F84030A382AB
S21402EA0095F8743023766B68236195F8423084F863
S21402EA102030AB8FA4F8213038BD38B50546FBF759
S21402EA20E5FF04462846FBF7E3FF2146024602209E
S21402EA30FBF7F3FF38BD14220021FAF708BF037C68
S21402EA40427C981AC0B2704710B5037C427C5C1CAC
S21402EA509A1A047403F0030340F82310D0B210BDD0
S21402EA60437C194401F0030150F821007047437CAF
S21402EA70013343747047022808D0042803D00128C3
S21402EA8018BF0620704701F00101C81C704710B578
S21402EA900C46E2F7FFF90279408804FB020010BD3B
S21402EAA010B50C46E2F7F6F94388A3429BBFE41A78
S21402EAB003790020B4FBF3F010BD2DE9F0410F46B8
S21402EAC00446242118461E4615469DF8188000F076
S21402EAD08EFAC319B8F1000F37D1033E012E94BF48
S21402EAE00322022240F27126520006FB023342F251
S21402EAF01072608941007143A1F2E2469642A8BFB5
S21402EB0016466A1A921BD21A002AC2BFB2FBF1F24A
S21402EB1002FB0112AD1AEA1A09D55242B2FBF1F70C
S21402EB2007FB011C01FB1722654402B96D1AEB1A9A
S21402EB308B4240F2E2470AD8B3FBF7F3022298B2BE
S21402EB40E27120812846BDE8F0810122CAE75B1AFD
S21402EB50BB42B8BF3B46B342A8BF3346B3FBF7F14E
S21402EB6007FB1133CAB2002BEAD00132D2B2E7E772
S21402EB70002337B5044601A80193DAF745FD05469A
S21402EB8040B9A368322043F00403A360019B2362CA
S21402EB90E2F7A0FD284603B030BDE3F71FB837B54D
S21402EBA00546E3F741F804462DB12B680360AB88AF
S21402EBB0A38003B030BDFBF745FF0322CDE9000179
S21402EBC00DF105010DEB0200FAF727FE0098BDF8DD
S21402EBD004302060ECE738B50546E3F725F804462E
S21402EBE009F0B8FE2B68A360AB88A381A37943F033
S21402EBF00103A37109F0A9FE012038BD38B50C4601
S21402EC000546E3F711F8014605B10831062220460B
S21402EC10FAF7F3FDB0FA80F0400938BD10B50446A5
S21402EC20E3F702F8036823608388A38010BD08B563
S21402EC30E2F7FAFF807900F0010008BD10B504463D
S21402EC40E2F7F2FF836823608389A38010BD50E851
S21402EC50003F0B4340E80032002AF8D1704770B5F7
S21402EC600E461546E1F744F9044648B93046E0F741
S21402EC70A1FB044620B92846E3F7B8F9044640B19A
S21402EC800020E1F735F90020E0F794FB0020E3F7D7
S21402EC90ADF9204670BD4FF40010EFF7C1BBDAF7AE
S21402ECA04BBA014608B5E2F7CFFE022909D003D8CF
S21402ECB04B1E5842584108BD0339012904D9002089
S21402ECC0F9E7C0F34000F6E7C0F38000F3E7FFF78A
S21402ECD066BF08B5DBF76CFE08BD08B5DEF752FE68
S21402ECE008BD112808B502D0122805D008BD132089
S21402ECF0BDE80840E2F7EEBCE2F710FFE2F78CFF51
S21402ED00E2F758FD1420F3E7E2F790BC08B5E2F705
S21402ED1043FCBDE808401120E2F7DCBC132808B526
S21402ED2002D0142809D008BDE2F77EFFFFF735FFB0
S21402ED30BDE808401220E2F7CDBC0020E2F764FCF2
S21402ED40BDE80840F7F74DBC704783790C3318448A
S21402ED5070477047002337B50446012501932046C5
S21402ED6001A900F05CF908B903B030BD01982A4643
S21402ED708379C1790025C91A0C33C9B21844DAF767
S21402ED80DBFEECE70B7810B40478C3F38013B3EB26
S21402ED90D41F09D132B9023106225DF8044B08307D
S21402EDA0FAF72BBD0431F7E74FF0FF305DF8044B5E
S21402EDB0704729B143780C2B0CBF0320FF20704705
S21402EDC0FF20704770B586B004469DF828600B9DFC
S21402EDD011B9FF2006B070BD62B9012204A90DF177
S21402EDE00F00FBF78DFBD0B9204610F8021BC1F3CB
S21402EDF0801117E0002BF0D129463046FBF76FFB57
S21402EE000028EAD12378C3F38013B342E1D1062265
S21402EE102946A01CFAF7F1FC0028DAD1DDE79DF8B6
S21402EE200F1004A8E1F7AAF90028D2D10123218BFA
S21402EE3000930846638BA28BFDF788F90028C8D09A
S21402EE40627D531E072BC4D8238B9342C1D9E28A14
S21402EE509A42BED8A37F5BB9E37F4BB994F82030C1
S21402EE6033B994F821301BB994F822300F2BB0D95D
S21402EE7094F823301B3303F01F030B2BA9D805206D
S21402EE80A8E710B5FBF7BCFD0446FBF7BBFD214621
S21402EE9002460120FBF7C1FD10BD7FB5FBF7B0FDB2
S21402EEA00546F0B1847A002614F0100414D003A8A4
S21402EEB00396DAF7A9FB039B8BB1CDE9006340F614
S21402EEC0FF72334629460120FBF786FD80F00104D7
S21402EED0E4B203A8FAF7D2FF204604B070BD0124BC
S21402EEE0F7E70446F8E71FB50023CDF80A30ADF879
S21402EEF00E30D0E90023CDE900230389B0F90C00D7
S21402EF00ADF80830DBF768F86846DAF73FFD05B07B
S21402EF105DF804FB1FB5002300F00F008DF80A0011
S21402EF2001A801918DF808308DF809208DF80B3074
S21402EF300393FBF78CFD05B05DF804FB1FB5CDE926
S21402EF40001200228DF80B308DF8082000F00F0317
S21402EF50C0F340128DF809208DF80C30C0F3001271
S21402EF6043068DF80A2001D5DAF7FCF86846DAF788
S21402EF7079F905B05DF804FB30B5002489B00D9D23
S21402EF808DF8081000950C9D079404A98DF81C00B6
S21402EF906846CDE90544CDF80A40ADF80E40019525
S21402EFA08DF809200493DAF7BDF9012009B030BDC7
S21402EFB01FB50023CDE9003101238DF80830C0F3D8
S21402EFC040138DF80930C0F300138DF80A3000F0B4
S21402EFD00F038DF80C3043068DF80B2001D5DAF7B7
S21402EFE0C1F86846DAF73EF905B05DF804FB10B5DD
S21402EFF00C4608B9DAF760FE2146BDE81040FFF776
S21402F00046BD0B6803B11868086010B14379DB0788
S21402F01003D5003818BF012070470068F4E70B6874
S21402F02013B90860012070471868086020B140795B
S21402F03000F00100C0F1010000F001007047F0B5D9
S21402F04087B00D4616468DF8070002B9A3B32946C7
S21402F0509DF80700FBF750FA0446B8B929469DF812
S21402F0600700FBF74FFA40BB16B39DF807100039AE
S21402F07018BF012128460DF10F02E2F777FFF8B913
S21402F0809DF80F40013418BF012416E004AF012298
S21402F09039460DF10700FBF733FA04464EB19DF8E8
S21402F0A00730191E18BF0121002818BF3D46E1E7A8
S21402F0B00124FBF70EFA00B90124204607B0F0BD82
S21402F0C04FF0FF34DEE7704770B515460E461C4615
S21402F0D0FEF740FF2B684EB103606B6843602368FF
S21402F0E0C0F825302368C0F8153070BD83606B68A1
S21402F0F0C3602368C0F829302368C0F81930F4E7E3
S21402F10070B50546FEF726FF044609F023FC0646C0
S21402F11040212846FEF722FF4FF400612846FEF7FC
S21402F12023FF304609F011FC00232846236123758D
S21402F130236284F82430FEF70FFF802310F0010FBD
S21402F14014BF237584F8243070BD10B50446FFF74B
S21402F1508EFB2046BDE810401021E0F755BD10B5E5
S21402F16004464FF46061FEF703FF2046BDE81040F8
S21402F170FFF77DBB7FB506460C46FEF7EBFE4FF467
S21402F180C06105463046FEF7EFFE4FF4006130469A
S21402F190FEF7EEFE4FF48060E2F7C8FB224670B937
S21402F1A069462846E2F79EFE6B4605F1100213F802
S21402F1B0011B02F8011DAA42F9D104B070BD6C46CB
S21402F1C002F11006234610685168083203C3B242A1
S21402F1D01C46F7D1E8E737B50D46ADF80420FEF732
S21402F1E0B9FE044600F12003024601992846E2F7DA
S21402F1F0A1FD236A0133236223B994F82430013334
S21402F20084F8243003B030BD37B50D46ADF804207F
S21402F210FEF7A0FE01990446024600F110032846B6
S21402F220E2F7F4FD30B123690133236113B9237D7C
S21402F2300133237503B030BD704710B5DCF70CFF01
S21402F2400446FBF7F0FC2043C0B210BD38B5DCF72D
S21402F2502DF88379C17903F10C020244CB1A0220FD
S21402F2600021B2F80350FBF707F9044640B9DCF771
S21402F27023F80722BDE8384042F21901FCF768BAC3
S21402F2802846E0F797FC38B12146E3F7D3FC04465C
S21402F290DCF712F82246EDE72046D9F719FA0224DF
S21402F2A0F6E770B5DCF702F883791844B0F80F6019
S21402F2B0B0B2E0F77FFC80B1002101F018F80546F5
S21402F2C0DBF7FAFF044602232A4642F21B01FCF74A
S21402F2D00EFAA3791C44668270BD0225F0E770B56B
S21402F2E0DBF7E4FF83790C33C418B4F803502846DE
S21402F2F0E0F760FCA0B1611D00F0F9FF0646DBF7FF
S21402F300DBFF04460223324642F21A01FCF7EFF90B
S21402F310E37923449D72E3792D0A1C44E57270BD9D
S21402F3200226ECE710B5DBF7C1FF83790C331844ED
S21402F3304479B0F80300E0F73DFC60B12146E3F7FC
S21402F3405BFA0446DBF7B8FFE2B240F20641BDE8DC
S21402F3501040FCF7FDB90224F4E710B5DBF7A6FF70
S21402F36083790C331844C379C41C03F01F03C3719A
S21402F3702046FCF789F9B8B12046FCF772F9E1F7A6
S21402F380EBFAE3F711FF10B92046E3F761FFFBF74C
S21402F39048FC0446DBF790FFE2B20023BDE81040CB
S21402F3A042F21401FCF7A3B91224F3E770B5DBF7B7
S21402F3B07DFF83791844B0F80F5009F0CBFA044663
S21402F3C02846E0F7F7FB80B11621FFF7BAFA0025C8
S21402F3D0204609F0BAFADBF76FFF2A46BDE870400E
S21402F3E000234FF60441FCF782B90225F0E710B578
S21402F3F0DBF75CFF83790C33C418B4F80300E0F73C
S21402F400D9FB70B1D4F80510FFF727F80024DBF714
S21402F41053FF2246BDE8104000234FF60541FCF795
S21402F42066B90224F3E710B5DBF740FF83790C33A5
S21402F430C418B4F80300E0F7BDFB70B1D4F80510A9
S21402F440FFF724F80024DBF737FF2246BDE810401A
S21402F45000234FF60641FCF74AB90224F3E7F8B553
S21402F460DBF724FF847905460C340444B4F8030021
S21402F470E0F7A0FB064640B9DBF71EFF0222BDE816
S21402F480F84042F21301FCF763B9AB79E97903F16C
S21402F4900C020220CB1A2A440021FAF7EDFF01469D
S21402F4A018B9DBF709FF0722E9E78379033383718B
S21402F4B03046B4F80D50B4F80F70E3F743F904463B
S21402F4C03A4629463046E0F783FEDBF7F5FE22464B
S21402F4D0D5E738B509F03EFA0446FFF7AEFE002837
S21402F4E00CBF0C250025DBF7E7FE2A4642F20E018A
S21402F4F0FCF74EF9DDF73EF92046BDE8384009F044
S21402F50024BA2DE9F04F8FB0DBF7D0FE42F2850326
S21402F51090F80690074609F10C0930F8092000EB2E
S21402F52009049A4202680CD10021E3782679FF2B5F
S21402F530016004F10504079227D1FF2E06D012259A
S21402F54014E00023FF26036003340792E2F77CFAF6
S21402F550637A33EA000235D1184010F0050FEED078
S21402F56006F11003DBB20E2B29D84225079B13B1F6
S21402F57007A8FAF783FCDBF79FFE2A4637F809103E
S21402F580FCF7E6F80FB0BDE8F08FFF2E01D11E465D
S21402F590DCE703F11002D2B20E2AE6D986F0800228
S21402F5A07E2ACCD905961E46E0F772FD804658B9EB
S21402F5B0079B13B107A8FAF761FC0725DBE7FF23D1
S21402F5C00593F1E71125D1E7FFF737FE38B1079B20
S21402F5D013B107A8FAF752FC4FF00C0B2EE0637833
S21402F5E003F0FD03012B0AD1FFF721FB38B9079B75
S21402F5F013B107A8FAF742FC4FF0120B1EE004F113
S21402F600030A5146A01CFAF77FFF5046A178E0F79E
S21402F610B5FD054630B1079B13B107A8FAF72EFCD5
S21402F620AB460BE0FF2E21D03046FBF702FB8346AB
S21402F63048B1079A12B107A8FAF720FC4046E0F74D
S21402F6407BFD5D4697E707AA6378CDE901A2A2781B
S21402F650314600924046059AFBF7E7FA079A834638
S21402F660002A47D1BBF1000F85D0E7E7637A8DF811
S21402F67020008DF8233023788DF82130A3788DF87A
S21402F6802230DAF80030CDF82530BAF80430ADF87A
S21402F690293063788DF82430079B9A790C3213440C
S21402F6A059791A7942EA0122ADF82C20D9799A7949
S21402F6B042EA0122ADF82E20597A1A7A42EA01224B
S21402F6C0ADF83020D97A9A7A42EA0122ADF8322091
S21402F6D0597B1A7B42EA0122ADF834209A7BDB7B07
S21402F6E0414642EA0323024608A8ADF83630DDF763
S21402F6F017F9B3E707A8FAF7C1FBB3E770B5DBF76C
S21402F700D5FD83790C33C418B4F80360B0B2E0F7C1
S21402F71051FA0546D0B10120FAF783FD0146B8B189
S21402F720B4F805302846B4F80720DBB2E3F704FB4A
S21402F7300546DBF7C1FD044602232A4642F22201B1
S21402F740FBF7D5FFA3791C44668270BD0225F0E75D
S21402F7500725EEE710B5DBF7A9FD83790C330344E2
S21402F760B3F80300B3F80510C0B2E0F747FDDBF7C5
S21402F770A3FDBDE81040002342F224011A46FBF71F
S21402F780B6BF10B5DBF792FD83791844B0F80F00C8
S21402F790E0F710FA58B100F058FD0446DBF78CFD8E
S21402F7A02246BDE8104042F21601FBF7D1BF022402
S21402F7B0F4E770B5DBF77AFD83791844B0F80F608A
S21402F7C0B0B2E0F7F7F980B9DBF776FD7F2504469D
S21402F7D002220323204641F20541FBF788FFA37964
S21402F7E00C331C44E680257270BDFEF7C9FB45B299
S21402F7F0DBF762FD00220446EBE770B5DBF756FD49
S21402F80083790C33C418DBF757FD0546D4F803009A
S21402F810E0F7D0F91D2358B1284600224FF62A41B8
S21402F820FBF765FF2946D4F80300FFF7C3F870BD5F
S21402F8302846BDE8704002224FF62A41FBF757BF22
S21402F8402DE9F84381460220884617461E46FAF7F7
S21402F850E8FC044690B10A220321FBF76AFF002364
S21402F860A57920460C352544EB70A5F80490A5F83A
S21402F87006802F816E81DBF7DFFC0120BDE8F8836E
S21402F8802DE9F043814685B002200E461F469DF8BC
S21402F89044808DF80F20FAF7C4FC0546002844D0B1
S21402F8A022222921FBF745FF0022AC7930460C3490
S21402F8B02C4404F10E0304F11401C4F80E209A80BD
S21402F8C06261228300913A460DF10F01FAF704FEB7
S21402F8D09DF84030A4F80490E37006F00103A3718B
S21402F8E09DF80F3016F0FD0FE3713B68A360BB88EE
S21402F8F0A3814FF6FF7304D0032E08BF43464FF092
S21402F900FF08BDF8302028466283BDF8342084F80C
S21402F9102180A283BDF838206384E2839DF83C20D0
S21402F92084F82020DBF788FC012005B0BDE8F083D0
S21402F930F8B50746022016461D46FAF772FC04463C
S21402F94090B10C220421FBF7F4FEA1799DF8183041
S21402F9500C31214420468F80C1F80660C1F80A5057
S21402F960CB70DBF769FC0120F8BD70B506460220B5
S21402F9700D46FAF756FC044668B103223021FBF71F
S21402F980FAFEA37920460C332344A3F803609D7045
S21402F990DBF752FC012070BD70B5064602200D460C
S21402F9A0FAF73FFC044688B104220821FBF7E3FE7F
S21402F9B0B5FA85F2A37952090C3323442046A3F8FC
S21402F9C003605A719D70DBF737FC012070BD2DE98C
S21402F9D0F84381460220884617461E46FAF721FC5F
S21402F9E00446B0B10B220721FBF7A3FEA579BDF8AA
S21402F9F020300C3525442046A5F80390A5F805804E
S21402FA00A5F80770A5F80960A5F80B30DBF714FC1B
S21402FA100120BDE8F883F8B5074602200E461546D3
S21402FA20FAF7FFFB0446A0B10D220521FBF781FE83
S21402FA30A37920460C332344A3F80370A3F80D6081
S21402FA402A68C3F805206A68C3F80920DBF7F4FBC6
S21402FA500120F8BD2DE9FF4116466A4680460F464C
S21402FA6015460A9C03F1100E944618685968083326
S21402FA70ACE8030073456246F6D124B90220FAF7D1
S21402FA80D0FB044608B31D22ED212046FBF742FEBA
S21402FA90A3790C332344A3F80380A3F80D702EB188
S21402FAA03268C3F805207268C3F809200F3304AE23
S21402FAB02A4603CAB24218605960154603F1080383
S21402FAC0F6D12046DBF7B8FB012004B0BDE8F08192
S21402FAD013B51321827901900C32841881544FF4A5
S21402FAE04072C280E0F7CCFEA07020B901A8FAF7F7
S21402FAF0C5F902B010BD8000013060700198DBF7D6
S21402FB009BFBF6E770B5064602200D46FAF789FB20
S21402FB10044678B104220521FBF72DFE0022A379C4
S21402FB2020460C332344A3F803605D719A70DBF71A
S21402FB3083FB012070BD70B5DBF7B8FB83791844F0
S21402FB40B0F80F60B0B2E0F735F80546B0FA80F0CC
S21402FB5040094400DBF7B0FB0723224642F21501B8
S21402FB60FBF7C5FDDBF7A8FBC3791844A0F80560D0
S21402FB704CB9DBF7A1FBC179073101442846BDE841
S21402FB807040FEF7C0BE70BD13B5837901900C338A
S21402FB90C418C05CE0F70EF820B901A8FAF76EF9AF
S21402FBA002B010BD6378019913F0300F0CBF01222A
S21402FBB000228B7904338B714B7962F300034B710D
S21402FBC0E0F72AFDECE72DE9F041DBF76FFB8379DE
S21402FBD00C33C418B4F803801FFA88F0DFF7EAFF84
S21402FBE0054600B3A2796179FEF77DFA0646DBF791
S21402FBF063FB07460223324642F27A01FBF777FDA1
S21402FC00BB7938463B44A3F81280DBF715FB46B9AE
S21402FC10A37933B12846FEF75AFC01462846FBF77D
S21402FC2065FDBDE8F0810226E1E7C94350E8003FE2
S21402FC300B4040E80032002AF8D170470020704797
S21402FC402DE9F04104460E4600250127214685F09F
S21402FC500100FEF778F94FF48051FFF7E6FF83685C
S21402FC60804633B938460DB1BDE8F0810125074616
S21402FC70ECE7028AB24206D10022012120469847CA
S21402FC800028EFD1EFE70268D10502D5002211461F
S21402FC90F4E79307E6D52046FEF79EF902460028CB
S21402FCA0E0D10521D8F80830E8E708B5FEF765F98F
S21402FCB000230380436008BD70B506460C4608F074
S21402FCC049FE05463046FEF758F930B103781C4324
S21402FCD004704FF40070EEF7A3FB2846BDE87040B0
S21402FCE008F033BEE0F798BC07B542798DF80710E6
S21402FCF022F0030242F00302427140F203320DF197
S21402FD000701C2800122FAF795F803B05DF804FBFA
S21402FD1070B50C460546072120461646FFF7E4FF57
S21402FD202046E2F703FA214646702846BDE87040B0
S21402FD30E0F772BC38B50C4600210546FEF75AF9C4
S21402FD4047F6FE73241AA4B29C4205D928462821F7
S21402FD50FEF7E0FD002038BD0120FCE738B504467A
S21402FD600D4601460020FEF7EEF803689B0505D413
S21402FD7029462046BDE83840FFF7DCBF002038BDE4
S21402FD802DE9F04115461F469DF81880FEF7DBF870
S21402FD90044608F0DFFDB8F1010F064623D154E809
S21402FDA0003F43F4807344E80032002AF7D105B3DB
S21402FDB054E8002F42F4007244E80023002BF7D1E7
S21402FDC0FF212046FFF731FF54E8002F48EA0202DF
S21402FDD044E80023002BF7D13046A5602782BDE811
S21402FDE0F04108F0B2BD4FF480712046FFF71DFFC8
S21402FDF0DDE74FF400712046FFF717FFE0E773B523
S21402FE00064601200C46FEF79EF8002305461A46D3
S21402FE10009321463046FFF7B3FF6B6863B14FF499
S21402FE2080712046DFF7F0FE55E8003F43F400738A
S21402FE3045E80032002AF7D108F08CFD0546204638
S21402FE40FEF79BF828B103881BB14FF40070EEF75B
S21402FE50E7FA284602B0BDE8704008F076BD38B52D
S21402FE6005460C46FEF76FF883684BB10221204622
S21402FE700022984721462846BDE83840FFF7BFBF14
S21402FE8038BD012938B505460C4608D0CC1E012CD3
S21402FE9003D801460120FFF7E2FF012038BD2221E8
S21402FEA0FEF7A5F820462946FFF7D9FF0020F5E71A
S21402FEB008B5FEF748F8006800F0F00008BD10B577
S21402FEC0014604460120FFF7F3FF20B92146BDE8AC
S21402FED01040FFF7EDBF10BD70B506460D46014651
S21402FEE00120FEF730F8314604460020FEF72BF8D4
S21402FEF02268036842EA0301C90523D4920549BF72
S21402FF00248A4FF6FF74641BA4B29B0554BF4FF6B7
S21402FF10FF73038A304644BF5B1B9BB29C42A8BF5A
S21402FF201C46FAF777FD002804DB411B89B28C4297
S21402FF30A8BF0C464FF6FF739C4208BF4FF0FF3433
S21402FF40204670BD0124FBE72DE9F34104460191EA
S21402FF50014601201546FDF7F6FF2146064600201B
S21402FF60FDF7F1FF80462046FDF7F6FF010706D5AE
S21402FF7001A8F9F783FF0C2002B0BDE8F08108F073
S21402FF80E9FC336807469A0503D4D8F800309B0587
S21402FF9009D50199301D8D60FAF766F8384608F0E3
S21402FFA0D4FC0020E8E708F0D0FC20460199A847D8
S21402FFB0E2E738B5014604460120FDF7C4FF0546D0
S21402FFC00C30F9F75BFF281DF9F758FF2146002091
S21402FFD0FDF7B9FF04460C30F9F750FF201DBDE8C7
S21402FFE03840F9F74BBF70B5014605460120FDF7CC
S21402FFF0AAFF06460430F9F7C5FF044670B14FF46F
S21403000000713046FFF711FE21462846A36898473D
S21403001020B12046BDE87040D8F75ABB70BD002318
S2140300208260C0E90031704708B50B4601461846A2
S214030030FDF789FF0068C0F3402008BDFFF721BF26
S214030040CB1E012B70B504460D46164606D81A215C
S214030050FDF7CDFF40212046DFF7D6FD3246294681
S2140300602046BDE87040FFF70CBF38B504460D4682
S214030070FDF7B2FF28B1012D04D122212046FDF75A
S214030080B6FF002038BDF8B50C468B7907460B44FF
S214030090D3F80D60D3F811303246E0F70DFA092194
S2140300A02046FFF721FE2046E2F740F8A579E1F760
S2140300B0C5FC0C3566F0FF0625440640C5F801600E
S2140300C0E1F7BCFC3846C5F805102146FFF70AFEE3
S2140300D002213846FFF7F0FDF8BD70B50E4605461B
S2140300E001460020FDF72FFF012E044603D0022E03
S2140300F011D0012070BDC16828468B7919440D3193
S214030100FDF7E9FFE068D8F7E3FA00202946E06048
S214030110FFF775FEEDE7C068D8F7DAFA0023E36069
S214030120E7E738B50D46044601460120FDF70BFF09
S214030130012D08D100F112012046FDF7CCFF214620
S2140301402846FFF75CFE012038BD08B5FDF70AFF19
S21403015000F0010008BD38B50C4602210546FDF740
S21403016003FF0C212046FFF7BFFD2046E1F7DEFF25
S2140301704FF0FF3383700223C3700F234370602353
S21403018003710623214643712846BDE83840FFF72E
S214030190A9BDF8B50C460546FDF7DEFE00F00107DF
S2140301A087F0010729463846FDF7CDFE0646C068A8
S2140301B0012C837903D0022C20D00120F8BD0C3308
S2140301C0C41823892846E288A188FEF73EF861888A
S2140301D0627849005200284689B2FDF7DDFEF068D2
S2140301E0D8F776FA002328464FF48031F360FDF7FC
S2140301F0BFFE29463846FFF702FEDEE7D8F768FA61
S21403020000234FF480312846F360FDF7B1FED4E7B0
S214030210042910B5044601D0002010BDFDF79CFE4E
S21403022000F00100C0F10200E1F780FB0028F3D1E3
S214030230F9F7F7FF014608B90220EEE72046E2F792
S214030240A5FA0028F8D10120E7E710B50446FDF724
S21403025089FE030705D520464021DFF7D5FC00209D
S21403026010BD0120F9F7DDFF014620B12046BDE8A9
S2140302701040E2F78BBA0720F2E72DE9F0410F466C
S21403028004469046FDF768FE00F0010585F001057B
S21403029021462846FDF757FE012F064603D0032FB7
S2140302A00FD001200BE02046FEF759FF22212046FF
S2140302B0FDF79DFE28462146FFF7D1FD0020BDE849
S2140302C0F081C068D8F704FA00232046F360FEF7EF
S2140302D046FF204698F80410FDF789FE20462021A5
S2140302E0DFF792FC21462846FFF7B9FDD9E737B575
S2140302F004460D46FDF736FE00054FD50220F9F7F6
S21403030090FF019000284BD0204655B3FDF724FEFE
S214030310C1070AD505210198FFF7E6FC0198E1F726
S21403032005FF20460199FFF7DDFC29462046FEF728
S21403033021FF2046FDF710FEC2070FD44FF40061DD
S2140303402046FDF715FE06210198FFF7CDFC019820
S214030350E1F7ECFE20460199FFF7C4FC002003B04A
S21403036030BDFDF7F9FDC3070DD50199032306221A
S2140303702046E1F7EDFE2046FEF7F1FE214628462D
S214030380FFF76DFDEAE701A8F9F778FD20463D2162
S214030390FEF7C0FA2046FEF7E2FEDFE70C20DEE7B4
S2140303A00720DCE7F7B5014604460020FDF7CBFD42
S2140303B0054600F112074FF48060E1F7B7FA50B92B
S2140303C02046DFF70BFC3A46698B80B203B0BDE8E4
S2140303D0F040FFF720BB2046DFF700FC064620462A
S2140303E06D8BFDF7B7FD00220346009229463A4679
S2140303F0B0B2FFF72FFB03B0F0BD83781A2B09D8F2
S2140304001B2383700288B2F5A47F07D24FF4A4732C
S214030410038007E0FB2BF5D9FB23F2E744F2902396
S2140304209A42F5D87047F0B50446CA798B7987B0F7
S21403043043EA0223ADF80C308B8803A88DF80E3000
S214030440CA788B7840F6480543EA0223ADF81030A5
S2140304500B8805A98DF81230FFF7CFFF04A8FFF726
S214030460CCFF2046FEF783FA0B212046FEF735FA2B
S21403047044F29023002818BF1D46BDF80C709DF863
S2140304800E30BDF81460BDF810209DF816009DF8D8
S2140304901210AF42D4BF00970095FB2BA8BFFB23D7
S2140304A0B242A8BF32468142A8BF01462046FDF7A6
S2140304B057FF07B0F0BD37B5144605461046FFF79D
S2140304C013FC2046E1F732FE01A904462846FEF750
S2140304D04EFA0B212846FEF700FA6FF0040363700A
S2140304E0002344F29022A37040F64803002818BF66
S2140304F01346A4F803309DF80630A4F80530BDF87B
S2140305000430A4F8073003B030BDFFF7BABC0229A5
S21403051073B505460C4603D00024204602B070BDD2
S2140305200521FEF7ABF90028F6D0DFF76DFE1B2892
S214030530F2D94FF40040E1F7F9F90028ECD1F9F7C6
S21403054070FE06460028E8D0284601A9FEF70FFAF3
S214030550314628469DF80630BDF80420E2F7ECFB4A
S2140305600028D9D10124D8E77FB506461546684644
S2140305701022F9F76CF90024AC4202D3002004B031
S21403058070BD102269463046F9F749FF80B210283D
S21403059002D11034A4B2EFE741F20700EFE72DE9EA
S2140305A0F04105460E4617469846FAF729FAA8B3C9
S2140305B03B1E18BF0123827A63F304128272D3B2FE
S2140305C0D2060BD4022047F6FF732A463146E2F7DB
S2140305D003FCE2F7EBFB0020BDE8F081B8F1020F65
S2140305E002D941F21100F7E7BA1E122AF9D89DF88C
S2140305F018209DF81C1062F303030771089A80F80D
S21403060005808372FAF7EDF910B140F48050E3E702
S2140306100120FAF7E3F90028D4D0F6E7002FD1D06B
S214030620DFE7012938B504460D4608D12221FDF738
S214030630DEFC28462146FFF712FC002038BD0146A3
S2140306400120FFF7DCFB0120F8E78160704741EAF1
S214030650002008B540F49020F8F755FB014640B15A
S21403066010F1880F05D0BDE8084040F20740E8F7D0
S21403067019BA08BD0120704770B50C4606461146E8
S2140306801D46E2F7DBFE58B144EA06206FEA404017
S2140306906FEA50402A46BDE8704080B2EDF736BF99
S2140306A040F2064070BD10B50446E2F7C7FE50B1EF
S2140306B041EA04206FEA4040BDE810406FEA50402C
S2140306C080B2EDF75BBF40F2064010BD837901466A
S2140306D01A0703D506220020E2F73EBF9B0602D583
S2140306E006220120F8E74FF0FF3070478379532B3B
S2140306F001D1E2F763BFFFF7E9BF70B506461446BC
S2140307001D46E2F79BFE10B90024204670BD41EA61
S21403071006206FEA40406FEA50402A46214680B2E0
S214030720EDF710FF0028F0D0EEE738B505460C4687
S214030730E2F784FEC0B10B46062200212846FFF7E7
S214030740DCFF062803D14923A371002038BD2346C6
S214030750062201212846FFF7D0FF72230628A3713D
S214030760F3D04FF48160F1E740F20640EEE7F7B5C9
S21403077004460F4616461D46E2F760FED0B1002338
S2140307800822CDE9003311466B462046FFF7B5FF36
S21403079008280CD139462046FFF7C7FF28B99DF82D
S2140307A0033033709DF802302B7003B0F0BD4FF466
S2140307B08160FAE740F20640F7E708B5E7F708FA7C
S2140307C0002008BD2DE9F0410D46DDE90648164632
S2140307D01F4601F0D8F8012C0AD860B144EA080491
S2140307E03B46324629460694BDE8F04102F059BB23
S2140307F02120BDE8F0812520FBE700207047A0F804
S2140308006E10704701238B4090F87110194380F8DF
S2140308107110704708B50120D8F76EF9C0B208BD4D
S21403082083790C33184470471438704710B5044660
S214030830A1F11400F9F7B6FB201A20EAE07080B2A3
S21403084010BD70B51C460D461646FFF7EFFFA042D7
S21403085007D322463146A5F11400F9F7E0FD01203F
S21403086070BD0020FCE770B506460D4614467AB9FF
S2140308700A4620460821F9F795FD044690B92A460C
S21403088008212920F9F78EFD044658B9204670BD85
S2140308901046F9F7F3FA2046F9F7B7FC08231D4488
S2140308A0A371E571A3790C331C442670EEE72DE99A
S2140308B0F0411646069A074688461D46FFF7D3FFBD
S2140308C00446F8B114382A4631460690F9F7A7FDD0
S2140308D0854218D9069B06A81C7904F02004F9F76C
S2140308E0CDFA7CB9424608212920F9F75BFD06902C
S2140308F040B12A463146F9F792FD854206D906A845
S214030900F9F7BCFA00242046BDE8F081069A9379ED
S2140309100C33D418D754F6E711B11439E3F7C6BF2E
S2140309201A20704738B5002204460D4602200321DC
S214030930FFF799FF014608B1A0F801502046BDE82D
S2140309403840FFF7E9BFF8B504460F4616460521BB
S2140309500120069A1D46FFF786FF014638B1477009
S214030960468005712046BDE8F840FFF7D5BFF8BDC1
S21403097038B50D46032104460846FFF774FFA0F872
S214030980015001462046BDE83840FFF7C5BF73B5A2
S2140309900546084611466C891A46641ABDF818308F
S2140309A0A4B29C4228BF1C46079B089E009323467E
S2140309B0FFF77DFF014630B12846348002B0BDE81C
S2140309C07040FFF7A9BF1A2002B070BD012110B511
S2140309D0002204461320FFF746FF014620B12046B7
S2140309E0BDE81040FFF798BF10BDF7B5448905462C
S2140309F018460F4616460193F9F7D4FA053CA4B2F7
S214030A00844203DA011B01A8F9F76EFB052101985E
S214030A10F9F70BFC014628B901A8F9F72FFA1A20B3
S214030A2003B0F0BD83790C33C2181720C854284688
S214030A30A2F80170A2F80360E3F738FFF0E701219C
S214030A4010B5002204461920FFF70DFF014620B11A
S214030A502046BDE81040FFF75FBF10BD73B50E46D6
S214030A60002144890546033CA4B2A342009128BF53
S214030A70234603211B20FFF71AFF014670B101220C
S214030A8010F80F3CA0F8016062F3071300F80F3C60
S214030A90284602B0BDE87040FFF73EBF1A2002B0FA
S214030AA070BD73B50E46002144890546033CA4B2C7
S214030AB0A342009128BF234603211D20FFF7F7FE1C
S214030AC0014638B1A0F80160284602B0BDE8704080
S214030AD0FFF722BF1A2002B070BD4B88042B07D144
S214030AE0836C08885B8998428CBF0020012070477E
S214030AF00020704710B50C4600F045FF18B1438937
S214030B000020238010BD2520FCE710B5044680692D
S214030B1020B10021E3F720FE0023A36110BD07B533
S214030B2001228DF807100DF10701F9F778FC03B0E1
S214030B305DF804FBF7B505464FF428500C4601F064
S214030B40A6FA064601F011F8B0B3022C02D800202C
S214030B5003B0F0BD002731460DF105030DF1060283
S214030B603846ADF8067001F058F9BDF80620631E46
S214030B70934206461EDC072C1AD9023CADF8064003
S214030B800824BDF80630002BE1D00133D9B228463D
S214030B90FFF7C5FF21462846FFF7C1FF3146284623
S214030BA0BDF80620F9F73BFCBDF806000230CFE798
S214030BB0ADF806700924E4E74FF0FF30C8E70229D2
S214030BC02DE9F34104460D461746184603D8002080
S214030BD002B0BDE8F08101F05AFA064600F0C5FF00
S214030BE00028F4D04FF0000831460DF105030DF14F
S214030BF006024046ADF8068001F00FF9BDF8063050
S214030C00BDF820200646934228BF1346AB4228BFB2
S214030C102B469DF80500ADF80630C0B9002BD7D09B
S214030C2001339AB29542D3D9D9B22046FFF777FF5C
S214030C3039462046FFF773FF31462046BDF80620A7
S214030C40F9F7EDFBBDF806000230C0B2C0E7404638
S214030C50BEE707B501A9E3F7FFFE30B9019B586A63
S214030C60C0F3C02003B05DF804FB0020FAE70020C1
S214030C7008B5E3F773FF08B9FF2006E0C37B012B33
S214030C80F7D1436ADB06F4D5007808BD73B50E4684
S214030C9001A91546E3F7E0FE90B9019A546A14F0E9
S214030CA010030FD0C4F300343470D37B5A1E042AC7
S214030CB002D8D81E18BF01202870012002B070BDCC
S214030CC00020FBE71846F9E738B5436A04465B0796
S214030CD005D5002300781A461946E7F7A3FC636A8E
S214030CE09D0706D52046E3F7CBFE636A23F002038F
S214030CF06362636A18070DD52146E27911F8010B82
S214030D00C2F3C002E7F730FC0546E8B9636A23F08E
S214030D10080363622046E4F7C7FC0546A0B9626A87
S214030D20D10611D5D30404D5204600F013FB40B1F9
S214030D301BE01206E37B09D4E37B626A023B012BCA
S214030D4015D9616A48071FD4284638BD03F0FB034C
S214030D50012BF6D021692078E7F72CFC636A25611E
S214030D6023F0800363620028E6D00546ECE7D3054C
S214030D70E7D561692078E7F739FC00236361636A86
S214030D8023F480736362D2E7E37BA28D012B03D146
S214030D90A2B1802A28BF802211F0400F94F8303089
S214030DA04FF0010118BF01232078E7F73BFC00282A
S214030DB0DBD1636A23F004036362C5E74022EBE7F3
S214030DC0F7B50E4601A91546E3F746FEF8B9019CAA
S214030DD02F689EB904F11000F9F750F8606A27618E
S214030DE040F080000023606210F010002B600ED0ED
S214030DF0204603B0BDE8F040FFF766BF04F11400D9
S214030E00F9F73CF8606A676140F48070EAE703B07C
S214030E10F0BD37B50D460021044601915BB9204667
S214030E20294601AAFFF7CCFF044601A8F9F726F8DE
S214030E30204603B030BD0846F9F71EFB0190002894
S214030E40EDD11A24F4E7002010B5E3F787FE044635
S214030E5000B910BD636ADA060BD55B0409D42046D5
S214030E60E3F770FD636A204643F006036362FFF709
S214030E702BFF2046E9E713B50C4601A9E3F7ECFD83
S214030E8050B9022C07D802462146019802B0BDE8A5
S214030E901040E3F787BE212002B010BDF7B50E461B
S214030EA001A915461F46E3F7D7FDF8B9019C626A08
S214030EB093050BD44FF6DF73A6F12001994217D89A
S214030EC0A5F12001994213D8AE4211D8E369B34283
S214030ED002D1236AAB4204D0C4E9076542F002029A
S214030EE062629DF82030A78584F8303003B0F0BDE9
S214030EF02120FBE713B50C4601A9E3F7ADFD60B966
S214030F0063070CD0019B93F83120A24205D05A6A9E
S214030F1083F8314042F002025A6202B010BD21202B
S214030F20FBE773B50D4601A90646E3F795FD0446B0
S214030F3078B93046FFF78DFE2B1E18BF0123834278
S214030F4007D0019A536A3DB143F4006343F00203AA
S214030F505362204602B070BD23F40063F6E730B553
S214030F6085B00C4669461546E3F776FD40BB40F66A
S214030F70EC1204F2F6439BB2934223D801A804F082
S214030F8006FFE8B9BDF90A10A142A8BF2146298089
S214030F900A2591FBF5F4002923B262B205DA05FBB4
S214030FA0141109B209B1013B5AB2009B93F93210EE
S214030FB0914205D083F832205A6A42F002025A62FE
S214030FC005B030BD2120FBE713B50C4601A9E3F7B6
S214030FD043FDB8B9A37913F0180F15D0019A536AD5
S214030FE013F0100012D1216823F40043C2F8011055
S214030FF0A18843F48043A2F80510A17943F00803BF
S214031000D171536202B010BD2120FBE70220F9E73D
S21403101090F8393037B55B0704460D462AD4E3F714
S21403102091FC6B1E042B14D8032D12D0E379142BDA
S21403103022D0A3696BB9684600F0D1FBE4F756FAF1
S2140310406946E3F7EDFA18B91A25284603B030BD0A
S214031050A061636AE57343F016036362EAF736FB3F
S2140310602046FFF731FE05460028EED02046FFF760
S2140310704CFDEAE70225E8E72125E6E707B501A9DF
S214031080E3F7EAFC30B90198C17B03B05DF804EBE3
S214031090FFF7BEBF03B05DF804FB37B50C4601A9E6
S2140310A0E3F7DAFC18B9052C019D02D9212003B019
S2140310B030BD2869F8F776FF1F28F7D86869F8F770
S2140310C071FF1F28F2D8012CF0D0231F012BEDD976
S2140310D0214628466B6A23F482536B6203B0BDE84D
S2140310E03040FFF795BF37B50C4601A91546E3F721
S2140310F0B3FCE8B9052C1AD8012C16D1FFF7B7FDB7
S214031100FF2814D19DB1019B28689860A988AA7905
S2140311101846998121469A735A6A22F482525A6271
S21403112003B0BDE83040FFF773BF052CE9E7212085
S21403113003B030BD13B501A9E3F78EFC78B9019C63
S214031140636A204623F0500343F004036362FFF709
S214031150DCFC204602B0BDE81040FFF7B5BD02B088
S21403116010BDF7B501A90746E3F776FC002843D17F
S214031170019C2078E4F76AFB11280546204608BF41
S2140311800025E4F775FA636AD90608D523F0100339
S21403119043F0040320466362FFF796FD0546FF23EC
S2140311A02370636AA02223F0010363624FF4A073E3
S2140311B00026C4E90723072304F1100084F831301E
S2140311C0E673E671F8F75AFE04F11400F8F756FED4
S2140311D02046FFF79AFC40F20113E3857F2331464E
S2140311E084F832303846A6626662E7F7E3F931469A
S2140311F03846E7F7FBF9284603B0F0BD73B50E464D
S21403120001A91546E3F728FC044618BB04F0F9FDCC
S214031210064222D0054220D046EA050383431CD16A
S214031220012E01D0042E18D16B1E012B01D9042DDB
S21403123013D1019B93F82E20B24203D193F82F20AB
S214031240AA4207D05A6A83F82E6042F0020283F855
S2140312502F505A62204602B070BD2124FAE737B5F4
S214031260FFF705FDFF28044613D001A9E3F7F4FBB7
S21403127078B9019D6B6A284623F010036B62FFF76B
S21403128044FC204605F1340103B0BDE83040EAF7DC
S21403129051BE03B030BD13B50C4601A9E3F7DCFB22
S2140312A030B9022C06D8012221460198E3F77AFCCE
S2140312B002B010BD2120FBE72DE9F3410D4601A93D
S2140312C090461E46089FE3F7C7FB002836D1052D38
S2140312D008D86B1E012B05D9052D03D008F0010194
S2140312E015B171B3212029E0019A936A49B343F0FB
S2140312F02003019C9362A36A18F0020F14BF43F005
S214031300400323F04003F107626AA3621ED53868E0
S21403131042F48032A060BB796262BA88A373A2816A
S214031320636AB2074CBF43F0400323F0400343F421
S2140313308053294620466362FFF76AFE02B0BDE883
S214031340F081019A936A23F02003D2E722F48032D5
S2140313506262E5E7436A10B5044613F080000CD0DA
S214031360E37B2078032B216908D1E7F73FF90023B5
S2140313702361636A23F08003636210BDE7F71AF9FB
S214031380F5E773B56E4604464A7930460D46063190
S214031390E4F7F0F896E80300A4F85010090C11F0EF
S2140313A0800FE06484F8521004F1530312D0012234
S2140313B0184605F11201E4F7DDF80C35284604F06B
S2140313C0F8FC28B10122294604F15A00E4F7D2F8C2
S2140313D002B070BDB4F8501094F85220C4F853000D
S2140313E099809A71E9E7002337B580F8723040F6A2
S2140313F0FF73A0F86E3083680446DA040D46C160B6
S21403140010D443F480636A46A36040F20321204667
S214031410CDE9004506F042F800212046E3F79CF9A3
S21403142003B030BD90F87600FFF728FEA36823F4D8
S2140314308053E8E71FB590F87420044602F00103D2
S21403144001908DF808300BB102F002038DF80930D5
S21403145094F8753020468DF80A30039103F022F98C
S2140314604FF4017101AA204606F018F82046E3F768
S214031470E9F904B010BDE3F747B9FFF7CBB937B5C1
S21403148005460C4604F0BDFCC34335EA000001D014
S214031490FF2D43D123400ED0FF2C3FD100204FF425
S2140314A06073CDE900030421052001AAE6F7D6FC04
S2140314B038B303B030BDCDE90033802314F0010FF9
S2140314C014BF01930093A107009B49BF019B43F4FC
S2140314D0807343F48073019358BF00936207009BA5
S2140314E018D5019A42F400720192002BDBD0042136
S2140314F06A460846E6F7B2FC0028DAD1019B002BC1
S214031500D1D105F007021146002003B0BDE83040F4
S214031510E6F7B0BD43F400730093E8E72120C8E77D
S2140315202DE9F7430E460446174604F078FC36EAE0
S214031530000903D0212003B0BDE8F08304F061FC6A
S21403154037EA000011D0FF2FF4D12046E3F7B4F8B2
S21403155005460028EED049460224B0F86E8044F0D3
S2140315600C0400293DD0022136E02046E3F7A4F818
S21403157005460028DED017F0010414BF002102211F
S214031580B0F86E80B8074FEA440407F004031DD58D
S214031590002BE4D144F00404404641F00801E6F78A
S2140315A0A7FD0028C7D1E4B916F0040206F003032A
S2140315B01ED1310744BF42F0010243F004030092F8
S2140315C000211A462846E6F76FFDB4E741F004010A
S2140315D0002BE1D044F008044046E6F789FD0028D6
S2140315E0A9D121464046E6F79DFD0028DCD0A2E7B8
S2140315F0022243F00403DCE70A460021E6F7F4BCC4
S21403160013220121E6F7F0BC826838B5C2F38032B4
S2140316100446B0F86E000D46E6F7FEFD20B9A36853
S2140316201DB143F40053A36038BD23F40053FAE717
S214031630F8B504460E4617461D46E3F757FF214600
S214031640E2F7EEFF044698B10021FFF7DBF83A46CF
S21403165031462046F4F7C0FCA36843F00103A360B9
S21403166040F20313A4F87230002320462B60F8BD23
S2140316701A23FAE710B50446B0F80300E3F70EF8AA
S21403168038B1617909B141F48051BDE81040FFF7E4
S214031690AABE10BD10B50446B0F80300E2F7FEFF7D
S2140316A038B1A17809B141F48051BDE81040FFF785
S2140316B0C1BE10BD10B50446B0F80300E2F7EEFF56
S2140316C090B1627990F874305AB143F0010380F810
S2140316D07430A17809B141F48051BDE81040FFF79A
S2140316E0A9BE03F0FE03F2E710BD10B504468088DA
S2140316F0E2F7D4FFB8B1E278AAB9E179A27942EA6F
S2140317000122A0F86220E17AA27A42EA0122A0F836
S2140317106420227A617ABDE8104042EA0122A0F8EA
S2140317206620E3F78FB810BD10B504468088E2F74D
S214031730B5FF20B1A179BDE81040E3F7A5B810BD09
S214031740532838B505460C4604D1BDE8384008464C
S214031750E7F72CBA0620F4F7F7FC60B96379142D83
S21403176003F03F03637104D0722D07D163F03F0388
S2140317706371A57138BD40F20740FBE72120F9E706
S2140317804FF0FF33F7B50093ADF804308379DA06EC
S2140317900CD5532B08BF00234FF03F0208BFADF80C
S2140317A000308DF8052008BF8DF802300021451E55
S2140317B0431D6A46084615F8016F12F8014B9D4211
S2140317C006EA040724EA060440EA070041EA04019D
S2140317D0F1D110B1081E18BF012003B0F0BD0023DD
S2140317E0036083808371704737B50C460021054636
S2140317F01346019152B9284601A9E3F7FFFF0446B1
S21403180001A8F8F73BFB204603B030BD2246084646
S214031810F8F732FE01900028EDD11A24F3E710B54D
S214031820002486B0CDE90344CDE901440094E3F7F0
S21403183099FF06B010BD10B5044660B1806C50B178
S214031840E4F776F9A06C0028FAD12046BDE81040EC
S2140318500321E2F781BF10BD438907B58B420CD045
S21403186050F80C2B40F2014192F87020ADF8063088
S2140318708DF8042001AA05F011FE03B05DF804FB01
S214031880436943F0040343617047436923F0040349
S214031890436170474069C0F38000704747F2305396
S2140318A000220068F4F776BB006805F08ABD38B5F9
S2140318B0436904469B070D4603D540F20941FFF7EB
S2140318C0F3FFE3F711F808B1A3691D702046BDE8DE
S2140318D0384040F20941FFF7E1BF07B5027C012A11
S2140318E009D00122027440F20942914206D040F226
S2140318F00A4291420ED003B05DF804FB4FF48161B7
S21403190050F80C3B01AA93F870308DF8043005F0BC
S214031910C5FDF0E750F80C3B01AA93F870308DF83C
S2140319200430F4E738B522F000430D46114640F282
S2140319300322934204461AD0B3F5017F09D240F23C
S2140319400122934213D040F20222934209D0002090
S21403195038BD6FF481621344012BF8D8FFF7BDFF3F
S214031960F5E700F023F9204601F0B9FBEFE76369DA
S2140319709B0704D540F209412046FFF795FF28460A
S214031980FFF759FFE3E708B5E2F796FE00B1806C70
S21403199008BD08B500B10068E2F7AEFE08B9034615
S2140319A002E0836C002BF7D0184608BD10B504463A
S2140319B042F62A3000F06BFB031B5842584110BD19
S2140319C0022806D142F62A330888C31A58425841D9
S2140319D070470020704710B5044642F6293000F0E1
S2140319E056FB031B5842584110BD90F8200000F0E8
S2140319F00100704790F8200070471FB504466846FC
S214031A00E4F7C6F91022694604F12100F7F7F5FE5C
S214031A10B0FA80F0400904B010BD08B5FFF7EDFF3B
S214031A20B0FA80F0400908BD70B5044600F1210500
S214031A3091B92846E4F7ACF9236893F97500E1F702
S214031A40FDFC78B120682B46BDE8704010220D21BE
S214031A5090F97500FEF710BE102200212846F7F70E
S214031A60F6FEE9E770BD38B50446002390F820205B
S214031A7041FA03F0C50703D442FA03F0C0071ED4A5
S214031A800133082BF4D101F0010523682A4384F8B7
S214031A90202093F97500E1F7D1FC40B1234653F8B3
S214031AA0200B01220C2190F97500FEF7E5FD0DB918
S214031AB0002038BD00212046FFF7B6FFF8E71320C5
S214031AC0F7E768B13F290AD800EBA10090F8310088
S214031AD001F003014900084100F0030070470020AD
S214031AE0704710B50368044693F97500E1F7A6FC42
S214031AF050B12346BDE8104053F8310B10220B219A
S214031B0090F97500FEF7B8BD10BD10B590F87430A7
S214031B10DB0706D490F97530013314BF0F20052078
S214031B2010BD847CE6F7EAFE844234BF0C20002016
S214031B30F6E730B5044685B06846E4F729F9102180
S214031B40684605F0C4FC2046E4F738FD6B46C268D9
S214031B5004AD06321C4603CCAC42106051602346EB
S214031B6002F10802F6D105B030BD08B5E4F726FD4C
S214031B7008B1E4F7DFFCC0B208BD013810B580B287
S214031B80E4F71CFD044608B9002010BD408800F0A9
S214031B90E0FB0028F8D0207BF7E708B5E4F70EFD56
S214031BA018B1007AC31F5842584108BD70B50546A0
S214031BB055F8213B044693F97500E1F73FFC20B93D
S214031BC02846BDE87040E4F7E3B8234653F8310BE4
S214031BD010220B2190F97500FEF78FFD234653F86C
S214031BE0200B01220C2190F97500FEF786FD206874
S214031BF02B46BDE8704010220D2190F97500FEF7C4
S214031C007CBD01302DE9F04185B228460E46E4F747
S214031C10D5FC42F60217044642F603089CB120465A
S214031C20E4F788FC78B1204600F0A2FBB84205D161
S214031C300EB123883380607BBDE8F081204600F038
S214031C4097FB404502D14FF0FF30F5E70135ADB2C3
S214031C502846E4F7B3FC0446E0E72DE9F0470746D9
S214031C600E4690460D4642F6021942F6030A013521
S214031C70ADB22846E4F7A2FC044678B1E4F75AFC72
S214031C8060B1204600F074FB484505D1237A072B44
S214031C9004D10320BDE8F0875045E8D141463046DD
S214031CA0FFF7AFFF431C014604D03846BDE8F047B4
S214031CB0FFF707BF0020EDE708B5E4F77FFC20B188
S214031CC0037A022B02D843B9184608BD033B012BFF
S214031CD08CBF002301235800F7E7C3685888F4E74E
S214031CE070B5054608461646E4F768FC044608B988
S214031CF0012070BDE4F71EFC0028F9D0F00713D4CA
S214031D00B10734D4720702D5A3885B0732D516F021
S214031D10060F31D116F40060EBD0A38813F4006FDE
S214031D2014BF00200620E4E7A388DA0743D513F0A0
S214031D30700F0AD1980610D45806E1D52B6893F98C
S214031D4075300133DCD10820D3E72868FFF7DDFEC2
S214031D50A388990608D50028CBD12A6892F8742060
S214031D609207E9D40520C4E70028C2D1E4E7A38894
S214031D709907C7D40320BCE7A38813F4E06F09D1FF
S214031D8098050FD45B05C5D52B6893F975300133D9
S214031D90C0D1D8E72868FFF7B8FEA388990507D50A
S214031DA00028A6D12A6892F874209207EAD4D9E7C5
S214031DB000289ED1E6E702209BE738B5044608468E
S214031DC0E4F7FCFB054608B9012038BDE4F7B2FB8F
S214031DD00028F9D0AB8813F4E04F0CD1980412D442
S214031DE013F48040F1D0236893F97500431C5842DE
S214031DF05841C000E9E72068FFF787FEAB889904DF
S214031E0008D50028E1D1226892F874209207E7D417
S214031E100520DAE70028D8D1E2E72DE9F0474FF0AE
S214031E200009044683F800900846A2F80090884606
S214031E3016461D46E4F7C2FB074620B901230020D9
S214031E402B70BDE8F08774B1E4F774FB0028F5D077
S214031E504046FFF7C0FD30B1012385F8009004F13A
S214031E6020003380EDE72B46324639462046BDE850
S214031E70F047E3F70DBFF8B516461C460F46BDF907
S214031E80185009B90120F8BD50B93B7A072B0DD875
S214031E90DFE803F004181E272E0404160320F2E7D7
S214031EA00846E4F747FB0028EFD1EBE725EAE5739E
S214031EB0B34214DBA0199842CCBF0D200020E2E702
S214031EC08020E0E7FB685B88AB42B8BF2B46EFE7B2
S214031ED0FA689388AB42B8BF2B46B34206DA0720AC
S214031EE0D1E7022D2B46B8BF0223E1E75388E1E78B
S214031EF00620C8E72DE9FF4704460846894690466C
S214031F000393E4F75BFB054638B903A8F7F7B6FF78
S214031F100127384604B0BDE8F087E4F70BFB00283A
S214031F20F3D0039888B1F8F73DF886B24FF0FF3345
S214031F3042460093294633462046FFF79CFF074652
S214031F4028B103A8F7F79AFFE3E70646EEE795F806
S214031F5008A0BAF1020F31D0BAF1030F33D0BAF1A9
S214031F60010F08D0002C4ED14FF0000A03A8F7F754
S214031F7085FF5746CDE7E86806303B463246039969
S214031F804044F7F76AFF002CEED02B7A032B3AD1A6
S214031F9003A8F7F773FF00212846E4F7B3FA70B3F4
S214031FA00688697B2046FFF78CFD012203463146EF
S214031FB02046CDF8009000F00BFEAAE7E86806EB93
S214031FC008038380D8E7039B9A79D979891AC9B21B
S214031FD0481E012810D8134402291A7B04BF5B7BD2
S214031FE042EA03222B7B32EA0303BFD101232046B6
S214031FF0697BE3F723FEC6E74FF00D0AB6E709F160
S214032000FF36B6B2CDE7039B4946009320464346C8
S214032010227F00F0C3FD7CE7884270B504460D4678
S214032020164611D8012838BF01242046E4F7C6FA1D
S21403203010B14388B34208D00134A4B22046E4F773
S214032040A1FA08B1A542F0D20024204670BD70B5AF
S2140320500C4616461D460146B8B1B3B1022C01D054
S214032060102C12D1E0B2E4F733F94FF6FF71884231
S214032070024602D141F20A1070BD3046FFF7CCFF8C
S2140320800028F7D028800020F6E72120F4E7002375
S21403209007B50122ADF80400ADF8063002210DF1B4
S2140320A0060301A8FFF7D3FFBDF8060003B05DF8EB
S2140320B004FBF8B50F461646441CA4B22046E4F7C4
S2140320C07DFA10B9013CA0B2F8BD00F051F90546FF
S2140320D0304600F029F920B1284600F025F90028FB
S2140320E0F0D1304600F019F920B1284600F015F972
S2140320F00028E7D10134A4B22046E4F743FA08B136
S214032100BC42DBD94FF6FF70DEE72DE9F04F9A4667
S21403211087B08B880D460C88814604A90220ADF84B
S21403212010309046E4F7D4F8AB680090A888AF89DF
S214032130059300F0F2F838B1102F05D105A8E4F79F
S214032140ADF8022808BF02279DF840B00BF0010B3C
S21403215038E02046009AFFF75FFF0646A8B3AA8832
S2140321606988FFF7A6FF04463046FFF7FEFC40EA01
S2140321700B00C0B200B30DF10F03314648460DF114
S2140321801202FFF74AFE9DF80F302BB1A8F8006045
S214032190184607B0BDE8F08FBDF81220BA420BD13F
S2140321A03A4605990193F7F728FB019B20B9A8F84F
S2140321B00060AAF80040EBE74FF6FF739C4201D09D
S2140321C00134A4B26988A142C3D20A23E0E708B562
S2140321D0E4F7F4F9BDE8084000F0CAB838B5054698
S2140321E00846E4F7EBF9044610B94FF6FF7038BD1E
S2140321F00DB96088FBE7E4F79DF90028F9D1F4E709
S21403220070B5044642F60520FFF741FFB0B1002142
S214032210FFF7F7FC054601462046FFF752FC064645
S2140322201022002104F13100F7F711FB324629464C
S2140322302046BDE870400023E3F700BD70BD7FB5C0
S21403224004460D46102200216846F7F700FB0026D9
S214032250AB575A1C1BD031462046FFF732FC1946B3
S214032260002BB8BFD91C04AA02EBA10100F003029D
S214032270584200F0030003F0030358BF43425B00D9
S21403228002FA03F311F8102C134301F8103C01363D
S214032290402EDDD16B4604F1310504AE1A4603CA5F
S2140322A0B24228606960134605F10805F6D1204658
S2140322B004B0BDE87040FFF714BC002370B50446B5
S2140322C01846A51C34F82360324218BF35F823603D
S2140322D003F1010318BF30439942F3D170BD037A6B
S2140322E023B1013B012B06D900207047C368188829
S2140322F0023080B27047C36858880630F9E710B5D5
S2140323000446E3F757FE4FF6FF73984204D1204680
S214032310BDE81040E3F728BE10BDA0F52050012805
S2140323208CBF00200120704742F60303C31A5842AD
S2140323305841704708B5030409D4E3F769FEA0F5CE
S214032340205080B201288CBF0020012008BD002049
S214032350FCE7020408B507D4E3F75AFE42F6030384
S214032360C31A5842584108BD0020FCE7C00B70470B
S2140323700346B3F902304088002B01DBE3F748BE7F
S2140323800020704708B5FFF7F3FF42F60303C31AAE
S2140323905842584108BD08B5FFF7EAFFA0F520509C
S2140323A080B201288CBF0020012008BD70B51D46F1
S2140323B004461646E4F74AF8EB43844200D970BD58
S2140323C0617A314305B1194061721034F5E7002391
S2140323D010B50B700C46E4F7F1F8014610B3E4F7BA
S2140323E0A9F820704B7ADA0701D4002010BD9B06AB
S2140323F044BF40F0020020704B7A580642BF237851
S21403240043F0040323704B7A1A0742BF237843F042
S214032410080323704B7ADB06E7D5237843F01003D3
S2140324202370E2E741F20A10E0E770B50D46164660
S214032430E4F7C4F8044650B1FFF7ADFF38B12046C1
S21403244033462A460121FFF7B1FF002070BD212045
S214032450FCE770B50D461646E4F7B0F880B103887E
S214032460022B0DD9A0F110042046FFF78BFF38B1DD
S214032470204633462A460021FFF798FF002070BD0A
S2140324802120FCE72DE9F3411E46C30714460191BC
S21403249016D540F6010310F0020F48F601074FF475
S2140324A0205808BF1F46022C0FD102240122002108
S2140324B01046E3F7E9FD80B91A2002B0BDE8F081C3
S2140324C040F6010742F60108EDE7102C26D101A8D5
S2140324D0E3F7E4FE0228E9D1E7E7A01CE3F724FECE
S2140324E005460028E8D02246019920F8024BF7F764
S2140324F0B6F90120E3F7A6FD04464046FFF7FFFEC4
S2140325004FF6FF73E38000236080A7802372E560A5
S2140325100EB90020D1E723883380FAE72120CCE7E1
S21403252000221021FFF781BF08B5E4F747F80146FC
S21403253058B1FFF71DFF42F60203984205D100206B
S2140325404B7A43F010034B7208BD2120FCE70022B0
S2140325501021FFF77EBF08B5E4F730F8014678B1DF
S214032560FFF719FF60B90B88022B09D9A1F11000F8
S214032570FFF708FF20B94B7A43F010034B7208BDF0
S2140325802120FCE740222021FFF74FBF20224021D5
S214032590FFF74BBF38B5E4F711F8D8B10388022B21
S2140325A018D9A0F110052846FFF7ECFE90B10121DB
S2140325B02846E3F7A7FF417A11F0240F0CD011F059
S2140325C0400409D12846402320222146FFF7EEFE89
S2140325D0204638BD2120FCE70220FAE720224021CE
S2140325E0FFF737BF1FB550F80C4BADF80A3094F819
S2140325F07040069BADF806108DF8082040F2035194
S21403260001AA8DF80440039304F048FF10B906A806
S214032610F7F734FC04B010BD2DE9F04F4FF0000877
S21403262089B005460E461446CDF8148000F14407DB
S21403263012B305A8F7F722FC3846F7F71FFC85F810
S2140326401C80002332460093182123462846FEF7B3
S2140326507AF904F58854284650F80C3B40F20551A5
S21403266093F8703006AA8DF81830079404F016FF16
S214032670002009B0BDE8F08F43691A070ED523F092
S2140326800803436105A8F7F7F9FB3846F7F7F6FBA7
S2140326902C772846FEF7D3F90024DCE7406C059038
S2140326A048B980463846F7F707FC034605900028E6
S2140326B046D1044657E083794FF0FF3B0C3318446A
S2140326C0B0F80160B0F803A03046E3F777FF039055
S2140326D00598F7F70BFC6C6CA0F105081FFA88F851
S2140326E0059BA3420ED14346524628460399CDF88E
S2140326F000B0FFF7C0FB0446F0B14FF00008CDF87A
S214032700148096E7A3790C3304EB0309B9F8012088
S214032710B2420CD12046F7F7E9FBB9F80320431F72
S21403272012FA83F35B45B8BF5B460FFA83FB20467A
S214032730F7F7D5FB0446D3E70598F7F7D0FBAEE7E4
S2140327409979284601F10C021A44B2F80160053162
S214032750B2F8032099713146FFF7CCFBCDF814800D
S214032760044600289ED005A8F7F788FB3846F7F7F7
S21403277085FB00232B77002C8BD062E72DE9F047EF
S214032780089C0E4617469846054610B1037C012B57
S21403279061D02846FFF774F814F08009304614BF5A
S2140327A04FF0200A4FF0100AFFF7E7F91AEA000F76
S2140327B04DD03046FFF70BFD42F6052398420FD166
S2140327C014F0010219D031462846FFF7F6FA08B38B
S2140327D000F588542846FFF758F82046BDE8F087EA
S2140327E02846FFF702F90028EAD02846FFF715F92E
S2140327F00028E5D041F21214ECE7B9F1000F314698
S214032800284614BF02240124FFF727FA2042DAD110
S2140328100224DFE7B9F1000F11D0EB8BCBB94346A7
S2140328203A4631462846FEF73CF904460028D1D1FD
S21403283040F20A412846EE83FFF730F8CAE74346DC
S2140328403A4631462846FEF709F90446C2E72124EC
S214032850C0E70524BEE70724BFE72DE9F0470025B8
S21403286086B09DF8389090F81CA004460F46904614
S2140328700F9E0577B9F1000F09D00A464B4651461D
S2140328800096FEF760F8284606B0BDE8F087BAF172
S214032890080FADF8169026D145893246043DADB2F1
S2140328A09D424FF002014FF00900A8BF1D46FDF7F9
S2140328B0DAFF0222814605A93046ADF81470F7F711
S2140328C0AEFD2A4641463046F7F7A9FD0546831C6A
S2140328D03146204689F80130E1F7E8FFADF8165097
S2140328E0BDF81600D0E7BAF10A0F0DF116020CBFB9
S2140328F00B210D21CDE90162009301224346FEF729
S21403290046F81A28ECD111233A4651462046CDF80C
S2140329100090ADF81690FEF716F8E1E7F0B500253F
S21403292089B01746012204460E460393ADF81650A7
S214032930FFF7D6F98DF81500002846D13046FFF785
S21403294035F810B13046FFF7F4F83046FFF725F9AF
S214032950B8B103A8F7F792FA204650F80C2B237F5A
S21403296092F8702040F202518DF8182006AAADF8AE
S2140329701A608DF81C30ADF81E7004F08FFD09B098
S214032980F0BD0DF115030DF1160231462046FFF793
S21403299044FA9DF8153002465BB9BDF81630BB42C3
S2140329A035BF0723DB1B8DF81530D21928BFADF8CA
S2140329B01630039B314601939DF81530204600934D
S2140329C0BDF81630FFF749FFD9E72A46F1E72DE9A8
S2140329D0F04F89B002901846154605930C46FDF74E
S2140329E01FFF80460598F7F7DDFA0023B0F1010ACA
S2140329F0B5F80A908DF81D3000F089801AF00107AB
S214032A0040F085805046D6F789F80646002800F041
S214032A108480524608F10101F6F721FF0121204682
S214032A20059AFDF720FFB8460AEBDA7A09F1FF3B71
S214032A3003904FEA6A0ABA4544DD36F81740012286
S214032A4021462846FFF74CF98DF81D0068B9204645
S214032A50FEF7ACFF10B12046FFF76BF82046FFF7F2
S214032A609CF878B180238DF81D303046F7F71EFDAD
S214032A70059B2246009328469DF81D300299FDF7D4
S214032A8062FF26E00DF11D03214628460DF11E02C6
S214032A90FFF7C3F99DF81D300490002BE5D1029B88
S214032AA0202B1BD1ABEB0803012B0BDD0DF11E0115
S214032AB002220598F7F7B3FC012801460CD805A8AF
S214032AC0F7F712FB3046F7F7F1FC28460399FDF7B4
S214032AD023FF09B0BDE8F08F08F10208BDF81E20F9
S214032AE0ABEB08039A42C2BF09F1FF33A3EB08031B
S214032AF0ADF81E30BDF81E20DDE90410F7F78FFC95
S214032B00BDF81E309842DDD39844013793E704237B
S214032B1000248DF81D302646A7E71123F8E7F7B5FE
S214032B201E4600231360338004460D461746FEF701
S214032B303DFF10B12046FEF7FCFF214600200DF1B5
S214032B4005030DF10602FFF768F99DF8054024B961
S214032B50BDF806402CB9002001E004F5885003B008
S214032B60F0BDAC4204D32844641B38603480F2E7DB
S214032B7041F20710F3E770B504460D461646FEF716
S214032B8015FF40B933462A462146FFF7B3F908B185
S214032B9000F5885070BD41F20310FBE71FB550F8EF
S214032BA00C4BADF80A3094F87040069BADF806104F
S214032BB08DF8082040F2015101AA8DF804400393D2
S214032BC004F06CFC10B906A8F7F758F904B010BD6A
S214032BD01FB550F80C4BADF80A3094F87040BDF8AA
S214032BE01830ADF806108DF8082040F2045101AAFB
S214032BF08DF80440ADF80C3004F050FC04B010BD62
S214032C00F0B5122785B003920777022205460E46D3
S214032C10FFF766F8044668B103A8F7F72FF9002311
S214032C202B77002332460093122123462846FDF7CE
S214032C308AFE0FE0039A3046937903339371FEF7C7
S214032C40ACFF48B1039B3A460093314623462846D9
S214032C50FFF7C8FC05B0F0BD42F62930FFF717FAB8
S214032C60B04220D1039830B903A8F7F707F9002339
S214032C700D242B77D5E7F7F795F980B20128F3D122
S214032C80039B28469A791344197BFEF7ECFE044609
S214032C9003A8F7F7F3F800232B77002CC1D12846B7
S214032CA0FDF794FED6E7224631462846039BFFF7F8
S214032CB021F90446EFE72DE9FF4103920422044677
S214032CC00D46FFF70DF8074628B103A8F7F7D6F821
S214032CD004B0BDE8F0814FF05208039A2846937972
S214032CE00333937184F81C80FEF757FF064640B102
S214032CF0039B4246009329463B462046FFF772FC59
S214032D00E6E742F62930FFF7C2F9A842039B0BD148
S214032D109A7920461344197BFEF7A5FE03A8F7F716
S214032D20ADF800232377D3E7324629462046FFF73C
S214032D30E1F8F6E72DE9FF418B7904460C330B44A3
S214032D40B3F801700E463846B3F80380FEF70DFF5E
S214032D50002858D0022239462046FEF7C1FF054612
S214032D60E8B93846FEF719FF68B116222277B37919
S214032D7039460533B371204643460096FFF732FCC7
S214032D8004B0BDE8F081D5F79FFE33461B680135D6
S214032D90EDB2002BFAD10635A8421DDC092504F155
S214032DA04400F7F76BF82B463A4616212046009662
S214032DB0FDF7C9FD092DE3D1204650F80C3B40F240
S214032DC0055193F8703002AA8DF8083041F20913C2
S214032DD0039304F063FBD3E701213046F7F7EAFADF
S214032DE001460028DAD004F14400F7F73DF9B37939
S214032DF042460533B37139463346204604B0BDE830
S214032E00F041FDF7F2BD0125C9E713B5044641B904
S214032E104430F7F733F8204602B0BDE81040FDF71C
S214032E200EBE18224369027713F0080306D0002368
S214032E3019460093FFF7D6FB02B010BD1A46194693
S214032E4002B0BDE81040FFF7E7BB7FB5C58B04466D
S214032E502DB342F60520FFF71AF9A84207D1002141
S214032E602046FEF7E1FD636923F001036361002654
S214032E7040F20A412046FEF717FD29460DF10E02E1
S214032E802046ADF80E60FEF7E8FEBDF80E200346BA
S214032E900092294602222046FFF79AFEE68304B0F4
S214032EA070BD2DE9F047DDF820900E4690461F468C
S214032EB0044618B941F20110BDE8F0870846FEF74C
S214032EC054FE0028F6D06589033DADB2AF4209D85B
S214032ED03B46424631462046CDF82090BDE8F047B3
S214032EE0FFF74CBC4920E7E72DE9F74305460F46B5
S214032EF09046FEF73AFE98B32846FEF73EFE10F0DD
S214032F00300F30D02846FEF738FE06460020FEF780
S214032F1040FD044606F010091CB9204603B0BDE880
S214032F20F083002229462046FEF797FEB9F1000FEC
S214032F3001D0C10712D4B20617D5830715D580234F
S214032F4000933A46434629462046FFF717FC1A28BD
S214032F50E4D02046FEF71DFD0446DDE70023EFE739
S214032F6041F20110DAE72120D8E70220D6E770B550
S214032F700D461646044610B941F2011070BD0846C8
S214032F80FEF7F3FD0028F7D0237C012B07D00022A1
S214032F9029462046FEF761FE30800020EEE7072034
S214032FA0ECE72DE9F341054698460C461646099F7D
S214032FB0FEF766FC2B7C012B24D02046FEF7EDFDA6
S214032FC010B32A7F0C2A21D84FF4A853D340DB072B
S214032FD01CD50020F7F725F9D0B19DF820300190D5
S214032FE000933246434621462846FFF736FC3FB950
S214032FF000242846FEF749FC204602B0BDE8F081CF
S2140330003880F5E70724F4E72124F2E70224F0E703
S2140330101A24EEE7F7B504461F460E461546FEF796
S2140330202FFC237C012B58D0237F182B2CD06369CD
S2140330301B0713D5217F16292DD008D8122914D0A3
S21403304002252046FEF721FC284603B0F0BD1829CA
S2140330501AD05229F4D10023237713E03046FEF723
S2140330609CFD0028E6D12125EBE70023237735B125
S214033070009332462B462046FDF765FC02E02046C9
S214033080FDF7A4FC0025DCE72A4631462046FFF779
S214033090C3FA0546D5E700232377002DE8D105219B
S2140330A01720BDF82430089A0095FDF700FC20B9D8
S2140330B01123324612210095DDE7FDF7B5FB626961
S2140330C0034642F008026261827931460532827114
S2140330D03A462046FDF789FCD4E70725B1E72DE9F4
S2140330E0F041054688B042F60520FEF7D0FF0646B7
S2140330F004A8E2F74DFE102205F121010DEB0200B4
S214033100F6F77BFB50B101212846FEF78DFC2846D7
S214033110FFF776F86B6923F001036B6142F603034E
S214033120022003A9ADF80C30E3F7D2F801240746D2
S2140331304FF0000820463A464FF6FF71FEF76CFF45
S214033140044610B908B0BDE8F081FEF70EFD013461
S214033150A4B20028EED0A64203D131462846E4F7AF
S21403316019F8214628460DF10E02ADF80E80FEF73B
S21403317074FD03460028DDD0BDF80E2021460092DC
S21403318028460122FFF724FDD4E708B5E2F7E2FD5F
S2140331900020E4F739FC002008BD38B500200C46B3
S2140331A0E2F7EAFD34EA00050CD10120E2F7E4FD7C
S2140331B0844205D02046E3F7CDF92846E4F724FCFD
S2140331C0002038BD2120FCE770B586B00E461546B4
S2140331D01C46ADF80800E2F7BFFE4FF42053ADF8E7
S2140331E00C300123ADF80A000093224600200A9B08
S2140331F002A90496ADF81450FEF787FF08B100F550
S214033200885006B070BD037C012B07D083691878FD
S21403321028B113280CBF00200520704707207047ED
S21403322010B5044680691430F6F728FEA069BDE899
S21403323010401830F6F722BE2DE9F0410F4614462B
S21403324005461E46FFF7ECFF23463A4608210020B4
S214033250D5F81880F7F710F9AA69C8F81400536967
S21403326023B1002054811682BDE8F0811A20FBE7C3
S2140332701FB50A468369090C92B29980DA8042F632
S2140332800303ADF80C300223009303AB02F005FEF4
S21403329005B05DF804FB70B504460846F6F782FEF3
S2140332A0A16986B28A894D8912B1521B96420CDAFD
S2140332B06389581E80B225B90A78082A04BF043BDE
S2140332C098B2831B5842584170BD0020FCE730B5C6
S2140332D0044654F80C0B8DB09DF8405090F87000DF
S2140332E042EA01428DF804001946029203A82A46D0
S2140332F00795F6F7B4FA40F20241204601AA04F015
S214033300CDF80DB030BD10B550F80C4B86B094F820
S2140333107040ADF80E10ADF8102040F2064103AA37
S21403332001938DF80C40059304F0B8F810B901A882
S214033330F6F7A4FD06B010BD37B504460D46FFF7F5
S2140333406FFF204640F20941FEF7AEFA0022204600
S214033350A36940F207411A7050F80C3B6A4693F88B
S214033360703001958DF8003004F098F803B030BD46
S21403337013B501910021044602F086FE04220023C1
S21403338020460DEB0201FFF757FF02B010BDF0B564
S21403339004460F461E46154685B052B983691B7808
S2140333A0072B30D0082B14BF15460925002E18BF4F
S2140333B00D250A98F6F7F6FDA3699A894AB15B8943
S2140333C081B2D21A914204DD92B2891A0AA8F6F79C
S2140333D08BFE204650F80C3B40F2054193F87030C4
S2140333E001AA8DF804300A9BADF806708DF80850D4
S2140333F0ADF80A60039304F051F810B90AA8F6F77B
S2140334003DFD05B0F0BD0B25D0E7B0F80AC02DE9A9
S214033410F041ACF1020C9C4505460E4617461C4689
S21403342003DDBDE8F04102F0C3BD8369224619817E
S21403343000233946FFF700FF044658B9AB69024636
S214033440314628460E3302F0E5FD044610B1284601
S214033450FFF7E6FE2046BDE8F08130B585B00546A9
S214033460FFF7D1FE0A460446A0B9AB69090C92B22F
S2140334709980DA8042F60203ADF80C300223284620
S214033480009303AB02F009FD044618B9032128464E
S214033490FEF70DFA204605B030BD2DE9F043202A8D
S2140334A08FB0054617461C4603910BD941F2041408
S2140334B021462846FFF740FF03A8F6F7DFFC0FB0C8
S2140334C0BDE8F083002B46D10846A2F10608F6F7BE
S2140334D069FD4FF6FF765FFA88F81FFA80F94C45C8
S2140334E010D3AB69DA88B24239D942F60203ADF893
S2140334F014300223711C0093284605AB89B202F0F0
S214033500CCFC25E023463A46039906A8F6F7A5FC25
S214033510AB69BDF818609A88B242C7D8DA88B24257
S214033520C4D3BDF81A10BDF81C20B8F1000F09D09B
S2140335302846CDF800800DF11E033C44FFF7C7FE76
S214033540A4B2CCE728469E8019815A8102F0BEFCBD
S21403355004460028B0D041F20A139C42A8D10024A6
S214033560A6E738B50546FFF74EFE044640B928469B
S214033570FFF77EFE044618B904212846FEF797F99E
S214033580204638BD70B505460E4611461A46FFF767
S2140335903AFE044670B903462846FFF74DFE044636
S2140335A040B931462846FFF763FE044620B1284655
S2140335B0FFF736FE204670BD05212846FEF777F94D
S2140335C0F8E770B50546FFF71EFE044638B94FF612
S2140335D0FF73994205D101462846FFF7ADFE204604
S2140335E070BDAB69284699800131DA8089B202F052
S2140335F024FC20B906212846FEF759F9EFE70446CE
S214033600EDE770B506461D46FFF7FDFD044698B97F
S214033610B2F5007F15D8B36919815A810DB11544E7
S214033620ADB230469D814AB902F050FC044618B943
S21403363007213046FEF73BF9204670BD02F057FCE3
S214033640F4E72124F8E72DE9F34106469846FFF709
S214033650DAFD0D461746044680B9B369090CAAB2CB
S2140336609980DA8030463B46CDF8008002F015FCA0
S214033670044618B908213046FEF719F9204602B069
S214033680BDE8F08138B50546FFF7BDFD044648B9E9
S2140336902846D2B202F03FFC044618B90921284650
S2140336A0FEF705F9204638BD38B50546FFF7ABFDEE
S2140336B0044648B92846D2B202F047FC044618B975
S2140336C00A212846FEF7F3F8204638BD70B50546AE
S2140336D01E46FFF798FD044648B933462846FFF7CB
S2140336E094FE044618B90B212846FEF7E0F8204658
S2140336F070BD70B504461D46FFF785FD28B92B46F9
S2140337002046BDE8704002F06CBC70BD2DE9F04762
S21403371005461E46FFF777FD0F460446DDF820A054
S214033720DDF8288058BBAB6912F0020F19812846D2
S21403373033465146BDF824200CBF4FF00D094FF019
S2140337401209FFF779FD0446C8B94346324639469F
S214033750284602F05FFC0446A0B9B9F1120F06D161
S214033760334651462846B8F80020FFF765FDB8F8FB
S2140337700020AB6949462846DA81FEF798F82046CA
S214033780BDE8F0872846FFF74BFDF8E738B5054652
S214033790FFF739FD044640B9284602F075FC044697
S2140337A018B90E212846FEF782F8204638BD70B5B4
S2140337B00446FFF728FD1646054640B94FF6FF7246
S2140337C0914206D141F20A112046FFF7B5FD28467D
S2140337D070BDA369013120465E8189B202F02DFBDC
S2140337E020B911212046FEF762F8F0E70546EEE71A
S2140337F038B50546FFF707FD044660B9AB6958813F
S21403380098811981284602F061FB044618B90F21F6
S2140338102846FEF74CF8204638BD70B505461E46CA
S214033820FFF7F1FC044648B933462846FFF7EDFD9B
S214033830044618B910212846FEF739F8204670BD0D
S2140338402DE9F0471C4696B0836901921B7806461D
S214033850062B03D0112B60D001A81CE001291046CB
S21403386014BF4FF010084FF002080392002C4CD1FF
S214033870F6F798FB4FF6FF7508F1020987B2A742E1
S2140338800ED8B369DA88AA4237D8002421463046D0
S214033890FFF752FD03A8F6F7F1FA16B0BDE8F08776
S2140338A023464A46039904A8F6F7D7FAB369BDF840
S2140338B010509A88AA422DD8DB88AB422AD39DF8AB
S2140338C01330282BE1D0B2465AF80C3B424693F805
S2140338D070300DF112010DA88DF83030ADF832506E
S2140338E0CDF844804C44F5F7BAFF40F20441504605
S2140338F00CAA03F0D3FDA4B2C1E7691C304689B213
S21403390002F09BFA04460028C4D041F20A139C42F4
S214033910BBD0BBE741F20414B8E70129104614BF35
S21403392012270427049284BBF6F73CFB42F60218E0
S2140339304FF6FF7185B2A5420DD8B369DB888B427B
S21403394021D901314FF6FF72304689B202F075FA7B
S2140339500446A0B119E023463A4604990CA8F6F7A4
S2140339607CFABDF83220BDF8301042459DF833305E
S21403397007D1B269022330460A32FFF746FD04A890
S21403398089E7282B06D141F20A1421463046FFF771
S214033990D3FCF4E73C44A4B2CDE7F0B5836987B023
S2140339A003911B780546022B144653D1084604910F
S2140339B0002A47D1F6F7F6FA4FF6FF7687B2A74204
S2140339C00DD8A869C288B2422BD8002421462846BF
S2140339D0FFF7B2FC04A8F6F751FA07B0F0BD0422CD
S2140339E00499234605A8F6F738FAAA69BDF8141011
S2140339F09088BDF81660814229D3D388994226D889
S214033A00864224D39E4222D85069927A837904341C
S214033A100C330092034432462846FFF758FCA4B200
S214033A20CDE743694089711C0190987989B20C30BF
S214033A300344009328464FF4205302F012FA044638
S214033A400028C7D041F20A139C42BFD1BDE741F21A
S214033A500414BBE703A8BEE7F0B587B005461746D0
S214033A601C46039153B9FFF716FC38B101232246CF
S214033A702846039900F084F807B0F0BDA9690B78CF
S214033A80082B05D8062B44D8032B0FD003A83DE0FC
S214033A900F2BFBD1039B0593002C6DD1002B6BD012
S214033AA0224628460989FFF72EFC59E0039805901D
S214033AB018B3ECB9102683794A890C330989034471
S214033AC000962846FFF703FCAB699988DA8891428B
S214033AD017D242F60203ADF81030022301310093E9
S214033AE028460DEB060389B202F0D7F9044660B107
S214033AF041F20A139C4204D101E0002CF8D141F2B2
S214033B001F0421462846FFF717FC05A8F6F7B6F963
S214033B10B2E7039805907CBB70B3F6F743FA0FB38E
S214033B2086B2B7421ED2394605A8F6F717FC38B94F
S214033B3005A8F6F7A3F91A212846FFF7FDFB9BE72E
S214033B408379F61BC218023391898371AB6900220D
S214033B505B89B6B200902846FFF719FCB742E2D954
S214033B602146E9E7AA69284653891189059A0092EE
S214033B700022FFF70CFCF3E705A8F6F77FF9EFE75B
S214033B80F0B585B006461F461446039132BB084679
S214033B90F6F708FA054608B3B1690B784A89082B85
S214033BA00BD8062B0BD9039B098930460093134683
S214033BB02246FFF7ECFB039401E00F2B19D0B16903
S214033BC04B89EA1892B2B2F5007F4A8117D82FB113
S214033BD03046098902F08BF9044628B100222346B1
S214033BE011463046FFF738FF03A8F6F747F905B046
S214033BF0F0BD3046039B0989FFF785FBDBE741F2FF
S214033C000414EBE773B5836901911B780446082B0C
S214033C1015460ED8062B0ED9019E20463146FFF7D1
S214033C203AFB2A46034631462046FFF7A9FF02B071
S214033C3070BD0F2BF0D001A8F6F720F9F7E730B5E3
S214033C40836987B003911B780546092B144611D167
S214033C5005915AB9134600910F222146FFF797FBA9
S214033C6021462846FFF768FB07B030BD05A8F6F7E0
S214033C7005F9F5E703A8F6F701F9F5E770B58369E3
S214033C8086B003911B7805460A2B144631D105915D
S214033C9032BB0598F6F786F908B9044620E00023F8
S214033CA0022205A90DF11200F6F7E1F8012815D94D
S214033CB0BDF8126096B10598F6F774F986420FD8E8
S214033CC0BDF8121005A8F6F749FB48B1002300908B
S214033CD0212219462846FFF75AFBDAE741F20D146C
S214033CE005A8F6F7CBF821462846FFF725FB06B0CE
S214033CF070BD03A8F6F7C2F8F9E72DE9F04F876918
S214033D009FB003913F780546052F16461C4604D8F8
S214033D10032F16D810D003A867E0082FFBD1084658
S214033D201391002B00F0C28013A8F6F7A7F82146DC
S214033D302846FFF701FB01E0FFF7AFFB1FB0BDE826
S214033D40F08F202A0846049148D8002B40F0A8801C
S214033D50571FF6F727F94FF6FF78FFB21FFA80FAD8
S214033D600DF11C0BA24506D8AB69DA88424500F272
S214033D708780002434E02346324604990BA8F6F7DE
S214033D806CF8AB69BDF82C809A88424526D8DA8849
S214033D90424523D35969F1B9A94659F80C1BBDF816
S214033DA02F2091F870109DF82E308DF84C10ADF83A
S214033DB04E200DF131013A4615A88DF8503019976B
S214033DC0F5F74DFD40F20341484613AA03F066FBA0
S214033DD03444A4B2C6E75A89102A09D941F2041416
S214033DE021462846FFF7A8FA04A8F6F747F8A5E7FA
S214033DF000235846F6F731F8AB690DF13101102F61
S214033E00CDE9051B93F80A902BD1B9F1020F34D1F3
S214033E1005A8E2F743FA0228DAD14A46DDE9051097
S214033E20F5F7EBFC0028D3D12B4653F80C0BBDF863
S214033E302F1090F870009DF82E208DF84C00ADF8EA
S214033E404E108DF8502059464A4615A80293CDF8D1
S214033E506490F5F704FD029B40F20341184613AA4B
S214033E60B4E7022F09D1B9F1100F06D106A8E2F77D
S214033E7015FA0228ACD13A46D0E73A465846CFE779
S214033E8042F60303ADF84C30022308F10101009318
S214033E90284613AB89B202F000F804460028A3D0E4
S214033EA041F20A139C423FF464AF99E759B90021E3
S214033EB00023AA69284693815381118113993246B8
S214033EC0FFF7CAFD3AE7F6F76DF816B180B28642F9
S214033ED0EDD1139A9379D118023389899371E7E761
S214033EE02DE9F0431C468FB0836903911B78054682
S214033EF0012B17465BD108460591F6F753F8202F9A
S214033F000BD941F2041421462846FFF715FA05A8F3
S214033F10F5F7B4FF0FB0BDE8F083002C42D1059847
S214033F20F6F740F84FF6FF76A7F104081FFA88F86D
S214033F301FFA80F95FFA88F8A14505D8AB69DA88D5
S214033F40B24220D80024DEE723463A46059906A85F
S214033F50F5F783FFAB69BDF818109A88BDF81A60A9
S214033F609142CED3DB889942CBD89642C9D39E42A0
S214033F70C7D832462846CDF8008007AB3C44FFF747
S214033F80A6F9A4B2D8E74FF42053ADF810300223B5
S214033F90711C0093284604AB89B201F0F0FF044677
S214033FA00028B4D041F20A139C42CBD0ABE703A857
S214033FB0AEE783691B780B2B02D0103B012B01D88D
S214033FC0FFF7BAB97047F0B585B001938369174612
S214033FD01A7804460B3A0A9E072A42D8DFE802F00C
S214033FE0044130414104412901980390F5F7DAFF73
S214033FF085B203A8F5F742FF26B131462046FFF700
S214034000B7F90FE0A1697A194B8992B293420BD99B
S2140340100A8201F10E032046098901F0FBFF0146DF
S2140340200028EBD105B0F0BD0121204602F02CF8A4
S214034030F5E72EB91A8A0198BA420BD04FF4816677
S214034040019B03A80393F5F719FF31462046FFF7B4
S21403405073F9E7E7DA895969F5F7AFFF0028EDD179
S214034060EEE701A8F5F70AFFDCE738B582690446F0
S21403407013780D460E2B12D0102B01D00B2B12D11A
S214034080536933B1997902F114000B44DD68F5F7EF
S214034090F5FE29462046BDE83840FFF78ABFBDE84F
S2140340A03840FFF749B938BD07B5002300921B22F5
S2140340B0FFF76DF903B05DF804FB07B58369598014
S2140340C0009200231D22FFF762F903B05DF804FB9C
S2140340D010B5037C0446012B0AD083695B884BB179
S2140340E001F0E2FF1A2802D00022A3695A8010BD0D
S2140340F00720FCE70220FAE708B5FDF744FC18B1F1
S214034100BDE80840E3F7ECBC252008BD10B50C4617
S214034110FDF739FC50B12269022A01D0102A07D1D3
S2140341202146BDE81040D2B2E3F7FCBC252010BD03
S2140341302120FCE710B50C46FDF725FC20B12146EF
S214034140BDE81040FFF789B9252010BD10B50C4611
S214034150FDF719FC20B12146BDE81040FFF701BA70
S214034160252010BD70B50D461446FDF70CFC58B15E
S2140341702369022B01D0102B08D122462946BDE81D
S2140341807040DBB2FFF7FEB9252070BD2120FCE7A7
S21403419038B50C461546FDF7F6FB28B12A462146E8
S2140341A0BDE83840FFF70DBA252038BD70B50C467C
S2140341B015461E46FDF7E7FB30B133462A46214631
S2140341C0BDE87040FFF71DBA252070BD70B50D46DB
S2140341D01446FDF7D8FB58B12369022B01D0102BE8
S2140341E008D122462946BDE87040DBB2FFF72BBA5A
S2140341F0252070BD2120FCE738B50C461546FDF793
S214034200C2FB28B12A462146BDE83840FFF73ABA32
S214034210252038BD38B50C461546FDF7B4FB28B146
S2140342202A462146BDE83840FFF73EBA252038BD6A
S21403423070B50C4615461E46FDF7A5FB30B1334652
S2140342402A462146BDE87040FFF740BA252070BDD8
S2140342502DE9F041DDF818800E4617461D46FDF79A
S21403426092FB70B144892B46033CA4B2AC4228BFF0
S2140342702C463A463146A8F80040BDE8F041FFF721
S21403428038BA2520BDE8F0812DE9F047089F0C4693
S21403429015461E46BDF82480DDF82890FDF773FB0F
S2140342A048B133462A462146CDE909890897BDE831
S2140342B0F047FFF72BBA2520BDE8F08710B50C466C
S2140342C0FDF761FB20B12146BDE81040FFF75EBA5B
S2140342D0252010BD08B5FDF756FB18B1BDE808400C
S2140342E0FFF7F6BE252008BD10B50C46FDF74BFBC1
S2140342F020B12146BDE81040FFF77ABA252010BD4D
S21403430070B50C4615461E46FDF73DFB30B13346E9
S2140343102A462146BDE87040FFF77FBA252070BDC8
S21403432038B50C461546FDF72EFB28B12A4621461E
S214034330BDE83840FFF73BBA252038BD08B500F086
S2140343404EF8407940F4805008BD08B500F047F8B1
S214034350407940F4805008BD70B506460D461446B5
S214034360D6F7A4FF4379C57523F0030343F003038D
S214034370437140F60943C380A0F8156020601530EA
S21403438070BD13B50C4601AAFFF7E6FF019BDA7969
S2140343901444DC7102B010BD73B5064610460C46D5
S2140343A01546F5F7FFFD211801AA3046C9B2FFF7F7
S2140343B0D3FF019B0646DA791444DC712B4633B9E6
S2140343C001A82946F5F750FE304602B070BD5C7969
S2140343D024F0030444F002045C711B68EFE708B59D
S2140343E0D6F76AFF83790C33184408BD08B5FFF780
S2140343F0F6FF407940F4805008BD4B88052B05D165
S21403440008880E288CBF00200120704700207047C4
S214034410F8B505460F46164604210A220020F5F78E
S214034420C1FF0246B8B1847905210C3403194FF055
S214034430060C00209970D87002F804C013241C716F
S21403444002245F715870D8719C7128461E81BDE89E
S214034450F840E3F77FBFF8BD73B5054610460192F3
S2140344600C46F5F79FFD042186B20198F5F7DDFEAD
S214034470024628B901A8F5F701FD1A2002B070BD5F
S214034480837901900C33C1184C80C65221462846C6
S214034490E3F760FF0020F1E72DE9F84F8A469146DF
S2140344A09846064680B3846814F400442CD1E4F797
S2140344B0D9F81022834604212046F5F773FF0246F7
S2140344C020B305210C2387790C37C519A970EC7026
S2140344D0C35512232B710823AB71BDF82830304621
S2140344E0EB816C7085F805B0EC71A5F808A0A5F80B
S2140344F00A90A5F80C80E3F72DFFB36843F4004356
S214034500B3602046BDE8F88F0224FAE71A24F8E7DA
S2140345102DE9F04106468846174604210A22002064
S214034520F5F740FF0246B8B1857900240C354319E8
S214034530052106209970DC70505501201871022061
S2140345405C70987183F805803046DC711F81E3F751
S21403455001FF2046BDE8F0811A20FBE700207047E4
S2140345600020704707B501A80192F5F787FC03B052
S2140345705DF804FB7047002070470F2070470F203C
S21403458070477047E4F762BEE4F77ABEE4F782BE8C
S21403459008B5E4F7ADFD002008BDE4F7E1BDE4F798
S2140345A0FDBDE5F7E5B807B58DF80710E0F784F825
S2140345B068B145F2190200210DF1070300F0D4F9A2
S2140345C0B0FA80F04009400003B05DF804FB2120F8
S2140345D0FAE707B58DF80710E0F76EF868B145F20D
S2140345E01D0200210DF1070300F0BEF9B0FA80F0BA
S2140345F04009400003B05DF804FB2120FAE710B53C
S21403460088B0E0F759F80446002847D090F87200BF
S214034610022845D1A36813F4407F2AD094F8733058
S214034620012B2FD194F97500DEF708FF10B9A368A4
S214034630DB0527D594F8743013F0010322D1CDE9B6
S2140346400133CDE90433CDE90633ADF80C30A36866
S21403465013F4807F01AB0ED0A06AE16A228E03C3F7
S2140346601A802046BDF8042004AB0DF10601E3F7DB
S214034670A3FD08B010BD0A22022194F97500FCF7C9
S2140346803CF8EEE7002345F217021946204600F0F1
S2140346906BF9B0FA80F040094000EAE72120E8E72A
S2140346A00220E6E738B545F21B020C460B4600210E
S2140346B0054600F059F930B92CB121462846BDE825
S2140346C03840E4F7D1B938BD00F070B901F0E6BA66
S2140346D001F0EFBA10B504464C30FCF707F884F83F
S2140346E075002046BDE8104001F0B3BA10B5044685
S2140346F0FBF7C0FF01280DD094F8733094F97000CF
S214034700012B14BF0521032184F83210BDE81040A5
S21403471001F05CBBA36843F40073A36010BD00F014
S21403472077B910B50446B0F80300DFF7B7FF30B12A
S214034730B4F80D10621DBDE8104000F0CFB910BDEF
S21403474010B50446B0F80300DFF7A8FF40B1B4F88D
S2140347500D1004F10F03621DBDE8104000F0C1B94F
S21403476010BDCB0448BF41F480618160704710B52B
S2140347700446006C30B94FF4B070F5F792FE20642F
S21403478020B910BD4FF4B07102F0AFFEFF23226CC8
S21403479082F85E31A3681B0603D5C023012013707D
S2140347A0EFE794F87330012B14BF80234023F5E71B
S2140347B008B5D0B2DFF780FF28B190F8773003F062
S2140347C07F0380F87730012008BD10B5044645F214
S2140347D01A0102F0F6FD2046BDE8104047F23053BA
S2140347E0002245F21A01F1F7D5BB10B50A46044676
S2140347F008210020F5F7D6FD10B1837903441C7316
S21403480010BD38B505460C460D201121FFF7EDFF08
S214034810024688B12146837903440D3304F1100020
S21403482051F8044B814243F8044BF9D12846BDE8BE
S21403483038400621FFF710BE38BD38B505460C468E
S21403484004201121FFF7D1FF024688B12146837960
S21403485003440D3304F1100051F8044B814243F82E
S214034860044BF9D12846BDE838400621FFF7F4BDCE
S21403487038BD38B505460C4603201121FFF7B5FFB2
S214034880024688B12146837903440D3304F11000B0
S21403489051F8044B814243F8044BF9D12846BDE84E
S2140348A038400621FFF7D8BD38BD37B50022054688
S2140348B008211046F5F776FD0446C0B10C23012205
S2140348C00DF107018DF80730F5F7A9FD296C2022B5
S2140348D051312046F5F7A3FD296C2022713120467D
S2140348E0F5F79DFD224606212846FFF7B5FD03B0E2
S2140348F030BD036C4BB983681B0608D490F873303D
S214034900012B14BF80204020704718787047C020C2
S214034910704770B50446FFF7ECFFE4F7C9FB0D4696
S2140349200346002245F2010120469847236C03B153
S2140349301D702846E4F7BCFB4FF4A0410346002253
S2140349402046BDE87040184770B51546044648B182
S214034950FFF7CFFFE4F7ACFB2A4603462046BDE845
S21403496070401847022070BD114608B51A4621F05C
S2140349700041FFF7E9FFB0FA80F0400908BD08B52B
S2140349800B4601461846F1F7DFFB003818BF012037
S21403499008BD10B50446006838B11A2102F0A5FD1B
S2140349A02068F5F783FD0023236010BD30B58BB078
S2140349B00D46002201A9C0B2E4F798F9044620BBCD
S2140349C001460D220DF10B00F4F741FFB5F8032065
S2140349D06B79ADF8082006A9019A02A88DF80A306B
S2140349E0E4F7C6F940F20343BDF81820002818BFC1
S2140349F01C469DF81A30102102A82A80AB7002F0DC
S214034A0074FD102106A802F070FD20460BB030BDE1
S214034A1010B50446E4F7D0F804F13400FFF7B9FF05
S214034A20A3685A0606D523F0400300212046A36058
S214034A30E3F756F9236C63B1D3F89400F4F763F9FC
S214034A400421206C02F051FD206CF5F72FFD0023A6
S214034A50236410BDF7B50D4669461646E4F746F9D6
S214034A60044698B929461022009801ABF4F7B6F924
S214034A7007461021284602F02AFD2FB110212846AA
S214034A8002F033FD40F2074406B13760204603B018
S214034A90F0BD38B50446C51C03212846FFF76FFF53
S214034AA0C8B9E27863797AB922791A43F4D003F065
S214034AB07F0343F0400363715323A3712146BDE88C
S214034AC03840FF20FFF772BFFF2AF0D122791A4041
S214034AD0FF2AE1D0EBE740F2074038BD0021E3F7B9
S214034AE0FFB8F8B51D46836804465B060F461646B0
S214034AF02DD41A20F5F7D5FC0146606320B920466D
S214034B00BDE8F840E3F7ECB8034623F8027B3268C7
S214034B1005F11001C0F8022072685A602A46636BDA
S214034B200A3352F8040B8A4243F8040BF9D11021D6
S214034B30284602F0DAFCA36843F0400213F4407FF1
S214034B40A26004D02046BDE8F840E4F7DDBBF8BD1C
S214034B5038B504460D4605200221FFF746FE0246F9
S214034B60B8B18379062103445D732046FFF774FCCE
S214034B7045F490512046E3F777FF94F873302046C8
S214034B80012B18BF8021BDE8384008BF4021FFF73E
S214034B90C0BE38BDB1F5A04F70B504460D461646E7
S214034BA00AD045F20603994218D0324629462046D3
S214034BB0BDE87040E4F77EBD836843F080038360FE
S214034BC090F87330012B14BF80204020E4F770FA6E
S214034BD0002203462046BDE87040184793791344E5
S214034BE0597C41F49051E3F73FFFDEE72DE9F041AE
S214034BF096B0154605AA1C4606460B4690461D9FCC
S214034C0001F1200E9446186859680833ACE803008F
S214034C1073456246F6D12021404602F058FC0DABA0
S214034C202A469C4605F1200E1D4610685168083238
S214034C3003C572452B46F7D12021604602F047FC98
S214034C40AEB3336C93F85D31013B022B2FD89DF83E
S214034C50703043F0800301AA8DF85430154623467E
S214034C6004F1100C144618685968083303C46345E6
S214034C702246F7D11021284602F029FC3B46412262
S214034C8041462846E4F722F904461021284602F056
S214034C902CFC4121404602F028FC54B11EB10821E9
S214034CA03046FFF755FF204616B0BDE8F0810023D7
S214034CB0D1E71021384602F00AFC002EF3D0224634
S214034CC045F211013046FFF73FFEECE72DE9F347C7
S214034CD090F873800446B8F1010F056C04D195F87B
S214034CE05031002B40F0A88095F85C3195F851912F
S214034CF0032B00F2ED80DFE803F00283ACD019F05B
S214034D00010F78D011210620FFF76FFD8246002899
S214034D1000F09280877910210C3707447E1C3046BA
S214034D20FFF72DFE014658B120460821FFF710FF76
S214034D30002140F2074002B0BDE8F047E3F7B2BEF9
S214034D40A07CC0F110023044F4F781FDFBF792FC1F
S214034D50012895F95E010BD132460521DEF79AFB51
S214034D6010B30821204602B0BDE8F047FFF7F0BEB7
S214034D70334610220521FBF77FFC28B1002140F2C1
S214034D801B40E3F78FFEECE7B8F1010F0CD004F1FC
S214034D901803113756F8042BBE4243F8042BF9D1F7
S214034DA0A36843F48073A360524606212046FFF7A8
S214034DB053FB0B210720FFF718FD074600283BD0BF
S214034DC0867995F95E310C36064443F43F43082151
S214034DD0A6F80130F01CFFF7D2FD0A22042195F94C
S214034DE05E01731CFBF748FC0028C7D13A46062130
S214034DF02046FFF731FB95F85C31013385F85C31CB
S214034E0019F0020F20D011210820FFF7EEFC06460A
S214034E1090B10023817901AA01440D31FF2001934B
S214034E20FFF718FE58B108212046FFF791FE40F21F
S214034E3007400199E3F736FE02B0BDE8F087324635
S214034E4006212046FFF708FB95F85C31013385F809
S214034E505C3119F0020F1BD008210920FFF7C5FCAF
S214034E6007460028E8D086790C360644E0F73AFB76
S214034E7083793A4683F00803C3F3C0037370036869
S214034E800621C6F8023083882046F380FFF7E4FA4B
S214034E9095F85C31013385F85C3119F0040F12D0B4
S214034EA011210A20FFF7A1FC06460028C4D080790A
S214034EB010223044AB210D30F4F7C9FC32460621EC
S214034EC02046FFF7C9FA95F85C31013385F85C3163
S214034ED0B8F1010F08D0236C93F85031002BABD1F7
S214034EE095F85C31042BA7D1A36C10220B2195F9FE
S214034EF05E013133FBF7C0FB78B140F21B4120461D
S214034F00E3F7B2FDB8F1010F14BF8021402120461C
S214034F1002B0BDE8F047FFF7FCBCA36C01220C21EE
S214034F2095F95E012033FBF7A7FB0028E5D1A36CB8
S214034F3010220D2195F95E012133FBF79DFB002816
S214034F40DBD1082295F95E01114604F11003FBF745
S214034F5093FB0028D1D1236C93F85E2184F8752047
S214034F60FF2283F85E21FBF785FB012818BFA368A1
S214034F7020461CBF43F48073A360E3F74DFDC1E7EF
S214034F80E4F750BC70B5B1F5A04F0446154688B09B
S214034F9077D045F21B06B14240F00A8190F8743090
S214034FA0DB0766D5056CB5F850312BB14C21FFF7FE
S214034FB0B0FC002008B070BDD5F858315E0747D561
S214034FC0AB79D80744D56B7BD90741D5A36C1022A0
S214034FD00B2195F95E013133FBF74EFB38B140F2F6
S214034FE01B412046E3F740FD40F21B40E2E7A36C7B
S214034FF0206C01220C2190F95E012033FBF73CFB69
S2140350000028ECD1A36C206C10220D2190F95E01D0
S2140350102133FBF731FB0028E1D10822206C11462F
S21403502090F95E0104F11003FBF726FB0028D6D1A6
S214035030236C93F85E2184F87520FF2283F85E21A3
S21403504020464021FFF765FC2046E3F7E5FCB0E782
S21403505005F5987304F1180205F5A07553F8041BBB
S214035060AB4242F8041BF9D1A36843F48073A360F0
S214035070E6E74021FFF74DFC29462046E3F7F4FC1C
S21403508097E7036CD3F8582112F0040255D0002298
S214035090CDE90122ADF80C209A79D2073FD55B7B88
S2140350A0DB073CD5FBF7E6FA0128206C0CD100F5AC
S2140350B09872032190F95E01DEF7ECF978B30821C4
S2140350C02046FFF745FD8FE700F59873102203216E
S2140350D090F95E01FBF7D0FA28B1002140F21B409D
S2140350E0E3F7E0FCEBE7206C102200F5987305214C
S2140350F090F95E01FBF7C0FA0028EED1236C04F1A9
S214035100180103F5987203F5A07352F8040B9A423C
S21403511041F8040BF9D1A36843F48073A36000231A
S214035120BDF80420CDE90433CDE906330DF10601BD
S21403513004AB2046E3F740F83BE7D3F8B810C3F8D0
S214035140D010D3F8BC100092C3F8D410006C694694
S21403515000F59870E3F768FE48B10098F3F7D3FDBF
S21403516020460821FFF7F4FC40F2074022E7206CB4
S214035170009A00F59871C830E3F7FAFD0546002853
S214035180EBD10098F3F7BFFD236CA07C03F598736F
S214035190C0F1100229461844F4F759FB2A46CDE914
S2140351A00155CDE90455CDE9065504AB01A9C0E781
S2140351B008B0BDE87040E4F77DBA2DE9F04796B035
S2140351C01D46DDE9229705AB06460C469E46DDF8EE
S2140351D0908002F1100A9C46106851680832ACE8C9
S2140351E0030052456346F6D17046102102F06FF96C
S2140351F009AA2B46944605F1100E154618685968F9
S214035200083303C573452A46F7D16046102102F0DA
S2140352105EF90DAA94461E9B03F1100E15461868F8
S2140352205968083303C573452A46F7D160461021EB
S21403523002F04DF99DF87C30D9F800008DF8443023
S2140352409DF8803006218DF845309DF88430129005
S2140352508DF8463099F8063012A883F00803C3F396
S214035260C0038DF84730B9F80430ADF84C3002F07F
S2140352702EF9BB79062183F00803C3F3C0038DF828
S2140352804E303B680DF14F00CDF84F30BB8804F12C
S2140352901007ADF8533002F01AF901AA2346154653
S2140352A0144618685968083303C4BB422246F7D12C
S2140352B01021284602F00BF94346412205A9284649
S2140352C0E3F704FE04461021284602F00EF94121B6
S2140352D005A802F00AF934B108213046FFF738FC76
S2140352E016B0BDE8F0874046102102F0F0F82246DB
S2140352F045F213013046FFF727FBF1E72DE9F041AE
S2140353009CB0154608AA1C4606460B469046239FA5
S21403531001F1200E9446186859680833ACE8030078
S21403532073456246F6D12021404602F0D0F810AB12
S2140353302A469C4605F1200E1D4610685168083221
S21403534003C572452B46F7D16046202102F0BFF80D
S21403535018AA9446229B03F1100E1546186859683E
S214035360083303C573452A46F7D16046102102F079
S214035370AEF804AA2346154604F1100C1446186822
S2140353805968083303C463452246F7D110212846DB
S21403539002F09DF86B46502241462846E3F796FDF9
S2140353A004461021284602F0A0F85021404602F099
S2140353B09CF834B108213046FFF7CAFB1CB0BDE8A1
S2140353C0F081039B38463B60042102F080F8684670
S2140353D0102102F08AF8224645F214013046FFF700
S2140353E0B3FAEBE72DE9F3411D46089B04468846CE
S2140353F0164690F873705BB110211046FFF7BFFA9C
S21403540030B10821204602B0BDE8F041FFF7A0BB4B
S214035410236C013E691E03F1100013F8012F16F8E2
S21403542001CF834282EA0C0201F8012FF5D1002254
S214035430404601A90192E3F7F7FC48B10198F3F758
S21403544062FC08212046FFF783FB02B0BDE8F0812B
S21403545029462846019AE3F78BFC0028EED1022F53
S2140354600CBF0023062304F159022B4404F15F000A
S21403547012F8016F1978904281EA060103F8011BBE
S214035480F6D1022F14BF0023062304F152022B4445
S21403549004F1580012F8016F1978904281EA060168
S2140354A003F8011BF6D129462846019AE3F760FC68
S2140354B005460198002DC2D1F3F725FC2A4645F28E
S2140354C010012046FFF740FABFE773B545F204061E
S2140354D0B142044615460DD045F21006B14222D01D
S2140354E0B1F5A04F38D1FFF770F9236CD3F85831D4
S2140354F0D90720D5236CD3F85821D2070BD4AA7921
S21403550098330C3215446A1D153552F8041BAA420B
S21403551043F8041BF9D1216CD1F8583113F0040376
S2140355200CD0832104E0016CA831FFF7A2F9852192
S2140355302046FFF7EEF9002002B070BD81F85C311B
S214035540012301F1B8020093204601F1A80301F5F7
S2140355509871FFF747FFEEE702B0BDE87040E4F747
S214035560A9B845F21003F0B59942044685B000F099
S21403557087800CD8B1F5A04F1CD045F2050399429D
S2140355801DD0204605B0BDE8F040E4F793B845F2D9
S2140355901103994200F08D8045F212039942F0D12F
S2140355A0036C93F85D31042B40F2B380052B03D1D3
S2140355B048217BE0FFF709F9002005B0F0BD91799B
S2140355C0036C0C310A44511DB833153251F8040BE1
S2140355D0914243F8040BF9D1256C102205F1C80754
S2140355E005F1B80631463846F4F707F920B9042121
S2140355F02046FFF7ADFADFE7D5F8583113F004037A
S21403560032D095F85D31042B13D105F1F8030393DB
S21403561005F59873029304F15303019304F15A03B7
S21403562000933A463346204605F1D801E4F750FB8B
S214035630C2E705F5A07005F1110105F151020190CD
S2140356400BB1052B06D10023009320463346FFF704
S214035650CDFAB1E795F85C01D5F82C31C34003F0D9
S214035660010343F08003EFE785F85C31324600938D
S214035670204605F5A07305F59871FFF7B3FE9BE783
S214035680056C102205F1A80105F5A070F4F7B5F82E
S2140356900028ACD14B21D5F858319B0742BF94F86C
S2140356A0743043F0020384F874302046FFF731F970
S2140356B082E7056C102205F1A80105F5A070F4F742
S2140356C09CF8002893D195F85D31013B022B0FD847
S2140356D095F85C310133DBB2142B85F85C3107D0C7
S2140356E0D5F85831432123F00103C5F85831DCE7D8
S2140356F005F1F803039305F59873029304F1530336
S214035700019304F15A03009305F1C80205F1B803A7
S21403571089E74921CAE7B1F5A04F70B50446154697
S21403572007D045F20406B1420CD0BDE87040E3F75B
S214035730C1BFFFF74AF8236CD3F85831D90701D411
S214035740002070BD236CD3F85821D20718D4AA7949
S214035750A8330C3215446A1D153552F8041BAA42A9
S21403576043F8041BF9D1206C102200F1A8019830ED
S214035770F4F743F820B904212046FFF7E9F9DFE7F9
S214035780206C1021C830FFF7FAF858B108212046DC
S214035790FFF7DEF940F207400021E3F783F940F212
S2140357A00740CEE7216C2046C831FFF746F847216D
S2140357B02046FFF7AEF8C3E7B1F5A04F70B5034632
S2140357C0144607D045F21806B14207D0BDE870402C
S2140357D0E3F770BFFEF7F9FF002070BD1268551C93
S2140357E003D10121FFF7B4F9F6E7016CD1F85801AC
S2140357F0400743BF002281F85C212268C1F83021AC
S21403580048BFC1F82C2118464321FFF782F8E3E787
S214035810B1F5A04F70B51346044607D045F204060B
S214035820B14207D0BDE87040E3F744BFFEF7CDFFB3
S214035830002070BD9979026C0C310B44591DA832B7
S214035840153351F8040B994242F8040BF9D1256C31
S214035850102205F1A80105F19800F3F7CEFF20B951
S21403586004212046FFF774F9E2E7204605F1C80154
S214035870FEF7E3FF47212046FFF74BF8D8E7B1F5DD
S214035880A04F13B504460ED0A1F5A043103B012B41
S21403589045D8016C9831FEF7ECFF44212046FFF70C
S2140358A038F8002017E0016CD1F8583101F1C8022E
S2140358B013F0040328D010211046FFF760F860B1F8
S2140358C008212046FFF744F940F207400021E3F79A
S2140358D0E9F840F2074002B010BD216C204601F102
S2140358E09803019391F85C21D1F82C31D34003F04F
S2140358F0010343F08003009301F1110201F1C80391
S2140359005131FFF773F9CCE781F85C31012300933B
S21403591001F1980301F59871FFF764FDC1E702B042
S214035920BDE81040E3F7C6BEB1F5A04F73B5044615
S214035930154677D045F21B06B14240F0F68090F844
S2140359407430DB0766D5056CB5F850312BB1892169
S214035950FEF7DFFF002002B070BDD5F858315E07B2
S21403596047D5AB79D80744D56B7BD90741D5A36C0C
S21403597010220B2195F95E013133FAF77DFE38B11B
S21403598040F21B412046E3F76FF840F21B40E2E784
S214035990A36C206C01220C2190F95E012033FAF7E8
S2140359A06BFE0028ECD1A36C206C10220D2190F91D
S2140359B05E012133FAF760FE0028E1D10822206C4D
S2140359C0114690F95E0104F11003FAF755FE00281C
S2140359D0D6D1236C93F85E2184F87520FF2283F8D2
S2140359E05E2120468021FEF794FF2046E3F714F855
S2140359F0B0E705F5987304F1180205F5A07553F89A
S214035A00041BAB4242F8041BF9D1A36843F480732A
S214035A10A360E6E78021FEF77CFF29462046E3F7EE
S214035A2023F897E7036CD3F8582112F0040245D005
S214035A309A79D2078ED55B7BDB078BD5FAF71AFEEE
S214035A400128206C0ED100F59872032190F95E01AF
S214035A50DDF720FD00283FF47DAF08212046FFF741
S214035A6077F892E700F598731022032190F95E0108
S214035A70FAF702FE28B1002140F21B40E3F712F8C2
S214035A80EBE7206C102200F59873052190F95E0170
S214035A90FAF7F2FD0028EED1236C04F1180103F5A2
S214035AA0987203F5A07352F8040B9A4241F8040B5C
S214035AB0F9D1A36843F48073A3604BE7D3F8B81017
S214035AC0C3F8D010D3F8BC100192C3F8D410006CFE
S214035AD001A900F59870E3F7A7F948B10198F3F721
S214035AE012F920460821FFF733F840F2074032E761
S214035AF0206C019A00F59871C830E3F739F905462A
S214035B000198002DEBD1F3F7FEF8236CA07C03F588
S214035B1098732946C0F110021844F3F798FE216CD7
S214035B202046B831FEF789FE14E702B0BDE87040A0
S214035B30E3F7C0BDB1F5A04FF7B5044608D045F26C
S214035B401105A94236D003B0BDE8F040E3F7B2BD75
S214035B50006C1021B830FEF712FF60B10821204612
S214035B60FEF7F6FF40F207400021E2F79BFF40F204
S214035B70074003B0F0BD256C95F85D6105F1A807F5
S214035B80013E022E01979CBFD5F82C0195F85C6167
S214035B9005F151019EBFF04000F0010040F0800087
S214035BA0009005F11102204605F1B803FFF71EF831
S214035BB00020DEE7016CA831FEF75BFE8521204658
S214035BC0FEF7A7FEF4E770B545F20406B1420446B5
S214035BD0134625D045F21806B14206D0B1F5A04FBC
S214035BE033D1FEF7F2FD002070BD11684D1C03D1C2
S214035BF00121FEF7ADFFF6E7026CD2F85801400725
S214035C0043BF002182F85C111B68C2F8301120469E
S214035C104FF0840148BFC2F82C31FEF77AFEE2E764
S214035C209979026C0C310B44591D9832153351F88F
S214035C30040B994242F8040BF9D1226CD2F858317E
S214035C4043F00103C2F85831CDE7BDE87040E3F7EF
S214035C5031BD002310B50364044690F97500431C58
S214035C6013D0DDF7DDFF082204F11003114694F983
S214035C707500FAF742FD94F91330012B07D194F817
S214035C80743043F0020384F87430002010BD022BF6
S214035C90FBD194F8743043F00A03F4E74B88062BE1
S214035CA005D1088841288CBF0020012070470020BA
S214035CB0704707B58B790A460B440191197C4B1E36
S214035CC00D2B04D801F5A0410131FEF73DFE01A8D6
S214035CD0F4F7D4F803B05DF804FB08B5E1F77EFFEC
S214035CE0E2F7CCFCE5F798FCBDE80840DFF710BF09
S214035CF008B5E2F7B1FB28B9BDE80840002000214B
S214035D00F0F78EB900200021F0F78AF9E1F774FF67
S214035D10EFE707B501218DF807000DF107020846E6
S214035D20E2F79CF8002003B05DF804FBE2F796B8B0
S214035D3037B5044642F60720FCF7A9F90546C0B175
S214035D400A23002CCBBF0534053CB4FBF3F494FBC9
S214035D50F3F40123002118460DF1070264B28DF80F
S214035D600740F4F789FB0022034629461046FCF752
S214035D70C1F803B030BD38B50D46F7F731FD04461C
S214035D8018B9B5F90000FFF7D3FF204638BDE2F790
S214035D9085B8430803F05503C01A00F03303C0F375
S214035DA0850000F03300184400EB101000F00F00DD
S214035DB07047002110B5421D441E14F8010FFFF76B
S214035DC0E8FF94420144F8D1084610BD70470E2000
S214035DD07047704710B5F0F791FA044628B10124CE
S214035DE0204610BD436ADB06F9D4DEF7B7FE00286B
S214035DF0F8D1F5E7052802D10846E1F757BF212079
S214035E00704710B5D3F74EF9002814BF03240124B6
S214035E10D3F74EF908B144F00404204610BD10B57C
S214035E20D3F740F9002814BF03240124D3F740F91D
S214035E3008B144F00C04204610BD70B504460E4667
S214035E401546052100220420FAF70DFD014618B178
S214035E50A0F80160A0F803502046BDE87040FAF7AA
S214035E605BBDF7B51D460023044600930F46164652
S214035E7007210620BDF82430089AFAF718FD0146D4
S214035E8028B1A0F80170A0F80360A0F805502046DA
S214035E9003B0BDE8F040FAF73FBD73B515461A46A2
S214035EA00023044600930E46082005219DF818306B
S214035EB0FAF7FDFC014618B1A0F80160A0F80350FC
S214035EC0204602B0BDE87040FAF726BD38B500227A
S214035ED004460D460A200321FAF7C5FC014608B11D
S214035EE0A0F801502046BDE83840FAF715BD70B556
S214035EF004460E461546052100220C20FAF7B3FC8D
S214035F00014618B1A0F80160A0F803502046BDE88A
S214035F107040FAF701BD37B544891346013C24F0B7
S214035F200104A4B2A2424FF000020546009288BFC5
S214035F30E3B20A460E200121FAF7B9FC01462846C9
S214035F4003B0BDE83040FAF7E7BC37B544891346DB
S214035F50013C24F00104A4B2A2424FF0000205461D
S214035F60009288BFE3B20A4620200121FAF79FFC7D
S214035F700146284603B0BDE83040FAF7CDBC73B5FA
S214035F8015461A460023044600930E4610200521A4
S214035F909DF81830FAF78BFC014618B1A0F801609B
S214035FA0A0F80350204602B0BDE87040FAF7B4BC30
S214035FB073B50E46002144890546033CA4B2A342AA
S214035FC0009128BF234603211220FAF770FC0146EE
S214035FD008B1A0F80160284602B0BDE87040FAF7A1
S214035FE09BBC73B50E46002144890546033CA4B208
S214035FF0A342009128BF234603215220FAF757FCF9
S214036000014608B1A0F80160284602B0BDE870401A
S214036010FAF782BC2DE9F3410546984683690F4695
S21403602058691646F3F7BEFF6C8980B2053CA4B2E6
S214036030844228BF0446A86921461430F4F78EF933
S214036040009048B1052208210020F4F7ABF901902F
S21403605030B96846F3F712FF1A2002B0BDE8F081A4
S214036060009901A8F4F700F81620019A93790C33E7
S214036070D118D054A8F800402846A1F80170A1F81A
S2140360800360FAF749FCE8E738B5002204460D46F4
S21403609018200221FAF7E7FB014600B145702046B7
S2140360A0BDE83840FAF738BC10B501210446002293
S2140360B01E20FAF7D8FB01462046BDE81040FAF743
S2140360C02BBC70B5857904460C354619F3F76AFF81
S2140360D0625D431E013A9BB2202A12D8DFE802F023
S2140360E0131118111A112B113111421142114211B9
S2140360F03511271111113B112711401140111111B0
S2140361004200002070BD042B14BF01200320F9E7D2
S214036110022BF9E743B37278022A0AD0012A23D165
S2140361200222013B0232B3FBF2F102FB1133002BD6
S214036130EAE71022F5E713F0030F14BF012003204C
S214036140E0E78BB17278013BEDE76BB17278032A17
S2140361500AD9013BE7E7042B34BF01200320D1E72C
S214036160022BF9E70320CDE70120CBE70078DEF723
S2140361701DBC13B50C460DF107020DF10601FAF727
S21403618085FD30B19DF80600031B5842584102B006
S21403619010BD0120FBE7F0F771B82DE9F0430F4679
S2140361A0DDE90C8940F60104154617F0020F08BF17
S2140361B04FF4006417F0080F18BF44F0020417F0FA
S2140361C0040F18BF44F0040415F0010F18BF44F081
S2140361D0100415F0020F18BF44F0400415F0040F26
S2140361E018BF44F0200415F0080F18BF44F4807459
S2140361F015F0100F18BF44F4806415F0200F18BF75
S21403620044F400749DF8246015F0400F18BF44F45E
S214036210805415F0800F18BF44F48044ED0506F152
S214036220FF35EDB248BF44F40054032D28BFFF25C5
S214036230BDF828C0BDF82CE003F00103CDE90C3906
S21403624007999DF820203B46CDE90A85CDE908CE7F
S2140362500794BDE8F043E0F7C1BC2DE9F0430F46D1
S214036260DDE90B8917F00104154619469DF81C2035
S2140362709DF82060BDF824C0BDF828E007F00203AF
S21403628040D1002B47D14FF4006417F0040F18BF1A
S21403629044F00404BF0544BF24F40064A4B2EF072B
S2140362A048BF44F01004AF0748BF44F040046F07EC
S2140362B048BF44F020042F0748BF44F48074EF0619
S2140362C048BF44F48064AF0648BF44F400746F06C6
S2140362D048BF44F48054013E2F0648BF44F480442C
S2140362E0F6B2ED0548BF44F40054032E28BFFF263C
S2140362F0CDE909E8CDE90B69CDE9074CBDE8F043E4
S214036300E0F778BD4BB1022304F5006443F00803BD
S21403631044F00204B9E72346F6E7022340F60104F5
S214036320B3E7F7B5002415460DF107020E461F46E0
S2140363308DF80740FAF71BFA30B13460C6F803400D
S2140363402C703C7003B0F0BD9DF8073001332B7002
S214036350F8E7FEF717B9E2F709BBE7F75DBDF0F715
S21403636051B9FEF711B9FEF711B973B50C46002102
S2140363701546F3F7E6FB019040B122462946F4F7AB
S2140363804EF8844204D001A8F3F778FD02B070BD3E
S214036390019DA9790C316A586E181302C2F30720BF
S2140363A003F4E06303432344180280B2C3F30223D7
S2140363B022F47F42034322F0070213436B5001A8E3
S2140363C03471F3F7D1FBE1E70E2070470E207047D8
S2140363D00E207047704770470F20704700207047A5
S2140363E0704770477047E7F7ABBF0078DFF7AEBA82
S2140363F038B5DFF745FB0446C8B1437803F0F0032E
S214036400102B03D0202B09D100F05FF8002541F2B2
S21403641016012046E7F75EFE284638BD302BF5D139
S2140364200088C0F30B00E7F73DFE0546EFE740F2B2
S2140364300A45F1E738B505460020DFF74FFB04466B
S21403644000B938BD04F10800FAF750F9421C08D029
S2140364506B1C01D0A84204D12046DFF7B1FAFFF740
S214036460C7FF2046E9E71FB502460C46D0F80200F0
S214036470D2F8061001AB03C35189127B204619805C
S2140364800D219A70F3F709FEBDF80500DFF710FB40
S21403649050B1DFF795FA9DF80C300246FF2B2146E4
S2140364A001A803D100F012F804B010BD00F00FF8F5
S2140364B0FAE708B5B0F80300DFF7FAFA20B1BDE84B
S2140364C008400721E7F706BE08BD704770477047C8
S2140364D013B50C4601A901F0CBFE10B9019BC4E924
S2140364E0003002B010BD08B5EFF7DEFB50B9EFF78A
S2140364F08FFD00200021EFF7DFFB18B9BDE8084049
S214036500F3F7A0BB012008BD38B504460D4620228C
S2140365100021F3F79CF9F1F7C9FDD5E90232E260F1
S214036520EA8B43F4806322822A8CA0806282AA8C40
S214036530A282EA8CE2826A68A3602260FFF74EFFBB
S21403654018B1A36843F00403A360A36843F480323E
S214036550A2602A68920544BF43F41023A36038BDA3
S21403656008B5FFF7C0FF80F00100C0B208BD08B54C
S214036570FFF7F6FF00280CBF0420012008BD08B56E
S214036580F8F7A5FB002008BDE7F794BFE7F7A2BF1F
S2140365900E2070470E207047022070470220704777
S2140365A000207047012070470020704708461146B8
S2140365B0012200F070B870B50C4611461A46E8F78B
S2140365C007F9059B049E0493456933462046AC466B
S2140365D0BDE87040604710B5E8F7FAF8BDE810402C
S2140365E083690846184700F07ABB00F082BB00F0C8
S2140365F0F5B808B500F068FB002008BD00F0D0B879
S214036600431E012B03D9031F5842584170470120EC
S214036610704700F09EBD4FF4D8720021F3F717B908
S21403662070B50446E9F7CAFD0546A8B9A169F1B1F4
S214036630238AD3B1204604F1100200F033FC38BBA2
S214036640E16919B3638AA3B1204604F1120200F08C
S214036650FEFB78B1054603E00023A3612361E361F3
S214036660002328466361236270BDA061E8E72082A9
S214036670E6E7E361216A0029F2D0A28A002AEFD076
S2140366802046E38ABDE8704000F0A0BB6182F1E7D4
S2140366906582E561DEE7E9F7B7BF0A7838B50546F0
S2140366A01046FFF7ADFF60B14C782046FFF7A8FF12
S2140366B038B12243530704D42846BDE83840E9F7E7
S2140366C0FBB9212038BDFFF7E8BF10B504460878AC
S2140366D0FFF796FF58B14A781046FFF791FF30B19F
S2140366E0042A04D02046BDE81040E9F703BA212067
S2140366F010BDFFF7EABF09B1E9F738BA21207047A2
S21403670000F06EBA084600F0D7BC7047F8B50646E8
S2140367100D46E8F769F9D8B94FF6FF734FF0240C26
S214036720EF68C1B28F4208D81C4621463046E8F7C8
S214036730D7FA00F012FD2046F8BDAA680CFB01222A
S214036740D4899C4202D2002CEFD023460130E8E7DE
S2140367504FF6FF74EFE7808D7047F0B504460026CA
S2140367602427C268013A12B2964202DD4FF6FF7042
S2140367700DE0B318A56803EBD3735B1007FB035553
S21403678098B2EB898B4203D82B8A8B4203D3F0BD96
S214036790431E1AB2E8E7431C1EB2E5E700F05DBAF3
S2140367A070B504460D46164600F06BF858B12946F8
S2140367B02046E8F795FA38B9324629462046BDE81A
S2140367C07040EDF729BE0E2070BD08B5E8F782F8D5
S2140367D018B1BDE80840EDF77FBB08BD062AF8B53B
S2140367E004460F4615461E4624D8E9F72FF818B375
S2140367F020463946E8F774FA0446B0B90121024642
S2140368000846FFF748FF204600F0A5FCECF72CFAF5
S2140368103046E8F7BDFF062D284608D06FF029035B
S2140368202B41DB0703D4ECF785FA2046F8BDECF7DB
S214036830BFFAFAE72124F8E70224F6E700F0B4BB30
S214036840E9F7EAB900F034BA00207047E8F7B6BFB4
S214036850084600F08BBC00F0A9BBE9F7E9BBEBF7F1
S214036860CFB8E9F7F9BA00F05FBA38B5044615466B
S21403687009B100F0D8FB15B12046EAF7FBF9002072
S21403688038BD0346408A18B1188A003818BF01205D
S2140368907047E9F77FBCE9F723BD10B49DF80440C1
S2140368A001945DF8044B00F038BB00F023BBE9F716
S2140368B0F1BC00F02FBB10B5044600F07CF820B9FD
S2140368C02046BDE81040E8F7A3BB10BD00F05BBC54
S2140368D000F059BCEBF7E0BD2DE9FF4198460446AE
S2140368E00E46174602F036F805462046FFF7E3FF46
S2140368F00A9B3A4602930023314601932046CDF87D
S2140369000080E8F7D3FB0446284602F01EF820462C
S21403691004B0BDE8F08138B5044602F01BF805461E
S2140369202046FFF7C8FF2046E8F79EFB04462846A6
S21403693002F00BF8204638BD38B5044602F00AF8D4
S21403694005462046FFF7B7FF204600F043F8044607
S214036950284601F0FAFF204638BD38B5044601F054
S214036960F9FF05462046FFF7A6FF204600F038F855
S2140369700446284601F0E9FF204638BD70B50446B4
S2140369800E4601F0E7FF05462046FFF794FF314623
S2140369902046E8F7D7FB0446284601F0D6FF2046F4
S2140369A070BD012070470120704701207047EAF749
S2140369B0C9BC00F069BBE8F765BA10B501F0CAFFB9
S2140369C0044600F015F8E8F783FA2046BDE81040C1
S2140369D001F0BBBF024608B5E8F754FA507D08BD80
S2140369E0024608B5E8F74EFA507D80F0010008BD70
S2140369F000F0C9BBE8F7C0BF00F03BB938B50321C8
S214036A000546E8F709FF04462846EAF74BFB204607
S214036A1038BD38B590F825400D46FF2C17D0023CFC
S214036A20012C8CBF0024012449682246EAF776FB32
S214036A30286890FAA0F0000AECF7EAF8A97A288901
S214036A40224681F00101EAF799FB002038BD0220B7
S214036A50FCE730B585B005460FC96C4684E80F00E1
S214036A6021462846FFF7D5FF05B030BDF0B59C4656
S214036A7005460E46174687B00C9B02AC0FCB84E840
S214036A800F0063463A46314628460094EAF7AAFBC7
S214036A9007B0F0BD00207047002070477047D0F85D
S214036AA09C3003F06003402B0DD0602B03D0203BBB
S214036AB058425841704749B10B68012B06D94869BB
S214036AC040F00100704740F2011070470020704705
S214036AD0012A38B50C46114638BF01210139C9B21F
S214036AE0617021704B4300216180D0F8E810273392
S214036AF023F003034968E518656039B132B12846C7
S214036B00EBF7C8FE013005EB800038BD4FF0FF32CF
S214036B10281DE250F9E72DE9F04304464FF47A7056
S214036B201646584387B00F46BDF83880EDF71AFA75
S214036B30356838604146D4F8E8007D60FFF70DFEFF
S214036B404FF6FF73984249D02422D4F8E8305043D6
S214036B509B680F9A1F5803EB0009C2F8009067BBA7
S214036B604A4641462046009703ABE9F711FDD4F8A1
S214036B70F0902A464146204603ABCDF80C90EDF73D
S214036B804BF905EB800227B149462046E8F7B0FDEE
S214036B90024614464FF0FF3344F8043B601BE028DC
S214036BA08CBF0020012040F6E7422F21E8F754F976
S214036BB00020346007B0BDE8F08339462846EBF77B
S214036BC069FE00234A460093414605EB800503AB66
S214036BD02046E9F7DDFCD7F80490CAE72120E9E769
S214036BE0F7B504461046D4E954C7DDE908268CEA0F
S214036BF0020587EA06010540194085EA0C05794037
S214036C00C4E95451002523F4004106EA010320F0A9
S214036C10010043F40073024043F00203019500951C
S214036C20EEF77AFB94F824309A0713D5D4F8543148
S214036C309B050FD54FF48811204600F066FB94F8A9
S214036C402430024665F3410384F8243020460B467D
S214036C50E8F7D0FD002003B0F0BD30B4D0F89C3088
S214036C600A4023EA01031343C0F89C3030BCE9F71B
S214036C7093BD0220EBF706BCD0F8F02008B57AB136
S214036C801368022B0CD9536A13F47F4FC3F30721FF
S214036C9006D0126ADBB253438B42B3FBF1F006D243
S214036CA0002040F607324C21E8F7D6F8002008BD4E
S214036CB00346B3F8322108468A4203D0A3F83211BA
S214036CC0EAF75EBF0020704708B500F0FEFABDE89D
S214036CD00840EBF7F9BF4FF48071EEF7BBBE10B573
S214036CE00023E8F7B5FF044608B9EDF77FFB204617
S214036CF010BD38B51D4600230446E8F7A9FF28B99A
S214036D0029462046BDE83840EDF75CBC38BDD0F8D0
S214036D10F00040B10368122B04D9006D202828BF69
S214036D202020704700207047F8B507460E468C882B
S214036D30E8F7A8FE97F825700546042F737C0CD158
S214036D40012B0AD801460120EDF75AFA421C01D15D
S214036D500220F8BDE30003330EE0023FFFB2012F2B
S214036D608CBF002001202946EDF74AFA431CEFD0DA
S214036D70012F4FEAC403EED903220344B271002D58
S214036D80E6D0B3F5803FE3D84FF224416A0901FB0E
S214036D9003232D09B3FBF5F332680020D21A3260C1
S214036DA0D7E738B54FF03A430546DC6A808AC4F322
S214036DB00C04A04234BF0020012041F216420821F1
S214036DC0E8F74AF8A88A001B80B238BD2DE9F041DF
S214036DD0884618F0030706461546194633D1B2F51A
S214036DE0805F30D89A422ED33F2A28D9B2FA82F44B
S214036DF001220120C4F11F03DBB29A4092B2AA42D9
S214036E002CBFC4F11904C4F11A04E2B2931DDBB219
S214036E10984080B2A84214D096F80131ABB901204D
S214036E2096F8243060F3C71386F824304046EAF712
S214036E3091FBC6F82080B5823846BDE8F0813A4615
S214036E40EAE70020ECE72127F6E70E27F4E7F8B594
S214036E5011F0030607460D46144621D102B31388E4
S214036E603F2B1DD9B3FA83F3C3F11901C9B206291F
S214036E7001D8192B12D0062928BF062101238A1D03
S214036E80D2B293402846238000F04EF92388384632
S214036E90FD617B82EAF776FC3046F8BD3146EDE7C6
S214036EA02126F9E738B5148811F003054FEAC40420
S214036EB01ED13F2C1CD9B4FA84F4C4F11903DBB2F7
S214036EC0052B01D8192C11D0052B28BF0523012427
S214036ED00633DBB204FA03F3C3F3CF0414808161F1
S214036EE004820387EAF74EFC284638BD2B46EEE7B6
S214036EF02125F9E770B50E4610210546EEF7AAFDE3
S214036F000446102128463201EEF790FDEEF7E8FD21
S214036F10204670BD1021EEF79DBD2DE9FF4102937B
S214036F204B0803F1304303F5785393F847418B003E
S214036F301C4104F00F04082C28BF082400239DF8E6
S214036F40288016460093019413460A4607460D46C4
S214036F50EEF78AFDB8F1000F09D040B933462A464A
S214036F600121384604B0BDE8F041E9F7DFB904B0C3
S214036F70BDE8F081F8B504460E46174601F0E1FC7D
S214036F803A46054631462046ECF712F904462846AB
S214036F9001F0D2FC2046F8BD02207047032070475C
S214036FA0EBF768BA002070470020704708B50B4619
S214036FB0062200F598711846F2F751FC002008BD2A
S214036FC00429F8B505460C460AD10026F7B238461A
S214036FD0EAF710FE08B13C4602E00136042EF5D16E
S214036FE02046EAF707FE58B195F83031A34209D098
S214036FF085F8304105F59870BDE8F840EAF7C6BD58
S2140370002120F8BD0020FCE70022E9F7B9BCA0F870
S2140370104830BDF90030C0F89010A0F84620A0F81C
S2140370204A3000207047E9F709BE10B514460846F3
S2140370300121EBF7EBFC2046BDE810400121EBF7FE
S214037040E5BC8021EEF706BD10B50446E9F7D0FA95
S21403705001462046BDE81040E9F7D0BA10B504460D
S21403706081B1931E022B94BF4FF4BC73282380F880
S2140370702520C0F80831FFF749FB2046E9F7ECFF67
S214037080002010BD2120FCE7EAF75CB938B50546B9
S21403709010460C46EAF7CCF965B1D5F8EC304BB19F
S2140370A05B693BB12268013204BF6FF001022260C4
S2140370B022681A60002038BDECF7B6BB0020704784
S2140370C02DE9F74F01251C469DF8303006460193FF
S2140370D00368174603F0070306339D4005F1FF38A0
S2140370E00B46A1B1416804EA080BA5EB0B0A41F075
S2140370F00059524509EB0B0114D952461846F2F7CC
S214037100AEFB49467A1B5A445044F2F7A8FB019B50
S2140371102BB13C4448EA050804EA0804F46003B0CB
S214037120BDE8F08F1846F0E74FF03A4301225A675E
S21403713040F6FF72D96418651A67704737B500259D
S21403714014460095FFF7BCFF204603B030BDE9F7B1
S2140371507FBE0020704700207047704710F0FD0F79
S21403716014BF4FF0FF300020C0B2704770470A4686
S21403717090F890107D2901D8E9F794BB2120704739
S21403718000200021704708B5EBF7C6F9BDE80840B4
S214037190EBF7EAB938B50446FFF7F5FF0546FFF700
S2140371A0F2FF431BA342FAD338BD38B50D46044657
S2140371B0EBF7B2F935B1844200D90139204601F024
S2140371C0030138BD844238BF0131F7E708B5EBF752
S2140371D0BBF9BDE80840EBF7C7B908B50121FFF7CF
S2140371E0E4FFBDE80840EBF7BFB908B521B192004C
S2140371F0F2F735FB002008BD2120FCE700F06F43C3
S214037200B3F1804F02D0B3F1204F02D120F070408B
S214037210704700F06043B3F1204F08BF20F0805062
S21403722070470B0C23F48053B3F5284FF7B50D4680
S2140372308FB2064699B216D04AF60103994214D085
S2140372404AF60203994212D0B1F5204F14BF042424
S2140372500324D6F8EC300BB1196851B9D6F8E830E8
S21403726093B928680EE00024F3E70124F1E702242B
S214037270EFE7234668463A46EBF7EAF9DDE900030B
S214037280002BEBD103B0F0BD19680029E9D02346E3
S21403729068463A46EBF7DCF9DDE90003002BE0D15C
S2140372A0F0E70204C0F3891307D56FEA83536FEA46
S2140372B0935313F5007F18B206D0A3F1C8006FF4FA
S2140372C0FF739842B8BF1846704701220021032077
S2140372D0E9F79AB94FF0384359699A6903F50053A9
S2140372E00A405A6170470E2070477047EDF7BABAE6
S2140372F0EDF7B8BAEDF7B6BAEDF7B4BA08B508467F
S214037300EDF7BEFE08BDEDF7ADBA38B505460C463B
S21403731001F017FBD5F898301C40D5F8943023437A
S214037320C5F8943001F008FB211E18BF0121002088
S214037330490238BD002070477047704707B501A95A
S214037340F2F7C5FA03B05DF804FBF2F7C2BA4308D6
S21403735003F05533C01A00F03333800800F033309F
S21403736018444FF0013300EB101000F00F30584371
S214037370000E704710B5044688B1836A016A7BB174
S21403738080689847002394F8240023620C286360DF
S21403739005D82146D1F7A0FB0D2384F8243010BD71
S2140373A00029EFD08368002BECDB0846F3F77EF862
S2140373B0E8E707B5019101A9EEF780FD03B05DF894
S2140373C004FB002307B51A46019101A9EEF776FDE3
S2140373D003B05DF804FB002330B587B004939DF833
S2140373E03430DDE90A4503930C9BCDE9004502934F
S2140373F0EEF7DAFC07B030BD052330B585B003934E
S2140374000A9BDDE908450293CDE90045FFF7E3FF54
S21403741005B030BD30B500230024002585B0CDE986
S21403742000450293FFF7E8FF05B030BD03680B6025
S214037430016070472DE9F0410E46174600240546C5
S214037440006808B9BDE8F081D0E90083B3420BD1E8
S2140374508368BB4208D154B9C5F80080C368DB070C
S21403746001D5F3F723F8204604464046E9E7C4F877
S2140374700080F3E7002370B51A46194605460468EC
S214037480EEF71CFD0CB92C6070BDE3682668DB07BD
S21403749002D52046F3F70AF83446F3E72DE9F84316
S2140374A00E461746054610B90020BDE8F883046863
S2140374B0002CF9D0D4E900893B4632462946A06819
S2140374C0C8470028F1D14446F2E730207047034608
S2140374D010B501391A1A914200D810BD445C1A78C7
S2140374E003F8014B42540139F4E700230144884270
S2140374F000D1704700F8013BF9E730B585B0D3F704
S214037500D5FE83790C33C418E378272B24D8207947
S214037510F7F7C7FB18B3DBF70DFD054688B92079E7
S214037520E57800F036F8014604F10A00E379A2791B
S2140375300290607A0190207A00902846F9F72FF897
S2140375400546D3F7B9FE002342F24F01EAB205B06F
S214037550BDE83040F4F7CBB841F21205F1E741F24B
S2140375601105EEE738B5DBF7C9FD0546D3F7A4FEEC
S21403757004460223002242F21F01F4F7B8F8A37967
S2140375801C44658238BDD2F727BDD1F7DBBDD1F7E2
S214037590DFBD431E032B88BF0020704700207047C3
S2140375A000207047F0B49DF810409DF814509DF8E5
S2140375B018609DF92070CDE9055608970494F0BC31
S2140375C0E0F702BC1FB5089C03949DF81C40029488
S2140375D09DF81840CDE9003413460022E0F7C4FBBB
S2140375E004B010BDE0F724BC10B50446FEF709FC52
S2140375F00346204009D014F0050006D0DB4363F0B1
S214037600050323420CBF0120002010BD704710B5B0
S21403761004460B68084623608B88A38042B1DDF7D7
S214037620A1FFA0712046FAF7ABF800B9A07110BD10
S2140376304920F6E783791A0705D413F0100F0CBF19
S214037640FF2001207047002070471120704711204B
S2140376507047112070470000014B1868704700BF41
S2140376604C3000200A4B1B6F03F00703013B032B30
S21403767003D8DFE803F00A030608FEE7054B18689D
S2140376807047054BFBE7054870470548704700BF42
S214037690008000504C3000205430002080D5430238
S2140376A0002D310108B5FFF7DDFF054B1B6FC3F354
S2140376B003330133B0FBF3F0024B186008BD00BF81
S2140376C000800050483000200048704700B4C404CF
S2140376D000487047002D3101014B1868704700BF02
S2140376E0543000200048704780D54302014B186889
S2140376F0704700BF50300020034B5868C0F30800A3
S214037700003818BF0120704700ED00E00A4A08B5AC
S214037710127852B107280AD8084A02EB00131B7BDB
S2140377203BB1CDF7A1FB002008BD0548FCE70548A3
S214037730FAE70548F8E700BFC02C002060150020D4
S214037740028000F0018000F0078000F00C4B1B78ED
S2140377507BB107280FD871B10A4B03EB00131B7BD1
S2140377605BB1094BDB6AC34003F0010300200B70D7
S214037770704706487047064870470648704700BF7C
S214037780C02C00206015002000000450028000F08A
S214037790018000F0078000F00B4A10B512780C4603
S2140377A062B107280CD859B1084A02EB00131B7BB9
S2140377B043B1CDF76BFB2060002010BD0448FCE707
S2140377C00448FAE70448F8E7C02C002060150020B8
S2140377D0028000F0018000F0078000F013B591F8F6
S2140377E036200B68022A0CBF1B6C9B690C469B0653
S2140377F0084605D501F0C7F80223E36502B010BDBD
S21403780001F0AEF800230146CDE90033034A2346D0
S21403781004F13C0001F07DF9F0E700BFDD770300DB
S2140378200B4B10B51B7883B100230120094951F88F
S214037830042B32B192F85C40022C02BF0120D065C3
S21403784020460133042BF2D110BD0120FCE700BF14
S214037850C12C0020DC1C0020B8B1036813F4E07FC1
S21403786003F03F00C3F382120AD0012A0DD1084B5E
S21403787041B103F58053012282401A60002070470D
S214037880044BF5E703F50053F5E70E20704700BFFA
S21403789068800050648000500146064802688A42A9
S2140378A005D843681A44914228BF00207047002039
S2140378B0704700BFF01C00200229F8B596BF104B96
S2140378C000245C5C012805460E4608D0022809D031
S2140378D008B944F002040B4B1F6837B9F8BD44F0EF
S2140378E00804F8E744F02004F5E77B681A681442B6
S2140378F003D0314628465B6898473F68EDE700BFEC
S2140379006C9103001C1D002038B5104D2B78ABB1CD
S2140379100F4C23781BB100F083FA0023237000205A
S21403792001F0BAF80B4C50B100F0CCFA0023012159
S21403793020782B70FFF7C0FF0123237038BD012288
S214037940054B1A702278054B1A70F7E7CC2C0020EB
S214037950CA2C0020D22C0020CD2C0020CE2C0020B8
S2140379600C4A1378FF2B01D158B170470BB908B9ED
S214037970704730B101331370074B1B78012B03D8C4
S2140379807047013B13707047044B1B780BB9FFF726
S214037990BBBF7047D12C0020D22C0020CD2C00205A
S2140379A010B500F0CEFF064B04461B781BB1BDE8AE
S2140379B0104000F0C1BFFFF7A7FF2046F7E700BF60
S2140379C0C92C00200228F8B504D0244A1378FF2BCC
S2140379D001D1E9B1F8BDD3B90029FBD00123137057
S2140379E01F4B1B78012BF5D900F0ABFF1D4E044649
S2140379F0337893B920461A4C00F09EFF207801286E
S214037A00E8D00121FFF758FF01232370E2E711B9FD
S214037A10013B1370DEE70133E1E7134F3B781BB9F5
S214037A2001223A70114A1370114D2B781BB100F0E6
S214037A30F7F900232B70204600F07EFF012001F0AB
S214037A402BF800F07EFF3B7804461BB100F03AFAB1
S214037A5000233B7000233370CCE700BFD12C0020FB
S214037A60D22C0020CC2C0020C92C0020CD2C0020AA
S214037A70CA2C00202DE9FF47EFF3108572B6AFF34B
S214037A80008001F07EF9002870D0704E704F337876
S214037A9023B10020FFF764FF00233370387870B9F2
S214037AA003A900F095FB044648B96A4B039A1B6882
S214037AB09A4263D80120FFF753FF012333703B78C4
S214037AC0654CDFF8BC91002B72D02078012840F07B
S214037AD09480207800F052F999F8003013B15F4B88
S214037AE01B782370AFF30080284600F0D0FFEFF337
S214037AF0108572B65A4B1A7852B100221A70574B39
S214037B0020781B78984203D101212170FFF7D4FE19
S214037B10544800F013FB01F048F980460028B6D11C
S214037B20514B524F18703B789BB189F80000DFF831
S214037B304C9199F800301BB100F072F989F8008077
S214037B40002000F0A9FF002875D000F0BBF9002341
S214037B503B70337823B10020FFF702FF0023337016
S214037B6000212078FFF7A8FE00232370AFF30080E0
S214037B70284604B0BDE8F04700F089BF3C4BD3F875
S214037B80008000F0E9F8039B8044984592D200F009
S214037B90CDF98200039942F0020292B2CDE9004287
S214037BA02346344AA1EB08012E4800F077FF86E708
S214037BB02E4BDFF8B4801B780BB900F015F920784C
S214037BC0022831D198F8003023B10022264B1A70D0
S214037BD001F023F9DFF8948098F80030002B7FF447
S214037BE078AF254B1B7823B900F014F90122234BF9
S214037BF01A70012388F800306BE74FF00108002362
S214037C00DFF864A08AF8003099F8003013B94146CB
S214037C10FFF752FE9AF8003084F800803BB1B8F1C3
S214037C20020F7FF456AFD0E74FF00208E7E7B8F14C
S214037C30020FCFD04DE7012000F0A0F8284600F051
S214037C4026FFEFF3108572B67AE700BFCB2C002031
S214037C50D12C0020241D0020D22C0020CE2C002066
S214037C60C72C0020281D0020CF2C0020CC2C002061
S214037C70201D0020A1790300D02C0020CA2C002050
S214037C80CD2C002010B500F05CFE0022054B1C78BE
S214037C901A7000F051FE00F02BFBE4B22043C0B292
S214037CA010BD00BFC82C002038B500F04AFE094BB3
S214037CB005461B78012B04D800F03EFE0024204620
S214037CC038BD054B1C6800F047F80444284600F00E
S214037CD033FEF4E7D22C0020201D0020184B194950
S214037CE01A6F10B502F007020A60196F164801F4FE
S214037CF0744101601549164C8969032A01F0020094
S214037D00C1F34001134A21700FD0D3F8201101F0BC
S214037D100301022909D0D3F8241101F0070102292F
S214037D2003D00021117018B910BD01231370FBE7AF
S214037D30D3F8003103F00303591E4B424B41F5E7DA
S214037D4000800050881D0020841D002000C00150C4
S214037D50D72C0020D82C0020054B187818B1054BDB
S214037D60186800EBD000044B1B681844704700BF2C
S214037D70D82C00204C1D0020801D0020012808B5AB
S214037D800BD00238012807D80020CCF7B3FE124ADE
S214037D90136923F00403136108BD104A137823B153
S214037DA00F490B6F43F474430B670B490B6923F0BE
S214037DB004030B61BFF34F8FBFF36F8F30BF13788E
S214037DC0002BE9D0064A0749136F096823F4744366
S214037DD00B431367E0E700BF00ED00E0CB2C002069
S214037DE000800050841D0020074A0849D2F820313D
S214037DF003F003030B60D2F82431054A03F00703AC
S214037E001360EFF71EBD00BF00800050941D0020D6
S214037E10901D00200122014B1A707047D62C0020BB
S214037E20F8B51F4B1B78002B39D01E4C2378B3B9FB
S214037E301D4B9A6DD10302D5DA6D92072FD49B6D35
S214037E40DB072CD400F0AEFE184B194A1860136FEC
S214037E5023F0070343F003031367FFF723FC00F045
S214037E60A1FE124B134D1B68134EC01A2B78134FEB
S214037E7056F8232046F82300111A3A681048521A77
S214037E800A213A600932B2FBF1F20133DBB2026037
S214037E90B3FBF1F201FB12332B7000232370F8BD02
S214037EA0D82C0020D52C002000C000507C1D0020BC
S214037EB000800050D42C0020541D0020501D0020AC
S214037EC04C1D002008B5EFF7BFFC124B12491A6F82
S214037ED0096822F007020A431A671049D3F82021DB
S214037EE0096822F003020A43C3F820210C49D3F899
S214037EF02421096822F007020A43C3F82421094B08
S214037F001B7813B10122084B9A62BDE80840FFF7BD
S214037F10C9BB00BF00800050881D0020941D0020B0
S214037F20901D0020D82C002000E00050014B18784C
S214037F30704700BFD82C002008B5104B1A78C2B182
S214037F4000221A700E4B1A6F22F0070242F001024B
S214037F501A67D3F8202142F00302C3F82021D3F88E
S214037F60242122F0070242F00302C3F82421FFF77C
S214037F7099FB0122034B5A6708BD00BFD62C00208D
S214037F800080005000E000500D490B68A0B10022AD
S214037F90A3B1834203D1836822B90B6003E01A4678
S214037FA09B68F5E7936083680BB9002070475A69AE
S214037FB041690A445A61F8E7222070470220704755
S214037FC0A01D002038B500F009FE0025084B094C1B
S214037FD01A682368C31A2AB123B15169994203D395
S214037FE0C91A5161206038BD55615B1A9268F2E781
S214037FF0A01D00209C1D002038B5154D2B682BB303
S2140380005B69A3B1134A022014681C4400F0A6FA65
S214038010204600F065FA00230F492A680B7022B148
S214038020D08880070AD501230B70002038BD0220B4
S21403803000F094FA022000F0B3FAECE79268002A04
S214038040F3D050690344012BEAD9EEE72220EDE78B
S214038050A01D00209C1D0020DA2C0020C38870B5CC
S21403806004460D463BB9FFF71FFE8542064602D27D
S214038070EFF7C8FF35460E4965610B688BB90C6090
S214038080A3600DE0AD1A9A68184665616AB1134697
S2140380905A69AA42F6D930B18460521BA3605A616A
S2140380A070BD0020F4E70C60F7E79C60A260F7E77A
S2140380B0A01D002070B516469DF81420C0E90336AF
S2140380C00271049ABDF818300260002204460D4679
S2140380D08260C380EEB900F081FD2844A0619DB1A3
S2140380E02E4600F02EFC0546FFF76CFF3146204671
S2140380F0FFF7B4FF104B1B68A34201D1FFF77CFFC9
S214038100284600F019FC02E0E36865617BB90020AD
S21403811070BD00F063FD3044A061002DE0D1E3683C
S2140381206561002BDDD0204621689847D9E72046B5
S21403813021689847EBE700BFA01D002038B504462A
S21403814018B300F0FEFB0546FFF73CFF104B18681C
S214038150A04209D02046FFF717FF044680B1284601
S21403816000F0EAFB204638BDFFF70EFF0446002862
S214038170F5D1FFF741FF222802D1022000F0FAF9D9
S214038180284600F0D9FB0024ECE72224EAE700BFE8
S214038190A01D002038B50C460546A8B1A1B10023A2
S2140381A00B7000F0D7FB0121084B1B6833B900F0B6
S2140381B0CCFB002038BD9D4204D121702278002AD2
S2140381C0F9D0F4E79B68F1E72220F3E7A01D00202F
S2140381D0F8B506460F4600F0BDFB00250446124BD5
S2140381E01B6823B9204600F0B0FB1B2011E05A6938
S2140381F01544DA88B2420DD100F0F0FC0B4E33681A
S214038200C01AA8420AD3002320463B6000F09DFB19
S2140382100020F8BDFF2EEFD09B68E2E700F0DEFCFF
S21403822033682B441B1AEFE7A01D00209C1D00207B
S21403823070B500F08FFB064600F0D0FC084B0446F2
S21403824001201D6800F0BAFC18B100F0C7FC044614
S2140382500135304600F079FB2046294670BD00BF45
S214038260A81D0020014B1868704700BFA41D0020FE
S214038270F8B50C4B05461B680E4683420FD3002405
S21403828040F2E7302146084B4FF47A721F6800230A
S214038290E5FB0701CFF7AAFE30602046F8BD212094
S2140382A0FCE700BF981D0020A41D00200F4B10B54F
S2140382B01A689AB14FF47A71531E1342A0FB010158
S2140382C00ED1B2FA82F2C2F11F04531CD243E0402D
S2140382D001FA03F3184321FA02F20243104610BDD3
S2140382E00023CFF783FE0246F8E700BFA41D002055
S2140382F010B500F02FFB034B1C7800F026FBE4B20E
S214038300204610BDD92C00202DE9F04198460023C5
S21403831086B00D46174606468DF8133080B30DF12A
S2140383201301FFF737FF9DF813305BBB284605A9FB
S214038330FFF79EFF0446F8B9134B4FF47A7218689A
S2140383400023A5FB0001CFF751FEC2F57A7189B26F
S214038350B1F57A7F08BF0021BDF83430B183F483CA
S214038360059A02939DF830301146CDE900833046D6
S2140383703B46FFF79FFE0446204606B0BDE8F08165
S2140383802224F9E70224F7E7A41D002008B5084BCA
S2140383901B7803F0FF004BB100F004FC054B1B6891
S2140383A09B69C01A02288CBF0020012008BD00BFAD
S2140383B0DA2C0020A01D0020C2072DE9F84304464E
S2140383C007D5444A136801331360FFF7FBFDFFF735
S2140383D013FEA3077CD500F0BDFA4FF00008054650
S2140383E04646FFF7EFFD3C4F3C680CB16369A3B10B
S2140383F000223A4B012E1A7003D118F0020F18BF51
S2140384001E70FFF7F9FD222802D1022000F0B2F811
S2140384102846BDE8F84300F098BA23465A693AB9A5
S2140384201A792179914288BF1C469B68002BF5D1A7
S214038430284600F08AFA2569DDB100F0CFFBA26971
S214038440A0EB02084FEAE873A84573F1000311DBBB
S21403845023691344A361E36813B120462168984750
S214038460B4F8068000F076FA01360546FFF7AAFD53
S214038470BAE7A84600F06EFA81462046FFF784FD69
S214038480484600F062FA2369002BE4D0A38BB5EBD1
S214038490080533B1E28B13449BB2B3F57A7F0FD250
S2140384A0E38300F057FA804629462046FFF7D6FDB9
S2140384B0A369226940461344A36100F046FACAE75B
S2140384C0A3F57A73E383A369013D013BA361E8E760
S2140384D0BDE8F883A81D0020A01D0020D92C00208D
S2140384E010B5044600F02DFA4FF0B042936A190710
S2140384F0FCD4136A116C5269520604D4CA1A032AAE
S21403850001D899420ED1E21A022A98BFDC1CB4F1B4
S214038510FF3F38BF013C4FF0B04340221C6403F5D5
S21403852080539A6100F008FA054A13783BB14FF07E
S214038530B041CB6B43F00203CB630023137010BD33
S214038540F432002007B5044B01A9187900F043FA6A
S214038550019803B05DF804FB3891030000F00103B3
S2140385608207034A48BF43F040039361704700BF46
S21403857000100058820700F001030AD50121064ABD
S21403858043F0400311704FF0B041CA6B22F0030270
S214038590CA63024A93617047F432002000200058F1
S2140385A0830742BF4022014B5A61704700100058B0
S2140385B030B5154B87B00293144B0390049346F6DD
S2140385C011030D46059300F077F91428044616D1D7
S2140385D0684600F098FB4FF0A843032202A95A63AB
S2140385E019601D619A63DA6B9207FCD1142C02D1D1
S2140385F0684600F096FB00F093F9044601E0002875
S214038600E9D0204607B030BDB81D00200400002086
S2140386102DE9F04FB1B005468C469E46E8466F4EB0
S214038620DDF8EC90409C06F1100A47463068716806
S214038630083603C75645B846F7D13E9B03EB0208F8
S214038640C8F1000A0AF00F0AB9F1000F00F09D8086
S214038650C9F1000707F00F070121DDF8FCB044F06D
S2140386600050C4F11006CDF810B005910690300204
S21403867000F4F85040F021000790B9F1000F40F0E5
S2140386808680CDF820D047F00050002D00F084807F
S214038690099121210A9041EA07210B9142F00050EB
S2140386A0CDF830C03D9B08A94FEA0A2C0D910E90D9
S2140386B04CF041000F901093002A75D13E9B119108
S2140386C043F0005312933C9B1390149310AB1593F3
S2140386D0434B444A169340F611031793424B00212B
S2140386E0002D08BF1346189314AB19933F4B102263
S2140386F01A9311231B931CAB1846F1F7A8F8012213
S2140387001D92002246F0804603461E96239205B924
S214038710EB46102CCDF880B024AE4BD10123224675
S2140387200021304621932294F1F791F820AB0021E3
S21403873025938F4218BF334647F0804226923A9AD3
S2140387402CA828922993B2FA82F35B0949EA837329
S21403875010222B912A93F1F77AF8B9F1000F00D083
S21403876028AED04448F080432CA918A82D962E9303
S214038770FFF71EFF30B92DB90346A34225D10028C3
S21403878018BF2C2031B0BDE8F08F102764E7CDF872
S21403879020E049F0005078E7002C3FF479AF04A9B5
S2140387A0099101210A9076E73E9B0CAA119241207B
S2140387B0129388E710220021304621932294F1F782
S2140387C046F8002CB2D10123B1E703F1C0026A4494
S2140387D012F8C02C01331043CFE700BF7393030096
S2140387E010000020889303008C93030004000020ED
S2140387F0F0B5C0299FB0DDE9244557D0B1F5807F99
S21403880004D0802948D029201FB0F0BD01265CB1D2
S21403881040F23447029410240396049421240197CB
S2140388200594069502AC0AE040F21447029410241D
S214038830039604942124059401240197069507942E
S21403884001251024089409950A9221220B950C946D
S2140388500D92174A0AAD0E92164A0F95109242F6DB
S21403886011021192129313951494159201AA16925B
S214038870D3B112AB1793042318931123199316AB92
S2140388801A901B9340F61103C9081C911AA806A94F
S2140388901D93FFF78DFEB7E7012614B94FF48267E1
S2140388A0C4E74FF48667B5E70EABE3E70F20ABE705
S2140388B0849303001000001038B5164B5A6E42F02E
S2140388C004025A66D3F8802242F00102C3F88022DB
S2140388D0114B5B68C3F3080343B14FF0A842D36B55
S2140388E013F0430FFBD11424204638BD4FF0A843A2
S2140388F0DC6B14F04304FBD1084D2B681BB9042131
S2140389002846F0F79AFC2B68013343F000432B60AC
S214038910EAE700BF0080005000ED00E0B81D00202D
S214038920014B00205B68704700ED00E04FF4004009
S21403893070474FF47A70704710B962B6BFF36F8F03
S2140389407047EFF3108072B6704780F31188BFF359
S2140389506F8F7047EFF31180302383F311887047CE
S21403896010B590F8363013F0FD0F0AD1046E34B10B
S214038970FFF778FC24235843B0FBF4F40134204675
S21403898010BD0024FBE770B50446836BFFF7E2FFD8
S214038990A36B0546013BA363A66B4EB9FFF7D1FF56
S2140389A0044631460120FFF70DF82046FFF7C4FFC3
S2140389B02846BDE87040FFF7C8BF01224178037818
S2140389C08A4030214B4341F2100103F1A04303F5E3
S2140389D070335A50704709B100F005B8222070472B
S2140389E00121FEF739BF70B506460D46FFF7B2FF05
S2140389F004461D2E48D8DFE806F00F18471D20232F
S214038A004726292C47472F32473538473B473E47AB
S214038A104744474747474741FEF724FE002628605A
S214038A202046FFF792FF304670BD4FF4C070CBF779
S214038A30E7FBF3E74FF42070F9E74FF44070F6E7EF
S214038A404FF46070F3E74FF40070F0E74FF4806084
S214038A50EDE74FF49060EAE74FF4C060E7E74FF4C2
S214038A60F060E4E74FF4B060E1E74FF4D060DEE790
S214038A704FF4E060DBE74FF4A060D8E74FF4807074
S214038A80D5E74FF40860D2E700202126C7E710B9E0
S214038A9062B6BFF36F8F7047012070472DE9FF4121
S214038AA00D4616461F460446A8B14FF00008C0F808
S214038AB01C80FFF743FBBDF82C30424602939DF81B
S214038AC028302946CDE9007320463346FFF7F2FAED
S214038AD004B0BDE8F0812220FAE7F0B50D4616464D
S214038AE01F46044685B090B10023C361FFF726FBFB
S214038AF0BDF82C302A4602939DF828302946CDE946
S214038B00007320463346FFF7D5FA05B0F0BD2220A2
S214038B10FBE7F0B51F46002387B00D46164604460E
S214038B208DF81730A8B1C3610DF11701FFF732FBBB
S214038B309DF817207AB9BDF83430294602939DF87C
S214038B4030302046CDE900733346FFF7B3FA07B05B
S214038B50F0BD2220FBE70320F9E7F0B51F4600230C
S214038B6087B00D46164604468DF81730B0B1C3617C
S214038B700DF11701FFF70EFB9DF8173083B9BDF80B
S214038B8034302A4602939DF830302946CDE90073E7
S214038B9020463346FFF78EFA07B0F0BD2220FBE7E8
S214038BA00220F9E738B5FFF7D5FE054600F016F8BC
S214038BB004462846FFF7C9FE204638BD4FF0B043AB
S214038BC001285B6904D0022805D1C3F380107047DF
S214038BD003F0010070470020704770474FF0B04322
S214038BE09A6A1207FCD4186A7047F0B515464922EC
S214038BF08FB0149C8DF8242004F10C060DF1250289
S214038C0054F8047BB44242F8047BF9D124781470F8
S214038C104FF48074ADF834409DF8544000228DF82C
S214038C20364004240694169CCDE9001505941324B7
S214038C30049409ACCDE902340B4611468DF8322074
S214038C408DF83350FFF7E4FC0FB0F0BD30B5C02A03
S214038C5093B02FD0B2F5807F29D0802A2CD14FF441
S214038C60807480F00100204301901698012502903D
S214038C7010242120039504940590069301AB0795D1
S214038C80089409900A9306AB0B9304230C931123C1
S214038C900D930AAB0E910F9340F61103D20802A967
S214038CA00EA810921193FFF783FC13B030BD4FF458
S214038CB08274D6E70F20F8E72920F6E708B5FFF712
S214038CC0FBFDBDE80840FFF72BBE1FB5079C0294CB
S214038CD09DF81840CDE9003413460A4601460020A5
S214038CE0FFF783FF04B010BD1FB5079C02949DF8E1
S214038CF01840CDE9003413460A4601460120FFF723
S214038D0074FF04B010BD10B50446FFF71AFE4FF00B
S214038D10A8431A6822601B696360FFF70DFE0020F4
S214038D2010BD10B50446FFF70CFE4FF0A8432268AB
S214038D301A6062681A61FFF7FFFD002010BD10B4C9
S214038D400446084611469DF804200192A2685DF881
S214038D50044BFFF7BABF10B40446084611469DF805
S214038D6004200192A2685DF8044BFFF7BDBF80683C
S214038D70FFF73EBD8968FFF769BF012070470120F2
S214038D80704738B5C8F780FA0446C8F7EDFB051EEA
S214038D9018BF2546FDF7E4FB041E18BF2C46FFF755
S214038DA0ECFF002818BF204638BD38B5FEF76AFF2B
S214038DB00446C8F783FA042825D002284FF0000596
S214038DC008BF0124C8F7C6FB04281ED0022808BF24
S214038DD00124FDF7CCFB042819D0022808BF012480
S214038DE0FEF71EFD042814D0022808BF0124FFF74F
S214038DF0C6FF04280FD0022808BF0124002D18BF81
S214038E000024204638BD0125DCE70125E1E70125DE
S214038E10E6E70125EBE70024F3E702210120E6F766
S214038E2097BA0000000000000000000000000000E9
S214038E30000000000000000000000000000000002A
S214038E40F8B500BFF8BC08BC9E467047F8B500BF2F
S214038E50F8BC08BC9E4670475FF800F0212F002040
S214038E605FF800F0612E00205FF800F0C92F0020A5
S214038E70F88E0300C88E0300000000000000000008
S214038E80888E030000000000409A0300189A03002F
S214038E9094990300289A0300A4990300BC9903003D
S214038EA0E09A0300CC990300E0990300F09A0300CC
S214038EB05C9A0300B4950300F899030090960300A8
S214038EC0809903000000000091E10100788F030001
S214038ED03D39010000000000576303000000000056
S214038EE0D9D40100C68F03005DC40100CC8F0300F4
S214038EF0000000000000000045E10100788F030039
S214038F00B1CE0100788F0300536303000000000016
S214038F10D1C00100000000009761030000000000BC
S214038F203DC3010000000000EB630300499003000B
S214038F306D610300C48F03002D56010048900300A3
S214038F40A9D40100C68F030063630300000000007A
S214038F50676303000000000015BA0100000000006C
S214038F60BB07030000000000FB070300000000002F
S214038F700000000000000000000000004E0C00008F
S214038F800000000000000000A48F030000000000A3
S214038F90000000000400000000000000E2FF500094
S214038FA000010000000000000000000000000000B8
S214038FB000000000000000000000000000000000A9
S214038FC00000000004000400FB0000000300000093
S214038FD01100000075160300B5160300951603006E
S214038FE0EB160300615401002347030005540100F8
S214038FF029170300B36403003D4F010065BF01005A
S21403900099540100676403005953010091C101009C
S21403901041470300B1C0010000000000000500083E
S2140390200030033E043E053E073E0C3E103E123E15
S214039030133E213E253E293E0DFFEDFFFFFFFFFFBA
S214039040000000000905000001011E0000030000E7
S214039050B1720200AD7202008B72020059720200F6
S214039060E9720200BB7202005B7202002C00000071
S21403907002020203000000000500000000000000DA
S21403908000C2010000050000001000000000000000
S21403909000000000050000000000000000C2010000
S2140390A000020000001000000000000000000000A6
S2140390B0000000000B0000000B0000000200000090
S2140390C00000202000000000030000008C8C3C0001
S2140390D0000000000000000000000000010304017F
S2140390E00101090309000000080000001E0000003B
S2140390F0150000001A0000000000065003000000E0
S214039100E490030054910300509103004C91030034
S214039110489103004491030000C00550030000007B
S214039120E8900300689103006491030060910300D4
S2140391305C910300589103000000005812000000E1
S214039140EC90030004000500030005000200050080
S21403915001000500000005000400040003000400ED
S21403916002000400010004000000040001041001D2
S2140391700000000500020000030001007C30002010
S21403918000000000000001000080000000800000D6
S21403919000800000008000000080000000800000C7
S2140391A000800000008000000080000000800000B7
S2140391B000800000008000000180000001800000A5
S2140391C00180000001800000018000000180000093
S2140391D0028000000280000002800000038000007E
S2140391E00380000004800000058000000580000066
S2140391F007800000088000000A80000010000000BE
S2140392001200000015000000190000001F000000F7
S2140392102700000031000000440000006B0000003F
S214039220790000000000000000000000000000407D
S21403923000000000010000004C920300C000000084
S214039240000000000000100020000000FFFFFFFFEA
S2140392500000000100000000000000000000000005
S214039260FFFFFFFFFFFFFFFFFFFFFFFFFFFFFFFF06
S21403927000000000FFFFFFFFFFFFFFFFBCE6FAADA5
S214039280A7179E84F3B9CAC2FC6325516B17D1F2A4
S214039290E12C4247F8BCE6E563A440F277037D8100
S2140392A02DEB33A0F4A13945D898C2964FE342E29A
S2140392B0FE1A7F9B8EE7EB4A7C0F9E162BCE335708
S2140392C06B315ECECBB6406837BF51F5FFFFFFFF6D
S2140392D00000000100000000000000000000000085
S2140392E0FFFFFFFFFFFFFFFFFFFFFFFC5AC635D858
S2140392F0AA3A93E7B3EBBD55769886BC651D06B0D0
S214039300CC53B0F63BCE3C3E27D2604B6BC0BCE1A1
S2140393102A459991E134741A7F9E1925AE2D8A57F2
S2140393201E03AC9C9EB76FAC45AF8E5130C81C462F
S214039330A35CE411E5FBC1191A0A52EFF69F244514
S214039340DF4F9B17AD2B417BE66C37103FF1CAA16D
S214039350681FAC09120ECA307586E1A72B7E151658
S21403936028AED2A6ABF7158809CF4F3C6C5C4C549D
S214039370801018FFFFFFFFFFFFFFFFFFFFFFFFFF4A
S214039380FFFFFF0000000000012000000020000097
S214039390000000008F8802000040025C000000000E
S2140393A00000001000000000505341004B455900D8
S2140393B02F7661722F6C69622F6A656E6B696E73A6
S2140393C02F6769746875622F62676170695F707270
S2140393D06F746F636F6C2F70726F746F636F6C2F25
S2140393E06576656E742F7372632F736C695F62673D
S2140393F06170695F6576656E742E63006267627579
S214039400665F696E0062676275665F6F7574006299
S214039410676275665F6E6F666C6F7700626762750C
S214039420660061636C006C6C5F636F6E6E6563747D
S214039430696F6E006C6C5F6164765F736574006C55
S2140394406C5F76616C696461746F720062675F6DEE
S21403945065737361676500736F66745F74696D65C2
S214039460725F6D657373616765006C6C5F616476CC
S2140394705F73796E63006C6C5F7363616E5F7379A1
S2140394806E63006761705F706572696F6469635FBE
S214039490616476006761705F706572696F646963A3
S2140394A05F73796E63006C326361705F636F635FD3
S2140394B06368616E6E656C006D626564746C735F81
S2140394C0636F6E74657874001C9403002294030023
S2140394D026940300349403003F9403004C94030043
S2140394E0579403006A94030076940300839403005E
S2140394F094940300A6940300B894030062675F6D18
S214039500616C6C6F6300FFFF010606010203120124
S2140395100000000102020102070B131510801A80D7
S214039520128080000001010201020203040301010C
S21403953002040400F4010000FA0000009600000094
S214039540640000004B000000320000001E00000014
S2140395501400000000000000500040000800500007
S214039560240004009001500240009001AE01100058
S2140395700B0701160C00000108080000050108FF90
S214039580FF02FFFF0808020204FF010022FFFF2379
S214039590080F030304040A0A030A2AFFFF1419190F
S2140395A01B011C15120400480C14040F0E0C080CA7
S2140395B0080D181009000000D095030000000000F5
S2140395C000000000A0030906A0870908A088090771
S2140395D0713C010009000000A53C010009010000E0
S2140395E0BD3C010009020000ED3C0100091000002B
S2140395F0093D010009030000253D010009040000A0
S214039600E93E010009060000093F010009140000B5
S214039610C93E010009050000713F0100090D000065
S214039620593D010009070000793D010009120000B9
S214039630D13D010009170000F53D0100091800009F
S2140396409D3D010009080000193E010009190000AC
S2140396503D3E0100091A0000713E0100091B00008F
S214039660893F0100091C0000AD3E0100090C000003
S214039670313F0100090E00004D3F0100091D0000A7
S214039680C53F0100091500000000000000000000AF
S2140396900A000000B8960300000000000000000067
S2140396A0A0010A05A0030A04A0080A03A0880A0862
S2140396B0A0060A01A0030900B14401000A0A00003B
S2140396C0E54401000A0B00008D4101000A06000074
S2140396D0B54101000A0900008D4001000A1600008A
S2140396E0CD4001000A0100000D4101000A050000FB
S2140396F0ED4101000A1700001D4201000A18000090
S214039700694201000A040000414301000A190000EF
S214039710E14201000A1D00006D4301000A1A000021
S214039720114301000A1E0000994301000A1B0000B2
S214039730BD4301000A1200009D4201000A1C0000FE
S214039740214401000A080000414401000A0C0000FD
S214039750694401000A0D0000914401000A0E00004E
S214039760F94301000A150000000000000000000095
S21403977001000200000000000000030000000D00CE
S21403978003000200010005000049725314497207E2
S214039790FF000102030405FF497253144972145370
S2140397A000724907CDF673796E635F6C6973740054
S2140397B0000000FB349B5F80000080001000000068
S2140397C00000000001000100020002000400040083
S2140397D00008000210001000200020008000800017
S2140397E0010002000200080004000400100001004B
S2140397F020000400400002000001080000022000D0
S214039800000410000010400000200001004080000B
S214039810FB430300DB0A0300CD4603005D4503005C
S214039820E69D350E480103CCDBFDF4AC1191F4EF55
S214039830B9A5F9E9A7832C5E2CBE97F2D203B02014
S214039840008BD28915D08E1C742430ED8FC24563ED
S214039850765C15525ABF9A32636DEB2A65499C8033
S214039860DC006C888391AAF5A53860370BDB5A6059
S21403987083BE00000001000100050100050202038B
S21403988000020000000000020501000500000100C0
S21403989001000001000102020300020000000000B4
S2140398A00202010002000000F5AE0100CDA901008E
S2140398B0C75B0300355B0300CB540300A5A7010079
S2140398C0F1A6010049A5010029590300814F0300B1
S2140398D061AB010089A00100D59E01007F580300FB
S2140398E011580300B95703001757030063550300C5
S2140398F0559C0100819A0100399B0100854F0300A6
S21403990025980100BF01FB9D4EF3BC36D874F5398C
S2140399104138684C8BD28915D08E1C742430ED8F59
S214039920C24563765C15525ABF9A32636DEB2A655D
S214039930499C80DCE69D350E480103CCDBFDF4AC88
S2140399401191F4EFB9A5F9E9A7832C5E2CBE97F223
S214039950D203B0203F49F6D4A3C55F3874C9B3E336
S214039960D2103F504AFF607BEB40B7995899B8A690
S214039970CD3C1ABD01020C000000040000000800E4
S2140399800E000000249F03000000000000000000FB
S214039990A0040E0002000000E49C03000000000088
S2140399A00000000004000000049B03000000000009
S2140399B000000000A0090402A001040156000000F4
S2140399C05C9B03000000000000000000580000003D
S2140399D0BC9B03000000000000000000A007580026
S2140399E005000000AC9D030000000000000000001E
S2140399F0A0130500A01B050246000000149D0300EB
S214039A000000000000000000A0880A07A004090365
S214039A10A0050902A00609010D000000BC9C030076
S214039A2000000000000000000F000000D49D0300AB
S214039A30000000000000000000000000000000001E
S214039A4001000000949E03000000000000000000D8
S214039A50A0010107A000010402040800060000009C
S214039A60E49B03000000000000000000A0030601C2
S214039A70A0090609A0020608A0050607A005060613
S214039A80A0070605A0020604A0010610A008060209
S214039A90A00D0600A001FF00000004020503060156
S214039AA007010108090A0000A0015C04A0005C038A
S214039AB0A0015C02A0035C01A0025C00A0020F09E7
S214039AC0A0030F04A0030F03A0050F02A0010F01BC
S214039AD0A0050F00A0040108A0030106010102046B
S214039AE057000000849B03000000000000000000F5
S214039AF042000000749E0300000000000000000007
S214039B00A0044201DDBE010004010000F9BD01000E
S214039B100412000089BD010004030000B5BD010066
S214039B200404000015BE0100040B0000D1BD0100B3
S214039B300405000045BE010004100000C5BE010078
S214039B40041100001DBF0100040A000005BF010048
S214039B5004020000000000000000000075BF0100C2
S214039B6056000000ADBF010056010000D9BF01003A
S214039B7056020000F5BF0100560300000000000077
S214039B8000000000B1DE010057000000CDDE01003A
S214039B9057010000FDDE01005702000039DF010017
S214039BA05703000065DF01005704000089DF01004A
S214039BB057050000000000000000000029C0010057
S214039BC05800000049C001005801000075C001009C
S214039BD05802000099C0010058030000000000006E
S214039BE000000000EDD4010006000000CDD6010001
S214039BF00601000061D8010006100000FDDA01002E
S214039C00061900001DD6010006040000B5D90100A0
S214039C100616000019D5010006060000E9D6010065
S214039C2006080000B5D50100060300005DD5010057
S214039C3006150000E9D501000607000005D7010058
S214039C40060900003DD70100060A000065D701009B
S214039C50060B0000BDD70100060C000011E1010051
S214039C6006120000F5D70100060D000019D8010002
S214039C70060E000079D80100061100002DE1010050
S214039C8006130000A5D801000614000049DA0100F7
S214039C9006170000C9DA0100061A000099DA010067
S214039CA00618000085D6010006050000A9D60100A7
S214039CB0060F0000000000000000000099C9010024
S214039CC00D020000D5C901000D03000059CA0100AA
S214039CD00D04000065C901000D010000000000002E
S214039CE0000000008DBC010002010000A9BC0100B9
S214039CF002020000C5BC010002040000F9BC01001A
S214039D000205000025BD0100020600000000000059
S214039D100000000079C4010046000000B1C4010041
S214039D204601000015C501004602000039C50100C2
S214039D304603000075C501004604000099C50100EE
S214039D4046050000F9C501004606000059C6010095
S214039D50460700007DC6010046080000DDC6010078
S214039D60460900003DC70100460A000061C701001E
S214039D70460B000085C70100460C0000A9C701007A
S214039D80460D0000CDC70100460E00001DC80100A9
S214039D90460F00004DC8010046100000F1C7010041
S214039DA0461100000000000000000000E5C00100AE
S214039DB00506000009C10100050700004DC10100AA
S214039DC00503000079C1010005050000000000003E
S214039DD00000000039CB01000F01000021CB010079
S214039DE00F14000081CC01000F0F000049CC0100C6
S214039DF00F02000099CA01000F00000071CB01009A
S214039E000F10000081CA01000F04000055CB0100AB
S214039E100F08000089CB01000F09000065CC010084
S214039E200F0E0000B1CA01000F060000E1CA0100D0
S214039E300F0700009DCC01000F150000D1CC0100D8
S214039E400F16000025CD01000F17000099CD010065
S214039E500F1D0000A5CB01000F190000F1CB010078
S214039E600F1A0000C9CB01000F1B00000000000002
S214039E70000000000DE001004203000079E001004D
S214039E8042040000F9E00100420100000000000067
S214039E9000000000D9D001000100000005CF01003A
S214039EA0011C00001DCF0100011D000035CF01007D
S214039EB0011E0000EDD00100011B00005F630300DC
S214039EC0011F00000DD00100010C000061D101004C
S214039ED0010E000039D001000117000085D00100F3
S214039EE00118000089CF0100011300004DCF0100C7
S214039EF001150000B1CF0100010B000015DC0100C5
S214039F000112000069DC01000114000089D1010080
S214039F10010F0000EDD10100011A0000000000004F
S214039F200000000041BB01000E0300003DBA010023
S214039F300E040000B1BB01000E01000019BC0100B5
S214039F400E0200000000000000000000A012010046
S214039F50F5E701003DE80100E9E7010049E80100F3
S214039F6031E80100D9680300176903003969030063
S214039F705B6903007D690300BDF901006DF901000B
S214039F8079F9010069FA0100736C0300996503000F
S214039F909D650300A1650300A5650300A96503008D
S214039FA000000000B0010000700B0020000210004B
S214039FB0C0280020200D00205241494C000000001C
S214039FC020000000D9F301001000000051F3010047
S214039FD00DF60100F1F501003930020035330200B9
S214039FE06532020020C001B8000000010000010134
S214039FF0000101011F150F15150F151FFFFFFFFFAA
S21403A000FFFFFFFFFFFFFFFFFFFFFFFFFFFFFFFF58
S21403A010FFFFFFFFFFFFFFFFFFFFFFFF00A801A8F3
S21403A02002A8000000B801B802B800B010D00300C0
S21403A03028D0030040D0030058D0030070D003009C
S21403A04003040408080500000000000000000000E8
S21403A050000000000000000064340000E00300007D
S21403A0604438000014000000343E000008000000DE
S21403A0706C2F0000F80400005838000004000000AD
S21403A080303E000003000000000000006C2F0000BC
S21403A0905C380000010000003C3E00003900000070
S21403A0A001000000303E00002D2A0000452A000073
S21403A0B0452A0000452A0000452A0000452A0000DC
S21403A0C00000000000000000000000000000000088
S21403A0D0452A0000452A0000452A0000812E00007C
S21403A0E0452A000091230000A12300002D24000030
S21403A0F0832400000D250000852600002D25000082
S21403A1002D27000079250000C925000045260000FC
S21403A110992800006929000063230000CF2B000064
S21403A12085200000ED2B0000612C0000452A00006E
S21403A130412D0000092D0000452A0000452A000095
S21403A1408D2D0000452A0000452A0000452A000000
S21403A1509110000087100000A1100000AB10000053
S21403A160B51000008C488068000200D4704780B5A4
S21403A17080208002A8490860CF2000F045FA01BD80
S21403A180F8B586480068864C802292032260854E86
S21403A190316809051DD5110BA023034001D02160AA
S21403A1A017E002403FD180277F4A17607F4A176037
S21403A1B0084038D0784D287A400705D501207C49D9
S21403A1C0086000027B4908602878002801D006282A
S21403A1D001DB0020F2BD00F051FB716889684E6810
S21403A1E02978052907D1B905A1606E60B668CC2128
S21403A1F08901704A116000F04AFB012E00DA02263C
S21403A200BC20800585490860942080058449086041
S21403A21065480021C94301647142416481490F6066
S21403A22040210160D5E7AE480160FFF79BFF0120A0
S21403A230F2BD5A480168890504D5C06E0004000FB4
S21403A240022801D0002070470120704738B58024CB
S21403A2505548046000F012FB05007348006800F0E0
S21403A2605FF9280000F013FBFFF77CFF4A48007AEB
S21403A270000705D5A0004A49086000F004FC31BD7C
S21403A280600397490860AD48046031BDFEB505001C
S21403A290CC20800193494860012693480660FFF767
S21403A2A0C8FF002877D03C4C2078002873D03102B2
S21403A2B00195052802D02A460A406CD1CC27BF0157
S21403A2C0884A17609E4A126853075B0F022805D117
S21403A2D0022B5ED3080137490860F7BD4D010328FA
S21403A2E004D1022B55D933480560F7BD042802D1A3
S21403A2F011404ED0F7BD05284BD10198002848D011
S21403A300C005C10F684641700198C004C10F684676
S21403A310017000F0B3FA0290606869464978002934
S21403A32003D006688021214A11602C04A7496A4697
S21403A3301278002A0CD0C2680B68D21AA44B1B688A
S21403A340234001D0066800E04668964200DD16000A
S21403A350684640786A461278024308D00868424244
S21403A360B01E824202DA7042886000E0002602983D
S21403A37000F08DFA0198800501D59648046001988F
S21403A380054001D094480460002E02D009480760B7
S21403A390F7BDFFF75BFFF7BD3C3E0000400002A899
S21403A3A0402002A8C43E00000CC001A890E001A80B
S21403A3B094D000A8505201A838B58024874804607A
S21403A3C0012049490860864D2878052802D0600098
S21403A3D084490860FFF72DFF002812D01248006852
S21403A3E0000A80214140A868000EC9B2814208D203
S21403A3F0534800684007400F022802D2FFF726FFA3
S21403A40031BD79480168C0220A4002D1C06F20409E
S21403A41001D00448046031BD1C1002A808E001A85E
S21403A42008D001A894D001A818C000A8F1B582B03E
S21403A4300F008026B600A020384002D06B48066086
S21403A4404CE000F01BFA009069480468F80202D555
S21403A450A0680069029000F065FBB102606800F036
S21403A46069F9217820000022491C43788B4200D2E8
S21403A470002118234B43C5180C352B78082BF3DA29
S21403A4800C00017085605648297801703E4007D05D
S21403A490574909688968CA68F90201D403218A43BF
S21403A4A0826001261046304003D100F0FCFB00F02A
S21403A4B0D1FFF104686900F03DF93C2000F0A4F8F0
S21403A4C0E0B200F0A1F8009800F0E1F93005474942
S21403A4D00860484806603002024908600298FEBDDC
S21403A4E0401002A84C6201A894E000A810B54248A8
S21403A4F00068800501D4FE2010BDC02080033F49BC
S21403A500086000F0BBF93A4909688A78D20702D591
S21403A51089688C7800E00C7800F0B9F9200010BD4B
S21403A520334909688A688B78DB0704D59278182341
S21403A5305A438A180C32906070470000100002A835
S21403A540084001A8F1B582B02D4F3C680026200FC5
S21403A550000702D1E00102902AE000F07BFF00F042
S21403A5608DF9019080210903606800F0E3F82578EF
S21403A5706D1C6078A84200D20025E80020180C3035
S21403A580009000680290802109030098406800F05C
S21403A590D1F83D2000F038F8E8B200F035F8257021
S21403A5A00098A060019800F072F902A800F0B6FFC8
S21403A5B014480068800407D5786901F06CFC02999A
S21403A5C00818029000D502960298FEBD48C001A85E
S21403A5D0480002A8481002A8482002A894E001A850
S21403A5E03C3E0000506201A814C001A8402002A807
S21403A5F0C83E000090E000A8400002A8401002A851
S21403A600CC3E0000FC0302A841490968002901D595
S21403A610404908607047F3B581B03F4FB9683F4C77
S21403A6204A004CD50125090100D5212501003C4AE5
S21403A6301068566822689206920E94463A6893000B
S21403A6408022134062461343802252001A4300922C
S21403A6500A0023D0890601D5012008E0F021014035
S21403A66007D16946097A0C220A4002D0022000F07C
S21403A6703FF82C49096809040AD53968090701D542
S21403A680022605E03968490301D5002600E00326C3
S21403A6904835009A24490968890003E0009A22494C
S21403A6A0C96909094023194011439A00002E02D0B4
S21403A6B01643266608352166024322662566E06D44
S21403A6C04407640F00F0C4F8A0070BD0052C09D08C
S21403A6D0B868000406D400F0D1F80221134A1160CA
S21403A6E000F0D5F800F0BDF8002000F001F8F7BD43
S21403A6F00B490A68F0239A43000110430860C0B26E
S21403A70070478020C0020A490860704700000000B6
S21403A7104C0002A8884000A8440002A8284000A8CD
S21403A720643F0000384101A8084001A87CD40350C8
S21403A730485000A880B5664A116001F0D7FBFFF7C2
S21403A740E0FF01BDFEB500F099F8019010206149C5
S21403A7500860002260480260022060490860604882
S21403A760C0684005C30DD52B01D2D52304E0D12004
S21403A7704000834200D9030018000100594C00949E
S21403A780843C246864011DD5574C2478022C03D2DC
S21403A790564E06277C4333530024009D2D7CE5400C
S21403A7A0ED070CD5524D06266643AD19AD888FB21C
S21403A7B0BD4200D2290086B2AE4200D22800641CF5
S21403A7C0022CEAD389B2463109044A4C0C40463877
S21403A7D0C005C00D204342490860C0200006464914
S21403A7E008604048017D00290CD04449D52B02D986
S21403A7F08024E4050C60D1246400A34202D28024A2
S21403A80024060C6010213E4C21603E490A604188B4
S21403A810002900D10380019800F039F8F7BD80B510
S21403A82039483A4908603A48C1680902090A1922B0
S21403A8305143416005210160FFF784FF01BD3448A1
S21403A8400068C00300D4704780B5FFF77BFF01BDE7
S21403A8508020C0021E4908602E4800684007FBD4CB
S21403A86070478020C0022C490860704701E02B49DE
S21403A87008602B4909680140F9D1704729480068E8
S21403A8802021294A11601021284A1160704730217F
S21403A890014002D11020244908607047214800680F
S21403A8A030210140102901D1012070470020704754
S21403A8B01F4800780621014007D01E48006802287A
S21403A8C003D0032801D00120704700207047000002
S21403A8D0401002A8F41302A8048002A8409002A81D
S21403A8E07C400050703F00005C3E0000643E000069
S21403A8F0603E00000000FF01A0600050A45000501E
S21403A900F42302A818E000E07F1A0601500002A80C
S21403A91010E000E0400002A8402002A8282002A879
S21403A920280002A85C0002A85C2002A85C1002A80B
S21403A930B83E0000683F0000FEB555488021490236
S21403A94081610221534A51600021534A1160534AE0
S21403A950118003214F4A11600221016020205049D3
S21403A960086080204F490860CC2080014E4908606B
S21403A97001204E4908604848806F01900F26000B5F
S21403A980304000904A480068C505ED0D103DC020D4
S21403A9902843C0B2FFF738FE3F48006980030BD553
S21403A9A00098092808D0FFF783FF002802D0414803
S21403A9B00068804701F0F0F83F480468032D43D051
S21403A9C0019806400196032E04D0022E07D1009864
S21403A9D0032839D000F000FA0198032804D0009821
S21403A9E0062831D1062D2FD0344800680127C00B26
S21403A9F0384001D001F098FB31480068000108D5C3
S21403AA00052D06D101252F4807606805FFF72EFFA1
S21403AA1000E000252100009800F0E0F904002A4E2B
S21403AA20002D05D000F0A0FB376002202749086000
S21403AA3078057065800926490860FFF739FF002806
S21403AA4002D0244800688047124880214902C16129
S21403AA500099002908D10221416000200E490861AF
S21403AA60C020C0001C4908602000FEBD80B5FFF76B
S21403AA70EFFE1A480078800602D4022018490860C0
S21403AA80FFF7EFFE01BD022016490860704700007D
S21403AA902C1002A8282002A8340002A8703E00004A
S21403AAA094E001A80CC001A8506201A894E000A895
S21403AAB004ED00E054380000B44000A800E200E0D3
S21403AAC0EC3E0000645000A8646000A82C4000A878
S21403AAD080E200E0503800002C6001A8C43E00006D
S21403AAE0081002A8082002A87B480068800700D444
S21403AAF0704730B581480421904A0123E024E400DE
S21403AB008568254002D01360D160D3600068044096
S21403AB1002D013605160536030BD894801218160C3
S21403AB200160704710B5012075498A680240FCD160
S21403AB30844A0423D3600C680440FCD1536010603D
S21403AB4010BD814908680122104200D1704710B534
S21403AB50E023DB000340FF24A41CA34204D37B4B67
S21403AB601B689B0600D54868024001D000F0B6F883
S21403AB7010BDFEB50700C820754908600620754954
S21403AB800860802040037449086074480168744A6A
S21403AB900A408021090111430160724CC020C000A5
S21403ABA020600225A56168036F4908606F4E7048F0
S21403ABB0F0664C206F49C86638686F4989688142D9
S21403ABC001D2009100E000900099401A38600121FC
S21403ABD0380000F06CFB0190386800994018386024
S21403ABE0FFF782FF634800686349086063480168AB
S21403ABF0490601D5624900E0624931670199002997
S21403AC0008D10321E16100683068054002D0802046
S21403AC10800220610198FEBDF1B55B4C8020C00127
S21403AC2020605A4D0126AE62594F3E601D202860B3
S21403AC3056206866072001F021FB022028600621C3
S21403AC40296654490968002902D4082129666966D9
S21403AC5051492965C021C900504A1268F823DB010F
S21403AC60134001D1A96700E07961E16B314008D058
S21403AC70216BC90705D44A490968084001D101F088
S21403AC8005FB484848490860206B064001D1FFF79A
S21403AC902BFF009801F0E0FA206B8001FCD4206AB9
S21403ACA042490860F1BD30B53748414B0121026B7C
S21403ACB00A4001D15961D9603E4A3F4C54663F4C25
S21403ACC0146503241C600023CE4D2B601460916230
S21403ACD0C903016030BD00004C0002A8F021090141
S21403ACE0374A116001403748016020203649086022
S21403ACF0364909680840C949086070476C0102A8CC
S21403AD00700102A880B532480821324A13680B4006
S21403AD1001D0016141611178C90602D58621090176
S21403AD200160FFF70EFF1420B7490860BC480168AE
S21403AD30490701D0FF21416101BD0000681102A847
S21403AD406C2102A8682102A8743F0000400002A8F4
S21403AD50548001A80C9001A8942002A8680102A8B8
S21403AD60FFF1FFFF441102A8A01002A8E40002A806
S21403AD70294E0600300002A8A03F0000FC0302A8EC
S21403AD80CC3F0000C43F0000100002A8E01002A859
S21403AD90442102A828C000A80C3E0000A88001A8F1
S21403ADA0443E0000FFFF7F7FB46000A89C3F000086
S21403ADB0602102A8E02002A85E0600000C1E000028
S21403ADC02C6001A82C5001A8442002A8084001A822
S21403ADD0301102A8F84F000070470000F8B586B09F
S21403ADE005000C008F48866AFFF748FD0590B005FE
S21403ADF003D58D480068FFF793FB002001900122DE
S21403AE007306DB0F89498F688860B8204000884E38
S21403AE1030606608B82030400978F0260E40402E91
S21403AE2002D10100402008430D2D02D1390004272A
S21403AE300F43790704D501001420084310218C43DF
S21403AE407C4909686D462A70049305007A4EC80546
S21403AE5006D580204000794908602800012505436F
S21403AE600498002811D10C20284008280DD028006B
S21403AE706C49496BCA0601D410229043890601D453
S21403AE8020218843B121014068D068460078002815
S21403AE9066D0B26BB06D012101235207520F921D8B
S21403AEA09340C004C00C181A80B2082809D2802523
S21403AEB006205C4A10600804A14A106000206A4617
S21403AEC01070812028404ED00820049A002A00D112
S21403AED030623A0008271743102084430420039067
S21403AEE00005A54A106040089E4A1060A34801600A
S21403AEF068460078002833D0039806283AD3A0483B
S21403AF00806BC00636D59F480068000E01909C48AB
S21403AF10006880B202909B48006A000604D002983C
S21403AF208021490101430291FFF7C2FC00280AD0A1
S21403AF30FB2080010078C00605D002988021C90155
S21403AF40014389B20291029830610298001230617F
S21403AF5038480168C80500D579E70BE00820306259
S21403AF600094049733E000BF9AA06906C90E405CBC
S21403AF700390BDE70094049703982A49CB6A814A55
S21403AF80126834686F463C8128241C400443980C9E
S21403AF90C00120431C001B0E234010242340034300
S21403AFA0900040221040184302AA9070086B000AD3
S21403AFB002A9C870FFF79AFA02A9087101984871A6
S21403AFC071480068C8800298F0660398F066059892
S21403AFD0FFF75DFC08240098400601D566488460A8
S21403AFE0FFF766FC002805D068480078002801D0E3
S21403AFF0674804600498C1B2E8B2FFF70CFB0098F8
S21403B00007B0F0BD400102A86C3F0000081A03D247
S21403B010604909684018401C70470000441002A8A5
S21403B0200C4000A8180002A81CC000A8643F00003B
S21403B030B46000A81C0100AA540000AA1C2100AAA0
S21403B040F8B5554F0F240125544910265448406B34
S21403B05030401BD001200870524800687969FFF71A
S21403B060D5FF51490968401801285DDB01F0BAF99C
S21403B0704E490968090B0C40022C53D169054C4A0A
S21403B08011604C49CE6346490D604BE02E0244489E
S21403B090C06BC0001ED548480068E0218905014002
S21403B0A042D0424D286821030140700181423BD1C2
S21403B0B0FFF7E4FB414A42490968314002D041495F
S21403B0C0096811602968090B21400229F3D0FFF7AC
S21403B0D0DEFBF1BD3C480068002825D00D7001F06A
S21403B0E0BBF8002820D101F07DF930490968090B27
S21403B0F02140022916D12F4A116069023960284976
S21403B1000E602A4A1168090B21400229FAD01168F9
S21403B110090B0C40032C02D02904254A1160002198
S21403B120294A116001F062F9F1BD802080042749A5
S21403B1300860704780204004244908607047000078
S21403B140141100AA8020C00420490860704780209C
S21403B15000051E4908607047802040051B490860AB
S21403B16070470000205001A819480168490701D01C
S21403B170FF21416170470000401002A8006101A84A
S21403B1801C4000A8084001A8448001A85C380000C1
S21403B190845000A838C001A80CC001A8733E000064
S21403B1A0100002A81CC101A8DC3E0000AC0002A8E7
S21403B1B01C1002A8082002A8204001A8800000AAAC
S21403B1C0084000A8904000A8483E0000382002A887
S21403B1D00C4000A80301070603010706050106063F
S21403B1E0050106060302070603020706050206060E
S21403B1F005020606FF2808D0032806D2FE21890189
S21403B2000978C140C807C00F704700207047000088
S21403B210F0B5802000020821A44A11600A23012108
S21403B220A34A01249C400443B6A5ED5C25439560E0
S21403B230F025A04E35609D4DB5A6F65C0227374334
S21403B2402F6004262E609C4D2D680D4006D1CD023E
S21403B2506D1E03D0966C3603FAD401E00220F0BDCF
S21403B260956CD66C6D036D0BAE4200D220005B1E50
S21403B270D7D508238F4C23609060904B1B685B01E7
S21403B28013D58F4C63785D1C01262E4066701D0017
S21403B2900626754365191268AA80E8802370FE2087
S21403B2A0800102789940114301700020F0BDF1B58A
S21403B2B082B0FFF732FC002480480068400102D4C5
S21403B2C0012001901DE07F48826B00207C49C3B2B9
S21403B2D006256B43CB189B8895B2AB4204D0401C23
S21403B2E0C3B2022BF3D3FF200870012001907348EA
S21403B2F00068400105D50878FFF77CFF002800D0DA
S21403B30001947148006871498861714D029800681C
S21403B310296D4618002E15DD00F071FD2860C0016A
S21403B320301A00280EDDFFF7FDFB00F093F80298B5
S21403B3300068296D401800F08FFF050002D00298C0
S21403B340046085E0634E8020800030605F4A1068AA
S21403B35007282ED005210840052805D011600C20AB
S21403B36000F08CFF050073D15B4D5C482862FFF745
S21403B370D9FB02202860E020C00259490860000279
S21403B38058494860802080047060022030600120A5
S21403B39000F074FF802040002862022000F06EFF59
S21403B3A0902040012862022000F068FF8020C00041
S21403B3B028624D4EE02040003060042000F05EFF1F
S21403B3C005003CD10220474908608002B062C001F4
S21403B3D0B06210203B4908600127F76540264348C2
S21403B3E0006830401BD135480068400113D5344807
S21403B3F000786946087068460078FFF7FBFE002869
S21403B40009D02F4869460978062251434018C08858
S21403B4102C49086403E0FFF7FBFE05000FD129481B
S21403B4200760C467022000F029FF314C2660B00095
S21403B4302060022000F022FF8120C002A062019853
S21403B440002805D029480068800101D4FFF7F7F9E2
S21403B4502800FEBD70B5FFF760FBFFF763FB02260F
S21403B46018480660234DF0022862C4082C620120A7
S21403B47000F004FF600828622E601F482862E02060
S21403B48040001B490860174D2E60FFF7E1F91B4E7D
S21403B4903078002800D005200C490860FFF7E1F952
S21403B4A02C6017480068B06370BD0000889001A840
S21403B4B0448001A888A001A8140002A8EC3E00005E
S21403B4C05C3E00000C8001A8F80302A83C0102A819
S21403B4D08C3F0000941002A83C1102A8BD0800008F
S21403B4E0142102A8942002A82C9001A84C0002A8BC
S21403B4F02CA001A83C2102A8FD6800005C3F0000C8
S21403B500300002A8000000010102040810202000F9
S21403B510505050404040403020202000F8B50400F2
S21403B520FFF700FB2948C021C900294A1268F823FF
S21403B530DB01134002D1274A116000E0016000944A
S21403B5402549AC2252008A640A220A6023498022D3
S21403B55052030A60224C626A224B13408022D200B6
S21403B5601A43626280222260022242605003C8604D
S21403B5701D48E0601D4E4C20F0661D4D68699621FF
S21403B580C901471800980068874200D30700C01B0C
S21403B5900099086000210098FFF789FE0099096862
S21403B5A0C919009A11603168296012490968490669
S21403B5B001D5114900E011492161F2BD8020000147
S21403B5C00F49086000010F4908607047582102A818
S21403B5D0AC8001A8581102A80C8001A8941002A8F8
S21403B5E0440102A8FFF1FFFF286E0600300002A800
S21403B5F0903F0000FC0302A8CC3F0000C43F0000BD
S21403B600401002A8685000A8F1B584B0B44800689A
S21403B6100390B448406B9621C901401804998842A8
S21403B62005D2081A00F018FE002800D013E2AE4C2C
S21403B6306068C00700D50EE20420AC498862800328
S21403B640AB494862AB480568606B8607B60F032EA6
S21403B65003D01020A549886224E008468021890289
S21403B6604162A16B890601D5012062E0290610D547
S21403B670A26B02210A400CD19F4A05231360A36BD9
S21403B68010273B401943116000211160616B090AC2
S21403B690116004218162A06B002803D5C803934977
S21403B6A048620026606B400705D5606BC0008021AA
S21403B6B04900084003E08B488068C10701D5FFF7BF
S21403B6C00DFB0122154008D0B748B1014018006AA7
S21403B6D0C004C00C401EB549086000200021B44BCE
S21403B6E0DB6E1B0417D5B34B1B68002B13D4012149
S21403B6F0AE4B5B69002B0ED0AF4B1A70AF4A10608F
S21403B7001022AF4B1A60CA06AE4B9A670723AD4D9D
S21403B7102B60AB4B5A65AC4AC0239B0013603502C3
S21403B720002901D0190000E02900CC4E3160536097
S21403B7307560E16B942292050A40150000D001253E
S21403B74080263602284300062CD06A482821405C0F
S21403B750C0210140402902D1FFF788F901E0FFF735
S21403B76092F9202020602D0600D174E1944D606B81
S21403B770400708D570085E4948620220686000F0FA
S21403B78059FA002806D004205849886240025849CE
S21403B79048626E6057480078000600D45BE13001CB
S21403B7A05249FEE00125606828405AD1AC4800683B
S21403B7B0C005400F022803D0032801D0062802D173
S21403B7C069464D7005E0002069464870A548A649BD
S21403B7D04860680446498862FFF73AF87348406E43
S21403B7E0E16B0E4008D1C00606D5FFF747F80221E5
S21403B7F09E4A1160FFF74BF8FFF733F828032060E3
S21403B8009B4EC02000067060280497490860606B52
S21403B8104007C10F684601703020039949072CD5AD
S21403B8204021A24A1162904F49013966032191646F
S21403B8300021116030607D6580207060062000F076
S21403B8401DFD00280DD12802F866022000F016FD23
S21403B85028029749886618207060082000F00EFDBD
S21403B860002800D0F7E024207060E020C002904952
S21403B870C865A020C00238666FE0E16BC90246D5F2
S21403B880BE4949680902090E01914909022901DBEB
S21403B890884A01E0B32292000199302937D311492F
S21403B8A00B88E72B33D395277F00BB4205D8FB1ABB
S21403B8B01B095A43920A534204E07F4FDB191B09C4
S21403B8C05A43930A5BB2019AD2184F6BBC460F6C6D
S21403B8D07B436746FB184B639F2A0FD39F2210E0D8
S21403B8E0FC0302A8703F0000100002A81C2002A858
S21403B8F01C1002A8C43E0000E40000AA202A00D8B8
S21403B90021221102114312040A4329490A60674996
S21403B910AA020A629A4A8A6414220A603060524F64
S21403B9207D65E020C0026249C865A803B866400288
S21403B9307060062000F0A2FC002833D12D06FD66B9
S21403B940022000F09BFC5A48856668097060082050
S21403B95000F094FC002825D17560032000F08EFCCF
S21403B96088481849886700F04AFA874D401DC00189
S21403B970696B401801908548406F8021C9010840D3
S21403B98002900846824908600198049988421FD2AB
S21403B9900846696B401A00F05FFC002816D0029830
S21403B9A07C49086057E000BF0C0000AA204000A8AE
S21403B9B0CC4001A8784201A8723E00006C3E00000D
S21403B9C0645000A83C6000A8046100A80498019095
S21403B9D0206A286304270398384001D0402002E0F9
S21403B9E0F8057060C0087060012000F047FCB801DD
S21403B9F01D490860019800F02FFC8A4E68460078BF
S21403BA00002805D161480068F0613805864908605A
S21403BA100298604908608548854908602448790289
S21403BA20416669464978002900D10760206AA86202
S21403BA3068460078002808D0012000F01FFC307804
S21403BA40000602D5780492490860E06BC00202D56E
S21403BA504A480068686305B0F0BD00BF045100A8FB
S21403BA60204001A8040000FFB41002A87CE40350A1
S21403BA70441102A810B5FEF701FF864900240C60A6
S21403BA800A22CA61FEF703FF8348C02189020160C8
S21403BA9082494160824810210160C9054165402002
S21403BAA0804908608048047010BD0000400102A869
S21403BAB0B82002A833070000D6FEFFFF7B48406B82
S21403BAC0800300D47047F8B579480468002700203F
S21403BAD000257849E20706D5C02080028025ED03BD
S21403BAE0EA0A0A6003E0A20701D40320402528439C
S21403BAF0C862012000F0C2FB802040006E49086740
S21403BB0008206E4908606E490968090203D46D4926
S21403BB1009680140FBD0012000F0B0FB6A4EE00745
S21403BB2002D58020800430643564042000F0A6FB30
S21403BB30600702D5E020C002F0606448306401204C
S21403BB4000F09CFB62483064C320000630645A4809
S21403BB508021490201671021B163890271615D4941
S21403BB600F60012232603022F2638F6280218901E6
S21403BB704E4A116009010160F1BD0000F83F000064
S21403BB80F3070000FFFF7F7F703F000020C001A87F
S21403BB9094E001A894D001A8F8B54F4800680D2793
S21403BBA007400424002F00D104274C4810256603C1
S21403BBB008214B4A4B4B1B682340126814D0426043
S21403BBC0394004D00220FEF793FD474806603C4008
S21403BBD007D046480068054344480560B008424914
S21403BBE008600220424915E00260394005D0022071
S21403BBF0FEF77EFDA0023C4908603C4006D03B4869
S21403BC0001680D43056070093749086038480660C7
S21403BC10300329490860FFF751FF00210020FEF793
S21403BC20FAFCF1BDC43E00001C1002A8030003008A
S21403BC30482102A810B580202E490A6802400AD07F
S21403BC402D4B1A680624144005D15C6E2B4A2240FD
S21403BC501B6D9C0101D5002010BD096808400DD05E
S21403BC602748824203D1180501D5012010BD254877
S21403BC700068C107C90F481E8041C00F10BD224887
S21403BC800321C163A821816310210160704700006E
S21403BC901C2002A8D80000AA402002A804000080A6
S21403BCA0646000A82C4000A8723E0000100002A8A2
S21403BCB0FC0302A81C1102A8442002A84C6201A897
S21403BCC0C44001A84C4201A8082102A82400000190
S21403BCD098008800600102A8B44000A8E43E000073
S21403BCE01CC101A8440002A8401002A8643F00003B
S21403BCF0685000A8400002A814C001A81F1F000037
S21403BD00010C000030C101A8082002A86C48006896
S21403BD100121084209D16B4A12686B4B000C18408C
S21403BD20F03291400B40984201D002207047002029
S21403BD307047F8B507000F386A461080604CA06855
S21403BD400A0004D16B461B8882B29A423AD200227A
S21403BD506B461A80012502263A0013D02268324029
S21403BD6007D000292ED059480088401C5749088020
S21403BD7000203900E16056490E6080B2B84201D314
S21403BD8069460D805348456000E030BF2068304068
S21403BD9003D1FFF7BBFF0028F7D04D4845603900B5
S21403BDA010D02168314005D048490A886B461B8865
S21403BDB0D2180A8006600020E060A068B84201D26C
S21403BDC044480660FFF7A2FFF2BD38B5050000F051
S21403BDD009FB0400012199204543A8093E4A12683D
S21403BDE08018123880B2FFF7A4FF05008020C00138
S21403BDF03A490860200000F0F9FA280032BD3348BB
S21403BE0003883549096802889342F9D11004081853
S21403BE107047FEB51238070C6946088000F0E2FA50
S21403BE200190274C294D2888B8421ADA01202C495C
S21403BE300860274E30BF02202168014006D03060DC
S21403BE404003264908602888401C2880FFF75EFFC9
S21403BE50002802D12988B942ECDB01217160002851
S21403BE600DD12888B8420AD1A06869460988884255
S21403BE7005D2002168460088FFF75BFF01E0FFF765
S21403BE8045FF04008020C00114490860019800F0B3
S21403BE90ADFA2000FEBD10B512490A680E4B1B68AA
S21403BEA00C689442FAD0DB014033141A02D2886934
S21403BEB02418641C0C4800684443181B10BD00007B
S21403BEC0280002A804ED00E0FF3F0000703E0000DB
S21403BED0282002A8281002A8300002A880E200E06A
S21403BEE02C1002A820C001A8B43F0000F0B502E061
S21403BEF00A601C602E607EC84F1C07D05F1C04D0EF
S21403BF006F1CF5D10A601C60F0BD0A60F0BD00002E
S21403BF1080B5FEF7EDFB01207F49086001BD80B5C3
S21403BF20EB2000F001F801BD30B57C490B681840E2
S21403BF301022134210D07A4B7A4C2468224008D041
S21403BF40A84A14682402FF252D022540DD6200243A
S21403BF501460802252031A60086030BDF3B50100F6
S21403BF6016001C00002500959F48019A3300002701
S21403BF700BE0BC464F5D4743AE009E597E40575D7F
S21403BF8047433740664637436D1CA542F1D339090C
S21403BF9039438A080A43510811430840C10901433B
S21403BFA00F208A0B0A4302405040F6BDF1B582B01B
S21403BFB00E0000208B4908608C4DEF7AA87A01901A
S21403BFC00F21394000910ED00B46894A89490298C1
S21403BFD0FFF7C4FF01990140824801608648414348
S21403BFE08648084001D1012400E04401380915D0F1
S21403BFF032003B0929000298009E6D7A7519401994
S21403C000FFF7ACFF019909110140764802680B015E
S21403C01013430360002901D048004443784800686E
S21403C020204001D10420FEBD0020FEBD80B50A00DD
S21403C03000211180734952888018FFF7B7FF02BDAD
S21403C04070B50F22704B5C7905780F202040C540F1
S21403C0502009284001259C79C4402C4001D10320A7
S21403C06070BD304C2468254005D09D684600AD5B06
S21403C0706D1E664E3560DD78DE79C640F00711D555
S21403C080E0060FD5002D0DD061484860088848802B
S21403C09008881C7800192A4080185A7880182A09BC
S21403C0A0801800E000200880002070BD80B5594845
S21403C0B00168594A0820014201D050611061C9063F
S21403C0C002D58621090111605449554A12681204A3
S21403C0D00CD5544A1268530401D5C00305E0C023A7
S21403C0E09B0113404202934200D008600D4800783B
S21403C0F0C022024002D18020400508604A480068FA
S21403C10020221040086049480068C00101D4FFF7A8
S21403C11006FF01BD000000002C4000A86C3F000095
S21403C1201C1002A8C43E0000F8B5414F38687E686C
S21403C130064040483040404908608024A4033F4DF1
S21403C140F00227D53E48016801200A0605D53D4979
S21403C1500968A9602870022014E0014202D03A4917
S21403C160A9600FE00020C9060CD52949A960374A03
S21403C17091780B071B0F12789A1809095118A98092
S21403C180E880A888A880A888002801D0264301E074
S21403C190FFF7C5FE264023D0274E74603460A88878
S21403C1A000280BD0F969814208D3291D2848AA68BC
S21403C1B090470100F3D0FFF7ABFEF1BD01000CD0B2
S21403C1C0FC218902B161234902038A6134604C6011
S21403C1D0FA69824204D30C60F1BDEB20FFF7A4FE9C
S21403C1E0F1BD00004C3E0000010101013C3F000090
S21403C1F0F43E0000343F00001111000021840000CB
S21403C200F03E0000143F0000443F0000204000A81A
S21403C210891F0000F84F0000302102A8441002A82E
S21403C220384101A8204201A8084001A8CC4000A834
S21403C230B44000A8FFFFDFFFB46000A8503E000034
S21403C240C43E0000583800009D1F0000453F000014
S21403C250D44000A8B45000A810B5C409FFF7CFFD1A
S21403C260201A312806DAC000183801D4C01EFDD5BE
S21403C270002010BD2000FFF7CCFD10BDC3214843AE
S21403C2806F3801D41E38FDD500207047FEB5C02098
S21403C290C0043649086036483649C865102436480F
S21403C2A004601020FFF7EAFF00285ED1FF20000598
S21403C2B03249086032483349086033482D490860DC
S21403C2C025042E480560314807680820FFF7D6FF87
S21403C2D000284AD108262E4806600120FFF7CEFF25
S21403C2E02A48806802902B4806602B48214908603C
S21403C2F0224805600820FFF7C1FF002835D12448EF
S21403C30006600120FFF7BAFF204DA8680190214878
S21403C3100660184E214830600299019800F046F8EE
S21403C3200104FC208003084000900298C10B01988A
S21403C330C00B00F03BF80006FC218905014000987D
S21403C340014317480A0C4240FF239B1CD218104097
S21403C350084330602F60E0030849086028682860B7
S21403C36010480460104981640020FEBD20E000A848
S21403C370F71700002C0102A8401102A8B02002A85B
S21403C3800000380EB01002A810103030E04001A8AC
S21403C390E05001A8E06001A83030101020202020D3
S21403C3A03F3F0000402102A8F7FFF00010B5490404
S21403C3B0CA104004C310991A00209A18D30F9A186B
S21403C3C0521052188B115B0E5B18DB11D218202308
S21403C3D0541A01D422001843CC0F611849105B0885
S21403C3E0F6D110BDEFF3108072B67047002800D167
S21403C3F062B6704780B5FEF75BFA002802D0B748EE
S21403C4000068804701BD80B5FEF796FAC04800680D
S21403C41000030AD4FEF7E0FCFFF750FBFEF743FCED
S21403C4200120FFF727FBFFF715F880208005FEF7AE
S21403C4301DFA01BD80B5FEF77FFA80204002FEF7A5
S21403C44015FA01BDF8B5FEF703FA0520834908601F
S21403C450FEF707FA824806680124264201D1FEF752
S21403C4605CFBFEF769FA7F48016800917E4A4068E4
S21403C4701060B105C80F002126420FD00091984BDB
S21403C4805D6815601D68974A17687B1BBD4202D31B
S21403C4909769DB195B1C9F4FBB42F5D39E4D296002
S21403C4A0002804D031000098FDF7C0FF00902868EC
S21403C4B0204004D16846FEF75CFB002802D10098B2
S21403C4C0FEF7AAFBB44804606004FEF7CFF9F1BD9B
S21403C4D038B5924CE06BC00506D580200006206078
S21403C4E000BF00BF40082060FEF70CFC8C480068C5
S21403C4F0C021090181438B480160FEF71DFAFDF751
S21403C5003FFE0500A548A6490860FFF773FF802095
S21403C510C002FEF7ABF9002D01D080202060012079
S21403C520A049087031BDF8B59F4800689F4909685F
S21403C53001409F480160FEF7FFF9FB27BF012C204F
S21403C540385C0521014002D0FEF790FA01E0FEF7C1
S21403C5509AFA724C0225F86A284001D0012020601E
S21403C5601020C043934908600026A66392480660DD
S21403C570FEF79EF9002803D090480068804700E045
S21403C5803E60FEF765F98E480068E16B090407D440
S21403C590000705D5FEF772F98A490D60FEF777F9AD
S21403C5A0FEF75FF9FFF782FDA804FEF75FF9F1BD1A
S21403C5B080B5FEF7C1F956480068000303D4FEF7BA
S21403C5C072FBFEF747FF80204003FEF74FF901BDDD
S21403C5D038B5FEF7B1F9514C2025FFF72BFB0028A1
S21403C5E006D0206B000704D5FFF749FBFEF7E6FFEE
S21403C5F02560FEF758FBFEF72DFF734800780C21E5
S21403C6000140042902D1FEF731FA01E0FEF73BFAB6
S21403C6106804FEF72BF94020206031BD1CB5FEF7F9
S21403C62017F905200D490860FEF71BF9FEF784F994
S21403C630FFF725FBBC48006800906846FEF76EFFD0
S21403C6400400FFF7D7FE002C02D10098FEF7DCFFAC
S21403C65080204004FEF70AF913BD00003C1102A82F
S21403C660400002A8B83F0000483E0000F8B5FEF7B9
S21403C67063F9564C256A5020284002D0FEF7F6F997
S21403C68001E0FEF700FA254FFFF7D4FA00281BD186
S21403C690786B40071DD4386BE0214901014018D15F
S21403C6A0A80611D4FEF7D4F8256AA04E354207D063
S21403C6B0FF20C0432D182562802000059C49086092
S21403C6C0FEF7CFF82E4002D00120386001E00020AC
S21403C6D0206080208004FEF7C9F8F1BD48380000CA
S21403C6E0D03E000020C001A880B5FEF725F991488A
S21403C6F00068400601D5FEF7D6FA0120FFF7BAF91F
S21403C700FEF7A8FE8020C004FEF7B0F801BD0000C7
S21403C7100C0002A801FF0000443E0000100002A81F
S21403C7200C4201A8086201A810B527480468FEF762
S21403C73003F981490968090328D40321C00601D5F2
S21403C740214001E0A0080140012902D1FEF78EF93D
S21403C7500BE0200107D50E20FFF7DAFBA7480421DC
S21403C760016008210160FEF78EF9A54C2069A549F2
S21403C7700860FFF73FFE2068002807D04000122815
S21403C78002D2FFF77BFD01E0FFF71FFB802080034B
S21403C790FEF76CF810BD0000402002A870012000D0
S21403C7A0B46000A8733E0000084201A8883F00005A
S21403C7B00C5201A8442002A84C3E00004C3800004E
S21403C7C0844000A87CE40350EC3E0000CC3E00000E
S21403C7D0F8B584B001266846067000270297FEF770
S21403C7E0ABF80390544C2068000300D596E0032072
S21403C7F0A649C86384480068A54D0F210F2202404E
S21403C800032A03D0000B014006294DD1A148006836
S21403C810A149CE6DE16B890701D59F490E6EFFF7DF
S21403C8203AFB8619FEF744F800280ED02879C1068D
S21403C8300BD02868090D4143890B76189649096879
S21403C840002902D10002400C3618002E01D50197AC
S21403C85000E00196606B0107C80F03212A6B0A40AC
S21403C860022A1BD1039AD20618D5AA68D30513D574
S21403C870A66B8A4B1E409E4203D11021834AD16386
S21403C8800CE092050AD4E26B2823134006D16B46CC
S21403C8901F70274A116001E06A46177002906846C7
S21403C8A00678002E03D10FE07B48806D0190FFF7DA
S21403C8B0C1F9002808D0FFF7E2F90298002802D051
S21403C8C0FEF77CFE00E00026022070490860002E7A
S21403C8D010D03020285C0C210140042902D0A06B24
S21403C8E0C00602D5FEF7C2F801E0FEF7CCF820201A
S21403C8F0606013E0FEF7D7F9802000060C49086055
S21403C90067486849086001A8FEF708FE0400FFF7B9
S21403C91071FD002C02D10198FEF776FE80200004FC
S21403C920FDF7A4FF05B0F0BDCC3F000000FFFF00FD
S21403C930441002A8440102A80C0002A8FEB5002475
S21403C9400194FDF7F9FFFFF755FD574EF06E574D6F
S21403C9500007000F072807D17068002804D40020BA
S21403C960FFF788F8286841E001210320504A7368DE
S21403C9705B070BD44F4B1B680B4007D01368DF05D0
S21403C9800BD55B0502D43368DB0503D40191916AAA
S21403C990890904E01021484B1960916A0909084087
S21403C9A000900020FFF766F80098002805D170680D
S21403C9B0C00602D4FEF767F801E0FEF757F800203A
S21403C9C00199002903D13D480068FFF764FA6969B5
S21403C9D0401801D5009400E000906846FEF7C9F8B9
S21403C9E0002805D10098FEF717F9A86905490860DD
S21403C9F080200005FDF73AFFF7BD000080E200E067
S21403CA00AC3F0000483E0000AC0002A8F8B5FDF7B6
S21403CA1093FF002400252A48066B80277F053006EF
S21403CA2006D5300709D5FFF72AF9FEF7C7FD29E033
S21403CA30012520480068284019D00020FFF71AF87F
S21403CA400220064002D01F490C60C8611E480468D5
S21403CA50002D03D02000FDF775FD0400FFF70FF946
S21403CA602000FEF7D1FD3800FDF700FFF1BD1748A3
S21403CA700078C0210140402902D1FDF7F7FF01E00D
S21403CA80FEF701F820200E490860ECE7082002A80C
S21403CA90BC3E00000CC101A8683F00001000001057
S21403CAA0FFFF7F7FB46000A8400002A8BC3F0000E1
S21403CAB0C43E0000B44000A8441002A81CC101A84C
S21403CAC0100002A8180000AAD83F0000EC3E0000A1
S21403CAD000F03CF802480349486000F052F800BFF3
S21403CAE0DF2A00000000000080B5EFF305800B2866
S21403CAF001D23A2100E0292192225200002000F0C0
S21403CB0041FAFEE710B5C20018231340FF249C40E9
S21403CB10E2438907090E9940030004D470489B0832
S21403CB209B00C01806E0AD4B0007000F08388008CE
S21403CB308000181803681A401143016010BD80B5C1
S21403CB4074225421002000F01DFA01BD10B5FFF732
S21403CB5049FC0121634A1160634B644A1360644ACB
S21403CB6013600323634C2360634C2360634B196099
S21403CB70634B19608023A44C2360D160FFF736FC17
S21403CB8010BDFFF72FFC05000024012160B2FFF75C
S21403CB90B9FF641C0E2CF8D301210F20FFF7B2FF58
S21403CBA001211120FFF7AEFF01211320FFF7AAFF93
S21403CBB001211720FFF7A6FF03210120C043FFF73B
S21403CBC0A1FF01211B20FFF79DFF734873490860EF
S21403CBD07348C16AC1620168016002207149086036
S21403CBE001208A49086047046F4C20693840FCD00E
S21403CBF02068800101D4FDF712FE2800FFF7F6FB3C
S21403CC00774D0AE000281BD0FDF738FE18E02069B0
S21403CC103840FCD03000FFF7E9FB206E0004000F1D
S21403CC20022801D1FEF70CFAFFF7DCFB0600FDF73E
S21403CC3035FE0028A878E5D0002801D1FDF727FEA9
S21403CC4001206978002909D12978002905D170497E
S21403CC500968890601D45349086030BF002169700A
S21403CC6029780029D6D102214E4A11606749086007
S21403CC70CDE76848016842680A40674810401B4988
S21403CC800860800703D5A4480188491C01807047C3
S21403CC9070B56248016840680840000E00066049A7
S21403CCA080221205104218D05E4B1C68641C1C6060
S21403CCB05D4C5E4D2D682D0407D5A568002D04D068
S21403CCC007250D600125AC4E3560402525601B68A1
S21403CCD0012B02D910238B62CA67886770BD0000D8
S21403CCE000E400E0040002A80000FF3F282002A89A
S21403CCF02C1002A840E002A844C002A804C001A861
S21403CD00044001A8F8B5854C206B616B0140009187
S21403CD10834D0846286000989849014007D0FDF7E0
S21403CD20C7FD002803D000989549096888478020E6
S21403CD30009901401CD0F821C90123680B4017D085
S21403CD40C0221201934213D880231B06EB62266887
S21403CD500E40954F3F683F043F0F022F01D0032F2D
S21403CD6003D1002E01D09642F1D390490B60286080
S21403CD708F48007806280DDA0098CC2189010140F7
S21403CD8008D0FFF72FFB04000098FDF77FFA20007A
S21403CD90FFF72CFBF1BD0000FFFF9B0800E100E05E
S21403CDA0E04001A85C2002A84C0002A810B5814808
S21403CDB0016844680C408048046080210C4205D01A
S21403CDC041607E4801600020FDF760FA600403D5E9
S21403CDD0802040057A49086010BD00001CED00E085
S21403CDE0723E000038B57748016844680C40E00797
S21403CDF007D5FFF7F7FA0500FDF7DEFA2800FFF779
S21403CE00F5FA7148046031BD505201A85C1002A8BF
S21403CE10F40302A8280002A8FFFF00C0B44000A83D
S21403CE203C6000A86C3E00002C4000A8384101A8D6
S21403CE30FEB5664C206C666C064001273E4216D053
S21403CE403D0663480560206862490F60002802D0EB
S21403CE500021FDF76FFC60480068A021C9018842E5
S21403CE608041C043C00F5D4988705D480560FDF78B
S21403CE7005FD029002210E4049D06068C2B20192BD
S21403CE80000A009008224C4B4C03564D0020019E8E
S21403CE90012E27D0022E38D1009E012E24D1EE7803
S21403CEA00096514E2F780C2047430020F0512878E7
S21403CEB0400590277F04C719032038434B4F38603B
S21403CEC01C604B480460301D2B780C246343494C8C
S21403CED02468009FE419C45028780C235843315023
S21403CEE0454811E00091DCE7002E0ED1434E376033
S21403CEF03D4E361D2D780C277D4370515C601C60BB
S21403CF00C8043F4B18603F480260324801600298ED
S21403CF10FDF7BDFCF7BD0000703E00001C4201A8F3
S21403CF204C6201A870B5FDF7A9FC0400FFF75AFA96
S21403CF302E490A68D20718D52B4A121DFA239B01DD
S21403CF405D7A0C26754356592A4D2D681E60CE68A9
S21403CF505E604968D9818021C9041D4E3160197B02
S21403CF6069185B7A0C256B43D150FFF73FFA200014
S21403CF70FDF78DFC70BD00003C5000A802000600C3
S21403CF8044380000002800D0704710B50C00FDF7A9
S21403CF9075FC1D490C6001221C4B1A600B6C134078
S21403CFA0FCD1FDF774FC10BDAC0002A8785201A8B2
S21403CFB03C3E000090C001A890E001A80CC001A868
S21403CFC004ED00E090C000A890E000A800C002A80E
S21403CFD0401002A840E002A8404000A8723E0000AD
S21403CFE0402002A8893E0000300000A860C101A8C6
S21403CFF094D001A8200000A8F42302A860E101A8A9
S21403D00080E200E0F41302A8008002A8409002A881
S21403D010C8D803000000000088D003000100000009
S21403D0200000000000F04902C8D80300000000001A
S21403D030ACD00300010000000000000000F049022D
S21403D040C8D8030000000000D0D003000100000091
S21403D0500000000000F04902C8D8030000000000EA
S21403D060F4D00300060000000000000000F04902B0
S21403D070C8D8030000000000CCD103000100000064
S21403D0800000000000F04902F0D10300809C2B8FC3
S21403D09080841E00000000002700FF7FBC320020B3
S21403D0A00000000090DC03000000000050D30300E3
S21403D0B0809C2B8F80841E00000000002700FF7FCB
S21403D0C0BC3200200000000094DC030000000000D7
S21403D0D0B0D40300809C2B8F80841E0000000000C9
S21403D0E02700FF7FBC3200200000000098DC03000E
S21403D0F00000000010D60300809C2B8F80841E0047
S21403D1000000000022002C01BC32002000000000BA
S21403D1109CDC03000000000010D60300809C2B8FCD
S21403D12080841E00000023002300B600BC320020CB
S21403D130000000009CDC03000000000010D6030083
S21403D140809C2B8F80841E000000240024009D00FA
S21403D150BC320020000000009CDC0300000000003E
S21403D16010D60300809C2B8F80841E0000002500B1
S21403D17025007D00BC320020000000009CDC03007C
S21403D1800000000010D60300809C2B8F80841E00B6
S21403D1900000260026003A00BC32002000000000F3
S21403D1A09CDC03000000000010D60300809C2B8F3D
S21403D1B080841E000000270027002C01BC320020BC
S21403D1C0000000009CDC0300000000006CD7030096
S21403D1D0809C2B8F80841E00000000002700FF7FAA
S21403D1E0BC32002000000000A0DC030000000000AA
S21403D1F0FC4F0103ECDA030010400100004100007D
S21403D2003C400100000000004840010020070000E9
S21403D21050400100000000005C4001000D0F0000BC
S21403D22004410100FF4C000020400301000000867B
S21403D2301FC001000020000038400101000000006C
S21403D24058400401180005004008000009000000CB
S21403D2509200040080400F018C002C0200000000A6
S21403D2601200120000808C19000000000002050E58
S21403D2701C2F4353626968615543320416100E0E21
S21403D2800D0C0A0807060504030302020201010146
S21403D29001010100EC40010180B0B18CFC400301A8
S21403D2A09C200B00055B60804737414A0C41030115
S21403D2B0B85512002A194929090840402841010196
S21403D2C0FFDD0000384107014CD4E83B04196F101A
S21403D2D0080E141A20262C32383E10325476980A3A
S21403D2E01D00000070410101C0030000344201012B
S21403D2F00008000E4842010158AA1EC078420101E8
S21403D3000000008038800101114910009C80030151
S21403D310EB40020070380300D0000000A880011123
S21403D320F0010000A8800131055AFD01AC8001110F
S21403D330F0010000AC800131053EFD00E40001026F
S21403D3406C2C511154010102C43F0000FFFFFFFF84
S21403D350FC4F010340DB03001040010000410000C6
S21403D3603C40010010000000484001002017000068
S21403D37050400100010400005C4001000D0F000056
S21403D3800441010003C001002040030130000046B1
S21403D3901FC80100002000103840010100000000F3
S21403D3A0584004011800050040080000090000006A
S21403D3B092000A0080400F018C002C02000000003F
S21403D3C0120012005B808C1B000000000002050E9A
S21403D3D01C2F4353626968615543320416100E0EC0
S21403D3E00D0C0A08070605040303020202010101E5
S21403D3F001010100EC40010180B0B18CFC40030147
S21403D4009C200A0001612080B75635120C410301A7
S21403D410B8551200A01B0429088840402841010182
S21403D42000000000384107014CD4E83B04196F3074
S21403D4300A10161C22282E343A4010325476980AC4
S21403D4401D5F80A470410101000000003442010109
S21403D4500008000E48420101F4811F0078420101D2
S21403D4600000000038800101114910009C80030170
S21403D470EB40020070380300D0000000A8800111C2
S21403D480F0010000A8800131055AFD01AC800111AE
S21403D490F0010000AC800131053EFD00E40001020E
S21403D4A06C2C511154010102C43F0000FFFFFFFF23
S21403D4B0FC4F010394DB0300104001000041000011
S21403D4C03C40010010000000484001002007000017
S21403D4D050400100000400005C4001000D0F0000F6
S21403D4E00441010003C00100204003013000004650
S21403D4F01FC8010000200010384001010000000092
S21403D5005840040118000500400800000900000008
S21403D51092000A0080400F018C002C0200000000DD
S21403D520120012005B808C1B000000000002050E38
S21403D5301C2F4353626968615543320416100E0E5E
S21403D5400D0C0A0807060504030302020201010183
S21403D55001010100EC40010180B0B18CFC400301E5
S21403D5609C200A0001612080B75635120C41030146
S21403D570B8551200A01B0429088840402841010121
S21403D58000000000384107014CD4E83B04196F3013
S21403D590080E141A20262C32383E10325476980A77
S21403D5A01D5F0000704101010000000034420101CC
S21403D5B00008000E48420101F4811F007842010171
S21403D5C00000000038800101114910009C8003010F
S21403D5D0EB40020070380300D0000000A880011161
S21403D5E0F0010000A8800131055AFD01AC8001114D
S21403D5F0F0010000AC800131053EFD00E4000102AD
S21403D6006C2C511154010102C43F0000FFFFFFFFC1
S21403D610FC4F0103E8DB030010400100014100005A
S21403D6203C4001000000000048400100A007000045
S21403D63050400100000000005C40010000000000B4
S21403D64004410100FF4C0000204003010000008657
S21403D6501FC00100006000003840010100000040C8
S21403D660584004016402FF00400800000100000067
S21403D6709200080080400F018C000C02000000009E
S21403D680D703220000000000000000000002050D82
S21403D6901A2D3F506068696357463525150D0908EE
S21403D6A00706050504040403030303020202020239
S21403D6B001010101EC40010190382C8CFC40030170
S21403D6C09C200A00055B58804737414A0C410301FA
S21403D6D0B85552002A194929893B4040284101017F
S21403D6E0FFDD000038410701E853FA0000000000A0
S21403D6F00000000000000000000000000000000022
S21403D7000000000070410101C10300003442010122
S21403D7100000000E4842010158AA1EC078420101CB
S21403D720000000003880010111491000A0800201AA
S21403D73070780300FFC00200A8800111F00100000A
S21403D740A88001310542CB01AC800111F001000035
S21403D750AC800131050A0D00E40001026C2C511166
S21403D76054010102C43F0000FFFFFFFFFC4F01030B
S21403D7703CDC030010400100014100003C40010076
S21403D7800000000048400100A007000050400100D0
S21403D790000000005C40010000000000044101009E
S21403D7A0FF4C000020400301000000861FC001005C
S21403D7B000600000384001010000004058400401AA
S21403D7C0C804FF00400800000100000092000400A7
S21403D7D080400F018C000C0200000000B6032200FC
S21403D7E000000000000000000002050E1C2F43533B
S21403D7F0626968615543320416100E0E0D0C0A0852
S21403D80007060504030302020201010101010100E8
S21403D810EC40010190E82B8CFC40030190200A00A9
S21403D820055B58804737414A0C410301F5625200B5
S21403D8302A194929893B404028410101FFDD0000A0
S21403D84038410701E853FA0000000000000000001A
S21403D85000000000000000000000000000000000C0
S21403D86070410101C1030000344201010000000EB3
S21403D8704842010158AA1EC0784201010000000078
S21403D8803880010155251000A0800201707803003E
S21403D890D0000000A8800111F0010000A88001312B
S21403D8A00542CB01AC800111F0010000AC800131D0
S21403D8B0053EFD00E40001026E2C511354010102E3
S21403D8C0C43F0200FFFFFFFF0C400100018101007F
S21403D8D0204002000000000001000000304003006A
S21403D8E000000000000000000000000040400200AE
S21403D8F0000000000040000060400100010100003D
S21403D900A840010007000000BC400400000000001F
S21403D91000000000000000000000000008410300B3
S21403D920FF4C0000FF4D0000FF4D000020C001101B
S21403D93000F8070020C00130F502080024C00110DB
S21403D940FF00000024C001300013000028C00700B9
S21403D950EC80B38343754051A00F0048304000006D
S21403D96000000000000000002E02000050C004006B
S21403D970511130040E2D09E654060708D1B60200ED
S21403D98064C00A000430001C403018090D64792076
S21403D990EBFCFB017FF6E803BD4B721511A31805DC
S21403D9A010325476980A00000000000008000101B7
S21403D9B00807000018000101AAAAAA002000010116
S21403D9C00060DA001C400101100000002C40030137
S21403D9D00080000000000003000000006840020111
S21403D9E02941767100000000BC40020100000000DF
S21403D9F000000000E04002013300000000000000C9
S21403DA00F4400201640483078813C83A24410101E1
S21403DA1000000000344101010C01000054410101E3
S21403DA200101000068410201640483078813820031
S21403DA3030420101000000003842020100000000ED
S21403DA4000000000444201010000000054420901A6
S21403DA500000000000003C00000000000000000082
S21403DA605555555517000000000000000000000043
S21403DA70AAAA06007C420201000000000000000083
S21403DA8010800101030000003C800101010000003A
S21403DA90B080020100030002370000019800020272
S21403DAA0000C00044C000000A40001020004000067
S21403DAB0D0000202050040AA88010000F40002021A
S21403DAC0000000003D210811FC0001123F00000089
S21403DAD0FC000132005404003001010260005102D0
S21403DAE06801010200040000FFFFFFFF14000000AE
S21403DAF000008000000000004CDD0300FCDC030097
S21403DB0000000000802596000048E80140420F0010
S21403DB100108F5001149500200000000A4DC0300D0
S21403DB200000000000000000000000003E420F005E
S21403DB3000000000000000000000000000000000DD
S21403DB401400000000008000000000004CDD03000D
S21403DB500CDD030000000000802596000048E80165
S21403DB6040420F000102F500114950020000000078
S21403DB70A4DC03000000000000000000000000001A
S21403DB803E420F00000000000000000000000000FE
S21403DB9000000000140000000000800000000000E9
S21403DBA04CDD03001CDD030000000000802596000A
S21403DBB00048E80140420F000108F50011495002F1
S21403DBC000000000A4DC03000000000000000000CA
S21403DBD0000000003E420F000000000000000000AE
S21403DBE00000000000000000140000000000800099
S21403DBF0000000004CDD03002CDD030000000000E5
S21403DC00004786000048E80180841E000101F500F5
S21403DC101149500200000000A4DC030000000000CD
S21403DC20000000000000000055841E0000000000F5
S21403DC3000000000000000000000000014000000C8
S21403DC4000008000000000004CDD03003CDD030004
S21403DC5000000000841743000024F40040420F0035
S21403DC600101F5005525500300000000A4DC030065
S21403DC7000000000000000000000000038420F0013
S21403DC80000000000000000000000000000000008C
S21403DC900305000003040000030300000302000062
S21403DCA0030100000200000000F049020614000011
S21403DCB000E0930405380000A0080000000058099F
S21403DCC001040706100A01040707C80A0004080728
S21403DCD0800B00040808380C0004090861080000DB
S21403DCE00000680800000000C709010404032C0BA9
S21403DCF001040404920C01040504000050C3000050
S21403DD00E62D0000D0070000D0070000E5BF0000A6
S21403DD1010270000C2010000C2010000F5DA02006D
S21403DD20102700002C0100002C01000050C3000047
S21403DD3050140000FA000000FA00000050C3000070
S21403DD40FC210000B3010000B3010000193F0106E7
S21403DD50041001000001010600102700000C00005B
S21403DD6000000000000062675F6D6573736167659E
S21403DD7020726563656976657273000102030000AD
S20C03DD803026FC7F01000000C1
S21003DD8894DD030040300020B4000000CF
S21403DD943C10002040110020C0EA2101C0EA210102
S21403DDA40080000000F049025C30002000400700B9
S21403DDB400A00000E8150020C8000000FE000000D4
S21403DDC40000000050900300C00A0020889103005E
S21403DDD4E1FE55000A0027004F9802000000065093
S21403DDE400C20100000005060100001000006000E8
S21403DDF4020008000700000030310020B030002085
S21403DE040000000000000600000000000000000000
S21403DE1400000000000000000000000000000000F6
S21403DE2400000000000000000000000000000000E6
S21403DE3400000000000000000000000000000000D6
S21403DE4400000000000000000000000000000000C6
S21403DE5400000000000000000000000000000000B6
S21403DE6400000000000000000000000000000000A6
S21403DE740000000000000000000000000000000096
S21403DE840000000000000600000000000000000080
S21403DE940000000000000000000000000000000076
S21403DEA40000000000000000000000000000000066
S21403DEB40000000000000000000000000000000056
S21403DEC40000000000000000000000000000000046
S21403DED40000000000000000000000000000000036
S21403DEE40000000000000000000000000000000026
S21403DEF40000000000000000000000000000000016
S21403DF04981E0020ED8300000000000001000000BE
S21403DF1400000000100000001000000000000000D5
S21403DF2400FFFFFFFF000000774503007B45030067
S21403DF347F45030083450300000000001DB701006E
S21403DF44000000000000000000000000C1B901004A
S21403DF54000000000000000000000000C1B901003A
S21403DF640000000000000000000000005B630300E4
S21403DF740000000091CE0100000000000000000035
S21403DF84000000003DCE0100000000000000000079
S21403DF940000000099D20100000000000000000009
S21403DFA400000000A1DC01000000000000000000E7
S21403DFB40000000041E4010000000000000000002F
S21403DFC4FFFFFFFF0000000000000000FFFF00004B
S21403DFD4A09F03000B670300FFFFFFFF996A03007C
S21403DFE4956A0300FFFFFFFF9D6A0300FFFFFFFF21
S21403DFF481710300EB710300FFFFFFFFFFFFFFFFC9
S21403E004FFFFFFFFFFFFFFFF9B2A0000FFFFFFFF4B
S21403E0140000000000000000396502000000000054
S21403E02400000000FFFFFFFF1700FFFF0C000000C7
S21403E0340000BF8FAF7F8700370F10100004040F54
S21403E04405140A01014252443431393141000A01AC
S21403E0540301FF0CFF0F7F008D0300006503000020
S8040010D912
