:020000040800F2
:10000000C00A0020F91D0008C9AF0208C9AF0208E4
:100010006BCD0208C9AF0208C9AF0208C9AF020818
:10002000C9AF0208C9AF0208C9AF0208C9AF0208C8
:10003000C9AF0208C9AF0208E9AA0208C9AF02089D
:10004000C9AF0208C9AF0208C9AF0208C9AF0208A8
:10005000C9AF0208C9AF0208C9AF0208C9AF020898
:10006000C9AF0208C9AF0208C9AF02083DA800081D
:100070007DEA0208C9AF0208C9AF0208C9AF020889
:10008000C9AF0208C9AF0208C9AF0208C9AF020868
:10009000C9AF020819290008C9AF0208C9AF020890
:1000A000C9AF02085925000839250008C9AF020860
:1000B000C9AF0208E5880208B9910208C7A403087D
:1000C000C3A403082D890208DDA40308CBA40308F8
:1000D00089910208CFA40308F991020861920208ED
:1000E000C9AF0208C9AF0208C9AF0208C9AF020808
:1000F00021C20208C9AF0208C9AF0208C9AF02088D
:10010000C9AF0208C9AF0208C9AF0208C9AF0208E7
:10011000C9AF0208C9AF0208C9AF0208C9AF0208D7
:10012000C9AF0208C9AF0208C9AF0208C9AF0208C7
:10013000C9AF0208C9AF0208C9AF0208C9AF0208B7
:10014000C9AF0208C9AF0208C9AF02089DBF0308C2
:10015000F9720208C9AF0208B1A40308B7A40308E2
:10016000C9AF0208C9AF0208C9AF0208C9AF020887
:10018000F0B5114A114C124E00F00105E3695F070A
:1001900013D40DB9334213D103EA00078F4207D1BC
:1001A0000B4A1A40002A0CBF00206FF00100F0BD7E
:1001B000013AEBD16FF00200F9E74FF0FF30F6E7BC
:1001C0006FF00100F3E700BF809698000000035035
:1001D000020001000B4B70B5D96911F480310DD1CB
:1001E00001244FF48072084E084DF46020462C64C0
:1001F0001A61FFF7C5FF3464EC6070BD6FF0010059
:10020000FBE700BF00000350001003500020035024
:100210004FF4803238B50E4B0E4C9A66E56941F6C4
:10022000713315400122E3630B4B0021DA60022396
:10023000606121202361FFF7A3FF10B92120FFF7A0
:100240009FFF0122054BDA600DB10023E36338BD47
:100250000090005000000350001003500020035095
:1002600070B5134C6061E3695B071ED40E4656F807
:10027000043B8D18A361AE420BD104230021212041
:100280002361FFF77DFF58B9BDE870402120FFF7DB
:1002900077BF08210846FFF773FF10B104232361DD
:1002A00070BD56F8043BA361E5E74FF0FF30F7E778
:1002B000000003502DE9F84315464FF48032184BE7
:1002C00089469A6603F51C33DF690646174041F6F6
:1002D0007132DA63012203F58053DFF84C80DA6073
:1002E00055B9284601220F4BDA601FB10022A3F551
:1002F0000053DA63BDE8F88306F5005404EA080405
:10030000A41BAC4228BF2C46494622463046FFF784
:10031000A7FF0028E6D12644A1442D1BE0E700BF3B
:10032000009000500020035000E0FFFF000000009C
:1003300000000000000000000000000000000000BD
:10034000013800D0FCE770470348044B834202D0D9
:10035000034B03B118477047B0860020B0860020D9
:1003600000000000064B0749C91A891048BF013137
:10037000491003D0044B0BB101481847704700BF28
:10038000B0860020B08600200000000010B5064CAA
:10039000237843B9FFF7D8FF044B13B10448AFF3F8
:1003A00000800123237010BD247F00200000000086
:1003B000B03F040808B5054B1BB105490548AFF32C
:1003C0000080BDE80840FFF7CDBF00BF000000007F
:1003D000C80D0020B03F0408A3F5803A704700BF65
:1003E000174B002B08BF134B9D46FFF7F5FF00216D
:1003F0008B460F461348144A121A2EF0D8FB0E4BA8
:10040000002B00D098470D4B002B00D098470020C0
:10041000002104000D000D48002802D00C48AFF365
:1004200000800AF0F7FF200029002EF029FB0AF0D7
:1004300037FE00BF000008000000000000000000C0
:10044000C00A0020C00A0020008100200000000037
:100450000000000037B5044614F092F900284CD192
:10046000A368284A43F49013A360A26120772CF07C
:10047000E1FCA368A0801B030CD4B0F5FA7F09D976
:100480003BF043FC0121054608463AF011FC2846A2
:100490003BF036FC204614F09BF978BBE06878B35B
:1004A00016F0D0FE32F0AFFB2FF021FF12F086FBEA
:1004B00013F06EF833F02FFC31F0A0FD40F204434E
:1004C000ADF80430FF2301A88DF806300DF060FF71
:1004D00000220121042032F087FB002368468DF8BA
:1004E000003014F051FB0321042016F073F80A20A9
:1004F0000CF0D2FE20462AF0EDFA002003B030BD09
:100500000148CDE7050403007C86002008B50449B6
:1005100004481FF0D9F9BDE808401FF007BA00BF32
:1005200008C30308E0C303084FF08052014B5A6030
:10053000704700BF00ED00E0F8B50E460546D0B1AB
:10054000C9B10E4B0E4F1968386803F0D3F9044651
:1005500078B9062332460B49386803F099FA044605
:1005600038B901232A460849386803F091FA00B1E6
:100570002C702046F8BD2124FBE700BFD08200206C
:10058000F08200202C0004003C000400FF22044BF9
:100590001A701A721A741A760022024B1A70704777
:1005A000257F0020457F002073B56C4684E8060057
:1005B00000220D4911F8326001EBC205FF2E0ED169
:1005C00001F832000098094AC5F8020000206B705B
:1005D000A388EB8013780133137002B070BD013231
:1005E000042AE7D11A20F8E7257F0020457F002064
:1005F0000023094A12F83310814208D1FF2102F882
:100600003310064A00201378013B13707047013302
:10061000042BEFD12D207047257F0020457F00203F
:10062000002210B5064911F83240D300844202D1AD
:10063000981C084410BD0132042AF4D10020F9E7C7
:10064000257F00200023064A12F83310814204D08F
:100650000133042BF8D1002070470120704700BF00
:10066000257F002001460022064B1878884202D1DF
:100670005878012805D00132042A03F10803F4D187
:1006800000207047257F0020FF2208B5054B1A7017
:1006900002225A709A70FFF779FF0022024B1A70FB
:1006A00008BD00BF477F0020467F0020036837B5A4
:1006B00023F47F432E4A23F007039342044627D0B6
:1006C00008D82C4A93421ED002F5A02293422FD084
:1006D00003B030BD284A9342FAD18079FFF7B2FFC8
:1006E0000028F5D0A079FFF7BDFF0028F0D1A07950
:1006F000FFF77EFF002835D004238DF80430FF2358
:100700008DF8053010E003B0BDE83040FFF7BCBF06
:100710001A4B02791B789A42DAD14FF60373002202
:10072000ADF80430164B1A7001A82EF03BF9CFE754
:10073000124B827B1B789A42CAD1C57A002DC7D151
:10074000027A407A2B4642EA00226168207BFFF75A
:100750002BFF01238DF80430237B8DF80530084BE7
:100760001D70E1E702238DF80430A379C8E700BFCC
:10077000A0000401A0000100A0000601477F0020A6
:10078000467F002037B5274B05461B78264C022BA9
:1007900009D0FF2D0ED12078FF2827D122481EF046
:1007A0001DFC40B104E020781EF052FC0028F0D07F
:1007B00003B030BD25700023A0220093114620789D
:1007C0001EF026FC0028F3D1A3782078012B617855
:1007D00001D0FF2B0FD11EF05BFC0028E8D10221D5
:1007E000207803B0BDE830401EF066BC1EF040FC2F
:1007F0000028D3D0DCE71EF087FC0028D8D1A278EF
:100800002078042A0CD101211EF06AFC0028CFD1E7
:1008100000220421207803B0BDE830401EF088BCDF
:100820000222F0E7467F0020477F002010B50446F3
:10083000FFF708FF08B92D2010BD2046FFF712FF73
:100840000028F8D120461EF089FC0122014B1A70C5
:10085000F2E700BF467F0020034A0449002808BF92
:10086000114604201EF038BDA4C403089CC403082C
:10087000F7B5089F0546164690F8BE011A463B4656
:1008800079B1314618F0BCFE044638B9134B9B8849
:10089000B34203D13B7843B1012B15D0204603B0BE
:1008A000F0BD314618F094FEEEE7B7F8011095F868
:1008B000BE012AF01EFB2B4642F21071084A00943A
:1008C00005F59C7001F084FB2B4641F28831054A06
:1008D000009405F5B87001F07BFBDFE7B47E0020E3
:1008E000CFAC020881AB0208F8B54FF4E2620021F8
:1008F0000F482EF05CF90025FF267F270C4C84F86A
:10090000BE6184F8BF7184F8C16104F5D47304F545
:1009100094700A22022101352AF088FB042D04F587
:10092000E274ECD100F09AFEBDE8F84000F0F4BDAE
:10093000E00D002005289ABF024B33F810004FF657
:10094000FF707047B47E0020094900220B4610B5A5
:1009500091F8BE41844204D14FF4E27101FB0230B0
:1009600010BD0132042A01F5E271F1D10020F7E750
:10097000E00D00202DE9F041374D04242E468AB0C9
:100980000DF1190806F59477384605A92AF0AAFB57
:10099000A0B930469DF81830BDF816209DF8141007
:1009A000CDF80080FFF764FF20B9384605A92AF08A
:1009B000B9FBE9E7052801D01A28F6D1013C14F06B
:1009C000FF0406F5E276DDD1274695F8C031A3B3E2
:1009D00028460DF10A020DF109012AF0D2F89DF81E
:1009E0000930032B34D104AB00934FF6FF7103ABF6
:1009F0000DF10B022AF047F950B395F8BE310026ED
:100A00008DF82230B5F8BC3105A9ADF820300123AE
:100A10008DF824309DF80A3005F10C008DF8233054
:100A2000039B8DF81C600693049B0593FF23ADF890
:100A30001E302AF0B7FA85F8C061E234B4F5627F5F
:100A400005F5E275C1D10AB0BDE8F04100F00CBE79
:100A500085F8C071F1E700BFE00D00201FB50C461E
:100A6000ADF80E10FFF770FF88B1028902F4C07272
:100A70007AB1017A0DF10E03074A84800093D2887F
:100A80000223C1F340012AF0C5F804B010BD2220B2
:100A9000FBE70220F9E700BFB47E00201FB50C463B
:100AA000ADF80E10FFF750FF88B1028902F4C07252
:100AB0007AB1017A0DF10E03074AC48000931289BE
:100AC0000223C1F3C0012AF0A5F804B010BD222012
:100AD000FBE70220F9E700BFB47E00202DE9F04FCC
:100AE00087B0044600F080FE0546204600F080FAFC
:100AF0002368A44A23F47F43054023F0070385F0CD
:100B000001059342EDB200F05D822BD89E4A9342DC
:100B100000F03E820ED802F17F42934200F0E08165
:100B200002F54032934200F0CD8185F0010007B01C
:100B3000BDE8F08F954A9342F7D12079FFF704FF83
:100B400006460028F1D0E379B4F805100A2B24D02A
:100B50000023062290F8BE01CDE9003318F0F8FC1E
:100B60000125E2E78A4A93420CD002F12C7202F589
:100B70008032934200F0E78002F17B4202F59E0250
:100B80009342D2D126793046FFF7DEFE0028CCD042
:100B9000214630462AF019F8E2E77E4B1F888F4243
:100BA00016D1238990F8BE01032B05D90023072213
:100BB000CDE900333946D1E7072205920DF1120243
:100BC000019205AA1A440092C3F104030022F1E73E
:100BD000DA888A422AD1238990F8BE01012B04D9F0
:100BE00000230722CDE90033B8E70DF1120201928C
:100BF000321D1A440092C3F10203002218F0A8FC2F
:100C0000654AB4F8051053888B421CD1E3790A2B4E
:100C100029D12389012B34D80020ADF81400307A73
:100C200000F06007602F6BD1032032E01B898B42FC
:100C3000E6D1238990F8BE01012BD1D80DF1120223
:100C40000192B21DD5E753898B4209D0D3888B42DC
:100C500006D013898B4203D093888B4240F08F805B
:100C6000E3790A2B0AD00DF1120301930023062227
:100C70000093207918F06CFC012381E02389012B7B
:100C800006D90DF112030193002307220093F0E728
:100C90000020ADF814005089884208D1308900F452
:100CA000C070B0F5C07F33D10320ADF81400D088F8
:100CB000884207D1307A00F00607062F33D103208F
:100CC000ADF814001089884207D1307A00F0180777
:100CD000182F30D10320ADF8140092888A4205D134
:100CE000327AD20744BF0222ADF814200DF112026D
:100CF000019205AA1A440092C3F102030022B8E748
:100D0000870601D50220C4E74706C4D50120C0E705
:100D100096F90800002801DA0220C6E7707AC007B9
:100D2000C5D50120C1E7870701D50220C8E74007E4
:100D3000C8D50120C4E7070701D50220CBE7C006CC
:100D4000CBD50120C7E794F804904846FFF7FCFD97
:100D5000064600283FF4E9AE0F4BB4F80510B3F88F
:100D600002C061451AD05A898A4217D0DA888A426D
:100D700014D01A898A4211D09A888A420ED0002350
:100D80001D43D2E6A0005902A0000601A0000A01FE
:100D9000A0005905B47E0020A87E0020E279122A26
:100DA00004D00622484618F0FDFB65E76289022A56
:100DB00001D00D22F6E727890FB10722F2E7B4F838
:100DC0000CE0AEF1020292B2012A8CBF4FF0000893
:100DD0004FF001082EF0020ABAF1010F8DF81280CF
:100DE0001FFA8AF01ED1614534D1338903F4C073F0
:100DF0000BBB337A68F3451360F3861333723046C6
:100E00000DF1120205A929F0BCFE9DF812209DF8F3
:100E1000141096F8BE012AF0D4F80022B4F8051098
:100E20002079C0E7614516D1338903F4C07323B13B
:100E3000BEF1000F03D0FD22B4E7012A03D9337AB3
:100E400013F0600F01D10020D3E706F10C0000F091
:100E500013FDF8E70746B3F80AC08C4517D1337A7B
:100E600013F0600FE7D1012A08D93FB9338903F4A1
:100E7000C0731BB106F10C0000F0FEFC337A68F37E
:100E8000C7133372737A67F300037372B7E7DA88B4
:100E90008A4206D1337A67F3820368F341033372DF
:100EA000BBE71A898A4205D1337A68F3C30367F333
:100EB0000413F4E79B888B427FF461AF337A68F3C5
:100EC0000003ECE72079FFF73FFD00283FF42DAE4B
:100ED0006379A27943EA0223A0F8BC31002524E615
:100EE000DFF804B19BF800609EBB42F602134FF09E
:100EF00001084FF6FF7A3A4FDFF8F090ADF8143062
:100F0000384A3B46CDF80C900221002027F802AB6E
:100F100029F802AB02EB460218F0E4FA60B14FF098
:100F200000080136062EEBD18BF80080B8F1000FD7
:100F30000FD129F0D6FEF8E54EB10221039B37F818
:100F4000020C05AA18F0CEFA0028E8D1E9E701263C
:100F5000D6E7FF20FFF7F8FC064600283FF4E5AD92
:100F60004FF4E27200212DF022FE17230A22A6F888
:100F7000BC31022106F5D47306F594702AF056F8B8
:100F8000207B0022012186F8BE012AF01AF8A5E78D
:100F9000A079FFF7D9FC064600283FF4C6AD00F55E
:100FA0009C7000F0F7FF06F5B87000F0F3FF06F153
:100FB0000C0000F061FCFF2386F8BE31A07929F017
:100FC000A9FF8BE72079FFF7BFFC00283FF4ADAD08
:100FD000A37A80F8BF31637A80F8C1317EE700BF21
:100FE000B47E0020ACC403084A7F0020A87E002005
:100FF00070B503687B4A23F47F4323F007039342D1
:1010000005468AB004D0002080F001000AB070BD0F
:101010000079FFF799FC04460028F4D00220B5F8C7
:101020000560FFF787FC8642EDD1EB79522B07D0A4
:10103000FC22B5F80510287918F0B4FA0120E3E78E
:101040002B8923B10321204629F05CFEF6E72B7B98
:10105000042B00F2C480DFE803F003475EB2C20055
:101060006B89032BEED12378012B01D10721EAE70D
:1010700020460DF10A020DF1090129F082FD9DF8CB
:101080000930022B01D00621DDE704AB0093204696
:10109000B5F80D1003AB0DF10B0229F0F4FD08B902
:1010A0000821D0E794F8BE3105A98DF82230B4F8B4
:1010B000BC3104F10C00ADF8203000238DF8243051
:1010C0009DF80A308DF82330039B0693049B05930B
:1010D00029F068FF0028D6D16B7BAA7B43EA022364
:1010E000638001232380A9E76B89032BAAD123788E
:1010F000012BBBD02046B5F80D1029F0D9FD0028F2
:10110000CED004F59C7000F045FF04F5B87000F0F7
:1011100041FF012197E76B89052B93D12378012BA0
:10112000A4D020460DF10A020DF1090129F029FD94
:101130009DF80930022BA6D104AB00932046B5F8E8
:101140000D1003AB0DF10B0229F09DFD0028A7D077
:101150009DF80B30002B3FF475AFEA7B2B7C9A4255
:101160003FF670AF94F8BE1104F10C008DF8221018
:10117000B4F8BC118DF81C20ADF8201000218DF8BA
:1011800024109DF80A10ADF81E308DF82310039935
:1011900006910499059105A929F007FF58B904F5AE
:1011A0009C7000F0F7FE6B7BAA7B43EA022363800E
:1011B00040F2012396E72D287FF465AF70E76B8935
:1011C000012B7FF43FAF2578012D06D104F10C00EF
:1011D00000F052FB002323709BE7052133E7022137
:1011E00031E700BFA0000A08194A30B500231446B1
:1011F000114694F83A50854204D140F28C7202FBB9
:10120000031030BD0133042B04F28C74F1D10023A0
:1012100092F83A40FF2C13D140F28C725A438B184B
:10122000002483F83A004FF6FF703D320A441887D5
:101230001881988483F83B401846C3F88827E0E774
:101240000133042B02F28C72E2D10020D9E700BFF7
:10125000F41400202DE9F04F0368AC4A23F47F43D7
:1012600023F007038BB093420646059106D002F1A6
:101270000072934215D04FF0010A0EE04FF00009C2
:10128000437B047903930789C7F30B072046FFF7D5
:10129000ABFF054668B94FF0220A50460BB0BDE8D7
:1012A000F08F83794FF001094FF6FF7704790393AC
:1012B000ECE72046FFF748FB04900028EBD02046DF
:1012C000FFF792FF10B94FF02D0AE6E71C234FF607
:1012D000FF7C90F83B4003FB04010A89A04662456D
:1012E00075D10024974280F83B4040F0888000236D
:1012F0004FF01C0808FB0458C4EBC40198F816B062
:101300008900BBF1000F08BF9B4601F10E03069355
:10131000EB180293049B0A3193F8C13129443246F9
:101320000298CDF80090079129F0E5FB824600284D
:10133000B1D1049B079993F8BF3188F80C30BBF109
:10134000000F0DD00123C8F804000A46A8F8087061
:10135000214600932846042329F023FD88F816A08F
:10136000B9F1000F00F0848096F80AB096F8078073
:1013700006F10C07BBF1A00F3FF67DAF4FF000095F
:10138000634E5FFA89F39B4500F28980B8F1000F44
:1013900002D0B8F10F0F0ED15E490A684AB11C2382
:1013A0006343E858069B8618EB588350029B5B68A2
:1013B000736000230B60039B13B10F2B7FF46DAFA1
:1013C000059B022B00F099804FF01C0A65E79742BD
:1013D00023D067451DD00134E4B2012C0CD803FBA7
:1013E000040380F83B401A89A046BA4202D09A7D95
:1013F000BAB11F8100231DE0002380F83B30038930
:10140000BB4202D0847DDCB107810024A046234684
:1014100010E0022C7FF46BAF55E7022C0F81E9D16D
:1014200051E7059B022B0FD01C23002203FB045322
:101430005A6001231C2202FB0858A8F8087057E7DD
:10144000059BA046022B07D11C2303FB085395F8EC
:101450003A001989FFF722FB1C23002203FB0853E3
:101460005A604FF6FF739F424FF00103E2D13FE70E
:101470001C226243D5F88837AA5896F811B09B1AF7
:10148000244A96F80E801360214608232846029AC3
:10149000CDF8009006F1130729F083FC6AE73B883A
:1014A000B8F10F0F3380BB7807F10307B3703378BF
:1014B00003F003038DF8273011D163F07F038DF81B
:1014C00027300023009301230DF1270221462846EF
:1014D00029F067FCB37809F101091F4451E70023A3
:1014E0000DF12702009321460123284629F059FCDB
:1014F000002300933A46B378E8E71C2303FB045427
:1015000095F83A002189FFF7A9FA5DE7A000590391
:101510004B7F0020F01400204FF6FF72FF2138B5FA
:1015200000250E4C04F5805084F83A10228784F888
:10153000C617A4F8C42784F8522FA4F8502F80F8B7
:10154000DE16A0F8DC2694F83A00013529F0E2FC1A
:10155000042D04F28C74F6D138BD00BFF4140020C1
:1015600002460020044B1B6803B97047997E9142E4
:1015700008BF18461B68F7E7243300202DE9F8431D
:101580000D461646074600285ED000295CD04B6801
:10159000002B59D00B68002B5AD08A7BFF2A55D0DC
:1015A0008C89A4F11702E32A52D8043C013BA2B271
:1015B00013FA84F4B4FBF2F4013CA4B24EB90A7AF3
:1015C0004B899A4244D8A24244D8FF2B01D0A3426F
:1015D00040D83AF0A3FB81461F4BD3F80080B8F106
:1015E000000F26D1A87BFFF7BBFF38BB4FF48E72EC
:1015F000414638462DF0DBFA07F10C0305F11402E1
:1016000055F8041B954243F8041BF9D116B1002389
:10161000FC823B75FB8A3946FF2B3B7D0E4808BF99
:10162000FC82BB8029F0E5FC48463AF072FB0020C2
:1016300008E0474502D0D8F80080D0E748463AF0A5
:1016400068FB2E20BDE8F8832220FBE72520F9E780
:101650002120F7E72D20F5E724330020014829F069
:10166000C1BC00BF243300202DE9F0474FF6FF76C0
:101670005B4D2C686CB93AF051FB06462C68594F0B
:10168000574D002C40F090803046BDE8F0473AF0CE
:1016900040BBA379190771D403F00602022A6DD06A
:1016A000062A05D1A28823F00703A371531CA38047
:1016B000A788E38A9F4261D8DB1B9BB2B3425DD00F
:1016C000A379DA0737D4228BD4F80CE0131F0EF17C
:1016D000FF381FFA83FC07FB03F118FA83F3B3FB0F
:1016E000FCF3B7FA87F0013B9BB2BB4204BF1CFB83
:1016F00003FC0EF101024FEA501008BFA2EB0C03ED
:1017000040EA8700C0B20CBF9AB2033A236984F85A
:10171000220012BF92B240F0020084F82200194465
:10172000228404F123002DF04DFAA37923F007035E
:1017300043F00103A371237FA77E94F81BA0B4F8A4
:10174000208004F12209DBB10120FFF7F3F84B46BA
:10175000014642463846BAF1000F13D017F050FF49
:10176000C0B9A37943F00203A371E37E6BB9A379F7
:1017700023F00703A371A3880133A380246879E7CA
:101780000520E2E717F024FFEAE7A37960F382037C
:10179000A371F3E70528F1D01A281FBFA379A06031
:1017A00043F00803A371E9E7A288E38A9A4208D8C4
:1017B0009B1A4FF6FF729BB2934202D0A3791B078C
:1017C0000BD52146284629F023FCA2682046072A8B
:1017D0008CBF0221B95C29F0A2FA246851E700BF4E
:1017E00024330020B8C403080368214A23F47F434C
:1017F00023F00703934210B5044611D002F10172A1
:10180000934219D01B4A934208D10079FFF7A8FEF2
:1018100020B1B4F80520038B9A4206D1012010BDF7
:101820008079FFF79DFE0028F8D013238360837929
:1018300043F008038371F1E7C379022BEED1012055
:10184000FFF778F8B4F80530834208D12079FFF724
:1018500087FE0028E2D0837943F00403EAE70520FD
:10186000FFF768F8B4F805308342D7D1EEE700BF40
:10187000A0000601A000090010B5044698B13AF096
:101880004DFA0A4B1B6823B92D243AF042FA204640
:1018900010BD9C42F6D10623A360A37943F0080350
:1018A000A3710024F1E72224F1E700BF24330020D4
:1018B000024B1868B0FA80F04009704724330020CA
:1018C000F0B50646524D93B00F46286851492AF0AC
:1018D000F7FC29F0A9FB29F0A8FB334632464E4914
:1018E00028682AF0EDFC00230DF14702194618463E
:1018F000CDE90E33CDE90C33CDE90A33CDE9083318
:10190000CDE90633CDE90433CDE90233CDE9003327
:101910001DF0F4FC044690BB7C782868022C31D082
:10192000FE2C3C494AD0012C57D12AF0C9FC29F0A1
:101930007BFB29F07AFB3246384928682AF0C0FC44
:1019400097F9003001220093002130467B781DF08A
:10195000A7FC044698B9304600F01CF9044600285C
:1019600044D02F4928682AF0ABFC29F05DFB29F010
:101970005CFB32462B4928682AF0A2FC1924204639
:1019800013B0F0BD9DF847302249012B08D92AF049
:1019900097FC29F049FB29F048FB32462249CCE765
:1019A0002AF08EFC29F040FB29F03FFB32461F490C
:1019B00028682AF085FC01237B70C1E72AF080FCAF
:1019C00029F032FB29F031FB32469DF847301849A7
:1019D00028682AF075FC7C70B2E72AF071FC29F0C7
:1019E00023FB29F022FB32461249E1E70949286826
:1019F0002AF066FC29F018FB29F017FB2D6800F08F
:101A0000FDF8042302460C4928462AF059FCB6E7A3
:101A100028330020C0C40308C5C4030809C503084F
:101A20006FC6030874C603083DC5030883C50308D1
:101A3000CEC5030813C60308AAC6030838B5054671
:101A400029F0B6FA18B3134C134920682AF038FC71
:101A500029F0EAFA29F0E9FA2A46104920682AF022
:101A60002FFC284600F0B2F80B4920682AF028FC29
:101A700029F0DAFA29F0D9FA246800F0BFF8042333
:101A80000246074920462AF01BFC002038BD2D20C5
:101A9000FCE700BF28330020C0C40308C8C6030801
:101AA000AAC6030803682B4A23F47F4323F00703E5
:101AB000934273B504463AD002F18072934217D034
:101AC00002F17E42934218D10579284629F070FA36
:101AD00098B1214C214920682AF0F2FB29F0A4FAA0
:101AE00029F0A3FA2A461E4920682AF0E9FB1CE0E7
:101AF0000679304629F05CFA20B9002080F0010018
:101B000002B070BDE38883B1134D164928682AF0EE
:101B1000D7FB29F089FA29F088FA237A3246009314
:101B2000E388114928682AF0CBFB0120E6E7057914
:101B3000284629F03DFA0028DFD0074C07492068E5
:101B40002AF0BEFB29F070FA29F06FFA2A460749FD
:101B5000CAE700BFA000590128330020C0C4030811
:101B60002FC703086FC60308ECC603085EC7030847
:101B700030B5024600230A25054905FB03F4601829
:101B80000C5D944203D00133042BF6D1002030BD0C
:101B9000C48500200C4910B500220C464B7833B1A7
:101BA0000132042A01F10A01F8D11C2010BD0A21DA
:101BB0004A43A118A054012218464A704B800B7169
:101BC000CB800B81F2E700BFC485002070B50022F6
:101BD0000A25094C05FB02F1665C0B19864203D00D
:101BE0000132042AF6D170BDFF22625200225A80CF
:101BF0001A71DA801A81F6E7C4850020002318469E
:101C0000054A517809B10130C0B20133042B02F109
:101C10000A02F6D1704700BFC48500202DE9F041CB
:101C20005D4C92B009AD94E80F0085E80F000DAA55
:101C3000174604F1100304F1200C16461868596881
:101C4000083303C663453246F7D11868534B08A9D9
:101C5000306018793AF068F851483AF06AF851481B
:101C60003AF067F84FF4807308984F49ADF8343074
:101C7000814228BF01460C972AF056FA29460225D0
:101C80000A904A4804F060F848482AF0F5F94748B5
:101C90002AF01BFA45482AF004FAB4F824800122FD
:101CA00004216846ADF8008029F045FBE78C00224E
:101CB000012101A8ADF8047029F03DFB268D012219
:101CC000042102A8ADF8086029F035FB01220421A7
:101CD00003A8374CADF80C5029F02DFB354B4FF4D1
:101CE0004870C4F8C8344FF00213C4F8C43403F584
:101CF0008033C4F8CC341C23C4F8B43405F0D2FDCE
:101D000007A8ADF81C5000F067FB142005F0CAFDD1
:101D100007A8ADF81C5000F04FFB232005F0C2FDD2
:101D200007A8ADF81C5000F057FBB9211F482AF056
:101D3000F1F907A8ADF81C5000F03EFB002204A802
:101D40001146ADF8108029F0F6FA002205A81146D8
:101D5000ADF8147029F0EFFA0122002106A8ADF8C1
:101D6000186029F0E8FA0122002107A8ADF81C50FC
:101D700029F0E1FA0D4803F0ADFF00230948C4F84B
:101D8000B434C4F8C834C4F8C434C4F8CC3439F01A
:101D9000D3FF12B0BDE8F0818CC7030888C80308E0
:101DA00070C8030874C80308E070720000000A508D
:101DB00000C003500200010008B5044839F0B9FF23
:101DC0002CF005FEBDE80840FFF728BF70C80308E7
:101DD000014839F0AEBF00BF70C803080348044A89
:101DE0000449121A921029F0F0B800BF80010008CF
:101DF000400300080081002008B5154B83F30A88D2
:101E000000F030F8FFF7EAFF124B13498B4212D370
:101E10000020124B12498B4218D3FEF7E1FA1868E2
:101E200050F82240586840F82240013298688242B7
:101E3000F5D30C33EAE70022F8E71C6844F82200E7
:101E400001325C68A242F8D30833E4E70022F8E7E5
:101E500000000020B83F0408C43F0408C43F040841
:101E6000C43F04084FF48041124B134A70B59A6086
:101E7000D3F88820114D42F47002C3F88820104A2C
:101E800005F5005491664FF0FF3222660D4A6266F6
:101E90000222C3F8D020BFF34F8FBFF36F8F4FF4F0
:101EA0004036002004F090FC0020E66004F070FC56
:101EB0002E6170BD00ED00E00000000800800044CD
:101EC00000900050F7FF3700014B1860704700BFCB
:101ED000C4820020054B1860054B1B6F03F00703FD
:101EE000032B01D138F0D6BC704700BFCC82002054
:101EF0000080005008B504F081FC014B186008BD5B
:101F000028330020024B034918682AF0D9B900BFD2
:101F100028330020B6C7030870B50C4C0C490646A0
:101F200020682AF0CDF904F069FC0546206804F029
:101F300059FC3046FFF7E6FF284604F053FC2068C2
:101F40000449BDE870402AF0BBB900BF2833002027
:101F5000B8C70308BAC7030838B5054639F0DEFE2E
:101F600000230B4A14685CB1AC4206D1A96A6BB17C
:101F7000996239F0CEFE012007E02346A46AF2E719
:101F8000002DF3D039F0C5FE204638BD1160F0E7D2
:101F90002C33002010B50446B0B139F04FFA20467A
:101FA000FFF7DAFF10B194F82C300BB9002010BD08
:101FB000064C2368002BF9D039F0B0FE2368013BB2
:101FC000236039F0A6FEF1E72220F0E7303300204D
:101FD0002DE9F04385B00546914698460E469DF89A
:101FE000307009B9002F5CD12846FFF7D3FF0446B3
:101FF000002836D185F82C00686305F0E5FB8642A1
:1020000033D939F0B3FA2146844640F2E7304FF431
:102010007A720023E6FB0C0108F0B2FE4FF0FF32AB
:10202000002308F0ADFE2B46E88611462846CDE990
:1020300000441D4A39F049FF044690B9C5E90898A3
:1020400085F82D702E6339F069FE184A136833B392
:102050001A469B6A002BFBD195620023AB6239F0D4
:1020600058FE204605B0BDE8F08347B12B46314607
:102070002846CDE900440C4A39F0CAFADCE730467C
:1020800003A939F079FA04460028EAD12B462846FC
:10209000CDE90077044A039939F0F3FECCE71560E7
:1020A000DBE72124DDE700BFB12000082C3300204E
:1020B00091F82C3013B50C4683B98B8ECA8E93429F
:1020C0000ED243B9CDE9003320460B46124A4FF0F9
:1020D000FF3139F0BAFEA38E0133A38602B010BDE2
:1020E00052B191F82D3093B101230093D1E9082327
:1020F0002046096BFFF76CFF012384F82C30074B57
:102100001A6801321EBF1A6801321A60E6E70846F3
:1021100039F094F9F0E700BFB12000083033002017
:102120002DE9F041154E336833B34FF00008144FDA
:1021300039F0F4FD05463C6824B92846BDE8F04175
:1021400039F0E7BD94F82C30A3B1336884F82C80C3
:1021500013B13368013B336094F82D3013B9204636
:10216000FFF7FAFE284639F0D4FDD4E908312046BD
:102170009847DDE7A46ADFE7BDE8F081303300204F
:102180002C330020034B1B68002B14BF04200120BC
:10219000704700BF30330020024B1868B0FA80F05F
:1021A000400970473033002030B5056887B0AB88F0
:1021B00004461848ADF80C3039F0BBFD002201216F
:1021C00003A829F0B8F80DF10B0103A829F0C7F80E
:1021D0009DF80B3083F001032B70AB79022B15D1E6
:1021E0004FF0FF330022CDE9043304A90A4B0094D9
:1021F00003A800F067F9049B009401330CBF04228C
:102200000122054B05A903A800F0F6F8002007B04D
:1022100030BD00BF70C803084DB20208002307B5E7
:102220002948019339F085FD4FF4407301220421C0
:102230006846ADF8003029F07EF80122234B0520D6
:10224000C3F8442401A939F06FFD002839D1204B8F
:10225000D3F8F02042F00102C3F8F020D3F8FC20BC
:1022600042F08072C3F8FC201A4AA3F55D431A605D
:10227000019B194A03F5D52303F2FC43B3FBF2F3A8
:10228000164A013B13610223C2F8F0304FF4807309
:10229000C2F804334FF06043114AC3F8B02F114A1B
:1022A000C3F8802ED3F8002E42F48072C3F8002EBB
:1022B000FF2283F82020D3F8002E22F48072C3F886
:1022C000002E03B05DF804FB70C8030800D0035073
:1022D00000ED00E0FF030040F8590D00000004E0AD
:1022E00055CEACC5090001004FF06043D3F8802EF5
:1022F00030B5D20715D501240B4D8440D5F8FC200C
:1023000042F08072C5F8FC20D3F8002E2243C3F8B7
:10231000002E53F82020002AF0D003F820100020CF
:1023200030BD1120FCE700BF00ED00E0F8B5044629
:102330000127124D0CB314F001000BD0002024F043
:10234000010405EBC0021668002EF3D05168C0B23C
:10235000B047EFE72246013020284FEA520201D071
:10236000D307F8D507FA00F20F2824EA0204E8D9C7
:10237000421E05EBC2021038E5E7F8BD34330020F9
:1023800008B50C4839F0D5FC192004F00FFA28B133
:10239000192004F019FA192004F0FAF91A2004F0AF
:1023A00005FA28B11A2004F00FFA1A2004F0F0F907
:1023B000002008BD70C8030848B1012243780178A5
:1023C0009A4030235943034B00205A507047222033
:1023D000704700BF40D0035048B1012243780178D4
:1023E0009A4030235943034B00205A507047222013
:1023F000704700BF40E003502DE9F0410D46904684
:102400001F460446002837D0002935D039F086FC15
:1024100023780646FF2B05D042462046296803F064
:10242000A9FD28602B68013309D12378FF2B06D141
:10243000124B6078D3F8241429F089FE28602A68AA
:10244000531C13D00E49069B41F8327001EBC201B8
:102450004B602378FF2B04D001239340094AC2F834
:102460002434304639F055FC002003E0304639F082
:1024700050FC2D20BDE8F0812220FBE700C0035076
:102480003433002000D003500F2838B5054613D848
:1024900039F044FC01230024084AAB40C2F8203440
:1024A000C2F82434064B43F8354003EBC5035C60A7
:1024B00039F02FFC204638BD2120FCE700E0035016
:1024C000343300202DE9F0410D4690461F46044666
:1024D00060B359B339F022FC23780646FF2B05D0B0
:1024E00042462046296803F0CBFD28602A68531C29
:1024F00016D00F4902F10F0341F8337001EBC3010D
:10250000069B4B602378FF2B05D0012310329340AC
:10251000084AC2F82434304639F0FBFB002003E0BF
:10252000304639F0F6FB2D20BDE8F0812220FBE794
:102530003433002000D0035008B503F0BBFC054B3A
:1025400000F0553020F05020C3F82004BDE80840CA
:10255000FFF7ECBE00E0035008B503F0ABFC054B01
:1025600000F0AA3020F0A020C3F82004BDE8084005
:10257000FFF7DCBE00E003502DE9F04F9A46564BC2
:1025800085B01B7806460F461546DDF83C909DF851
:1025900044B0DDF85080002B00F09780072A00F24D
:1025A00096800E9B002B00F09280B9F1000F00F096
:1025B0008E80129BB3F5006F00F38980012803D150
:1025C000109B002B00F08380444B03EB05131B7B17
:1025D000002B7ED0424C1022002168462CF0E7FAF6
:1025E00004EB45141022A7BB394620462CF0DFFA35
:1025F00043F210036380BBF1000F03D1E37843F093
:102600000303E370364A0E9B02EB451CCCE90193B1
:10261000129B6901581E9DF84C30C0F30A0003F06C
:1026200003039B0643EA001E53582E48012E00EA7E
:1026300003004EEA0003CDF800A0535017D0B8F1C4
:10264000000F2ED19CF8023068F304138CF802308E
:1026500027E0002120462CF0AAFA4FF4447363804F
:10266000BBF1000FCED1E37843F03003C9E7132369
:102670000CF1100ECCF80C309CE80F008EE80F0027
:102680006FF00301DCF81C20109B61F39F02012F07
:10269000CCF81C20CCF8143003D1CCF81890CCF82E
:1026A000043000270D4A290102EB051342F801808E
:1026B000159A28465A60694622469F605E7303F069
:1026C000A3F9384605B0BDE8F08F0748FAE7074898
:1026D000F8E70748F6E700BF4E7F002024350020CA
:1026E000243400200F80FFF3028000F0018000F00E
:1026F000078000F038B5124B05461B78DBB1E0B11E
:1027000039F00CFB0F4A00231146147B54B92B609F
:1027100001251A0101EB03131D738C5039F0F9FAEE
:10272000204638BD0133082B02F11002EDD139F0FB
:10273000F0FA0548F5E70548F3E70548F1E700BF7B
:102740004E7F002024350020048000F0028000F03D
:10275000018000F038B539F0E1FA002305460B4A54
:10276000147B6CB90133082B02F11002F8D103F08D
:10277000F7F8074B28461C7039F0CBFA204603E0E7
:10278000284639F0C6FA034838BD00BF243500207A
:102790004E7F0020058000F00D4B10B51B780446DD
:1027A00093B1072812D839F0B9FA0A4B03EB041396
:1027B0001A7B2AB100241C7339F0ABFA204610BDF5
:1027C00039F0A7FA0448FAE70448F8E70448F6E7BE
:1027D0004E7F002024350020068000F0028000F0AB
:1027E000018000F0154B13B51868002301908DF897
:1027F000043039F093FA124B1C7824B139F089FA7D
:10280000104802B010BD01221A7039F082FA0E4B46
:1028100001A81C731C7783F82C4083F83C4083F894
:102820004C4083F85C4083F86C4083F87C4008237C
:102830008DF8073003F0B8F82046E2E7BDC703087B
:102840004E7F0020038000F024350020F8B50D4DA8
:102850002D7885B1072810DC0B4D060105EB00141F
:10286000277B67B1AB510025069BA560636003F031
:10287000CBF82846F8BD0548FCE70548FAE70548C7
:10288000F8E700BF4E7F002024350020028000F0D2
:10289000018000F0078000F00A4A08B512785AB1AA
:1028A00007280BD8084A02EB00131B7B43B1002119
:1028B00003F06CF8002008BD0448FCE70448FAE780
:1028C0000448F8E74E7F002024350020028000F005
:1028D000018000F0078000F00A4A08B512785AB16A
:1028E00007280BD8084A02EB00131B7B43B10121D8
:1028F00003F04CF8002008BD0448FCE70448FAE760
:102900000448F8E74E7F002024350020028000F0C4
:10291000018000F0078000F0184B2DE9F0411F6D99
:102920005B6D1F4000D5FEE701260025144CDFF843
:102930005880374218D02368C8F85060A3B1A16806
:10294000284601316268A1609847637B012B0BD157
:1029500050B90C4B03EB45131A7B60F341021A7319
:102960001A7F60F341021A770135082D4FEA4606B7
:1029700004F11004DDD1BDE8F08100BF0000045077
:102980002435002024340020002004502DE9F04F8D
:10299000144605460E469B46C36B87B001225B6911
:1029A00002A960689847EB6B01225B6903A9304676
:1029B000984702A829F069F9074648B10023A37592
:1029C00063754FF0FF33A360002007B0BDE8F08FC0
:1029D00003A829F067F90123A375237E04EBC30341
:1029E000DE611F846368B3420ED1206003A829F022
:1029F0007BF94FF0FF332075A360237D043B022B4E
:102A000026D80023A375DFE723681A1A53425341DF
:102A1000A37503A829F068F9237D834218BFA77521
:102A200003A829F043F9074602A829F03FF9874295
:102A300018BF002303A818BFA37529F03FF9074664
:102A400002A829F03BF987421CBF0023A375D4E7F5
:102A500003A829F02BF980B1EB6B022230465B69A9
:102A600004A9984704A829F030F90346207D0328DB
:102A700039D8DFE800F03838040903A8F3E7CC229E
:102A8000237E04EBC3031A8401F0B8FA109B18707C
:102A900003A8277E29F0FEF804EBC70787F8220079
:102AA000237E03A804EBC303B3F8209093F82270AD
:102AB00029F0FCF8804603A829F000F98246B8F115
:102AC000000F15D0EB6B022230465B6904A99847D2
:102AD00004A829F0BFF86075637D6BB90023A37566
:102AE0004FF0000838E0227E04EBC2021384CBE7EB
:102AF00003A829F09AF8EEE794F81680B8F1000FD1
:102B0000EED0B9F1000F09D1DFB10123E375637E87
:102B1000002B4FD1012F42D1677614E06B6C06EB8E
:102B20000A02594286EA020008421CBF0021A17530
:102B3000591E0A409B1A9945D0D8A37D002BE3D19A
:102B4000CEE7E37D43B94FF000084B46524631468D
:102B5000284628F0D8FDA060A27D12B123694B441D
:102B600023611A49237E097899422AD901332376B1
:102B7000BBF1000F27D032B3E37D23B3B8F1000FD0
:102B800021D1032F1FD0A1684B1C1CD0109B2246C3
:102B9000009328460123FFF7F9FEA07513E095F88E
:102BA000343063B9EB6A0133CFD1032FCDD1012388
:102BB000A376C8E7012FCFD0032FC4D1F7E79846FB
:102BC000C3E70023A375A07DFFE600BFE4C70308A9
:102BD0002DE9F04F0E46984600238BB004464FF087
:102BE000FF31104617468DF8133001F0F1F9B6F5B4
:102BF000801F3BD3B21C53D1E56A6B1C57D12046D2
:102C0000616A28F0C6FC0546B31C18BF0123DFF833
:102C100010910193636A626C0293236805A902FB19
:102C2000053AE36B05225B695046984705A829F0F1
:102C3000C7F829F0EAF8504629F0F2F84FF0000BF7
:102C4000824601464B1C05D0636C81EA0A025B4256
:102C5000134232D02946204628F09BFC029BAB420F
:102C60004DD0BBF1000F4DD10546D3E7314605AA43
:102C700004F1080028F057FF0146481C10D03846E0
:102C800001F0A6F90122394620460DF1130328F080
:102C90008CFD28B19DF8133088F80030002003E047
:102CA000237C002BA8D12D200BB0BDE8F08F23682A
:102CB000ED1A636CB5FBF3F5A6E7484601F088F919
:102CC0000DF1130349462046019A28F06EFD034694
:102CD00090B1B21C03D0D9F80020B2420CD19DF8BB
:102CE000132003930D4B88F8002049461A68384694
:102CF0002BF068FF039B9B46D9F80810A2E7BBF1B5
:102D0000000FD0D0B6F5801FC8D2314698F80030F9
:102D10007A6804F1080001F089F8BFE7E0C703080A
:102D2000183C00202DE9F3410446174698460E460C
:102D3000194D816AE36A8B422AD04B1C18E0284661
:102D400001F046F90122294620460DF1070328F03B
:102D50002CFD30B14346294620469DF80720B84750
:102D6000B0B1A9684A1C05D0012E0AD0E36A994285
:102D7000E5D10DE06968204628F098FC012E014657
:102D8000D8D16B6881EA0302636C5B421A42D1D0EE
:102D900002B0BDE8F08100BFEC3B00202DE9F04718
:102DA0004FF0FF334FF6FF720025044600F108068E
:102DB000C0E909238AB0C3620562056330460F4645
:102DC00028F082FE204628F064FB28BB20463946C6
:102DD00028F02FFC204628F05CFB28BB5E200AB0C0
:102DE000BDE8F087E26B2368606CD2F814C000FB8A
:102DF0000530052205A9E04705A828F0E1FF0128D4
:102E000040F083802946204628F0E4FB421C2946F6
:102E1000204628F05DFB0135E3699D42E2D3204660
:102E200028F037FB0028D1D0204628F062FB4FF66F
:102E3000FF72636A934200F0B080E26B676C2068B7
:102E4000694607FB030055690522A847684628F034
:102E50008EFF626A2368606C514D00FB023028F0DF
:102E6000DFFF4FF0FF33A062E3622A466FF00101FB
:102E7000204605ABFFF7ACFE002850D1AD682946CF
:102E80002046E56228F0E1FA206320B92046E16A95
:102E900028F00CFCE0622946204628F007FC054695
:102EA000A36A9D423DD1204628F08DFA0027804636
:102EB000B946E369994546D3B84563D92046616A66
:102EC00028F067FB0026054604F1400ABE4212D3F3
:102ED000626C2368694602FB0539E36B05225B6976
:102EE00048469847684628F042FF534602464946FE
:102EF000E06B28F097FF2946204628F04AFB013670
:102F0000B0450546E2D1642069E728F083FF002838
:102F100081D02946204628F05DFB024677E7A56A66
:102F2000ADE72946204628F090FA236B2946034452
:102F300007462363204628F0B9FB0546002FAFD192
:102F4000C4E90B07ACE7636C2568052203FB095550
:102F5000E36B05A95B692846984705A828F030FF70
:102F600028F053FF58B1284628F05AFF0146204662
:102F700028F06BFA636C143B984208BF013709F1E3
:102F8000010996E7304628F09FFD002320461946A8
:102F9000044AFFF7C7FE002021E767201FE700BFB4
:102FA000443C002099B702082DE9F041036B90469C
:102FB000826B07689A4288BF8363426C436A90B011
:102FC00002FB0377C36B0E46052201A95B69044629
:102FD0003846984701A828F0F3FE012801463070D2
:102FE00057D0656CE26B2368606AD2F814C005FBA9
:102FF0000030052206A9E04706A828F0E1FE0128D6
:103000004FF0000523D0D4E90A3201219342CDE9E3
:103010000B458DF834800E958DF83C102AD1194659
:10302000204628F043FB236B626C14339B1AE0624A
:1030300023630C9B53B99DF83C303BB1626A616CD1
:103040002368E06B01FB023128F072FE0C9DE36BFC
:1030500005225B6901A93846984701A828F0B0FE0F
:1030600030702846236BA26B9A4288BFA36310B0CE
:10307000BDE8F081237C33B91C490BAA04F1080098
:1030800000F022FFD5E72046194A0BABFFF74AFEB6
:10309000CFE7237C23BB2246164904F1080000F049
:1030A00013FF616A204628F095FA616A421C2046A7
:1030B00028F00EFA054620B9236B626C1344143BCA
:1030C00023632046A16A28F0F1FA2368A062C01A9F
:1030D000636CB0FBF3F06062204628F02AFBB6E791
:1030E00000232046044AFFF71DFEDAE741380008B6
:1030F000BD37000833B80208CFB7020873B50D46D4
:10310000D11E4A421C461B7E4A419A4226D129685A
:103110002368994222D3636899421FD8114E0DF15A
:1031200007033246FFF754FDC0B972686B689A42D4
:1031300014D19DF80730DA1E53425341227E934248
:103140000CD1636901336361D4E90323934205D24F
:103150002968A26842F8231001332361012002B0DC
:1031600070BD00BF443C00202DE9F04F9A468BB063
:103170009DF85030DFF850B10293DBF810308046F4
:1031800053450D461646C0F09980D146DBF8043011
:103190000193B9F1000F00F08D80D8F83C30012286
:1031A0005B6907A90198984707A828F07BFDDBF821
:1031B0000030984240F0858007A828F07FFD042861
:1031C000074614D107A828F080FD019B029A044607
:1031D0003B44002A3FD1864212D91446361A404653
:1031E000019928F063FAA9EB04090190D1E7D8F816
:1031F0003C3002225B69019808A9984708A8E2E7D9
:10320000841B544528BF5446032C03EB0607AAEB46
:10321000040A4FEA94021CD9D8F83C3029463846B3
:103220005B69984724F0030304F003061F441D4420
:10323000002ED4D0D8F83C3001225B6908A938466A
:1032400098473246284608A935442BF0BBFC002697
:10325000C5E72646ECE7074600F003020392034465
:103260002A1804920593049BDD1B059BD81B039B26
:103270009F420FD1002FB2D0D8F83C30012208A9CC
:103280005B6998473A46284608A92BF066FC78B94E
:103290003D44A4E7D8F83C30012208A95B6998476F
:1032A0000422284608A92BF058FC08B9043FDAE7A5
:1032B0004FF0360948460BB0BDE8F08F4FF0630978
:1032C000F8E74FF06F09F5E7703C00202DE9F04179
:1032D0000F4616469846044688B060B390F83450BE
:1032E000FDB1012128F0CAF800210E9BCDE905119E
:1032F000CDE902379DF83C30CDF804808DF81C30C4
:10330000237C04968BB90D4901AA04F1080000F052
:10331000DBFDDDE90553E06B002E08BF1D4628F0FC
:1033200096FA284608B0BDE8F0812046044A01AB71
:10333000FFF7F8FCEDE70546F3E700BFFDB702082D
:10334000FD3000082DE9F04F99B00F4609920A6947
:10335000416C0E931439D31DB3FBF1F3013302EB2F
:10336000C302036B04469342C0F0BC810023DFF824
:1033700044940D93E36A48461946079300F028FEEB
:10338000D7E9033604930E9B022B4ED1CC2E40F08E
:103390008A81099B002B42D03946204628F0B5FA95
:1033A000656C079A6B1E13401490ED1AE36B0122B3
:1033B0005B6916A97868984716A828F077FC00285A
:1033C0000CBF04230823782E06933DD90123002542
:1033D0004FF0080A05933B6805990E98C9F800302C
:1033E000C9F8106028F084FC4FEA9A031093002378
:1033F000DDF81CB089F814000B930F9308930C931D
:10340000616C4A1E0BEA02028B1A002E38D055441A
:10341000AB4240D8236B5B1A13442363ABE0049B9D
:103420001B68149308230693D0E7656C079A6B1EFC
:103430001340782EA5EB030516D8FB7D7BB9099BBD
:10344000002BB3D104230693331DAB4210D9A6B190
:10345000082DBBD804250023AA460593BBE7099B8A
:10346000002BA3D10823EEE7099B002B9ED1D9E7BF
:10347000002505954FF0040AADE704250596F9E708
:103480005345C7D3B0460BEB0A030393089B002BAD
:1034900018BF032313E0A3EB0A039E42B0460BEBD5
:1034A0000A0228BF98469E420392EFD90123D9F819
:1034B000102089F81730964271D1C9F804B00893EA
:1034C00099F81730002B6CD099F818200899D31C64
:1034D00009EBC3030132C3F804B0A3F80880997262
:1034E00089F81820B8F1000F14D00E9B022B5BD185
:1034F0000B9B7BB90F9B4344032B0BD9E36B01223E
:103500009B69039814A998470546002840F0EC8071
:1035100001230B93089B16A80193059B009399F830
:1035200014204346396800F009FDE36B58469B6957
:10353000109A16A99847051E0D9B18BF5B46524668
:103540000D9359464346204628F0DDF8236B08F1D9
:103550000302A3EB0A0322F003029B1AC9F8080036
:103560002363002D40F0C0800F9BDDF80CB0434476
:10357000A6EB08060F935946204628F097F8002539
:103580008346002E7FF43CAF8A4A3968936804F181
:103590000800E36252680E9B00F048FC84E00223BE
:1035A0008DE7C9F804B09DE7099B002B30D1049B3F
:1035B000B8F1030F43440A9327D9DDE90301E36B14
:1035C0004FEA98029B6998470546002865D118F094
:1035D00003025FD0049B28F003052B440493039B54
:1035E0001D444FF0FF33049915A815932BF0EAFA08
:1035F000E36B28469B69012215A9984705460A9B5B
:103600000493002D86D0039B99E74246039DE8E78B
:10361000039B0A9307F120031193FB7D78689BB10C
:1036200000233D7E0C9AD9B28D4211D9119903F134
:10363000010C31F83310914226D9069907EBC303E8
:10364000D8690A44104403E00C9B069A13441844BA
:10365000E36B01225B6915A99847159B012213931F
:103660000C9B0A9804330C93E36B13A99B6998474E
:10367000039B0A9A43449B1A042B054607D978B941
:10368000134604330A93C8E76346521ACBE70A9BF2
:103690000393B6E70A9B04933CE70A9B0493B2E7C3
:1036A0000A9B0393AFE77026304619B0BDE8F08F50
:1036B000002657E004F1080028F006FA33463146A8
:1036C00020463D4AFFF72EFB3A69616CD31D143941
:1036D000B3FBF1F3013302EBC302236B9342BFF45C
:1036E00049AE65E01C26DFE73D2D61D104F10803FA
:1036F00003932368079A606CD61AB6FBF0F600FBBA
:10370000063028F08DFBE16A8246204627F0CEFF86
:10371000A26A8242D8D0626CD9F80830511E0B40A0
:10372000216BE062891A0B4423630D992368CB1A3D
:10373000B3FBF2F84645BBD1079BB3EB0A0611D0A9
:10374000E36BB20851469B6998478346E36A079A40
:103750003344E362236B03989B1A5344236328F09A
:10376000B3F95E462368616CE06B01FB083128F019
:10377000CCFA204627F08DFE204627F0BAFE626A7A
:103780002368606C00FB023028F04AFBA0622046F0
:1037900027F0CFFF2063002E8CD03A69616CD31DD7
:1037A0001439B3FBF1F3013302EBC3029042A0D210
:1037B0002E4679E7183C002099B70208032A2DE924
:1037C000F34106460D4617461C4606D1237A012BC7
:1037D00023D0012002B0BDE8F081DFF860800968E5
:1037E00042460DF10703FFF7F3F960600028EDD1C1
:1037F0009DF80720237A032AE8D0D8F804106A68D5
:103800009142E3D1012B2969D4F80CC007D1726928
:103810000CEB0103934202D92074207CDAE70831D3
:103820006144E1603B46012229463046FFF78AFDAC
:1038300060600028CAD00020CCE700BF443C0020D4
:103840002DE9F341089C032A1746266806D1237AFE
:10385000012B24D0012002B0BDE8F081DFF8908078
:10386000304642460DF10703FFF7B2F960600028C9
:10387000EDD12568D8F80400A96AD5F844C04840BD
:10388000CCF100031840227AE1D1012A09D1E26883
:10389000D8F8103013447269934202D92074207C06
:1038A000D9E72868EB6A1B1A081AB3FBFCF3B0FBD4
:1038B000FCF083420BD1706CF36A421E1340326BF2
:1038C000121A13442846336327F0F0FEE862D8F852
:1038D0001020E36808321344E36001223B460449A8
:1038E0002068FFF72FFD60600028B0D00020B2E70D
:1038F000443C00202DE9F0410025634B0E46D3F8EF
:10390000008004461D6018B921252846BDE8F081D5
:1039100090F8347007B30A6803689A4240F0AA80AE
:103920004A6843689A4240F0A5808A6883689A4250
:1039300040F0A080CA68C3689A4240F09B800A6940
:1039400043699A4240F096808A69C36B9A4240F07C
:1039500091804B698361D8E768223946856B2BF0EB
:1039600026F9D6E90212336804F10800236073686F
:10397000A5636360336963617369A36128F0B6F876
:10398000B36904F14000E3639B68984720B9676C12
:1039900017B16368B3FBF7F794F84330E761002B86
:1039A000B2D00023656C2366002D6BD0002F69D048
:1039B0002368B3FBF5F205FB1233002B5CD167687B
:1039C000B7FBF5F605FB1676002E55D1204627F0FD
:1039D0002CFDA369043303449F424FD340F6347255
:1039E0006369CC3B93424BD8B5F5805F4AD3032142
:1039F000204627F043FDD4E90001E36B1B6898479C
:103A00000546E36B0220DB6898472DB184F83460EB
:103A1000E06B27F01CFF78E741462046FFF7BEF930
:103A20006428054604D141462046FFF7B7F905460C
:103A3000636C143BD5B9226A204602FB03F627F0DB
:103A4000F4FCA369043303449E4203D284F8345047
:103A50005A25DDE70123D4E900010C4A84F834300B
:103A600013680133136028F0DBF8D1E7002384F8F2
:103A70003430CDE75D2548E7592546E75A2544E728
:103A80005F2542E75B2540E7A8350020A4350020EC
:103A90002DE9FF410C4616461F46054680B390F8B7
:103AA00034307BB3B1F5801F2ED2DFF86080012166
:103AB00027F0E4FC2146424628460DF10F03FFF7AC
:103AC00087F8044670B99DF80F30012B11D1D8F852
:103AD0001030BB4212D10246009031462846FFF713
:103AE00043FB0446E86B27F0B2FE204604B0BDE875
:103AF000F081022B14BF2D246024F3E76324F1E747
:103B00002124F2E71124F0E72924EEE7703C00209D
:103B10002DE9F04385B00C4617461E460546DDF8F4
:103B2000308098B390F8343093B3B1F5801F31D220
:103B3000DFF86490012127F0A1FC21464A4628467F
:103B40000DF10F03FFF744F8044688B99DF80F30D4
:103B5000012B14D1D9F8102006EB08039A4213D395
:103B600000904346324639462846FFF7FDFA0446A0
:103B7000E86B27F06CFE204605B0BDE8F083022B11
:103B800014BF2D246024F3E76324F1E72124F2E736
:103B90001124F0E72924EEE7703C00202DE9F341E1
:103BA0001F4600230C46164605463B6050B390F86E
:103BB00034304BB3B1F5801F28D2DFF85480012197
:103BC00027F05CFC2146424628460DF10703FEF72C
:103BD000FFFF0446A0B99DF80730032B10D0022B3D
:103BE0000AD10123336004233B60E86B27F02FFEEA
:103BF000204602B0BDE8F081D8F810303060F3E71D
:103C00002D24F2E72124F3E71124F1E72924EFE73B
:103C1000703C002073B50446416927F0EBFB626EEF
:103C2000236B024493422CBF00220122834294BFA3
:103C300000231B1A207C84F85020636584F8580008
:103C4000A8B100230B4E1A4619462046009627F0CD
:103C500029FF002305461A4619462046009627F0FC
:103C60002AFFE3682844984294BF0020C01AE06508
:103C700002B070BDFFFF0F002DE9F3471E464369F8
:103C80000446B342884617469DF828904FD3002536
:103C90008DF807502046616927F0ACFBD4F830A0BE
:103CA00082450AD2236AB5EB430F06D20022204692
:103CB0000DF10701FFF778F9B8B39DF80730012B34
:103CC00005D1002220460DF10701FFF76DF9B9F18A
:103CD000030F06D03146204627F08CFB256B85422A
:103CE00027D3154D4FF0FF31284600F071F94B46B0
:103CF000294600222046C5E90376C5F80080FFF773
:103D000021FB236E054663B12046FFF783FF94F83D
:103D1000503013B994F858301BB1236E04F15000A1
:103D20009847284602B0BDE8F0870135B2E7622522
:103D3000F7E71C25F5E700BF443C00202DE9FF41D3
:103D40000F4690461E46054698B390F8343093B31C
:103D5000B1F5801F31D21A4C022127F08FFB224689
:103D6000394628460DF10F03FEF732FF024678B1BF
:103D7000012342460093394633462846FFF77CFF2D
:103D80000446E86B27F063FD204604B0BDE8F081EF
:103D90009DF80F30012BEBD12169B142E8D100939E
:103DA000414633462846FFF7DFF904460028DFD1B5
:103DB000E7E72124E8E71124E6E72924E4E700BF48
:103DC000703C002030B50C46054685B028B390F80D
:103DD000343023B3B1F5801F23D2022127F04EFBEC
:103DE0000DF10F03214628460F4AFEF7F1FE034668
:103DF00088B99DF80F20032A0DD003222146009296
:103E000002462846FFF738FF0446E86B27F01FFDFF
:103E1000204605B030BD2D24F7E72124F8E7112412
:103E2000F6E72924F4E700BF703C00202DE9F043B9
:103E3000466886B3056898464FF0000CA946AE4622
:103E400055F83C400CF1010CC4F31307013401D0C8
:103E5000B94217D066450EF1080EF1D12F46002465
:103E600003E0A64207F1080712D055F834300134B8
:103E70000133F6D1C1F3130141EA0851C7E9001239
:103E8000BDE8F08341EA0851CEE90012BDE8F083B5
:103E9000B8F1030F03D101230372BDE8F0830023BF
:103EA00003E09E4209F10809F5D055F8334001338B
:103EB000C4F30754032CF4D1C1F3130343EA0853AA
:103EC000C9E90032BDE8F0832DE9F04106464068BB
:103ED00082B0C0B10F4690460024336853F8345086
:103EE00003EBC403C5F30752C5F31301013504F115
:103EF000010406D05B683046CDF80080B84710B1A9
:103F000070688442E9D302B0BDE8F081024B1968C1
:103F1000024B1868FFF7EEBCD0820020F082002030
:103F200008B537F0F2FE014B186008BD9C3C00203C
:103F3000014B186837F0E4BE9C3C002073B5044682
:103F40002248012A00EAC1119DF8185023F07C4054
:103F500007D9961E012E28D9073303F07F03194392
:103F600008E09DF81C300A43DB0603F0C0531343FE
:103F700043F060410023C4E900108DF80730B5B16B
:103F8000202221460DF1070027F066FF1A220DF1CD
:103F90000700211D27F060FF082063689DF80720B7
:103FA00043EA8263636002B070BD1143E2E71B2203
:103FB0000DF10700214627F04FFF23689DF80720E9
:103FC000042043EAC2632360EDE700BF80FFFF07E0
:103FD00038B5094B0D461A68002104462AF0E7FD62
:103FE00000234FF0FF322383C4E900252361A26040
:103FF000E382A37638BD00BFE0C703080138C0B232
:1040000005289ABF014B185C01207047E5C70308DB
:104010002DE9F0410746154600240E46596888B040
:10402000490A012922464FEA510104F10104F8D856
:10403000DC78997824031B88C90201F4006104F438
:1040400080540C43C3F30A035203234492B24FF04B
:1040500000089C18274B6FEA0444039325F078432B
:10406000ED4302A90DF107001B2202938DF8078092
:1040700027F0F2FE9DF80720029B02A943EAC263E3
:104080000DF107001B2225F07845049302958DF869
:10409000078027F0E1FE9DF80720029B6FEA144499
:1040A00043EAC26305934FF0FF330794069307A9D1
:1040B000BB69012206F110009847BB6905A90446B7
:1040C000012206F108009847BB69404518BF044625
:1040D00004A90122301D98470122404518BF04461B
:1040E000BB69304603A99847404508BF204608B041
:1040F000BDE8F08101009AB2044BD3F88420D206C7
:10410000FBD4D3F88400C0F3811070470040005006
:1041100038B5174B0546D3F828310C4603F0070392
:10412000013B052B20D8DFE803F003131B0F0B170F
:1041300036F08AFB052305B1286004B1236038BD41
:1041400036F082FB0623F6E736F0C8FB0723F2E7DA
:1041500036F0BAFB0323EEE736F0B6FB0423EAE7BA
:1041600036F0AEFB0223E6E700231846E3E700BF84
:1041700000800050002337B50193164B0546D3F855
:1041800020320C4603F00703042B21D8DFE803F0AC
:10419000030B11161B0001230DB1019A2A6004B113
:1041A000236003B030BD002101A8FFF7B1FF122347
:1041B000F2E736F093FB07230190EDE737F09AFD25
:1041C0000A230190E8E736F0DDFB09230190E3E7DD
:1041D0000023E1E70080005038B5104B0546D3F8C6
:1041E00080300C4603F00303022B0BD0032B0DD0C1
:1041F000012B0FD136F02EFB0E2305B1286004B140
:10420000236038BD36F06AFB0723F6E736F01CFB67
:104210000623F2E700231846EFE700BF00800050B6
:1042200038B5104B0546D3F800310C4603F00303B4
:10423000022B0BD0032B0DD0012B0FD136F044FBFA
:10424000032305B1286004B1236038BD36F09AFB22
:104250000923F6E736F03EFB0823F2E701230020AE
:10426000EFE700BF0080005038B5184B0546D3F883
:1042700020010C4600F00700062823D8DFE800F0F4
:10428000040A0E16121A1E00012305B1286004B19B
:10429000236038BD36F0D8FA0523F6E736F014FB74
:1042A0000323F2E736F01AFB0723EEE736F008FBAC
:1042B0000223EAE736F0C8FA0623E6E736F004FB05
:1042C0000423E2E700231846DFE700BF0080005028
:1042D00038B5104B0546D3F840310C4603F00303C4
:1042E000022B0BD0032B0DD0012B0FD137F002FD89
:1042F0000A2305B1286004B1236038BD36F042FBC3
:104300000923F6E737F0F9FC0C23F2E7012300203C
:10431000EFE700BF00800050002337B50193164B34
:104320000546D3F860320C4603F00703013B032B2C
:104330001FD8DFE803F0020E1914002101A8FFF7CF
:1043400093FF10230DB1019A2A6004B1236003B0DA
:1043500030BD002101A8FFF7BBFF1123F2E736F0C3
:10436000BDFA07230190EDE736F0AAFA0223019087
:10437000E8E70023E6E700BF00800050002337B5E0
:104380000193164B0546D3F894320C4603F007030D
:10439000013B032B1FD8DFE803F0020E19140021A4
:1043A00001A8FFF761FF10230DB1019A2A6004B143
:1043B000236003B030BD002101A8FFF789FF11235E
:1043C000F2E736F08BFA07230190EDE736F078FA42
:1043D00002230190E8E70023E6E700BF00800050D9
:1043E00038B5104B0546D3F860310C4603F0030393
:1043F000022B0BD0032B0DD0012B0FD137F07AFC01
:104400000A2305B1286004B1236038BD36F0BAFA3A
:104410000923F6E737F071FC0C23F2E701230020B3
:10442000EFE700BF008000502E4B98424AD022D8C0
:104430002D4B984240D014D82C4B984239D00AD8F2
:104440002B4B984232D02B4B98422FD02A4B98427C
:104450002CD000207047294B9842FAD1284B186F76
:104460007047284B98422AD0274B9842F1D1244BD1
:10447000D3F880007047254B98422BD009D8244BA5
:10448000984223D0234B9842E3D11D4BD3F88C00A4
:104490007047214B984221D003F5740303F5105364
:1044A0009842D6D1164BD3F898007047144B986DAC
:1044B0007047134B586E7047114B586F7047104B35
:1044C000986F70470E4BD3F8840070470C4BD3F8AD
:1044D000880070470A4BD3F890007047084BD3F818
:1044E000940070470048E8010024F400C0CF6A003F
:1044F00080841E0000093D0040420F00405DC60060
:104500000080E00FC0EA210180BA8C01007E5603D2
:1045100080D54302006CDC020090D00373B50D46D9
:104520000021114B0191D3F88041064604F00304A9
:10453000022C13D0032C0CD0012C13D101A8FFF7AF
:1045400093FE10240EB1019B336005B12C6002B0C4
:1045500070BD36F0C3F907240190F3E736F0B0F9E7
:104560000190EFE70C46EDE70080005038B5104BA6
:104570000546D3F840320C4603F00303022B0BD060
:10458000032B0DD0012B0FD137F0B4FB0A2305B15B
:10459000286004B1236038BD36F0F4F90923F6E74A
:1045A00037F0ABFB0C23F2E701230020EFE700BF5D
:1045B0000080005038B5144B0546D3F800020C4675
:1045C00000F0070004281BD8DFE800F003090D11F4
:1045D0001500012305B1286004B1236038BD37F010
:1045E00089FB0A23F6E736F0CDF90923F2E737F025
:1045F00084FB0C23EEE736F04DF90F23800AE9E740
:1046000000231846E6E700BF0080005038B5144B81
:104610000546D3F808020C4600F0070004281BD812
:10462000DFE800F003090D111500012305B1286032
:1046300004B1236038BD37F05DFB0A23F6E736F09E
:10464000A1F90923F2E737F058FB0C23EEE736F027
:1046500021F90F23800AE9E700231846E6E700BFA7
:1046600000800050B0F5207F1FD009D8B0F5007F42
:1046700015D003D868B1B0F5C07F0AD000200CE097
:10468000B0F5607FFAD10B4BD3F88000C0F3011076
:1046900003E0084B186FC0F3033001307047054B3F
:1046A000D3F89000C0F30460F7E7024B186FC0F333
:1046B0008020F2E70080005002464FF48030104B1B
:1046C00010B598660020FFF7CDFF504341F67132D8
:1046D0000C4BDC69DA635A6804F4803422F440122B
:1046E00059B90949884294BF0020012000050243BE
:1046F0005A600CB10022DA6310BD0449F2E700BF32
:104700000090005000000350005A6202002D310159
:10471000430905D0012B0CD0022B084B18BF0023F6
:1047200000F01F0039B103F58053012282401A6066
:104730007047034BF4E703F50053F6E76880005039
:10474000648000501FB50021B0F5807F0446CDE99C
:10475000001100F0D2803AD85E2833D85E2833D8D2
:10476000DFE800F045323232323232323232323227
:104770003232323232323232323232323232323219
:104780003232323245AC45ACBCBCBCBCBCACC64E13
:104790006BDC4EACACAC3232323232323232ACAC98
:1047A000AC7EE6AC323232323232323232323232F5
:1047B00032BC454545E14E4EEB8D63C1323232325B
:1047C000329E4500802870D0009804B010BDB0F52E
:1047D000D06F00F0A38035D8B0F5607F79D01AD8BB
:1047E000B0F5007F65D005D8B0F5C07FECD136F0CC
:1047F00051F85CE0B0F5207F60D0B0F5407FE3D1A8
:1048000036F048F802464FF42070FFF72BFFB2FB5A
:10481000F0F252085BE0B0F5B06F69D00AD8B0F59D
:10482000806F5BD0B0F5A06FCED100216846FFF756
:10483000A1FCC9E7B0F5C06FC6D100216846FFF7FB
:1048400047FDC1E7B0F5106F6DD00ED8B0F5086F19
:1048500078D0B9D8B0F5E06F6AD0B0F5F06FB3D1C9
:1048600000216846FFF7BCFDAEE7B0F5406F3AD0D7
:1048700013D8B0F5206F60D0B0F5286FA4D1002117
:10488000324B0391D3F8703203F00303012B02D1B2
:1048900003A8FFF71DFD039B39E0B0F5486F93D1E6
:1048A00000216846FFF76AFD8EE735F0D3FF0090E0
:1048B0008AE735F0CFFF0246204604E035F0EAFFF4
:1048C00002464FF42070FFF7CDFEB2FBF0F20092EB
:1048D0007AE701A8FFF780FC019AEDE7002168461E
:1048E000FFF7C2FC70E700216846FFF711FC6BE799
:1048F00000216846FFF712FE66E74FF0E0230291C1
:104900001B695B0705D535F0C5FF0290029B00933C
:104910005AE703A902A8FFF7DBFCF7E70021684686
:10492000FFF748FE50E700216846FFF76FFE4BE7B0
:1049300000216846FFF71AFE46E700216846FFF7A8
:10494000EBFC41E76846FFF76BFC3DE70080005059
:1049500008B58020FFF7F6FE034B98429EBF4FF448
:104960008032024B1A6708BD005A620200A0005054
:104970001FB503460020B3F5807F019000F0C5808D
:1049800065D85D2B56D84C2B07D82D2B48D8232B18
:104990002CD8019805B05DF804FB4D3B102BF8D8DE
:1049A00001A252F823F000BF014B00089349000810
:1049B0009349000893490008AF4A0008934900084A
:1049C000934900085B4B0008CD4A0008734A000871
:1049D000514B000893490008934900089349000887
:1049E0009349000893490008654B0008243B092BB4
:1049F000CFD801A252F823F0014B0008014B000868
:104A0000014B0008014B0008014B000893490008C6
:104A1000F74A0008934900088F4A0008374B0008FE
:104A20003D2B00F083803E2BB3D1002001A9FFF77E
:104A30009DFDAEE7802BACD1504B1B6F03F00703FD
:104A4000013B032BA5D8DFE803F0544D5052B3F5DA
:104A5000F06F6BD020D8B3F5B06F4CD00ED8B3F553
:104A6000607F71D095D3B3F5806F49D0B3F5A06F57
:104A70008FD1002001A9FFF77DFB8AE7B3F5D06F46
:104A800059D0B3F5E06FD0D0B3F5C06F81D100201D
:104A900001A9FFF71DFC7CE7B3F5206F5DD00BD8B3
:104AA000B3F5086F4CD0B3F5106F7FF472AF0020F0
:104AB00001A9FFF7ABFD6CE7B3F5406F48D0B3F544
:104AC000486F4FD0B3F5286F7FF463AF2B4BD3F80B
:104AD000703203F00303012B49D0022B0CBF1523C6
:104AE000002300E00523019353E70323FBE708239A
:104AF000F9E70223F7E7002001A9FFF70FFD48E7D8
:104B0000002001A9FFF7B0FB43E74FF0E02302903C
:104B10001B695B0705D535F0BDFE0D230393039B91
:104B2000E1E703A902A8FFF7D3FBF8E7002001A9FA
:104B3000FFF756FC2DE7002001A9FFF73BFD28E712
:104B400001A9FFF76DFB24E701A9FFF745FB20E76B
:104B5000002001A9FFF7DCFA1BE7002001A9FFF7FD
:104B6000DBFB16E7002001A9FFF708FC11E7002195
:104B700003A8FFF7ADFB1123B5E700BF008000508D
:104B80004FF48032074B0849586E03F580535A663C
:104B90004B6A23F001034B62C3035CBF034B5A66AD
:104BA000704700BF0080005000C0075000A00050B8
:104BB00008B5FFF7DDFE092811D00A38012802D90F
:104BC0004FF6FF7008BD4FF48002064B5A6603F59E
:104BD000D8335B6ADB07F3D54FF4FA70F2E7024B88
:104BE0001888EFE700900050EE85002008B5FFF729
:104BF000BFFE03280ABF024B4FF6FF70188808BD9E
:104C0000EC85002038B504468020FFF7B1FE03286C
:104C100000F083804FF48012524B4FF0A0615A662F
:104C200045F60E02504BC3F88020504A91624FF473
:104C3000803102F5805291629A6DD203FCD4996D55
:104C400011F08041FBD1D4E90002120542EA006272
:104C5000E07B0243207B42EA0042607B42EA003272
:104C6000A07B42EA80121A619869D4E904521206C4
:104C700042EA856200F000400243A07EE57E0243E6
:104C8000207E42EA0042607E42EA00229A611A6A6D
:104C9000E06922F00F0242EA8502354D00283DD13D
:104CA0001A6294F82420996A94F82000D2002940CE
:104CB00042EA40120A4394F8211042EA011242F4F7
:104CC00080329A622B49284A936D31EA0303FBD163
:104CD0004FF08071254881621369A56823F4700341
:104CE00043EA055313614FF00043836194F8223087
:104CF0000BB9214B996294F823303BB94FF48032C1
:104D00001D4B9A62184A936D5B00FCD494F82530D1
:104D10001BB1154B194AC3F8802038BD024342F03D
:104D2000080202281A6208D119614FF408529961E9
:104D300013484FF47F4127F0ADF80B4994F8223027
:104D40008A6A94F820001B062A4043EA4013134362
:104D500094F8242043EAC20394F8232043EA024350
:104D60008B62D3E7009000500040005A0050005A78
:104D7000C7FFFEFE030001000060005AF1A7FFFF1D
:104D80003440005A014B93F9000070478D86002093
:104D9000F0B5D0E901434FF400061A4A417805788E
:104DA00056664FF4D156022702F5B8325662164EB7
:104DB0004F2977604FF0010728BF4F2106F5805635
:104DC00077601669F603FCD441EA052151611B01A5
:104DD000417B43EA04230B43017B43EA4103936095
:104DE000C37B817B1B0143EA4113417C0B43017C64
:104DF00043EA41035360837C13B16FF4D153536290
:104E0000F0BD00BF0090005000100250014B188010
:104E1000704700BFEE850020014B1880704700BF2F
:104E2000EC8500204FF4800208B5184B5A66022327
:104E3000174A5360936813F48033FBD1012822D1C1
:104E400035F042FD134B984215D003F5122303F5BC
:104E5000F863984213D0104B00EB8002400AB3FB7A
:104E6000F0F3520A0A49CA620B6301234B62002223
:104E7000074B5A6008BD45F67A13084AF2E745F633
:104E80001A03074AEEE75362F1E700BF00900050B3
:104E90000040025000F0490264666666D8B805001A
:104EA000BBCF0500B0F5207F10B50C465DD008D80B
:104EB000B0F5007F4ED003D8C0B1B0F5C07F15D09B
:104EC00010BDB0F5607FFBD12C4B4C1ED3F8FC20FD
:104ED0002B4912F0807F4FEA041427D1D1F880309B
:104EE00023F030032343C1F88030E9E726F0E1FFE7
:104EF00026F0EDFF4FF48031224B214A1967136FE2
:104F0000013C23F4704343EA0433136735F0C2FCD9
:104F10000446FFF7F1F8C0F10201204626F0D1FF68
:104F200000F04AF8BDE81040FFF712BDD3F8FC20AE
:104F300022F08072C3F8FC20D1F8802022F03002E9
:104F40002243C1F88020D3F8FC2042F08072C3F8DD
:104F5000FC20B5E70A4A4C1ED2F8903023F0F853F3
:104F600043EA0463C2F89030AAE7054A4C1E136F67
:104F700023F4806343EA84231367A1E700ED00E094
:104F8000008000500090005008B50121022000F080
:104F900095F94FF42070FFF765FB054B187026F06C
:104FA00088FF26F094FF4FF48032024B1A6708BD49
:104FB0004F7F00200090005008B54FF4C070FFF7FD
:104FC000C1FBBDE808400449884294BF0121022189
:104FD0004FF42070FFF766BF80F0FA0238B5044640
:104FE00035F058FC0546FFF787F8C0F10201284666
:104FF00026F067FF0121002000F0A0F92CB1FFF797
:10500000DBFFBDE83840FFF7A3BC034B4FF4207033
:105010001978FFF747FFF4E74F7F00204FF4C022D5
:1050200070B50546FFF700FA314B04465A6603F5A2
:1050300098335A68012A04D12E494A605A68920767
:10504000FCD48020FFF794FC052807D126F031FF1F
:1050500026F03DFF4FF48032254B1A67264B24F093
:1050600040749D4230D0254B9D4230D035F0ECFB52
:105070008542064603D90121284600F05FF9204BFE
:10508000DA6812F0060FFBD199689C609A6862405A
:1050900012F4F81F1ED12846FCF716FF8020FFF7F8
:1050A00067FC05280DD135F0F5FB0446FFF724F821
:1050B000C0F10201204626F004FFFFF77DFFFFF755
:1050C00047FCAE420CD270BD44F00074CEE744F011
:1050D0008074CBE780209960FFF74AFC052805D053
:1050E000BDE870400121002000F028B93546DAE71C
:1050F0000090005000E0015040420F0080841E00EC
:10510000000001503D4B3E4A984263D021D83D4BB0
:1051100098426BD011D83C4B4FF40021984261D09B
:1051200008D83A4B98423AD0394B984230D0394B54
:10513000984240D00023516639E0374B984243D023
:10514000364B4FF400219842F4D1354BD3F8BC30A4
:1051500021E0344B984241D011D8A3F53703A3F591
:10516000D853984246D003F5B70303F558639842E5
:105170004FF40021DED12A4BD3F8C8300BE02A4B84
:105180004FF400219842D5D1254BD3F8D03002E01E
:10519000234BD3F8A030516623F0407307E0204B37
:1051A000D3F8A030516623F0407343F080734FF082
:1051B000B442936070471A4BD3F8A030516623F085
:1051C000407343F00073F2E7154BD3F8B8304FF457
:1051D0000021E0E7124BD3F8C030F8E7104BD3F8CA
:1051E000CC30F4E70E4BD3F8A430D4E70C4BD3F813
:1051F000B030ECE70A4BD3F8C430E8E7C0EA21014D
:105200000090005080969800404B4C0080841E0017
:1052100000093D0040420F00405DC6000024F4003C
:105220000080E00F0048E801005A6202024A536B16
:105230000342FCD1704700BF00400950044A417846
:10524000536F23F4407343EA01235367704700BF51
:1052500000400050104A10B51369044643F004039F
:10526000136135F0CDFF26F037FE0C4B5B6E5B0112
:1052700042BF0B4B0B4AC3F82024BFF34F8FBFF341
:105280006F8F30BF26F029FE02F032FA1CB9BDE85C
:10529000104035F0FFBA10BD00ED00E00080005076
:1052A00000E003500000FF0F034A0179D36E23F0A2
:1052B00030030B43D366704700400050F8B50446F6
:1052C0001C4BD3F88420D106FBD4D3F88430C3F32D
:1052D00081139C422CD035F0BDFA012C064602D138
:1052E000214626F0EEFD36F010FD4FF00072124B15
:1052F00007465A66204626F0F3FD4FF480630D4DB5
:10530000621E93402B676B6E9A0103D4D5F88430EC
:105310009B060AD5384636F0F3FC022C08D13046FD
:10532000BDE8F840002126F0CCBDD5F88430EAE78E
:10533000F8BD00BF004000500060005010B50C46A2
:1053400008B935F087FA074B21461B783BB1064B6D
:10535000984204D80120BDE81040FFF7AFBF0220FB
:10536000F9E700BF507F0020005A62020278034B29
:10537000012100201A70FFF7E1BF00BF507F00201D
:105380004FF0004238B5244B244C5A664AF6CD33D0
:10539000656C014605F00105236428BB0120FFF779
:1053A00045FF6368DB0715D51D4B586008461D4B4C
:1053B000226BD2070CD4984208D1072415B1174BA1
:1053C000194A1A6434F03EFB204638BD0130EFE73D
:1053D0009842F2D00024F1E70132236B13F0080366
:1053E00005D08A42F8D1E8E700220E49F5E78A4263
:1053F000E3D020210A4A91620121A2F58052516036
:105400000649084A886A800603D49342D5D00133FE
:10541000F8E79342DDE700BF0090005000400950DC
:105420000060095040420F003254FFFF4FF000422D
:1054300038B5164B01465A664AF6CD33144C154A18
:10544000656C236443780B205B0043F00103D36356
:10545000FFF7ECFE63688A7823F4F87343EA0213DB
:105460006360CA784B7943EA0223A3600A798B7997
:1054700043EA022323610878FFF782FFEB0744BF6A
:10548000054B236434F0DEFA012038BD0090005053
:1054900000400950004000503254FFFF4FF00042DE
:1054A000124B70B55D6E03F580535A664AF6CD33E4
:1054B00004460F4980204E6C0B64FFF7B7FE0B6A61
:1054C00023F00F030F2C94BF234343F00F030B6211
:1054D000F30744BF074B0B64002DA2BF4FF00042FF
:1054E000054B5A6634F0AEFA70BD00BF0080005024
:1054F000004009503254FFFF00A000504FF000421E
:10550000104B70B55D6E03F580535A664AF6CD3385
:1055100004460D4980204E6C0B64FFF787FE0B6A32
:1055200023F4F85343EA04230B62F30744BF074B09
:105530000B64002DA2BF4FF00042054B5A6634F0B9
:1055400081FA70BD00800050004009503254FFFFC6
:1055500000A0005010B526F0C8FC042300F58051CF
:1055600000F500520B6113610B6113610B61136154
:105570000B611361202341F2020103610023C36028
:10558000836041614FF4A0218361836541620549D5
:10559000C36103628362C36243630365D1640363CF
:1055A00010BD00BFFF3F0D0370B505461446084609
:1055B00041B9354B9D4218D0344B9D4208BF57200E
:1055C000FFF7C0F8AB6813F0010F6B6830D0B0FB89
:1055D000F4F4D80704F1FF344FEA046407D42B69CC
:1055E00023F07F4323432B6170BD5620E8E7282139
:1055F000284626F076FCAB6C990715D1AB6CDA0720
:1056000014D4AB6C13F0020F14BF062600262846F4
:1056100026F06BFC2B69314623F07F4323432B613B
:10562000BDE8704026F07BBC0526F0E70926EEE7D2
:10563000AB6DDB07AB6848BF640003F0E003402BB1
:105640001BD004D8DBB1202BCED1082304E0602B83
:1056500017D0802BC8D1012363434101B1FBF3F282
:105660000B4B203A284603EAC202012126F039FCFE
:105670002A63BDE8704026F034BC0623ECE7102313
:10568000EAE70423E8E700BF0000015B00000A50DE
:10569000F8FF7F002DE9F0419846436804460E4626
:1056A00017461BB140F6FF7126F01BFC2046FFF7A2
:1056B00051FFF189737B62690B43318A22F44C52AA
:1056C00022F00F020B4313436361A26896F818C0DF
:1056D000337B22F0804222F0E2024CEA03031343C0
:1056E00072691343B268A3601AB9A36843F0004318
:1056F000A360F06904F58053002878D0857A017A98
:105700006D04D4F808E045EA81556E490EEA0101BE
:105710000D43818801F4C0410D43417845EA81057C
:10572000417B45EAC105817B45EA0115817845EA5F
:105730008125A560D4F80CE0D0E904152943624D19
:105740000EEA05052943857941EA8521C57941EAB3
:105750004521E16001785D4D012914D1E16841F0F6
:105760000401E160AC4200F0928059498C420CBFC8
:1057700001214FF0FF31490101F1A04142F294456E
:1057800001F5703114E003297BD1E16841F0040197
:10579000E160AC4279D04E498C420CBF01214FF000
:1057A000FF3141F29445490101F1A04101F5703109
:1057B0004FF0020E41F805E0417A996219B1E168B3
:1057C00041F40061E160C17A59B1E16841F40041FE
:1057D000E1603E498C425CD1017B3E4D01F00F01FE
:1057E0006967616AC07B21F00301014361622FB1E7
:1057F00097F82010002956D001211962B8F1000F46
:105800002DD0BCF1000F02D04FF4004199652F4913
:10581000B8F822508C4298F8211051D02C4884427C
:1058200013D10120112934BF4FF0010C4FF0020CAD
:10583000294FB5F5006F07F800C094BF4FF0010C79
:105840004FF0020C254F07F800C0A06D294320F44B
:10585000F95020F01E000143A16501219965012145
:1058600059601AB120467168FFF79EFE20463178D4
:1058700026F055FBA36CDB4313F4405FFAD1BDE87F
:10588000F0810239012984D96CE7002189E70021E0
:1058900071E70F498C4201BF017B0E4D01F00F01F2
:1058A000C5F880109DE7E06997F8221097F821501D
:1058B00020F009002943014341F00101D9619DE72E
:1058C0000020AFE7E39BBDFFFFF9F0870000015B1D
:1058D00000000A5000900350537F0020517F0020A9
:1058E0002DE9F04105460F461E4690464AB1012378
:1058F0003022194C8B4002FB004436B304F582542D
:1059000023600F21072F05EB450388BFA7F108048B
:105910004FEA0313114895BFBC00A40004330C33B5
:1059200008FA04F2A140184426F026FBB8F1000F53
:1059300009D101233021084ABB4001FB05223EB1B9
:1059400002F582521360BDE8F08104F50154D7E7F7
:1059500002F50152F6E700BF00C0035030C003500B
:1059600010B5152000F002FF0024FF22064B21464F
:105970005C6520209A625C60FEF7CAFE2146BDE8A5
:1059800010402120FEF7C4BE00000450044A054B1D
:10599000002908BF1346012282401A60704700BFE9
:1059A000401004504020045010B50121044620202E
:1059B000FEF7AEFE01212120FEF7AAFE0122114BC7
:1059C00015205A60227812069A606178A27842EA1D
:1059D00001429A61FF229A6200229A631A644FF090
:1059E00000425A654FF0FF3203F500531A6500F08C
:1059F000EBFE1520E17826F015FCBDE810401520DF
:105A000000F0C6BE00000450F8B50125C3B2D1F8BD
:105A100000C08F7A0E7B0C469D40CB7A1C491B053B
:105A20000D65810001F1A04101F58821C1F804C094
:105A30004FF0300C0CFB00F0617B00F1A04043EA1A
:105A4000074300F5802043EA465322F00302016633
:105A5000C365026736F062F90E4B227A5D6502B1CA
:105A60001D64627A02B19D632279A37943EA0243FD
:105A7000074A93616179E37943EA014305498B6100
:105A8000054B55639D64BDE8F84036F042B900BF50
:105A900000200450001004500000045010B50124F0
:105AA000C0B2844036F03AF9044B5A6D22EA04023F
:105AB0005A659C62BDE8104036F02BB900000450D6
:105AC00010B50124C0B2844036F028F9074BDA6AD9
:105AD000224208D15B6B9C430CBF0124002436F0AA
:105AE00018F9204610BD0024F9E700BF000004505B
:105AF00070B5054636F012F93022084B5E6B02FB9A
:105B000005335C6E36F005F90123EDB2AB4033424C
:105B10000ABFC4F30A100020013070BD0000045019
:105B20004FF48032054B9A6641F6713203F51C330F
:105B3000DA63012203F50053DA60704700900050E9
:105B40000B4B01219B6EDB035EBF4FF48032094B90
:105B50009A6641F67132084BDA63084AD160002236
:105B6000DA634FF48032A3F518339A66704700BFAA
:105B700000800050009000500000035000200350AF
:105B8000013831289ABF024B185C0020704700BFD3
:105B9000EBC70308021E30B54FF000000CBF102504
:105BA000042547F60774084952B9831D51F823307C
:105BB000234023B101308542F6D14FF0FF3030BD94
:105BC00000F11603F2E700BF0080035038B5C2F3BE
:105BD0000625044602F0070241B942EA052242F4D2
:105BE00040220634074B43F8242038BD114628468E
:105BF00026F0D1F902462846FFF7C2FF163442EAE2
:105C00000022EFE7008003504FF48032064B5A66C3
:105C100003F5E6239B69C3F38512827003F03F020C
:105C20001B0B42700370704700900050014B986C42
:105C3000D96C70470080E00F0120034B9B680A334A
:105C400003F01F03984070470080E00F38B501252E
:105C500000F580531D630223C36000231C4A00F536
:105C600000548360836162614FF6FF720362C26118
:105C70004CF680624362436683660367C0F88430F3
:105C8000C0F88830C0F89030C0F8A430C0F8A83010
:105C9000C0F8B030C0F8FC20C0F8EC30C0F8F030EC
:105CA0001F230146C0F8F83026F097F925630B6BE7
:105CB00013F00203FBD14B600B66C1F88030C1F8D2
:105CC000A030C1F8E030C1F8E830C1F8E43038BDA8
:105CD0007700770710B5044626F001FA26F0EBF9B5
:105CE000502126F0C2F926F0D1F9204626F0D5F948
:105CF00026F0FFF926F004FA042304F5805104F598
:105D000000520B6113610B6113610B6113610B6135
:105D10001361202341F2020123610023E360A360A9
:105D200061614FF4A02161620649E3612362A361CE
:105D3000A365A362E3622365D16423636363236382
:105D400010BD00BFFF3F0D03F8B504460D46FFF739
:105D5000C1FF23692A7823F0870313436A7A43EA51
:105D6000420343F080032361A368AA7A23F003036C
:105D700043EA420343F00103A36063692A7A23F0F4
:105D80000F031343636123696A6823F07F4343EA87
:105D900002632361EB68002B5AD02269187922F044
:105DA000F80242EAC0121878997942EA4012D8788B
:105DB00042EA0012D87A42EAC00242EA8112226123
:105DC000E2689E7C22F0F04222F4702242EAC6622F
:105DD000DE7C587942EA06429E7842EA862242EA0E
:105DE000C032E260A2689E7A22F4C04242EA4632A1
:105DF000A2605A7804F580569202B260676ADA7B34
:105E0000234E02F003023E4032431E7B360106F071
:105E1000700632435E7B360206F4E06632439E7BB8
:105E2000360306F4E04632435E7A360406F4702602
:105E3000324362621A8AA261C8B1164A944208D1FA
:105E40007422D879002126F0D1F9EB689A799AB9B1
:105E5000F8BD114A9442FBD18022D879002126F066
:105E6000C5F9EB689A79002AF2D07C2205E0002976
:105E7000EED0084A944206D17022187A0021BDE87B
:105E8000F84026F0B3B9044A9442E1D1EDE700BFEF
:105E90008C88F0FF0000015B00000A50012243786B
:105EA00001789A4030235943014B5A50704700BF44
:105EB00040E00350034BD3F82424D3F820041040CF
:105EC000704700BF00C00350064BDA6E02F030028C
:105ED000202A06D0DA6E22F0300208B142F0100219
:105EE000DA667047004000502DE9F8431F4B054625
:105EF000D3F810334B1E0E2B0E461746047890F83D
:105F0000018026D951B34FF0000928461FB334F061
:105F1000ADFD0F21B8F1070F04EB440488BFA8F1D1
:105F200008084FEA0414124895BF4FEA88084FEA60
:105F3000880804340C3409FA08F201FA08F1204404
:105F400026F0F6F886B9284657B1BDE8F84334F094
:105F50008DBD8946D9E7FFF7A1FFDAE78946D8E783
:105F6000BDE8F843FFF79ABFBDE8F88300C00350CF
:105F700030C003502DE9F0412B4B1746D3F81023C6
:105F80004A1C06460C46407804D1D3F8241426F067
:105F9000DEF80446002C2FDB072C4FF00305327887
:105FA0002DDC4FEA840805FA08F529461F4802FA55
:105FB00008F226F0BDF8294672781D4802F0030267
:105FC00002FA08F226F0B4F8012317F0050F194A77
:105FD00018BF194903FA04F30CBFC2F81034C1F812
:105FE000103417F0060F18BF134AC2F814340123F7
:105FF000104AA340C2F820342046BDE8F081A4F145
:1060000008084FEA880805FA08F529460B4802FAFD
:1060100008F226F08DF87278294602F0030208484B
:1060200002FA08F2CEE700BF00C0035000C40350DC
:1060300008C4035000E0035000D0035004C40350D0
:106040000CC4035038B505460C4C0140D4F830342C
:1060500023EA0003C4F83034D4F830341943C4F8C8
:106060003014D4F82C340343C4F82C34012004F544
:106070000054FFF729FFC4F8205438BD00C0035076
:10608000124B70B5D3F81033064626F07AF8044662
:10609000481C154603D1621C05D1204670BD631C07
:1060A000FBD08C420ED13046032185F00102FFF770
:1060B0001BFF012004F1100305FA03F19840FFF7DC
:1060C000C1FFEAE74FF0FF34E7E700BF00C003502D
:1060D000054B9A689107FCD45A689207F9D4DA699B
:1060E000002AF6D1704700BF00800A5010B5034C5B
:1060F000636834F0C7FC0223236110BD00800A509E
:1061000008B5FFF7E5FF0122024B03F580514A6015
:106110001A6108BD00800A50044B10B55C68012C60
:1061200003D1FFF7E3FF024B5C6010BD00800A5013
:1061300000A00A5038B5074DFFF7CAFF6B68044648
:10614000012B03D1FFF7E8FFFFF7C2FF2378EB60D5
:1061500038BD00BF00800A5010B534F09DFCB8B9BE
:106160004A680B7812B1127843EAC2034A7843EACC
:1061700042038A6812B1127843EA8213CA7843EA6A
:1061800082030A6912B1127843EA4223014A9364F6
:1061900010BD00BF00800A504FF48032084B5A6691
:1061A00003F5E6239B691A0B027003F03F0242706D
:1061B0004FF6FF72C3F3851342808380704700BFA0
:1061C00000900050014B986CD96C70470080E00F34
:1061D00070B504460D4635F0A1FD0C2C064616D8C8
:1061E0000C2C18D8DFE804F01B1B171B1B2A171BED
:1061F0002E17311734000123194AA34013421DD131
:10620000062C2AD0DB0706D54FF4F06022E00D3CC7
:10621000E4B2132CEFD9002321242B8009E0802045
:10622000FEF7E4FC4FF6FF7398420CBF0E240024E7
:106230002880304635F06DFD204670BD00230F24C8
:106240002B80F6E74FF48060EAE74FF44060E7E721
:106250004FF4C060FEF7ACFCE4E74FF4E060F9E710
:106260001C450D0030B58BB06C46864D864835F028
:1062700060FD0FCD0FC42B68844A2360FF238DF887
:106280000130D2F84C3113F4802340F0EE80D2F884
:1062900050218DF801309DF801306C46FF2B08BF6E
:1062A0002C2368467A4D8DF80130FEF771FD3220BF
:1062B000FEF7ACFD0FCD0FC40FCD0FC495E8030062
:1062C00084E80300714BD3F84C21120300F1BC8029
:1062D000D3F85041E4B28DF81940FEF753FD044461
:1062E00084F308046B488DF81840FBF7F3FD68460B
:1062F000FEF788FC3220FEF78FFD6748FEF78EFE22
:106300006648FEF7FFFE664C664835F012FD002039
:10631000FEF788FDFEF738FE236F002023F0070309
:1063200043F003032367FEF759FE236F5E4923F40E
:10633000744323675D4BD3F8FC2012F0807200F0A9
:106340008980D3F8FC2022F08072C3F8FC20D4F8B6
:10635000802022F0030242F00102C4F880200022D3
:10636000C1F88020D3F8FC2042F08072C3F8FC20F2
:106370004B4CD4F8203123F0070343F00203C4F858
:106380002031D4F8283123F0070343F00203C4F886
:106390002831D4F8803123F0030343F00103C4F81B
:1063A0008031D4F8403123F0030343F00203C4F8F2
:1063B0004031D4F8603123F0030343F00203C4F802
:1063C0006031D4F8403223F0030343F00203C4F8F1
:1063D0004032D4F8003223F0070343F00203C4F83C
:1063E0000032D4F8083223F0070343F00203C4F864
:1063F0000832D4F8703223F0030343F00103C4F8E9
:106400007032D4F8203223F0070343F00103C4F8BC
:106410002032FEF7B5FB4FF0E0220020136943F075
:1064200004031361D4F8603223F0070343F001033F
:10643000C4F86032D4F8943223F0070343F0010328
:10644000C4F894320BB030BD194B1C88FF2C88BFA8
:10645000522440E7D4F8803023F0030343F00103D3
:10646000C4F88030C1F8802082E74FF07E6393F853
:106470009C2093F99C30002BFFF60DAF8DF8012086
:1064800009E700BF20C8030864C803080080E00FC4
:1064900034C80308005A620200B4C404C0EA2101EF
:1064A000008000506CC803080090005000ED00E030
:1064B0000001E00F07B5094B18689A889B79009096
:1064C0006846ADF804208DF80630FEF7AFFF0C20CB
:1064D000FEF7E4FF002003B05DF804FB5CC803088E
:1064E00070B501F037F90446E8B901F0C3F935F0A9
:1064F0003DF84FF4167343430C4A03F5742303F23B
:106500003F23B3FBF2F30A490A480B600A230268EF
:10651000094D0E68013B45F8046B0E6813F0FF034C
:106520003244F6D10260204670BD00BF40420F00E9
:10653000D43C0020A43C0020A83C0020012208B547
:10654000034B1A7035F0E6FC024B186008BD00BF23
:10655000557F0020A03C002010B535F007F8044618
:1065600035F0CBFB844207D935F0E0FC20B10122A5
:10657000024B1860024B1A7010BD00BFA03C0020F7
:10658000557F0020F8B51F4C2378E3B135F0C2FCED
:106590001D4B1E4D1B68C01A28602B68A3B12B68C9
:1065A0002B6034F0E3FF4FF416725043184A00F5A5
:1065B000742000F23F20B0FBF2F02B682B6883427E
:1065C00004D900232370F8BD0123E9E71148124ED6
:1065D0000378296856F82320104F511A3A68521A46
:1065E00029683A6046F823100A210932B2FBF1F219
:1065F0000B4D0133DBB22A60B3FBF1F201FB123326
:106600000370DEE7557F0020A03C0020D03C002036
:1066100040420F00567F0020A83C0020A43C0020F0
:10662000D43C0020014B1868704700BFD43C0020C8
:10663000F8B503212C2025F0F5FD04264FF4801237
:106640000D4C0E4B0E4F04F500555A662C206F670B
:106650006E672F672E6700F0B7F82C2000F098F8CF
:106660004FF0007204F580535F675E67AA624FF4D3
:1066700080529A62F8BD00BF0040005A009000505E
:10668000010000A0064B074A996D11F0050F01D0DB
:10669000117811B10028F7D170470120704700BF71
:1066A0000040005A577F0020164B10B51C6F14F0A5
:1066B000040111D0144A1167082191629B6DDA0719
:1066C00001D4FFF749FF00F083FF00F063FF0120D2
:1066D00034F0F6FF35F02CFCE30706D501220A4B17
:1066E0001A67FFF74FFF00F055FF14F000521CBF70
:1066F000054B1A67002CBEBF4FF00042024B1A67D1
:1067000010BD00BF0040005A0060005A0028ACBF16
:1067100000F16040064B4FEA0111C9B2ABBF00F572
:10672000614000F00F0080F800131954704700BF5B
:1067300014ED00E008B535F0F1FA0B4B1A7872B998
:1067400001221A7035F0E5FA6FF0040210460132AA
:10675000052152B2FFF7DAFF4C2AF7D108BDBDE898
:10676000084035F0D6BA00BF587F002000280CDB67
:1067700001220649430900F01F008240203341F8FE
:106780002320BFF34F8FBFF36F8F704700E100E00E
:10679000002807DB01234109034A00F01F00834062
:1067A00042F82130704700BF00E100E0054B421184
:1067B00053F8223000F01F0023FA00F0C04300F02D
:1067C0000100704700E100E0002808DB01224309D6
:1067D000034900F01F008240603341F823207047D6
:1067E00000E100E010B5044635F098FA024B1C6059
:1067F00035F08FFA002010BDD83C002010B535F0E0
:106800008DFA034B1C6835F084FA204610BD00BF9A
:10681000D83C002038B50446D0F8A4301D68AB6CD5
:106820005906FCD5002394F8AD101A4694F8AC0034
:10683000FFF756F8002394F8AF101A4694F8AE000C
:10684000FFF74EF894F8B430DA0707D5002394F830
:10685000B1101A4694F8B000FFF742F894F8B4303B
:106860009B0707D5002394F8B3101A4694F8B2009A
:10687000FFF736F8012205F500531A6504220021BE
:106880001A652846094D25F04AFBD4F8A80035F0D2
:1068900053FA284604F1B80124F0BAFB2B6813B967
:1068A000034800F0F3FD002038BD00BFDC3C0020B1
:1068B000E03C0020012910B502D9022913D010BDF7
:1068C000124B1C68B83C14F1B80FF8D0D4F8A800EB
:1068D00035F02FFAD4F8A4300521186825F01FFBF5
:1068E000D4F8B840EEE7094B1C68B83C14F1B80F77
:1068F000E5D094F8973033B994F895301BB9D4F8B3
:10690000A80035F019FAD4F8B840EEE7DC3C0020D6
:106910002DE9F0471D4613688EB01F6891F831309D
:1069200081468846144606AE002B00F0F180DFF861
:1069300020C2BCE80F000FC69CE80F0086E80F00DD
:1069400018220021684628F032F9A3680893237BB7
:10695000012B00F0E080022B0CBF4FF440730023AA
:10696000ADF82630637B4FF0010A032B8CBF4FF448
:1069700080536C4ACDF834D098BF32F813308DF87C
:1069800006A0ADF82830A37B29465A1E022A88BFEC
:106990000023654A8DF80030D8F8383048461A6030
:1069A000624A5A60624A9A60624ADA60424600F07D
:1069B00017FB0646002840F0A78023695E48C5F80B
:1069C000A830237E85F8AF30E37D85F8AE30A37D17
:1069D00085F8AD30637D85F8AC30A37E85F8B130A5
:1069E000637E85F8B030237F85F8B330E37E85F889
:1069F000B2302368C5F8A43035F09BF95346042221
:106A0000A17D607DFEF76CFF5346217E0222E07D72
:106A1000FEF766FF85F8B460206935F08AF998F8CA
:106A20003130384606A9002B78D025F09FFA95F82A
:106A3000B43043F0040385F8B4301421227D3F4B79
:106A400003EB4210C0F8941494F816C0617D25320F
:106A500041EA0C41C0F8AC14207EE17D03EB421307
:106A600041EA00415960A37B03F0FD03012B0BD1E8
:106A700095F8B430022243F0010385F8B430A17ECA
:106A80000023607EFEF72CFFA37B023B012B0BD87B
:106A900095F8B430042243F0020385F8B430217F26
:106AA0000023E07EFEF71CFF95F8B430DB0717D516
:106AB000A17E627E237D42EA014241F29C415B015C
:106AC00003F1A04303F570335A5041F2944202217E
:106AD0009950217FE27E03F5A55342EA01421A60F4
:106AE000174B1B681BB91749174800F0BDFC144829
:106AF00005F1B80124F079FA144A07F5005305218D
:106B00003846DA6425F00BFA30460EB0BDE8F0875F
:106B1000DFF840C00DE74FF4007321E725F02AFAB3
:106B20008BE700BFC0C80308DBC202080DC3020820
:106B3000F1C202081568000870C8030800C00350BD
:106B4000DC3C0020F4820020E03C0020FF3F0D03ED
:106B5000C8C80308E8C80308034B022218680023CA
:106B60008068194604F052BB64830020302337B597
:106B7000007D0DF10701434303F1A04303F580239A
:106B8000DD6E1C6F33F02EFF9DF8070040B9054BFA
:106B90009D4203D184F00204C4F3400003B030BD31
:106BA0000120FBE7597F00203021037D02464B4343
:106BB00003F1A04303F58023D86E07491B6F884279
:106BC00008D113F0020006D0106A136D1B1A584248
:106BD0005841704700207047597F002070B5044627
:106BE00008B9012070BD057D2846FBF755FE30230E
:106BF0006B4303F1A04303F580232846DE6EFBF7C9
:106C00006BFE0A4B9E421CBF042384F8A13094F80B
:106C1000953094F8A1002BB1022803D1012384F808
:106C2000A130DFE70428DCD1F8E700BF597F00205E
:106C30002DE9F743D0E9043404F17C07D0F80C9037
:106C40000646013B102200213846D4F874809DB2DC
:106C500027F0ADFF0B4BC5F30A0543EA0513C4E962
:106C60001F39012394F8780084F88C30C4F88480AC
:106C70003A46054B009604F16401FBF7E7FD03B0CB
:106C8000BDE8F08300001030BFC302082DE9F04FCB
:106C900004464FF444764FF030093F4D00F1380779
:106CA0001022002185B0384627F081FF6687C4E9AD
:106CB0000F55207DFBF7F0FD10220021384627F00C
:106CC00076FF6687207D354EC4E90F5509FB0063CA
:106CD000DB6EAB4204D105B0BDE8F04FFBF7FCBD65
:106CE0000DF10B0133F07EFE9DF80B50002D4CD1C1
:106CF000204625F04EFB804603A9207D33F094FE0C
:106D0000039B2946013B1FFA83FB04F118031D4630
:106D100010221846D4F810A027F049FFA169204A94
:106D2000CBF30A031B010A4043F040731343C4E949
:106D3000063A237DC4F8208009FB0366336F94F87C
:106D400024205B0863F3410284F82420326F94F816
:106D5000243025F0030562F3000384F82430336FF8
:106D6000626A9B0863F39F0245F0020562626564F4
:106D700000943A4621460B4B207DFBF767FD207DB2
:106D8000FBF7AAFD05B0BDE8F08F94F844306FF32F
:106D9000410384F84430EBE7597F002000000450A1
:106DA0000F80FFFC2DC402082DE9F04F9946002307
:106DB00004468BB008910692C9F80030D9F800500B
:106DC000069B5E1B00F09D80089B5D1900F099807A
:106DD000207DFBF761FD2046FFF7E6FE8046207D23
:106DE000FBF77AFDB8F1000F40F08B80204625F0CC
:106DF000D0FA216D94F89AA088429CBFD4E912037E
:106E0000C018401A864228BF0646BAF1000F00F0AB
:106E1000A88034F083FF236D079020460993FFF785
:106E2000A5FE3746099B834698198342D4F89C20D7
:106E300070D1D4E9120303449A4208BFC4F89C00FD
:106E4000079834F066FFDA46207DFBF725FD2046E3
:106E5000FFF78CFE0546204625F09BFA236D8346FE
:106E6000984240F28C80A26CB5B293427FD10993D4
:106E700004F128082369102200214046079327F0D7
:106E800096FE3021079B013DE362099BC5F30A058D
:106E90002363237D2D014B4328F0030803F1A04316
:106EA00045F0407548F0020203F58023A5621A6799
:106EB000236DD4E9121233440A44934208BF0B46AF
:106EC0005B45236505D10123204684F85430FFF744
:106ED000DDFE207DFBF700FD94F89A303BB1BAF15E
:106EE000000F04D0236E112120465B689847D9F823
:106EF000003037B1069A3B449342C9F80030FFF4A2
:106F00005DAFD9F80030002B14BF00201B200BB060
:106F1000BDE8F08F013303F1FF3C624510D1C4F8A6
:106F20009C3013F8012C112A01D0132A15D1013FEE
:106F3000A2F111014A424A41D04684F8A02074E7E8
:106F400013F8012C02F0FD0CBCF1110F06D1013F2A
:106F5000B8F1000F3FF469AFEAE7D04605F8012B1E
:106F600063E73246284627F02DFE37466CE7238D2F
:106F7000C3F30A12154465F30E13238598E7207DA9
:106F800095B93023584300F1A04000F58020426EAF
:106F9000436EC2F30A1223F4FF43324423F070031A
:106FA00043EA0213436683E70C4B049403930023E4
:106FB000CDE90163012300935A462369216824F037
:106FC000E8F93022237D534303F1A04303F58023E6
:106FD0005A6E22F480125A666AE700BF2DC4020876
:106FE000F0B50C4615460646A422002189B020467D
:106FF00027F0DDFD2746AC46BCE80F000FC7DCF8E4
:10700000003005F1140C3B6004F16407BCE80F008C
:107010000FC7DCF80030EA6A3B60AB6AC4E91323AF
:1070200095F83020A36484F8992095F83320C4F8AB
:107030009C30012384F89A2084F8A03084F85430DE
:10704000AB6B236695F8313084F898303F4B346051
:1070500073603F4BB3603F4BF3603F4B73613F4BFB
:10706000B3613F4B3361FBF7BDFB10B13D4B984221
:107070000ED1002107A8FBF73DFB014640B9079B55
:1070800007A82375FBF736FB28B1207DFBF784FBAF
:10709000102009B0F0BD0127079B84F87830324BEF
:1070A0007362324B84F8A170F361314B95F8321062
:1070B000336284F8960084F89570204625F086FAAD
:1070C000AB6B93F91100FFF77FFBAB6B93F91100EA
:1070D000FFF75EFB207DFBF7DFFB0028D8D1254BB7
:1070E0000494CDE90203E36CCDE900732369A26C3B
:1070F0002168207D24F04DF90028C9D13022237D5C
:107100004FF48011534342F2640203F1A04303F5AC
:1071100080239950AB6B93F91000FFF755FBAB6BD5
:1071200093F91000FFF734FB04F1900023F05AFFAD
:107130003046FFF757FB2046FFF7A8FD207DFBF701
:10714000CBFB003818BF01200001A2E79DC4020854
:10715000E7C30208A96D000881C3020887C30208BB
:1071600045C60208038000F0DD6B0008CDC50208AB
:107170008DC302082DC4020870B50568144E2C7D1D
:107180002046FBF789FB302303FB0463DA6E114BC7
:107190009A420FD12846FFF7E9FC80B134F0BEFDDA
:1071A00001230D4AA3405365A2F5805293625363B5
:1071B00034F0AFFD2046BDE87040FBF78DBB28469C
:1071C000FFF7F2FC0028F5D10123A340B364F1E7F7
:1071D00000000450597F00200020045013B5094CD2
:1071E000684600F037F8237853B9DDE90001022240
:1071F000054B25F09CFD08B90123237002B010BD9A
:107200001220FBE75A7F0020E83C002007B50093DE
:1072100013460A460146034825F0C3FA03B05DF859
:1072200004FB00BFE83C002013460A460146014823
:1072300025F0A7BBE83C002007B5009313460A469B
:107240000146034825F0A0FC03B05DF804FB00BF35
:10725000E83C00200249034A0160521A426070472C
:10726000B086002000000420BFF35F8F074B5A6AEE
:1072700022F480325A62D3F8942022F00102C3F83B
:107280009420BFF34F8FBFF36F8F704700ED00E086
:1072900038B5FFF7E9FF284A2848D2F8C030284D12
:1072A00023F0FF0343F0A003C2F8C030254B04686D
:1072B0009D4204F101011ED1234BC2F89840C2F84F
:1072C0009C3003F57F3303F2FE33C2F8A030016037
:1072D000BFF35F8F0522184BC3F894205A6A42F41B
:1072E00080325A62BFF34F8FBFF36F8FBFF34F8F60
:1072F000BFF36F8F38BD23F01F03203BB3F1005F56
:1073000009D3C2F89840104C43F00103C2F89C40E6
:10731000C2F8A03001600D4B0168074A23F01F033B
:1073200043F00303C2F89810C2F89C30084B0131B7
:10733000C2F8A030CBE700BF00ED00E0103D002018
:10734000C08200200081002003000020DF82002096
:10735000E1FF03202DE9F0410D461146DFF8E08002
:10736000D8F80040B4F5807F34BF00271A27FFF714
:107370007BFF1F292ED90021C2061CBF20F01F0051
:1073800020302E4EEB0618BF25F01F05CBB29C42D5
:1073900035D8D6F8C03020F01F0023F47F4343F4E3
:1073A0008073C6F8C03040F0030434F0B7FCD8F85E
:1073B000003025F01F0141F00301C6F89830C6F8EF
:1073C0009C40C6F8A01034F0A4FCD8F8003001337B
:1073D000C8F80030BFF35F8F0522184BC3F8942024
:1073E0005A6A42F480325A62BFF34F8FBFF36F8FF5
:1073F000BFF34F8FBFF36F8F3846BDE8F081C6F8FB
:107400009830D6F89C30D6F8A02023F01F0398427D
:1074100022F01F0201D195420BD0904201D89D422B
:1074200009D2D6F89830013123F0FF03C6F898301E
:10743000ACE70027CEE72827CCE700BF00ED00E04F
:10744000103D0020BFF34F8F0549064BCA6802F478
:10745000E0621343CB60BFF34F8F00BFFDE700BF77
:1074600000ED00E00400FA0538B54160044634F050
:107470004CFC05462146044823F0B7FD2846BDE8EC
:10748000384034F03DBC00BF143D002038B50546FF
:1074900034F03BFC04462946034823F0B9FD20465E
:1074A000BDE8384034F02CBC143D0020014823F0E6
:1074B00099BD00BF143D002070B534F026FC134D7B
:1074C0000446134834F035FC2E7896B900F0B8F92C
:1074D000FFF7ECFF34F03FFD0E4B1E6034F046F832
:1074E0000D4B0E4A1860536F43F00103536725F0AC
:1074F00040FC00F0A1F825F052FC094B1860012374
:1075000020462B7034F0FCFB002070BD677F00200C
:1075100070C80308183D0020403D00200040005086
:107520001C3D002038B5044634F0EFFB0F4D0246F9
:107530002B78FF2B04D1B4B1BDE8384034F0E0BB68
:107540001BB9002CF8D0012103E0002C0CBFFF2157
:1075500001210B44DBB22B70B3FA83F304495B09BE
:1075600010460B70E8E71946F3E700BF647F002080
:10757000637F0020054B1B685843054B00F57420C2
:1075800000F23F20B0FBF3F0704700BF403D002009
:1075900040420F0010B5094B1B786BB1084C2378A3
:1075A00053B133F0E3FD0023064A23701370012327
:1075B000054A1370054A137010BD00BF667F002096
:1075C000617F0020607F00205C7F00205B7F0020C7
:1075D000034B1B7813B10122024B1A70704700BF96
:1075E000667F0020617F002073B5114E044633781A
:1075F00083420FD04FF400730E4DADF8043058B1F4
:1076000001A8FDF71BFE4020FFF7B4FF2B68181AF6
:107610002860347002B070BD8DF8050001A8FDF738
:107620000DFE4020FFF7A6FF2B681844F0E700BFCF
:107630008E860020443D002073B5002401A88DF8FB
:107640000440FDF793FE2046224CFFF7CDFFD4F80F
:107650000031214A03F0030313604FF480121F4BE3
:107660001F4D5A664FF400325A6633F0ADFC1D4B85
:107670001B780BB3D4F8003103F00303022B23D0A3
:10768000032B24D0012B17D133F01EF9024698B1F9
:10769000154B164EDC6800231946C4F30B04013465
:1076A00004EB84040138E4FB060103F069FBFFF7F7
:1076B00061FF2B6803442B601F20FFF75BFF2B68E3
:1076C00003442B6002B070BD33F05CF9DEE733F0A9
:1076D00001F9DBE700800050503D00200090005091
:1076E000443D00206A7F002000C0015040420F004E
:1076F0000122114B10B55A67104B114C1B78A3B1E6
:10770000022034F017FC80B133F0C4FF68B1A36DE0
:10771000D90302D5E36D9A0703D4094B9B6DDB07B0
:1077200004D54FF48032044B9A6210BD0122054B00
:107730001A70FEF703FFF4E70050005A6B7F002039
:107740000040005A687F00200122014B1A707047E8
:107750006B7F002070B534F0E1FA144E05463478A2
:10776000FCB9134B1C60134B1C60134B1C6000F0E6
:1077700031F8012034F0F4FB34F06EF80F4B024680
:10778000186020B9284634F0C4FA232070BD23467F
:1077900040F2E7310A4803F0F3FA0A4B186001237C
:1077A0003370284634F0B5FA0020EFE76E7F0020F2
:1077B000643D0020603D00206C3D0020683D0020BD
:1077C00018FCFFFF5C3D0020014B1868704700BFAC
:1077D0005C3D002010B5002486B01422214601A88B
:1077E0008DF8004027F0E3F9012313488DF80430A9
:1077F00034F09FFABFF34F8F6846FEF79BFC20469C
:1078000001A98DF80440FEF7A7FC20460F2133F0B4
:1078100055F90F21204633F057F9FEF771FC33F08C
:1078200031F9064B43209C61FEF7CEFF4320FEF763
:10783000AFFF06B010BD00BF64C8030800800A5047
:1078400008B50A4834F075FA40F6015200210120CB
:10785000FEF7BCF94FF496720021012024F0B1FB31
:107860004FF48072024B9A6408BD00BF68C80308D9
:1078700000900A5008B5094834F05BFA40F60162FE
:1078800000210220FEF7A2F94FF49272002102209B
:1078900024F097FB0022024B9A6408BD68C80308D5
:1078A00000900A5010B5044632F0F4FF0C4BA0F5DE
:1078B0007A729A4212D84FF47A73B0FBF3F05C43B9
:1078C000084BB3FBF0F3B4FBF3F0022806D9BDE894
:1078D00010400323B0FBF3F0F8F732BD10BD00BF3A
:1078E000FFC99A3B40420F001FB56B46084ACDF8CE
:1078F0000CD01068516803C3022302A94FF0FF3077
:107900008DF8083032F0D9F905B05DF804FB00BFFE
:107910000CC9030801224FF0FF3008B5064932F0C8
:10792000D1F9024630B9BDE808404FF0FF300349B5
:1079300032F0C8B908BD00BFBCC9030814C90308A8
:107940004FF0FF30014932F09EB900BF64CA03080E
:1079500007B5FAF747FF094B984200D050B900210C
:1079600001A8FAF7C7FE28B94FF0FF309DF80410C0
:1079700031F0B6FF03B05DF804FB00BF038000F0F8
:1079800038B508460C4632F06CF8034620B994E846
:107990000700024D85E80700184638BD703D0020FD
:1079A00070B5032916461C46049D01D9212070BDDF
:1079B00002D132F050F801460C4B9A7A8A42F5D93E
:1079C000186809B201EB410100EB810116B1B1F970
:1079D0000430338014B1B1F9063023800DB9002092
:1079E000E5E7B1F908302B80F9E700BF703D0020D2
:1079F0002DE9F0432A48079F847A94424CD90668BF
:107A000002EB42024FEA820C16EB820246D050890A
:107A1000002843D0B2F90440B2F906508C42B2F9C2
:107A200008E02FDCA942A8BF2946BEF1000F35D0DF
:107A300000F1FF381FFA88F80EFB08490A1B92FB79
:107A4000FEF24D45D8BF404692B2904202D3A942C1
:107A500018BF104656F80C2052F8206002EB800C3C
:107A600018B15CF8048D46450ED08D421EBF1EFB3A
:107A700000F1091909B2994209DC00203E60B98081
:107A8000BDE8F0832146D0E7013880B2E8E700285E
:107A9000F3D0013880B2DFE70E20F1E70220EFE7F4
:107AA000703D002008B506494FF0FF30FFF768FF32
:107AB000BDE8084001214FF0FF3031F0D4BF00BFD6
:107AC000FCE3030806289ABF014B185C00207047AE
:107AD000ACE4030800F01F02A0F50620A0F55060FA
:107AE000812810D8012309494009934051F82020EA
:107AF0001A4341F82020064951F8202022EA0302C7
:107B000041F8202070474FF0FF307047943D00202F
:107B1000803D002000F01F03A0F50620A0F5506076
:107B2000812810B519D801210D4A4009994052F811
:107B300020300B430B4942F82030D1E90043234465
:107B40008C682344CC68096923445B1804D1C2E9DA
:107B50000033C2E90233136110BD4FF0FF30FBE781
:107B6000803D0020943D00202DE9F04FA7B0039206
:107B70001F4604460822CDE90401414021FA02F3E0
:107B80004B40980702F1080218BF9B00202A1C44B2
:107B9000F4D18123B4FBF3F303EBC313E41A7F4B5B
:107BA00004F506241B7804F55064002B39D1FCF74A
:107BB000ADF9054600286FD10146402206A826F0FF
:107BC000F6FF2946402216A826F0F1FF744D754EA7
:107BD000A8461035AE4228BF2E467348013E009697
:107BE00043461022006806A923F05CFF4FF0000B0B
:107BF00081460DF1180AD94541D16B48009643469C
:107C00001022006816A923F056FF4FF000088346A3
:107C100016AEC34546D1654B9D42D8D101225F4B7C
:107C20001A704FF081080026DFF894B1A4F50625FC
:107C3000A5F550635B095BF8232004F01F01CA40DF
:107C4000D20746D45A4A52F82330CB40DB0732D50C
:107C50008123002E08BF2646A5F6FF44B4FBF3F3AC
:107C600003EBC313E41A04F50624B8F1010804F584
:107C70005064DBD1039B03B3FEB1344625E05AF8D0
:107C8000040BFFF727FF013009D10022434B1A7084
:107C9000424B1B78002BC4D16FF091000FE00BF129
:107CA000010BA8E756F8040BFFF734FF0130EFD0C3
:107CB00008F10108ADE7039B23B96FF08B0027B0F3
:107CC000BDE8F08F002E18BF3446329B00201C60A8
:107CD000F5E7309B13B10023309A1360319B13B149
:107CE0000023319A13604FF0100ADFF8BC90CDF8F2
:107CF00000A000233A462146D9F80000FBF708FF10
:107D0000002838D130993A682A4BE9B19A42C1F833
:107D100000A01CD02146D9F80000FCF753F8002839
:107D2000CBD1D7E90223DDE90410834208BF8A42A0
:107D30002AD08123A5F6FF45B5FBF3F303EBC3136C
:107D4000ED1A05F5062490E79A42EAD0E2E7319B66
:107D5000002BE6D02146D9F8000016AAFBF71EFF3B
:107D600048B9319B309A1B681268934294D39B1A8E
:107D7000319A1360D5E7104B9842CBD06328C9D015
:107D80000E4B9842CDD087E7039B002B9DD07B689C
:107D9000012B9AD16FF0840091E700BF6F7F002024
:107DA000006D0800816D0800F0820020906D0800D1
:107DB000803D0020105D175EFFDF00F0FEDF00F069
:107DC000943D00202DE9F04F87B0824689469846C1
:107DD0001646DDF840B02AB1002B53D040F26C7348
:107DE0009A4252D8BBF1010F52D8002406F1100775
:107DF00039460120059424F0E3FE054600284AD0C8
:107E000021463A4626F0D3FE05ABCDE90143009466
:107E10002B46012250464946FFF7A6FE044680B194
:107E200010F18C0F08BF6FF08D043A4600212846F0
:107E300026F0BDFE284624F0A5FE204607B0BDE88A
:107E4000F08F164BC5E902A92B60C5F804B02EB11E
:107E50003246414605F1100026F0B4FE059E10485A
:107E60003B462A4631460068FBF768FF38B9304682
:107E7000FFF730FE013008BF6FF08604D5E76FF0E2
:107E80009104D2E76FF08604D7E76FF09104D4E74E
:107E90006FF08504D1E76FF08C04CEE7105D175EBC
:107EA000F08200202DE9F0438DB08146DDE91478A1
:107EB0000E4615461C469BB1B8F1000F05D16FF078
:107EC000860630460DB0BDE8F083002FF7D0B7F13D
:107ED000005FF4D3C3F1005303F580239F42EED833
:107EE0001022002108A826F062FE002207AB0293B0
:107EF00005AB019306AB31460093484608ABCDE98C
:107F00000522FFF731FE06460028DAD1059BA4B111
:107F1000AB4215D853EA0504D1D1069B0B48C8F8EB
:107F2000004000943A46079900682B44FBF7F0FDA7
:107F3000002818BF6FF09106C3E7AB42EDD2BEE751
:107F40005B1B9C4228BF1C46E7E700BFF082002075
:107F500030B58DB00C4605461022002108A826F049
:107F600026FE002207AB029305AB019306AB214628
:107F70000093284608ABCDE90522FFF7F5FD04463E
:107F800008BB099B012B21D0079D134B294618687C
:107F9000FBF718FFE8B9A5F50623A3F55063812B7D
:107FA00005F01F020DD801210C485B09914050F8E3
:107FB00023204A4040F823202846FFF7ABFD01303C
:107FC00001D16FF0860420460DB030BD6FF08404FF
:107FD000F9E76FF09104F6E7F0820020943D00206D
:107FE0002DE9F04F95B00446DDE92075DDE9226802
:107FF0009346DDE91E028A46DDF8909029B96FF0BC
:108000008604204615B0BDE8F08FBBF1000FF6D016
:108010000FB9002DF3D108B9002AF0D116B9B8F183
:10802000000FECD1B9F1000FE9D02C4A934252D1A4
:108030002388B3F5105F4ED1282200210DEB0200FA
:1080400026F0B5FD2022002102A826F0B0FD0AA8E6
:1080500034F0B4F810B16FF09204D2E720465A46DB
:10806000514602AB00F00CFA04460028C9D1029830
:1080700024F04FFF04460028C3D115B9C9F80050B9
:10808000BFE7B74224D27B199E4221D24545B6D8DC
:1080900039462A46304626F070FD374615F00F0A5D
:1080A000ADD1CDE900762B46524602A90AA801F0CF
:1080B0006BFB07460028E1D042465146304626F089
:1080C00076FD012FC9F800A0C5D16FF08B0498E7A9
:1080D0004545E3D993E76FF0850492E700444004F7
:1080E0002DE9F047C4B00C4607460021154601A80B
:1080F00020229A464C9EDDF83891DDF8408126F02A
:1081000056FD2022002109A826F051FD2022002141
:1081100011A826F04CFD2822002119A826F047FDC1
:108120000021802224A8239126F041FD3CB135B1E5
:108130002EB1B9F1000F02D0B8F1000F05D16FF0E8
:108140008604204644B0BDE8F0872188628801F4A7
:10815000E043B3F5804FF2D02C4B2D483B4043F029
:108160001063834202D06FF08504EAE7D31DBAEBB7
:10817000D30F4FEAD307E2D34F9B9F423FD847F23A
:1081800012139942EFD1B2F5807FECD1214B4D987B
:10819000099384230230013620F0030016937B00FC
:1081A0000D960E90129320465246294623AE01ABFF
:1081B000159600F065F904460028C2D10B9B11907A
:1081C00043F4005319A80B9333F0F8FFD0B911AB67
:1081D00009AA01A919A801F0AFFD054610B1482868
:1081E000ADD1C0E73A463146484626F0EBFC2B4677
:1081F00073550135842DFBD1C8F80070A1E76FF0ED
:1082000089049EE76FF092049BE700BF0000FFF631
:1082100000000209200000802DE9F0410D461446BF
:108220001E46C4B010B96FF086000DE00029FAD0E8
:10823000002AF8D0002BF6D0038803F44F42B2F5A1
:10824000824F04D06FF0850044B0BDE8F081DAB20F
:10825000122AF7D123F0FF03B3F5E24F27D1438869
:108260003360FBB9E3003360B3F5807FEAD10023CC
:10827000184642492E19214411F8014D16F8012DD6
:108280001043121B0CBF4FF0FF340024B54203EA29
:10829000040343EA0203EFD10028C4D0002BC2DA62
:1082A0000020D1E7DA1DB4EBD20FDDD0BBE7B3F588
:1082B000824F60D10B78042BB5D12822002118A859
:1082C00026F075FC18A833F079FF002850D100275C
:1082D0008422394623A8229726F069FC0123202214
:1082E000394668468DF8883026F061FC20224FF030
:1082F0008808013C3946013505940DEB0200E40085
:108300000495640826F053FC22AD2022394610A8BB
:108310000C95CDF8348026F04AFCE02CCDE91458B9
:10832000346003D0B4F5807F7FF47DAF144B073405
:10833000009308934FF4005302934FF48043E408F2
:108340006A460A93640010AB08A918A8119401F0BA
:10835000F3FC33680733DB085A0033B10021531EA6
:10836000013B297005F10105FAD2002898D05AE79F
:108370006FF0920068E76FF0960065E7D0E40308BD
:1083800020000080F8B5134642880C460732072AC1
:108390004FEAD20101D0A1426DD1D0E90167058831
:1083A00020221846002126F002FC360A034626B198
:1083B000012E11D06FF08B00F8BD002C5BD041F284
:1083C0000102954205D0B5F5885F02D0B5F5905F02
:1083D0001BD15C600020EFE7C660002C4BD041F25F
:1083E000010295420BD15C60B90707F001021FD46E
:1083F000002AEFD19A6842F080729A60EAE7B5F5F8
:10840000885FF0D0B5F5905FEDD0B5F5105F0AD17B
:10841000182C03D0202C01D0102C2CD1C3E90044FF
:10842000002ED7D0E0E705F44F42B2F5824F02D0DC
:108430006FF08500C0E7EAB2122AF9D1202CF7D1FB
:108440000E4A25F0FF05B5F5E24F1A600CD0B5F5E0
:10845000824F10D14FF4005217F4705F09D017F417
:10846000864F04D09A60E3E74FF48042F4E742F489
:1084700080629A60D4E76FF086009DE7200000805C
:108480002DE9F041174600221C4643688CB01B0AB8
:1084900080460D46009204D0012B56D06FF08B0021
:1084A0008EE0008820F0FF03B3F5824F15D1B8F8B5
:1084B00002200732D208009224F037FD002800F095
:1084C000E1800B78042B05D1013FB7EB420F05F19A
:1084D000010503D06FF0860072E00097009E2246EF
:1084E00031464046FFF74EFF002869D1FA1CC4E927
:1084F000030522F003026261002E00F0A480202216
:10850000002101A826F053FB3146404601AAFFF79F
:1085100039FF002840F097802168019D039A8D4221
:10852000A36840F090806168029D8D4240F08B808E
:108530009A4240F08880A369079A9A4240F083806B
:10854000E369089A9A423BD07DE0032FC2D90B78A9
:10855000012B40F09A80497800294BD0F73908293F
:108560009CD801A353F821F0D18500088D8500081F
:108570009D840008C78500089D840008EB850008DD
:108580009D840008DB850008E38500084FF4105641
:10859000F8253F4F1C22002102A826F008FB0323E8
:1085A0000197CDE90435039601AA09AD134603CB23
:1085B000AB42206061601A4604F10804F6D1002045
:1085C0000CB0BDE8F08110274FF08076FA25E1E786
:1085D00020274FF00076F725DCE7FE252C4F2D4EA7
:1085E000D8E7FF252A4F2C4ED4E74FF41056FC2530
:1085F000274FCFE72B2F7FF66DAF2022204626F0A6
:10860000D6FA05F110032361AB070DD001AB05F1DC
:1086100028061A4628686968083503C2B542134619
:10862000F7D1286801AD10606B68103F2360AB681C
:1086300069466360EB682046A36001236761E360DD
:1086400025F0D1FE28B120220021204626F0AFFAE5
:1086500040E7B8F80030009E03F44F42B2F5824F75
:108660000ED1DAB2122A0BD123F0FF03B3F5824FF9
:1086700006D1730062691C339A42BFF43DAFE2E752
:108680003346F7E76FF085009AE76FF0910097E7C0
:108690002000008000440002004400032DE9F04F58
:1086A00091B0DDF8688081460C4692469B461C9F3F
:1086B000B8F1000F05D16FF08604204611B0BDE877
:1086C000F08F002FF7D00028F5D02822002106A82F
:1086D00026F06DFA06A833F071FD10B16FF0920428
:1086E000EBE714F47C1FC4F305452AD0102DE2D823
:1086F0001B9B9D422ED81A4B24F47E149C422CD1F5
:10870000002302AECDE90233CDE9043352465B4685
:108710004946009606A801F0A1F8044698B92A46F1
:108720003146404626F04EFA234633550134102C8C
:10873000FBD100243D6006A825F050FE0028BCD0E7
:10874000CCE71025D4E7212814BF6FF092046FF016
:108750008604F0E76FF08904AFE76FF08504ACE7BB
:108760000002C00370B50E461446054610B96FF0FE
:10877000860070BD0029FAD03822002126F017FAB1
:10878000094B24F47E129A420AD13388B3F5105F64
:1087900006D1C4F30543102BE9D800202C60E8E78C
:1087A0006FF08500E5E700BF0002C003F0B50E469C
:1087B00017461C4605468DB0002834D04AB9002B18
:1087C00031D1002914BF00246FF0860420460DB07B
:1087D000F0BD41B3002BF9D02822002102A826F0D9
:1087E000E6F902A833F0EAFC10B16FF09204EDE76D
:1087F0002B68104A23F47E13934217D100943B4612
:10880000324602A9281D01F03BF9044628B121286F
:1088100014BF6FF092046FF0860402A825F0DEFD0D
:108820000028D3D0E1E76FF08604CFE76FF088042B
:10883000CCE700BF0002C0032DE9F0438FB08946AA
:1088400090461D460446169F00284ED0002A4CD064
:10885000002B4AD0002F48D0002946D028220021E2
:1088600004A826F0A4F904A833F0A8FC064628B111
:108870006FF0920420460FB0BDE8F0832368102DFE
:1088800028BF102513F47C1FC3F3054202D0954284
:1088900028BF1546184A23F47E13934228D1282274
:1088A000002104A826F083F90023201DCDE9003320
:1088B000CDE902334A466B4604A901F03DF804466F
:1088C00060B1212814BF6FF092046FF086043E60FF
:1088D00004A825F083FD0028CCD0C9E72A466946C4
:1088E000404626F06FF92E46F1E76FF08604C1E7A7
:1088F0006FF08804BEE700BF0002C0032DE9F0411D
:108900000E4617469846044600B3F9B1F2B19822D4
:10891000002126F04CF93146069A04F16000FFF779
:1089200021FF0546A0B92346424639463046FFF7A7
:10893000A7FD054660B97288D208A2F1100110297E
:10894000E26503D80A4BCB40DB0704D46FF0860501
:108950002846BDE8F08163691C329342F6D304F1E6
:1089600020031846216926F02DF92061F0E700BFA9
:10897000010101000023C36001F1380303612023DA
:108980000A6843618B6D0B4922F47E128A42436070
:1089900003D001F580718A4208D1102B01D0182B29
:1089A00002D1036000207047202BFAD06FF08800BE
:1089B000704700BF0001C00310B50A46044619B154
:1089C000024B00211B68984710BD00BF1883002090
:1089D0000E4B0340B3F1607F06D1B1F5885F14BF41
:1089E0006FF0860000207047B3F1707F0BD101F467
:1089F000E043B3F5005F06D111F4E06F0CBF6FF0F8
:108A00008600002070476FF0860070470000C07F2E
:108A10008A42F8B507460C4600F019818F4922F4C6
:108A2000FF7323F001038B420ED08D4B22F0FF0128
:108A3000994209D08B4822F47F7323F003038342C9
:108A400002D0894B994228D1884B24F0FF019942EA
:108A50000FD114F0FF000BD0854B40F0007098420E
:108A600040F0F78082EA0400FF288CBF002001203C
:108A7000F8BD7B4B9942ECD0A3F588539942E8D0DE
:108A800024F4FF7323F00103B3F1062FE1D07648FD
:108A90008142DED073498B42DBD004F0FE43B3F158
:108AA000A06F14D102F0FE43B3F1A06F40F0D1806B
:108AB00082EA040333F47E1340F0CB8014F40040C8
:108AC000D6D0C4F30540C2F305429042CDE7B3F1DE
:108AD000407F40F0A88002F0FE43B3F1407F40F0B9
:108AE000B88082EA040535F47E1540F0B28039463C
:108AF0002046FFF76DFF002840F0AB805D4B12F47D
:108B00007C1603EA020319D0B3F1607FC2F3054675
:108B100079D15949D3B243F000738B4277D003F136
:108B20007E43043B0F2B5CD8DFE803F05A5A5B719D
:108B30006567696B65675B5B6567696BB3F1607FF0
:108B400034D14D49D3B243F000738B4244D003F18A
:108B50007E43043B0F2BDCD801A151F823F000BF6A
:108B6000DD8B0008DD8B0008138B0008D98B000813
:108B7000578C0008A18B0008A58B0008A98B000862
:108B8000578C0008A18B0008138B0008138B00087A
:108B9000578C0008A18B0008A58B0008A98B000842
:108BA0002026B6E73026B4E74026B2E7B3F1707F5F
:108BB00017D107F4E043B3F5005F03D10126C7F3F3
:108BC00002239E4007F4E043B3F5005F09D101257D
:108BD000C7F302218D4004E010269AE7142698E797
:108BE000142514F47C1FC4F3054312D1B54214BFFD
:108BF000002001203CE71C25F3E72025F1E7302584
:108C0000EFE74025EDE7B3F1707FEAD1DAE7102511
:108C1000E7E712F47C1F01D1AB4218D022047FF5A4
:108C200027AFB34221E7B3F1106F12D124F01F60D8
:108C300020F4702068B902F0FE43B3F1106F7FF4A6
:108C400017AF0E48104040F01060A042CFE701205F
:108C50000EE700200CE71C265BE700BF00020006C1
:108C600000130006000400060009000600030006C9
:108C7000FF0000020000C07F030000020000FFF6BA
:108C800037B50D4D0C466B78022B12D12B78072B84
:108C90000FD100230A460193014601AB281D24F0A1
:108CA0001CF920B9019BA34218BF6FF0930003B0D9
:108CB00030BD6FF08800FAE7A83D00202DE9F843A9
:108CC000884617461C4600F09FFC054688BBD8F82E
:108CD0000060B6F8009009F4E043B3F5804FB36844
:108CE00008BF27F0010737EA03031AD10CB3254B5D
:108CF00024F0FF029A421FD114F0FF0304D0224A4D
:108D000043F00073934232D022464846F168FFF7A1
:108D10007FFE074668B9224648463169FFF778FE6C
:108D200070BB6FF0840500233046C8F8003025F092
:108D30007EFA2846BDE8F883144B9A42DCD0A3F5AE
:108D400088539A42D8D024F4FF7323F00103B3F17F
:108D5000062FD1D00E498A42CED00E4A9342CBD0B4
:108D600004F0FE43B3F1407F04D12304CCD56FF06F
:108D70008605D8E7B3F1A06FF7D0034B9C42C2E75A
:108D80003D46D6E700030006FF0000020013000680
:108D9000000900060004000600F0FE43B3F1407F26
:108DA00070B504460E4619D1FFF712FE00285ED1B9
:108DB00014F47C1F15D0C4F30543032B137054D94E
:108DC000554D2540B5F1607F40F09380534AE4B2A1
:108DD00044F00074944256D1102B48D96FF08600AD
:108DE00045E04D4B2340B3F1607F39D14B4BE4B2AA
:108DF00044F000749C4202D11023137037E004F158
:108E00007E44043C0F2C2ED801A353F824F000BF5D
:108E1000518E0008518E0008678E0008F98D0008F9
:108E2000158F0008558E0008598E00085D8E0008C9
:108E3000158F0008558E0008678E0008678E0008A1
:108E4000158F0008558E0008598E00085D8E0008A9
:108E50001423D2E7202307E0302305E0402303E07A
:108E6000B3F1707F04D0002313706FF0850070BDE4
:108E700001F4E043B3F5005FF5D10123C1F3022112
:108E80008B40DBB299E704F17E44043C0F2CA5D85B
:108E900001A252F824F000BFE78E0008E78E000818
:108EA000DD8D0008D98D0008118F0008D98E0008CB
:108EB000EB8E0008EF8E0008118F0008D98E000895
:108EC000DD8D0008DD8D0008118F0008D98E0008A7
:108ED000EB8E0008EF8E000820218B423FF67EAF1C
:108EE000142BC4D9C1E7142B77E73021F5E74021D3
:108EF000F3E7B5F1707F7FF471AF06F4E042B2F5AD
:108F0000005F7FF46BAF0121C6F302229140E4E7DA
:108F10001C21E2E71C23A7E70000C07F030000023A
:108F20002DE9F04F9B46002389B08DF81B30159B2F
:108F30009246DDE91278002B89460B460CBF4FF4B0
:108F400000624FF4806207A9149EFFF7B7FE044643
:108F500028BB079D484629880DF11B02FFF71CFF1F
:108F60000446E0B99DF81B00404542D8D5E90812F7
:108F70006B681B0A012B31D0214CA34212D0002B6D
:108F80003AD1CDE903064B462846CDE901B7CDF8E5
:108F900000A024F003FB10F1860F04460DD1C6F8A3
:108FA00000800CE0CDE903064B462846CDE901B729
:108FB000CDF800A024F0F2FA0446002CEFD142468E
:108FC00021463846336824F000FC079825F02FF935
:108FD000002C18BF204609B0BDE8F08FCDE903068C
:108FE0004B462846CDE901B7CDF800A024F07BFA26
:108FF000E2E76FF08904D2E76FF08604CFE700BFA5
:10900000020080002DE9F04F446885B0240A012C4D
:109010008046DDE90E56894692469B46109F20D039
:10902000DFF858C0644514D01CBBCDE9016700953A
:1090300024F036FA10F1860F1DD15B4652464946A0
:109040004046CDE90F670E9505B0BDE8F04F24F01E
:109050007FBCCDE90F670E9505B0BDE8F04F24F059
:109060001FBACDE90F670E9505B0BDE8F04F24F0AB
:10907000C8B86FF0860005B0BDE8F08F0200800030
:109080002DE9F0411F46002388B006468846154664
:10909000CDE9043307923B60002A63D0B2F1005F50
:1090A00063D205AA04A924F0B3FB044698B9049B33
:1090B0005A6AB2B104982A4643884146069306ABE1
:1090C000029300F124030193436A0093036AFFF7BC
:1090D00099FF044618B30498002839D024F074FC92
:1090E00036E073681B0A10D0012B06D020498B4252
:1090F00013D007926FF08604EDE7304607A9079575
:1091000024F06EFF04460028E5D10799049824F066
:10911000FCFB04460028CDD0DDE70795F5E7049871
:10912000069B4288C2B943804FF6F872934216D824
:10913000338813B102889A42DCD1738813B1428814
:109140009A42D7D1394624F04AFB04460028C2D1BE
:10915000204608B0BDE8F0819A42CBD1E4E76FF039
:109160008504B8E76FF08604F2E76FF08504EFE757
:10917000020080002DE9F043994600230C46016867
:1091800085B0054617460393002957D100F108081A
:109190009822404625F00BFDB9F1000F20463B46D2
:1091A00014BF4FF480624FF4006203A9FFF786FDFD
:1091B0000446002844D1039E384631882A1DFFF713
:1091C000EBFD044600283BD16B7969F300036B711A
:1091D0007168D6E90823090AB9F1000F1CD00129EA
:1091E00011D01E48814200D0A1BB314640460097B5
:1091F00024F00DFA044618BB042303982B6025F0D5
:1092000016F8044622E0314640460097FFF776FB09
:109210000446A8B90523F0E7012909D00F48814287
:1092200000D0B9B931464046009724F038FAE1E75A
:1092300031464046009724F07BF9E9E76FF0880457
:10924000284624F0D3FC039824F0F1FF204605B013
:10925000BDE8F0836FF08604F2E700BF02008000F3
:109260002DE9F04F9B460023924601F0FE428FB05D
:10927000B2F1806F0E46DDE918891A9F099305D077
:10928000184624F0D4FF6FF086052EE00B464FF40D
:10929000807209A9FFF712FD0546099815B124F05F
:1092A000C6FF22E0038803F4E042B2F5005F1ED15E
:1092B00013F4E06FC3F3022119D0474C26F48072F7
:1092C000A2420AD004F50074A64206D0434CA6423E
:1092D00003D0A4F53F44A24209D101248C40102CB4
:1092E00010D924F0A4FF6FF08305002462E042F25D
:1092F0000402934202D13A4B9E420AD0394B9E421D
:1093000011D10D24A14506D224F091FF6FF08905FB
:10931000EBE70C24F6E721460AA8FFF7B1FC054667
:1093200010B10998BBE700240998D0E90812B8F1F8
:10933000000F21D008EB040C4568A9EB04032D0AAB
:10934000012D3CD0DFF8A0E0754517D0002D98D155
:10935000CDE905370AAB0093CDE903BC3346CDE92F
:10936000014A24F019F910F1860F064612D1099826
:1093700024F05DFF3546B8E7C446DDE7CDE90537A3
:109380000AAB0093CDE903BC3346CDE9014A24F092
:1093900003F90646099824F04AFF0546002EE9D154
:1093A0000028A2D124B1224640460AA925F00AFC91
:1093B0003B681C4428463C600FB0BDE8F08FCDE907
:1093C00005370AAB0093CDE903BC3346CDE9014A2A
:1093D00024F087F8DDE700BF0010C00400FF400460
:1093E000000180040013C00402008000002307B5C0
:1093F0001A460091024924F00CFD03B05DF804FB0D
:10940000F0E4030810B5114C2378580744BF23F04B
:10941000040323702378990705D500F09BF823787F
:1094200023F00203237063781BB10023084A6360B2
:1094300053600023082106486370FFF7BDFA2378C4
:10944000DA0744BF23F00103237010BDA83D0020BC
:10945000AC3D002038B51E4C62782378022A01D139
:10946000072B11D0DD0712D52378980707D400F019
:1094700069F82378054643F00203237078B96278CF
:109480002378CAB15A071FD50025284638BD23F0D6
:1094900019FD054630B1237843F001032370FFF72F
:1094A000B1FFF2E723F017FD2378054643F00103EF
:1094B00023700028F3D1D7E7D907E3D505496260C7
:1094C0004A6002226270DDE743F004032370DBE7A9
:1094D000A83D0020AC3D002000F14043032B70B5B7
:1094E00005460E460CD82822154C02FB0344237E69
:1094F000022B02D16369834218D06FF08B001AE00F
:10950000012124F06EFEB8B10D4B00221C46197EDD
:10951000022902D15969A94205D00132042A03F176
:109520002803F4D1E9E7282303FB0244204624F072
:109530004BFE00B9346070BD6FF08700FBE700BFE1
:10954000B43D00200122024B002083F8A020704788
:10955000B43D00202DE9F0410A4C002526464FF08D
:10956000010803272046C4F81C802776013524F023
:109570002BFA042D04F12804F4D1002386F8A0303E
:10958000BDE8F081B43D0020F8B51E4D064695F8C3
:10959000A0300F4683B300242B462246197ED1B15A
:1095A0003CB9022905D1D96919B91979002918BF1F
:1095B0001C460132042A03F12803EFD114B96FF0DD
:1095C0008C0006E0204624F0FFFD204624F0FCF944
:1095D00010B100240EE01C46237E83B901232376BC
:1095E0003EB1651BED1003F1CC335D4305F18045C1
:1095F000356000203C60F8BD6FF08800E9E76FF04F
:109600009600E6E7B43D0020F7B500262C4B0E602F
:1096100093F8A03007460D46002B4ED0FFF75CFFB5
:1096200010F18C0F044645D129463046FFF7ACFFB8
:10963000044600283ED101232E68CDE9000069468A
:1096400030467761736001AA24F074FE044670B15D
:10965000DDE9000124F06CFE286824F0B5F914F16E
:109660008C0F08BF6FF0870400232B6022E0DDE938
:109670000012304624F05CF90446DDE9000124F0D4
:1096800057FE002CE8D128688368D90444BF43F40E
:109690008063836083689A0444BF43F400638360FB
:1096A000037E012B04BF0223037624F08DFD0446C4
:1096B0000028D9D1204603B0F0BD6FF08804F9E747
:1096C000B43D002030B40D4D2C681C606C685C60AB
:1096D00000249C605468DC6014881C8254885C827E
:1096E00094685C61D4689C61126930BCDA6119626B
:1096F0000A46014603F1240025F064BAF4E40308A5
:109700002DE9F843232904460F4691469846089EC2
:1097100004D86FF098052846BDE8F8830822194957
:1097200025F01BFA05460028F3D1A368002BF0D1E1
:10973000216A243F8F42C8F80010EAD3B1F5005FD8
:10974000E7D271B9C9F80000E3687360238A3380F7
:10975000638A73806369B360A369F360E36933610B
:10976000D9E7012023F02CFAC9F8000030B1D8F86D
:10977000002004F1240125F025FAE5E76FF08C05BF
:10978000C9E700BFF4E403082DE9F04393B089462C
:10979000DDE91A871D460446002858D0002956D016
:1097A000B8F1000F53D0002F51D013F00F034ED15A
:1097B000284829490FAE002A08BF0146A360C4E922
:1097C000001348463146236224F0CCFE00283BD1EA
:1097D00020460F9932F0FCFC2946204632F0F8FC76
:1097E0006946484600F04CFB70BB6946204625F0B0
:1097F000CFF8484603A924F09CFF28BB204603A9C4
:1098000025F0C6F8CDF830804FF0010845F000553E
:10981000CDF8348006AB0E950CAA07CA83E8070082
:109820001946204625F0B4F80F9709ABCDF84080D3
:10983000119596E8070083E807002046194632F0A4
:10984000EDFC204632F034FA13B0BDE8F08321205D
:10985000FAE700BF00010004000101042DE9F04314
:1098600093B0894617461D460446DDF868800028F7
:1098700059D0002957D0002A55D0B8F1000F52D046
:109880000B68103B102B4ED8284A22FA03F3D90755
:1098900049D50023264A0FAEC0E900238360036246
:1098A0003146484624F05EFE002839D120460F9903
:1098B00032F08EFC2946204632F08AFC6946484642
:1098C00000F0DEFA60BB6946204625F061F84846A4
:1098D00003A924F02EFF18BB204603A925F058F851
:1098E0000C97012745F000550D9706AB0E950CAA75
:1098F00007CA83E807001946204625F049F80D4BB2
:10990000CDF83C801097119309AB96E8070083E8E7
:1099100007002046194632F081FC204632F0C8F993
:1099200013B0BDE8F0832120FAE700BF0101010078
:1099300000000404100000202DE9F0410C461646FA
:109940001F460546A0B0002800F09480002900F0D2
:109950009180002A00F08E80002B00F08B80036B3A
:109960000F2B75D80023444A0DF174084146304648
:10997000C4E90023A360236224F0F4FD002874D11D
:1099800020461D9932F024FC296B20460F2984BF04
:1099900001F00F01103132F01BFC304602A900F03B
:1099A0006FFA002861D1204602A924F0F1FF304669
:1099B00005A924F0BEFE002857D1204605A924F0B1
:1099C000E7FF01232D4AD5F830C0149508AE159352
:1099D000169214AA07CA86E807000CF00F0205F1D8
:1099E000100E42F00052CDF85CE00BAD18931992C6
:1099F00017AA07CA85E80700CDF868E01B934CF06A
:109A000000531C931AAA0EABBCF10F0F07CA83E8D0
:109A100007002DD90A9B314623F0005320460A93B4
:109A200024F0B6FF2946204624F0B2FF01231D97FB
:109A30001E93124B1F9311AB98E8070083E80700B1
:109A40002046194632F0EAFB204632F031F90CE0AC
:109A500000F120030190009301221023314620469B
:109A6000FFF792FE00283FF47DAF20B0BDE8F08103
:109A70001946D8E72120F8E7000004041000002070
:109A80002DE9F04F0D46914698460646ADB00028A8
:109A900000F0D680002900F0D380002A00F0D080AA
:109AA000002B00F0CD80026B369B02F00F07D3181D
:109AB0001B09B3EB121F00F0BB800023614A8B60CF
:109AC000C1E900230B62484629A924F04BFD044656
:109AD000002840F0A980369B284607EB030B299904
:109AE0002BF00F0A32F074FB5146284632F070FB1F
:109AF000484602A900F0C4F90446002840F09480CA
:109B0000284602A924F044FF484605A924F011FE86
:109B10000446002840F088804FF00109284605A936
:109B200024F036FF484B1A961AAACDF86C901C9375
:109B300008AB07CA83E807001946284624F028FF27
:109B400006F1100347F00052AAEB07071D930DF131
:109B50002C0CCDF8789047F000571F921DAA07CA29
:109B60008CE80700CDF8808020AACDF88490229759
:109B70000EAF07CA87E807000D9A614622F000522F
:109B8000284601930D9224F003FF3946284624F01D
:109B9000FFFEAAF1100242F0005223942A4BCDF8A6
:109BA000909011AF259223AA07CA87E8070006F113
:109BB0002002269214ACCDF89C9026AA289307CABE
:109BC00084E80700139A394642F080421392139AB0
:109BD000284622F00052139232F020FB21462846FC
:109BE00032F01CFB184B299617ACCDF8A8902B939C
:109BF00029AB93E8070084E807002146284632F0A5
:109C00000DFB284632F054F8369BAAEB0B011944A1
:109C1000019B0446ABEB0A021846414424F0D2FFF4
:109C2000336B369A1344336320462DB0BDE8F08F72
:109C300010304146369A384424F0C4FF0024EFE740
:109C40002124F1E703020004100000202DE9F04771
:109C50004FF000088EB00E4617460446CDF804803B
:109C6000002865D022B9002528460EB0BDE8F0874F
:109C700000295DD032F0030902F0030A25D04FF02D
:109C8000E063C0E9003801230891099349F00053CB
:109C90000A9308AA02ABC0F80880C0F8208007CA5F
:109CA00083E807001946204632F0B8FA49462046B4
:109CB00032F08EFA204631F0FBFF054628B14A46C5
:109CC0004146304624F073FFCEE7BAF1000FCAD008
:109CD0004FF000084FF0E063C4E9003801AB0B938C
:109CE00001230C93134B0EAA0D9305AB12E9070049
:109CF000C4F8088083E80700C4F82080194620468D
:109D000032F08CFA0421204632F062FA204631F01B
:109D1000CFFF054608B13A46D2E7019A4E44EB0020
:109D2000013522FA03F3AA4506F8013BF7D19AE779
:109D3000212599E704000020F0B50F4616461D4680
:109D4000044693B010B9212013B0F0BD0029FAD019
:109D5000002AF8D0002BF6D0002331461A463846A8
:109D600024F0A5FB0028EFD1304602A924F03BFBEC
:109D70000028E9D1EB68022B0AD039683F48029AE3
:109D800081426B6902D01830814270D19A42DAD890
:109D90002B68002BD7D14FF060623846C4E900230E
:109DA000A360236201A924F0DDFB0028CCD1019936
:109DB000204621F4F061019132F00AFA6946284602
:109DC00024F0D0FB0028BFD12046009932F000FAE1
:109DD000384609A900F054F80028B5D1204609A951
:109DE00024F0D6FD38460CA924F0A3FC0028ABD102
:109DF00020460CA924F0CCFDEB684BB1284606A9FF
:109E000000F03EF800289FD1204606A924F0C0FDAE
:109E1000304603A924F08DFC002895D1B368DA04FC
:109E20000CD59B0427D50621F36932691B6801FB19
:109E300003225B0043F0005303920593204603A9DD
:109E400024F0A6FD28460FA924F073FC00287FF417
:109E50007BAF20460FA932F0E1F90325204631F00F
:109E600027FF01287FF470AF013DF7D16CE7B3EB1A
:109E7000420F8DD267E7292066E700BF200000B0BF
:109E800090B189B101234B60C368013B012B08D815
:109E90008269064B1AB10A6000208B607047044A41
:109EA000F9E74FF00053F7E7212070470800002042
:109EB000FCE40308F0B50F46154604468FB00028B1
:109EC00062D0002960D0002A5ED0012329461A46BC
:109ED000384624F0ECFA002854D1BB6813F4C04F84
:109EE00052D0AB6803F4C043B3F5005F4CD1284BAC
:109EF0000BAEC4E90030A06020623146384624F041
:109F000031FB00283ED120460B9932F061F93846EA
:109F100002A9FFF7B5FF002834D1204624F038FD10
:109F2000384605A924F005FC60BB204605A924F0AD
:109F30002FFDEB6843BBAB6803F4C043B3F5005F90
:109F400022D1284601A924F079FAD8B9019B6A697F
:109F50009A421BD32A6943F000530B9201220C92C0
:109F60000D9308AB96E8070083E8070019462046E2
:109F700032F054F90325204631F09AFE012801D130
:109F8000013DF8D10FB0F0BD2120FBE71D20F9E71E
:109F90000000010238B5434C4349206822F090F993
:109FA00021F042F821F041F84049206822F088F978
:109FB0003D49206822F084F921F036F821F035F887
:109FC0003B49206822F07CF93749206822F078F973
:109FD00021F02AF821F029F83649206822F070F99A
:109FE0003149206822F06CF921F01EF821F01DF8AB
:109FF00004223149206822F063F9304D2A49206853
:10A0000022F05EF921F010F821F00FF82C4A2D49CA
:10A01000206822F055F96B78012B1CD0022B36D02A
:10A02000FE2B0ED02849206822F04AF920F0FCFFD0
:10A0300020F0FBFF6A782549206822F041F9FE23D1
:10A040006B701949206822F03BF920F0EDFF20F0F9
:10A05000ECFF1F4908E01449206822F031F920F094
:10A06000E3FF20F0E2FF1B49206822F029F900F00D
:10A07000CBFC0D49206822F023F920F0D5FF20F019
:10A08000D4FF20680B49BDE8384022F019B90649D1
:10A09000206822F015F920F0C7FF20F0C6FF0E4916
:10A0A000E2E700BF28330020C0C4030846E60308E7
:10A0B00004E503083FE503087AE5030891860020DC
:10A0C000A4E50308A9E503086FC6030820E6030812
:10A0D00048E60308D4E50308FAE5030838B500F0BC
:10A0E0009BFC044678B1084D0849286822F0E8F83E
:10A0F00020F09AFF20F099FF224628680449BDE825
:10A10000384022F0DDB838BD2833002076E6030859
:10A110007BE6030870B58AB0044600F0A9FB05464B
:10A1200068B1954E9549306822F0CAF820F07CFF5E
:10A1300020F07BFF2A469249306822F0C1F823685C
:10A14000904A23F47F4323F00703934200F00281F7
:10A150000CD802F17A4293421DD002F1816202F5DD
:10A16000C022934200F030810AB070BD864A93420B
:10A17000FAD1814D8149286822F0A2F820F054FFDD
:10A1800020F053FFA37981490093637922792868ED
:10A1900022F096F8E8E74FF6E273C821ADF81C30DC
:10A1A0006FF01D000DF11E0307AAADF81E1015F08B
:10A1B00051F8714C054610B37549206822F080F8BB
:10A1C0007449206822F07CF820F02EFF20F02DFF4B
:10A1D000714B724A009372499623206822F070F8FE
:10A1E00070492B46704A206822F06AF82846F7F733
:10A1F00093FE6E49206822F063F800BEFDE70DF182
:10A200001B0108A814F0BAFF054610B36049206886
:10A2100022F056F85F49206822F052F820F004FF3F
:10A2200020F003FF5C4B5D4A00935D499A23206850
:10A2300022F046F85B492B465B4A206822F040F842
:10A240002846F7F769FE5949206822F039F800BE20
:10A25000FDE75749206822F033F820F0E5FE20F0B2
:10A26000E4FE9DF820309DF81B0004939DF82130FA
:10A27000504903939DF822304F4A02939DF82330B2
:10A28000002818BF0A4601939DF824304B490093DB
:10A2900020689DF8253022F013F82846F6F7DCFAFE
:10A2A000054610B33A49206822F00AF83949206877
:10A2B00022F006F820F0B8FE20F0B7FE364B374A01
:10A2C00000933749A723206821F0FAFF35492B4630
:10A2D000354A206821F0F4FF2846F7F71DFE334980
:10A2E000206821F0EDFF00BEFDE7FF20F6F74AFAF7
:10A2F000054610B32649206821F0E2FF2549206871
:10A3000021F0DEFF20F090FE20F08FFE224B234A4A
:10A3100000932349AD23206821F0D2FF21492B4629
:10A32000214A206821F0CCFF2846F7F7F5FD1F49A8
:10A33000206821F0C5FF00BEFDE71D49206821F01F
:10A34000BFFF20F071FE20F070FE1D49206821F053
:10A35000B7FF09E7084D0949286821F0B1FF20F04F
:10A3600063FE20F062FEA288164928680AB0BDE8A4
:10A37000704021F0A5BF00BF2833002076E6030817
:10A38000CCE60308A0000106A0000108F4E70308DA
:10A3900046E60308FAE6030865EA0308FFE6030851
:10A3A0004CE703085BE7030858E7030870E7030876
:10A3B000C0C40308B0E60308BEE6030881E703084B
:10A3C000BCE7030870E803081C4D1D49286821F00C
:10A3D00077FF20F029FE20F028FEB4F8053022791E
:10A3E0001849286821F06CFF207914F0B7FE044664
:10A3F00000283FF4B9AE1449286821F061FF1349E1
:10A40000286821F05DFF20F00FFE20F00EFE104BBB
:10A41000104A00931049CF23286821F051FF0F49BB
:10A4200023460F4A286821F04BFF2046F7F774FDBA
:10A430000C49286821F044FF00BEFDE728330020C6
:10A4400076E603089EE8030846E60308FAE60308F2
:10A4500065EA0308FFE603084CE703085BE7030827
:10A4600058E7030870E7030870B503780546013B19
:10A4700086B0032B00F2AF80DFE813F00400690020
:10A48000E700F8004078F6F7CBF806467D4C7E49A9
:10A49000206821F015FF20F0C7FD20F0C6FD3278BE
:10A4A00073790492727879490392B2780292F278C1
:10A4B0000192327900926A78206821F001FF6D786C
:10A4C00073492846F7F7FCF990B17249206821F0EA
:10A4D000F7FE20F0A9FD20F0A8FD2A466E4920686D
:10A4E00021F0EEFE284606B0BDE87040F6F79EB9B2
:10A4F00020F065FD03286ED8FF20F6F743F90546E6
:10A50000002800F093806549206821F0D9FE644955
:10A51000206821F0D5FE20F087FD20F086FD614BFC
:10A52000614A0093614940F22713206821F0C8FE78
:10A530005F492B465F4A206821F0C2FE2846F7F7A4
:10A54000EBFC5D49206821F0BBFE00BEFDE74D4CF1
:10A550004D49206821F0B4FE20F066FD20F065FD35
:10A560006A785649206821F0ABFE6D7820F027FD0F
:10A5700004282AD8002830D02846F7F75FFA054685
:10A5800058B34649206821F09BFE4549206821F0D8
:10A5900097FE20F049FD20F048FD494B424A0093C8
:10A5A00042494FF49D73206821F08AFE40492B46B2
:10A5B000404A206821F084FE2846F7F7ADFC414967
:10A5C000206821F07DFE00BEFDE72846F7F736FA49
:10A5D00005460028D5D106B070BDFF20F6F7D2F8A9
:10A5E000054618B32D49206821F06AFE2C492068E1
:10A5F00021F066FE20F018FD20F017FD304B2A4AAE
:10A6000000932A494FF4A073206821F059FE28498D
:10A610002B46284A206821F053FE2846F7F77CFC99
:10A620002549206821F04CFE00BEFDE71649206850
:10A6300021F046FE20F0F8FC20F0F7FC22492068CB
:10A6400006B0BDE8704021F03BBE0E4C0E492068BC
:10A6500021F036FE20F0E8FC20F0E7FC6A781B4988
:10A66000206806B0BDE8704021F02ABE054C0949BB
:10A67000206821F025FE20F0D7FC20F0D6FC6A7877
:10A680001349EDE728330020C0C40308CAE80308D3
:10A690009186002076E6030828E9030846E60308C9
:10A6A000FAE6030841EA0308FFE603084CE703085B
:10A6B0005BE7030858E7030870E7030897E9030816
:10A6C0002CEA0308B5E9030859E90308EBE9030894
:10A6D0000DEA030810B5044600F0DAF968B1074B3B
:10A6E0001A68A24204D10120BDE8104000F0D8B998
:10A6F0005B68A34201D10020F6E710BD5083002023
:10A7000000B5C3B014F040FF094801F09BF960B1F7
:10A7100024F05BF948B14FF48271054801AA24F096
:10A7200056FD10B901A824F03FF943B05DF804FBD1
:10A730001C730020064B1B681A7A022A04D812B137
:10A740001B68044A13607047032AF9D0704700BFA2
:10A750001C830020583E002030B5204DA3B00BAC28
:10A760000FCD0FC495E80F0084E80F000023CDE95A
:10A7700002330493CDE90733CDE91F3309934FF436
:10A78000702313AC019301AD0FCD0FC4144B06AD74
:10A790002360144B18AC06930FCD0FC4124B13A9B2
:10A7A0002360124B0BAA1D9320231E9301238DF8C7
:10A7B0007D300F4B0F4821930F4BFCF7A9F804464F
:10A7C0009DF87F304FF4E130002B0CBF03210021B6
:10A7D00020F029FD204623B030BD00BF88ED0308DE
:10A7E0003C00015B01000F004400015B707F002012
:10A7F00030830020183F00205C3E002029B9074B21
:10A80000186803684BB1FCF7B7BC012905D1034BAD
:10A81000186803680BB121F04EBF704744830020D5
:10A8200008B504490448FCF71FFEBDE80840FFF7DF
:10A8300093BF00BF48830020403F0020014821F023
:10A840006DBD00BF183F0020014B5A6A18681047C1
:10A85000183F002008B5044820F0F3FCBDE808408C
:10A86000024820F0EEBC00BFC0ED0308A8ED0308CD
:10A8700038B50368544A23F47F4323F00703934217
:10A88000044600F08A800ED802F17E42934248D0FE
:10A8900002F18072934251D0A2F18772934219D093
:10A8A0000024204638BD494A93422CD002F18072E0
:10A8B0009342F5D1464D4749286821F001FD20F02B
:10A8C000B3FB20F0B2FBB4F805204349286821F01F
:10A8D000F7FCE5E7414B0321187814F06FFC0446C0
:10A8E00070B13B4D3E49286821F0EAFC20F09CFB0A
:10A8F00020F09BFB22463B49286821F0E1FCD0E791
:10A9000014F070FCCCE7324C3249206821F0D8FCBE
:10A9100020F08AFB20F089FB3349206821F0D0FC2D
:10A92000BEE72B4D2B49286821F0CAFC20F07CFBA8
:10A9300020F07BFBD4F805202C49C7E7244D25499E
:10A94000286821F0BDFC20F06FFB20F06EFB284949
:10A95000286821F0B5FC40F2D241207914F052FC75
:10A9600004461C49286821F0ABFC20F05DFB20F078
:10A970005CFB234640F2D2421E49286821F0A0FC2D
:10A98000002C8DD01649286821F09AFC20F04CFB51
:10A9900020F04BFB22461849AEE70D4D0D492868C3
:10A9A00021F08EFC20F040FB20F03FFBD4F8052086
:10A9B0001249286821F084FC2279114B1A70022276
:10A9C000104B1A706CE700BFA0000F02A0000F032D
:10A9D00028330020C0C403083CEE0308907F002009
:10A9E00076E60308D8ED03081CEE030869EE0308B9
:10A9F00095EE0308C3EE0308F2EE030826EF030802
:10AA00009486002093860020024A137863F07F0327
:10AA100013707047907F0020F8B5174F39780129DF
:10AA200017D1164D164E287814F000FC154904462F
:10AA3000306821F045FC20F0F7FA20F0F6FA1249D0
:10AA4000306821F03DFCFF232B7003233B70204630
:10AA5000F8BD79B9094D0A4E287814F0E7FB094989
:10AA60000446306821F02CFC20F0DEFA20F0DDFAFC
:10AA70000649E5E70024EAE7938600209486002053
:10AA800028330020C0C403085DEF030882EF0308E9
:10AA9000024B1878831E5842584170479386002015
:10AAA000014B1870704700BF9386002030B50368D3
:10AAB0007E4A23F47F4323F00703934289B040F09A
:10AAC000F380062200211620794B0EF02BFD044660
:10AAD00018B3784D7849286821F0F2FB7749286847
:10AAE00021F0EEFB20F0A0FA20F09FFA744B754A9B
:10AAF000009375496C23286821F0E2FB73492346D3
:10AB0000734A286821F0DCFB2046F7F705FA714903
:10AB1000286821F0D5FB00BEFDE70146082212207F
:10AB20006D4B0EF0FFFC044618B3624D6249286875
:10AB300021F0C6FB6149286821F0C2FB20F074FABD
:10AB400020F073FA5E4B5F4A00935F4978232868D0
:10AB500021F0B6FB5D4923465D4A286821F0B0FB31
:10AB60002046F7F7D9F95B49286821F0A9FB00BE18
:10AB7000FDE7014603221420584B0EF0D3FC054696
:10AB800018B34C4C4C49206821F09AFB4B49206883
:10AB900021F096FB20F048FA20F047FA484B494A4A
:10ABA000009349498623206821F08AFB47492B46B8
:10ABB000474A206821F084FB2846F7F7ADF945495C
:10ABC000206821F07DFB00BEFDE70DF10F0104A818
:10ABD00014F0D4FA044618B3364D3749286821F0EA
:10ABE0006FFB3649286821F06BFB20F01DFA20F03E
:10ABF0001CFA334B334A009333499523286821F0DC
:10AC00005FFB32492346324A286821F059FB20462F
:10AC1000F7F782F92F49286821F052FB00BEFDE7C3
:10AC2000BDF8143001465BBAADF818309DF813300A
:10AC300008228DF81A30FF238DF81B30FE238DF883
:10AC40001C309DF8123018208DF81D30BDF81030E2
:10AC50005BBAADF81E3006AB0EF064FC054618B3C7
:10AC6000144C1549206821F02BFB1449206821F071
:10AC700027FB20F0D9F920F0D8F9114B114A0093A5
:10AC80001149A523206821F01BFB10492B46104ACF
:10AC9000206821F015FB2846F7F73EF90D4920689A
:10ACA00021F00EFB00BEFDE709B030BDA0000100A1
:10ACB00059F003082833002046E60308FAE60308A3
:10ACC00019F00308A4EF03084CE703085BE7030847
:10ACD00058E7030870E7030851F003084EF0030833
:10ACE0007BB972B90029BEBF00204FF0004106E0D9
:10ACF00008BF00281CBF6FF000414FF0FF3000F08C
:10AD0000CDB9ADF1080C6DE904CE002909DB002BAB
:10AD10001ADB00F04DF8DDF804E0DDE9022304B0B1
:10AD20007047404261EB4101002B1BDB00F040F813
:10AD3000DDF804E0DDE9022304B0404261EB4101AB
:10AD4000524263EB43037047524263EB430300F00C
:10AD50002FF8DDF804E0DDE9022304B0404261EBA6
:10AD600041017047524263EB430300F021F8DDF8E4
:10AD700004E0DDE9022304B0524263EB4303704771
:10AD800053B94AB9002908BF00281CBF4FF0FF3152
:10AD90004FF0FF3000F082B9ADF1080C6DE904CE40
:10ADA00000F006F8DDF804E0DDE9022304B07047A6
:10ADB0002DE9F04F099D0C46002B4DD18A420F46DC
:10ADC00084469646B2FA82F360D94BB102FA03FE8A
:10ADD000C3F120029F4000FA03FC20FA02F217435D
:10ADE0004FEA1E461FFA8EF44FEA1C42B7FBF6F1FB
:10ADF00006FB117701FB04F042EA0742904208D9B2
:10AE00001EEB020201F1FF3702D2904200F23181C3
:10AE10003946121A1FFA8CFCB2FBF6F006FB102220
:10AE200000FB04F44CEA024C644508D91EEB0C0C00
:10AE300000F1FF3202D2644500F21E81104640EA62
:10AE40000140ACEB040C002125B12CFA03F30022E5
:10AE5000C5E90032BDE8F08F8B4205D90DB1C5E9D7
:10AE6000000100210846F5E7B3FA83F100294DD12E
:10AE7000A342C0F0F380904280F0F0800646234663
:10AE80000846002DE6D0C5E90063E3E7002B40F05B
:10AE9000A3808A1A4FEA1E471FFA8EF60121B2FBE1
:10AEA000F7F407FB14204FEA1C4242EA004206FB7B
:10AEB00004F090420FD91EEB020204F1FF382CBFC0
:10AEC0004FF001094FF00009904203D9B9F1000F8A
:10AED00000F0CC804446121A1FFA8CFCB2FBF7F04B
:10AEE00007FB102200FB06F64CEA024C664508D927
:10AEF0001EEB0C0C00F1FF3202D2664500F2B3806B
:10AF00001046ACEB060C40EA04409DE7C1F1200678
:10AF10008B4004FA01FE22FA06F720FA06FCF44000
:10AF20008A401F434EEA0C0300FA01FE4FEA17481D
:10AF30004FEA13491FFA87FCB4FBF8F008FB1044F2
:10AF400049EA044400FB0CF9A1450ED93C1900F173
:10AF5000FF3A2CBF4FF0010B4FF0000BA14503D976
:10AF6000BBF1000F00F08B805046A4EB09041FFAE0
:10AF700083F9B4FBF8F308FB134403FB0CFC49EA28
:10AF80000444A44506D93C1903F1FF3801D2A44575
:10AF90007BD8434643EA0040A4EB0C04A0FB029894
:10AFA0004445CC46434602D306D1CE4504D20138AF
:10AFB000B9EB020C68EB0703002D6CD0BEEB0C0262
:10AFC00064EB030422FA01F304FA06F6CC400021F4
:10AFD0001E43C5E900643DE702FA03FEC3F1200108
:10AFE00004FA03F200FA03FCCC404FEA1E4720FAB1
:10AFF00001F11FFA8EF6B4FBF7F00A4307FB104489
:10B00000110C41EA044100FB06F48C420ED91EEB00
:10B01000010100F1FF382CBF4FF001094FF000098A
:10B020008C4202D9B9F1000F2CD04046091B92B2D4
:10B03000B1FBF7F407FB141142EA014204FB06F1ED
:10B04000914207D91EEB020204F1FF3801D291426E
:10B050001ED84446521A44EA004120E7861A64EB9F
:10B06000030301200DE7F44402384AE7023C72442E
:10B0700031E702397244CCE6F4440238DFE60238A4
:10B080003C4472E702387144D0E7023B3C4481E71C
:10B09000023C7244DEE72946DCE600BF704700BF91
:10B0A00008B5064B044613B10021AFF30080044BF2
:10B0B0001B6803B19847204621F043F900000000C7
:10B0C00080400020002310B504468360818119462A
:10B0D0004366C28108228361C0E90033C0E90433BA
:10B0E0005C3023F064FD0D4B246263620C4BA36261
:10B0F0000C4BE3620C4B23630C4B9C4206D003F1D8
:10B100006802944202D0D0339C4205D104F1580029
:10B11000BDE8104023F053BD10BD00BFD5EA0208C2
:10B12000F7EA02082FEB020853EB0208483F002021
:10B13000024A0349034823F0AFBC00BF58830020F4
:10B140001BEE02086883002041680C4B994210B541
:10B15000044601D023F061FEA168094B994202D058
:10B16000204623F05AFEE168064B994204D020465F
:10B17000BDE8104023F051BE10BD00BF483F002085
:10B18000B03F00201840002010B50B4B04210B4CA1
:10B190000B4A20461A600022FFF794FF04F1680072
:10B1A00001220921FFF78EFF04F1D00002221221B3
:10B1B000BDE81040FFF786BF80400020483F0020D8
:10B1C00031B10008014823F0FBBC00BF917F002093
:10B1D000014823F0F6BC00BF917F002010B5044663
:10B1E000FFF7F0FF236A1BB1BDE81040FFF7F0BF87
:10B1F000044B2362044B1B68002BF5D1FFF7C4FFFF
:10B20000F2E700BF49B10008804000202DE9F74374
:10B210001D46574B04460E461F68904627B13B6AB1
:10B2200013B93846FFF7DAFFB8F1020F06D0B8F1CC
:10B23000010F00F29980002DC0F29680636ED9074D
:10B2400005D4A3899A0502D4A06D23F0B9FC214648
:10B25000384623F0E2FD616B41B104F144039942A9
:10B2600002D0384621F0B9FC002363630023A361B8
:10B270006360A3891B0603D52169384621F0ADFC24
:10B28000A389B8F1020F23F44A6323F00303A381D7
:10B2900060D001AB6A462146384623F0E6FDA3891B
:10B2A0001843A0812DBB009D284600F0D7F8064624
:10B2B000002851D1DDF80090A9453FD14FF0FF356E
:10B2C000B4F90C3043F00202A2810022A26004F122
:10B2D00047022260226101226261626ED60704D4B5
:10B2E000980502D4A06D23F06CFC284603B0BDE89D
:10B2F000F083002ED8D03B6A13B93846FFF76EFFB3
:10B30000B8F1010F266002BFA38943F00103A381B6
:10B31000B4F90C3013F00802C4E904651ED0D90753
:10B3200045BF00226D42A560A26048BFA561626E64
:10B33000D20701D49B0513D50025D6E7484600F077
:10B340008DF806460028B9D0A3894D4643F0800306
:10B35000A381D0E70025B3E7A946F5E7A260E6E7B9
:10B36000A06D23F02EFCE7E74FF0FF35BDE700BFEF
:10B37000648300200B46034902460868816800F098
:10B3800075B800BF6483002038B50023054D04461E
:10B3900008462B6020F0D3FF431C02D12B6803B179
:10B3A000236038BD8440002038B50446064D084669
:10B3B000114600222A601A4620F0CBFF431C02D11E
:10B3C0002B6803B1236038BD8440002038B50446A3
:10B3D000064D0846114600222A601A4620F0BBFF9F
:10B3E000431C02D12B6803B1236038BD8440002088
:10B3F00038B50446064D0846114600222A601A4612
:10B4000020F0B7FF431C02D12B6803B1236038BD85
:10B410008440002070B50D4D00260D4C641BA41017
:10B42000A64209D10B4D00260B4C30F059FF641B8E
:10B43000A410A64205D170BD55F8043B01369847CB
:10B44000EEE755F8043B01369847F2E7A88600205E
:10B45000A8860020A8860020AC860020024B01466A
:10B46000186821F0B7BB00BF648300202DE9F04FBE
:10B470000D469DB014469846064618B1036A0BB9AE
:10B48000FFF7ACFE6B6ED90705D4AB899A0502D4E1
:10B49000A86D23F095FBAB891B0701D52B699BB9E0
:10B4A0002946304600F026FA70B16B6EDC0704D5F1
:10B4B0004FF0FF301DB0BDE8F08FAB899805F7D491
:10B4C000A86D23F07EFBF3E70023CDF80C804FF04E
:10B4D0000109DFF8B481099320238DF82930302346
:10B4E0008DF82A3023469A4613F8012B0AB1252AF3
:10B4F000F9D1BAEB040B0BD05B4622462946304605
:10B5000023F084FB013000F0A780099A5A44099285
:10B510009AF80030002B00F09F8000234FF0FF329C
:10B520000AF1010A049307938DF853301A93CDE979
:10B53000052354460522544814F8011B23F034FD1A
:10B54000049AD8B9D10644BF20238DF8533013078D
:10B5500044BF2B238DF853309AF800302A2B15D096
:10B56000079A544600204FF00A0C214611F8013B7F
:10B57000303B092B4BD9B0B1079214E0A0EB080384
:10B58000A24609FA03F313430493D2E7039B191D60
:10B590001B68002B0391BBBF5B4242F00202079382
:10B5A0000793B8BF049223782E2B0AD163782A2BF5
:10B5B00032D1039B02341A1D1B6843EAE3730392E2
:10B5C0000593DFF8D4A003222178504623F0ECFC49
:10B5D00038B1A0EB0A004022049B0134824013439F
:10B5E000049314F8011B062228488DF8281023F034
:10B5F000DBFC00283FD0264B1BBB039B073323F00B
:10B60000070308330393099B3B4409936AE70CFB48
:10B6100002320C460120A8E7002301344FF00A0C47
:10B6200019460593204610F8012B303A092A03D910
:10B63000002BC6D00591C4E70CFB01210446012371
:10B64000F0E703AB2A4604A930460093114BAFF351
:10B6500000800746781CD6D16B6ED90705D4AB891C
:10B660009A0502D4A86D23F0ACFAAB895B063FF5CE
:10B670001FAF09981EE703AB2A4604A93046009382
:10B68000044B00F00BF8E4E75FF0030869F00308EF
:10B69000000000000DEC020865F003082DE9FF47EB
:10B6A0000F7E914680460C46782F9A460C9E01F1FB
:10B6B000430207D8622F0AD8002F00F0DD80582FF0
:10B6C00000F0C38004F1420684F842703AE0A7F12A
:10B6D0006303152BF6D801A151F823F035B7000804
:10B6E00049B70008C5B60008C5B60008C5B60008C9
:10B6F000C5B6000849B70008C5B60008C5B60008B9
:10B70000C5B60008C5B600085FB80008D7B700087E
:10B7100017B80008C5B60008C5B6000881B800080B
:10B72000C5B60008D7B70008C5B60008C5B60008FA
:10B730001FB8000833681A1D1B68326004F1420606
:10B7400084F842300123A8E031682368081D306086
:10B750001E0601D50D6803E05D06FBD5B1F900506A
:10B76000002D616878DA2D200029A16084F843005B
:10B770002DDA6D425D480A231646B5FBF3F103FB53
:10B780001157C75D06F8017D2F460D46BB42F4D91F
:10B79000082B0BD12368DF0708D52369616899421C
:10B7A000DEBF302306F8013C06F1FF36921B226112
:10B7B0004B4603AA21464046CDF800A023F038FAB4
:10B7C00001306FD14FF0FF3004B0BDE8F08723F0B7
:10B7D00004032360CDE721683368080653F8045B4F
:10B7E00002D4490648BFADB26F2F33603F4814BF43
:10B7F0000A230823002184F843106668002EA660FF
:10B80000BADB216821F004012160002DB4D1002EA3
:10B81000B2D11646BCE7236843F0200323607827A3
:10B820003348236884F845701F06316851F8045B7B
:10B8300002D45F0648BFADB23160D90744BF43F0C0
:10B84000200323601DB11023D4E72848E9E72368CB
:10B8500023F020032360F6E724480A23CDE733686A
:10B860002568181D616930602E061B6801D51960B6
:10B8700002E06806FBD5198000231646236197E78E
:10B88000336800211A1D32601E686268304623F05A
:10B890008BFB08B1801B606063682361002384F820
:10B8A000433085E72369324649464046D047013058
:10B8B00088D023689B0714D4E068039B9842B8BFE4
:10B8C000184681E70123324649464046D0470130B9
:10B8D0003FF478AF0135E36803995B1AAB42F1DCC2
:10B8E000EAE7002504F11906F5E700BF70F0030848
:10B8F00081F0030838B5294B05460C46186818B185
:10B90000036A0BB9FFF76AFCB4F90C30190722D4AB
:10B91000DA0607D409222A6043F040034FF0FF30D3
:10B92000A38133E0580712D5616B41B104F14403A0
:10B93000994202D0284621F050F900236363A3897D
:10B9400023F02403A3810023636023692360A38978
:10B9500043F00803A38123694BB9A38903F420733F
:10B96000B3F5007F03D02146284623F0A3FAB4F9AB
:10B970000C3013F001020AD00022A2606269524228
:10B98000A261226942B913F08000C5D138BD990780
:10B9900058BF6269A260F4E70020F7E764830020E3
:10B9A00038B50023064D0446084611462B6020F0AA
:10B9B000C9FC431C02D12B6803B1236038BD00BF12
:10B9C0008440002038B50023054D044608462B600E
:10B9D00020F0BDFC431C02D12B6803B1236038BDAD
:10B9E0008440002030B5837985B001901844C06848
:10B9F0000D4600F038001EF00BFC044628B901A8E3
:10BA000023F0D7FC022005B030BD2946019823F071
:10BA1000DAFC45220A490DF10F0023F00FFC0199D1
:10BA200004F10C0023F0B3FD472205490DF10F008E
:10BA300023F005FC20462DF0CBFE0020E3E700BFFD
:10BA400092F0030837B50446094DD92229460DF175
:10BA5000070023F0F3FBE06823F0E3FC0446DB225D
:10BA60000DF10700294623F0EAFB204603B030BD64
:10BA700092F0030837B504460B4D4FF42572294662
:10BA80000DF1070023F0DAFB04F10C0023F0AFFC0A
:10BA9000044640F296220DF10700294623F0CFFB21
:10BAA000204603B030BD00BF92F00308054B10B52F
:10BAB00053F8204004B910BD2046636898472468B5
:10BAC000F8E700BFA04000200020134B10B518700D
:10BAD000124B134CC3E90000124B206018706060D9
:10BAE000A06000F03BFA80B2A0F10E036380A0F1E9
:10BAF0001403013060810C49201DE38020F003FE17
:10BB000020460A4920F0FFFD04F108000849BDE87D
:10BB1000104020F0F8BD00BF937F0020A04000201F
:10BB2000C07E0020927F0020E0F00308E9F00308C7
:10BB3000F3F0030870B5044658B330F0EFF86379BA
:10BB400005466FF382036371237913F0100605D065
:10BB500010232371BDE8704030F0DBB80D4903F0CD
:10BB6000030331F823203046013A21F823202146EF
:10BB7000094C00F0E3F923781BB13046FFF796FF3C
:10BB80002670064B5B6813B10120FFF78FFF284634
:10BB9000E0E770BDC07E0020937F0020A040002021
:10BBA00038B50446057A30F0B9F8054B53F825202E
:10BBB000226043F82540BDE8384030F0AAB800BF05
:10BBC000A040002010B5064B00F0E0001A78541C8D
:10BBD0001C70044B03F8320003EBC203596010BD24
:10BBE000927F0020884000200022F8B50E4C0F49BB
:10BBF0002378934214D951F83260551C86424FEA9B
:10BC0000C2070ED15E1E0A48B21AD20007F108011F
:10BC100001449D4288BF0022384422F0AEFF2670C6
:10BC2000F8BD2A46E5E700BF927F00208C40002047
:10BC3000884000202DE9F04F044689B00492420765
:10BC400048BF00F0F704029130F068F85E4D04F050
:10BC5000030605EB860335F826205B8880469A426A
:10BC600004F0EF094FEA860733D2002000F048F9CC
:10BC7000834650B335F826304046013325F8263048
:10BC800030F047F8584623F053FD029B029A8BF898
:10BC90000630049B8BF8049013448BF807304B4B11
:10BCA0005B6843B130F03AF804460120FFF7FEFE2E
:10BCB000204630F02EF805EB86004522594620F04C
:10BCC00027FD584609B0BDE8F08F01224046404BA1
:10BCD0001A7030F01EF823071BD51F2C19D94FF00E
:10BCE000000A04F0E003039330F018F8EB195B88C6
:10BCF00035F82670DFF8E0809F422CBF002701272F
:10BD000030F007F805EB86030593324B1B789A4514
:10BD100009D384F004004946C0F3800000F07AF8AB
:10BD20004FF0000BC7E798F80030039A1A4205D08D
:10BD3000D8F804300193019B1B6823B90AF1010A6A
:10BD400008F10808E1E707935A79D00707D51A796F
:10BD5000510704D547B989EA0202920704D001933A
:10BD60001B68002BF0D1E6E7019823F040FB077930
:10BD7000079007A823F01DFB3946002000F04AF881
:10BD80002FF0CCFF059B35F826205B8883469A422E
:10BD900034BF0127002709D2002000F0B1F8079036
:10BDA00068B135F82630013325F8263058462FF093
:10BDB000B0FFDDF81CB0BBF1000FBCD062E7012280
:10BDC000034B1A70F2E700BFC07E0020A0400020A5
:10BDD000937F0020927F0020884000200022014BAA
:10BDE0001A607047A840002010B504462FF096FF57
:10BDF000074A13682BB914602360BDE810402FF088
:10BE000088BFA34202D01A461B68F3E710BD00BFEB
:10BE1000A840002070B505460E46054B1C6804B9C5
:10BE200070BD63683146284698472468F7E700BF2D
:10BE3000A84000202DE9F0474FF6FC780024164674
:10BE40001B4F03311B4B07EB001501EA08084FEAB3
:10BE5000001A1B686A80814627F80A8002FB08F0F6
:10BE6000EC60984718FB06F39BB2024668602B8192
:10BE7000D8B11149284651F8291020F046FC214636
:10BE80002A89686822F093FE214623469E4204DCFC
:10BE9000002057447E80BDE8F0876A68E86854183F
:10BEA00050500133EC604144F0E71A20F3E700BF43
:10BEB000BC540020AC400020ACF1030838B5094C5C
:10BEC00004EB00156B682BB1284620F020FC686855
:10BED00023F0E3FD2846BDE838401022002122F07F
:10BEE00066BE00BFBC540020034B0201C3E9001032
:10BEF0000021024822F05BBEAC400020BC54002070
:10BF000038B5094B020103EB0015EC6828462146C1
:10BF10009A5A20F0FDFB24B12368EB606B88013B4B
:10BF20006B80204638BD00BFBC540020024B03EBA1
:10BF300000139878704700BFBC54002030B4064C02
:10BF400004EB0013DD685A880D600132184630BCDE
:10BF5000D9605A8020F0DDBBBC540020044A0101A6
:10BF600002EB0013505A10B11B89B3FBF0F070477D
:10BF7000BC5400200149084620F0C5BBE0F103088D
:10BF8000012838BF012038B5C41C24F00304204622
:10BF900020F0EBFC054601462246084820F0B8FB9D
:10BFA0002DB921460220FFF735FF284638BD22462D
:10BFB0000021284622F0FBFDF7E700BFE0F103086F
:10BFC000F0B5477B057B7B1CB7EB951F04464FF014
:10BFD000000689B0437306D38673312009B0BDE8EB
:10BFE000F0400AF037BF1C480AF0CEFE7F001B4924
:10BFF0001B4B3D41CDE9041305F00305E37A2535DC
:10C0000004A88DF81830CDF81A60ADF81E608DF8D0
:10C01000195000F0BFFD2368CDE902660193A37AB1
:10C020008DF809302389C3F3402252008DF80A208D
:10C03000627B012A01D8DA0705D523F001032381A9
:10C0400001238DF8083001A823F07AFF206928F039
:10C0500025F809B0F0BD00BF9DC00008D6BE898E8E
:10C0600055555500222810B50C460DD0562812D132
:10C0700000F0AAFC08480AF087FE0123A3733120D0
:10C08000BDE810400AF0E6BE00F09EFCBDE810409E
:10C0900001480AF079BE10BD9FFA0208512808B580
:10C0A00005D0552814D0BDE80840FFF7DBBF0A894A
:10C0B000920508D50120897A00F064FABDE80840AD
:10C0C00007480AF061BE0846BDE80840FFF778BFA0
:10C0D00001228A733120BDE808400AF0BBBE00BFD0
:10C0E000E5C000082DE9F04F53280C4685B006D076
:10C0F00055287ED005B0BDE8F04FFFF7B3BF00F084
:10C1000001FB83688046DD0771D543210DF10F02E5
:10C110000AF0BCFA43780646252B68D8057805F066
:10C120000F05032D01D0052D61D1206927F0B1FF46
:10C1300022890146C2F34002304627F0C7FF00289B
:10C1400055D1B34627891BF802AB23F0CAFC07F48C
:10C15000C07980F00103B9F10002CAF3801A594690
:10C1600018BF01225046DBB228F0DBF8014690B33D
:10C17000032D1DD121893046C1F3800127F0BDFF79
:10C18000032841D0052832D100254046A57300F090
:10C19000F7FA404627F0B0FE00F016FC25480AF0FA
:10C1A000F3FD3120A57305B0BDE8F04F0AF052BE93
:10C1B000052D1CD1218904F118030193C1F38013CB
:10C1C0000093C1F30012C1F340033046C1F3C00134
:10C1D00027F09CFFD4E723F08CFC40B9B9F1000FA5
:10C1E000C6D0FF43032DBFB209D13906C2D400F037
:10C1F000EBFB204605B0BDE8F04FFFF7E1BE052D93
:10C20000F5D1FA05F3D5D5E70B480AF0BDFDA17AC3
:10C21000002000F0A1F9606927F040FF23899B0608
:10C2200005D5404605B0BDE8F04F27F065BE05B026
:10C23000BDE8F08F9FFA0208ADFA0208012001491B
:10C240000AF090BD9FFA020821281FB50C4634D190
:10C250001C480AF099FD04F1100000F09BFC94F8D2
:10C26000250027F09FFD94F82030626813F0010349
:10C2700094F8221012D00023CDE90233A368684657
:10C2800013440193012300928DF80A308DF80B10AE
:10C290008DF80C3000F098F904B010BDCDE90133F1
:10C2A0000223684600928DF805108DF8063023F0C1
:10C2B00047FE204623F03FFCEEE704B0BDE8104007
:10C2C00023F01CBC69FC0208032001490AF04ABDA6
:10C2D00049C20008074B586940F20D1338B9002BCA
:10C2E000C1BF45224433B3FBF2F0C0B270470068CF
:10C2F000453BF3E7280B00202DE9F0414FF0000803
:10C3000082B0CDF80480F8B10546154F01AC09E0C4
:10C3100023601B687B612368C3F800802668002DBA
:10C32000344611DD7B69453D002BF1D1012023F01E
:10C330000BFA064620600028F1D101A823F039F855
:10C34000304602B0BDE8F081102000F0C1FD019E32
:10C350003046737943F00103737102B0BDE8F08198
:10C36000280B002037B5174D0446EB6993F87D2064
:10C3700012B9002003B030BD01281AD002280CBF2A
:10C38000022201228DF8042001228DF805209A6FE7
:10C39000286922F044029A6701A92DF0F7FA0028D3
:10C3A000E8D1012C07D1EA69936F43F0400393670A
:10C3B000DFE70422E6E7022CDBD1EA69936F43F062
:10C3C0000403F4E7280B002037B5184D0446EA694A
:10C3D00092F87D3013B9002003B030BD01281CD085
:10C3E00002280CBF022301238DF8043001238DF8AD
:10C3F0000530936F286923F4805323F00203936779
:10C4000001A92DF0D9FA0028E6D1012C07D1EA695B
:10C41000936F43F002039367DDE70423E4E7022C04
:10C42000D9D1EA69936F43F48053F4E7280B0020D5
:10C430000422F0B51D4E0546F36985B083F87C20D3
:10C44000407923F066FD2C79074694B1A879FFF76F
:10C4500089FF044638BB01466A79012023F034FD88
:10C460003B4622467179306905B0BDE8F0402DF0B9
:10C4700021BA2B6868790394029323F04AFD009057
:10C4800022467179306902AB2DF016FA044650B994
:10C49000A879FFF767FF044628B9024601216B79A6
:10C4A000286823F012FD204605B0F0BD280B0020BF
:10C4B000014B18692DF072BB280B0020014B186945
:10C4C0002DF06EBB280B00200C4B10B55A690023D1
:10C4D000591C82B94522DBB25343418B028B0A447B
:10C4E0000A3293422CBF0124002402D2102000F013
:10C4F000EFFC204610BD0B461268E9E7280B002030
:10C5000008B50AF081FF024B1030D86108BD00BFAA
:10C51000280B002038B50446094DFFF7F1FFEB6901
:10C520002A689A6754B1A0880AF08CF80AF0A6F835
:10C530000122EB69002083F87C2038BD0120F5E75B
:10C54000280B0020034BDA69936F43F48033936721
:10C55000704700BF280B0020042238B5084B0D4659
:10C56000DB6983F87C20FFF7FDFE044608B100F08C
:10C57000BBFC2A460021012023F0A6FC204638BD42
:10C58000280B0020022238B5094B0D46DB6983F8E1
:10C590007C20FFF719FF044608B100F0A5FC2A46ED
:10C5A0000021012023F090FC23F0AFFC204638BD91
:10C5B000280B0020034A136823F40043136000F0A3
:10C5C00045BE00BF280B00207FB52E4D0446EE6906
:10C5D000102296F87C300021022B14BF022308237E
:10C5E000684686F87C3022F0E2FA237A03B301230E
:10C5F0008DF8043063680293A37A53B196F87D00F6
:10C600000AF00AF8029B02881344029301238DF872
:10C610000D30637A207B8DF80E30FFF7D5FE50B1D8
:10C62000EA69936F23F48033936700F05DFC20E0A8
:10C6300023680093DEE7E07A23F06BFC6A4603464A
:10C64000697928692DF03AF90028E9D1EB69227A55
:10C65000B3F87A10E37A01F0010162B11A460120C1
:10C6600023F032FC23F051FCEA69936F23F480330A
:10C67000936704B070BD0A462068012123F025FCB1
:10C68000F0E700BF280B0020082270B51C4D0E46B5
:10C69000EB6986B083F87C20017A04464B1ED9B240
:10C6A000437A0529184628BF00212B7123F0EDFBA2
:10C6B000ADF8103000236871024660688DF81230C2
:10C6C0000290ADF81430206802AB009333680390F9
:10C6D00028692DF0C4FAEB69227A83F87D2018B11D
:10C6E00000F002FC06B070BD307BFFF76DFE002845
:10C6F000F6D1EA69936F43F480739367F2E700BF62
:10C70000280B00202DE9F0431C4A87B0D56995F825
:10C710006C3003EBC3004FEA800855F8087005EB56
:10C7200080061FB1304607B0BDE8F083117910696B
:10C73000717301AA0321B760B7732DF09BF9DDE98E
:10C74000031245F80800304608F11003E9501D4473
:10C750006A60BDF80630BDF80820B7839B1A3283A3
:10C760009DF804207383072A08BFB368376204BFAB
:10C7700043F00103B36007B0BDE8F083280B00204D
:10C7800083689B0700D5704730B5154D87B00446C8
:10C7900001686A4628692DF06FF950B9238B628BC6
:10C7A0006946134403332869ADF804302DF066F967
:10C7B00008B107B030BD009B9DF90E00636000F02A
:10C7C0003DFD2073EB699DF8111093F87D0009F091
:10C7D00017FFA368A07343F00203A36007B030BD46
:10C7E000280B00202DE9F04F4FF6FF741F46A142A1
:10C7F000038B458B08BF818B1D4418BF8183A942E1
:10C80000064683B059DA4FF6FF708242A5EB010568
:10C8100002D09542A8BF15468B42ADB20BD84FF05F
:10C820000008A8452AD345462846B38B2B44B3833A
:10C8300003B0BDE8F08FA3EB0108A845A8BFA84648
:10C8400032691FFA88F802EB010BB8F1000F62D0D1
:10C85000002F5ED0B946C2465246452A594628BFE7
:10C860004522484622F081FD83B2AAEB0304A4B21C
:10C8700083443CBB318B0B46A845D4D2C91A73699B
:10C88000A5EB080913FA81F41FFA89F9002FCAD021
:10C890004A46452A214628BF4522384622F065FDF2
:10C8A0001FFA80F8A9EB08039BB20444002BBBD00D
:10C8B0003A68CAB117469946EAE70025284603B008
:10C8C000BDE8F08FD9F8002012B19146A246C3E727
:10C8D00099F80400019322F037FF019BC9F800008A
:10C8E00060B18146A246B7E73879019322F02CFF68
:10C8F000386040B1019B07469946C9E7A3EB0A039C
:10C9000043449DB290E7A8EB0908A8441FFA88F5B4
:10C910008AE73D4688E719460B46ADE7F8B5124F62
:10C92000FC6994F86D6006EBC60104EB810123F00D
:10C9300010FB05462FF0F2F9242202FB06440026E4
:10C94000F969266291F86D305A438E500322013303
:10C95000B3FBF2F202EB42029B1A81F86D302FF02A
:10C96000D8F92846F8BD00BF280B0020044BD96930
:10C9700091F86C3003EBC30301EB830123F0E9BAB8
:10C98000280B002010B5094CE369986F10F4007073
:10C990000AD020692DF08AF830B9012120692DF0E4
:10C9A00083F880F00100C0B210BD00BF280B00204A
:10C9B000044BDA69926F920503D5002118692DF0B6
:10C9C00073B87047280B002010B5154CE36993F835
:10C9D0007C30012B08D000221146104623F074FA57
:10C9E0000122E36983F87C200022032120692CF0D6
:10C9F0005CFF0022012120692DF042F8FFF7D8FFEB
:10CA0000002023F08AFA23F08AFA002023F089FA22
:10CA1000E269936F23F4847343F4C043936710BDBA
:10CA2000280B002010B52FF079F90446FFF7CCFF52
:10CA3000074B5620DA69B2F874300133A2F874302B
:10CA40000AF054FA2046BDE810402FF062B900BF4A
:10CA5000280B0020F8B51C4DEA69936F1C0704D51C
:10CA600023F008039367FFF7DDFFEB699B6FD806A0
:10CA70000FD52FF053F90646FFF72CFC0446134F51
:10CA800024B1012022F060FE0146B0B930462FF0FB
:10CA900040F9EA69936F990615D523F0200393674F
:10CAA0000AF0C4FC78B12FF039F90446FFF7BAFF59
:10CAB0002046BDE8F8402FF02CB93846013C22F062
:10CAC00070FDE4B2DCE7F8BD280B00203C0B002031
:10CAD00008B5FFF779FF00F0B9FB034A136823F4A8
:10CAE0000043136008BD00BF280B0020014B1869EC
:10CAF0002CF0E9BF280B0020002210B5094C10468D
:10CB0000114623F0E1F9206913F03CF823F004FA10
:10CB100004F1140022F04DFCE269936F23F010033E
:10CB2000936710BD280B0020024B1868C0F38020CB
:10CB3000704700BF280B002038B5154C0546E36947
:10CB400093F87D3083420ED0431E042B08D8DFE8D3
:10CB500003F0030B0F141600206913F0ADFC10B99D
:10CB6000E36983F87D5038BD206923F0DCF9F6E7EE
:10CB70000021206923F0D9F9F1E70221F9E7FFF755
:10CB8000D3FF0028ECD0206923F0D1F9E7E700BFFC
:10CB9000280B00207FB50446114E407A00253071E5
:10CBA00023F073F97071207AFFF7C6FF6368694656
:10CBB0000093236830690193637A8DF80A50ADF8C9
:10CBC0000830ADF80C502DF03DF82A46294628468D
:10CBD00023F09AF9206823F0A1F904B070BD00BFDA
:10CBE000280B002038B50B4C05462368206923F438
:10CBF000806323602CF0D6FF38B10DB9002038BD1A
:10CC0000236843F480632360F8E7002DF6D00C20FE
:10CC1000F5E700BF280B0020F0B53E4C0746216821
:10CC200089B011F001016BD12022204621F0BFFF15
:10CC300039482CF04EFE064610B1102009B0F0BD68
:10CC4000364D374B01A82B600AF0E2FB029B2846C9
:10CC5000AB82019B2B62334B1B886B82324B1B6870
:10CC6000EB61324B1B882B82314B1B68AB6123F08D
:10CC70004FF920464FF0FF333246294640F8103F27
:10CC800012F024FF0028D8D1BB68DB023AD401207F
:10CC900000F0E8FA0028D0D102224FF0FF312069DD
:10CCA0002CF0B9FE0028C8D10120FFF79BFF2069B6
:10CCB0002CF09DFF0028C0D13C2394220393CDE9A2
:10CCC000013296232822059001A92069CDE9062387
:10CCD000049313F005F80028AFD10121206912F068
:10CCE0005BFF0028A9D1134A1349206923F0EEF80D
:10CCF00000F02AFA0028A0D1236843F00103236042
:10CD000000209BE70D49206912F01EFF0028BED0CD
:10CD100093E700BF280B0020690345ECB4400020D6
:10CD200011CF000804F8030808F8030806F8030800
:10CD30000CF8030887FE0208B5FE0208EAF10308B2
:10CD400070B505460E4614460AB123F0DFF80448D4
:10CD5000234632462946BDE8704000692CF088BE63
:10CD6000280B00202DE9F04105460E46FFF7CAFCCE
:10CD70002F680446C7B9638B008B18440A30FFF74D
:10CD8000BBFA03462860C0B182790C321344A26812
:10CD90001A71618B228BDF710A441A81084A0A21B9
:10CDA00012799A7122F0D5FA20462B68B2B24FF66A
:10CDB000FF71BDE8F041FFF715BDBDE8F08100BF90
:10CDC000280B002070B505460D4BDC6994F86C60AB
:10CDD00006EBC60004EB8000FFF7D2FCAA790C3208
:10CDE000AB18197941F002011971242101FB0644A5
:10CDF0006168A950227B5A71A27BDA7170BD00BFB5
:10CE0000280B002038B507F0F7FBC8B1847DC4B902
:10CE10002A4DEB6993F87C20022A10D1B3F87020D8
:10CE200053200132A3F870200AF060F8012023F0AB
:10CE300078F82421EA6992F86C304B43D45038BD1D
:10CE4000FF24204609F096FF002832D01B4CE369EE
:10CE500093F87C20022AF2D1B3F8702053200132DB
:10CE6000A3F870200AF042F8012023F05AF8236852
:10CE70001D0407D5E36993F87C30012B02D05220C2
:10CE80000AF034F82422E16991F86C305A4388188A
:10CE90008068C0F38004400741BF03220133B3FB25
:10CEA000F2F202EB420246BF9B1A81F86C308C50C2
:10CEB000C5E73220BDE838400AF018B8280B00203A
:10CEC000024BDB6993F87D00704700BF280B002000
:10CED000044BDA69936F034393674FF0006012F0DD
:10CEE000E5BB00BF280B002038B505462EF00DFF2E
:10CEF0000446064B0820DB6983F87E50FFF7E8FF05
:10CF00002046BDE838402EF0FBBE00BF280B0020B5
:10CF1000F8B515461C4606461946104622F0FBFF9A
:10CF20002A462346304623F05AF8414FD7E90223D8
:10CF300000EA020401EA030554EA050339D0A4F12A
:10CF400008032B4327D0A4F58043083B2B4331D063
:10CF5000A4F10C032B431BD0231F2B4346D0354B8E
:10CF600023402BB124F0011323F4A0432B434DD0D5
:10CF700004F17F432B433CD0610129D5FB69996FB4
:10CF8000CA0525D521F4807193F87C20996707E0C4
:10CF9000002022F0C6FFFFF735FFFB6993F87C20E5
:10CFA000082A04BF022283F87C202046294622F06A
:10CFB0008EFFF8BDFFF726FFFB6993F87C20022A5D
:10CFC000EED140F60201986F814318BF012229E09B
:10CFD0002EF09BFE64220646FB69082083F87E2023
:10CFE000FFF776FF30462EF08BFED6E722F09AFF51
:10CFF000D3E7FA695120B2F86E300133A2F86E30EF
:10D0000009F074FF012022F08CFFC6E7FB6993F85A
:10D010007C20012AC9D040F60202996F8A4314BFCE
:10D0200001220222552083F87C2009F05FFFB4E73B
:10D03000280B00200150010030B50C4600210546A8
:10D0400085B009480091006903AB0DF10E02FAF7B3
:10D05000A7FC15B1BDF80E302B8014B1BDF80C3013
:10D06000238005B030BD00BF280B002013B5044657
:10D070000DF106010020FFF7DFFFBDF90600074BA9
:10D08000C828A8BFC820A042A8BF2046B3F90420E2
:10D090009042B8BF1046588002B010BDCC7E002030
:10D0A00070B586B0ADF80C20ADF80E304FF0C81258
:10D0B0004FF08213ADF80800ADF80A1000200DF112
:10D0C0000601CDE90423FFF7B7FF02A804220346B7
:10D0D000BDF9066004ACB0F9001034F9025BB1424E
:10D0E000A8BF3146A942A8BF2946013A12F0FF0263
:10D0F00020F8021BEFD103CB034AC2F80600C2F8A6
:10D100000A1006B070BD00BFCC7E002013B50446E7
:10D1100000210DF10600FFF78FFFBDF90600084A58
:10D12000084B9042B8BF1046A042B8BF2046B3F9A2
:10D1300002209042A8BF1046988002B010BD00BFE8
:10D14000D4FEFFFFCC7E00200F4B10B500211869E4
:10D150001FF07DFE002447F6FF730C49881C0C600D
:10D160004C608C6021F8023CFFF766FFC820FFF797
:10D170007DFF0748FFF7CAFF642318461A46194681
:10D18000FFF78EFF204610BD280B0020CE7E00202A
:10D19000D4FEFFFF084B10B5B3F9024030B903EBE2
:10D1A0004103B3F904309C42A8BF1C46A242A8BF69
:10D1B0002246104610BD00BFCC7E00200346044A24
:10D1C000B2F904001BB1034B1B8BC01A00B27047AD
:10D1D000CC7E0020280B0020034BB3F9023098428C
:10D1E000A8BF1846704700BFCC7E0020C82838B5BD
:10D1F0000EDC084B084D1A8B801AB5F9002004B2DA
:10D20000A24205D02146186912F06CFF00B92C80AB
:10D2100038BD00BF280B0020CC7E00208BB2002937
:10D220004FF00A01B4BF053B05331BB293FBF1F38A
:10D23000014A108353837047280B0020024B5B8BFD
:10D24000C01A40B2704700BF280B00200022044BD8
:10D25000DB691A605A629A64A3F86C20704700BFB9
:10D26000280B002007B50A490A4AD1E90203024304
:10D2700043F02003C1E90223CDE900234FF0FF3240
:10D280004FF0FF3308692CF099FB03B05DF804FB05
:10D29000280B00200DD50155014B1870704700BFB9
:10D2A0009586002070B505460C4CB0F85260237E80
:10D2B000216906F5FA7606FB1311A06800F0E6FB7B
:10D2C000217E6B68002006FB01316A7D26F094FF09
:10D2D000A068BDE870400AF059BA00BF8C55002024
:10D2E00038B50446104B0D461B68627DD87AA9B14B
:10D2F0009B781044984200DCC3B22046A16A637553
:10D3000022F0A5FE20B1002194F8850023F000FA58
:10D3100029462046BDE8384025F04BBFDB78121A7D
:10D320009A42A8BFD3B2E8E7FC55002070B50024AC
:10D3300090260C4D2B79A34200DC70BD2B6806FBB8
:10D34000043393F85920FF2A03D0986C18B122F0C7
:10D35000E4FE0134EEE7586C0028FAD022F060FEBB
:10D36000F7E700BF8C5500202DE9F74F1646884699
:10D370009946054607F0D8FB0446284607F07EFA92
:10D3800022F0B9FD0190304698F8007022F09DF827
:10D39000DFF844B10021BBF91430C61A384600F05A
:10D3A00057FB7B0748BF073026EAE6763318FF2B8A
:10D3B000C4BF47F01007C0F1FC0617F0100A0CD0EC
:10D3C00022F061FD2523B0FBF3F101FB13010020E6
:10D3D000C9B200F0F3FB85F88500B9F1000F01D068
:10D3E00095F8509000234A463946204622F096FF91
:10D3F0002946204623F0F8F82946204622F0B8FFB7
:10D400002046019922F0DDFF2946204623F01EF830
:10D41000BAF1000F45D0204695F8851095F8842084
:10D4200000F0ECFA2946204623F020F840BBB5F97D
:10D430008810204623F01DF82046019922F0EDFFC8
:10D440002946204623F012F820B1A86C10B12146DD
:10D4500022F05DFE3146204623F01FF8BAF1000F9E
:10D4600008D0FF2195F8840023F053F801462046A8
:10D4700000F00CFB304688F8007003B0BDE8F08F78
:10D480006B68DBF81010E2791944A379A86CD21A02
:10D490000C3353FA82F2224498B9686C22F0C1FD31
:10D4A00011E0204695F8751095F8742000F0A6FA62
:10D4B0002946204622F0DAFF0028E1D1B5F978109C
:10D4C000B7E722F022FEC1B2204621F042FFBAF1B6
:10D4D000000FACD1F2E700BF8C5500202DE9F347D7
:10D4E00004468DF807101646002190F885209846CE
:10D4F00090F88430B0F9540023F00BF904F17C0566
:10D500000146284622F06EFD284626F05EFE0022E7
:10D510001146104622F0F8FC9DF807506B0709D51C
:10D52000204607F0ABF922F0E6FC00210246042079
:10D5300022F0EAFC07F0F8FA25F0100581463246A1
:10D5400020469DF828300DF107018DF80750FFF7B0
:10D550000BFFDFF858A00746AAF81600B8F1000F35
:10D5600017D19DF8075015F0100015D10C4B6168CC
:10D57000A361DAF81030627D194426F03DFE3B4687
:10D5800031464846BAF914200AF01EF902B0BDE847
:10D59000F0870220034BEAE74046034BE7E700BF72
:10D5A000470203086702030895D700088C5500203E
:10D5B00073B5044690F8611022F082FDB4F8502053
:10D5C00094F86130910703F0EF0505D1960601D478
:10D5D000C10701D503F0EE05606C50BBA06C0028BC
:10D5E00032D1204645F0080607F048F922F083FCC6
:10D5F00048B1C3799B0606D5636C23B9838845F08F
:10D600000C060133838000220121124B20469A82AE
:10D61000B4F85030A26A13F0020F18BF002213F0C2
:10D62000030318BF0B4600913146FFF757FF02B0C6
:10D6300070BD22F0F8FC0028D0D0B4F850309A0722
:10D64000CFD145F02005CCE722F0FFFC0028F4D133
:10D65000C7E700BF8C55002038B51D4904460B7E36
:10D660004A7E0133DBB2B3EB921F0B7603D3032365
:10D6700000200B7638BD5B001A4102F00302253210
:10D6800080F87520B4F8505090F8743015F01001FF
:10D69000B0F9540016D123F03CF804F16C050146B2
:10D6A000284622F09FFC284626F08FFD00221146D6
:10D6B000104622F029FC94F87500002123F028F888
:10D6C0000120D7E7024619460020FFF763FDE4E793
:10D6D0008C55002010B5037D044623F00803037524
:10D6E0000C4B8361FFF7B8FF20B12046BDE8104026
:10D6F000FFF7D8BD2046A16A22F0A9FC20B1204640
:10D70000BDE81040FFF754BF2046BDE8104001219E
:10D71000FFF7E6BD5902030837B5044625F017FDAB
:10D7200028B12046A16A22F0B4FC84F86100174DAC
:10D7300094F8580025F069FAB4F852306A7E03F57F
:10D74000FA7392095343204603F596732B61FFF752
:10D7500083FF0F4B94F86110A361237D204643F0B3
:10D760000103237522F0ACFC01238DF80700002291
:10D7700020460DF10701FFF7F7FD00222046AB68B8
:10D780001A6003B0BDE83040FFF78CBD8C55002017
:10D7900059020308512837B50C4620D1124DFF21FC
:10D7A000AB8AEA8A94F884001344AB8222F0B1FE7B
:10D7B0002B6994F8611003442B61B4F85030D4E91C
:10D7C0000A0213F0020F4FF0000308BF0246009355
:10D7D000204601F04801FFF781FE03B030BD03B0E1
:10D7E000BDE8304022F005BD8C55002000232DE916
:10D7F000F04387B004464FF0FF3105A80593FFF7CB
:10D80000B1FA059D002D00F09A80AB790C331D44D0
:10D810002B79D90740F19080EB7A252B00F28C8090
:10D82000724FB4F85020B96805F10A088B7982F07C
:10D8300010020C334046C2F30012194426F046FC95
:10D84000002879D1266A95F80A9022F04AF906F064
:10D85000600680F00103321EC9F3801905F10C0146
:10D8600018BF01224846DBB226F05BFD01460028C6
:10D8700054D0AB7A03F00F03032B38D1B4F8501017
:10D880004046C1F3400126F038FC03285ED005284D
:10D8900052D1059E617DB37900200C331E44FEF702
:10D8A0005BFE534BB868A361B17A06F10C0386792D
:10D8B000256A0644367BC5F3400CC5F3C00215F457
:10D8C000005518BF04F15B05C6F38016CDE901C50C
:10D8D000C1F38011009622F0A4FE0023B868036013
:10D8E00009F054FF0598A063FFF76CFA75E0052B6B
:10D8F00022D104F16202B4F850100192226A81F040
:10D900001003C2F3800200924046C1F38002C3F3C9
:10D91000001301F0010126F0F9FBB6E722F0E9F867
:10D9200050B9AB7A03F00F03002EA5D0032B86F07D
:10D93000600606D1B206A1D405A821F03AFD012067
:10D940004CE0052BF8D1B609F6D0D2E707F0ECF899
:10D9500009230546617D00208DF81330FEF7FCFD9C
:10D960000123E26A0DF113012046FFF7FDFCAA79BD
:10D9700003461544AA7BE16A6FF38712AA7300225B
:10D98000F882B868BA8209F01FFF9DF81330194A6F
:10D9900013F0100F184B18BF13460598A361FFF73B
:10D9A00011FA059A93790C33D0180189C079D558AA
:10D9B00026F08FFC6368C3F196032B4403443B615C
:10D9C000236ADB060DD5059904F1400021F0DFFD47
:10D9D0004FF40031204625F0E5FB002007B0BDE8FC
:10D9E000F08305A821F0E5FCF7E700BF8C55002087
:10D9F0004300030895D70008470203087FB50E4689
:10DA000010210546144622F07CFCE0B10F4B18684B
:10DA10001B7902908DF80C300023ADF8043066F3CA
:10DA200005038DF8043063180DEB03044FF0000379
:10DA300014F8082C284662F3471301A903228DF835
:10DA4000063021F092FC04B070BD00BFF5F1030870
:10DA500003460D4A82B01068009090889279ADF824
:10DA600004008DF8062013B9481C02B070476A46BE
:10DA70000220D90748BF117802F1010248BF4018BF
:10DA80005B08F6D1F1E700BFEDF1030838B5837903
:10DA90000C460C33C518C35C03F00F03072B25D1CC
:10DAA000AB789A0622D0E878C3061FD5012100F092
:10DAB0000F00FFF7CDFF0E4B02359C4295BF1E2392
:10DAC0004FF496730021012194BFB4FBF3F4B4FB2F
:10DAD000F3F42B5C2A1861F3C7132B54937854701A
:10DAE00023F01F03C4F304242343937038BD00BF05
:10DAF000C3BF03004840704700EB0010084480B2E9
:10DB0000704700BF90FAA0F000BA80B2704700BF23
:10DB1000044BD3F8012002605B7903F01F0303710B
:10DB2000704700BF947F0020234B2DE9F04100296E
:10DB300014BF0C461C4600250646174613688AB0DB
:10DB4000C4F801301379257063715FFA85F8414696
:10DB5000384622F0D1FD38B1237803F128026A4417
:10DB6000013302F8288C23700135252DEDD194F86E
:10DB700000803EB142466946A01D21F023F80AB05C
:10DB8000BDE8F081B8F1000FF9D00534F5B22946AF
:10DB9000384622F0B1FD40B9B5FBF8F308FB135548
:10DBA0000AAB53FA85F515F8285C0136252E04F8E2
:10DBB000015FEBD1E3E700BF947F0020034B002817
:10DBC00018BF03460B449879704700BF947F00202C
:10DBD000F8B50D4682EA124296B23146034628460F
:10DBE000FFF788FFFFF78EFFFFF786FFFFF78AFF3B
:10DBF000FFF782FFFFF786FFFFF77EFF0546FFF77F
:10DC000079FF164C002B14BF1F4627460446144BC1
:10DC1000781CA3FB0423E21A03EB52035B0903EB1A
:10DC2000C30203EB8203E41AE4B2214622F064FD4E
:10DC300040B93B786E40B6B206FB03F307EB1347DF
:10DC4000B879F8BD7B1D2A3701E09F4204D013F854
:10DC5000010F8442F9D1F4E72046F8BD947F0020FB
:10DC60004D91CFBA02464FF4537010B50B494B6833
:10DC7000097A00FB013100208B4200D310BD12B1A4
:10DC80005C6A944206D19C6A24B194F83E40052C0B
:10DC900008BF013003F55373EEE700BFD840002002
:10DCA000044B5B7A8B4286BF006800EB811000203A
:10DCB000704700BFD840002000232DE9F3470446F9
:10DCC000019341B12C4D95F8303023B909F05EFC39
:10DCD000012385F83030002101A8FFF743F8DDF873
:10DCE0000490B9F1000F44D0342694F8DE8199F8FD
:10DCF000067008F0070806FB084393F834300C3729
:10DD0000012B09EB070A32D1A36A93F839509DB170
:10DD10004FF0FF3101A8FFF725F81822A36A18FB7E
:10DD200006F193F83F300AF10B0002FB0311383182
:10DD3000214401F01BFA0546342303FB084898F8F8
:10DD40003530012B0AD1A36A93F83F3033B90198DB
:10DD5000FFF738F859F80730C4F8403301A821F02C
:10DD600028FBE8B201F066FA02B0BDE8F0870025B2
:10DD7000E2E74D46F5E700BFD8400020FF2330B56D
:10DD800080F8F631436A85B0013303D10B4B1B7E1B
:10DD9000DB0711D4D0E90A540123CDE9011300F5C2
:10DDA000FA73009300F2E91200F2F91305F1280169
:10DDB00004F11D0001F086FE05B030BDD840002002
:10DDC000F0B590F8F33104460E4687B003B3013B3B
:10DDD00080F8F331FF2380F8F731436A013303D130
:10DDE000144B1B7EDB0713D4A56A8DB1E06A95F84E
:10DDF000347004F2E91204F299231D3005F1280170
:10DE000004F2F51437B9CDE90167009401F05AFE28
:10DE100007B0F0BD002795F83260049795F835708B
:10DE2000039795F836500093CDE90145334601F04C
:10DE3000ADFEEDE7D84000202DE9F3470D46114631
:10DE40000446164622F08EFC28700146A06AD4F8DB
:10DE5000E47122F0A6FCA16A00EB07084A6894F876
:10DE6000E831424502D3F31A9F2B10D90022904685
:10DE700084F8E8612A70C4F8E42191F83C0091F834
:10DE80003D30034494F8DF01034484F8DF312B78FC
:10DE9000002B45D194F8F63194F8F42101339342E4
:10DEA00003D131462046FFF769FF94F8F63101337C
:10DEB000DBB284F8F631234493F8F931AB7094F86F
:10DEC000DF3101339E420CD1616AA36A013193F8BC
:10DED0003A206CD1B649097E490768D5324484F8A6
:10DEE000DF212A78636A022A6BD1636A013340F02A
:10DEF000BD80AF4A137E1F0740F1B880937E03F0C8
:10DF0000010003F00301C3F34003687285F8213078
:10DF1000937E580766D5013161F30103937661E082
:10DF200094F8E82192B191F83D00B21A121A91F8D2
:10DF30003C0082420AD294F8F8311B1A13445A1C4E
:10DF400048BF1A1D224492F83933B7E7012B09D193
:10DF500091F83820012A05D194F8F831234493F838
:10DF60003933ABE794F8F7210132D2B284F8F721C4
:10DF7000A01890F89902A87091F8371099429ED194
:10DF800094F8F83101320133DBB2032B08BF0023D0
:10DF900084F8F831234483F8390394F8F5319A4230
:10DFA0008DD1711C2046C9B2FFF70AFF87E7E06AEE
:10DFB000314693F83B301D3023F02DF984F8DF0112
:10DFC0008FE7013303D17A4B1B7E9B060AD4E06AAC
:10DFD000334605F11C02291D1D3002F073FA2B781F
:10DFE000022B82D0A36A93F825102B78012953D0F5
:10DFF000022B51D1636A013348D16D48037EDF069D
:10E0000044D5C27EC2F30603EB70C37E02F07F02EA
:10E01000DF0917D0674F0239B7F800C0BF78ADF8F5
:10E0200000C08DF8027002AF57FA81F111F8081C98
:10E03000013202F07F028A42D4BF62F306036FF31B
:10E040000603C37600232B7285F8203094F8E8315C
:10E05000B34200F02981A76A97F83D309E4280F0D4
:10E06000CC8002236B7002B0BDE8F087E06A3246D4
:10E0700069461D3023F0DDF89DF80030C3F34002FF
:10E0800003F001036A7285F82130ABE7E06A32469B
:10E090001D3002F0DBFAE8702B78012BD2D1A36A95
:10E0A00093F8390001F04EF8287285F82000A36A31
:10E0B000074693F83920022A49D8002AC6D0E06AD8
:10E0C000334669461D3023F0C0F8636A013323D11B
:10E0D000374A137E590609D5117F8DF804108DF843
:10E0E0000010517F8DF806108DF80210180613D518
:10E0F000937FC3F3000103F001008DF803108DF846
:10E1000001108DF807108DF80510990742BF80F0B7
:10E11000010161F3000393776A46394605F10C006B
:10E1200022F0ECFF394601AA05F1240022F0E6FFB7
:10E130009DF80030AB729DF80230EB729DF8043010
:10E1400085F822309DF8063085F823307EE7033AC3
:10E15000032A3FF67BAF636A05F10C0C013305F12E
:10E16000240916D1DFF848A09AF81930DB0710D53A
:10E170009AF81F30802B1FD102460AF12001604619
:10E1800020F020FD3A460AF12001484620F01AFD11
:10E190005CE7E06A33463A4661461D3023F0CBF82F
:10E1A000E06A33463A4649461D3023F0C4F84DE74D
:10E1B000D8400020FAF103086A463C490833086851
:10E1C00049686B4403C213F808AC3A46BAF1090F28
:10E1D00002D0BAF1150F06D13549604620F0F2FCA5
:10E1E0003A463349D1E75146604620F0E0FC3A46D2
:10E1F0005146484620F0DBFC28E701339E4207D118
:10E2000094F8F531012B03D194F8F331012B49D067
:10E21000FE2E47D0711CC9B2204622F0A3FA97F80F
:10E2200038300146984215D1FF2813D0384622F0E5
:10E23000B8FAA36A40445B68984205D894F8E8317C
:10E24000F31A9F2B7FF40DAF94F8DD311D2B29D8E5
:10E25000032307E794F8F53194F8F7219B1A012B73
:10E2600020D0342206F0070302FB034393F8343036
:10E27000ABB1002914BF4FF002094FF00309384633
:10E2800022F08FFAA36A40445B689842DCD894F885
:10E29000E831F61A9F2ED7D0B9F1030FD2E74FF02D
:10E2A0000209ECE70423DDE60123DBE60BF20308B9
:10E2B000F840002008B5431C02D1074B186808BD80
:10E2C00007F09AF8031EA9BF034A00201068C8226D
:10E2D000A8BF02FB0300F2E7D840002010B5FFF70B
:10E2E000E9FF0A4B597A0023DAB2914202D84FF083
:10E2F000FF3008E002685C1C02EB831292F83E20BB
:10E30000052A01D1184610BD2346EDE7D84000206C
:10E3100070B5FFF7CFFF054604460D4B55F8046B6B
:10E320005A7A00219201304620F041FCC42200219B
:10E33000284620F03CFC22464FF0FF3342F85E6B4B
:10E34000C4F85E305360138184F8C43070BD00BFE0
:10E35000D840002038B50D4B04465A681D7A4FF45A
:10E36000537303FB0525AA4202D30022104638BD91
:10E37000536AA34206D1002CF8D0104622F0FEFAD0
:10E380008842F3D002F55372EDE700BFD840002079
:10E3900010B5044618B383785A1E032A01D9FF2BFF
:10E3A0001DD1104B00211846342220F000FC4FF004
:10E3B000FF32C0F80A20C0F80E2042822278427252
:10E3C00062780272A27880F8312009F047F802F0F2
:10E3D000A1FC03F03DFA00F01DFF002010BD23203A
:10E3E000FCE700BFD8400020014B587A704700BFBF
:10E3F000D8400020F8B505462F4C48B14FF453776C
:10E40000207A784321F044FB6060002842D119252E
:10E41000236813B1186821F040FB206821F03DFB10
:10E420006368002B43D1606821F037FB0023C4E907
:10E4300000332DE06068013607FB030021F04AFD40
:10E440000028E4D1227AF3B29A42F3D8C820684374
:10E4500021F01EFB20600028D9D0607A10FB05F067
:10E46000800121F015FB0028D1D0002214270326BB
:10E47000617A236889010132D4B2A542186083F819
:10E48000C67083F8C560084403F1C803F3D80025BB
:10E490002846F8BD0026D5E707FB030021F01CFD48
:10E4A0000136227AF3B29A426068F5D8BBE70026BB
:10E4B0004FF45377F5E700BFD84000202DE9F04F27
:10E4C000824685B00F4601464FF0FF309046994690
:10E4D000FFF740FF0446C06ABDF840101D300E9E95
:10E4E00022F053FE274AE36A1168DDF844C0C3F8FE
:10E4F0005E1051681289C3F86210A3F86620224AA0
:10E500000CF1180E1346DCF80000DCF804100CF1D6
:10E51000080C03C3F4451A46F4D15146E06AFFF7EC
:10E52000BFFB1A4D8346297E11F001011DD04246E2
:10E53000394604F2F91020F045FB4246394604F210
:10E54000992020F03FFB8BF833808BF832902B7EA4
:10E550009B0607D504F5D0730F9AA6632265343461
:10E560009C42F9D105B0BDE8F08F3B7B3A4602935F
:10E57000FB7A4FF0FF300193BB7A00934B4622F0B9
:10E58000E0FAE4E7B9E40308F0400020D8400020B6
:10E590002DE9FF410446244A01ABD1689068128AF4
:10E5A00003C304F109011A80631E01AA12F8015B7A
:10E5B00013F8010F054232D18B42F7D1FEF796FADC
:10E5C000DFF870800646D8F814301BB1174AC31A1A
:10E5D000934226D92368164AC8F80A306368536004
:10E5E0002389138107F044F90546284606F0F0FE1A
:10E5F000074628B9013DF8D20020C8F814600BE0A6
:10E60000FFF758FE90F8B230002BF3D02146384681
:10E6100004F03EF90028EDD004B0BDE8F0811220EE
:10E62000FAE70C20F8E700BF0BF203083F420F00A7
:10E63000E2400020D840002090F8B63030B5ABB9A9
:10E6400000F15E0300221046C2F3C4040D1995F8D0
:10E6500028501C5D2C4002F00705EC40E40702F155
:10E66000010248BF01304F2AEED130BD90F868203A
:10E67000024B0348002A18BF0346E3E701F20308F0
:10E68000E24000202DE9F04F85B017460193804607
:10E69000FFF760FE02210646404624F0A2FE044633
:10E6A0000020FFF7DFFA0546404624F058FEC20777
:10E6B00003D5002DC4BF0534A4B23B884FF0000839
:10E6C0001B1B1B044FF00A0305FB0333DFF860A19B
:10E6D00048BF3C800093009B98450DDA4FF453737C
:10E6E000DAF804409AF8089003FB09494C4506D330
:10E6F0007ED13B8843443B8005B0BDE8F08FA36AE0
:10E7000013B904F55374F1E793F83E30052BF8D1B3
:10E710003988019BB4421D680291F2D0706A24F0DE
:10E72000CFFE8346606A24F0CBFEDBF8003002683F
:10E730009342E6D1B26AA36AD268DB6802999A4230
:10E74000DFD1414489B2706A25F001FBB4F8D611DB
:10E750000544606A25F0FBFAA36A1A680244B06AAD
:10E76000039222F046F82918A06A029122F041F89B
:10E7700040F27121039A00F6B833A2F6B83C134474
:10E78000B26ADBF800E0D268ACEB05000EFB02F2E7
:10E790004A4380EAE07EAEEBE07E02EBD27BBEEB4A
:10E7A0006B0F029910DD0028ACBF4FF0010E4FF047
:10E7B000FF3E0EFB02FE0EEBDE7E00EB6E0090FBDA
:10E7C000F2F0424315441144A5EB0C02002A0CDC84
:10E7D000A1EB0C0000281CDCACEB050CBCF1000F1D
:10E7E0008FDDCB1A002B03DC8BE7581B002802DDE2
:10E7F00008F101086FE7A1EB0C00002809DCACEB85
:10E80000050CBCF1000F02DDCA1A002AF0DC5B1A0D
:10E81000E8E7581A0028EBDCACEB050CBCF1000F64
:10E820007FF76FAFC81A0028E2DC002AEFDC68E748
:10E83000D84000202DE9F3470C461E469146DDF8EE
:10E8400030A080469DF83450FFF734FD214607463E
:10E85000FFF726FA044622F0BFF8504550D89DF83D
:10E860002830268384F823300B9B05F0070663834A
:10E870003046C4F80090C4F804A084F8246000F086
:10E88000C7FE84F8250097F8C730B8F1FF3F23751D
:10E8900019D1638B13B9012384F82330ED0814BF19
:10E8A0000123002368468DF800308DF801508DF863
:10E8B00002508DF803508DF8045022F08DFF002097
:10E8C00002B0BDE8F08716B984F82260F7E76B075D
:10E8D00005D494F83F3043B10A4BDB7B06E0072EAA
:10E8E00007D094F83F30002BF6D0FB7C84F8223020
:10E8F000E5E7044BFA7CDB7B9342B8BF1346F5E7B0
:10E900001220DDE703F303082DE9F04F85B09846A8
:10E91000CDE901120546BDF838B09DF83C709DF96F
:10E9200040609DF844909DF848A0FFF7C3FC019912
:10E93000FFF7B6F904463DB9012F0CD8142E26DD99
:10E940000D2005B0BDE8F08FBBF1010F0DD1012FF7
:10E95000F4D96B1CF2D01A4ABB1EDBB22846D15C3C
:10E9600025F053F90028E9D1EAE7284624F0A8FD6C
:10E9700040F271220368204603FB08F353430393DC
:10E9800021F037FF039B9842E1D91220D9E7029B7F
:10E990004A46C4E90238284633460199C4F810B003
:10E9A000277722F042F9B9F1010F03D184F826A0AC
:10E9B0000020C6E7B9F1000FFAD184F827A0F7E7E5
:10E9C000FEF1030870B5836A044693F83420002AE8
:10E9D00052D193F8323084F8F331E36A93F8B620D9
:10E9E000002A4BD15E331A680021C4F8E9215A6825
:10E9F0002046C4F8ED211B890025A4F8F131FFF76A
:10EA0000BDF9A36A204693F83D10FFF7D9F9FF231B
:10EA100084F8DE3184F8F831A36AA4F8DC51C4F834
:10EA2000E45193F83D3004F13406013B84F8DF31C2
:10EA3000EAB231462046FFF7FFF916F8341BA06A08
:10EA400021F0AFFED4F8E43101350344082DC4F8B9
:10EA5000E431EDD1626A531C18D0204621F08EFFBC
:10EA600005460146104622F0BEF929460246606A74
:10EA7000BDE8704022F0C4B80123ACE793F86810F9
:10EA8000034A044B002908BF1346ACE770BD00BF22
:10EA900001F20308E240002030B585B00546FFF7DB
:10EAA00059FC002380F8E831836A044693F8332048
:10EAB000374980F8F52180F8F421C26AB2F85C2069
:10EAC000013AA0F8DA2193F83F00324A002818BF33
:10EAD0000A464FF6FF71A2611A695B68002A08BFF7
:10EAE0000A46C4E9033340F6012304F108004FF459
:10EAF000AF71A4F8D821A38222F029FC012005F0EF
:10EB00004DFC28B9237D5A075CBF43F002032375EF
:10EB10002046FFF757FF013523D1A36A93F83F3012
:10EB200013B96FF07F432361B4F8D431012101336D
:10EB30002046A4F8D43121F090FEB4F8D431204618
:10EB4000013BA4F8D43124F021F840F27121A36AEA
:10EB50009A68D4F8403301FB0233C4F8E03105B0C1
:10EB600030BD606A4FF4802124F001FC04F551713E
:10EB7000204621F003FF626A0291A16A03460191D7
:10EB8000012100910021084622F09BFFCCE700BF45
:10EB900079ED000879EC00080022364B032810B507
:10EBA0000C4683F8302063D004D801280AD002280C
:10EBB00059D010BD5628FCD1FF212046BDE8104099
:10EBC00022F02FB9B1F8D8312BB92046BDE810405A
:10EBD000042121F0A4BE486A421C03D024F0BFFBEC
:10EBE0000307F2D4B4F9440308F046FCE36A93F84F
:10EBF000B41009B103F16901A06A08F063FC342084
:10EC000094F8DE310022013303F0070303FB000018
:10EC1000A16A204408F0C4FC0021204621F01DFE1A
:10EC2000A36A93F83F304BB10220627D616825F002
:10EC3000E3FA2046BDE8104021F07DBE636A01334F
:10EC40000BD194F8DC3143B905F090FB024611205A
:10EC5000637D616825F0E4FAEBE7D4F83C33626841
:10EC600002EB9302F3E70846BDE8104021F04ABEEC
:10EC70003F21A2E7D8400020F8B591F8DE315328B3
:10EC800005460C4603F007035AD0552817D05128E3
:10EC90006CD1342202FB031393F83530022B60D879
:10ECA000497D0120FDF76EFC204600F0C9FA0146BF
:10ECB0002046002951D0BDE8F84022F0B2B83422F5
:10ECC00002FB031393F83430002B39D1294B93F80E
:10ECD0003060AEBB084600F0B3FA31460546A06A84
:10ECE00021F05FFDA26A0646D4F83C7394F8E8313F
:10ECF00092F83D2094F8DE11FDB9606A01301BD016
:10ED0000521A1344DBB2012B16D0FB080A339E4281
:10ED100012D9204621F00FFE94F8E83194F8DE1164
:10ED2000627DC91A6368112003EB970306FB01316A
:10ED3000BDE8F84025F0AEBA2F2529462046BAE7AF
:10ED4000617D0220FDF708FCA5F1530359422046DE
:10ED50005941BDE8F840FEF7AFBFBDE8F84021F0EB
:10ED6000EABD084600F06CFA0146E7E7BDE8F84066
:10ED7000FFF712BFD840002038B5532803460C4691
:10ED800091F8DE211FD0552807D0512846D1BDE883
:10ED900038400120497DFDF7F5BB896A94F8E80108
:10EDA00091F83D10014401398A420CD1616A013168
:10EDB00009D01C4991F8301029B9204600F040FADA
:10EDC0002F21204619E0533B5D425D41342302F080
:10EDD000070203FB024292F83530022B15D8617D01
:10EDE0000220FDF7B9FB29462046FEF765FF2046C5
:10EDF00000F026FA0146204619B1BDE8384022F05D
:10EE000010B8BDE8384021F096BD29462046FEF7EF
:10EE100053FF204600F014FA0146D2E7BDE838401F
:10EE2000FFF7BABED84000204FF453722DE9F04FDF
:10EE300001274FF000084FF034094FF0040A5D4BF2
:10EE400087B05C681B7A04F1200502FB034304933E
:10EE5000049B9C4203D3384607B0BDE8F08F236A79
:10EE6000002B53D0DA0718D555E8003F23F00103F3
:10EE700045E80036002EF7D194F8DE31F72B0CD898
:10EE80009919CAB201F0070109FB014B9BF8350043
:10EE9000002840D00136082EF2D1236A9B0714D5F2
:10EEA00055E8003F23F0020345E80032002AF7D17D
:10EEB000204600F0AFFA072807D155E8003F43F09D
:10EEC000020345E80037002FF7D1236A5E071DD5FE
:10EED00055E8003F23F0040345E800318B46002944
:10EEE000F6D12046059121F049FD0646204621F045
:10EEF00009FD2046059923F055FEA36A93F83E309C
:10EF0000052B28D83146606A21F0CEFE04F55374F3
:10EF100005F553759CE701FB0991204621440593B3
:10EF2000FEF78AFF9BF83410A06A21F03AFCD4F86F
:10EF3000E421D4F8E01110446268059B521AC242E1
:10EF4000C4F8E40102D48BF835A0A6E79BF835207D
:10EF5000042A9FD1A1E7626A501C02D122F046FE2A
:10EF6000D0E7072B23D0082B0CBF132100213346F9
:10EF70000020CDE90188CDF8008022F0A2FDA36A2F
:10EF800093F83E30052BBDD9E26AB4F8DA31B2F815
:10EF90005C2001339B1A1BB25B45B3DDE06A05932D
:10EFA0001D3022F009F90BF1010B059BF4E7282134
:10EFB000DDE700BFD840002070B50A4B06465C680C
:10EFC0001D7A4FF4537303FB0545AC4200D370BD6B
:10EFD000636AB34203D10421204621F0A0FC04F56A
:10EFE0005374F2E7D8400020F8B50C46FFF762F9F9
:10EFF0000E4B04F00105597A002304F00206DAB240
:10F00000914203D880F8C5400020F8BD026802EBA9
:10F01000831292F83E703FB192F83F2012B11DB9B1
:10F020001220F2E7002EFBD00133E8E7D8400020A1
:10F0300010B50C46FFF73EF990F8B430D3B990F80C
:10F04000B23013B1C37B1B0716D40C4B597A002383
:10F05000DAB2914206D84822214669301FF0B2FD4B
:10F06000002010BD026802EB831292F83E200133AB
:10F07000002AEDD00C20F4E71120F2E7D840002060
:10F080000246002170B50D4B1D7A5B68C8B28542FF
:10F0900001D8002070BD5C6A1846661E033608D889
:10F0A0000AB1944205D19C6A94F83E40033C012C7D
:10F0B000F0D9013103F55373E8E700BFD8400020D1
:10F0C00010B5074B93F83140FF2C02D100F0ACFA99
:10F0D000044608F055FBA042A8BF2046C0B210BDB0
:10F0E000D84000200B785C2B2BD810B54A784FF015
:10F0F0000F0C002A0CBF4FF0030E4FF00C0E5909F5
:10F1000050F8212003F01F030CFA03FC22EA0C0242
:10F110000EFA03FC42EA0C021C2B4FEA810440F871
:10F1200021200DD96FF00F02211D4458C3F1200397
:10F130002EFA03FE42FA03F3234043EA0E03435040
:10F1400010BD70470346084A82B0106891889279D2
:10F1500008330090ADF804108DF806206B4413F8C6
:10F16000080C02B0704700BF1DF20308F0B5054659
:10F170000C7989B02246083168461FF023FD2246EB
:10F18000294604A81FF01EFDA40812D0002704ABD6
:10F190000DEB840603EB840556F8040D55F8043D89
:10F1A00058402BF077FA013C0744F5D1384609B0B6
:10F1B000F0BD2746384609B0F0BD00BFF7B504469C
:10F1C0000026134F94F8460308B903B0F0BD0120A0
:10F1D00020F0BAFA0546C8B194F84633013B84F8EA
:10F1E00046334FF6FF730196009394F84723616A04
:10F1F00022F0F3FA7F23019394F8483339460093C1
:10F200000F2328461A4622F05CFBDBE70720DCE7E9
:10F2100000C0FFFF08B5064B41F238220021184616
:10F220001FF0C5FC7F220274FF22827308BD00BF5D
:10F230000C410020014BD873704700BF0C410020E7
:10F240002DE9F047534C0746A37BFF2B40F0A080ED
:10F250004FF01D0990F8DE11667B21F0B6FE09FB28
:10F26000064A09FB06F9037804EB09056B758278F9
:10F27000012B0AF1150AAA7513D0022B25D043B928
:10F28000504608F033FABB6A93F83F303BB1052390
:10F29000EB750020637B01336373BDE8F0870323C4
:10F2A000F6E7504608F03AFA2A7EE17B5AB90F2970
:10F2B000A8BF0F211D2303FB064342EA01121A7661
:10F2C0000622DA75E5E70021F4E797F8DE11384603
:10F2D00021F07BFEC37880462B76BB6A504693F8BC
:10F2E00025500135EDB2294608F02CFA4FF0000CFC
:10F2F0006246B4F90430AA4222DBBCF1000F00D010
:10F30000A3801D20691E01EB810200FB0622B86A62
:10F31000182790F83F00224407FB008898F809005E
:10F32000527F8B0088B342F020020B441D214E43D4
:10F33000AD0033442344264401355A77F575A8E7D8
:10F3400002EB820048442044B0F919E09100BEF17C
:10F350000000BCBFCEF1000E0FFA8EF09842D8BF6D
:10F36000184601EB02034B442344B3F91B10C8BFFA
:10F370004FF0010C0B1EBCBF49420BB28342D4BFFD
:10F3800003464FF0010C0132B5E742F01002CCE722
:10F390003F2082E70C4100202DE9F0411B4C1E4626
:10F3A000A37B0546FF2B8846174611D090F84633BD
:10F3B000013380F8463321F0E1FA85F847031EB1A6
:10F3C00085F84863BDE8F0813F2385F84833F9E7C5
:10F3D000436A236021F0D2FAB5F8D4312073E38078
:10F3E0008EB908F07DF9EB6A6081B3F85C3084F87F
:10F3F000128023810023A373AB6AE77493F825304E
:10F4000026756374DEE70248EDE700BF0C4100207B
:10F4100000C0FFFF2DE9F04F7B4C97B0A37B049019
:10F42000013BDBB2FD2B67D894F910307F2B2DD137
:10F4300006AE3546754AA38802F1400C374610687F
:10F440005168083203C762453E46F7D1002B62D0AF
:10F450004FF08062B2FBF3F22946002392B231F8FA
:10F46000027BBA4253D3DBB267484FF0000C05462B
:10F47000627C94F80D800132D2B20392C4454DDB18
:10F480002B7408F023F92B7C03442B745E4C012071
:10F4900020F05AF90646002800F0B380A57B2168C9
:10F4A000227B637C002D72D1019323890093E38832
:10F4B00022F093F91D274FF0150A4FF00009A17BA8
:10F4C000637B8B4266D894F9103030460193237DDC
:10F4D0000093E37CA27CB4F90A1022F0F2F9002335
:10F4E0007F22A3806373FF2304982274A37317B051
:10F4F000BDE8F04FFFF762BEFFF760FE054610B9AA
:10F50000A37BFF2B90D1284617B0BDE8F08F0133C5
:10F51000202BA4D100234FF6FF77A5E71D2202FB85
:10F520000CF905EB0902527D022A2AD00CF1010CDC
:10F530001D30A3E701EB81024A442A44B2F91B6063
:10F54000B2F919207E437A4309EB81042C44C2F3BB
:10F55000C73B9EF818A0C2F3C35284F819B0C6F393
:10F56000C33B42EA0B12C6F3C746A276E676059A7B
:10F5700002F821A00131039A0EF1050E9142D9DB68
:10F58000D4E700F11C02864600210592F3E722F041
:10F5900046F98FE707FB014317FB01A1DA7D3046EF
:10F5A00003320023CDF80090D2B2214422F05AF960
:10F5B000054658B194F910303046CDE90093012347
:10F5C000B4F90A101A4622F07CF99CE7A37B304676
:10F5D0000133A3731FF079FFA27B637B9A42BFF4D0
:10F5E0006EAF1D30F5287FF76AAF94F910303046C2
:10F5F000CDE900530123B4F90A101A4622F061F94B
:10F6000045E707257FE700BF0C41002024F20308EF
:10F61000044B03EB400213F81000537810FB03F087
:10F62000C0B2704764F2030890F83F1090F82420AD
:10F63000044B11B113F81200704703EB42035878E2
:10F64000704700BF64F20308034673B510461A788A
:10F650000C46022A22D00B7DC3F3040303700B7DFA
:10F660002046590641BFC3F3401282F0010262F303
:10F6700045132375237D9A0642BF5A1C62F3040387
:10F680002375FFF71DFD237D03F01F02824203DD7A
:10F69000012262F30403237502B070BD91F8245077
:10F6A00091F83F6091F82520194911F8154001EBB8
:10F6B00045014978002E08BF0C46012C05D1214692
:10F6C00002B0BDE870401FF072BADA781149072D18
:10F6D00001EB820105D0224602B0BDE870401FF068
:10F6E00071BA0D4B0093A3F57F4301936EB16C4645
:10F6F0004A1E0138033112F8013F013BDBB2E35CE3
:10F70000914200F8013FF6D1C6E701ACF0E700BF37
:10F7100064F2030874F2030801010202844670B522
:10F7200016461C469E460D460069DCF81410DCF8AF
:10F730001820DCF81C30092E0FC40FD89EF80130B9
:10F7400033448EF8013009D006EB4606B4449EF8E7
:10F7500000309CF8222013448EF80030BEF80230AE
:10F760001D44AEF8025070BD2DE9F041A0B06A46CC
:10F7700005460C461746314B03F1100C1646186827
:10F780005968083303C663453246F7D15022002139
:10F790000CA81FF00CFA28238DF86C3020238DF86C
:10F7A000683080238DF83F30234610AE04F1280CDA
:10F7B000324618685968083303C263451646F7D1C4
:10F7C00001263A4604A90CA821F0B9FC3A4608A93A
:10F7D0000CA88DF87C6021F0B2FC08A9084604AAA8
:10F7E00008F008F904AA114608A808F003F904F182
:10F7F00010082022002120461FF0D9F92246294670
:10F800004046267408F0F6F8237C05F110073344CF
:10F81000224623743946404608F0ECF8294608A8E9
:10F8200021F07CFC394604A821F078FC284621F020
:10F830009EFC85F8206020B0BDE8F081D4F203087A
:10F840002DE9F0431E4602EB420383B003449DF8CA
:10F85000284093F821C01746A44580464FEA420944
:10F8600080F0A58093F82320744D8A421CBFFF22AC
:10F8700083F822204FF0800218BF83F82310002164
:10F8800009EB0703034483F8212093F822206975CC
:10F89000013283F82220694DD8F81820AC46D8F8F8
:10F8A0001C30D8F81000D8F81410092FACE80F005D
:10F8B00009EB0703434493F8232040F29E806B88B2
:10F8C0005E491A446A800846424608F093F80123CC
:10F8D0006B7509EB0703434493F821C0C5F810800A
:10F8E0002F75ACEB0401B9440A1ECBB2C144B8BFBA
:10F8F0001F3289F8213014F01F0301F01F004FEA76
:10F9000062125BD001279F40013F00285CD1202C70
:10F9100055F822104FEA82053DD9A4F1200348484A
:10F92000DBB23160202B50F8221078D9A4F14003CB
:10F93000DBB27160021D202B515973D9A4F1600311
:10F94000DBB2B16000F10802202B515970D900F1EF
:10F950000C03F160595984F08003202B6BD904F11A
:10F960006003DBB2316100F11002202B51595CD9E8
:10F9700004F14003DBB2202B98BF1C46716100F1FB
:10F980001402515981BF1830B1612034415992BFDE
:10F990001836E4B21C36621ED2100F4030460132D7
:10F9A00001A901971FF00EF903B0BDE8F083234DC4
:10F9B0002B6983422BD000236B756CE7002CF3D0AE
:10F9C0004FF0FF370028A2D005EB8205C0F1200CD4
:10F9D000022A9BBF2B6869682968C3409ABF01FA55
:10F9E0000CF11943C140202CA4F12003D3D9DCB27F
:10F9F000043546F8041B0132EAE769783944697036
:10FA00001FBF93F822102B785B182B7057E72B7DC4
:10FA10009342D0D16B7D002B7FF463AF3BE71C4654
:10FA20000436B8E71C460836B5E71C461436B2E77C
:10FA30001C460C36AFE71C461036ACE7445300209A
:10FA40004853002001293AD02DE9F0431646994643
:10FA50004FF00808002385B00C468DF80F304A4659
:10FA60000DF10F033146CDF800800746FFF7E8FEA1
:10FA70004FF4807CBCFBF4FC9DF80F5004FB0CFCA5
:10FA800004FB05F5CCF5807CEBB2634503DB280A6B
:10FA900005B0BDE8F08338460DF10F034A46314604
:10FAA000CDF80080FFF7CCFE9DF80F3013FB04F378
:10FAB00005EB0323C3F3074005B0BDE8F083002046
:10FAC000704700BF2DE9F04F002589B09DF84C40EC
:10FAD000894604949DF8504092469B462E460594D4
:10FAE000039028E04FF0000208270DF11F038DF866
:10FAF0001F200097DDE904120398FFF7A1FE4FF4E1
:10FB00008073B3FBF4F39DF81F7004FB03F304FB55
:10FB100007F7C3F58073F9B299424FEA17221EDB4B
:10FB20000BEB02031A780BF80620264683F80080B8
:10FB300001354F2D25D0C5F3C40219F802301AF84B
:10FB4000021005F007020B401341741CDB07E4B2FE
:10FB50005FFA85F8ECD5012CC4D15B46E2E70822B8
:10FB60000DF11F0300920398DDE90412FFF768FE10
:10FB70009DF81F3013FB04F307EB0327C7F307427D
:10FB8000CEE7129B1E7009B0BDE8F08F2DE9F04F53
:10FB90000026D5B09DF884519DF880410E950D93B7
:10FBA0009DF888515F9B012CCDE90350CDE91212DD
:10FBB000DDF8789106941E7000F0678429460825C8
:10FBC00040AB32460095274607938DF80061FFF75A
:10FBD00037FE4FF48073B3FBF7F39DF8004107FB4A
:10FBE00003F307FB04F4C3F58073E2B29A42C0F258
:10FBF000E881230A0C930D98002800F01F8400234D
:10FC00004FF0010B0B93069BB84A023BDBB202EBB1
:10FC1000430112F813300B9A10934B781193431E43
:10FC20000F9340AB07930023CDE91533ADF85C305B
:10FC30000C9B06991344B3FBF1F201FB1233109AAB
:10FC40000E999A18002940F030824E2A8A4616DC16
:10FC500015ACC2F3C400255C02F007010BFA01F1F8
:10FC6000294321540AF5A8710698694401F8F02C3B
:10FC700002440AF101014E2A5FFA81FAE9DD119A84
:10FC800015AC1344DAB24E2A10D8D008265C02F024
:10FC900007010AF5A8750BFA01F131436D440AF129
:10FCA0000106215405F8F02C5FFA86FA069A9B1A91
:10FCB000E8D52826002306F1270420461D4698464D
:10FCC000C3F3C40101F5A8720DEB020111F8FC1C8D
:10FCD00003F007020BFA02F21142DFB215D105F56B
:10FCE000A872BE420DEB020105F1010200F27E8115
:10FCF00008F5A87287420DEB020108F1010200F23B
:10FD0000828101F8A07C5FFA82F801334F2BD7D1B2
:10FD1000E3B205932C4647460023DAB204F5A871F6
:10FD200096420DEB010004F1010100F25A810599A0
:10FD3000914207F5A8710DEB010007F10101C0F038
:10FD40005A8100F8A02CCFB201334F2BE5D1A7EB9D
:10FD500008072CAB434417F0FF07089316D0FA1896
:10FD60001F46C3F1010309920A930A9BDDE90320B0
:10FD7000D919C9B20023FFF765FE08993B780A5CE0
:10FD800007F8012B0B54099BBB42EED1079B641B68
:10FD900014F0FF0403EB050715D0E3193C46089364
:10FDA000C7F101030993099BDDE903201919C9B2C1
:10FDB0000023FFF747FE23783A5C04F8012B3B54FD
:10FDC000089B9C42EFD1B8F1000F12D000272CAC59
:10FDD0000137FFB20023039A39460498FFF732FE39
:10FDE0002CAA125C2378474504F8012B2CAA135443
:10FDF000EED18DB10027079C0137FFB200233946B1
:10FE0000039A0498FFF71EFE079923780A5CAF4215
:10FE100004F8012B0B54EFD1129913984B684268E8
:10FE20001340169302680B6813401593027A0B7AFD
:10FE300013408DF85C30427A4B7A13408DF85D3078
:10FE40000B9B002B00F006820027C8463C46089713
:10FE5000BAF1000F43D0002109EB07030DF1600E4A
:10FE6000C8071EF8012023D4964200F2D880059DD1
:10FE7000AA4200F2D4809846089800F5A8756D440F
:10FE800015F8505C00F1010C5FFA8CF01D700890C1
:10FE900054A800EBD50C1CF8FCCC05F007050BFAB8
:10FEA00005F51CEA050F04D00137FFB209EB070383
:10FEB000984654A800EBD2051A7015F8FC5C02F0C5
:10FEC00007020BFA02F215421EBF0137FFB209EB1F
:10FED000070301F1010118BF98468A45C0D10B9B69
:10FEE0000F9A934200F0228102E000BFE4F203087F
:10FEF000089BA34240F2A3805D1E0DF1B103234491
:10FF00002D1B53FA85F52CAB191909EB070311F8D2
:10FF1000016B54AA02EBD60010F8FC0C06F00702A5
:10FF20000BFA02F2104207F1010418BFE7B298463B
:10FF30001E701CBF09EB070398468D42E7D1272F9F
:10FF400040F2A680B7EB970F4FEA97052BD3B7FB8C
:10FF5000F5F305933E46B5425DD8059B012B69D06C
:10FF6000002D00F0DF80761BF6B24FF0000A09F199
:10FF7000FF340AF1010A5FFA8AFA0023039A514614
:10FF80000498FFF75FFD14F8013F19F8002055456C
:10FF9000227009F80030ECD8A944059B013B13F00E
:10FFA000FF030593D7D15F9B5F991B780B9A3B4466
:10FFB0000B700D9B013293420B9200F03F82C146C1
:10FFC00031E63246DDE90310079B0095FFF738FC68
:10FFD0009DF80031069A13FB02F304EB03231B1474
:10FFE00008E600F8502CCCB2013396E601F8507CBC
:10FFF000D5B2013364E604F5A8716944013401F80F
:020000040801F1
:10000000502CE4B2A0E605F5A8726A44013502F866
:10001000507CEDB279E63546002EA4D1BDE704F55B
:10002000A8700DEB000515F8A05C013498461D7012
:10003000E4B22DE7002EB6D03546002695E7BFF492
:100040007EAF1A46E11A0DF201131344013953FA37
:1000500081F1079B981809EB070310F8016B54AA6C
:1000600002EBD60414F8FC4C06F007020BFA02F27D
:10007000144207F1010518BFEFB298461E701CBF6D
:1000800009EB070398468142E7D1272F3FF65AAF85
:10009000092F94BF01236E4B4FF00A0584BFA3FBC9
:1000A0000732C2F3C703059354E711994FF0000AD2
:1000B0000B44069915AD022988BF521A2AE04E2931
:1000C00012D8CE0815F806C001F007040AF5A87783
:1000D0000BFA04F444EA0C046F440AF1010CAC5529
:1000E0005FFA8CFA07F8F01C4E2810D8C4082F5D70
:1000F00000F007010AF5A8760BFA01F139436E44C6
:100100000AF10107295506F8F00C5FFA87FA0699FB
:100110000A445B1A4E2AD1B2D8B2D0DD002BCEDC15
:100120001426C7E5013BDBB2059316E74FF0000349
:10013000DDE90310082600228DF8533000960DF1FA
:100140005303FFF77DFB9DF8535005EB850515F034
:10015000FF0200F087812B0A1D46002B3FF4C8AE3A
:1001600004F5A8736B4413F8A03C54AA02EBD30225
:1001700009F8073012F8FC0C03F007030BFA03F23E
:10018000104209EB07081CBF0137FFB243461CBFF2
:1001900009EB07084346611C012DC9B240F3738186
:1001A000089E54A806F5A8726A4412F8502C984686
:1001B00000EBD2001A7010F8FC0C02F007020BFAE8
:1001C00002F210421FBF0137FFB209EB0703984646
:1001D0000136022DF6B200F0558101F5A8720DEB43
:1001E000020111F8A02CA11CCCB254A901EBD20140
:1001F0001A7011F8FC1C02F007020BFA02F211420D
:100200001CBF0137FFB298461CBF09EB0703984695
:10021000042D40F0438106F5A87208990DEB020603
:1002200016F8502C02311A709846CBB2089354AB92
:1002300003EBD20102F0070311F8FC2C0BFA03F3D5
:100240001A423FF455AE0137FFB209EB07084FE6FB
:10025000CDCCCCCC0825DDE903101A468DF85330FF
:1002600000950DF15303FFF7EBFA9DF8534004EBB3
:100270008404640004F0FE03052B40F2E280230AAC
:100280001C46002B3FF4E0AD9DF8B03054AA02EBC1
:10029000D30212F8FC2C89F8003003F007030BFAA4
:1002A00003F31A4013BF01271746C84609EB070896
:1002B000012C40F3F1809DF8003154AA02EBD302E7
:1002C00009F8073012F8FC1C03F007030BFA03F2DD
:1002D000114209EB07081CBF0137FFB243461CBFA0
:1002E00009EB07084346022C00F0D2809DF8B120AC
:1002F00054A901EBD2011A7011F8FC1C02F007029C
:100300000BFA02F211421CBF0137FFB298461CBF24
:1003100009EB07039846032C00F0C2809DF80121E9
:1003200054A901EBD2011A7011F8FC1C02F007026B
:100330000BFA02F211421CBF0137FFB298461CBFF4
:1003400009EB07039846042C00F0AE809DF8B2201C
:1003500054A901EBD2011A7011F8FC1C02F007023B
:100360000BFA02F211421CBF0137FFB298461CBFC4
:1003700009EB07039846052C00F098809DF80221B0
:1003800054A901EBD2011A7011F8FC1C02F007020B
:100390000BFA02F211421CBF0137FFB298461CBF94
:1003A00009EB07039846062C00F084809DF8B320E3
:1003B00054A901EBD2011A7011F8FC1C02F00702DB
:1003C0000BFA02F211421CBF0137FFB298461CBF64
:1003D00009EB07039846072C72D09DF8032154A916
:1003E00001EBD2011A7011F8FC1C02F007020BFAA3
:1003F00002F211421CBF0137FFB298461CBF09EB45
:1004000007039846092C57D19DF8B42098461A70D6
:1004100054AB03EBD20102F0070311F8FC2C0BFAEA
:1004200003F31A424FF004031CBF0137FFB24FF031
:10043000050418BF09EB0708089309E555B0BDE8A6
:10044000F08F0DF153030B9A0095DDE90310FFF7D0
:10045000F7F99DF8533003EB830304EB43231C149B
:100460001B0C0EE70DF153030096DDE90310FFF7B7
:10047000E7F99DF8533003EB830305EB03231D14C9
:100480001B0C6AE608960C4632E50C96FFF7B3BBE8
:10049000012301240893DBE40023FAE7089627E50B
:1004A000012302240893D3E40223FAE7022303245E
:1004B0000893CDE40323FAE7042304240893C7E454
:1004C0000323FAE72DE9F04F1E46802487B002ABE4
:1004D00088461546F1B205220094FFF7B1F9DDE92F
:1004E000049A8AEA5A0020F000402AF0D3F8044621
:1004F0008AEA9A0020F040402AF0CCF803466400D3
:1005000003F100431F3C0F3B5B00002C8AEADA003A
:10051000B8BF6442002BB8BF5B4220F060401C446F
:100520002AF0B8F883464FEA4B0BABF11D0B89EA72
:100530005900BBF1000F20F00040B8BFCBF1000B19
:100540002AF0A8F8A344044689EA990020F0404024
:100550002AF0A0F80346640003F100431F3C0F3B60
:100560005B00002C89EAD900B8BF6442002BB8BFF9
:100570005B4220F060401C442AF08CF8DDE9026701
:1005800003465B001D3B002BB8BF5B4223445B4529
:10059000C8BFD14687EA5700C8F8009020F0004055
:1005A0002AF078F8044687EA970020F040402AF0C5
:1005B00071F80346640003F100431F3C0F3B5B00EE
:1005C000002C87EAD700B8BF6442002BB8BF5B425B
:1005D00020F060401C442AF05DF880464FEA48084D
:1005E000A8F11D0886EA5600B8F1000F20F000407F
:1005F000B8BFC8F100082AF04DF8A044044686EAC6
:10060000960020F040402AF045F80346640003F1CC
:1006100000431F3C0F3B5B00002C86EAD600B8BFAE
:100620006442002BB8BF5B4220F060401C442AF0BB
:1006300031F843001D3B002BB8BF5B4223444345C8
:10064000C8BF3E462E6007B0BDE8F08F17B4044621
:10065000094BD2B218681B7900908DF8043001F173
:1006600008030DEB03012046042311F8081C03B016
:100670005DF8044BFFF7E6B9F2F20308104B1A7865
:1006800042F0F0021A701A7C42F0F0021A7493F8E9
:10069000202042F0F00283F8202093F8302042F02E
:1006A000F00283F8302093F8402042F0F00283F803
:1006B000402093F8502042F0F00283F85020704719
:1006C0005C5300200368054A23F07F6323F4002372
:1006D00002EAC14213430360704700BF0000F80FF5
:1006E000F8B54488054604F00704072C1C4E28D1B1
:1006F0002BF014FB00221101735C06EB02171B099F
:100700000F2B0AD00132062AF5D1164A138801337D
:1007100013802BF0FEFA1920F8BD2B6894B27B8071
:10072000112373542BF0F5FAFCF7E0F906EB0413F0
:10073000D8602B68002023F4E02343EA04432B60B5
:10074000EAE72301F15CC1F30312013202F00F0268
:10075000052A28BF002262F30711F154E4E700BF25
:100760005C530020DA7E002038B54488054604F04A
:100770000704072C0FD02BF0D1FA074A2401135D90
:1007800043F0F00313552B6843F4E0232B60BDE8DE
:1007900038402BF0BEBA38BD5C5300202DE9F0473D
:1007A0004588074605F00705072D894637D01D4CBB
:1007B0004FEA051814F80860FCF798F904EB051ADD
:1007C000DAF80C30360906EBC506C01A04EB46060B
:1007D000708014F8083003F00F02042A9EBF013223
:1007E00062F3030304F80830B9F1030F14D114F8CD
:1007F000081004EB0514A01C01F00F0122F050F8C2
:1008000004462BF08BFA3A68074B134023433B60B6
:10081000BDE8F0472BF07DBA4FF6FF74F1E7BDE875
:10082000F08700BF5C5300200000FF7F064A08B538
:100830009268824207D0427922F0030242F003021A
:1008400042710EF08DFF08BDBC53002010B5064C60
:1008500020461EF0AEFD201D1EF0ABFD04F1080089
:10086000BDE810401EF0A5BDBC53002010B502200D
:100870001EF06AFF034C606002201EF065FFA0605E
:1008800010BD00BFBC53002008B5FFF7DFFF0022FA
:10089000024BDA60BDE80840FFF7E8BFBC53002018
:1008A000014B5868704700BFBC530020014B98684B
:1008B000704700BFBC53002038B5104DEB681BB12A
:1008C000EB6898470023EB602B688BB10B481EF058
:1008D0008EFD044660B12B681BB14FF000400EF056
:1008E000E5FE20461FF0A8FB18B120461FF0A6FB2E
:1008F00038BD204624F07DF8FAE700BFBC53002045
:1009000010B5084CE0604FF000400EF0CFFE00BF85
:1009100000BF00BF00BFE3681BB1E3689847002336
:10092000E36010BDBC53002038B58379044603440E
:100930005B7B13F0300F437923F0030308BF43F0D0
:10094000010343712BF0EAF90546214605481EF0E4
:100950001EFE4FF000400EF0A9FE2846BDE83840CC
:100960002BF0D7B9BC5300202DE9F041244E0021D3
:100970007468FE20A57904F0B3F8074602F0B2F9D6
:1009800050B141F20C00C2B20023B06842F205013E
:10099000BDE8F04120F001BD02F0E4F90028F0D1FB
:1009A0000C352C44237AE51C9B09022BE9D0012B42
:1009B00018D9237AA11C03F03F02073443F0C00387
:1009C00011F8010F8C4242EA000203EA0003F7D15A
:1009D000002AD6D0FF2BD4D057B9284623F0BFFA2F
:1009E0000020D0E7294623F0CDFA0028E1D0C8E75F
:1009F0002946384622F0D5FA0028EED0C3E700BFDA
:100A0000BC530020F0B5184E85B07568AB790C3337
:100A10001D4406F009FCB5F80920B5F807108A4214
:100A20001FD8032A1DD903291BD96F79CFB1C04321
:100A300060F0050010EA070413D1EB78A879CDE93E
:100A400001742C79009402F005F900280CBF0C22E7
:100A5000002242F24101B06805B0BDE8F04020F04C
:100A6000EDBC1122F5E700BFBC53002010B50D4CC2
:100A7000626893790C331A441179D078003918BF21
:100A800001210038B2F8073018BF0120B2F8052064
:100A900002F00EFC42F242010246A068BDE810409E
:100AA00020F0CCBCBC53002010B5094C63689A7987
:100AB0000C3213441979D87806F07CFB00230246E7
:100AC00042F27401A068BDE8104020F066BC00BF8F
:100AD000BC53002010B5084C6068837918440F306F
:100AE00023F021FA0023A0681A46BDE810404FF613
:100AF000284120F052BC00BFBC530020242816D847
:100B00000F2805D802280CD8B0FA80F040097047A9
:100B1000084B103880B2C34003F0010383F001009A
:100B200070470538012894BF00200120704701203C
:100B3000704700BF2D2011002DE9F04F95B0FFF751
:100B4000AFFE42F23603867905460C3630F8068051
:100B5000841998450ED1FFF7A3FE02211EF0F9FB80
:100B60007F22A3780233A370AA5500232022237783
:100B7000627063770121E07803F0B2FF002305463D
:100B8000ADF84630002800F0C080CDE91233E2888D
:100B9000237AADF848208DF84A30B4F80920E37A7A
:100BA000ADF84C208DF84E30A288E37802F01C019D
:100BB000FE2B4FF6FF7308BF4FF480431C2922D051
:100BC000DDE91201884203D81F2801D999421AD9B8
:100BD00041F21105FFF76AFE0446EAB201234146DD
:100BE00020F0DBFBA3791C44BDF94630002BB4BFD9
:100BF0006FF00402052213440A2293FBF2F3A3745C
:100C000015B0BDE8F08FD306E67D677E19D5012EBD
:100C100014D1237B013B062BDAD8E0781FF047FB89
:100C200018B1A088FFF76AFF40B1394B277F1B78C6
:100C300023B3042F02D8637F042B24D941F2120579
:100C4000C8E706F0FD03012BC2D17B1EDBB2022BED
:100C5000BED8237B013B062BBAD806F0E5FA032E5B
:100C600008BF04260640F6B2002EB1D0032F08BFFD
:100C700004273840C0B20028CFD1A9E7002FA7D160
:100C8000637F002BA4D1E07D94F91630032808BFC0
:100C900004207F2B08BFC823667B94F81DB018BFC3
:100CA00003EB83030E96A67B18BF5B00E188B4F8C4
:100CB000092094F80CE094F8159094F818A00F9679
:100CC000ADF84630667EA388CDE90B7BE77E032E28
:100CD00008BF0426003F18BF01270A9704F10F0C34
:100CE000A47ECDE9060A0DF14600CDE904900F98E7
:100CF000DBB201900E98CDE9086400902846CDE95A
:100D000002CE21F084FF054664E741F2070561E762
:100D1000BF7F00200022024BC3E90022704700BFC2
:100D2000CC53002038B5044620F0C2F9A0B3FDF73B
:100D30005BFB1A4DA071B5F80D30A4F8073006F032
:100D40001FFDAB7A6072C3F30313A372EB7A2846DC
:100D5000C3F30103E3722B7823736B786373AB786F
:100D6000A373EB78E3732B7923746B7A637520F0AC
:100D700023FDE08200202B8A23836B8A6383AB8A66
:100D8000A383EB8AE383EB7B84F820302B7EC3F3D1
:100D9000460384F8213038BD0C20FCE703F3030838
:100DA000F0B5044693B0008804F012FB0546002815
:100DB00046D022F0EFFF002844D0E678012E43D140
:100DC000D4F80D00D4F811100FAB03C3B4F81520FC
:100DD0000DAF1A801D4A0DAB10685168002203C385
:100DE00017F8013B12A901EBD30010F80C1C03F01B
:100DF000070306FA03F3013221EA0303082A00F885
:100E00000C3CEDD1A37E28460A93637E0993237E92
:100E10000893A37A0793E37A0693637A0593E37DB5
:100E200004930FAB0393237A0293E3790193A3799D
:100E3000009363792279A17801F08EFB13B0F0BDA5
:100E40000220FBE72F20F9E71120F7E7F7F203086C
:100E500070B5044688B0008804F0BAFA0546002848
:100E600062D0B4F80930012B05D0B4F8073013B9BB
:100E7000122008B070BD637C072BF9D8637DFF2B6F
:100E800054D1A37DFF2B51D1207D0028F0D0002329
:100E9000E289CDE90633237CADF818208DF81A30AD
:100EA000B4F80B20637BADF81C208DF81E30DDE913
:100EB0000663B342DCD840F2E1429342D8D91C4BDE
:100EC0009E42D5D801D10D20D3E720F0ABF80346E0
:100ED0000028F8D1627CCDE90000CDE9026202462B
:100EE000A1782846FDF7A6FC0028C2D12846A178A3
:100EF00020F05EF80128BBD194F91330227D13F164
:100F0000800F08BF0023CDE903020293A37C28468B
:100F10000193B4F809300093B4F80730B4F8032013
:100F2000A178FDF7F1FCA4E70220A2E71120A0E7D9
:100F300000093D0000232DE9F041A2B00793837A18
:100F400002898DF81E30437B0546012B0E46ADF815
:100F50001C200DD9B0F80B3053B140F2712253432D
:100F6000079A9A4204D31226304622B0BDE8F08197
:100F700030466C7F1EF0A9FA8442F4D1002444224A
:100F800021460DEB020010941DF011FE06231622DF
:100F900021460DF12A008DF81B3095F812801DF0C6
:100FA00006FEB5F81B2012F00103ADF8282000F072
:100FB000AA802346012231460DF11A001EF0E8F9FD
:100FC00031460446C3B29DF81A2010A81EF0E0F97D
:100FD0000444E4B29DF828305A0740F19B80234630
:100FE000012231460DF11B001EF0D2F99DF81B7055
:100FF0002044C4B29DF828301B0708D5234601229F
:1010000031460DF12A001EF0C3F92044C4B29DF808
:101010002830D80614D501222346314609A81EF0EF
:10102000B7F99DF824302044FF2B13BF0022002382
:10103000012203F07F0343EAC213C4B28DF82B30C0
:101040009DF8283099060FD523460422314608A87A
:101050001EF09EF92044C4B223460422314609A85A
:101060001EF096F90444E4B29DF828305A0610D5D3
:101070002346012231460BA81EF08AF92044C4B24F
:101080002346012231460DF12D001EF081F9044462
:10109000E4B29DF92830002B12DA234601223146B2
:1010A0000DF12E001EF074F99DF82E302044C3F38C
:1010B000000282F0010262F30003C4B28DF82E3008
:1010C0009DF82930DB070DD52346012231460DF16D
:1010D0002F001EF05DF9231810223146DBB20CA858
:1010E0001EF056F99DF82930002113F0040F4FF03F
:1010F000FF3018BF4FF423782C791FF0B5FD06465A
:1011000050B10C2630E70D22314610A81EF040F9F0
:10111000C4B25FE70A276DE706F032FBE9790029E0
:10112000EFD08842EDD34FF0FF301FF055FF95F917
:101130000E207E2A67D07F2A67D0142AE1DC02EBDA
:1011400082025200B4FA84F400214FF0FF306409A7
:101150001FF056FD05946B79002104936B784FF0D6
:10116000FF3003932B7800240293AB78CDE9007312
:101170009DF81B30EA781FF08CFC01232146CDE955
:101180000343CDE9013400934FF6FF7223464FF03D
:10119000FF30FDF7B9FB2B7D22460393079B2146C9
:1011A0000293B5F80B304FF0FF3001936B7B009347
:1011B0002346FDF73FFBEB7C2146CDE901832B7CE9
:1011C0004FF0FF300093EB7B6A7C1FF0FCFC0AAB16
:1011D00003932B8B20460293099B9DF81A200193C1
:1011E000089B10A90093AB7EFDF768F92146052303
:1011F00022464FF0FF301FF073FD21464FF0FF30C5
:10120000FDF74AFCB0E6024A9CE7C8229AE700BF15
:101210000CFEFFFFF8B507460D4616461C4623B9DF
:1012200001201EF091FA0446C8B106220C21204686
:1012300020F0D5F8691EC9B2032988BF0022A3791E
:1012400098BF074A03F10C0398BF525C2344204621
:101250009F80DE70DA719A71FFF7E8FA0120F8BD1D
:10126000FFF20308F8B5FFF71BFB83791844B0F8C9
:101270000F60B0B204F0ACF80446C0B122F0EEFA50
:101280000138C0B2032814D800270B4B1C5CFFF7B1
:101290000DFB054604233A4642F2300120F07DF86A
:1012A000AB790C33E818C68004724472F8BD02278B
:1012B000EDE700242746EAE7FFF203082DE9F041B5
:1012C0001D4690460E46074605F0D0F905F0B4F9E4
:1012D0000446404605F0B0F9194B04449D4225D917
:1012E000184B9D4215D9184B013D93FBF4F3002B8D
:1012F000B8BF03339A1005EBA305B5FBF2F3796889
:101300003268A1EB930102EB430279603260BDE8E1
:10131000F0810E4B0E4AA3FB05535B0904FB03F35C
:1013200003F6C313A2FB0323DB0AE8E704FB05F380
:10133000084A03F574338F33A2FB03231B0CDEE74B
:101340004C6210001366660640420F001F85EB5189
:101350005917B7D183DE1B43F8B50C460646114634
:101360002046174623F0F5FB204606F067FC0546AD
:10137000144B421C03F1180153F8040B8B4242F842
:10138000040BF9D11B781370FDF72EF8687306F083
:10139000F7F9EB7A2E2F60F30303EB720CD1304692
:1013A000FCF788FF0123214680F8B330064A304617
:1013B000BDE8F84023F0FDBC3046214623F0C7FBD2
:1013C0000020F8BD03F30308AD14010838B50C463E
:1013D0000978054601F03F011FF0EAFDC31EDBB2AC
:1013E000022B58D9D4F801302E4A134057D1A27A93
:1013F0001F2A54D81A46C3F3C4012144497803F084
:101400000700C140C90748BF013203F1010348BFCB
:10141000D2B24F2BEFD10E2A41D9237803F03F02ED
:10142000032A3CD87F2B3AD8237B002B37D0022BC2
:1014300033D8627B9AB3911EC9B2FC292FD9A17C03
:1014400002292CD8E17C01F00F01062927D8E17A86
:1014500029B3217C032922D8FF2A07D0012B1ED0D3
:10146000A37B012B1BD9E27B9A4218D3637C013BFF
:10147000022B14D82846FCF71DFF90F8B23023B198
:10148000011D204620F093FE30B92046BDE83840CB
:10149000054920F08CBE0C2038BD1120FCE71E2031
:1014A000FAE700BF0300800303F3030837B50446DF
:1014B00023F04DFB0321204621F093FF0025034636
:1014C00021460120034A009523F08FFB284603B0F4
:1014D00030BD00BFED4C030837B50D46114604463C
:1014E000FCF738FF02210563204621F07AFF002235
:1014F0000346009221460120024A23F076FB03B006
:1015000030BD00BFA32403082DE9F34788460646F3
:10151000322140461546994623F01BFB404606F013
:101520008DFB04463046FCF7C5FE09F03F03074635
:1015300063700221304621F054FF40F6CA03494649
:101540000DF10202ADF802000193304601ABFDF748
:1015500099F8BDF80230304663809DF804304FF0B2
:10156000010A23719DF805304FF0000963719DF861
:101570000630A37121F0A6FF40F27122431E5343AF
:10158000E371C3F30721C3F3074321726372AB68AE
:1015900084F80EA063816B6884F80F9084F8109033
:1015A0003046B3FBF2F921F08DFFB9FBF0F3534461
:1015B000A3812B79414663746B793046A374AB7970
:1015C000E374D5E90332524508BF0023E282A382C7
:1015D00095F82430237695F8263063762B7FA37612
:1015E0006B7FE376FF23237787F8B6A0E278A378B2
:1015F00043EA0223A7F8C0306279237943EA022341
:10160000A27943EA0243C7F8B830227AE37943EA81
:101610000223627A43EA0243C7F8BC30E37B227CB0
:1016200043EA0223A7F8C2306378054AC3F30503EF
:1016300087F8C43023F0BDFB02B0BDE8F08700BFDF
:101640004516010837B504460D468A7903230C3246
:101650000A445178528801F03F011FF041FB2946AE
:10166000204623F074FA0321204621F0BAFE00251B
:10167000034621460120034A009523F0B6FA284686
:1016800003B030BD79230308F0B58C7987B00C34F2
:101690000C4405460E46FCF70DFE677807F0C003C4
:1016A000402B1DD120F0D9FDC2B2C0F30723C0F3F7
:1016B000074C000E6276E375A07684F818C000240B
:1016C0000294114C1149205CCB5C019011F80C0084
:1016D0000F4900908A5C284607F03F011FF073FA1B
:1016E0003146284623F033FA0321284621F079FEBB
:1016F0000024034629460120064A009423F075FA87
:10170000204607B0F0BD00BF1CF303081FF3030819
:1017100027F30308D122030873B50D4602210446BE
:1017200021F05FFEAB7929462B44A3F8170006464B
:10173000204623F00CFA2046FCF7D0FD002808DAFA
:101740002046FCF7B7FD012380F86830002002B086
:1017500070BD00232146009301203346014A23F047
:1017600044FAF3E7912103082DE9F84F0E46984615
:1017700005469146BDF828B09DF82CA0BDF8307004
:101780009DF83C40FCF796FD036803EB861696F83F
:101790003E3013B91E20BDE8F88F3146FCF74CFFF0
:1017A000C0B20E2850D90D9BA3F2E242274B9A42B9
:1017B000F0D8A9F5FA7203F2EE239A42EAD8A8F516
:1017C000FA729A42E6D8C145E4D8BBF1000FE1D0E5
:1017D000284621F077FE40F2712358438045D9D244
:1017E000BAF1000FD6D0BAF1010F16D1002FD1D126
:1017F00030461FF0F1F80D9B9842CBD89DF8383059
:10180000072BC7D81FF0BBFD064680B9284622F03B
:1018100025F88442BED13046BDE7002FBAD040F251
:1018200071235F430D9B96339F42E1D2B2E794FA56
:10183000A4F1B1FA81F1284601311FF0A5FD80F035
:1018400001004001C0B2A6E74820A4E71D043D0006
:1018500010B5084C08492046084A23F015FB2046DD
:1018600006F074F9BDE8104000204FF4804105F007
:1018700011BC00BFD4530020651B01086F21030871
:101880002DE9F04F8C798FB00C340C446778054605
:10189000C7F3050308930023CDE9033394F91B3004
:1018A00007F03F070293A37E89460193E38A3946F6
:1018B0000093A38A6289FDF727F80122394628465A
:1018C0001FF0C3F9A27C637C069043EA0223E27C0A
:1018D000284643EA024A40F27122B4F80F305343DB
:1018E00040F6B732A3EB0A01914298BFA3F6B83A8B
:1018F00021F035FD6279237910F0010643EA0223D5
:10190000A27943EA024340F6CA0200F0AC802846BE
:1019100093422CBF0D930D9221F0D4FD40F2712320
:1019200003FB00F66FF41C73227A1E44E3793946F8
:1019300043EA0223627A284643EA02439E4228BFD2
:101940001E460D9BE2789E4238BF1E46A37843EAAE
:101950000223ADF832300DF132020DABFCF792FEEE
:10196000394604232846BDF832201FF0B9F9BDF8E6
:10197000322033210A92A38948460993B4F80F30E4
:10198000DDF834800893A37E94F80EB00793247E8C
:1019900023F0DFF8484606F051F9477000270A9A0D
:1019A000C6714280C8F307224271C6F30722C6F30C
:1019B000074602724672099B80F804804381BDF895
:1019C0002030C8F30748A0F80D30CAF3072303748A
:1019D000CAF307434374079B80F80680C374069BD1
:1019E00080F80CB0037580F80FA0847447750690DA
:1019F0002846FCF75FFC069980F8B670CA788B78A9
:101A000043EA0223A0F8C0304A790B7943EA022363
:101A10008A7943EA0243C0F8B8300A7ACB7943EABC
:101A200002234A7A43EA0243C0F8BC308A7B4B7BEC
:101A300043EA0223A0F8C2304B784946C3F30503BA
:101A400080F8C430284623F082F80321284621F08C
:101A5000C8FC0346414A00972946012023F0C5F8F7
:101A60000FB0BDE8F08F93422CBF0D930D92E2783A
:101A7000A378394643EA02232846ADF832300DF107
:101A800032020DABFCF7FEFD237E3946CDE902A301
:101A9000B4F80F300D9A0193A37B28460093A389D5
:101AA000FCF7C8FEBDF83230A27E0793A38934212B
:101AB0000993B4F80F304846DDF8348094F80EB03E
:101AC0000B930A92247E23F044F8484606F0B6F8B9
:101AD000079B41784380BDF8243067F30501A0F8E7
:101AE00007300B9B0A9A4381CAF307234373CAF357
:101AF0000743837366F38711069B417080F8048067
:101B0000C8F30721C8F3074802744374417180F891
:101B10000680494680F809B080F80CA0C47386742A
:101B2000284623F014F82846FCF7C4FB9DF8203023
:101B3000394680F8C430BDF832200523A0F8C02013
:101B400080F8B66028461FF0CBF8304620F07FFCC6
:101B5000BDF83230024A00967EE700BF79230308C1
:101B6000432303082DE9F04F8B7904460C33CE183C
:101B7000CB5C0D462D3B8FB00D2B00F2AA84DFE825
:101B800013F095000E002B00B5006D0191011302BA
:101B90003403EB0333043C0459043C0028040021C3
:101BA00020F02FFC074610B12E233A462AE0AE79EA
:101BB0002E440D36304620F034FB324601463B467B
:101BC00020461EF0E2FE2F2229462046FFF7C4FBE6
:101BD00001200FB0BDE8F08F0146012023F044F84A
:101BE000AE792E440D36304620F01BFB2B460146C5
:101BF000324620461EF0C9FEEAE71FF059FA30B916
:101C000039231A222946204606F02AF8E0E7204622
:101C100022F0C0F810B939232F22F3E72F212046F4
:101C200021F0F3FF0028EBD020461EF0E9FE20460D
:101C3000FCF740FBAB7906460C332B44D3F801206C
:101C40002D21C0F83520D3F80520C0F83920D3F86D
:101C50000920C0F82D20D3F80D20C0F81D20D3F89E
:101C60001120C0F82120284622F073FF284605F0F5
:101C7000E5FFD6F83D302946C0F80130D6F84130AE
:101C8000C0F80530D6F83130C0F80930D6F8253024
:101C9000C0F80D30D6F82930C0F81130204622F0B7
:101CA00056FF002120461EF0CCFE91E701460120A0
:101CB00022F0DAFF2046FCF7FDFAAB7929460C3317
:101CC0002B44D3F80120C0F83D20D3F80520C0F8FC
:101CD0004120D3F80920C0F83120D3F80D20C0F8F6
:101CE0002520D3F81120C0F82920DBE7002120F0BF
:101CF00088FB737807467F2B20464FF0000805D9F4
:101D0000FCF7D8FA80F8B5801E2789E0FCF7D2FAF4
:101D100080F8B580002F40F0838090F8C430FF2B0E
:101D200071D1737803F0C003402B40F0838006F13B
:101D3000010949462046FFF749FB8046074600282F
:101D40006ED1317D0246C1F3011120461FF015F915
:101D50000028D9D0337D717813F0300F14BF0122E1
:101D6000002203F00F0305920493B37B01F03F01BF
:101D70000393737B20460293737C0193337C00931F
:101D8000F37BB27C1EF085FEB37D71780293737D88
:101D900001F03F011A0903F00F0301920093337B16
:101DA000B21C20461EF0CDFEF07D727E7178CDF81B
:101DB0000880B77EDFF8F8C2BB4B1CF8077001F053
:101DC0003F010197377EDF5D1B5CB8480097825C5E
:101DD00020461EF0F8FE31212846777822F0B9FE21
:101DE000284605F02BFFC7F3050729464770204614
:101DF00022F0ADFE00221146737803F03F03204627
:101E00001EF082FEE4E6012380F8B530204621F082
:101E1000A6FA737810F0010F03F0C00384D12327D2
:101E200073783A4603F03F03002120461EF06CFE13
:101E30003023BAE67178204601F03F011FF0B8F870
:101E40000338C0B2022802D830231E22DAE67178A5
:101E5000204601F03F011EF046FEBCE7014601208E
:101E600022F002FF2046AE79FCF724FA0C362E440D
:101E7000727890F8C43002F03F0293420CD02946A9
:101E8000204631230C2205F0EBFE7178204601F04C
:101E90003F011EF028FE9BE6FF22294680F8C42061
:101EA0000022ACE7012196F8018020F0AAFA08F0A0
:101EB0003F080746002859D1327AF3797179B07E0C
:101EC00043EA02233279B77996F809C042EA01223F
:101ED00071780590307E42EA0742049096F812E04D
:101EE000707C43EA0C4340EA0E2096F813E001F0C0
:101EF0003F0140EA0E400390B6F80F000290B07B1D
:101F00000190B08900902046FFF72EFC074668BB81
:101F1000327AF37943EA0223727A43EA024340F6C3
:101F2000C902934221D9707E1FF07CF80746E8B9B8
:101F30007178204601F03F011EF096FE0746A8B9D1
:101F40004FF40031204621F012FA1FF0C8F807467E
:101F500004234146204672881EF0C2FEFFB142466D
:101F600029462046FFF7B8FA32E6202700204346EC
:101F700022463946CDE9010000901FF0A2FD294616
:101F800032233A46204605F06BFE414620461EF0BD
:101F90008BFE4FF40031204621F0EDF918E629467A
:101FA0002046FFF76DFC13E60146012022F05CFE9F
:101FB000AE790C362E44327AF3797179F07C43EAAB
:101FC00002233279B77996F809C042EA0122717882
:101FD0000590B07C42EA0742049096F810E0F07B4E
:101FE00043EA0C4340EA0E2096F811E001F03F016D
:101FF00040EA0E400390B6F80D000290307B01904D
:10200000708900902046FFF7AFFB0746B8BB727996
:1020100096F80480737848EA0228B279F77948EA9A
:102020000248327A03F03F0347EA0227727A0793A5
:10203000204647EA0247B6F8029096F80CB0B6F888
:102040000DA0FCF737F9079B90F8C4209A4215D1F0
:10205000B0F8C030A9EB030919F4004F0ED1D0F845
:10206000B83098450AD3D0F8BC309F4206D8BBF1AF
:10207000010F1FD9B0F8C23053451BD91E270020CD
:102080007678224606F03F0633463946CDE9010010
:1020900000901FF016FD294633233A46204605F0EE
:1020A000DFFD314672E700BF1FF3030827F3030883
:1020B0001CF303087279337996F8018043EA02230E
:1020C000B27908F03F0843EA024340F6CA0293425D
:1020D0002CBF0D930D92F278B378414643EA022368
:1020E0002046ADF832300DF132020DABFCF7CAFAE2
:1020F000B37C41460393327CF37B204643EA0223C0
:10210000727C43EA02430293B6F80D300D9A0193B4
:10211000337B00937389FCF78DFB012241462046F7
:102120001EF093FD96F91430002241460990204696
:102130001EF07BFDB37CBDF83220317C0B92F77B27
:102140000793738947EA0127717C0A93F37C47EA76
:10215000014728463421DDF83490B6F80DA096F8F2
:102160000CB0089322F0F5FC284605F067FD002628
:102170000A9B0B9AA0F80730C7F307234373079B0A
:102180004280C373089BC9F307220374099B80F83C
:1021900004900773C9F307493F0C42714374294601
:1021A00080F8018080F8069080F809B0A0F80AA0B5
:1021B00087738674204622F0CAFC2046FCF77AF822
:1021C000BDF832200523A0F8C020414620461EF06D
:1021D00087FD304620F03BF921460120BDF8323022
:1021E000BD4A009622F001FDF2E40D910146012066
:1021F00022F03AFD0D9DAB790C331D446A792B79A1
:10220000697843EA0223AA7901F03F0143EA0243D5
:102210002A7C0592EA7B0492687B2A7B42EA0022B0
:10222000A87B42EA004203926A89204602926A7AB7
:102230000192B5F8072000921A46FFF795FA014679
:10224000002839D16B792E79204646EA0326AB79EE
:1022500095F8018046EA03466F8895F809A0B5F81D
:102260000A90FCF727F890F8C43008F03F0843457F
:1022700030D1B0F8C030FF1A3B042BD4D0F8B830BE
:102280009E4227D3D0F8BC309E4223D8BAF1010F2A
:1022900003D9B0F8C2304B451CD86A792B796978DC
:1022A00043EA0223AA7901F03F0143EA024340F6E0
:1022B000C902934210D8202100236D78224605F0F0
:1022C0003F05CDE9013300930D982B461FF0F9FB34
:1022D00029465BE61E21EFE70022204695F91130E2
:1022E0001EF0A3FC69792A79E87BB5F80730AE794E
:1022F00042EA0122697803906F7B287B42EA06421A
:1023000040EA0720AF7B01F03F0140EA074002901E
:1023100068890190687A00902046FCF78BFA204685
:10232000FBF7C8FF6A8869780523A0F8C02001F090
:102330003F0192B220461EF0D3FC002020F087F827
:1023400000226B88214600920120634A22F04DFC56
:102350000DA81DF02EF83BE421F01CFD08B9352333
:102360005AE4AE7920460C362E447788FBF7A2FF5C
:10237000B0F85C807178A7EB080313F4004F4FF0BE
:10238000080308BFB846009342462046337901F05F
:102390003F011EF0B2FC814610B13523024631E404
:1023A0003A2128467778367922F0D3FB284605F083
:1023B00045FC4B4607F03F0767F305034370A0F861
:1023C0000280067129462046444A22F0F2FCFFF7BB
:1023D000FFBB06230D91717800933379728801F069
:1023E0003F011EF08AFCB3E7002120F00AF8021E2C
:1023F0004FF0360308BF112204E40146012022F009
:1024000033FC2046AE79FBF755FF0C362E440746C9
:10241000711C482269301CF0D5FB012387F8B430C9
:10242000AB792246013300212846AB711FF0B5FB82
:10243000FFF7CEBB0D91FBF73DFF07462046FBF7AC
:102440004DFF002802DB97F8B65025B12046711CDD
:102450001EF0AAFB7CE729462046B6F80B8020F048
:10246000C0FF47F6FE73A8EB00081FFA88F89845EE
:102470000CD82146284620F069FF0D9B2146C360F9
:1024800000952846B6F80B30154AABE6711C20467D
:102490001EF08AFB0DA81CF08CFFFBF7A5FF4FF088
:1024A00007080646E9B28E427FF692AB3B6803EB23
:1024B000851393F83E30052B09D1B7F85C2028230B
:1024C000013A2046CDF8008092B21EF016FC01358C
:1024D000E8E70020FFF77DBB4323030887210308BB
:1024E000992203082DE9F041074602200E461DF00F
:1024F0002BF9044660B3314638461EF0F4FA05461F
:1025000028B12046F9F716FB2846BDE8F0813021B6
:10251000204622F01EFB204605F090FB804629460F
:102520001B2206F03F0601301CF041FB384688F8BC
:102530000160FBF7BFFE98F801302146C3F30503A5
:1025400080F8C430034A3846BDE8F04122F031BC7F
:102550000725D9E7891601082DE9F04F97B00693B2
:102560009DF8803005460C939DF8843089460D9384
:102570009DF888309DF89CA00E939DF890309DF8B2
:10258000A0700F939DF894300B9210939DF89830A3
:1025900011939DF8A43012939DF8A8300793FBF790
:1025A00089FE90F8B2308046002B00F0EF80079B48
:1025B00049460293129B2846CDE90073239A0F9B4C
:1025C0001EF0BFFA0446002840F0EC8002201DF007
:1025D000BBF80646002800F0058140461FF03DFE8E
:1025E000814AC3B2D35CC0F3072208937F4B159096
:1025F0009A5C30210992C0F307429B5C000E0A935B
:102600007B4B13F80080304622F0A3FA304605F0E9
:1026100015FB83462846FBF74DFE5A4609F03F015D
:10262000239B41F0400102F8011F19681390C2F882
:1026300001105968C2F8051019890F9BA2F80910FA
:102640008BF80C300B9B8BF80D30069BFF2B8BF817
:102650000E300D9B0CBF00221A468BF810204FF055
:1026600001020C9B8BF8132018BF1C460E9B4FEAEF
:102670000A128BF81130109B02F030028BF81230E6
:10268000119B8BF80F4003F00F010A438BF81420C5
:102690009BF8152067F303028BF81520002F00F03C
:1026A0008580129F9BF81520504967F307128BF81D
:1026B000152008460022079B8BF8163010F8014BB6
:1026C000099BA34274D1D2B28BF81720002211F8D3
:1026D000010B0A9B834270D1D2B28BF818200022E2
:1026E000414911F8010B089B83426BD1D2B2B8F17A
:1026F0000A0F8BF819206AD0B8F1140F69D0B8F11D
:10270000280F68D10222D2B28BF81A200022284664
:102710008BF81B200AF0030101221EF02EFC00287A
:102720005BD028460BF10101FEF750FE044600285D
:1027300054D19BF80130139AC3F3050382F8C430D7
:10274000314628462B4A22F034FB044650BBBAFAE5
:102750008AF35B090593119B49460493069B109AE3
:1027600003930B9B284602930E9B01930D9B0093B2
:102770000C9B1EF08EF90A9B494600932846DDE922
:102780000823CDE901841EF01EFA0BE090F8B33067
:10279000002B7FF40CAF28461FF090FE0446002863
:1027A0003FF405AF204617B0BDE8F08F079779E7F3
:1027B0000132082A82D1FF2286E70132082A86D117
:1027C000FF228AE701320A2A8BD1FF228FE70022FB
:1027D00099E7012297E7FF2296E712243046F9F79E
:1027E000A9F9DFE70724DDE727F303081FF3030850
:1027F0001CF303088916010870B5064602201CF078
:10280000A3FF054640B330461EF0FAF83046FBF70A
:1028100051FD39210446284622F09BF9284605F04F
:102820000DFAD4F835202946C0F80120D4F8392013
:10283000C0F80520D4F82D20C0F80920D4F81D20B8
:10284000C0F80D20D4F82120C0F811203046BDE892
:102850007040024A22F0ADBA072070BDAD140108E5
:1028600038B5054602201CF06FFF044660B13621E2
:1028700022F06FF9204605F0E1F921462846BDE82F
:102880003840024A22F095BA072038BDAD1401083D
:1028900070B5064602200D461CF056FF0446A8B14E
:1028A000382122F056F9204605F0C8F92B68214658
:1028B000C0F801306B68064AC0F805302B89A0F8D3
:1028C00009303046BDE8704022F073BA072070BD71
:1028D000191701082DE9F041054602200F4616465A
:1028E0001CF032FF0446D0B12846FBF7E3FC35214B
:1028F000B0F85C80204622F02CF9204605F09EF9C5
:102900004FF0000367F30503A0F80280067121462B
:102910004370044A2846BDE8F04122F04ABA072035
:10292000BDE8F081872103082DE9F0411D461343DE
:1029300007460C461646BDF8188006D12046BDE86D
:10294000F0411A4619461FF064BE4146204622F067
:1029500026F978B12146384620F0F8FC40238674E9
:10296000C5742146069338464346BDE8F041024A05
:1029700022F03BB9BDE8F081F1260308F7B50E4619
:10298000054620F068FFB3790C3333445F789B78B9
:102990001F400378C3F3030000EA131038401FF010
:1029A00001FE044668B928461FF005FE38401FF0B6
:1029B000F9FD044628B9284620F050FF03F016FE22
:1029C00004462846002120F0D7FD1721304622F08A
:1029D000C0F8304605F032F931464470847028461C
:1029E00022F0B5F80321284620F0FBFC40220346E4
:1029F000009229460020024A22F0F7F803B0F0BD09
:102A0000A52603082DE9FF4107460E461446DFF8C8
:102A100038804346694638460A4A04F0D7FF002802
:102A2000F7D0102C254628BF102530462A46694687
:102A30001CF0C8F8641B2F442E44EAD104B0BDE852
:102A4000F08100BFD07F0020C07F002030B589B06A
:102A500020226946FFF7D6FF6A460C4D04AB1446A8
:102A600003CC9C4228606960224605F10805F6D136
:102A7000074C08AD1A4603CAAA422060616013469B
:102A800004F10804F6D109B030BD00BFC07F0020BA
:102A9000D07F002010B588B06946202017F0AAFE2C
:102AA000044630B96846FFF7D1FF0122024B83F894
:102AB0002020204608B010BDC07F002070B5134B09
:102AC000054693F820300C468CB00BB9FFF7E2FFB7
:102AD0000023CDE90033CDE9023354B91C2221464D
:102AE00005A804941CF063F804A8FFF7AFFF0CB02E
:102AF00070BD102C264628BF10262946324668464F
:102B0000FFF780FF3544A41BE7E700BFC07F00202C
:102B100008B581B207481EF01AFC012001F03EFC06
:102B200030B9054A137D59075CBF43F002031375A2
:102B300008BD00BFE8530020E0530020012383407C
:102B4000DB43064901F1240252E8002F1A4001F14B
:102B5000240C4CE800200028F4D17047E0530020FA
:102B60000123074A03FA00F002F1240353E8003F6F
:102B7000034302F1240C4CE800310029F4D17047E2
:102B8000E0530020044A4FF08040536A43F400238E
:102B900053620CF08BBD00BFE053002008B5F9F77D
:102BA000A5FF054A516C50640B1A002BBFBFD36BB5
:102BB0005B1A1B18D36308BDE05300204FF01013BD
:102BC00070B51F4C0025A3644FF4E0632046012636
:102BD000A4F84C301B4B43F6FF71E3651A4B65625A
:102BE00040F8583F84F860601DF0FCF904F01CFBCD
:102BF0004FF48073A4F85230144B84F85600A3614C
:102C0000134BA4F84E601A6884F85150A4F8B860C9
:102C100084F8B5502575137852782946134433410A
:102C200004F108006375A4F8C050A4F8B6501EF073
:102C30008EFB294604F19400BDE870401EF087BB6E
:102C4000E053002055555500D6BE898E87290308CC
:102C5000FC5500202DE9F843214C9946636A0F4644
:102C6000DB0715469DF824609DF8288035D468B3AD
:102C70000120FFF775FF626A9DF8203022F4C072D0
:102C800042EAC312052E626284F8546007D1F9F754
:102C90004BFF48B96D00ADB2BD4228BF3D4694F828
:102CA00054001FF066FE0646636A84F86060A4F86C
:102CB0004870A4F84A5084F84C90B8F1000F09D03D
:102CC00043F4801301206362BDE8F8830120FFF71D
:102CD00035FFD0E723F48013F4E70020F4E700BFCA
:102CE000E0530020024B586AC0F38000704700BFD9
:102CF000E053002010B51A4CFFF7F4FF636A13F09D
:102D0000010313D1A8B994F8613094F84D10253B14
:102D1000DBB20133DBB2032B28BF002341FA03F2FD
:102D2000D207F6D5253384F8613014E094F8543096
:102D300010B194F85520134303F00503052BE2D19D
:102D4000F9F7F2FE0028DED194F86030012B03D1B0
:102D5000032384F8603010BD012384F86030D2E78B
:102D6000E0530020024B586A00F00100704700BF9A
:102D7000E053002040F271232DE9F0413D4C0E4616
:102D8000E36018B1237D43F00803237540F27125F9
:102D9000F9F7ACFEB4F84870216C7D436A18121A3A
:102DA000A2F59673A7B1AB4212DD8D4210D86FF435
:102DB00096731A44B2FBF5F2B1FBF5F39A4228BFC1
:102DC0001A4605FB1211A5F596731B1A21640B44D4
:102DD00040F27120D4E9021CB4F84A20E76BA2F15A
:102DE00004084243974200FB08F814D21CFA81F110
:102DF0007EB199420FDA217DD21B41F00801217585
:102E00009A42D4BF226123611A48BDE8F0411FF005
:102E1000BDBE4745EDD3237DA2F5E17223F0080343
:102E200023752261FFF766FF236C47451D444FF071
:102E30000003114A65602564E3630BD2FFF752FF7C
:102E40001368A8B1DA79197B637D5B1A93420BDAB8
:102E50006275D9E7FFF746FF136838B19A791B7B93
:102E6000617D0B449342F3DC6375CDE71A78F6E796
:102E70005A78E8E7E0530020FC55002038B50546B5
:102E80000D4C80B10320FFF759FE002384F8513028
:102E90000123A4F84E300420FFF750FEBDE838406F
:102EA0001020FFF74BBE0520FFF748FE012384F8F2
:102EB000B550A4F8B830EEE7E0530020284A70B5CA
:102EC000536A0D4629B31C0749D502F1510602F198
:102ED0004E0448B3DA0623D52388012B20D95B089A
:102EE00004202380FFF72AFE1020FFF727FE238807
:102EF0000BB9012323801CF0C6FF2388B0FBF3F23B
:102F000002FB1300307045B30320BDE87040FFF7AB
:102F100015BE990623D502F1B50602F1B804D8E72B
:102F20000420FFF71DFEDFE7DB0312D52388B2F88C
:102F3000521099420DD95B009BB22380B2F8522007
:102F40001020934228BF13462380FFF7F7FD04208B
:102F5000CBE71020FFF704FEF9E70520D5E770BDA9
:102F6000E053002070B58AB005466B46484AAC79FC
:102F700010685168127A03C30C3408201A702C446C
:102F800004F082F820B101222846A11D1CF0EDF9C1
:102F90000021A379CDF821108DF80F30A37AADF878
:102FA000251003F00F0303F128026A4412F8282CBD
:102FB0008DF82010ADF81020062B08D8DFE803F0BC
:102FC000044F07075F074B000D20FFF7C9FDA37AE9
:102FD0000DF11301C3F380138DF81230E3680DF186
:102FE0001200CDF81330238A09AEADF81730002354
:102FF0001A461CF067FDE3791C218DF819304FF457
:103000007F43ADF81A307F238DF81C306379284652
:103010008DF81D300023ADF81E30AB7903AC1233B0
:10302000AB711CF00DFAAB792B440C33224603CA6A
:10303000B24218605960144603F10803F6D11068D3
:103040002946186013481CF0A2FA4FF080400CF09B
:103050002DFB0AB070BD0D20FFF770FDB7E7D4F867
:103060001230CDF82130E38AADF82530EB79063BFC
:10307000EB71A37AC3F3C0138DF82030A7E7064B9A
:103080005B6A9B0444BF42F00102ADF810209EE74A
:1030900031F3030800540020E053002070B5837919
:1030A0000C33C4182379DA0702D44FF0FF3070BD17
:1030B000A37AE27A03F00F05082DF6D8062D01D980
:1030C0002846F4E7911F1F29EFD8012D1FD10C2AA4
:1030D000EBD1244E736A13F0060F01D1DB05EFD458
:1030E0001CF0FFFC20B91CF0F3FC0028E8D1DCE761
:1030F000A37A96F84C20C3F3C010B2EBD31FD4D1FF
:1031000004F1120100F0010020F03CFFEDE7042D76
:10311000D6D11449144A486A0240002AC5D0096B26
:103120000029CDD08A79C3F380130C3288188A5CC9
:10313000B3EBD21F08D01CF0D4FC0028C0D11CF087
:10314000BCFC0028BCDBB0E704F10C01062208300F
:103150001BF003FD04461CF0C4FC0028B0D1002C79
:10316000AED0ECE7E053002008000400F0B5214C9D
:1031700087B0A06A00B3E76ABE7902F03DF9022386
:10318000FF210C36BA5DCDE90431BD1995F8233025
:1031900000215B090393AB8BD20902936B8B80B246
:1031A00001932B8B009305F1080321F0C7FAA06A65
:1031B00002F0D0FB0023A362E06AF8F7BBFC002317
:1031C000E362636A23F00402DB07626208D594F8C5
:1031D0005450052D06D1F9F7A7FC18B184F86050BA
:1031E00007B0F0BD94F854001FF0C3FB84F86000F2
:1031F000F6E700BFE053002013B5154C28F08EFD14
:10320000236A01930023236228F083FD019BA3B965
:10321000636A1A0406D51EF040F9A0B1636A23F46C
:1032200000436362636A1B0305D5FFF79FFF636A70
:1032300023F40023636202B010BD01A81CF0D7F88C
:103240001EF09FF9E2E74FF080400CF02FFAE9E71B
:10325000E053002038B50E4D044603F04BFA286BBE
:1032600018B1F8F767FC00232B6300F089FA0948CE
:10327000FDF77AFAEB6A0BB1FFF784FC044884F09F
:1032800001011FF08FFCBDE8384003481CF091B8E5
:10329000E0530020E853002000540020034B586AFC
:1032A00010F0050001D1FFF7D5BF7047E0530020B3
:1032B00070B53B4C1646636A03F0010270B95AB10F
:1032C00028F02CFD636A054623F001036362FFF7D3
:1032D000E5FF284628F01DFD002070BD002AFBD127
:1032E0009B0704D5236BBBB10120FFF7C7FD94F802
:1032F0004C3003F0FD03012B16D028F00FFD0546DE
:10330000C6B10E20FFF72CFCF9F7F0FB42F2107368
:1033100003FB0600606310E002201CF015FA206336
:103320000028E1D10720D8E720F045FE0028E4D1AD
:103330001220D2E70E20FFF701FC0020FFF710FC5F
:10334000636A13F00403C4D140F27122E363B4F85A
:103350004A30E260023B534323611CF094FD032397
:10336000B0FBF3F303EB4303C31A253384F8613056
:10337000FFF7C0FCF9F7BAFB60602064B4F8C00046
:10338000002808BFF520FFF7C3FB064B04481A6866
:103390001378527813445B1063751FF0F7FB98E7BE
:1033A000E0530020FC55002038B51B4C0546237D1A
:1033B00023F00803237503F09DF9B4F8C0302BB94E
:1033C000A36813F4601F08BFA4F8C030002112489E
:1033D0001FF0E8FB114BA361636A5A0406D485F021
:1033E00001000021BDE83840FFF7C4BC626B616892
:1033F000521A002AF3DA23F0010343F40043636214
:10340000FFF74CFF4FF080400CF050F9FFF76AFCDB
:103410000028E4D138BD00BFE0530020872903080D
:1034200008B5FFF75FFCB0B10B4B586A20F00402FF
:1034300010F001005A6203D1BDE80840FFF70ABF4F
:1034400003F058F900F09CF9FFF79CFBBDE8084039
:103450000020FFF7A9BF08BDE05300202DE9F04F81
:103460004FF0000B2E4C89B0E66AA36AB779C4E925
:103470000ABB0C37F51901936B6A90468246894660
:103480000393F9F7A1FAF35D05F108073946C3F391
:10349000C01306A88DF818301CF02DFBFF238DF803
:1034A0001930636A01A8C3F380230E358DF81A30F2
:1034B000CDE904578DF808B08DF81BA08DF81C904D
:1034C0008DF81D8002F0B4FA3046F8F733FB636ADA
:1034D00023F02402DB07626205D40120FFF7BAFE65
:1034E00009B0BDE8F08F0F4B94F854501A68052DC1
:1034F0001378527813444FEA630363750AD094F843
:1035000054001FF036FA0546012084F86050FFF79A
:103510004BFFE5E7F9F708FB0028F0D0F4E700BF20
:10352000E0530020FC55002038B505464FF48020BC
:103530000C4603F0A9FD48B140F22E432046C4E9F1
:103540000333BDE83840104901F078B80F4B9C4276
:1035500017D1042D14BF28460320FF2120F0B9FE07
:1035600042F20F7300F5AF70984298BF42F21073A9
:10357000A4F18C04C4F898008CBFC4F89C00C4F873
:103580009C30012038BD00BF809698006C5400200C
:1035900038B500230125104CB4F8B61004F194009E
:1035A000994208BFF521C4F8A43084F8A0501DF05A
:1035B000CEFE284600F0F2FE38B994F8A0305A0743
:1035C0005CBF43F0020384F8A0300120BDE838401E
:1035D0000249FFF7A9BF00BFE05300206C54002050
:1035E000F0B585B06D46274C0646F9F7EDF904F1C4
:1035F00058030FCB85E80F0094F8AC3094F8B42052
:103600000021C8208DF808308DF809201DF081F8C0
:10361000014628461CF0E6FC284620F0D6FD1CF0AA
:1036200068FC0022014604201CF06EFC7568F9F766
:103630005DFA636A2D1A13F4003F4FF480200CBF2B
:103640001027112703F020FD28B100F08FFEA0F510
:103650002F701CF065FCD4F8BC3070688C2D00EB2A
:10366000930194F8A13006DC1A46384620F012FE89
:10367000012005B0F0BD0A460146384620F0D0FDD5
:10368000F6E700BFE053002073B5437901906FF374
:103690000003437101221C2101A81CF092F848B1DB
:1036A000144A01A8536A43F4006353621BF081FE7D
:1036B00002B070BD019A104C537904F1180643F022
:1036C00001035371937913440C33254603CDB5425E
:1036D000186059602C4603F10803F6D1286811469A
:1036E000186006481BF053FF4FF080400BF0DEFFE0
:1036F000DEE700BFE05300204854002000540020C3
:1037000010B50A4CD4F8A40020B194F88B30012BEA
:1037100001D0002010BDF9F7E9F9D4F8B030181A3B
:10372000B0F57A7F94BF0020012010BDE053002047
:1037300010B5124C636A1B051FD501201CF004F85C
:1037400028B9BDE810404FF080400BF0AFBFB4F88F
:103750006C3023F0600343F04003A4F86C30FFF7B3
:1037600093FF04F1240353E8003F23F4006304F1C2
:10377000240141E80032002AF3D110BDE0530020BB
:1037800010B50A4CD4F8A4305BB1012104F18C00CF
:103790001FF008FA04F19400FCF7E6FF0023C4F8D8
:1037A000A430BDE81040FFF7C3BF00BFE0530020C6
:1037B00010B5044600F020FF844201D1F9F704F966
:1037C000084BB3F8B62032B9D3F8942012F4601F36
:1037D00008BFA3F8B620FFF7D3FFBDE810400120D3
:1037E000FFF7E2BDE05300202DE9F3415F4C98461E
:1037F00005460E461746F9F779F994F88B30022BF7
:1038000005D0D4F88410091AB1F5FA7F49D2A5423F
:1038100001D1FFF7C3F9AE61294694F87600FFF7AE
:1038200083FE06464FF4802003F02EFCA8B1B6B10B
:1038300000F09CFDA0F52F701CF072FB4C4B4D4A24
:103840003846CDE90032D4F8843094F8882094F8D2
:10385000761020F003FD064601E0002EEED11CF0AC
:1038600048FB0022014604201CF04EFB002003F020
:1038700067FAA54209D1D4F8A43033B1002104F18C
:103880008C001FF08FF9FFF77BFFD4F88430C4F869
:10389000B03094F8883084F8B430304602B0BDE8D7
:1038A000F081A54216D1D5F8A4309BB1D5F8B0303F
:1038B0001B1A994207D3FFF771F9012128461FF01F
:1038C00071F90126E9E7002105F18C001FF06AF982
:1038D000FFF756FFD4F88430A542C4F8B03094F80E
:1038E000883084F8B43001D1FFF758F90121284617
:1038F0001FF058F92049D4F88430A1F13000C4F801
:103900009030C4F8A4601EF0F2FBD4F8B0201A493D
:10391000D8F80030A1F13000D31A94F8BA20FDF79E
:10392000CDFC15494FF416730122A1F130001EF0B1
:10393000E4FB637D84F8A130FFF7D4F90F4B1B68DB
:1039400090B1DB7994F8A1200D4993423CBF02F17C
:10395000FF32D3B294F8760084F8A130FFF7E4FD8B
:1039600007481FF013F9ACE75B78EBE7E053002062
:1039700055555500D6BE898E9C540020FC5500201C
:103980006C5400202DE9F04F8D798BB00C350D442F
:10399000EB7A07910390002B00F0158117462E7BE0
:1039A0008B46B20916F03F0618BF6E7B0292012FBC
:1039B00005F10E029046049200F0FD8140F26F8105
:1039C000FA1E012A00F2FF80029AB2FA82F94FEA47
:1039D0005919B9F1000F00F0F6802A7B02F03F027E
:1039E0009A4280F2F080B44C636A23F4003363623D
:1039F0002B7BC3F38113013BDBB2012B47D9584624
:103A0000F9F7E0F9DDF81CB09BF806A00AF10C0A02
:103A1000DA44002F3FD0042F07D1B4F86C30580798
:103A200054BF0A230E23A4F86C30F10700F1DE81A5
:103A3000B20700F1D481730700F19380300741BFD2
:103A400098F8013008F10208C3F3031384F87730C3
:103A5000012F40F0C1809AF80C3003F0C003402BD6
:103A600002D0802B40F0B8800023626AB4F86C006A
:103A700022F40032F10620F06000A4F88A3062627D
:103A800048BF08F1030880B2A4F86C00C6E0012F1B
:103A9000B5D1AA46C9E7FF207F214FF47F4E2B7B8B
:103AA00094F860209B09052A9AF807C0A4F86C30A6
:103AB000A4F87A7084F86E0084F87810A4F876E0A0
:103AC00000F0F48084F875201BB1636A43F400337E
:103AD0006362F20700F1FC80B307ACD594F84C00A8
:103AE000AA7AB0FA80F35B09B3EBD21F4AD0003850
:103AF00018BF0120414620F045FA0346A87A414606
:103B0000C00905931BF0EFFF06901BF0DDFF616A13
:103B1000069A01F4807C0599134600293DD0AB7AC2
:103B2000DB09002A00F01F81BCF1000F00F01B81AF
:103B3000002840F01B81FE2384F87C30D8F8003048
:103B400008F10608C4F87D30B4F86C3038F8022C5F
:103B500043F00403A4F86C30584B9A8073077FF548
:103B60006DAF1CF0C6F94FF6FF73CDF804B00093AB
:103B70000146534B94F86E20042008F101081CF014
:103B8000B0F95BE74146D0091BF0ADFF05901BF093
:103B90009BFF616A059B01F4807C2BB1BCF1000F97
:103BA000C6D1002840F0E280D4F8A4304BB1012106
:103BB00044481EF0F7FF4448FCF7D6FD0023C4F844
:103BC000A430FFF7B5FD07A81BF0F3FB4FF0000989
:103BD00048460BB0BDE8F08F3C4ADAF8003001925D
:103BE000363A00924146324694F856001CF099FC51
:103BF0008044B4F86C0094F88A3020F06000626A67
:103C000080B2002B3FF440AF94F8893040F02000A0
:103C1000A4F86C0084F8763084F8AC3016F0200AF2
:103C20001BBF98F8023098F80310CDF814A043EAAF
:103C300001231EBFCDF81480A4F87A3008F11208D1
:103C4000012F00F09A8006921BF04BFFF1060ED474
:103C5000069A80F00100C2F3C01BC3B25A4618494D
:103C600094F86E0020F05DFB002800F09880042F8F
:103C7000DDF81CB045D8022F3ED8002F41D1029B61
:103C8000626A022B00F0FB8194F88B30002B40F02D
:103C90004A81BAF1000F40F0A981D14637E0029A7B
:103CA000B2F1030918BF4FF0010992E6BCF1040F0D
:103CB00014BF6246032205E7E05300205D54002054
:103CC0004F5400206C540020745400209A5400205B
:103CD000D5F80E30049AC4F86F309288BE4B9A80A3
:103CE000AB7A13F0400340F02481626A22F48052E0
:103CF000626284F86E307EE094F88B30002B40F0E6
:103D00000581BAF1000F40F07181D146626A7106F7
:103D100048BF98F80030CDF820B048BF84F878301C
:103D20002B7B03F03F08D30752D5002F40F0A28031
:103D3000F0064DD44FF0FF3108A8F9F713F80898B2
:103D4000F9F740F8AB7908A884F86B306B7908F183
:103D50000D0184F879301BF033FC0898002800F03E
:103D60005F81C7809DE000283FF4E6AE94F84C30B8
:103D7000002B40F02C810223DEE653073ED4C2F331
:103D8000C01B1BF0AEFE80F001035A46924994F826
:103D90006E00DBB220F0C5FA002840F09A81BBF13A
:103DA000000F00F0CB80BAF1000F40F04A814FF0D5
:103DB000000907A80DE0894AB2F86C90029A09F050
:103DC0000309A9EB0209B9FA89F94FEA591900E682
:103DD00008A81BF0EEFA48460BB0BDE8F08FBB1EFA
:103DE000022B3FF67BAE08F1060824E694F86E300D
:103DF000FF2B3FF46DAF05F1140819E6029BD807BD
:103E0000BDD5DDF81CB00297C2F3003394F87620DC
:103E1000012100920020704A02F036FD814658468A
:103E2000F8F7D0FFB9F1000F40F03681BAF1000F7A
:103E300040F0BD80029B002B00F00081D4F824A04C
:103E40001BF04FFE034683F00103CAF3C012624920
:103E500094F86E00DBB20AF0800A20F062FA0028C3
:103E60005ED1BAF1000FA4D151461BF042FE0028EA
:103E700056D09EE74FF0FF3108A8F8F773FF089877
:103E8000F8F7A0FFAB7908A884F86B306B7908F1DC
:103E90000D0184F879301BF093FB0898002800F09E
:103EA000BF80B4F86C30099003F06003202B636A84
:103EB0004FF001020CBF43F4006323F4006363621C
:103EC00043791C216FF30003437109A81BF079FCAF
:103ED000002840F0CE80099E414C7379B57943F0BB
:103EE0000103737135440FCCE86029616A61AB61ED
:103EF00007CCE8612962A4F1640031466A621BF0D4
:103F000046FB4FF080400BF0D1FB61E62B460022D0
:103F100003983449FFF768FC8146BAF1000F67D176
:103F2000DDF81CB0F2E62B4603982F49C2F340425D
:103F3000F0E7626A012342F48052D9E659465846B6
:103F40001BF0D7FD00287FF42EAF042FDDF81CB046
:103F50003FF6D7AE022F3FF6CFAE002F3FF48FAE25
:103F6000012F7FF4CEAE626A029B510700F18F8071
:103F7000012B04D902F00303032B00F0958094F881
:103F80008B30002B54D02B4603981649C2F3404285
:103F9000FFF72AFC034658469B46F8F713FFBBF190
:103FA000000F48D0BAF1000FBAD00023029394F862
:103FB0007720094994F86E00D5F800B01DF0E6F9B5
:103FC000002840F08D80029B002BA9D036E7012B02
:103FD00008BF0323B0E500BF4F540020E05300208A
:103FE00048540020C52A0308054101084FF0000984
:103FF00094F87720414994F86E00D5F800A01DF0A0
:10400000C5F900288CD005F10C0094F876B01DF0AD
:10401000C2F951460346059A58461DF0B9F97FE7A3
:1040200001201BF091FB089000283FF4D1AD38E748
:104030005846F8F7C7FEBAF1000F4DD14FF000090E
:104040006EE794F877202D4994F86E002E681DF0E5
:104050009DF900283FF4ABAE05F10C0094F87640D2
:104060001DF099F931460346059A20461DF090F956
:104070009DE6636A09A843F400636362A9E69007BA
:104080003FF502AEBAF1000F3FF407AEAEE7DB0733
:10409000CED500230293B7E65946002002F0DCFBA0
:1040A000BAF1000F8FD082E758461EF09BFD08B989
:1040B000626A64E7A97A0498C1F3801102F08EFB6A
:1040C0000028B5D00E4B039A58469361F8F77AFE54
:1040D00068E7DDF81CB046E700239946029366E7DF
:1040E00005F10C0094F876A01DF055F959460346E9
:1040F000059A50461DF04CF965E700BF4F5400206B
:10410000E92A0308532810B50C4610D006D85128C8
:1041100017D02146BDE810401EF09EBCA0F155030B
:10412000012BF6D82046BDE81040FFF741BB002226
:10413000064B0120A3F88A201EF0A9FC0028F1D02C
:1041400010BDBDE8104002F06FBB00BFE05300207F
:1041500053282DE9F74F0C4615D007D8512878D0B1
:10416000214603B0BDE8F04F1EF076BCA0F1550328
:10417000012BF5D8A0F1560358424FF000015841E9
:10418000FEF79CFE2FE04FF0000901A84FF0FF3131
:10419000CDF80490F8F7E6FD0198DFF8D88048B133
:1041A000F8F710FE0198FEF779FF082821D001A842
:1041B0001BF0FFF800F020FA844201D1F8F704FC6C
:1041C000002120461EF0EEFCFFF7DAFAD8F8243082
:1041D0005A0703D500210846FEF770FED8F82430B0
:1041E00013F0050F40D0204603B0BDE8F04FFFF7B5
:1041F000DFBA019DD8F82C70AB79BE790C331D4421
:104200001BF05EFCE8B11BF058FC002819DB0C36F3
:10421000B85D07EB060B0BF1080A4A465146C00988
:104220001BF063FC68B1D5F80E30CBF808306B8A10
:10423000ABF80C30AB7ABA5DC3F3801363F3C712EB
:10424000BA55002295F9051098F87600FFF706F99F
:10425000ADE7074B11201B685978F8F793F9054A29
:10426000536A43F02003536203B0BDE8F08F00BFF0
:10427000FC550020E053002010B5074C2368DA06F7
:1042800007D523F01003236018B90220A1681BF0A2
:104290001FFE0023A36010BDA4540020F8B5002326
:1042A0000360037D04469D070CD550F8081FC90C18
:1042B00001F4FC7141F00501FCF704FA237D23F0C1
:1042C00002032375A0681EF034FC237D0546180701
:1042D00003D5F8F70BFC28446060194F62683E462E
:1042E00056F8041FAD1A79B921603460BB68E3B198
:1042F000607D597D884219D2217D09070FD5BDE81F
:10430000F8400020FFF7B8BF88681EF012FC4B6829
:104310002B441B1A002BE7DA0E460968E3E75968BD
:104320001B690B449B1A002BE9DAF8BDD3E9011095
:104330001EF0FFFBE3681A44521AC242F5D5DEE7CD
:10434000A4540020014610B5044603201BF0C0FD14
:10435000054B1B68D90305D4237D5A075CBF43F086
:104360000203237510BD00BFA4540020014BD86880
:10437000DC387047A4540020034B10B5DC68F8F714
:10438000B5FBDC3C201A10BDA454002018220021EB
:1043900001481AF00CBC00BFA4540020034B1B685A
:1043A00013EA004314BF012000207047A4540020EA
:1043B00030B5C0B14268B2B1104C25692B469BB9EB
:1043C00045B1AB68CB1A41BF5B42B3FBF2F303FBD1
:1043D000022289180A4A816013684BB90360106091
:1043E000237D0133237530BD8342FCD01B68E6E793
:1043F0009D686D1A002DF1DA1A46EDE7A4540020ED
:10440000B454002040B1436833B1084B1A7D013ADF
:104410001A7553F8102F02B970479042116801D1F4
:104420001960704713460A46F5E700BFA454002000
:1044300038B50446084D0846AB68A34201D1FFF7E2
:104440001BFF6B68054A1BB1A342196801D11160BB
:1044500038BD1A460B46F6E7A4540020A8540020A5
:104460002DE9F3475E4D2B685A0700F18680AB6853
:10447000002B40F0828055E8003F43F0040345E8FC
:104480000032002AF7D16C689CB1F8F72FFB01AA23
:104490000146204627691EF054FB08B920461EE05D
:1044A000019B2668FF1AA6B96368DC371F44C5E97B
:1044B000024755E8003F23F0040345E80032002A94
:1044C000F7D1AC68002C4CD102B0BDE8F047F8F74A
:1044D00013BB304601AA1EF034FB18B93046FFF773
:1044E00031FFD0E7D6E901A01EF023FB337DAAEB14
:1044F0000000DB0705D4019A33699B1AF2689B1A06
:1045000018446268D3191B1A002B26DD9F4204D978
:10451000E368801ADC3383421ED994F8149019F0B2
:10452000010F0FD1A0681EF004FB2369D6F80C80A0
:104530001A44A2EB0A02E368A2EB0802121ADC3367
:104540009A420CDC727D637D9A4206D219F0080F04
:10455000A4D0F768344600E007463668A3E747462C
:10456000F8E7A36813F4601F0AD121462B6843F0D3
:1045700010032B6001201BF0ABFC02B0BDE8F087FC
:1045800004F108063046FCF7ABF82B68214643F0EF
:1045900010032B600028EDD101201BF099FCA368CB
:1045A00013F4601F4FEAD341C3F3C2440ED0013C61
:1045B000E4B201F4FC7130462143FCF783F8032197
:1045C0003046FCF7EBF8002CD7D103E0032130464E
:1045D000FCF7E4F8304602B0BDE8F047FCF7C4B899
:1045E000A454002008B5034B996809B11BF070FC76
:1045F00008BD00BFA4540020014B9868704700BF5D
:10460000A45400200C4B70B59C68844212D1214602
:1046100002201BF05DFCD4E901601EF08AFA054619
:10462000F8F764FA801BE84221464CBF01200320C2
:104630001BF04EFC70BD00BFA454002002462DE9C3
:10464000F84F002855D02C4ED0F80C80B76805697B
:104650008742046808EB01090D441DD06FF0DB0AA6
:10466000746854B99742C2E9039503D17B68DC337F
:104670002B44F3600120BDE8F88FA0681EF059FAC2
:10468000844653686068AAEB03030344A3EB0C035E
:10469000002B03DA2468E4E7002CE3D06FF0DB0B97
:1046A000D2F804A0ABEB0A0BA0681EF042FA6368D4
:1046B0005B44181A814515D394F815C0537D9C4569
:1046C00002D92468002CEFD10C4B994211D18045BE
:1046D0000FD89742C2E90300CCD10AF1DC0A50445A
:1046E000F060C7E7C2F80C908542D4BF1561106135
:1046F000C0E70020BFE700BFA454002080969800C8
:10470000114B70B59D682E692C681CB96A6864B934
:10471000B01870BD627D6B7D9A42F7D920461EF0BD
:104720005DFA0028F2D12468EFE7A0681EF001FAD4
:104730006FF0DB0361689B1A0B4429691B1A8B42DB
:10474000D4BFD0185018E4E7A4540020542310B567
:1047500004680A490D20B4FBF3F4F7F7C5FB002306
:10476000A2B251211846F7F765FB044618B9F7F7CE
:10477000ABF9204610BD1924FBE700BF81BF00083C
:10478000014B1878704700BFE17F0020437E0F4A3D
:104790001B01DBB282F81E3382F81F3382F821330B
:1047A00082F8203382F8223382F8233382F82433CC
:1047B00082F8253382F8273382F82633037F23B922
:1047C000037E1B01DBB282F8223C704700E100E06F
:1047D00037B5054602F06AFC044698B92846FFF74B
:1047E000D5FFAB8A0DF10601ADF80430EB8A01A8C4
:1047F000ADF806301EF0FAF90122034B1A7020467C
:1048000003B030BD0224FAE7E17F0020902238B5E2
:104810000546164B00211C682D0202FB0044204671
:104820001AF0C5F9124B45F001051B6804F10800A8
:10483000DB7800216375E5821CF089FD4FF00823C9
:10484000E3641323A4F850304FF60773A4F85830EC
:10485000FF23084A84F85A30074B2046C4E91B322C
:10486000C4E91F32BDE838401EF054BC8C5500200E
:10487000FC55002055555500D6BE898E034B1B684C
:10488000C01A034B00115843C0B270478C5500202A
:10489000398EE3382DE9F0411E46836904460F4600
:1048A00015468BB169B927F039FA05463946A06C2F
:1048B0001BF02AFC204639461EF0BEFB284627F096
:1048C00028FA0020BDE8F0810029FAD0B0F8503075
:1048D000DA0640F18380B4F85030DB0700F18A80BB
:1048E00020461EF0C8FB0028ECD1B4F85030D906A1
:1048F00000F18D80D4E90A12204600F0E7FA012E7B
:1049000011D040F27123B4F84C205A4390420AD996
:10491000B4F84E205A4390427BD800F51C70B0FB8F
:10492000F3F0A4F84C003C4BE268A3612261002341
:10493000B4F8502084F8573012F0100F0CBF4FF429
:104940008C778C27236A84F8566023F48073236263
:1049500007F2631755B140F27121B4F84E2043F4C9
:104960008073C2EB05124A4323626262236A04F138
:10497000080843F400632362284B1B68DB786375E7
:1049800027F0CCF9237D064643F00803404639461C
:1049900023751CF0DCFC0120FFF700FD28B9237D06
:1049A0005A075CBF43F002032375A1684046C1F378
:1049B000C84141F09001FBF785FE25B1F8F796F864
:1049C000636A0344636220461EF0E0F8304627F035
:1049D000A0F90121A06C1BF097FB72E798077FF507
:1049E0007AAFE06A1AF071FD00287FF474AF41F2EB
:1049F0000C0067E7E36B002B7FF472AF00F056FF0B
:104A0000E06300287FF46CAF41F209005AE7044BE1
:104A10008AE741F2450055E759020308FC5500209A
:104A2000594F010870B500249026094D2B79A342F7
:104A300000DC70BD286806FB040090F85930FF2B9D
:104A400004D000231A461946FFF724FF0134EDE78E
:104A50008C55002038B50446002839D00830FBF7C3
:104A600083FE0025FF2304F1280084F85930A56156
:104A70001AF09FFC04F12C001AF09BFC04F13000AA
:104A80001AF097FC04F134001AF093FC04F1400092
:104A90001AF08FFC104B1868104B201A0011584365
:104AA000C0B21BF028FA014628461BF01DFAE06B45
:104AB00010B100F04FFFE563606C18B11BF0B8FA5D
:104AC00000236364A06C1BF027FB0020A06438BDAA
:104AD00041F24200FBE700BF8C550020398EE338DD
:104AE000F0B5104B02461E6893F804C035464FF0EF
:104AF000FF3400239C4508DC91B1631C10D0902347
:104B000003FB046080F85920F0BD95F859702846E1
:104B10009742F9D0FF2F08BF1C4690350133E9E7D3
:104B20000020F1E78C550020014B9868704700BFCA
:104B30008C55002070B500249026064D2B79A34299
:104B400001DC002070BD286806FB0400FFF782FF2F
:104B50000134F3E78C55002038B50A4DFFF7EAFF22
:104B6000AB6813B100221A60DA801CF02EFD00241D
:104B70002B79A34200DC38BD2046FFF747FE013405
:104B8000F6E700BF8C550020F8B5054600249027B5
:104B9000074E3279E3B29A4201D80020F8BD30685E
:104BA000297807FB03001EF015FA0134F1E700BF76
:104BB0008C55002070B5344C0546A06818B1F6F746
:104BC000B9FF0023A360E06818B1F6F7B3FF002334
:104BD000E360FFF7C1FF00201BF091F955B90320F6
:104BE000257125606583F7F769F920791BF087F94E
:104BF00028B970BD02201AF0A7FDA06088B9002571
:104C0000A06825712560002839D1E06818B1F6F751
:104C100091FF0023E36000201BF071F941F20700CF
:104C2000E7E702201AF090FDE0600028E7D00026B8
:104C30000320257126606683F7F740F9B542D4DD7D
:104C400005EBC501090133460122032089B2F7F7BC
:104C5000F1F806460028D2D10320F7F751F9206079
:104C60000028CCD0902231466A4319F0A0FF237966
:104C7000B342BADD3046FFF7C9FD0136F7E7F6F774
:104C800059FFA560C1E700BF8C5500202DE9F04118
:104C90000025354E8AB03379AB4203DC01200AB0DF
:104CA000BDE8F0819023346803FB054494F8593043
:104CB000FF2B0DD0236A980306D504F14008404627
:104CC0001AF0FBFB074628B9226A12F4A02F1ED166
:104CD0000135E0E7BB7908A90C333B44D8689A7AE0
:104CE0001B8AC2F38012ADF8243000238DF81F20F8
:104CF00008901A460DF11F001AF0E4FE38469DF8A0
:104D00001F2094F8591008AB1CF0D4FBD7E7B4F877
:104D1000503003F01D031D2B16D13C23FF21002032
:104D2000CDE90431CDE902000121CDE9000004F113
:104D30006203C2F380021FF001FD0028AFD0236A96
:104D400023F4A0232362C3E712F4803F08BF3C2171
:104D50004FF0000218BF432194F8573094F85900DF
:104D60001CF008FDE9E700BF8C5500202DE9F04359
:104D700004468F798BB00C370DF10409CD1901224F
:104D80000E460DF1030049461AF0B1FEE36B804672
:104D900003930023E363B4F85030E879C3F30013BE
:104DA0008DF825302989F7591FF093FA204B0744D5
:104DB0001B6805975B7905F118026375012306925C
:104DC0008DF8103005F10C03B8F1000F24D09DF8D8
:104DD0000330CDF81C908DF820309DF8252094F8F4
:104DE00059308DF821300123DAB98DF8223094F84A
:104DF00084308DF823306B7903A88DF8243000F0CF
:104E000017FE012120461EF017F93046F6F792FEF4
:104E100001200BB0BDE8F0830793AB7AC3F3801396
:104E2000D9E7AA7AC2F340128DF82220E1E700BF49
:104E3000FC550020F7B504461BF025F8C0F30F23FE
:104E4000542B3ED9AA2B34BF01230223C0B27E28A3
:104E50008CBF0222012203218DF804301344B3FBDE
:104E6000F1F000EB40001B1A8DF805301344B3FB42
:104E7000F1F202EB42029B1A8DF80630002318462D
:104E80001D461A46104901AF4B7617F8016B44FADC
:104E900006FC1CF0010F06D053009E400123304356
:104EA0000132C0B2D2B20135EDB2032DEDD103B162
:104EB00048764B7E43EA82134B76FF230B7603B092
:104EC000F0BD0023C2E700BF8C550020F7B50546B2
:104ED0006B461646174A0C461068516803C395F88E
:104EE000583008336B4413F8087CB5F85030DA06B4
:104EF00009D433462246394628461BF00FF900F5FF
:104F0000FA7003B0F0BD20461AF0DFFAB5F8503061
:104F100000F10A049B074FEAC40405D030461AF09A
:104F2000D4FA04F50C740444E823781E584304FBB7
:104F30000700E4E73BF30308064B1B68D97ADA78ED
:104F4000437D5B1A9342A8BFDAB2002142751EF07E
:104F500030B900BFFC5500202DE9F04F03280C4666
:104F600087B000F0668107D8012820D0022800F021
:104F70004E8107B0BDE8F08F312800F04F81322814
:104F8000F7D1002305A80593F7F7C8FC0028F0D156
:104F900005998B790B449B7D03F00F03032B00F0E5
:104FA0006381052BE5D12046FFF7E0FEE1E7B1F88C
:104FB0005020B24BD0071D68C2F340034FEA830371
:104FC00048BF43F008032B81510742BF2B8943F0B0
:104FD00010032B81236ADA0642BF2A8942F020029D
:104FE0002A815F0742BF2A8942F040022A819E0639
:104FF00042BF2A8942F080022A81580642BF2B898B
:1050000043F480732B812B89590701D41A0702D5E9
:1050100043F400732B81D4F8623004F16201AB6178
:10502000B4F866302046AB8303911EF090F81FF071
:105030002FF80022DFF84C82D8F80830DA80A06A16
:105040001AF043FA0622D8F808608246B779039925
:105050000C37F35D06EB070903F04F03F355B4F883
:1050600050305FFA80FB103B89F801200D2B31D8BE
:10507000DFE803F0CA30C607300C30303030303053
:10508000300CF35D6FF30303F35523E00123F25D6E
:10509000206A63F30302F2550C2210F0080F89F81E
:1050A000012009F108020CD001924FF0FF32C0F349
:1050B000800000921A461AF010FDF35D43F0800361
:1050C000E2E7D4F86230C9F808308B889380236A0D
:1050D0005907F2D4B4F85020F35D204662F345132B
:1050E000F35509F102011BF056FAF35D60F38613E4
:1050F000F355B37999F8012002331344F371B4F8EE
:10510000503003F01403142B05D0BBF1000F02D074
:10511000524489F8012000235A46A16AD8F80800B1
:105120001AF010FCD8F808001EF0B7FF2B89286190
:105130005A0738D54FF0000BD8F80C30A3F806B05A
:10514000E06A1AF0C2F9D8F80C608146B7792046B7
:105150000C37F35D06EB070A03F0400343F004034A
:10516000F35506230AF102018AF801301BF013FA05
:10517000F35D5FFA89F260F38613F355B1799AF81B
:10518000013002311944F17109F10603E16A8AF82C
:105190000130D8F80C005B461AF0D4FBD8F80C00AC
:1051A0001EF07BFF686140F27121B4F84C30B4F816
:1051B0004E2094F85800D21AE36803F59C53083344
:1051C00001FB02332361FFF735FE98F819302B738A
:1051D00000236B7394F87430EB726368B4F9780051
:1051E0002B60F8F703F82120237D1B0742BF2B8992
:1051F00043F001032B8107B0BDE8F04F01F02ABE58
:10520000F35D62F303033FE70222F35DF9E7FFF783
:10521000F3F984427FF4ADAE2220ECE70B7D23F05E
:1052200008030B75154B1B689B7B43B1012B7FF467
:10523000A0AE204607B0BDE8F04FFFF77DBE104B93
:10524000497D1A68D37A92780B449342D8BFDAB278
:10525000A3696275002B3FF48CAE0121204607B094
:10526000BDE8F04F1DF0A5BF04F140001AF08FF922
:105270004FF4003120461DF095FF7AE6405600209D
:10528000FC5500208C55002038B50446D0F8A40009
:10529000D0B194F830511AF0C4F881B206312846E2
:1052A0001FF017F883B240F271200849B4F87C204F
:1052B000098C424341438A42B8BF0A4603F548700D
:1052C0009042B8BF104638BD0346ECE7A855002011
:1052D00030B5174B826A1B68D206597926D5828F62
:1052E0001C79836B1203B2FBF3F2631AB2FBF3F285
:1052F000B0F8A03003B1013BD0F8A45005B15B1069
:105300001B02B3FBF2F35B180CD090F899200F2A24
:1053100008D91209B3EB820FB8BF00234FEA82010C
:10532000A8BF5B1A9C42A8BF1C46E1B2417530BDC4
:10533000FC55002010B50446FFF75EF9A0420AD1E3
:10534000054B1B6893F8203080F83430BDE81040DE
:10535000222001F07FBD10BD405600202DE9F04114
:105360001A4C06462368A3B92EB100254FF4A47841
:10537000EFB2B74211DB0020BDE8F08120680135B3
:1053800007FB03001AF0A8FDA27BEBB29A42F5D806
:10539000EAE700254FF4A477F6E72068013508FB1B
:1053A00007001AF097FD0028E2D000254FF4A476FC
:1053B00005E0206806FB05001AF08EFD0135EBB212
:1053C000BB42F6D341F20700D6E700BFA855002044
:1053D000084B9A7B82420AD94FF4A4721B6802FBE5
:1053E0000030836A13F0040F08BF002070470020CC
:1053F000704700BFA8550020084A09491368C31A1E
:10540000D810002B01FB00F005DB937B8342D8BF53
:105410004FF0FF3070474FF0FF307047A855002025
:10542000199C8FC170B504460E4626F077FC0546E0
:1054300004F1300252E8003F334342E800310029D2
:10544000F8D12046FFF7D8FF01230B4A03FA00F0FA
:1054500002F11C0353E8003F034302F11C0444E83B
:1054600000310029F4D14FF480700AF01FF928466A
:10547000BDE8704026F04DBCA855002070B505462B
:105480000C46C2B9012620461DF01FFFB5F840109A
:10549000441C28461FF055FC14FB06F40028A4B257
:1054A00007DD844205DB01280EBF044600F1FF3012
:1054B00084B2204670BD836ADE07E3D5C28F002A1E
:1054C000E0D0D906DED5DA05DCD4D0F8A430002B44
:1054D000D8D10C4B1B6893F8213013F00C0FD1D1AD
:1054E00003F01202122ACDD15B06CBD5FFF784FF61
:1054F00080B21DF0ECFE0028C4D1EE8F0136B6B2AA
:10550000C1E700BF405600202DE9F04789466A49AF
:105510000446CB8A63B9826812F4601F4FEAD24313
:1055200001BFC3F3C40303EB830302EB8302CA820C
:10553000B9F1000F02D120461DF006FFB4F8A050CB
:10554000002D40F0A880A36A13F0100F0CBF3E237B
:10555000082384F87B302046FFF7BAFEFFF74CFFA4
:1055600086B2074630461DF0BAFE824630461DF030
:10557000B4FE30B130461DF0A6FE002130461DF0CD
:10558000ABFE236B580409D54FF4804104F1300081
:105590001DF060FE00212046FFF744FFFFB24A469F
:1055A00039462046B4F84080FFF768FFB4F8403031
:1055B000A4F880001844A4F840005DB1204603F030
:1055C000D1F920461AF089FC2046B4F840101FF0AB
:1055D0006CFA054630461DF082FE504510D0A36A95
:1055E000D9070DD44A4639462046A4F84080FFF733
:1055F00045FFB4F84030A4F880001844A4F84000F7
:10560000B4F84030434502D230461DF064FE3046C7
:105610001DF05AFEB4F88030B4F8A02094F874104D
:10562000D21AA4F8A02094F8732003FB01222521AC
:10563000B2FBF1F001FB102284F873206DB3A26A73
:10564000D20712D5A26B2046534340F2712204F1D7
:105650004401534394F84220FBF730FE606C850808
:105660002046FFF711FE2844E06040F27125A16B4F
:105670002046013969431DF0F6FDA36BB4F8802084
:1056800020465A436368012105FB02336360BDE88D
:10569000F0471DF098BA01255DE7204608211FF06C
:1056A00040FA20460221FFF7BDFE29462046BDE80C
:1056B000F0471DF077BA00BFA855002008B501F0EB
:1056C000B3FDFB22104B10F0020FDA7344F290226C
:1056D0001A820CBF012203224107197B48BF42F006
:1056E000040262F3030119731A7BC2F3030161F32D
:1056F00007121A73032204211A76002219755A829E
:10570000DA61DA8208BD00BFA85500202DE9F84310
:10571000564C0546A06818B1F6F70CFA0023A360B2
:10572000EEB230461BF01FFE8046002839D13046CD
:105730001DF0DEFDA8BBFFF711FE07460220F6F7BD
:10574000BDFB002D59D005EB850105EBC101C9005A
:1057500043460122022089B2F6F76CFB0746002877
:1057600046D102204FF4A479A673F6F7C9FB394657
:1057700009FB05F2206019F01AFA2368681EF9B2D5
:10578000814209FB01F207F101072CDB00212846C9
:1057900099506360FFF7E2FD50BB30461DF08EFD6F
:1057A00088B3002500201BF0DEFD00201DF0A0FDC9
:1057B0000020FFF7D3FD0220F6F780FB2846C4E95E
:1057C0000055A5731DF07AFD284602F0F7FF284624
:1057D000F8F710FE28461AF090FB0220F6F76EFB51
:1057E0004FF007083FE002F5A47119449950C6E74D
:1057F0000023C4E90033A373D3E7C4E90055A573BC
:10580000002FCAD0CDE7304602F0D8FF0028C8D11B
:1058100028461AF072FB0028C3D13046F8F7EAFD9B
:105820000028BED130461DF05DFD06460028B8D1E7
:10583000002D18DD022019F087FF0223A060C3713C
:1058400083793146C3F102020C33D2B2184419F005
:10585000AEF90121A3689A7913441A7B61F301021E
:105860001A73FFF72BFF4046BDE8F883A8550020C8
:10587000014B987B704700BFA855002030B50A4BFC
:105880004FF4A4751A689C7B002318462832D9B2BD
:105890008C4200D830BD05FB03F151580133890615
:1058A00044BF0130C0B2F2E7A85500202DE9F04115
:1058B00026F034FA254D06466C6824B926F029FAFC
:1058C0002046BDE8F0814FF4A47723683A460021D2
:1058D0002046D4F81C806B6019F069F9202330460B
:1058E000A362C4F81C8026F014FA0123237584F8FF
:1058F0003031A3F10113E367EB7BAA8984F84231CD
:105900002B8A0021A4F84031072384F88930104BFA
:10591000A4F84421C4F88C3003F1CE5303F5981356
:10592000C4F8903041F61B33A4F894301B2304F1E3
:10593000080084F89630A4F88A701BF008FD204611
:10594000FFF75AFD80B21DF0BBFCB9E7A855002057
:105950004801480170B504461DF069FD04F10800D6
:10596000FAF702FF26F0DAF94FF4A4720546002197
:105970002046E66919F01BF9064BE66153F8042F3F
:105980002AB928461C60BDE8704026F0C2B913460B
:105990001268F5E7A85500202DE9F04106464FF4BE
:1059A00080400F4601F070FB044630B90E4B1D6875
:1059B00093F80E807535A04502D80020BDE8F0812F
:1059C00055F84D3C5A0709D5C3F34003BB4205D1F6
:1059D00006222946304619F0C0F818B1013405F501
:1059E000A475E8E70B20E9E7A855002010B50446A8
:1059F00010B9084B198410BDA0F87C10A0F87E20C7
:105A0000FFF742FC2169E0602046BDE810401DF030
:105A10002ABC00BFA8550020014BD87319827047DB
:105A2000A8550020014BD87B704700BFA855002027
:105A30002DE9F04FD0E9029590F9181087B0027D5A
:105A40000291417E0192046807790369427D90F8D2
:105A500016A090F81780002940F0FC80A8F10301FF
:105A600001298CBF022603260393B5F808B084F8F9
:105A70009F202A4652F8101BBAF1000018BF0120DF
:105A8000C4F8281104F14801F8F74EF820461FF039
:105A900041F820461DF02EFC1AF040FE4146024619
:105AA00020461BF067FCC8220DF116012046ADF818
:105AB00016201DF019FC43F6FF7104F594701AF0DE
:105AC00091FAAA88039BA4F82C21AA7984F82E21A4
:105AD0001A68C4F875209B88A4F87930019B1BB123
:105AE000A36A43F00203A362BAF1000F03D0A36AD2
:105AF00043F40073A3624FF4607001F0C5FAC0F381
:105B0000C01AC3054FEA8A1A48BF4AF0800A8105C5
:105B100048BF4AF4807A26F001F9A36A43F00403EF
:105B2000A362E36A43EA0A03E36226F0F2F894F818
:105B3000343043F0100384F83430BB1E012B00F2E4
:105B40008B80A36A43F48043A36201212046FFF7C0
:105B500069FC042120461EF0E4FF6B7D2046C3F360
:105B6000040384F874306A8907F0FD075200A263C9
:105B7000697B2A7B42EA0122E287E97BAA7B42EA2F
:105B80000122A2876A7D84F87330C2F3421284F83E
:105B9000422000220523A4F840200122A4F8A030CE
:105BA000A4F8802002991DF0AAFB01F037FB20F435
:105BB0000060C4E908012046FFF78AFB414BB3F8B7
:105BC00016A0BAF1000F05D1002F40F2C71A18BF76
:105BD0004FF4D77A2046FFF70FFC3B4B000240F012
:105BE0000300E082C4F80490A361002F3AD120465C
:105BF000FFF74AFBB8F1010FE06005D041462046AF
:105C000084F830811DF0B8FC04F108063046514696
:105C10001BF09DFB0120FEF7C1FB28B9237D5A072D
:105C20005CBF43F002032375A1683046C1F3C8414D
:105C300041F08801FAF746FD40F271216B89204658
:105C4000013B59431DF00FFB20461CF09FFF07B09E
:105C5000BDE8F08F012607E7012F7FF476AF40F211
:105C6000014173E740F27127760006EB4B067E4355
:105C700009EB06036360A36A04F1440943F00103DE
:105C8000A36294F83430494643F00103204684F877
:105C900034301CF02CFA33464946204694F8422012
:105CA000FBF70CFBEB7901225B00494620467B4366
:105CB0001CF023FA636C20469E08FFF7E5FA304497
:105CC00098E700BFA8550020C961010810B4C46A54
:105CD00014F0080F11D144F0080423F41053C462E7
:105CE00023F01003064C1B0414401B0CC0E90843AE
:105CF00040215DF8044BFFF795BB5DF8044B7047FE
:105D00002FCF87F700232DE9F3474E790546B207D9
:105D100058BF06F00106084648BF0326ADF8043018
:105D200058BF01360C461AF0D9F8074607F01F0392
:105D3000002BEB6A15BF4FF001084FF000084FF041
:105D400003094FF002099B050CD59DF8043021464C
:105D500066F3010368F345138DF804302846019A71
:105D60001EF0ABFB204619F0B0FB824649462046A8
:105D700019F066FB9DF80430A27966F3010368F31D
:105D800045138DF804308DF805A0BDF804300C32B1
:105D9000A3529DF80430A1189806637948BF8F700C
:105DA00043F00103637125F0B9FF2146074605F171
:105DB000A40019F0ECFB95F84631013385F8463123
:105DC000AB6ADA070ED52846FFF716FB80B21DF046
:105DD00078FA30B34388B5F880209A4202D9284631
:105DE0001DF03FFDFEF708FC854214D10E4B204606
:105DF0001E681EF052F92C36014630461DF0E8FFB1
:105E0000AB6ADB0707D430461DF0DDFF022802D85D
:105E1000232001F01FF8384602B0BDE8F04725F016
:105E200078BF0123D7E700BF405600202DE9F04F8F
:105E300085B004460191084661B34B799A071AD49C
:105E400019F043FB019A60B9537901A8DB0742BFFF
:105E5000A36A43F40063A36219F0ABFA05B0BDE88E
:105E6000F08FA36A1F0506D523F40063A36253795C
:105E700043F001035371019E25F050FF73793146C1
:105E80009E0705461ED504F1AC0019F08FFB28468D
:105E900025F03FFFDFF8909125F040FFA36A074609
:105EA0005D0614D5D4F8AC3043B19A7913441B7B0A
:105EB0003A2B03D829FA03F3D80711D4384625F032
:105EC00028FFCBE704F1A80019F061FBDFE794F9A4
:105ED0004631022BF2DCD4E92A2372B9002BEDD033
:105EE00004F1AC0019F083FA0546384625F011FF9D
:105EF00029462046FFF706FFCEE7002BF0D194F8A5
:105F00009680039304F1A80BD4F8A86096F807A034
:105F1000B379AAEB030A5FFA8AFAC24527DC58462E
:105F200019F0CBFA0546A8EB0A086B7929466FF3FE
:105F3000C3036B7103A819F02AFBD4F8A8302BB166
:105F40005B79990702D1B8F1000FDDD1039B002BDB
:105F5000B4D09B79022B40D8002019F0F5FB014604
:105F600070BB039904F1A80019F020FBA6E70020FC
:105F700019F0EAFB054630B9039904F1A80019F0BD
:105F800015FB03959AE78079B1790C300C314246C4
:105F90003144284418F016FEEB7953FA88F3EB717C
:105FA000B379727953FA88F3B3716B794FF00008C3
:105FB00062F300036B7173796FF300037371B4E7DD
:105FC000039B4A79587960F300024A715A7903A811
:105FD0006FF300025A7119F0E4FAE36A9A0512D5D8
:105FE0000398034600680028FBD1DB79C3F1450321
:105FF000DBB2032B07D819F0A7FB01460028B0D06D
:1060000003A819F0C4FAD4F8A83013B15B79DB0700
:1060100004D5039A537943F008035371384625F0A9
:1060200078FE039965E700BF7C2C020000232DE970
:10603000F041174D05F11C0252E8006F42E80034B0
:10604000002CF7D14FF001086EB9F4B105F11C0333
:1060500053E8003F234305F11C0242E800300028CA
:10606000F4D1BDE8F08196FAA6F0B0FA80F008FA13
:1060700000F726EA0706FFF7ABF90028E4D01DF089
:106080002BFC0028E0D13C43DEE70120E9E700BF1C
:10609000A85500202DE9F74F04460190002860D054
:1060A000C5794FF000080C35054425F037FE46460B
:1060B00000904FF4A47A40462B4FBA7B5FFA88F9E0
:1060C0004A4517D90AFB09FB3A685A44916A4B07BB
:1060D00044D5B2F89820C2F30B02002A3ED0E279F0
:1060E000C2F14502D2B2032A15D8022019F02CFBC6
:1060F000044640B9002300987B8225F00AFE304612
:1061000003B0BDE8F08F014601A819F040FA002065
:10611000E5790C35254404220123002112FB0033CC
:1061200005F82090E9543B6802FB005C5B44B3F83F
:10613000983001368CF80230032312FB0032A95448
:106140003B6801305B44B3F89820C0B261F30B02A6
:10615000A3F89820E379F6B20433E37108F101085B
:10616000ABE70646CBE700BFA8550020F7B5684669
:10617000F7F7CEFC00254FF4A477124EB37BAB4269
:1061800001DC03B0F0BD346807FB0544A36A03F0EB
:106190000503042B13D10522694604F1490018F0C8
:1061A000DCFC60B1012120461EF073FE38B90120ED
:1061B00019F0CAFA014610B1204602F069F801351B
:1061C000DCE700BFA85500202DE9F04F31280C4630
:1061D00085B000F093810AD8022800F0E3800328FC
:1061E00000F0E680012847D005B0BDE8F08F3228E6
:1061F00000F0EE803328F7D101F1A40019F0F7F890
:1062000094F846310390013B84F84631437903F01A
:106210000A03082B20D1B4F8983004205A1C62F3EA
:106220000B03A4F8983000F02FFFA8B12046FFF729
:10623000E3F880B21DF045F8002800F0578141884E
:10624000AB4A937C0B44DBB29374127D9A4203D821
:106250004FF0806009F02AFA03A819F0AAF8D4F8E0
:10626000A8301BB9D4F8AC30002BBDD04FF480510E
:106270002046FFF7D7F8B7E791F8993008466FF353
:10628000071381F899301DF00AF884F8310120468F
:106290001BF063F8B4F93401F6F7A8FF954B2046DC
:1062A0001D68FFF7A9F885F8250094F8343085F8C3
:1062B0002030002385F8213085F82330E26A94F8F5
:1062C000933002F4C062B2F5C06F03D10433FF2BE8
:1062D00028BFFF2385F8243063684FF400306B60DB
:1062E000A36ADB0742BF636C9B08AB6000F0CCFE87
:1062F00000284CD0FEF704FAD4F82831E8602B616E
:1063000094F831317A4E6B76D4F82C3105F12C07A4
:106310006B6194F830312B76637D85F822301DF067
:10632000B7FE38461DF04CFDB0681DF0B6FE0023E8
:10633000A8620393D4F8A40003A91DF0D4FF48BBBE
:10634000212000F087FDD4F8A83013B9D4F8AC3080
:1063500023B14FF480512046FFF764F8042000F089
:1063600093FE00283FF440AFB37C002B3FF43CAFDA
:10637000F37C327E0133DBB29A42F3743FF634AFE2
:106380004FF0806005B0BDE8F04F09F08FB9FDF720
:10639000EDFFB1E703981DF080FE014638461DF081
:1063A00017FDC7E7084605B0BDE8F04FFEF7C2BFCE
:1063B00091F89930C3F30312013262F3071381F8A5
:1063C00099300021204605B0BDE8F04FFFF79CB89A
:1063D000002603A80396F6F7A1FA2046FFF70CF86B
:1063E000C0B219F082FD05462046FFF705F8039B71
:1063F00029460193B4F8403082B20093022033461C
:1064000019F06FFD03998B7903F10C050D44AA7AFD
:106410000A3312F0200F14BF0322022213448B719F
:10642000E36A5F050FD5AB7AEA7A204643EA022297
:106430001EF05CF838B903A818F0BBFF3D212046D8
:106440001DF028FCD0E6A36A95F80AB01E06039951
:106450000BF00302C3F3C01012D5032A8B79EAD1E3
:106460000B441A7B3A2AE6D8234BD340D807E2D50F
:106470004B79204643F002034B7101F029FCB3E64F
:10648000032AF5D04B790BF0030B60F341034B71FA
:10649000084695F8069095F905A019F016F8039EA0
:1064A0000746B5792046063DEDB2B571FEF7A4FF6B
:1064B0000C35C0F3032306EB050843EA0B1388F8F9
:1064C00003303346FFB288F80200A8F8047006F8DB
:1064D00005A088F801905A796FF341025A711B6840
:1064E000002BF8D130461BF01EF87DE60121A7E60F
:1064F000A8550020405600207C2C0200344B8E8F83
:106500001D68360195F8203081F834308B6BE08FB0
:10651000B6FBF3F6B1F8A010B3B21B1A994295F886
:1065200021204CDCD1064CBF0021022194F831011E
:106530001AF0EEF895F82130DB071BD5A36ADF07C8
:1065400006D52B682046636004F144011BF0CFFDA3
:1065500095F82130D80602D4A36AD90606D4A4F847
:10656000A060204695F927101CF0C9FEA36A43F0ED
:106570001003A36295F82020E36A92064CBF43F013
:10658000010323F00103E36295F821309B0606D551
:106590002046FEF731FF012180B21CF09DFE95F8E8
:1065A0002130204603F01203122B0ED11CF0CDFE39
:1065B00095F8261020461CF0C6FE012102E792073E
:1065C000B8D5032194F83101B2E71CF0BDFEEFE726
:1065D00040560020012838BF0120012938BF012181
:1065E000014B187519767047A85500200138C0B2C4
:1065F00003289ABF014B185C0020704746F303083C
:10660000431E012B05D9022902D8024B585C704762
:106610000020704743F30308431E042B054A07D8A4
:10662000052808BF03200621431E01FB03207047F5
:106630001046704770F30308014B53F82000704771
:106640004CF3030810B560B10022074CD3B20133FC
:1066500054F823101346814202F10102F6D2D8B257
:1066600010BD0120FCE700BF4CF30308024BDB69BF
:1066700093F87F00704700BF280B0020024BDB69B6
:1066800083F87F00704700BF280B002070B51646C6
:10669000028B04468A420D461DD2438B23B90EB1AC
:1066A000D5B23570206970BD0C4B0169184618F0E1
:1066B00089FA0346208B61692D1A1844638B9D4229
:1066C000A8BF1D46EAB218F07DFA16B1238B1D440F
:1066D0003570024870BD002EE3D1E3E7E27F002071
:1066E000034B5B6A13F0060F0CBFE220F1207047EA
:1066F000E053002008B5FDF77FFF054B834206D12C
:10670000F6F762F9BDE80840002000F019BB08BDAB
:10671000E053002070B51E4C1E4800F011FB94F8A9
:10672000603094F861200021C82019F0F2FF014682
:1067300004F1580019F056FC04F158001DF045FD15
:1067400000221146104619F0DFFB66686664F6F712
:10675000CDF90246FFF7C4FFB61AB6F5FA6F054643
:106760000BDCFDF703FE627DA0F5E17128461DF00C
:1067700091FDBDE87040F6F705B96668FDF7F6FDD6
:106780003146A0F5E172637D28461DF049FDF0E732
:10679000E0530020056B010810B5F6F715F9FDF779
:1067A000EBFD40F2EE2398420FDDFFF799FF044620
:1067B000FDF7DCFD084BA0F5E1715A7D20461DF088
:1067C00069FDBDE81040F6F7DDB8FCF7E7F9BDE874
:1067D000104000201CF0E5B8E0530020F7B5104C45
:1067E000064694F851500F462DB10020013D84F823
:1067F000515003B0F0BD0B4B02201B685978F5F7E0
:10680000ABFE94F84C303A46CDE9005331460323B1
:10681000206B1CF0F7F8206B00F0B8FF0120E8E7D0
:10682000E0530020FC550020094A02F1240353E8FC
:10683000003F43F0080302F1240040E80031002942
:10684000F3D1044B01201B685978F5F79BBE00BFBC
:10685000E0530020FC55002070B50A4C636A5B07CA
:106860000DD58B790C33CD1850B9E879CE582989DC
:106870001DF02FFD0644A6636B7984F8503070BD7F
:106880000120F3E7E05300202DE9F04F16468DB0CC
:10689000021E069108BF00211F46964B0592DD6A35
:1068A0005B6AAC7938460C342A5DC3F3801B61F314
:1068B00045122A55314603F04002039219F013F9AC
:1068C00005EB04080790285D08F108094946C0094E
:1068D00019F009F9039B8246002B44D1002844D1CA
:1068E00019F0FFF880F00103DBB25A463146384612
:1068F00003F001031DF015FD0490002800F08A80CC
:10690000039B002B33D1BAF1000F75D1079B002BED
:1069100072D019F0D5F800286ED001220AA90DF125
:10692000270019F0E4F8002874D09DF827302A5D7C
:10693000591E4B424B41B3EBD21F6BD10622484646
:106940000AA918F00AF9002864D13368C8F8083099
:10695000B388A9F804302B5D67F3C7132B554FF0AC
:10696000000AD34619E00123BFE7039BBDE7614B53
:106970005B6A13F4007A1CD115F804B0CBF3801BCA
:10698000504619F0B9F83368C8F80830B388A9F848
:1069900004302B5D67F3C7132B55059B554E002B19
:1069A0003ED196F8B530002B3AD0013B86F8B53091
:1069B00030E019F082F8002806DA15F804B04FF03C
:1069C000000ACBF3801BDBE700221146104619F0CA
:1069D00086F815F804B08246CBF3801B0028CFD090
:1069E000002302211A4608EB01001BF0E3FF2B5D98
:1069F00060F386132B55C3E77A1E57422B5D574130
:106A0000B7EBD31F06D106223146484618F0A5F849
:106A10000028A4D00023049304980DB0BDE8F08FA3
:106A2000F6F764F8F36A00F196019A7908F10E001E
:106A300013441A6B059B00939DF858301DF001FA22
:106A40002D4B059A07461B68A2B959780220F5F725
:106A500083FDF06A00F09AFEF36A9A7913441F638B
:106A6000FDF7CAFD254B8361069BBBB9736A23F40E
:106A7000806316E0D9790020F5F76EFDF06A00F02A
:106A800085FEF36A1E489A7913441F6300F058F993
:106A9000069BC3B9736A23F4806317E0736A43F4F7
:106AA00080637362039B9BB1BAF1000FB4D00023E3
:106AB00059461A4608F102001BF07CFF2B5D60F37B
:106AC00086132B55A8E7736A43F480637362EBE780
:106AD0002B5D0022C3F3C01349460AA88DF8283065
:106AE00019F005F82B5D9DF8282062F3C7132B558C
:106AF000DAE700BFE0530020FC55002051410108B7
:106B0000D96C01082DE9F04F532885B018D005D86D
:106B1000512800F0D28005B0BDE8F08FA0F15503F8
:106B2000012BF8D8553818BF01200121FCF7C6F910
:106B3000FCF734F8002005B0BDE8F04F1BF031BF82
:106B4000002503A84FF0FF310395F6F70BF90398E2
:106B50005F4E58B1FCF7A2FA0828804603D85D4B77
:106B60001F5C380709D403A818F023FC736A13F0DC
:106B7000060F20D0FFF710FE1DE0B8F1070F21D15E
:106B8000726A12F48012EED130460399FCF7FAFED5
:106B90000028EBD0FCF7B4FD68B1FBF7FFFF40F233
:106BA0007122B6F84A305343F26B9A4203D2012164
:106BB0000846FCF7DFF80121084605B0BDE8F04FB4
:106BC000FCF77CB9039CFDF7D7FB736A814613F091
:106BD000040343D017F0020340D0A0F56E73002BDE
:106BE0000DDD0120A2790C322244917A0090C1F38C
:106BF00080130C32C1F34011FFF746FE05462046D4
:106C0000F6F7E0F821460120FFF726FE736AD90760
:106C10002ED503F0800A94F806B018F062FF0BF14D
:106C20000C0BA34480F001039BF80A00BAF10002A8
:106C300018BF0122DBB20BF10C01C0F380101DF074
:106C400070FB68B155BB736A20469A073AD5FB07BB
:106C500012D47B0739D5FCF785F987E71D46CEE7C7
:106C6000BAF1000F04D1514618F043FF0028E9D0D3
:106C70002046F4F75FFF1CE01BF0B4FF70B1A9F2EF
:106C80001659B9F1000F09DDA0790C302044817A42
:106C90000C30C1F38011FFF7A1FD0546B8F1040FD8
:106CA00002D1736A9907E3D57A07E1D52046FCF74C
:106CB00059F9002D7FF47FAF58E705B0BDE8F04FDC
:106CC000FFF7B2BDB8F1040FC3D1F4F733FF4DE7BE
:106CD000E0530020CDF30308512808B50BD1084834
:106CE00000F02EF80122074B104693F95010BDE832
:106CF0000840FCF7B3BBBDE80840FFF703BF00BF87
:106D0000056B0108E05300200022024BC3E900227A
:106D1000704700BFF055002010B5074C2422002119
:106D2000204617F044FF06232384044BE36100F060
:106D30006BFB9430206010BDCC55002065400308EB
:106D400010B5044624F0E1FF0022044B5C60044BC4
:106D5000BDE81040DA6124F0D3BF00BFF055002039
:106D6000CC550020024B03EB80035960704700BFF5
:106D7000CC550020034B03EB80035868003818BF44
:106D800001207047CC55002010B5044624F0BDFF0B
:106D90000022044BDC61044BBDE810405A6024F033
:106DA000AFBF00BFCC550020F055002070B5C6B273
:106DB000212E0446144D10D1F5F7FCFB230CC4F32F
:106DC000074405EB84042B846368EB61EB69CBB16A
:106DD00030462968BDE870401847222EF6D124F0CD
:106DE0009DFFEB69044633B10020FFF7CDFFFF2381
:106DF0002B84F5F76DFE00F051FA2046BDE8704097
:106E000024F087BF70BD00BFCC55002038B5104BB3
:106E100004461A7812B100221A7038BDC5B2FDF7C7
:106E2000EBFB68B1C38AB3EB144F0BD1312D02D108
:106E3000012019F0F4F82846BDE83840FDF7D2BB30
:106E4000FF23F0E72846BDE838401DF0EEB800BF4C
:106E5000F055002038B5A0F121030E2B04461AD8B6
:106E6000FDF7CAFBA8B3C08AFF2832D0212C4FEA15
:106E7000004508D1002019F0D2F845F02100BDE806
:106E8000384000F087BA222C44EA0500F7D1BDE86B
:106E900038401DF0DDB8A0F131031E2B0ED8114B88
:106EA000188C44EA004000F089FA312C11D10020FE
:106EB000FFF76AFFBDE8384019F041B8A0F11103AF
:106EC0000E2B06D8132C40F4C02003D006D9142C66
:106ED000D5D038BD0122044B1A70D0E7BDE8384048
:106EE00000F06CBACC550020F05500200B4A10B5CC
:106EF000D36904461BB11168BDE810401847084B20
:106F00005B6813B1BDE810401847FDF775FB0146FB
:106F100018B183690BB12046EEE710BDCC550020B7
:106F2000F0550020024B186908B108F0BFBB70474C
:106F3000480B00200C4B73B51C6804B10C340025C1
:106F40000A4B68461E68356000F062FA009B2046D6
:106F50007360F5F7DFFA28461CF0E5FF024802B03F
:106F6000BDE8704018F025BAF855002040560020C2
:106F7000002310B5424A02F1100151E8001F02F14E
:106F8000100C4CE80034002CF5D140EA0104A002BA
:106F900001D5FDF765FA210101D5F5F75BFDE203A7
:106FA00001D500F0B1F9002C01DAF9F785FC630096
:106FB00001D5FCF721F9E00007D5FDF767FE20B900
:106FC0004FF080512F481DF006F8610107D51CF0E5
:106FD0000CFE20B94FF080612A481CF0FCFFA20192
:106FE00005D519F094FBFFF7C1F819F091F8E3010A
:106FF00008D51AF0CEF9072804D14FF08071214846
:107000001CF0E9FF600201D5F6F790F9210201D5E5
:1070100018F069FFE20207D5F7F706FF20B94FF431
:10702000801118481CF0D7FFA30507D500F0E6FD36
:1070300020B94FF4007113481CF0CDFFE00507D5CF
:10704000FEF7F4FF20B94FF480710E481CF0C3FF27
:10705000610503D518F0EEFF18F0EDFF220501D50C
:107060001AF0CEFFA30309D518F0E9FF30B9BDE847
:1070700010404FF4003103481CF0ADBF10BD00BFFD
:10708000480B0020580B0020014B1B68184070472C
:10709000480B002010B5044BD3E9064204430A43D1
:1070A000C3E9064210BD00BF480B002038B50546B5
:1070B000354CFDF76BF900212022204617F077FDB3
:1070C0004CF20C000021FFF7E5FFC5B1AB684FF6AD
:1070D000FF720020698B2360FEF788FC022018F005
:1070E00033FB2A4B186000284BD02B460C3005F19F
:1070F000200253F8041B934240F8041BF9D1244B9F
:107100002448A36000232373F4F74AFDF9F7B6FA85
:107110002846F5F781FD044670BBF5F7C9F920B1A3
:107120004FF480700021FFF7B5FFF5F7C7F920B1E4
:107130004FF400600021FFF7ADFF2DB1B5F912103B
:10714000B5F91000F6F76AF819F0ECFA00F0D0FC87
:10715000FBF7A0FC044678B9F9F796FB00F082F83B
:1071600000F042F9FFF7D0FD00F0B6F830B900F0BA
:10717000B9F804461CF08CFF204638BDFFF7DAFE54
:10718000F8E70124F8E700BF480B0020F85500207D
:10719000256F01084C0B002010B5054BD3E90642C2
:1071A00024EA000422EA0102C3E9064210BD00BF3E
:1071B000480B002070B505460E46FEF75FFB0446FF
:1071C00028BB154B2F2DD3E9062313D113F4804F81
:1071D0001FD00120A5F12003C5F1200200FA03F31E
:1071E00020FA02F243EA0201A8406EB1FFF752FF13
:1071F000204670BD262D02D113F0200FE8E7202D88
:1072000007D112F0405FE3E7FFF7C6FFF0E70C2479
:10721000EEE71124ECE700BF480B0020014BD3E957
:1072200006017047480B0020054B9B69DA054CBFEF
:10723000032001201B0548BF40F00400704700BF39
:10724000480B0020014B1860704700BFFC55002020
:107250002022034BC3E900229A6000221A7670476D
:107260002456002038B50025094C0A4B1C2229461B
:107270002046C3E9005517F09AFCFFF7E9FF3023D9
:107280000122C4E903336361034B65761A7038BD8C
:1072900024560020005600209686002008B524F0D1
:1072A0003DFDFFF7D5FF3023084A0949D36013613C
:1072B0005361CB600B614B610023537601224B7607
:1072C000044B1A70BDE8084024F023BD0856002086
:1072D0002456002096860020014B1878704700BF86
:1072E0002580002010B5044C23781BB91CF0B2FE99
:1072F00001232370002010BD25800020014B186859
:10730000704700BF005600202DE9F04124F006FD33
:107310001C4F80463B7843B94FF4803008F0C6F9E3
:107320004046BDE8F04124F0F4BC174E174C3546FA
:107330000FCD0FC495E80700002584E80700FFF78C
:1073400087FF30234046C6E90333736175763D708D
:1073500024F0DFFC0E4E103CE068302804D0736847
:10736000C6E90030FFF752FD54F8040B202801D085
:10737000FFF71CFD0135EDB2032DEDD101233B706C
:10738000BDE8F08196860020245600200856002093
:107390000056002010B5044624F0C0FC064A137EB7
:1073A00042F823400133137624F0B3FCBDE81040CB
:1073B0004FF4803008F07AB92456002010B5044606
:1073C00024F0ACFC074A537E02EB83010133CC600E
:1073D000537624F09EFCBDE810404FF4803008F056
:1073E00065B900BF24560020F4220021014817F09F
:1073F000DEBB00BF44560020014B024A1A607047B2
:1074000040560020D85600200048704744560020BF
:10741000024A02604FF40072426070473857002001
:10742000014B186E80B2704700C001B80A4BD86893
:1074300000F07060B0F1106F0CD008D8B0F1E06FC0
:1074400008D0B0F1006F14BF002001207047B0F1E8
:10745000406FF8E701207047000002B8002307B52D
:10746000CDE90033034B6946186922F0A9FA03B04D
:107470005DF804FB280B002010B5F5F7B7FE0022DD
:10748000064CE369206983F87D2009F047F82069FC
:107490000121BDE8104022F000BC00BF280B0020F5
:1074A00007B5074B8DF8000001911869694622F075
:1074B00004FC002814BF1F20002003B05DF804FB6B
:1074C000280B002030B504468FB00D462E22002137
:1074D0000DF10A0017F06BFB94F83F300C95C3F1E7
:1074E00002038DF80830254B254D079340F2DC53FD
:1074F000ADF82030234B02A90A930233099394F884
:107500003D30013B8DF822301F4B18689A889B79DB
:1075100000908DF8063094F83930ADF804203833F7
:107520006B4413F8383C28698DF82330E37FADF8BD
:10753000103094F82030ADF8123094F82130ADF8C6
:107540001430E38AADF8163094F82230ADF81830D4
:1075500094F8253001338DF8093022F096FB94F829
:107560003F30EA69002B40F6060308BF0623916FFF
:107570000B4323F4C04393670FB030BD5459002030
:10758000280B0020C47000208BF30308034BDA693A
:10759000936F43F400639367704700BF280B00208C
:1075A0002DE9F043164604460D4690F80280354A10
:1075B0008DB0002E64D01378334F7B7194F8009017
:1075C000B9F1000F03D03B6843F480633B6082F85D
:1075D00000800021142207A817F0E9FA2B4B18228B
:1075E00013F809302A498DF804302A4B087806939D
:1075F00063780130022B94BF002301238DF80530FE
:107600006368C0B20393E369ADF80880049395F80A
:107610003F30087083F00103534304EB030898F8EC
:1076200008201D4900F001008DF8072001EB00192A
:1076300022B10C334846E11817F0C4FA98F8093023
:107640001822003B18BF01238DF8063095F83F3013
:10765000294602FB03435B896A46ADF80A300023E2
:1076600020460093CDF81490F7F7EEFF009B3246CA
:10767000386901A90B9322F018FB0DB0BDE8F08327
:10768000434699E747800020280B002088F3030831
:1076900046800020385900202680002010B50A4C72
:1076A0000021206922F0F9FA002018F044FC0020A3
:1076B00018F043FCE269BDE81040936F23F40063C7
:1076C0009367F5F7C3BD00BF280B0020034B93F869
:1076D0008E072438400040B2704700BF3869002050
:1076E000014BB3F98C07704738690020094BD978F2
:1076F0005A78022908BF7F23C1700BBF03719978A4
:10770000054BB3F906301ABF017142714271C38053
:10771000704700BF3859002000C0FFFF084BDA78DF
:10772000C270FF22027193F9022012F1800F08BF8C
:107730007F2242719A885B78C2800372704700BFD3
:107740003859002000230D4AF0B502F1150400F16C
:107750000807DDB2A94200D8F0BD32F902CF03EB31
:1077600083054619A6F804C0B2F90AC00133A6F889
:1077700006C014F8016F7E55EBE700BF38590020B2
:10778000014B186922F09CBA280B002038B504463A
:1077900080790C4D0C30204418F0B8FB0123A179FE
:1077A000E279521A0C3121442869D2B222F060F9F0
:1077B000246804B938BDA179E2790023521A0C314A
:1077C000F1E700BF280B00202DE9F0410546807944
:1077D0000C460C30284416461F4618F097FBA97932
:1077E000EA79DFF85C80521A0C310123D8F81000D6
:1077F000D2B2294422F03CF944B1E379A2799B1A30
:10780000DBB2B34204D30CB1002F04DCBDE8F0813D
:107810002468F61AF0E7A179E57900236D1AEDB234
:10782000AD1BBD42A8BF3D460C3131442144D8F8C0
:107830001000AAB222F01CF9002624687F1BE2E7A0
:10784000280B00202DE9F04F87B0074692469B4653
:10785000ADF80C1017F039FEB0F1000945DD24F049
:107860005DFA0290002F43D03C464FF00008294EAD
:10787000A279E57902F10C01AD1AEDB2214406EBD3
:1078800008002A4617F09EF92468A844002CEFD17E
:107890009DF80C1020484A4601F023010DF114090F
:1078A00000915B46C0F808A01A49CDF8049024F076
:1078B00045FCBA469AF806309AF8075003F10C00D6
:1078C000ED1AEDB2311950442A4617F07BF9DAF877
:1078D00000A02C44BAF1000FECD1029824F019FA60
:1078E00004224946384618F091F807B0BDE8F08FF9
:1078F0009DF80C1008484A4601F023010DF11409C7
:1079000000915B46C0F808A00249CDF8049024F02D
:1079100015FCE2E7C8700020B48300202DE9F04791
:1079200084B0904699460390ADF8081017F0CDFD4D
:10793000071F002F25DD039D002D40D04FF0000ACA
:10794000204EAB79EC7903F10C01E41AE4B229443E
:1079500006EB0A00224617F035F92D68A244002DE7
:10796000EFD11948F119C0F8088001919DF808106D
:107970004B4601F0230100913A46124924F0D2FB14
:1079800018B1002004B0BDE8F087039D7DB1074623
:10799000AB79EC7903F10C00E41AE4B2F119284454
:1079A000224617F00FF92D682744002DF0D103A8C7
:1079B000042117F02CFE012004B0BDE8F087014E31
:1079C000CFE700BFC8700020B483002030B5144654
:1079D0000D460246064883B0019580218360234608
:1079E000009424F0B7FBB0FA80F0400903B030BD3A
:1079F000B48300200023F0B50E46D1688BB009BADD
:107A00000291C17890F800C061F3070381781A4DA4
:107A100061F30F23417802AF61F317436CF31F63E7
:107A20000993936851681BBA0393836809BA1BBA18
:107A30000793136842681BBA0593C36812BA1BBA4E
:107A400006AC0491AF600892069323468022294633
:107A50000120009424F081FB0028F6D1DDE9081014
:107A6000DDE9063200BA09BA12BA1BBA3060716099
:107A7000B260F3600BB0F0BDB48300202DE9F84F85
:107A8000DFF868908246D9F800B088461746BBF107
:107A9000000F28D0002699F80450B54207D13D7058
:107AA00099F80400A84214BF0120022017E07419BD
:107AB0006110C1EBC10159448879C4F3470400F057
:107AC0000100B8EB000003D10622504617F045F83C
:107AD000002806DB02D0661CF6B2DEE73C70BDE88B
:107AE000F88F2546D9E70320F9E700BFD8710020B9
:107AF0000022014B1A717047D8710020F8B5054675
:107B000024F00CF9104C85F3070563790646AB4267
:107B100005D10024304624F0FCF82046F8BD0027AB
:107B200020686571277110B117F0B7FF276063797E
:107B3000002BEED0C5EBC500F4F722FA2060002838
:107B4000E7D160710724E5E7D8710020024B1A687D
:107B500002601860704700BFE47100200022024BF1
:107B60001A6000F00DBA00BFE47100202DE9F8435F
:107B700006461BF005FC0446002835D045784DB973
:107B800024F0CCF8237863701B4B1B68257063606E
:107B900024F0BFF84FF00108677837B923781BB39A
:107BA0004FF4007007F082FD1EE097FAA7F5B5FAD2
:107BB00085F508FA05F55FFA85F9636833B90E4B68
:107BC00027EA050565701B686360E5E79B681BB9DC
:107BD00063681B686360F0E74946304698470128B0
:107BE00005D163681B6863600120BDE8F883022843
:107BF000EED10020F9E700BFE471002070B5002548
:107C00000D4EFDF735FEA84201D8012012E0306884
:107C1000FDF7DEFB50B93468FDF72AFE0134B4FBF2
:107C2000F0F303FB104401353460EAE7FFF79EFFF1
:107C30000028F0D170BD00BFE071002010B50446EF
:107C4000837903441B7B3A2B96BF044AFF21D15C06
:107C500017F07FFBA0790C30204410BD92F303088D
:107C6000F8B5174606460C461D461BF07EFB02077C
:107C700013D5022130461BF0C8FF70B111212046F8
:107C80001CF067FF2046FFF7D9FF4570877021463B
:107C90003046BDE8F840FEF7C9B829200B49C5F1C8
:107CA0002002A5F12003E94000FA02F220FA03F3D2
:107CB00011431943CB07E1D40D2120461CF049FFA5
:107CC0002046FFF7BBFF4770E1E700BF000040849C
:107CD0002DE9F34105460C4601911BF040FB0307DB
:107CE00005D501A817F065FB02B0BDE8F081019F42
:107CF000BE790C36BB5D3A2B18D8164A12F80380B1
:107D0000B8F1FF0F12D0384617F0DFFB01384045BD
:107D10000CD1114B1E6896B921462846A3792344FD
:107D20001A7B02B0BDE8F0411CF027BF019817F0A4
:107D300040FB2846BA5D01991CF01FFFD4E7736829
:107D40000BB93668E7E72146284698470028F8D05F
:107D5000CAE700BF92F30308E471002037B5044678
:107D60000D4608211BF0FDFA294620461BF036FB84
:107D7000214601201CF0A8FF214600201CF0A4FF92
:107D8000012000232146034A00901CF02EFF03B07F
:107D900030BD00BFA74A030837B504461DF010F9EF
:107DA000032120461BF01DFB002503462146012030
:107DB000034A00951CF019FF284603B030BD00BFF0
:107DC000A74E03082DE9F74F80460F461BF0CDFA6A
:107DD00010F4801651D1022017F0B6FC0546002899
:107DE0004DD0BB7931460C333B44B3F80490B3F823
:107DF00006B0B3F808A01CF0ACFE2846FFF71EFF43
:107E00000221044640461BF0ECFAA4F8049060817D
:107E1000A4F806B0A4F808A018F035F809F1010993
:107E2000B0FBF9F303FB1900022360806370AB79A8
:107E3000BB71EA7903F10C00FA71D21AD2B2291897
:107E4000384416F0BFFE414601201BF07FFA102295
:107E5000C76063894146012000920A4A1CF0C5FEB2
:107E60004FF4803140461BF082FA404629461CF010
:107E70006EFE304603B0BDE8F08F2320FAE70720FE
:107E8000F8E700BFFD4F03082DE9F34104460D4616
:107E9000014601201BF05AFA0121074628461CF032
:107EA00058FE2846FFF7CAFE064600F10108404684
:107EB000F5F72EFED6F801300221C7F8123073799B
:107EC0002046BB751BF08DFA29460746F0802046F8
:107ED0001CF03DFE20232146009301203B46034A2F
:107EE0001CF083FE002002B0BDE8F0818D4F030836
:107EF0007FB504460D461BF032FAC2073BD520463B
:107F00001BF033FA430715D5002320461A460DF11E
:107F10000F011BF08AFC9DF80F30062B0AD828466B
:107F2000F3F708FE012200232046FDF7CFFE0020D4
:107F300004B070BD0E2128461CF00BFE2846FFF74A
:107F40007DFE0646FFF76AF9C6F80510FFF766F9E9
:107F50002946C6F8010020461CF0F9FD0321204601
:107F60001BF03FFA00220346009221460120034AFB
:107F70001CF03BFEDBE70821DDE700BFAB4E03084A
:107F800010B5054C054A204605491CF07DFF2046EA
:107F9000BDE81040FFF7DABDE87100207B50030810
:107FA000018101082DE9F04191F806800F4686B065
:107FB00008F10C080391044601EB08060146012074
:107FC0001BF0C4F917F808300546023B0F2B00F2EE
:107FD0008E80DFE803F0088C8C8C8C638C6D8C8C2D
:107FE0002D5C8C8C8C4D23F099FE717805462046D3
:107FF0001BF0F4F9082120461BF0B3F921460120BB
:108000001CF062FE214600201CF05EFE012300935E
:10801000002321461846374A1CF0E7FD03A817F055
:10802000C8F9284623F075FE012006B0BDE8F081AE
:10803000B3882046728871781BF0E2FB20461BF063
:1080400094F9830708D4204603991CF0B9FF012155
:1080500020461CF066FDE7E7AA68274B9A4203D149
:10806000214601201CF000FE03A817F0A2F9EEE75C
:10807000836843B103AA0492B27803218DF81420D7
:1080800004AA2046984703A817F093F9CCE7836821
:10809000002BF8D003AA04927278EEE78368002BD5
:1080A000F1D00022059203AA0492042104AAE8E771
:1080B000039D21460120AE791BF048F90F4B8268E1
:1080C0009A4203D02846F3F735FDADE7AB19D3F854
:1080D0000D202046D3F81130FDF7F8FD2846F3F7C0
:1080E00029FD214601201CF0BFFD0221B0E7002040
:1080F0009BE700BFB54F0308A74E0308AB4E03082C
:108100002DE9F3410D4604461BF029F910F0010F4B
:10811000AB7974D00C3315F80380EE18B8F1010F69
:108120004AD0B8F1080F42D0B8F1000F5AD120461A
:1081300071891CF048FDB38872889A4294BF074643
:108140000027092B38BF09237278013B9BB29A4262
:1081500019D8002A08BF00272046FDF74DF980B244
:108160001BF0AFF888B14388B18800930846F388C4
:10817000328919F0DBFF50B92846F3F7DBFC012008
:1081800002B0BDE8F0814746E6E70123ECE7002FA7
:10819000F2D0214600201BF0D9F81023C5600093CF
:1081A00073891B4A214600201CF01FFDE7E7294682
:1081B00020461CF09DFEE2E72046F1881CF003FDFE
:1081C0000746701C18F0BCFA0028D5D0002FD3D079
:1081D000214600201BF0BAF82023C5600093F388E5
:1081E0000C4ADFE7294620461AF048FB0028C6D192
:1081F0002946204602B0BDE8F041FFF7D3BE2B442C
:108200001B7B0E2BD3D0294620461AF026FBEDE728
:10821000FD4F0308454F030838B504460D461BF0D3
:10822000A4F842070FD420461BF09FF883070AD416
:10823000204602211BF09BF829462046BDE8384025
:10824000034A1CF0B6BD2846F3F774FC002038BD85
:10825000997D010838B504460D461BF080F800F002
:10826000050004280CD120461BF07FF810F4C02F25
:1082700006D129462046BDE83840044A1CF099BD85
:108280002846F3F757FC0C2038BD00BFC57D010818
:10829000014A1CF08EBD00BF897E010870B50546FD
:1082A0000C46014601201BF051F8064628461BF0FB
:1082B0005CF8010704D52046F3F73CFC002070BDB4
:1082C00033685A05F7D428461BF049F8C30708D588
:1082D00021462846FFF7A0FF18B917F035FA0446E3
:1082E00070B156E8003F43F4806346E80032002A4C
:1082F000F7D121462846BDE87040024A1CF059BD1E
:108300000720DCE7F17E010873B504460E461BF03A
:1083100026F800F00C0004284FF0020031D117F0CD
:1083200013FA054678B34379022143F002034371FF
:108330001CF00FFC2846FFF781FC294646702046BA
:108340001CF005FC162120461BF048F808212046A9
:108350001BF007F8214601201CF0B6FC2146002046
:108360001CF0B2FC20461CF059FD012120461BF0F8
:1083700038F80346012021460090044A1CF035FCE1
:10838000002002B070BD0720FBE700BFD54E0308F8
:10839000F0B589B00D4604461AF0E1FF10F0010077
:1083A000AB7900F0A1800C33EA18EB5C033B082B9F
:1083B00000F23381DFE813F009003101310182005E
:1083C0003101310131015C007C00D2F80100D2F8AA
:1083D000051003ABB2F8097003C302F113030121C6
:1083E0000B3220461BF0E2FF042128461CF0B1FBB3
:1083F0002846FFF723FC06460C2105A8FAF75EFB8A
:1084000005AB03CB3346C6F80100C6F80510079A42
:10841000002143F8092F2046721C1BF0C7FF21469C
:1084200000201AF093FF034603AA478303CAC3F848
:108430001200C3F8161020460821FCF7F3FF802134
:1084400020461AF08EFF20461BF0CCFF294620461E
:108450001CF07DFB032120461AF0C3FF03460020D9
:1084600021466F4A00901CF0C0FB012009B0F0BD0E
:108470000B2128461CF06DFB2846FFF7DFFB294641
:1084800020461CF064FB23F049FC0546C021204631
:108490001AF067FF4FF4805120461AF068FF284613
:1084A00023F037FC4FF4806120461AF064FFDCE7CC
:1084B0002846F3F73FFB4FF40071F5E70621284605
:1084C0001CF047FB2846FFF7B9FB20461BF0BEF91E
:1084D000294620461CF03BFB20461BF0A8FF214606
:1084E00000201CF0C1FBC0E72B441B7B043B072B87
:1084F000BCD801A252F823F0198501083D85010876
:108500009F8501086D8401086D8401086D84010850
:108510006D840108B5850108204680211AF021FFED
:10852000AA7920460C322A4402F1090300210132C3
:108530001BF03CFF2846F3F7FDFA96E74FF4806006
:10854000FEF7A2FDB0B100274FF4006120461AF0FB
:108550000EFF2046CDE90577FCF74EFF0646204684
:108560001AF0FBFE39460346009505AAB0B21CF08E
:10857000CFF97AE7214601201AF0E8FE00F1120156
:1085800020461BF069FF062128461CF0E2FA284627
:10859000FFF754FB294620461CF0D9FA65E7284628
:1085A000F3F7C8FA214601201CF08EFB20461BF091
:1085B0003EFF5AE723F0B2FB0646802120461AF020
:1085C000D0FE4FF4805120461AF0D1FE304623F001
:1085D000A0FB4FF4C06120461AF0CDFE294620468C
:1085E0001CF0B5FA214601201AF0B0FEC26805461B
:1085F00082B1937901210C331A4402F1130320460E
:108600000B321BF0D3FE20461BF0ECFE2046E9683F
:108610001CF09DFA0023EB6027E7002026E700BF4F
:10862000B550030810B5074C0749204600221CF03E
:108630002BFC2046FFF78AFABDE8104001200021FC
:10864000FEF728BDF47100209183010838B50C466F
:108650008B7905460C331944E35C142B03D0152B9E
:108660000FD0002038BD01311CF0FAFD152128463D
:1086700022461CF03DFE214628461CF068FA0120E7
:10868000F0E7014601201AF061FE0B4B82689A4226
:1086900003D02046F3F74EFAF1E7A17928462144AA
:1086A0000D311CF0DDFD2046F3F744FA2946012088
:1086B0001CF0DAFAE3E700BF4553030837B5044678
:1086C0000D460A4614211CF013FE294620461CF0D4
:1086D0003EFA032120461AF084FE3022034600921F
:1086E00021460120024A1CF080FA002003B030BD70
:1086F0004553030810B5074C07492046074A1CF0AC
:10870000C3FB2046FFF722FABDE8104020200021DD
:10871000FEF7C0BC007200204D86010849530308D3
:1087200073B51E46ADF800208DF80230009B04465C
:1087300001A801930D4611461CF07CFD9DF8063002
:10874000B34203D1BDF804308B4205D02846F3F77D
:10875000F1F9122002B070BD20461AF00BFF9DF80F
:108760000230827A9A4209D18288BDF800309A425A
:1087700004D12846F3F7DEF90020EBE769462046EE
:108780001BF0B1FA29462046014A1CF012FBE1E732
:10879000BD86010810B5FDF76BF806220121064BD6
:1087A0000138DB6840B20333040600D510BD02FB7C
:1087B00000F401381955F7E70C72002038B5094D5F
:1087C0000446E86818B117F068F90023EB602CB193
:1087D0000621204617F05EF9E86008B1002038BD98
:1087E0001920FCE70C720020820800F0030030B56D
:1087F000430003290FD8DFE801F0020F1A260120F9
:10880000591C144C00FA01F1984041EA0003A15CA4
:1088100021EA0303A35430BD01200E4C00FA03F5F6
:10882000A15C03442943984021EA0003F2E70120B8
:10883000084C00FA03F5A15C21EA050103449840C5
:1088400041EA0003E6E70120024C00FA03F5A15CCF
:108850002943F3E70C720020F0B5164C054694E866
:108860000700267C0127002485B001AB03C31A80D2
:10887000C4F3C403EA5C04F0070307FA03F31A42E3
:10888000E0B210D103210134FFF7AEFF252CEFD168
:108890000A22084901A816F060F948B105B0BDE800
:1088A000F040FFF777BF012E14BF00213146EAE701
:1088B00005B0F0BD0C72002008B5FCF79DFD054B1E
:1088C00000B2DB6800EB400013F81000431E584272
:1088D000584108BD0C720020F8B50546FCF78CFD28
:1088E000144E03B2F26803EB43035F0002EB430351
:1088F000DA78F2B19A88B5F8801028460A449A804E
:108900005B7803EB830303EB8303DC001AF0DAFDEF
:1089100040F271234FF47A714343B3FBF1F3F268F1
:108920009BB23A449188A4B24B439C42BCBF022301
:10893000D370F8BD0C72002070B50546FCF75CFDE5
:10894000074E04463146284600F050F838B9F26820
:1089500023B203EB430302EB4303D870988070BD4E
:108960000C72002037B50446FFF7A6FF18B3204667
:108970001AF0F5FCC3071ED5104D2B7C012B05D139
:108980006846F5F7C5F86846FFF766FF2046FFF72B
:10899000A3FF2046FCF730FDEB6800B200EB40007F
:1089A00003EB4003DB78022B05D1204603B0BDE882
:1089B0003040FFF7C1BF03B030BD00BF0C720020D4
:1089C00013B504461CF0C3F8032120461AF009FD34
:1089D00002220346009221460120034A1CF005F9B9
:1089E000002002B010BD00BFA353030870B50646B7
:1089F00000200D4616F0A8FE0446A8B129211CF05F
:108A0000A8F82046FFF71AF92B682146C0F8013074
:108A10006B68064AC0F805302B89A0F8093030464B
:108A2000BDE870401CF0C5B9072070BDC1890108C0
:108A30000022034B1A609A80FF229A71704700BF90
:108A40006A800020064A1379834207D901231268FD
:108A50008340134214BF012000207047002070475C
:108A600020720020054A03461068002208B91A60E7
:108A70007047C10748BF01324008F7E72072002065
:108A8000F0B541EA002087B040F4902706200E465A
:108A90001546EFF717F816F0FBFF044640B90146FC
:108AA0001A2003F0B3F96FF08C05284607B0F0BD2B
:108AB00043684761DAB222B923F0FF0343F00103B0
:108AC000436014F0D8F90002062E1C4B40F0010060
:108AD00060600CBF40F201114FF4807120461CF021
:108AE00074FCE360164B2A46236002AB1E4605F178
:108AF00010071D4610685168083203C5BA422B465C
:108B0000F7D11021304621F07DFE1022314620465B
:108B100001ABF0F7B5FA054620B1014640F2074037
:108B200003F074F91021304621F07AFE204615F04A
:108B300053FA204616F0B1FFB7E700BF00444004E7
:108B400000248000102A2DE9FF4706460F461546EF
:108B500023D800244FF00109DFF84480DFF844A057
:108B6000D8F8002009FA04F3134213D046EA04208F
:108B700040EA0A006A46E9B280B206F029FE48B926
:108B80002A463946684615F0E8FF18B960B204B0C5
:108B9000BDE8F0870134202CE2D14FF0FF30F6E73A
:108BA000207200200080FFFF2DE9F3411D4E054695
:108BB00001460622304615F0D0FF20B996F906008E
:108BC00002B0BDE8F0810024A046EF1C2046FFF76C
:108BD00039FFD8B13B88CDF80080ADF80330BB78C1
:108BE0006946E0B28DF805301FF0F4FB21280DD066
:108BF000A8B903222946684615F0AFFF30B92B68A3
:108C000060B23360AB88B071B380D9E70134202CF7
:108C1000DCD12B683360AB88B380FF23B3714FF096
:108C2000FF30CDE76A800020034B93F90630013313
:108C300001D1FFF7FDBE70476A800020F7B50446FA
:108C400020F0C8FD631C58D1FFF7F2FE0024624EED
:108C50003379A3422CD84FF400410024084606F093
:108C600017FE20224FF0FF315C48346015F09FFF63
:108C7000204600F037FDFF260446594D5CBB59489D
:108C800014F0BFFE014630B110F1880F03D040F25E
:108C9000074003F0BBF80C214F4A43F6FF7006F083
:108CA0007BFD202138204D4A06F076FD00202AE089
:108CB0002046FFF7C7FE60B165B2052128461CF0CB
:108CC00086FB032128461CF082FB062128461CF067
:108CD0007EFB0134BCE794F97530013305D02B7865
:108CE00043B9132120461DF03DF9204600F0FAFC5F
:108CF0000446C3E784F87560F7E72046FFF7A2FE55
:108D000018B940F2064003B0F0BD6B4606220021C0
:108D100020461CF0B2FB002845D049238DF80630D0
:108D20004FF47F41304840EA0420084006F0B0FD8F
:108D3000052120461CF04BFB032120461CF047FB7D
:108D4000062120461CF043FB01222349E3B29A404E
:108D50000B6823EA02030B60244B93F90630A3420D
:108D600001D1FFF765FE002005460B791B4A013B48
:108D7000C1B2994221DBFF260020D65400F0B2FC9C
:108D80000546174F002D86D095F97530A34205D1C1
:108D90003B78EBB9132128461DF0E4F8284600F093
:108DA000A1FC0546EEE76B460622012120461CF099
:108DB00064FB0028B4D07223B0E75656A64200D018
:108DC00025B1551895F90150555401250130CFE7CB
:108DD00085F87560E2E700BF207200204A8000201D
:108DE00048800020370004000080FFFF6A800020D8
:108DF0002DE9FF41354C064601A8FFF733FE2379E4
:108E0000019A93421ED86279012A40D100274FF07F
:108E1000FF383D4610E02368EB40D9070BD5082208
:108E200002AB114668B21CF028FB20B1039B4345FE
:108E30003CBF2F469846013523799D42EBD378B24B
:108E4000FFF7FCFE236813F0010529D0002501225D
:108E50000135202D18D002FA05F71F42F8D13B4307
:108E60002360A3680C21013343F6FF70174A736136
:108E7000A36006F091FCA8B1236823EA07032360EE
:108E8000A368013BA36073614FF0FF3519E0022A2C
:108E9000FAD10F4A134413F9010D421CFBD0CFE75E
:108EA0000127DCE722790A4C013A2146D2B2601C44
:108EB00015F063FE6DB2224620213820257006F0A1
:108EC0006BFC284604B0BDE8F08100BF2072002092
:108ED0004A8000202DE9F043002489B0AF4D0421E1
:108EE0003F2001AA2C7006F073FC00B10194019F91
:108EF000002F4FD00026781E4742474100242C7097
:108F0000A74D0C212A4643F6FF7006F061FCC0B164
:108F10000D23AB80019B2C60032BAC6011D803ACFC
:108F20002246142143F6FF7006F052FC48B994E83B
:108F3000070085E807002A460C2143F6FF7006F07B
:108F40002BFC019B042B06D004213F200DEB0102DA
:108F5000019106F021FC20213820924A06F038FCCD
:108F600028B120224FF0FF318E4815F020FE032259
:108F70002B795B00B3FBF2F38B4A1370FFF758FDBC
:108F8000F0F768FA014618B140F2074002F03EFFE0
:108F9000002413E001263746B0E72B68E340D907E9
:108FA0000BD508224FFA84F81146404603AB1CF05B
:108FB00064FA10B94046FFF741FE01342B799C4218
:108FC000EBD38EB11021372003AA06F001FC002854
:108FD00052D10620EEF776FD16F05AFD044680B910
:108FE00001461A2002F012FF3FB13D2006F00CFCB2
:108FF00000242B799C42C0F0AB80002009B0BDE872
:10900000F0836A4A43684261DAB222B923F0FF036F
:1090100043F00103436013F02EFF0002644B40F065
:10902000010040F20111606020461CF0CEF9E360BF
:10903000604B1021236003A821F0E4FB102202AB57
:1090400003A92046F0F71CF80646102103A821F0DA
:10905000E7FB204614F0C0FF204616F01EFD372027
:1090600006F0D2FB46B140F20740314602F0CEFE98
:109070004FF0FF30FFF7E2FD002623E03046FFF718
:10908000E1FCF0B174B210220321204603AB1CF0C6
:10909000F4F91028814620D10321204603AAFFF7C6
:1090A000EFFC8046494603A821F0BAFBB8F1000F57
:1090B0000CD040F20740414602F0A8FE2046FFF7E0
:1090C000BDFD01362B799E42D8D38DE748F20300CF
:1090D00040EA062080B206F097FB102205212046C8
:1090E00003AB1CF0CAF91028814613D10521204694
:1090F00003AAFFF7C5FC8046494603A821F090FB70
:10910000B8F1000FD5D148F2050040EA062080B240
:1091100006F07AFB10220621204603AB1CF0ADF9C5
:1091200010288146CDD10621204603AAFFF7A8FCCE
:109130008046494603A821F073FBB8F1000FB8D16F
:1091400048F2060040EA062080B206F05DFBB8E770
:109150002046FFF777FCF0B166B204220C213046BE
:1091600002AB1CF08AF904280AD1029B0122C3F346
:1091700000238DF80C300C21304603AB1CF03CF979
:1091800000231022CDE90333CDE905330D2130460C
:1091900003AB1CF031F901342BE700BF48800020FD
:1091A000207200204A8000204980002037000400FF
:1091B0000044400400248000F8B5104B04461879A0
:1091C0000F4B00221D46D1B2884204D913F9017B0E
:1091D000561CA74204D10B4B1B788B4202D9F8BD19
:1091E0003246F0E70649481C15F0C7FC2C702021D8
:1091F000BDE8F8403820024A06F0CEBA20720020BE
:109200004A8000204980002020F00040A0F2054064
:10921000F8B5032817D8DFE800F0021728330C79D7
:109220000F78A4F11B02534253414E88CD8801F1BF
:1092300008021948990015F08FFF20B10771A0F8B6
:109240000560C4710581F8BD0E784D888C8801F1E8
:1092500008021248002115F07FFF0028F3D00671A4
:10926000A0F80550A0F80740EDE70D480D784C68D0
:1092700015F03AFF0028E6D00571A0F80540E2E7B6
:1092800007480C7815F030FF0028DCD00723437125
:10929000002304718371D6E7F0F30308ECF30308AD
:1092A000E8F3030837B5028881780DF1060303302F
:1092B0001DF0F5FA04460448BDF8065021F0DAF92D
:1092C0008480C58003B030BD20040A06002110B59B
:1092D000821D83880446084616F0C5FB024648B145
:1092E000618820881DF0F7FE0446034821F0C2F98A
:1092F000848010BD1A24F8E720020A170023F0B575
:10930000044685B0ADF80E30B0F80150C7788688B5
:1093100014F8060B1CF076FF90B10DF10E032246F7
:10932000CDE90073294633461EF08EF80446054801
:10933000BDF80E5021F09EF98480C58005B0F0BDC7
:109340002524F4E720040A1837B5B0F80140C578A1
:1093500000781CF057FF68B1002321462A46CDE96A
:1093600000331EF0AAF80446034821F083F98480F4
:1093700003B030BD2524F7E720020A04002313B50B
:10938000CDE90033421DB0F80330B0F80110007889
:109390001CF090F80446034821F06CF9848002B078
:1093A00010BD00BF20020A190023802213B5CDE9A9
:1093B0000032421DB0F80330B0F8011000781CF004
:1093C00079F80446024821F055F9848002B010BDB6
:1093D00020020A1A40F2055320F0004098422DE97D
:1093E000F0410BD840F20153984209D840F20143B2
:1093F00098420DD040F20A43984214D0BDE8F08163
:10940000A0F20350022816D8DFE800F024495C00DF
:109410000D784C882D4815F067FE0028EED00571B8
:10942000A0F80540EAE72A480C7815F05DFE002810
:10943000E4D00471E2E727480F784E880D79CC8894
:1094400015F052FE0028D9D00771A0F80560C5714B
:109450000481D3E78C684E880D790F7884B1B1F818
:10946000068001F108021C48002115F075FE002855
:10947000C4D00771A0F80560C571A0F80880BDE7E9
:10948000234622462146144815F03FFE0028B5D059
:109490000771A0F80560C57104724472AEE70F4809
:1094A00091F800804F880E79CD880C8915F01CFE4C
:1094B0000028A3D080F80480A0F80570C67105814B
:1094C00044819BE70D784C680548A4E718F403082D
:1094D00004F4030814F4030810F403080CF403085C
:1094E00008F4030870B586B0009206461D460122B6
:1094F0000B4603A80A4910F00DFE044660B9049B10
:1095000003A89E8010F054FE044615B1049BDB882E
:109510002B8003A821F020F8204606B070BD00BFC4
:1095200044F4030830B587B005460C46009307495C
:10953000134603A8022210F0EDFD28B9049B03A8EE
:109540009D80DC8021F00CF807B030BD3CF40308AE
:109550002DE9F04186B007460E461546DDE90C2898
:109560000F49009203A8022210F0D4FD044690B9DE
:10957000049B03A81F71A3F80560DD7110F018FEAD
:109580000446B8F1000F03D0049BDB88A8F8003034
:1095900003A820F0E1FF204606B0BDE8F08100BF3F
:1095A00034F403087FB506460D4601A80749144662
:1095B00010F090FD38B9029B01A81E71A3F8055068
:1095C000DC7120F0CDFF04B070BD00BF2CF40308A7
:1095D00030B587B005460C4600930849134603A8EA
:1095E000022210F097FD30B9049B03A81D71A3F867
:1095F000054020F0B5FF07B030BD00BF24F40308DC
:1096000030B587B005460C4600930849134603A8B9
:10961000022210F07FFD30B9049B03A81D71A3F84E
:10962000054020F09DFF07B030BD00BF1CF40308CB
:1096300070B504460D461B4A13686BB393F87D1052
:10964000586811F0040129D110608C22184693F853
:10965000706015F0ACFA034680F870602268C0F8BC
:109660005A20A288A0F85E20A27980F8602028689D
:10967000D864AA79A98883F85220FF2283F875203C
:1096800083F8762040F6FF72A3F86E20064AA3F80E
:109690005010116813605960184670BD1A1D0346BA
:1096A000CBE700BF307200202C720020054A034631
:1096B000106800B97047B0F86E209A42FAD040683E
:1096C000F7E700BF2C720020054A0346106800B976
:1096D000704790F870209A42FAD04068F7E700BFD0
:1096E0002C72002010B9024B186870474068704710
:1096F0002C7200200023114A2DE9F0418C211360C7
:10970000804602460120F2F795FB044620B9054643
:109710000B4E3060454502D32046BDE8F081012064
:10972000F2F7EEFB07468C220021013515F03FFAD7
:1097300087F8705037603E1DECE700BF2C720020A8
:1097400030720020012310B58B4090F87110044650
:1097500021EA030149B280F87110002949D120F0B3
:1097600035F820461EF061FE102104F1180021F0AA
:1097700057F8204602F016F804F1380015F019FEEB
:1097800020461EF0F3FD214A13681BB19C42596824
:1097900030D11160A36859050BD51A0509D443F4DB
:1097A0000063A18994F87000A36004F1780204F0CA
:1097B000F5FF00232046636020F0F7FF1BF0A2FEB8
:1097C0004FF48072B2FBF0F2424394F870300344DD
:1097D000B3FBF2F102FB1133DBB2591EC9B2FD2912
:1097E000F5D884F8703000236360094B1A6852B9C9
:1097F0001C6010BD1A465B68002BCBD09C42F9D18F
:1098000063685360C6E7131D5268F0E72C720020AE
:109810003072002090F8743003F00B03013BDBB290
:109820000A2B9ABF014AD05C002070474CF4030811
:109830001FB5014690F870308DF80430FFF7EAFF4D
:10984000B1F862308DF80C00ADF80630B1F8643034
:1098500001AAADF80A30B1F86630054840F20311AC
:10986000ADF8083020F0B5FF05B05DF804FB00BF8F
:109870007872002007B590F870308DF8051001AAB5
:1098800040F2072103488DF8043020F0A2FF03B016
:109890005DF804FB7872002038B50A4B04461B685B
:1098A0000D462BB143699B0702D51CF032FC30B149
:1098B0002A4620680421BDE838401EF005BDA36992
:1098C0009D6138BD34720020014B1860704700BFA5
:1098D00034720020024B1868003818BF012070470E
:1098E0003472002013B50446019120B901A815F087
:1098F00060FD212012E008460029FAD015F0E5FDB0
:1099000080B20028F2D0094B20461B6801994BB168
:10991000984728B92046019901F0D0F802B010BD4F
:109920000020FBE701F00CFDF3E700BF34720020DC
:10993000436A70B55904044616D4154A03F400432B
:1099400092F82420012A10D1826A92040DD4002BAF
:1099500000F101010CBF532014201CF081FB18B949
:10996000636A43F00803636270BD002BFCD1094DAC
:10997000661C2946304600F0A3FC0028F4D12B6871
:10998000C4F80130AB88A4F80530AB79E371E7E7A0
:109990007C720020877200202DE9F0411E4E30714C
:1099A000C0B3334600224821EDF746FC38B90546DE
:1099B0004FF0480807463379AB4202DC0020BDE88F
:1099C000F0813468002108FB05441422A76104F1EA
:1099D000340015F0ECF8A0224FF4A073C4E907237B
:1099E000072304F1100084F83130E773E77115F0B4
:1099F000E0FC04F1140015F0DCFC20461BF0F2FE44
:109A000040F20113E3857F23A76284F83230676256
:109A10000135D0E73060D1E738720020084A0346AC
:109A20001179814209D9106840B103EBC30300EBFF
:109A3000C300406A00F0010070470020704700BF7B
:109A40003872002038B504460D46FFF7E7FF03469D
:109A500040B10020044B04EBC4041B6803EBC403B7
:109A60002B6038BD2120FBE7387200202DE9F04F34
:109A70000446344A93B0106851680FAB03C3906832
:109A800012AA1860E37B94F82E7002EB430333F8BC
:109A90000C1C636A94F82F60DA0444D4012637461C
:109AA00041F0100194F80E80C3F340495B0348BFB6
:109AB00049F002098BB288F00808012F94F800A041
:109AC00094F831500B9304F1080BD4E90723C8F341
:109AD000C00894F9324005D0022F03D0042F14BFE0
:109AE00000270327012E05D0022E03D0042E14BF19
:109AF000002603265046CDE90C231BF017FFDDE9B5
:109B00000C230121CDE90760CDE900515046CDE994
:109B10000547CDE903B90B99CDF8088001F07CFE2B
:109B200013B0BDE8F08FA26A950648BF41F020014E
:109B3000500648BF41F04001DA0348BF41F004013C
:109B4000B0E700BF58F4030837B5044648B10478BD
:109B50002046FFF763FF10B9002003B030BD013489
:109B6000E4B2074D2B79A342F6D9204601A9FFF7AD
:109B700069FF08B90198F0E70134E4B2F2E700BFE9
:109B8000387200202DE9F04F054600F1100887B02B
:109B9000404605F114090C46164615F00AFC4846E5
:109BA00015F007FC002015F0CFFD0390002800F011
:109BB0000B81012E40F2726618BF1F26012C63D064
:109BC000022C0CBF0624042402211BF015FE0121E7
:109BD00003981BF011FE214603981BF00DFE03981D
:109BE00015F073FC012384B2311B0A22009389B261
:109BF00042F6072303981BF04FFE04230444A4B24B
:109C0000311B0093122242F60423039889B21BF001
:109C100043FE00EB040A1FFA8AFA039BA6EB0A072D
:109C2000012F049332DC0024DFF8A0A1DDF80CB092
:109C30009AF82430002B00F0A780404615F0B9FBBD
:109C40006B6AC5F810B043F080026A62DB0400F171
:109C5000AD809AF82400002840F0A88015F074FD2B
:109C60000390002800F0A28031461BF0D0FD0028B0
:109C700040F3A6804846039C15F09BFB6B6A6C6121
:109C800043F480736B6291E005249DE7002015F09A
:109C90005BFD05900028C6D0022100F0AFFEB41E87
:109CA000A4EB0A04A4B28442824613D224F0010138
:109CB0001FFA81FB411A05A8DA4615F0A8FC4FF0FF
:109CC000020BBAF1000F08D10598E8B905A815F004
:109CD00070FBA8E74FF0030BF3E70AF101010498CA
:109CE000C9B21BF089FD594604981BF085FD059902
:109CF00004A815F005FD002015F026FD05900028AC
:109D000036D0A4EB0A04A4B2022C38BF0224A4F17A
:109D1000020B1FFA8BFBBBF10F0F30D9102100F0A3
:109D20006DFE834504461FD22BF00F011FFA81FB05
:109D3000411A05A85C4615F06AFC4FF0060B611C41
:109D40000498C9B21BF058FD594604981BF054FD05
:109D5000059904A815F0D4FC0AF102031C44A4B22E
:109D6000BAF1000F08D15FE748B14FF0070BE6E703
:109D700005A815F01EFB54460234A4B254E705A80A
:109D800015F017FB5446EBE7391B89B258461BF018
:109D90003EFD04464046039F15F00BFB6B6A2F61A6
:109DA00043F080026A62002C3FF450AF686A10F002
:109DB000100002D028461BF0F4FD07B0BDE8F08F7C
:109DC00003A815F0F6FAF1E71A20F6E77C720020F6
:109DD00070B5144B0546197918680023994201DCC7
:109DE0001A201AE0426AD60718D490F8394064075E
:109DF00014D4DCB203460C4903F8014BD1F80B60D4
:109E000042F00902C0F80160B1F80F60497C9E8001
:109E100099714262FFF72AFE2C7070BD0133483001
:109E2000DCE700BF387200207C72002073B5057932
:109E3000C67801A92846FFF705FEE8B9019C636AC8
:109E400023F01003636276B92946A069621C0F4BA8
:109E500000F09CF8222231460C48A66102B0BDE811
:109E6000704014F0A4BE20461BF0BCFC636A5A0686
:109E700004D523F04003636202B070BD284604F1AC
:109E8000340102B0BDE8704004F06CB8A27200204A
:109E900037B504460D461BF0E9FF698820461BF0E4
:109EA00026FB6A7E2B7E204643EA0223A4F862301A
:109EB0006A7F2B7F43EA0223A4F86430EA7EAB7EFC
:109EC00043EA0223A4F866301B23A4F86C302D4B20
:109ED0005A8B9B8BA4F86820A4F86A30022384F87C
:109EE00072301FF072FC20461EF07AFA94F873303C
:109EF000022B15D101F0CAFE70B194F9753001330F
:109F00000AD105212046A36843F48053A36003B01F
:109F1000BDE830401CF026B8002120461BF0EAFACC
:109F20000021204600F044FA4FF6FF73288C984237
:109F300025D000F0EFF9009400F0DAF96A46ADF8A8
:109F4000040040F20621104820F043FC002240F2B9
:109F50000221204620F0F9FB2046FFF769FC20464D
:109F60001EF04AFA204601F09FFBA368012123F46A
:109F700080432046A3601BF0F9FF03B030BD0020F2
:109F8000D9E700BF7C72002078720020F7B5044644
:109F90000F46164668465A79991D1D4600F06EF91F
:109FA0002CB969463046FFF743FB0446A0B140F2A6
:109FB000032384F87670A4F8723033682946C4F815
:109FC0005A30B3882046A4F85E30B37984F8603004
:109FD000FFF75EFF03B0F0BD032140F206401EF024
:109FE00008F96B88A0F803300D2343710148F6F798
:109FF00087FCEFE7B3450308A0F11B03E02B10B586
:10A00000044618D8042142F224001EF0F2F86FF042
:10A010006F0343714223A0F8034083710748F6F7AA
:10A020006FFC1EF014F9407920B11EF010F9407950
:10A0300040F4805010BD2120FCE700BFCF4603084C
:10A0400007B590F870304FF4887101AA03488DF875
:10A05000043020F0BEFB03B05DF804FB78720020F2
:10A06000F7B5C67805463C2E00F1020404D103B0D2
:10A07000BDE8F0401BF068BE87792FBB214A156A06
:10A080001762D6B12146284646F480561BF0EEFEF4
:10A0900040F201216A462846EE6085F87270CDE9EB
:10A0A000005620F096FBAB68394643F4806328469F
:10A0B000AB60FFF747FB03B0F0BD2146284603B075
:10A0C000BDE8F040FFF7E4BE4FF6FF73408C9842C6
:10A0D0000DD000F01FF950B100F08CF82346024675
:10A0E000FF21002003B0BDE8F040FFF74FBF064B53
:10A0F000223554F8042BAC4243F8042BF9D12288C2
:10A100001A80D8E77C720020A27200201FB5044696
:10A11000B0F80300FFF7CAFA08B3B4F8053090F8B6
:10A120007020A0F86C308DF80420ADF80630227A4B
:10A13000E37940F2091143EA0223ADF80830A27A2C
:10A14000637A084843EA0223ADF80A30227BE37AB7
:10A1500043EA022301AAADF80C3020F03AFB04B028
:10A1600010BD00BF787200201FB504468088FFF73D
:10A170009DFA80B190F870300E218DF80430D4F83B
:10A1800006300648CDF80530D4F80A3001AACDF8DB
:10A19000093020F01EFB04B010BD00BF7872002013
:10A1A00013B504468088FFF781FAD8B190F8703073
:10A1B0006A468DF80030E3784FF403718DF8013072
:10A1C000A37909488DF80230E3798DF80330237ABA
:10A1D0008DF80430637A8DF80530A37A8DF8063057
:10A1E00020F0F7FA02B010BD7872002000487047E6
:10A1F00087720020044890F8241000F10B0204300C
:10A20000012918BF104670477C72002038B5837949
:10A21000044613F0280F25D00368134DC5F80B3002
:10A220008388A5F80F30837900206B74FFF78CFCCE
:10A2300040B92B68032043F002032B60BDE838408F
:10A2400010F086BB436A13F4404FEFD1226843F00D
:10A250000803C0F80120A288A0F80520A279436273
:10A26000C271E3E7212038BD7C7200204379024AA5
:10A270009B09D05C704700BF74F403080B6810B5ED
:10A2800003608B88FF2A0446838002D10723A371D1
:10A2900009E0032A08D8054B9B5C072B837102D188
:10A2A000FFF7E4FFA07110BD0023F0E778F4030886
:10A2B0008379024A03F00703D05C70476CF403080B
:10A2C00010B582798B79094C02F0070203F007037D
:10A2D000A25CE35C9A4206D1062214F03EFCB0FA7E
:10A2E00080F0400910BD0020FCE700BF64F40308C3
:10A2F00050B11422064B1B68C31AB3FBF2F3007C67
:10A3000040EA032080B270474FF6FF70704700BFED
:10A31000C8830020024609490B7A0968FF2B01D146
:10A320000020704703EB830301EB830031F82330F7
:10A33000C3F30B039342F4D0437CEFE7C8830020C0
:10A34000F722014B1A8070477286002010B5044630
:10A3500058B30068836CA3421FD1636883642246AC
:10A36000124920F002FA04F10C0020F01EFA04F168
:10A37000440015F01EF8A06948B1143015F019F822
:10A38000A069183015F015F8A06915F086FB204675
:10A39000BDE8104015F081BB1346002BDFD05A6892
:10A3A000A242F9D162685A60D9E710BDA3610308DF
:10A3B00070B5054648200E4615F06AFB044650B1BC
:10A3C000FFF788FA60B11C2015F062FBA06128B984
:10A3D000204615F062FB0024204670BD0023037068
:10A3E000032128461BF086F8AB6C22466360AC6400
:10A3F0001723268100266381144928462560267785
:10A40000666410F03FF903F0C3FF3246014604F1E1
:10A410000C0010F037F902232374FFF75BFA18B928
:10A420000B4B1B78002BD7D00A4B19881729D3D98F
:10A4300020461BF0EFF80028CED1132120461BF058
:10A4400075FE636943F002036361C5E7A361030816
:10A450007180002072860020F8B5054610B30029EF
:10A4600020DB114C2468247E8C421BDD3F2919DC43
:10A47000032701F0030600EBA10191F831407600BB
:10A48000B74002F0030224EA0704B240224381F8F5
:10A49000312013B100211BF003FF2846BDE8F8402E
:10A4A0001BF05BBFF8BD00BF4872002070B51646B8
:10A4B00000221A7032800A7A0D46072A4DD8DFE84A
:10A4C00002F004090D111A1E304AE86830F8023B08
:10A4D000338043E0EB68981D5B88F9E7EB68981DD3
:10A4E0009B88F5E7697B1BF028FF02221C4B188034
:10A4F0001846328032E002231A4833802EE01A4C8C
:10A500002B7BE88923702B88E11C013363702B8837
:10A5100001331B12A37000F0D9F9033030802046BC
:10A520001CE0124CA889EB89020AA3701B0A207058
:10A530006270E37000F03CFA58B1C3681A88022ACE
:10A5400007D19A782271DB7863710623074833803C
:10A5500004E00423FAE780221A70002070BD00BFD7
:10A560008B8000207CF4030878800020728000201B
:10A57000054A064B1860136843F001031360828B91
:10A58000034B1A80704700BF4072002048720020C1
:10A59000DC7E002000232DE9F04FDFF8B89191B068
:10A5A000D9F80070054617F00807CDE90633CDE964
:10A5B00008330AD0644B03F1100253F8041B934292
:10A5C00045F8041BF9D1002015E01022394614F09B
:10A5D000EEFA0320EDF776FA15F05AFA804648B104
:10A5E0000620EDF76FFA15F053FA064630B94046EB
:10A5F00015F053FA1A2011B0BDE8F08FCDE90477B9
:10A60000EEF728FF044668B1404615F046FA30469A
:10A6100015F043FA40F20740214601F0F7FB40F203
:10A620000740E8E712F027FC4FF4A053DFF828A119
:10A630000002C6E9023A454B706033601022304692
:10A64000776104AB06A9EEF71BFD0446A0B952469C
:10A650004046049913F0E7FA044668B9BB463C4B00
:10A66000BAB21B68D988914227D8102229464046A1
:10A6700005AB13F0FDFA0446404613F0B7FA404626
:10A6800015F00BFA304613F0A7FC304615F005FA2A
:10A69000049813F0B6F9002CBCD12B4B05F1100235
:10A6A00055F8041B954243F8041BF9D1D9F8003042
:10A6B00043F00803C9F8003085E71A68BCB22101ED
:10A6C00002EB04142046ADF80EB0019100921CF08C
:10A6D00047FA8246204600F03FF930B3DDE9002119
:10A6E000AAF5205080B2032802D9BAF5245F1ED102
:10A6F000525A00202146ADF828200DF10D030DF12E
:10A700000E02ADF82AA0FFF7D1FEBDF80E200146DB
:10A710000BA814F057FABDF80E20404604320AA9DF
:10A7200013F084FA04460028A6D1013797E70AF50A
:10A730005640FF3080B20428F7D8525AADF82AA00C
:10A74000ADF82820E7E700BF8D80002000248000BE
:10A7500048720020407200200002C003134B0146E3
:10A760001B6870B513F0040306D00022104B1C6860
:10A77000E38990B2834209D80E4A14680022E58921
:10A7800090B2854209D84FF6FF7005E0A56835F80C
:10A79000125001328D42ECD170BDA66836F81260BD
:10A7A00001328E42ECD1034498B2F5E740720020AA
:10A7B0004472002048720020094B1B685B070AD5D1
:10A7C000084B1A68D389834203D9936833F8100081
:10A7D0007047C01A80B2044B1B689B68F6E700BF45
:10A7E00040720020447200204872002038B504688E
:10A7F00005460C222046084914F0AFF950B9022250
:10A80000064904F10E0014F0A8F918B902200C341E
:10A810002C6038BD1020FCE77FF403088DF403089A
:10A820002DE9F743102801910BD0022804D04FF6F0
:10A83000FF7003B0BDE8F083019B1888FFF78EFF1F
:10A84000F7E701A8FFF7D2FF0228F5D01028EED1D4
:10A850001B4B019F1E6816F0040608D00024194BFC
:10A86000D3F80080B8F81660A5B2AE421AD8002519
:10A87000154BD3F80080B8F81690ACB24C45D6D240
:10A88000D8F81000102200EB0510394614F065F9D5
:10A8900001350028F1D1A0196FEA40406FEA50401D
:10A8A00080B2C6E7D8F81000102200EB0410394639
:10A8B00014F053F901340028D6D145F40040B8E72C
:10A8C000407200204472002048720020020408B543
:10A8D0001DD5124BC0F30E001B685B0713D5104B40
:10A8E0001A68D38A98420CD2136903EB001000F166
:10A8F000100350F8042B984241F8042BF9D1102092
:10A9000008BDC01A80B2074B1B681B69EDE7FFF753
:10A9100053FF0870000A48700220F1E740720020DF
:10A92000447200204872002038B50446094B1B6869
:10A930001D68A54209D2204621B91CF01BF930B18F
:10A94000103402E01CF01FF908B1204638BD103C5D
:10A95000EFE700BF48720020437ADA0702D5C3F35D
:10A9600080007047034BC2881B881A4214BF012025
:10A9700000207047DC7E00200A4B1B68DB0708D5EF
:10A9800070B1094B1B68DB88834234BF0020012073
:10A99000704728B1054B1B88834294BF00200120DB
:10A9A000704700BF4072002048720020DE7E002009
:10A9B00070B50246FFF7E0FFE8B10F4B1968CD888C
:10A9C000954209D302F180500B680138040103EB72
:10A9D00000101B5B93420ED0002398B2854201D831
:10A9E000002008E00E681C01345B06EB0310944263
:10A9F00003F10103F1D170BD487200202DE9F3414C
:10AA000000250E46A846174F01903A68ABB2D18890
:10AA100099421DD91468ABB204EB0314B4F90430A5
:10AA2000002B1CDA2046FFF797FFC0B1E1680B88C6
:10AA30009E4214D132460198023114F0E7FFE368D8
:10AA400082B21B88934207D0114601A814F0DFFDA3
:10AA5000404602B0BDE8F08143441FFA83F8013557
:10AA6000D3E700BF487200207FB5134B0E46054662
:10AA700004460393A0B11BF0FCFB78B900223146D9
:10AA800020461BF026FD022807D180233146009383
:10AA90002046042303AA1CF04DF90DB104B070BD8B
:10AAA00020461BF0B5FB04460028F7D01BF0E1FB65
:10AAB0000028F5D1E2E700BF0100FFFF2DE9F04FCC
:10AAC00097B0834609911BF01AFB099883790C33E0
:10AAD000C45CC51814F0F9FC202C0646099F26D842
:10AAE000012C28D9C74BA21ED2B2D340DA0722D5F7
:10AAF000384697F8068014F0E8FCBBF80A2083B2C9
:10AB00009A4228D214F0010240F0A78004F07F039B
:10AB1000522B00F0A2801E2C00F09F80099B214642
:10AB20000093584604231AF086FD21240CE004F01B
:10AB30007F03522BDCD02146062300225846009783
:10AB40001AF079FD41F2061458461BF0DDFA204652
:10AB500017B0BDE8F08F47443A7B013B202A9BB2F7
:10AB600046D8012ACED9023A1E2ACBD801A151F8E3
:10AB700022F000BF11AC010805AB010815AC0108BB
:10AB800005AB010809AC010805AB0108FDAB0108E4
:10AB900005AB010811AC010805AB010815AC0108B3
:10ABA00005AB010819AC010805AB0108FDAB0108B4
:10ABB00005AB010847AC010805AB010805AB01086E
:10ABC00005AB01084BAC010805AB01084FAC01080F
:10ABD00005AB010805AB010805AB010805AB010891
:10ABE00005AB010853AC010805AB010819AC01081D
:10ABF000522A28D0D22A85D10D2B06E0062B11D05F
:10AC0000142B7FF47FAF0DE0052B7FF67BAF09E0BF
:10AC1000022BF6E7042BF4E7032B7FF673AFDB0779
:10AC20003FF570AF022C00F00281DBF800309B682A
:10AC30009F0516D40BF1440014F0BBFB099BCBF825
:10AC40004430002480E7012BDFE7032BDDE7012BF5
:10AC5000D7E7002B7FF456AFE4E709A814F0A9FB6F
:10AC600063E71E2C00F0368358461BF002FB0746B4
:10AC7000002840F0828058461BF0F6FA00287CD06D
:10AC800004F07F03522B00F0CE80082C68D1B6B2BE
:10AC9000152E14BF02201020691D1BF0D0FA0028C9
:10ACA0005ED0DBF81430D8074BBF23F0010343F02C
:10ACB00001033946012158464CBFCBF81430CBF87C
:10ACC00014301BF0EDFA09980D901AF021FC04469F
:10ACD000B0F80180B0F803900D9814F0F6FB152839
:10ACE00014BF02251025053421462846FFF798FD9C
:10ACF0002146039028461BF0A2FA0490B8F1000FF9
:10AD000000F05281C84500F24F81022109200D9ABE
:10AD10001AF021FCBBF80A708246023FBFB23E46E1
:10AD200040464FF0FF354946039A1BF09DFD04460F
:10AD3000002800F07B811BF054FB002800F0938179
:10AD40000122214658461BF0F3FB03468DF82E00E6
:10AD5000002800F02E810D9A009222460821B2E0D0
:10AD6000DBF8143013F001064ED023F0010300216C
:10AD70005846CBF814301BF093FA202C72D8032CD1
:10AD800075D9231F1C2B72D801A252F823F000BFE3
:10AD90007DB001086FAE01086FB101086FAE010808
:10ADA000C7AC01086FAE010859B201086FAE0108C7
:10ADB00077B201086FAE01088DB201086FAE0108CD
:10ADC0007BAE01086FAE0108A5B201086FAE0108A5
:10ADD0006FAE01086FAE0108C1B201086FAE010885
:10ADE000CBB201086FAE01086FAE01086FAE01086B
:10ADF0006FAE01086FAE0108D5B201086FAE010851
:10AE00009BB201085555515043F0010301215846AA
:10AE1000CBF814301BF044FA122332462146584630
:10AE200000961AF008FC09A814F0C3FA09E7099D76
:10AE3000BA4C28461AF06CFB2188B0F801602A460B
:10AE400058461AF00DFC2388BBF80A10B34228BFFD
:10AE50003346172BB8BF17235846ABF80A301BF000
:10AE60003AF9EEE6522C00F02482D22CDBD0099B7A
:10AE7000002200932146062325E0099F38461AF058
:10AE800047FB0546B0F80180B0F803A0384614F03F
:10AE90001CFB15280CBF20460220691DFFF7C0FCD3
:10AEA000B5F8053004900793B8F1000F07D0D045EE
:10AEB00005D81BF037FE50B91023009701E001239D
:10AEC00000974246102158461AF0B5FBB9E63A46BB
:10AED000022111201AF03FFB44464FF0FF35BBF82A
:10AEE0000A3005909E1E0393063B9BB2B6B20893B0
:10AEF00051462046049A1BF0B7FC814668B3514680
:10AF0000079A1BF0FEFC044648461BF06AFA40B95B
:10AF10004FF6FF739C4201D00134A4B25445E7D9E7
:10AF20001BE04FF000030DAAADF8343049460CABDE
:10AF300058461BF09AFB039ABDF83430053A9A4202
:10AF4000089A0690D8BF1346002DADF8343009DBBF
:10AF50009D4202D1EB1CB34208DB691C1CD10A23C1
:10AF60000097AEE7351F9D42A8BF1D46042211A9D8
:10AF70003846ADF84490ADF8464014F047FD2A46F7
:10AF80003846069914F042FD4FF6FF73043E761BD7
:10AF90009C42B6B2C0D1E0E73946059B04355D70EE
:10AFA0005846FEF779FC4CE60D9B00930123424680
:10AFB000D4E6049B13B120461BF0F7F920461BF0A2
:10AFC00028FAD8B1002D54DC0DA814F0F2F90823AA
:10AFD00058468BF81C3050F80C2B40F2025192F876
:10AFE00070208DF8483000238DF8442011AAADF868
:10AFF0004640ADF84A301FF0ECFB22E6ADF84400C5
:10B000000DF12E032146584611AA1BF02EFBBDF868
:10B0100044300590BB4228BF3B46002DADF844307C
:10B020000ADBAB4202D16B1CB34209DB6A1C0D9BED
:10B030001FD100930A23BAE7B51E9D42A8BF1D4643
:10B0400002220CA90D98ADF8304014F0DFFC2A461E
:10B0500005990D9814F0DAFC4FF6FF73023E761B4B
:10B060009C42B6B2E2D0601C80B28145BFF45BAEB8
:10B07000DCE702350D998AF8015091E7DDF824905C
:10B0800048461AF045FAB0F80330B0F8018004934E
:10B09000B8F1000F44D0984542D84FF6FF774A46A2
:10B0A000022105201AF057FA4546BA46BBF80A4075
:10B0B0000590023CA4B2294658461BF0B7FC504507
:10B0C00006464CD04FF40062294658461BF030FA31
:10B0D00000283FD130461BF041FD00280CBF022361
:10B0E00010235745039321D030461BF037FD0690BF
:10B0F00038461BF033FD069B834203D1039B01338B
:10B10000A34214DB38461BF029FD059B013019468C
:10B11000587058461AF078FA93E500BF72860020FE
:10B120000123CDF8009042460421CCE637460DF1CC
:10B1300046013046ADF84450FFF7C8FB039B484634
:10B140009A1C11A914F062FC039B023CE41A5545B9
:10B15000A4B2D7D0049B0135ADB2AB42ABD24FF60F
:10B16000FF739F42CED10A23CDF80090DBE7DDF8D4
:10B170002490002448461AF0CBF9B0F80530B0F816
:10B1800003A0B0F8016007464846039314F09DF908
:10B19000C51FADB2102D0C945AD82A46F91D0DA822
:10B1A00013F010FD002E55D0564553D84A460121C4
:10B1B00007201AF0D0F9A046074633460A249A45DC
:10B1C000049307D93946BBF80A001AF0A7F90328F7
:10B1D000049B04D8B8F1000F1CD0394699E7ADF8AC
:10B1E0004430039B5846ADF848300DAB1393002311
:10B1F0000BAA009311A90DF12E03ADF846A0ADF8EE
:10B2000050501BF0AAFB0A280446E3D0BDF82C30AE
:10B2100030B11E46234632460621CDF8009052E654
:10B22000ADF83030BDF82E300CAAADF832303946CA
:10B230000423BBF80A001AF07CF94FF6FF72BDF840
:10B240002E309342C9D001334FF001089BB2B6E7CC
:10B250000424DFE70124DDE70A23099C8BF81C3076
:10B2600020461AF055F923460022B0F8011058463E
:10B270001BF030FEE5E4099C20461AF049F90C2346
:10B280008BF81C30B0F803202346EEE75A460F2116
:10B290000E20099B1BF077FED3E45A462121202083
:10B2A000099BF7E75846099AB5F801101BF058FFBB
:10B2B000C7E45846099AB5F801101BF0ACFFC0E48A
:10B2C000584609991BF0E6FFBBE4584669781CF024
:10B2D0004CF8A8E558461CF068F8A4E57FB5174A75
:10B2E0000646136842F6052023F0080313601BF09E
:10B2F000F6FA054650B16846FFF74CF900201AF0FF
:10B3000087FF044620B92946FFF7AEFB04B070BDA5
:10B310001022684604F1210113F01FFC38B101210D
:10B3200020461AF0BDFF636923F0010363611EB17B
:10B33000314620461BF0ABFB2046E0E74072002080
:10B3400037B58B790A460C33CD180191C95C044698
:10B3500011F0010329D01D290AD101211E201AF064
:10B36000FAF8014620461AF04FF9012003B030BD2B
:10B37000032916D10E4BB5F801201B884189934251
:10B3800028BF1346172BB8BF172343811AF0A3FE1B
:10B39000636940F2094123F00203204663611AF019
:10B3A000C2FE01A814F005F8DFE71846DEE700BF8B
:10B3B0007286002038B5124B04461B8842898B42A6
:10B3C00028BF0B46172BB8BF1723114643811AF02D
:10B3D00082FE636923F002036361A3699D693DB145
:10B3E0000022294620469A61BDE83840FEF754BA4B
:10B3F00040F2094120461AF096FEA3691D7038BD3F
:10B40000728600200148FEF75FBA00BF49DC0108E0
:10B410000022024BC3E900229A607047507200205C
:10B42000014B1860704700BF4C72002013B500F04C
:10B43000D1F978B1019083790C33C418204604F017
:10B440009BFA034610B1204601A9984701A813F0C2
:10B45000B0FF08E000F0CAF9019020B1034B1B686F
:10B46000002BF3D0984702B010BD00BF4C720020F3
:10B4700010B50446062142F205001CF0BAFE23680E
:10B48000C0F80330A388A0F807300648F5F738FA6B
:10B490001CF0DDFE407918B1BDE810401CF086BEFE
:10B4A00010BD00BF6909010810B5044606214FF61A
:10B4B00028401CF09EFE2368C0F80330A388A0F843
:10B4C00007300648F5F71CFA1CF0C1FE407918B1A8
:10B4D000BDE810401CF06ABE10BD00BFD50A0108CF
:10B4E00038B505460C4669B9022142F21B001CF032
:10B4F00080FEB5F86E30A0F803300D48BDE8384046
:10B50000F5F7FEB9122142F21A001CF072FE214634
:10B51000B5F86E30053020F8023C04F1100351F804
:10B52000042B994240F8042BF9D10248E6E700BF0A
:10B53000314503086D45030838B505460C4642F20F
:10B54000740002211CF055FEC57004710548F5F722
:10B55000D7F91CF07CFE407918B1BDE838401CF0EA
:10B5600025BE38BDA90A010808B5002142F20E0027
:10B570001CF03FFEBDE808400148F5F7C1B900BF27
:10B580009F46030838B590F872300446032B1546E1
:10B5900006D1FFF7E9FF0123002084F8723019E09B
:10B5A000C9B9012B2DD9032140F206401CF021FE20
:10B5B000B4F86E304571A0F803301348F5F7A0F9E0
:10B5C0001CF045FE8378002BE5D01CF040FE80780F
:10B5D00040F4805038BDA3B102214FF604401CF066
:10B5E00008FEB4F86E30A0F803300848F5F788F983
:10B5F0001CF02DFE4379002BCDD01CF028FE4079A5
:10B60000E6E70220E6E700BFB3450308E945030883
:10B61000F8B507460E4642F213000E2115461C46A9
:10B620001CF0E7FDB7F86E30A0F80560A0F8033015
:10B63000BDF81830A0F80750A0F80B30BDF81C304A
:10B64000A0F80940A0F80D30BDF82030A0F80F3068
:10B650000648F5F755F91CF0FAFD807820B11CF08A
:10B66000F6FD807840F48050F8BD00BF2B460308FB
:10B6700070B506460D4642F27A00042114461CF0CD
:10B68000B8FDA0F80360457184710648F5F738F9F4
:10B690001CF0DDFD407918B1BDE870401CF08DBD97
:10B6A00070BD00BF314A030810B50446022142F2C2
:10B6B00030001CF09EFDB4F86E30A0F803300B484B
:10B6C000F5F71EF91CF0C3FD43792BB91CF0BFFD43
:10B6D000017A2046FEF7CEF81CF0B9FD407920B182
:10B6E0001CF0B5FD407940F4805010BD6512010892
:10B6F000014813F07CBE00BF5472002040F6FF7377
:10B700002DE9F3410D46B0F86E100192994205D132
:10B7100001A813F04EFE02B0BDE8F08111461346B9
:10B7200001229BBB1E4813F032FFFFF7E1FF0446E6
:10B730000028F0D013F0C9FE6379074603F0010832
:10B740006FF30003637104212046A66814F000F82B
:10B750004379044668F300034371DB438179B6F80B
:10B760006E200C31866003F001036254C2F30322A1
:10B77000084442EA03124270478022463046294676
:10B780001EF025F82046F5F7CFF8CEE75C799860F3
:10B7900024F0030414435C7100221B68C1E700BF5E
:10B7A0005472002070B50546064C206800B970BD83
:10B7B0008368AB4204D10668F0F7BCF92660F4E771
:10B7C0000446F2E7547200200146014813F0DFBE40
:10B7D00058720020014813F00ABE00BF58720020C2
:10B7E0000146014813F0D3BE50720020034803689D
:10B7F0000BB113F0FCBD1846704700BF507200201B
:10B80000044B1A6822B99868003818BF01207047A5
:10B8100001207047507200202DE9F0411546064680
:10B820000F4642F2360019211C46DDF824801CF038
:10B83000E0FC2B0AC371230A83729DF818308571CE
:10B8400003739DF81C30447243739DF820302D0C17
:10B85000240CC67087800572C4728373D8F80030D8
:10B86000C0F80F30B8F804308676A0F813309DF891
:10B87000283043759DF92C3083759DF83030C375A1
:10B88000002303769DF8343043769DF83830C37634
:10B890000648F5F735F81CF0DAFC407920B11CF0C9
:10B8A000D6FC407940F48050BDE8F081390B0108A6
:10B8B00038B505460C464FF6194005211CF099FC99
:10B8C000C57044600548F5F71BF81CF0C0FC4079D2
:10B8D00018B1BDE838401CF0C1BC38BD15170308CD
:10B8E00038B505460C464FF61A4005211CF081FC80
:10B8F000C57044600548F5F703F81CF0A8FC4079D2
:10B9000018B1BDE838401CF0A9BC38BD4517030884
:10B9100070B50D4606460121DAB1FFF7C9FF0446AE
:10B92000A8B9072142F235001CF063FCC6702B68F1
:10B930004360AB8803810848F4F7E2FF1CF087FC02
:10B94000437923B11CF083FC447944F480542046AD
:10B9500070BDFFF7C5FFE2E7CD1503080A4610B535
:10B960000421044642F237001CF04EFC032303710D
:10B970000023C470437183710548F4F7C1FF1CF0C4
:10B9800066FC407918B1BDE810401CF067BC10BDE2
:10B99000051603080A4610B50421044642F2380091
:10B9A0001CF032FC032303710023C47043718371C4
:10B9B0000548F4F7A5FF1CF04AFC407918B1BDE832
:10B9C00010401CF04BBC10BD51160308F8B50646DC
:10B9D0000F4642F23900062114461D461CF009FCB0
:10B9E00001238471240A0371C7704671C471057202
:10B9F0000548F4F785FF1CF02AFC407918B1BDE832
:10BA0000F8401CF02BBCF8BD9D1603080148FFF759
:10BA100007BD00BF19BA01082DE9F04F867987B03C
:10BA20000C3605900546805BC0F30B00FDF73EFE2B
:10BA3000044618B905A813F0BCFC4EE090F872302B
:10BA4000022BF7D1AB5B059AC3F30B0103F4405310
:10BA5000B3F5805F9060A95342D153796FF300032F
:10BA60005371836B002BE5D0042105A804F138063F
:10BA700013F0A6FD3046059913F089FDA06B002355
:10BA800001465A1CA9BBDBB2012B01D913F0F0FD12
:10BA9000A06B13F01AFD03281FD9D4F8389048463C
:10BAA00099F8067013F011FD0C3709EB070539F80A
:10BAB0000770A0F10408474522D9524FD4F838A0A6
:10BAC00007F1100957F804BB534642462946204661
:10BAD000D8474F4510D00028F4D007B0BDE8F08F0C
:10BAE000383013F066FC059A537943F00103537123
:10BAF000BAE713460968C4E70028EED130469AE752
:10BB0000A06B13F0E2FC04378742F7D36988A1F1F8
:10BB100040033F2B0BD80421304613F051FD204643
:10BB2000A26B69881CF01AFC0023A363D5E70529E2
:10BB30000BD0062961D00429E0D1304613F040FD36
:10BB4000A16BA06CFDF7CEFEEEE7294620461CF067
:10BB500003FC02460028D1D12B79122B06D0132BDF
:10BB600036D0204669791CF0CFFBC7E794F87330D4
:10BB7000022BF6D040F67A4029898B1F9BB2834274
:10BB800024D86A89931F9BB283421FD891421DD843
:10BB9000AB89B3F5FA7F19D240F6764CEF89A7F15D
:10BBA0000A0080B2604511D8B4F86A000290B4F877
:10BBB0006800CDE900702046FFF72AFD021E18BF7D
:10BBC0000122204669791CF05BFB97E70122F8E728
:10BBD00094F87330012B03D1204669791CF094FB53
:10BBE000A3681A048AD523F40043A3602B89012B90
:10BBF00084D12046FEF724FA80E72046A16B1CF092
:10BC0000EDFB91E790F4030810B5044619F0F2FB40
:10BC100030B1003C18BF01240020024B1C7010BD45
:10BC20000E20FCE75C7200200C4B01461A789AB992
:10BC30005B689B0710D490F97520013218BF012270
:10BC400091F8523013F0400005D091F8600010F0E8
:10BC5000400018BFD0B270470122F1E75C720020AB
:10BC6000024B586800F00200704700BF5C72002071
:10BC7000024B586800F00800704700BF5C7200205B
:10BC8000014B1B68184700BFD483002008B519F08A
:10BC9000B1FB012809BF034B0020586800F01000D9
:10BCA00008BD00BF5C72002007B5024608460428A4
:10BCB00002F0010113D9B1B903200C4B5A6002F014
:10BCC0008003019302F04003009302F0200302F08E
:10BCD000040200F0C7FB002003B05DF804FB00295C
:10BCE000EBD00328E9D12120F6E700BF5C720020E9
:10BCF00010B50D490D480EF06DFD044690B90C4B82
:10BD00000C4A1A600C4A5A600C4A9A600C4ADA6073
:10BD100000F00AFC032104460020FFF7C5FF0022C3
:10BD2000084B1A70204610BDEFBEADDEBEBAFECA8B
:10BD3000D483002059C401089F870308A5C40108C3
:10BD4000DDD301085C72002007B50191FDF7BCFC52
:10BD500088B1019B094A013393420CD845F218027D
:10BD6000002101AB1CF086FCB0FA80F040094000D5
:10BD700003B05DF804FB2120FAE700BF40420F004A
:10BD800038B504460320F0F7FBF80546D0B194F827
:10BD90007030037094F8753043702046FDF73AFD1B
:10BDA0002A46A87040F2026107481EF0CEFC074BFD
:10BDB0002046DB680121984794F97500BDE83840BA
:10BDC000FCF732BF38BD00BF78720020D48300205A
:10BDD00070B5054608200E46F0F7D2F8044680B14B
:10BDE00095F8703000210370064B4660DB682846EA
:10BDF00098472246BDE8704040F2016102481EF0BB
:10BE0000A4BC70BDD48300207872002038B50546EC
:10BE100008200C46F0F7B4F8024638B1C0E90054E7
:10BE2000BDE838400D2102481EF08FBC38BD00BF70
:10BE30007872002038B5054608200C46F0F7A0F8C7
:10BE4000024650B195F8703040F2056103704460CD
:10BE50000248BDE838401EF078BC38BD787200203A
:10BE600013B504460191114612B301A904200EF046
:10BE7000C1FC019B104A2046B3FBF2F102FB1133D7
:10BE800045F218020021019301AB1CF0F3FB0820DE
:10BE9000F0F776F8024648B194F8703040F2046149
:10BEA0000370019B436005481EF04FFC02B010BDBB
:10BEB00045F2180201ABE8E740420F00787200201B
:10BEC00010B504460120F0F75BF8024648B194F83B
:10BED000703040F203610370BDE8104001481EF06D
:10BEE00034BC10BD7872002038B5054608200C46D9
:10BEF000F0F746F8024650B195F8703040F207610D
:10BF0000037044600248BDE838401EF01EBC38BDD6
:10BF100078720020014B5B68184700BFD483002073
:10BF200010B50F4C2368D3B10022D3F8A0001A77C4
:10BF300083F83D2083F85E2011F063FD20684421E2
:10BF400060301EF06DFC206821211D301EF068FC61
:10BF500020682121BDE810403E301EF061BC10BDBC
:10BF600068720020F0B5062087B0EBF7ABFD13F048
:10BF70008FFD054640B901461A20FFF747FF6FF0D5
:10BF80008C04204607B0F0BD2F4E306811F039FD0B
:10BF9000044640B110F1880F05D0014640F2074039
:10BFA000FFF734FFEDE719F025FA0328074622D101
:10BFB0000024346010F05FFF000268606C6140F2A2
:10BFC000011128461CF053FA204B6946EB60204BC8
:10BFD0002B6000230093EDF709FA0446E0B1014617
:10BFE00040F20740FFF712FF284611F0F5FF284600
:10BFF00013F053FDC5E732686B686A61DAB222B9A3
:10C0000023F0FF0343F001036B6010F034FF0002E4
:10C0100040F001006860D2E7032FE5D101AB1022A8
:10C0200002A9009811F058FD1021044602A81EF044
:10C03000E9FB02A910201DF041FA102102A81EF010
:10C04000EFFB009B3360CFE76472002000444004A4
:10C0500000248000FF282DE9F84316BF1C4D1D4B1E
:10C0600045EA002581464FF006008846174608BF7E
:10C070001D68EBF727FD13F00BFD064618B30146CC
:10C08000284611F0E3FC0446304611F0A5FF304687
:10C0900013F003FD14F1880F0FD1B9F1FF0F0ED18A
:10C0A000FFF760FF044660B90A4B1D680020C8F81E
:10C0B000005007B13C60BDE8F883002CF6D0212089
:10C0C000F7E70025F2E71A206FF08C04F1E700BFD4
:10C0D00006800400647200202DE9F0418AB006ACAD
:10C0E000884615460346264600F110072246186882
:10C0F0005968083303C2BB421446F7D110213046B9
:10C100001EF080FB002306200593EBF7DBFC13F009
:10C11000BFFC044610B310274FF480711CF0A7F940
:10C12000194B1A49036005ABC16032462846029399
:10C13000CDE900873B46EDF793F80546F0B939465F
:10C1400040461EF05FFB394630461EF069FB204634
:10C1500011F042FF204613F0A0FC0BE06FF08C01C1
:10C1600040F20740FFF752FE102130461EF058FB08
:10C170006FF08C0528460AB0BDE8F081014640F218
:10C180000740FFF743FEDEE7002480000044400440
:10C190002DE9FF410546062088461646EBF792FC3E
:10C1A00013F076FC044648B901461A20FFF72EFE2C
:10C1B0006FF08C05284604B0BDE8F08110F05BFEFE
:10C1C0002A466D4600232F460002606063612046C8
:10C1D00006F580711CF04BF9144BE360144B23609F
:10C1E00002F110032E4610685168083203C69A42C5
:10C1F0003546F7D1102138461EF004FB4346102285
:10C2000039462046ECF73CFF054620B1014640F296
:10C210000740FFF7FBFD102138461EF001FB2046CA
:10C2200011F0DAFE204613F038FCC3E70044400466
:10C23000002480002DE9F0434FF0000987B0044648
:10C2400006200E4617469846CDE90499EBF73AFCCE
:10C2500013F01EFC054670B310F00DFE00024FF403
:10C2600080516860C5F8149028461CF000F9DFF88A
:10C2700074901B4B21462B601022C5F80C9004AB28
:10C28000ECF7FEFE044628BB05AB029310233246B2
:10C29000CDE9008349463B46049811F02FFD044642
:10C2A000C0B9049811F0ADFB284611F095FE284660
:10C2B00013F0F3FB0AE06FF08C0140F20740FFF748
:10C2C000A5FD049811F09DFB6FF08C04204607B08B
:10C2D000BDE8F083214640F20740FFF797FDE0E715
:10C2E000002480000002C003F0B50E460446154647
:10C2F00093B020223046434912F02FFC68B9202227
:10C300002846414912F029FC38B9404B1B681B7D77
:10C31000002B64D040F203401BE0246C2022304606
:10C3200004F1510112F019FC38B92022284604F119
:10C33000710112F012FC0028ECD00620EBF7C2FBD2
:10C3400013F0A6FB044630B901461A20FFF75EFD44
:10C350001A2013B0F0BD0027009710F08CFD0002EA
:10C3600060604FF48041204667611CF080F8284BE4
:10C370003046E360274B06F12002236004238DF84A
:10C3800004300DF1050350F8041B904243F8041BE0
:10C39000F9D10DF1050020211EF034FA28460DF1E7
:10C3A000250305F1200250F8041B904243F8041BBA
:10C3B000F9D120210DF125001EF024FA01A96B46C8
:10C3C00041222046ECF75CFE014650B9204611F0B0
:10C3D00003FE204613F061FB009811F012FB0020D1
:10C3E000B7E710F1870F03D040F20740FFF70EFDCB
:10C3F000204611F0F1FD204613F04FFB009811F09C
:10C4000000FB87E780F5030860F5030868720020E9
:10C41000000002091241000100F0C003402B07D1C7
:10C42000094B1B6873B100F03F0053F820007047C0
:10C43000802B01D1054BF4E7054A0648C02B08BF05
:10C440001046704703487047707200206C720020DD
:10C45000A188030835C90108014B1B68187A704789
:10C4600068720020003918BF0121003B18BF01236A
:10C4700010B50B4C003A246818BF0122A3749DF834
:10C4800008302070003B18BF0123E3749DF80C3086
:10C490002174003B18BF01236274237510BD00BFD7
:10C4A0006872002001280AD002280ED098B90B4BE0
:10C4B0001A68936943F00103002093617047074BAA
:10C4C0001A68936943F00203F6E7044B1A6893690C
:10C4D00043F00403F0E72120704700BF687200209A
:10C4E00038B5094D2C685CB9A42013F0D1FA286046
:10C4F00040B12246BDE83840044905480EF0C2B8B4
:10C50000002038BD1A20FCE768720020BD840308B3
:10C5100074720020024B034A00201A60704700BF6B
:10C520006C72002028F5030810B5144CFFF7F8FCD6
:10C530002068A4211EF074F903224FF0FF31236814
:10C540001A70D960002210211A7783F83D2083F8F1
:10C550005E201A829A7419729A61ECF77BFF044686
:10C5600048B918F047FF0328054B08BF00232046B1
:10C57000044A136010BD40F20740FBE768720020D8
:10C5800037000400647200202DE9F04383680446FC
:10C59000590687B040F1B18023F0400383601CF05E
:10C5A0002EF8802802D0402840F0AA8094F97580A7
:10C5B00004F13409B8F1FF3F1DD118F01BFF012829
:10C5C00071D1636B04201A888DF808201A4632F85E
:10C5D000021B090A8DF80910D3F8023002A9CDF820
:10C5E0000A3053680A22CDF80E30FCF7ABFAB0F1EE
:10C5F000FF3F804657D0A56815F4807553D10620BB
:10C60000EBF760FA13F044FA074698B901461A208E
:10C61000FFF7FCFB204641F20601FFF7D9FB20465D
:10C620000021FEF75DFF04F1340007B0BDE8F043E0
:10C630001CF035B820461BF0E2FF802828D1494D78
:10C64000394645EA0825284611F000FA06463846DC
:10C6500011F0C2FC16F1880F1BD1434D394645EA53
:10C660000825284611F0F2F90646384611F0B4FCC8
:10C67000384613F012FA96B9606B2A4602A90A30BE
:10C68000FFF72AFD70B3102102A81EF0C9F8C1E718
:10C690002E4620461BF0B3FF4028E9D1DDE73146A6
:10C6A00040F20740B4E794F87430DA0702D4A36884
:10C6B000DB05AFD5002201A904F118000192FFF7B4
:10C6C00067FD18B1019811F09CF9A3E7606B019A1E
:10C6D00002A90A30FFF700FD0546019811F091F913
:10C6E000002DD0D1204602A9FEF7FAFE02A81021A3
:10C6F0001EF096F848461BF0D2FF07B0BDE8F08365
:10C70000636B1A88002A85D1882801D04B2881D1F3
:10C710000021013313F8012F002A7FF47BAF013190
:10C720000829F7D1206C01A900F598700192FFF754
:10C730002FFD0028C6D1606B019A02A90A30FFF7CD
:10C74000CBFC0546019811F05CF9002D9BD12046E9
:10C7500002A9FEF7C5FE02A810211EF061F804F13F
:10C760003400C8E705800400038004002DE9F0438D
:10C77000804693B006200F4616469946EBF7A2F97D
:10C7800013F086F9044648B901461A20FFF73EFB2C
:10C790006FF08C05284613B0BDE8F08310F06BFBFA
:10C7A00000230002606063614FF4804120461BF06B
:10C7B0005EFE5A4BE3605A4B23605A4B1A68137F54
:10C7C000022B21D102F1600302F1800153F8040B26
:10C7D0008B4247F8040BF9D102F1A00153F8040B86
:10C7E0008B4246F8040BF9D1D2F8A0302046C9F8A4
:10C7F000003011F0F1FB204613F04FF9B8F1000FB3
:10C8000040F085800025C5E79369DB072DD5464BB1
:10C8100003F1200253F8041B934247F8041BF9D19B
:10C82000424B03F1200253F8041B934246F8041BC9
:10C83000F9D14B4620223E492046ECF721FC054623
:10C84000204611F0C9FB204613F027F9002DD5D062
:10C85000294640F20740FFF7D9FAB8F1000F99D006
:10C86000082140461BF0FAFF94E74946ECF7BEFD6D
:10C87000054690B1014640F20740FFF7C7FAB8F10C
:10C88000000F03D0082140461BF0E8FF204611F0BE
:10C89000A3FB204613F001F97CE76B46412201A976
:10C8A000D9F8000011F077F90546204611F094FB05
:10C8B000204613F0F2F84DB1294640F20740FFF749
:10C8C000A5FAD9F8000011F09CF8C6E73A460DF138
:10C8D00005030DF1250153F8040B8B4242F8040BBC
:10C8E000F9D132460DF1450153F8040B8B4242F861
:10C8F000040BF9D101A841211DF092FF38462021F7
:10C900001DF080FF202130461DF07CFF76E70022DD
:10C9100045F2160140461BF09DFE73E70000020938
:10C920001271000168720020A0F40308C1F403082A
:10C93000A0F5030845F20603994210B5044637D026
:10C940001FD840F20323994207D045F202039942CF
:10C950003FD040F2012399421FD1244894F870102F
:10C960001DF0CAFE94F873304FF4A041012B14BFA0
:10C9700080204020FFF750FD0022034620469847C4
:10C980000BE045F2170399422ED045F21A03994263
:10C9900005D045F20C0399421FD0482007E0C02182
:10C9A0001BF03DFE07212046FFF712FA002010BDC4
:10C9B00093791A44517C41F49051FFF709FA94F8A5
:10C9C00073302046012B14BF802140211BF027FE2D
:10C9D000ECE705211BF042FFE8E71BF010FE4128C1
:10C9E000E4D005212046F5E70220E0E7747200203C
:10C9F000B1F5A04F2DE9F0410446164600F0148130
:10CA0000A1F5A043DD1F042D00F215819279083BAA
:10CA10000C321644026C92F85021032B05D8DFE843
:10CA200013F043009B00B9000001D10719D5771D11
:10CA300010223946824812F090F8002862D018F08F
:10CA4000D9FC0128206C0ED103213A4690F95E01F1
:10CA5000FCF716F81021054638461DF0E1FE002DC2
:10CA60004CD100276BE03B461022032190F95E0178
:10CA700018F0C2FC94F873300546012B0DD13B46EB
:10CA800004F11802153653F8041BB34242F8041B94
:10CA9000F9D1A36843F48073A360102138461DF0D8
:10CAA000BFFE002DDDD011E012F00107D9D018F043
:10CAB000A1FC01282DD1236C062093F95E81EBF7B0
:10CAC00001F812F0E5FF054618B91A25002128469D
:10CAD00012E001465B4840EA082010F0B7FF8046AC
:10CAE000284611F079FA284612F0D7FFB8F1000F66
:10CAF0000FD0414640F20740FFF788F90821204651
:10CB00001BF0ACFE204608211BF0A8FE40F20340BB
:10CB100020E0206C06F1050843460A22022190F924
:10CB20005E0118F069FCD6F805300546A362D6F818
:10CB30000930E362B6F80D3023860028C6D1226C96
:10CB400092F8503123EA070382F8503120461BF057
:10CB500043FF0020BDE8F081920782D518F04AFC1F
:10CB6000012806F10506206C09D10621324690F90C
:10CB70005E01FBF785FF1021054630466DE7062173
:10CB80003346102290F95E0118F036FC102105465C
:10CB9000304684E793077FF564AF18F02BFC01283B
:10CBA0001AD1236C062093F95E71EAF78BFF12F01D
:10CBB0006FFF0546002888D00146234840EA072039
:10CBC00010F044FF0746284611F006FA284612F0F6
:10CBD00064FF0FB139468DE7717989B90A46731D33
:10CBE00013F8010F60B90132062AF9D194F85210F6
:10CBF000206C81F0080104F14C03C1F3C00106E090
:10CC000000394FF0060218BF0121206CB31D90F9C6
:10CC10005E0118F0F1FB054600287FF457AF0227AC
:10CC20008DE702F004078AE71BF055FC0022236C15
:10CC300083F85C218AE7BDE8F041FFF77BBE00BFC7
:10CC400050F5030803800400068004002DE9F04F2E
:10CC500097B01546DDE9209804AA06468C46924610
:10CC60001C46524B229F03F1100B964618685968D8
:10CC70000833AEE803005B457246F6D16B462022CE
:10CC800061465046FFF7D6FA8346002871D1484BDB
:10CC900005F11002089365238DF824300DF125036A
:10CCA000184655F8041B954243F8041BF9D110218E
:10CCB0001DF0A8FD0DF13503184604F1100254F8DB
:10CCC000041B944243F8041BF9D110211DF09AFD76
:10CCD00099F80630062183F00803C3F3C0038DF8EA
:10CCE0004530D9F800300DF14600CDF84630B9F89E
:10CCF00004300124ADF84A301DF084FD98F8063068
:10CD0000062183F00803C3F3C0038DF84C30D8F834
:10CD100000300DF14D00CDF84D30B8F80430ADF8CD
:10CD200051301DF06FFD002335228DF854306846D8
:10CD3000239B08A98DF85340FFF77CFA8346C0B9BE
:10CD4000102123981DF05EFD3B463522684608A958
:10CD50008DF82040FFF76EFA834650B9B27C014649
:10CD6000C2F11002384611F022FF102138461DF0A2
:10CD700049FD102168461DF053FD352108A81DF01E
:10CD80004FFD102150461DF04BFDBBF1000F06D0AA
:10CD9000082130461BF062FD17B0BDE8F08F5A46FF
:10CDA00045F2120130461BF055FCF5E7E2F40308AA
:10CDB0000062746C70B51E460423054696B0144696
:10CDC0008DF8143001F120020DF1150351F8040B18
:10CDD000914243F8040BF9D120210DF115001DF00B
:10CDE00011FD22460DF1350304F1200152F8040B28
:10CDF0008A4243F8040BF9D120210DF135001DF0D2
:10CE000001FD04AB0293202301931A9B314600934A
:10CE10000E48412305AA10F084FF0446412105A8CD
:10CE20001DF0FEFC54B1214640F20740FEF7EEFF34
:10CE3000082128461BF012FD16B070BD224645F2AF
:10CE4000150128461BF006FCF6E700BF00000209AA
:10CE5000F0B545F20E06B142044615468DB00ED02F
:10CE600045F21306B1425CD0B1F5A04F40F0BD8051
:10CE70001BF031FB236CD3F85831190757D5236CBD
:10CE8000D3F8582112070CD4AA7903F584730C3215
:10CE900015446A1D153552F8041BAA4243F8041BB9
:10CEA000F9D10023256CCDE90833CDE90A3385F8A3
:10CEB0005C3195F85D310DF1200C042B2AD14D4BDE
:10CEC0001B6893F83D205AB1674603F11D022D33CC
:10CED0003E4610685168083203C69A423746F7D179
:10CEE00005F5A073069304F15A03059304F1530367
:10CEF00004932B7905F1C80203936B790293AB7904
:10CF0000CDE900C305F1B803204605F1F8011BF097
:10CF1000BFFE0CE0013B022B9CBFD5F82C310893DF
:10CF2000DEE7056C95F85C3123B1012B54D000206D
:10CF30000DB0F0BD102205F5A07105F5847011F05B
:10CF40000CFE20B10B2120461BF088FCEFE7D5F842
:10CF500058310DF1200C9B0742BF94F8743043F018
:10CF6000020384F87430012385F85C310023CDE995
:10CF70000833CDE90A3395F85D31042B25D11D4BDB
:10CF80001B6893F85E205AB1674603F13E024E33A8
:10CF90003E4610685168083203C69A423746F7D1B8
:10CFA00005F58C73069304F15303059304F15A03BA
:10CFB0000493EB7A05F1B80203932B7B02936B7B0E
:10CFC000CDE900C305F1C8039EE7013B022B9CBFDE
:10CFD000D5F82C310893E3E705F58C711BF097FA2F
:10CFE000882120461BF01BFBA1E70DB0BDE8F040F7
:10CFF000FFF7A0BC6872002045F21403994213B5F4
:10D0000004462BD00CD8B1F5A04F13D045F20E0337
:10D01000994232D0204602B0BDE81040FFF78ABCEA
:10D0200045F219039942F5D1137813BB0C211BF07B
:10D0300015FC10E01BF04FFA216C204601F59473AB
:10D04000019301F1B803009301F1510201F1C8030A
:10D0500011311BF0BEFE002002B010BD036CD3F8EE
:10D060002821114BB2FBF3F103FB1121FEF7E2FE85
:10D07000F1E787211BF0D3FAEDE79179036C0C31CE
:10D080000A44511D03F58473153251F8040B914283
:10D0900043F8040BF9D1226CD2F8583143F008035D
:10D0A000C2F85831D7E700BF40420F0045F21003E5
:10D0B00030B59942044685B000F0A6800CD8B1F591
:10D0C000A04F27D045F20503994228D0204605B04D
:10D0D000BDE83040FFF72EBC45F21103994200F045
:10D0E000B08045F212039942F0D1016C91F85D31A4
:10D0F00013B1043B012B03D82046B8311BF023FAAF
:10D10000236C93F85D31042B40F2DF80052B03D1B3
:10D11000862192E01BF0DFF9002005B030BD917947
:10D12000036C0C310A44511DC833153251F8040BFD
:10D13000914243F8040BF9D1206CD0F8583113F028
:10D14000040354D090F85D31042B22D1604B1B684E
:10D1500093F85E5065B1002100F111020091114673
:10D1600000F5A07001903E3320461BF0C5FBD3E7CD
:10D170001021B8301BF089FA58B1082120461BF065
:10D180006DFB40F207402946FEF740FE40F20740A3
:10D19000C3E7216C91F85D3101F1C80213B1043B82
:10D1A000012B12D801F1F803039301F59873029350
:10D1B00004F15A03019304F15303009301F1B803FE
:10D1C0002046D831FFF742FDA6E701F5A073019391
:10D1D00091F85C01D1F82C31C34003F0010343F016
:10D1E00080030093134601F151021131BCE780F82E
:10D1F0005C3100F1C802009300F5987100F5A0734E
:10D2000020461BF05AFE87E7056C102205F19801B5
:10D2100005F5A07011F0A1FC20B1042120461BF0FF
:10D220001DFB79E78821D5F858319B0742BF94F858
:10D23000743043F0020384F8743020461BF0EFF999
:10D240006AE7056C95F85D3105F5A070042B1ED1D9
:10D250001F4B102219684E3111F07FFC0028DCD1E1
:10D26000102105F1B8001BF010FA216C01F1F80350
:10D27000039301F59873029304F15A03019304F1A7
:10D280005303009301F1C80201F1B80398E7014686
:10D29000102205F1980011F060FC0028BDD105F1C5
:10D2A000B80120461BF04FF9216C91F85C31013335
:10D2B000DBB2142B81F85C31D8D0D1F8583123F08F
:10D2C0000103C1F858318421B7E78721B5E700BFD2
:10D2D0006872002045F215039942F7B5044651D013
:10D2E0000CD8B1F5A04F19D045F20D0399421BD0CF
:10D2F000204603B0BDE8F040FFF71CBB45F2160323
:10D300009942F5D1016C01F1D8030093D1F8943022
:10D3100001F131021131FFF74DFD01E01BF0DBF8A7
:10D320000027384603B0F0BD93790C331A44551DDD
:10D3300002F1250632462946FEF7D6FF074620B100
:10D340000B2120461BF08AFAEBE72946236C1133A8
:10D3500051F8042BB14243F8042BF9D1236C01F1AD
:10D360002002313351F8040B914243F8040BF9D1F8
:10D37000216C204601F1940301F171025131FFF754
:10D38000F5F9CDE71BF017F9236C93F85D31052B08
:10D39000C6D8DFE803F0190311111E1920468221B7
:10D3A0001BF03DF90C4B20461B68D9684B1C5A42B8
:10D3B0005A41FEF755FDB3E7204682211BF02FF9B5
:10D3C0002046FEF77DFDABE7832120461BF027F9C1
:10D3D000A6E78521F9E700BF68720020204B10B551
:10D3E0001B6804469B6913F0040310D141B180F817
:10D3F000773090F87010BDE810401A481DF07CB9E5
:10D4000090F87330012B03D18368580705D410BD01
:10D41000022B02D183685907F9D494F9772094F844
:10D420007730002AF3DBB3B9012384F8773094F81E
:10D4300077305B08EBD04FF47A7294F87010534356
:10D44000084800220DF0FCF894F8773063F07F0371
:10D4500084F87730DBE75A06E9D45B00E5E700BFE4
:10D46000687200207472002045F21E0399422DE973
:10D47000F3410446154611D845F21603994214D8D3
:10D4800045F20103994200F0438345F202039942B9
:10D4900000F09C80B1F5A04F00F040832A46204662
:10D4A00002B0BDE8F041FFF745BAA1F5A043173B34
:10D4B000072BF3D801A252F823F000BFDDD40108F6
:10D4C0009DD401089DD401089DD40108CBDA010840
:10D4D0009DD401089DD6010863D60108874E3368A4
:10D4E0001A7F022A11D1DA7C7AB193F85E3063B9DF
:10D4F00041F20221FEF76CFC20460121FFF76EFF8E
:10D5000041F2022002B0BDE8F081A368590701D5BD
:10D510000220F7E72046FEF787FB3368051E1A78DE
:10D5200018BF0125032A07D019696AB211F0FF1F3D
:10D5300028D042F0040503E094F87420920729D41F
:10D540009A69960723D41A7F012A20D045F008054E
:10D5500002210B201AF0CFFF024600B38379034467
:10D560005D7394F97530013303D094F87430DD079E
:10D5700003D5A36843F00203A360062120461AF0F6
:10D58000A3FE0CE094F874108F07D2D4D8E75B7C2C
:10D59000002BDDD041F203212046FEF719FCA368E1
:10D5A000224643F00403A360554920460DF06AF873
:10D5B0000221204617F09EFF47F23053002245F229
:10D5C0001A0120460DF03CF800209BE783685807BD
:10D5D00003D494F97730002B05DB236C53B1D3F8D7
:10D5E0005831D90606D5204609211BF037F941F2FA
:10D5F000092087E720461AF040FF28B90821204675
:10D600001BF02CF921207DE7206CD0F8583143F035
:10D610001003C0F85831AB790C332B445A68C0F86A
:10D6200003201A89A0F8072001229B7A4372236CF9
:10D63000DA70A26812F0040610D122463049204662
:10D640000DF020F80221204617F054FF47F2305326
:10D65000324645F21A0120460CF0F2FFA3689A0503
:10D66000B2D5236C002BAFD0D3F85831DB06ABD545
:10D67000FEF7FEFA94F9751030B1A3689F0703D442
:10D680002046FEF731FC9FE70846FBF7DBF928B19F
:10D6900094F87430DE0701D40521B0E7236C002B29
:10D6A0003FF436AFD3F85831D8067FF531AF99063D
:10D6B0003FF52EAFFEF7DCFA48B1A3689A0706D40F
:10D6C0002B7823B9052120461BF0C8F87CE7A36816
:10D6D000256C23F00203A360D5F85831074F43F0BF
:10D6E0002003C5F858313B68EA791B7A934202D887
:10D6F000A37C934206D9062181E700BF687200200F
:10D700007586030894F9521094F852300029B2BF7C
:10D71000012383F00803C3F3C003102A28BF10229B
:10D720006B7094F86030204683F00803C3F3C003A5
:10D73000AB70A274AE79FEF777FA90B3F30730D5E9
:10D7400094F97530D4F84080581C20D088F85E31A8
:10D7500006F00D063B689A69910704D41A7F012AE6
:10D7600001D0320701D406F0F7061A78032A1BD03D
:10D770001B6913F0FF1F01D046F0040607210220A9
:10D780001AF0B9FE0190A8B940F20340BAE620466B
:10D79000FBF72EFB88F85E01236C93F95E310133B1
:10D7A000D6D106F00C06D5E71B7F002BE6D106F09C
:10D7B000FB06E3E790F806C03A680CF10C0C13780E
:10D7C00000EB0C014B70137F012B06D0022B45D1CF
:10D7D00092F85E30003B18BF01238B701023CE708F
:10D7E00016F0010608BF32460B711FBF2B7A6A7A0A
:10D7F00003F003034B71236C14BF02F003024E715C
:10D800008A7183F851214A7983F8502150F80C200D
:10D81000C3F80A208A88DA818A791A7406B3206CE0
:10D8200090F8501111F002061AD194F85210062205
:10D8300081F0080190F95E0104F14C03C1F3C001CD
:10D8400017F0DAFD60B13146FEF7E0FA2046082114
:10D850001BF004F801A811F0ACFD95E70023BCE72C
:10D86000019E002E90D0FEF7FBF995F806C018B97E
:10D8700094F9753001330FD01CF0010F04D0236CE4
:10D8800093F95E31013307D1052120461AF0E6FFF6
:10D890003046EEF74FF9B5E63B680CF00802597CCC
:10D8A00029B112B16A7B100703D40321EDE7002AE6
:10D8B00070D06A7B11076DD5D5F8581141F004017D
:10D8C000C5F85811B5F8501121F4807121F001010B
:10D8D000A5F85011187F697902280FD091B942EA52
:10D8E0000C0212F0040240D185F85D211B7C002B54
:10D8F000DBD194F874309807D7D40DE021B993F8B0
:10D900005E203ABB0221C0E7012283F83D20DA7C89
:10D9100032BB042385F85D3194F91330022B03D117
:10D92000D5F858315A07C0D517F064FD01284DD1FC
:10D9300094F97500431C49D0002201A9C0B2FEF73A
:10D9400089FB002842D1236C93F85021910737D4EA
:10D950000A219AE783F83D10DB7C002BD2D1D8E76F
:10D9600093F85E30002BD4D1CCE72A791978052AB8
:10D9700028BF03227C4801EB810101448A5C85F8C1
:10D980005D211B7C1BB994F874309907C4D5002A1B
:10D99000C2D18AE71A7F012A02D16A79002AB8D156
:10D9A0001CF0040F03D16A7B12F004029CD02A7988
:10D9B0001978052A28BF03226C4801EB8101DCE7B6
:10D9C00093F851319A0701D40A2118E694F97500A9
:10D9D000431C18D0226C0821D2F8583143F0400380
:10D9E000C2F8583117F01FFD052194F9750017F0A2
:10D9F000EEFC032194F9750017F0E9FC062194F977
:10DA0000750017F0E4FC3246062120461AF05CFC53
:10DA100095F85D31206C042B1DD13B6800F59870A2
:10DA200003F11D022D3352F8041B9A4240F8041BE7
:10DA3000F9D1D5F8583195F85D2103F004018AB980
:10DA400023F00203C5F85831E274B9B181212046B0
:10DA50001AF0E5FDB8E51022002100F5987011F0EC
:10DA6000A6F8E6E743F00203C5F8583141B90123AF
:10DA7000032AE37412D9042A7FF4A6AD8421E6E7D1
:10DA8000A37C0F2B89BF94F87430012343F0080363
:10DA900084F8743088BF0223E374D7E7012A07D0E3
:10DAA000204682211AF0BBFD2046FEF709FA8BE5DD
:10DAB000204682211AF0B3FD3B682046D9684D1CF0
:10DAC0006A426A41FEF7CCF97EE590F87430D807D7
:10DAD00007D4802120461AF0A2FD29462046FEF7F1
:10DAE00077F9A36859077FF56FAD45F21A01204613
:10DAF0001CF002FE224620461D491CF036FEA3689B
:10DB000023F00403A36002212046FBF71BFE5BE524
:10DB10000246174917480CF0B5FD55E545F21A01C4
:10DB20001CF0EAFDA36823F03E03A360236C6BB1F5
:10DB300093F95E01421C09D094F97520013203D09B
:10DB4000D3F858315B0601D5FBF778F8224620461A
:10DB500007491CF00AFE2246054906481CF005FE4E
:10DB600020461AF0DBFDCEE7F3F403080CF50308BA
:10DB700075860308787200200138C0B20A289ABF5F
:10DB8000014B185C00207047C0F5030801490248AA
:10DB90001CF0E7BDE4830020787200201022074BC0
:10DBA00028215A826422C3E905124FF6FF729A8334
:10DBB00000221A604FF470629A8470477C720020D1
:10DBC00038B5114C94F82430EBB1226812F00105FD
:10DBD00019D1201DFEF79EF9236843F0020323604C
:10DBE0001BF06FFC78B14EF6602294F825304FF4AC
:10DBF0008271534305482A460CF022FD18B9236868
:10DC000043F00103236038BD7C720020787200204D
:10DC100022F00042B2F5827F10B511D1094B1A688B
:10DC200093F8244022F00102012C1A6006D117F06B
:10DC300034FFFFF7C5FF20460CF08AFE012010BD1F
:10DC40000020FCE77C72002030B5044685B0084611
:10DC500003911BF03EFD830708D410F0010003D0B0
:10DC600003A811F0A6FB012005B030BD03998B7904
:10DC700003F10C0288188A5C013A202A00F217810D
:10DC8000DFE812F021001501B1001501B400150103
:10DC9000BD001501C4001501CC001501D40015010B
:10DCA000DB001501E9001501F10015011501150151
:10DCB000F300150101011501030115010C01150106
:10DCC00015011501E20003790BB103F58853427881
:10DCD000023A1E2AC4D801A151F822F059DD0108E8
:10DCE00061DC010863DD010861DC01086FDD01080A
:10DCF00061DC01087BDD010861DC010887DD0108CA
:10DD000061DC0108ABDD010861DC010893DD01087D
:10DD100061DC0108B7DD010861DC0108C3DD010831
:10DD200061DC010861DC010861DC0108CDDD01086E
:10DD300061DC0108DDDD010861DC010861DC01084E
:10DD400061DC010861DC010861DC010861DC0108BB
:10DD500061DC01089FDD010817212046FDF72AFB41
:10DD60007EE700222046114619F0D8FD78E71A46D2
:10DD70000021204619F07FFE72E70022204611465E
:10DD80001AF029F86CE700222046114619F0D2FE5D
:10DD900066E71A460021204619F0BFFF60E71A46E1
:10DDA0000021204619F0D8FF5AE71A4600212046E4
:10DDB00019F096FF54E70022204611461AF0FEF8AB
:10DDC0004EE7194620461AF062F949E7009300230E
:10DDD00020461A4619461AF064F941E719462046CA
:10DDE0001AF0B1F93CE7B0F80110B6E702338B71D5
:10DDF0000A4600234178204619F090FD33E70133AD
:10DE0000002220468B7119F036FE2CE702338B710D
:10DE100042780023204619F0DEFF24E701338B719E
:10DE2000002320461A4619F085FE1CE70133002224
:10DE300020468B7119F054FF15E70133002220466C
:10DE40008B7119F06AFF0EE70133002220468B71B7
:10DE500019F082FF07E702338B71427800232046D6
:10DE60001AF0ACF8FFE60021ACE705338B71002314
:10DE7000B0F80320B0F8010000930B46014620469D
:10DE80001AF00FF9EFE60021A9E703338B710A4678
:10DE9000B0F8011020461AF075F9E4E603338B71EF
:10DEA0000A46B0F8011020461AF075F9DBE60020AA
:10DEB000DAE600BF38B5FCF799F90446FCF7F8F943
:10DEC000054606481CF0D6FB002303714371236806
:10DED000C0F80630A3880573438138BD20090205C8
:10DEE00013B5C37A0093B0F80930D0F80520D0F804
:10DEF0000110007817F0FCFD044603481CF0BAFB43
:10DF0000848002B010BD00BF20020403FF2337B598
:10DF10000DF107008DF80730FBF75AFF044604485F
:10DF20009DF807501CF0A6FB8480857103B030BDBE
:10DF30002003040110B5007817F088FE044602485B
:10DF40001CF098FB848010BD2002040210B50078FC
:10DF500017F065FE044602481CF08CFB848010BD5F
:10DF60002002040A4B7937B55B0705460C460CD4F2
:10DF700020461421064A11F084F801A8019411F0FA
:10DF8000ACF810B9A3791C44257403B030BD00BFB0
:10DF9000ECF50308024B1B6803B11847704700BF3C
:10DFA000C472002010B50021044600781BF0E9FB84
:10DFB00048B16178207817F088FD044603481CF0CA
:10DFC00059FB848010BD0224F8E700BF20025601EF
:10DFD00010B54178007817F0FCFD044602481CF0AB
:10DFE00049FB848010BD00BF200256020020024B76
:10DFF0001870024B187070479E8000209D80002092
:10E00000F0B50D4691B0831C09AC00F11A0226460A
:10E0100018685968083303C693423446F7D11B8801
:10E020001C213380284611F0CBFABDF826402E681B
:10E0300014F00C0439D1304611F047FA871EA7427C
:10E040000DDA4FF0FF3400239C428DF81C301EDBAC
:10E0500001223146A31C07A811F09AF917E0631CAE
:10E060000122314605A811F093F99DF81430012BD7
:10E07000E9D023460122314607A811F089F99DF81D
:10E080001C3013B101331C44D9E78DF81C300CF05F
:10E090000DFC012804D0022831D030B911B0F0BDF8
:10E0A0009DF81C3013F0010FF8D09DF82F0000F000
:10E0B00057FF04469DF8300000F052FF07AF9DF86F
:10E0C00028200DF12901064605A8FCF7D7F83846A7
:10E0D0009DF836200DF13701FCF7D0F80C4B1B787A
:10E0E000DB0711D405A817F0C1F9CDE901053246C7
:10E0F0002146009705AB09A800F00CF8CEE79DF883
:10E100001C3013F0030FCFE74FF0FF30EDE700BFF7
:10E110009D8000202DE9F74FB0F802C006461CF0A4
:10E12000100F1C460C9F9DF934A0DDF838B033D099
:10E130005FFA8CF51CF0080F184614BF05F00805AF
:10E1400005F00F051CF075FB814638461CF071FB8D
:10E1500096F90F3080465A46042113480193767889
:10E1600010F0FAFF019BA0B105712268C0F80520EC
:10E17000A28880F80B90A0F8092080F80CA04373C7
:10E1800086733B68C0F80F30BB8880F81580A0F814
:10E19000133003B0BDE8F08FCDE90DAB0C9703B0A1
:10E1A000BDE8F04F00F00CB810F6030808B51CF0FD
:10E1B0003FFB0020014B187008BD00BF9F8000206E
:10E1C0002DE9F04F1D468FB0CDE908129DF964305E
:10E1D00004460A9343882846C3F3411304931CF072
:10E1E00028FB059018981CF024FB2E4B2E4E1B6824
:10E1F00006901B3B07931A9B1B6813B90FB0BDE831
:10E20000F08F0DF133030193079B012204990093D2
:10E210001A98022310F014FF94F90F300D906788BC
:10E220000B939DF83330B4F81080029333780421B7
:10E230001E480DAA039394F801B094F80DA094F928
:10E240000E9010F089FF0B9B38B307F00F07077192
:10E250002A68C0F80520AA884373A0F80920059A07
:10E26000189BC2720A9A80F80EB002731B68C0F83D
:10E270000F30189B9B8880F816A0A0F81330069BDF
:10E2800080F819904375089BA0F81A80C375099B04
:10E290000376029B0377039B437733780133337014
:10E2A000A9E700BF187300209F80002014F6030820
:10E2B00010461946F8B522F0004340F20A42934254
:10E2C0000ED8B3F5806F59D96FF480621344092BCF
:10E2D00054D8DFE803F00D101F3050505050530D4C
:10E2E00040F20152934234D0A3F20253032B45D89B
:10E2F000FBF770F80CE00D784C688A6901F10803AF
:10E300001F48002110F001FF10B10571C0F8054051
:10E310000120F8BD0E784D880C798A6901F1080357
:10E320001848002110F0F1FE0028F1D00671A0F885
:10E330000550C471ECE70D784C884A690B1D1248F2
:10E34000002110F0E2FE0028E2D00571A0F805409F
:10E35000DEE70F784E880D79CC8801F108020B4872
:10E36000002110F0F9FE0028D2D00771A0F8056056
:10E37000C5710481CCE7FAF747FFC9E70020C8E779
:10E3800024F6030820F603081CF6030818F6030811
:10E3900000487047B1E2010810B50078FDF734FC81
:10E3A000044602481CF066F9848010BD20020F006C
:10E3B00010B541780078FDF777FC044602481CF060
:10E3C00059F9848010BD00BF20020F0110B5D0F8AC
:10E3D00001100078FDF7B8FC044602481CF04AF929
:10E3E000848010BD20020F0810B54178007819F024
:10E3F000C9FF044602481CF03DF9848010BD00BFEF
:10E4000020020F0901481CF02AB900BF1C7300202C
:10E4100030B5124B0D469942144689B01BD193007A
:10E4200011D505A906A80CF0BBF906230022039319
:10E43000059BE1B20293069B2846CDE9003241F0EC
:10E4400000511CF063F9064810F04EFE00B1047153
:10E45000012009B030BD0020FBE700BFC8720020DA
:10E4600048F6030822F00042B2F1A04F08B504D1EB
:10E47000034810F039FE012008BD0020FCE700BF72
:10E480004CF6030810B5047FD4B1102C28BF10241B
:10E490001CF0B6F9621C81B200230620D2B2EDF75F
:10E4A000C9FC044650B9074907481CF05AF9074807
:10E4B00007491CF056F90748EDF796FC204610BDB9
:10E4C0000424E5E7FC830020CC720020C872002001
:10E4D0000C840020F483002073B54278037843EA6B
:10E4E0000223ADF804308378C27843EA0223ADF802
:10E4F0000630FFF787FF88B10DF1060101A81AF079
:10E50000B3FF04460648BDF90460BDF906501CF08F
:10E51000B1F88480C680058102B070BD0224F1E7A5
:10E520002006011722F00042B2F5887F2DE9F0475E
:10E530001C4600F0E2800ED840F203139A423CD011
:10E5400040F209139A4200F0C2800E2A00F0B38014
:10E550000020BDE8F08740F207239A4247D0B2F589
:10E56000037F56D040F206239A42F1D120684C3006
:10E57000FBF79EFE25680746644895F8736095F89A
:10E5800070A095F9759095F87680A48810F0ACFD90
:10E590000028DDD0EB6C4360B5F850308772038102
:10E5A000731E5E425E41C67280F80CA080F80D902A
:10E5B00080F80E80A0F80F40CAE72078FBF784F8B7
:10E5C0000028C5D0524894F800806788A688E5885E
:10E5D000247A10F089FD0028BAD080F80480A0F8D1
:10E5E0000570A0F80760A0F80950C472B0E7207861
:10E5F000FBF76AF80028ABD060782578FFF7BCFA03
:10E600000446444810F070FD0028A1D00571447103
:10E610009EE7A578012D1ED0022D2DD0CDB9E3782F
:10E6200094F80080023BDBB2022B8CBF01253A4AF2
:10E6300094F90470667998BFD55C94F90640374820
:10E6400010F052FD28B180F8048045718771C671C1
:10E65000047201207DE7E37894F80080023BDBB28E
:10E66000022B98BF2C4A94F90470667998BFD55C48
:10E6700094F906402A48E3E7E3782A48023BDBB2F4
:10E68000022B94BF244A012594F80180277898BF73
:10E69000D55C94F90490667994F9064010F024FD55
:10E6A0000028D6D0A0F804808771C57180F8089042
:10E6B00046728472CDE723460822002113F8014BED
:10E6C000194810F022FD0028C3D00471C1E7174893
:10E6D00094F800806788A688E588248910F004FDF6
:10E6E0000028B6D080F80480A0F80570A0F8076074
:10E6F000A0F80950A0F80B40ABE70D481C7810F0CB
:10E70000F3FC00283FF424AF047121E788F60308E6
:10E7100084F603087CF6030850F6030874F6030831
:10E7200070F6030878F603086CF6030868F6030829
:10E7300080F603080022084B10B51A609A80026820
:10E740001A60187817F00CFC044618B903490448FD
:10E750001CF007F8204610BDE07E00201C8400203D
:10E760007872002008B5034B5888FBF745FC002061
:10E7700008BD00BFE07E002010B50078FAF7A4FFC6
:10E7800040B1132117F0EEFB044603481BF072FF63
:10E79000848010BD2524F8E72002060573B51446D1
:10E7A00006460D4620461421094A10F06AFC01A8CD
:10E7B000019410F092FC48B9A3790C331C44054B2A
:10E7C000A6711B79A5800BB11AF0F7FF02B070BDDE
:10E7D00064F60308E07E00202DE9F04F00218FB0A1
:10E7E00042F2890019F005FD3348F2F789F819F073
:10E7F0002EFD44790CB144F480548179437A0D9113
:10E80000B0F807200B93037B0C920193437B90F8A5
:10E810000AB00293837B90F80BA00393C37B90F81C
:10E8200020600493037C0593B0F811300793B0F88F
:10E8300013300893437D0693C38A0993038B0A938D
:10E84000B0F81A90B0F81C80C78B90F821501B4884
:10E850001BF010FF0B9B0D994372019B0C9A0373E5
:10E86000029B84804373039B81718373049BA0F894
:10E870000720C373059B80F80AB00374BDF81C30F1
:10E8800080F80BA0A0F81130BDF82030A0F81A9045
:10E89000A0F81330069BA0F81C804375BDF8243007
:10E8A000C783C382BDF82830038380F8206080F8D6
:10E8B00021500FB0BDE8F08FC91F0308201E590872
:10E8C00038B504460078FAF7FFFE054670B3052117
:10E8D00042F28D0019F08DFCB5F86E300246A0F8BA
:10E8E000033061784379D9B143F00103A178D1B104
:10E8F00043F002035371E3780D4893712379D37188
:10E90000F1F7FEFF19F0A3FC447924B119F09FFC44
:10E91000447944F4805407481BF0ACFE848038BD31
:10E9200003F0FE03E2E703F0FD03E3E72524F2E74B
:10E93000C91F03082002590110B501780446CB070E
:10E9400022D44B1E1F2B1FD80131C9B24FF62D40C8
:10E9500019F04FFC214611F8012B0430530800F840
:10E96000013C10F02FF90948F1F7CAFF19F06FFCCC
:10E97000447924B119F06BFC447944F48054044880
:10E980001BF078FE848010BD2124F8E7C91F03081E
:10E990002002590710B58088FAF788FE30B190F848
:10E9A0007040034810F0A0FB00B1047110BD00BF1F
:10E9B000B0F603082DE9F04F04468FB08088FAF7CF
:10E9C00075FE00286CD0E67890F87010A2790EB130
:10E9D00046F48056607A257C0090A07A012D019043
:10E9E000E07AE3790290207B94F808B00390607B92
:10E9F0000490A07B0590E07B069004D0022D02D00D
:10EA0000032D08BF0425CDE90C23E37E2648079398
:10EA1000237F0B910893637F94F820A00993A37F31
:10EA200094F821900A9394F8228094F8237010F0BF
:10EA30005BFBDDE90B120D9B90B30372009B017130
:10EA40008372019B4271C372029BC6800373039B56
:10EA500080F809B04373049B45748373059BC373AB
:10EA6000069B0374D4F81130C0F81230D4F8153076
:10EA7000C0F81630B4F819304383079B0377089B1E
:10EA80004377099B83770A9B80F821A0C3770023F3
:10EA900080F8229080F8203080F8238080F824705D
:10EAA0000FB0BDE8F08F00BFACF603082DE9F04FC2
:10EAB000044689B08088FAF7F9FD00283DD000238C
:10EAC00062890793E578237BADF81C2090F87010DD
:10EAD000A2798DF81E300DB145F48055E379CDE96A
:10EAE00004120393079B16480193638AE789268AD9
:10EAF000029394F808B094F909A094F80D80B4F842
:10EB00001490E48A10F0F0FAB8B1039B04990372F0
:10EB1000019B059AC0F80B30BDF8083001714271B5
:10EB2000C58080F809B080F80AA080F80F800782BD
:10EB300046828382A0F81690048309B0BDE8F08F66
:10EB4000A8F603082DE9F04F0C468BB0821C05AEE9
:10EB500000F11203354610685168083203C59A4225
:10EB60002E46F7D12046122110F02AFD40F6FF7301
:10EB7000BDF81500984238D0FAF798FD90B390F898
:10EB800070509DF81730224603939DF821300021E4
:10EB900000939DF82230164801939DF82330BDF86C
:10EBA00018B0BDF81AA0BDF91C909DF91E809DF803
:10EBB0001F709DF82060029310F0CEFA90B1039B75
:10EBC00005714371009BA0F806B0C373019BA0F8C8
:10EBD00008A00374029BA0F80A9080F80C80477389
:10EBE000867343740BB0BDE8F08FFF25C9E700BF03
:10EBF000A4F603082DE9F04F024685B06B468B461C
:10EC0000D0F80200D2F80610927A03C358460B21BE
:10EC10001A7010F0D5FC40F6FF73BDF80100984261
:10EC200023D0FAF743FDE8B190F870405A4600212E
:10EC30000F489DF803A09DF804909DF805809DF86D
:10EC400006709DF807609DF8085010F085FA48B1ED
:10EC5000047180F805A080F8069080F8078007729C
:10EC60004672857205B0BDE8F08FFF24DEE700BF75
:10EC7000A0F603082DE9F04F04468FB08088FAF71C
:10EC800015FD002866D0E57890F870100DB145F4B8
:10EC90008055A2790D910C92B4F807302F480B9350
:10ECA000E37A94F809B00093237B94F80AA00193C7
:10ECB000637B0293A37B0393E37B0493237C059301
:10ECC000B4F811300793B4F813300893637D0693BA
:10ECD000E38A0993238B0A93B4F81A90B4F81C8042
:10ECE000E78B94F8206094F8214010F0FDF988B388
:10ECF0000B9B0D990381009B0C9A0373019B01717F
:10ED00004373029BA0F805508373039BC271C373C6
:10ED1000049B80F80AB00374059B80F80BA0437431
:10ED2000BDF81C30A0F81B904382BDF820308382D0
:10ED3000069B8375BDF82430A0F81730BDF8283045
:10ED4000A0F81930A0F81D80A0F81F7080F821608D
:10ED500080F822400FB0BDE8F08F00BF9CF603089A
:10ED600022F000420D2A73B51C460ED06FF4C0632A
:10ED70001A440B2A12D80B2A10D8DFE802F03B12F3
:10ED8000242C370F46505F84878E0422002153F8CD
:10ED9000044B444810F0B9F900B18480002002B05F
:10EDA00070BD2078FAF790FC0028F7D03E4826780E
:10EDB00094F90150A47810F097F90028EED006716C
:10EDC00045718471EAE72478384810F08DF90028FD
:10EDD000E4D00471E2E725783548646810F084F9DE
:10EDE0000028DBD00571C0F80540D7E72578314809
:10EDF0006468F3E730482578646810F075F90028F6
:10EE0000CCD00571A0F80540C8E72C482578646887
:10EE100010F06AF90028C1D005714471BEE763782B
:10EE200027480D2B96BF274A0125D55C247810F082
:10EE30005BF90028B2D004714571AFE76378002117
:10EE40000D2B98BF1F4A204898BFD55C6368A278F5
:10EE500088BF0125267810F058F908B10671457170
:10EE60006378012B9AD88DF80730012200211648CB
:10EE70000DF10703247810F048F900288ED0012303
:10EE8000047143718AE7247810489EE70021636883
:10EE900022780F4810F039F980E70E4810F024F975
:10EEA0007CE700BFF4F60308E0F60308E8F6030881
:10EEB000ECF60308E4F60308DCF60308D8F60308CA
:10EEC000D4F60308B4F60308D0F60308CCF603081A
:10EED000C4F60308C8F6030873B505461CF01EFF08
:10EEE0001D4C064663795B070ED4204614211B4A4D
:10EEF00010F0C7F801A8019410F0EFF820B13046E7
:10EF00001CF007FF02B070BDA3790C33234455B940
:10EF10001A79FF2A01D001321A71304602B0BDE8D9
:10EF200070401CF0F6BE012D05D15A79FF2AF4D0AD
:10EF300001325A71F1E7022D05D19A79FF2AECD0FE
:10EF400001329A71E9E7032DE7D1DA79FF2A1CBF74
:10EF50000132DA71E1E700BFD0720020F0F6030859
:10EF6000042828BF0020014B185C7047F8F60308FE
:10EF700010B582784178007816F0B5FE0446024854
:10EF80001BF078FB848010BD2002570010B50121D2
:10EF9000044600781AF0F5FB48B16178207816F045
:10EFA000EFFE044603481BF065FB848010BD02247D
:10EFB000F8E700BF20025703002313B50093D0F8F1
:10EFC00002204178007816F0ECFE044602481BF05F
:10EFD00051FB848002B010BD2002570430B585B0CB
:10EFE00005460A4901A80BF075F8044650B901A876
:10EFF0000BF0DEF8044615B1029B9B792B7001A83B
:10F000001BF0AAFA204605B030BD00BF24F7030864
:10F010002DE9FF4180460F4601A80C4916461D46C2
:10F020000BF058F870B9029C9DF8283084F80480E1
:10F03000C4F80570C4F80960A4F80D50E37301A882
:10F040001BF08EFA04B0BDE8F08100BF1CF7030886
:10F050001FB50446054901A80BF03CF820B9029BF6
:10F0600001A81C711BF07CFA04B010BD14F7030852
:10F070001FB50446054901A80BF02CF820B9029BE6
:10F0800001A81C711BF06CFA04B010BD0CF703084A
:10F0900030B585B005460C4601A806490BF01AF8B4
:10F0A00028B9029B01A81D715C711BF059FA05B0CB
:10F0B00030BD00BF34F7030830B585B005460C46B7
:10F0C00001A806490BF006F828B9029B01A81D719A
:10F0D0005C711BF045FA05B030BD00BF2CF703088A
:10F0E0007FB506460D4601A8064914460AF0F2FF10
:10F0F00030B9029B01A81E715D719C711BF030FA42
:10F1000004B070BD4CF7030830B585B005460C4619
:10F1100001A806490AF0DEFF28B9029B01A81D716B
:10F120005C711BF01DFA05B030BD00BF44F7030849
:10F130007FB506460D4601A8074914460AF0CAFFE6
:10F1400038B9029B01A81E715D71C3F806401BF01F
:10F1500007FA04B070BD00BF3CF703081FB50446B2
:10F16000054901A80AF0B6FF20B9029B01A81C714D
:10F170001BF0F6F904B010BD54F703087FB505463F
:10F180000E4601A80C490AF0A5FF044680B901A863
:10F190000BF00EF8029B044625B1D3F806202A6036
:10F1A0005A89AA800EB11B7B337001A81BF0D4F9D9
:10F1B000204604B070BD00BF5CF7030830B585B0D1
:10F1C00005460C4601A806490AF084FF28B9029BAF
:10F1D00001A81D715C711BF0C3F905B030BD00BF03
:10F1E0007CF703081FB50446054901A80AF072FF21
:10F1F00020B9029B01A81C711BF0B2F904B010BD2C
:10F2000074F7030830B585B005460C4601A80649D9
:10F210000AF060FF30B9029B01A81D71C3F80540D8
:10F220001BF09EF905B030BD6CF7030830B585B012
:10F2300005460C4601A806490AF04CFF28B9029B76
:10F2400001A81D715C711BF08BF905B030BD00BFCA
:10F2500064F703082DE9FF4180460F4601A80F49D6
:10F2600016461D460AF036FF044698B9029B01A8CF
:10F27000A3F80480DF800AF09BFF029B044616B1CE
:10F28000B3F90620328015B1B3F908302B8001A8FC
:10F290001BF062F9204604B0BDE8F08184F7030852
:10F2A0002DE9FF4180460F4601A80A4916461D4632
:10F2B0000AF010FF58B9029C9DF9283084F80480A8
:10F2C0006771A671E571237201A81BF049F904B0BA
:10F2D000BDE8F0819CF703087FB503460091012249
:10F2E000054903A80AF016FF10B903A81BF038F966
:10F2F00007B05DF804FB00BF94F703082DE9F04F59
:10F3000085B00746DDE90EBA0E4601A83649154616
:10F310001C46DDF840900AF0DDFE804600285ED1F4
:10F3200001A80AF045FF029B80460FB19979397018
:10F3300016B1B3F8071031800DB1597A29700CB1AC
:10F34000997A2170BBF1000F02D0D97A8BF80010A6
:10F35000BAF1000F02D0197B8AF80010B9F1000F42
:10F3600002D0597B89F80010119A0AB1997B11706B
:10F37000129A0AB1D97B1170139A0AB1197C1170D3
:10F38000149A12B1B3F811101180159A12B1B3F892
:10F3900013101180169A0AB1597D1170179A0AB18B
:10F3A000D98A1180189A0AB1198B1180199A0AB159
:10F3B000598B11801A9A0AB1998B11801B9A0AB144
:10F3C000D98B11801C9A12B193F8201011701D9ADC
:10F3D00012B193F82130137001A81BF0BDF840461C
:10F3E00005B0BDE8F08F00BF8CF7030810B50F4CD7
:10F3F00088B02060ECF7F2FC216868461AF007FA42
:10F400006846F5F7A3F9044660B90A20084A094995
:10F410000BF0F8F8044628B90AF022FF0BF03EFB87
:10F42000FEF7BCFB204608B010BD00BF0C730020E7
:10F43000D797030839B5030870B58EB00BF05AFBA7
:10F44000002302AD29460DF107008DF80E308DF82E
:10F450000730E1F771F800286BD128461AF020F840
:10F46000002866D0302864D09DF80730012B17D1D2
:10F4700072238DF80E30E6F7A5FECDE90601030CE8
:10F480008DF81230BDF81D30ADF81000ADF8133016
:10F490009DF81F308DF8153049238DF816300AE09D
:10F4A00049238DF80E3095E80300ADF81410090CCF
:10F4B00004908DF816109DF80E3013F0280F07D128
:10F4C000DDE90401ADF80C10090C02908DF80E1066
:10F4D000274E33681869002830D133685A690AB951
:10F4E000244A126824490A609A690AB9234A1268B0
:10F4F00023490A6093F82220D20727D404A81AF0DF
:10F50000C1F90446F8B9316806A81AF080F906A8CE
:10F51000E0F7A0FF0446B0B9BDF92E0019F081FF55
:10F520001AF0B5F92846FAF771FE16480BF064F8A0
:10F5300009E09DF80E3019079DD5B4E718F078F86A
:10F5400004460028C9D020460EB070BD93F8232091
:10F5500000234FF0FF3006A9CDE906338DF81A20BD
:10F560001AF02EFA0028C9D040F20C44EBE700BF95
:10F570000C73002098C40308E872002094C40308A8
:10F58000E4720020DDF5010870B50F481BF06BF840
:10F59000C8B90BF093F80C4D05F10C0619F030FFCB
:10F5A0000AF09AFE044628461BF059F810B9304676
:10F5B0000FF0FFFE0FF0FFFD08B9002CEED1BDE803
:10F5C00070401AF0FBB870BD1C730020024B1B6822
:10F5D00003B11847704700BFE472002050EA0103EE
:10F5E00037B504460D4604D103B0BDE83040FFF7FF
:10F5F000EDBFB1F1FF3F08BFB0F1FF3F13D01BF0EB
:10F600009BFF221845EB010308490948C1E9002383
:10F6100000239D420CBF21464FF0FF31CDE900335E
:10F62000044A1CF0F3FB03B030BD00BF680B0020A0
:10F63000EC72002039F60108D3B51CF06FFB0446CC
:10F640001BF07AFF0B46104AD2E90067B04273EB19
:10F65000070107D3FFF7BAFF204602B0BDE8D0404C
:10F660001CF057BBD2E900670022311A67EB030395
:10F670009342CDE90022134618BF4FF0FF31034AF1
:10F6800003481CF0C3FBE7E7680B002039F60108CC
:10F69000EC7200200023044A52E8000F42E80031D7
:10F6A0000029F9D1F7F764BC10730020054A52E82D
:10F6B000003F034342E800310029F8D1024B1B68A8
:10F6C000184700BF10730020E872002037B51C688F
:10F6D000E10705D519F089FE164917481BF041F8D6
:10F6E000A20723D5FCF78CF8D0B9144D01901CF07B
:10F6F00015FB044628460FF07AFE019020461CF0C8
:10F7000008FB019890B143799B070CD401A8022112
:10F710000FF056FF0198FCF763F8FBF787FEE6E76A
:10F72000FBF784FEDEE7FCF74FF8F6E7002003B0B6
:10F7300030BD00BF2C84002078720020147300209C
:10F7400008B505480AF098FD044B01211870BDE882
:10F7500008400AF0A1BD00BF3C840020A08000202A
:10F7600038B5044648B11CF0D9FA05462146084888
:10F770000FF00DFF28461CF0CCFA064B022193F93E
:10F7800000000AF089FDBDE83840FFF71FBF00BF49
:10F7900014730020A08000202DE9F0410A4B0B4F8C
:10F7A00004460E46386819681546E4F7A3F840B9D0
:10F7B00033462A46386844F48021BDE8F041E4F736
:10F7C000BDBABDE8F08100BFD0820020F0820020E9
:10F7D0002DE9F0410A4B0B4F04460E463868196874
:10F7E0001546E4F787F840B933462A46386844F4AA
:10F7F0008021BDE8F041E4F74BB9BDE8F08100BFDE
:10F80000D0820020F082002038B5084D084B044615
:10F8100019682868E4F76EF830B9286844F4802144
:10F82000BDE83840E4F7CEBA38BD00BFF082002012
:10F83000D08200202DE9F043134B0E461968134B7C
:10F8400005468DB018681746E4F754F880B933467A
:10F850000A222846009702A90CF024F94FF000086C
:10F8600004460DF10809444505D1002CEFD120468E
:10F870000DB0BDE8F083284659F8041BE4F7A2FA5E
:10F8800008F10108EFE700BFD0820020F0820020DD
:10F89000F8B50B4B0B4F06460C4638681968E4F771
:10F8A00029F8054648B9E24316FA82F2386842F46C
:10F8B000802246F48021FFF7BDFF2846F8BD00BF37
:10F8C000D0820020F0820020F8B50E46074630B303
:10F8D00029B300F03FF80446F8B9124D014618224A
:10F8E00028460FF064F920232B7033692E616B607A
:10F8F0007369AB60ECF73EFB0AF06AFCBE6A002E4F
:10F9000008BF4FF4807630460AF0CCFB044620B99D
:10F91000054B28461E600AF067FC2046F8BD2124EE
:10F92000FBE700BF1C7300201873002001481AF089
:10F930005CBE00BF1C73002010B505481AF067FEBE
:10F94000044618B900F03CF819F0BAFD204610BD85
:10F950001C730020074BDA69D20407D51B6A40F2FA
:10F96000044013F0010F18BF0020704740F204401C
:10F97000704700BF0080E00F10B502783E2A4FEAC2
:10F98000022302D18278134301E0FF2AFAD0094A08
:10F99000094910780022904201D8002006E031F891
:10F9A000024BA34203D1054B53F8220010BDF4D300
:10F9B0000132F0E712C4030868C4030814C4030842
:10F9C00030B5002485B002A8E6F7E6FB01A8BDF833
:10F9D000085001940BF08AF800B101940E48019C84
:10F9E0000FF082FBA8B1002343718371C37143728E
:10F9F0008372C372042383746FF027030B22C374D2
:10FA00005F2302710375022214230272C46005820F
:10FA1000437505B030BD00BFA4F703081046044A83
:10FA20001368591E033102D800211160184770472E
:10FA30004C840020034B1868034B002808BF18466D
:10FA4000704700BF34730020D0F7030801481AF054
:10FA50005FB800BF3C73002013B50B4C0229226035
:10FA600005D10A481AF054F8002002B010BD0A4629
:10FA700000930146064B05481AF02BF8003818BFD2
:10FA800001204000F1E700BF4C8400203C730020BF
:10FA90001DFA010801481AF04CB800BF3C73002061
:10FAA000002101481AF067B83C73002008B5064BE6
:10FAB0001B68013305D0FFF7EDFF80F00100C0B2F5
:10FAC00008BD0020FCE700BF4C8400202DE9F8436E
:10FAD000DFF860900646D9F8008008461746B8F16E
:10FAE000000F03D00E242046BDE8F88306B3336828
:10FAF00001331DD1E1B100F075F805460028F1D0C1
:10FB0000C9F8000000F0DAF8284619F0ECFE0446C7
:10FB100040B14046C9F8008000F0D0F8284619F0FE
:10FB2000DAFEE0E73560002FDDD02846B847DAE797
:10FB30002124D8E738730020024B1868003818BF1A
:10FB4000012070473873002038B50C4601F068FB7F
:10FB5000A3780B4A13705A1E55425541A8420CD047
:10FB6000012B04D02846BDE8384001F03BBB2046BD
:10FB700001F00AFB0028F5D038BD0020FCE700BFEB
:10FB8000A1800020002108B5024B08465B68984719
:10FB9000002008BD6884002010B5FFF74BFF0D4B17
:10FBA0000C461A1A534253418B4201D1002010BD1A
:10FBB000094B1B683BB9094A064B002C08BF13468A
:10FBC000074A1360F2E71AF0F8F80028F3D0022091
:10FBD000EDE700BFA8F7030838730020D0F703084B
:10FBE00034730020F8B504461CF08FF80026074651
:10FBF0000E4B1B6893B19E68AEB196F82420D207D5
:10FC000011D435460FCC0FC50FCC0FC523682B6020
:10FC100096F8243043F0010386F8243038461CF06F
:10FC20006FF83046F8BD1B68E4E700BF5C84002035
:10FC3000431E033306D8044B984228BF1846642855
:10FC400038BF6420704700BF40420F0038B5184BE2
:10FC500005461B680C4603B1984744B1236833B18D
:10FC60001B68013303D0E3680BB1A36843B91AF0F2
:10FC70005AFB00209122412100F07AFA212038BD60
:10FC8000204605F04DFD00230A4A85F84831C5E9B4
:10FC90003A4313605360636943B1074A42211068D5
:10FCA000B322C31A5842584100F062FA0020E6E736
:10FCB0008C75002050840020447D002010B504463F
:10FCC00018B9054B054A136010BD00F09FFCD4F82D
:10FCD000F430002BF6D1F4E7C799030860840020C4
:10FCE00008B502460868FFF7A3FF08604868FFF7F9
:10FCF0009FFF48608868FFF79BFF8860C868FFF730
:10FD000097FF0B69C860581C03D00B48834228BF7B
:10FD100003460B614B69581C03D00748834228BF38
:10FD2000034688694B61FFF783FFBDE8084088619F
:10FD3000104601F0B9B900BF40420F00D0F8EC30D6
:10FD40002DE9F04105460C4613B1038E8B424CD091
:10FD5000D5F8E830002B4BD09E68002E48D0D868EC
:10FD6000002845D0013800B200281ADB002106E047
:10FD7000128A591CA24217D209B2884211DB0B1811
:10FD800003EBD3735B1003EBC30206EB8202B2F802
:10FD90000EC003F1FF3EA445EAD90FFA8EF0884267
:10FDA000EDDA2120BDE8F0814FF6FF7299B2914261
:10FDB000F7D09BB203EBC30306EB83062846B6F9E4
:10FDC000122095F83C11D5F8FC800DF04CF8074650
:10FDD000B8F1000F04D00023324628461946C04728
:10FDE0002C86C5F8EC6085F845710020BDE8F081EF
:10FDF0000E20BDE8F08100BF2DE9F04782B0044637
:10FE00000F46164601F012FA002840F09C80654D1E
:10FE10002B68D4F8E890D4F8EC8013B14B4500F08F
:10FE20009F804FF0000AAF6001F094FF0128074661
:10FE300004D001210022084619F090FD20461AF056
:10FE400041F9002858D12B68D9F80010D8F80020C3
:10FE50001BB11868884200F0908020461AF026F9FD
:10FE6000BAF1000F11D086B9204601F0F7FC054623
:10FE7000D4F89830002B38D1012F02D0002D66D154
:10FE80000025284602B0BDE8F087474BC5F8009032
:10FE90001A78C5F804808DF80760002A3BD1D4F8A1
:10FEA000FC50002D71D0114620460DF10703A847E4
:10FEB000204601F0D3FC0546BAF1000F40D1B5FA57
:10FEC00085F040F205423321400900F051F93146F6
:10FED000204601F043FE354B05461B68414620464F
:10FEE0009847D4F89830002BC6D000224FF4007306
:10FEF000204600F09BFBBFE794F825309A07A2D577
:10FF0000D4F8A0305B059ED5294B01220021204664
:10FF10001B68984797E7D4F8EC30B4F9481023B140
:10FF2000B3F912309942A8BF19463246204601F073
:10FF3000E9FB204601F092FC0546BAF1000FBED065
:10FF4000002EBCD194E70023164D6B6060E7194B7F
:10FF500000215B6803209847284602B0BDE8F0877F
:10FF60006B68002B3FF45DAF43457FF45AAFAB683D
:10FF70009F4285D04FF0010A55E7696819B10968B9
:10FF800091423FF46DAF596867E794F82A1094F8EE
:10FF900045313246994228BF1946204601F080FB80
:10FFA00086E700BF50840020F8E303086084002047
:10FFB0009075002068840020F8B50F4605461BF0B8
:10FFC000A4FE394606462846FFF7B8FE044620B18F
:10FFD00030461BF095FE2046F8BD01F09BFE224600
:10FFE00039462846FFF708FF04460028F0D1284686
:10FFF0001AF068F80028EBD095F8253013F00203CA
:020000040802F0
:100000000DD0D5F8A0305B050DD5B5F83631BB4223
:100010000BD0B5F83831DB1BB3FA83F35B09044A24
:1000200082F8F430D4E72346F9E70123F7E700BF6D
:10003000003E00B037B5D0F8E830274A04461360D8
:10004000D0F8EC309160536000228DF80720234AED
:1000500012786AB3B0F9481023B1B3F9123099425B
:10006000A8BF19460022204601F04CFB204601F0B3
:10007000F5FBB0FA80F040F259423321400900F01C
:1000800077F80121204601F069FD154B05461B68F4
:100090002046D4F8EC109847D4F898302BB10022C1
:1000A0004FF40073204600F0C1FA284603B030BD7B
:1000B000D0F8FC5055B990F82A1090F845312A46EE
:1000C000994228BF194601F0EBFACFE711460DF12E
:1000D0000703A847CAE700BF50840020F8E30308DD
:1000E0006084002070B5044600200D461AF01FF908
:1000F000094B1B784BB9D4F8FC6036B12946204631
:10010000B446BDE870401A46604729462046BDE81F
:10011000704019F0BABF00BFF8E3030830B4064DD1
:10012000BDF908402D781DB1029430BC19F0B0BF64
:100130000E2030BC704700BFA9800020024B186021
:10014000024B1960FEE700BF547500206484002054
:1001500038B5044D044C054B286021601A60FFF748
:10016000EDFF38BD547500206484002058750020D0
:1001700010B550B90548064B016006480260186882
:10018000054B18601868FFF7E3FF10BD648400207A
:10019000387300205875002054750020054B1B68EB
:1001A0000BB918467047834201D01B69F8E701205C
:1001B000704700BF60750020094A13680BB91846E4
:1001C0007047834207D11B6901201360054A1368F9
:1001D000013B1360704703F110021B69EEE700BF9B
:1001E000607500205C7500202DE9F74F06461BF076
:1001F00095FDDFF82881012398F800B0DFF8209101
:100200000190BBF1000F06D089F8003003B0BDE8C3
:10021000F04F1BF07EBD3F4F88F8003089F800B0EA
:1002200019F0E3FC08B119F0DEFC3D683A495DB90C
:10023000DFF8F0A0DAF800200024AA423B682ED8AC
:100240004FF0FF3134483AE06B7D8BB12B68B342FD
:1002500002D09A1B8A420BD96A6813442B60AB68A0
:10026000003A18BF0122003B18BF01236A75AB7525
:100270002D69DCE7907D20B1107D88429CBF01464E
:1002800014461269002AF5D1002CD9D094E80B004D
:10029000A275411AE268204698470135CAE71A4616
:1002A000FF21EFE75A7D4AB11A68B24224D0921B6F
:1002B000824221D8914201D311461C461B69002B72
:1002C000F0D15CB12046FFF777FF38B13B683C6066
:1002D0002361DAF800300133CAF800303B685A7DF8
:1002E0006AB919F07EFC064699F80030002B95D1CA
:1002F000019888F8003089E71C460021DEE718687D
:1003000000F0D2F8044619F06CFC0646002C85D1AA
:10031000EAE700BF60750020FCFFFFBFA38000205C
:10032000A28000205C75002038B5054608B318226D
:1003300000210EF03CFC1BF0F1FC02462846FFF7C2
:100340002DFF20B110461BF0E4FC022038BD0A4B03
:100350001C6854B909491D600B68104601332C61B3
:100360000B601BF0D6FC2046F0E704F11003246973
:10037000EFE72120EAE700BF607500205C750020F0
:1003800038B50446FFF70AFF1BF0C8FC05462046B7
:10039000FFF704FF637D23B928461BF0BAFC0E204B
:1003A00038BD00236375064B1B68A34203D119F0C7
:1003B00018FCFFF719FF28461BF0ABFC0020EFE705
:1003C000607500202DE9F84FDDF828909846044626
:1003D0000D469246FFF7E2FEDDF830B01BF09EFCC2
:1003E000074619F0FEFB06462046FFF7D7FE637D61
:1003F00023B12046FFF7C4FF0023A375BAF1010F14
:1004000021D175B9B8F1000F1FD1B9F1000F03D098
:100410005A4631462046C84738461BF07AFC002031
:1004200017E035440C4BAA1B9A420ED80123637582
:100430009DF82C30304684E820032375C4F80CB0B6
:10044000FFF7D2FEE8E7AE42ECD138461BF061FC84
:100450002120BDE8F88F00BFFCFFFFBF2DE9F04170
:1004600007468846FFF79AFE1BF058FC3D68064693
:1004700019F0B7FB7B7D7BB185420DD0094B2C1A5F
:100480009C4209D830461BF044FCB8F1010F08BF6C
:1004900025462846BDE8F08130461BF03AFC002591
:1004A000F7E700BFFCFFFFBF0023024A194600F038
:1004B000B7B900BFAD9B0308024B0022196801F0D9
:1004C00049BD00BFF4E30308024B0122196801F0A3
:1004D00041BD00BF9875002090F82730FF2B0FD04A
:1004E000012904D90239012906D9212070470222A5
:1004F000044B196801F02EBD034B03221968F9E77C
:1005000002207047E4E30308E0E30308024B0422FF
:10051000196801F01FBD00BFDCE30308024B07228E
:10052000196801F017BD00BFE8E3030838B5094BAF
:100530005A68094B9A420AD11BF0E7FB054609F0BD
:1005400089FC044628461BF0DBFB204638BD00240E
:10055000FBE700BF68840020D99C0308024BD868E1
:10056000C0F30360704700BF000002B810B5054C2F
:10057000237823B106F0A6FF0020207010BD0E20C6
:10058000FCE700BFA580002008B506F069FF012246
:10059000014B00201A7008BDA5800020F8B5044664
:1005A0000F4616461BF0B1FB0546A047044620B196
:1005B00028461BF0A5FB2046F8BD09F029F90422C6
:1005C0000549D1F8083F23EA07033343C1F8083F40
:1005D000024B5A64ECE700BF003000B0002002B8C4
:1005E00000F01803182B0BD003070BD440F20113B3
:1005F00010F0100018BF1846034BC3F89400704762
:100600000020F9E70120F7E7003F00B038B10368A8
:10061000044A002B08BF1346034A13607047014B7E
:10062000FAE700BFE19C03087884002010B4D0E909
:10063000584122400B4052EA030104D003495DF8BF
:10064000044B096808475DF8044B70477884002024
:100650000F2938B505460C4610D801F07BFB012860
:100660000ED1084A2846D2F8803023F00F032343E6
:10067000C2F8803019F029FD002038BD2120FCE7A8
:100680000220FAE7003F00B008B50E4B5A6C12F09A
:10069000A00F01D0002008BD9B6C5B070FD40A4B54
:1006A000D3F8083F23F07F4323F0FF033BB1FFF76C
:1006B00055FF0928EED00C3818BF0120EBE70120C8
:1006C000E9E700BF000002B8003000B0074A084B5D
:1006D00030B10221C2F864120422C3F864227047C8
:1006E0000421C2F864120222F7E700BF006001B8DB
:1006F000005001B870B50D46064620B91A4B1B686C
:10070000CBB10E2016E001F025FB01282AD1174BB2
:10071000D6F8F00093F9004019F083FCC4F11C04F2
:10072000241A641BC4F12B03002BB8BF5B42232B9C
:100730000CDD212070BD01F10F03002BB8BF5B421F
:10074000232BF6DC094B19700020F3E786F82850BC
:100750001BF0DBFA054660B200F0D4FE28461BF021
:10076000CFFAF1E70220E5E738730020A4800020EB
:1007700010B501F08DFA07F0A9FB1BF0C6FA0A4A82
:100780000121D2F8D83E044623F02003C2F8D83E17
:100790000222064B08469A60054B5B689847204644
:1007A0001BF0AEFA002010BD003000B0001002B8FF
:1007B0006884002008B519F094FA8022024BC3F82F
:1007C0009000024B1A6108BD003F00B0000002B863
:1007D000014B1868704700BF7875002037B51BF0D3
:1007E00094FA0123002200240093002305461946B1
:1007F0001046019408F00CFE052005F0FBFB064BAB
:1008000021461C60054B02205B68984728461BF078
:1008100077FA204603B030BD807500206884002040
:100820002DE9FF4102290D4616469846039004D152
:10083000FFF7D4FF04B0BDE8F0811BF066FA1E4F4D
:1008400004463B683BB1B34205D01BF059FA002384
:1008500021203B60EEE7194B0022C3F800803E6088
:10086000002301264FF00008104619460196009615
:1008700008F0CEFD124B052083F8008005F0BAFB8E
:1008800043462A46052003A905F0D2FB0D4B039AE7
:100890001A6008B92046D8E70B4D2B6898472128E5
:1008A00004D020461BF02CFA0020C3E731466B68C9
:1008B00002209847F5E700BF807500207C75002076
:1008C000A78000207875002068840020044B5B6EB0
:1008D0009B044EBF0120034B187800F001007047C5
:1008E00000C001B8A780002090F82730023B022BFF
:1008F00005D84B7C2BB1012B05D0022B05D019F06C
:100900005FBA03487047034870470348704700BF09
:1009100020A1070048E8010040420F000A78022A9F
:1009200011D0101F4242424152004B781201022B5B
:100930000BD0191F4B424B415B000549054842EA69
:100940008312FFF72BBE0122EFE70123F5E700BF7B
:10095000F0FFFF009D1D02080B78022B10D0181F1E
:10096000434243415B004A78022A0BD0111F4A429E
:100970004A4152000F21044843EA8202FFF70EBEAB
:100980000123F0E70122F5E7C91D020808B5064B6F
:10099000D3F8082F104619F0BDF90870900819F027
:1009A000B9F94870002008BD003000B008B5064B0A
:1009B000D3F8082F100919F0ADF90870900919F053
:1009C000A9F94870002008BD003000B0D0F8B03060
:1009D00010B5994204460ED0C0F8B01004F0BAFF2A
:1009E0000649A4F840010123054AD1F8FC1004F59A
:1009F000827007F079FB002010BD00BF004F00B0EF
:100A0000A43F00B02DE9F74F04460F4615461E4699
:100A1000FFF73AFE38B3A38A2BB3204619F03CF80F
:100A200078B9774BD3F8082F1EB10E2003B0BDE87C
:100A3000F08F02F03003102BF7D002F0C002402AF2
:100A4000F3D0DFF8E48107F041FAD8F81430DA0780
:100A5000EBD51BF05AF90646032005F0D7FB20B171
:100A600030461BF04DF90220E0E7D8F8142012F0D0
:100A7000060BF5D130461BF043F9614B4FF4006192
:100A80002046D3F808AFD3F8E09E09F027F858B114
:100A90004FF4007801215B4E5A460846C6F8448060
:100AA00018F05CFFC6F8448094F825309B0707D502
:100AB000D4F8A0305E0542BF4FF40022524B5A6476
:100AC00039462046FFF778FA4D4BC3F808AFC3F814
:100AD000E09E0028AAD194F82430980601D4002D75
:100AE0004ED0C5F3400007F021FE022315F4807FAD
:100AF0001FBF454A002153644FF03A420BBF414AA1
:100B000091615364536308F083FE4FF4806315F0E2
:100B1000040F14BF3D4A3E4A3A4E1365042328464B
:100B20007364FFF75DFD204619F072F938B14FF498
:100B3000807315F0010F16BF334A73645364A9061E
:100B400047D54FF6FF72B4F8423093420FD0314A86
:100B50003149526F100CC2F301120132B3FBF2F3B0
:100B600008802A4A2A492D481B0448675367003DDC
:100B700018BF012594F8243065F3451384F8243018
:100B8000204619F09FFAF0B1204619F041F9D0B192
:100B90004FF40031204608F0A1FF431C03229BB212
:100BA0001F4801A919F0B6FB9DF8042002F00703C5
:100BB000052B9DF8053015D112070DD443F4807331
:100BC000184AC2F8E830002003B0BDE8F04F19F031
:100BD000AEBB01F07FF8CAE713F0040F09D19DF80E
:100BE0000630EBE703F03002202A05D113F0010FA5
:100BF000F4E74FF48073E3E79DF80630E0E700BFC9
:100C0000003000B0002002B8001002B8005001B857
:100C1000006001B8004001B8748600200000FFFFAA
:100C20000C0000BA003E00B000C001B82DE9F04150
:100C30000B460646154611B92120BDE8F081002A71
:100C4000FAD0032905D8002204F0B8FC0346002896
:100C5000F2D01C889A78B4F5804F02F0070180F03A
:100C60008480A1F1070C1879DF88DCF1000343EBE5
:100C70000C0305292B7394BF0023C2F30013C2F3A6
:100C8000801C6B73930985F810C003F00203C2F354
:100C9000C00C43EA0C03C2F34012E8746B74AA74EC
:100CA000D6F8A030AF82D8064BD40639012948D8EF
:100CB000B6F81280F76908F1FF38083C04EA080426
:100CC000395D002080290CBF6FF07F013239284B3D
:100CD00018BF49B25B6DA973A86096F8273001343C
:100CE000FF2B04EA08040BD13B5D5B0103F47E6338
:100CF000FF2B9CBFDB43D8B2D6F8F83003B198473E
:100D0000631CE87303EA0803F95C013303EA080390
:100D1000FA5C013303EA080341EA0221FA5C013379
:100D200003EA0803F85C41EA0241002341EA00615A
:100D30006A7C304607F060FA06232860AB71002019
:100D40007BE700230020EB730A4BDA69C2F3072329
:100D5000120448BF63F0FF035AB212F1800F1CBFA8
:100D6000323B5AB2AA730346E7E7022065E700BFA9
:100D7000004000B800C000B8F8B507460E468C88A1
:100D8000FFF7B2FD97F827700546042F737C0CD14E
:100D9000012B0AD80146012007F06CFA421C01D150
:100DA0000220F8BDE30003330EE0023FFFB2012F43
:100DB0008CBF00200120294607F05CFA431CEFD0CD
:100DC000012F4FEAC403EED90E4A0344D2F8C410EF
:100DD000326801F01F01A2EBC10203213260B17140
:100DE000002DDDD0B3F5803FDAD84FF224406909F9
:100DF00000FB03132D09B3FBF5F3D21A0020326078
:100E0000CFE700BF003E00B0F8B507460D461446D8
:100E10008BB119F049F929463846BE8A01F08EFA9D
:100E2000B44228BF3446A4B222462946044804F0FE
:100E300085F92046F8BD19F014F80646F0E700BF22
:100E40000C0000BA082310B1024A53647047024AEA
:100E5000FBE700BF001002B8002002B8054A126884
:100E60001AB190F82A1119B91047084605F032BE98
:100E7000014870476875002000FEFFFF394B2DE9DF
:100E8000F3471C6801F4007900F00103174653EAA8
:100E9000090206460D463FD04FF000088BB30023F1
:100EA000002201200021CDF80480CDF8008008F058
:100EB000AFFA41462046FFF7D1FF01224FF0FF3A3B
:100EC00041466086DFF8B080104618F047FDD4F840
:100ED000A01094F8270005F07BFED8F8000000F081
:100EE00049FAC8F800A0DFF89480D8F8000000F0B4
:100EF0004FFA94F82430C8F800A043F0040384F8B3
:100F00002430B9F1000F07D00121204619F0E8FA8A
:100F100025F4007506430D432B4632462046FFF765
:100F200085FBFB070FD51049104A0868002113689C
:100F3000116001210E4A117003B198470D4B002139
:100F400002205B68984717F00E0F08D040F2C712D6
:100F50003B21002002B0BDE8F047FFF709B902B01D
:100F6000BDE8F087387300207C7500208075002074
:100F7000A7800020688400207484002070840020F2
:100F800008B55822002106480DF011FE1022FF215D
:100F900004480DF00CFE08F0ABFD002008BD00BFBA
:100FA0000C3F00B0503F00B073B5314A314913785F
:100FB00009784FF0FF350B4386211370A0F82011FC
:100FC0006F228221C0F80C21C0E944126422C0E9DA
:100FD000462240F2FF320C2382854FF40042002665
:100FE00080F83C314FF6FF730446A0F84820224AAF
:100FF0000386026400F154020265204AC3844263FE
:10100000C0F8B0504585856380F8286007F0FAF98C
:101010002046FFF7B5FF0122194B2046C3F83822BE
:1010200094F92810FFF766FB6023164A41F6FF711A
:10103000D3644FF03A4211631167134A2946D364CF
:101040004022124B20465A64D4F8A02018F0A9FE82
:101050000E2300220193009340F20223104619460A
:1010600008F0D6F904F012FC304602B070BD00BFA3
:10107000A9800020F8E303080700FFFFFFFF4000FE
:10108000005001B8004000B8005000B8002002B87D
:10109000044BD3F8083F13F0806F14BF23200020C7
:1010A000704700BF003000B00246F8B5B0F84041CC
:1010B00000F58275FFF7ECFF0B688E68013304BF03
:1010C000D2F80C310B604B68013304BFD2F81831F1
:1010D0004B60771C3FD1D2F81431CF688B607E1CF7
:1010E00040D1D2F810610F69CE60013704BFD2F849
:1010F00004710F614F69013704BFD2F808714F6165
:101100008F69013704BFD2F81C718F618F6987BB6B
:10111000C0F1640408688C6110B16F2838BF6F207B
:10112000C2F814314B68C2F80C01C2F818310B69CF
:101130002846C2F804314B691149C2F81061C2F85F
:101140001C41C2F80831D1F8FC1007230D4A06F003
:10115000CBFF0020F8BD04F16F031B1AB34238BF68
:101160003346BAE704F18606361ABE4238BF3E4619
:10117000B9E76F34241ABC4238BF3C46CAE700BF07
:10118000004F00B0A43F00B038B5054C054B417886
:1011900000782568236006F0B9F800B1256038BDF5
:1011A0008475002018F8030838B51AF0AEFD05461E
:1011B00000F0D0FD012805D028461AF0A1FD022438
:1011C000204638BDFFF7CAF90028F1D1044BDC688E
:1011D00014F08054ECD128461AF092FDF0E700BFDD
:1011E000000002B80A4B10B51B68044673B1094BE6
:1011F00048B10121084A1A60022006F07DFE002055
:10120000064B1C7010BD01461860F5E70220F9E797
:10121000847500208875002010F80308A88000203D
:10122000014B1878704700BFA88000204FF40022BF
:10123000034B586C03F500535A64C0F3C040704729
:10124000000002B8024B586900F00100704700BF6F
:1012500000C001B808B50D4B5A69D10710D518B9AF
:10126000BDE8084004F0A2BE5B69DA070DD404F0C3
:101270008FFE0323064A1364A2F58052536404E0F0
:101280005B69DB0701D40028F1D108BD00C001B8BB
:1012900000A0095090F92430002B0CDA4FF0805355
:1012A000064A29B19360A2F58052D36000207047AE
:1012B000D3609360FAE70E20704700BF006001B86A
:1012C0004FF0806310B1024A53617047014AFBE757
:1012D000001002B8002002B8202350B1064AC2F81C
:1012E000F433064B196C11F0010104D1032006F010
:1012F00003BE034AF3E77047001002B800C002B80B
:10130000002002B838B5154A154B04461A6081868C
:1013100041B90722134BDA600522A3F58053DA6046
:10132000084638BD4FF6FF7399420F4D0AD10F4959
:1013300019F05FF80E49E860204619F05AF881B2BA
:101340002962EDE7B1F5805F4FF0070228BF4FF447
:101350008051044BDA604B1E2B62E1E70513020853
:1013600074750020006000B8004000B80C4000B860
:10137000204000B8431C07D06FF0FF02034B104021
:101380005A62A3F580535862704700BF00E000B86E
:10139000431C06D06FF07E42024BDA63A3F5805304
:1013A000D863704700E000B8014BD3F88400704761
:1013B000003F00B0024B0020C3F88410704700BF0C
:1013C000003F00B003282DE9F74F0C4691467ED828
:1013D000404B13F800A0404B1E5C404B13F800B08C
:1013E0001AF093FC804608F0DDF9074640B100236F
:1013F00000220193009301200023002108F008F847
:1014000008F0D8F948B1002300220193009300208E
:1014100000234FF4004107F0FBFF002E4AD0304B71
:10142000DD6C05F008050AEB06002E4B233058440E
:10143000DD64C0B204F014FD3146504608F000FAF5
:101440005A463146504608F069FA274BDD649FB191
:101450004FF0FF35254B1B68D3F8A01093F82700F9
:1014600005F0B6FB22490868FFF784FF0D602149AB
:101470000868FFF78DFF0D60B9F1000F04D01E4B17
:10148000002103205B689847B4B14FF400521B4B16
:101490001D6F03F50053C5F340351A6740461AF037
:1014A0002FFC00F057FC012808D15DB9002003B0E3
:1014B000BDE8F08F3546B6E72546EFE7002CF0D1C2
:1014C0000520F4E74FF400520D4B1A67EEE7212098
:1014D000EDE700BF30F803082CF8030828F80308EC
:1014E000004000B8006000B8005000B83873002019
:1014F00074840020708400206884002000C001B83B
:1015000000D001B8054AC002136A00F4FF2023F49A
:10151000FF23184310620020704700BF00C000B8CE
:10152000094B08461A6D91020BD4D3F84021D2071B
:1015300008D4D3F8803013F4706F14BF012000205A
:1015400070470120704700BF004001B8F8B50D4654
:10155000144601F00B0323EA0201494A2340D164F7
:101560006F07A2F580520646D36410D50121FFF71C
:10157000D7FF60B108F04CF94FF4007314F0040F7A
:1015800014BF404A404A13650422404B5A64E9069E
:1015900006D514F0100F14BF00221B223C4B5A65D5
:1015A0002A0618D5230611D54FF40012354BDA64FC
:1015B0001AF0ABFB0E210746032005F077FA40F244
:1015C0000122334B3846DA621AF09AFB214696F82C
:1015D000270005F0FDFAEF0503D5E00538D505F045
:1015E000D1FAA90503D5A20535D505F0D7FA15F42A
:1015F0008C6F18D014F4806232D096F825309B0797
:101600000CD5328EB6F83631934227D0B6F8383141
:101610009F1A7B427B411F4A82F8F4303046D6F84D
:10162000F010FFF7C7F82B0510D508F0F1F81A4AAB
:1016300014F4006FD2F8083F14BF43F0006323F0A6
:101640000063C2F8083F0422104B5A640020F8BD22
:1016500005F092FAC5E705F09BFAC8E70123DAE73F
:101660006805DBD596F825309907D7D5094B114683
:1016700083F8F420094B30461B689847CEE700BF3B
:10168000006000B8005001B8006001B8002002B846
:10169000004000B8003E00B0003000B0907500205F
:1016A00070B5054690F83C010C460C2822D0FF2965
:1016B00001D1212070BD1AB14FF0FF320F4B1A60DB
:1016C00018F038FE064695F83C0104F035F98442DE
:1016D00028BF0446E4B2B44238BF3446E0B285F8CD
:1016E0002B0004F055FA064A0346107820B9FF2B68
:1016F000E0D1DEE70220DDE70020DBE79485002073
:10170000F8E303087FB51C4B04461B780E461546CC
:101710000BB3D0F8EC306BB302AAB3F912300092DD
:101720000022E6F765F902992046C1F3813118F0ED
:1017300088FC70B9BDF90C30029902460093C1F3E0
:101740000D0103462046FEF7E9FC2946204618F025
:10175000F9FD04B070BD02A918F088F932469DF871
:10176000081020460BF07FFB2A4601462046FFF773
:1017700097FFEEE71846ECE7F8E30308F8B50D46E7
:1017800090F83C1104460C29174603D12E4B1B78C8
:10179000002B51D02A462046A4F848500BF063FB9A
:1017A000D4F8EC3084F82A00002B41D0274A167870
:1017B000D4F8FC204EB1002A40D1B4F94800B3F966
:1017C0001210884206DC002607E0BABB94F84521D7
:1017D000824202D20126B3F9125000222946204645
:1017E00084F82D70FFF78EFF08BB76B1C4F8EC00CB
:1017F000204618F00EF94FF6FF739842014615D0B7
:101800002046BDE8F840FEF7D7BB114B1B7813F01C
:10181000FD0F0BD1204604F09DF80E4901230E4A1E
:10182000D1F8FC1004F5827006F05EFC0020F8BDD3
:10183000FF2384F82B30F9E70220F8E7B4F94410CD
:10184000B3F912209142BDE7F8E30308A980002014
:1018500076860020004F00B0A43F00B0F0B50446EB
:101860008FB000F0D7FDD4F8A8300546012B00D08A
:1018700010B128460FB0F0BD7549204618F0B9FDEB
:10188000D4F8EC600146258EC4F8F0003EB1336810
:101890002BB15B681BB11A68032A00F2B5801AF0FD
:1018A00034FAD4F8F030002B7BD01A68032A78D9A8
:1018B0009F6A7F0E1AF024FAD4F8F010B3898DF8DD
:1018C0000E70B0687268EB1A9BB200FB032261488D
:1018D000ADF80C3003680292994202D02046FEF720
:1018E00069FF5D4D5D4E00F035FA0128FBD12B6C90
:1018F000DB07F8D4736CDF01F5D4D4F8F010204680
:101900000D919DF80E20029908AB06F001F9002810
:101910005AD100F01FFA0128FBD1504A4E49536CAE
:10192000D801FCD40B6CDB07F9D408A901A806F098
:1019300075FA0546002847D1228E494B5A6494F81F
:10194000243060F3410384F8243003F08DFBD4F895
:10195000EC305969431E0E68DBB2FD2B049637D874
:101960004B680128059343D10126DF1C06D90133BA
:101970003C4B5B6859D0DA1C54D80593024604A945
:10198000204603F033FB002E7FF473AFD4F86431AC
:1019900099053CD494F8243043F0020384F82430B1
:1019A00067E72F4BDB6BC3F3C20213F0380F03F072
:1019B000070718BF574313F4E07FC3F382123FF4C5
:1019C00079AF02FB07F775E7022528460FB0F0BD97
:1019D000F71C13D9234B01361B6818BF0126DA1CEC
:1019E0001BD804934B68FF280593BED00020C5E7A1
:1019F0000246204604A903F0F9FA3AE74B68FF28AB
:101A00000593B1D02A46F4E79F6A7F0E56E7204639
:101A10004FF4803118F064FD2BE7FF284B6813D09A
:101A20000593B0E7FF28AED1E0E7DE1C06D80246FA
:101A3000204604A9059303F0D9FAA7E7FF28A5D10A
:101A40000022204604A9F6E7012005938DE700BF98
:101A5000FC4F00B06C75002000C002B8000002B856
:101A6000008001B89C850020F8B590F848610446D4
:101A700066B31AF04AF91F23154F013E3B651E401D
:101A8000144B05461E65D4F84C21A3F580539A6784
:101A9000D4F85021DA67D3F84031DB0711D520465E
:101AA00018F0D2F94FF0FF3318B1C0F12002934083
:101AB000DB43C7F84431D4F8AC201340054AC2F8E0
:101AC00044312846BDE8F8401AF01AB9F8BD00BF05
:101AD000006001B8005001B810B504234FF03A413E
:101AE00001240A4AD1F81801C2F81831C2F8143199
:101AF0004C634FF400511163410742BFC2F81431E7
:101B0000A2F58052C2F8183110BD00BF002000BA03
:101B100070B54FF03A434FF480640A4DD3F8186122
:101B20000020C5F81841C5F8144107F0CFFE4FF466
:101B300000532B67730542BF034BC5F81441C3F82C
:101B4000184170BD002000BA001000BA024BC0F36B
:101B50000E009864704700BF008001B82DE9F04185
:101B600004460E4619B990F82430590656D44FF65B
:101B7000FF73A18ED4F8F070994204D0394B1B68E2
:101B80000BB120469847384D2B68BB4262D0374B8B
:101B90001B6833B1002F60D0396801B1B9682046A5
:101BA00098474FF00708204603F0D4FE002E46D099
:101BB0002F4B93F90030C3F11C0317B197F926207E
:101BC0009B1A06202B4994F928600A6A9B1BDB02AA
:101BD00022F4FF2203F4FF2313430B62D4F8F02016
:101BE000254B2A60986704F06FF801250022234BEB
:101BF000234920460D7083F89C2018F066FA214B8B
:101C00005B6C5A0203D4D4F8A0301B0603D54FF402
:101C100000121D4BDA640020BDE8F0814FF6FF7121
:101C2000114DD0F8F0702A6866F38613BA428186A7
:101C300080F82430ABD103F08DFE4FF00108134A39
:101C40004346D2F8FC1004F58270A2F65C7206F0EE
:101C50004BFAADE74FF00108A5E739462046984713
:101C60009FE700BF747500206C7500207075002020
:101C7000A480002000C000B8006000B8003F00B0A1
:101C8000A6800020000002B8005001B8004F00B04C
:101C900010B50446D0F824210B4B4FF40061C3F873
:101CA000DC2090F82420D20102F4006207F002FF49
:101CB00094F8243013F0100F4FF4007314BF034A4C
:101CC000034A536410BD00BF003E00B0001002B8CC
:101CD000002002B838B51AF018F84FF6FF710A4A1A
:101CE00013888B4203D11AF00BF80E2038BD074C35
:101CF000074D1B046567A4F580546367118019F0D4
:101D0000FFFF0020F2E700BF74860020006001B8EA
:101D10000000FFFF08B50C4BD3F84C21531C11D029
:101D200012F080420ED1094B1B681BB111460320F3
:101D3000FFF748FB4FF08062054B1A6501225A619C
:101D400002229A6208BD00BF0080E00F38730020B5
:101D5000001002B80F4BDB68C3F30363013B0B2B8E
:101D60000FD8DFE803F006060C06060606080A0888
:101D700008080220704704207047052070470320A0
:101D80007047054B5B6913F0060F0CBF0120042060
:101D9000704700BF000002B800C001B8094AD3680C
:101DA000C3F303630B2B08D06FF49050184100F07D
:101DB000010080F0010040007047506C10F480304A
:101DC000EDD17047000002B80C490D4ACB68C3F34F
:101DD0000363062B07D8042BD8B20BD8C31E584276
:101DE000584140007047072B06D1D1F868011040D8
:101DF000ECD170470220704700207047000002B805
:101E00005FFFF9FF094BDB68C3F303639A1E012AE6
:101E10008CBF00220122012B02701EBF4FF4026210
:101E200022FA03F303F001030B707047000002B8BD
:101E300011F0010311D09AB9552391FAA1F193FA47
:101E4000A3F34A081B0F490042EAC37201F00203E0
:101E5000C0F8AC2080F82930704722B9AA23ECE7FB
:101E60000023024AF4E7014AF2E700BFB7563512F1
:101E70000F2337B501911E494B67019B13F0010FEA
:101E80001C4B15D0A2B901225A674FF0FF32C1F89E
:101E90004421D0F8AC20C3F844214FF07042C1F87F
:101EA000482190F829201207C3F8482103B030BD1B
:101EB0004FF0FF3502245C67C1F84451D0F8AC50B4
:101EC000C3F844514FF07045C1F8485190F82910BB
:101ED0000907C3F84811002AE8D00422006D0DEB71
:101EE00002010CF06FFE4FF03A43C3F8F440DDE717
:101EF000006001B8005001B813B590F827100446EF
:101F0000FFF758FA012003F0B7FF4FF4F0620F4BD0
:101F10000020DA644FF40072A3F58053DA6494F879
:101F2000273001909A1E012A0AD80421084B0DEB94
:101F300001009B6F0193012203F0CEF902B010BDA6
:101F4000073B012BFAD80121F5E700BF006000B87C
:101F5000004001B838B50446154619B3931E012B4D
:101F600084F827200AD84FF4BC73C4F8083117F05E
:101F70002BFD2046FFF7C0FF002038BD042AF2D019
:101F80002823C0F8083117F01FFD073D2046FFF752
:101F9000B3FF012DF0D8044B044A5B6F1B0C1B04EC
:101FA0001360E9E72120E8E7004001B898760020B7
:101FB00038B5184B05461C6844B1E36833B1206856
:101FC00004F0B8FCA368186804F0B4FC124B134A80
:101FD0001B6813602BB1DA681AB19B68186804F0AB
:101FE000A9FC0F4B1B682BB1DA681AB19B68186803
:101FF00004F0A0FC0B4B1B682BB1DA681AB19B688C
:10200000186804F097FC21462846BDE838400022B5
:10201000FFF7A0BFF4E30308F0E30308987500207E
:10202000E4E30308E0E30308F8B5D0F84C310446D4
:102030008B420D46164603D190F84831202B0ED026
:10204000324629462046FFF7F3FE202384F8483124
:102050000023C4F84C51C4F85031FFF705FD4FF090
:102060000077074B32465F6429462046FFF700FFA2
:102070008022044B1A6103F500535F64F8BD00BF72
:10208000001002B8000002B8072330B5144CE36317
:10209000144B61B94FF480424FF48041C3F80811EA
:1020A000C3F80C21C3F81021C3F8142130BD442516
:1020B0000D4940F040004D6388630121D9634FF41E
:1020C00080414AB1C3F80811054BC3F80C11C3F89D
:1020D0001011C3F81411E9E7C4F80811F4E700BFC0
:1020E000006000B8005000B8004000B82DE9F74F7C
:1020F00005460E469046019319F007FE074606F086
:102100009BFB95F827B0032E0DD8DFE806F00211EF
:10211000171D414BDFF82491D3F800A085F8276004
:10212000BAF1000F12D12124204603B0BDE8F08F90
:102130003A4BDFF80C91D3F800A0EFE7384BD3F817
:1021400000A0DFF80091E9E7364BF8E7D5F8E82082
:10215000524507D0504603F0E3FA0022C5F8E8A044
:10216000C5F8EC2041462846FDF7E8FD044606F098
:1021700079FBB34507D0D5F8EC2028461268DAF889
:10218000041017F093FF019BDFF8BCA0A3F16F00D0
:1021900004F0C0F8B0F57F4F3FBF234B9B6B01337A
:1021A000C018A0F57F40CAF8E400484605F016FFC5
:1021B000CAF8E8002CB941462846FDF73BFF044623
:1021C00018B1384619F09CFDAEE701224FF0020924
:1021D000164B41465A642846C3F80890FEF7C8FAE1
:1021E000044618B1124BC3F80890EAE73146284676
:1021F000FFF7E0F828460C9917F004FD0446002884
:10220000DFD10C4907230C4AD1F8FC1005F5827088
:1022100005F06AFFD5E700BFF4E3030898750020D6
:10222000E4E30308E0E3030800C001B8001002B8CB
:10223000002002B8004F00B0A43F00B0D0FB010066
:1022400050BD0100501C0700003E00B0034BD3F806
:10225000F80780F00070C0F340607047000002B8DB
:10226000024B1868002818BF184670479C7500205C
:102270002A4A2B4B12682DE9F3470C461A6009B124
:102280000B7933B90022274B1A70002002B0BDE849
:10229000F087FDF751FC20B1234B93F88830DB0722
:1022A00037D42679062E36D801213A202768E2F75E
:1022B0002FFA4FF4FC7200251C4BDFF87890DFF802
:1022C00078A0C3F8582507F10108EBB29E4208D860
:1022D00094E803000122134B1A70154B83E80300A6
:1022E000D3E717F8151018F8152041EA024349F80A
:1022F00025300823AB40CAF858358DF80410042166
:102300008DF805200DEB0100002209F014F80135CD
:10231000DBE70220BAE72120B8E700BFECE30308BF
:1023200098750020AA800020003E00B000E0035015
:102330009C75002068C5035000D0035010B590F87C
:102340002700FF2814D0304BD3F8BC2012F0060F22
:1023500001D001280DD94FF470622C4BDA604FF494
:102360008072A3F58053DA600022274BC3F8B820AF
:1023700010BD02F0020412F0040202D00B789B069A
:1023800037D4002C39D00B7803F00F03072B34D14E
:102390004B78022B31D98B7813F03E0F2DD0CC78AF
:1023A00014F0040F29D014F0010F0CBF04230A23EA
:1023B000A40748BF0633CB5CFBB1002A14BF02223E
:1023C0000122012840F6FF7003F01F0108BF4900F9
:1023D000013940EA01310E4801654FF470600B4944
:1023E0001202C860A1F58051CA60074AC2F8B8302D
:1023F000BEE7002CC7D18B7823B90023044A1365AC
:102400000122EAE70222DCE7003E00B0006000B8EB
:10241000004000B810B590F82710012903D8174BD9
:10242000D3F8B4300BB1002010BD028E272A22D879
:10243000134B14481B68834219D031241248181AD0
:10244000434243415B000D48A0F8CE405024634313
:10245000282404FB01330D491944895CFA31A0F8A2
:10246000D4100B490B449A5C0A4B1A70DBE76FF0EF
:1024700003040123E7E70E20D6E700BF003E00B0CB
:10248000447D002000F04902005A620224F903084A
:1024900034F80308AB800020831E9BB2142B14D9A0
:1024A000A0F11A03322B14D80B4B1A688AB10338E7
:1024B00083B2642103EBC30312F93300C0F1F4705B
:1024C00000F5904001FB00F07047034A1268002AB3
:1024D000EFD10248704700BFF47500200020BCBE59
:1024E00008B5064B996E1B6EA0FB01015A01DB0E6D
:1024F000E8F7F6FB00F5F85000B208BD20760020A2
:1025000043F6FE73064A03EAD02343F0010300F0CA
:102510003F005364C31E58425841C2F8CC00704774
:1025200000C000B80138062824D8DFE800F01C10ED
:102530001C1023100400104B0129188815D10F4BD3
:102540001B681844073020EAE07005F043BE0C4BCE
:1025500001291888F3D10B4B1B681844053020EA79
:10256000E07005F025BE084BE6E7064B1B681844F3
:102570000430F4E7704700BFEA7E002000760020B8
:10258000EE7E002004760020EC7E00200122124B1B
:1025900010B512491A70124B00209963114B102488
:1025A0001968114B99634FF0607310490B67104B1A
:1025B00018679C640F4CC4F814014FF40010C864F1
:1025C00001F530410A650C4A11680C4A91660222F5
:1025D000C3F8102110BD00BF9B860020FFFF0F0035
:1025E00000A001B8F0750020009001B8006001B8AB
:1025F000005001B8004001B8EC75002000C000B8E0
:1026000010B5084C23685BB1074B187804F080FDC7
:10261000064B187804F07CFD0023054A2360136004
:1026200010BD00BFAC750020AE800020AD80002042
:10263000A8750020B14B2DE9F74FD3F8B42380469D
:1026400002F00702013AD1F800B090F82730062ACC
:1026500000F23081DFE812F007001F0029003C0083
:102660002E0102014800A64A1278012A00F02881B2
:10267000002510242E46A946A2490A680C3A0A6091
:102680000127072B14BF0222012242234FF0010A27
:10269000B3FBF2F355E09A4A5E2412780625022A2B
:1026A00000F011810026B146EAE70425944A0C792E
:1026B000127805EBC404012A00F00A81AC4204D16F
:1026C000102490490A680C3A0A6004F00705E9E70B
:1026D00004258B4A0C79127805EBC404022AEDD14B
:1026E0000026B1463746CCE78748884A04788448B4
:1026F000128890F80090013CB9F1010F02FB04F43C
:1027000040F0D08048798249002800F0A38014442A
:10271000A4F10802072A88BF08224FF008054FF4E9
:10272000C056086898BFD2B21044A41A08604FF08F
:10273000000A072B14BF0223012394FBF3F357462F
:102740001E334FF47A70584305F048FC4FF4037180
:10275000DFF8DCC16F4ACCF8D400D368526BC3F306
:102760000363D940C90700F1C6800B2B07D102F1E2
:102770001903DCF8D020B3EBD21F00F2BC80664B0B
:10278000664A5A676B1E1B02654A03F4E063BAF19E
:10279000000F17D0634901930968404651675946B5
:1027A0000022FFF741FCBBF1000FB4BF2A21152125
:1027B000D8F85020019B11704FF03A420221C2F824
:1027C000F410554A4FF4006111654FF4F852564920
:1027D0001E43564B8A649E644FF0C0534E4A651B9D
:1027E00053654FF47063EE080B6508214C4BB9F14B
:1027F000000F75D04FF080525A6599654FF03A43FB
:102800009B69B8F8140006EB030998F82530DB073C
:1028100061D5484540F64E0234BF00200120FDF747
:10282000A7FC4FF03A43022215F00705C3F81490B5
:102830005A6305D0013D3D4B2D0245F400651D65F1
:10284000002F51D1711C89B2404603B0BDE8F04F52
:10285000FEF758BD08681044086059E72A482B4A1B
:102860000478274812880078013C022802FB04F40F
:1028700018D14879264988B11444A4F10802072ADE
:1028800088BF0822086898BFD2B2104408254FF4C8
:10289000C0564FF00109A41A086048E708681044C0
:1028A0000860EAE700261444B1464FF0010A04F03C
:1028B00007053EE7002408252646A1460027E0E656
:1028C000042425460CE74FF480564FF00109F5E744
:1028D0000026B146F2E7431E034309EA0309A0E7D5
:1028E000C3F854909165ABE7E11D48BF04F10E01B8
:1028F000C1F3CF01A8E703B0BDE8F08F004001B8F5
:10290000BA80002004760020B9800020E87E0020F4
:1029100000760020000002B8006001B80000FFFF50
:10292000005001B898760020006000B8005000B850
:10293000003F00B0062830B4454B464A464972D0A5
:10294000072823D00424C3F8B0430223C2F8B033CD
:10295000002208243F4BC3F81041404CC3F8B44355
:102960000024A3F58053C3F8B443C3F8B0433C4CF0
:10297000D4F8B43323F007030343C4F8B4330B781B
:1029800032BB002B4DD130BCFFF700BE354C0425C7
:102990002478022C55D1C2F8B053C3F8B0430822B2
:1029A0002B4B2E4CC3F810212A4AC2F8B4432E4AAE
:1029B00012689205C3F8B4230022C3F8B023284A52
:1029C000D2F8B43323F007030343C2F8B4330B78CF
:1029D0003BB300204FF400131D4A0870D364234B0F
:1029E00023499B6BC3F313030B602249224B99636A
:1029F0004FF06071A3F580539863A3F540531967B6
:102A00004FF02071116710229A64012203F54043B0
:102A10001A65A3F5B033996E184A116049F249223C
:102A20009A6630BC70470F4C2478012C4FF0040498
:102A3000C2F8B0434FF00202C3F8B023AFD0012276
:102A400087E7C2F8B0530222C3F8B023F7E700BF0C
:102A5000005001B8006001B89B8600200000C0FF54
:102A6000004001B8BA80002014760020008001B830
:102A7000F0750020FFFF0F0000A001B8EC750020EA
:102A80002DE9F04FA64B99B01B6883460793A54BE1
:102A900093F88830DC0740F15485A34F3D78691ED8
:102AA00018BF0121421E97F8300018BF012217F00D
:102AB00028FB022D06467C6E81EA020A40F0B980AE
:102AC0009A4B1B78002B6DD1002840F0AD80BBF1F4
:102AD000030F71D197F85CA0BAF1000F40F0AF80FE
:102AE000CDF810A04FF0010A914B1B680293002B08
:102AF00000F0E8808F4B1B6802938F4B1B78002BF4
:102B000000F0DE80012B40F051878C4BDD6B029B87
:102B1000029AEB1AC3F38F030693894B1B689D42FD
:102B200088BF15467F4BBBF1020FD3F89030089356
:102B300040F02081834BDA69C2F30723100448BFB9
:102B400063F0FF03323B5BB20593002E40F0C98077
:102B50007D4B1B78012B40F0BB80029B002B00F0CB
:102B6000B480079B029893F82720784BD11F4A42E4
:102B70004A410699890001F02DFC03906A4B186EBA
:102B8000039B1844FFF7ACFC714B059A93F9063090
:102B900081469342C0F2AA80BAF1000F40F05B81F7
:102BA0005446F6E0BBF1010F40F0868097F85C30A8
:102BB000002B44D1049307E0BBF1010F7ED197F8BD
:102BC0005C30002B3BD10490564BD3F890300893E7
:102BD000BAF1000F40F03781CDF818A0CDF808A069
:102BE0004FF000096FF07F03CA4697F83050059305
:102BF000CDF80C904C4C012D94F85C3040F075826F
:102C0000022284F83020002B40F08582454A0027BC
:102C100092F888304F4C23F0020382F888304FF04E
:102C200000424D4B5A6466E1BBF1010FBED00493E4
:102C30005AE791423DD097F85C30002B3AD0424B96
:102C40001B78012B1ED1424B197ADA79914219D99E
:102C5000B3F904304148DA17A3FB043104FB021135
:102C6000A3FB003200FB0122002A3D49A8BF4FF41C
:102C70008051521804D5013B41F6FF7342EB030229
:102C800004EB62342046374904F0E0FE364A254B17
:102C9000506393F8943004933B895364A2F5A032B7
:102CA00093624FF400222C4B5A64BBF1010F8BD07E
:102CB0001AE700230493F8E70023B8E7049013E72A
:102CC0002A4B23E7029D06952CE7029B039355E7C9
:102CD0000122164B1A701E4B059A93F90630934247
:102CE0001ADB4FF00009CDF80C9055E7039B204A02
:102CF00003F5922303F2DF3393423FF64DAF144BBB
:102D0000197ADA7991423FF647AF059AA3F8049011
:102D10009A71089A1A603FE7B1460396EFE700BF41
:102D200038730020003E00B020760020B3800020E1
:102D3000AC750020A8750020AC800020004003B8CE
:102D4000A475002000C000B8BA80002018760020CA
:102D50000876002050760020001002B8645E05005E
:102D600000F0FFFF005A6202008001B8000003B8C3
:102D7000BE270900BAF1000F40F00881BBF1010F36
:102D80003FF42EAF6FF07F035446D1460593CDF844
:102D90000CA0A64FFB6C0BB1029A1A603B6D0BB1F5
:102DA000069A1A8097F85C30002B00F090817F6DB6
:102DB00027B13B78002B14BF2F4600279B4B1D7972
:102DC0009B4B1B68002B00F06A81DFF8708298F83B
:102DD000000017F06AFB98F80030002B00F0EB8041
:102DE000012B40F0E785934A012102F500528B4206
:102DF000516000F2E5858F498F4A002B08BF1146CC
:102E00004A6812F00202FBD1284617F07AF901282D
:102E10008A4900F0D280022800F0EF8010B9884B78
:102E20001B780B70854B1878002F00F04781854B7D
:102E3000002800F02A81012840F0C6857D4A5762AB
:102E40001F607C4B25E100256FF07F03A9460695A6
:102E5000029505930395754A92F85CA0BAF1000FAC
:102E600000F09E80784B187AD979884240F096809D
:102E70007649097801291FD1516EB3F90430D8176A
:102E8000A3FB013201FB00227149A3FB013001FBCE
:102E9000020000286F4AA8BF4FF48052801804D562
:102EA000013B41F6FF7340EB03006B4904EB6030DC
:102EB00004F0CCFD694B5863634B1868FFF720FBA7
:102EC00053466149BBF1010F0A7A02F101020A720D
:102ED0006CD19A46554A92F83050544C94F85C7034
:102EE000002F00F0FB80636E0434E365A36E63661D
:102EF000002384F858302078FFF71CFD2378002B3E
:102F000000F0FB820023564A07981360554A13A924
:102F10001360A268E368002F18BF13461393E37889
:102F20008DF85030A3788DF85130FFF783FBBBF15B
:102F3000010F03D02146079817F0EEF8DFF8EC8078
:102F4000207898F80010FFF7EDFA474BBBF1010F1E
:102F50001888464B98F83310E27894F800E01B7814
:102F6000DFF8E8C040F04882C900D200013D584374
:102F7000C9B2D2B2062D00F29B82DFE815F0CE0076
:102F800056017E01C00199021F0209026FF07F0302
:102F90004FF000090593CDF80C905CE7002390E713
:102FA000BBF1010F05D192F8305096E754469A468E
:102FB000EFE60124EDE6204A16E72D4B1B780B7057
:102FC0004FF0FF31BBB1012B03D04FF400539A6592
:102FD000FFDE284B042299654FF0FF31A3F58053A3
:102FE0009A65A3F5805303F500529164062203F518
:102FF00080539A6416E7204BECE71D4B1B780B704F
:103000004FF0FF31002B39D0012BDED1194B9965E0
:10301000A3F580539A65A3F580534FF0FF3103F574
:103020000052916403F580530222E2E720760020EB
:10303000AC750020004003B8000003B8AC8000204D
:10304000AD800020A875002008760020BA800020FE
:10305000645E050000F0FFFF005A6202008001B8C4
:103060000076002004760020E87E0020B980002051
:10307000AE800020006003B8002003B8AB4A916521
:10308000A2F580529365AA4BC7E7A94A57621F6011
:10309000A74B012203F580535A6017F003FA029BF5
:1030A000BB4204D1A34B5B6D0BB100221A70A14B44
:1030B00093F83050002C7FF410AF9BE50028E7D048
:1030C00001283FF4BEAE4FF480535F6080E7FFF706
:1030D00097FA7B6D002BEAD00122E7E7012D16D18C
:1030E00002232F4604F8303F05E70027032D10D0B8
:1030F000072D0CBF062300238E4C84F8303094F843
:103100005C3013B9002F3FF481AD3034F3E6012772
:10311000ECE70423F0E70027F7E7874B93F80080FC
:10312000B8F1000F36D1854B85491B88854A099334
:10313000D1F81C31C2F88C30D1F814511421EDB201
:1031400082F889504246E3FB01521923A5FB03157F
:1031500003FB02550B9105F083F80A9005F076F811
:103160004FF47A7309990A9A03FB012303F5394353
:103170000B99F0331B1AC81A4FF019024FF00003D5
:1031800065F10001E7F7FCFD6F4BC3E900016F4BF0
:10319000C3F8008001206849684B08706C491A88A0
:1031A00009786C4B81421B8800F08681207816F0EC
:1031B000A8FF604B012893F8312021D11023A57975
:1031C000191F8D4202D9AB4280F0A38103F1400167
:1031D000E079C9B2A1F1040C604502D9884240F2FD
:1031E00098814FF4FE405C49103BC1F8B4035B4941
:1031F000DBB2097813FB01F359491B02C1F8B43360
:10320000002A40F005814B4B5D6C002D00F0F581EC
:10321000002E40F0F981534ABBF1010F117A9B6CEB
:10322000D27900F0A98102261EE14A4B43491B884E
:103230000988444DBEF1010F0B449CF800C0D5F83D
:103240008C1008D1BC3301EB4303C5F88C30BCF1C2
:10325000010FABD1EFE0BEF1030F07D1002A0CBF85
:1032600000200C20BC3313441B1AECE784330344C6
:1032700001EB4301C5F88C10E9E7304B2E481D885F
:10328000344B90F800C01B88BCF1010F1D444FF077
:1032900028030D44154403FB05F505F5756302D0BD
:1032A000BCF1070F03D111B905F589531033032180
:1032B00001702D490A70264A1278012A7FF476AFF0
:1032C000224A11680B441360264AB2F90420D01731
:1032D000A2FB032103FB00112448A2FB002500FBF5
:1032E0000155002D2249A8BF4FF400316D1803D5B8
:1032F000013A204A42EB0505AA14ED17E7E0154B09
:103300000E4D1B882D88DFF83C802B44BEF1030F47
:10331000D8F88C509CF800C00B442DD16233134474
:1033200005EB4303C8F88C3091E700BF002003B8D9
:10333000000003B820760020B2800020EE7E00203E
:1033400000C001B8003E00B0B00D0020CC750020D8
:10335000BA800020EC7E0020006001B8B18000201F
:10336000005001B808760020B880002078CCAB006F
:103370000000FEFFFFFF0300002914BF00220C2203
:10338000363303449B1A05EB4305C8F88C505EE7BF
:10339000A24BA3491A88A34B1B881A44282302EB8B
:1033A00040025A43087802F5C873032804D19E48A6
:1033B000007808B9A2F1500307227BE79949974B9F
:1033C000B1F800801B88994DBEF1070FD5F88C101D
:1033D0009CF800C0434403D10A3303EB400332E7B7
:1033E000002A03F13603034414BF00200C201A44C2
:1033F000024401EB42013DE7BBF1020F9CF80020C3
:1034000098F8313013D0012A15D0002B3FF4FBAED1
:1034100040F20113ADF84C30854B1B78002F7BD167
:10342000022B079813A979D1FDF778FA6AE0022AEE
:1034300004D0012A0CD17F4B1B6845E77E497B4AAB
:10344000D1F80C01C2F88C00D1F8041182F889106F
:10345000002BDDD1D8F84450002D00F09C82002EC6
:1034600040F0A280754B9B6C0020744A287092F843
:103470005820EE706A70059AA5F80690AA70089A0E
:10348000AA606F4AD179157A002B68D18D4248D154
:103490006B4B6C4A186812F8141C0338C0B201F068
:1034A000CFF8BAF1000F4FD1BBF1010F3CD13FE093
:1034B0009CF80030012BCCE628205E491A440B68AA
:1034C00003F5EB5300FB0233002215460B605E4907
:1034D000D1E900011B1841F10001981A61EB0501C7
:1034E00014220023E7F74CFC504BBBF1010FC3F84B
:1034F0008C0083F889203FF459AE504B93F831305B
:10350000002B85D14D4BBBF1020F5D6C7FF47BAE80
:10351000A2E70433DBB253E6012B82E7FDF71CFA86
:10352000F0E7BAF1000F0FD1444B049A83F87020F2
:10353000464D0FCC0FC50FCC0FC594E8070085E8AA
:10354000070019B0BDE8F08F414B1B68002B40F01D
:103550002782404B1B68002B40F09181A4E79860C4
:103560009088039E1882106892795E609A743A4A35
:1035700018601268DA6089E733B12F48D0F81C511F
:103580005D61D0F81401D874914281D0BAF1000F76
:10359000CED02F4B1B68002B40F002822D4B1B68B6
:1035A000002B40F06C81C3E7012E40F00681002221
:1035B000224B9E6C01232B70204B93F85810EA701D
:1035C000059A6970AA7093F87030AB71AFB1174B60
:1035D000224FD3F890300593214B1A78174B998ED0
:1035E00093F833300691DB000793D7F8BC33190CFE
:1035F0001B0C029143D11B4BAB80114B1A7ADB7928
:103600009A427FF44EAF43E7012E40F0D680BBF1E3
:10361000010F9E6C28D00222CCE700BFEE7E002076
:10362000B2800020EA7E0020B8800020003E00B07A
:10363000BA800020CC75002000C001B820760020A0
:103640000876002084850020B00D002050760020F0
:10365000FC750020F875002018760020004001B8A5
:10366000B78000200080FFFF002EAFD0A04BD3F822
:103670001C21F261D3F8143186F82030A6E70298B5
:10368000089216F079FD089AD7F8C493012AD7F862
:10369000C8830390D7F8CC735DD8964BC9F3090261
:1036A0001B78C9F38921C9F3095016F068FD924AC5
:1036B000924992F858200346013AD2B201EB8202B5
:1036C00051688F4AA2EB41028E49024409780029D1
:1036D00071D1059B089003F03F0103390698C9B2E8
:1036E000099200F0E9FE099A089B02448249097890
:1036F0000229039908BF52420A4456B17380029BC3
:103700007160B060F2603380C6F81090C6F8148023
:10371000B7617D4B07991B887C480B444FF4FA61D5
:103720004B434FF47A7103F5BF33D033B3FBF1F160
:10373000B0F904004143764891FBF0F10B44D31AF1
:1037400083EAE371734AA1EBE371B1F5004FA8BFBF
:1037500013461BB250E7022A7FF44DAFC8F30E00A8
:1037600018F4804F18BF6FEA4040C8F30E4118BFED
:103770006FEA504018F0804F18BF6FEA4141C7F31D
:103780000E0218BF6FEA51417B0448BF6FEA424204
:10379000C7F30E4348BF6FEA524217F0804F18BF7D
:1037A0006FEA434309B218BF6FEA534312B200B243
:1037B00016F0F3FC7BE7002098E7022E7FF41DAFA4
:1037C000DFF83491D9F8486027B91EB1524BB3F8ED
:1037D0009630B384BBF1030F7FF40FAF02230021B7
:1037E0002B7099F8703010226B700FA80C910BF0B1
:1037F000DEF94A4B069A5B8B934275D2484B1B7895
:1038000023B9464A02990CA800F0F2FE00274FF0B7
:10381000FF38444AF8B21278404B824233D8424BC8
:103820001F7827B93F4BFAB21978914237D83D4BF0
:1038300003211F780DA83A460BF0B9F9002E79D173
:1038400013AA0DAB05F1150105EB4707BD4202F1C7
:10385000040240F094802D4B1A7ADB799A423FF4AF
:1038600017AEBAF1000F3FF45FAE304B1B68002B70
:1038700040F096802E4B1B68002B3FF455AE234A38
:1038800092881A8010E60DF14C0C0090029A0C9967
:103890000CEB800000F030FE01378046B9E70139BB
:1038A0008A42134604BF02F1FF32D2B24A4492F870
:1038B000582018A9013AD2B201EB820151F8241C18
:1038C00041B9B9F834100FA80393029200F0ECFE4E
:1038D000039B029A0FA901EB820113AA02EB83005A
:1038E00016F0B6FC01379DE74FF0FF389FE700BFA9
:1038F00000C001B8B1800020207600207085002033
:103900009B26FEFFB6800020EC7E0020087600207B
:103910006079FEFF0080FFFF003E00B0F07E0020D7
:10392000B5800020B9800020B4800020FC75002004
:10393000F87500204FF6FF737383254BBDF93210E5
:10394000F3610A333362234BBDF93020D3F8B83327
:10395000B280C2EB13425B1A32807380F180A6F80A
:103960001880B31D0FAA0E36B2F90010043223F8E6
:10397000021F32F9021C9E421981F5D160E732F92B
:10398000040C25F8020F32F9020C688113F8010BC0
:1039900001F8010F5AE7104BDA791B7A9A4276E563
:1039A0000D4A126802F03F021A70D2E50023DB6B69
:1039B000FFF70EBB00224FF400535A60FFF708BB1D
:1039C00000235B68FFF704BB00235B62FFF700BBCB
:1039D000F07E0020004001B8087600202DE9F34772
:1039E00090F827300646073B012B0C4605D9B94B0A
:1039F00093F88830DB0740F1DD816388B3F5007F01
:103A000000F2DA8140F2DB53228B9A4240F2D481F9
:103A100096F83C0101A916F08FFB0546002840F0FE
:103A2000C081AD4B9DF8042053F82220104616F0BB
:103A300059FB0546002840F0B4811168A74BDFF818
:103A40003C9319605168A64BDFF834831960916884
:103A5000A44B127B1960A44BE1891A702078A34B08
:103A600022891870A24BA34F1A806289A24B38702A
:103A70001A80A289A14B1A806278238A052A28BF5E
:103A80000522022A38BF0222194489B289F800208F
:103A9000013AA8F80010D2B2C9B201F011FA0546F5
:103AA000002840F07E818021954B1870894BC3F827
:103AB0008C0083F88900934BA27E1870924B18708B
:103AC000924B186098809971DA7196F827101872E5
:103AD0008F4BA1F1070CD3F8D821DCF100018D4BFD
:103AE00041EB0C0102F007028B481A7016F031FB13
:103AF00099F80030228AE189884816F061FBB8F80D
:103B00000030132B40F25181272B40F25181502B72
:103B100035BF242248220123022381491B030A6066
:103B2000E17E804A1170002187F8701087F85C10E0
:103B300022782027901E424242414FF0005043EA33
:103B4000021343F48043724A43F00D03C2F8B033CA
:103B5000754BC3F8B073C3F8B00396F82730082B41
:103B6000724B0ABFC3F8B073C3F8B013C3F8B00305
:103B7000D2F88C3023F0007323F4E053C2F88C3079
:103B8000136C23F0714323F470031364D2F8B4313F
:103B900043F08043C2F8B4316368BBB1644A6549FD
:103BA000D2F88C00086042F208014FF4E000C2F83D
:103BB0008C105D4908664FF4C000A1F5805108667D
:103BC0001C206188536400FB0133136467695A4BFE
:103BD000B4F818801F60594B1F60002F3BD0B8F11C
:103BE000000F38D0564ADFF89CA1D369DFF89891CE
:103BF00043F040035348D361CAF80470AAF8028026
:103C0000C9F80470A9F8028003F014F84E4803F0D4
:103C100011F89AF8000016F040FCDFF870A108F1E6
:103C200080488AF8000099F8000016F036FCDFF8AA
:103C30006091A8F2DC5889F8000016F033FC434B81
:103C400099F800209AF800001A7003F061FA404BCE
:103C500007EB88071F603F4B3046B3F9001016F0A2
:103C6000A9F900223C4B5A643C4A1268C3F8CC20A4
:103C700094F824203A4B1A7094F82520394B1A7086
:103C8000394B94F826201A7094F8273013B1E06A63
:103C9000FEF736FCE269354B69461A60226A344BFE
:103CA00030461A60A26A334B1A604FF48273ADF843
:103CB00000304FF48173ADF80430FCF74DFE304610
:103CC00001A9FCF72BFE2C4BD3F8F8371B0368D463
:103CD00060E000BF003E00B0DC750020D875002019
:103CE000D4750020D0750020AF800020BA8000205D
:103CF000EE7E002020760020EC7E0020EA7E002070
:103D0000B3800020B2800020B88000200876002018
:103D1000004001B8B180002018760020F07E00201D
:103D200014760020B7800020006001B8005001B870
:103D3000004000B894760020AC750020A8750020E3
:103D4000AC840020948400207C840020AC8000207F
:103D5000A4750020E67E002000C000B8E8750020B1
:103D6000B6800020B5800020B4800020FC750020C3
:103D7000F8750020F4750020000002B8B98000201A
:103D8000E87E002038850020D8840020AE80002006
:103D9000AD8000204FF4E063084A1363A2F580521F
:103DA0001363284602B0BDE8F08709222B46B4E62B
:103DB0002222FBE70225F4E72125F2E70060005A02
:103DC00008B5024616F08EF910B9024B43F82120CF
:103DD00008BD00BFDC75002070B590F827300446A0
:103DE000073B012B01D9022070BD874B93F8883027
:103DF00003F00103002900F09680002B40F0918031
:103E000016F0A3F90028EED1804B1878012805D9C7
:103E100000F08AFF10B901F00BF8E4E77C4D95F94A
:103E20000030013328D101213B20E0F771FC002054
:103E3000E1F7B0FE40B228700130D4D0002102205A
:103E400002F088FA734B4FF44051D3F8202122F04E
:103E5000C062C3F82021D3F8202142F00072C3F8D9
:103E6000202195F90000032208F0A6F8C0220021C5
:103E700095F9000008F0A5F84FF48022664B204623
:103E80009A634FF480529A635F4A644E92F8883086
:103E900004F5827543F0010382F88830604BD3F853
:103EA000CC20604B1A60604B604A5B69C3F34003EF
:103EB000137002225E4B5A6103F540539A6CC2F3B1
:103EC0000E03520444BF6FEA43436FEA5343594A17
:103ED0001380594B594A1A60D4F8B020584B1A60D5
:103EE0000523C4F8B03001F035FD0123554AD6F85A
:103EF000FC10A4F84001284604F0F6F85249204688
:103F0000FCF744FD51492046FCF750FD4FF080720C
:103F10004F4B28461A61D6F8FC100723494A04F093
:103F2000E3F8002060E7002BFBD0384B1B78012B17
:103F300001D900F07DFF364D95F90000431C05D0F6
:103F400000221146E1F742FEFF232B70414B1B7804
:103F50000BB9FEF71BFB4FF480223F4B4FF6FF716E
:103F60009A634FF480529A630022274B204683F8CD
:103F700088203A4B1A683A4BC3F88C20FDF7C2F9F7
:103F80004FF48072374BC3F8FC23284B1A78022376
:103F9000002A37D0264A5361264B2046B3F9001039
:103FA00016F008F800221E4B1C4E5A641D4A04F5F8
:103FB00082751268C3F8CC20FEF722FB204B204606
:103FC0001B68C4F8B03001F0C5FC01231D4AD6F8C7
:103FD000FC10A4F84001284604F086F80723194A8B
:103FE0002846D6F8FC1004F07FF817492046FCF765
:103FF000B3FC20461549FCF791FC4FF080721A4B38
:104000001A618EE7194AC6E7003E00B070850020AD
:104010009C86002000C001B80050005A004F00B03C
:1040200000C000B8E8750020004001B8B080002052
:10403000005001B8E67E00206C850020812A02082D
:10404000E4750020A43F00B09986002097860020E8
:10405000009001B89B8600200060005A94760020F2
:10406000004000B8002002B800A001B8006001B80C
:104070002DE9F74390F827308046073B012B0D468A
:1040800004D9644B93F88830D90777D5002A6BD0D0
:104090002B7803F0FD02012A02D0072B40F0B880F4
:1040A00017F033FEDFF89081074698F80030012BB7
:1040B00007D1FDF789FE044630B1384617F020FEDF
:1040C0005DE0FDF76BFEF6E7524A297892F88830FA
:1040D00007290CBF43F0020303F0FD0382F8883088
:1040E0004FF000422E464C4B4C4C5A640FCE0FC43E
:1040F0000FCE0FC4012396E8070088F85C3084E8EF
:104100000700B8F8080004F148084034444B1B6825
:104110009A6893899168C31A52689BB201FB032382
:1041200023602E78012E03D1FEF7B6F9C8F80000FF
:10413000F31F584258413B4B05F128021B78012BD5
:104140005FD9591E384B93F800C00023D45C6445F6
:104150005CD8013C032C59D8072E03D10133DBB2C4
:104160009942F3DC00244DE017F0CFFD0746FDF740
:10417000F1FD012807D0384617F0C2FD0224204681
:1041800003B0BDE8F08328782E46831F012B4FF43F
:10419000807394BF204A254ADFF89C90C2F8FC3314
:1041A00009F13004FEF7C6FB0FCE0FC40FCE0FC4CB
:1041B000002396E8070084E807001D4A694613605B
:1041C0001C4A40461360AB680093EB788DF80430CE
:1041D000AB788DF80530FEF72DFA99F80030012BF9
:1041E00003D12946404615F097FFDFF85080287824
:1041F00099F80010FEF796F9A8F10804B9F8340010
:1042000084E70224697800F0AFFE56E72124F9E73D
:104210002124B4E7003E00B0001002B8247600204C
:10422000E8E30308B980002070850020002002B870
:10423000007600200476002020760020887600207A
:10424000F8B503780646042B1ED800270F4D2B70B7
:104250002B78FCB2A34203D8012300206B70F8BD79
:104260007368013733F81430A73B18B215F0ECFF30
:1042700005EB84035860736833F9140000F050FABA
:1042800005EB84046061E3E72120E8E77085002006
:10429000024B587800B11878704700BF7085002035
:1042A0000028A7BF4FF4804249424042484A0029B3
:1042B000D5BF0B180B1AA0EB010C01EB000CD4BFFF
:1042C000A2F5005202F50052002BD5BFACEB630003
:1042D0000CEB630003EB6C03A3EB6C03D5BFA2F5FF
:1042E000975202F59752043A0432002BD5BFA0EB47
:1042F000A30100EBA30103EBA003A3EBA003D4BF36
:10430000A2F6FB1002F6FB10002BDDBFA1EBE302CF
:1043100003EBE1036FF4A26101EBE302CABFA3EB7D
:10432000E103401800F21150002BD5BFA2EB23117E
:1043300002EB231103EB2213A3EB2213D4BFA0F251
:104340008B2000F28B20002BD5BFA1EB631201EB79
:10435000631203EB6113A3EB6113D4BFA0F5A37049
:1043600000F5A370002BD5BFA2EBA31102EBA311A4
:1043700003EBA213A3EBA213D4BFA338A330002BEB
:10438000D5BFA1EBE31201EBE31203EBE113A3EBC7
:10439000E113D4BF51385130002BD5BFA2EB2321FC
:1043A00002EB232103EB2223A3EB2223D4BF2938E2
:1043B0002930002BD5BF03EB6123A3EB6123143815
:1043C0001430002BCCBF0A300A3800B2704700BF4F
:1043D00000C0FFFFB3F802C08C4549D8F0B5B3F870
:1043E00000E08ABB0EF10E039BB29C4528BF0E2451
:1043F00052D3274600211E1BC55C865D3B449BB201
:10440000AD1B9C4541FA85F1F5D24FF47A7303FB5D
:1044100001F17AB34FF47A730029B8BFFF310A1261
:1044200003FB02F292FBF4F202EB8202ACEB0E0C05
:104430009CFBF4FC0CEBDC735B10002A194627DBB9
:10444000881890FBFCF0F0BD0EF107039BB29C4571
:1044500028BF0724CDD2174BACEB0E0E83FB0E23E7
:104460004FEAEE707344C0EBA30CC0EBE300E8E747
:10447000002070474FF47A730029B8BFFF3109124A
:1044800003FB01F292FBF4F202EB82025200CDE751
:10449000D01A90FBFCF0F0BD064BACEB0E0E83FB8C
:1044A0000E134FEAEE717344C1EBE30CC1EB231121
:1044B000C6E700BF932449920C4B10B51A68044616
:1044C00092B10B4B186870B10A4B1B788B429CBFA2
:1044D00003F1FF33D9B232F9112030F9113004FB66
:1044E00002308030001210BD1046FCE7D475002069
:1044F000D0750020AF8000202DE9F04F4FF0100E56
:1045000000259DF82440814633F814000FFA81F805
:1045100002EB800241FA0EF793F91400C8F100088B
:104520007F422E4600FB08F800FB07F71C7D0AE0DF
:10453000022C394657D0C4460EF1FF3E1EF0FF0E46
:1045400066440D443ED0042C4FD0082CF0D1B2F973
:104550000010B2F90200B2F904A0B2F906C0B2F933
:1045600008B03844414451448444B2F90A00B2F9D5
:104570000CA08B44B2F90E106044DA4401441032AE
:10458000B2F90200B2F900C0B2F904B00844B2F9BD
:104590000610D444E34401440832B2F90200B2F9EF
:1045A00000A0B2F904C00844B2F90610DA440EF1D2
:1045B000FF3ED44401441EF0FF0E02F1080266449F
:1045C0000D44C0D101225B7D70460433DBB2591E1D
:1045D0008A4016441544DE40DD40A9F80060A9F881
:1045E0000250BDE8F08FC346D7E73946C246C7E759
:1045F0004FF0000C10B5E646D38A044601EB830168
:104600000B1D01F1680033F9041C33F9022C04334B
:1046100083428E449444F6D1084B83FB0E1283FBF5
:104620000C134FEAEE7E4FEAEC7CCEEBE20ECCEBC5
:10463000E30CA4F800E0A4F802C010BD1F85EB5104
:1046400030B5A2B1134B1B688BB19FED137ADFED30
:10465000136A134C02EB8101247884429CBF04F15D
:10466000FF34E0B20F4C03EB40008A4200D130BD72
:1046700052F8045BB0F90030A3EB450307EE903A23
:10468000F8EEE77A67EE877A67EEA67AE4EC017ACD
:10469000EBE700BFD8750020DB0F49400000003871
:1046A000AF8000209C76002070B52DED028B194B59
:1046B00082B01B6801914BB307EE901A164BB8EE0F
:1046C000E78A03EB8203D3ED007A28EE278AB0EE67
:1046D000480A0546144600EB820605F039FCDFED7A
:1046E0000F8AF0EE407A67EEA87AFDEEE77A17EED1
:1046F000903AB0EE480A25F8243005F0E7FB20EEAA
:10470000280ABDEEC00A10EE103A738002B0BDEC6C
:10471000028B70BDD87500209C76002000FC7F467F
:1047200007EE900ADFED0D6AF8EEE77A87EEA67ADB
:10473000DFED0B6AB1EE477AC7EE267A9FED097A74
:1047400067EE877A9FED087A67EE877AB0EE677A30
:10475000BEEEED7A17EE100A704700BF0000C842A7
:10476000180D8F4D00000045002474492DE9F047D5
:10477000012788464FF01309164B046893F900503F
:1047800004F1100A07FA05F5EDB2C0F800A00646DC
:104790001022002120460AF00AFA2770657125725E
:1047A0006572C4F80C90B8F1000F10D004F120032A
:1047B00033601022002150460AF0F9F9237C657518
:1047C00067F30103237425766576C4F81C90BDE871
:1047D000F08700BF9D860020274B2DE9F0411D6822
:1047E0007DB330264FF0100E147895F80080234FDB
:1047F000013C00EB800016FB08E64FEA800C07EB5B
:104800008003E0B2E4074CBF1D4C1E4C344447F813
:104810000C401D4C26685EB11027302496F800C06D
:1048200014FB0C7487074CBF154F164F27445F606D
:1048300039B101271549013291F800C00833BC4550
:1048400001D8BDE8F08112F8011B95F801E00139AB
:10485000C9B2484000F0010404FA0EF436B196F8EB
:1048600001E0C0F3400000FA0EF0044301370846AF
:1048700043F8044BFFB2E2E71C7D0020AC76002039
:1048800030D0035030E00350187D00209E86002079
:104890002DE9F04F4FF44875B74C8BB005FB004342
:1048A000019308934FF00133884609AA0121099327
:1048B0000290FFF791FF029B08F1FF3903EB83039E
:1048C0009A000692AD4AD9F1000802EB83030593E2
:1048D000029B48EB0908013303F0010305FB034386
:1048E0000493A74B1B68009343B9089C019BA54AFE
:1048F000E31A1B114FF0000A13707AE04FF0000A20
:10490000019C4FF0100B00215A4620460AF04FF947
:104910009D4B4FF00409236003232373059AE3683A
:10492000626069F39F0304F12002E360039204F1E3
:1049300018030892009AA3605378012202FA03F345
:10494000009A302516785A460021A01807930AF0DD
:104950002EF9079B02276361132315FB06B606F1A8
:10496000A0468A4906F578363036A6610E68277467
:10497000E361002E38D05A46002103980AF017F957
:104980000122814B82492362069B04F130001944C5
:10499000616294F82C1041F0030184F82C10E16A54
:1049A00069F39F01E16204F13801A16204F1400161
:1049B00096F801900891317802FA09F915FB01B5D2
:1049C0005A4600210AF0F3F8132394F8302005F139
:1049D000A04505F57835303567F3010284F83020BD
:1049E000C4F83490A563E363089CBAF1000F3FF468
:1049F0007DAF0125674B684A93F9003004F120062A
:104A00009D4002EB8309EDB21022B8F1000F00F0D7
:104A1000A080002120460AF0CAF8022323705F4BD1
:104A20001022636013230021C4F808900896E36005
:104A300001261327A0180AF0BAF8237C657566F3DF
:104A400001032374564B25761B786576B342E761E4
:104A5000039388EA060840F0B380089CBAF1000F7F
:104A600040F009810223236063604E4B04F1100083
:104A7000A36013230890E360BAF1000F0DD004F196
:104A800020061022002108960AF091F8464B236177
:104A9000019BF61A454B36111E70089C04F1300735
:104AA000B8F1000F00F00B8102220C23DFF80CC1DB
:104AB000226184E80C10132302F54322E360626153
:104AC000C4F81890E36104F12000BAF1000F00F07F
:104AD000DB80102200210AF06AF8012194F82020DE
:104AE000049B61F3010284F820209B10E26A9B0082
:104AF0000A4043F002031343E362224B84F825503B
:104B000084F8285084F829501C78322302991A4AD4
:104B100059430B460819264902EB00100978091B76
:104B20008900C46801F0FC0161F39F042149C4605D
:104B300009780B4402EB03131C4A1278521A9200B4
:104B4000D96802F0FC0262F39F01D9600BB0BDE8A6
:104B5000F08F414620460AF02AF802222378414687
:104B600062F301032370144B102263601323C4F813
:104B700008900896E3605BE7D8760020AC760020CA
:104B80001C7D0020BE80002008002008187D002029
:104B9000B07600209D8600201880035004300C0061
:104BA0009E8600200CC0045001001000BB80002035
:104BB000BD800020BC80002003300C0024C00450C5
:104BC000089B10221846002109F0F1FF02244D4AEB
:104BD000C760426000F1200208924B4AC7618261BF
:104BE0000470C0F8089004614661414608A8FFF7C8
:104BF000BDFD0523029A454F13FB024307EB8307D4
:104C0000039BB3427FF629AF009B63B3089C10223D
:104C10000021204609F0CBFF3D4B0422C4E90037B8
:104C200003232373E3684FF0300B62F39F031022DA
:104C3000E36004F11403A36004F120030893009BD4
:104C400000211B78A0181BFB032B09F0B0FF0223E7
:104C5000237413230BF1A04B0BF57C3B0BF1300BB2
:104C6000C4F818B0E361002108A80136FFF77EFD03
:104C7000F6B20437C4E7019B264AE31AC3F30713CD
:104C80001370254A1370EDE610225146089709F07B
:104C90008EFF012394F820209A4663F3010284F8E2
:104CA00020201322009B84F8255084F8285084F893
:104CB0002950E262089C002B7FF423AE99E6174B43
:104CC000102241462046DE6909F071FF0222237856
:104CD000226162F301032370114B124AA360132374
:104CE000583E6660E3606261C4F81890E36104F1C5
:104CF0002000BAF1000F7FF4ECAE10224146089775
:104D0000C5E700BF01220C000CC00450AC760020A7
:104D100008002008BD800020BC80002000C0045096
:104D200024C0045001300C001FB50446FDF798FA6A
:104D300038B114F00C0F03790AD0220706D5022BE4
:104D400057D80020314B187004B010BD012BF7E785
:104D5000C4F340029342F4D3022C4ED903689A78EC
:104D60001B789A42EDD118240368294A1360294A16
:104D70000233136001213A20DFF7CAFC264B274A91
:104D8000D3F8583523401360254BC3F85845012408
:104D9000244A0121D2F82031252023F0070343F0D3
:104DA0000203C2F82031DFF7B3FC0F2200210DF11E
:104DB000010009F0FCFE69461B488DF8004007F031
:104DC00013F921463B20DFF7A3FC0020E0F7E2FEC9
:104DD000164B40B210F0F80F187014D103224FF4A4
:104DE000405107F0E9F801F00FFCFF3818BF01202F
:104DF000A8E703681A789B78B3E7C8D10268044B28
:104E000008241A60B6E7FF221A709AE7C0800020D3
:104E10001C7D0020187D002000C00350D4760020A7
:104E200000E003500080005000C004509D86002028
:104E300010B51C4C206850B1DDF7CEFA002323607A
:104E4000194B1A4A1B6803F00803C2F85835184C6E
:104E5000206850B1DDF7C0FA00232360124B134ADB
:104E60001B6803F01003C2F85835124C1248E0F7E3
:104E7000EDFE94F90000431C03D000221146E0F738
:104E8000A5FEFF23237001F0BFFBFF28044605D0D9
:104E9000E0F716FE10B92046E0F700FE0022074BAF
:104EA0001A7010BD1C7D0020D476002000D0035065
:104EB000187D00209D86002000C00450C080002086
:104EC00030B5224B04461B7885B013B9002005B0DD
:104ED00030BD531E032B37D81D4B1E4D1A7028238F
:104EE0004FF0FF3213FB01211B4B1A6BD9610146B6
:104EF0000020FFF7CDFC21460120FFF7C9FC00226E
:104F0000164B1B7805EB0315154B1A7001F07CFB53
:104F10000446E0F7D5FD10B92046E0F7BFFD1022AA
:104F20000021684609F043FE0E4B694693F90020C4
:104F300001239340DBB22A4620468DF807308DF8D6
:104F40000530E0F761FDC1E70E20C0E7C08000201A
:104F50009E860020F879002000C00450BD8000200B
:104F6000BF8000209D8600202DE9F843194B0F4695
:104F70001B785BB3DFF87080174B98F800901B78B4
:104F800030BB16490C78E41AA400E4B2322606FBC2
:104F900009F6134D334405EB0313D96864F39F01FD
:104FA000D96001464846FFF717FC4FB104220D4B6C
:104FB0001B781E4405EB0615EB6862F39F03EB605C
:104FC00009F1010909F0010988F80090BDE8F883AA
:104FD0000424DBE7C0800020BE800020BD800020CC
:104FE000D8760020BC800020BF80002010B5124B76
:104FF0000C68C3F87842C3F87C42C8B1D0F8EC30F2
:10500000B3B15B69A3B1501EC0B2FD2812D90134FF
:1050100004BF6FF0010008600868FF2A186007D11C
:105020004A68013202D16FF001024A604A685A6050
:10503000002010BD012AF2E7004001B8FF2818BF88
:10504000C3434FF0180108BF1023064A18BFDB0006
:10505000C2F8FC1318BF03F00803A2F58052C2F88F
:10506000FC337047002002B8024BD3F8F807C0F3B6
:10507000C0407047000002B84FF03A43D3F8142103
:10508000D2031ED54FF480320E49C1F81421A1F588
:105090008051C1F818215A6DD1B2C2F30722C3F86A
:1050A000A410C3F8A4200422C3F8A4200022C3F84B
:1050B000A420C3F8A420C3F8A420C3F8A420C3F8F4
:1050C000A4207047002000BAF0220B4B01219A6403
:1050D000A022A3F580539A644FF03A43026DC3F8BF
:1050E000F410FC21C3F8CC10C3F8D0204FF40052C8
:1050F000C3F8F020704700BF006000B8F8B54FF06B
:105100003A440D461746064616F0FFFD01230422D9
:105110006363084BE76026616561C3F814214FF0B3
:105120000042054BC3F8802116F0EAFD0DB10223C1
:105130006363F8BD002000BA00E100E02DE9F04112
:1051400005460124006800F00700063004FA00F369
:10515000A868EC685E1EA04200F0928000EA060794
:105160006C6810441E430640D81B07EB040C8242B7
:10517000644638D9D31AFA18A0B3431E062B74D943
:1051800041EA0C039B0770D14B1CACEB0303022BD1
:105190006BD90B4620F0030E8E44ACEB01071C6864
:1051A000DC5104339E45FAD120F0030310F0030FC5
:1051B00001EB030EA0EB03040CEB030700F0888067
:1051C00011F80380012C0CF8038000F081809EF818
:1051D0000130022C7B7018BF9EF80230084418BFC3
:1051E000BB7001466C685AB3531E062B01F10103D4
:1051F0002FD9E01A02282CD941EA0400800728D1CF
:10520000234622F0030CA444081F50F8047F43F8FF
:10521000047B6345F9D122F00303D01A920701EB16
:10522000030C04EB03070BD0CA5C0128E25407D03F
:105230009CF8013002287B7002D09CF80230BB70D1
:1052400016F063FD0223AE60AB62BDE8F04116F0DC
:1052500057BD0A4404F1FF3C00E0013313F8011C80
:1052600093420CF8011FF8D1EAE70B460844ACEB77
:105270000107D91913F8014B83420C70F9D1B0E73B
:10528000042A0DD90878043AA86148780431A86145
:1052900011F8020CA86111F8010CA861A8685DE77B
:1052A000013A032A12D8DFE802F00F1507020B4675
:1052B00013F8012B1946AA610A4612F8013BAB61AB
:1052C000114611F8013BAB610B78AB61BDE8F08191
:1052D000084486E70A46F3E738B50B46154601460B
:1052E0004FF03A4468B101221048C4F8F4201A463D
:1052F000FFF724FF25B14FF03A430422C3F8F4200E
:1053000038BD73B1D4F8D8209A4284BF0122C4F8C2
:10531000F4204FF03A42C2F8D4300223C2F8F430FD
:10532000E8E70123C4F8F430E4E700BFCC0000BA9A
:1053300038B5044616F0E9FC4FF03A420121A38F3C
:10534000054651674BB3B3FA83F3C3F11903DBB2DC
:10535000A069C2F8B410C2F88C300723C2F89000DC
:10536000C2F8B0304FF4A02302F50052C2F8143155
:10537000A2F58052C2F8183100220D4B1A600D4B75
:105380005B6C5B0209D54FF480020B4B5A64D4F876
:10539000A01094F8270001F01BFC0023E3870723EB
:1053A0002846A4F84030BDE8384016F0A9BC00BF3C
:1053B000207D0020000002B8002002B82DE9F8434B
:1053C00005460C46B1B1D0F81880878F16F09DFCC9
:1053D000B5F83EC0791E01EA0C0323F00702032C46
:1053E0000646DFF800E1424461D1DEF8004024B90E
:1053F00016F086FC0E20BDE8F88324F00104DEF8E8
:10540000000020F00100A04256D10023CEF8003069
:10541000238894426FEA43436FEA5343238041D188
:10542000B5F8403008EB07091846083880B202F199
:1054300008044C4528BF4446082804D9B4F800E0C5
:10544000BEF5804F43D263440F431B1A3B409BB2CF
:10545000EB87A5F84000947811884FF03A42C1F3E9
:105460000C019165C2F89830C2F8B0004FF4802268
:10547000184B04F00704C3F814214FF00042164BF8
:10548000C3F88021FFF7F8FD042C0BD14FF4800204
:10549000124B5B6C124B5A64D5F8A01095F827009C
:1054A00001F096FB304616F02BFC0020A3E7601EAF
:1054B000012898BF1446A2E7B5F840004344E31A18
:1054C00048BFDB1908389842A2DC304690E72246F4
:1054D000ABE700BF002000BA00E100E0000002B826
:1054E000002002B8207D0020164B10B51968B1F8D5
:1054F0004020CB8F888F13440138073B8C690340D1
:1055000023F007031C4402F108034FF03A429BB218
:10551000A1F84030C2F8B0304FF480220A4BC3F8F3
:1055200014214FF00042094BC3F88021A07800F00D
:105530000700042803D1064AD3681B03FCD4054B9B
:105540001C6010BD38730020002000BA00E100E0AC
:10555000000002B8207D002010B5064C216839B14A
:10556000CB0703D4044B1868FFF728FF0023236000
:1055700010BD00BF207D0020387300204FF4803222
:105580000C4B0D49C3F818214FF03A43C1F81421D0
:10559000D3F8AC10D3F88C20012302F007020632B6
:1055A0009340C1F30C01083B994201D8FFF764BD59
:1055B000704700BF002000BA001000BA2DE9F04784
:1055C00080460C4616468769858F16F09EFBB8F814
:1055D0003E2005F1FF3C02EA0C0323F00701032CF7
:1055E00082463944B8F8400019D14A4C24689CB925
:1055F0000244073A02EA0C0222F00702BC183B44BC
:10560000E31A48BF5B19834210DB504616F078FB63
:1056100000242046BDE8F08724F00104EFE7012CC8
:1056200002D0022CEBD108380C46E8E7002E3FD020
:105630008C4241D14FF03A42D2F858904FF03A4163
:10564000D1F8AC20B8F81270C2F30C02934247DADA
:105650002588B5F5804FD8D2A378C5F30C0503F0A3
:1056600007037A1EA5EB09053A43052B337005EABB
:1056700002052DD82DB2E84340F24F420421C00F5D
:10568000FAF776FD7580E3783374D8F81C207B1E1A
:1056900003EA0903D118B160A9B213FA85F5AF4244
:1056A0002FBF0023FF1AB780F26024BFB180F360E0
:1056B000504616F025FBACE7A4F10802974284BFE0
:1056C000ED0802EBC502B2F80090C9F30C09B5E78A
:1056D000114B5B6D003B18BF0123A5EBC305C9E768
:1056E0004B6D7A1EA3EB09033A431A400B4915B2DE
:1056F000002DCB680BDCC3F30363D81E4342434148
:10570000DB003370CB6C72801B0A3374BDE7082357
:10571000F7E700BF207D0020004000B8000002B87D
:10572000054BA822D3F84C013121431C0CBF0120AA
:10573000C0F38070FAF71CBD0080E00F10B50F4B6E
:105740001C78ACB90E4BD3F8F8375B0309D490B191
:105750000F23441EB4FBF3F410300444E4B220469B
:1057600010BD40F648023F212046FAF701FDF6E75A
:105770000001C4B2F3E71024F1E700BF76860020F1
:10578000000002B8014B5880002070477686002048
:1057900038B5284D0446297819B92022264809F041
:1057A00006FA2378254A264913704FF2F002C1F811
:1057B000C821244A4BBBA1F50051D1F8F81711F4C8
:1057C000002F4FF0FF011CBF1F48C0F8DC301170E4
:1057D0004FF040731A4AC2F834311C4BD3F8F837F3
:1057E00013F480230BD14FF47F01C2F83011184914
:1057F000C1F8303148F2C801164BC3F8F410072342
:10580000C2F8FC330122124B0DE000240E48022B9B
:10581000C0F8DC404FF0FF001070D9D107230422FC
:10582000C1F8FC330A4BC3F8FC23012300202B7082
:1058300038BD00BFC1800020E03F00B07686002068
:10584000002002B8A2860020004001B8000002B883
:10585000001002B8003F00B010B5044600F07CFF15
:10586000094BD3F8F80734B900F44020B0F54020D4
:1058700018BF012010BD022C0ABF80F400300020A8
:10588000C0F34040F6E700BF000002B82049D1F85D
:10589000FC37FF2B31D01F48C3F303120270D1F83D
:1058A000F81703F00F0309035BBFC2EB02120F3BB3
:1058B00002F1FF32D2184ABF03EB0213D3B2DBB2BC
:1058C000154A164913700978154B1A68E9B1B2F1F7
:1058D000A06F1AD3D3F85012124A134BB1F1FF3F05
:1058E00018BF1346114A136041F66A02104B1B6839
:1058F000B3FBF2F30F4A13607047D1F8F83713F493
:10590000002F0CBFB4235A23DAE7074BEAE700BFA6
:10591000000002B8A3860020C3800020A1860020DA
:105920000080E00F5082E00F14FA0308247D00206D
:10593000447D0020287D002020B1022804D1034BA3
:1059400018787047024BFBE700207047A3860020C1
:10595000C38000202DE9F74FD0F8B0404C22022C34
:1059600038BF02247B49013CCB6CD1F8DC507A492A
:10597000C3F38213DA400B680646A34290F83C71E9
:10598000764BDFF800A2DFF80092DFF8008202F029
:10599000010216D11878904213D19AF80000B8424B
:1059A0000FD1D6F8B40060B1A8420AD196F82B50B6
:1059B00099F80000854204D1B8F8040003B0BDE8AE
:1059C000F08F98F800001A700C60FFF7B5FF0346DF
:1059D000002A00F0918004234FF07F41604AC2F812
:1059E000BC30604BC3F8BC1096F82B301B06C2F8D5
:1059F000BC30002040F271225B4B19211B68B3FBC5
:105A0000F2F36343182BB3FBF1F14FEA004400F2C9
:105A10009380002C00F09B80B4FA84F2C2F1200243
:105A2000C2F10F03012B38BF0123D440A14201D2A0
:105A3000013B6408421C03F01F0152008A40121B04
:105A4000DFF838B19208CBF8B0201A0242EA03120C
:105A50001343019300EB002300EB0325434B40F677
:105A6000C20218682B21003818BF0120FAF780FB0A
:105A7000FA223E4B02FB04F01B6840F6FF72B0FBBB
:105A8000F3F00A2358433A4B00F57A74C3F8D82050
:105A9000019AA3F58053C3F8D820364AA3F5805362
:105AA000C3F8DC50D2F8F827520308D4D3F8DC301E
:105AB00003F47F02C3F303531343CBF8FC30C6F85F
:105AC000B4502D4D00F6B8302C6002F087FA4FF438
:105AD0007A722A4BC3F8A400C3F8F8002B68B4FB11
:105AE000F2F0B3FBF2F3A8F8043096F82B308AF802
:105AF000007089F8003061E796F82B00984228BFC3
:105B00001846C0B22FB1022F7FF473AFFFF716FE15
:105B100070E7184BD3F8F8371903F7D450B10F23B7
:105B20000138B0FBF3F00130154B1B68034413F848
:105B3000010C5FE70120F7E7B1FA81F23CB1B4FA5A
:105B400084F3D21A002A3FF76BAF0F236EE70F23BF
:105B500070E700BF004001B894850020C28000209B
:105B6000001002B8002002B8447D0020287D0020EB
:105B7000006001B8000002B82C7D0020003F00B09A
:105B8000247D0020A08600209F86002076860020AD
:105B900038B5254B05461A78244C0C2A02D1FF2033
:105BA000207038BD104614F0C5FB01461046FFF7C3
:105BB000C3FEA84228BF2846C0B2884238BF084664
:105BC0002378C0B28342ECD020703ABB184BD3F894
:105BD000F83713F4002321D14FF2F001154AC2F82F
:105BE000C811C8B10F230138C0B2B0FBF3F3591C80
:105BF000C3EB0313C01A431C0D4A1B01D2F8C801A2
:105C000043EA01330343C2F8C831D2F8C8210A4B32
:105C1000C3F8FC202078C4E70121EDE7074B1868A2
:105C2000FFF798FEF6E700BF76860020A2860020E8
:105C3000000002B8002002B8003F00B03873002016
:105C4000014B1870704700BFA186002010B50446B4
:105C5000F9F772FF78B1154B1B786BB964B1144B2F
:105C60001B784BB1134B1B78013B012B04D84FF42D
:105C70000042114B1A6510BD104B1B6D1B04FAD46A
:105C800016F043F8044603F0C3FD4FF400420C4BFA
:105C90002046BDE810401A6502220A4BC3F8D424FE
:105CA0000422054B5A6416F02BB800BFC4800020B4
:105CB000C5800020307D0020002002B8000002B81E
:105CC000001002B800D00350054BD3F8843013F015
:105CD000030F4FF4802314BF024A034A93647047B2
:105CE000004000B8005000B8006000B8F7B50646A4
:105CF000534C00F031FD01213A20DEF709FD514BF4
:105D00002578514F1E7085BB2846FFF79FFF2378EB
:105D1000013B012B19D8E37B01A88DF80430237CCB
:105D20008DF80530DCF758FBC7F8D4544FF6FF72F6
:105D3000464BC3F88420F822A3F58053C3F884208F
:105D40000022414BC3F8D4240DE04FF6FF723F4BC5
:105D5000C7F8D454C3F88420F822A3F58053C3F8BD
:105D60008420C7F8D4543A4B5BE00020FFF76EFF65
:105D70002378013B012B08D8E37B01A88DF8043080
:105D8000237C8DF80530DCF727FB0023C7F8D434DB
:105D9000002ECBD062685AB32E4B1B6803EB520324
:105DA000B3FBF2F3013B1B0243F0F80326782749CB
:105DB000022E294A1ED0032E4FF6FF75224826D008
:105DC000012E36D143F00203C1F88450C2F884306A
:105DD0000723C0F8D434E37B01A88DF80430237C7A
:105DE0008DF80530DCF7E8FA0120FFF72FFF17E008
:105DF000F823DBE74FF6FF7043F00103C1F884009E
:105E0000C2F884300622104BC3F8D424E3E743F0F1
:105E10000503C1F88450C2F884300423C0F8D43498
:105E20000E4B4FF080421A650020FFF74DFF03B084
:105E3000F0BDC1F88450C2F884300023EEE700BF03
:105E4000307D0020C580002000C00350006000B8F5
:105E5000002002B8447D0020005000B8001002B8B5
:105E6000034B1B6D002BBCBF024BC3F8880070476F
:105E7000000002B8004000B84FF0006338B1064A95
:105E80001365064B4FF40032C3F884207047044A70
:105E90001365044BF6E700BF001002B8005000B8CD
:105EA000002002B8006000B82DE9F04700F0AEFC19
:105EB0004FF47A762D4BB0FBF6F618604FF4FA7378
:105EC000734307462A48190E1B021818294A4FF037
:105ED000000341F10001E4F753FF274BA0F5807266
:105EE00005461A6320B94A222B21FAF741F9012508
:105EF0004FF47A724FF0000A6A4353465008310259
:105F0000E4F73EFF1C4B1D4AB7F57A7F9A601C4BA5
:105F10004FEA056819601B4B8946044618604FEA32
:105F2000152505D29D222B215046FAF721F901268D
:105F30004FF47A73A8FB030103FB05117308C01823
:105F400041F1000100233246E4F71AFF0E4B023400
:105F500019600E4B49F10009A408186044EA8974DD
:105F6000054B013C9C63BDE8F08700BF447D0020E9
:105F700020A1070040420F0000C001B8021101003B
:105F8000547D0020507D00204C7D0020487D002065
:105F90000822044BC3F884215A600122024BDA60C4
:105FA000704700BF00E100E000C001B80822064BC6
:105FB000C3F88421C3F88420BFF34F8FBFF36F8FE2
:105FC0000422024BDA60704700E100E000C001B833
:105FD00010B50446A242A2EB0000A3EB010104D2DB
:105FE000034B01399B6B0133184401F0030110BDD1
:105FF00000C001B838B501250A4B02019D504FF48D
:1060000080730446084A8340536615F07EFE074AB3
:10601000A540137823EA05031370BDE8384015F056
:106020006FBE00BF00E101B800E001B8CF800020E2
:106030002DE9F84F164605468A461F4615F065FEBF
:10604000022E00F09180804615F068FE604B614A98
:10605000D3F8209092F885405A6EE4B2520744BFBC
:10606000D3F82090013404F0030415F052FE4846A2
:10607000214600F03DF98446DAF80000012E04BF05
:1060800001306044ACEB000C08BFCAF80000BCF162
:10609000804F7DD300F03EF98145A1EB040188BF1C
:1060A0004B4BDFF854C188BF01F1FF3101F0030110
:1060B00088BF9B6BA0EB090E0CF80510A1B1F90786
:1060C00042BF41F61F72444B5A67BA0742BF424B68
:1060D000424A5A677B0742BF00223D4B9A673C0702
:1060E00042BF00223A4B9A6511244FF0010A384B07
:1060F00005F11002120103EB051BCBF80C01384926
:106100009C501A6A0AFA05F4586E0B78A2EB090241
:10611000E4B2234372450B7025D34FF48073AB4038
:10612000034220D11CF80520002A4CD10EB32D4A81
:10613000F807536607D541F61F7140F20110264B50
:10614000596750675967B90706D5234B234A254934
:1061500025485A6748675A677A0742BF0122234B8E
:106160001A613B071AD4404615F0CAFD0120BDE86C
:10617000F88F1F4A2D0142F805A042F89C3C15F00B
:10618000C4FD17490B7823EA04030B7015F0B8FD22
:10619000404615F0B5FD0020BDE8F88F2120FFF73F
:1061A0005FFE4FF480310A4A124BD1601A78002A00
:1061B000D9D000222D201A70FFF752FE1022094B71
:1061C00040465A66D0E7074A40465366CCE700BFD0
:1061D00000C001B8003E00B000E001B800001F1F81
:1061E000CF80002000D001B800000101000002B8FB
:1061F00000E101B8C6800020C7800020024B18785B
:10620000003818BF01207047CF800020034B1030AA
:106210000001185800F00100704700BF00C001B82D
:1062200070B50646FBF70EF8044608B1FFF7BEFE50
:1062300000230A4D3046AB61EB612B6200F06AF837
:10624000074BC9B283F8851028622CB1FFF7A0FE76
:106250004FF08062034B5A64002070BD00C001B84B
:10626000003E00B0002002B810B504462120FFF720
:10627000F7FD1CB14FF48032064BDA60064B1A78FA
:106280003AB100222D201A70FFF7EAFD1022034BCD
:106290005A6610BD00C001B8C680002000D001B809
:1062A00038B515F03BFD084B084A1D6A92F8854049
:1062B0005A6EE4B2520744BF1D6A013415F029FD3D
:1062C000284604F0030138BD00C001B8003E00B00C
:1062D0000346064A103302EB00111B01D1F80C01F2
:1062E000D158C1F3400114F048B800BF00C001B854
:1062F000064B1B68434303EB8171054B1B68A3FBF3
:10630000003013F1004341EB000070474C7D00204A
:10631000487D00200C4A20F04043014610B5002083
:1063200014684FF00042E4FB0320084A890F12680A
:1063300002FB0300064B9B6B984204D901330131E9
:10634000C01A01F0030110BD507D0020547D0020D3
:1063500000C001B8044B01F0F071103041F00301AE
:1063600000011950704700BF00C001B808B52220D5
:10637000FFF776FD4FF48022014BDA6008BD00BFC5
:1063800000C001B840B1836833B10649C2680968EA
:1063900003F13043032A00D8704743F8041B043A42
:1063A000F8E700BF887D002070B51646054600B3AB
:1063B000F9B1F2B14268104B006803321B689208D1
:1063C00000F130409847044688B9EA68A86803326B
:1063D0003146920800F1304013F0EFFF044630B927
:1063E000286921466A6900F1304008F0E0FB204648
:1063F00070BD2124FBE700BF988500202DE9F04700
:1064000005460E461446DFF88480DFF884901E4F60
:1064100088B01CB9204608B0BDE8F087B4F5006F1D
:106420004FF010024FF000016846A24628BF4FF41B
:10643000006A08F0BCFB08238DF800300AF1FF3336
:106440009BB2009A1B0143F0036302EA090203EACC
:1064500008031343102200210DEB0200CDE90036A2
:10646000029508F0A4FB6A46387804A9DFF7CCFA55
:10647000A4EB0A0406EB8A0605EB8A053878DFF7F9
:106480001FFB0028FAD0C4E7A4860020F07F300C60
:106490000F80CFF370B50C68651C15D0C4F302668D
:1064A0009E42C4F3074530D1A4B294422DD804EBE8
:1064B0008506B24229D2141BA50824F003040E5904
:1064C000340F04D0012C08D00022212402E06B1CE0
:1064D00051F82320C0E9002470BD0E4C34F813306D
:1064E00042EA03431A686B1C51F8234001EB830115
:1064F0004B6822405E4036F0704404D11B0F032BE2
:1065000004BF8B681A430024E4E7013501EB8501E1
:10651000C1E700BF28FA030807B501A8DFF774FB3D
:10652000254B2649D3F86022D2B2FF2A1DBFD1F8ED
:106530007801130243EA0213D1F878311CBF20F42A
:106540007F621343C1F8F8331C4BD3F8F8371903B3
:1065500054BF09200C20DEF7D1FFC822184B42F2AD
:1065600001015A654FF4C02203F51043C3F86821B6
:106570004FF48032C3F86C21124AC2F8701202F54F
:106580002042D2F8F827120308D44FF470610E4A63
:10659000C2F8A0104FF42062C3F8A02001220B4BD8
:1065A000C3F8002403F53043D3F86821084B1A6080
:1065B00003B05DF804FB00BF0080E00F000002B8EC
:1065C000008001B8006001B8002002B8005001B896
:1065D0009475002010B5044615F097FB064B074A4A
:1065E0001C70074BFF2C08BF1346064A136015F0BA
:1065F00087FB002010BD00BFA4860020BBA30308BA
:10660000FD63020898850020014B1878704700BF91
:10661000A4860020134B1B78002B20D0124B134A6A
:1066200000201A60124B134A1A60134B134A1A6067
:10663000134B1A68134B1A60134B144A1A60144B0D
:10664000144A1A60144B154A1A60154B154A1A6001
:10665000154B164A1A60164B164A1A6070470220EC
:10666000704700BFD0800020947D002030030408D4
:106670008C7D002094FA0308907D0020B4FA030872
:10668000AC850020887D0020AC7D00207CFA0308CA
:10669000A47D002038FE0308A87D0020B0FA03087E
:1066A000A07D002064FA0308987D0020B8FA030852
:1066B0009C7D0020ACFA03080022012138B51E4B56
:1066C0005A649A64DA641D4A516102219162DA685F
:1066D000C2F303620D2A01D0002AF8D1112201244D
:1066E000174DDA634FF0FF302C7006F0C0FB00232B
:1066F0002B70144D40F2D15228685421C01A18BF93
:106700000120F9F735FD104B28681A680F4B1968FE
:10671000FFF74AFE01F0D6FD0D4B1868FFF732FE79
:106720000C4B1868FFF72EFE4FF08062034B5A6146
:1067300003F580535C6138BD000002B8001002B858
:10674000D08000208C7D0020907D0020947D002052
:10675000AC7D0020A07D002001230D4A0D49C2F828
:10676000803291660C4A53600C4A53600C4A536065
:10677000A2F580425360A2F54042536002F5C03258
:10678000536002F580425360A2F5004253607047A7
:1067900000900050FF0B001600D000B8001000BAA7
:1067A000005001B810B50324FFF7D6FF114A124B71
:1067B0001A65FFF7B1FE114BC3F8104100F0DCF988
:1067C00001F084FB4FF460720D4B5A614FF400727C
:1067D0001A65FEF749FC0021FEF730FC4022094B08
:1067E0001C64A3F580535C64074BC3F884215A6092
:1067F00010BD00BF0048F000000002B8005001B812
:10680000001002B800A0095000E100E008B514F043
:1068100021F8044B1B6FC3F300430133B0FBF3F0CB
:1068200008BD00BF008000502DE9F04F044687B03E
:106830000290894659F8043B5A1C06D12360029BFA
:10684000E01A801007B0BDE8F08F3748C3F301614C
:106850005FEA137B30F8110008BFC3F307429BB215
:1068600018BF012243EA004013F0B0FD4FEAC20A0C
:1068700005460AF104032D48234483421BD807230D
:106880000127C846CB4003F0010301939300049312
:1068900007FA0BF705EB8203039307F0940304F167
:1068A00008060593039B08F10408AB4208D104993C
:1068B00054444944BDE71E4B9C42E0D80020C1E748
:1068C000059B53B917F0420F19D117F0280F0BD1C0
:1068D00046F8085C58F8042C21E040F6B702322153
:1068E0000020F9F745FCF3E740F6BB02322101989E
:1068F000F9F73EFC05F5805246F8082CEAE74FF41C
:106900000C6232210198F9F733FC05F50052BBF116
:10691000010F46F8082CDDD158F8042CD24346F874
:10692000042C04350836BDE720FA0308DF4F00B019
:10693000E04F00B0F8B50646E0B10024144B254600
:106940001F46144953F8042BAAB91348314600EBEB
:106950008500FFF769FF30B940F66C223621BDE8AB
:10696000F840F9F705BC0D4B0135281847F82460AD
:1069700023F81400F8BDB242FCD001340C2C02D034
:1069800031F81450DEE740F6862236210020E6E793
:10699000587D00200A7F0020404000B00C7F00207E
:1069A00070B5044698B1B1B13A4A52F8043B8342FB
:1069B00013D10023384A116CC907FCD4374800EBC7
:1069C000830013F003FD364B106001221A6470BD82
:1069D00001330C2B02D1334D2CE0012352F8041B60
:1069E000A142F5D1304A32F81330E3E7C2F3016334
:1069F00035F81300110C93B211F0FE0F43EA004377
:106A0000606820D00434CAB2022A216808D96668B6
:106A1000A068033AC3E9001698600C340C33F3E71E
:106A200004D16268C3E90012083403E0012A01D1ED
:106A3000043419602268531CD8D10022164B1A6006
:106A400003F58053C1E7120F072AEDD8DFE802F003
:106A50000704090D1013181DC04303F500531860F7
:106A6000E2E71A6842401A60DEE703F58053F6E772
:106A700013F078FCD8E7012203F580538240F2E757
:106A8000012203F500538240EDE71A6830EA020262
:106A9000FBD1C9E7587D002000C002B8404000B0DB
:106AA00000D002B828FA03080A7F0020074BDB68F1
:106AB000C3F30363984208D1054AD2F8803023F02B
:106AC000F00343EA0111C2F880107047000002B8D9
:106AD000003F00B02DE9F743064613F03CFC0024CC
:106AE0008046DFF8909015F010F90DF1070105468A
:106AF0000DF10600FBF786F99DF806308BB9721C84
:106B000029D013F028FCA0EB0804284615F0F8F86B
:106B10009DF8063013B99DF807303BB3A642E2D882
:106B200024E0D9F80C3013F4603FE8D0D9F818000D
:106B300013F09FFC731C074603D013F00CFCA0EB72
:106B40000804284615F0DCF817F5007FE0D0384639
:106B500003B0BDE8F083284615F0D2F89DF8063062
:106B6000002BC0D19DF80730002BBCD1004FEEE7C1
:106B700000FEFFFF00C000B80122014B1A657047FC
:106B8000001002B80122014B1A657047002002B8BC
:106B90004022014B1A657047002002B84022014B89
:106BA0001A657047001002B80122024B98611A6101
:106BB000704700BF000001B8044BD3F8B03010B1EB
:106BC000C3F30332027003F00F007047000002B8F5
:106BD000064B01F080015B6C03F480030B4302BFA2
:106BE0004FF40012024BDA64704700BF000002B895
:106BF000006001B830B1012806D1064B03F580537F
:106C0000D9607047044BF9E700224FF48053DA60F3
:106C1000FFDE00BF004003B8000003B8044B986ECD
:106C200000F0B05000F16A4358425841704700BF2D
:106C3000008000504FF0B0522DE9F04FB74B0026C6
:106C40009A660368B64A1C785D68072C94BF0021D9
:106C500001211170B34AB44914700269002A08BFB7
:106C60008022072C0A605A8800F21481AF490E6115
:106C700002260E61AE4E7562002A40F01E814FF072
:106C8000010CAC4DAC4E9200AE620CFA04FC8A6270
:106C9000DF699A691D6A3A4393F824702A4342EAED
:106CA000C72293F82970197D42EA476293F826704B
:106CB0004CEA012C42EA875293F82770072C42EAEB
:106CC000C75293F828701E6942EA076242EA0C0232
:106CD00022F000424FF0FF37D3F80CE022F40022FC
:106CE00000F2EF80DFF848C2CCF870208F4A0CF534
:106CF000005CCCF87470C2F874E0CCF878709667D9
:106D0000002D40F030814FF6FF769D68CCF87C6016
:106D1000ADB2D5679A69DF69B2F5803F40F07E81F8
:106D20004268072CD2F80C80D2F80490D2F814E014
:106D3000D2F81CC049EA080545EA0E05DF69D2F819
:106D400024A04FF0070392F800B045EA0C0500F2CA
:106D50001281784EB7F5802F3364744BC3F840B07E
:106D60004FF0080BC3F840B04FF0FF3BC6F84CB0F3
:106D7000C3F84C90C6F850B0C3F85080C6F854B071
:106D8000C3F854E0C6F858B0C3F858C0C6F848B0C5
:106D90009D64C3F840A040F0498155780723654EB3
:106DA0004FF0FF377364614B5D6408255D64D2F872
:106DB00008803766C3F86080156977665D66D2F82B
:106DC00018E0B766C3F868E0D2F820C045EA0805C5
:106DD00045EA0E0545EA0C05F766C3F86CC0F76591
:106DE000DD65926A5A648268D2E900352B4343EA32
:106DF00081014F4B01F01F014FF6FF75C3F8801062
:106E0000926803F5005192B203F58053C1F88450A3
:106E1000C168C3F88420444B072C1A68D1E90035B7
:106E200043EA05038D684FF0FF3443EA050303F09E
:106E30001F03CD6800F209813D49C1F888303B4B02
:106E400001F50051C1F88C40C3F88C508A61DA61B9
:106E500046230122394903F0070302FA03F3C1F87C
:106E600088318B60364B416919602E4B1B78082B9B
:106E700004BF344B5A602A4B1B78002B00F0F38080
:106E8000012B40F0F280304B012203F580535A6011
:106E9000BDE8F08F2D490E6102260E612A4E756203
:106EA0006AB94FF0010C2A4D234E92000CFA04FCF3
:106EB000AE624FEA2C2C8A62EAE6013ADFE6013A3A
:106EC000EFE7DFF884C0CCF87020204A0CF5005CB6
:106ED000CCF87470C2F874E0CCF87870966735B965
:106EE0004FF6FF769D68CCF87C60ADB2D567082C74
:106EF0000DD0A4F10B02012A35D893F825504FF498
:106F00000042002D35D0134DC5F870222BE0DE6A0B
:106F10000C4A114D16BB0126AE6020E000900050D7
:106F2000D2800020D1800020B47D0020001003B862
:106F3000000003B8002003B8FCFF070000E100E0F8
:106F4000B07D0020009003B8004003B8005003B8A3
:106F5000006003B8005001B800A003B8966006278F
:106F60001E6BAF6096601A6AB2F5801F7FF4D2AED6
:106F7000D6E6404DC8E7404EB7F5802F33643F4B0F
:106F8000C3F840B04FF0080BC3F840B04FF0FF3BE0
:106F9000C6F84CB0C3F84C90C6F850B0C3F8508057
:106FA000C6F854B0C3F854E0C6F858B0C3F858C097
:106FB000C6F848B09D64C3F840A037D15578072380
:106FC0002D4E4FF0FF3773642C4B5D6408255D64D4
:106FD000D2F808803766C3F86080156977665D6609
:106FE000D2F818E0B766C3F868E0D2F820C045EAE6
:106FF000080545EA0E0545EA0C05F766C3F86CC0BE
:10700000F765DD65926A5A648268D2E900352B43E0
:1070100043EA81011A4B01F01F01EDE6B7F5802F1D
:1070200004D14268072C5578C9D8B7E68268B7F50D
:10703000C02FD2E9003543EA05034FEA8105F0D0BD
:10704000072C45EA0301E5D8D3E60D49C1F888309D
:107050000A4B01F50051C1F88C40C3F88C508A618D
:10706000DA614723F5E6074B0EE700224FF4805321
:107070005A60FFDE006001B8006003B8005003B83A
:10708000004003B8000003B80F4B1B788BB1012BF5
:1070900011D10E4A012102F580528B4291600FD826
:1070A0000A4A0B49002B08BF0A4693689B07FCD489
:1070B0007047074AEEE700224FF480539A60FFDEE4
:1070C00000239B68FBE700BFD2800020004003B88C
:1070D000000003B838B50B4B0B4C002818BF1C46FA
:1070E000A569E3691D4007D0084B1B682BB12846F2
:1070F000984704F50054A56138BD6B05F9D5FFF735
:10710000C3FFF6E7004003B8000003B8B07D0020DD
:1071100008B50246FFF782FDC0B11649BAB9164B51
:10712000DA610B78082B02BF0121144B5960124B16
:10713000012103F500538A42596017D8104B0E49BC
:10714000002A08BF0B465A689207FCD408BD012AE2
:107150004FF0000301D0DB61FFDE0948C3610B780B
:10716000082B04BF054B5A60054BE1E700235B6821
:10717000F2E700BFD1800020000003B800A003B8F0
:10718000004003B84FF604014FF60502044B0120FE
:107190001B6C9BB28B4208BF1346024A13667047B2
:1071A0000080E00F00C001B82DE9F74F81460F467F
:1071B0004FF0FF35FFF774F8002601908A462C4601
:1071C0003046DFF8D8B006F110031B015BF803303E
:1071D00003F00308B8F1010F15D13046FFF778F836
:1071E00002460B4601985146FEF7F2FEDBF864308A
:1071F00006F10802D340DB0739D5002F40D0002527
:107200002C463E6040460136082EDCD160B3234A4E
:107210000027D2F808C0916B0CF440330131A4FB75
:107220000141641941F10001B3F5003F30D1536BC6
:107230000CF4405C013347F10006BCF5805F22D1BD
:10724000156B15F5807505FB06F647F1000203FB8B
:107250000266A5FB03323244594304FB0212A3FB2E
:1072600004341444C9E9003403B0BDE8F08FA842E7
:1072700071EB0403C6D207B13E6005460C46C1E778
:107280003D463C46BEE7320242EA13621B02E3E798
:10729000136B13F5807347F10002DDE700C001B8FE
:1072A000F8B5062013F07AF8044613F054F842F2C9
:1072B0001073041B9C42054618D94FF080624F247E
:1072C0000B4B5A6441F26F770A4E0BE013F043F810
:1072D000401BB8424FF4837221468CBF002001202E
:1072E000F8F746FF736C5B01F0D5F8BD1A24E9E7A7
:1072F000002002B8000002B8034B1A6E596E03F565
:1073000000530A401A66704700800A50FF28F8B5FB
:1073100006D1FF294FF0070006D0002967D103E00E
:10732000FF2962D10F2862D80026324C324D84F8F2
:10733000800084F88160686940F25D124B2100F0A2
:107340000100F8F715FF11231022AB662B4B6E6678
:10735000C3F888219A6001213B20DDF7D9F994F820
:107360008110274A94F880300A432649063341F8B1
:107370002320254B3E201D68DDF7E4F96F08ED075B
:107380000246334628463946E3F7FAFC090241EA49
:107390001061C0F3C05040EA41001C4B2067186BDD
:1073A00010F5807005D14FF4D6722B21F8F7E0FE6E
:1073B00002200246002300200121E3F7E1FC606780
:1073C0003E20DDF7BFF940F649435843000DFF2842
:1073D00028BFFF20022838BF0220002184F8840043
:1073E000012000F089FD0020F8BD0F2895D921204B
:1073F000FAE700BF003E00B000800A5000E100E064
:10740000020D0C0000800350447D002000C001B834
:107410002DE9F34105460F4668461146FFF7C4FEC5
:107420000646B0B1AFB1DDE900321B0A43EA0263A0
:10743000A5FB0384094B120A05FB02441A6812B922
:10744000FFF7E4F90246002340462146E3F798FCA3
:107450003860304602B0BDE8F08100BF447D0020B6
:1074600070B5FFF71DFF0021022000F045FD12F06E
:1074700072FF04460F4D104ED5F8F4331B070BD5A1
:1074800014F043FCBDE8704002220C4BDA6001228C
:107490000B4B1A7014F034BC12F05DFF001BB042AD
:1074A0004FF405724FF045018CBF00200120F8F722
:1074B0005FFEE1E7000002B83F420F0000C001B8E4
:1074C000D3800020214910B50B78002B3DD001223C
:1074D0001F4C94F881300133DBB202FA03F31D4AEA
:1074E0005366136608221C4BC3F8882100230B70D7
:1074F00003231A4A39211364A2F580525364184BAE
:1075000040F2C322586CC0F38060F8F731FE4FF4AC
:107510008041144A144BC2F89410144AA16FD26EE1
:10752000914202BFD3F86C21E267D3F86431E06F77
:1075300008BFA4F88630B4F8861000F0DDF8BDE886
:1075400010400121022000F0D7BC10BDD3800020E4
:10755000003E00B000A00A5000E100E000A0095089
:10756000000002B800E001B800C001B800800A5075
:1075700010B504463E20DDF7E5F86043034B00F507
:10758000F42000F59070B0FBF3F010BD40420F0006
:107590002DE9F74FFFF7ECFF0446FFF781FE14F0EB
:1075A000B4FB00214B4F054668463970FFF7FCFDE0
:1075B000494B80469E69494BDB6813F0706F1CD1C4
:1075C000474B5B6913F0060A17D1E0B1454B611DCB
:1075D0001868A1FB00B93E20DDF7B4F85346024617
:1075E00049465846E3F7CCFB009B090241EA10618B
:1075F00000029842019B994105D3284603B0BDE89B
:10760000F04F14F07DBB0021022000F075FC12F059
:10761000A2FE8146DFF8C4B0DFF8D4A0DBF8F43373
:107620001B0741D5B8F1000F4DD0DDE900893E20A0
:10763000DDF788F84FEA182141EA09614FEA19237A
:10764000A0FB019800FB0388264B1A6812B9FFF7CC
:10765000DDF80246002348464146E3F791FB01214D
:10766000214B013493F88130DFF86CC001331F4A9D
:10767000361BDFF880E0DBB201FA03F30644CEF8F4
:107680006030CCF86C605366DCF81820DCF86C6075
:10769000241A921BA24216D2CEF864300220CEF8F1
:1076A000603000F029FCA8E712F055FEA0EB0900BD
:1076B000504540F26A224FF045018CBF0020012066
:1076C000F8F756FDAAE70222054BDA6001233B706A
:1076D00093E700BFD380002000800A50000002B86A
:1076E00000C001B8447D0020003E00B000900A5068
:1076F0003F420F0000A00A5001232DE9F74F9A4F97
:10770000044697F881208A469340984A0E4693662D
:1077100097F88020964B0546C3F8D8204FF40032E6
:10772000944B4FF0000B1A610223DFF85482C8F823
:107730000C30914B9B6903F1FF39A3EB0903002B3C
:1077400040F3D4800BF1010BBBF1020F57D9EC22AF
:107750000D210020F8F70CFD4FF08053874A884F29
:1077600053664FF40031804BC7F86C51C3E91E9546
:107770000025C7F86461A3F8866011617C4AC2F8ED
:10778000D85093F8812001239340784A936614F0EF
:10779000BCFA2A462B464FF4807E3E6AD7F864C076
:1077A00002F110010901795801F00301012910D1FA
:1077B0000EFA02F111EA0C0F0BD107EB0215B442DD
:1077C000D5F80C5100F2A580AC4202D2AE4280F056
:1077D000A3800132082AE3D16A4D2968012940F2C9
:1077E0009E803BB16049B1F882201A43A1F8822003
:1077F000604A536603B0BDE8F04F14F081BA01232C
:1078000097F881205C4D9340584A936614F07DFAB6
:107810004FF08052594B01905A66AB6903F1010950
:10782000C5F86C90D8F83010D8F80830DD036DD565
:10783000BA6F3E6FA9EB0202A2FB06267B6F01F531
:107840008071A6FB03E5A2FB03C313EB0E03A1FBB0
:1078500003EC45F1000501FB05CCB2EB0E0266EB33
:107860000C06120A42EA06625244B2EB112F4FEAAA
:10787000112603D3013345F10005921B043E9642C5
:1078800028BF1646C8F8186097F88520D8F8201049
:10789000E318D2B245F100058C42D8F8381084BF05
:1078A00002F1FF32D2B2481C0ED04FF0000E01F1AF
:1078B000010C99427EEB050008D20132B3EB0C03B8
:1078C000D2B265F10005F4E72A44D2B21D4602F0B7
:1078D000030287F88520C8F82030012397F881201B
:1078E00001989340284A936614F00AFA224B9B6948
:1078F00000BF00BF00BF00BF00BF00BF00BF00BF90
:10790000D8F86420D2007FF518AF25E75646254603
:10791000E3E7AC42BFF45AAF19438BB259E71B4AB5
:107920001478142C01BF0024194E1470347014788C
:1079300001341470002B3FF45DAF0B4EB6F882405B
:107940001C43A6F882400B4C6366114C237801332C
:10795000DBB2022B23707FF44DAF0023013129608D
:107960001370237046E700BF003E00B000A00A502D
:107970000080035000D001B800800A5000E001B838
:1079800000C001B86475002000900A50D580002026
:10799000D48000204FF00052014B1A60704700BFA6
:1079A00000E100E04FF00052034BC3F88020BFF32A
:1079B0004F8FBFF36F8F704700E100E037B504468B
:1079C000FEF7CAFE01213A20DCF7A2FEE178227917
:1079D0001B4841EA0243C0F85C35E579A37943EAE4
:1079E0000543C0F8603523784BB18DF804100421AD
:1079F0008DF805200DEB0100002203F09CFC63785C
:107A00005BB10421A37900228DF80430E3790DEBFA
:107A100001008DF8053003F08EFC227801235AB165
:107A2000084AC2F85835627802233AB1054A002064
:107A3000C2F8583503B030BD034AF2E7024AF6E710
:107A400000C0035000D0035000E00350104B10B5AD
:107A5000994204460A4615D003F5122303F5F8634C
:107A6000994211D00B4B994210D0002300204FF0C7
:107A70000071E3F785F9431C00222020E4FB03207A
:107A8000800910BD044BF7E7044BF5E7044BF3E71F
:107A900000F04902005A62020A3BB2DF313641DC93
:107AA000D694BFD6F8B50B46002213F8044B944287
:107AB00025D91D68854224D106245A791D79124B97
:107AC00088181E6804FB0503104F33F8063C7B43FF
:107AD000B3420ED900238A5A7A43964202D804FB55
:107AE0000300F8BD9D42FAD9013304FB03F2825A28
:107AF000F2E740F247423D210020F8F739FB002031
:107B0000EFE708330132D2E7B87D002040420F0092
:107B10002DE9F04F4FF0000EA2FB016BDFF8F4C22D
:107B2000DFF8F48216EB0C0C1F466BF10003E04506
:107B30007EEB030383B009D240F23E220E21704651
:107B4000F8F716FB022003B0BDE8F08FD7F814A0B9
:107B50000C4615468146BAF1000F04D0DAF8003021
:107B6000032B00F29A809E4B9E4A9B6BD2F8FCA09E
:107B7000C3F314089C4B1B6F5A074EBF4FF44003CE
:107B80009B0503F0E07348EA0308984BD3F8EC3008
:107B90005B0048BF48F0807848EA456812F094FEE0
:107BA000012D0246CED10028CCD0914B984200F056
:107BB000858003F5122303F5F863984200F0908066
:107BC0008C4B984200F0EB80002501902B46002062
:107BD0004FF00071E3F7D4F82B46019A013006FB11
:107BE00003F300FB0B33A6FB00600344C8F3130050
:107BF000A0FB0221203300FB05119B093B607E4B5B
:107C0000D20C1C6042EA41317C4B18F4801F08BF43
:107C1000494219607A4B0C441C60BAF1000F5BD0EA
:107C20000023DAF81C5018F0807F18BF6408BB608E
:107C30007B60002D46D099F82720073A012A41D9C8
:107C4000694ED6F83C21D0027FD4DAF80000002C2F
:107C500000F0A980B4FA84F1072900F3A480C1F1EF
:107C6000080325FA03F304FA01F10133B1FBF3F140
:107C70004B004FEA442C0133E40D01E002330131A3
:107C8000A5FB0362B44574EB0202F7D2C1F30E0305
:107C90001B0343F00063BB6016E0042BDAF8288076
:107CA0007FF47CAF18F0807F14BF4FF4400308F0DE
:107CB000E07328F0E07848EA03086FE700235148B2
:107CC0001D468CE7DAF8000000230628FB603B61C4
:107CD00002D9DAF830303BB9002003B0BDE8F08FAC
:107CE000002349481D467AE712F0EEFDDAF830101D
:107CF000FFF7D8FE044610B18378002B56D112F05E
:107D0000A3FDDAF83010FFF7CDFE04460028E3D0DB
:107D10008378002BE0D0407940F27352003818BFCE
:107D200001203D21F8F724FA207940F274520038FE
:107D30004FF03D0118BF0120F8F71AFA2379627954
:107D40001B0243EA02133B61C6E781EAE172A2EB40
:107D5000E1722E49C8F3815811F808C019464FEA5C
:107D60008C6C6008CCFB02012246E3F709F803465D
:107D7000DAF800000E280ED9194A916BB26CD6F8C9
:107D80003C61D20607D501F4801106F40016314398
:107D900008BFC3F58013C3F313037B6057E70023C9
:107DA0001B481D461BE72B4621025FE740794FF435
:107DB000AB62003818BF01203D21F8F7D9F92079CE
:107DC00040F25952003818BF01203D21F8F7D0F990
:107DD000237962791B0243EA0213FB608FE700BF3D
:107DE000008001B8004F00B0004001B8000002B8A8
:107DF00000F04902005A6202C07D0020BC7D0020D4
:107E0000B87D00200A3BB2DF313641DC30FA03088E
:107E1000D694BFD6006CCA88807C814A10B50446CF
:107E200086B059B9214B4168D3F8FC30827A20489A
:107E3000059300686B46FFF76BFE69461D4B0A68A9
:107E40005A631A4BD3F8FC3033B34B6843B11A4B27
:107E50001A4AC3F83C214A68A3F58053C3F83C2171
:107E60008B6843B1144B164AC3F81C218A68A3F5EA
:107E70008053C3F81C21134AC868D2F8983123F400
:107E8000EE630343C2F89831D2F89031096923F4C4
:107E9000EE630B43C2F89031002022890A4B9A62AC
:107EA00003F5A033186406B010BD00BF004F00B04A
:107EB00038730020008001B8006001B8FFFF0F0098
:107EC00000F0FF0F000002B8004000B8074BD3F8E5
:107ED0008022D20707D55B6E002B4FF48043B4BFDE
:107EE000034A044A13650020704700BF0080005019
:107EF000002002B8001002B8064B1A6C9207FCD49E
:107F0000022240EA01205860034B1A640122034B0D
:107F10001A70704700C002B800D002B8D6800020A6
:107F200010B590B10468012C0FD902696AB11168CB
:107F3000094B102C196051685960916888BFD2684C
:107F4000996094BFD960DA6010BD10220021024808
:107F500006F02DFEF8E700BFC87D00201B4B2DE981
:107F6000F0410D4616461C6858B34FF47A734343EC
:107F70008A68A3F6AC539B1A4A689B1A144AD8170E
:107F80001168144FA1FB033201FB002213F180732F
:107F900042F100025B0E43EAC213803B33620E4B98
:107FA000D3F8C43073623B6873B1204612F08AF88C
:107FB00050B1324629463B68D4F8E400BDE8F041B0
:107FC00018474AF6C873D9E7BDE8F0813873002036
:107FD000D87D0020C47D0020003F00B0084BC117B1
:107FE0001A68A2FB000302FB013310F1807043F119
:107FF0000003400E40EAC310803820EAE07070476A
:10800000D87D00200722194B70B51A64184B194A05
:108010001D68194BEC08E005C0184FEA153141F115
:1080200000010023E2F7ACFE144B154E1860154812
:10803000FFF7D4FF4042C6F8DC0049F65800FFF7CE
:10804000CDFFC6F8A8001048FEF764F9024660B1FB
:10805000E301500818184FEA15714FF0000341F181
:108060000001E2F78DFEC6F8B40070BD000002B852
:10807000447D002065CD1D00B2E60E00D87D0020B5
:10808000003F00B07011010040420F0048B14FF4B2
:108090007A72054BDB6802FB0030A0F5FA50FFF75F
:1080A0009DBF47F23050FAE7C87D002010B5044666
:1080B00098B10B4BD3F8FC00FFF732FF4FF47A7303
:1080C00003FB04F0074BA0F6AC50DA689B68104441
:1080D000C01ABDE81040FFF781BF4AF6C870F8E744
:1080E000004F00B0C87D0020F8B50446084615468C
:1080F0001E46FFF715FF3CB306F0020716F0040614
:1081000023D10FB3204600F0CDF828636069FFF754
:10811000BDFFE862C6B1A068002843D04FF47A736F
:108120005843A0F5FA50FFF759FF68614FF47A7091
:10813000236858432BB11D4B1B6803F51C531033A8
:108140001844FFF74BFFA861F8BD206920B34FF436
:108150007A735843154BA0F6AC509B68C01AFFF7D2
:108160003DFFA862A08BD0B14FF47A7358430F4BF8
:10817000A0F6AC509B68C01AFFF730FFE8612A46B2
:108180000A49E068FFF7EAFE0021A069FFF78EFFC9
:108190006863002FBFD0B5E74AF6C870DFE74AF63C
:1081A000C870E9E747F23050BDE700BFC87D002046
:1081B000064B10B50446D3F8FC0000F039F8044A29
:1081C00001462046BDE81040FFF7C8BE004F00B092
:1081D000A43F00B010B50446054BD3F8FC00FFF7F0
:1081E0009FFE2046FFF752FF024BC3F8D00010BDA0
:1081F000004F00B0003F00B070B5064608461C4670
:1082000012F0D3F80546D6F8F00000F011F84368F4
:10821000054A002BA8BF4FF4FA721A44034B6019A9
:1082200092FBF3F2104470BD0CFEFFFF18FCFFFF41
:1082300040B10368012B05D90069034B002808BF32
:10824000184670470048704738FA030808B5034BD2
:10825000D3F8FC00FFF7ECFF406808BD004F00B00A
:1082600008B5034BD3F8FC00FFF7E2FF806808BDB8
:10827000004F00B028B1094881420CBF2F20BC201C
:108280007047074A536F106DC3F301111B0C01FBBC
:10829000033300F01F0001301844704748E8010024
:1082A000004001B843684FF47A7058432BB1044B37
:1082B0001B6803F51C5310331844FFF78FBE00BF33
:1082C000C87D002070B588B06D46184C0FCC0FC526
:1082D00094E80F0085E80F00FC220021144806F006
:1082E00066FC94220021134806F061FC2022002144
:1082F000114806F05CFC12F0E3F8104B1B783BB120
:108300006D460A4E0FCD0FC695E80F0084E80F00AA
:108310000C220B490B4806F055FC0B4B0B4AD3F8CB
:108320007831C3F38243D36708B070BDE03F00B03B
:10833000703E00B06C3F00B0E04F00B0C180002044
:1083400048FA0308C83E00B0000002B8003F00B081
:10835000064BD3F8080F064B9B6C1A0103D4054B50
:108360009B6E1B0401D500F580707047003000B093
:10837000000002B8004000B810B513F0C6FC0E2192
:1083800004460320FEF792FB40F20122034B2046F5
:10839000BDE81040DA6213F0B3BC00BF004000B883
:1083A000064B00201B6893F82430DB0902BF032230
:1083B000034BC3F85022F8F789B900BF3873002087
:1083C000006001B8012370B5074C2370074B1E688D
:1083D000074B3240D3E9005319402840F8F74EFDCF
:1083E0000023237070BD00BFDB800020E07D0020F3
:1083F000B80D0020024B5868C0F3C000704700BFA2
:10840000B80D002010B50446FEF7CCF900F090FF3F
:108410002046FCF759FEFEF74FF9FDF745FDFDF745
:10842000B7FDFFF7EFFD13490723134AD1F8FC10FE
:1084300004F58270FFF758FE4FF080710020FDF7C1
:1084400089FF4FF000720D4B4FF400110120C3F86B
:108450000021FDF77FFFFEF795FE20B940F22312C1
:108460001421F7F785FE12F029F8BDE8104001202D
:10847000FDF73CBC004F00B0A43F00B000D001B8F5
:108480008023074A5364082340B15364054AD2F855
:10849000D83E23F02003C2F8D83E7047024AF4E7E2
:1084A000001002B8003000B0002002B810B513F080
:1084B0002CFC012104460020FFF7E2FF044B196168
:1084C000044B5B6898472046BDE8104013F018BC89
:1084D000000002B868840020F0B583B01446064658
:1084E000FFF7F4FCF8F7AEFE002800F0A980594B26
:1084F0005D6915F0060540F0A38013F006FC2379B2
:108500000095022B054647D1237B022B33D0032055
:10851000FDF77CFE20B9504BDB685B0440F1928094
:10852000A37B277B003B18BF0123A2684B49012F87
:1085300001920B706FD000F0EDFE0420FDF75AFDA4
:108540000420444E0223716F3A4621F0F85121F481
:10855000F81141F0506141F4803171670DEB000179
:10856000FDF766FD0446002860D0012030223C491A
:108570003C4B08701A653C4E3368984721280446E6
:1085800004D101210020736898470024284613F085
:10859000B7FB204603B0F0BD0320FDF737FE0028EF
:1085A00050D12279D6F80C31012A226830D0D01A65
:1085B00000900020274B2D4A2D495A679867637B0E
:1085C0002C4A23F040000028C3F380130B700CBF2B
:1085D000012300231370284B274AD3F8D83E4FF0CD
:1085E00003000CBF43F0200323F02003C2F8D83E61
:1085F000FDF700FD174B214A03205A676946012306
:108600002279FDF715FDF8B101221D4B1A707BE7A9
:108610009A42CDD3CBE72379022B8CD0009BD6F89E
:108620000C1100270B441344019384E70320FDF74A
:10863000E1FC28460D4A124B72671C7013F060FB78
:108640000E24A6E72846F9E7284613F059FB212413
:108650009FE700BF00C001B8000002B8E080002022
:10866000DD800020001002B86884002000000101B5
:10867000DE800020DF800020003000B0010C01000F
:10868000DA8000202DE9F3410D460024074613F05F
:108690003CFB214B06462046DFF88C801C70FFF720
:1086A000EFFE1E4BC8F87430C8F878406879431E56
:1086B00058425841F8F7C6FB40F60143C8F87830F5
:1086C0002A792968012AD7F8143101D1994200D3B7
:1086D000CC1A042303200DEB03010194FDF7A8FC41
:1086E00050B988220E4B30465A6413F009FB2124FE
:1086F000204602B0BDE8F0810A4D2B68984721283A
:10870000044604D1012100206B68984700243046BC
:1087100013F0F6FAECE700BFDA8000200000010158
:10872000002002B86884002000C001B8F8B5194CD8
:108730000546207840F27D22B0FA80F03E214009C3
:10874000F7F716FD55B9607840F27D22BDE8F84094
:10875000B0FA80F03E214009F7F70ABD4FF44066B9
:108760000D4F0E4DD7F8083140F27D22C3F381231F
:108770002370C5F8086160783E21B0FA80F04009A6
:10878000F7F7F6FCD7F80C31C3F381236370C5F813
:108790000C61F8BDD7800020004000B8006000B830
:1087A000A82238B51C4B5D6C03F500535A641022A7
:1087B0009A60A3F5804302F100521A675A6601F0ED
:1087C00001F8164B1B7813B90320FDF713FC0024A6
:1087D000134B9C6701F01CF8124A134BD2F8081F88
:1087E0000B40C2F8083F0422104B5A64104BAA06F3
:1087F000C3F8E04009D503F58073D3F89030B3F5A2
:10880000817F22BF8022044B1A61F9F763FA0022AC
:10881000084B1A7038BD00BF000002B8DA80002093
:1088200000C001B8003000B0DF0000FF002002B837
:10883000003E00B0D980002008B5FFF79DFD00F094
:10884000E7FF0122064B5A6102229A62042203F5D5
:1088500080535A644FF4C062A3F540439A6508BD43
:10886000001002B838B5194A194B1A4C656C5A6792
:1088700000F0CEFFFF22184B15F0A00F9A604FF4C6
:10888000807222614FF004025A6401D000F0B4FFFC
:108890006369D90718D5E36813F0706FC3F30360F9
:1088A000F9D10E4AD2F8803023F0F003C2F88030BC
:1088B00001F00CF80A4BD3F84C315A1C01D05B0084
:1088C00002D50122044B5A6138BD00BF00000101EE
:1088D00000C001B8000002B8002002B8003F00B09C
:1088E0000080E00F0D4A10B5D2F8A030D2F8A410E5
:1088F0000B40B3F1804F0CD34FF040400849094C76
:10890000C1F8A400D467C1F8A0004FF48021064A42
:10891000D161034AC2F8A03010BD00BF0040005032
:10892000006000500000FF01001002B89E4B2DE9CE
:10893000F04F9A6EDB6E85B002EA03089B4BC3F8DA
:1089400068804FF03A43D3F81461D3F818311E40D1
:10895000974BC3F81461974B9A68DB6802EA030AE5
:10896000954BC3F808A003F52043DA691B6A02EAB5
:108970000309924B09F47702DA61914BD3F8042290
:10898000110706D4D3F804311A07C3F3C00740F126
:10899000E98013F0BAF98B4B5A695F6E1B6F12F0C6
:1089A000060F07EA0307884A27F0007323F40063E1
:1089B00014BF4FF0010B4FF0000B53667B0706D539
:1089C000824A92F885300133DBB282F8853013F0A9
:1089D00097F9B8F1000F00F0E38018F400442BD0B1
:1089E00013F093F90146FFF7B3FC0446784B1D687A
:1089F0002A682B689A42FCD02A689A42FCD0FFF77A
:108A0000A7FCA04240F0B080084613F079F9714B02
:108A10001C60714B5D6C15F4E05240F0A78024F0AF
:108A20007F4424F0DF040CB9FFF7BAFE6B4B012042
:108A30001B6898474FF0807418F0020F4FF0000544
:108A400014D0654B5D495B6C03F460424A64002AB4
:108A500000F0A0801D0400F1A08013F4005F0CBFA3
:108A60004FF000534FF0006300251C43C8F340381B
:108A70004FEA48085A4B3340002B4BD016F4206F76
:108A80000AD040F2BC5206210020F7F771FB00200B
:108A900000F01CFF26F48026F00506D5FF22474B88
:108AA00044F4C0649A60FFF767FC16F0090F0BD01E
:108AB00040F2D15208210020F7F75AFB00F0FAFEED
:108AC0004FF03A4301225A6316F0106F0CD040F277
:108AD000DA5209210020F7F74BFB00F0EBFE0022F1
:108AE00011461046FCF7F8FB16F4202F0AD040F28E
:108AF000E25207210020F7F73BFB002000F0E6FEE2
:108B000026F48026F10301D5FCF738FD002EB8BF0E
:108B100048F0080872070ED54FF03A431B6B13F468
:108B2000005F4FF4005317BF214A2E4A136344F4E9
:108B3000000408BF1363730548BF44F0040416F42F
:108B40008023019300F0B780FCF7CEFC01380628A3
:108B50004AD8DFE810F03E0141013E0144014701DF
:108B60004A014A01BB4634E7044641E70192FFF758
:108B700017FE124B019A5A6415F4805307D115F46D
:108B8000806F0CBF4FF080544FF0806454E74FF07B
:108B9000804451E74FF0007366E74FF0004363E70E
:108BA0004446454666E700BF004000B8006000B894
:108BB000002000BA004001B8006001B8002002B8EF
:108BC00000E100E000C001B800E001B8003E00B0E4
:108BD00024F80308DC7D0020000002B86C8500202A
:108BE000090B0B89001000BA40F213620321002028
:108BF000F7F7BEFA4FF03A420121D2F88C30D2F8A2
:108C0000AC0003F00703063301FA03F3C0F30C00D2
:108C10001B1A9BB2072B12D97E4B5B6C58020ED4E9
:108C20007D48D36CD26E406D58B103F00703063314
:108C30009940C2F30C03C91A89B2072901D844F438
:108C40000074764B1B78002B35D04FF03A43D3F8A5
:108C5000143113F4A02F2ED1714B724A1B7893B9A3
:108C6000FB0410D4137873B1E3086F4943EA4573EA
:108C700083F00103D1F8081F03F001035B0021FA20
:108C800003F3980717D10420FDF7B4F9674B68493F
:108C9000596700F03FFB634A137843B9654B1B7873
:108CA0002BB1654B654A1B682340134201D144F444
:108CB000804427F48057BAF1000F27D01AF4805F60
:108CC00018BF44F480241AF4807F18BF44F40024B1
:108CD0001AF4005F18BF44F010041AF4007F18BFA4
:108CE00044F020041AF4806F18BF44F040041AF4D2
:108CF000006F18BF44F080041AF0805F06D0504B1C
:108D00000021186845F48055F8F7C4FAB9F1000F4E
:108D10003ED019F4802F18BF45F4007519F4803F38
:108D200005D0484B03201B6844F48054984719F43D
:108D3000801F18BF44F4003419F4001F18BF44F01A
:108D4000020419F4003F18BF44F4801419F4800F92
:108D500018BF45F0100519F4002F19D0324BD3F885
:108D6000D83E13F0C00F13D02A4AD368C3F303636D
:108D7000032B01D0072B05D1936CD90602D4D36CF9
:108D80001B0739D54FF400222F4B29F40029DA6153
:108D9000002F00F02381380540F18E802B49234AB3
:108DA00091F803A02A4BBAF1000F57D04FF400609E
:108DB0000AF1FF3A58665FFA8AF3CB7033B9254B54
:108DC0001B78E3B140F60142234B5A67002300228F
:108DD00070E044F480340DE744F400640AE744F49E
:108DE000806407E744F4807404E7164B02201B6894
:108DF00044F008049847FDE644F40014C8E7936F74
:108E000013F4A05F15BF4FF4807340F601439365E0
:108E10009367DBE7000002B8004000B8DD80002067
:108E2000DC800020DF800020003000B000C001B8EE
:108E300000000101DE800020B80D0020088D010037
:108E4000387300206C850020002002B8C780002005
:108E500000E001B8DA80002000D001B80320FDF75F
:108E6000C9F8A54AA54B526912F0060F76D05046B4
:108E7000FDF7FAF94FF40061A04B9F4A5966536918
:108E80009F4813F0060308BF9367B0F882309D49EE
:108E900013F4006266D023F40063A0F882300B78EC
:108EA00003F0FF0A002B61D1FDF760FAFFF778FCB1
:108EB000534620221C431543B90009D52E20FCF748
:108EC000CFFF4FF000528D4B45F008051A675A66E8
:108ED000FA0608D52B20FCF7C3FF1022874B45F478
:108EE00000151A675A6617F0306F05D1FB0469D573
:108EF000BBF1000F00F0BF80380115D52920FCF729
:108F0000AFFF814B8149DB6803F48042C3F38033B8
:108F10000B70FFF76FFA28B17D4B78497D484B669F
:108F2000036732BB45F0040517F0007B2ED0042008
:108F3000FDF760F82720FCF793FFFFF731FC4FF0B7
:108F400000726E4B5A66744BD3F8082F52067AD4CF
:108F50000222724B9A6045F002052EE041F61F7224
:108F60005A6787E70B784FF40053A3E74FF40043A9
:108F70002DE70B6720204B66FCF772FF45F40015C8
:108F80002D2045F00C05FCF76BFFCDE717F0807F37
:108F9000DFF864A142D00420FDF72CF82820FCF76C
:108FA0005FFFDAF87830002B35D1FFF7F9FB534B30
:108FB000574A45F001051A675A66FFF7F1F9002292
:108FC0004D4B9A65BB0409D5554A5379002B00F0E7
:108FD000CC80013B5371002348EA030842462046F7
:108FE0002946FFF7EFF9019B0BB1FCF7B5FA4FF0FB
:108FF00000424C4B06F00436C3F814614A4B19F496
:10900000002FC3F880211EBF4FF40022434BDA61CA
:1090100005B0BDE8F08FCAF878B0C8E7F904CED53E
:109020000420FCF7E7FF414BCAF87430FDF79EF9C6
:10903000DAF8643013F0407FC1D12A20FCF710FF2A
:10904000FFF7AEFB7FE7D3F8D83E9B0683D402221E
:10905000374B9A60374B1B6893F8253098077FF59C
:109060007AAF274B93F8F430002B3FF474AF802293
:10907000254B1A616FE72A4A13794BB1013BDBB2EA
:10908000137113B9234B2C4A5A6700231C4399E7E9
:109090000420FCF7AFFF0320FCF7ACFF164B234A7C
:1090A0005A6712F032FE82460DF10F00FDF784FD83
:1090B000224B83461B780BB1FFF75EF9BBF1030F20
:1090C0000ED1DFF844B00020FDF776FD032807D16C
:1090D000DBF82830D907F6D4DBF84830DA03F2D4CD
:1090E0009DF80F30032B2DD10122154B50461A70DD
:1090F00012F006FEC9E700BF00C001B800E001B8E9
:10910000003E00B0DA800020000002B8D9800020C4
:109110001000002000D001B8003000B0002002B8DC
:10912000C7800020002000BA00E100E0000001013B
:10913000001002B8387300200000010DE08000200C
:10914000DC8000204FF03A43D3F8143113F4A02F01
:10915000CAD100F0DFF8504612F0D2FD054B0320D3
:109160001B6898474FF4804390E70520FCF742FFC7
:10917000012331E76C8500200122024B1A62DA617B
:10918000704700BF002002B8094A08B5D369116AC8
:109190000B40084923F47F00DB07C86106D5D1687E
:1091A0004FF0FF30C1F3036111F093F908BD00BF28
:1091B000000002B8002002B80C4A08B5936CD26CCB
:1091C00013400B4A9364DB070FD50A4B40F66D0240
:1091D0001878122100F00100F6F7CAFFBDE8084038
:1091E000002201200021FFF7EDB808BD00C000B843
:1091F00000E000B8B80D002070B5154D2C6C6B6CFC
:109200001C40144B24F002021A64E20705D540F614
:10921000D40200202968F6F7ABFFA30716D5022277
:109220000C4B1A640C4A6B6814687CB1DBB2042BDB
:1092300007D100220121094B18682346BDE8704080
:109240001847052B02D100221146F4E770BD00BF7C
:109250000080095000A0095090750020387300204C
:1092600038B50B4C0B4DD4F88430DB0706D4A36F14
:10927000D4F884201340084A936738BDD5F80431E8
:109280005A06F0D5FFF7B8FF4023C5F88431EAE766
:10929000008001B800E100E000A001B808B512F0BC
:1092A00034FD0E4B1A78A2B90D4A126812F4843FAD
:1092B0000FD10C4A102111651B7863B9084B1B684C
:1092C000DB0508D4074B20221A65BDE8084012F0E0
:1092D00017BD054AEEE7044BF5E700BFDD8000202F
:1092E000B80D0020002002B8001002B810B512F02E
:1092F0000CFD0E2104460320FDF7D8FB40F20122AD
:10930000034B2046BDE81040DA6212F0F9BC00BF02
:10931000004000B80022044B1A70044B197811B1B8
:109320001A70FFF7BBBF7047DC800020DD80002093
:1093300038B512F0EAFC4FF08043244C0546C4F8DF
:109340008030BFF34F8FBFF36F8F4FF00043C4F8EF
:109350008030BFF34F8FBFF36F8F0123C4F8843089
:10936000BFF34F8FBFF36F8F0223C4F88430BFF376
:109370004F8FBFF36F8F0423C4F88430BFF34F8F38
:10938000BFF36F8FFEF70EFB0823C4F88430BFF3E2
:109390004F8FBFF36F8F1023C4F88430BFF34F8F0C
:1093A000BFF36F8F2023C4F88430BFF34F8FBFF318
:1093B0006F8F8023C4F88430BFF34F8FBFF36F8F5C
:1093C0002846BDE8384012F09BBC00BF00E100E039
:1093D00038B512F09AFC05464FF080430B4C2360E1
:1093E0004FF0004323600223636004236360FEF7B1
:1093F000D1FA082363601023636020236360802315
:1094000063602846BDE8384012F07ABC00E100E015
:109410002DE9F047DDF820A003EA0108099B064684
:109420000D4602EA000703EA0A09BAF1000F40F00C
:109430004F81031F0B4300F00F81052871F10003DA
:1094400080F0E58050EA010300F07581431E0B4374
:1094500000F02581FFF76CFFB84AD2E9004323EA08
:10946000050324EA06043C4343EA0807B44BC2E977
:1094700000471E6826EA0A0646EA09061E60FFF74C
:109480000DFF14F02A4F14BF48F202034FF40043BB
:10949000AC4AB007D26EAC4848BF43F4005383EAED
:1094A000020122EA0302C266A84A0B408166D36623
:1094B000C4F380421203210348BF42F48072E306E2
:1094C00048BF42F40052A24BA50648BF42F40072C6
:1094D000600648BF42F480622106D96848BF42F462
:1094E000006282EA010323F080539A4819401A402F
:1094F000C1608360984B17F4007FDA60974B07F4E4
:10950000007200F0048101224FF4802583F8A0202E
:10951000E30448BF45F48035A00348BF45F48015F7
:10952000A10748BF45F4001514F4001FDFF8688256
:1095300006D0D8F8000010F0E8FF08B945F400257F
:10954000E20248BF45F40035FB06854B48BF45F4B1
:1095500080051A6A834985EA020323F001031A4051
:109560000A621D40CB61804B16F0010F1D627F4BDC
:109570007F4A18BF1A467F4B7D071B6F48BF42F0DA
:1095800000627D4882EA030123EA020303677B4B02
:109590000A4041661A677A4A04F00103D16CA0F5CB
:1095A000803081EA030221EA0301C16482641A4027
:1095B000744B2002DA64D8F8002048BF724B92F84E
:1095C000022158BF714B610748BF43F4806322B149
:1095D00014F4C06F18BF43F4807332074FF03A425F
:1095E000BDE8F047D2F8181148BF43F0004383EAC2
:1095F000010222F4A02266481140C0F8181113405D
:10960000C0F81421634AC2F81831FFF7E1BEA0F593
:1096100080630B4306D020F48063A3F500730B43F3
:109620007FF418AF12F071FB4449D1E9003223EA0C
:10963000060322EA050242EA08023B43C1E900327E
:10964000554A126892F80211514A09B313F4C06FD7
:109650001ED04FF4807311E012F057FB374AD2E965
:10966000003123F004033B4341EA080157EA0807AD
:10967000C2E900314FF48063454A0BD0C2F814317F
:10968000A2F58052C2F81831BDE8F04712F038BB9D
:109690004FF48073C2F81831C2F81431F4E712F0B5
:1096A00034FB264AD2E9003123F001033B4341EA6F
:1096B0000801C2E900310123384A57EA08071BBFF5
:1096C0009364A2F58052D364D36408BF9364DBE74C
:1096D00050EA01037FF4BEAEBAF1010F7FF4BAAED7
:1096E00012F013FB164A136823F0010343EA09033F
:1096F00013604FF40053204AB9F1000F04D05366B1
:10970000A2F580521367BFE713675366BCE793F86F
:10971000A01071B183F8A020214BD3F8A41003F559
:109720000053C3F8A410C3F8A0104FF05023C3F89F
:10973000A4200025ECE6BDE8F08700BFB80D0020AE
:10974000E07D0020004000B8006000B8005000B884
:10975000004001B8006001B8005001B8003F00B0FF
:10976000000002B8002002B8001002B8043800035C
:109770000418000300C001B800E001B800D001B82F
:1097800000C000B800D000B80D0A0A09090A0A0989
:10979000002000BA001000BA3873002000E000B8C2
:1097A00000400050024B186800F00100704700BFF5
:1097B000B80D0020024B5868C0F3C030704700BF9E
:1097C000B80D00200A4B197801F0FF0229B10021E1
:1097D000197008499202C1F80821597801F0FF0276
:1097E00029B1002159709302024AC2F80C31704726
:1097F000D7800020005000B84FF40062034B5A6439
:109800004FF40042A3F5E0339A667047001002B8A7
:10981000F8B5084C084D636C0423084F6B64636C07
:109820005B0300D4F8BD042602207E6410F09AFD8C
:109830006E64F4E7000002B8001002B8002002B81D
:1098400038B5044679B948B1164BDB681B0E13F0E6
:109850000E0F04D04FF4C062134B9A6538BD134B02
:109860001B6CD907F6D4FFF741FD0E4D0020FDF724
:10987000A3F9032801D0092805D1AB6ADA07F5D48A
:10988000AB6CDB03F2D4FFF7C3FF0122084B5A6134
:1098900002229A62042203F580535A64002CDDD020
:1098A000D8E700BF000002B8006001B800C002B8ED
:1098B000001002B808B503210920FDF7F7F82022AF
:1098C000014B1A6108BD00BF000002B838B505465B
:1098D00012F01BFA0E4B04461868FBF729FD35B150
:1098E000FFF718FD2046BDE8384012F009BA094BD1
:1098F0001B78002BF6D0084B1D78002DF2D1FFF716
:1099000009FD2A464FF480400021FEF75BFDE9E7A0
:1099100038730020DC800020DB8000202DE9F84F28
:10992000574B06460D4614465B6C002A40F0A48057
:1099300013F0A00F14BF4FF001094FF00009F8F722
:10994000C9F9A0234FF0000ADFF84C810320C8F8C2
:109950004430FCF74FFB0420FCF74CFB494FFFF76A
:10996000D9FC494B4FF0040B7B67C7F878A0FFF791
:109970004FFF464B4FF48071D3F8D82E42F02002AF
:10998000C3F8D82EFF22C8F808203D4A1161D3F849
:10999000082F3F491140C3F8081FC8F844B0C3F866
:1099A000E0AE7B6913F0060F04D0FCF7DFFC5846ED
:1099B000FCF720FBB9F1000F01D0FFF71DFF66B1E6
:1099C000344BDB6C180701D4FFF790FCFFF772FFF4
:1099D0000420FCF70FFBFFF7F5FE294B5A69D1076E
:1099E00048D5DA6812F0706FFBD12B4B2B4A5A64C2
:1099F0002B4AD2F8803023F0F003C2F8803015B142
:109A00002046FFF763FF274BD3F84C315A1C01D097
:109A10005B0002D50122204B5A615CB31D4BDA6E0C
:109A200003F500539A6603F5D0331B6A1A4A23F0F4
:109A30000103D3611C4BD96803F50053996003F50A
:109A40000053D3F8841003F5005399674FF03A435D
:109A5000D3F8181103F50053C3F81411134BD96C44
:109A600003F500539964124903F5803359664FF6A4
:109A700008435364BDE8F88F4FF000095FE700BF6B
:109A8000000002B800C001B800000101003000B0C1
:109A9000DF0000FF004000B8002002B810003000D6
:109AA000003F00B00080E00F004001B800C000B8E7
:109AB0005000002F38B514460D4612F026F9064B1B
:109AC000D3F8D82E54402C405440C3F8D84EBDE8AB
:109AD000384012F015B900BF003000B0034BD3F886
:109AE000D83E99430CBF012000207047003000B0E1
:109AF000174BD3F8D82E12F0010312D0154B93F860
:109B00006430154A43F08073C2F8D0304FF48013AC
:109B100002F50052C2F8B430A2F58052C2F8B83053
:109B200070471106EDD40B4B93F8631021B1D206A8
:109B300002D593F86030E4E74FF480120020074B21
:109B40000549C3F8B820C1F8D000C3F8B420704765
:109B5000003000B0003F00B0004000B8006000B826
:109B600070B5164E032804460D4633781ED023FAEE
:109B700004F202F00102AA421DD053B10122A24018
:109B8000A54023EA02032B43DBB233704BB1012023
:109B900070BD2DB10A4B01201B6898473378EDE763
:109BA0003570074B00201B689847F0E79A07DED016
:109BB00003F0FC03E9E7002070BD00BFE280002055
:109BC0001C7E0020F8B505460C4612F09EF8104F9A
:109BD00006463B7833B1012D04D01CB90D4811F075
:109BE0002DFC3C7021462846FFF7BAFF0A4B04467D
:109BF0001B783BB93B782BB910F011FA10B1074B29
:109C00001B689847304612F07BF82046F8BD00BF2D
:109C1000E3800020F47D0020E280002068840020A2
:109C2000054A0B46117831B100211170034A012118
:109C30005268187810477047E3800020688400203D
:109C400038B5074D04462B78834207D0F7F744FB1D
:109C500020462C70BDE83840DDF764BC38BD00BF3D
:109C6000E18000201B4B022910B5187002D0032997
:109C700004D010BD184B1B78002BFAD1F5F75CFF10
:109C80000028F6D04FF00052144BC3F88020BFF3E9
:109C90004F8FBFF36F8FF7F7D5FA0028E9D0F7F7AA
:109CA00083FA0028E5D10E4B1C6834B1236898472D
:109CB000BDE810400020F7F703BB0FF006FF094B8B
:109CC000186012F027F9084B18602046F7F7C2FA1F
:109CD000EEE700BFA6860020E180002000E100E062
:109CE00088750020187E0020147E002038B50446B8
:109CF0000D46F5F721FF80B14FF00052124B1A606C
:109D0000F7F7A0FA48B9012D07D80120F7F7D8FADC
:109D10000E4B1B6823B15B6898470D4B1C7038BD18
:109D200012F0F8F80B4B1A68801A186011F042FC18
:109D30004FF47A72084B1B6802FB00300FF0C7FE2D
:109D40000120F7F787FAE8E700E100E088750020D6
:109D5000A6860020147E0020187E0020F0B585B075
:109D600011F0D3FF344D04462B7823B1334811F062
:109D700065FB002852D111F0F9FB02AA03A910F0EB
:109D800038F90346002838D010F047F9029B984272
:109D90001CD100202A4B03991B682A4E994230702F
:109DA00020D90027C91A012324482B70264A33469C
:109DB0000197009712F065F8002837D1234A1378ED
:109DC000D90701D53178F9B1204611E010F023F917
:109DD000029B984228D0002318461949194A09685D
:109DE000137003910121FFF7BBFE002320462B7067
:109DF00011F086FF002005B0F0BD20462B7011F059
:109E00007FFF212005B0F0BD03F0FE031370002B8F
:109E1000DAD10F4B1B6898472046E9E7204611F03E
:109E20006FFF0E2005B0F0BD0220B3E703232046EC
:109E30002F703370F3E700BFE3800020F47D002033
:109E400064750020A5860020219C0208E280002085
:109E50001C7E0020114B10B55B6F002403F440738F
:109E6000B3F5007F04BF02220D4B0E4908BF1A60F4
:109E70000D4B0E4A1C700E4B0E481A600E4A5A606B
:109E8000DDF7F2FA0D490E48DDF7EEFA0D4B0E4AFA
:109E90001A60DDF759FC204610BD00BF004000509D
:109EA0006475002054FA0308E38000205D9D0208D9
:109EB00068840020E47D0020C59B02085CFA03084A
:109EC000EC7D00201C7E0020419C0208DFED1D7A05
:109ED00020EE270AFDEEC07AB5EEC00A17EE903AE2
:109EE000F1EE10FA48BF03F1FF3307EE903AF8EEB7
:109EF000E77A9FED157A30EE670A20EE070AFCEE4E
:109F0000C07A17EE903A9BB2B3F5007F28BF0023CA
:109F100007EE903A28BF30EE470AF8EE677A0B4A10
:109F200030EE670A02EB8301D1ED016AF7EE007AA9
:109F300091ED007A77EEC07A20EE260A07EE870AC6
:109F4000704700BF83F9223E0000004494370408A4
:109F50009FED1E7AF5EE007A40EE077ABDEEE77AC5
:109F6000F5EEC07A17EE103AF1EE10FA48BF03F1A1
:109F7000FF3307EE103AB8EEC77A37EEC70A9FED07
:109F8000147A20EE070AFCEEC07A17EE903A9BB2E4
:109F9000B3F5007F28BF002307EE903A28BF30EECC
:109FA000470AF8EE677A0B4A30EE670A02EB830144
:109FB000D1ED016AF7EE007A91ED007A77EEC07A82
:109FC00020EE260A07EE870A704700BF83F9223E7B
:109FD00000000044943704082DE9F84F0F468846E6
:109FE00057F8041B0546144600203A461E4610F05A
:109FF0008FFAD8F80080404610F08BFA20B19DB956
:10A0000041684FEA186359B90F213346224640464A
:10A0100010F097FA0D461AE04A799A4204D00831B6
:10A020000D68002DF8D1EFE7DFF83490DFF83480C9
:10A03000D9F800B0D8F800A03846C9F80040C8F8F0
:10A040000060A8470025C9F800B0C8F800A0224663
:10A05000012052F8041B10F05BFA2846BDE8F88F87
:10A06000247E0020207E002070B50C4B04020D469B
:10A0700004F4E064C0F307211B680C43084A04346D
:10A080009C42126807D91D2110F05BFA002213468A
:10A0900010462B6070BD1060043BF9E7207E002065
:10A0A000247E0020094A10B5116851B9B0F5006F3F
:10A0B00009D2041D2046DDF7B7F808B9044B1C602F
:10A0C00010BD1220FCE72120FAE700BF307E0020FF
:10A0D0002C7E002038B5044608680D4610F0D1FAF1
:10A0E00050B9094B1B6800202A68C4E900531A6064
:10A0F000064B1B68A36038BD2028FCD1044B1B68AD
:10A10000002BF0D10920F6E7307E00202C7E0020C5
:10A11000287E00202DE9F84F1D460C6816464FEAB0
:10A12000042AC4F307230AF4E06A4AEA030A1F4B2D
:10A130000AEB050B1B680BF104029A420746DDF897
:10A1400028802DD80123F20093409D4228D215B1DA
:10A15000B8F1000F27D03846FFF7BCFF8146E0B9C1
:10A1600024F47F4424F0C70444EA1B244FEA0B2B59
:10A170007B681FFA8BFB44EA0B0443F8044B5344FF
:10A180002DB118462A46414604F01CFD0346012E17
:10A190000CBF03F8015C23F8025C4846BDE8F88F69
:10A1A0004FF01D09F9E74FF02209F6E72C7E002059
:10A1B00038B50446054B00681D684068D4E90123A2
:10A1C0001146A8476368988838BD00BFB085002055
:10A1D00010B5044C23781BB910F099F901232370B2
:10A1E00010BD00BFE4800020084A136833B94178ED
:10A1F000436141F0010141701060704719780278A5
:10A200009142FAD003F114025B69EFE7347E00203B
:10A21000044A0346106810B102789A4200D1704790
:10A220004069F8E7347E0020014B1868704700BF92
:10A23000347E0020094A5168C84390FAA0F048B122
:10A24000B0FA80F0042805DC012383400B435360FF
:10A2500040B270474FF0FF30704700BF607E002073
:10A260000021034B28220348C3E9001104F09FBCDE
:10A27000607E0020387E002038B50546FFF7DAFF03
:10A2800004460448294600EBC40010F06AFA204650
:10A2900038BD00BF387E0020C3B2042B10B515D8DE
:10A2A00004230B4A03EBC003134453E8002F0A4373
:10A2B00043E80024002CF8D101220649824051E8ED
:10A2C000003F134341E800300028F8D110BD00BF23
:10A2D000387E0020607E0020F7B54FF0040C012688
:10A2E0000827184A1849194D106800B30B7806FA68
:10A2F00003F420421DD0E04352E8004F044042E8FE
:10A30000004EBEF1000FF7D117FB03C32B4453E8F7
:10A31000000F43E800E4002CF9D1019048B108781F
:10A3200001AA0B4905EBC00010F053FA012003B05D
:10A33000F0BD0B78506883422EBF00230133DBB29F
:10A340000B70D1E7607E0020E5800020387E002081
:10A3500078563412024B1868003818BF0120704735
:10A36000607E00202DE9F041164D06462B680C4614
:10A370002BB111F0D3FC2B6823B911F0CAFC0020DB
:10A38000BDE8F0812B68D3E9048711F0C2FC58EADC
:10A39000070315D056EA04030CD10B4DD5E9006430
:10A3A00056EA040306D1094B1B68984706460C463B
:10A3B000C5E900014645BC412CBF01200020DFE774
:10A3C0000120DDE7787E0020C00D0020707E002097
:10A3D000F7B54FF0FF34274605460E4611F09EFCB8
:10A3E0001A4B1B6883B911F094FCB7F1FF3F08BF0B
:10A3F000B4F1FF3F04D054EA070315D100242746E7
:10A400002046394603B0F0BD5969DA6801911969EF
:10A410005B685218019941F10001A24271EB070CEF
:10A420003CBF14460F46DDE755EA060304D1084B4E
:10A430001B68984705460E46AC4277EB0603DDD312
:10A44000651B67EB06062C463746D9E7787E002069
:10A45000707E00202DE9F74FDDF840A00E46DDE9C3
:10A460000C7815469DF83CB008B1016891B9BAF175
:10A47000000F07D029463046D04740F2034003B0D2
:10A48000BDE8F08F002DF8D0002EF6DB284605F051
:10A4900004FBF2E7019011F041FC81465846E1F7D8
:10A4A0002FFD0446484611F034FC019A9CB9BAF1DC
:10A4B000000F08D029463046D04703203146E1F747
:10A4C000A9FC1A20DBE7002DF7D0002EF5DB28468B
:10A4D00005F0E3FAF1E70E9BC4E90678E360002398
:10A4E000636057EA0803A6602562226084F824B0FE
:10A4F000C4F828A001D10E9B33B1184B1B689847B4
:10A50000C019074648EB010811F008FC0022054677
:10A510001349C4E904780B682BB1D3E904AB574560
:10A5200078EB0B0011D2A2B90B680C6063600D4B85
:10A530001C682CB1094B1B689847FFF749FFA047DF
:10A54000284611F0E6FB002099E758681A460346B2
:10A55000E2E7536863605460E9E700BF707E002063
:10A56000787E0020687E00202DE9F74F4FF000082C
:10A5700081460D4692461E4611F0D0FB4746DFF855
:10A5800074B00190DBF8004084B9B8F1000F07D037
:10A59000174B1C6824B100200021FFF719FFA047CA
:10A5A000019803B0BDE8F04F11F0B3BB22684A45F3
:10A5B00011D12DB1A268296822F000428A420AD145
:10A5C00026B9626857B9CBF8002008E05146206AE6
:10A5D000B0470028F5D027466468D5E77A60D4F8FC
:10A5E0000480204610F069F844464FF00108CBE79C
:10A5F000687E0020787E0020014B1860704700BF05
:10A60000687E002070B50E46094904460846154686
:10A6100002F079F80023074A30211360064A05202A
:10A620001660064A15602246BDE87040E1F702BC9C
:10A63000983F0408787E0020707E00206C7E002009
:10A6400070B50446164618460022002386B0CDE9B0
:10A6500004230B4B0D461B6813B9212006B070BDB7
:10A6600004A998470028F8D1DDE904230290CDE938
:10A67000002329463246204610F059F8EEE700BF85
:10A680006C7E0020F8B5054610200F461646E1F70F
:10A6900077FC044601461022074802F039F844B11D
:10A6A00001230020E3602B68C4E9017623602C605D
:10A6B000F8BD1A20FCE700BF983F040800200021E5
:10A6C000014BC3E900017047C00D00202DE9F047A0
:10A6D00006460D464FF0000850EA010318BF2C4B08
:10A6E000DFF8B89018BFC3E900012A4F3046294669
:10A6F000FFF738FEC0B9B8F1000F47D011F00EFBDC
:10A70000002104460020FFF763FEB1F1FF3F08BFC0
:10A71000B0F1FF3F03D0204B1B6803B198472046A0
:10A72000BDE8F04711F0F5BA11F0F8FAD9F8004099
:10A730008CB16368C9F8003011F0EBFAA3683C6093
:10A7400033F000430BD138680FF0B7FF00234FF010
:10A7500001083B60CAE711F0DCFA3C60C6E72368F9
:10A76000002BF0D018680028EDD0A26832F000432A
:10A77000E9D0D0E9008A236A21688068D0470028A0
:10A78000E1D1B8F1000FDED04046EEE7BDE8F0873A
:10A79000C00D0020747E0020687E0020787E00209E
:10A7A000F8B504460D4611F0B9FA094B1B684BB1D8
:10A7B000D3E90667C4E90067DB682B60BDE8F840B1
:10A7C00011F0A7BA00260027C4E90067F5E700BF2B
:10A7D000747E002010B5064C237823B9DEF73AFECC
:10A7E00018B901232370002010BD40F20740FBE799
:10A7F000E680002038B50B4B04461B780D464BB164
:10A800002146284603F0F4FA002840F2074008BF2A
:10A81000002038BD04490548FFF7DCFF0028EFD0D1
:10A82000F7E700BFE6800020EFBEADDEBEBAFECA8D
:10A8300073B5144D144C2A68236802F0400103F0EC
:10A8400002030B431BD093064CBF0126A67AEFF7F9
:10A85000D1FC0196837983F00803C3F3C00300930E
:10A86000E388A288217A607A00F08CF840B92368E6
:10A8700023F0020323602B6823F040032B600020A9
:10A8800002B070BD7C7200207C7E0020012100207F
:10A89000054BA3F10802C3E9000043F8081C4FF080
:10A8A0001013517253607047847E0020014B187B57
:10A8B000704700BF7C7E0020024BD87A003818BF5A
:10A8C000012070477C7E002070B51F4D2B68590712
:10A8D00007D50021084600F07BF82B6823F004031D
:10A8E0002B601A4E2B68326803F0080302F0020254
:10A8F000134310D0EFF77EFC83791A071FD5F0F7CA
:10A90000D3FD0446C8B92B6823F008032B603368D5
:10A9100023F002033360FFF78BFF044668B9EB7A3C
:10A920005BB12B685B0708D40121084600F050F8A2
:10A9300040B92B6843F004032B60204670BDF0F74C
:10A9400097FDDEE70446F8E77C7E00207C7200205D
:10A95000032805D10A4A136843F00803136008E08E
:10A96000012808D1064BDA7A42B11A6842F008028F
:10A970001A60FFF7A9BF10F0FD0FEBD00020704761
:10A980007C7E0020F8B507460E4642F241000821C1
:10A9900015461C460DF02DFC9DF818304771C3700C
:10A9A0009DF81C3086710371A0F80750A0F809408B
:10A9B0000648E5F7A5FF0DF04AFC407920B10DF0FF
:10A9C00046FC407940F48050F8BD00BF050A0108FC
:10A9D00038B505460C4642F2420006210DF009FC4E
:10A9E0000023C57043718371C371037204710648FB
:10A9F000E5F786FF0DF02BFC407920B10DF027FC28
:10AA0000407940F4805038BD6D0A010807B506480A
:10AA100004F0EDFC042101900DEB010004F0D0FDE9
:10AA2000019803B05DF804FB8C7E0020F7B5186830
:10AA300010F0020003D0164E316811B9012003B0A6
:10AA4000F0BD0024042223460DEB0200019404F023
:10AA50009FFCBDF80630DB0702D4FFF7D7FF0446A2
:10AA600000250C4F57F8043B23B12146BDF80400E4
:10AA7000984748B13368002BE0D0074B022193F987
:10AA80000000FFF709FCD9E70135062DEAD1F1E70F
:10AA90008C7E0020907E0020E780002010B50948C1
:10AAA000FFF7EAFB0024084B0849187020200C60CF
:10AAB000E1F788F8064BC3E90044C3E90244C3E95F
:10AAC000044410BDB4850020E78000208C7E002067
:10AAD000907E0020704708B5E1F7B0FBBDE8084064
:10AAE000E1F7F2BBF4F728BFF4F7D4BD002303600D
:10AAF0000E207047704710B59DF80840002A3DD0E1
:10AB000000293BD0002839D07CB19379D17903F06A
:10AB10000F0343EA01130371137A4371927AC379E5
:10AB20001344DBB2C371002010BD012B24D0042BD1
:10AB300022D0002B0CBF01230F23CB7013890B7085
:10AB4000C3F303244B7823F00F032343547964F3B6
:10AB500007134B70D388917B0380B2F90A3043808E
:10AB6000537B03F00F0343EA01130371D37B43715B
:10AB7000137B8371537CD5E70323DEE72220D3E7E1
:10AB80007047037A13F0600F0AD009B103230B70EA
:10AB90002AB1037A83F04003C3F380131370704724
:10ABA000038903F4C0734BB109B102230B70002A6F
:10ABB000F5D0437ADB4303F00103EFE709B101234A
:10ABC0000B70002AEBD00023E8E7FF2837B50C46CE
:10ABD00018D0B9B1D5F7B8FE054698B10DF1060108
:10ABE0000DF10702FFF7CDFF9DF8061002290BD0EB
:10ABF000032907D12046D6F72DFB1C2802D10123BB
:10AC000085F8C03103B030BD204603B0BDE8304008
:10AC1000D6F720BB2DE9F04300F5947887B00746BE
:10AC200040460D4616461C46DDF8389000F0A5FA61
:10AC300090B9494622460DF11100ADF80E608DF82D
:10AC40000C508DF8104003F0BDFF404603A900F002
:10AC500002FA07B0BDE8F08323463246294638465B
:10AC6000CDF80090D5F704FE0528E2D01A28F0D1DF
:10AC7000DFE7D6F71DBE08B5D6F71AFE00280CBFD1
:10AC80000420012008BD70B590F8BE0114461D4691
:10AC9000049E00F011F938B10DB103682B600EB1BC
:10ACA000436833600CB9012070BD037E2370FAE75E
:10ACB00038B5044690F8BE010D4600F0FDF828B105
:10ACC00094F8BE01294600F03EF9012038BD10B5C8
:10ACD0000C4649882046FFF7EBFF4FF6FF73638071
:10ACE00010BD704773B5044602200D461646D5F7D1
:10ACF00021FE2B460246012120460096FFF78AFFDF
:10AD000002B070BD022307B58DF801106A461946DE
:10AD10008DF80030FFF7E6FF03B05DF804FBF7B5F0
:10AD20000646807E0D46D5F70FFE0446D0B1337F30
:10AD300043B14FF6FF7190F8BE0103B0BDE8F0409B
:10AD400000F001B91DBB0378012B0BD147785FB927
:10AD500043886A4603218DF80070ADF80130FFF793
:10AD6000C1FF277003B0F0BD022FFBD18DF800307A
:10AD700043886A46ADF80130337D05218DF80330F4
:10AD8000F38A8DF80430FFF7ADFF2570EAE7023D46
:10AD9000012DE7D80621037003B0BDE8F040FFF7AE
:10ADA000B1BF2DE9F84F884616461F4604469DF868
:10ADB00028B000287ED0002B7CD040F24A71D0F819
:10ADC000882700F13D03D21A3A448A420FFA88F5E7
:10ADD00017D9C5EBC5024FEA820A00EB8202D2F80E
:10ADE0000490B9F1000F06D050F80A104A461846F0
:10ADF00003F0E8FE034603EB0902C4F8882744F891
:10AE00000A30BBF1000F05D01C2303FB08F3D4F874
:10AE10008827E2504FF000091C22484602FB0842F6
:10AE2000C5EBC505374404EB85051632D4F88837E1
:10AE3000B8F1000F0DD0A17D41B9D4E900C1614442
:10AE40008B4203D29C459CBF0121E175B8F1010FF3
:10AE50000CD094F8321049B9D4E907C161448B424F
:10AE600004D29C459CBF012184F8331016F8011BC5
:10AE70001970D4F88837B74203F10103C4F8883752
:10AE80006B6803F101036B601070CFD1E37D33B1C8
:10AE9000218994F83A00D5F701FE84F8179094F8C8
:10AEA00033303BB1A18C94F83A00D5F7F7FD00237D
:10AEB00084F83330BDE8F88F10B50C46D6F794F916
:10AEC000B0B14FF6FF729442038906D09C420BD07A
:10AED000838CA34206D000200AE0A34204D1828CD6
:10AEE0009A42F8D0012300E000231C2202FB030059
:10AEF00010BD10B50C46D6F777F950B10389A342BF
:10AF000004BF01230376838CA34204BF012380F88E
:10AF1000343010BD08B5D6F767F998B10023436007
:10AF20000376036280F834306FF07D4301214FF6E1
:10AF3000FF72836300F13D03C182028141868284F6
:10AF4000C0F8883708BD10B50C46D6F74DF9C0B12A
:10AF50004FF6FF739C4215D00289A24205D1002210
:10AF600001214260C18202760381838CA34208D111
:10AF700000230122036280F834304FF6FF734286CB
:10AF8000838410BD0023012243600376036280F8AE
:10AF9000343000F13D03C282048142868484C0F8CB
:10AFA0008837EEE70122D6F7E9BA0022D6F7E6BAEB
:10AFB00008B5D6F7DDFD003818BF012008BDD6F76B
:10AFC0001DBE70470F207047FEE700239A4200D154
:10AFD000704710B550F8234041F8234001339A429E
:10AFE000F8D110BD00230360704703680B60016057
:10AFF0007047036813B90B60016070471846F8E7A3
:10B000000346006818B102681A60002303607047A5
:10B01000036803B970478B4204D10B6803600023B7
:10B020000B6070471846F3E770477047F8B50E4657
:10B0300017461D46044660B15BB110F066FEE56040
:10B040000025E780A6802560A56010F059FE2846FF
:10B05000F8BD2220FCE7F8B50E46044600283DD096
:10B0600000293BD0C368002B3AD010F04EFEA188D7
:10B0700005466088884215D22388E2880344B3FBE2
:10B08000F1F001FB1033E068314602FB030003F0EE
:10B0900099FD6388013363800024284610F030FE58
:10B0A0002046F8BDA368BBB1E1882288E768204646
:10B0B00001FB0277394698470028EDD03146E288F7
:10B0C000384603F07FFD2388A2880133B3FBF2F1F9
:10B0D00002FB11332380DFE71D24DEE72224DFE7B4
:10B0E0001124DDE770B50D460446B8B1B1B1C368AF
:10B0F000B3B110F00AFE638806466BB1E28821887E
:10B10000E368284602FB013103F05CFD0024304671
:10B1100010F0F6FD204670BD1B24F8E72224F9E765
:10B120001124F7E770B50D46044610B309B3C368A0
:10B130000BB310F0EAFD63880646C3B1E288E3680A
:10B140002188284602FB013103F03CFD2388A288B8
:10B150000133B3FBF2F102FB113323806388013B1F
:10B1600063800024304610F0CBFD204670BD1B24C8
:10B17000F8E72224F9E71124F7E710B5044658B19F
:10B18000C3684BB110F0C1FD6488B4FA84F464095B
:10B1900010F0B6FD204610BD0124FBE770B5002578
:10B1A00006462C46052C20D8DFE804F003070B0FD9
:10B1B00013175B210820D7F797F80C210820D7F741
:10B1C00093F8D1210820D7F78FF880210820D7F7EE
:10B1D0008BF800210820D7F787F86C1C2946E4B2C9
:10B1E00008202546D7F780F80624A4F10E03012B8A
:10B1F00005D85A210820D7F777F80134D2E7102C68
:10B2000005D1BDE870405D210820D7F76DB8B31FA8
:10B21000195DEFE708B5082000F076F8BDE80840B2
:10B22000082000F07CB8012307B520F07F4040EAF9
:10B230008170019068460093FFF7B0FF03B05DF89E
:10B2400004FB436803B118472220704737B50D68E7
:10B250000C46AB88ADF804302B78022B0CD00DF1E6
:10B26000030101A800F07BF89DF80330204683F02D
:10B2700001032B70DFF72EFA03B030BD0368187896
:10B28000704713B50468A388ADF804302378022B07
:10B2900015D00DF1030101A800F061F8A2799DF825
:10B2A0000330012A13D1618843EA41034FF6E0716C
:10B2B00063F03F039BB28B4203D12270638002B0E4
:10B2C00010BD4FF6DF729342F8D10022F5E7002A55
:10B2D000F5D183F001032370F1E703681A78022A9D
:10B2E00003D100225A80D6F75FBF704710B50468BB
:10B2F0002378022B07D0A379022B02D16079D7F7EC
:10B30000C3F80223237010BD4FF060420123D2F82E
:10B31000001E83400B430020C2F8003E70474FF0F0
:10B3200060410122D1F8003E824023EA020300205E
:10B33000C1F8003E7047F8B50E461746044660B1A6
:10B3400010F0ECFC05463A4631462046DAF7CCFDD3
:10B35000284610F0DEFC0020F8BD2220FCE738B5BE
:10B360000D46044698B191B110F0D8FC30222378F4
:10B37000534303F1A04303F570335B6C6278D34011
:10B3800003F001032B7010F0C4FC002038BD222014
:10B39000FCE710B588B004460E98009207900D980F
:10B3A000224606909DF8300005900B9804909DF879
:10B3B000280003900020CDE901300B460121D7F78A
:10B3C000DBF808B010BD416C436910B5DA1CA1F17F
:10B3D0001404B2FBF4F203EBC2000330B0FBF4F050
:10B3E000B1F5805F00F1010002D1012828BF0120E2
:10B3F000013010BD38B505460C46FFF7E4FF6B6C15
:10B40000A3F11402B3F5805F02FB00F005D140F612
:10B41000E8736969994288BFCC30E31DB3FBF2F34E
:10B42000013304EBC304204438BD38B505464469F4
:10B430002146FFF7DFFF6A6CE31D143AB3FBF2F31A
:10B44000013304EBC304204438BD73B506460D46F2
:10B450000024F36B01225B6901A928199847019B1D
:10B46000013309D1736C043462196A405B421A4299
:10B47000EFD0204602B070BD0024FAE770B5054653
:10B480000C46D8F74DFDEB6B2046BDE87040DB68FD
:10B49000184770B50025044686B00562E369AB42E3
:10B4A00002D8206A06B070BD666C2068E36B052286
:10B4B0005B6901A906FB0500984701A800F080FC24
:10B4C00000F0A3FC10B1236A013323620135E5E7E4
:10B4D00038B50446456C006804F1400305FB0101E2
:10B4E000E06B00F09FFC05462046FFF7D2FF2846A0
:10B4F00038BD2DE9F04700254FF0FF384FF6FF73B8
:10B500000446C1462F46C0E9085386B0E369BB42F2
:10B510000DD8A5EB0805012D06D94FF6FF730025C0
:10B520006362E369AB4226D806B0BDE8F0872368C2
:10B53000E26B606C566900FB0730052201A9B04739
:10B5400001A800F03DFC824601A800F010FC064670
:10B55000504600F05AFC60B1B14588BF6762B04503
:10B5600028BFB046B54238BF3546B146236A0133DD
:10B5700023620137CAE7666C2068E36B052206FB8D
:10B5800005005B6901A9984701A800F0F0FB0135AF
:10B59000C7E7F0B50546002687B0EC69013CB44228
:10B5A00003D80C46204607B0F0BD01B14C1E6F6CAD
:10B5B0002868EB6B05225B6901A907FB040098472B
:10B5C00001A800F0FDFB00F020FC0028EAD1214694
:10B5D0000136E2E7F0B504460D46466CE36B0068C1
:10B5E00087B005225B6901A906FB0500984701A801
:10B5F00000F0E6FB00F009FC20B101A800F0B7FB69
:10B6000007B0F0BD29462046FFF7C3FF0646676C2A
:10B610002068E36B05225B6901A907FB06009847D8
:10B6200001A800F0A4FB431CEAD0B54238BF0130AA
:10B63000E6E72DE9F0434FF6FF79D0F82480044681
:10B640000E46C84514BF45460025002787B0E3696C
:10B65000BB4202D807B0BDE8F083E26B2368606CA0
:10B66000D2F814C000FB0530052201A9E04701A86B
:10B6700000F0A6FB022806D0C8450CD1721C294652
:10B680002046FFF725FFE3690135B5FBF3F20137EB
:10B6900003FB1255DBE729462046FFF79BFFB0F17D
:10B6A000FF3F14BF024632460132E8E70368F0B5B7
:10B6B000CC1A436C0646B4FBF3F4002587B0F3695B
:10B6C00037685A1E9542706C08D3706C336800FB63
:10B6D000043007B0BDE8F04000F0A2BB0134B4FB79
:10B6E000F3F203FB1244F36B05225B6901A900FB33
:10B6F0000470984701A800F063FB00F086FB002867
:10B70000E3D10135DBE710B423F0030422449B07A7
:10B710000A44436C18BF04325B4282EA01042342AC
:10B7200003D05DF8044BFFF7C1BF10465DF8044B32
:10B7300070472DE9F041D0E90A369E42044686B0B2
:10B7400028D11422C369456802FB1355284606B068
:10B75000BDE8F0812068676C331AB3FBF7F3E26B46
:10B7600007FB0300D2F8148001A90522C04701A8F5
:10B7700000F026FB012804D0636C1D44013B3340DC
:10B78000ED1A31462046FFF791FF0646A36AB34201
:10B79000E0D1DBE70025F9E708B508301346D1E929
:10B7A0000012D8F743FB012008BD13B50C46002159
:10B7B00021760093616813462246D7F7E7F818B15F
:10B7C000E37D03B1A07EA075A07D02B010BD73B56E
:10B7D000164600F108050C46284609680DF10702D7
:10B7E00000F0A1F9032E06D16368834203D12846F5
:10B7F000216800F07FF9012002B070BDD01E009BCF
:10B8000042424241187E824211D11A688A420ED8C1
:10B810005A688A420BD35A6901325A61D3E903024A
:10B8200082423FBF986840F8221001321A6101201D
:10B83000704710B5032A029C07D1A26A5340626C7C
:10B840005242134201D100F055F9012010BD08B554
:10B85000C36800209847BDE80840D8F769BB0128B5
:10B8600014BF0420022070B5002442431C70CC7D1C
:10B87000101D02F002024CB91AB1012220F003009F
:10B880001A7000F108034868184470BD1AB101220B
:10B8900020F003001A7000230C7E01F12005DAB2BB
:10B8A000944201D80020F0E735F833205E1C824234
:10B8B00006D901EBC30300F10802D8691044E4E79C
:10B8C0003346801AEBE773B5054690F842601C4694
:10B8D00030460DF10303FFF7C2FFEB6B012E5B69EE
:10B8E0000DD1324601A998479DF8033013B1BDF838
:10B8F00006300193BDF80430236002B070BD012210
:10B90000214602B0BDE870401847F0B50546002456
:10B910004868EB6B87B00E4601225B69029402A96E
:10B9200008309847274695F84230012B40F0848034
:10B93000632C02D9029807B0F0BD612C08D805AB82
:10B94000224631462846FFF7BEFF9DF814301BB350
:10B9500005AB2246314628468DF81070FFF7B3FF3D
:10B9600095F84230012B059B55D14FF6FF7293425B
:10B9700000F09680082205A904A800F06DFA059B46
:10B980009DF81010C3F30722914240F08980DBB28A
:10B99000029A1A44029283E095F84230012B30D18A
:10B9A00022463146284603ABFFF78DFF3146284635
:10B9B00004AB621CFFF787FF3146284605ABA21C8B
:10B9C000FFF781FF102208230DEB02010DF10700A4
:10B9D0008DF8073000F040FA102205A90DF107009C
:10B9E00000F03AFA039BDAB2002A52D19DF8072000
:10B9F000B2EB132F4DD1DDE9043203EB0243029386
:10BA000047E0302C2BD944E09DF80720B2EB134FD0
:10BA10003FD1049BF3E7013342D0102205A90DEB7F
:10BA2000020000F019FA059B9DF81010C3F30742BD
:10BA3000914235D19BB2ABE7312C3FF67BAF87D03B
:10BA400005AB224631462846FFF73DFFBDF81430CE
:10BA5000002B7FF47DAF95F84230012BA0D0224619
:10BA60003146284603ABFFF72EFF3146284604AB8C
:10BA7000621CFFF728FF102320220DEB03010DF1BC
:10BA800007008DF8073000F0E7F9039B9AB2002A0F
:10BA9000BAD095F84230012B14BF012302231C4475
:10BAA000013440E713B500240194049C0094D7F7B7
:10BAB0000DFC02B010BD13B501240194049C009448
:10BAC000D7F704FC02B010BD00234FF0FF3230B5B1
:10BAD00044689C4202D10023037230BD016801EB2F
:10BAE000C30541F833206A600133F2E7C0E9001270
:10BAF000FFF7EABF0023F0B545689D4210D0046807
:10BB0000DF0054F8332004EBC306B2F1FF3F08D046
:10BB1000C2F31302914204D14FF0FF33E35173603B
:10BB2000F0BD0133E9E70023F0B545689D4202D13D
:10BB30004FF0FF300EE00468DE0054F83340671C1D
:10BB400009D0C4F31307B94205D1240D147003685A
:10BB500033445868F0BD0133E8E7704770B594008E
:10BB6000224605460E4610F0C7FB431C0AD058B9C2
:10BB700022463146284602F0F0FF002814BF3D203F
:10BB8000002070BD6E20FCE77120FAE713B5044673
:10BB900001A8DAF739F89DF8063023804FF4807356
:10BBA0006380DAF749F86060002002B010BDD9F771
:10BBB000C7BF08B5D9F7B4FF002008BD10B50446CB
:10BBC00044EA010313F00303084609D1934201D16B
:10BBD000002010BD54F8231040F823100133F5E77E
:10BBE0002146920002F0EEFFF2E710B5044610F095
:10BBF00087FB431C10D088B9DAF71EF8234620F0E3
:10BC000003002044984201D1002010BD53F8042BBA
:10BC10000132F7D03E20F8E76E20F6E77120F4E716
:10BC20000A4601390144DBF795BB13B500230446EE
:10BC300001461B220DF107008DF8073000F00CF9CA
:10BC400022689DF80730B3EBD26F0CBF01200020B3
:10BC500002B010BD13B500230446014620220DF1A9
:10BC600007008DF8073000F0F7F80DF107001A22F1
:10BC7000211D00F0F1F862689DF80730B3EB926F78
:10BC80000CBF0120002002B010BD0068431C5842C8
:10BC900058417047006810F07E0F0CBFC0F3C160C0
:10BCA000002070470068C0F3D3107047006800F0B0
:10BCB0007F0001288CBF002001207047036813F02B
:10BCC0007E0F14BF042008207047036813F07E0F16
:10BCD00003D1406820F07C40704713F078001CBF0F
:10BCE00003F07F03D81F7047006800F07F007047A3
:10BCF000032809D0022803D1C1F10201C8B270475C
:10BD000000290CBF07200020704737B5054601F118
:10BD10000C0443696946012220469847BDF800306B
:10BD2000012201932046AB6901A9984703B030BDB9
:10BD300037B501F10C0443690122694605462046E6
:10BD400098474FF6FF72009B99B291420DD11B0CA0
:10BD50001B0443F4254343F0A5030193012220462D
:10BD6000AB6901A9984703B030BD0020FBE737B5A8
:10BD7000044600251B22011D0DF107008DF8075018
:10BD800000F06AF860689DF80720B2EBD06F03D12D
:10BD900020F0784003B030BD0DF107001B2204F104
:10BDA00008018DF8075000F057F8A0689DF807309B
:10BDB000B3EBD06F01D1C043EAE74FF0FF30E9E7C2
:10BDC0004BF29A22036810B5B2EB134F044613D11D
:10BDD0009BB2012B13D1FFF7CAFF01300CD04FF6F5
:10BDE000FF72E068B2EB104F4FEA104309D180B206
:10BDF000C01A18BF012010BD2368013303D00420EE
:10BE0000F9E70220F7E70320F5E701288CBF0020BF
:10BE100001207047033801288CBF002001207047A3
:10BE2000143070472DE9F0410546984603690846ED
:10BE30000E4617469847044638B943463A463146B7
:10BE40002846D8F7E5F8044618B131462846FFF7EA
:10BE50005CFF2046BDE8F0811F2A0B689EBF4FF0B3
:10BE6000FF3191408B43590801F055315B1A03F0C3
:10BE700033319B0803F033330B44017803EB131386
:10BE80000A444FF0013103F00F334B43A2EB13622E
:10BE90000270704770B5054614460E460FF035FF28
:10BEA0002B685C4034405C402C60BDE870400FF073
:10BEB00027BF08B50EF000FDBDE808400021D8F707
:10BEC000FBBB0029CCBF01210021D8F7F5BB022123
:10BED0004FF42070D8F7E6BF70477047704770473F
:10BEE0007047436D0B42FCD1704708B54368DA07D1
:10BEF00014D58368DB0702D50369D90707D50A2360
:10BF000050218363FFF7EDFF836C9A07FCD1012278
:10BF100000F500535A6043689B07FCD408BD38B550
:10BF20000A46044619B9BDE83840FFF7DEBF0121D3
:10BF300000F58053596002F00F0540F6FF71FFF7DE
:10BF4000D0FF78218563FFF7CCFF02F00103520791
:10BF500048BF43F00203A26C02F003029A42FAD1F6
:10BF600038BD836C5B06FCD54164704700231A46DC
:10BF7000D9F790BBFFF7FABF70B5054614460E46D9
:10BF80000FF0C3FE2B685C4034405C402C60BDE881
:10BF900070400FF0B5BE0346142B084604D00AD8F3
:10BFA000012B08D0122B06D1022803D0032808BF8A
:10BFB00001207047002070470A4392B20021D9F750
:10BFC00005BE3AB122F0030202F1A04202F560324E
:10BFD00009B9106070470002FBE7036BDA0702D56E
:10BFE00003695B06F9D4704710B5FFF7F6FF01222D
:10BFF000044600F500531A63236B9B07FCD40B79AE
:10C000004A881B0243EA82438A7A13434A7843EA06
:10C010008213CA7A43EAC2130A7B43EA42134A7B79
:10C0200043EA02138A7B43EAC203CA7B43EAC22380
:10C030008A7943EA0243CA7943EA424301226360B0
:10C0400004F580531A630A780AB90223E3600023D7
:10C0500063624B79087A1B01497A43EA80030B43F8
:10C06000A3600AB10123E36010BD4368DB0702D57A
:10C07000436D0B42F9D1704708B540F6FF71FFF7E9
:10C08000F4FF012300F58052536008BD4368012B83
:10C0900004BF00F500504360704743689B07FCD421
:10C0A000704708B540F6FF71FFF7DFFF012300F589
:10C0B0008052936308BD08B540F6FF71FFF7D5FFC6
:10C0C000022300F58052936308BD08B540F6FF7166
:10C0D000FFF7CBFF042300F58052936308BD08B53A
:10C0E00040F6FF71FFF7C1FF082300F5805293630C
:10C0F00008BD836C836C1B0600D47047C36BF9E7E3
:10C100004FF48072836C00F580539A63836C9B01BB
:10C11000FCD47047836C5A06FCD54164836C1B06C3
:10C12000FCD5C06B80B27047B0FBF1F001387047AE
:10C1300070B5054614460E460FF0E7FD2B685C40CF
:10C1400034405C402C60BDE870400FF0D9BD21FA4E
:10C1500000F2D20730B5034600F0FC040FD50022F0
:10C160000132D2B2042A02D14FF0FF3008E0831826
:10C1700003F00303234421FA03F5ED07F0D4184636
:10C1800030BD03782BB94078053818BF4FF0FF3029
:10C190007047012B08D14378012B1CD0032B14BF0F
:10C1A0004FF0FF3004207047022B09D14378A3B130
:10C1B000052B14D0072B14BF4FF0FF300820704719
:10C1C000032B0ED14378022B0ED0052B14BF4FF05A
:10C1D000FF300A2070470320704706207047072071
:10C1E00070474FF0FF307047092070473AB122F096
:10C1F000030202F1A04202F5603209B910607047F3
:10C200000002FBE7704700F005B809B1D9F7E0BFBD
:10C210002220704700207047DAF724B8DAF708BA0E
:10C22000DAF742BA40B2DAF771BA70B50C46154681
:10C2300010B9DAF7E3FA38B143682BB12A46214640
:10C24000BDE8704000681847232070BDF7B50D4663
:10C2500016461C4648B103B901ACC7685FB1234616
:10C26000324629460068B84706E0DAF7C7FA04B94B
:10C2700001AC0028F1D1232003B0F0BDF8B50C4685
:10C280001546064658B9DAF7B9FA20462946DFF7C7
:10C2900071F80446002CD4BF37200020F8BDDAF72F
:10C2A000ADFA86420746F0D03046DAF79BFA2946C7
:10C2B0002046DFF75FF804463846DAF793FAE9E7F5
:10C2C0000EB403B503AA52F8041B0192FFF7D6FF80
:10C2D00002B05DF804EB03B07047D0F8A4301B68DF
:10C2E0009A6C120643BFDB6B00200B701B2070475B
:10C2F000D0F8A43001221B6819B103F580531A65E8
:10C30000704703F500531A65DA64704708B5D0F832
:10C31000A4301868FFF725FE002008BD0068D0F89B
:10C32000A4301B68DA6CD20708D5012103F500524E
:10C33000D1649B6C9B0601D500F0C0B9704700200A
:10C340007047FEE74FF4005300204B607047012018
:10C3500070470020704707B5002001AB0190FFF740
:10C3600075FF0198002808BF4FF0FF3003B05DF85B
:10C3700004FB10B514460020FFF757FF204610BD00
:10C3800080F89910704790F89900704790F89600DF
:10C39000704710B50446DAF7E9FB38B1236DD4E9EC
:10C3A00012020244934218BF184610BD3022237D6A
:10C3B000534303F1A04303F58023DB6EEFE7002333
:10C3C000506910B5903000F8043C1446FEF718FE92
:10C3D00008B1DAF72DFC63681BB100212046A26882
:10C3E0009847002010BD90F8943070B505460C4673
:10C3F000C3B10B69B3F5006F16D80FF08FFC95F839
:10C400008C30064665614BB1214605F19000FEF780
:10C41000F0FD30460FF07DFC002070BD2046DAF7BD
:10C4200007FCF6E70E20F8E72120F6E792F85430F3
:10C4300037B5144633B1936D0BB1D06D98470023D7
:10C4400084F8543094F89A301BB32046DAF78EFB08
:10C45000F8B1236E132120465B6898471025236EA0
:10C4600020461B680DF10701984778B99DF8073001
:10C4700003F0FD02112A05D1A3F1110253425341E9
:10C4800084F8A030013D15F0FF05E8D12046DAF729
:10C49000FDFB002084F8540003B030BD2DE9F047C7
:10C4A00090F8949004460D461646B9F1000F40F0FE
:10C4B0008B8090F899800FF031FC94F89530074606
:10C4C00073B194F898305BB184F895900FF01DFC2F
:10C4D0000121814608460EF0EBFB48460FF010FCA8
:10C4E00038460FF016FC2E44B54205D1236E0121CB
:10C4F00020469B68984754E094F89A30002B3DD032
:10C50000207DD6F7C9F92046DAF74EFB0746207D95
:10C51000D6F7E2F997BB0FF001FC0746207DD6F76E
:10C52000BBF92046FFF735FFA26C00F1FF399145BA
:10C5300038BFE36C94F854A038BF03F1FF33207D7B
:10C5400038BF02EB0309D6F7C7F9BAF1000F12D1D1
:10C550004B46D4F89C108B420BD013F80129112ABA
:10C5600001D0132A20D1A2F111035A425A4184F872
:10C57000A020C4F89C9038460FF0CBFB94F8A03074
:10C58000002BB1D0236E2F462A785B68B8F1000FDC
:10C5900012D1236E20465B68397801359847002810
:10C5A000A2D00020BDE8F087A26C9A4282BFE36C63
:10C5B00003F1FF339B18CEE70A2AEAD10D2120466A
:10C5C00098470028E5D0ECE70E20EBE7F8B50446E5
:10C5D0000D460FF0A3FB94F896300646ADB17BB93B
:10C5E00094F8983063B10FF090FB0121054608469E
:10C5F0000EF05EFB28460FF083FB012384F8963093
:10C600003046BDE8F8400FF084BB002BF8D00FF0A7
:10C610007CFB0746294601200EF04AFB38460FF006
:10C620006FFB84F89650EBE738B548B100240568F5
:10C630000FF074FBC5E916440FF06BFB204638BDC4
:10C640002220FCE770B50468054694F8946086BB28
:10C65000FFF7EAFFDAF7D2F8854202D13046DAF77F
:10C66000C1F8236E93F91000DAF7AEF8236E93F950
:10C670001000DAF77BF8236E93F91100DAF7A4F8CB
:10C68000236E93F91100DAF771F8207D0EF08AF924
:10C69000207DD6F781F8D6F75DF80023C5E9003391
:10C6A000C5E90533EB60236E2046BDE87040DB68CA
:10C6B00018470F2070BD0068DAF7E8BA2DE9F0419D
:10C6C00004460FF02BFB94F89530054603F0FF0865
:10C6D000A3B90127236E41469B682046984784F8FA
:10C6E00095700FF012FB0646414638460EF0E0FA10
:10C6F00030460FF005FB022384F8A1302846BDE840
:10C70000F0410FF006BB0E2070470E2070477047B7
:10C7100070477047F8B50C468D18073552421540E2
:10C72000A5F108070646384600F05AFAA0883B1BD8
:10C73000618800EBE30080B2A1EBE30125F8040C73
:10C7400025F8061CA188DA10D1B1A4EBC101B1F81B
:10C7500002C0C88002EB0C004880E188B9B18A1A97
:10C7600092B204EBC10125F8022C8A80A2888AB912
:10C77000B2681344F268B360934288BFF3600EE07E
:10C7800015F8081C41F0020105F8081CE5E725F83A
:10C79000021CEBE7A4EBC2042278D207E8D43846A7
:10C7A000F8BD2DE9F04F17464FF0000887B07A1C0E
:10C7B000109A054614BF3C460824CDF81480002A80
:10C7C00000F0CB80C2F80080002900F0C8804268E9
:10C7D0008A4240F2C480073103F0010921F00706C4
:10C7E0000FF09CFA05AACDE9008282463A464B46F4
:10C7F0003146284600F0F8F9059F834607B130B965
:10C8000050460FF086FA192007B0BDE8F08FB7F850
:10C81000028029694FEAC802C0EBC8080139B8F1A3
:10C82000270F29617ED9B9F1000F55D1864206F153
:10C8300008084CD0224639462846FFF76BFF0446CD
:10C840000590059B9844404600F0CAF9059906F109
:10C850000F004A88C308A2EBD002A8F80220CA88B9
:10C86000A8F80430002A34D0D31A9BB201EBC202DC
:10C87000A8F8063093808B88F608A380B8F80430B7
:10C880003A46E380414600232846668000F019FAC4
:10C89000AB68EA6808339342AB6088BFEB602378EB
:10C8A00043F0010323702B6901332B616288AB686D
:10C8B000504603EBC203EA68AB60934288BFEB606B
:10C8C0000FF027FA109B083400201C609CE73C46C0
:10C8D000B7E7A8F80620CEE707EB08042046039246
:10C8E00000F07EF90BF10703DB080599638008F17E
:10C8F0000703DB08A380CB8893B1DB00039AD81D24
:10C90000821A5A44C2F3CF020B44E2809A80A38871
:10C9100008F1FF384FEAD808A1F80280CB80B7E7CA
:10C92000E380F4E7B9F1000F1BD007F10803B3FB74
:10C93000F4F204FB1233B3B1224639462846FFF71E
:10C94000E9FE044623783A4643F00103237021466A
:10C950000123284600F0B5F9A8E7222054E721205A
:10C9600052E78642E8D13C46ECE707B500224FF09B
:10C97000FF3101AB0192DAF749FC019803B05DF891
:10C9800004FB07B5009313464FF0FF32FFF709FF92
:10C9900003B05DF804FB2DE9F04F0C4685B000298B
:10C9A00000F0EA8008460EF0EDF80546D0E905688B
:10C9B0000FF0B4F914F808EC34F806CC1EF0010FAF
:10C9C000019002D0BCF1000F06D101980FF0A1F93F
:10C9D000012005B0BDE8F08FA968D5F810B034F893
:10C9E000049CA1EBCC010BF10103A4F108070CF1AD
:10C9F0000102A9602B61B9F1000F43D04FEAC903CE
:10CA00000293A7EBC903D888B3F802A00390187863
:10CA10000EF0020EC00725D4BEF1000F25D10398F9
:10CA2000A0EB0A0EBEF1010F2CD10CF10202083965
:10CA30005244C5F810B0A96034F802ECBEF1000F02
:10CA400022D114F8081C24F806EC6EF3000104F857
:10CA5000081C013A5A801A786EF300021A700022FC
:10CA6000DA8045E0BEF1000F0CD002984A44091A62
:10CA7000A96014F8081C6FF3410104F8081C002198
:10CA80009980D9E73B46D7E707EBCE0AD5E90010F6
:10CA900001EB0009CA450ED314F8081C013A6FF3E4
:10CAA000000104F8081C002124F8061C5A801A789A
:10CAB00061F30002D2E717F83E70514617F0010704
:10CAC0002FD014F8087C013A6FF3000704F8087CB3
:10CAD000002792B224F8067C5A801A7867F3000285
:10CAE0001A70C3F107020A44C2F3CF02DA808A80C7
:10CAF000002E3FD0B3423DD37288002A08BF1E46A5
:10CB0000B8F1000F06D0434504D8B8F80220002A37
:10CB100018BF43460198C5E905630FF0FAF80020F5
:10CB200057E7AEEB0C0EBEF1010FCAD1BAF802C046
:10CB3000AAF802709444BAF80620CAB10AEBC201FE
:10CB400000272A69013A2A61AA68083AAA6014F8FB
:10CB5000082C24F8067C6FF3000204F8082C1A78DD
:10CB6000A3F802C067F300021A700029B9D176E772
:10CB70001146E5E71E46C3E722202AE701460020CA
:10CB8000FFF709BFFFF7FABF70B5049E15461A46B6
:10CB900096B1002333608DB181B14D4333462946B0
:10CBA000FFF7EFFE044628B9306818B12A4621463F
:10CBB00001F0FDFF204670BD2224FBE72124F9E7A8
:10CBC00007B5002201AB0192DAF736FB019803B0FA
:10CBD0005DF804FB0846FFF7C8BE0846FFF7D2BF62
:10CBE0000023036043607047F0B5D0E90540551C51
:10CBF00008BF0822002B4FF0000518BF0446DDF8DF
:10CC000018C0CCF80050002C37D09DF814706588FF
:10CC1000FF0007EBC505C2F1000E2078C00708D55C
:10CC20001BBBE088A0B104EBC004658807EBC50519
:10CC3000F3E78D42F4D363B904F10806B6FBF2F0D2
:10CC400002FB106670180EB1A842EAD8CCF800407A
:10CC5000F0BD082A0FD06088013004EBC000461AEE
:10CC600006EA0E06801B8542F0D2A0880028EFD08D
:10CC7000A4EBC004D9E70846E8E72046E8E7034606
:10CC800010461A69DAB108B921B918680378DB07C8
:10CC900002D470479869F9E739B9C3887BB100EBD2
:10CCA000C3000378DA07F8D47047012907D18388D5
:10CCB0002BB1A0EBC3000378DB07F8D4704700204A
:10CCC00070472DE9F041D0E90545074688461646EC
:10CCD000F3B194420FD042B1954215D142460121A1
:10CCE0003846FFF7CCFF05460EE00A463146FFF70F
:10CCF000C6FF0446F2E70A460021FFF7C0FFB5422F
:10CD00000446EBD0002EE9D0C7E90545BDE8F08127
:10CD1000944208D08C4228BF0C46B54205D0454508
:10CD200038BF4546F0E70C46F7E74546ECE738B52F
:10CD30001C46C3E900010023C4E90500C4E902332D
:10CD4000236122776362FFF74BFF23690139C9082A
:10CD5000013341802361A368E268083393424FF0B6
:10CD60000000A36088BFE36038BD08B5DAF76AFB4E
:10CD700008BD002307B5684600938DF80430D8F746
:10CD800093FA03B05DF804FB10B50EF0BEFF044645
:10CD90000DF030FF2046BDE810400EF0B1BF4FF45B
:10CDA000C870DAF7E7BB70477047704708B501F005
:10CDB00014FE01F020FE01F029FEFFF7F6FF01F05E
:10CDC0003EFEBDE8084001F049BE08B5DAF706FAB4
:10CDD000FFF718FAFFF7E7FFD9F7ACFCD9F76AFBC2
:10CDE000FFF71AFADAF7B6FCDAF766FBDAF750FA69
:10CDF000FFF7DAFF00F007F801F0FCFDBDE808409E
:10CE0000FFF7D4BF704708B501F0E2FD01F0E1FD86
:10CE100001F0E0FD01F0E0FDFFF7F4FF08BD08B50B
:10CE200001F025FE01F024FE01F024FEBDE80840DB
:10CE300001F022BE00F000B807B513200DF1060185
:10CE4000FFF7E3F9BDF8060003B05DF804FB10B589
:10CE500004460A210CF001FE40F6E44120460CF0A5
:10CE6000FEFD002010BDFF207047F3F75FBB0CF004
:10CE70002DBF01F0B1BA012070470020704770B596
:10CE800006460D4614468CB0CAB11022002108A8EF
:10CE900001F08DFE002207AB029305AB019306ABB8
:10CEA00000933046294608ABCDE90522DAF75CFE4F
:10CEB00018B9099B6360059B23600CB070BD6FF0CF
:10CEC0008600FAE708B501F087FA002814BF6FF072
:10CED0009200002008BDFFF7F5BFF0B51C46002307
:10CEE0008BB023600F46164601F076FA70B968469B
:10CEF0000FF064F9054648B9324639466846DCF712
:10CF0000A5FE10B926600BB0F0BD25606FF0920051
:10CF1000F9E720F00803102B05D0202814BF6FF08C
:10CF20008600002070470020704720F0FF03B3F513
:10CF3000824F06D14138C0B2012894BF00200120A1
:10CF400070470020704710B50024436814601B0A26
:10CF500004D0012B0AD06FF0850010BD0088FFF7C8
:10CF6000E4FF00B1013100201160F6E72C31FAE74F
:10CF7000406810B5000A029C04D0012807D06FF069
:10CF80008B0010BD934209D96FF08C00F9E703F1D3
:10CF90002C009042F8D8103103F11C020020C4E9A3
:10CFA0000412EEE7F0B50B46C168044601298DB0C6
:10CFB00002D000200DB0F0BD2B2A02D86FF08900FE
:10CFC000F8E713F003071A460DD001AD03F1280C62
:10CFD0002E4610685168083203C662453546F7D1BF
:10CFE000106801AA30600121118000215180216860
:10CFF000516061689160A168D160002FD9D001AA09
:10D0000015460BAE144603CCB44218605960224654
:10D0100003F10803F6D12068186000231A46EA5489
:10D0200001332C2BFBD1C4E72DE9F0470F46924684
:10D030009946054694B078B171B16AB14288D31D62
:10D04000072B4FEAD3085BD0038803F4E043B3F522
:10D05000805F04D1530708D06FF0860427E0B3F552
:10D06000005FF7D0B3F5804F4AD002AE20220021F6
:10D07000304601F09CFD324641462846DBF782F9F6
:10D080000446A0B943465246394628460096FFF763
:10D090006FFF044658B9282201460DEB020001F04B
:10D0A00086FD0AA80FF08AF828B16FF09204204696
:10D0B00014B0BDE8F08731460AA801F064FB58B10E
:10D0C000482814BF6FF092046FF085040AA801F09D
:10D0D00085F90028EBD0E8E76B681B0A012B06D026
:10D0E0004A4641462846FFF72EFF0446EEE75246E1
:10D0F00039463046FFF756FF04460028F0D0E5E7F2
:10D100006FF08504D3E72DE9F0439DB00D46DDE9CE
:10D11000248916461F460446002868D0002966D098
:10D12000002A64D0002B62D0B8F1000F5FD0B9F1B3
:10D13000000F5CD02022002102A801F038FD20461B
:10D140003246294602ABDBF79BF90446F8B90AAD33
:10D1500002AE0FCE0FC596E80F0085E80F000C9ABF
:10D160007B1C22F080720E9322F4804208F10203AD
:10D1700023F0030342F4005201A90AA80D940F936F
:10D180000C92019401F05AF928B16FF092042046F4
:10D190001DB0BDE8F083019B01334345019329D8BD
:10D1A0002822214612A801F002FD12A80FF006F86D
:10D1B0000028EAD10AAA02A912A8DCF77BFE0128FE
:10D1C00012D058B1482814BF6FF092046FF0850454
:10D1D00012A801F003F90028D9D0D6E704233B7048
:10D1E000019BC9F80030F3E76FF08B04F0E76FF0B4
:10D1F0008604CCE76FF08904C9E7FFF715BFFFF796
:10D2000082BF2DE9F04F9FB01546DDE928AB0F46F0
:10D21000994606462A9A002800F09F80002B00F0CD
:10D220009C80BAF1000F00F09880002900F09580F2
:10D23000002D00F09280BBF1000F00F08E80002ADC
:10D2400000F08B800023B0F80080CBF8003008F4A9
:10D250004F41EB00B1F5824F13605FD15FFA88F167
:10D2600012290ED128F0FF01B1F5824F02BF083B11
:10D270005B0813601368B3F5047F04BF40F2092311
:10D28000136000232A4603933946304603ABDAF78E
:10D29000C3FF044600283DD1039C40460734E40800
:10D2A000FFF743FE08B1013D01370DF110082022C0
:10D2B00000214046039401F07AFC21464246304664
:10D2C000DBF760F8044628BBC6460DF1300CBEE81B
:10D2D0000F00ACE80F009EE80F008CE80F00EB1C7D
:10D2E000214623F00303282214A8CDE90F47119308
:10D2F00001F05DFC2B46524649463046CDF8008091
:10D30000FFF736FE044628B914A80EF057FF38B1CF
:10D310006FF0920420461FB0BDE8F08F2C46C4E7A2
:10D3200042460CA914A801F0A3FA98B952464946FE
:10D330004046FFF737FE04460028EBD15A462946FF
:10D340003046FFF700FE044614A801F047F8002815
:10D35000E0D0DDE76FF09204F6E76FF08604D9E7DE
:10D360002DE9F0479CB00C46DDE9249A15461F468E
:10D370008046002866D0002964D0002A62D0002BA5
:10D3800060D0B9F1000F5DD0BAF1000F5AD08368B8
:10D39000DB075AD52022002102A801F008FC214613
:10D3A0002A46404602ABDBF76BF8044638BB0AADB1
:10D3B00002AE0FCE0FC596E80F0085E80F0001A959
:10D3C0000AA8B8F80050019401F038F80146284640
:10D3D000FFF7ABFD012804BF042307F8013B4FF022
:10D3E000000308BF09F1FF39CDE90D3709F1030347
:10D3F00023F0030305460F9329B16FF092042046F2
:10D400001CB0BDE8F087019B4B4521D8282212A80B
:10D4100001F0CDFB12A80EF0D1FE0028EDD10AAA32
:10D4200002A912A801F06CFA48B9019B2B44CAF872
:10D43000003012A800F0D2FF0028E0D0DDE76FF046
:10D440009204F6E76FF08604D9E76FF08404D6E71C
:10D450006FF08904D3E710B4048804F4E044B4F511
:10D46000805F06D0B4F5005F03D05DF8044BFFF792
:10D47000DBBD6FF085005DF8044B704770B4048825
:10D48000DDE9035604F4E044B4F5804F04D0CDE95F
:10D49000035670BCFFF737BE6FF0850070BC704755
:10D4A000F8B51E4603880F4603F44F43B3F5824F89
:10D4B000154610D1089BDAF7AFFE044648B9069B23
:10D4C0009D420BD82A463946304601F07BFB079B2C
:10D4D0001D602046F8BD6FF08504FAE76FF08904FF
:10D4E000F7E7DAF77DBDF0B5044617461E460D4650
:10D4F0008DB0D1B1C8B12022002104A801F057FBA2
:10D500003A462946204604ABDAF7BAFF58B9169BCB
:10D5100031460293159B04A80193149B0093DDE907
:10D520001223DBF7BBF80DB0F0BD6FF08600FAE711
:10D53000DBF7E4B910B413460C46014640B104B918
:10D5400032B9224601F160005DF8044BDBF72EB9D9
:10D550006FF086005DF8044B704713B50C4601462A
:10D5600050B14CB142B13BB10093603013462246FA
:10D57000DBF762F902B010BD6FF08600FAE708B57C
:10D5800028B19822002101F012FB002008BD6FF0A5
:10D590008600FBE7DAF7A4BDDAF722BDF0B5044652
:10D5A00015461F460E468DB019B96FF086000DB0B6
:10D5B000F0BD0028F9D02022002104A801F0F7FADC
:10D5C0002388CDE90865B3F5105FEED16388C02BE1
:10D5D00016D0B3F5807F15D0802B15D11020854251
:10D5E000CDE90400E1D3169B39460293159B04A8AC
:10D5F0000193149B0093DDE91223DBF74FF8D6E784
:10D600001820ECE72020EAE76FF08500CFE7F8B5B7
:10D610000E4614461D46074600283DD0E1B302B928
:10D62000D3BB5C220021384601F0C1FA31463846AE
:10D63000069ADBF797F8A0B97288D208182ABA655B
:10D6400010D0202A1BD0102A26D10F2D24D907F163
:10D65000380304F1100254F8041B944243F8041BED
:10D66000F9D1F8BD172D17D907F1380304F11802C5
:10D6700054F8041B944243F8041BF9D1F1E71F2D21
:10D680000AD907F1380304F1200254F8041B94422C
:10D6900043F8041BF9D1E4E76FF08600E1E7FFF7F8
:10D6A000B6BF70B50D461646044688B098B101B9AC
:10D6B0008AB900212022684601F079FA214668469D
:10D6C000DBF758F928B933462A4669462046DBF786
:10D6D0006DF808B070BD6FF08600FAE7F0B50D4642
:10D6E00016461F4604468BB0A8B1A1B19AB193B1BA
:10D6F0000021202202A801F05AFA214602A8DBF7F5
:10D7000039F930B933462A462046009702A9DBF79B
:10D7100093F80BB0F0BD6FF08600FAE708B528B1BA
:10D720005C22002101F043FA002008BD6FF0860062
:10D73000FBE7DAF7D5BC08B50EF0B3FC002008BD56
:10D7400010B5044608B1DBF737F92046BDE81040B4
:10D75000FFF718BA00F4E040B0F5805F04D0A0F500
:10D760000053584258417047012070472DE9F0415D
:10D770001F4600F0FE4386B0B3F1106F1646DDE998
:10D780000CCEDDF838800BD120F01F6424F4702417
:10D7900034B9D1E908234C68240A04D0012C0CD0F8
:10D7A0006FF0850006E0CDE903E8CDE9017C009645
:10D7B000FFF7BFFF06B0BDE8F081CDE903E8CDE992
:10D7C000017C0096FFF7E6FEF4E73AB1002918BFA6
:10D7D00000232121D21A184401F0E9B9704738B565
:10D7E000037904460D464BB9636900202B60237E04
:10D7F000012B0AD028606FF0960005E0D0E90812EE
:10D8000000F046FD0028EFD038BD02232376FBE769
:10D8100000232DE9F3414668D0F8148004460F46F2
:10D8200030461146136000F004FD054688B93046C5
:10D8300000F001FD054660B9F6B276B9B8F1000F07
:10D8400005D1A06820F47F4020F0030060B16FF0A4
:10D850008605284602B0BDE8F0810146606900F007
:10D86000C0FC0028EDD1F2E74FF6F87362889A42C7
:10D8700019D894F80480B8F1000F00D101A83946F6
:10D88000DBF782FE05460028E3D10FCC3F683E4619
:10D890000FC694E8030086E80300B8F1000FD8D162
:10D8A000019B7B61D5E76FF08505D2E741F2052347
:10D8B00098421AD8B0F5905F09D241F2010398421C
:10D8C0000CD0B0F5885F09D06FF085007047292330
:10D8D000A0F5905080B2C340DB07F5D511F0070FDB
:10D8E0000CBF00206FF086007047B0F5105FEBD1E1
:10D8F00021F04003802B06D0B1F5807F0CBF0020C3
:10D900006FF0860070470020704770B5046A0546C6
:10D910000E463CB90120FFF753F9286228B1204692
:10D920006E6270BD6FF08A00FBE76FF08C00F8E765
:10D93000F8B50F46114606461546FFF7E6FF0446C2
:10D9400020B92A463946306A01F03CF92046F8BD34
:10D950002DE9F041089D88461F46048802B3204601
:10D96000FFF7F8FEE0B12B680BB9D3002B6020461F
:10D970002968FFF79BFF044678B9CE1DB2EBD60F9E
:10D9800011D1069B9A4211D84146384601F01AF946
:10D990002B68079A0733DB0813602046BDE8F08147
:10D9A0006FF08504F9E76FF08604F6E76FF08904FD
:10D9B000F3E710B50446006A10B1616AFFF7C0FED4
:10D9C0000020C4E9080010BD38B50546FFF7F1FF97
:10D9D0002B7E0446012B0ED0023B012B0ED8EB69A7
:10D9E000012B18BF6FF0960428220021284601F071
:10D9F000DEF8204638BDEB69002BF2E76FF09604A5
:10DA0000F2E713B50446C0B101A9DBF7FDFD0446FA
:10DA100098B9019B1A7E022A12D103221A761A792A
:10DA2000FF2A10D01AB1586900F017FC044601987B
:10DA300000F0E8FB002818BF0446204602B010BDE5
:10DA40006FF09604F3E76FF08404F0E773B50546D2
:10DA500008460C4600F0C0FA002328461A4601A9E1
:10DA6000DBF72CF950B9019E35460FCD0FC495E870
:10DA7000030084E80300304600F0D9FB02B070BD1B
:10DA800070B5144602881D461046049EFFF762FEDC
:10DA900068B944F2010322F44050984207D002F4DE
:10DAA0004F42B2F5824F02D0B2F5844F0ED1B4424C
:10DAB0000FD82246284601F085F80021321B28198C
:10DAC00001F075F80020059B1C6070BD6FF08500AB
:10DAD000FBE76FF08900F8E7F0B50F461E461546E4
:10DAE00085B04AB300230122336003A9DBF7E6F8CF
:10DAF000044658B903984368D0E908121B0A08D0B5
:10DB0000012B13D000F093FB6FF08604204605B084
:10DB1000F0BD3B46CDE90056FFF7B2FF044603983F
:10DB200000F085FB002C08BF0446EFE73B46CDE93B
:10DB30000056FFF715FCF1E76FF08904E6E770B5D2
:10DB400014460288049D02F4E040B0F5804F1CD1D9
:10DB500044F2010022F44056864207D002F44F42BC
:10DB6000B2F5824F02D0B2F5844F0ED1AC420FD83D
:10DB70001846224601F026F800212A1B204401F015
:10DB800016F80020059B1C6070BD6FF08500FBE758
:10DB90006FF08900F8E7F0B50F461E46154685B0D0
:10DBA0000AB3002303A91A463360DBF787F804465B
:10DBB00038B9039803885B0406D400F038FB6FF093
:10DBC0008604204605B0F0BDCDE900563B46D0E9BD
:10DBD000081200F0CEFA0446039800F028FB002C4F
:10DBE00008BF0446EDE76FF08904EAE710B5044684
:10DBF000006868B104280CD005280FD06FF08600AB
:10DC000000232360A38823F4FF7323F00103A38080
:10DC100010BD04F10800FFF781FDF1E704F10800F1
:10DC2000FFF7ADFCECE70123DBF7A4BA38B50546F6
:10DC30002B68D3B112B90024204638BD042B07D07D
:10DC4000052B0DD06FF086042846FFF7CFFFF3E7D2
:10DC500005F10800FFF725FD04460028EBD0F3E7A7
:10DC600005F10800FFF766FCF6E76FF08804E3E7CC
:10DC70002DE9F041054600680E461746984648B320
:10DC80006A79D20726D52A7922B3BA4225D8042840
:10DC90000ED0052819D06FF086040023C8F8007054
:10DCA0002B71EEB92846FFF7A1FF2046BDE8F081B1
:10DCB00005F10800FFF712FD04460028EDD17EB9FA
:10DCC0002846BDE8F041FFF791BF05F10800FFF7D6
:10DCD00044FCF1E76FF08804DFE76FF08904DCE7CC
:10DCE00021463A463046D8F80030FFF76EFD284608
:10DCF000FFF77CFF002C08BF0446D6E71FB50124C0
:10DD00000394089C0294079C0194069C0094DBF702
:10DD100007F904B010BD036819430CBF01200020AF
:10DD200070472DE9F04707469A46002386B00593D1
:10DD300007F0FE43B3F1106F0846DDE90E58914637
:10DD4000109E0BD0002D48D12846356000F06FFAA8
:10DD50006FF08604204606B0BDE8F0873B464FF4DE
:10DD6000804205A9DAF7AAFF044628B175BB3560E1
:10DD7000059800F05CFAEDE705990B8823F0FF03A6
:10DD8000B3F5E24F02D0B3F5E44F0CD14B88073323
:10DD9000B8EBD30F07D21DBB0846356000F047FA39
:10DDA0006FF08904D6E753464A463846CDE90186E6
:10DDB0000095FFF7DBFC04463DB90598356000F09F
:10DDC00036FA002C08BF0446C4E760B14146284635
:10DDD000DAF756FFC6F80080CAE76FF08604F5E769
:10DDE0006FF08904F2E7059800F021FA0446B1E7E4
:10DDF000DAF746BF08B50088DDE90221FFF7AAFC83
:10DE000020B1BDE808401046DAF73ABF6FF0850050
:10DE100008BD2DE9F04F1E46002389B01746129A1F
:10DE2000CDE905331360438881460D46002B00F091
:10DE3000D080038803F4E043B3F5804F00F0C9803D
:10DE400031462846FFF767FF002800F0C2804846A9
:10DE500006AA05A9FFF7DCFC0446002840F08580EF
:10DE6000059B5B6A9BB1DDF81490CA46D9F8043073
:10DE7000D9F820B01B0A5AF8248F7BD0012B00F070
:10DE8000A1806FF086040598FFF793FD6DE0D9F847
:10DE900004301A0A62D1B9F800A0B9F8021050464D
:10DEA000FFF758FC80B15046FFF700FD04460028FC
:10DEB0005BD10AF4E043B3F5805F02D0B3F5005FB5
:10DEC0000AD10731CA0817E02AF0FF03B3F5E24F81
:10DED00037D06FF0850448E00AF44F43B3F5844F20
:10DEE000EFD047F201039A450FD149080131C90823
:10DEF00001EBC10101F13B02079207990598FFF779
:10DF000004FD04460028AED02FE044F201039A45F8
:10DF100003D1C90801F11002EEE747F202039A4566
:10DF200005D1C90801EB410101F15A02E4E744F2CD
:10DF300002039A4505D1C90801EB410101F14A02EA
:10DF4000DAE72AF0FF00B0F5E24FBAD0B0F5824F21
:10DF500001BFCC1DE4086400621CCDE7484607A958
:10DF600000F03EF804460028C7D0059830B3FFF70C
:10DF70002BFD23E0B9F800305B040BD433463A465E
:10DF800029464846CDE9018ACDF800B0FFF732FFB7
:10DF9000044609E05346424659464846FFF75BFAB5
:10DFA00010F1860F0446E9D00598002C7FF46BAF82
:10DFB0001299FFF714FC04460028D6D1204609B078
:10DFC000BDE8F08F5346424659464846FFF715F9DB
:10DFD000DEE76FF08604F1E71822002100F0E7BDCC
:10DFE000426870B5120A0588438806D0012A56D0C7
:10DFF00000236FF086000B6022E005F4E042B2F5EA
:10E00000805F02D0B2F5005F05D10733DB0840D155
:10E010006FF0850014E005F44F42B2F5844F03D150
:10E020000733DB080AD1F3E747F20102954208D132
:10E030005B080133DB0803EBC3033B3300200B60B9
:10E0400070BD44F20102954202D1DB081033F5E7BE
:10E0500047F20202954204D1DB0803EB43035A3333
:10E06000ECE744F20202954204D1DB0803EB4303E0
:10E070004A33E3E725F0FF05B5F5E24FD0D0B5F51B
:10E08000824FC5D10733DB085B000133012BD5D1AB
:10E09000BEE725F0FF05B5F5824FCFD1F6E705F4D1
:10E0A000E046DC1DB6F5805F25F0FF024FEAD400A4
:10E0B00002D0B6F5005F06D100284AD0B2F5824FF3
:10E0C00007D1034640E005F44F46B6F5844F02D130
:10E0D00090B3C31C32E047F20106B5420DD15B0894
:10E0E0000133DB0803EBC3033B330333800723F027
:10E0F000030335D1072C23D132E044F20106B542A7
:10E1000002D1DB081033F0E747F20206B54204D132
:10E11000DB0803EB43035A33E7E744F20206B54258
:10E1200004D1DB0803EB43034A33DEE7B2F5E24FE9
:10E13000CED0B2F5824F05D00B68033323F0030332
:10E140002C337BE743000133012B00D10B68013BEB
:10E15000CBE7B2F5824F0B6806D0033323F00303FD
:10E16000B2F5824FECD102E0023323F00303043313
:10E17000E6E72DE9F34745680446DDE90A672D0A1D
:10E18000884691469A4606D0012D16D06FF086003B
:10E1900002B0BDE8F087CDE90067FFF76FF910F135
:10E1A000860FF5D153464A4641462046CDE90A67D7
:10E1B00002B0BDE8F047FFF7C2BCCDE90A6702B084
:10E1C000BDE8F047FFF71BB8037E022B06D1C369F9
:10E1D0005A1C03D00133C361002070476FF09600D2
:10E1E000704703466FF040420846591E914207D3DC
:10E1F00038B103F1404393428CBF002001207047A7
:10E2000001207047034668B1017E8A1E012A0BD89F
:10E210000329C26903D1012A01D1FFF7D5BB1AB185
:10E22000013ADA61002070476FF096007047FFF7FF
:10E23000E9BF00207047C0B2FF280CBF6FF0860016
:10E240000020704707B500216A46FEF718FE8C30A3
:10E2500018BF012003B05DF804FB13B500216A4626
:10E260000446FEF70CFE8C3002D1002002B010BD37
:10E2700000212046D9F76CFE014610B16FF09800DE
:10E28000F4E76A462046FEF7FAFD8C30EDD0F5E75C
:10E290002DE9FF4107461446884600293FD0002A51
:10E2A0003DD0B2F5005F3DD202F124063146012097
:10E2B000FEF786FC0546C0B303463A462146404673
:10E2C000DBF700FA7F6900243846FFF7BBFF01281F
:10E2D0001FD021462B46324638460094D9F772FDAE
:10E2E0000146C8B9384602AAFEF7C9FD044620B95E
:10E2F000029B9E4205D06FF0980438460021D9F762
:10E3000027FE31462846FFF71BFA204604B0BDE839
:10E31000F0816FF08A04F4E76FF09804F1E76FF092
:10E320008604F2E76FF08D04EFE76FF08C04ECE702
:10E33000FFF706BA2DE9F047D0F814A086B0814661
:10E34000884617465046002104AAFEF798FD044669
:10E3500010BB049E01203146FEF732FC0546002822
:10E3600037D02146504604AA0394FEF788FD0446A0
:10E3700070B903AB02462146CDE9005350463346FF
:10E38000D9F790FD039B04469E4209D06FF0980494
:10E3900031462846FFF7D4F9204606B0BDE8F0879D
:10E3A0000028F5D13B46424631462846CDF800903C
:10E3B000DBF7A6F904460028EAD1D8F800302BB1E3
:10E3C0003B68002B08BF6FF09104E1E76FF0910408
:10E3D000DEE76FF08C04DFE70020704708B10DF036
:10E3E000EDBE2120704708B9212070470029FBD0DD
:10E3F000036813F0704209D1C3F30E030B601BB91D
:10E400004368002BF0D00B6000207047B2F1004F42
:10E4100007D18268D2040ED5C369002BE4D01B68F3
:10E42000ECE7B2F1204FF4D0B2F1304FF1D0B2F1BD
:10E43000404FEED0D8E703F07F03DFE737B50C4657
:10E44000054610B9212003B030BD0029FAD00023C1
:10E4500001A90193FFF7C7FF0028F4D1296811F043
:10E46000704102D1019B2360EDE7AA68B1F1004F32
:10E47000C2F38033C2F34035C2F3003207D1062124
:10E4800003EB450301FB0233019A5343EBE7B1F180
:10E49000204F04D12B4402EB82021344F4E7B1F184
:10E4A000304F02D0B1F1404FCCD12B44ECE72DE9F5
:10E4B000F3470D4690469A460446F0B1E9B1066826
:10E4C0000F6806F07049BE422AD0B9F1004F11D151
:10E4D00086EA0703B3F1805F13D3BAF1000F36D198
:10E4E000B8F1000F1FD0A368AA68534013F4E04F9F
:10E4F00019D002E0B9F1404FEAD0212002B0BDE8C6
:10E50000F0870023204601A90193FFF76CFF002844
:10E51000F3D1019AC2F30E0216431743BE42ECD167
:10E52000B9F1000FD9DB0023694620460093FFF7BD
:10E530005AFF0028E2D1019001A92846FFF753FFB6
:10E540000028DBD1DDE900239A42D7D0D5E7AA68BD
:10E55000B8F1000F03D0A3685340D904CDD493047D
:10E56000E1D4CAE7F7B50C46054648B141B10023EE
:10E570000B60036803F070430B60C268032A02D982
:10E58000212003B0F0BD012A70D812B143F000631E
:10E590002360D5E90223900102F0407169D5B1F101
:10E5A000407F69D0002BEBD04FF00072236823F03E
:10E5B000407313432360EA68022A07D12A69032AB9
:10E5C000DED823F47F0343EA02432360EB68032B86
:10E5D00003D12B69F62BD3D9A370AB681A0442BFC1
:10E5E000236843F400432360EB68032B09D02368BE
:10E5F0002A6823F4FF4323F07F03C2F30E02134380
:10E6000023602B68AE68002B06F4805740DB16F4BD
:10E61000E84FB5D12B6806F4806603F0704303F130
:10E620000043B3F1804F04D21EB1236843F48063EA
:10E6300023600023284601A90193FFF7D4FE002898
:10E640009FD12B6813F070413BD12368019A23F4CA
:10E65000FF4323F07F03C2F30E0213432360002F16
:10E660008FD0EB69002B8BD00F208AE743F08063BB
:10E670008EE7B1F1407F04D1002B81D04FF0407282
:10E6800094E702F08072002B90D1002A8ED077E7B9
:10E69000730406F400520DD4002A3FF471AF2368CE
:10E6A00043F400532360002FB4D0236843F4805315
:10E6B0002360AFE7236843F480432360002AF2D04D
:10E6C000EDE703F05043B3F1004F06D0B1F1304F06
:10E6D00003D0B1F1404F7FF453AF019B2268013B5F
:10E6E00003F07F0322F07F0213432360002F3FF4E7
:10E6F00048AFEA69002A3FF443AFB1F1004FB3D10C
:10E70000117F71B1002E3FF43CAF43F400732360DE
:10E71000537F002B3FF435AF236843F480732360AD
:10E720002FE7537F002B3FF42CAF002E3FF429AF8F
:10E73000F2E773B50C46054608B921201AE0002916
:10E74000FBD00123C6684B609E4217D8002301A965
:10E750000193FFF773FE68B9019B06B11C336A6928
:10E760009A4209D32A69002AE7D0226043F0005375
:10E770000020A36002B070BD1D20FBE7023E012E09
:10E78000DBD80023F4E72DE9F0410D46044698B0AC
:10E79000002869D0002967D000234FF00072836001
:10E7A000C0E90023036215A92846FFF7DBFE002815
:10E7B00057D1204615990DF00BFDAB68DB043CD515
:10E7C0002B68002B52DA4FF00108EE696946376872
:10E7D00073682046CDF804800093029700F0D8F8C3
:10E7E000B368204603A9CDF810800393059700F085
:10E7F000CFF8F368204606A9CDF81C800693089749
:10E8000000F0C6F83369204609A9CDF8288009939D
:10E810000B9700F0BDF8736920460CA9CDF8348041
:10E820000C930E9700F0B4F8B36920460FA9CDF809
:10E8300040800F93119700F0ABF8284612A9DBF740
:10E840001FFB70B9204600F0A3F8284615A9FFF772
:10E8500070FF30B9204615A90DF0E0FC20460DF000
:10E8600027FA18B0BDE8F0812120FAE70F20F8E779
:10E8700070B50E46154604468AB000283ED00029E1
:10E880003CD0002A3AD00023012229463046FFF727
:10E890000EFE88BBF3688BBBEB68013B012B2DD8C8
:10E8A0004FF08073A060C4E90030206207A92846B9
:10E8B000FFF758FE00BB204607990DF089FC304653
:10E8C00001A9FFF736FFB8B9204601A900F060F8AA
:10E8D000284604A9DBF7D4FA70B9204600F058F8AE
:10E8E000284607A9FFF725FF30B9204607A90DF0F4
:10E8F00095FC20460DF0DCF90AB070BD2120FBE745
:10E9000070B50D46164604468AB000283ED0002950
:10E910003CD0002A3AD00023012231462846FFF796
:10E92000C6FD88BBF3688BBBEB68013B012B2DD880
:10E930004FF08173A060C4E90030206207A9284627
:10E94000FFF710FE00BB204607990DF041FC28465A
:10E9500001A9DBF795FAB8B9204600F019F8284666
:10E9600004A9FFF7E6FE78B9204604A900F010F8E4
:10E97000304607A9FFF7DDFE30B9204607A90DF0A4
:10E980004DFC20460DF094F90AB070BD2120FBE744
:10E99000436813B9416070475B685A68012AFBD12C
:10E9A00059607047DBF760BD10B50446D1F77EFEB5
:10E9B0002046D2F793F82046D3F774F82046DCF7C8
:10E9C00075F82046DBF7A6FB10BD012070477047A5
:10E9D00070477047D1F79ABD704708B5D3F7F8F97B
:10E9E000FDF711FCFDF71AFCD3F7E6F9BDE8084086
:10E9F000D5F78CBA704708B5D3F710FCD3F7C0FC35
:10EA0000DBF728FFBDE80840FCF704BC08B5FCF7BD
:10EA1000D9FAD7F765FDD8F79FF8FEF72AFADAF7A3
:10EA200019FDFFF7D9FCFEF728FAFEF784FE0DF07A
:10EA300038FBDBF7F5FEBDE80840DBF77BBE08B529
:10EA4000D8F77EFFD8F750FFD8F782FFD9F72AF81A
:10EA5000FEF70BFABDE80840FCF744B808B5D3F759
:10EA600049FAD1F711FEBDE80840D1F73DBF704724
:10EA7000D3F756BBDBF744BED1F77CBFDBF7DEBE76
:10EA800008B5FEF7A2F9DBF785FAFEF7C8F9DBF760
:10EA900025FB0CF065F9F8E72DE9F84307468846B1
:10EAA00014460026D4E90195B9F1010905D5246879
:10EAB000002CF7D13046BDE8F883AB89012B07D98C
:10EAC000B5F90E30013303D029463846C047064316
:10EAD0006835E9E710B50C46B1F90E10DCF776FCA5
:10EAE0000028ABBF636DA3891B1823F48053ACBF10
:10EAF0006365A38110BD2DE9F0411F468B89054652
:10EB00000C46DB05164605D502230022B1F90E108E
:10EB1000DCF74AFCA3893246B4F90E10284623F4E8
:10EB20008053A3813B46BDE8F041DCF761BC10B5E2
:10EB30000C46B1F90E10DCF737FC431CA38915BF56
:10EB4000606523F4805343F48053A38118BFA381ED
:10EB500010BDB1F90E10DCF717BC0139024410B535
:10EB6000904201D1002005E0037811F8014FA34243
:10EB700001D0181B10BD0130F2E7884210B501EB3F
:10EB8000020402D98442234607D8431EA14208D07A
:10EB900011F8012B03F8012FF8E7024401468A42DD
:10EBA00000D110BD13F8014D02F8014DF7E7024402
:10EBB0000346934200D1704703F8011BF9E7704701
:10EBC000704770470A44431E914200D1704710B508
:10EBD00011F8014B914203F8014FF9D110BD936830
:10EBE000013B002B936010B408DA9469A34201DB67
:10EBF0000A2903D15DF8044B00F098B91368581C3A
:10EC00001060084619705DF8044B7047F8B5064669
:10EC10000F461446D518AC4201D1002007E03A4611
:10EC200014F8011B3046FFF7DAFF431CF3D1F8BD9F
:10EC30002DE9F047164698468A6807460B690C4648
:10EC4000DDF820909342B8BF1346336091F843201B
:10EC50000AB1013333602368990642BF3368023337
:10EC60003360256815F0060506D104F1190AE3683A
:10EC700032689B1AAB422BDC94F843302268003B8D
:10EC800018BF0123920630D404F1430241463846AE
:10EC9000C847013023D023681A3454F80A2C03F0F3
:10ECA0000603042B0ABF54F80E5C002533684FF0AE
:10ECB000000608BFED1A54F8123C08BF25EAE575B6
:10ECC0009342C4BF9B1AED18B5421AD1002008E048
:10ECD0000123524641463846C847013003D14FF020
:10ECE000FF30BDE8F0870135C1E7E1185A1C30203C
:10ECF0000233224481F8430094F8451082F843100F
:10ED0000C2E70123224641463846C8470130E6D0D3
:10ED10000136D9E7B1F90C202DE9F0411707054676
:10ED20000C4656D44B68002B02DC0B6C002B3DDDEF
:10ED3000E66A002E3AD0002312F480522F68216A2E
:10ED40002B6025D0626DA389580705D56368D21A58
:10ED5000636B0BB1236CD21A216A0023E66A284642
:10ED6000B047411C24D00023636023692360A3893A
:10ED7000DA0400D56065616B2F60B9B104F144031A
:10ED8000994202D02846FDF728FF002363630DE077
:10ED900001232846B047461C0246D4D12B68002BDD
:10EDA000D1D01D2B01D0162B2AD12F6000202EE0B0
:10EDB0002A68B4F90C3042B11D2A01D0162A21D19B
:10EDC0000023636023692360D5E7626022692260C3
:10EDD000CEE70F69002FE9D093070E680F600CBFD4
:10EDE0004B690023A6EB07088B60B8F1000FDDDD4F
:10EDF00043463A46216A2846A66AB047002808DCFE
:10EE0000B4F90C3043F040034FF0FF30A381BDE86C
:10EE1000F0810744A8EB0008E7E738B50B69054621
:10EE20000C4613B90025284638BD18B1036A0BB942
:10EE3000DCF7D4F9B4F90C30002BF3D0626ED007B4
:10EE400004D4990502D4A06DFFF7BAFE28462146E6
:10EE5000FFF760FF636E0546DA07E4D4A3899B05DC
:10EE6000E1D4A06DFFF7ADFEDDE770B50C46B1F95A
:10EE70000E1096B0154600291E460CDAA389002113
:10EE800013F0800F14BF40234FF4806300203160E3
:10EE90002B6016B070BD6A46DCF782FD0028EDDB02
:10EEA000019901F47041A1F50053594259414FF4C1
:10EEB0008063EBE78B89F7B59D0706460C4607D5BF
:10EEC00004F14703236023610123636103B0F0BDB4
:10EED00001AB6A46FFF7C9FF009F05463046394639
:10EEE000FDF778FE48B9B4F90C309A05EED423F05A
:10EEF000030343F00203A381E2E7A389206043F008
:10EF00008003A381019BC4E904075BB1B4F90E102F
:10EF10003046DCF757FD28B1A38923F0030343F003
:10EF20000103A381A3891D43A581CFE7F8B50E4650
:10EF30001446054618B1036A0BB9DCF74FF9A3690B
:10EF4000A360A3891A0701D5236943B9214628463E
:10EF5000DCF7D0FC18B14FF0FF373846F8BD236816
:10EF6000F6B222693746981A6369834205DC214666
:10EF70002846FFF752FF0028EDD1A368013BA360AC
:10EF800023685A1C22601E70431C62699A4204D096
:10EF9000A389DB07E1D50A2EDFD121462846FFF7FA
:10EFA0003CFF0028D9D0D6E7C9B20346024410B5C9
:10EFB0009342184601D1002003E0047801338C42CB
:10EFC000F6D110BDF7B5044614F4004C4FF6FF76A9
:10EFD00008BFFF2620F40040050205F4E065C0F3F9
:10EFE00006209E42019145EA000504F0380E0846CD
:10EFF000897904D201A800F0DCF900271AE0240C7A
:10F0000024044EF0800EEE1844EA0E0444EA16245E
:10F0100036020C31B6B2471834434450391D2944E6
:10F02000BCF1000F09D021F8023C1146DCF7DAFCF4
:10F030000028E2D1384603B0F0BD01F8013CF4E706
:10F040002DE9F041DDF818800E464146044615468C
:10F050001F4600F016FC78B9206800F036FAA0EBE5
:10F060000801204600F0D3FA00233D4620682360C3
:10F07000079B1D70BDE8F0812368002B08BF354653
:10F08000F6E770B504460E4615680A460021FFF7FC
:10F090008EFD25F4004520462122314600F0D0F8AF
:10F0A000290A04312046C9B200F053F9A3791C445F
:10F0B000E56070BD026810B501F0040022F4004460
:10F0C000C2F306220021043240F0290000F0FDFBCB
:10F0D00010B183790344DC6010BD03460022006850
:10F0E0001A600179DCF77EBC10B50021FFF7E2FF62
:10F0F000044608B9002010BD0179DCF773FC002834
:10F10000F8D1A3790C33E018F5E72DE9F041174663
:10F110001A46036801F0040123F400431C0204F4BE
:10F12000E064C3F306231C4341F02905043406467A
:10F130003B462146284600F096FC804650B1E1B29D
:10F1400000F07EF93B462A4641463068BDE8F04172
:10F15000FFF738BFBDE8F0812DE9F341002401F04D
:10F1600004010668074641F0290510682946146025
:10F17000019000F028F9019800F0A7F926F4004664
:10F18000310201F4E061C6F30626314380460122D4
:10F19000043101A800F015FB30B101A800F009F915
:10F1A000204602B0BDE8F08143462A4601993868FE
:10F1B000FFF708FFF5E708B5FBF736F808B1C368B5
:10F1C0001BB1003818BF012008BD4069F6E72DE9E2
:10F1D000F0478846164658B352B3DCF74BFC074657
:10F1E00040B3B1460025BA469AF806109AF807408F
:10F1F0003F68641AE4B2444584BF4446012544B1E3
:10F200000C31484622465144FFF7DCFCA144A8EBF0
:10F2100004085046DCF78EFC002FE4D165B9324675
:10F22000022052F8041B0BF073F92846BDE8F08762
:10F230002220FBE71B20F9E71E20F7E77047704705
:10F2400038B5054614460A460021FFF7B0FC24F005
:10F250001C046B7944F0100443F004032C716B71AF
:10F2600038BD2DE9F74F1F469DF830308A4680465D
:10F270000093002850D0002967D00C68002C66D07D
:10F280004FF0000BE679A179761AF6B2BE4208D3A8
:10F290000C31394408EB020945462144F61BC845A8
:10F2A00037E02068A346BF1B002835D00446E9E7B5
:10F2B000AB19994538BFA9EB050632462846FFF73A
:10F2C00081FC009B002B3DD0E279A079F3B237BBE3
:10F2D0001844A071E279A37927689A4232D1DAF80A
:10F2E0000030A34208BFCAF80070BBF1000F01D084
:10F2F000CBF800702046DCF71DFC3C4635444CB191
:10F300000027A379E67903F10C01F61A2144F6B23D
:10F310004D45CDD3A5EB080003B0BDE8F08F121A20
:10F32000D2B2F918914209DA0C302044D21BD21A19
:10F33000014438440193FFF720FC019BE279D31A82
:10F34000E371C7E7A3462468D8E70846E4E7204608
:10F35000E2E710B5C4790246C4F14503D8B2884249
:10F3600028BF08460444D47110BD38B50546C0799D
:10F37000C0F14504E4B2944288BFD4B20C302246B6
:10F380002844FFF71FFCEB7920462344EB7138BD7E
:10F390001FB503910021009103A9FFF762FF05B09B
:10F3A0005DF804FB13B501240094FFF75AFF02B087
:10F3B00010BD38B50446206800B938BD0568DCF7D3
:10F3C000B9FB2560F7E7034610B501F0EC0103B97E
:10F3D00010BD1A7902F013020A431A711A1A544224
:10F3E00054415A7964F300025A711B68EFE710B573
:10F3F00058B1016802685AB1136823B15C79E40717
:10F4000004D5002414600360084610BD0360F1E7D2
:10F410001346F8E720B1006810B14379DB07FAD54D
:10F420007047034658B10020DA7999791B68521A5F
:10F4300050FA82F01BB15A79D207F5D57047704760
:10F4400070B50D460446E8B186798E4203D3751A2D
:10F450008571012070BDC27906F145039B1ADBB2AC
:10F4600099420FD806F10C010144921BA81BD2B29D
:10F470000844FFF782FB0023A371E3791D44AD1B11
:10F48000E571E6E70020E5E710B50C4698B191B1CB
:10F490008979E279C379521AC3F14503D2B2DBB25A
:10F4A000934208D30C312144FFF75FFF2046DCF77D
:10F4B00041FB012010BD0020FCE70346006818B1A5
:10F4C00002681A600023036070470346002003B9F6
:10F4D0007047DA7999791B68521A50FA82F0F6E788
:10F4E0002DE9F84F894614468246FFF7EEFF0546A0
:10F4F0004846FFF7EAFFA542074601D3A04208D2DB
:10F50000BD4208D10024A346A046264647B9384646
:10F5100004E02746F6E738D24FF0FF30BDE8F88F19
:10F520005EB99AF806809AF80760A6EB080608F11B
:10F530000C08D044DAF800A0F6B2BBF1000F0BD1F2
:10F5400099F8064099F807B0ABEB040B0C344C4427
:10F55000D9F800905FFA8BFB5E45354628BF5D46C3
:10F56000BD4228BF3D4621462A464046FFF7F5FAF0
:10F570000028D3D1A8442C447F1BEDB2761BABEB03
:10F580000505F6B25FFA85FBC0E70120C6E7036810
:10F590000BB9016070471A461B68002BFBD1116044
:10F5A0007047036803B10B600160704739B10B46C7
:10F5B0001A461B68002BFBD103681360016070477B
:10F5C00070B5046806460D4644B12046FFF77DFF3E
:10F5D000A84211D8236813B9E379A37170BD2046FE
:10F5E0003360DCF7A7FA3468F4E7ED1A23682046A5
:10F5F0003360DCF79FFA3468002DEFD0A279E3790D
:10F600009B1ADBB2AB42F0D92A44A271E6E7F8B507
:10F61000066805460C4646B13046FFF756FFA04245
:10F620001DD8336813B9F379B371F8BD30462B6038
:10F63000DCF780FA2E68F4E7064638460768002FA4
:10F64000FAD1C2798379D31ADBB2A34202D9121B51
:10F65000C271EAE7E41ADCF76DFA3EB13760002CBC
:10F66000E3D028680028E0D00026E7E72E60F6E720
:10F67000F8B504460F46BC4200D1F8BDA179E57942
:10F680006D1AEDB2C5F14506B6B20EB92468F2E7BF
:10F6900049B10C312A46214404F10C00FFF76DFA00
:10F6A0000023E571A3712368BB42EFD05A79D207DA
:10F6B000ECD49979DD79A0796D1AEDB2B54228BF05
:10F6C0003546E2790C3010440C312A461944204466
:10F6D000FFF778FAE379206853FA85F3E3718379C9
:10F6E000761B53FA85F5C379EDB2AB42B6B285719C
:10F6F00003D103682360DCF71DFA002ED3D1C5E7E0
:10F7000038B50C46016809B9046038BD0D46096872
:10F710000029FBD1236823B12046FFF7A9FF2C6005
:10F72000F3E721462846FFF7AFFE0028EDD1F6E7C4
:10F7300048B100230279436003608360437902711A
:10F7400043F004034371704700221146DCF772BA9C
:10F7500038B504460D46FFF773FE98B984B1207999
:10F76000FFF7F2FF58B163794279C3F3400363F3C3
:10F77000410245235D1B04604271C371857138BD30
:10F780000120EDE72046FAE738B5036804460D4648
:10F790009BB11879FFF7D8FF88B1236842790360DD
:10F7A0005B79C3F3400363F3410245235D1B427160
:10F7B000C37185712060002038BD0120EAE719205F
:10F7C000FAE738B50C46054640B3006830B309B9CE
:10F7D000002038BD4AB9C9B2FFF732FE0028F7D180
:10F7E0002B689A799871A41A06E0452918D8C9B2ED
:10F7F000FFF726FE0028EBD1442C07D8002CE7D0D9
:10F800002846E1B2BDE83840FFF7BEBF4521284693
:10F81000FFF7BAFF0028DCD1453CEDE72220D8E70E
:10F820002120D6E72DE9F84390F8078090F806905C
:10F830000446A8EB0907FFB2B9420D4602D30020E7
:10F84000BDE8F8830079FFF77FFF06460028F6D071
:10F85000A17980790C317F1B29440C30BAB2214444
:10F860003044FFF7AFF9F37901203B44F371E379BA
:10F8700099444D442368A5EB0805E5713360266083
:10F88000DEE7F8B5076806460D463C46002305B19D
:10F890002CB90BB100221A6034603846F8BDE37908
:10F8A000A2799B1ADBB2AB4207D8E379A2799B1A03
:10F8B000DBB2ED1A23462468E9E72046E9B2FFF7F8
:10F8C000B1FF0028F1D10746E7E75318452B02DCCA
:10F8D000C9B2DCF7AFB900207047F7B5002605467E
:10F8E0000F4601960DB9019C09E0002238461146E9
:10F8F000DCF7A0F9044628B901A8FFF75AFD204615
:10F9000003B0F0BDAB798371EA79C271687961792E
:10F91000D21A60F30001617169796079C1F3400125
:10F9200061F34100607103F10C002918D2B2204448
:10F93000FFF748F9019B03B9019406B134602646EC
:10F940002D68CFE72DE9F74F0C46904681460028F9
:10F9500054D0002C55D0E279A579521BD2B29A42EC
:10F9600004D90C351D444646254440E024689B1AC2
:10F97000EFE7E77999F807000C3727447F1BB74278
:10F980003B4628BF3346C0F1450B5FFA8BFB5B4516
:10F990009A4628BFDA460C3052462946484401931D
:10F9A000FFF710F999F8072057455244019B89F851
:10F9B00007205544A6EB0A0605D05B450CD2002E65
:10F9C000D7D1002618E02468ECB1E279A579AA42E3
:10F9D000F9D00C352544F0E7002EF2D0002299F83A
:10F9E00004001146DCF726F9C9F800008146002E14
:10F9F000E7D0B9F1000FBCD1A8EB060003B0BDE819
:10FA0000F08F2046FAE7002EF6D1DAE72DE9F84329
:10FA10000D461446064610B319B3DAB103469946AB
:10FA20001B68002BFBD12746C8463A46294640466C
:10FA3000FFF79BFCC145A7EB0007054418BFC9F8B9
:10FA4000008037B10022B1793079DCF7F3F8C14694
:10FA500018B9E41B2046BDE8F8838046E5E7044674
:10FA6000F8E70C46F6E737B51546C9B200221C4642
:10FA7000DCF7E0F8019040B122462946FFF7C6FFC7
:10FA8000844202D901A8FFF794FC019803B030BD6D
:10FA9000DCF776BA4843DCF773BAFDF773B8212870
:10FAA00002D10846DCF78CBADCF7DCBA512802D167
:10FAB0000846DCF785BADCF7D5BA4FF0FF3070475F
:10FAC0000020704770477047002070470020704743
:10FAD000002070474FF0FF30704711207047002022
:10FAE00070470120704700207047002070470020B9
:10FAF00070470020704770477047704708B5DCF7C3
:10FB000063FFBDE808403120E7F7A4B938B500F13C
:10FB10002C050446284604F056F950B194F82030DC
:10FB200013F0180F05D02846BDE83840002104F036
:10FB30005BB9A06A38BD38B504462C3004F043F9EF
:10FB400094F8213001288CBF43F0080303F0F70339
:10FB500084F821302046FFF7D9FF054604F099FAD2
:10FB600094F82030228CC3F38001C3F340039B0040
:10FB700043EAC10394F8211042F40052C1F3C001DA
:10FB800043EA0113017842F0080201F023010B431C
:10FB90000370437803B122842846BDE8384004F05E
:10FBA0007DBA2DE9F04790F823300646012B0D462B
:10FBB00002D90020BDE8F08790F8203003F001035F
:10FBC00069B983B996F8213013F00C0F4AD196F831
:10FBD0002030DA0742D56B1E58425841EAE7012926
:10FBE00001D1002BEED13046347EFFF78FFF04F0B9
:10FBF00050FA0778417817F020070CBF0231033123
:10FC0000204618BFA02704F006F996F82130814657
:10FC1000590754BF022196F8241004F1FF3348BF5E
:10FC20000231012B9CBF013189B2204694BF4FF0B5
:10FC3000A0084FF0000804F0EEF88246F468DCF704
:10FC400055FFA4F59673A3EB0903DB1BA3EB0A0393
:10FC5000A3EB08031B1A002BABDDB3E7B5FA85F065
:10FC60004009A7E70120A5E75328F8B50C4615D0B1
:10FC700009D8232800F0EA80512800F0C880BDE8A8
:10FC8000F840FFF73BBF5628F9D191F82030DA074A
:10FC90005CBF23F0100381F82030F0E7DCF732FD81
:10FCA000054600220221E6F7F1FCAB680646D807BC
:10FCB00035D494F82330013384F8233094F8263077
:10FCC000013384F82630002601212046FFF769FF22
:10FCD0000746C0B194F82030D80740F1818094F8ED
:10FCE000213059077CD404F12C0004F06CF8012871
:10FCF00094BF00230123580094F82210DCF72CFC59
:10FD00002046FFF718FF2846DCF73AFD032E69D19D
:10FD1000284604F0F1F82B7B84F8273064E00023B8
:10FD200094F8212084F8233042F0100384F8213025
:10FD3000317894F82030C1F38001C3F38000814210
:10FD400018D083F0040343F0100184F8201042F02F
:10FD50005002090784F821200CD523F0080343F052
:10FD6000100304F12C0084F8203004F044F8332010
:10FD7000E7F770F8327894F82030C2F3C001C3F38B
:10FD80004003994228D194F82130D2064CBF43F069
:10FD9000040303F0FB0384F821307378B3B994F8BB
:10FDA000203083F0020384F82030327897078AD01D
:10FDB00072789AB143F0200384F8203094F821300F
:10FDC000032643F0200384F821307DE72846DCF742
:10FDD0007BFB0028E3D176E7012675E7022673E76F
:10FDE000022089E7002E96D194F82130DA070AD450
:10FDF00094F8202043F00103D60748BF6A6884F8CE
:10FE0000213048BF2260002F3FF439AFF8BD91F890
:10FE10002030084623F0300381F8203091F821305B
:10FE200043F0020381F82130FFF770FE04F031F94E
:10FE300000212046FFF7B5FE00283FF420AF94F8DC
:10FE400022100120BDE8F840DCF79CBB91F820307F
:10FE5000DD06DBD518070BD46568DCF747FE2D1AE5
:10FE6000B5F57A7FD2DB2046BDE8F840FFF763BEE8
:10FE700091F821301907EFD504F12C0003F0A3FF0E
:10FE80000128E9D9C2E7E7F7CBBA0A2802D801303E
:10FE9000C0B27047242801D80230F9E7252805D0E0
:10FEA000262805D0272818BFFF207047002070475C
:10FEB0000C20704708B5E7F7B9FA20B1BDE8084053
:10FEC0002020DDF705B808BD7047704770477047C0
:10FED0008B69184700207047704770474FF000004B
:10FEE000704700207047704770470020704700201F
:10FEF00070470020704700207047002070470020A6
:10FF000070474FF0FF3070477047704700207047D0
:10FF100070470020704770477047704770477047C0
:10FF2000704770477047F0F7CFBAF0F7D5BAF0F7DF
:10FF3000EDBAD5F77BBEDCF715BADCF745BA7047EA
:10FF400008B5DCF775FA18B1BDE80840DCF7CCBF9E
:10FF500008BD2DE9F8430E6A05460C461EB1066041
:10FF60000020BDE8F883088B4B8B1844DCF7C4F9FC
:10FF7000286090B32046DCF703FCD5F800800A2106
:10FF800098F806704046FFF7E4F90C37A37B08EBBE
:10FF9000070989F80730637B314689F80630628BA0
:10FFA000238B20461344A9F80830237B4FF6FF72B9
:10FFB00089F80530636848F807302B68DCF712FCD5
:10FFC000238B628B1344984201D12660C8E72B68CB
:10FFD0001BB12846FFF7EDF92E601920C1E7104646
:10FFE0001946704737B50C4605460DF1060101A8C4
:10FFF000DDF722F843F6FF739C420DD047F6FF73FE
:020000040803EF
:100000009C4209D0BDF904309C42B8BF1C46BDF9E2
:1000100006309C42A8BF1C46AC8103B030BD70477F
:1000200070470020704700207047704711207047CC
:1000300000207047704770470020704770470020CD
:1000400070470846896BE4F791BE0020704710B5F1
:10005000044609B1012010BD406C80B9A06C98B96C
:10006000B4F850309B07F5D12046E4F707FCFFF7C2
:1000700042FF0028EFD0C079C0F34010EBE7FFF754
:10008000D2FF0028EAD0E5E7FFF7DFFF0028E7D03E
:10009000E0E710B50446FFF7DAFF002814BF182088
:1000A0000020B4F85030990658BF40F001005A06BD
:1000B00048BF40F040005B0748BF40F0020010BD61
:1000C00038B50C4600210546FFF7C1FFD0B9E00660
:1000D00015D504F0180095F87430012B11D12B6A56
:1000E000B5F85020190444BF02F04001084312F053
:1000F000230F06D15B0448BF40F0010001E004F08B
:100100005B0038BD1820E6E7704700207047704755
:100110000020704700207047704770472DE9F04776
:1001200005460F46114691469A46FFF7B2FF95F8ED
:1001300084608046042E04D195F88E30032B18BFBE
:10014000032695F87440042C04D195F86930032BEC
:1001500018BF032441462846FFF7B2FF0021DDF710
:1001600077FCC11C204604F0B4F84FF4FA737C1EEF
:100170005C43A5F8520018F0100F80B207FB004452
:100180000BD0B5F8503004F5487703F00303012B8A
:1001900006D0022B1BD083B13C462046BDE8F08739
:1001A0002421304604F095F810210546304604F02D
:1001B00090F804F58A672F4407444846FFF785F90D
:1001C00031460246404600F07AF93C18E5E70E2138
:1001D000304604F07EF805465046FFF776F9314682
:1001E0000246404600F06BF904F58A642C4404444E
:1001F000D3E7032810B50C460DD004D8012810D041
:10020000022813D010BD552818D05628FAD10B7DDE
:1002100023F008030B752046BDE810400021DDF7F0
:100220005FB80846BDE81040DDF776BAE4F7E4F9B8
:100230008442E7D1BDE81040DCF7C6BB0846BDE804
:100240001040DDF747BA51280B4603D1012118466B
:10025000DDF746B8FFF7CDBF512802D10846DDF7DC
:1002600039BAFFF7C6BF532810B50C4617D008D8C7
:10027000322814D051280CD02146BDE81040FFF799
:10028000B8BF5528F8D12046BDE810400121DDF760
:1002900027B80120BDE81040497DDCF773B920463E
:1002A000DDF7A4FA10B1DCF78FFBECE710BD70B5F9
:1002B00004460BF033FD002106462046E4F710FC0F
:1002C000054628B9002430460BF023FD204670BDBA
:1002D000406C30B9A86C0028F4D0FFF7B6FE044695
:1002E000F1E7FFF7A0FE04460028ECD1F2E708B5DD
:1002F00001F06BF9BDE808404FF480500021E6F7AB
:10030000C9BE83790C33C218937813F03F0004D030
:10031000D378194214BF01200020704773B54FF401
:1003200040758DF807108179C580002507260C31AE
:100330004552455C441866F30305455402F001013B
:100340009207A27848BF41F0020161F38712A270C0
:100350009DF8072002B92BB101220DF10701FFF72B
:1003600004F80123A27863F30502A27002B070BD05
:1003700070B50D4602210446FFF7C3FF00B3A07914
:1003800000F10C02A35CA1186FF3C713A354E37927
:10039000D5F862601B1AD8B20E5051FA83F3B5F843
:1003A0006610204699802B6A062113F00C0F1EBFA1
:1003B000A35C43F08003A354BDE87040FEF7C9BFBF
:1003C00070BD38B50D4604210446FFF79AFF30B1E1
:1003D0002046A91D0122BDE83840FEF7C6BF38BD42
:1003E000F7B504460F4616461D460DF107010133C9
:1003F00001228DF80730FFF709FB0DF107010122FB
:1004000020468DF80770FFF701FB2A46314620464B
:1004100003B0BDE8F040FFF7F9BA37B50D46042147
:100420000446FFF76EFF78B140F2FF23ADF80030CD
:1004300000238DF80230AB886A46ADF80330FF2107
:1004400005232046FFF7CCFF03B030BD38B50D467D
:1004500008210446FFF755FF38B1204605F18C010D
:100460000222BDE83840FEF780BF38BD2021FFF7EB
:1004700048BF37B50C4640210546FFF742FF50B153
:100480000A2394FBF3F4012228460DF107018DF8AD
:100490000740FEF76AFF03B030BD10B58479C37919
:1004A00004F10C021B1B02390244D8B251FA83F347
:1004B00053709378033860F30503937010BD70B5E3
:1004C00005460E4600F06B0000211446DDF7C0FA29
:1004D00054FA80F4FF2C05D821463046BDE8704020
:1004E00003F0F7BEFF21304603F0F3FE05F04005B0
:1004F000FC3D00F5487061190446FF2904EB000338
:1005000004D8304603F0E5FE204470BD1C46294463
:10051000F3E708B50231C0B203F0DBFE00F5FA7074
:1005200008BDF0B50546DDE905460020E07112F092
:10053000100001D1A071F0BD0122A2718A7850098A
:10054000C540ED0725D54D7802F01F0245EA02258A
:100550000A7891F9001025270029B4BF4FF496714D
:100560001E21694302F03F05B5FBF7FCB1F5FA7FA8
:100570000B442CBF0121022107FB1C5501302571C2
:100580006071E171236026B112F0400318BF0523AA
:1005900033700320CFE737B50246136A084603F0ED
:1005A000020403F48055DB0705D47CB903F0FAFCA0
:1005B000204603B030BD4CB9B5FA85F4D2F85B10D3
:1005C00064090160B2F85F208280F1E7019092F93E
:1005D0005A30B5FA85F4009300231A461946184696
:1005E000FFF77BFA6409E3E770B50E460121044684
:1005F000FFF787FEA0B1A279E37902F10C059B1AFF
:10060000611951FA83F13046FFF7C5FF635D06219A
:1006100060F3861363552046BDE87040FEF799BE2F
:1006200070BD2DE9F04F064685B015469DF838207F
:100630008B4603929A469DF83C40FFF779F80321D8
:1006400096F80680039A08F10C0806EB080707F1F4
:100650000309F970381D82B9BCB903F0A3FC07F196
:100660000A03BBF1000F15D1ADB9DAF80020C7F8C5
:100670000A20BAF804209A801AE034B9109B33B1EA
:100680001B687B60109B9B8883800124E7E703F055
:1006900099FCFAE775B30393FFF70FFA039B002168
:1006A000CDE90003012308461A46FFF716FA012593
:1006B00007F11001A1EB090101F03F021146531CA3
:1006C0007B7016F80830A40103F00F0344EAC51448
:1006D0001C4306F808403046BA700331FEF739FE75
:1006E000082216F8083062F3030306F8083005B054
:1006F000BDE8F08F0125B8E7CB08C25C012301F00B
:1007000007018B401A4214BF012000207047704738
:100710007047024619460020DCF73CBD00207047B8
:100720000020704707B500214FF0FF336A460846A6
:1007300000938DF80430DDF7F7F903B05DF804FBA2
:1007400038B50546006809F0A5FF0446287900F091
:100750001F0009F09FFF2044C0B2012894BF002071
:10076000012038BD30B5826A90F8E85192F83D40DA
:100770004B1BDBB29C4212D845B11B1B92F83C408C
:10078000DBB29C4202D992F8370007E090F8DF31E3
:100790008B42F8D192F83800FF28F4D030BD002009
:1007A000FCE738B50D46044690F8390000F09FFC90
:1007B000012D08D0022D0CD0CDB994F82030BC33D7
:1007C000E27F981838BD94F82030313003EB4003B5
:1007D000F6E7E28A94F82230134494F8252002FBCD
:1007E00003335A1D94F8213003EB4203E8E700205D
:1007F000E8E770B590F837100446FFF7D2FF0546DA
:1008000000212046FFF7CDFF94F83C6094F83810A3
:100810006E4394F83D30FF2900FB03660BD094F83B
:100820003A3020465D43FFF7BCFF94F83A30054468
:100830000133B5FBF3F594F83320616894F83D304B
:1008400013448A1BB2FBF5F2B3FBF2F002FB103348
:10085000484305FB0300304470BD0023F0B5044657
:10086000406A85B0421C0F46CDE90133039325D081
:1008700002F026FE064694F8DC51002D36D1606A5F
:10088000431C1DD1002F3BD0DCF730F900F57A7006
:10089000A36AC4F8400393F83F30606083BB04F55B
:1008A0004F773946204601F022FC2B463946204638
:1008B000B27A05B0BDE8F040E0F700BD01AEDAE77E
:1008C00003F038FAA26AB4F8D431D57F1268014631
:1008D000154440F271221B1A30681BB24343606A10
:1008E00002FB035503F033FA2844D1E747B1A36A6A
:1008F0005D8B40F271235D43D4F84033E818C7E7BD
:1009000005B0F0BD10B50446E3F776FE844205D18C
:10091000DCF75AF8BDE81040E6F7C0BE10BD203045
:1009200050E8003F0B4340E80032002AF8D14FF472
:100930008010EEF7BBBE10B590F8DE310446FF2BF9
:100940000AD0342203F0070302FB03030022012133
:1009500083F83520FFF7E3FF342094F8DE31A16AF5
:100960005A1C023303F0070303FB000084F8DE2166
:1009700020440122BDE81040E6F712BED0E90A0388
:100980001B68C01AC0F3871070472DE9F0411F465D
:1009900006460D461446DDF78DFC002380F8B33083
:1009A00015B9012380F8B2302246041D234602F116
:1009B000180EA446106851680832ACE8030072456E
:1009C0006446F6D11278294638468CF80020324623
:1009D000BDE8F04100F08CBFF8B50021044690F866
:1009E0003D7090F83C60FFF7DCFE94F83710054648
:1009F0002046FFF7D6FE0136704305FB0700F8BD21
:100A000008B5DDF757FCBDE8084028211D30E2F7A6
:100A100055B810B5044603F0BDF970B1204602F098
:100A20009EFCC3070BD42046DDF71CF9002806DC2A
:100A30002046BDE81040E1F7DFBE2F2010BD0C209E
:100A4000FCE72DE9F0418AB080460F46DDF732FC25
:100A500000236D46A0F85C3000F11D0401232246FE
:100A6000AC4680F8B13000F145032E46206861683D
:100A7000083403C69C423546F7D161461046DEF77E
:100A800073FE42460021384600F08EFF0AB0BDE8F2
:100A9000F08170B50E461C461546DDF70BFC31465D
:100AA000DDF7FEF8012380F83E309DF8103080F825
:100AB0003D5080F83B309DF8143080F83A4080F883
:100AC0003C309DF8183080F837309DF81C3080F8A5
:100AD00038309DF8203080F839309DF8243080F887
:100AE0003F30002070BD10B50C46DDF7E3FB21461A
:100AF000DDF7D6F890F83E200346012A06BF002015
:100B000083F83E00122010BD2DE9F34115468046C2
:100B10000F461E46DDF7CEFB8DB9046804EB861444
:100B200094F83E30002B08BF002433464246294645
:100B30003846009400F056FF02B0BDE8F081002472
:100B4000F3E7F8B514460F461E46DDF7B3FB002267
:100B50001546D310E35C02F007010B41DB0702F1FD
:100B6000010248BF0135502AF3D10E2D1ADD394656
:100B7000DDF796F8236883626368C362238980F88F
:100B8000326003869DF8183080F8335080F8343096
:100B90009DF81C3080F835309DF8203080F83630D4
:100BA0000020F8BD1220FCE710B50C46DDF782FBF3
:100BB0002368C0F85E306368C0F862302389A0F80B
:100BC0006630002010BDF8B50F461D461646044697
:100BD000DDF770FB3946DDF763F89DF81830013416
:100BE00080F82130BDF81C30C677C38208BF9DF85D
:100BF000203080F8205008BF80F822300020F8BD57
:100C000070B505466B1C0E46104609D1DCF7E4FAB8
:100C1000044631462846DDF79DFBA0F8444370BDED
:100C200001210020DCF7B6FAF2E770B51C46431C40
:100C30000E46154608D0DDF73DFB3146DDF730F8AE
:100C4000012D0CBF4477847770BD38B50D4614462E
:100C5000DDF730FB2946DDF723F8012C0CBF90F9B6
:100C60001D0090F91E0038BDF8B50646DDF772FB91
:100C70000F460446A0B9FF21DDF76CFB054688B19D
:100C800021464FF45372FDF792FF30466E62DDF756
:100C900011FB3946E862DDF703F8A8622046F8BD8B
:100CA0002320FCE70720FAE710B50446DDF752FBE6
:100CB000A8B10122836A83F83E200023C0E90933EA
:100CC000C3623030FEF775FB631C08D02046DCF7AA
:100CD000C9FF20B94FF48021204602F04CFB10BD23
:100CE00038B514461D46DDF735FB836A83F83E5060
:100CF000A0F8D641A0F8D44138BD2DE9F041054611
:100D00009046DDF727FB6B1C0E4604469DF81870D5
:100D100014D128B1836A83F83E700020BDE8F081C9
:100D20002846FFF7A1FF31462846DDF713FB836A0B
:100D3000042183F83E70FFF7F2FDEEE7002850D063
:100D4000826A002A4BD0FFF719FE884249D1106908
:100D500001280CD9B4F8D81108F101035B1AE16A33
:100D60000344B1F85C105B1A9BB2984239D3A4F8E3
:100D7000DA8182F83E7094F8DE31013BDBB2FD2B64
:100D800007D9E3F739FC84420FD004212046FFF74E
:100D9000C6FD072FC1D1B4F8D831012B19D8E36AA9
:100DA000B3F85C30A4F8DA31B7E7D4E90132C2F322
:100DB000845101EB810102EB8102DC3B92B2A3EB97
:100DC0000208DBF793FEA8EB0008B8F1000FDCDCAB
:100DD000DFE7282231462846E1F77CFD9DE71F200A
:100DE0009CE70C209AE770B50C460646DDF762FAE0
:100DF00021460546DCF754FF0446017F304602F0E9
:100E0000B0FF94F91E3003EB830300EB430095F928
:100E1000C63000B203EB83035B009842A8BF1846BC
:100E200070BD70B504460E4600297DD1342290F87D
:100E3000DE3103F0070302FB030393F83530042B84
:100E400002D10022154626E090F8DD31826A013396
:100E500080F8DD3190F8DC310133DBB280F8DC3131
:100E600092F8231099425DD1456A80F8DC61013522
:100E700018BF0125B0F8D431128B1344A0F8D43137
:100E800001212046FFF7E9FC6368D4F8E0219B1AB2
:100E9000002BD6DA0022334629462046DEF77CFABC
:100EA00002212046FFF73BFD2046FFF72BFD012DD9
:100EB00056D00023E06AA4F8DC3184F8E831B0F8B9
:100EC0005C300133A0F85C30A36A1B6923B1B4F82D
:100ED000D831013BA4F8D8311D3000F06DF9A26A79
:100EE000B4F8D611D3680B449BB2A4F8D631A4F859
:100EF000D43192F83E30052B18D9E36AB4F8DA21E0
:100F0000B3F85C30013B9A4210D10023A4F8D831E9
:100F10002046002101F046FE2046BDE87040042135
:100F2000FFF7FDBC0125ABE70F228BE7B4F8D83102
:100F3000002BEDD02046DDF745FD627DB6B10AB14C
:100F4000013A627501212046FFF787FC40F27121CA
:100F5000A36A9A68D4F8403301FB0233C4F8E03145
:100F60002046BDE87040012101F02DBE092A01D8BC
:100F70000132E6E70A236375E4E7012910B50C4660
:100F80000DD80AB981F00104DDF794F9012390F836
:100F9000C520A3401A4214BF0120002010BD00202C
:100FA000FCE710B50C46DDF785F980F8C64010BDAA
:100FB00010B50C46DDF77EF92146DCF771FE10B165
:100FC00090F83E0010BD0220FCE7342301F0070139
:100FD00001FB03331844704738B50C46DDF76AF956
:100FE000A4F1FE035A42A4F1FD015A414D424D4184
:100FF000002D4FEA421318BF012290F8C71043F0AA
:10100000010343EA851321F07F010B4362F345138B
:10101000042C80F8C7309EBFDBB264F3040380F871
:10102000C73038BD431E0E2B10B5044601D91E2013
:1010300010BDE6F7A5FB0022134624FA02F1C9070A
:1010400048BF013302F1010248BFDBB2042AF4D1E8
:101050008342ECD80020EBE7F8B50E46054617466C
:10106000DDF728F93146DCF71BFE044690F83E30E8
:1010700057B9052B1AD1062380F83E301622284690
:10108000BDE8F840E1F726BC83B1052B01D10C2067
:10109000F8BD90F82600FFF7C5FF0028F7D12246DB
:1010A00031462846BDE8F84001F036BA1220EFE795
:1010B00008B5E6F7B3F8C1F3C03008BD10B5044673
:1010C000DDF7F8F890F8B23013B1C37B1B0704D4F6
:1010D0002046BDE81040E1F7C3BB112010BD08B5A4
:1010E0000020DDF7CDFF003818BF012008BD08B58E
:1010F000DEF728F8C00000F0F80008BD38B5144647
:1011000005460A46AA21FDF752FD21462846DDF78D
:10111000E9FFA11CBDE83840DDF7E4BF02680B68B9
:1011200053400B6042684B6853404B6082688B6849
:1011300053408B60C268CB685340CB607047F8B5B2
:101140000C4606461746002110222046FDF72FFDCB
:1011500006F1400528462146FFF7E0FF3A462046C3
:10116000E6F748FCB542A5F11005F3D1F8BD002320
:10117000FF2100F11E0280F8213080F8221080F853
:10118000233003309042F6D1704738B504460D46FF
:1011900010220021FDF70BFD0E22002104F11000AA
:1011A000FDF705FD2B0AA3772046E577FFF7DFFF64
:1011B000012384F8203038BDF0B589B06B46044671
:1011C00005461E4600F110071A462868696808356A
:1011D00003C2BD421346F7D1204604AB09220021C9
:1011E000DEF79CFA9DF8103032462146013304A800
:1011F0008DF81030E6F7FEFB9DF8103032460133D3
:10120000294604A88DF81030E6F7F4FB2046FFF7D6
:10121000AEFF09B0F0BD38B50C46991A013115463C
:1012200002232246C9B2DEF70DFC2C44204480B2D2
:1012300038BD07B50B4611460222C9B200920322FF
:10124000DEF7FEFA03B05DF804FB2DE9F04F074628
:101250000D46924698460E464FF07F0987B08C1C8B
:1012600001F10A0BBAF1010F04F8029C84F8009016
:1012700010D05FFA88F30393BAF1020F04F1040966
:1012800045D0D9454C4611D07F2309F8023C89F856
:101290000030F1E706231D2138465FFA88F2DEF7B9
:1012A000D1FB043404F8060C5C45DBD108353378F7
:1012B0005C2B11D800238DF81730012307220093EF
:1012C00038460DF117035FFA88F1DEF7B9FA9DF899
:1012D000173003F001037370B3785C2B11D800232F
:1012E0008DF8173001230722009338460DF11703BC
:1012F0005FFA88F1DEF7A4FA9DF8173003F00103D6
:10130000F3700436AE42D2D107B0BDE8F08F0623A9
:101310004021039A3846DEF795FB062304F8020CB9
:101320004B213846039ADEF78DFB4330C0B25C2870
:1013300098BF2070A5E713B51C46D200D2B20B4669
:101340000092E1B20822DEF77BFA02B010BD41F054
:10135000004141F4E0210160704708B502F087F8D0
:1013600008BD00207047002070477047704711206B
:1013700070477047704708B502F0CAF808BD0020F2
:101380007047704711207047002070470020704759
:101390007047002070470020704710B5DC1D0433F3
:1013A00083734379C47123F0030343F003030E24D2
:1013B0004371012344738371C3730182827410BD2E
:1013C000D31CC371FF2343734379827323F0030358
:1013D00043F0030343710123C17383717047D31C2E
:1013E000C3713E2343734379827323F0030343F0B5
:1013F000030343710123C173837170470F23437348
:10140000042383734379A0F8111023F0030343F0FE
:101410000303437140F20173C3800123C273037459
:101420007047D31CC3714379417323F0030343F026
:1014300003034371012382738371704708B500234E
:10144000FFF7ABFFBDE80840DFF7F0B92DE9F8433F
:1014500080460220894617461E46FEF775F9D0B130
:101460000C2343730823837340F601334579C3800B
:1014700025F003059DF8203045F003054571A0F8DF
:10148000108080F81290A0F81370A0F81560C37354
:10149000DFF7CCF90120BDE8F88308B50220FEF79C
:1014A00053F930B101221121FFF799FFDFF7BEF99F
:1014B000012008BDF8B504460F46164613211D4607
:1014C0000922FFF78CFF83790C331C44A170E7706D
:1014D00026712B68C4F80530AB88A4F80930BDE844
:1014E000F840DFF7A3B970B5054602200E46FEF7B7
:1014F0002BF90446B0B12846E3F76AFF01F02FFF4D
:10150000142100F001000422A0602046FFF767FFCD
:10151000A3790C3323449970A3F803505E71DFF76D
:1015200085F9012070BD08B508F0B3F908BD2DE9B3
:10153000F041074602200D4690461E46FEF704F98C
:101540000446E0B109222121FFF749FF0A228379ED
:101550000C331C44BDF9183084F8038093FBF2F37C
:1015600023729DF81C30A7806372BDF92030A671EC
:1015700093FBF2F3E571A372DFF758F90120BDE8A0
:10158000F08137B50446FDF7A0FFFF22A379C0B272
:101590000C33E518E254831E6B700D23AB70AB79EE
:1015A0001C38012BE8768DF8073009D10023E91D9E
:1015B0001A460DF10700FEF785FA9DF80730AB716A
:1015C0002046DFF733F903B030BD704710B5DFF7C1
:1015D00067F9837900210C33C418E078E3F780FAC7
:1015E00068B1211D01F0DDFC0446DFF75FF9E2B2CE
:1015F0000023BDE8104042F23501FFF7CEBE41F2B4
:101600004204F2E72DE9F041DFF74AF9837900253A
:101610000C33C418E678DFF743F90768DFF740F9C1
:10162000A6F1FE035942594105603046E3F758FAE6
:101630003B462946227901F007FC0446DFF736F9DC
:101640002B46E2B242F23701BDE8F041FFF7A5BEFA
:101650002DE9F041DFF724F9837900250C33C41814
:10166000E678DFF71DF90768DFF71AF9A6F1FE0340
:101670005942594105603046E3F732FA3B46227938
:10168000012101F0E1FB0446DFF710F92B46E2B23D
:1016900042F23801BDE8F041FFF77FBE2DE9F04787
:1016A000DFF7FEF883790C33C418277994F80380A8
:1016B00027B9B8F1010F27D0E3F7B4F900260534B4
:1016C000BE420ADB0025DFF7F1F8EAB20023BDE8ED
:1016D000F04742F23901FFF760BE2078B4F80150BC
:1016E000A0F1FE035942594194F803900434E3F702
:1016F000F7F960B12A464B464146E3F7CBF8054679
:101700000028E0D10136DBE741F21205DBE741F2C8
:101710004205D8E710B5DFF7C3F8837900210C3311
:10172000C418E078E3F7DCF9616801F053FC044683
:10173000DFF7BCF8E2B20023BDE810404FF61941D4
:10174000FFF72BBE10B5DFF7ABF8837900210C3320
:10175000C418E078E3F7C4F9616801F054FC04466A
:10176000DFF7A4F8E2B20023BDE810404FF61A41BB
:10177000FFF713BEFE282DE9F8430646894690463A
:101780001F4616D00220FDF7DFFF044690B1062267
:101790001221FFF724FE1223A57920460C3525449B
:1017A000AB7085F803902E71A5F80580EF71DFF717
:1017B0003DF80120BDE8F883C37AC3F38000190720
:1017C00048BF40F00200DA0648BF40F004009B0624
:1017D00048BF40F0080070477047F8B51E464B1CE4
:1017E00004461746084617D0E3F706FE85B22046A2
:1017F00010223121FFF7F3FDA3790C33E018BDF877
:101800001830A0F8035003819DF81C304771037411
:101810000023C6804374F8BD40F6FF75E7E7F8B5CE
:101820001D464B1C04461646084618D0E3F7E4FD57
:1018300087B2204609223221FFF7D1FD0821204638
:10184000FDF7FEFD0023A1790831C9B2A1710C3169
:101850000C44A4F8037066716572A372F8BD40F67B
:10186000FF77E6E7F7B515461E469DF82070019014
:10187000FEF7CCF8C4B246B13A4631460198FEF7BD
:10188000C5F83D442044C4B2EDB2AC4206D201A832
:101890002146FDF7BCFE072003B0F0BD019B9A79FD
:1018A0000C3213445A7814449A785C70312A04D16B
:1018B0005A7C01325A740020EEE79A7A01329A7209
:1018C000F9E7F0B484799DF810500C340444A778FB
:1018D0009DF91460312F01BF61816273A373E573B9
:1018E0000FBF2673A271E3712572F0BCDEF79EBFB5
:1018F0002DE9F0410F4690461D46064628B90220C4
:10190000FDF722FF064600284CD020222C2130462D
:10191000FFF765FD4046B479E3F76EFD0C343444BF
:10192000E770A0802B7B2846A371B5F80D30A4F892
:101930000730AB7AC3F303036372AB7AC3F30313C9
:10194000A372EB7AC3F30103E3722B7823736B78F2
:101950006373AB78A373EB78E3732B7923746B7A9F
:101960006375FFF729FFE0822B8A304623836B8A59
:101970006383AB8AA383EB8AE383EB7B84F8203019
:101980002B7EC3F3460384F82130B5F80730A4F862
:101990001330B5F80530A4F81130DEF747FF00200A
:1019A000BDE8F0810720FBE7F8B50E461746044670
:1019B00020B90220FDF7C8FE044688B104222E217A
:1019C0002046FFF70CFD3846A579E3F715FD0C35E9
:1019D0002544A880EE702046DEF728FF0020F8BDE1
:1019E0000720FCE72DE9F843089D0F4691469846ED
:1019F000064628B90220FDF7A7FE064600285ED05D
:101A000022222F213046FFF7EAFC4846B479E3F75B
:101A1000F3FC0C343444A08084F80680E770002D79
:101A200047D0012295F83F30E27195F8371083F0E6
:101A30000103217295F83810617295F83A10A1727D
:101A400095F83B10E17295F83C10217395F83D1024
:101A5000A373617395F839302274E373AB6AC4F8E9
:101A60001130EB6AC4F815302B8EA4F8193095F8B4
:101A70003230E37695F83430237795F83530637754
:101A800095F83630A3770023E37795F8203084F873
:101A9000203095F8213084F82130EB7F84F8223013
:101AA000EB8A84F823303046DEF7C0FE0020BDE824
:101AB000F8831D222946E01DFDF779F8F3E707209A
:101AC000F5E72DE9F843DDF824900D4617461E464C
:101AD000804628B90220FDF737FE804600285AD0FC
:101AE000162230214046FFF77AFC98F80640384627
:101AF000E3F782FC0C349DF820304444E37100236A
:101B0000A0802372A671E57004F10A03B9F1000FF9
:101B100027D00A210A9AB2F9002092FBF1F26272F0
:101B200099F824202272B9F80420628199F80620DD
:101B30009A7099F823306373B9F81A30E381B9F8D1
:101B400018302382D9F80C306382D9F81030A38280
:101B5000B9F808304046E382DEF768FE0020BDE8B1
:101B6000F883A4F80A9083F802904B4684F80D900D
:101B700084F80E9084F80F9084F8109084F81190F7
:101B800084F8129084F8139084F8149084F81590D7
:101B900084F80990DEE70720E1E7F0B50446174630
:101BA00093B000230E46482201466846FDF7F0FB3D
:101BB0002046FDF7FEFB04222D212046FFF70FFCF7
:101BC0003846A579E3F718FC0C3525446B78482294
:101BD00048336946A8806B702046EE70FDF716FF0B
:101BE0002046DEF723FE002013B0F0BD10B5022022
:101BF000FDF7AAFD044660B102223321FFF7EFFB97
:101C00000022A37920462344DA73BDE81040DEF7B2
:101C10000DBE10BD10B50446FFF74AFA60B120882A
:101C2000E3F7D6FB044648B102F0B4F840B12046D1
:101C3000BDE8104000F042BC0C2010BD0220FCE7C3
:101C40002F20FAE710B588B00446FFF731FA0028D4
:101C50006BD02088E3F7BCFB002864D0237AA179FD
:101C60008DF80430637A01F00F018DF80530A37A06
:101C70008DF80630E37A8DF80730237B8DF8083035
:101C8000B4F80D30ADF80930B4F80F30ADF80B30C2
:101C9000637C8DF80D306379628A03F00F0343EAA9
:101CA0000113E17901F0030143EA0123910201F4F8
:101CB00080610B43C2F3400143EAC123C2F38001B8
:101CC00043EA0133C2F3C00243EA4233ADF80E30B7
:101CD000A37801A98DF81030B4F80330ADF81130B5
:101CE000237F8DF81330627D237D43EA0223ADF814
:101CF0001430E27DA37D43EA0223ADF81630627E04
:101D0000237E43EA0223ADF81830A37EE27E43EA45
:101D10000223ADF81A30637F5B008DF81C3000F0B1
:101D2000E2FB08B010BD0220FBE70C20F9E710B57C
:101D30000446FFF7BDF938B12088E3F749FB28B125
:101D4000BDE81040FEF765BE0C2010BD0220FCE788
:101D5000F8B50546E5F714FDEF78FC2F02D8B84238
:101D600019D3C7B195F90430142B16DC2888E3F792
:101D70002FFB064698B1A978DDF736F9044640B93D
:101D8000304695F90410FFF70CF939463046FFF755
:101D900023F92046F8BD1124FBE71224F9E70224B9
:101DA000F7E710B50088E3F713FB044638B101F0FC
:101DB000F1FF30B12046BDE81040FFF77FB90220A7
:101DC00010BD2F20FCE710B504460088E3F700FBA8
:101DD00020B1A11CBDE81040DDF72AB9022010BDDA
:101DE00038B504460088E3F7F3FA054660B1A178F8
:101DF000FFF7DEF8022809D0012809D82846A17883
:101E0000BDE83840E0F76EBB022038BD1220FCE789
:101E10000C20FAE710B504460088E3F7D9FA40B180
:101E2000E278A178003A18BF0122BDE81040FFF720
:101E300013B9022010BD062307B5009300234FF00D
:101E4000FF301A461946FEF758FF03B05DF804FB51
:101E500013B503780446013B032B15D8E3F70EFDB9
:101E600058B96B46D4F80100D4F8051003C369468D
:101E70002078E5F715FB02B010BDE5F781FC23786B
:101E80008342EED00C20F6E71220F4E742F29601EE
:101E9000F8B50468A27902F10C05635B60198B4206
:101EA00011D842F288018B4211D9A3F502530A3BA3
:101EB0000C2B0ED8DFE803F01D2634383D41535774
:101EC0005B61666A7B004FF62D42934278D000201A
:101ED0000EE020461C23002242F28901FFF75DFA42
:101EE000A3790C331C442046DEF71CFF60710120EF
:101EF000F8BD0330FFF78EFE0246615B2046FFF718
:101F00007DFAF4E730F8036FFFF79CFE02460223E8
:101F10002046615BFFF741FAA37923445E82E6E73E
:101F20000330FFF704FFE7E730F8036FFFF710FF18
:101F3000ECE70330FFF735FFDEE730F8037FFFF70C
:101F400042FF06462046FDF734FA02233246204679
:101F5000615BFFF722FAA37923445F82C7E703306E
:101F6000DEF71EFFC8E70330FFF73AFFC4E7033090
:101F7000DCF70EFB0246002314E030F8036FDEF7B7
:101F800067FFC3E70330FFF745FFB5E72132A271D2
:101F900021460330DEF7CEFF06462046FDF709FA5C
:101FA000002332462046615BFFF7F7F99FE70022E6
:101FB00042F296012046FFF721FAFFF73CFF96E731
:101FC0000330FFF745FFD5E713B5DEF769FC04469C
:101FD000019001A8FFF75AFF70B1DEF767FC0022FD
:101FE000C280A179E279521A0C31D2B2214402B0F6
:101FF000BDE81040FDF70ABD02B010BD00F04FBCB7
:10200000704738B50446FEF789FB054658B9C82025
:10201000DBF72CF8C82202212846DBF7BBF8844204
:10202000A8BF044624B22046DBF720F8FEF776FB73
:10203000BDE83840C8220221DBF7ACB8B0F9002077
:10204000B1F900302DE9F3479A4204460D464CDCC5
:1020500009F064FE8046E3F711FC002842D1DBF76B
:10206000ADF88246FEF75AFBC8220221DBF792F850
:102070000DF10601814601A8DAF7DEFF47F6FF738E
:10208000B5F900209A4204BFBDF806202A80B4F9B1
:1020900000209A4204BFBDF804302380B5F9000047
:1020A000FFF7AFFFB4F9003007468342C8BF208076
:1020B000B4F90000DBF72AF8FFF753F9064660B1E0
:1020C0005046DBF723F84846DAF7D0FF404609F0E0
:1020D00020FE304602B0BDE8F087DBF76FF82080C5
:1020E0002F80F3E741F20C06F0E72126F1E7436881
:1020F000143B4360A0230B6070471AB94268A2EBFF
:10210000530242600A6802EB83020A60704710B50E
:10211000148912681B1B1BB25343426840F27120A2
:10212000096802EBD10200FB032010BD884210B504
:102130001BD8052819D9B1F5486F16D8B3F5FA7F21
:1021400013D240F67644A2F10A0080B2A0420CD825
:10215000BDF8080001339BB243434B435B00B3EB34
:10216000C20F94BF0120002010BD0020FCE704290D
:1021700008B503D1DCF7CCF8002008BD0829FBD155
:10218000DCF71AFFF8E708B502F0E1FC002008BD13
:10219000012938B505460C4603D1DCF78BF880F8E9
:1021A00068402946012002F05FFD012038BD0B8AFE
:1021B000827D43F08003D340DA072ED54B8AC27D5F
:1021C00043F08003D340DB0727D58B8A027E43F49C
:1021D0000073D340DA0720D50B782BB9037B032B90
:1021E0001BD0437B032B18D0CB782BB9C37C03F0D7
:1021F0000F03013B012B10D90B7923B9C37C03F0EA
:102200000F03022B09D8CB7ADB0608D4007D10F02F
:102210000F0018BF012040017047202070470020A8
:102220007047837A1A0716D003F00F02042A12D8D7
:102230000F2B10D94F2B4FEA13110CD88A420AD812
:10224000037B013B032B06D8C37A13F0030F14BFA3
:1022500000201E2070471E20704790F8B23082B0D8
:10226000C3B1438B13F0020314D093FAA3F3B3FA70
:1022700083F340F20972002002F0090161F30700C4
:10228000120A62F30F20072262F3174063F31F6004
:1022900002B070470223ECE770B50E4604460146D3
:1022A000002001F053F8012E054606D1C1682046F2
:1022B0008B7919440D31FEF777FC05F10C00FDF721
:1022C00078F800202146E86002F0CEFC012070BDC5
:1022D000F8B50E4604461746DBF7ECFF012E05461F
:1022E00025D0032E1BD12146012002F0BDFC95F81C
:1022F000B530B3B9204695F8C410FEF7F4FB396841
:1023000095F8C4303A7920460968FEF7FDFB0023B2
:102310003A681360FF2285F8B53085F8C4200120A3
:10232000F8BD204601F01BF8C307E3D5E7E72146D7
:10233000304602F099FC2046222101F04FF800209F
:10234000EEE7012938B50446084613D1214602F0CC
:102350008BFC2046DBF7AEFF90F8C4100546204604
:10236000DCF79AFB4FF40031204601F004F8FF231C
:1023700085F8C430012038BDF0B50E4685B004465E
:102380001746DBF797FF012E054623D0032E1ED1FB
:1023900000262146012002F067FC95F8C430386819
:1023A000CDE901660096224639790068FFF789FB7E
:1023B0003B6820461E6095F8C410FEF775FC4FF48C
:1023C0000031204600F0D7FFFF2385F8C4300120FC
:1023D00005B0F0BD2146304602F046FC22212046E1
:1023E00000F0FCFF204695F8C410FEF75DFC204687
:1023F0004FF4003100F0BFFFFF23002085F8C43008
:10240000E6E738B504460D46FEF752FE08B91A2035
:1024100038BD204601F0BEFC08B92F20F8E72F2177
:10242000204601F0F2FB0028F1D00DB90020EFE7C3
:10243000204600F09AFFC30207D42046DBF73AFF9C
:1024400090F8B130002BF1D1E7E72320E0E770B539
:102450000546DCF715FE044610B3036B03B31DB944
:10246000416A012002F000FC0023256B2363A36A6C
:1024700093F83E30042B03D12946606ADFF700FA57
:10248000A36A93F83E30032B0AD12046FEF776FA72
:1024900029460346A26A606ABDE87040DFF734B897
:1024A00070BD012910B50446084605D1214602F049
:1024B000DBFB2046FFF7CBFF012010BD10B52F211D
:1024C000044601F0A2FB50B10220FDF73DF90146A0
:1024D00038B12046BDE810402E22DEF73DBF0C206B
:1024E00010BD0720FCE738B50D462F21044601F04A
:1024F0008CFB78B12046DBF7DDFEB0F8B2304BB98B
:102500002046DBF7EBFE002804DA2846BDE8384019
:10251000FFF787BE0C2038BD2DE9F04704460220A6
:102520000F469046FDF710F90646C8B339462046D7
:10253000FEF79AFB054628B13046D9F7FBFA284644
:10254000BDE8F087204600F010FF10F48A1F08D085
:1025500039462046FEF7A8FB3046D9F7EBFA3A2574
:10256000EDE74FF40031204600F001FFFEF7B7FD24
:10257000814603232A4639462046FEF7B1FBB9F1CE
:10258000000F05D03A4631462046DEF7A5FFD6E7D4
:102590003B46424631462046BDE8F047DEF7B4BF31
:1025A0000725CCE730B190FAA0F00123B0FA80F013
:1025B0008340D8B2704770B5064600F0D6FE80F072
:1025C000400402060546C4F3801406D408213046B0
:1025D00001F04AFB08B144F00204EB0506D40B21DC
:1025E000304601F041FB08B144F00404204670BDC0
:1025F0004B1E032B10B50C4602D90023184610BD04
:102600000329FAD0FFF7D7FF04EA00038443F4D18B
:10261000F4E72DE9F743044688461746019300F096
:10262000A4FEC0F34015204601F015F9214681466D
:10263000284600F08BFE064607B32046E2F7DCFE94
:102640008046204601F00AF93A460146019B1FFAEE
:1026500088F0DEF7DFFD2146284602F005FB202149
:10266000204600F088FE56E8003F43F4805346E8D9
:102670000032002AF7D103B0BDE8F08301A8FCF7CF
:1026800098FE99F80110404601F00F0101F0B7FBE8
:10269000062818BF01462A4608BF0021204601F03F
:1026A0008AF8D8E7032970B506460D4614460CD0C3
:1026B000042919D0012915D1222100F08FFE2846C6
:1026C000314602F001FB002070BD136812791B68CF
:1026D0000021FFF79EFF00222368314601201A6087
:1026E00002F0F2FA0120EFE713680C221B68EFE713
:1026F000012910B504460CD100F037FE2146C0F385
:10270000401000F023FE0023817C1A462046FFF78C
:1027100080FF012010BD2DE9F7430F46054600F06C
:1027200024FE00F02009C0F34018284601F093F879
:10273000BB790C333B445E789B781E400378C3F32F
:10274000030000EA13103040FFF72CFF044648B99D
:10275000B9F1000F06D12846FFF72DFF3040FFF7F3
:1027600021FF0446284601F079F8E3F73FFFA04235
:1027700023D01CB30221284600F033FE0021064678
:10278000284600F0F9FE1821384602F0E2F93846F2
:10279000E5F754FAB6B2394644708470A0F8036085
:1027A000284602F0D4F923462246294640460096A0
:1027B000E0F7BAF803B0BDE8F08300242646E2E76C
:1027C00070B504460D4602F0AFFA28B929462046F6
:1027D000BDE87040FFF79FBF402829462046BDE86E
:1027E00070404FF0160314BF2A222322E5F738BAAF
:1027F00038B505460C4600F0B8FD830604D42046E3
:10280000BDE83840D9F796B921462846BDE838409A
:10281000FFF781BF2DE9F3418C7906460C340C4457
:102820000D4600F0A2FDA17807463046FFF7E0FE16
:10283000617880463046FFF7DBFEB4F8032003469C
:102840000092C7F3401042463146E0F76DF8284643
:1028500002B0BDE8F041D9F76DB908B58B790B44EA
:102860001B7B162B03D0172B05D0002008BDFFF7CC
:10287000A7FF0120FAE7FFF7BBFFFAE708B58B795E
:102880000B441B7B162B03D0182B05D0002008BD52
:10289000E0F774F80120FAE7FFF7BCFFFAE77047AA
:1028A0001FB54A1E042A03460C465FD8012902D1EF
:1028B000008804B010BD022905D100885B889842C9
:1028C00038BF1846F5E74A00014601A8FCF77AF937
:1028D000032C07D10023ADF80A304FF6FF73ADF893
:1028E0000C3001E0042CF8D0BDF80620BDF804300F
:1028F000934284BFADF80630ADF80420BDF80A302D
:10290000BDF80C20934288BFADF80A20BDF80A201C
:1029100088BFADF80C30BDF80430934288BFADF8E5
:102920000A30BDF80620BDF80C309A4288BFADF8D9
:102930000630BDF80820BDF80630934284BFADF8DC
:102940000830ADF80620BDF80A30BDF808209A42DC
:1029500088BFADF80830BDF80820BDF806309A42AF
:1029600038BFADF80830BDF80800A2E74FF6FF7099
:102970009FE7830705D410F0040F14BF0320012044
:10298000704702207047022805D0032805D001288F
:1029900006D1E3F7BFBEE3F7ADBE0020E0F704BD0C
:1029A000704710B1012803D070470120E0F7FCBC4C
:1029B0000020FBE7F7B51F468B1E012B05460C4692
:1029C000164613D8FDF779F80023CDE90005F01A73
:1029D00018BF01201A463946FDF77FF880B1022C56
:1029E0000BD1284601F0DEFA002004E00029F8D0DF
:1029F000012902D0FF2003B0F0BD284601F0E2FA21
:102A00000120F8E770B50D4600219DF810600446DE
:102A1000817106F10C014173111E18BF012103F0F1
:102A20000F00237B40EAC11003F0400318432073DA
:102A30002B469DF8141004F10E00FFF7BBFF237B1B
:102A40000E3660F3861323732B686361AB88238390
:102A5000A3793344E37170BD022810B50C4608D049
:102A600003280ED0012811D1BDE810400846E0F738
:102A7000B7BDE1F7C1FD844208D1BDE81040D9F7E8
:102A8000A3BF0846BDE81040E0F792BE10BD00238A
:102A900037B505460C4601A841210193DAF762F9E2
:102AA000019830B1E0F7FAFA072805D001A8FCF741
:102AB00080FC002003B030BD2A4620460199E0F793
:102AC00061FFF7E7532810B50C4608D10320FFF744
:102AD000DEFF40B92046BDE81040E0F769BEBDE822
:102AE0001040E1F70FBB10BD512838B504460D4624
:102AF0000ED0532810D055384FF0010118BF0120D7
:102B0000E0F7DCF929462046BDE83840E1F7FABA9B
:102B1000BDE83840E3F788BE0420FFF7B8FF10B9DE
:102B20002846E0F745FEBDE8384001210846E0F7B9
:102B3000C5B9C0F3845303EB830300EB830080B279
:102B40007047F8B500231360047D05468068FFF7E1
:102B5000F0FF14F00807034602D00B446B6004E05A
:102B60006E68701AB0EB030C01D40120F8BD14F0AC
:102B7000010009D1D5E90374E41B14EB0C0FF5D463
:102B80000B449E1B1660E9E73846EFE710B5044694
:102B9000E1F784FB6168E069E1F70AFCBDE81040F9
:102BA00001F03DBA38B50C46C94301F001010546B4
:102BB000E1F73EFCA30702D4E869E1F723FCBDE896
:102BC000384001F02CBA10B50446E1F731FC20463C
:102BD000E1F764FBBDE8104001F021BA007D00F090
:102BE000010070470120704701F0FDB9FFF726BAD8
:102BF000431E032B06D8DFE803F00204020403207F
:102C0000704704207047FEF7E0BCE2F713B92DE9E6
:102C1000F04F1646002285B01D469DF84830044608
:102C200002939DF860308B460393139B9DF8387098
:102C3000B3F90030DDF840800193139B9DF850A05C
:102C40001A8082699DF85890002A40F0FA8005F0B9
:102C50001C021C2A04BF0626B346E80600F1A98020
:102C600005F00302032A08BF05F0FD0505F0F7058E
:102C700005F01402142A40F0A080AA0600F1AB80EF
:102C80009DF86400FFF7B4FF1AF0020F84F86900A2
:102C900040F0A4801AF0040F00F0A28000F0FD00C4
:102CA000012814BF032104219DF8680084F87410E2
:102CB000FFF79EFF19F0020F84F88E0040F092801B
:102CC00019F0040F00F0908000F0FD00012814BFFF
:102CD0000323042384F884300020019ADAF75AFA97
:102CE000EB068146A4F8540008D4FDF717FD019ABD
:102CF00094F88410DAF74EFAA4F85400B4F954307A
:102D0000139A4946138004F16C00FDF76BF947F6FE
:102D1000FF7104F17C00FDF765F994F88410606C94
:102D2000FDF783F9FF22236A84F85A20039A23F0DF
:102D30009F03236212B143F01003236205F01803CE
:102D4000182B02BF236A43F080032362236A6807BB
:102D500023F0600323620CD4029AD10744BF43F0EE
:102D600020032362029A236A920744BF43F0400380
:102D70002362236AA4F8505023F00703236204F16E
:102D80006202B8F1000F31D0D8F80010C4F8621018
:102D9000B8F8041091809DF83C20012A02D143F03C
:102DA00004032362012F26D1236A43F00103236227
:102DB0002EE04FF00109CA465AE700222046A16AD8
:102DC000E2F784F840F27122724390427FF655AFE9
:102DD00041F2450032E005F0FC0551E7022163E7CE
:102DE000012161E7022375E7012373E7C4F86280DC
:102DF000A2F80480D6E7032F07D1236A43F001032A
:102E00002362236A43F00203D1E7023F012FF8D97E
:102E1000FDF739F89DF85C30C0F30B0040EA033051
:102E20009DF84430A4F88C00A4F84CB02046A4F8D7
:102E30004E6084F8583000F06DF9002005B0BDE810
:102E4000F08F41F20C00F9E72DE9F341884617466F
:102E50000446019338B901A8FCF7ABFA41F24200ED
:102E600002B0BDE8F081012922D0022911D091B928
:102E70008369D3B900F128054FF40076B4F85030D7
:102E8000D9061FD55A0728D501A8FCF792FA0020C9
:102E9000E6E7406C28B901A8FCF78BFA41F20C0078
:102EA000DEE71946FDF7C2F8DAE700F13005E3E79F
:102EB000836923B900F12C054FF48066DEE700F149
:102EC0003405F9E79B0708D5B8F1000F05D101A833
:102ED000FCF76FFA41F21200C2E7236AF80723EA0F
:102EE0000603236202D52846FCF763FA019921B153
:102EF0002846FCF74CFB002301932868FCF7E5FA11
:102F0000B4F85030D90605D51F2801DC032F18D09E
:102F10002846DDE740F27262904205DD2846FCF764
:102F200048FA41F207009BE7B8F1000F09D1BF282A
:102F300007DD9A0705D02846FCF73BFA41F2450029
:102F40008EE72046D4E90C12E1F7C0FFA36983B1F4
:102F500040F27122B4F84C305343984209D9B4F886
:102F60004E308342E7D300F51C70B0FBF2F0A4F8BA
:102F70004C0008F0D3FEA369054673B1BB070CD51E
:102F8000236A334323626368C3F57A76D9F7AEFDCB
:102F9000F04202D52046E1F735FB284608F0B9FE9D
:102FA00075E783693BB1B0F85030DB070FD490F878
:102FB0005930FE2B0BD0036A43F4005303620B68B5
:102FC000C0F85B308B88A0F85F300020704741F27A
:102FD0000C007047A0B1CB0742BF036A43F4805393
:102FE00003628A0742BF036A43F4804303624B07CC
:102FF00001D400207047036A43F400430362F8E7FA
:1030000041F242007047A0B1CB0742BF036A23F4EC
:10301000805303628A0742BF036A23F4804303623A
:103020004B0701D400207047036A23F40043036276
:10303000F8E741F24200704738B5044608300D46C3
:10304000DDF792FBE1F7D8FA844202D12220E3F7C0
:1030500001FF85F0010100252046FFF7A3FDE06B8D
:10306000A56110B1E2F776FCE56304F14000BDE82C
:103070003840FCF79EB970B590F859300446FE2BE5
:1030800009D15B3000F09EFF00F095FF18B1236A74
:1030900043F40053236242F20103256A2B40012BC3
:1030A00035D0AB072CD5C5F3800504F162060022AC
:1030B00031462846FCF70EFD002184F85A00FCF743
:1030C0001CFD314600222846FCF709FDB4F85010DB
:1030D00018B194F95A00002814DA236A23F0020385
:1030E0002362B4F8502002F00302012A08D13146CD
:1030F0002846FCF7F4FC18B1236A43F00803236266
:10310000002070BD01F00101FCF7F7FCE9E741F296
:103110001200F6E738B5044608F000FED4E90A12BA
:1031200005462046E1F7D2FEB4F84C10B4F84E2024
:10313000E060521A40F2712101FB020303F59C5337
:10314000083328462361BDE8384008F0E2BD036A31
:1031500010B5044613F4606023D09A0507D504F136
:103160002800FCF726F9236BA36200232363236A5C
:103170005B0507D504F12C00FCF71BF9636BE362D8
:1031800000236363236A204623F460632362FFF70E
:10319000C1FF0120B4F88C305A1C62F30B03A4F871
:1031A0008C3010BD036A0B4303624FF08050ECF784
:1031B0007DBA10B5044619B390F856208AB190F83C
:1031C00057300133DBB29A4280F8573009D10121E0
:1031D000FFF732FF4FF480312046BDE81040FFF783
:1031E000E1BF236ADA050BD5636A62689B1A002B7C
:1031F00006DA01212046FFF71FFF4FF48021EBE79D
:10320000236A1B0624D4FCF73EFE1123B0FBF3F324
:1032100094F9682003EB0313C01A83B212FA80F00A
:10322000102888BFC3F110035BB2083A1A4484F82F
:10323000682040F27121B4F84C2020461A4463689B
:1032400001FB023301216360BDE81040FFF7BBBC06
:103250000023EEE7C94350E8003F0B4040E800324E
:10326000002AF8D1704738B505460C46FDF758FAE4
:1032700020B149F640439C4228BF1C46EA68A2425E
:103280000BD240F27121B5F87E304B43934238BFE8
:103290001346A34228BF23461A462A6138BD034677
:1032A0009A6A4830920505D5D3F82821B3F8401022
:1032B000DAF78EBC93F87310DAF780BC0020704701
:1032C000704700207047704770470020704700200B
:1032D0007047704770477047704700207047002064
:1032E000704770470020704701207047C820704722
:1032F000002070477047012070477047704790F872
:10330000892010B5531C03F00F03072B28BF00239F
:10331000044663F30302034480F8892083F8821093
:1033200090F889306F2B4FEA13129EBF013262F37F
:10333000071380F88930FFF7E1FF204694F8301139
:10334000FEF714F810BD70477047704710B101F1D7
:10335000B000704701F1D4007047F8307047806AC0
:103360007047836A0B4383627047C06A7047C36AC1
:103370000B43C3627047C36A23EA0103C362704709
:1033800000F59C70704770B540F2712606FB01F3A2
:1033900045685643826A1D44D207044645600ED5EF
:1033A00000F14405294690F84220DDF787FF3346B7
:1033B00029462046BDE870400122FEF79EBE05EB7F
:1033C0005605456070BDD0F8A40000B97047437938
:1033D0009B0701D40068F8E70120704780F87B1054
:1033E000704738B504460D46E2F706F880B2FFF79D
:1033F00068FF80B14288022DB4F8400011D0032D3F
:103400000BD0012D06D1A38FA26B1B01B3FBF2F3EE
:10341000184480B238BD0122EDE74FF47A43A26B25
:10342000F4E7E38F5B00073313FB0200F1E738B5E5
:10343000044601F0F3FC04F1A400FBF7BAFF04F129
:10344000A800FBF7B6FF04F1AC00FBF7B2FF204683
:10345000E1F7D2FFC4B22046FCF747FD05462046FF
:10346000FCF745FD01462846FCF73EFD38BDB0F8A7
:10347000343110B5A0F832310446E1F7BDFFC0B2D7
:10348000FFF734FF94F8303194F8312104F148010A
:10349000FDF73FF9014604F59470FCF7A3FDB4F97C
:1034A0003221B4F934319A4209D0A36ADB0406D53B
:1034B0002046BDE810404FF40041E1F7B3BF10BD16
:1034C00038307047806B7047836A0A4600F14801C4
:1034D000C3F34020DAF728BB38B504460D4642B99D
:1034E000836A23F4405309B143F480530020A3625C
:1034F00038BDFDF744FF48B1A36A23F440530DB132
:1035000043F48053A36243F40053EFE71120EFE745
:103510002DE9FF41836A0446DB0428D5B0F93481E4
:10352000B0F932710020D9F749FE8045CCBF0025A3
:103530000125FDF7F3F8C82294F83011D9F72AFED7
:1035400006462046E1F758FFB045B4BF00260126E5
:10355000002345EA4605CDE90085A8EB07073FB201
:1035600002971A4694F8301180B2FDF7E0FF04B0DC
:10357000BDE8F0818A307047F8B504460E46002950
:103580005AD040F27123876B30465F43A7F28A27F7
:103590007F08394600F048FC94F89230851FADB2A0
:1035A0009D4239463046A8BF1D4600F03DFC94F8C8
:1035B0009320831F9BB29342A8BF1346F21E012A99
:1035C000B4F88A10B4F88C202BD8B1F5296F44F2E6
:1035D0009020B8BF4FF429618142A8BF0146B2F5DF
:1035E000296FB8BF4FF429628242A8BF02461B2D43
:1035F000B8BF1B251B2BB8BF1B23304684F8953062
:1036000084F89450A4F88E10A4F8902000F00CFCDC
:10361000831F9BB2AB42A8BF2B46DBB284F8963027
:10362000F8BDB1F5A47FB8BF4FF4A471B2F5A47F83
:10363000B8BF4FF4A472DAE71B23EFE72DE9F3419B
:10364000876B490089B28F42044616461D4639D021
:1036500040F271224368816302FB073302FB11339E
:103660004360E1F7C9FE4FF0000887B23346424697
:10367000012138460195CDF80080FFF72AFE384633
:10368000FFF72FFE41463846FFF724FE0123E18F66
:10369000A28FB14218D09542E68700D0A587A38FAC
:1036A000A26B1B01B3FBF2F3204694F83011A4F88F
:1036B000A030FFF761FF0421204602B0BDE8F041D1
:1036C000E1F7B0BE0023E2E79542E7D1A26AD20754
:1036D000E5D5002BE3D102B0BDE8F081F0B585B0AF
:1036E00004460E466A4600F18A0300F19207154629
:1036F00018685968083303C5BB422A46F7D11868D1
:10370000314628609B882046AB80FFF735FF9DF847
:103710000B2094F895309A4211D1BDF80620B4F8E8
:1037200090309A420BD19DF80A2094F894309A4236
:1037300005D1BDF80420B4F88E309A4207D04FF47A
:103740008141204605B0BDE8F040E1F76BBE05B011
:10375000F0BD37B5044694F89250BDF818008D427C
:103760000BD1B4F88A50954207D194F893509D42FA
:1037700003D1B4F88C5085421BD08DF80610ADF8FB
:103780000420019D84F8921084F89330A4F88C00F2
:1037900094F830112046C4F84051A4F88A20FFF76D
:1037A0009DFFB4F88E30A4F88A30B4F89030A4F8B5
:1037B0008C3003B030BD70B5044616460D4690F807
:1037C0003031B1B1994214D00122FDF7D2FD294622
:1037D00000222046FDF7CBFD2946204684F83051D3
:1037E000FFF77CFF2046BDE870404FF48441E1F7CD
:1037F00019BE19462046FFF771FF002EF2D170BDA9
:1038000030B4C56A15F0040F0DD145F00405C5624A
:1038100080F89E10A0F89A204FF4006130BCA0F808
:103820009C30E1F7FFBD30BC704710B511B190F886
:103830009E400C7012B1B0F89A10118013B1B0F81C
:103840009C201A80C06AC0F3800010BD836A43F4D4
:1038500080638362704700F5A270704790F8300172
:103860007047F8B5044608F059FA65680646D9F776
:103870003DF92B1AB3F5FA7304D53046BDE8F8408C
:1038800008F047BA40F27122A16B94F8745051438A
:10389000B3FBF1F3B4F8402098B2121AA4F8402018
:1038A00094F8732000FB1522252592FBF5F705FB04
:1038B0001722002AB8BF521984F87320B4F8A02048
:1038C000121AA4F8A020626800FB112200212046F1
:1038D0006260FFF778F9D0E7F0B5036B04469B0709
:1038E00090F87B6087B001D5FFF7A1FD236BDF0760
:1038F00000F14081236B9D0411D52046E1F77CFD4A
:10390000A16AC0B2C1F34021FDF7EDFD002800F02F
:1039100056814FF4005104F13000FFF79BFC236BFC
:10392000D90409D500212046E2F780FA4FF48051EE
:1039300004F13000FFF78EFC236B5A0513D52046A7
:10394000E1F75AFD002394F89F50C2B21946284669
:10395000FDF710FF002800F032814FF4806104F180
:103960003000FFF777FC236B5B0712D52046E1F7A9
:1039700043FDA16BA38FE28FC1F34F0180B200F032
:10398000BDFE002800F01B81042104F13000FFF788
:1039900061FC236B1F070AD5204601F020FC00289C
:1039A00000F00D81082104F13000FFF753FC236B78
:1039B000DD0617D52046E1F71FFDE16A80B211F45C
:1039C000805100F00F81002100F02DFF002800F051
:1039D000F680E36A102123F48053E36204F130009F
:1039E000FFF738FC236B580613D52046E1F704FD9A
:1039F00094F87B3080B20093D4E9082300F0F6FEFF
:103A0000002800F0DC80402104F13000FFF722FCA8
:103A10000026236B190516D52046E1F7EDFC00239F
:103A20000093B4F89C30B4F89A2094F89E1080B2B9
:103A3000FDF70CFD002800F0C2804FF4006104F196
:103A40003000FFF707FC236B13F480452FD19A0554
:103A500013D52046E1F7D0FC2B462A4694F83011C6
:103A600080B2DDF7D7FB002800F0A9804FF4007189
:103A700004F13000FFF7EEFB2E46236B1B0616D534
:103A80002046E1F7B9FCB4F8903080B2009394F886
:103A90009530B4F88E2094F8941000F0F6FE0028CB
:103AA00000F08D80802104F13000FFF7D3FB236B01
:103AB0009F060FD52046E1F79FFC94F87B1080B25B
:103AC00000F0C8FE00287AD0202104F13000FFF772
:103AD000C1FB0026236BDD0508D504F130004FF44F
:103AE0008071FFF7B7FB204601F0B2F9236B180491
:103AF00008D504F130004FF40041FFF7ABFB20463E
:103B0000FDF739FC236BD90308D504F130004FF4DD
:103B10008031FFF79FFB2046FDF727FC236B9A03BC
:103B200008D504F130004FF40031FFF793FB204635
:103B3000FFF7E3FB236B9B0718D5002220461146B5
:103B4000FFF7D9FB2046FFF7D8FB2046E1F754FCEE
:103B500094F87B1080B200F033FF80B304F13000A2
:103B60000221FFF777FB2046E1F7F4FE012084F8FD
:103B70007B6025E0A76AF807C7F3803522D5002DC2
:103B80000CBF012503252046E1F736FC94F89F3051
:103B9000294605930023049394F84230C7F340026A
:103BA0000393A38F80B20293E38F0193A36BC3F3BC
:103BB0004F03009304F1750300F0C0FD20B900200D
:103BC00007B0F0BD6D00DEE7012104F13000FFF722
:103BD00041FB50E8003F43F4005340E80032002A24
:103BE000F7D187E600F036FEF0E608B50220FBF7D5
:103BF000ABFD10B100F0CAFE012008BD826A0021B1
:103C000022F0C0028262E2F711B9012310B5A1F1DE
:103C10002002C1F1200423FA04F403FA02F2224341
:103C20008B40D0E9084123400A40134314BF0120D0
:103C3000002010BDC36A10B5044613F0080012D06E
:103C40000123A1F12002C1F1200023FA00F003FAC0
:103C500002F202438B40D4E9080103400A401343B7
:103C600014BF0120002010BD10B50C46C9B2FFF7EB
:103C7000E1FF70B1E3F7D2FAC4F12002A4F120030E
:103C8000E04001FA02F2104321FA03F3184300F076
:103C9000010010BD70B504460E46E4F75FF808F069
:103CA0003DF805460221204684F87B60E1F7BAFB27
:103CB00020460121FEF776FF2846BDE8704008F057
:103CC00028B870B50D46044608F028F80646204688
:103CD000E1F730FB304608F01CF829462046BDE8E5
:103CE0007040FFF7D7BF0B68C0F84031704738B558
:103CF00040F64805D0F840310C460B609BB2AB4211
:103D000004D90B21FFF7B0FF08B9258038BD44F274
:103D100090232380FAE708B5E1F7D0FC00F0FEFB22
:103D200000F043FBE3F71AFFE4F77CFCBDE8084032
:103D3000E4F7E0BCB0F8A020B0F84030816B134449
:103D4000828F1201B2FBF1F2981A80B2704710B460
:103D50000B465DF8044B00F1380200F14401FEF718
:103D6000D6B937B5B0F8343104460D46ADF8063053
:103D7000FDF705FB18B9BDF9060003B030BD0023FF
:103D8000294620460DF10602FDF7FCFA0028F2D084
:103D90000020F2E7C06A00F4C060A0F5C06358429A
:103DA0005841704738B50546FCF79FF80446284649
:103DB000FCF79DF8214602460220FCF7A5F838BD25
:103DC000002303827047037C427C981AC0B270477C
:103DD00010B5037C427C5C1C9A1A047403F0030344
:103DE00040F82310D0B210BD437C194401F0030108
:103DF00050F821007047437C013343747047022818
:103E000008D0042803D0012818BF0620704701F00D
:103E10000101C81C704710B50C46E2F7FDFB0279A2
:103E2000408804FB020010BD10B50C46E2F7F4FB1D
:103E30004388A3429BBFE41A03790020B4FBF3F04C
:103E400010BD2DE9F0410F460446242118461E46B8
:103E500015469DF8188000F03CFAC319B8F1000F20
:103E600037D1033E012E94BF0322022240F2712675
:103E7000520006FB023342F2107260894100714326
:103E8000A1F2E2469642A8BF16466A1A921BD21ABF
:103E9000002AC2BFB2FBF1F202FB0112AD1AEA1A0C
:103EA00009D55242B2FBF1F707FB011C01FB1722B7
:103EB000654402B96D1AEB1A8B4240F2E2470AD808
:103EC000B3FBF7F3022298B2E27120812846BDE8E5
:103ED000F0810122CAE75B1ABB42B8BF3B46B3423E
:103EE000A8BF3346B3FBF7F107FB1133CAB2002B6F
:103EF000EAD00132D2B2E7E7002337B5044601A881
:103F00000193D8F733FD054640B9A368322043F04A
:103F10000403A360019B2362E2F79CFF284603B0E1
:103F200030BDE3F74BBA37B50546E3F76DFA044603
:103F30002DB12B680360AB88A38003B030BDFBF7C5
:103F4000F8FF0322CDE900010DF105010DEB0200A0
:103F5000FAF713FE0098BDF804302060ECE738B59E
:103F60000546E3F751FA044607F0D8FE2B68A36034
:103F7000AB88A381A37943F00103A37107F0C9FEC5
:103F8000012038BD38B50C460546E3F73DFA014639
:103F900005B1083106222046FAF7DFFDB0FA80F0BD
:103FA000400938BD10B50446E3F72EFA03682360D4
:103FB0008388A38010BD08B5E3F726FA807900F066
:103FC000010008BD10B50446E3F71EFA83682360BC
:103FD0008389A38010BD50E8003F0B4340E80032C6
:103FE000002AF8D1704770B50E461546E1F78EFBF2
:103FF000044648B93046E0F7DDFD044620B92846BE
:10400000E3F77CFD044640B10020E1F77FFB002090
:10401000E0F7D0FD0020E3F771FD204670BD4FF4BE
:104020000010EBF743BBFFF77EBF112808B502D0A5
:10403000122805D008BD1320BDE80840E2F70ABFEA
:10404000E3F75CF9E3F7D8F9E2F774FF1420F3E73C
:10405000E2F7ACBE08B5E2F75FFEBDE8084011200C
:10406000E2F7F8BE132808B502D0142809D008BD1D
:10407000E3F7CAF9FFF755FFBDE808401220E2F761
:10408000E9BE0020E2F780FEBDE80840F6F723BD58
:10409000704783790C33184470477047002337B555
:1040A000044601250193204601A900F02AF908B928
:1040B00003B030BD01982A468379C1790025C91A19
:1040C0000C33C9B21844D8F73BFEECE70B7810B4B8
:1040D0000478C3F38013B3EBD41F09D132B9023192
:1040E00006225DF8044B0830FAF737BD0431F7E7D4
:1040F0004FF0FF305DF8044B704729B143780C2B2B
:104100000CBF0320FF207047FF20704770B586B0BA
:1041100004469DF828600B9D11B9FF2006B070BDC4
:1041200062B9012204A90DF10F00FBF7E0FCD0B940
:10413000204610F8021BC1F3801117E0002BF0D1CC
:1041400029463046FBF7C2FC0028EAD12378C3F3A6
:104150008013B342E1D106222946A01CFAF7FDFCE8
:104160000028DAD1DDE79DF80F1004A8E1F714FC70
:104170000028D2D10123218B00930846638BA28BA8
:10418000FDF7D4FF0028C8D0627D531E072BC4D88A
:10419000238B9342C1D9E28A9A42BED8A37F5BB9EE
:1041A000E37F4BB994F8203033B994F821301BB930
:1041B00094F822300F2BB0D994F823301B3303F03E
:1041C0001F030B2BA9D80520A8E71FB50023CDF8A6
:1041D0000A30ADF80E30D0E90023CDE90023038981
:1041E000B0F90C00ADF80830D9F700F86846D8F7F8
:1041F000D1FC05B05DF804FB1FB5002300F00F00F3
:104200008DF80A0001A801918DF808308DF8092079
:104210008DF80B300393FBF793FE05B05DF804FBBC
:104220001FB5CDE9001200228DF80B308DF8082063
:1042300000F00F03C0F340128DF809208DF80C3008
:10424000C0F3001243068DF80A2001D5D8F77AF999
:104250006846D8F7B9F905B05DF804FB30B500241D
:1042600089B00D9D8DF8081000950C9D079404A948
:104270008DF81C006846CDE90544CDF80A40ADF83C
:104280000E4001958DF809200493D8F7FDF901201F
:1042900009B030BD1FB50023CDE9003101238DF8F1
:1042A0000830C0F340138DF80930C0F300138DF8C7
:1042B0000A3000F00F038DF80C3043068DF80B2008
:1042C00001D5D8F73FF96846D8F77EF905B05DF813
:1042D00004FB10B50C4608B9D8F7F2FD2146BDE83D
:1042E0001040FFF798BD0B6803B11868086010B163
:1042F0004379DB0703D5003818BF012070470068F9
:10430000F4E70B6813B9086001207047186808606B
:1043100020B1407900F00100C0F1010000F001007F
:104320007047F0B587B00D4616468DF8070002B904
:10433000A3B329469DF80700FBF7D5FB0446B8B99F
:1043400029469DF80700FBF7D4FB40BB16B39DF848
:104350000710003918BF012128460DF10F02E3F7BD
:104360008DFBF8B99DF80F40013418BF012416E009
:1043700004AF012239460DF10700FBF7B8FB0446F4
:104380004EB19DF80730191E18BF0121002818BF33
:104390003D46E1E70124FBF793FB00B901242046E9
:1043A00007B0F0BD4FF0FF34DEE7704770B515463B
:1043B0000E461C46FEF7D1FF2B684EB103606B68BA
:1043C00043602368C0F825302368C0F8153070BDFD
:1043D00083606B68C3602368C0F829302368C0F825
:1043E0001930F4E770B50546FEF7B7FF044607F04D
:1043F00095FC064640212846FEF7B3FF4FF40061C6
:104400002846FEF7B4FF304607F083FC0023284619
:1044100023612375236284F82430FEF7A0FF8023F4
:1044200010F0010F14BF237584F8243070BD10B54F
:104430000446FFF7E3FB2046BDE810401021E0F7FB
:10444000F1BF10B504464FF46061FEF794FF2046BB
:10445000BDE81040FFF7D2BB7FB506460C46FEF71D
:104460007CFF4FF4C06105463046FEF780FF4FF4F5
:1044700000613046FEF77FFF4FF48060E2F704FEF4
:10448000224670B969462846E3F7B4FA6B4605F14F
:10449000100213F8011B02F8011DAA42F9D104B061
:1044A00070BD6C4602F11006234610685168083250
:1044B00003C3B2421C46F7D1E8E737B50D46ADF865
:1044C0000420FEF74AFF044600F12003024601994A
:1044D0002846E3F7B7F9236A0133236223B994F836
:1044E0002430013384F8243003B030BD37B50D4695
:1044F000ADF80420FEF731FF01990446024600F1B1
:1045000010032846E3F70AFA30B123690133236127
:1045100013B9237D0133237503B030BD704710B547
:10452000DEF7E0FB0446FBF7F5FD2043C0B210BD0B
:1045300070B5DCF7B5F983791844B0F80F60B0B204
:10454000E0F746FF80B1002100F0EEFD0546DCF704
:10455000ADF9044602232A4642F21B01FCF71DFF77
:10456000A3791C44668270BD0225F0E770B5DCF7C4
:1045700097F983790C33C418B4F803502846E0F750
:1045800027FFA0B1611D00F0CFFD0646DCF78EF9D4
:1045900004460223324642F21A01FCF7FEFEE3799A
:1045A00023449D72E3792D0A1C44E57270BD0226F6
:1045B000ECE710B5DCF774F983790C3318444479CF
:1045C000B0F80300E0F704FF60B12146E3F79CFE7A
:1045D0000446DCF76BF9E2B240F20641BDE8104058
:1045E000FCF70CBF0224F4E770B5DCF759F98379C6
:1045F0001844B0F80F5007F091FB04462846E0F746
:10460000E7FE80B11621FFF75CFB0025204607F08E
:1046100080FBDCF74BF92A46BDE8704000234FF6DB
:104620000441FCF7BABE0225F0E7F8B5DCF738F92B
:10463000847905460C340444B4F80300E0F7C8FE5E
:10464000064640B9DCF732F90222BDE8F84042F2F2
:104650001301FCF7D3BEAB79E97903F10C02022018
:10466000CB1A2A440021FBF7FEF9014618B9DCF702
:104670001DF90722E9E78379033383713046B4F8E3
:104680000D50B4F80F70E3F7E5FD04463A462946AD
:104690003046E1F7ABF9DCF709F92246D5E738B542
:1046A00007F03CFB0446FFF73AFF00280CBF0C253F
:1046B0000025DCF7FBF82A4642F20E01FCF7BEFEAD
:1046C000DEF7AEFE2046BDE8384007F022BB10B54D
:1046D000DCF7E6F883790C330344B3F80300B3F84E
:1046E0000510C0B2E1F798F9DCF7E0F8BDE810403A
:1046F000002342F224011A46FCF74FBE2DE9F8438D
:1047000081460220884617461E46FBF71DF80446E0
:1047100090B10A220321FCF762FE0023A57920460E
:104720000C352544EB70A5F80490A5F806802F8180
:104730006E81DCF77BF80120BDE8F8832DE9F043BA
:10474000814685B002200E461F469DF844808DF8B4
:104750000F20FAF7F9FF0546002844D0222229212C
:10476000FCF73DFE0022AC7930460C342C4404F1B9
:104770000E0304F11401C4F80E209A8062612283B2
:1047800000913A460DF10F01FBF79DF99DF840307D
:10479000A4F80490E37006F00103A3719DF80F30B4
:1047A00016F0FD0FE3713B68A360BB88A3814FF651
:1047B000FF7304D0032E08BF43464FF0FF08BDF837
:1047C000302028466283BDF8342084F82180A283FB
:1047D000BDF838206384E2839DF83C2084F82020D3
:1047E000DCF724F8012005B0BDE8F083F8B50746F2
:1047F000022016461D46FAF7A7FF044690B10C2288
:104800000421FCF7ECFDA1799DF818300C3121440E
:1048100020468F80C1F80660C1F80A50CB70DCF7E3
:1048200005F80120F8BD70B5064602200D46FAF7DE
:104830008BFF044668B103223021FCF7F2FDA37917
:1048400020460C332344A3F803609D70DBF7EEFF92
:10485000012070BD70B5064602200D46FAF774FFC0
:10486000044688B104220821FCF7DBFDB5FA85F285
:10487000A37952090C3323442046A3F803605A71EC
:104880009D70DBF7D3FF012070BD2DE9F843814611
:104890000220884617461E46FAF756FF0446B0B176
:1048A0000B220721FCF79BFDA579BDF820300C35C4
:1048B00025442046A5F80390A5F80580A5F80770C3
:1048C000A5F80960A5F80B30DBF7B0FF0120BDE8C3
:1048D000F883F8B5074602200E461546FAF734FF6E
:1048E0000446A0B10D220521FCF779FDA3792046ED
:1048F0000C332344A3F80370A3F80D602A68C3F8AF
:1049000005206A68C3F80920DBF790FF0120F8BD95
:104910002DE9FF4116466A4680460F4615460A9C19
:1049200003F1100E9446186859680833ACE8030088
:1049300073456246F6D124B90220FAF705FF044612
:1049400008B31D22ED212046FCF73AFDA3790C3374
:104950002344A3F80380A3F80D702EB13268C3F886
:1049600005207268C3F809200F3304AE2A4603CA33
:10497000B24218605960154603F10803F6D120468B
:10498000DBF754FF012004B0BDE8F08113B513211B
:10499000827901900C32841881544FF44072C280A5
:1049A000E1F778FBA07020B901A8FAF702FD02B088
:1049B00010BD8000013060700198DBF737FFF6E72B
:1049C00070B5064602200D46FAF7BEFE044678B1E1
:1049D00004220521FCF725FD0022A37920460C3393
:1049E0002344A3F803605D719A70DBF71FFF012079
:1049F00070BD13B5837901900C33C418C05CE0F727
:104A0000E7FC20B901A8FAF7D4FC02B010BD637826
:104A1000019913F0300F0CBF012200228B7904336F
:104A20008B714B7962F300034B71E1F7FFF9ECE70F
:104A30002DE9F041DBF734FF83790C33C418B4F867
:104A400003801FFA88F0E0F7C3FC054600B3A279A3
:104A50006179FEF741FD0646DBF728FF0746022392
:104A6000324642F27A01FCF798FCBB7938463B4467
:104A7000A3F81280DBF7DAFE46B9A37933B12846F2
:104A8000FEF7ECFE01462846FCF77BFCBDE8F08112
:104A90000226E1E7C94350E8003F0B4040E80032FE
:104AA000002AF8D17047002070472DE9F0410446F4
:104AB0000E4600250127214685F00100FEF746FC41
:104AC0004FF48051FFF7E6FF8368804633B93846DC
:104AD0000DB1BDE8F08101250746ECE7028AB2423C
:104AE00006D100220121204698470028EFD1EFE7A8
:104AF0000268D10502D500221146F4E79307E6D5F6
:104B00002046FEF760FC02460028E0D10521D8F8D7
:104B10000830E8E708B5FEF733FC00230380436064
:104B200008BD70B506460C4607F0F8F80546304655
:104B3000FEF726FC30B103781C4304704FF400707C
:104B4000EAF7B4FD2846BDE8704007F0E2B8E1F7A7
:104B50006DB907B542798DF8071022F0030242F0D3
:104B60000302427140F203320DF10701C2800122BB
:104B7000FAF7FBFB03B05DF804FB70B50C46054685
:104B8000072120461646FFF7E4FF2046E3F756F8D4
:104B9000214646702846BDE87040E1F747B938B570
:104BA0000C4600210546FEF71CFC47F6FE73241A4E
:104BB000A4B29C4205D928462821FFF76BF80020B3
:104BC00038BD0120FCE738B504460D4601460020FB
:104BD000FEF7BCFB03689B0505D429462046BDE8CB
:104BE0003840FFF7DCBF002038BD2DE9F041154605
:104BF0001F469DF81880FEF7A9FB044607F08EF8C3
:104C0000B8F1010F064623D154E8003F43F4807306
:104C100044E80032002AF7D105B354E8002F42F4EB
:104C2000007244E80023002BF7D1FF212046FFF754
:104C300031FF54E8002F48EA020244E80023002B29
:104C4000F7D13046A5602782BDE8F04107F061B892
:104C50004FF480712046FFF71DFFDDE74FF4007130
:104C60002046FFF717FFE0E773B5064601200C4624
:104C7000FEF76CFB002305461A460093214630469A
:104C8000FFF7B3FF6B6863B14FF480712046E0F724
:104C9000C9FB55E8003F43F4007345E80032002AA1
:104CA000F7D107F03BF805462046FEF769FB28B12F
:104CB00003881BB14FF40070EAF7F8FC284602B0F5
:104CC000BDE8704007F025B838B505460C46FEF73C
:104CD0003DFB83684BB102212046002298472146C4
:104CE0002846BDE83840FFF7BFBF38BD012938B5B9
:104CF00005460C4608D0CC1E012C03D801460120E5
:104D0000FFF7E2FF012038BD2221FEF767FB2046B6
:104D10002946FFF7D9FF0020F5E708B5FEF716FB97
:104D2000006800F0F00008BD10B5014604460120FF
:104D3000FFF7F3FF20B92146BDE81040FFF7EDBFB4
:104D400010BD70B506460D4601460120FEF7FEFA7D
:104D5000314604460020FEF7F9FA2268036842EA69
:104D60000301C90523D4920549BF248A4FF6FF7475
:104D7000641BA4B29B0554BF4FF6FF73038A3046F1
:104D800044BF5B1B9BB29C42A8BF1C46FBF7B9F813
:104D9000002804DB411B89B28C42A8BF0C464FF6A9
:104DA000FF739C4208BF4FF0FF34204670BD0124C2
:104DB000FBE72DE9F3410446019101460120154628
:104DC000FEF7C4FA214606460020FEF7BFFA8046E9
:104DD0002046FEF7C4FA010706D501A8FAF7E9FA5A
:104DE0000C2002B0BDE8F08106F098FF336807465A
:104DF0009A0503D4D8F800309B0509D50199301DD8
:104E00008D60FAF7C4FB384606F083FF0020E8E720
:104E100006F07FFF20460199A847E2E738B5014632
:104E200004460120FEF792FA05460C30FAF7C1FA63
:104E3000281DFAF7BEFA21460020FEF787FA04463D
:104E40000C30FAF7B6FA201DBDE83840FAF7B1BACF
:104E500070B5014605460120FEF778FA0646043093
:104E6000FAF72BFB044670B14FF400713046FFF7A0
:104E700011FE21462846A368984720B12046BDE888
:104E80007040D6F757BE70BD00238260C0E9003184
:104E9000704708B50B4601461846FEF757FA0068FA
:104EA000C0F3402008BDFFF721BFCB1E012B70B51A
:104EB00004460D46164606D81A21FEF78FFA402101
:104EC0002046E0F7AFFA324629462046BDE870405A
:104ED000FFF70CBF38B504460D46FEF774FA28B14B
:104EE000012D04D122212046FEF778FA002038BD9A
:104EF000F8B50C468B7907460B44D3F80D60D3F810
:104F000011303246E0F7E2FE09212046FFF721FE8C
:104F10002046E2F793FEA579E2F780F90C3566F0BA
:104F2000FF0625440640C5F80160E2F777F93846E8
:104F3000C5F805102146FFF70AFE02213846FFF7A3
:104F4000F0FDF8BD70B50E46054601460020FEF79F
:104F5000FDF9012E044603D0022E11D0012070BDB0
:104F6000C16828468B7919440D31FEF7ADFAE06827
:104F7000D6F7E0FD00202946E060FFF775FEEDE77B
:104F8000C068D6F7D7FD0023E360E7E738B50D46E4
:104F9000044601460120FEF7D9F9012D08D100F1A0
:104FA00012012046FEF790FA21462846FFF75CFEE4
:104FB000012038BD08B5FEF7D8F900F0010008BDA2
:104FC00038B50C4602210546FEF7D1F90C212046E2
:104FD000FFF7BFFD2046E2F731FE4FF0FF3383704D
:104FE0000223C3700F2343706023037106232146FD
:104FF00043712846BDE83840FFF7A9BDF8B50C4617
:105000000546FEF7ACF900F0010787F001072946D5
:105010003846FEF79BF90646C068012C837903D019
:10502000022C20D00120F8BD0C33C4182389284657
:10503000E288A188FEF702FB61886278490052008D
:10504000284689B2FEF79FF9F068D6F773FD002372
:1050500028464FF48031F360FEF78DF92946384633
:10506000FFF702FEDEE7D6F765FD00234FF480313F
:105070002846F360FEF77FF9D4E7042910B504460B
:1050800001D0002010BDFEF76AF900F00100C0F168
:105090000200E1F7F9FF0028F3D1FAF755FB0146CA
:1050A00008B90220EEE72046E3F7F8F80028F8D127
:1050B0000120E7E72DE9F0410F4604469046FEF750
:1050C0004EF900F0010585F0010521462846FEF75E
:1050D0003DF9012F064603D0032F0FD001200BE02E
:1050E0002046FFF7AEF922212046FEF777F9284641
:1050F0002146FFF7E9FD0020BDE8F081C068D6F742
:1051000019FD00232046F360FFF79BF9204698F82D
:105110000410FEF763F920462021E0F783F92146C9
:105120002846FFF7D1FDD9E737B504460D46FEF70F
:105130001CF900054FD50220FAF706FB0190002864
:105140004BD0204655B3FEF70AF9C1070AD5052111
:105150000198FFF7FEFC0198E2F770FD20460199E7
:10516000FFF7F5FC29462046FFF776F92046FEF7C3
:10517000F6F8C2070FD44FF400612046FEF7FBF8A3
:1051800006210198FFF7E5FC0198E2F757FD20465C
:105190000199FFF7DCFC002003B030BDFEF7DFF81B
:1051A000C3070DD50199032306222046E2F758FDD7
:1051B0002046FFF746F921462846FFF785FDEAE736
:1051C00001A8FAF7F6F820463D21FEF763FD2046D8
:1051D000FFF737F9DFE70C20DEE70720DCE7F7B55C
:1051E000014604460020FEF7B1F8054600F112071B
:1051F0004FF48060E1F748FF50B92046E0F7FCF833
:105200003A46698B80B203B0BDE8F040FFF761BB5E
:105210002046E0F7F1F8064620466D8BFEF79DF834
:1052200000220346009229463A46B0B2FFF770FBCF
:1052300003B0F0BD83781A2B09D81B238370028832
:10524000B2F5A47F07D24FF4A473038007E0FB2BD1
:10525000F5D9FB23F2E744F290239A42F5D8704740
:10526000F0B50446CA798B7987B043EA0223ADF8DA
:105270000C308B8803A88DF80E30CA788B7840F6F6
:10528000480543EA0223ADF810300B8805A98DF8D4
:105290001230FFF7CFFF04A8FFF7CCFF2046FEF740
:1052A00026FD0B212046FEF7DFFC44F29023002868
:1052B00018BF1D46BDF80C709DF80E30BDF8146087
:1052C000BDF810209DF816009DF81210AF42D4BF13
:1052D00000970095FB2BA8BFFB23B242A8BF324624
:1052E0008142A8BF01462046FEF733FA07B0F0BD61
:1052F00037B5144605461046FFF72BFC2046E2F76B
:105300009DFC01A904462846FEF7F1FC0B21284626
:10531000FEF7AAFC6FF004036370002344F29022AE
:10532000A37040F64803002818BF1346A4F80330C2
:105330009DF80630A4F80530BDF80430A4F8073015
:1053400003B030BDFFF7D2BC022973B505460C4649
:1053500003D00024204602B070BD0521FEF755FCA5
:105360000028F6D0E0F75EFB1B28F2D94FF400408E
:10537000E1F78AFE0028ECD1FAF7E6F906460028A4
:10538000E8D0284601A9FEF7B2FC314628469DF830
:105390000630BDF80420E3F7C3F90028D9D1012471
:1053A000D8E7012938B504460D4608D12221FEF779
:1053B00015F828462146FFF787FC002038BD014636
:1053C0000120FFF751FC0120F8E78160704741EAB6
:1053D000002008B540F49020F8F713FB014640B1D7
:1053E00010F1880F05D0BDE8084040F20740E6F70D
:1053F0000DBD08BD0120704770B50C46064611462C
:105400001D46E3F71FFB58B144EA06206FEA40400F
:105410006FEA50402A46BDE8704080B2EAF7BCB956
:1054200040F2064070BD10B50446E3F70BFB50B1E7
:1054300041EA04206FEA4040BDE810406FEA504066
:1054400080B2EAF7E1B940F2064010BD8379014627
:105450001A0703D506220020E3F774BB9B0602D58A
:1054600006220120F8E74FF0FF3070478379532B75
:1054700001D1E3F799BBFFF7E9BF70B506461446C3
:105480001D46E3F7DFFA10B90024204670BD41EA5B
:1054900006206FEA40406FEA50402A46214680B21B
:1054A000EAF796F90028F0D0EEE708B5E5F7AAFF8D
:1054B000002008BD2DE9F0410D46DDE906481646FD
:1054C0001F4600F09FFE012C0AD860B144EA080490
:1054D0003B46324629460694BDE8F04101F091BFB3
:1054E0002120BDE8F0812520FBE700207047A0F8CF
:1054F0006E10704701238B4090F87110194380F8AB
:105500007110704708B50120D6F728FDC0B208BD5C
:1055100083790C33184470471438704710B504462B
:10552000A1F11400F9F7D1FF201A20EAE07080B24F
:1055300010BD70B51C460D461646FFF7EFFFA042A2
:1055400007D322463146A5F11400FAF75FFA01208D
:1055500070BD0020FCE770B506460D4614467AB9CA
:105560000A4620460821FAF7B0F9044690B92A46BF
:1055700008212920FAF7A9F9044658B9204670BD38
:105580001046F9F716FF2046FAF7D2F808231D4413
:10559000A371E571A3790C331C442670EEE72DE965
:1055A000F0411646069A074688461D46FFF7D3FF88
:1055B0000446F8B114382A4631460690FAF726FA1E
:1055C000854218D9069B06A81C7904F02004F9F737
:1055D000F0FE7CB9424608212920FAF776F90690B8
:1055E00040B12A463146FAF711FA854206D906A893
:1055F000F9F7DFFE00242046BDE8F081069A937992
:105600000C33D418D754F6E711B11439E4F744B980
:105610001A20704738B5002204460D4602200321A7
:10562000FFF799FF014608B1A0F801502046BDE8F8
:105630003840FFF7E9BFF8B504460F461646052186
:105640000120069A1D46FFF786FF014638B14770D4
:10565000468005712046BDE8F840FFF7D5BFF8BD8C
:1056600038B50D46032104460846FFF774FFA0F83D
:10567000015001462046BDE83840FFF7C5BF73B56D
:105680000546084611466C891A46641ABDF818305A
:10569000A4B29C4228BF1C46079B089E0093234649
:1056A000FFF77DFF014630B12846348002B0BDE8E7
:1056B0007040FFF7A9BF1A2002B070BD012110B5DC
:1056C000002204461320FFF746FF014620B1204682
:1056D000BDE81040FFF798BF10BDF7B544890546F7
:1056E00018460F4616460193F9F7EFFE053CA4B2A3
:1056F000844203DA011B01A8F9F789FF052101980B
:10570000FAF726F8014628B901A8F9F752FE1A203F
:1057100003B0F0BD83790C33C2181720C854284653
:10572000A2F80170A2F80360E4F7B6F8F0E70121EF
:1057300010B5002204461920FFF70DFF014620B1E5
:105740002046BDE81040FFF75FBF10BD73B50E46A1
:10575000002144890546033CA4B2A342009128BF1E
:10576000234603211B20FFF71AFF014670B10122D7
:1057700010F80F3CA0F8016062F3071300F80F3C2B
:10578000284602B0BDE87040FFF73EBF1A2002B0C5
:1057900070BD73B50E46002144890546033CA4B292
:1057A000A342009128BF234603211D20FFF7F7FEE7
:1057B000014638B1A0F80160284602B0BDE870404B
:1057C000FFF722BF1A2002B070BD4B88042B07D10F
:1057D000836C08885B8998428CBF00200120704749
:1057E0000020704710B50446806920B10021E3F71E
:1057F000A9FF0023A36110BD07B501228DF8071092
:105800000DF10701FAF702F903B05DF804FBF7B5F3
:1058100005464FF428500C4601F061F8064600F0AA
:10582000E0FDB0B3022C02D8002003B0F0BD002789
:1058300031460DF105030DF106023846ADF806704C
:1058400000F013FFBDF80620631E934206461EDCDF
:10585000072C1AD9023CADF806400824BDF80630E2
:10586000002BE1D00133D9B22846FFF7C5FF21460E
:105870002846FFF7C1FF31462846BDF80620FAF753
:10588000C5F8BDF806000230CFE7ADF80670092470
:10589000E4E74FF0FF30C8E702292DE9F341044661
:1058A0000D461746184603D8002002B0BDE8F08127
:1058B00001F015F8064600F094FD0028F4D04FF0F2
:1058C000000831460DF105030DF106024046ADF822
:1058D000068000F0CAFEBDF80630BDF8202006465E
:1058E000934228BF1346AB4228BF2B469DF80500C4
:1058F000ADF80630C0B9002BD7D001339AB295422B
:10590000D3D9D9B22046FFF777FF39462046FFF7B3
:1059100073FF31462046BDF80620FAF777F8BDF848
:1059200006000230C0B2C0E74046BEE707B501A995
:10593000E4F788F830B9019B586AC0F3C02003B07F
:105940005DF804FB0020FAE7002008B5E4F7FCF856
:1059500008B9FF2006E0C37B012BF7D1436ADB06C1
:10596000F4D5007808BD73B50E4601A91546E4F7D5
:1059700069F890B9019A546A14F010030FD0C4F377
:1059800000343470D37B5A1E042A02D8D81E18BFA4
:1059900001202870012002B070BD0020FBE71846EE
:1059A000F9E738B5436A04465B0705D5002300785C
:1059B0001A461946E6F70AF8636A9D0706D5204697
:1059C000E4F754F8636A23F002036362636A18071A
:1059D0000DD52146E27911F8010BC2F3C002E5F7BB
:1059E00097FF0546E8B9636A23F00803636220461F
:1059F00000F05CFB0546A0B9626AD10611D5D3045C
:105A000004D5204600F01BFA40B11BE01206E37BF0
:105A100009D4E37B626A023B012B15D9616A48070E
:105A20001FD4284638BD03F0FB03012BF6D02169B3
:105A30002078E5F793FF636A256123F080036362B2
:105A40000028E6D00546ECE7D305E7D56169207864
:105A5000E5F7A0FF00236361636A23F48073636248
:105A6000D2E7E37BA28D012B03D1A2B1802A28BF0C
:105A7000802211F0400F94F830304FF0010118BF30
:105A800001232078E5F7A2FF0028DBD1636A23F029
:105A900004036362C5E74022EBE7002010B5E4F79A
:105AA00053F8044600B910BD636ADA060BD55B04EF
:105AB00009D42046E3F73CFF636A204643F006031F
:105AC0006362FFF76EFF2046E9E713B50C4601A9B4
:105AD000E3F7B8FF50B9022C07D8024621460198D7
:105AE00002B0BDE81040E4F74DB8212002B010BD6F
:105AF000F7B50E4601A915461F46E3F7A3FFF8B90F
:105B0000019C626A93050BD44FF6DF73A6F1200166
:105B1000994217D8A5F12001994213D8AE4211D865
:105B2000E369B34202D1236AAB4204D0C4E90765FA
:105B300042F0020262629DF82030A78584F830307E
:105B400003B0F0BD2120FBE790F8393037B55B0793
:105B500004460D462AD4E3F7EBFE6B1E042B14D843
:105B6000032D12D0E379142B22D0A3696BB96846B8
:105B700000F096FAE4F73EFB6946E3F759FD18B9E1
:105B80001A25284603B030BDA061636AE57343F06F
:105B900016036362E8F714F82046FFF702FF054694
:105BA0000028EED02046FFF71DFEEAE70225E8E7D1
:105BB0002125E6E707B501A9E3F744FF30B90198CD
:105BC000C17B03B05DF804EBFFF7BEBF03B05DF827
:105BD00004FB37B50C4601A9E3F734FF18B9052CCF
:105BE000019D02D9212003B030BD2869F9F76DFC71
:105BF0001F28F7D86869F9F768FC1F28F2D8012C2C
:105C0000F0D0231F012BEDD9214628466B6A23F4DF
:105C100082536B6203B0BDE83040FFF795BF13B508
:105C200001A9E3F70FFF78B9019C636A204623F0CE
:105C3000500343F004036362FFF7D4FD204602B033
:105C4000BDE81040FFF7ADBE02B010BDF7B501A929
:105C50000746E3F7F7FE002843D1019C207800F0C7
:105C600027FA11280546204608BF002500F01DFA36
:105C7000636AD90608D523F0100343F004032046D5
:105C80006362FFF78EFE0546FF232370636AA0223E
:105C900023F0010363624FF4A0730026C4E90723D5
:105CA000072304F1100084F83130E673E671F9F748
:105CB00080FB04F11400F9F77CFB2046FFF792FD0E
:105CC00040F20113E3857F23314684F832303846B1
:105CD000A6626662E5F742FE31463846E5F75AFEAF
:105CE000284603B0F0BD73B50E4601A91546E3F78B
:105CF000A9FE044618BB03F0F4FB064222D005427D
:105D000020D046EA050383431CD1012E01D0042E86
:105D100018D16B1E012B01D9042D13D1019B93F8CF
:105D20002E20B24203D193F82F20AA4207D05A6AFC
:105D300083F82E6042F0020283F82F505A62204608
:105D400002B070BD2124FAE737B5FFF7FDFDFF284B
:105D5000044613D001A9E3F775FE78B9019D6B6A7B
:105D6000284623F010036B62FFF73CFD204605F147
:105D7000340103B0BDE83040E8F7F4B803B030BDFB
:105D800013B50C4601A9E3F75DFE30B9022C06D825
:105D9000012221460198E3F7F5FE02B010BD212053
:105DA000FBE72DE9F3410D4601A990461E46089FE9
:105DB000E3F748FE002836D1052D08D86B1E012BCD
:105DC00005D9052D03D008F0010115B171B32120CB
:105DD00029E0019A936A49B343F02003019C93623E
:105DE000A36A18F0020F14BF43F0400323F04003EE
:105DF000F107626AA3621ED5386842F48032A0605F
:105E0000BB796262BA88A373A281636AB2074CBF8E
:105E100043F0400323F0400343F4805329462046D7
:105E20006362FFF791FE02B0BDE8F081019A936AC8
:105E300023F02003D2E722F480326262E5E7436A6E
:105E400010B5044613F080000CD0E37B2078032BC0
:105E5000216908D1E5F79EFD00232361636A23F0E1
:105E60008003636210BDE5F779FDF5E773B56E4613
:105E700004464A7930460D460631E4F7FFF996E8C4
:105E80000300A4F85010090C11F0800FE06484F8AE
:105E9000521004F1530312D00122184605F11201E9
:105EA000E4F7ECF90C35284603F0FAFA28B10122A0
:105EB000294604F15A00E4F7E1F902B070BDB4F8E4
:105EC000501094F85220C4F8530099809A71E9E771
:105ED000002337B580F8723040F6FF73A0F86E30BB
:105EE00083680446DA040D46C16010D443F480632D
:105EF0006A46A36040F203212046CDE9004504F044
:105F000068FC00212046E3F71DFC03B030BD90F88B
:105F10007600FFF74FFEA36823F48053E8E71FB530
:105F200090F87420044602F0010301908DF80830C7
:105F30000BB102F002038DF8093094F87530204659
:105F40008DF80A30039102F033FA4FF4017101AA7F
:105F5000204604F03EFC2046E3F76AFC04B010BD86
:105F6000E3F7C8BB0A460021E5F70CBB826838B5E9
:105F7000C2F380320446B0F86E000D46E5F778FBB8
:105F800020B9A3681DB143F40053A36038BD23F4C6
:105F90000053FAE710B50446B0F80300E3F786FBB8
:105FA00038B1617909B141F48051BDE81040FFF783
:105FB0008FBF10BD10B50446B0F80300E3F776FBC1
:105FC00038B1A17809B141F48051BDE81040FFF724
:105FD000A6BF10BD10B50446B0F80300E3F766FB9A
:105FE00090B1627990F874305AB143F0010380F8AF
:105FF0007430A17809B141F48051BDE81040FFF739
:106000008EBF03F0FE03F2E710BD10B50446808892
:10601000E3F74CFBB8B1E278AAB9E179A27942EA98
:106020000122A0F86220E17AA27A42EA0122A0F8D5
:106030006420227A617ABDE8104042EA0122A0F889
:106040006620E3F7F5BB10BD10B504468088E3F782
:106050002DFB20B1A179BDE81040E3F70BBC10BDCA
:10606000532838B505460C4604D1BDE838400846EB
:10607000E5F750BF0620F4F7BDFB60B96379142D36
:1060800003F03F03637104D0722D07D163F03F0327
:106090006371A57138BD40F20740FBE72120F9E7A5
:1060A000002303608380837170477047002070472E
:1060B0001120704710B5044660B1806C50B1E4F710
:1060C00045F9A06C0028FAD12046BDE81040032114
:1060D000E3F738BB10BD438907B58B420CD050F8AD
:1060E0000C2B40F2014192F87020ADF806308DF88B
:1060F000042001AA04F06DFB03B05DF804FB4369C2
:1061000043F0040343617047436923F00403436190
:1061100070474069C0F38000704747F23053002257
:106120000068F4F78DBA006804F0E6BA38B5436940
:1061300004469B070D4603D540F20941FFF7F3FFE4
:10614000E3F7C8FB08B1A3691D702046BDE83840DD
:1061500040F20941FFF7E1BF07B5027C012A09D0EF
:106160000122027440F20942914206D040F20A42F2
:1061700091420ED003B05DF804FB4FF4816150F8FA
:106180000C3B01AA93F870308DF8043004F021FB29
:10619000F0E750F80C3B01AA93F870308DF804300A
:1061A000F4E738B522F000430D46114640F20322D1
:1061B000934204461AD0B3F5017F09D240F201227E
:1061C000934213D040F20222934209D0002038BDFE
:1061D0006FF481621344012BF8D8FFF7BDFFF5E798
:1061E00000F020F9204601F0CDF9EFE763699B0745
:1061F00004D540F209412046FFF795FF2846FFF7F6
:1062000059FFE3E708B5E3F75FFA00B1806C08BD1A
:1062100008B500B10068E3F765FA08B9034602E083
:10622000836C002BF7D0184608BD10B5044642F623
:106230002A3000F054FB031B5842584110BD02287D
:1062400006D142F62A330888C31A5842584170478B
:106250000020704710B5044642F6293000F03FFB9D
:10626000031B5842584110BD90F8200000F0010077
:1062700070471FB504466846E4F78CF9102269465A
:1062800004F12100F8F769FCB0FA80F0400904B08D
:1062900010BD08B5FFF7EDFFB0FA80F0400908BD6A
:1062A00070B5044600F1210591B92846E4F772F96A
:1062B000236893F97500E2F7C5FB78B120682B4697
:1062C000BDE8704010220D2190F97500FFF794B8D9
:1062D000102200212846F8F76AFCE9E770BD38B5BE
:1062E0000446002390F8202041FA03F0C50703D4A8
:1062F00042FA03F0C0071ED40133082BF4D101F099
:10630000010523682A4384F8202093F97500E2F7F9
:1063100099FB40B1234653F8200B01220C2190F940
:106320007500FFF769F80DB9002038BD002120463F
:10633000FFF7B6FFF8E71320F7E768B13F290AD85F
:1063400000EBA10090F8310001F003014900084181
:1063500000F0030070470020704710B50368044642
:1063600093F97500E2F76EFB50B12346BDE810408B
:1063700053F8310B10220B2190F97500FFF73CB850
:1063800010BD10B590F87430DB0706D490F9753065
:10639000013314BF0F20052010BD847CE5F770FC8D
:1063A000844234BF0C200020F6E730B5044685B0A7
:1063B0006846E4F7EFF81021684604F023FA204617
:1063C000E4F7F6FA6B46C26804AD06321C4603CC0D
:1063D000AC4210605160234602F10802F6D105B0CC
:1063E00030BD08B5E4F7E4FA08B1E4F7B5FAC0B295
:1063F00008BD013810B580B2E4F7DAFA044608B9EE
:10640000002010BD408800F09CFB0028F8D0207BC5
:10641000F7E708B5E4F7CCFA18B1007AC31F584281
:10642000584108BD70B5054655F8213B044693F91F
:106430007500E2F707FB20B92846BDE87040E4F795
:10644000A9B8234653F8310B10220B2190F975009F
:10645000FFF713F8234653F8200B01220C2190F983
:106460007500FFF70AF820682B46BDE8704010223F
:106470000D2190F97500FFF700B801302DE9F041CA
:1064800085B228460E46E4F793FA42F60217044610
:1064900042F603089CB12046E4F75EFA78B1204644
:1064A00000F05EFBB84205D10EB123883380607BDB
:1064B000BDE8F081204600F053FB404502D14FF08B
:1064C000FF30F5E70135ADB22846E4F771FA04462E
:1064D000E0E72DE9F04707460E4690460D4642F6A6
:1064E000021942F6030A0135ADB22846E4F760FA14
:1064F000044678B1E4F730FA60B1204600F030FB92
:10650000484505D1237A072B04D10320BDE8F08745
:106510005045E8D141463046FFF7AFFF431C0146E6
:1065200004D03846BDE8F047FFF707BF0020EDE78D
:1065300070B5054608461646E4F73AFA044608B927
:10654000012070BDE4F708FA0028F9D0F00713D451
:10655000B10734D4720702D5A3885B0732D516F091
:10656000060F31D116F40060EBD0A38813F4006F4E
:1065700014BF00200620E4E7A388DA0743D513F010
:10658000700F0AD1980610D45806E1D52B6893F9FC
:1065900075300133DCD10820D3E72868FFF7F1FE1E
:1065A000A388990608D50028CBD12A6892F87420D0
:1065B0009207E9D40520C4E70028C2D1E4E7A38804
:1065C0009907C7D40320BCE7A38813F4E06F09D16F
:1065D00098050FD45B05C5D52B6893F97530013349
:1065E000C0D1D8E72868FFF7CCFEA388990507D566
:1065F0000028A6D12A6892F874209207EAD4D9E735
:1066000000289ED1E6E702209BE738B504460846FD
:10661000E4F7CEF9054608B9012038BDE4F79CF946
:106620000028F9D0AB8813F4E04F0CD1980412D4B1
:1066300013F48040F1D0236893F97500431C58424D
:106640005841C000E9E72068FFF79BFEAB8899043A
:1066500008D50028E1D1226892F874209207E7D487
:106660000520DAE70028D8D1E2E72DE9F0474FF01E
:106670000009044683F800900846A2F80090884676
:1066800016461D46E4F794F9074620B90123002079
:106690002B70BDE8F08774B1E4F75EF90028F5D0FF
:1066A0004046FFF7D7FD30B1012385F8009004F193
:1066B00020003380EDE72B46324639462046BDE8C0
:1066C000F047E3F7F3BEF8B516461C460F46BDF992
:1066D000185009B90120F8BD50B93B7A072B0DD8E5
:1066E000DFE803F004181E272E0404160320F2E747
:1066F0000846E4F731F90028EFD1EBE725EAE57326
:10670000B34214DBA0199842CCBF0D200020E2E771
:106710008020E0E7FB685B88AB42B8BF2B46EFE721
:10672000FA689388AB42B8BF2B46B34206DA07201B
:10673000D1E7022D2B46B8BF0223E1E75388E1E7FA
:106740000620C8E72DE9FF470446084689469046DB
:106750000393E4F72DF9054638B903A8F8F729FEA5
:106760000127384604B0BDE8F087E4F7F5F80028C3
:10677000F3D0039888B1F8F7A8FE86B24FF0FF3344
:1067800042460093294633462046FFF79CFF0746C2
:1067900028B103A8F8F70DFEE3E70646EEE795F803
:1067A00008A0BAF1020F31D0BAF1030F33D0BAF119
:1067B000010F08D0002C4ED14FF0000A03A8F8F7C3
:1067C000F8FD5746CDE7E86806303B463246039968
:1067D0004044F8F7DDFD002CEED02B7A032B3AD1A4
:1067E00003A8F8F7E6FD00212846E4F79DF870B30A
:1067F0000688697B2046FFF7A0FD0122034631464B
:106800002046CDF8009000F093FCAAE7E86806EB7C
:1068100008038380D8E7039B9A79D979891AC9B28A
:10682000481E012810D8134402291A7B04BF5B7B41
:1068300042EA03222B7B32EA0303BFD10123204625
:10684000697BE3F709FEC6E74FF00D0AB6E709F1E9
:10685000FF36B6B2CDE7039B494600932046434638
:10686000227F00F04BFC7CE7884270B504460D4661
:10687000164611D8012838BF01242046E4F798F8BD
:1068800010B14388B34208D00134A4B22046E4F7E3
:1068900073F808B1A542F0D20024204670BD70B54F
:1068A0000C4616461D460146B8B1B3B1022C01D0C4
:1068B000102C12D1E0B2E3F7B3FF4FF6FF7188421C
:1068C000024602D141F20A1070BD3046FFF7CCFFFC
:1068D0000028F7D028800020F6E72120F4E70023E5
:1068E00007B50122ADF80400ADF8063002210DF124
:1068F000060301A8FFF7D3FFBDF8060003B05DF85B
:1069000004FBF8B50F461646441CA4B22046E4F733
:106910004FF810B9013CA0B2F8BD00F021F90546CE
:10692000304600F0F9F820B1284600F0F5F80028CC
:10693000F0D1304600F0E9F820B1284600F0E5F843
:106940000028E7D10134A4B22046E4F715F808B1D5
:10695000BC42DBD94FF6FF70DEE72DE9F04F9A46D7
:1069600087B08B880D460C88814604A90220ADF8BB
:1069700010309046E3F754FFAB680090A888AF89C9
:10698000059300F0C2F838B1102F05D105A8E3F740
:106990002DFF022808BF02279DF840B00BF0010B25
:1069A00038E02046009AFFF75FFF0646A8B3AA88A2
:1069B0006988FFF7A6FF04463046FFF712FD40EA5C
:1069C0000B00C0B200B30DF10F03314648460DF184
:1069D0001202FFF74AFE9DF80F302BB1A8F80060B5
:1069E000184607B0BDE8F08FBDF81220BA420BD1AF
:1069F0003A4605990193F8F7B0F8019B20B9A8F839
:106A00000060AAF80040EBE74FF6FF739C4201D00C
:106A10000134A4B26988A142C3D20A23E0E708B5D1
:106A2000E3F7C6FFBDE8084000F09AB838B5054660
:106A30000846E3F7BDFF044610B94FF6FF7038BDB6
:106A40000DB96088FBE7E3F787FF0028F9D1F4E789
:106A500070B5044642F60520FFF741FFB0B10021B2
:106A6000FFF70BFD054601462046FFF766FC06468C
:106A70001022002104F13100F8F799F83246294636
:106A80002046BDE870400023E3F7E6BC70BD7FB54B
:106A900004460D46102200216846F8F788F80026C3
:106AA000AB575A1C1BD031462046FFF746FC19460F
:106AB000002BB8BFD91C04AA02EBA10100F003020D
:106AC000584200F0030003F0030358BF43425B0049
:106AD00002FA03F311F8102C134301F8103C0136AD
:106AE000402EDDD16B4604F1310504AE1A4603CACF
:106AF000B24228606960134605F10805F6D12046C8
:106B000004B0BDE87040FFF728BCA0F52050012874
:106B10008CBF00200120704742F60303C31A58427D
:106B20005841704708B5030409D4E3F745FEA0F5C2
:106B3000205080B201288CBF0020012008BD002019
:106B4000FCE7020408B507D4E3F736FE42F6030378
:106B5000C31A5842584108BD0020FCE7C00B7047DB
:106B60000346B3F902304088002B01DBE3F724BE73
:106B70000020704708B5FFF7F3FF42F60303C31A7E
:106B80005842584108BD08B5FFF7EAFFA0F520506C
:106B900080B201288CBF0020012008BD1FB550F82D
:106BA0000C4BADF80A3094F87040069BADF8061017
:106BB0008DF8082040F2035101AA8DF80440039398
:106BC00003F007FE10B906A8F8F7F3FB04B010BDF8
:106BD0002DE9F04F4FF0000889B005460E461446E7
:106BE000CDF8148000F1440712B305A8F8F7E1FBD3
:106BF0003846F8F7DEFB85F81C8000233246009308
:106C0000182123462846FEF716FD04F58854284629
:106C100050F80C3B40F2055193F8703006AA8DF8FD
:106C20001830079403F0D5FD002009B0BDE8F08FBF
:106C300043691A070ED523F00803436105A8F8F746
:106C4000B8FB3846F8F7B5FB2C772846FEF76FFD02
:106C50000024DCE7406C059048B980463846F8F7D8
:106C6000C6FB03460590002846D1044657E08379C9
:106C70004FF0FF3B0C331844B0F80160B0F803A0AC
:106C80003046E3F795FE03900598F8F7CAFB6C6C65
:106C9000A0F105081FFA88F8059BA3420ED14346D0
:106CA000524628460399CDF800B0FFF70CFD044684
:106CB000F0B14FF00008CDF8148096E7A3790C33BB
:106CC00004EB0309B9F80120B2420CD12046F8F7D1
:106CD000A8FBB9F80320431F12FA83F35B45B8BF42
:106CE0005B460FFA83FB2046F8F794FB0446D3E794
:106CF0000598F8F78FFBAEE79979284601F10C0269
:106D00001A44B2F801600531B2F803209971314696
:106D1000FFF718FDCDF81480044600289ED005A882
:106D2000F8F747FB3846F8F744FB00232B77002C95
:106D30008BD062E72DE9F047089C0E46174698462F
:106D4000054610B1037C012B61D02846FFF7D7F927
:106D500014F08009304614BF4FF0200A4FF0100A9B
:106D6000FFF747FB1AEA000F4DD03046FFF757FEFA
:106D700042F6052398420FD114F0010219D0314692
:106D80002846FFF742FC08B300F588542846FFF771
:106D9000BBF92046BDE8F0872846FFF765FA0028D2
:106DA000EAD02846FFF775FA0028E5D041F2121420
:106DB000ECE7B9F1000F3146284614BF0224012444
:106DC000FFF787FB2042DAD10224DFE7B9F1000F99
:106DD00011D0EB8BCBB943463A4631462846FEF7F5
:106DE000D8FC04460028D1D140F20A412846EE835F
:106DF000FFF793F9CAE743463A4631462846FEF77D
:106E0000A5FC0446C2E72124C0E70524BEE7072409
:106E1000BFE72DE9F047002586B09DF8389090F83F
:106E20001CA004460F4690460F9E0577B9F1000F4F
:106E300009D00A464B4651460096FEF7FCFB284611
:106E400006B0BDE8F087BAF1080FADF8169026D16C
:106E500045893246043DADB29D424FF002014FF0EC
:106E60000900A8BF1D46FEF776FB0222814605A950
:106E70003046ADF81470F8F7C9FD2A464146304651
:106E8000F8F7C4FD0546831C3146204689F80130D9
:106E9000E2F702FDADF81650BDF81600D0E7BAF1E2
:106EA0000A0F0DF116020CBF0B210D21CDE9016275
:106EB000009301224346FEF7E2FB1A28ECD111238E
:106EC0003A4651462046CDF80090ADF81690FEF7B0
:106ED000B2FBE1E7F0B5002589B017460122044670
:106EE0000E460393ADF81650FFF722FB8DF8150000
:106EF000002846D13046FFF798F910B13046FFF729
:106F000054FA3046FFF785FAB8B103A8F8F751FAFA
:106F1000204650F80C2B237F92F8702040F202514B
:106F20008DF8182006AAADF81A608DF81C30ADF85F
:106F30001E7003F04EFC09B0F0BD0DF115030DF10C
:106F4000160231462046FFF790FB9DF815300246A9
:106F50005BB9BDF81630BB4235BF0723DB1B8DF88C
:106F60001530D21928BFADF81630039B3146019376
:106F70009DF8153020460093BDF81630FFF749FF05
:106F8000D9E72A46F1E72DE9F04F89B0029018467B
:106F9000154605930C46FEF7BBFA80460598F8F7B0
:106FA00094FA0023B0F1010AB5F80A908DF81D306B
:106FB00000F089801AF0010740F085805046D4F730
:106FC000DFFF0646002800F08480524608F10101E8
:106FD000F7F7F8FD01212046059AFEF7BCFAB846FE
:106FE0000AEBDA7A09F1FF3B03904FEA6A0ABA45E5
:106FF00044DD36F81740012221462846FFF798FA6B
:107000008DF81D0068B92046FFF70FF910B1204632
:10701000FFF7CBF92046FFF7FCF978B180238DF814
:107020001D303046F8F739FD059B2246009328466F
:107030009DF81D300299FEF7FEFA26E00DF11D03C2
:10704000214628460DF11E02FFF70FFB9DF81D306B
:107050000490002BE5D1029B202B1BD1ABEB080346
:10706000012B0BDD0DF11E0102220598F8F7CEFC75
:10707000012801460CD805A8F8F7C9FA3046F8F7F8
:107080000CFD28460399FEF7BFFA09B0BDE8F08F62
:1070900008F10208BDF81E20ABEB08039A42C2BFFC
:1070A00009F1FF33A3EB0803ADF81E30BDF81E2035
:1070B000DDE90410F8F7AAFCBDF81E309842DDD3D4
:1070C0009844013793E7042300248DF81D302646A9
:1070D000A7E71123F8E770B504460D461646FFF7FB
:1070E000A4F840B933462A462146FFF72BFB08B1E6
:1070F00000F5885070BD41F20310FBE71FB550F852
:107100000C4BADF80A3094F87040069BADF80610B1
:107110008DF8082040F2015101AA8DF80440039334
:1071200003F057FB10B906A8F8F743F904B010BDF7
:107130001FB550F80C4BADF80A3094F87040BDF80C
:107140001830ADF806108DF8082040F2045101AA5D
:107150008DF80440ADF80C3003F03BFB04B010BDDB
:10716000F0B5122785B003920777022205460E4636
:10717000FFF7DEF9044668B103A8F8F71AF900230F
:107180002B77002332460093122123462846FEF730
:1071900052FA0FE0039A3046937903339371FFF765
:1071A00038F948B1039B3A460093314623462846B6
:1071B000FFF7F4FC05B0F0BD42F62930FFF78FFB76
:1071C000B04220D1039830B903A8F8F7F2F80023B1
:1071D0000D242B77D5E7F8F778F980B20128F3D1A1
:1071E000039B28469A791344197BFFF778F80446E5
:1071F00003A8F8F7DEF800232B77002CC1D128462E
:10720000FEF75CFAD6E7224631462846039BFFF795
:1072100099FA0446EFE72DE9FF4103920422044660
:107220000D46FFF785F9074628B103A8F8F7C1F81E
:1072300004B0BDE8F0814FF05208039A28469379D4
:107240000333937184F81C80FFF7E3F8064640B1DE
:10725000039B4246009329463B462046FFF79EFC8F
:10726000E6E742F62930FFF73AFBA842039B0BD131
:107270009A7920461344197BFFF731F803A8F8F7F1
:1072800098F800232377D3E7324629462046FFF7B4
:1072900059FAF6E72DE9FF418B7904460C330B448C
:1072A000B3F801700E463846B3F80380FFF799F83B
:1072B000002858D0022239462046FFF739F9054602
:1072C000E8B93846FFF7A5F868B116222277B379F6
:1072D00039460533B371204643460096FFF75EFCFE
:1072E00004B0BDE8F081D4F721FE33461B680135B8
:1072F000EDB2002BFAD10635A8421DDC092504F1B8
:107300004400F8F756F82B463A46162120460096D8
:10731000FEF791F9092DE3D1204650F80C3B40F2DD
:10732000055193F8703002AA8DF8083041F2091324
:10733000039303F04EFAD3E701213046F8F7CDFA74
:1073400001460028DAD004F14400F8F720F9B379B7
:1073500042460533B37139463346204604B0BDE892
:10736000F041FEF7BAB90125C9E713B5044641B9A2
:107370004430F8F71EF8204602B0BDE81040FEF792
:10738000D6B918224369027713F0080306D0002308
:1073900019460093FFF702FC02B010BD1A461946C9
:1073A00002B0BDE81040FFF713BC7FB5C58B0446A3
:1073B0002DB342F60520FFF792FAA84207D100212B
:1073C0002046FEF76DFF636923F001036361002629
:1073D00040F20A412046FEF7A6FE29460DF10E02B4
:1073E0002046ADF80E60FFF774F8BDF80E20034696
:1073F0000092294602222046FFF79AFEE68304B057
:1074000070BD2DE9F047DDF820900E4690461F46EE
:10741000044618B941F20110BDE8F0870846FEF7AE
:10742000E0FF0028F6D06589033DADB2AF4209D830
:107430003B46424631462046CDF82090BDE8F04715
:10744000FFF778BC4920E7E72DE9F3410546984668
:107450000C461646099FFEF752FE2B7C012B24D0CA
:107460002046FEF7D6FF10B32A7F0C2A21D84FF40E
:10747000A853D340DB071CD50020F8F765F9D0B13D
:107480009DF820300190009332464346214628461D
:10749000FFF7BFFC3FB900242846FEF735FE204623
:1074A00002B0BDE8F0813880F5E70724F4E7212435
:1074B000F2E70224F0E71A24EEE7F7B504461F4688
:1074C0000E461546FEF71BFE237C012B58D0237F6A
:1074D000182B2CD063691B0713D5217F16292DD0BB
:1074E00008D8122914D002252046FEF70DFE2846A2
:1074F00003B0F0BD18291AD05229F4D10023237704
:1075000013E03046FEF785FF0028E6D12125EBE7A2
:107510000023237735B1009332462B462046FEF7F1
:107520008AF802E02046FEF7C9F80025DCE72A4683
:1075300031462046FFF74CFB0546D5E7002323776D
:10754000002DE8D105211720BDF82430089A0095B8
:10755000FEF725F820B91123324612210095DDE708
:10756000FDF7DAFF6269034642F008026261827940
:107570003146053282713A462046FEF7AEF8D4E72E
:107580000725B1E72DE9F041054688B042F6052010
:10759000FFF7A5F9064604A8E2F7FCFF102205F163
:1075A00021010DEB0200F7F7D8FA50B1012128466E
:1075B000FEF776FE2846FFF74BFA6B6923F00103CE
:1075C0006B6142F60303022003A9ADF80C30E3F728
:1075D00027F9012407464FF0000820463A464FF6A7
:1075E000FF71FFF741F9044610B908B0BDE8F0811A
:1075F000FEF7F7FE0134A4B20028EED0A64203D174
:1076000031462846E3F730FA214628460DF10E02AE
:10761000ADF80E80FEF75DFF03460028DDD0BDF813
:107620000E202146009228460122FFF781FDD4E773
:1076300008B5E2F79DFF0020E3F750FE002008BDEB
:1076400010B5044680691430F7F7B3FEA069BDE8B1
:1076500010401830F7F7ADBE2DE9F0410F46144643
:1076600005461E46FFF7ECFF23463A460821002058
:10767000D5F81880F8F7F7F9AA69C8F81400536923
:1076800023B1002054811682BDE8F0811A20FBE767
:1076900070B504460846F7F718FFA16986B28A89D3
:1076A0004D8912B1521B96420CDA6389581E80B282
:1076B00025B90A78082A04BF043B98B2831B5842B4
:1076C000584170BD0020FCE730B5044654F80C0B5F
:1076D0008DB09DF8405090F8700042EA01428DF85C
:1076E00004001946029203A82A460795F7F76AFA9A
:1076F00040F20241204601AA03F06BF80DB030BD04
:1077000010B550F80C4B86B094F87040ADF80E10E0
:10771000ADF8102040F2064103AA01938DF80C4009
:10772000059303F056F810B901A8F7F742FE06B02A
:1077300010BD37B504460D46FFF782FF204640F2E4
:107740000941FEF7F0FC00222046A36940F2074100
:107750001A7050F80C3B6A4693F8703001958DF81A
:10776000003003F036F803B030BD13B501910021AD
:10777000044601F09EFF0422002320460DEB020187
:10778000FFF76AFF02B010BDF0B504460F461E4673
:10779000154685B052B983691B78072B30D0082B6A
:1077A00014BF15460925002E18BF0D250A98F7F7B6
:1077B0008CFEA3699A894AB15B8981B2D21A91423F
:1077C00004DD92B2891A0AA8F7F721FF204650F883
:1077D0000C3B40F2054193F8703001AA8DF804305B
:1077E0000A9BADF806708DF80850ADF80A60039357
:1077F00002F0EFFF10B90AA8F7F7DBFD05B0F0BD06
:107800000B25D0E7B0F80AC02DE9F041ACF1020C2D
:107810009C4505460E4617461C4603DDBDE8F04173
:1078200001F0F4BE83692246198100233946FFF72F
:1078300013FF044658B9AB690246314628460E3359
:1078400001F0FDFE044610B12846FFF7F9FE204680
:10785000BDE8F0812DE9F043202A8FB00546174698
:107860001C4603910BD941F2041421462846FFF728
:1078700060FF03A8F7F79DFD0FB0BDE8F083002B74
:1078800046D10846A2F10608F7F71FFE4FF6FF762D
:107890005FFA88F81FFA80F94C4510D3AB69DA8893
:1078A000B24239D942F60203ADF814300223711CFA
:1078B0000093284605AB89B201F051FE25E023462E
:1078C0003A46039906A8F7F763FDAB69BDF818605F
:1078D0009A88B242C7D8DA88B242C4D3BDF81A1027
:1078E000BDF81C20B8F1000F09D02846CDF8008063
:1078F0000DF11E033C44FFF7E7FEA4B2CCE7284697
:107900009E8019815A8101F043FE04460028B0D0C0
:1079100041F20A139C42A8D10024A6E72DE9F047C2
:107920001C4696B0836901921B780646062B03D04D
:10793000112B60D001A81CE00129104614BF4FF0A4
:1079400010084FF002080392002C4CD1F7F7BDFD50
:107950004FF6FF7508F1020987B2A7420ED8B36946
:10796000DA88AA4237D8002421463046FFF7E1FEE4
:1079700003A8F7F71EFD16B0BDE8F08723464A4678
:10798000039904A8F7F704FDB369BDF810509A886D
:10799000AA422DD8DB88AB422AD39DF81330282B7E
:1079A000E1D0B2465AF80C3B424693F870300DF1E4
:1079B00012010DA88DF83030ADF83250CDF844806A
:1079C0004C44F7F7FFF840F2044150460CAA02F08D
:1079D00000FFA4B2C1E7691C304689B201F08FFDF7
:1079E00004460028C4D041F20A139C42BBD0BBE736
:1079F00041F20414B8E70129104614BF12270427E6
:107A0000049284BBF7F761FD42F602184FF6FF714E
:107A100085B2A5420DD8B369DB888B4221D90131EB
:107A20004FF6FF72304689B201F069FD0446A0B1FD
:107A300019E023463A4604990CA8F7F7A9FCBDF8CB
:107A40003220BDF8301042459DF8333007D1B2697D
:107A5000022330460A32FFF7D5FE04A889E7282B17
:107A600006D141F20A1421463046FFF762FEF4E7E0
:107A70003C44A4B2CDE7F0B5836987B003911B788D
:107A80000546022B144653D108460491002A47D1DB
:107A9000F7F71BFD4FF6FF7687B2A7420DD8A8690E
:107AA000C288B2422BD8002421462846FFF741FE67
:107AB00004A8F7F77EFC07B0F0BD04220499234622
:107AC00005A8F7F765FCAA69BDF814109088BDF801
:107AD0001660814229D3D388994226D8864224D37E
:107AE0009E4222D85069927A837904340C330092F2
:107AF000034432462846FFF7E7FDA4B2CDE74369C9
:107B00004089711C0190987989B20C30034400932C
:107B100028464FF4205301F006FD04460028C7D044
:107B200041F20A139C42BFD1BDE741F20414BBE706
:107B300003A8BEE7F0B587B0054617461C4603917B
:107B400053B9FFF7A5FD38B1012322462846039912
:107B500000F084F807B0F0BDA9690B78082B05D8B0
:107B6000062B44D8032B0FD003A83DE00F2BFBD1ED
:107B7000039B0593002C6DD1002B6BD02246284629
:107B80000989FFF7BDFD59E00398059018B3ECB9DA
:107B9000102683794A890C330989034400962846C4
:107BA000FFF792FDAB699988DA88914217D242F6C5
:107BB0000203ADF8103002230131009328460DEB8B
:107BC000060389B201F0CBFC044660B141F20A130E
:107BD0009C4204D101E0002CF8D141F21F0421465F
:107BE0002846FFF7A6FD05A8F7F7E3FBB2E70398E1
:107BF00005907CBB70B3F7F768FC0FB386B2B74251
:107C00001ED2394605A8F7F73CFE38B905A8F7F7A4
:107C1000D0FB1A212846FFF78CFD9BE78379F61BE2
:107C2000C218023391898371AB6900225B89B6B2B5
:107C300000902846FFF7A8FDB742E2D92146E9E7C0
:107C4000AA69284653891189059A00920022FFF7F4
:107C50009BFDF3E705A8F7F7ACFBEFE7F0B585B0C0
:107C600006461F461446039132BB0846F7F72DFC23
:107C7000054608B3B1690B784A89082B0BD8062B47
:107C80000BD9039B09893046009313462246FFF720
:107C90007BFD039401E00F2B19D0B1694B89EA18E1
:107CA00092B2B2F5007F4A8117D82FB130460989C8
:107CB00001F07FFC044628B10022234611463046DD
:107CC000FFF738FF03A8F7F774FB05B0F0BD3046A7
:107CD000039B0989FFF714FDDBE741F20414EBE78E
:107CE00073B5836901911B780446082B15460ED89D
:107CF000062B0ED9019E20463146FFF7C9FC2A46C5
:107D0000034631462046FFF7A9FF02B070BD0F2B96
:107D1000F0D001A8F7F74DFBF7E730B5836987B0DE
:107D200003911B780546092B144611D105915AB9C8
:107D3000134600910F222146FFF726FD21462846D3
:107D4000FFF7F7FC07B030BD05A8F7F732FBF5E702
:107D500003A8F7F72EFBF5E770B5836986B00391AA
:107D60001B7805460A2B144631D1059132BB059884
:107D7000F7F7ABFB08B9044620E00023022205A96F
:107D80000DF11200F7F70EFB012815D9BDF81260AE
:107D900096B10598F7F799FB86420FD8BDF81210F7
:107DA00005A8F7F76EFD48B100230090212219467F
:107DB0002846FFF7E9FCDAE741F20D1405A8F7F7CA
:107DC000F8FA21462846FFF7B4FC06B070BD03A8B8
:107DD000F7F7EFFAF9E72DE9F04F87699FB00391C4
:107DE0003F780546052F16461C4604D8032F16D8A3
:107DF00010D003A867E0082FFBD108461391002B91
:107E000000F0C28013A8F7F7D4FA21462846FFF7FE
:107E100090FC01E0FFF71EFD1FB0BDE8F08F202AA7
:107E20000846049148D8002B40F0A880571FF7F768
:107E30004CFB4FF6FF78FFB21FFA80FA0DF11C0BD6
:107E4000A24506D8AB69DA88424500F28780002453
:107E500034E02346324604990BA8F7F799FAAB6948
:107E6000BDF82C809A88424526D8DA88424523D32B
:107E70005969F1B9A94659F80C1BBDF82F2091F8A2
:107E800070109DF82E308DF84C10ADF84E200DF18D
:107E900031013A4615A88DF850301997F6F792FE41
:107EA00040F20341484613AA02F093FC3444A4B2C2
:107EB000C6E75A89102A09D941F2041421462846F6
:107EC000FFF737FC04A8F7F774FAA5E70023584634
:107ED000F7F75EFAAB690DF13101102FCDE9051B03
:107EE00093F80A902BD1B9F1020F34D105A8E2F72B
:107EF0007DFC0228DAD14A46DDE90510F6F72DFEB1
:107F00000028D3D12B4653F80C0BBDF82F1090F856
:107F100070009DF82E208DF84C00ADF84E108DF8B5
:107F2000502059464A4615A80293CDF86490F6F7BA
:107F300049FE029B40F20341184613AAB4E7022F00
:107F400009D1B9F1100F06D106A8E2F74FFC0228BB
:107F5000ACD13A46D0E73A465846CFE742F603035B
:107F6000ADF84C30022308F101010093284613AB11
:107F700089B201F0F4FA04460028A3D041F20A13B2
:107F80009C423FF464AF99E759B900210023AA69E4
:107F9000284693815381118113993246FFF7CAFD18
:107FA0003AE7F7F792FA16B180B28642EDD1139A0A
:107FB0009379D118023389899371E7E72DE9F0436A
:107FC0001C468FB0836903911B780546012B174629
:107FD0005BD108460591F7F778FA202F0BD941F2CB
:107FE000041421462846FFF7A4FB05A8F7F7E1F99A
:107FF0000FB0BDE8F083002C42D10598F7F765FA81
:108000004FF6FF76A7F104081FFA88F81FFA80F9E7
:108010005FFA88F8A14505D8AB69DA88B24220D862
:108020000024DEE723463A46059906A8F7F7B0F99B
:10803000AB69BDF818109A88BDF81A609142CED38A
:10804000DB889942CBD89642C9D39E42C7D83246E4
:108050002846CDF8008007AB3C44FFF735FBA4B2BF
:10806000D8E74FF42053ADF810300223711C009371
:10807000284604AB89B201F0B0FA04460028B4D017
:1080800041F20A139C42CBD0ABE703A8AEE7836969
:108090001B780B2B02D0103B012B01D8FFF749BBFB
:1080A0007047F0B585B00193836917461A78044686
:1080B0000B3A0A9E072A42D8DFE802F00441304119
:1080C0004104412901980390F7F7FFF985B203A80D
:1080D000F7F76FF926B131462046FFF746FB0FE070
:1080E000A1697A194B8992B293420BD90A8201F1A4
:1080F0000E032046098901F0A2FA01460028EBD1BF
:1081000005B0F0BD0121204601F0D3FAF5E72EB904
:108110001A8A0198BA420BD04FF48166019B03A8DA
:108120000393F7F746F931462046FFF702FBE7E7EE
:10813000DA895969F7F7D4F90028EDD1EEE701A8FB
:10814000F7F737F9DCE738B58269044613780D464E
:108150000E2B12D0102B01D00B2B12D1536933B13F
:10816000997902F114000B44DD68F7F722F92946EA
:108170002046BDE83840FFF78ABFBDE83840FFF72A
:10818000D8BA38BD07B5002300921B22FFF7FCFACE
:1081900003B05DF804FB07B58369598000920023A2
:1081A0001D22FFF7F1FA03B05DF804FB08B500F0FB
:1081B0004EF8407940F4805008BD08B500F047F80B
:1081C000407940F4805008BD70B506460D4614460F
:1081D000D8F766FB4379C57523F0030343F0030327
:1081E000437140F60943C380A0F815602060153044
:1081F00070BD13B50C4601AAFFF7E6FF019BDA79C3
:108200001444DC7102B010BD73B5064610460C462E
:108210001546F7F75AF9211801AA3046C9B2FFF7F7
:10822000D3FF019B0646DA791444DC712B4633B93F
:1082300001A82946F7F7ABF9304602B070BD5C796A
:1082400024F0030444F002045C711B68EFE708B5F6
:10825000D8F72CFB83790C33184408BD08B5FFF719
:10826000F6FF407940F4805008BD4B88052B05D1BE
:1082700008880E288CBF002001207047002070471E
:10828000F8B505460F46164604210A220020F7F7E6
:108290001CFB0246B8B1847905210C3403194FF058
:1082A000060C00209970D87002F804C013241C71C9
:1082B00002245F715870D8719C7128461E81BDE8F8
:1082C000F840E3F71BBAF8BD73B5054610460192B6
:1082D0000C46F7F7FAF8042186B20198F7F738FA56
:1082E000024628B901A8F7F764F81A2002B070BD59
:1082F000837901900C33C1184C80C6522146284620
:10830000E3F7FCF90020F1E72DE9F0410646884645
:10831000174604210A220020F7F7D7FA0246B8B11F
:10832000857900240C354319052106209970DC70ED
:1083300050550120187102205C70987183F80580F7
:108340003046DC711F81E3F7D9F92046BDE8F081A2
:108350001A20FBE7002070470020704707B501A8EE
:108360000192F7F726F803B05DF804FB7047002090
:1083700070470F2070470F2070477047E4F7B0B880
:10838000E4F7C8B807B58DF80710E1F79DF968B1B3
:1083900045F2190200210DF1070300F06BF9B0FA64
:1083A00080F04009400003B05DF804FB2120FAE7AB
:1083B00038B545F21B020C460B460021054600F07D
:1083C00059F930B92CB121462846BDE83840E3F7C9
:1083D000FFBC38BD00F070B900F0E8BF00F0F1BF9D
:1083E00010B504464C30FDF741F884F8750020467E
:1083F000BDE8104000F0B5BF10B50446FCF7FAFF29
:1084000001280DD094F8733094F97000012B14BF3B
:108410000521032184F83210BDE8104001F04DB869
:10842000A36843F40073A36010BD00F077B910B5E2
:108430000446B0F80300E1F739F930B1B4F80D1093
:10844000621DBDE8104000F0CFB910BD10B5044664
:10845000B0F80300E1F72AF940B1B4F80D1004F1C7
:108460000F03621DBDE8104000F0C1B910BDCB0480
:1084700048BF41F480618160704710B50446006CCC
:1084800030B94FF4B070F7F703FB206420B910BD8A
:108490004FF4B07102F0C4F9FF23226C82F85E3110
:1084A000A3681B0603D5C02301201370EFE794F8DF
:1084B0007330012B14BF80234023F5E708B5D0B2F9
:1084C000E1F702F928B190F8773003F07F0380F8E4
:1084D0007730012008BD10B5044645F21A0102F0BC
:1084E0000BF92046BDE8104047F23053002245F218
:1084F0001A01F2F7A5B810B50A4604460821002073
:10850000F7F7E3F910B1837903441C7310BD38B554
:1085100005460C460D201121FFF7EDFF024688B1FC
:108520002146837903440D3304F1100051F8044BC4
:10853000814243F8044BF9D12846BDE83840062172
:10854000FFF7C2BE38BD38B505460C4604201121E0
:10855000FFF7D1FF024688B12146837903440D33EA
:1085600004F1100051F8044B814243F8044BF9D157
:108570002846BDE838400621FFF7A6BE38BD38B50D
:1085800005460C4603201121FFF7B5FF024688B1CE
:108590002146837903440D3304F1100051F8044B54
:1085A000814243F8044BF9D12846BDE83840062102
:1085B000FFF78ABE38BD37B50022054608211046B0
:1085C000F7F783F90446C0B10C2301220DF107012E
:1085D0008DF80730F7F71AFA296C2022513120461E
:1085E000F7F714FA296C202271312046F7F70EFABA
:1085F000224606212846FFF767FE03B030BD036C14
:108600004BB983681B0608D490F87330012B14BF54
:1086100080204020704718787047C020704770B5A0
:108620000446FFF7ECFFE3F7F7FE0D460346002292
:1086300045F2010120469847236C03B11D7028467E
:10864000E3F7EAFE4FF4A041034600222046BDE8CE
:108650007040184770B51546044648B1FFF7CFFF84
:10866000E3F7DAFE2A4603462046BDE87040184785
:10867000022070BD114608B51A4621F00041FFF7EF
:10868000E9FFB0FA80F0400908BD08B50B46014685
:108690001846F2F7AFF8003818BF012008BD10B532
:1086A0000446006838B11A2102F0BAF82068F7F7DA
:1086B000F4F90023236010BD30B58BB00D460022C5
:1086C00001A9C0B2E3F7C6FC044620BB01460D2257
:1086D0000DF10B00F6F76BFAB5F803206B79ADF8E6
:1086E000082006A9019A02A88DF80A30E3F7F4FCE5
:1086F00040F20343BDF81820002818BF1C469DF81F
:108700001A30102102A82A80AB7002F089F81021DB
:1087100006A802F085F820460BB030BD10B504461F
:10872000E3F7FEFB04F13400FFF7B9FFA3685A0634
:1087300006D523F0400300212046A360E2F7D0FED7
:10874000236C63B1D3F89400F5F75BF90421206C36
:1087500002F066F8206CF7F7A0F90023236410BD3F
:10876000F7B50D4669461646E3F774FC044698B91A
:1087700029461022009801ABF5F7AEF90746102103
:10878000284602F03FF82FB11021284602F048F8A1
:1087900040F2074406B13760204603B0F0BD38B55B
:1087A0000446C51C03212846FFF76FFFC8B9E278CD
:1087B00063797AB922791A43F4D003F07F0343F046
:1087C000400363715323A3712146BDE83840FF2065
:1087D000FFF772BFFF2AF0D122791A40FF2AE1D0B9
:1087E000EBE740F2074038BD0021E2F779BEF8B56B
:1087F0001D46836804465B060F4616462DD41A2094
:10880000F7F746F90146606320B92046BDE8F84015
:10881000E2F766BE034623F8027B326805F11001D9
:10882000C0F8022072685A602A46636B0A3352F815
:10883000040B8A4243F8040BF9D11021284601F0B9
:10884000EFFFA36843F0400213F4407FA26004D01E
:108850002046BDE8F840E3F797BEF8BD38B50446BA
:108860000D4605200221FFF746FE0246B8B1837986
:10887000062103445D732046FFF726FD45F4905121
:108880002046E3F7A5FA94F873302046012B18BF71
:108890008021BDE8384008BF4021FFF7C0BE38BD89
:1088A000B1F5A04F70B504460D4616460AD045F204
:1088B0000603994218D0324629462046BDE870404A
:1088C000E4F738B8836843F08003836090F873302E
:1088D000012B14BF80204020E3F79EFD00220346B9
:1088E0002046BDE87040184793791344597C41F401
:1088F0009051E3F76DFADEE72DE9F04196B01546A9
:1089000005AA1C4606460B4690461D9F01F1200E07
:108910009446186859680833ACE80300734562460A
:10892000F6D12021404601F06DFF0DAB2A469C4652
:1089300005F1200E1D4610685168083203C57245C6
:108940002B46F7D12021604601F05CFFAEB3336CBB
:1089500093F85D31013B022B2FD89DF8703043F026
:10896000800301AA8DF854301546234604F1100CFB
:10897000144618685968083303C463452246F7D182
:108980001021284601F03EFF3B4641224146284641
:10899000E3F750FC04461021284601F041FF412135
:1089A000404601F03DFF54B11EB108213046FFF7AB
:1089B00055FF204616B0BDE8F0810023D1E7102115
:1089C000384601F01FFF002EF3D0224645F2110178
:1089D0003046FFF73FFEECE72DE9F34790F8738050
:1089E0000446B8F1010F056C04D195F85031002B05
:1089F00040F0A88095F85C3195F85191032B00F276
:108A0000ED80DFE803F00283ACD019F0010F78D0DD
:108A100011210620FFF76FFD8246002800F09280AA
:108A2000877910210C3707447E1C3046FFF72DFE56
:108A3000014658B120460821FFF710FF002140F2FF
:108A4000074002B0BDE8F047E3F7E0B9A07CC0F111
:108A500010023044F6F7ABF8FCF7CCFC012895F98E
:108A60005E010BD132460521E0F70AF810B3082168
:108A7000204602B0BDE8F047FFF7F0BE33461022B3
:108A80000521FCF7B9FC28B1002140F21B40E3F7B7
:108A9000BDF9ECE7B8F1010F0CD004F11803113760
:108AA00056F8042BBE4243F8042BF9D1A36843F4D3
:108AB0008073A360524606212046FFF705FC0B2178
:108AC0000720FFF718FD074600283BD0867995F967
:108AD0005E310C36064443F43F430821A6F80130CA
:108AE000F01CFFF7D2FD0A22042195F95E01731CE8
:108AF000FCF782FC0028C7D13A4606212046FFF742
:108B0000E3FB95F85C31013385F85C3119F0020F15
:108B100020D011210820FFF7EEFC064690B100237B
:108B2000817901AA01440D31FF200193FFF718FE5E
:108B300058B108212046FFF791FE40F20740019905
:108B4000E3F764F902B0BDE8F0873246062120461B
:108B5000FFF7BAFB95F85C31013385F85C3119F009
:108B6000020F1BD008210920FFF7C5FC074600288B
:108B7000E8D086790C360644E1F738FB83793A462B
:108B800083F00803C3F3C003737003680621C6F8BB
:108B9000023083882046F380FFF796FB95F85C311E
:108BA000013385F85C3119F0040F12D011210A202D
:108BB000FFF7A1FC06460028C4D08079102230447B
:108BC000AB210D30F5F7F3FF324606212046FFF7C3
:108BD0007BFB95F85C31013385F85C31B8F1010F0E
:108BE00008D0236C93F85031002BABD195F85C3151
:108BF000042BA7D1A36C10220B2195F95E01313310
:108C0000FCF7FAFB78B140F21B412046E3F7E0F8AD
:108C1000B8F1010F14BF80214021204602B0BDE809
:108C2000F047FFF7FCBCA36C01220C2195F95E0113
:108C30002033FCF7E1FB0028E5D1A36C10220D21C5
:108C400095F95E012133FCF7D7FB0028DBD1082220
:108C500095F95E01114604F11003FCF7CDFB0028E5
:108C6000D1D1236C93F85E2184F87520FF2283F81C
:108C70005E21FCF7BFFB012818BFA36820461CBF7C
:108C800043F48073A360E3F77BF8C1E7E3F7B0BE7A
:108C90002DE9F04796B01D46DDE9229705AB064663
:108CA0000C469E46DDF8908002F1100A9C46106842
:108CB00051680832ACE8030052456346F6D170466D
:108CC000102101F09FFD09AA2B46944605F1100ED4
:108CD000154618685968083303C573452A46F7D105
:108CE0006046102101F08EFD0DAA94461E9B03F1F3
:108CF000100E154618685968083303C573452A468F
:108D0000F7D16046102101F07DFD9DF87C30D9F847
:108D100000008DF844309DF8803006218DF84530F4
:108D20009DF8843012908DF8463099F8063012A8DC
:108D300083F00803C3F3C0038DF84730B9F804305B
:108D4000ADF84C3001F05EFDBB79062183F00803DD
:108D5000C3F3C0038DF84E303B680DF14F00CDF8E2
:108D60004F30BB8804F11007ADF8533001F04AFDD5
:108D700001AA23461546144618685968083303C4E7
:108D8000BB422246F7D11021284601F03BFD434665
:108D9000412205A92846E3F74DFA0446102128464A
:108DA00001F03EFD412105A801F03AFD34B1082152
:108DB0003046FFF753FD16B0BDE8F087404610215E
:108DC00001F020FD224645F213013046FFF742FC38
:108DD000F1E72DE9F0419CB0154608AA1C4606466D
:108DE0000B469046239F01F1200E9446186859685F
:108DF0000833ACE8030073456246F6D120214046B3
:108E000001F000FD10AB2A469C4605F1200E1D46E0
:108E100010685168083203C572452B46F7D1604689
:108E2000202101F0EFFC18AA9446229B03F1100EBA
:108E3000154618685968083303C573452A46F7D1A3
:108E40006046102101F0DEFC04AA2346154604F119
:108E5000100C144618685968083303C46345224649
:108E6000F7D11021284601F0CDFC6B465022414637
:108E70002846E3F7DFF904461021284601F0D0FC2C
:108E80005021404601F0CCFC34B108213046FFF7B8
:108E9000E5FC1CB0BDE8F081039B38463B60042133
:108EA00001F0B0FC6846102101F0BAFC224645F200
:108EB00014013046FFF7CEFBEBE72DE9F3411D46E9
:108EC000089B04468846164690F873705BB11021E3
:108ED0001046FFF7DAFB30B10821204602B0BDE8AA
:108EE000F041FFF7BBBC236C013E691E03F110008B
:108EF00013F8012F16F801CF834282EA0C0201F821
:108F0000012FF5D10022404601A90192E3F740F973
:108F100048B10198F4F775FD08212046FFF79EFC43
:108F200002B0BDE8F08129462846019AE3F7D4F85B
:108F30000028EED1022F0CBF0023062304F15902B2
:108F40002B4404F15F0012F8016F1978904281EA16
:108F5000060103F8011BF6D1022F14BF00230623DC
:108F600004F152022B4404F1580012F8016F1978F1
:108F7000904281EA060103F8011BF6D129462846F2
:108F8000019AE3F7A9F805460198002DC2D1F4F73C
:108F900038FD2A4645F210012046FFF75BFBBFE78C
:108FA00073B545F20406B142044615460DD045F2AC
:108FB0001006B14222D0B1F5A04F38D1FFF78BFA9D
:108FC000236CD3F85831D90720D5236CD3F8582116
:108FD000D2070BD4AA7998330C3215446A1D153583
:108FE00052F8041BAA4243F8041BF9D1216CD1F8B2
:108FF000583113F004030CD0832104E0016CA83134
:10900000FFF7BDFA85212046FFF709FB002002B0DB
:1090100070BD81F85C31012301F1B8020093204654
:1090200001F1A80301F59871FFF747FFEEE702B0E1
:10903000BDE87040E3F77EBCB1F5A04F73B50446C0
:10904000154677D045F21B06B14240F0F68090F805
:109050007430DB0766D5056CB5F850312BB189212A
:10906000FFF7DDFA002002B070BDD5F858315E0779
:1090700047D5AB79D80744D56B7BD90741D5A36CCD
:1090800010220B2195F95E013133FCF7B5F938B1A7
:1090900040F21B412046E2F79BFE40F21B40E2E714
:1090A000A36C206C01220C2190F95E012033FCF7A7
:1090B000A3F90028ECD1A36C206C10220D2190F9AB
:1090C0005E012133FCF798F90028E1D10822206CD9
:1090D000114690F95E0104F11003FCF78DF90028A8
:1090E000D6D1236C93F85E2184F87520FF2283F893
:1090F0005E2120468021FFF792FA2046E2F740FEEB
:10910000B0E705F5987304F1180205F5A07553F85A
:10911000041BAB4242F8041BF9D1A36843F48073EB
:10912000A360E6E78021FFF77AFA29462046E2F7B6
:109130004FFE97E7036CD3F8582112F0040245D094
:109140009A79D2078ED55B7BDB078BD5FCF752F97A
:109150000128206C0ED100F59872032190F95E0170
:10916000DFF78EFC00283FF47DAF08212046FFF793
:1091700075FB92E700F598731022032190F95E01C8
:10918000FCF73AF928B1002140F21B40E2F73EFE1D
:10919000EBE7206C102200F59873052190F95E0131
:1091A000FCF72AF90028EED1236C04F1180103F52D
:1091B000987203F5A07352F8040B9A4241F8040B1D
:1091C000F9D1A36843F48073A3604BE7D3F8B810D8
:1091D000C3F8D010D3F8BC100192C3F8D410006CBF
:1091E00001A900F59870E2F7D3FF48B10198F4F7B0
:1091F00008FC20460821FFF731FB40F2074032E728
:10920000206C019A00F59871C830E2F765FF0546B9
:109210000198002DEBD1F4F7F4FB236CA07C03F54F
:1092200098732946C0F110021844F5F7C0FC216C70
:109230002046B831FFF787F914E702B0BDE8704067
:10924000E3F778BBB1F5A04FF7B5044608D045F277
:109250001105A94236D003B0BDE8F040E3F76ABB80
:10926000006C1021B830FFF710FA60B108212046D9
:10927000FFF7F4FA40F207400021E2F7C7FD40F2A1
:10928000074003B0F0BD256C95F85D6105F1A807B6
:10929000013E022E01979CBFD5F82C0195F85C6128
:1092A00005F151019EBFF04000F0010040F0800048
:1092B000009005F11102204605F1B803FFF71CFBF1
:1092C0000020DEE7016CA831FFF759F9852120461F
:1092D000FFF7A5F9F4E770B545F20406B14204467C
:1092E000134625D045F21806B14206D0B1F5A04F7D
:1092F00033D1FFF7F0F8002070BD11684D1C03D189
:109300000121FFF7ABFAF6E7026CD2F858014007EB
:1093100043BF002182F85C111B68C2F8301120465F
:109320004FF0840148BFC2F82C31FFF778F9E2E72B
:109330009979026C0C310B44591D9832153351F850
:10934000040B994242F8040BF9D1226CD2F858313F
:1093500043F00103C2F85831CDE7BDE87040E3F7B0
:10936000E9BA002310B50364044690F97500431C64
:1093700013D0DFF721FF082204F11003114694F9FE
:109380007500FCF77AF894F91330012B07D194F8A3
:10939000743043F0020384F87430002010BD022BB7
:1093A000FBD194F8743043F00A03F4E74B88062BA2
:1093B00005D1088841288CBF00200120704700207B
:1093C000704707B58B790A460B440191197C4B1EF7
:1093D0000D2B04D801F5A0410131FFF73BF901A89D
:1093E000F5F7E7FF03B05DF804FB08B5E2F710F806
:1093F000E2F70CFBE4F7CAFBBDE80840E0F7A0BFCA
:1094000008B5E2F7FDF928B9BDE8084000200021C1
:10941000F1F75CB900200021F1F758F9E2F706F8FE
:10942000EFE737B5044642F60720FDF758FA054640
:10943000C0B10A23002CCBBF0534053CB4FBF3F4C8
:1094400094FBF3F40123002118460DF1070264B2E6
:109450008DF80740F6F707FB002203462946104621
:10946000FDF770F903B030BD38B50D46F9F7BEFB16
:10947000044618B9B5F90000FFF7D3FF204638BD00
:10948000430803F05503C01A00F03303C0F385000E
:1094900000F03300184400EB101000F00F0070478C
:1094A000002110B5421D441E14F8010FFFF7E8FF1C
:1094B00094420144F8D1084610BD70470E20704711
:1094C000704710B5F1F7F8F9044628B10124204699
:1094D00010BD436ADB06F9D4E0F736FB0028F8D16B
:1094E000F5E710B5D2F7E4FF002814BF03240124E8
:1094F000D2F7E4FF08B144F00404204610BD70B573
:1095000004460E461546052100220420FCF723F8E8
:10951000014618B1A0F80160A0F803502046BDE84C
:109520007040FCF771B8F7B51D4600230446009360
:109530000F46164607210620BDF82430089AFCF78E
:109540002EF8014628B1A0F80170A0F80360A0F839
:109550000550204603B0BDE8F040FCF755B873B5A0
:1095600015461A460023044600930E46082005219E
:109570009DF81830FCF713F8014618B1A0F8016007
:10958000A0F80350204602B0BDE87040FCF73CB89C
:1095900038B5002204460D460A200321FBF7DBFF05
:1095A000014608B1A0F801502046BDE83840FCF75C
:1095B0002BB870B504460E461546052100220C2036
:1095C000FBF7C9FF014618B1A0F80160A0F80350ED
:1095D0002046BDE87040FCF717B873B515461A462B
:1095E0000023044600930E46102005219DF81830F4
:1095F000FBF7D5FF014618B1A0F80160A0F80350B1
:10960000204602B0BDE87040FBF7FEBF73B50E46C2
:10961000002144890546033CA4B2A342009128BF1F
:10962000234603211220FBF7BAFF014608B1A0F838
:109630000160284602B0BDE87040FBF7E5BF2DE9A8
:10964000F3410546984683690F4658691646F5F773
:109650003CFF6C8980B2053CA4B2844228BF04461A
:10966000A86921461430F6F70CF9009048B105229C
:1096700008210020F6F729F9019030B96846F5F77E
:1096800098FE1A2002B0BDE8F081009901A8F5F714
:109690007EFF1620019A93790C33D118D054A8F884
:1096A00000402846A1F80170A1F80360FBF7ACFF69
:1096B000E8E738B5002204460D4618200221FBF7E2
:1096C0004AFF014600B145702046BDE83840FBF72F
:1096D0009BBF70B5857904460C354619F5F7F5FE44
:1096E000625D431E013A9BB2202A12D8DFE802F0E5
:1096F000131118111A112B1131114211421142117B
:109700003511271111113B11271140114011111171
:109710004200002070BD042B14BF01200320F9E794
:10972000022BF9E743B37278022A0AD0012A23D127
:109730000222013B0232B3FBF2F102FB1133002B98
:10974000EAE71022F5E713F0030F14BF012003200E
:10975000E0E78BB17278013BEDE76BB17278032AD9
:109760000AD9013BE7E7042B34BF01200320D1E7EE
:10977000022BF9E70320CDE70120CBE70078E0F7E3
:109780000BB913B50C460DF107020DF10601FCF7FC
:10979000EAF830B19DF80600031B5842584102B068
:1097A00010BD0120FBE7F1F771B8FEF7E7BDE2F766
:1097B0009FBAE5F791BBFEF7E3BD70477047012103
:1097C0002F20E1F7B9BE00207047704770477047FF
:1097D000E5F7FCBE704713B50C4601A901F0CCFEBD
:1097E00010B9019BC4E9003002B010BD08B5F0F714
:1097F000B1FD50B9F0F762FF00200021F0F7B2FD93
:1098000018B9BDE80840F5F7D6BC012008BD38B549
:1098100004460D4620220021F5F7C9F9F3F70AFBAB
:10982000D5E90232E260EA8B43F4806322822A8C1B
:10983000A0806282AA8CA282EA8CE2826A68A3601B
:109840002260FFF7C0FF18B1A36843F00403A360D0
:10985000A36843F48032A2602A68920544BF43F4AF
:109860001023A36038BD08B5FFF7C0FF80F00100EA
:10987000C0B208BD08B5FFF7F6FF00280CBF0420F2
:10988000012008BD08B5FAF7CEFB002008BDE5F7BA
:1098900057BFE5F765BF02207047022070470020E0
:1098A000704701207047002070470846114601228A
:1098B00000F054B800F0B0BA00F0B8BA00F0ADB89B
:1098C000431E012B03D9031F584258417047012002
:1098D000704700F02ABD4FF4E0720021F5F767B938
:1098E0000846ECF777BE70B50446E7F75DFB054622
:1098F000A8B9A169F1B1238AD3B1204604F11002BD
:1099000000F030FB38BBE16919B3638AA3B120468C
:1099100004F1120200F0FBFA78B1054603E00023DF
:10992000A3612361E361002328466361236270BD64
:10993000A061E8E72082E6E7E361216A0029F2D02E
:10994000A28A002AEFD02046E38ABDE8704000F0EA
:109950009DBA6182F1E76582E561DEE7E7F732BD36
:109960000A7838B505461046FFF7AAFF60B14C7873
:109970002046FFF7A5FF38B12243530704D42846F9
:10998000BDE83840E6F7CABF212038BDFFF7E8BF81
:1099900010B504460878FFF793FF58B14A7810468F
:1099A000FFF78EFF30B1042A04D02046BDE81040F6
:1099B000E6F7D2BF212010BDFFF7EABF00F0B4B92F
:1099C000084600F05EBC7047F8B506460D46E6F75F
:1099D0003DF9D8B94FF6FF734FF0240CEF68C1B2D0
:1099E0008F4208D81C4621463046E6F7E5FA00F0DB
:1099F000A0FC2046F8BDAA680CFB0122D4899C4239
:109A000002D2002CEFD023460130E8E74FF6FF7476
:109A1000EFE7008E704700F0C4B970B504460D46FC
:109A2000164600F039F858B129462046E6F7C4FA40
:109A300038B9324629462046BDE87040EEF74CBDA5
:109A40000E2070BD08B5E6F777F818B1BDE80840FC
:109A5000EEF73CBA08BD00F0E8BAE6F7B7BF00F091
:109A6000CBB9002070470846ECF7EAB800F0DFBA3F
:109A7000E7F7CAB9EBF7A2BDE7F7D8B8E7F77CB9C3
:109A800038B50446154609B100F00EFB15B1204665
:109A9000E8F73EF8002038BD0346408A18B1188A1E
:109AA000003818BF0120704700F090BA00F09EBA4D
:109AB00010B5044600F078F820B92046BDE8104003
:109AC000E6F732BC10BD00F046BC00F044BCECF739
:109AD000A7BB2DE9FF41984604460E46174602F003
:109AE0001DF905462046FFF7E3FF0A9B3A4602931D
:109AF0000023314601932046CDF80080E6F762FC52
:109B00000446284602F005F9204604B0BDE8F0817D
:109B100038B5044602F002F905462046FFF7C8FFB3
:109B20002046E6F72DFC0446284602F0F2F82046CF
:109B300038BD38B5044602F0F1F805462046FFF777
:109B4000B7FF204600F03FF80446284602F0E1F84F
:109B5000204638BD38B5044602F0E0F805462046F8
:109B6000FFF7A6FF204600F034F80446284602F02E
:109B7000D0F8204638BD70B504460E4602F0CEF847
:109B800005462046FFF794FF31462046E6F766FC7F
:109B90000446284602F0BDF8204670BD01207047FB
:109BA000E8F754BB00F09BBAE6F7F8BA10B502F03C
:109BB000B5F8044600F015F8E6F716FB2046BDE8B8
:109BC000104002F0A6B8024608B5E6F7E7FA507D65
:109BD00008BD024608B5E6F7E1FA507D80F00100C5
:109BE00008BD00F0B8BBE6F7F9BD00F0E6B838B53F
:109BF00003210546E6F72CFD04462846E8F7D8F988
:109C0000204638BD38B590F827400D46FF2C17D0B8
:109C1000023C012C8CBF0024012449682246E8F74D
:109C200003FA286890FAA0F0000AECF7BDFFA97AC1
:109C30002889224681F00101E8F726FA002038BD84
:109C40000220FCE730B585B005460FC96C4684E8B4
:109C50000F0021462846FFF7D5FF05B030BDF0B50F
:109C60009C4605460E46174687B00C9B02AC0FCBB0
:109C700084E80F0063463A46314628460094E8F7E8
:109C800035FA07B0F0BDE8F7F3BA90F82730FF2BAC
:109C900001D0E9F7A3BE0220704790F82730FF2BD0
:109CA00001D0EAF799B80220704790F82730FF2BCF
:109CB00001D0EAF7DDB9022070470846EAF7C0BADA
:109CC000EAF7E6BA08461146EAF77AB8013001D158
:109CD000ECF7A0BC2120704700207047002070479F
:109CE0007047D0F8A03003F06003402B0DD0602BFC
:109CF00003D0203B58425841704749B10B68012BB3
:109D000006D9486940F00100704740F201107047E1
:109D100000207047C30705D410F0020F0CBF0120CC
:109D20000420704702207047F7B504461046D4E976
:109D300058C7DDE908268CEA020587EA06010540D6
:109D4000194085EA0C057940C4E95851002523F4EF
:109D5000004106EA010320F0010043F400730240D1
:109D600043F0020301950095EFF752FB94F824307D
:109D70009A0713D5D4F864319B050FD54FF4881199
:109D8000204600F0ADFB94F82430024665F3410311
:109D900084F8243020460B46E6F748FC002003B048
:109DA000F0BD30B4D0F8A0300A4023EA01031343D9
:109DB000C0F8A03030BCE7F7C9BB0520ECF726BAE5
:109DC000D0F8F02008B57AB11368022B0CD9536A89
:109DD00013F47F4FC3F3072106D0126ADBB253435B
:109DE0008B42B3FBF1F006D200204FF435624C21D8
:109DF000E6F7BEF9002008BD0346B3F83E21084649
:109E00008A4203D0A3F83E11EBF7BCBC0020704798
:109E10004FF48071EFF762BE10B50023E6F7F2FD54
:109E2000044608B9EEF742FB204610BD38B51D4682
:109E300000230446E6F7E6FD28B929462046BDE89A
:109E40003840EEF71FBC38BDD0F8F00040B10368D1
:109E5000122B04D9006D202828BF20207047002035
:109E6000704738B54FF03A430546DC6A808AC4F340
:109E70000C04A04234BF0020012041F265420821B9
:109E8000E6F776F9A88A001B80B238BD2DE9F041CB
:109E9000884618F0030706461546194633D1B2F531
:109EA000805F30D89A422ED33F2A28D9B2FA82F462
:109EB00001220120C4F11F03DBB29A4092B2AA42F0
:109EC0002CBFC4F11904C4F11A04E2B2931DDBB231
:109ED000984080B2A84214D096F80131ABB9012065
:109EE00096F8253060F3000386F825304046EBF7FE
:109EF00005F9C6F82080B5823846BDE8F0813A46BB
:109F0000EAE70020ECE72127F6E70E27F4E7F8B5AB
:109F100011F0030607460D46144621D102B31388FB
:109F20003F2B1DD9B3FA83F3C3F11901C9B2062936
:109F300001D8192B12D0062928BF062101238A1D1A
:109F4000D2B293402846238000F0DAF923883846BD
:109F5000FD617B82EBF7ECF93046F8BD3146EDE769
:109F60002126F9E738B5148811F003054FEAC40437
:109F70001ED13F2C1CD9B4FA84F4C4F11903DBB20E
:109F8000052B01D8192C11D0052B28BF052301243E
:109F90000633DBB204FA03F3C3F3CF041480816108
:109FA00004828387EBF7C4F9284638BD2B46EEE7D9
:109FB0002125F9E711F5004F08B505D001F30E0092
:109FC000E7F7C4FD002008BD2120FCE770B50E4670
:109FD00010210546EFF782FD044610212846320184
:109FE000EFF768FDEFF784FD204670BD1021EFF715
:109FF00075BDF8B504460E46174601F086FE3A4692
:10A00000054631462046EDF703FA0446284601F09E
:10A0100077FE2046F8BD0520704703207047ECF717
:10A02000EDB808B190F9260070470020704708B5D8
:10A030000B46062200F59E711846F4F7C3FD00207A
:10A0400008BD0429F8B505460C460AD10026F7B22A
:10A050003846EBF701FC08B13C4602E00136042E1D
:10A06000F5D12046EBF7F8FB58B195F83C31A34207
:10A0700009D085F83C4105F59E70BDE8F840EBF746
:10A0800087BB2120F8BD0020FCE70022E7F776BB64
:10A09000A0F84C30BDF90030C0F89410A0F84A2068
:10A0A000A0F84E3000207047E7F716BD10B51446F3
:10A0B00008460121ECF774FC2046BDE81040012160
:10A0C000ECF76EBC8021EFF709BD10B50446E7F749
:10A0D0006BF901462046BDE81040E7F76BB9E8F799
:10A0E000B5B8704758B103684BB143683BB183685A
:10A0F0002BB1037B002B0CBF2120002070472120B7
:10A100007047831F012B05D9033801288CBF00201D
:10A11000012070470220704710B504460878FFF709
:10A12000F0FF0128034606D12046BDE81040CA785A
:10A130000969E6F769BE10BD10B1022803D10120FC
:10A140000870002070472120704708B5CDF7E2FB6A
:10A1500008BD79B95300DBB2C3EB031101EB8202F6
:10A1600003EB830392B2C3EBC303028002EB43020F
:10A17000428070471346EFE732235843704730B5AB
:10A180004FF4FA65841A6C430244A2EB4102520078
:10A1900094FBF2F494FBF3F030BD70B51E46154607
:10A1A000EAF77EF8314604462846EAF779F84FF494
:10A1B0007A73001B80B25843C013A0F5E17070BDE4
:10A1C000F0B50525B1FBF5F5EDB205754DB3B5FA62
:10A1D00085F4C4F11F04E4B206464475D41D04EBB3
:10A1E000510404EB84040A44E4B292B2A4EBC50423
:10A1F00002EB8207A4B22D01BFB200EB430CB445C1
:10A2000011D113FB02F303EB83039BB203F178023A
:10A21000282903F19103C28243830DD15D23038377
:10A22000F0BD2C46D8E726F8024B05EB040E3C4463
:10A23000A6F808E0A4B2E2E7142901D17623EEE7FC
:10A240000A29EDD18423EAE70F2390FBF3F070474E
:10A2500030B5B1F90050B0F90040B1F9021004FB7B
:10A2600005F2B0F9023003FB11226B4304FB01330A
:10A2700002F5005203F5005392139B1302804380B2
:10A2800030BD10B5EDF79AFB04460021EAF7ECFE6D
:10A29000EAF7D4FE204610BD2DE9F74F01251C46F4
:10A2A0009DF83030064601930368174603F0070314
:10A2B00006339D4005F1FF380B46A1B1416804EA21
:10A2C000080BA5EB0B0A41F00059524509EB0B01B5
:10A2D00014D952461846F4F775FC49467A1B5A447D
:10A2E0005044F4F76FFC019B2BB13C4448EA05084D
:10A2F00004EA0804F46003B0BDE8F08F1846F0E704
:10A300004FF03A4301225A6741F6FF72D96418654B
:10A310001A67704737B5002514460095FFF7BCFF54
:10A32000204603B030BDE7F7F5BC002070470020A1
:10A330007047704710F0FD0F14BF4FF0FF30002042
:10A34000C0B270470A4690F89410A52901D8E7F7E3
:10A35000A7B92120704708B5EBF7A2FFBDE8084078
:10A36000EBF7C6BF38B50446FFF7F5FF0546FFF724
:10A37000F2FF431BA342FAD338BD38B50D4604465D
:10A38000EBF78EFF35B1844200D90139204601F048
:10A39000030138BD844238BF0131F7E708B5EBF758
:10A3A00097FFBDE80840EBF7A3BF08B50121FFF711
:10A3B000E4FFBDE80840EBF79BBF08B521B1920070
:10A3C000F4F700FC002008BD2120FCE700F06F43FB
:10A3D000B3F1804F02D0B3F1204F02D120F0704092
:10A3E000704700F06043B3F1204F08BF20F0805069
:10A3F00070470B0C23F48053B3F5284FF7B50D4687
:10A400008FB2064699B216D04AF60103994214D08B
:10A410004AF60203994212D0B1F5204F14BF04242A
:10A420000324D6F8EC300BB1196851B9D6F8E830EE
:10A4300093B928680EE00024F3E70124F1E7022431
:10A44000EFE7234668463A46ECF724F8DDE90003D7
:10A45000002BEBD103B0F0BD19680029E9D02346E9
:10A4600068463A46ECF716F8DDE90003002BE0D128
:10A47000F0E70204C0F3891307D56FEA83536FEA4C
:10A48000935313F5007F18B206D0A3F1C8006FF400
:10A49000FF739842B8BF18467047072894BF002042
:10A4A000012070470221ECF7A5BB0121ECF7A2BB0C
:10A4B0000020ECF70FBE0120ECF70CBE0E20704719
:10A4C0007047EEF733BAEEF731BAEEF72FBAEEF780
:10A4D0002DBA08B50846EEF74FFE08BDEEF726BACE
:10A4E00038B505460C4601F010FCD5F89C301C40F0
:10A4F000D5F898302343C5F8983001F001FC211EAF
:10A5000018BF01210020490238BD00207047704764
:10A51000704710B5044600F03800EFF779FE78B1C7
:10A52000D0E901324178C4F3074411F0020F08BFAB
:10A530001346043B53F8040F10B10278A242F9D13C
:10A5400010BD052B07D920F47F4020F0C70040F450
:10A5500000701060918070470368186800F099B827
:10A5600038B50546EFF724FE04462846FFF7F4FF0A
:10A57000204638BDEFF778BD10B500F1080454F857
:10A58000083C0BB9184605E054F8040C9847083409
:10A590000028F4D010BD70B504460C30D1F724FB70
:10A5A0000023666856F8232062B906EB8305B5429E
:10A5B0000AD123697BB900236380637823F00E03FB
:10A5C000637070BD0133EDE755F8043DDB68002B87
:10A5D000EDD09847EBE7DD68002DECD0043D55F851
:10A5E000043F002BE7D09847F9E738B503690546E3
:10A5F0000BB1186810B90024204638BDFFF7BCFF26
:10A6000004460028F7D02846FFF7C5FFF4E770B5E9
:10A610004378054623F00C0343F0020343700369BB
:10A6200053B1586840B1FFF7A7FF044620B1284650
:10A63000FFF7B1FF204670BD6E68043E56F8044F28
:10A640002CB9202005F10C01D1F7BCFAF2E7A36880
:10A65000002BF3D0984704460028EFD0E7E7407876
:10A66000C0F340007047437813F00E0F0CBF012079
:10A670000020704707B501A9FFF77CFF03B05DF824
:10A6800004FB08B500F084F9002814BF1420002052
:10A6900008BD7047430803F05533C01A00F0333348
:10A6A000800800F0333018444FF0013300EB1010F5
:10A6B00000F00F305843000E704710B5044688B1C3
:10A6C000836A016A7BB180689847002394F824006C
:10A6D00023620C28636005D82146D1F72FFC0D2397
:10A6E00084F8243010BD0029EFD08368002BECDB08
:10A6F0000846F5F7D2F9E8E7002307B51A460191B5
:10A7000001A9EFF731FF03B05DF804FB002330B57A
:10A7100087B004939DF83430DDE90A4503930C9B20
:10A72000CDE900450293EFF795FE07B030BD052354
:10A7300030B585B003930A9BDDE908450293CDE966
:10A740000045FFF7E3FF05B030BD30B5002300241E
:10A75000002585B0CDE900450293FFF7E8FF05B07D
:10A7600030BD03680B60016070472DE9F0410E4673
:10A77000174600240546006808B9BDE8F081D0E915
:10A780000083B3420BD18368BB4208D154B9C5F8EA
:10A790000080C368DB0701D5F5F77FF92046044642
:10A7A0004046E9E7C4F80080F3E7002370B51A4695
:10A7B000194605460468EFF7D7FE0CB92C6070BD4A
:10A7C000E3682668DB0702D52046F5F766F93446CC
:10A7D000F3E72DE9F8430E461746054610B9002069
:10A7E000BDE8F8830468002CF9D0D4E900893B4621
:10A7F00032462946A068C8470028F1D14446F2E70E
:10A8000030207047034610B501391A1A914200D81A
:10A8100010BD445C1A7803F8014B42540139F4E747
:10A8200000230144884200D1704700F8013BF9E75A
:10A83000704783791A0705D413F0100F0CBFFF205F
:10A840000120704700207047014B1868704700BF17
:10A85000C48200200A4B1B6F03F00703013B032B4C
:10A8600003D8DFE803F00A030608FEE7054B186883
:10A870007047054BFBE7054870470548704700BF28
:10A8800000800050C4820020CC82002080D543028A
:10A89000002D310108B5FFF7DDFF054B1B6FC3F33A
:10A8A00003330133B0FBF3F0024B186008BD00BF67
:10A8B00000800050C08200200048704700B4C404EB
:10A8C00000487047002D3101014B1868704700BFE8
:10A8D000CC8200200048704780D543024FF400220C
:10A8E0001B4B5A664FF0B4439868C0F304400C28E1
:10A8F0000AD8DFE800F00B0709092709191B1D1FFB
:10A900002123250013487047002070479B6803F0FF
:10A910004073B3F1807F17D0B3F1007F16D00E4A99
:10A92000002B08BF104670470C4870470C48704712
:10A930000C4870470C4870470C4870470C487047EB
:10A940000C4870470C4870470C4870470C487047DB
:10A9500000900050404B4C0000093D00405DC60097
:10A960000024F400C0EA2101002D310180BA8C01DD
:10A970000048E801005A62028096980080841E0018
:10A9800040420F00014B1868704700BFC88200208A
:10A99000034B5868C0F30800003818BF0120704707
:10A9A00000ED00E00A4A08B5127852B107280AD82B
:10A9B000084A02EB00131B7B3BB1CBF76FF800207A
:10A9C00008BD0548FCE70548FAE70548F8E700BF79
:10A9D0004E7F002024350020028000F0018000F02E
:10A9E000078000F00B4A10B512780C4662B10728B8
:10A9F0000CD859B1084A02EB00131B7B43B1CBF7CB
:10AA00005FF82070002010BD0448FCE70448FAE716
:10AA10000448F8E74E7F002024350020028000F033
:10AA2000018000F0078000F00B4A10B512780C4648
:10AA300062B107280CD859B1084A02EB00131B7BFE
:10AA400043B1CBF755F82060002010BD0448FCE767
:10AA50000448FAE70448F8E74E7F00202435002038
:10AA6000028000F0018000F0078000F001224378AE
:10AA700001789A4030235943014B5A50704700BF28
:10AA800040D00350034B5A68D20702D5DA69002A36
:10AA9000F9D1704700800A5030B9044B5A68D20788
:10AAA00002D59A6D002AF9D1704700BF00800A5084
:10AAB00008B9014B5964704700900A5008B9014B1E
:10AAC0005964704700A00A5008B9014B19647047D7
:10AAD00000A00A5010B9024B186C70470020704754
:10AAE00000800A5010B5FFF7D7FF10B919B101293E
:10AAF00004D0002001E0034BD86C10BD014B186D51
:10AB0000FBE700BF00800A5038B51446FFF7C4FFCA
:10AB100010B911B1012903D038BD034BDC64FBE748
:10AB2000014B1C65F8E700BF00800A5008B5FFF72D
:10AB3000B3FF10B9024B586D08BD0020FCE700BF01
:10AB400000800A50B8B1036813F4E07F03F03F00BF
:10AB5000C3F382120AD0012A0DD1084B41B103F58B
:10AB60008053012282401A6000207047044BF5E7B1
:10AB700003F50053F5E70E20704700BF68800050D2
:10AB8000648000500146064802688A4205D843683E
:10AB90001A44914228BF002070470020704700BF30
:10ABA000E83C00200229F8B596BF104B00245C5CFD
:10ABB000012805460E4608D0022809D008B944F0FD
:10ABC00002040B4B1F6837B9F8BD44F00804F8E7DE
:10ABD00044F02004F5E77B681A68144203D031463C
:10ABE00028465B6898473F68EDE700BF08C903083F
:10ABF000143D002038B5104D2B78ABB10F4C2378A5
:10AC00001BB100F081FA00232370002000F0A4FAA9
:10AC10000B4C50B100F0AAFA0023012120782B70D0
:10AC2000FFF7C0FF0123237038BD0122054B1A70C6
:10AC30002278054B1A70F7E7607F00205E7F0020C6
:10AC4000667F0020617F0020627F00200C4A13781D
:10AC5000FF2B01D158B170470BB908B9704730B11B
:10AC600001331370074B1B78012B03D87047013B4E
:10AC700013707047044B1B780BB9FFF7BBBF7047CD
:10AC8000657F0020667F0020617F002010B501F005
:10AC90003CF8064B04461B781BB1BDE8104001F0A0
:10ACA0002FB8FFF7A7FF2046F7E700BF5D7F002022
:10ACB0000228F8B504D0244A1378FF2B01D1E9B15A
:10ACC000F8BDD3B90029FBD0012313701F4B1B78AB
:10ACD000012BF5D901F019F81D4E0446337893B9CC
:10ACE00020461A4C01F00CF820780128E8D0012108
:10ACF000FFF758FF01232370E2E711B9013B1370FE
:10AD0000DEE70133E1E7134F3B781BB901223A70CC
:10AD1000114A1370114D2B781BB100F0F5F9002387
:10AD20002B70204600F0ECFF012000F015FA00F037
:10AD3000ECFF3B7804461BB100F018FA00233B708F
:10AD400000233370CCE700BF657F0020667F0020C2
:10AD5000607F00205D7F0020617F00205E7F0020FB
:10AD60002DE9FF47EFF3108572B6AFF3008001F0D5
:10AD700063FA002870D0704E704F337823B10020F2
:10AD8000FFF764FF00233370387870B903A900F02F
:10AD9000A3FB044648B96A4B039A1B689A4263D8DE
:10ADA0000120FFF753FF012333703B78654CDFF838
:10ADB000BC91002B72D02078012840F0948020783C
:10ADC00000F050F999F8003013B15F4B1B782370F5
:10ADD000AFF30080284601F014F8EFF3108572B647
:10ADE0005A4B1A7852B100221A70574B20781B78B0
:10ADF000984203D101212170FFF7D4FE544800F09E
:10AE00001DFB01F02DFA80460028B6D1514B524F60
:10AE100018703B789BB189F80000DFF84C9199F8E5
:10AE200000301BB100F070F989F80080002000F0BC
:10AE300093F9002875D000F099F900233B7033781E
:10AE400023B10020FFF702FF002333700021207898
:10AE5000FFF7A8FE00232370AFF30080284604B05C
:10AE6000BDE8F04700F0CDBF3C4BD3F8008000F0C8
:10AE7000E9F8039B8044984592D200F0BBF9820028
:10AE8000039942F0020292B2CDE900422346344ACD
:10AE9000A1EB08012E4800F0B9FF86E72E4BDFF842
:10AEA000B4801B780BB900F013F92078022831D157
:10AEB00098F8003023B10022264B1A7001F008FAEE
:10AEC000DFF8948098F80030002B7FF478AF254BA2
:10AED0001B7823B900F012F90122234B1A700123C9
:10AEE00088F800306BE74FF001080023DFF864A01A
:10AEF0008AF8003099F8003013B94146FFF752FE46
:10AF00009AF8003084F800803BB1B8F1020F7FF46A
:10AF100056AFD0E74FF00208E7E7B8F1020FCFD005
:10AF20004DE7012000F09EF8284600F06AFFEFF39D
:10AF3000108572B67AE700BF5F7F0020657F002032
:10AF40001C3D0020667F0020627F00205B7F002088
:10AF5000203D0020637F0020607F0020183D0020FE
:10AF60008DAC0308647F00205E7F0020617F00209D
:10AF700010B500F0CAFE0022054B1C781A7000F0D4
:10AF8000BFFE00F039FBE4B22043C0B210BD00BFE9
:10AF90005C7F002038B500F0B8FE094B05461B78F1
:10AFA000012B04D800F0ACFE0024204638BD054B30
:10AFB0001C6800F047F80444284600F0A1FEF4E7BE
:10AFC000667F0020183D0020184B19491A6F10B5F4
:10AFD00002F007020A60196F164801F4744101601B
:10AFE0001549164C8969032A01F00200C1F340019A
:10AFF000134A21700FD0D3F8201101F00701022964
:10B0000009D0D3F8281101F00701022903D000214B
:10B01000117018B910BD01231370FBE7D3F800318C
:10B0200003F00303591E4B424B41F5E700800050EB
:10B030004C3D0020483D002000C001506A7F0020A8
:10B040006B7F002008B5054B187818B1CBF7EAFAEA
:10B0500000EBD000024B1B68184408BD6B7F00203A
:10B06000443D0020012808B50BD00238012807D83C
:10B070000020CAF7EFF8124A136923F004031361A2
:10B0800008BD104A137823B10F490B6F43F4744382
:10B090000B670B490B6923F004030B61BFF34F8F60
:10B0A000BFF36F8F30BF1378002BE9D0064A0749F2
:10B0B000136F096823F474430B431367E0E700BF81
:10B0C00000ED00E05F7F002000800050483D002040
:10B0D000074A0849D2F8203103F007030B60D2F881
:10B0E0002831054A03F007031360F0F7F7BE00BFED
:10B0F00000800050583D0020543D00200122014BAB
:10B100001A707047697F00200F4B10B51B7883B110
:10B110000E4C2378A3B90E4B9A6DD10302D5DA6D8C
:10B12000920702D49B6DDB0704D54FF48032094BA4
:10B130009A6210BDCBF702FA4FF48032054B9A6247
:10B1400000232370F5E700BF6B7F0020687F00209D
:10B150000040005A0050005A034B1B780BB1CBF74C
:10B1600091BA0120704700BF6B7F002008B5F0F74F
:10B17000B6FE174B1B7833B10122164B5A60164AA4
:10B180009369DB07FCD5154B15491A6F096822F046
:10B1900007020A431A671349D3F82021096822F0ED
:10B1A00007020A43C3F820210F49D3F82821096870
:10B1B00022F007020A43C3F828210C4B1B781BB16D
:10B1C0004FF480320A4B9A62BDE80840FFF762BB39
:10B1D0006A7F002000D0015000C001500080005064
:10B1E0004C3D0020583D0020543D00206B7F002046
:10B1F0000060005A014B1878704700BF6B7F002039
:10B2000008B5164B1A7822B300221A70144B1A6F25
:10B2100022F0070242F001021A67D3F8202122F03F
:10B22000070242F00302C3F82021D3F8282122F0BC
:10B23000070242F00302C3F828210A4B1B7833B1FE
:10B240000122094B5A60094A53689B07FCD4FFF757
:10B2500021FB0122064B5A6708BD00BF697F002011
:10B26000008000506A7F002000E0015000C00150C3
:10B270000060005A0D490B68A0B10022A3B18342BF
:10B2800003D1836822B90B6003E01A469B68F5E797
:10B29000936083680BB9002070475A6941690A447A
:10B2A0005A61F8E72220704702207047643D002071
:10B2B00038B500F09FFA0025084B094C1A6823683E
:10B2C000C31A2AB123B15169994203D3C91A5161F2
:10B2D000206038BD55615B1A9268F2E7643D00203A
:10B2E000603D002038B5154D2B682BB35B69A3B1C9
:10B2F000134A022014681C4400F032FE204600F07D
:10B30000B7FA00230F492A680B7022B1D088800752
:10B310000AD501230B70002038BD022000F020FE6A
:10B32000022000F0EFFAECE79268002AF3D05069AF
:10B330000344012BEAD9EEE72220EDE7643D00202B
:10B34000603D00206D7F0020C38870B504460D4627
:10B350003BB9FFF71FFE8542064602D2F1F714FD06
:10B3600035460E4965610B688BB90C60A3600DE032
:10B37000AD1A9A68184665616AB113465A69AA42BD
:10B38000F6D930B18460521BA3605A6170BD0020B1
:10B39000F4E70C60F7E79C60A260F7E7643D0020EB
:10B3A000F8B515469DF81C20BDF820700271069A6C
:10B3B0000446026000220E46C0E903358260C78061
:10B3C0009DB900F017FA3044A0614EB13546062F02
:10B3D0001DD10822174B28469A6200F013FA02E0AA
:10B3E000E36866617BB90020F8BD00F003FA2844E9
:10B3F000A061002EEAD1E3686661002BE7D0204609
:10B4000021689847E3E7204621689847EBE700F07A
:10B410007CFC0646FFF74CFF29462046FFF794FFC9
:10B42000054B1B68A34201D1FFF75CFF304600F0DB
:10B4300067FCD8E70050005A643D002038B5044648
:10B4400040B3C388062B01D100F064FA00F05DFC24
:10B450000546FFF72DFF104B20461B68A34208D07E
:10B46000FFF708FF044680B1284600F049FC20465B
:10B4700038BDFFF7FFFE04460028F5D1FFF732FF85
:10B48000222802D1022000F02BFA284600F038FCD6
:10B490000024ECE72224EAE7643D002038B50C469E
:10B4A0000546A8B1A1B100230B7000F037FC0121C3
:10B4B000084B1B6833B900F02CFC002038BD9D42BE
:10B4C00004D121702278002AF9D0F4E79B68F1E7D3
:10B4D0002220F3E7643D0020F8B506460F4600F051
:10B4E0001DFC00250446124B1B6823B9204600F0C2
:10B4F00010FC1B2011E05A691544DA88B2420DD1C4
:10B5000000F078F90B4E3368C01AA8420AD3002322
:10B5100020463B6000F0FDFB0020F8BDFF2EEFD081
:10B520009B68E2E700F066F933682B441B1AEFE7EB
:10B53000643D0020603D002070B500F0EFFB064642
:10B5400000F058F9084B044601201D6800F0F2FC99
:10B5500018B100F04FF904460135304600F0D9FB30
:10B560002046294670BD00BF6C3D0020014B186885
:10B57000704700BF683D0020F8B50C4B05461B68BE
:10B580000E4683420FD3002440F2E7302146084B99
:10B590004FF47A721F680023E5FB0701CFF7F0FB39
:10B5A00030602046F8BD2120FCE700BF5C3D002054
:10B5B000683D00200F4B10B51A689AB14FF47A71AC
:10B5C000531E1342A0FB01010ED1B2FA82F2C2F166
:10B5D0001F04531CD243E04001FA03F3184321FA3D
:10B5E00002F20243104610BD0023CFF7C9FB02460A
:10B5F000F8E700BF683D002010B500F08FFB034B5B
:10B600001C7800F086FBE4B2204610BD6C7F002061
:10B610002DE9F0419846002386B00D4617460646B0
:10B620008DF8133080B30DF11301FFF737FF9DF84C
:10B6300013305BBB284605A9FFF79EFF0446F8B907
:10B64000134B4FF47A7218680023A5FB0001CFF763
:10B6500097FBC2F57A7189B2B1F57A7F08BF0021F4
:10B66000BDF83430B183F483059A02939DF83030ED
:10B670001146CDE9008330463B46FFF791FE044674
:10B68000204606B0BDE8F0812224F9E70224F7E75E
:10B69000683D002008B5084B1B7803F0FF004BB154
:10B6A00000F038FC054B1B689B69C01A02288CBF50
:10B6B0000020012008BD00BF6D7F0020643D0020F8
:10B6C000014B1870704700BF6C7F0020C2072DE946
:10B6D000F843044607D5444A136801331360FFF763
:10B6E000E7FDFFF7FFFDA3077CD500F017FB4FF048
:10B6F000000805464646FFF7DBFD3C4F3C680CB1B1
:10B700006369A3B100223A4B012E1A7003D118F0DD
:10B71000020F18BF1E70FFF7E5FD222802D102209C
:10B7200000F0DEF82846BDE8F84300F0F2BA234600
:10B730005A693AB91A792179914288BF1C469B68A7
:10B74000002BF5D1284600F0E4FA2569DDB100F0C0
:10B7500051F8A269A0EB02084FEAE873A84573F11B
:10B76000000311DB23691344A361E36813B120468E
:10B7700021689847B4F8068000F0D0FA01360546F3
:10B78000FFF796FDBAE7A84600F0C8FA81462046C2
:10B79000FFF770FD484600F0BCFA2369002BE4D0A7
:10B7A000A38BB5EB080533B1E28B13449BB2B3F521
:10B7B0007A7F0FD2E38300F0B1FA80462946204613
:10B7C000FFF7C2FDA369226940461344A36100F05C
:10B7D000A0FACAE7A3F57A73E383A369013D013BAD
:10B7E000A361E8E7BDE8F8836C3D0020643D0020DC
:10B7F0006C7F002008B5FFF745F9014B986908BD3B
:10B8000000800A5038B5044600F07FFA0546FFF77D
:10B8100039F90E4B022C9A694FF001018CBF1219B5
:10B820000332B2F1FF3F38BF013A0020FFF76CF955
:10B83000284600F065FA064B1A7832B10221054A13
:10B8400091640421916400221A7038BD00800A506E
:10B850008F86002000900A5007B5044B01A9187983
:10B8600000F062FA019803B05DF804FB7CC803089D
:10B87000F8B5044600F049FA0746FFF703F9154BFF
:10B880009D6900F069FB06460020FFF723F9830756
:10B8900004D4731B032B01D8AE420FD10021631BCC
:10B8A000022B98BFEC1C0846B4F1FF3F2CBF224688
:10B8B000621EFFF729F9022000F052FB384600F023
:10B8C0001FFA054B1A7822B10121044A9164002223
:10B8D0001A70F8BD00800A509086002000900A502F
:10B8E000830700F0010106D50123044A41F002015B
:10B8F0001370034A93640020FFF7E0B8908600209D
:10B9000000A00A50830742BF0222014B1A6470470D
:10B9100000900A50054B1A7832B90221044A91640A
:10B920000421916401221A70704700BF8F860020A5
:10B9300000A00A5030B5154B87B00293144B03900A
:10B94000049346F611030D46059300F077F9142889
:10B95000044616D1684600F0C9FB4FF0A843032205
:10B9600002A95A6319601D619A63DA6B9207FCD1D0
:10B97000142C02D1684600F0C7FB00F093F904468E
:10B9800001E00028E9D0204607B030BD7C3D002012
:10B99000040000202DE9F04FB1B005468C469E46CC
:10B9A000E8466F4EDDF8EC90409C06F1100A4746E1
:10B9B00030687168083603C75645B846F7D13E9BD4
:10B9C00003EB0208C8F1000A0AF00F0AB9F1000FF0
:10B9D00000F09D80C9F1000707F00F070121DDF895
:10B9E000FCB044F00050C4F11006CDF810B0059141
:10B9F0000690300200F4F85040F021000790B9F1B1
:10BA0000000F40F08680CDF820D047F00050002D88
:10BA100000F08480099121210A9041EA07210B91CD
:10BA200042F00050CDF830C03D9B08A94FEA0A2CE7
:10BA30000D910E904CF041000F901093002A75D19B
:10BA40003E9B119143F0005312933C9B139014932F
:10BA500010AB1593434B444A169340F611031793CA
:10BA6000424B0021002D08BF1346189314AB1993C5
:10BA70003F4B10221A9311231B931CAB1846F3F76C
:10BA800096F801221D92002246F0804603461E963B
:10BA9000239205B9EB46102CCDF880B024AE4BD1E3
:10BAA000012322460021304621932294F3F77FF8A8
:10BAB00020AB002125938F4218BF334647F08042C8
:10BAC00026923A9A2CA828922993B2FA82F35B091B
:10BAD00049EA837310222B912A93F3F768F8B9F19E
:10BAE000000F00D028AED04448F080432CA918A8FD
:10BAF0002D962E93FFF71EFF30B92DB90346A342B2
:10BB000025D1002818BF2C2031B0BDE8F08F1027B8
:10BB100064E7CDF820E049F0005078E7002C3FF4CE
:10BB200079AF04A9099101210A9076E73E9B0CAAFE
:10BB300011924120129388E7102200213046219370
:10BB40002294F3F734F8002CB2D10123B1E703F1CA
:10BB5000C0026A4412F8C02C01331043CFE700BF83
:10BB6000B3E4030810000020C8E40308CCE4030891
:10BB700004000020F0B5C0299FB0DDE9244557D06E
:10BB8000B1F5807F04D0802948D029201FB0F0BDB6
:10BB900001265CB140F234470294102403960494C9
:10BBA000212401970594069502AC0AE040F214475F
:10BBB00002941024039604942124059401240197EF
:10BBC0000695079401251024089409950A922122CC
:10BBD0000B950C940D92174A0AAD0E92164A0F95CA
:10BBE000109242F611021192129313951494159229
:10BBF00001AA1692D3B112AB179304231893112301
:10BC0000199316AB1A901B9340F61103C9081C91A7
:10BC10001AA806A91D93FFF78DFEB7E7012614B9F0
:10BC20004FF48267C4E74FF48667B5E70EABE3E7EE
:10BC30000F20ABE7C4E403081000001038B5164B22
:10BC40005A6E42F004025A66D3F8802242F0010292
:10BC5000C3F88022114B5B68C3F3080343B14FF074
:10BC6000A842D36B13F0430FFBD11424204638BDF8
:10BC70004FF0A843DC6B14F04304FBD1084D2B6854
:10BC80001BB904212846F2F7B3F82B68013343F0BF
:10BC900000432B60EAE700BF0080005000ED00E0A9
:10BCA0007C3D0020014B00205B68704700ED00E008
:10BCB00008B5C0B14FF480620C4B9A66BFF34F8F4A
:10BCC00000F08FFA4FF098435A6CD202FCD54FF433
:10BCD0008062586D064B10F470209A6604D0BDE85F
:10BCE000084000F03DBA212008BD00BF0090005080
:10BCF00000A000504FF4004070474FF47A70704736
:10BD000010B962B6BFF36F8F7047EFF3108072B651
:10BD1000704780F31188BFF36F8F7047EFF3118086
:10BD2000302383F31188704709B100F008B822204E
:10BD300070470121FEF706BF0021FEF703BF70B573
:10BD400006460D46FFF7EAFF0446202E56D8DFE8E8
:10BD500006F0111A551F222555282B552E55313422
:10BD600055373A3D55405543555255555546554919
:10BD7000554C4F00FEF76EFD002628602046FFF769
:10BD8000C8FF304670BD4FF4C070C8F7DBFCF3E766
:10BD90004FF42070F9E74FF44070F6E74FF460700D
:10BDA000F3E74FF40070F0E74FF48060EDE74FF4F5
:10BDB0004060EAE74FF4C060E7E74FF4F060E4E783
:10BDC0004FF4B060E1E74FF4D060DEE74FF410606D
:10BDD000DBE74FF4E060D8E74FF4A060D5E74FF41D
:10BDE0002860D2E74FF48070CFE74FF42060CCE7B3
:10BDF0004FF44860C9E74FF40860C6E700202126E9
:10BE0000BBE710B962B6BFF36F8F70472DE9FF41F2
:10BE10000D4616461F460446A8B14FF00008C0F86C
:10BE20001C80FFF70BFBBDF82C30424602939DF8B7
:10BE300028302946CDE9007320463346FFF7B0FA93
:10BE400004B0BDE8F0812220FAE7F0B50D461646B1
:10BE50001F46044685B090B10023C361FFF7EEFA98
:10BE6000BDF82C302A4602939DF828302946CDE9AA
:10BE7000007320463346FFF793FA05B0F0BD222049
:10BE8000FBE7F0B51F46002387B00D461646044673
:10BE90008DF81730A8B1C3610DF11701FFF7FEFA55
:10BEA0009DF817207AB9BDF83430294602939DF8E1
:10BEB00030302046CDE900733346FFF771FA07B002
:10BEC000F0BD2220FBE70320F9E7F0B51F46002371
:10BED00087B00D46164604468DF81730B0B1C361E1
:10BEE0000DF11701FFF7DAFA9DF8173083B9BDF8A5
:10BEF00034302A4602939DF830302946CDE900734C
:10BF000020463346FFF74CFA07B0F0BD2220FBE78E
:10BF10000220F9E738B5FFF701FF0546FFF76AFC95
:10BF200004462846FFF7F5FE204638BD00F021B84C
:10BF300000F030B810B504460020FEF7CBFD012C10
:10BF400004D0022C05D1C0F3400010BD00F0010068
:10BF5000FBE70020F9E7704700210846FEF7C2BD65
:10BF600000F00101830748BF41F002010020FEF705
:10BF70009FBD002008B5FEF7ADFD10F0080008D009
:10BF800000200821FEF7A0FDBDE808400020FEF7D4
:10BF9000CDBD08BD04210020FEF796BD38B5FFF7E2
:10BFA000BDFE04460020FEF795FD830700F0010565
:10BFB00048BF45F0020500F003010020FEF784FDB4
:10BFC0002846FFF783FB2046BDE83840FFF7A1BEB7
:10BFD000F0B5154649228FB0149C8DF8242004F149
:10BFE0000C060DF1250254F8047BB44242F8047BA0
:10BFF000F9D1247814704FF48074ADF834409DF872
:10C00000544000228DF8364004240694169CCDE955
:10C01000001505941324049409ACCDE902340B46B1
:10C0200011468DF832208DF83350FFF7B3FC0FB076
:10C03000F0BD30B5C02A93B02FD0B2F5807F29D0A3
:10C04000802A2CD14FF4807480F0010020430190AD
:10C050001698012502901024212003950494059040
:10C06000069301AB0795089409900A9306AB0B93CE
:10C0700004230C9311230D930AAB0E910F9340F6FA
:10C080001103D20802A90EA810921193FFF752FCD7
:10C0900013B030BD4FF48274D6E70F20F8E72920A3
:10C0A000F6E708B5FFF7CAFDBDE80840FFF7FABD9F
:10C0B0001FB5079C02949DF81840CDE90034134643
:10C0C0000A4601460020FFF783FF04B010BD1FB5EC
:10C0D000079C02949DF81840CDE9003413460A46A7
:10C0E00001460120FFF774FF04B010BD10B50446EF
:10C0F000FFF70BFE4FF0A8431A6822601B696360CC
:10C10000FFF7FEFD002010BD10B50446FFF7FDFD52
:10C110004FF0A84322681A6062681A61FFF7F0FDC9
:10C12000002010BD10B40446084611469DF80420B6
:10C130000192A2685DF8044BFFF7BABF10B4044641
:10C14000084611469DF804200192A2685DF8044B50
:10C15000FFF7BDBF8068FFF70DBD8968FFF769BFB6
:10C16000B0F5802F22D010D8B0F5003F20D007D8EE
:10C1700018B3B0F5803F08BF482018BF01207047B2
:10C18000B0F5403F08BF2C20F7E7B0F5302F11D0B5
:10C1900007D8B0F5E02F0FD0B0F5202F08BF102042
:10C1A000EBE7B0F57F0F08BF0620E6E74B207047AE
:10C1B0002A207047112070472120704708B528B108
:10C1C00028220021F2F7F3FC002008BD2120FCE723
:10C1D000036A042B9FBF00EB83020133D16003622B
:10C1E0007047036A052B14D84FF09842116CC902AE
:10C1F000FCD504339B0013650168103B1160416856
:10C20000116050F8081F11604FF0984203449842A3
:10C2100000D1704750F8041F1160F8E7836813B924
:10C22000816070475B685A68012AFBD1596070478A
:10C23000012070470120704738B5C5F7ADFF0446AF
:10C24000FDF711FB051E18BF2546EEF712FD041E73
:10C2500018BF2C46FFF7ECFF002818BF204638BD5A
:10C2600038B5FEF785FE0446C5F78CFF042825D0B7
:10C2700002284FF0000508BF0124FDF7FBFA04284F
:10C280001ED0022808BF0124EEF7F5FC042819D0BF
:10C29000022808BF0124CEF7D7FA042814D00228B8
:10C2A00008BF0124FFF7C6FF04280FD0022808BFEB
:10C2B0000124002D18BF0024204638BD0125DCE7ED
:10C2C0000125E1E70125E6E70125EBE70024F3E797
:10C2D00002210120EDF7C6BC0000000000000000B4
:10C2E000F8B500BFF8BC08BC9E467047F8B500BF63
:10C2F000F8BC08BC9E4670475FF800F0358200200D
:10C300005FF800F09181002080C3030850C3030848
:10C31000000000000000000020C30308000000002F
:10C3200038F60308CCF5030828F60308DCF5030803
:10C33000F0F50308FCF6030800F603088CF6030882
:10C3400054F60308D8F30308F4F3030800000000D0
:10C3500039F40108E0C30308D58E0108000000008D
:10C36000AF97030800000000BF970308000000001B
:10C3700065E701080EC4030800000000000000008B
:10C38000EDF30108E0C3030885E40108E0C30308F6
:10C39000AB97030800000000EDDF0108000000007B
:10C3A000A797030800000000ADE1010800000000AD
:10C3B0007D9703080CC4030835E701080EC4030881
:10C3C000B797030800000000AB540308000000000A
:10C3D000EB54030800000000000000000000000013
:10C3E00000000000307500000000000000000000A8
:10C3F00074EA0308000000000000000004000000D0
:10C4000000000000E2FF50000001000001000400F5
:10C41000FB001400955F0308D55F0308B55F0308B0
:10C420000B60030869A101082F8403080DA101080E
:10C43000496003082D9E010895DF0108A1A10108AC
:10C4400061A0010875EC010895E90108B5E901084A
:10C45000ADEA010845EB0108F5EB010801E0010830
:10C460004D84030800000000000500080030033E72
:10C47000043E053E073E0C3E123E133E213E293E41
:10C480002C3E2E3E2F3E303E313E323E0DFFEDFF24
:10C49000FFFF000000000000290500081900190036
:10C4A000000000003800430000000000142C152C90
:10C4B000172C182C192C162C000202020202010360
:10C4C0005B495D20005B5265666C6563746F725DED
:10C4D000205B25755D204372656174696E67206E0F
:10C4E0006577207265666C6563746F7220696E7320
:10C4F00074616E63653B20636F6E6E5F68616E642E
:10C500006C653D272575270A005B5265666C65637F
:10C51000746F725D205B25755D204353202D205282
:10C520005454202D205573696E672074686520610E
:10C530006E74656E6E6120494420310A005B52655D
:10C54000666C6563746F725D205B25755D20435377
:10C55000202D20525454202D20322D616E74656E92
:10C560006E612064657669636521205573696E6725
:10C570002074686520616E74656E6E612049442088
:10C58000320A005B5265666C6563746F725D205B96
:10C5900025755D204353202D20525454202D206FAB
:10C5A0006E6C7920312D616E74656E6E61206465EC
:10C5B0007669636521205573696E6720746865200C
:10C5C000616E74656E6E6120494420310A005B52D1
:10C5D00065666C6563746F725D205B25755D2043D5
:10C5E00053202D20525454202D2073776974636892
:10C5F000696E67206265747765656E2025752061B8
:10C600007661696C61626C6520616E74656E6E61E5
:10C61000730A005B5265666C6563746F725D205BC4
:10C6200025755D204353202D20525454202D207514
:10C630006E6B6E6F776E20616E74656E6E612075C5
:10C640007361676521205573696E67207468652082
:10C6500064656661756C742073657474696E673A9D
:10C6600020616E74656E6E6120494420310A005B62
:10C67000575D20005B5265666C6563746F725D2068
:10C680005B25755D2043616E6E6F7420616464206C
:10C690006E6577207265666C6563746F7220636F78
:10C6A0006E6E656374696F6E0A005B5265666C65D9
:10C6B00063746F725D20496E7374616E6365733A63
:10C6C0002025752F25750A005B5265666C656374BD
:10C6D0006F725D205B25755D2044656C6574696EC5
:10C6E0006720696E7374616E63650A005B526566EC
:10C6F0006C6563746F725D205B25755D204353200C
:10C7000070726F636564757265206661696C6564DB
:10C710002C20737461747573203D2030782530347B
:10C72000782C207374617465203D2025750A005BA8
:10C730005265666C6563746F725D205B25755D2064
:10C74000435320536563757269747920456E616245
:10C750006C6520636F6D706C657465640A005B5274
:10C7600065666C6563746F725D205B25755D204343
:10C770005320636F6E66696775726174696F6E20AE
:10C78000636F6D706C657465640A000001000000E1
:10C790000000000002000000000000000100000096
:10C7A0000100000001040000000000000000000083
:10C7B0000203020202013F0028002920001E00009F
:10C7C00003000000B3BB0208AFBB02088DBB020828
:10C7D0005BBB0208EBBB0208BDBB02085DBB0208E5
:10C7E0002C00000002020203000000030000000011
:10C7F000000000000000000000000000070008002A
:10C80000000000000000000000000001020405001C
:10C810000000000000000000000000000600000012
:10C8200001260000040000000000000000010000DC
:10C83000000000000B0000000C00000003000000DE
:10C840000000202000000000030000003C3C3C00F1
:10C8500000000000000000000000000001031001C3
:10C86000010903001E0000001B000000160000006C
:10C870001A000000570000005600000000800A5017
:10C880001300000064C8030800000A500A000000FA
:10C8900074C80308B4C80308B0C803080000015BEB
:10C8A0001500000078C80308BCC80308B8C803080E
:10C8B000010010000000100001000F0000000F0038
:10C8C0000000002000100030050000000000000003
:10C8D00000C2010000020000001000000000000083
:10C8E0000000000000000000050000000000000043
:10C8F00080250000800200000010000000000040C1
:10C900000000000000000000010410003800430097
:10C910000000000088C9030856C9030824C9030899
:10C92000190000007DF632F57AF46CF5FFF278F12B
:10C930000CFBACF9FCF70BF6B0F528F560F6E2F568
:10C940002CF652F6BCF43FF659F45AF5BDF4EDF36B
:10C95000EDF3EDF3EDF3610062005F006200610052
:10C9600062005F005E0060006300620066005F00BE
:10C97000660061006000610063005F005B005800BA
:10C980005D005D005D005D001100110011001200EE
:10C990001200130012001300120012001300120004
:10C9A00011001200120011001000110011001300FC
:10C9B00014001300130013001300000030CA030812
:10C9C000FEC90308CCC90308190000007DF632F542
:10C9D0007AF46CF5FFF278F10CFBACF9FCF70BF68E
:10C9E000B0F528F560F6E2F52CF652F6BCF43FF609
:10C9F00059F45AF5BDF4EDF3EDF3EDF3EDF3610009
:10CA000062005F006200610062005F005E00600023
:10CA10006300620066005F00660061006000610004
:10CA200063005F005B0058005D005D005D005D001D
:10CA300004000400050004000400040004000500D4
:10CA400004000400040004000400030004000500C6
:10CA500004000500040004000200030003000100BC
:10CA6000010000006CCA0308010000000000000083
:10CA700000DE03080000000018CB030803000000DC
:10CA800000000000005A620278DA0308000000008B
:10CA900084CB03080100000000000000005A62027D
:10CAA00000DE030800000000A8CB0308030000001C
:10CAB00000000000005A620200DE030800000000CF
:10CAC00014CC03080300000000000000005A6202BA
:10CAD00000DE03080000000080CC03080600000010
:10CAE00000000000005A620200DE0308000000009F
:10CAF00058CD03080300000000000000005A620245
:10CB000000DE030800000000C4CD0308030000009D
:10CB100000000000005A620238CF0308809C2B8F6F
:10CB200080841E00000000002500FF7FFC820020A2
:10CB300000000000C8E203080000000038CF03082E
:10CB4000809C2B8F80841E00000026002600B700EA
:10CB5000FC82002000000000C8E203080000000082
:10CB600038CF0308809C2B8F80841E000000270094
:10CB700027008C00FC82002000000000C8E20308AF
:10CB80000000000030CE0308809C2B8F40420F0035
:10CB9000000000004E00FF7F048300200000000022
:10CBA000CCE203080000000018D10308809C2B8F02
:10CBB00080841E00000000002500FF7FFC82002012
:10CBC00000000000D0E203080000000018D10308B4
:10CBD000809C2B8F80841E00000026002600B7005A
:10CBE000FC82002000000000D0E2030800000000EA
:10CBF00018D10308809C2B8F80841E000000270022
:10CC000027008C00FC82002000000000D0E2030816
:10CC100000000000F8D20308809C2B8F80841E0047
:10CC2000000000002500FF7FFC82002000000000C3
:10CC3000D4E2030800000000F8D20308809C2B8F88
:10CC400080841E00000026002600B700FC82002021
:10CC500000000000D4E2030800000000F8D203083E
:10CC6000809C2B8F80841E000000270027008C00F2
:10CC7000FC82002000000000D4E203080000000055
:10CC8000D8D40308809C2B8F80841E0000000000F5
:10CC90002200FF7F0483002000000000D8E2030888
:10CCA00000000000D8D40308809C2B8F80841E00D5
:10CCB000000023002300B6000483002000000000D1
:10CCC000D8E2030800000000D8D40308809C2B8F12
:10CCD00080841E000000240024009D0004830020A6
:10CCE00000000000D8E2030800000000D8D40308C8
:10CCF000809C2B8F80841E000000250025007D0075
:10CD00000483002000000000D8E2030800000000B7
:10CD1000D8D40308809C2B8F80841E00000026003E
:10CD2000260053000483002000000000D8E203081E
:10CD300000000000D8D40308809C2B8F80841E0044
:10CD4000000027002700FF7F048300200000000070
:10CD5000D8E2030800000000B8D60308809C2B8F9F
:10CD600080841E00000000002500FF7F0483002057
:10CD700000000000DCE2030800000000B8D6030851
:10CD8000809C2B8F80841E00000026002600A000BF
:10CD90000483002000000000DCE203080000000023
:10CDA000B8D60308809C2B8F80841E0000002700CB
:10CDB0002700FF7F0483002000000000DCE203085E
:10CDC0000000000098D80308809C2B8F80841E00F0
:10CDD000000000002500FF7F048300200000000009
:10CDE000E0E203080000000098D80308809C2B8F25
:10CDF00080841E00000026002600B7000483002067
:10CE000000000000E0E203080000000098D80308DA
:10CE1000809C2B8F80841E000000270027008C0040
:10CE20000483002000000000E0E20308000000008E
:10CE3000FC4F010324E1030820C0011000F80700A3
:10CE400020C00130FE02280160C00400080B0D0E56
:10CE50000E00000088C602000005000040400601E8
:10CE6000000000000000901110000000000000868B
:10CE70001FC081000000000068400401FB04FF00A7
:10CE8000410800000A0000009200040088400D01E3
:10CE9000B6032A0000000060000000000002050D3B
:10CEA0001C2F42536269686053402E1F110A080804
:10CEB000080807060504030302020201010101013B
:10CEC00000000000484101011D78D852D041010105
:10CED000000000AA00420A010C34E10C75810E002A
:10CEE00045117C00F98CB100CDFB1F00F988C2040C
:10CEF0003B1B621E00000000000000003800000024
:10CF00006842010100000000A08002017078030067
:10CF1000D0000000A8800111F0010000A8800131BC
:10CF20000542CB01AC800111F0010000AC80013161
:10CF3000053EFD00FFFFFFFFFC4F0103D0E00308AB
:10CF400010400100004100003C40010000000000D2
:10CF5000484001002007000350400100000000008D
:10CF60005C4001000D0F000008410100FF4C000073
:10CF700054C00700511130000F000EE62D000000D4
:10CF8000080B0D0E0E000000D1B60200E0040000F8
:10CF900040400701000020700000901110000000C8
:10CFA000000000461FC0810000000020008000003B
:10CFB0006440050100000000FB04FF004008000081
:10CFC000100000009100040088400F01B603120019
:10CFD00000000060000000000002050D1C2F4253FD
:10CFE0006269686053402E1F110A08080808070686
:10CFF0000504030302020201010101010000000017
:10D0000000000000000000001C41010100302C8CD9
:10D0100038410701BC200BF045C05100055BA04022
:10D020008E6E82942182485209084000C00D008013
:10D030005C410101FFDD0000684107014CD4E83B81
:10D0400004190D50080E141A20262C32383E1032C6
:10D050005476980A1D0040B4D0410301000000003E
:10D06000D000000004001200E04113010000008025
:10D07000E2CFDD2C7EB63A00600919005122E200B1
:10D080004CB9510E3982A904D8229B29E2CFDD2C5C
:10D090007EB63A00600919005122E2004CB9510EE7
:10D0A0003982A904D8229B2900000000000000005A
:10D0B000440000003C3C3C3C4C420101080003049D
:10D0C0006842010100000000388001012446100080
:10D0D000A080020170380300D0000000A880011178
:10D0E000F0010000A8800131055AFD01AC8001115A
:10D0F000F0010000AC800131053EFD00EC000112A2
:10D10000E00F0000EC0001320C20511184010102FB
:10D1100000000000FFFFFFFFFC4F010378E1030860
:10D1200010400100004100003C40010010000000E0
:10D130004840010020170003504001000104000096
:10D140005C4001000D0F00000841010003C0010018
:10D1500054C00700511130000F000EE62D000000F2
:10D16000080B0D0E0E000000D1B602008005000075
:10D1700040400701000020700000901110000000E6
:10D18000300000461FC881000020003000800000F1
:10D190006440050100000000FB04FF00400800009F
:10D1A0001000000092000A0088400F01B603120030
:10D1B00000000060000000000002050D1C2F42531B
:10D1C0006269686053402E1F110A080808080706A4
:10D1D0000504030302020201010101010000000035
:10D1E00000000000000000001C41010100302C8CF8
:10D1F00038410701BC200AF045C051000100004041
:10D20000B75635120078085009084000C003008066
:10D210005C41010100000000684107014CD4E83B7B
:10D2200004190D700A10161C22282E343A401032B0
:10D230005476980A1D6980A4D041030100000000C3
:10D24000D000000000000200E041130100000000D7
:10D25000E2CFDD2C7EB63A00600919005122E200CF
:10D260004CB9510E3982A904D8229B29E2CFDD2C7A
:10D270007EB63A00600919005122E2004CB9510E05
:10D280003982A904D8229B29000000000000000078
:10D29000440000003C3C3C3C4C42010108000004BE
:10D2A000684201010000000038800101244610009E
:10D2B000A080020170380300D0000000A880011196
:10D2C000F0010000A8800131055AFD01AC80011178
:10D2D000F0010000AC800131053EFD00EC000112C0
:10D2E000E00F0000EC0001320C205111840101021A
:10D2F00000000000FFFFFFFFFC4F0103CCE103082B
:10D3000010400100004100003C40010010000000FE
:10D3100048400100200700035040010000040000C5
:10D320005C4001000D0F00000841010003C0010036
:10D3300054C00700511130000F000EE62D00000010
:10D34000080B0D0E0E000000D1B602008005000093
:10D350004040070100002070000090111000000004
:10D36000300000461FC8810000200030008000000F
:10D370006440050100000000FB04FF0040080000BD
:10D380001000000092000A0088400F01B60312004E
:10D3900000000060000000000002050D1C2F425339
:10D3A0006269686053402E1F110A080808080706C2
:10D3B0000504030302020201010101010000000053
:10D3C00000000000000000001C41010100302C8C16
:10D3D00038410701BC200AF045C05100010000405F
:10D3E000B75635120078085009084000C003008085
:10D3F0005C41010100000000684107014CD4E83B9A
:10D4000004190D70080E141A20262C32383E1032E2
:10D410005476980A1D6940B4D04103010000000011
:10D42000D000000000000200E041130100000000F5
:10D43000E2CFDD2C7EB63A00600919005122E200ED
:10D440004CB9510E3982A904D8229B29E2CFDD2C98
:10D450007EB63A00600919005122E2004CB9510E23
:10D460003982A904D8229B29000000000000000096
:10D47000440000003C3C3C3C4C42010108000004DC
:10D4800068420101000000003880010124461000BC
:10D49000A080020170380300D0000000A8800111B4
:10D4A000F0010000A8800131055AFD01AC80011196
:10D4B000F0010000AC800131053EFD00EC000112DE
:10D4C000E00F0000EC0001320C2051118401010238
:10D4D00000000000FFFFFFFFFC4F010320E20308F4
:10D4E00010400100014100003C400100000000002C
:10D4F00048400100A0070003504001000000000068
:10D500005C4001000000000008410100FF4C0000E9
:10D5100054C00700512130000F000EE62D0000001E
:10D520000405060708000000D1B6020060050000EF
:10D530004040070100005051000090211000000001
:10D54000000000861FC081000000002000000000D5
:10D5500064400501000000407B02FE00400800001E
:10D56000020000009200080088400F01D5032A0045
:10D57000000000E0000000000002050D1A2D3F50E1
:10D580006068696357463525150D090807060505C6
:10D590000404040303030302020202020101010165
:10D5A00001010101010101011C41010100B0B18C27
:10D5B00038410701BC200AF0B2555200055B984083
:10D5C0008E6E8294233C4852893B4000C003008009
:10D5D0005C410101FFDD000068410701E853FA00EA
:10D5E00000000040000000000000000000000000FB
:10D5F0000000000000000000D04103010000AAAAC2
:10D60000D000000004001200E041130100000000FF
:10D61000FFAB000A5CF10F00D341020095EDB100B1
:10D62000197BD80F1208B904EA1B6D1FC9B7C20ACB
:10D630000B203B00430600005962F300727E960007
:10D64000A73D1900D022F13B000000A0000000001F
:10D6500040000000000000004C42010108000304EB
:10D6600068420101010000003880010124461000D9
:10D67000A080020170780300FFC00200A8800111A1
:10D68000F0010000A88001310542CB01AC800111FE
:10D69000F0010000AC800131050A0D00EC00011220
:10D6A000E00F0000EC0001320C2051118401010256
:10D6B00000000000FFFFFFFFFC4F010320E2030812
:10D6C00010400100014100003C400100000000004A
:10D6D00048400100A0070003504001000000000086
:10D6E0005C4001000000000008410100FF4C000008
:10D6F00054C00700512130000F000EE62D0000003D
:10D700000405060708000000D1B60200600500000D
:10D71000404007010000505100009021100000001F
:10D72000000000861FC081000000002000000000F3
:10D7300064400501000000407B02FE00400800003C
:10D74000020000009200080088400F01D7032A0061
:10D75000000000E0000000000102071121374B5AD1
:10D7600067696254402915050000000001020304A6
:10D770000404030303030302020202020201010183
:10D7800000000000000000001C41010100B0B18C4D
:10D7900038410701BC200AF0B2555200055B9840A1
:10D7A0008E6E8294233C4852893B4000C003008027
:10D7B0005C410101FFDD000068410701E853FA0008
:10D7C0000000004000000000000000000000000019
:10D7D0000000000000000000D04103010000AAAAE0
:10D7E000D000000004001200E0411301000000001E
:10D7F000FFAB000A5CF10F00D341020095EDB100D0
:10D80000197BD80F1208B904EA1B6D1FC9B7C20AE9
:10D810000B203B00430600005962F300727E960025
:10D82000A73D1900D022F13B000000A0000000003D
:10D8300040000000000000004C4201010800030409
:10D8400068420101010000003880010124461000F7
:10D85000A080020170780300D5C00000A8800111EB
:10D86000F0010000A88001310542CB01AC8001111C
:10D87000F0010000AC80013105228D00EC000112A6
:10D88000E00F0000EC0001320C2051118401010274
:10D8900000000000FFFFFFFFFC4F010374E20308DC
:10D8A00010400100014100003C4001000000000068
:10D8B00048400100A00700035040010000000000A4
:10D8C0005C4001000000000008410100FF4C000026
:10D8D00054C00700511130000E0009E62D00000071
:10D8E0000405060708000000D1B6020064350000F8
:10D8F000404007010000505100009011100000004E
:10D90000000000861FC08100000000200000000011
:10D910006440050100000040FB04FF0040080000D7
:10D92000020000009200040088400F01B6033B0093
:10D93000000000E0000000000002050D1C2F425313
:10D940006269686053402E1F110A0808080807061C
:10D9500005040303020202010101010100000000AD
:10D9600000000000000000001C4101010060B18CBB
:10D9700038410701BC200AF0FA625200055B98406A
:10D980008E6E82941C784852893B4000C003008010
:10D990005C410101FFDD000068410701E853FA0026
:10D9A0000000004000000000000000000000000037
:10D9B0000000000000000000D0410301000000AAA8
:10D9C000D000000004001200E0411301000000003C
:10D9D000FFAB000A5CF10F00D341020095EDB100EE
:10D9E000197BD80F1208B904EA1B6D1FC9B7C20A08
:10D9F0000B203B00430600005962F300727E960044
:10DA0000A73D1900D022F13B000000A0000000005B
:10DA100038000000000000004C420101080003042F
:10DA2000684201010100000038800101D723100085
:10DA3000A080020170780300D0000000A8800111CE
:10DA4000F0010000A88001310542CB01AC8001113A
:10DA5000F0010000AC800131053EFD00EC00011238
:10DA6000E00F0000EC0001320C2051518401010252
:10DA700000100000FFFFFFFF0C400200000000004C
:10DA800000400000204002000000000000000000F4
:10DA9000304007000000000000000000000000000F
:10DAA000000000000000000000400000200700030C
:10DAB00050400100000000005C4002000000000037
:10DAC00001010000A840010007000000BC40040064
:10DAD0000000000000000000000000000000000046
:10DAE0000841040000400000FF400000FF4100002A
:10DAF0000000000024C00110FF00000024C001301D
:10DB00000011000028C00800EC80B30343754051A9
:10DB1000A00F00F800400000A8AA070000000000C5
:10DB2000000000000000000054C00300512130003C
:10DB30000F000EE62D00000070C00900BA100000B2
:10DB400000042000041880000B3C2001187C100207
:10DB50002FFCE0067F000000000000000000000035
:10DB6000A8C00500BD4B721511A3180510325476DC
:10DB7000980A000000000000CCC004000100000072
:10DB80000000000001000A00010028000800010157
:10DB90000807000018000101AAAAAA00200001013C
:10DBA0000060DA005840040100000000000000039B
:10DBB00000000020000000407840040129417671F7
:10DBC000000000008C000C0000000000BC400601BA
:10DBD0000000000000000000000000000000000045
:10DBE0000000000000000000E04001010002000011
:10DBF00010410201331E0500000000001C4103011A
:10DC00000000008400000000FF0483072C4107018E
:10DC1000FF06660CFF0483078813FF03BC200AF08D
:10DC200020315200055B98408E6E82944C41020177
:10DC3000893B4000C0030080584102010000000001
:10DC4000FFDD000064410D010C010000E853FA0003
:10DC50000000004000000000000000000000000084
:10DC600000000000000000000101000000000000B2
:10DC7000000000000000000000000000A4410201BC
:10DC80000000000000000000B041020100000000A0
:10DC900058923EC0BC4103010000000000003C005F
:10DCA00066660600D4410201D0000000050016009F
:10DCB000E0410801000000000C34E10C75810E0009
:10DCC00045117C00F98CB100CDFB1F00F988C2041E
:10DCD0003B1B621E28420401000000006018004047
:10DCE00000000000000000003C42010100000000B4
:10DCF00044420101140000004C42010108000404E8
:10DD000080420201000000008100000098420501ED
:10DD10003F000002FFFF0000FFFF0000FF030000C4
:10DD2000FFFF0000B44201010000000030430A017F
:10DD300040002001A0000000085000011F1F1F1F0D
:10DD40001F1F1F1B18151311100E0D0C45C1872F17
:10DD5000000000000000000010800101030000002E
:10DD6000388002012446100001000000B08002014A
:10DD700000030002370000019C000102000C0004B7
:10DD8000D800030279C54FFF88390000B00C0000AD
:10DD9000EC000112E00F0000EC0001320D205111E7
:10DDA000F00001022B0100001001011200FF0F0022
:10DDB00010010132020000315001011200C00100C7
:10DDC00050010132C100A2007401010269811B0CE3
:10DDD0007801011200001C00780101321004E0CF2C
:10DDE0008001011279070000800101320200000069
:10DDF000840102020000000050000000FFFFFFFF4E
:10DE00000C400100018101002040020000000000E0
:10DE1000010000003040030000000000000000008E
:10DE20000000000040400200000000000040000030
:10DE30006040010001010000A8400100070000004F
:10DE4000BC400400000000000000000000000000D2
:10DE5000000000000C410300FF4C0000FF4D0000DB
:10DE6000FF4D000020C0011000F8070020C0013065
:10DE7000F502280124C00110FF00000024C0013079
:10DE80000013000028C00800EC80B3034375405124
:10DE9000A00F00F800400000A8AA07000000000042
:10DEA000000000000000000070C00900BA1000006F
:10DEB00000042000041880000B3C2001187C100294
:10DEC0002FFCE0067F0000000000000000000000C2
:10DED000A8C00500BD4B721511A318051032547669
:10DEE000980A000000000000CCC0040001000000FF
:10DEF0000000000001000A000100280008000101E4
:10DF00000807000018000101AAAAAA0020000101C8
:10DF10000060DA005C400201000000030000002005
:10DF20007840040129417671000000008C000C004B
:10DF300000000000C44004010000000000000000D8
:10DF40000000000000000000E040010100020000AD
:10DF500010410201331E05000000000020410201B3
:10DF600000000000FF0483072C410301FF06660C3C
:10DF7000FF0483078813FF035841010100000000DC
:10DF8000644101010C010000844105010101000010
:10DF90000000000000000000000000000000000081
:10DFA000A44102010000000000000000B041020195
:10DFB0000000000058923EC0BC4103010000000078
:10DFC00000003C00666606002C4203016018004019
:10DFD00000000000000000003C42010100000000C1
:10DFE00044420101140000008042020100000000D0
:10DFF00081000000984205013F000002FFFF000081
:10E00000FFFF0000FF030000FFFF0000B44201011A
:10E010000000000030430A0140002001A000000081
:10E02000085000011F1F1F1F1F1F1F1B1815131152
:10E03000100E0D0C45C1872F0000000000000000ED
:10E0400010800101030000003C800101010000007C
:10E05000B080020100030002370000019C000102B1
:10E06000000C0004D8000302050040AA880100004B
:10E07000C0000000F00001022B010000100101129D
:10E0800000FF0F00100101320200003150010112A7
:10E0900000C0010050010132C100A2007401010260
:10E0A00069811B0C7801011200001C00780101320B
:10E0B0001004E0CF800101127907000080010132D5
:10E0C000020000008801010250000000FFFFFFFF76
:10E0D000140000001CC7710000000000A8E3030842
:10E0E00048E3030800000000000000000051250282
:10E0F00040420F000108F600244610020000000014
:10E10000E4E203080000000000000000000000003E
:10E110002A420F0000000000000000000000000084
:10E120000000000014000000333333000000000042
:10E13000C2E3030858E303080000000000000000E9
:10E140000000000040420F000101F8002446500288
:10E1500000000000E4E203080000000000000000EE
:10E160000000000040420F0000000000000000001E
:10E170000000000000000000140000001CC7710037
:10E1800000000000A8E3030868E3030800000000A3
:10E19000000000000051250240420F000102F6007D
:10E1A0002446100200000000E4E203080000000022
:10E1B00000000000000000002A420F0000000000E4
:10E1C000000000000000000000000000140000003B
:10E1D0001CC7710000000000A8E3030878E30308EF
:10E1E00000000000000000000051250240420F0026
:10E1F0000108F6002446100200000000E4E20308D3
:10E200000000000000000000000000002A420F0093
:10E2100000000000000000000000000000000000FE
:10E22000140000006666660000000000C2E30308F8
:10E2300088E3030800000000000000000048E80137
:10E2400080841E000101F8002446500200000000F6
:10E25000E4E20308000000000000000000000000ED
:10E260007C841E0000000000000000000000000090
:10E27000000000001400000024499200000000008B
:10E28000C2E3030898E30308000000000000000058
:10E290000024F40040420F000101F800D72350038E
:10E2A00000000000E4E2030800000000000000009D
:10E2B000000000002B420F000000000000000000E2
:10E2C000000000000000000003050000030600003D
:10E2D0000304000003030000030800000302000021
:10E2E000030A000002000000005A62020614000047
:10E2F00000B4C40407380000A0080000000058095A
:10E3000001040706100A01040707C80A00040807E9
:10E31000800B00040808380C00040908610800009C
:10E320000000C20800000000C70901040403C4097A
:10E33000000000002C0B01040404C40900000000CC
:10E34000920C01040504000050C30000E62D0000FB
:10E35000D0070000D0070000C05D0000401F000093
:10E360000000000000000000E5BF000028230000BE
:10E370006B0300006B030000F5DA0200A41F00002D
:10E38000900100009001000050C3000076160000CC
:10E39000770100007701000050C30000F22B00005D
:10E3A000EE020000EE020000193F01060410010019
:10E3B0000001010600102700000A00000000000014
:10E3C0000000193F010604100100000101060010C1
:10E3D0002700000C000000000000000070CA0308C5
:10E3E000A0CA0308B8CA030888CA0308D0CA030829
:10E3F000E8CA030800CB0308010000000C830020DA
:10E40000000000000000010000000000000000000B
:10E4100000000000000000000080000000800000FC
:10E4200000800000008000000080000000800000EC
:10E4300001800000018000000180000001800000D8
:10E4400001800000018000000180000001800000C8
:10E4500002800000028000000280000002800000B4
:10E46000038000000380000004800000048000009E
:10E470000580000006800000088000000C8000007D
:10E480000F8000000A0000000C0000000D000000DA
:10E49000100000001200000015000000190000002C
:10E4A0001F0000002700000034000000DC984CA092
:10E4B000D81018FFFFFFFFFFFFFFFFFFFFFFFFFF69
:10E4C000FFFFFF000000000001200000002000000E
:10E4D000FFFFFFFF00000000FFFFFFFFFFFFFFFF48
:10E4E000BCE6FAADA7179E84F3B9CAC2FC632551F6
:10E4F00000000000505341004B455900000000004F
:10E50000000000002B2D5B4353205265666C656351
:10E51000746F722062792053696C69636F6E204C4E
:10E520006162735D2D2D2D2D2D2D2D2D2D2D2D2D3C
:10E530002D2D2D2D2D2D2D2D2D2D2D2D2B0A002B5F
:10E540002D2D2D2D2D2D2D2D2D2D2D2D2D2D2D2DFB
:10E550002D2D2D2D2D2D2D2D2D2D2D2D2D2D2D2DEB
:10E560002D2D2D2D2D2D2D2D2D2D2D2D2D2D2D2DDB
:10E570002D2D2D2D2D2D2D2B0A005B4150505D2072
:10E580004D6178696D756D20636F6E63757272652C
:10E590006E7420636F6E6E656374696F6E733A207C
:10E5A00025750A006C657373005B4150505D205700
:10E5B000697265257320616E74656E6E61206F6689
:10E5C000667365742077696C6C206265207573656D
:10E5D000642E0A005B4150505D20416E74656E6E82
:10E5E0006120312077696C6C2062652075736564E9
:10E5F00020666F72205254540A005B4150505D20D7
:10E60000416E74656E6E6120322077696C6C206299
:10E6100065207573656420666F72205254540A0039
:10E620005B4150505D20556E6B6E6F776E2052547B
:10E630005420616E74656E6E61207573616765202C
:10E640002825642921200A005B4150505D20537722
:10E6500069746368696E67206265747765656E20AA
:10E66000616C6C20616E74656E6E617320666F7292
:10E67000205254540A005B455D20005B4150505DC0
:10E68000204661696C656420746F2073656E642038
:10E69000736563757269747920636F6E6669726DF4
:10E6A0006174696F6E3A2030782530346C780A00D6
:10E6B0007374617469632072616E646F6D0070754C
:10E6C000626C696320646576696365005B415050E4
:10E6D0005D205365637572697479206576656E7423
:10E6E0002068616E646C6572206661696C65643A6D
:10E6F0002030782530346C780A005B435D2000437D
:10E700003A2F55736572732F6D706D656E2F536957
:10E710006D706C696369747953747564696F2F42A5
:10E720004C452D7468657369732F62745F63735F02
:10E73000736F635F7265666C6563746F725F62723C
:10E7400064323630362F6170702E630025733A259F
:10E7500064203A25733A2000736300537461747522
:10E76000733A202573203D203078253034782000FE
:10E77000417373657274696F6E206661696C65645C
:10E78000005B4150505D20426C7565746F6F74681A
:10E7900020257320616464726573733A20253032DA
:10E7A000583A253032583A253032583A25303258C6
:10E7B0003A253032583A253032580A005B415050E1
:10E7C0005D204164766572746973696E6720737445
:10E7D000617274656420666F7220696E6974696124
:10E7E000746F7220636F6E6E656374696F6E732EE3
:10E7F0002E2E0A005B4150505D20425420737461FC
:10E80000636B2062756666657273206578686175F2
:10E81000737465642C2064617461206C6F73732061
:10E820006D61792068617665206F636375727265CA
:10E830006421206275665F646973636172646564F4
:10E840003D27257527206275665F616C6C6F635F7D
:10E850006661696C3D2725752720686561705F6179
:10E860006C6C6F635F6661696C3D272575270A00D4
:10E870005B4150505D2053797374656D20657272F1
:10E880006F72206F636375727265643B207265619D
:10E89000736F6E3D27307825303278270A005B4150
:10E8A00050505D205B25755D20426F6E64696E6718
:10E8B000206661696C65643B20726561736F6E3DB3
:10E8C00027307825303278270A005B4150505D2090
:10E8D0005B25755D20436F6E6E656374696F6E2096
:10E8E0006F70656E65642061732070657269706811
:10E8F0006572616C207769746820435320496E69A2
:10E90000746961746F722027253032583A2530328D
:10E91000583A253032583A253032583A2530325854
:10E920003A25303258270A005B4150505D205B2564
:10E93000755D204661696C656420746F2063726543
:10E94000617465207265666C6563746F7220696EB0
:10E950007374616E6365270A005B4150505D20410E
:10E9600064766572746973696E6720726573746129
:10E970007274656420666F72206E657720696E69B7
:10E98000746961746F7220636F6E6E656374696F12
:10E990006E732E2E2E0A005B4150505D205B257554
:10E9A0005D20436F6E6E656374696F6E20636C6F7C
:10E9B0007365640A00417373657274696F6E2066D3
:10E9C00061696C65643A204661696C656420746FA6
:10E9D0002064656C657465207265666C6563746F30
:10E9E0007220696E7374616E6365005B4150505DA7
:10E9F000205B25755D204164766572746973656D71
:10EA0000656E742073746F707065640A005B4150AA
:10EA1000505D205B25755D2050656572204D616EEF
:10EA200061676572206572726F720A006F6E5F6354
:10EA30006F6E6E656374696F6E5F636C6F73656430
:10EA4000006F6E5F636F6E6E656374696F6E5F6F8C
:10EA500070656E65645F776974685F696E69746913
:10EA600061746F7200736C5F62745F6F6E5F657666
:10EA7000656E740094EA03082A002A0058ED030822
:10EA80001400140056ED0308000000000100FFFF11
:10EA9000FFFF0000010000000108FFFF0000000070
:10EAA00034ED0308020002000108FFFF050000002A
:10EAB00020001100030011000008FFFF010000000A
:10EAC000F085002004000C000308FFFF0300000095
:10EAD00002000000050002000108FFFF0500000021
:10EAE00002001200060012000108FFFF01000000F2
:10EAF000FA850020070002000108FFFF0500000062
:10EB00000A001300080013000308FFFF01000000C3
:10EB100010860020090000000108FFFF000000002F
:10EB200038ED03080A0002000108FFFF050000009D
:10EB30000A0003000B0003000308FFFF01000000B0
:10EB4000188600200C0002000108FFFF05000000ED
:10EB5000020004000D0004000108FFFF0000000097
:10EB60003CED03080E0000000108FFFF000000005C
:10EB700040ED03080F0002000108FFFF0500000040
:10EB800002000500100005000108FFFF0000000062
:10EB900044ED0308110002000108FFFF050000001A
:10EBA00002000600120006000108FFFF020000003C
:10EBB0002A860020130002000108FFFF0500000064
:10EBC00002000700140007000108FFFF0200000018
:10EBD0003A860020150002000108FFFF0500000032
:10EBE00002000800160008000108FFFF02000000F4
:10EBF00046860020170002000108FFFF0500000004
:10EC000002000900180009000108FFFF01000000D0
:10EC100054860020190000000188FFFF000000005A
:10EC200052ED03081A0002000108FFFF0500000072
:10EC300002000A001B000A001108FFFF0700000085
:10EC4000000000001C0002000108FFFF050000009A
:10EC500030000B001D000B000018FFFF0700000034
:10EC6000000000001E000C001309FFFF0700000059
:10EC7000000000001F0002000108FFFF0500000067
:10EC800030000D0020000D000018FFFF07000000FD
:10EC90000000000021000C001309FFFF0700000026
:10ECA00000000000220002000108FFFF0500000034
:10ECB00024000E0023000E000419FFFF07000000CF
:10ECC0000000000024000C001309FFFF07000000F3
:10ECD00000000000250002000108FFFF0500000001
:10ECE00032000F0026000F001118FFFF0700000080
:10ECF0000000000027000C001309FFFF07000000C0
:10ED000000000000280002000108FFFF05000000CD
:10ED100032001000290010001118FFFF070000004A
:10ED2000000000002A000C001309FFFF070000008C
:10ED3000000000000200011802000018020000009C
:10ED400002000A180C0053696C69636F6E204C61F5
:10ED5000627302005B180000002801280328002AC3
:10ED6000012A292A242A272A262A232A142C152C68
:10ED70000229162C172C182C192C052A2A2B292B82
:10ED800076636F6D000000009CC80308000000005F
:10ED900000C201000002030078C80308000005005B
:10EDA000060008000700000062860020A921000874
:10EDB00083B20208DBB20208EDB202087DB202089B
:10EDC0006A860020A921000883B20208DBB202088B
:10EDD000EDB202087DB202085B4150505D205B53EA
:10EDE000656375726974795D204661696C6564203C
:10EDF000746F20636F6E66696775726520736563F3
:10EE00007572697479206D616E6167656D656E7488
:10EE10002C207363203D20256C750A005B41505007
:10EE20005D205B53656375726974795D2044657616
:10EE300069636520626F6E6465640A005B415050CF
:10EE40005D205B53656375726974795D20426F6EF6
:10EE500064696E67206661696C65642C2072656107
:10EE6000736F6E3A2025750A005B4150505D205B40
:10EE700053656375726974795D20446973706C6160
:10EE800079696E6720706173736B65793A202530FC
:10EE9000366C750A005B4150505D205B53656375AD
:10EEA000726974795D20506173736B657920726546
:10EEB000717565737420686173206172726976651B
:10EEC000640A005B4150505D205B53656375726955
:10EED00074795D20506173736B657920656E74651C
:10EEE0007265642025642C207363203D20256C7599
:10EEF0000A005B4150505D205B5365637572697415
:10EF0000795D204661696C656420746F20656E745C
:10EF1000657220706173736B65792C207363203D7B
:10EF200020256C750A005B4150505D205B53656382
:10EF300075726974795D20436F6E6669726D617474
:10EF4000696F6E206E656564656420666F722070FF
:10EF50006173736B657920256C753A0A005B4150CB
:10EF6000505D205B53656375726974795D205061F3
:10EF700073736B657920636F6E6669726D65642E5D
:10EF80000A005B4150505D205B5365637572697484
:10EF9000795D20506173736B65792064656E696576
:10EFA000642E0A00433A2F55736572732F6D706D8E
:10EFB000656E2F53696D706C6963697479537475EC
:10EFC00064696F2F424C452D7468657369732F62B5
:10EFD000745F63735F736F635F7265666C656374A0
:10EFE0006F725F627264323630362F736C5F6761A6
:10EFF00074745F736572766963655F64657669636F
:10F00000655F696E666F726D6174696F6E5F6F7652
:10F010006572726964652E6300736C5F67617474F6
:10F020005F736572766963655F6465766963655F62
:10F03000696E666F726D6174696F6E5F6F7665720F
:10F04000726964655F6F6E5F6576656E74004130EE
:10F0500034425244323630364131312E302E322352
:10F060002D302B2000686C4C0065666745464700D4
:10F0700030313233343536373839414243444546EE
:10F080000030313233343536373839616263646584
:10F0900066002F7661722F6C69622F6A656E6B69EC
:10F0A0006E732F67697468756240322F6267617092
:10F0B000695F70726F746F636F6C2F70726F746FB3
:10F0C000636F6C2F6576656E742F7372632F736C2C
:10F0D000695F62676170695F6576656E742E630053
:10F0E00062676275665F696E0062676275665F6F10
:10F0F00075740062676275665F6E6F666C6F77002D
:10F1000062676275660061636C006C6C5F636F6E52
:10F110006E656374696F6E006C6C5F6164765F73BB
:10F120006574006C6C5F76616C696461746F720009
:10F1300062675F6D65737361676500736F66745FA7
:10F1400074696D65725F6D657373616765006C6C82
:10F150005F6164765F73796E63006C6C5F7363618B
:10F160006E5F73796E63006761705F706572696F5F
:10F170006469635F616476006761705F706572697E
:10F180006F6469635F73796E63006C326361705F93
:10F19000636F635F6368616E6E656C006D6265646A
:10F1A000746C735F636F6E746578740000F10308AC
:10F1B00006F103080AF1030818F1030823F1030814
:10F1C00030F103083BF103084EF103085AF103083C
:10F1D00067F1030878F103088AF103089CF103083A
:10F1E00062675F6D616C6C6F6300FFFF0106060173
:10F1F0000203120100000001020201051700080BC2
:10F200000BFFFFFFFFFFFFFFFFFFFF09F0AA15FF46
:10F21000000F550300800300000000006000040C94
:10F2200004080C1000801472AC659D5AC350FA4754
:10F2300026402C39F5326A2D7A2813242620A71C63
:10F240008A19C316491414121D105C0ECC0C680BDD
:10F250002A0A0F09130832076A06B70518058A0437
:10F260000C049B03010102010301040101020103DB
:10F270000104020201020304020103040103020467
:10F280000301020403020104020301040102040356
:10F290000201040301040203040102030402010346
:10F2A0000204010301040302040103020103040236
:10F2B0000301040203040102040301020402030126
:10F2C0000204030104030201030402010302040116
:10F2D000020304010F0E0D0C0B0A090807060504B2
:10F2E00003020100014C004D004E004E014C014A4A
:10F2F000004C000102061800011718194D4E4F016D
:10F3000002070B00000101010000000000441B0087
:10F310000000010000000000000200000A14280A9A
:10F32000141E28323C50910A141E28323C50647836
:10F3300096131510801A80128080000001010201CE
:10F34000020203040301010204040000F4010000AE
:10F35000FA00000096000000640000004B0000006E
:10F36000320000001E000000140000000000000039
:10F37000500040000800500024000400900150029A
:10F3800040009001AE0110000103070001020000DF
:10F3900000000B0701160C00000108080000050121
:10F3A00008FFFF02FFFF0808020204FF010022FF1E
:10F3B000FF23080F030304040A0A030A2AFFFF14A9
:10F3C00019191B011C15120400480C14040F0E0C13
:10F3D000080C080D181000000900000000000000D3
:10F3E0000000000000000000A0030906A087090833
:10F3F000A08809070A0000000000000000000000CB
:10F4000000000000A0010A05A0030A04A0080A03E6
:10F41000A0880A08A0060A01A003090020050A1A0C
:10F42000A993010820050A197D93010820040A0404
:10F430004993010820060A18FD92010820060A17C0
:10F44000CD92010820030A06A592010801000200DE
:10F45000000000000000030000000D000300020097
:10F46000010005000049725314497207FF000102B0
:10F47000030405FF145300724907CDF6000000FB9A
:10F48000349B5F800000800010000000000000003E
:10F490006B820308CB570308D983030855830308FD
:10F4A000E69D350E480103CCDBFDF4AC1191F4EF81
:10F4B000B9A5F9E9A7832C5E2CBE97F2D203B02040
:10F4C000008BD28915D08E1C742430ED8FC2456319
:10F4D000765C15525ABF9A32636DEB2A65499C805F
:10F4E000DC006C888391AAF5A53860370BDB5A6085
:10F4F00083BE0000000100010005010005020203B7
:10F5000000020000000000020501000500000100EB
:10F5100001000001000102020300020000000000DF
:10F52000020201000200000069D40108D5D20108DE
:10F53000D792030845920308A18F0308ADD00108B4
:10F54000F9CF010851CE0108399003088D8C0308CA
:10F55000BF01FB9D4EF3BC36D874F5394138684C79
:10F560008BD28915D08E1C742430ED8FC245637602
:10F570005C15525ABF9A32636DEB2A65499C80DC58
:10F58000E69D350E480103CCDBFDF4AC1191F4EFA0
:10F59000B9A5F9E9A7832C5E2CBE97F2D203B0205F
:10F5A0003F49F6D4A3C55F3874C9B3E3D2103F50C6
:10F5B0004AFF607BEB40B7995899B8A6CD3C1ABD7D
:10F5C00001020C000000040000000800020000001E
:10F5D0000000000000000000000000000400000027
:10F5E000000000000000000000000000A001040175
:10F5F00056000000000000000000000000000000B5
:10F6000005000000000000000000000000000000F5
:10F61000A0130500A01B0502A0880A07A004090387
:10F62000A0050902A00609010F000000000000006B
:10F6300000000000000000000100000000000000C9
:10F640000000000000000000A0010107A00001046C
:10F650000204080006000000000000000000000096
:10F6600000000000A0030601A0090609A002060888
:10F67000A0050607A0050606A0070605A0020604C9
:10F68000A0010610A0080602A00D06005900000007
:10F69000000000000000000000000000A01F59044E
:10F6A000A0085905A00F5903A0165902A02159011D
:10F6B000A00159000000040205030601070101082A
:10F6C000090A0000A0015C04A0005C03A0015C0228
:10F6D000A0035C01A0025C00A0020F09A0030F04BC
:10F6E000A0030F03A0050F02A0010F01A0050F004A
:10F6F000A0040108A0030106010102045700000054
:10F7000000000000000000000000000020010402D2
:10F7100035DF01082001040A4DDF0108200C040335
:10F72000E1DE0108200004010DDF0108200256027D
:10F73000D1DF010820025601A5DF01082006570489
:10F74000B9EF0108200257038DEF0108200357008D
:10F7500071EF01082001060579E701082000020584
:10F76000B5DE010820020F09E9E3010820050F08B2
:10F77000CDE3010820010F0099E3010820020F01E9
:10F78000B1E3010820040117D9E401082000590859
:10F79000D9E701082001590739E901082005590175
:10F7A000C1E80108A012010059FA0108A1FA0108F4
:10F7B0004DFA0108ADFA010895FA0108D39A030839
:10F7C000119B0308339B0308559B0308779B030891
:10F7D00021080208D1070208DD070208CD08020847
:10F7E000BB9D0308979803089B9803089F980308FC
:10F7F000A3980308A798030800000000C0010000B8
:10F80000700B00200002100054730020300D002007
:10F81000890502086D0502080D730208917502083A
:10F82000C574020820C001B80000000100000101F9
:10F83000000101010203030303040404040505009D
:10F84000000000010101010202020203030303039D
:10F850000404040404000000010101010707080872
:10F860000303030504040405050506060607070748
:10F87000080302020404040304050506060606073D
:10F880000707020202030303030404040405050539
:10F89000050506060606010202020203030303032E
:10F8A0000404040404050505050606060C0C0C0CEE
:10F8B0000B0B0B0B0B0B0B0B0B0B0B0B0B0B0B0B98
:10F8C0000B0B0C0C0C0C0C0C0C0C0C0C0B0B0B0B7E
:10F8D0000B0B0B0B030404040405050505060606C3
:10F8E00006060702020202030303030404040404DD
:10F8F00005050505050606060202020207070304C0
:10F9000006070404030303030405060303050607AF
:10F91000080405060403040403030405060603049F
:10F9200005060708C7BFBEBEBEB5B5B4B4ABABDCF9
:10F93000DCDBDBD2D2D1D1C8C8C8C7BFBEBEBEBD1A
:10F94000B5B5B4B4B4DCDBDBD2D2D2D11B1B1616F6
:10F950002E2D2D2A29292925242420201F1B1B1B5D
:10F96000162E2D2D2A2A29292524242020201F1B4C
:10F970001B1B2D2DBEB5B5B4B4ABABABAAA2A1A1D8
:10F98000A1A099999898C7BFBEBEBDB5B5B4B4B48F
:10F99000ABABABAAAAA2A1A1A199999900000000C2
:10F9A0000303030303020202020202020303020230
:10F9B0000202010101010101000000000303030331
:10F9C00003020202D0C7C6C6C6BDBDBCBCB3B3B23B
:10F9D000B2B2A9DBDBDADAD1D1D0D0C7C7C6C6C68E
:10F9E000BDBDBCBCBCB3B3B2DBDBDADA1F1F2D2B51
:10F9F000221E2E2E323232312D2624303028231F63
:10FA00001B2B26222E322E2E31312D282424302C51
:10FA100027231E1AC8C8C8C8C8C8C8C8C8C8C8C804
:10FA200000A801A802A8000000B801B802B800B000
:10FA300003040408080500000000000000000000A6
:10FA40000000000000000000040008007C003100FD
:10FA50003B001B0020000000ED9C0208100000008D
:10FA6000659C02085C39000080030000E03C000057
:10FA700004000000343E0000040000006434000074
:10FA8000F8040000DC3C000004000000303E0000F0
:10FA9000030000000000000064340000E43C0000AB
:10FAA00001000000383E000037000000E13B00008C
:10FAB00065340000010000000006800F7047FB2144
:10FAC000890109684143880B704793480068010425
:10FAD000C80F704730B5002083490A6800238F4C57
:10FAE000521C6568AA4200D322681578AD06AD0E97
:10FAF0009D40054328009B1D1E2BF1D30A6030BD9D
:10FB000085480168090408D585490A68764B1A605A
:10FB10004A68C2618868B24908607047F3B583B02B
:10FB20001700C006000E00901038912833D2FFF75E
:10FB3000CCFF00282FD000267A4C01250398FFF730
:10FB4000BBFF002802D0022803D003E02068284031
:10FB500000D001260197744F04980C21615E401873
:10FB60000E21615E4018FFF7AAFF01994018386026
:10FB7000049800994018FFF7A2FF01994018786097
:10FB8000C020800169490860300369490860FCF7BA
:10FB900003FF9448057005B0F0BDFEB5654B664D9A
:10FBA000C02080040290F02000050190186902280E
:10FBB00005D228680199014002988142F0D08A4814
:10FBC0000068C01C8949014389480160894A8A4C00
:10FBD0000421A068084204D0187D8006C10F4900A6
:10FBE00023E00226304022D01869042805D22F686D
:10FBF00001983840029FB842F6D0187D0007000FE8
:10FC0000072814D1587D022811DD987D8006800ECA
:10FC100002280CDBD87D009007460F4207D0C007B2
:10FC200000D50A21374200D0891D00290BD1734825
:10FC30006F4908600020186080218902704B1960AC
:10FC400010602061F7BD481C1E69864205D22F68EE
:10FC5000019E3E40029FBE42F6D06A48405C009042
:10FC600020610098C000F821014002D08020C0042B
:10FC7000186065480668012E00D149005960216866
:10FC800000291DD15A490B682026A65F36039B0523
:10FC90009B0D33430B600126166002219160009991
:10FCA000890909D10068002801D1182000E01A2034
:10FCB000225E0098FFF732FF207A000700D426600A
:10FCC000F7BD4B484D49016000211A4A116080225E
:10FCD00092024B4B1A60474A11604C4A02614261E2
:10FCE0004048017070470000343E0000062048493B
:10FCF0000860002047490860F0210901464A116068
:10FD000080214900454A11600749404A0A604A601B
:10FD10003449087070470000C04101A8983E0000B7
:10FD2000A03E0000BC3E0000C84101A8C06101A87F
:10FD3000C05101A8C44000A80C0002A830B581B091
:10FD40000400A00314D530480068002801D1162013
:10FD500000E00C20FEF7B8FA3148806E0007C10FB2
:10FD600030480170082030490860C0032449086009
:10FD70002E4D2868000406D5FFF7ACFEE861FFF7BA
:10FD8000A9FE17490860A00727D58020C0021C499A
:10FD90000860FCF724FE00281FD0254A1068C0B276
:10FDA000002802D00621234B1960810915D01C4977
:10FDB0000B68012BFBD949680905090D091DC9000C
:10FDC000114B1B68012B00D14908002B01D11823CE
:10FDD00000E01A23D25EFFF7A1FE01B030BD0000A3
:10FDE0005C4201A86E3E0000204000A800F0FF3FEA
:10FDF000B84101A8044003A8B43E0000FFF3FF3F50
:10FE0000106001A8D84000A8843F0000FFFF030055
:10FE1000006401A8504000A80C6000A80C5000A885
:10FE20001C4000A8E43C0000846000A8C04101A878
:10FE3000B83E0000005401A870B50822804B1A603B
:10FE4000804B1B68DC0302D50020088070BD0C8845
:10FE50000019401E00787C4DA870641C0C8045077A
:10FE60006D0F052D05D8794E3668F60603D5022D9F
:10FE70000DD0032070BD9604AE401E4001D1082075
:10FE800070BD052D03D1104201D1641E0C80AA481B
:10FE90004860002070BDF3B582B008886C490978CD
:10FEA000491CC9B2814204D202990918491E097835
:10FEB00000E00021644A517093785B075B0F019367
:10FEC0003023019C052C28D1194232D19478E508C1
:10FED0001E242C40CD0702D5250001242C430125EA
:10FEE000A14EE6402E4072D0019FA04EE641402434
:10FEF00026403E434C0602D5340020262643947803
:10FF000089080D40A7080C2139402943C025254008
:10FF10000D4320212943967051704A490C68557849
:10FF2000022123262E4008D0660302D52B40202B29
:10FF300001D0052082E0424B196093789B0601D4E2
:10FF4000202203E09278120702D540223C4B1A602F
:10FF50003D4A92786B461A70C022854B1E680E404F
:10FF600001D1154212D06E46377827263E40232E07
:10FF700003D1E60207D4012606E0252E03D0212E68
:10FF800004D1260302D504262D4F3E601B6819407C
:10FF90002026019F002F1CD11E4027D02A4B5B78C2
:10FFA0001A40402A13D00C221A40042A0FD02A07E4
:10FFB0003BD40122002902D0E100CB0F5A40694610
:10FFC0000978CB07DB0F1A422FD021012AD4072052
:10FFD00034E0022FE2D11E4008D00029DED1CC232C
:10FFE0002B4003D16B461B785B0601D5032025E02F
:10FFF000A30311D59C4E73691B051B0D5B1C366852
:020000040804EE
:10000000F60205D5994E36683607B60F9B1B5B1E68
:100010009BB2052B04D1C1E7029B1B78052BBDD0F9
:1000200006200BE08021064A1160E90702D4401C3B
:1000300003990880AB4803994860002004B0F0BDE4
:100040004C1002A8D83E0000303E0000480002A834
:100050004C3E0000F2B586494978CA0705D4009A9B
:1000600012888018401E037800E000239E4A106822
:1000700002249E4D2E68F60611D512695340DBB25C
:10008000002B03D16E68D30973402340002B03D0AB
:10009000020204D40A20F2BDE206954E3260744A90
:1000A0001E02C0230B403343914E336093785E07AA
:1000B000760F022E06D16D682C4003D100200099E6
:1000C0000880F2BDA0250D409E08102737402F4321
:1000D0003D090E0702D42E0010253543CC240C40D8
:1000E0001A262E400A2E04D1CC2C02D02E00FD253B
:1000F0003540804EEE40F60705D4000416D5412B5E
:1001000010D1082912D17C48E84011210140214337
:100110002020084310700D210140009808D000F005
:10012000A9F8F2BD0B2B01D10029ECD00720F2BDBC
:1001300000F020F8F2BD0000C334000038B50C0018
:100140006E490B781A0953399500491925881B0700
:100150001B0FEB1A9A1A8018FEF755FD010002D109
:10016000200000F007F832BDF300A3E398144068C4
:100170004C0002A8F8B50400614805683C4F387887
:10018000D026304202D00D21014005D008205D4923
:100190000860EF20FEF7F5FC39782000314204D0EA
:1001A0000909397000F066F8F2BD052129401FD019
:1001B00002884D49CA60544BEC0705D5521C028099
:1001C000690607D4514B05E043242C40422C03D14F
:1001D000521C028043600DE010224A4B1A604C4AC8
:1001E00009688B00DB0F190111638021090311607D
:1001F000002101800020F2BD0A888018401E00788E
:10020000830601D4121D0A801822024004D00888F7
:1002100052088018C01E088039480068C00702D5FF
:100220000888401C08803948486000207047344ADC
:100230001368DB0708D51268920705D40A8880186E
:10024000401E007804280CD110202E4A106030483F
:10025000254A12689300DB0F1A0102638022120301
:1002600002600020088070470C4000A8080001A828
:10027000303E000031B581B02649002000900822B0
:10028000254B1D7802230C24254202D1002223494C
:1002900003E02C40082C00D10222EC0703D50C000F
:1002A0001E21614000931D4207D0154909680906C7
:1002B00001D51B4901E00021C943019B194C216074
:1002C0001949FF248C70009C15012543CD700870DE
:1002D0001888009940188018188014485860002029
:1002E00036BD000081360000D83E0000480002A85C
:1002F000481002A80D0F0C0D07170850633F0000AF
:100300004C0002A84C2002A8253800005B380000F1
:100310001C1002A8DE1B2501303E000020841000C6
:1003200000FCFF010C3F0000603F00006937000047
:10033000303E0000313400004934000049340000F0
:100340004934000049340000493400000000000036
:100350000000000000000000000000004934000020
:100360004934000049340000352B000049340000B6
:10037000672C0000772C0000AD2D00000F2E000030
:10038000992E00001D300000C92E0000CD30000065
:10039000212F00006D2F0000E52F000085320000A6
:1003A0007D330000392C000027280000CD230000F9
:1003B00049340000CD280000493400000D2A000017
:1003C000D129000049340000493400004D2A0000C2
:1003D0004934000049340000493400004934000029
:1003E00049340000493400003D1200002D12000085
:1003F000000000000004000802140218032400009A
:1004000049488068000200D4704780B5802080028F
:10041000AB490860CF2000F053FA01BDF8B5894818
:100420000068894C802292032260884E3168090559
:100430001DD5110BA023034001D0216017E002401D
:100440003FD18027824A1760824A1760084038D01F
:10045000354D287A400705D501207F490860000204
:100460007E4908602878002801D0062801DB00209A
:10047000F2BD00F07BFB716889684E682978052918
:1004800007D1B905A1606E60B668CC218901734AB5
:10049000116000F074FB012E00DA0226BC208005FA
:1004A00088490860942080058749086068480021D1
:1004B000C94301647142416484490F604021016075
:1004C000D5E783480160FFF79BFF0120F2BD5D483F
:1004D0000168890504D5C06E0004000F022801D010
:1004E000002070470120704738B5802458480460C8
:1004F00000F03CFB05007748006800F06DF928002B
:1005000000F03DFBFFF77CFF0748007A000705D5A8
:10051000A0004D49086000F041FC31BD60036C490A
:100520000860AC48046031BD383E0000FEB50500EF
:10053000CC20800168494860012668480660FFF7C2
:10054000C6FF00287DD0664C2078002879D0310283
:100550000195052802D02A460A4072D1CC27BF0156
:100560005D4A17608D4A126881231B02134001D037
:10057000032301E053075B0F022805D1022B5ED352
:10058000080136490860F7BD4D01032804D1022B4C
:1005900055D932480560F7BD042802D111404ED02C
:1005A000F7BD05284BD10198002848D0C005C10FE0
:1005B000684641700198C004C10F6846017000F0A0
:1005C000D5FA0290606869464978002903D0066828
:1005D0008021204A11602C0486496A461278002A3C
:1005E0000CD0C2680B68D21A834B1B68234001D021
:1005F000066800E04668964200DD160068464078CE
:100600006A461278024308D008684242B01E82420D
:1006100002DA7042886000E00026029800F0AFFA2B
:100620000198800501D5974804600198054001D0E4
:1006300095480460002E02D008480760F7BDFFF718
:1006400053FFF7BD440002A8442002A8D83E000092
:100650000CC001A890E001A8C4D000A8145001A8C3
:1006600038B580248948046001201C4908601C4D6D
:100670002878052802D0600085490860FFF727FF29
:10068000002812D013480068000A80214140A86861
:10069000000EC9B2814208D2404800684007400FAE
:1006A000022802D2FFF720FF31BD7A480168C0223C
:1006B0000A4002D1C06F204001D00448046031BD1F
:1006C0001C1002A808E001A808D001A894D001A835
:1006D000441002A818C000A8106001A8C4E000A837
:1006E000383E0000F1B582B00F00A020384003D0A2
:1006F0008020800069494DE000F038FA009066489B
:100700000468F80202D5A0680069029000F0B1FB0D
:1007100080210903606800F07DF926780020761CAE
:100720006178B14200D200261821714365180C355A
:1007300029780829F3DA2670A56059492A780A70C1
:10074000BA0507D5544800688068C068FA0201D429
:100750000322904388600127384003D100F092FCC7
:1007600001F0DCF8F904686900F054F93C2000F06D
:10077000A7F8F0B200F0A4F860884A49014061800F
:10078000009800F0FCF938054449086046480760C5
:100790003802464908600298FEBD0000184001A8D2
:1007A00010B543480068800501D4FE2010BDC0206C
:1007B00080034049086000F0D9F9374909688A7810
:1007C000D20702D589688C7800E00C7800F0D7F960
:1007D000200010BD100002A82F4909688A688B7894
:1007E000DB0704D5927818235A438A180C3290609C
:1007F0007047000048C001A84C0002A8F1B582B0C3
:100800002D4F3C680026200F000702D1E001029026
:100810002AE001F083F800F0A9F901908021090392
:10082000606800F0F7F825786D1C6078A84200D267
:100830000025E80020180C3000900068029080210C
:1008400009030098406800F0E5F83D2000F038F812
:10085000E8B200F035F825700098A060019800F02B
:100860008EF902A801F0B2F814480068800407D598
:10087000F86901F0C4FD02990818029000D50296AB
:100880000298FEBD4C1002A84C2002A894E001A8DA
:10089000146001A814C001A8DC3E0000442002A896
:1008A000383E0000FEFF0000C0E000A8106001A874
:1008B000440002A8441002A8E03E0000FC0302A885
:1008C0004A490968002901D5494908607047F3B5CC
:1008D00081B0484FB968484C4A0058D501250901F4
:1008E00000D521250100FE22920110685668226879
:1008F0009206920E94463A68930080221340624614
:100900001343802252001A4300920A0023D0890622
:1009100001D5012008E0F021014007D16946097A9C
:100920000C220A4002D0022000F04AF8334909683C
:1009300009040AD53968090701D5022605E0396896
:10094000490301D5002600E003264835009A2C49CA
:100950000968890003E0009A2949896B0909402345
:10096000194011430207120F032A05D12268120908
:1009700004231A403243160080225200002E02D077
:100980001643266608352166024322662566E06D19
:100990004407640F00F0D4F8A0070BD0052C09D051
:1009A000B868000406D400F0E1F80221154A11608D
:1009B00000F0E5F800F0CDF8002000F001F8F7BDF8
:1009C000FE2189010A68F0239A4300011043086060
:1009D000C0B270478020C0020B490968890701D165
:1009E0000A4900E00A49086070470000500002A868
:1009F000884000A8480002A8284000A8684101A833
:100A0000184001A8D4D40350844000A8486000A82E
:100A1000485000A880B56E4A116001F01BFDFFF739
:100A2000D9FF01BDFEB56B4D2878000604D5287F9F
:100A3000002801D0182400E0462400F097F8019027
:100A40006548C0684005C20DD52A01D2D52204E010
:100A5000D1204000824200D90200100001005F4B0B
:100A600000932B6B5B011DD55D4B1B78022B03D2D2
:100A70005C4E06277B43F2520025009B1B7CEB401B
:100A8000DB070CD5584B06266E439B199B888FB20B
:100A9000BB4200D2190086B29E4200D218006D1CE3
:100AA000022DEAD389B209190904504B0B40001BEF
:100AB000C005C00D184348490860C02000064C49D5
:100AC00008604648017D00290CD04A49D52A02D940
:100AD0008023DB050B60D1235B009A4202D2802386
:100AE0001B060B600021444B19604188002900D18E
:100AF0000280019800F043F800F074FDF7BD80B566
:100B00003E483F4908603F48C1680902090A192266
:100B10005143416005210160FFF784FF01BD80B5AD
:100B20002C480178090604D5007F002801D0FFF782
:100B300079FF34480068C00301D5FFF773FF01BD9A
:100B40008020C002224908602F4800684007FBD47B
:100B500070478020C0022D490860704701E02C4991
:100B600008602C4909680140F9D170472A4800689B
:100B700020212A4A11601021294A11607047302132
:100B8000014002D1102025490860704722480068C2
:100B900030210140102901D1012070470020704709
:100BA000204801210160C160704701201E49086092
:100BB00070471E4800780621014007D01C48006895
:100BC000022803D0032801D001207047002070477D
:100BD000441002A8D83E00007C4000508C3F00002A
:100BE000583E0000603E00005C3E00000000FF0137
:100BF000A0600050A450005018E000E07F1A0601E9
:100C0000540002A810E000E0440002A8442002A81A
:100C1000282002A8280002A8600002A8602002A8DC
:100C2000601002A8789001A884A001A8BC3E000032
:100C3000843F0000F8B5644880214902C161022167
:100C4000624A51600021624AD162624A11800321E6
:100C50005E4A1160022101605F4DCC01A86820400E
:100C600010D05B480068F021090501409020000584
:100C7000814207D0022059490860012001F00EFC92
:100C80005748046020205749086080205649086072
:100C9000CC2080015549086001245548046028682B
:100CA00000900004070F53480068C505ED0D103D86
:100CB000C0202843C0B2FFF703FE4548C06B800345
:100CC00009D5092F07D0FFF774FF002801D003F0E2
:100CD000F7F801F017FA48480668032D41D000984C
:100CE0000007000F0090032803D0022806D1032F2D
:100CF00037D000F04FFA0098032803D0062F30D1E8
:100D0000062D2ED03D480068C00B204001D001F0D8
:100D1000F5FC3B480068000108D5052D06D10125EA
:100D2000384804606005FFF719FF00E00025310036
:100D3000380000F063FA0600002D06D000F01EFC1B
:100D40003148046002203149086060052E49486539
:100D500080092F490860FFF72CFF002801D003F01D
:100D60009AF81A4821040162002F08D1022141603B
:100D700000201749C863C020C0001C4948643000E7
:100D8000F2BD80B5FFF7DCFE22480078800602D471
:100D9000022021490860FFF7DCFE01BD02201F4947
:100DA00008607047802000061D49096801400AD08C
:100DB000C10D1C4A1278920701D51B4A00E01B4A5C
:100DC00011601B49086070472C1002A8282002A857
:100DD0000C0002A8683E0000B00002A86C1102A836
:100DE000B82002A894E001A80CC001A8146001A8D2
:100DF000C4E000A804ED00E0B44000A800E200E078
:100E0000083F0000645000A8646000A82C4000A8BF
:100E100080E200E0D83E0000081002A8082002A8E6
:100E2000440002A8883E0000FC1302A8FC2302A88C
:100E3000442002A88F480068800700D4704770B52E
:100E40008D4801210422BE4B0C02E025ED0086688E
:100E50002E4002D01C601A6119610068054002D062
:100E60001C609A60996070BDB64801218160016084
:100E7000704710B5012081498A680240FCD1B24A0E
:100E8000042313610C680440FCD1936000021060DD
:100E900010BD7B4908680122104200D1704710B58F
:100EA000E023DB000340FF24A41CA34204D3B74B80
:100EB0001B689B0600D54868024001D000F030F95D
:100EC00010BDF8B50700914E30683F218843904926
:100ED000097801433160FFF7DCFF8E4C8E4880219A
:100EE000490308258D4A1268D20504D5656003229E
:100EF000B262016006E0C822B2620622934B1A6019
:100F0000934A11608909C16038685839096881427B
:100F100001D2009100E000900099401A3860012150
:100F2000380000F0D1FB060038680099401838609E
:100F3000FFF780FF002E12D1002078490A68D20501
:100F400000D4102060620868284001D0256000E0CD
:100F5000656092480068400001D568026062300018
:100F6000F2BD8B48017809060DD5007F00280AD014
:100F700086484168C90606D40068A0210140481E81
:100F80008041C00F70470020704780B5FFF7E9FF30
:100F9000002803D00021042001F048FC01BDF1B578
:100FA0007F4F8048F860EE20C00438607E487F495B
:100FB0000860FFF7D6FF002803D00021042001F0CD
:100FC00035FC8020C0017A4908600824794884658E
:100FD00001257D641D2077498862774E9B20400063
:100FE000B061072001F05AFA0220724988624B4929
:100FF0000A68D20603D56F49704A0A6008E00F22DA
:101000000968214002D03100103101E03100143173
:101010000A606B490968002900D4B461E321090121
:101020003160C021C900674A1268F823DB01134010
:1010300001D1F16200E0B9655D490A6C2A4008D02F
:10104000496BC90705D460490968084001D101F01E
:101050000BFC0020C0435D490860554C606B0540A7
:1010600001D1FFF7E7FE009801F006FA606B8001FE
:10107000FCD4F1BD500002A8900102A8940102A87E
:10108000903F000070B542480178090606D5007F00
:10109000002803D00021052001F0C8FB1B4801688F
:1010A0003F2291434A4A12780A4302604048494924
:1010B0000122436B134001D10A638A6297225200D6
:1010C0000A6010220A60444AE3231B019366434BE3
:1010D000CB610021424B196080235B00072408216B
:1010E0000E4D2E680E4005D094672C68234006D123
:1010F000916704E0D4672C68234000D1D1670323B3
:10110000136011630903016070BD00002C8001A809
:101110006A3E0000601102A8981002A8FC0302A811
:10112000F02109012F4A116001402F480160202061
:101130002E4908602E4909680840BE49086070477A
:10114000881102A8902102A8882102A80C9001A869
:10115000982002A82748AA4982680A4002D1C2689A
:10116000114001D01049016013480821B24A1368A8
:101170000B4000D081611178C90602D58C2109018C
:1011800001601420AD490860F9E10000440002A8A4
:10119000D83E00000448054908607047EC0002A8EA
:1011A000242102A8000FFF0001200000706201A8A6
:1011B000100002A8C01002A8501102A8BD03000030
:1011C00028C000A8A88001A8403E0000B46000A884
:1011D0006B3E0000682102A8E82002A81010000061
:1011E000C00002A8586001A8585001A8482002A8D1
:1011F000184001A8704201A870470000F8B586B0F9
:1012000005000C008E480068400102D520004024F3
:1012100004438C48C66AFFF7A9FC0590B00503D5C6
:1012200089480068FFF7D8FA002001900123700672
:10123000C00F0290FE229201916800209060B820B9
:101240004000824E30606608B82030401278F026A8
:101250001640402E02D10200402010430D2D02D135
:101260000A00042111434A0704D502001420104348
:1012700010229443764A12686D462B70D20506D52B
:1012800080225200734B1A60020001201043029A20
:10129000002A11D10C220240082A0DD00200694B0D
:1012A0009B6BDD0601D41025AA439B0601D42023A5
:1012B0009A43B12313404FD06A461278002A4ED089
:1012C000A54A956B966D01236D076D0FAD1DAB4063
:1012D000F504ED0C5B1B9BB2082B09D28020062382
:1012E000584D2B604302A04D2B6000236D462B70A0
:1012F0008123034036D00823029D002D00D11362C4
:101300000D000821294310239C4304231D059F4EF3
:101310003560DD04984E35606D462D78002D1ED069
:10132000062B24D3464DEE6CF60620D5984E366833
:10133000360E01966D69ADB2954EF66B360603D04A
:101340002E0080256D01354315612D121561404A2F
:101350001268D50592D40AE008227F4B1A620491E4
:10136000009031E027A34506ED0E5B5DD4E70491C4
:1013700000903448026B86490968774D2E686F46A5
:101380003E81282616401E43930CDB013343160092
:10139000120E3240102632401A4389004023194071
:1013A000114302AA9170406B000A02A9C870FFF7AE
:1013B000F7F902A908710198487176480068C88059
:1013C0000298E8660398E8660598FFF7D8FB0825B9
:1013D000600601D56D488560FFF7EBFB002805D05E
:1013E0006D480078002801D06C4805600498C1B2AF
:1013F0000098C0B2FFF76BFA200007B0F0BD000004
:1014000000800080030107060301070605010606A8
:101410000501060603020706030207060502060683
:1014200005020606081A03D25D4909684018401CE7
:1014300070470000481002A8F84F0000883F0000E5
:10144000084000A8180002A81CC000A8B46000A8AA
:101450001C0100AA1C2100AAF8B5524F0F24012537
:10146000514910265148806B30401BD00120087034
:101470004F4800687969FFF7D5FF4E49096F40185A
:10148000012868DB01F098FA4B490968090B0C4008
:10149000022C5ED16905494A116049490E644349ED
:1014A0000D6056E02E024148006CC0001ED5454834
:1014B0000068E021890501404DD03F4D2868210397
:1014C00001407001814246D1FFF750FB3E4A3F493F
:1014D0000968314002D03E49096811602968090B4A
:1014E00021400229F3D0FFF74AFBF1BD39480068DB
:1014F000002830D001220A7000F0BEFF00282AD157
:1015000001F05AFA2C490968090B2140022920D11F
:10151000284A1278D20705D52F4A12680A4001D00E
:10152000224A1560264A1160690239601F490E601F
:10153000214A1168090B21400229FAD01168090BD0
:101540000C40032C02D029041C4A11600021214ABE
:10155000116001F035FAF1BD540000AA802080042A
:101560001E49086070470000141100AA8020400442
:101570001A490860704700004C5001A800BF184885
:101580000168490701D0FF2141617047441002A85A
:10159000184001A8448001A8E43C0000845000A841
:1015A00038C001A80CC001A86D3E0000100002A8C0
:1015B0001CC101A8883E0000B00002A81C1002A8AF
:1015C000082002A84C4001A8800000AA084000A8FA
:1015D000904000A8443E0000083F00003C2002A8C4
:1015E0000C4000A87047FF2807D0032805D22B49DC
:1015F0000978C140C807C00F70470020704700003D
:10160000F0B5802000020821254A11600A2301213B
:10161000244A01249C40044325A5ED5C25439560A4
:10162000F025214E35601E4D24A6F65C0227374377
:101630002F6004262E601D4D2D680D4006D1CD0271
:101640006D1E03D0966C3603FAD401E00220F0BD83
:10165000956CD66C6D036D0BAE4200D220005B1E04
:10166000D7D50823104C23609060A84B1B685B0102
:1016700012D5A74C63785D1C01262E4066701D00B4
:101680000626754365191268AA80E880237003480E
:1016900002789940114301700020F0BD9C3F00008A
:1016A000889001A8448001A888A001A8140002A87D
:1016B000000000010102040810202000505050409A
:1016C0004040403020202000F1B584B0914C924839
:1016D0004068C00516D5606AE021C900084088420C
:1016E00010D1A848006E0004000FA7490A68D2066E
:1016F00001D5072804D00968C90603D40B2801D1F5
:10170000002000E1FFF7B0FBA0484069400101D490
:1017100001251CE09E48826B00207D49C3B206254E
:101720006B43CB189B8895B2AB4204D0401CC3B22C
:10173000022BF3D3FF200870012594484069400133
:1017400005D50878FFF74FFF002800D00025914805
:101750005021405C000608D58C480078002804D051
:101760008A484078002800D10125E06902906A4843
:101770000068E061884E0498006831684718012FBE
:1017800015DB00F0F0FDC001381A01280FDBFFF770
:1017900070FB00F0C3F8049800683168401800F04E
:1017A0006BFE002803D00021049A116011E0C020D4
:1017B000C0007A4908602068794F072832D0052197
:1017C0000840052808D021600C2000F067FE0028A2
:1017D00002D00299E16196E0724EFF207A30706289
:1017E0000420B062FFF745FB02203060E020C00417
:1017F00078606A48802189044160022101600120EB
:1018000000F04CFE802080007062022000F046FE56
:101810008020C00070620820B062022000F03EFE0E
:101820000220B062604EE0204000F061594800782C
:10183000C00705D5802000065C490860400830607C
:10184000042000F02BFE019000284AD102203860CD
:1018500080027064C001706410204D49086001204E
:10186000B0674C4F4748006840061ED4474840695F
:10187000400113D52648007869460870684600780C
:10188000FFF7B1FE002809D02148694609780622F1
:1018900051434018C0883E49086406E0012038736F
:1018A000FFF7AEFE019000281BD1012038490860E7
:1018B0000020C867022000F0F1FD3C4E4020F0619E
:1018C000C030F0613878C00705D5C0200006306010
:1018D0002F48006CF881022000F0E0FD8120C0025A
:1018E0007064002D05D027480068800101D4FFF7FF
:1018F00016F9E069E0214903014002982C4A0240B0
:101900000A43E261019805B0F0BD0000083F000005
:10191000583E00005C0102A8F80302A838B5FFF7A2
:10192000A3FAFFF7A6FA23480068C0050AD52248A3
:101930000068000B0F210F220240072A20D001402F
:101940000B291DD00224124804601C4D0820A862F7
:10195000C0016862012000F0A1FD200268622C60D5
:101960000620A86216486862E02040001549086019
:101970000B4804600021144A1160C021C9000160B5
:1019800031BD0000500002A8B04301A8F43E0000A1
:101990000C8001A8883E0000DC3F0000981002A8DF
:1019A000982002A85C1102A8109001A810A001A81C
:1019B000FFFFE3FFFC0302A8B00002A85C2102A81D
:1019C000F96100002CA001A85C0102A838B5040050
:1019D000FFF74FFA2048C021C900204A1268F823B7
:1019E000DB01134001D1816101E01D4A11601D49F5
:1019F000802252001C4B1D68154003D0082505604D
:101A0000032001E0AC20400088641868024001D146
:101A10000A20086015488021490301608909C160D6
:101A200013480068AF21C90145182068854200D3DA
:101A30000500401B206000212000FFF745FE2168C3
:101A40004919216032BD802000010A490860000167
:101A50000949086070470000641102A8AC8001A821
:101A60007C2102A80C8001A8FC0302A8981002A8FF
:101A7000A43F0000441002A8685000A8F1B584B04B
:101A8000B34800680190B3488069AF21C90140188C
:101A9000B1490978C90708D40499884205D2081ABF
:101AA00000F0EAFC002800D05EE2AC484068C007C5
:101AB00000D559E20420C749C8628003C64988623C
:101AC000A548006D0090A548806B8507AD0F2024C8
:101AD000032D03D01020BF49C86224E02003886290
:101AE0009E49CA6B224001D0012067E0009A12068D
:101AF00010D5CB6B022213400CD1B84B05261E60CB
:101B0000CE6B10273E4032431A6000221A608A6B67
:101B1000120A1A600422B04BDA62C96B002902D59E
:101B2000AC4988620025009800060BD5AC480078C7
:101B3000002807D0A748C462CC4800682040A649C6
:101B4000C8620EE08548816B490704D5806BC000F0
:101B5000E100084003E07F488068C10701D5FFF736
:101B6000DFFA01210098084008D0C148AA01801876
:101B7000006AC004C00C401ED04A10600020002241
:101B8000CF4B1E68360403D59B6F002B00D4012277
:101B9000C0218900CB4B596529026F4B1B78DB07AD
:101BA00001D4002A02D0C022920000E00A00C64BF5
:101BB0001A60C0229200C34DAA6559606749096C3A
:101BC000942292050A40150000D001252843000602
:101BD0002ED08348007DC0210140402902D1FFF76B
:101BE000D0F801E0FFF7DAF85C4804602D061ED05B
:101BF000B64C806B400709D58020C00176498862C9
:101C00000220206000F0CAFA002807D004207149A1
:101C1000C862400270498862000120604E4850212D
:101C2000405C000603D5802000036A4908609BE100
:101C30004A484068C007FAD420036749C862FEF7E3
:101C40007FFF9E48406E4549096C090408D4C006D0
:101C500006D5FEF78BFF0221C44A1160FEF78FFF05
:101C6000FEF777FFE0013D490860C14CC0252D0615
:101C7000A5600001BF4908603848806B4007C10F6C
:101C800068460170BC4EA0270198C00700D4A9E0A7
:101C900000F092FE0290FEF783FF3048006C400493
:101CA0000DD400BF00BF00BF00BF00BF00BF00BF1A
:101CB00000BF00BF00BF80200006BA490860FEF7E1
:101CC00074FF029800F07CFEEE20C004AB4908606F
:101CD00080200001206203203064FE20C003706475
:101CE00042200199C90501D4706000E0206067605E
:101CF0000820A04908660420AB4908601748006C1A
:101D0000C00236D51348026F110CA84B1204D20B37
:101D10009A5A10292DD30388E72B2AD395267600CB
:101D2000B34205D8F31A1B095A43930A5A4204E0F6
:101D30009F4E9B191B095A43920A52B28918836914
:101D4000466A72439A1882616F2909D36F210AE0AB
:101D5000FC0302A88C3F0000883E0000100002A88F
:101D60000F2900D20F2108020843090401439148BA
:101D70000160824890498164A90CA16002217D4ADA
:101D80005167A90D8160F021090141658020400063
:101D900060610A2000F082FBA5608220400260663C
:101DA000012000F07BFB0120A060062000F076FB04
:101DB00080200002A060082000F070FB802000035B
:101DC000A0608000A060032000F068FB802040023B
:101DD00049E000BF1C2002A81C1002A8E40000AAD1
:101DE000F43E00000198400744D56448EE21C90440
:101DF000016060498222D204CA6680229200226277
:101E0000D2018A66A90C81646C48A0600A2000F0A7
:101E100045FB002030640199C905306000D50820D9
:101E200070606760534808210166022141670A20FB
:101E300000F034FBA56062486066012000F02EFBD4
:101E4000062000F02BFB0820A060062000F026FBF7
:101E5000E80DA060082000F021FB6020A0600320B6
:101E600000F01CFB02205049086008E0184001A85F
:101E70000C0000AA534A4021002001F015F8002070
:101E8000C0431049086000F06EFA964D401DC00135
:101E9000A96947188020C00193494E6F06409349B5
:101EA00008600498874214D2A969401A00F0E4FA45
:101EB00000280DD08E48066056E000BF204000A8E4
:101EC000684101A8B46000A8085100A8685000A8A3
:101ED000049F0198400702D58020800000E08548DB
:101EE000A060012000F0DAFA80204000214908605B
:101EF000380000F0C1FA804C2078C00703D58C2050
:101F00004005FEF72BFE68460078002807D176488A
:101F100000687A4988608020C00379490860744865
:101F2000066016480199490704D58021890081641B
:101F3000214903E002218164C0218901816468464E
:101F4000007800280AD0012000F0A8FA5020205C78
:101F5000000603D5802000038F490860A848006C64
:101F6000C00201D5E86EA86105B0F0BDD4E403500D
:101F7000641102A8B81002A8600102A8242102A8D6
:101F800080B5FEF7F3FD984900220A600A22CA6173
:101F9000FEF7F5FD9548C02189020160994941602D
:101FA00001BD000004500950C82102A8C000000073
:101FB000D6FEFFFFDC4001A804040000040440003A
:101FC00002040000110700008D48806B800300D4DC
:101FD0007047F8B58C480068009000240020012666
:101FE0000099314002D0C020800103E000994907E8
:101FF00000D58648864902220A6008640827854879
:10200000076085480068C00403D4844800683840ED
:10201000FBD0834D37486865042000F03FFA8820E4
:10202000C00468650098064024D0A020800368653D
:10203000012000F033FA7B48686500F0BDFC060023
:10204000FEF7AEFD6E48006C40040DD400BF00BF2B
:1020500000BF00BF00BF00BF00BF00BF00BF00BF88
:102060008020000670490860FEF79FFD300000F0F8
:10207000A7FC08E0602068657803A860012000F0F4
:102080000DFA6A4868656A4E0098C005346001D54B
:10209000776000E07460C02000066865C00C654988
:1020A0000860012000F0FAF9F0200001E8666248BB
:1020B0000099C90502D50321016000E00460862073
:1020C00040025E4908605E4868652F60A020286570
:1020D00034647464B8024A490860000159490860D0
:1020E000F1BD00008C3F000020C001A894E001A8D1
:1020F00094D001A802400000883E0000F43E000099
:102100001C1002A8F8B5504800680D2707400424A9
:10211000002F00D10427FC20800110256603082130
:102120004A4A4B4B1B682340126816D04260394024
:1021300004D00220FEF744FC464806603C4009D02B
:10214000FE20800100680543FE2080010560B00884
:10215000404908600220404916E00260394005D03D
:102160000220FEF72DFCA0023A4908603C4007D04F
:10217000FE20800101680D43056070093549086043
:102180003548066030032F490860FFF71DFF002126
:102190000020FEF79CFBF1BD1C2002A810B580209A
:1021A0002E490A6802400AD02D4B1A6806241440B2
:1021B00005D15C6E2B4A22401B6D9C0101D500208D
:1021C00010BD096808400DD02748824203D1180588
:1021D00001D5012010BD25480068C107C90F481E60
:1021E0008041C00F10BD0000D80000AA442002A802
:1021F0001F4803210164A821C163102101607047B9
:10220000100002A804000080FC0302A804040000DF
:102210002C1102A8106001A8D84001A8104001A804
:10222000182102A8018000000460095089050000FF
:10223000600102A8B06101A8548001A8C82102A8C9
:1022400004340000482002A8B44000A81CC101A822
:10225000480002A8441002A8685000A8440002A840
:1022600014C001A81F1F0000010C000030C101A80C
:10227000082002A86C4800680121084209D16B4A75
:1022800012686B4B000C1840F03291400B409842A2
:1022900001D00220704700207047F8B507000F38C2
:1022A0006A461080604CE0680A0004D16B461B88C7
:1022B00082B29A423AD200226B461A800125022647
:1022C0003A0013D02268324007D000292ED0594856
:1022D0000088401C57490880002039002161564978
:1022E0000E6080B2B84201D369460D805348456004
:1022F00000E030BF2068304003D1FFF7BBFF00286B
:10230000F7D04D484560390010D02168314005D0E4
:1023100048490A886B461B88D2180A80066000204C
:102320002061E068B84201D244480660FFF7A2FF8E
:10233000F2BD38B5050000F03FFB040001219920F3
:102340004543A8093E4A12688018123880B2FFF748
:10235000A4FF05008020C0013A490860200000F079
:102360002FFB280032BD33480388354909680288AD
:102370009342F9D1100408187047FEB51238070CC3
:102380006946088000F018FB0190274C294D2888E9
:10239000B8421ADA01202C490860274E30BF0220CB
:1023A0002168014006D03060400326490860288833
:1023B000401C2880FFF75EFF002802D12988B9421F
:1023C000ECDB0121716000280DD12888B8420AD1C8
:1023D000E06869460988884205D20021684600887D
:1023E000FFF75BFF01E0FFF745FF04008020C0011D
:1023F00014490860019800F0E3FA2000FEBD10B512
:1024000012490A680E4B1B680C689442FAD0DB0133
:102410004033141A02D288692418641C0C480068DE
:102420004443181B10BD0000280002A804ED00E082
:10243000FF3F0000683E0000282002A8281002A8E4
:10244000340002A880E200E02C1002A820C001A8FD
:10245000B43F0000F0B502E00A601C602E607EC848
:102460004F1C07D05F1C04D06F1CF5D10A601C60A4
:10247000F0BD0A60F0BD000010B5C409FFF773FF9E
:10248000201A312806DAC000183801D4C01EFDD544
:10249000002010BD2000FFF770FF10BDC32148438E
:1024A0006F3801D41E38FDD50020704780B5FEF787
:1024B00087FA01208A49086001BD38B589490C684E
:1024C000082589490D60FFF7F1FF2C4001D08748AE
:1024D000056031BD80B5EB2000F001F801BD30B5DD
:1024E00083490B6818401022134210D0814B824C54
:1024F0002468224008D0B04A14682402FF252D0227
:1025000025401D6300241460802252031A60086075
:1025100030BDF3B5010016001C0000250095A7484A
:10252000019A330000270BE0BC464F5D4743AE00E5
:102530009E597E40575D47433740664637436D1C82
:10254000A542F1D3390939438A080A435108114396
:102550000840C10901430F208A0B0A430240504042
:10256000F6BDF1B582B00E00002093490860944D8D
:10257000EF7AA87A01900F21394000910ED00B46D6
:10258000904A91490298FFF7C4FF019901408A4897
:1025900001608E4841438E48084001D1012400E08B
:1025A0004401380915D032003B0929000298009EE9
:1025B0006D7A75194019FFF7ACFF019909110140B7
:1025C0007D4802680B0113430360002901D04800D5
:1025D000444380480068204001D10420FEBD002013
:1025E000FEBD80B50A00002111807B495288801809
:1025F000FFF7B7FF02BDF0B50F22784B5C79057885
:102600000F202040C5402009284001259C79C44066
:102610002C4001D10320F0BD374C2468254008D060
:102620006F4D9E684700F65B761E2E608026B601D1
:10263000EE60DD78DE79C640F00711D5E0060FD5F3
:10264000002D0DD0674848600888488008881C78AD
:1026500000192A4080185A7880182A09801800E04A
:10266000002008800020F0BD10B55F4801685F4A77
:102670000820014200D09061C90602D58C210901D1
:1026800011605B495B4A5C4B1B681B040CD54B68B3
:102690005C0402D5C303136006E0C024A4011C40FF
:1026A00043029C4200D010600B68034005D0534B9E
:1026B0001B689B0F9B0700D010600F480078C02359
:1026C000034002D1802040051060086820210840A6
:1026D00010604B480068C00101D4FFF7FBFE10BD3D
:1026E0002C4000A84C4000A84C6000A84C5000A80A
:1026F000883F00001C1002A8D83E0000F8B5414FEA
:1027000038687E6806404048304040490860802470
:10271000A4033F4DF00227D53E48016801200A0678
:1027200005D53D490968A9602870022014E00142DE
:1027300002D03A49A9600FE00020C9060CD529490A
:10274000A960374A91780B071B0F12789A1809096C
:102750005118A980E880A888A880A888002801D0FE
:10276000264301E0FFF7B6FE264023D0274E7460D3
:102770003460A88800280BD0396A814208D3291D0B
:102780002848AA6890470100F3D0FFF78FFEF1BDFB
:1027900001000CD0FC218902F16123490203CA61C6
:1027A00034604C603A6A824204D30C60F1BDEB2085
:1027B000FFF795FEF1BD0000483E00000101010158
:1027C000583F0000103F0000503F00001111000072
:1027D000218400000C3F0000303F0000603F0000FB
:1027E000204000A8B3220000F84F0000502102A8AA
:1027F000184001A8481002A8684101A84C4201A84D
:10280000D04000A8B44000A8FFFFDFFFB46000A8DC
:102810004C3E0000D83E0000DC3C0000C722000017
:10282000613F0000D84000A8B45000A870B5050072
:102830000C0000F0C1F80600FEF7B2F920020543D3
:1028400006480560022006490860FEF7AEF9300030
:1028500000F0B6F801200349087070BD04800950EB
:10286000409009506C3E0000FEB5C020C0043349C2
:102870000860334833494865334888653348402405
:10288000046044601020FFF709FE002854D1FF20A7
:1028900000052F4908602F482F4908602F48294913
:1028A0000860A5032A4805602D4807680820FFF73F
:1028B000F5FD002840D108262A4806600120FFF7D0
:1028C000EDFD2748806801902748066027481D498C
:1028D00008601F4805600820FFF7E0FD00282BD1A5
:1028E000204806600120FFF7D9FD1D488068009050
:1028F0001D480660134D1E4828600199009800F09D
:102900003FF88606B60E0198C10B0098C00B00F088
:1029100037F80002FC218901014031432960104849
:10292000076060030A490860124804604460124965
:102930000164124941640020FEBD000020E000A8AF
:10294000571400004C0102A8FF3FFF3F601102A88E
:10295000B42002A80000380EB41002A830300000E5
:10296000104101A8105101A8106101A81010000029
:1029700020200000602102A8F703F000FF3F0000C4
:1029800010B54904CA104004C310991A00209A18BF
:10299000D30F9A18521052188B115B0E5B18DB1173
:1029A000D2182023541A01D422001843CC0F6118E6
:1029B00049105B08F6D110BDEFF3108072B6704776
:1029C000002800D162B6704710B5C200182313402A
:1029D000FF249C40E2438907090E9940030004D478
:1029E00073489B089B00C01806E0724B0007000F5D
:1029F000083880088000181803681A4011430160E5
:102A000010BD80B574225421002000F04DFA01BDA4
:102A100010B5FFF7D1FF684901220A60674B684C87
:102A20002360684C23600323674C2360674C23605A
:102A3000674B1A60674B1A60674B80241C601A60F2
:102A4000664A1A6011228A63FFF7BAFF3F20644981
:102A5000096801400A1D402A00D2081D614A107011
:102A6000A448017010BD80B501001120FFF7ACFF34
:102A700001BDFFF7A1FF05000024012160B2FFF7AF
:102A8000A3FF641C0E2CF8D301210F20FFF79CFF3D
:102A900001211320FFF798FF01211720FFF794FF72
:102AA00003210120C043FFF78FFF01211E20FFF704
:102AB0008BFF4D484D49086002204D4908600120B8
:102AC0009B49086047044B4C20693840FCD0206883
:102AD000800101D4FEF713F82800FFF771FF464884
:102AE0000068000311D4972252005321002000F007
:102AF000DBF90AE000281CD0FEF738F819E020695D
:102B00003840FCD02800FFF75BFF206E0004000F68
:102B1000022801D1FEF7A0FCFFF74EFF0500764E1C
:102B2000FEF734F800287078E4D0002801D1FEF7D1
:102B300026F801202E493278002A05D16F4A126802
:102B4000920600D4086030BF0022327002220A6070
:102B500077490860D3E77748016842680A407648B9
:102B6000104017490860800700D4704710B57C48B2
:102B70000188491C01807B4C2078000617D57A49D2
:102B80000A680F20120B0240032A10D1774A1268FC
:102B90005207520F032A0AD80968090B0840032874
:102BA00005D10D20FFF789FCE08A401CE08210BDB2
:102BB00000E400E01CED00E0040002A80000FF3F7C
:102BC000282002A82C1002A840E002A844C002A8B5
:102BD00004C001A8044001A8145001A82000600608
:102BE0002C8001A86A3E0000FFFF9B4000E100E04E
:102BF000602002A8500002A8F80702A8F8B55C4CB3
:102C0000206865680540914805605A48284007D00B
:102C1000FDF7CFFF002803D02800574909688847EF
:102C2000012102228A480078C00701D5022300E072
:102C300001232B408748002B10D0874B1A60874A0E
:102C400012680A4007D10268F0231B051340902246
:102C500012059342F3D00902814A116080210D428E
:102C600020D0A26AF823DB0113401BD0C02212013E
:102C7000934217D880231B068A4E3360A76AF82632
:102C8000F6013E40384F3F683F043F0F022F01D00E
:102C9000032F03D1002E01D09642EFD3914A136047
:102CA0006A4A11609049097806290DDACC20800122
:102CB00028401DD0FFF780FE04002800FDF736FCF9
:102CC0002000FFF77DFEF1BD806B800510D58748A1
:102CD000284005D0FEF790FA2800FDF727FCF1BD4B
:102CE000A80205D580204001584908608049086045
:102CF000F1BD00006B3E00006D3E0000F40302A831
:102D000010B57C48016844680C407B480460802111
:102D10000C4205D04160794801600020FDF706FCB7
:102D2000600403D5802040057549086010BD00008F
:102D3000601002A8280002A8FFFF00C038B5714843
:102D4000016844680C40E00707D5FFF735FE050031
:102D5000FDF786FC2800FFF733FE6B48046031BDA9
:102D6000683E0000D83E0000B00002A8184001A84C
:102D7000104001A802000600E03C0000FEB5634CD4
:102D8000206C676C074001252F4216D02E06604844
:102D9000066020685F490D60002802D00021FDF721
:102DA00039FE5D480068A021C90188428041C043C6
:102DB000C00F5A4948705A480660FDF7D7FE019087
:102DC000022007403ED06168CEB20F0A5549082262
:102DD000494B4403012E24D0022E31D1012F22D1A0
:102DE000514EF6780096504E37780126BE404F4F30
:102DF0003E604D4E3678760590277F04F7190326FE
:102E00003E434B4F3E601C604A4B1C600B68009C6D
:102E10001B194B65444909788D4047490D60474966
:102E20000DE00090DFE7002F0AD1454E3560002508
:102E30004D655C601C60C104424B196042490A60E8
:102E4000344908600198FDF79AFEF7BD106001A8AB
:102E5000883E00000C0002A86C1102A8B44000A833
:102E6000B82002A870B5FDF781FE0400FFF7A4FDAD
:102E70002F490A68D2070FD52A4A566D1368334D79
:102E80002E60CE686E604968E9818021C904204EB9
:102E90003160297B59185165FFF792FD2000FDF73D
:102EA0006EFE70BDE06101A8002800D0704770B5CB
:102EB0000C00FDF75BFE0500FFF77EFD0600FDF749
:102EC0006FFE234804600121224A1160026C0A400F
:102ED000FCD1FDF76AFE3000FFF772FD2800FDF718
:102EE0004EFE70BDE05101A8383E000000104006C3
:102EF000145001A890C001A890E001A80CC001A83E
:102F000004ED00E0C0C000A8C0E000A800C002A816
:102F1000441002A840E002A8404000A86D3E000016
:102F2000442002A818800A50813E000068A00A5080
:102F300060C101A894D001A868900A50F42302A8A7
:102F400060E101A880E200E0F41302A8783E0000EE
:102F5000008009504090095080B5FDF72AFE0028F6
:102F600001D000F0B7FE01BD80B5FDF763FEC64895
:102F7000006800030AD4FEF70DF9FFF725F8FEF705
:102F800081F80120FEF7FCFFFEF7C8FC80208005D9
:102F9000FDF7E4FD01BD80B5FDF74CFE8020400249
:102FA000FDF7DCFD01BDFEB505208F4908608F48A7
:102FB000046801273C4201D1FDF756FFFDF73AFEB8
:102FC0008B49086800908B4849680160A105CA0FC9
:102FD00069460A7100253C4210D00095994949681C
:102FE00001609848026898490B68981A9A4202D37F
:102FF0008B69C018401C954B9842F5D3A34E3560A1
:1030000068460079002804D021000098FDF76AFB8B
:10301000009000243068384003D16846FDF751FF26
:103020000400FDF79EFF002846D08648407C00281B
:1030300042D19749834DEE680A6933689A4200D0BD
:103040000120944A1278022A0DD2934B9C46062303
:103050005A4363469B5AB44602001826724366469A
:10306000B218536000E00224009A0192EA6801233A
:10307000434018204343D61830680861B0680860A0
:10308000A248F1680160316901627069A049086075
:1030900001A8FDF716FF002808D17E49097802290A
:1030A00004D27D4A06235943515A7160210004001D
:1030B0000C4301D16F7401E0002C02D10098FDF7A0
:1030C0006EFF9E48076002209D490860C820C0042A
:1030D000BB4908607804FDF741FDF7BDF8B5994C90
:1030E0008025EF02FDF73DFF002808D096480078C4
:1030F000002804D13800FDF731FD2560F1BD206CBA
:10310000C00506D580200006206000BF00BF400833
:103110002060FEF71FF8FDF78DFDFDF77FF9060033
:10312000A848A9490860FFF717FF3800FDF716FD0A
:10313000002E00D025600120A4490870F1BDF8B52B
:103140000120FFF790FCA24CA24800682060FDF728
:1031500071FD7820205C0521014002D0FDF711FEB1
:1031600001E0FDF71BFE774D0227A06F384001D02C
:10317000012028601020C043974908600026EE63B4
:1031800096480660FDF715FD002802D000F0EFFD1F
:1031900000E06663FDF7D4FC91480068296C0904DF
:1031A00007D4000705D5FDF7E1FC8E490F60FDF758
:1031B000E6FCFDF7CEFCFFF757FAB804FDF7CEFCAE
:1031C0000020FFF750FCF1BD80B5FDF733FD2E4820
:1031D0000068000303D4FDF755FFFEF79FFB802036
:1031E0004003FDF7BBFC01BD5C1102A8440002A82E
:1031F000B83F0000443E000038B5FDF71BFD514CC0
:103200002025FEF7CBFF002806D0606B000704D511
:10321000FEF7EEFFFEF717FC2560FDF733FFFEF724
:103220007DFB714800780C210140042902D1FDF793
:10323000A8FD01E0FDF7B2FD6804FDF78FFC40201A
:10324000206031BDE43E000020C001A801FF000065
:103250001CB5052065490860FDF7ECFCFEF7C8FFCA
:103260006348006800906846FEF7B0FB0400FFF773
:1032700073FE002C02D10098FEF700FC8020400471
:10328000FDF76CFC13BD00000C0002A8403E0000DE
:10329000348001A8583E00005E3E0000F8B5FDF7FE
:1032A000C9FC544CA56A5020284002D0FDF769FDA6
:1032B00001E0FDF773FD234FFEF770FF00281BD1DF
:1032C000B86B40071DD4786BE0214901014018D14B
:1032D000A80611D4FDF734FCA56A474E354207D045
:1032E000FF20C0432D18A56280200005A949086071
:1032F000FDF72FFC2E4002D00120386001E00020B5
:10330000206080208004FDF729FCF1BD1C4101A84C
:10331000284000A880B5FDF78DFC9F480068C005D7
:1033200001D5FDF7AFFE0120FEF72AFEFEF7F6FA03
:103330008020C004FDF712FC01BD0000442002A85B
:10334000305201A8100002A8F53E000010B5264832
:103350000468FDF76FFC9149096809032AD4032129
:10336000C00601D5214001E0A0080140012902D199
:10337000FDF707FD0BE0200107D50E20FFF796F8BB
:1033800087480421016008210160FDF707FDFDF772
:1033900080FD844C206984490860FFF7DDFD2068CA
:1033A000002807D04000122802D2FFF777F801E08A
:1033B000FEF7BFFF80208003FDF7D0FB10BD0000AB
:1033C000106001A870012000B46000A86D3E0000EC
:1033D000903E000008C000A8482002A8483E000017
:1033E000844000A8D4E40350083F00005C1102A808
:1033F000CC3F0000E03E000000FFFF00FEB50024CF
:103400006A490C730120694608700294FDF712FCAA
:103410000600624F3868000300D5B5E003209F49DD
:1034200008649F480268FF2080019E4910255F4B79
:103430001B78DB0720D51207120F022A03D09A4A05
:1034400012682A4004D1594A5268584B5B7801E00F
:103450008A680B688E6A096A0091911B1422514395
:10346000DBB2C918009A891A09014068081801D509
:10347000019453E0019051E013071B0F032B03D07D
:103480001204120F062A3AD18968426802923A6CF5
:10349000920701D5806802900800FEF7B0FF0299FC
:1034A000401801D5019400E00190B86B0107C80FE6
:1034B00003213F4A12680A40022A1AD12E4018D02E
:1034C0003A4A126DD30512D5FE6B984B1E409E42B0
:1034D00002D172490D640CE092050AD43A6C28239B
:1034E000134006D16B461C702A4A116001E06A46FF
:1034F0001470029068460678002E03D10FE0006831
:1035000001900126FEF74AFE002808D0FEF770FE63
:103510000298002802D0FEF796FA00E0002602206A
:103520005E490860002E10D0214800780C2101402F
:10353000042902D0F86B054002D0FDF722FC01E01F
:10354000FDF72CFC202078601EE018480078C007AA
:1035500005D555480068054001D1FDF723FCFDF76E
:1035600091FD802000060B4908600020C04370498F
:10357000086001A8FEF72AFA0400FFF7EDFC002C12
:1035800002D10198FEF77AFA80200004FDF7E6FAEE
:10359000F7BD0000481002A8680102A80C0002A8AC
:1035A00080E200E0AC3F0000443E0000883E0000A6
:1035B000083F0000FEB500245E490C730094FDF73F
:1035C00039FBFFF7C9FC5C4DE86E5C4E0007000F4D
:1035D00007280BD16868002808D40020FEF7D0FC2B
:1035E000306857490860FDF7D0FC52E001201027F1
:1035F000696849070DD453490968014009D001029F
:103600004C4A126D0A4208D0520502D42A68114071
:1036100001D1009001E04C48076046480078C0079F
:1036200005D521480068384001D0FDF7BBFB47486D
:1036300001680320009A002A01D0890900E00909E5
:10364000084001900020FEF79BFC0198002805D15E
:103650006868074002D1FDF7A1FB01E0FDF791FB8F
:1036600000200099002903D139480068FEF7C7FE01
:103670007169401801D5009400E000906846FDF79C
:1036800020FC002805D10098FDF789FCB0692C4981
:10369000086080200005FDF761FAF7BD082002A848
:1036A000B00002A804C101A8B04301A8F8B5FDF715
:1036B000C1FA002400252748466B80277F05300685
:1036C00006D5300709D5FEF793FDFEF7BCF929E0D2
:1036D00001251C480068284019D00020FEF750FC46
:1036E0000220064002D01C490C60C8611B480468D7
:1036F000002D03D02000FDF781F80400FEF778FDCF
:103700002000FEF7BBF93800FDF728FAF1BD0F489D
:103710000078C0210140402902D1FDF732FB01E0D1
:10372000FDF73CFB20200B490860ECE7100000107F
:10373000B46000A8883E0000440002A8BC3F00001E
:10374000443E0000B44000A8481002A8083F000012
:103750001CC101A8100002A8180000AAD83F000050
:10376000FFF756F9024803494860FFF782F900BFA6
:10377000432700000000000080B5EFF305800B2810
:1037800001D23A2100E02921922252000020FFF7C5
:103790008BFBFEE700000000920E493CB10AC93CD9
:1037A0002BC3163D2EFB483D752B7B3D04A9963D52
:1037B00080B6AF3D36BDC83D2FBCE13D73B2FA3D8A
:1037C00087CF093E8340163EB5AB223EA2102F3E66
:1037D000CF6E3B3EC2C5473E0115543E135C603E72
:1037E0007F9A6C3ECCCF783EC07D823E938E883EE1
:1037F000229A8E3E32A0943E86A09A3EE59AA03E42
:10380000128FA63ED47CAC3EEF63B23E2A44B83E53
:10381000491DBE3E15EFC33E53B9C93ECA7BCF3EDC
:103820004136D53E80E8DA3E4F92E03E7533E63EC3
:10383000BBCBEB3EEA5AF13ECBE0F63E275DFC3EC9
:10384000E4E7003F3D9C033F824B063F9BF5083F6A
:103850006B9A0B3FDA390E3FCDD3103F2A68133FE6
:10386000D9F6153FC07F183FC6021B3FD17F1D3FD1
:10387000CBF61F3F9967223F25D2243F5636273F7C
:103880001594293F4AEB2B3FDE3B2E3FBB85303F53
:10389000C9C8323FF304353F233A373F4268393FC6
:1038A0003B8F3B3FF9AE3D3F67C73F3F70D8413F3D
:1038B00001E2433F03E4453F65DE473F12D1493F04
:1038C000F8BB4B3F029F4D3F207A4F3F3D4D513F4C
:1038D0004918533F31DB543FE595563F5348583F15
:1038E0006AF2593F1A945B3F532D5D3F05BE5E3F20
:1038F0002146603F97C5613F5A3C633F59AA643FE8
:10390000880F663FD86B673F3CBF683FA7096A3F97
:103910000C4B6B3F5E836C3F93B26D3F9ED86E3F06
:1039200073F56F3F0809713F5213723F4714733F9D
:10393000DD0B743F0BFA743FC6DE753F07BA763F66
:10394000C58B773FF853783F9812793F9DC7793FF1
:1039500002737A3FBE147B3FCDAC7B3F283B7C3F5C
:10396000C9BF7C3FAC3A7D3FCCAB7D3F23137E3F4C
:10397000B0707E3F6DC47E3F580E7F3F6D4E7F3FDF
:10398000AB847F3F0FB17F3F97D37F3F43EC7F3FB7
:1039900011FB7F3F0000803F11FB7F3F43EC7F3FE7
:1039A00097D37F3F0FB17F3FAB847F3F6D4E7F3F0B
:1039B000580E7F3F6DC47E3FB0707E3F23137E3F25
:1039C000CCAB7D3FAC3A7D3FC9BF7C3F283B7C3FC1
:1039D000CDAC7B3FBE147B3F02737A3F9DC7793FDE
:1039E0009812793FF853783FC58B773F07BA763FF7
:1039F000C6DE753F0BFA743FDD0B743F4714733F0F
:103A00005213723F0809713F73F56F3F9ED86E3FA6
:103A100093B26D3F5E836C3F0C4B6B3FA7096A3FCF
:103A20003CBF683FD86B673F880F663F59AA643F29
:103A30005A3C633F97C5613F2146603F05BE5E3FEC
:103A4000532D5D3F1A945B3F6AF2593F5348583FEC
:103A5000E595563F31DB543F4918533F3D4D513FAB
:103A6000207A4F3F029F4D3FF8BB4B3F12D1493F59
:103A700065DE473F03E4453F01E2433F70D8413FE5
:103A800067C73F3FF9AE3D3F3B8F3B3F4268393F01
:103A9000233A373FF304353FC9C8323FBB85303F37
:103AA000DE3B2E3F4AEB2B3F1594293F5636273FEE
:103AB00025D2243F9967223FCBF61F3FD17F1D3F80
:103AC000C6021B3FC07F183FD9F6153F2A68133F37
:103AD000CDD3103FDA390E3F6B9A0B3F9BF5083F71
:103AE000824B063F3D9C033FE4E7003F275DFC3EE1
:103AF000CBE0F63EEA5AF13EBBCBEB3E7533E63EF9
:103B00004F92E03E80E8DA3E4136D53ECA7BCF3E5A
:103B100053B9C93E15EFC33E491DBE3E2A44B83EC7
:103B2000EF63B23ED47CAC3E128FA63EE59AA03E37
:103B300086A09A3E32A0943E229A8E3E938E883E74
:103B4000C07D823ECCCF783E7F9A6C3E135C603E57
:103B50000115543EC2C5473ECF6E3B3EA2102F3EDC
:103B6000B5AB223E8340163E87CF093E73B2FA3D85
:103B70002FBCE13D36BDC83D80B6AF3D04A9963DA2
:103B8000752B7B3D2EFB483D2BC3163DB10AC93C2E
:103B9000920E493C00000000920E49BCB10AC9BC1B
:103BA0002BC316BD2EFB48BD752B7BBD04A996BD4E
:103BB00080B6AFBD36BDC8BD2FBCE1BD73B2FABD86
:103BC00087CF09BE834016BEB5AB22BEA2102FBE62
:103BD000CF6E3BBEC2C547BE011554BE135C60BE6E
:103BE0007F9A6CBECCCF78BEC07D82BE938E88BEDD
:103BF000229A8EBE32A094BE86A09ABEE59AA0BE3E
:103C0000128FA6BED47CACBEEF63B2BE2A44B8BE4F
:103C1000491DBEBE15EFC3BE53B9C9BECA7BCFBED8
:103C20004136D5BE80E8DABE4F92E0BE7533E6BEBF
:103C3000BBCBEBBEEA5AF1BECBE0F6BE275DFCBEC5
:103C4000E4E700BF3D9C03BF824B06BF9BF508BF66
:103C50006B9A0BBFDA390EBFCDD310BF2A6813BFE2
:103C6000D9F615BFC07F18BFC6021BBFD17F1DBFCD
:103C7000CBF61FBF996722BF25D224BF563627BF78
:103C8000159429BF4AEB2BBFDE3B2EBFBB8530BF4F
:103C9000C9C832BFF30435BF233A37BF426839BFC2
:103CA0003B8F3BBFF9AE3DBF67C73FBF70D841BF39
:103CB00001E243BF03E445BF65DE47BF12D149BF00
:103CC000F8BB4BBF029F4DBF207A4FBF3D4D51BF48
:103CD000491853BF31DB54BFE59556BF534858BF11
:103CE0006AF259BF1A945BBF532D5DBF05BE5EBF1C
:103CF000214660BF97C561BF5A3C63BF59AA64BFE4
:103D0000880F66BFD86B67BF3CBF68BFA7096ABF93
:103D10000C4B6BBF5E836CBF93B26DBF9ED86EBF02
:103D200073F56FBF080971BF521372BF471473BF99
:103D3000DD0B74BF0BFA74BFC6DE75BF07BA76BF62
:103D4000C58B77BFF85378BF981279BF9DC779BFED
:103D500002737ABFBE147BBFCDAC7BBF283B7CBF58
:103D6000C9BF7CBFAC3A7DBFCCAB7DBF23137EBF48
:103D7000B0707EBF6DC47EBF580E7FBF6D4E7FBFDB
:103D8000AB847FBF0FB17FBF97D37FBF43EC7FBFB3
:103D900011FB7FBF000080BF11FB7FBF43EC7FBFE3
:103DA00097D37FBF0FB17FBFAB847FBF6D4E7FBF07
:103DB000580E7FBF6DC47EBFB0707EBF23137EBF21
:103DC000CCAB7DBFAC3A7DBFC9BF7CBF283B7CBFBD
:103DD000CDAC7BBFBE147BBF02737ABF9DC779BFDA
:103DE000981279BFF85378BFC58B77BF07BA76BFF3
:103DF000C6DE75BF0BFA74BFDD0B74BF471473BF0B
:103E0000521372BF080971BF73F56FBF9ED86EBFA2
:103E100093B26DBF5E836CBF0C4B6BBFA7096ABFCB
:103E20003CBF68BFD86B67BF880F66BF59AA64BF25
:103E30005A3C63BF97C561BF214660BF05BE5EBFE8
:103E4000532D5DBF1A945BBF6AF259BF534858BFE8
:103E5000E59556BF31DB54BF491853BF3D4D51BFA7
:103E6000207A4FBF029F4DBFF8BB4BBF12D149BF55
:103E700065DE47BF03E445BF01E243BF70D841BFE1
:103E800067C73FBFF9AE3DBF3B8F3BBF426839BFFD
:103E9000233A37BFF30435BFC9C832BFBB8530BF33
:103EA000DE3B2EBF4AEB2BBF159429BF563627BFEA
:103EB00025D224BF996722BFCBF61FBFD17F1DBF7C
:103EC000C6021BBFC07F18BFD9F615BF2A6813BF33
:103ED000CDD310BFDA390EBF6B9A0BBF9BF508BF6D
:103EE000824B06BF3D9C03BFE4E700BF275DFCBEDD
:103EF000CBE0F6BEEA5AF1BEBBCBEBBE7533E6BEF5
:103F00004F92E0BE80E8DABE4136D5BECA7BCFBE56
:103F100053B9C9BE15EFC3BE491DBEBE2A44B8BEC3
:103F2000EF63B2BED47CACBE128FA6BEE59AA0BE33
:103F300086A09ABE32A094BE229A8EBE938E88BE70
:103F4000C07D82BECCCF78BE7F9A6CBE135C60BE53
:103F5000011554BEC2C547BECF6E3BBEA2102FBED8
:103F6000B5AB22BE834016BE87CF09BE73B2FABD81
:103F70002FBCE1BD36BDC8BD80B6AFBD04A996BD9E
:103F8000752B7BBD2EFB48BD2BC316BDB10AC9BC2A
:103F9000920E49BC0000008062675F6D65737361BB
:103FA000676520726563656976657273000000005D
:083FB00028C4FB7F01000000A2
:0C3FB800C43F0408C0820020FC00000090
:103FC400C0EA2101C0EA210100800000005A620217
:103FD400D48200200040170800A00000AC35002067
:103FE400C8000000FE00000000000000C4C7030871
:103FF400C00A002030000000B5680008FFFFFFFF82
:10400400FFFFFFFFFFFFFFFFFFFFFFFF08E40308C1
:10401400D4FE64000A002900AFEB020820830020CC
:10402400183F002080ED03080200000059A7000893
:10403400000000000000000000000000000000007C
:104044000B0C0000183F002003000000FDA700082F
:10405400C0ED0308A8ED0308000000000300000001
:10406400483F00206883002000000000483F0020F3
:10407400B03F0020184000200000000000000000B5
:10408400000000000000000000000000000000002C
:10409400000000000000000000000000000000001C
:1040A400000000000000000000000000000000000C
:1040B40000000000000000000100000000000000FB
:1040C40010000000100000000000000000FFFFFFCF
:1040D400FF0000006F8303087383030877830308DA
:1040E4007B8303080000000011DC010800000000CD
:1040F4000000000000000000B39703080000000067
:1041040065E4010800000000000000000000000059
:1041140011E401080000000000000000000000009D
:1041240025E5010800000000000000000000000078
:1041340061ED010800000000000000000000000024
:10414400CDF601080000000000000000FFFFFFFFA3
:104154000000000000000000FFFF0000F8F7030863
:10416400C7990308FFFFFFFFDD9C0308D99C0308E0
:10417400FFFFFFFFFFFFFFFFE19C0308D88400203F
:10418400AC840020C0750020B07500200000000041
:1041940000000000388500200C850020C075002038
:1041A400B0750020000000000000000007000000BF
:1041B40002000000000000000000000000000000F9
:1041C40000000000000000000400000000000000E7
:1041D40000000000000000000200000000000000D9
:1041E40000000000000000000000000003000000C8
:1041F40000000000000002000000100000000000A9
:1042040000000000000000000000000007000000A3
:104214000200000000000000000000000000000098
:104224000000000000000000000400000000000086
:1042340000000000000000000B000000000000006F
:104244000000000000000000000000000500000065
:104254000000000000000200000010000000000048
:10426400000000000000000000000000E3A00308BC
:104274000100000000000000000000000000000039
:10428400000000000000000000000000000000002A
:1042940000000000FFFFFFFFBBA30308FFFFFFFFB9
:1042A400FFFFFFFFFFFFFFFFFFFFFFFFCF26000021
:1042B400D99F0208000000002DAA02080000000097
:1042C40000000000FF0000000000000000000000EB
:1042D40000000000000000000000000000000000DA
:1042E400000000000000000000000000FFFFFFFFCE
:1042F4002000040000000000000002001000000084
:1043040000000000000000000000000000000000A9
:104314000A000100000000000A000C0000004353E2
:104324002052464C43540000000002000A000800DA
:1043340030303030303030300000020005000300EF
:10434400303030000000020008000500302E302E0E
:10435400300000000200080000000000000000001F
:10436400000000000000010502000000000001043C
:1043740002001700FFFF0C0000000000BF8FAF7F9A
:104384008700370F10100004040F05140A280101D8
:104394000114FE03FF0A010101010101FFFF01FFF6
:1043A4000C01FF0FFF030100B50300088D03000893
:0400000508001DF9D9
:00000001FF
