S02B0000433A2F55736572732F6D706D656E2F53696D706C696369747953747564696F2F424C452D7468657319
S214000000C00A0020F10700000305020003050200F5
S214000010991702000305020003050200030502000B
S21400002003050200030502000305020003050200A3
S2140000300305020003050200ED04020003050200AA
S2140000400305020003050200030502000305020083
S2140000500305020003050200030502000305020073
S2140000600305020003050200030502000305020063
S214000070FD4100000305020003050200030502001F
S2140000800305020003050200030502000305020043
S2140000900305020003050200030502000305020033
S2140000A003050200890A0000690A00000305020031
S2140000B003050200D1E801000305020075F1010006
S2140000C077D5020073D5020019E901008DD502002C
S2140000D07BD5020045F101007FD50200B5F1010095
S2140000E069D001002DD2010021F2010003050200B3
S2140000F003050200030502000305020003050200D3
S21400010003050200030502000305020003050200C2
S21400011003050200030502000305020003050200B2
S21400012003050200030502000305020003050200A2
S2140001300305020003050200030502000305020092
S21400014082B0BFF34F8FBFF36F8F30BF074BD3F82C
S214000150F030DB0704D500230193019B052B01DD5E
S21400016002B07047019B0133F6E700BF00ED00E0E8
S214000170F0B5114A114C124E00F00105E3695F0715
S21400018013D40DB9334213D103EA00078F4207D1C7
S2140001900B4A1A40002A0CBF00206FF00100F0BD89
S2140001A0013AEBD16FF00200F9E74FF0FF30F6E7C7
S2140001B06FF00100F3E700BF809698000000035040
S2140001C0020001000B4B70B5D96911F480310DD1D6
S2140001D001244FF48072084E084DF46020462C64CB
S2140001E01A61FFF7C5FF3464EC6070BD6FF0010064
S2140001F0FBE700BF00000350001003500020035030
S2140002004FF4003238B50F4B0F4C9A6641F67133F7
S2140002100122E569E3630D4B0021DA600223606189
S2140002202120236105F48035FFF7A2FF10B92120B5
S214000230FFF79EFF0122064BDA600DB10023E36351
S21400024038BD00BF0090005000000350001003505F
S2140002500020035070B5134C6061E3695B071ED441
S2140002600E4656F8043B8D18A361AE420BD104230C
S214000270002121202361FFF77BFF58B9BDE87040BD
S2140002802120FFF775BF08210846FFF771FF10B160
S2140002900423236170BD56F8043BA361E5E74FF0E5
S2140002A0FF30F7E7000003502DE9F84315464FF4FA
S2140002B00032184B89469A6641F6713203F51C33B4
S2140002C0DF69DA630122064603F58053DFF84C80C7
S2140002D007F48037DA6055B9284601220E4BDA60FB
S2140002E01FB10022A3F50053DA63BDE8F88306F5D4
S2140002F0005404EA0804A41BAC4228BF2C46494616
S21400030022463046FFF7A6FF0028E6D12644A14441
S2140003102D1BE0E7009000500020035000E0FFFF98
S2140003200348044B834202D0034B03B1184770477F
S214000330603C0020603C002000000000064B07499F
S214000340C91A891048BF0131491003D0044B0BB1BC
S21400035001481847704700BF603C0020603C002002
S2140003600000000010B5064C237843B9FFF7D8FF0D
S214000370044B13B10448AFF300800123237010BD73
S2140003802C2A002000000000D84D030008B5054BBD
S2140003901BB105490548AFF30080BDE80840FFF7EC
S2140003A0CDBF00BF00000000B00D0020D84D0300F8
S2140003B0A3F5803A704700BF174B002B08BF134BBE
S2140003C09D46FFF7F5FF00218B460F461348144A5B
S2140003D0121A23F07DF80E4B002B00D098470D4BD9
S2140003E0002B00D098470020002104000D000D4887
S2140003F0002802D00C48AFF3008009F0A3FC2000D0
S214000400290022F0EAFD09F08BFC00BF000008007E
S2140004100000000000000000C00A0020C00A002003
S214000420402C0020000000000000000037B5054604
S2140004300DF0EAFA00283FD1224B2877AB61AB6873
S21400044043F48013AB6021F00AFAAB68A8801B0364
S2140004500CD4B0F5FA7F09D92EF0E1FA0121044652
S21400046008462DF04DFB20462EF0D4FA28460DF017
S214000470F3FA044608BBE86810B30FF0D9FC25F081
S214000480E0FB24F0F8F826F053FC25F089F824F079
S21400049079FB044688B902460321042025F0C2FBF6
S2140004A001A88DF804400DF0C9FC042003210FF0CC
S2140004B0DDF9284620F010F80024204603B030BDB1
S2140004C00148DAE7050403004030002008B5044977
S2140004D0044818F07BFBBDE8084018F0A9BB00BF35
S2140004E010EE0200C4EE02004FF08052014B5A603C
S2140004F0704700BF00ED00E0F8B50E460546D0B1E7
S214000500C9B10E4B0E4F1968386801F081FA0446DF
S21400051078B9062332460B49386801F047FB044693
S21400052038B901232A460849386801F03FFB00B174
S2140005302C702046F8BD2124FBE700BF302E00209B
S214000540502E00202C0004003C0004000368184ACB
S21400055023F47F4323F00703934213B526D1B0F864
S21400056005301B2B22D142890479012A1BD1037B3B
S214000570DB0714D5002311468DF80430204601AB66
S21400058018F0A4FB41F2FC13002818BF1846C2B2AC
S2140005901B21204602B0BDE8104013F0CDB820461F
S2140005A018F0AAFBEEE741F20D10F0E702B010BD1E
S2140005B0A0000A08036837B523F47F43374A23F0C0
S2140005C00703934207D002F1006202F5102293421D
S2140005D006D003B030BD03B0BDE8304000F0AEB882
S2140005E0B0F805404289A4F11D030579D2B2082B64
S2140005F0EFD801A151F823F01D060000D305000036
S2140006002F060000D30500006D060000D30500008D
S2140006103F060000D305000087060000012A39D1F6
S214000620037B9A1E122A24D81D4A13701BE0012A47
S21400063030D1037B5A1E0E2A1BD81A4AF5E7531EE2
S214000640012B27D8002300F10C010DF10600ADF8B0
S214000650063022F045FF144ABDF8063012889A424A
S21400066007D8124A138000F025F820B141F2FC109A
S21400067001E041F2FF10C2B22146284603B0BDE8B1
S214000680304013F059B8012A04D1037B012BF0D86F
S214000690074ACAE741F20D10EDE700BFA0000100CF
S2140006A02F2A00202E2A002058EF0200E0290020E2
S2140006B02D2A00201FB51B4B1B4C1B78207853B9E6
S2140006C01A4B1A88002300931146207817F048FF2B
S2140006D030B104B010BD17F073FF0028F0D0F8E773
S2140006E0134B01211B782078012B14BF0122022214
S2140006F017F0A0FF0028ECD101460222207817F060
S214000700C1FF0028E5D103AB0193012309490093FB
S214000710094B02468DF80C001B780978207818F0F3
S214000720FBFAD6E7302A002051300020E0290020CE
S2140007302D2A00202F2A00202E2A002073B51421EF
S214000740154B01251A889B78ADF80420134A8DF8BE
S2140007500630117020210023114A124E1570124ADD
S214000760124C1180124A30462370137017F0DEFECA
S21400077008B100BEFDE70321307801AA17F06EFF2E
S21400078008B100BEFDE7FFF795FF08B100BEFDE724
S214000790257002B070BD00BF54EF02002F2A002063
S2140007A02E2A002051300020E0290020302A002088
S2140007B02D2A002008B503482EF053F9BDE808405E
S2140007C022F0CDBBC0EF020001482EF04AB900BFB0
S2140007D0C0EF02000348044A0449121A92101FF0A0
S2140007E091BE00BF4001000020030000402C002006
S2140007F008B5154B83F30A8800F030F8FFF7EAFFD8
S214000800124B13498B4212D30020124B12498B42D3
S21400081018D3FFF7D1FD186850F82240586840F802
S2140008202240013298688242F5D30C33EAE7002270
S214000830F8E71C6844F8220001325C68A242F8D34C
S2140008400833E4E70022F8E700000020E04D03004C
S214000850EC4D0300EC4D0300EC4D03004FF400415B
S214000860134B144A70B59A60D3F88820124D42F4A0
S2140008707002C3F88820114A05F5005491664FF0BF
S214000880FF3222664FF6DF7262660222C3F8D0207D
S214000890BFF34F8FBFF36F8F4FF44036032003F044
S2140008A067F90320E66003F047F92E6170BD00BFCC
S2140008B000ED00E0000000000080004400900050C2
S2140008C0014B1860704700BF242E0020054B1860AF
S2140008D0054B1B6F03F00703032B01D12DF026B841
S2140008E0704700BF2C2E002000800050BFF34F8FB3
S2140008F00549064BCA6802F4E0621343CB60BFF3B7
S2140009004F8F00BFFDE700BF00ED00E00400FA05D2
S214000910002307B5294801932EF0A3F84FF440733F
S214000920012204216846ADF800301FF020FE0122A7
S214000930234B0520C3F8442401A92EF08DF8002887
S21400094039D1204BD3F8F02042F00102C3F8F02052
S214000950D3F8FC2042F08072C3F8FC201A4AA3F5B4
S2140009605D431A60019B194A03F5D52303F2FC4345
S214000970B3FBF2F3164A013B13610223C2F8F030D0
S2140009804FF48073C2F804334FF06043114AC3F843
S214000990B02F114AC3F8802ED3F8002E42F480728E
S2140009A0C3F8002EFF2283F82020D3F8002E22F46E
S2140009B08072C3F8002E03B05DF804FBC0EF02009F
S2140009C000D0035000ED00E0FF030040F8590D0092
S2140009D0000004E055CEACC509000100F8B5044699
S2140009E00127124D0CB314F001000BD0002024F0A8
S2140009F0010405EBC0021668002EF3D05168C0B2A1
S214000A00B047EFE72246013020284FEA520201D0D5
S214000A10D307F8D507FA00F20F2824EA0204E8D92B
S214000A20421E05EBC2021038E5E7F8BDC80D0020EF
S214000A3008B50C482EF015F8192003F08BF828B1ED
S214000A40192003F095F8192003F076F81A2003F021
S214000A5081F828B11A2003F08BF81A2003F06CF8FE
S214000A60002008BDC0EF020008B502F095FE054B59
S214000A7000F0553020F05020C3F82004BDE80840B0
S214000A80FFF7ACBF00E0035008B502F085FE054B4B
S214000A9000F0AA3020F0A020C3F82004BDE80840EB
S214000AA0FFF79CBF00E003502DE9F04F14460546C3
S214000AB00E469B46C36B87B001225B6902A960683D
S214000AC09847EB6B01225B6903A93046984702A85A
S214000AD020F0E7F9074648B10023A37563754FF089
S214000AE0FF33A360002007B0BDE8F08F03A820F016
S214000AF0E5F90123A375237E04EBC303DE611F849F
S214000B006368B3420ED1206003A820F0F9F94FF0D5
S214000B10FF332075A360237D043B022B26D80023D9
S214000B20A375DFE723681A1A53425341A37503A837
S214000B3020F0E6F9237D834218BFA77503A820F0AE
S214000B40C1F9074602A820F0BDF9874218BF002366
S214000B5003A818BFA37520F0BDF9074602A820F029
S214000B60B9F987421CBF0023A375D4E703A820F079
S214000B70A9F980B1EB6B022230465B6904A998475D
S214000B8004A820F0AEF90346207D032839D8DFE814
S214000B9000F03838040903A8F3E7CC22237E04EBE0
S214000BA0C3031A8401F0B8FA109B187003A8277EB6
S214000BB020F07CF904EBC70787F82200237E03A801
S214000BC004EBC303B3F8209093F8227020F07AF970
S214000BD0804603A820F07EF98246B8F1000F15D0B3
S214000BE0EB6B022230465B6904A9984704A820F004
S214000BF03DF96075637D6BB90023A3754FF000085F
S214000C0038E0227E04EBC2021384CBE703A820F070
S214000C1018F9EEE794F81680B8F1000FEED0B9F1A7
S214000C20000F09D1DFB10123E375637E002B4FD19E
S214000C30012F42D1677614E06B6C06EB0A0259422C
S214000C4086EA020008421CBF0021A175591E0A4010
S214000C509B1A9945D0D8A37D002BE3D1CEE7E37D40
S214000C6043B94FF000084B465246314628461FF01F
S214000C7056FEA060A27D12B123694B4423611A4937
S214000C80237E097899422AD901332376BBF1000FD7
S214000C9027D032B3E37D23B3B8F1000F21D1032F61
S214000CA01FD0A1684B1C1CD0109B224600932846E0
S214000CB00123FFF7F9FEA07513E095F8343063B909
S214000CC0EB6A0133CFD1032FCDD10123A376C8E73A
S214000CD0012FCFD0032FC4D1F7E79846C3E70023F0
S214000CE0A375A07DFFE600BF7CEF02002DE9F04F64
S214000CF00E46984600238BB004464FF0FF31104650
S214000D0017468DF8133001F0F1F9B6F5801F3BD386
S214000D10B21C53D1E56A6B1C57D12046616A1FF09E
S214000D2044FD0546B31C18BF0123DFF8109101935C
S214000D30636A626C0293236805A902FB053AE36BBB
S214000D4005225B695046984705A820F045F920F033
S214000D5068F9504620F070F94FF0000B82460146C5
S214000D604B1C05D0636C81EA0A025B42134232D008
S214000D70294620461FF019FD029BAB424DD0BBF121
S214000D80000F4DD10546D3E7314605AA04F1080009
S214000D901FF0D5FF0146481C10D0384601F0A6F9D2
S214000DA00122394620460DF113031FF00AFE28B132
S214000DB09DF8133088F80030002003E0237C002BD9
S214000DC0A8D12D200BB0BDE8F08F2368ED1A636C18
S214000DD0B5FBF3F5A6E7484601F088F90DF11303D5
S214000DE049462046019A1FF0ECFD034690B1B21C1E
S214000DF003D0D9F80020B2420CD19DF813200393FB
S214000E000D4B88F8002049461A68384622F068FBE1
S214000E10039B9B46D9F80810A2E7BBF1000FD0D081
S214000E20B6F5801FC8D2314698F800307A6804F1CB
S214000E30080001F089F8BFE778EF02002C150020C3
S214000E402DE9F3410446174698460E46194D816A29
S214000E50E36A8B422AD04B1C18E0284601F046F97C
S214000E600122294620460DF107031FF0AAFD30B1E6
S214000E704346294620469DF80720B847B0B1A968E2
S214000E804A1C05D0012E0AD0E36A9942E5D10DE04E
S214000E90696820461FF016FD012E0146D8D16B6802
S214000EA081EA0302636C5B421A42D1D002B0BDE80D
S214000EB0F08100BF001500202DE9F0474FF0FF330A
S214000EC04FF6FF720025044600F10806C0E9092324
S214000ED08AB0C3620562056330460F461FF000FF06
S214000EE020461FF0E2FB28BB204639461FF0ADFC2B
S214000EF020461FF0DAFB28BB5E200AB0BDE8F0876C
S214000F00E26B2368606CD2F814C000FB0530052243
S214000F1005A9E04705A820F05FF8012840F0838087
S214000F20294620461FF062FC421C294620461FF038
S214000F30DBFB0135E3699D42E2D320461FF0B5FB9B
S214000F400028D1D020461FF0E0FB4FF6FF72636A00
S214000F50934200F0B080E26B676C2068694607FB3E
S214000F60030055690522A847684620F00CF8626A17
S214000F702368606C514D00FB023020F05DF84FF0A6
S214000F80FF33A062E3622A466FF00101204605ABFC
S214000F90FFF7ACFE002850D1AD6829462046E56232
S214000FA01FF05FFB206320B92046E16A1FF08AFC31
S214000FB0E062294620461FF085FC0546A36A9D424E
S214000FC03DD120461FF00BFB00278046B946E3695B
S214000FD0994546D3B84563D92046616A1FF0E5FBBC
S214000FE00026054604F1400ABE4212D3626C23680E
S214000FF0694602FB0539E36B05225B69484698475C
S21400100068461FF0C0FF534602464946E06B20F094
S21400101015F8294620461FF0C8FB0136B0450546A0
S214001020E2D1642069E720F001F8002881D0294643
S21400103020461FF0DBFB024677E7A56AADE72946A8
S21400104020461FF00EFB236B294603440746236306
S21400105020461FF037FC0546002FAFD1C4E90B072A
S214001060ACE7636C2568052203FB0955E36B05A90D
S2140010705B692846984705A81FF0AEFF1FF0D1FF12
S21400108058B128461FF0D8FF014620461FF0E9FA5F
S214001090636C143B984208BF013709F1010996E7D3
S2140010A030461FF01DFE002320461946044AFFF76F
S2140010B0C7FE002021E767201FE700BF5815002065
S2140010C0B10902002DE9F041036B9046826B076878
S2140010D09A4288BF8363426C436A90B002FB0377F0
S2140010E0C36B0E46052201A95B690446384698473D
S2140010F001A81FF071FF01280146307057D0656CBB
S214001100E26B2368606AD2F814C005FB0030052243
S21400111006A9E04706A81FF05FFF01284FF000056C
S21400112023D0D4E90A3201219342CDE90B458DF84C
S21400113034800E958DF83C102AD1194620461FF0B3
S214001140C1FB236B626C14339B1AE06223630C9B17
S21400115053B99DF83C303BB1626A616C2368E06B22
S21400116001FB02311FF0F0FE0C9DE36B05225B696C
S21400117001A93846984701A81FF02EFF3070284670
S214001180236BA26B9A4288BFA36310B0BDE8F081C0
S214001190237C33B91C490BAA04F1080000F022FF97
S2140011A0D5E72046194A0BABFFF74AFECFE7237C6C
S2140011B023BB2246164904F1080000F013FF616ABB
S2140011C020461FF013FB616A421C20461FF08CFA73
S2140011D0054620B9236B626C1344143B23632046F8
S2140011E0A16A1FF06FFB2368A062C01A636CB0FB95
S2140011F0F3F0606220461FF0A8FBB6E70023204607
S214001200044AFFF71DFEDAE75D190000D918000052
S2140012104B0A0200E709020073B50D46D11E4A428A
S2140012201C461B7E4A419A4226D129682368994269
S21400123022D3636899421FD8114E0DF10703324638
S214001240FFF754FDC0B972686B689A4214D19DF8D6
S2140012500730DA1E53425341227E93420CD1636913
S21400126001336361D4E90323934205D22968A26857
S21400127042F8231001332361012002B070BD00BF85
S214001280581500202DE9F04F9A468BB09DF8503047
S214001290DFF850B10293DBF81030804653450D4618
S2140012A01646C0F09980D146DBF804300193B9F1B8
S2140012B0000F00F08D80D8F83C3001225B6907A94A
S2140012C00198984707A81FF0F9FDDBF80030984210
S2140012D040F0858007A81FF0FDFD0428074614D1BE
S2140012E007A81FF0FEFD019B029A04463B44002A15
S2140012F03FD1864212D91446361A404601991FF04D
S214001300E1FAA9EB04090190D1E7D8F83C300222B3
S2140013105B69019808A9984708A8E2E7841B54452A
S21400132028BF5446032C03EB0607AAEB040A4FEA31
S21400133094021CD9D8F83C30294638465B69984751
S21400134024F0030304F003061F441D44002ED4D0EB
S214001350D8F83C3001225B6908A9384698473246DF
S214001360284608A9354422F0BBF80026C5E72646DD
S214001370ECE7074600F00302039203442A1804929F
S2140013800593049BDD1B059BD81B039B9F420FD137
S214001390002FB2D0D8F83C30012208A95B699847E4
S2140013A03A46284608A922F069F878B93D44A4E7E9
S2140013B0D8F83C30012208A95B69984704222846E1
S2140013C008A922F05BF808B9043FDAE74FF03609BF
S2140013D048460BB0BDE8F08F4FF06309F8E74FF0D2
S2140013E06F09F5E7841500202DE9F0410F461646F3
S2140013F09846044688B060B390F83450FDB1012199
S2140014001FF048F900210E9BCDE90511CDE9023702
S2140014109DF83C30CDF804808DF81C30237C049673
S2140014208BB90D4901AA04F1080000F0DBFDDDE9E7
S2140014300553E06B002E08BF1D461FF014FB284620
S21400144008B0BDE8F0812046044A01ABFFF7F8FC7F
S214001450EDE70546F3E700BF150A02001912000083
S2140014602DE9F04F99B00F4609920A69416C0E9328
S2140014701439D31DB3FBF1F3013302EBC302036B44
S21400148004469342C0F0BC810023DFF844940D93D9
S214001490E36A48461946079300F028FED7E9033664
S2140014A004930E9B022B4ED1CC2E40F08A81099BD2
S2140014B0002B42D0394620461FF033FB656C079A56
S2140014C06B1E13401490ED1AE36B01225B6916A99C
S2140014D07868984716A81FF0F5FC00280CBF042370
S2140014E00823782E06933DD9012300254FF0080ADD
S2140014F005933B6805990E98C9F80030C9F8106046
S2140015001FF002FD4FEA9A0310930023DDF81CB08B
S21400151089F814000B930F9308930C93616C4A1E82
S2140015200BEA02028B1A002E38D05544AB4240D844
S214001530236B5B1A13442363ABE0049B1B68149372
S21400154008230693D0E7656C079A6B1E1340782E27
S214001550A5EB030516D8FB7D7BB9099B002BB3D101
S21400156004230693331DAB4210D9A6B1082DBBD871
S21400157004250023AA460593BBE7099B002BA3D1AD
S2140015800823EEE7099B002B9ED1D9E70025059599
S2140015904FF0040AADE704250596F9E75345C7D38F
S2140015A0B0460BEB0A030393089B002B18BF0323DC
S2140015B013E0A3EB0A039E42B0460BEB0A0228BFD9
S2140015C098469E420392EFD90123D9F8102089F855
S2140015D01730964271D1C9F804B0089399F81730BD
S2140015E0002B6CD099F818200899D31C09EBC3037C
S2140015F00132C3F804B0A3F80880997289F818205D
S214001600B8F1000F14D00E9B022B5BD10B9B7BB95D
S2140016100F9B4344032B0BD9E36B01229B69039872
S21400162014A998470546002840F0EC8001230B9348
S214001630089B16A80193059B009399F8142043462F
S214001640396800F009FDE36B58469B69109A16A9A5
S2140016509847051E0D9B18BF5B4652460D9359468C
S214001660434620461FF05BF9236B08F10302A3EB09
S2140016700A0322F003029B1AC9F808002363002D10
S21400168040F0C0800F9BDDF80CB04344A6EB080684
S2140016900F93594620461FF015F900258346002E65
S2140016A07FF43CAF8A4A3968936804F10800E36225
S2140016B052680E9B00F048FC84E002238DE7C9F8D0
S2140016C004B09DE7099B002B30D1049BB8F1030FB3
S2140016D043440A9327D9DDE90301E36B4FEA9802F6
S2140016E09B6998470546002865D118F003025FD02D
S2140016F0049B28F003052B440493039B1D444FF0E2
S214001700FF33049915A8159321F0EAFEE36B2846EB
S2140017109B69012215A9984705460A9B0493002D4C
S21400172086D0039B99E74246039DE8E7039B0A930E
S21400173007F120031193FB7D78689BB100233D7E63
S2140017400C9AD9B28D4211D9119903F1010C31F8D6
S2140017503310914226D9069907EBC303D8690A4489
S214001760104403E00C9B069A13441844E36B0122D2
S2140017705B6915A99847159B012213930C9B0A9841
S21400178004330C93E36B13A99B699847039B0A9A4F
S21400179043449B1A042B054607D978B913460433ED
S2140017A00A93C8E76346521ACBE70A9B0393B6E749
S2140017B00A9B04933CE70A9B0493B2E70A9B0393B5
S2140017C0AFE77026304619B0BDE8F08F002657E028
S2140017D004F108001FF084FA3346314620463D4A9D
S2140017E0FFF72EFB3A69616CD31D1439B3FBF1F396
S2140017F0013302EBC302236B9342BFF449AE65E0AC
S2140018001C26DFE73D2D61D104F10803039323680E
S214001810079A606CD61AB6FBF0F600FB06301FF08F
S2140018200BFCE16A824620461FF04CF8A26A824210
S214001830D8D0626CD9F80830511E0B40216BE0629C
S214001840891A0B4423630D992368CB1AB3FBF2F86D
S2140018504645BBD1079BB3EB0A0611D0E36BB20833
S21400186051469B6998478346E36A079A3344E36286
S214001870236B03989B1A534423631FF031FA5E468A
S2140018802368616CE06B01FB08311FF04AFB2046C1
S2140018901EF00BFF20461EF038FF626A2368606C5D
S2140018A000FB02301FF0C8FBA06220461FF04DF878
S2140018B02063002E8CD03A69616CD31D1439B3FBBB
S2140018C0F1F3013302EBC3029042A0D22E4679E731
S2140018D02C150020B1090200032A2DE9F341064623
S2140018E00D4617461C4606D1237A012B23D001202D
S2140018F002B0BDE8F081DFF86080096842460DF16D
S2140019000703FFF7F3F960600028EDD19DF8072084
S214001910237A032AE8D0D8F804106A689142E3D103
S214001920012B2969D4F80CC007D172690CEB0103AE
S214001930934202D92074207CDAE708316144E160E2
S2140019403B46012229463046FFF78AFD60600028A4
S214001950CAD00020CCE700BF581500202DE9F3417F
S214001960089C032A1746266806D1237A012B24D022
S214001970012002B0BDE8F081DFF890803046424694
S2140019800DF10703FFF7B2F960600028EDD1256876
S214001990D8F80400A96AD5F844C04840CCF1000342
S2140019A01840227AE1D1012A09D1E268D8F810302D
S2140019B013447269934202D92074207CD9E72868C0
S2140019C0EB6A1B1A081AB3FBFCF3B0FBFCF083426D
S2140019D00BD1706CF36A421E1340326B121A13441A
S2140019E0284633631EF06EFFE862D8F81020E368DE
S2140019F008321344E36001223B4604492068FFF79F
S214001A002FFD60600028B0D00020B2E758150020F7
S214001A102DE9F0410025634B0E46D3F800800446BE
S214001A201D6018B921252846BDE8F08190F834706D
S214001A3007B30A6803689A4240F0AA804A68436877
S214001A409A4240F0A5808A6883689A4240F0A08057
S214001A50CA68C3689A4240F09B800A6943699A4202
S214001A6040F096808A69C36B9A4240F091804B6939
S214001A708361D8E768223946856B21F029FDD6E9CF
S214001A800212336804F1080023607368A56363607C
S214001A90336963617369A3611FF034F9B36904F1B4
S214001AA04000E3639B68984720B9676C17B163688A
S214001AB0B3FBF7F794F84330E761002BB2D000236E
S214001AC0656C2366002D6BD0002F69D02368B3FBAE
S214001AD0F5F205FB1233002B5CD16768B7FBF5F611
S214001AE005FB1676002E55D120461EF0AAFDA369EA
S214001AF0043303449F424FD340F634726369CC3BB1
S214001B0093424BD8B5F5805F4AD3032120461EF09A
S214001B10C1FDD4E90001E36B1B6898470546E36BFB
S214001B200220DB6898472DB184F83460E06B1EF025
S214001B309AFF78E741462046FFF7BEF96428054637
S214001B4004D141462046FFF7B7F90546636C143BBF
S214001B50D5B9226A204602FB03F61EF072FDA36981
S214001B60043303449E4203D284F834505A25DDE7FA
S214001B700123D4E900010C4A84F834301368013399
S214001B8013601FF059F9D1E7002384F83430CDE70D
S214001B905D2548E7592546E75A2544E75F2542E78D
S214001BA05B2540E7BC0E0020B80E00202DE9FF4163
S214001BB00C4616461F46054680B390F834307BB375
S214001BC0B1F5801F2ED2DFF8608001211EF062FD85
S214001BD02146424628460DF10F03FFF787F80446D4
S214001BE070B99DF80F30012B11D1D8F81030BB42D8
S214001BF012D10246009031462846FFF743FB0446C2
S214001C00E86B1EF030FF204604B0BDE8F081022BE2
S214001C1014BF2D246024F3E76324F1E72124F2E7C0
S214001C201124F0E72924EEE7841500202DE9F0437F
S214001C3085B00C4617461E460546DDF8308098B33C
S214001C4090F8343093B3B1F5801F31D2DFF864904A
S214001C5001211EF01FFD21464A4628460DF10F03BE
S214001C60FFF744F8044688B99DF80F30012B14D1CD
S214001C70D9F8102006EB08039A4213D30090434687
S214001C80324639462846FFF7FDFA0446E86B1EF052
S214001C90EAFE204605B0BDE8F083022B14BF2D24D3
S214001CA06024F3E76324F1E72124F2E71124F0E748
S214001CB02924EEE7841500202DE9F3411F46002372
S214001CC00C46164605463B6050B390F834304BB38E
S214001CD0B1F5801F28D2DFF8548001211EF0DAFC0F
S214001CE02146424628460DF10703FEF7FFFF04464D
S214001CF0A0B99DF80730032B10D0022B0AD1012380
S214001D00336004233B60E86B1EF0ADFE204602B055
S214001D10BDE8F081D8F810303060F3E72D24F2E704
S214001D202124F3E71124F1E72924EFE784150020A6
S214001D3073B5044641691EF069FC626E236B02446B
S214001D4093422CBF00220122834294BF00231B1A19
S214001D50207C84F85020636584F85800A8B10023DE
S214001D600B4E1A461946204600961EF0A7FF002383
S214001D7005461A461946204600961EF0A8FFE36858
S214001D802844984294BF0020C01AE06502B070BD97
S214001D90FFFF0F002DE9F3471E4643690446B34292
S214001DA0884617469DF828904FD300258DF8075093
S214001DB0204661691EF02AFCD4F830A082450AD27B
S214001DC0236AB5EB430F06D2002220460DF1070129
S214001DD0FFF778F9B8B39DF80730012B05D100223C
S214001DE020460DF10701FFF76DF9B9F1030F06D094
S214001DF0314620461EF00AFC256B854227D3154D3A
S214001E004FF0FF31284600F071F94B462946002274
S214001E102046C5E90376C5F80080FFF721FB236E50
S214001E20054663B12046FFF783FF94F8503013B998
S214001E3094F858301BB1236E04F15000984728469A
S214001E4002B0BDE8F0870135B2E76225F7E71C254A
S214001E50F5E700BF581500202DE9FF410F469046D4
S214001E601E46054698B390F8343093B3B1F5801FFC
S214001E7031D21A4C02211EF00DFC22463946284665
S214001E800DF10F03FEF732FF024678B101234246FA
S214001E900093394633462846FFF77CFF0446E86B36
S214001EA01EF0E1FD204604B0BDE8F0819DF80F303D
S214001EB0012BEBD12169B142E8D10093414633466C
S214001EC02846FFF7DFF904460028DFD1E7E721249C
S214001ED0E8E71124E6E72924E4E700BF841500209C
S214001EE030B50C46054685B028B390F8343023B399
S214001EF0B1F5801F23D202211EF0CCFB0DF10F039B
S214001F00214628460F4AFEF7F1FE034688B99DF89B
S214001F100F20032A0DD003222146009202462846AF
S214001F20FFF738FF0446E86B1EF09DFD204605B01F
S214001F3030BD2D24F7E72124F8E71124F6E72924FD
S214001F40F4E700BF841500202DE9F043466886B309
S214001F50056898464FF0000CA946AE4655F83C403A
S214001F600CF1010CC4F31307013401D0B94217D0A9
S214001F7066450EF1080EF1D12F46002403E0A64276
S214001F8007F1080712D055F8343001340133F6D182
S214001F90C1F3130141EA0851C7E90012BDE8F08316
S214001FA041EA0851CEE90012BDE8F083B8F1030F0C
S214001FB003D101230372BDE8F083002303E09E42B1
S214001FC009F10809F5D055F833400133C4F3075436
S214001FD0032CF4D1C1F3130343EA0853C9E90032D2
S214001FE0BDE8F0832DE9F0410646406882B0C0B1F6
S214001FF00F4690460024336853F8345003EBC4036E
S214002000C5F30752C5F31301013504F1010406D0E8
S2140020105B683046CDF80080B84710B170688442DF
S214002020E9D302B0BDE8F081024B1968024B18688C
S214002030FFF7EEBC302E0020502E002008B52CF006
S214002040EEFC014B186008BDB0150020014B186867
S2140020502CF0E0BCB015002073B504462248012AD7
S21400206000EAC1119DF8185023F07C4007D9961E4F
S214002070012E28D9073303F07F03194308E09DF8A3
S2140020801C300A43DB0603F0C053134343F06041A1
S2140020900023C4E900108DF80730B5B12022214690
S2140020A00DF107001EF0E4FF1A220DF10700211DB6
S2140020B01EF0DEFF082063689DF8072043EA82636F
S2140020C0636002B070BD1143E2E71B220DF107000A
S2140020D021461EF0CDFF23689DF80720042043EA22
S2140020E0C2632360EDE700BF80FFFF0738B5094BEA
S2140020F00D461A680021044621F0EAF900234FF045
S214002100FF322383C4E900252361A260E382A3761D
S21400211038BD00BF78EF02000138C0B205289ABF6C
S214002120014B185C012070477DEF02002DE9F0415D
S2140021300746154600240E46596888B0490A012904
S21400214022464FEA510104F10104F8D8DC78997868
S21400215024031B88C90201F4006104F480540C4374
S214002160C3F30A035203234492B24FF000089C18AC
S214002170274B6FEA0444039325F07843ED4302A906
S2140021800DF107001B2202938DF807801EF070FFEA
S2140021909DF80720029B02A943EAC2630DF10700DF
S2140021A01B2225F07845049302958DF807801EF0D3
S2140021B05FFF9DF80720029B6FEA144443EAC26360
S2140021C005934FF0FF330794069307A9BB690122D6
S2140021D006F110009847BB6905A90446012206F1DE
S2140021E008009847BB69404518BF044604A9012269
S2140021F0301D98470122404518BF0446BB6930464B
S21400220003A99847404508BF204608B0BDE8F081BE
S21400221001009AB2044BD3F88420D206FBD4D3F83C
S2140022208400C0F3811070470040005038B5184B4A
S2140022300546D3F824010C4600F00700062823D8EC
S214002240DFE800F0040A121A1E0E1600012305B17C
S214002250286004B1236038BD2BF042FB0523F6E767
S2140022602BF03EFB0623F2E72BF07AFB0323EEE788
S2140022702BF076FB0423EAE72BF06EFB0223E6E75F
S2140022802BF074FB0723E2E700231846DFE700BFC6
S2140022900080005038B5104B0546D3F800310C4688
S2140022A003F00303022B0BD0032B0DD0012B0FD111
S2140022B02BF056FB032305B1286004B1236038BD1C
S2140022C02BF058FB0823F6E72BF050FB0723F2E72A
S2140022D001230020EFE700BF0080005038B5104B08
S2140022E00546D3F820310C4603F00303022B0BD02F
S2140022F0032B0DD0012B0FD12BF0F2FA052305B1DD
S214002300286004B1236038BD2BF02AFB0323F6E7D0
S2140023102BF022FB0223F2E701230020EFE700BFA9
S2140023200080005038B5104B0546D3F840310C46B7
S21400233003F00303022B0BD0032B0DD0012B0FD180
S2140023402CF062FB092305B1286004B1236038BD78
S2140023502BF010FB0823F6E72CF059FB0B23F2E7D3
S21400236001230020EFE700BF0080005038B5104B77
S2140023700546D3F860310C4603F00303022B0BD05E
S214002380032B0DD0012B0FD12CF03EFB092305B1FA
S214002390286004B1236038BD2BF0ECFA0823F6E77A
S2140023A02CF035FB0B23F2E701230020EFE700BFFC
S2140023B0008000503C4B984272D02AD83B4B984243
S2140023C06BD014D83A4B984264D00AD8394B98420E
S2140023D043D0394B984240D0384B98423DD00020ED
S2140023E07047374B9842FAD1364B586E7047364B8B
S2140023F0984235D003F5371303F5D863984232D0A8
S214002400A3F5B703A3F558639842E8D12D4B186F90
S21400241070472E4B984231D00FD82D4B984225D07E
S2140024202C4B984226D0A3F53703A3F5D8539842F1
S214002430D5D1244BD3F880007047274B984221D043
S21400244003F5740303F5105398421FD0234B9842AC
S214002450C5D11C4BD3F8900070471A4B986D704747
S214002460184B586F7047174B986F7047154BD3F83B
S21400247084007047134BD3F888007047114BD3F88D
S2140024808C0070470F4BD3F8940070470D4BD3F871
S214002490980070470B4BD86D70470A4B986E704784
S2140024A0084BD86F704700BF002D3101809698000A
S2140024B0404B4C0080841E0000093D0040420F0047
S2140024C0C0CF6A000080E00F0024F400006CDC023D
S2140024D00048E80180D543020090D003007E5603F2
S2140024E073B50D4600210E4B0191D3F88041064688
S2140024F004F00304012C09D0022C0CD00C460EB1BB
S214002500019B336005B12C6002B070BD01A8FFF7D7
S214002510E5FE0F24F3E72BF01FFA0190EFE700BF6C
S2140025200080005038B5104B0546D3F840320C46B4
S21400253003F00303022B0BD0032B0DD0012B0FD17E
S2140025402CF062FA092305B1286004B1236038BD77
S2140025502BF010FA0823F6E72CF059FA0B23F2E7D3
S21400256000231846EFE700BF0080005038B5144B34
S2140025700546D3F800020C4600F0070004281BD8D6
S214002580DFE800F003090D111500012305B12860EE
S21400259004B1236038BD2CF037FA0923F6E72BF098
S2140025A0E9F90823F2E72CF032FA0B23EEE72BF0DA
S2140025B0BDF90E23800AE9E700231846E6E700BFC8
S2140025C00080005010B40D4C0B46D4F8204204F0A6
S2140025D00304012C0AD0022C0CD008B100210160A3
S2140025E00BB100221A605DF8044B70475DF8044B8F
S2140025F0FFF774BE5DF8044BFFF794BE00800050F2
S214002600B0F5207F1FD009D8B0F5007F15D003D8CD
S21400261068B1B0F5C07F0AD000200CE0B0F5607F4E
S214002620FAD10B4BD3F88000C0F3011003E0084B3F
S214002630186FC0F3033001307047054BD3F8900095
S214002640C0F30460F7E7024B186FC0F38020F2E790
S214002650008000504FF400320E4B014610B50020AB
S2140026609A66FFF7CDFF484341F671320A490B4B95
S214002670884294BF00200120DC69DA639A6822F45D
S214002680401242EA00529A60E20344BF0022DA6334
S21400269010BD00BF00900050005A620200000350B8
S2140026A0420910B50FD0012A0FD00A4B0A4C022A55
S2140026B018BF234600F01F0049B103F580530122DE
S2140026C082401A6010BD1346F4E7044BF2E703F5A8
S2140026D00053F4E768800050608200506480005029
S2140026E01FB50021B0F5807F0446019100F00681F9
S2140026F000F29D80612800F295801F2805D80028EA
S21400270040F092802BF012F9DCE0A0F12004412C7E
S21400271000F28A8001A353F824F000BF05270000CA
S214002720C928000005270000C9280000E928000085
S214002730E9280000E9280000E9280000C928000070
S214002740C9280000A32800005D2800001F290000FB
S214002750292900005D280000C9280000C9280000BB
S214002760C928000029280000292800002928000080
S214002770292800002928000029280000F328000046
S2140027807F280000C9280000C9280000C9280000CA
S2140027903D29000033290000C92800002928000030
S2140027A029280000292800002928000029280000E0
S2140027B029280000292800002928000029280000D0
S2140027C029280000292800002928000029280000C0
S2140027D0052700002928000005270000052700001F
S2140027E005270000E9280000292800002928000005
S2140027F02928000029280000292800002928000090
S214002800292800002928000029280000292800007F
S2140028102928000029280000292800000527000094
S2140028200527000080284BD0019804B010BDB0F5F5
S214002830A06F5ED028D8B0F5607F50D019D8B0F51C
S214002840007F4CD004D8B0F5C07F3FF45BAFEBE719
S214002850B0F5207F38D0B0F5407FE5D12BF066F894
S21400286002464FF42070FFF7CBFEB2FBF0F25208A0
S21400287033E0B0F5806F37D0B0F5906FD4D100213B
S21400288001A8FFF7D3FCCFE7B0F5E06F51D00DD825
S214002890B0F5C06F43D0B0F5D06F45D0B0F5B06F8F
S2140028A0C2D1002101A8FFF71BFEBDE7B0F5F06F0F
S2140028B044D0B0F5086FB7D101A8FFF7EBFCB3E73B
S2140028C02BF014F80190AFE72BF030F802464FF4E7
S2140028D02070FFF795FEB2FBF0F20192A4E72BF012
S2140028E005F802462046F4E7002101A8FFF7F6FCAB
S2140028F09AE7002101A8FFF765FE95E74FF0E02371
S21400290002911B695B0705D52BF010F80290029B1D
S214002910019389E703A902A8FFF704FDF7E7002162
S21400292001A8FFF7FFFC7FE7002101A8FFF71EFEC6
S2140029307AE7002101A8FFF7F5FD75E7002101A859
S214002940FFF714FD70E700BF08B58020FFF7C8FE4C
S214002950034B98429EBF4FF48032024B1A6708BD65
S214002960005A620200A000501FB503460020B3F5CF
S214002970807F01906FD027D8382B00F082800BD84C
S214002980243B092B0FD8092B0DD8DFE803F05F5F37
S2140029905F5F0C0C5A0C3675522B57D007D83D2B60
S2140029A03AD03E2B72D0019805B05DF804FB802B20
S2140029B0F9D1394B1B6F03F00703013B032BF2D809
S2140029C0DFE803F03D36393BB3F5D06F54D019D865
S2140029D0B3F5A06F55D00AD8B3F5806F36D0B3F5EF
S2140029E0906FE0D1002001A9FFF720FCDBE7B3F5EC
S2140029F0B06F26D0B3F5C06FD5D1002001A9FFF780
S214002A0091FCD0E7B3F5006FECD00AD8B3F5E06FD1
S214002A103CD0B3F5F06FC6D1002001A9FFF7A6FCA5
S214002A20C1E7B3F5086FBED101A9FFF733FCBAE7DB
S214002A3005230193B7E70323FBE70723F9E7022300
S214002A40F7E7002001A9FFF74BFDACE7002001A93E
S214002A50FFF744FCA7E74FF0E02302901B695B07F3
S214002A6005D52AF063FF0C230393039BE1E703A934
S214002A7002A8FFF757FCF8E7002001A9FFF776FD4C
S214002A8091E7002001A9FFF79DFD8CE7002001A932
S214002A90FFF748FD87E700BF008000504FF4803204
S214002AA0074B0849586E03F580535A660B6A23F0A5
S214002AB001030B62C3035CBF034B5A66704700BF3B
S214002AC00080005000C0075000A0005008B5FFF777
S214002AD04BFF082811D00938012802D94FF6FF709D
S214002AE008BD4FF40012064B5A6603F5D8335B6AEE
S214002AF0DB07F3D54FF4FA70F2E7024B1888EFE7DE
S214002B0000900050BE2F002008B5FFF72DFF0328C9
S214002B100ABF024B4FF6FF70188808BDBC2F002076
S214002B20F8B504468020FFF71FFF032800F08780D3
S214002B304FF40022424B02215A6645F60E03414AE4
S214002B40C2F88030404B9962012103F580539962A8
S214002B50936DD903FCD4D4E900131B0543EA016343
S214002B60E17B94F820500B43217BE77E43EA014348
S214002B70617B6D0143EA0133A17B43EA8113136154
S214002B809169D4E904031B0643EA806301F000411F
S214002B900B43A17E94F823000B43217E43EA0143B6
S214002BA0617E43EA01239361136AE66923F00D030D
S214002BB094F8221043EA8703002E2DD11362966AFA
S214002BC094F8213045EA031326F033052B4343F0EF
S214002BD0010393621D4D1B4B9A6D35EA0202FBD131
S214002BE00222194DAA621A659A6D5200FCD41A691F
S214002BF0A56822F4700242EA05521A614FF00042BC
S214002C00114B9A6119B9022203F580539A6278B97A
S214002C1001220F4B9A620BE0334343F00803136222
S214002C20936A23F0330303432B4343EA410393623F
S214002C3094F824301BB1034B064AC3F88020F8BD35
S214002C400090005000C0005000D00050030001402B
S214002C5000E00050F1A7FFFF014B93F9000070471A
S214002C60322A0020014B1880704700BFBC2F00207E
S214002C704FF4001208B5184B5A660223174A5360E1
S214002C80936813F48033FBD1012822D12AF068FE22
S214002C90134B984215D003F5122303F5F8639842B8
S214002CA013D0104B00EB8002400AB3FBF0F3520A3D
S214002CB00A49CA620B6301234B620022074B5A6023
S214002CC008BD45F67A13084AF2E745F61A03074A9E
S214002CD0EEE75362F1E700BF00900050004002505C
S214002CE000F0490264666666D8B80500BBCF0500EA
S214002CF0B0F5207F10B50C4642D008D8B0F5007F5E
S214002D0033D003D888B1B0F5C07F0ED010BDB0F573
S214002D10607FFBD11F4A4C1ED2F8803023F0300370
S214002D2043EA0413C2F88030F0E71EF0BFF91EF045
S214002D30CBF94FF48031184B164A1967136F013CD4
S214002D4023F4704343EA043313672AF0EFFD044686
S214002D50FFF760FAC0F1020120461EF0AFF900F05E
S214002D6035F8BDE81040FFF7EFBD0A4A4C1ED2F812
S214002D70903023F0F85343EA0463C2F89030C5E776
S214002D80044A4C1E136F23F4806343EA84231367BC
S214002D90BCE700BF008000500090005008B501213D
S214002DA0022000F055F94FF42070FFF729FC054B80
S214002DB018701EF07BF91EF087F94FF48032024B34
S214002DC01A6708BD312A00200090005008B54FF45D
S214002DD0C070FFF785FCBDE808400449884294BFF0
S214002DE0012102214FF42070FFF782BF80F0FA0223
S214002DF038B504462AF09AFD0546FFF70BFAC0F1EF
S214002E00020128461EF05AF90121002000F060F960
S214002E102CB1FFF7DBFFBDE83840FFF795BD034B4D
S214002E204FF420701978FFF763FFF4E7312A00208B
S214002E304FF4C02270B50546FFF7BCFA314B044686
S214002E405A6603F598335A68012A04D12E494A6017
S214002E509A699207FCD18020FFF786FD052807D1E6
S214002E601EF024F91EF030F94FF48032254B1A6715
S214002E70264B24F040749D4230D0254B9D4230D0E6
S214002E802AF02EFD8542064603D90121284600F089
S214002E901FF9204BDA6812F0060FFBD199689C6088
S214002EA09A68624012F4F81F1ED12846FDF708FD06
S214002EB08020FFF759FD05280DD12AF037FD04467E
S214002EC0FFF7A8F9C0F1020120461EF0F7F8FFF759
S214002ED07DFFFFF739FDAE420CD270BD44F00074A2
S214002EE0CEE744F08074CBE780209960FFF73CFD86
S214002EF0052805D0BDE870400121002000F0E8B8A4
S214002F003546DAE70090005000E0015040420F00DE
S214002F1080841E000000015010B5224B70B94FF49B
S214002F200031214A1860516602F598325268012A2B
S214002F3003D11E4AD2F800211A6010BD1B68002B70
S214002F40FBD01B4A5268012AF7D0184A8020C2F8E4
S214002F500031FFF709FD05281FD14FF4C070FFF7B9
S214002F604FFB0128044604D102214FF4C070FFF73E
S214002F70BFFE07220F4B1A610122A3F580535A6049
S214002F800B4A1369DB07FCD5012CD6D12146BDE8D8
S214002F9010404FF4C070FFF7ABBE0122064B5A60DC
S214002FA0CBE700BFB4150020009000500080005012
S214002FB000C0015000E0015000D00150044A4178A2
S214002FC0536F23F4407343EA01235367704700BFEF
S214002FD00040005010B5044610B10020FFF79CFFDB
S214002FE0124A136943F0040313612BF043F81EF0F2
S214002FF070F80F4B5B6E5B0142BF0E4B0E4AC3F878
S21400300020242BF00CFD2BF0FBFE2BF003FD1EF016
S21400301061F801F023F81CB9BDE810402AF086BC20
S2140030200120BDE81040FFF777BF00BF00ED00E0CD
S2140030300080005000E003500000FF0F034A0179B3
S214003040D36E23F030030B43D36670470040005026
S214003050F8B504461C4BD3F88420D106FBD4D3F82D
S2140030608430C3F381139C422CD02AF03FFC012C01
S214003070064602D121461EF021F82BF0D0FC4FF078
S2140030800072124B07465A6620461EF02AF84FF486
S21400309080630D4D621E93402B676B6E9A0103D4BE
S2140030A0D5F884309B060AD538462BF0B3FC022CA4
S2140030B008D13046BDE8F84000211DF0FFBFD5F826
S2140030C08430EAE7F8BD00BF0040005000600050C2
S2140030D010B50C4608B92AF009FC074B21461B78A8
S2140030E03BB1064B984204D80120BDE81040FFF7DC
S2140030F0AFBF0220F9E700BF332A0020005A620261
S2140031000278034B012100201A70FFF7E1BF00BFD1
S214003110332A00204FF0004238B5264B26495A661F
S21400312001224A604AF6CD3103F50B235D6C196423
S214003130154030BB9968C9070BD4002401221F4BE9
S2140031405A6015B11E4B1F4A1A6429F085FD2046A9
S21400315038BD1A498A601C4AD96ACC0705D4904201
S21400316001D10724EAE70130F6E79042E5D1F8E717
S2140031700132DC6A14F0080406D08A42F8D107242B
S214003180DFE700221049F4E78A42F8D020220B4BF2
S2140031900B495A620122A3F580539A6023460A4AD5
S2140031A0486A800603D49342E9D00133F8E7934295
S2140031B0C7D1E4E700900050005009500060095065
S2140031C0004009503254FFFF40420F004FF00042CB
S2140031D038B5174B174C5A66012203F50C235A6074
S2140031E04AF6CD33656C2364437893401343124A02
S2140031F0D363C3788178A2689B0043EA011322F068
S21400320074021343A3600279837943EA022323619D
S2140032104279C37943EA022363610078FFF77AFFB5
S214003220EB0744BF054B236429F016FD012038BD8B
S2140032300090005000400950004000503254FFFFFC
S214003240F8B504460D461F4616464AB101238B4084
S2140032503021184A01FB0022F7B141F21001535009
S21400326004EB4403072D4FF00F014FEA031316D863
S214003270A80006FA00F281400F4818441DF032FFFD
S2140032804EB9012330210B4AAB4001FB042277B133
S21400329041F210015350F8BD42F21001DFE7A5F1EC
S2140032A00800800006FA00F281400448E5E742F292
S2140032B01001EFE700C0035004C003500CC00350D9
S2140032C0F8B505460E4614465AB303F0030783685E
S2140032D023F4407383602BF0A2FBAA6882EA0723DC
S2140032E003F440735340AB602BF094FB36B9104B9D
S2140032F09D4217D12E20FFF7F3F90646AB680D4B1B
S214003300DA5D62430DD0A2EBC403013B3344B3FB4A
S214003310F2F3AA68013B920702D5002B08BF0123EF
S214003320AB61F8BD044B9D42E8D12F20E3E700BF18
S2140033300000015A83EF02000080065038B50023D3
S2140033400E4A036400F50053DA634A7804460D46D5
S21400335000F108037AB903F5805302221A6020466A
S214003360D5E901122B7BFFF7ABFF20462978BDE895
S21400337038401DF0C6BE03F50053EEE7FFFF1F0002
S214003380874B70B5984219D0864B984240F005811D
S214003390854B9968C26B12F4C06F15D091050FD596
S2140033A0FD225A7009221A700022026493F9011055
S2140033B0012900D15A7093F9010070BD7B4BE8E7F4
S2140033C05605EFD5FE22ECE71C78082C00F2E180CB
S2140033D0DFE814F009001F004500530070007E006F
S2140033E09C00A700D6004C880A88E5060AD5120A73
S2140033F002F0060242F0F002012119704263C16039
S2140034000120DAE702F0FE02A10748BF42F00102FF
S214003410F2E7160608D5802100F50052D1634FF674
S21400342008721A80022318E05506E9D5402400F5F4
S2140034300052D4634A88D40604D502221A700B7848
S2140034404363DDE796076AD507221A701B7901EBFE
S214003450C3031B89012BD3D10823C360D0E715060D
S214003460D9D45406CCD5402400F50052D4634A88FB
S214003470920754D503221A708CE74C880A88E60611
S21400348043BF120A02F0060242F0F00202F0FE0209
S214003490650709D51C7942F0010201EBC4010989D0
S2140034A0012904BF0821C160042119700123C360EB
S2140034B04263A5E71406AED45206A1D5402400F513
S2140034C00052D4634A88560729D507221A7097E710
S2140034D01A795D8801EBC2042689AE420FD8002413
S2140034E00132D2B21A715C804C886507C2D4E407F8
S2140034F002D4012A7FF64EAF08221A7092E762685D
S214003500691C5980525D42630622DFE7160682D4A4
S21400351055067FF575AF402400F50052D4630522AA
S214003520A9E794067FF56CAF456A214C46691A797F
S2140035303440B4F5003F04BF466A4FF4005601EB32
S214003540C20100F500540A8908BFE6632026E66338
S2140035505C88A24281BF4968661C5E800D5559880A
S2140035608A42C9D90424012AC46004D0013A91428F
S21400357001D10822C2601A78092A3FF415AF3FE746
S214003580D2057FF53DAF4FF4807100F50052D16350
S21400359008E74FF609321A8006E76FF003000CE7DB
S2140035A00000015A00800650C4150020B8150020FF
S2140035B0200002001D4B10B4984207D01C4B9842C6
S2140035C02FD06FF003005DF8044B7047194B02696B
S2140035D0D20744BF2022C2604A88940702D50C89CD
S2140035E0002CEED0520702D50A8A002AE9D04FF402
S2140035F080721A60002299601A71C023C360436902
S214003600DB0510D4202200F50053DA630A4A5DF881
S214003610044BDA634FF4FC6200F580531A64FFF73C
S214003620AFBE064BD3E7436AE9E700BF0000015A86
S21400363000800650B8150020FFFF1F00C4150020AC
S2140036404FF40032054B9A6641F6713203F51C338F
S214003650DA63012203F50053DA60704700900050E9
S21400366041F671320121064BDA6303F50052D16050
S2140036700022DA634FF40032A3F518339A667047D7
S21400368000000350CB784A7810B55B010C7843EA0B
S21400369082030A79234343EA02130C22424302F1CF
S2140036A0B0421363012C02BF8A78024B43F82020F5
S2140036B010BD00BFE880035008B54FF0B0435A680D
S2140036C06AB958B15B680BB11DF025FD01210D4BA1
S2140036D059601DF020FD4FF0B043D96008BD5B680F
S2140036E00BB11DF018FD0028F0D11DF014FD4FF0B1
S2140036F0B0430222DA601DF00EFD0122024B5A6032
S214003700ECE700BF00100058002000584FF0B04112
S2140037104B6810B50BB11DF0FEFC01220B4BC478B4
S2140037205A608378934043EA8403447823430479B9
S21400373043EA0413447943EAC4038B60044B5A609B
S2140037400378C3F10203CB6010BD00BF0020005811
S214003750001000584FF48032064B5A6603F5E623F5
S2140037605B69C3F38512827003F03F021B0B427045
S2140037700370704700900050014B986CD96C7047EE
S2140037800080E00F0120034B9B680A3303F01F0301
S214003790984070470080E00F034BD3F82424D3F8FA
S2140037A020041040704700BF00C003502DE9F843C6
S2140037B01E4B0546D3F810334B1E0E2B0E461746EF
S2140037C090F8009044781DD909B34FF000082846B9
S2140037D0D7B12BF033F909EB4903072C4FF00F0153
S2140037E04FEA031315D8A400114808FA04F2A140C2
S2140037F018441DF098FCBEB928468FB1BDE8F843C2
S2140038002BF01CB98846E2E71DF09CFCE3E78846EF
S214003810E1E7083CA400074808FA04F2A140E7E7FD
S214003820BDE8F8431DF08EBCBDE8F88300C0035029
S21400383004C003500CC003500A4B1B68C3F3074375
S214003840012B0ED1084B04205A6E4FF480230749F3
S214003850520358BF064A4B6601F51041086258BF2E
S214003860536670470080E00F0080005000900050C4
S21400387000A000504FF48032084B5A6603F5E6234A
S2140038805B691A0B027003F03F0242704FF6FF723C
S214003890C3F3851342808380704700BF00900050BA
S2140038A0014B986CD96C70470080E00F70B50446E9
S2140038B00D462BF0BDF81D2C064608D80C2C0AD851
S2140038C0082C2CD013D8BB23E340DB0718D40023E6
S2140038D021242B801EE00123174AA340134224D143
S2140038E0122C26D00D2CF2D14FF4F06005E0092CF6
S2140038F018D00C2CEBD14FF4C060FFF7E7F802E0CD
S2140039008020FFF701F94FF6FF7398420CBF0E2494
S2140039100024288030462BF086F8204670BD4FF4F1
S2140039208060EEE74FF49060EBE700230F242B80D7
S214003930F0E74FF4E060E0E70080912030B58BB010
S2140039406C46544D0FCD0FC40FCD0FC495E8030041
S21400395084E80300504BD3F84C21120300F1838017
S214003960D3F85041E4B28DF81940FFF775F90444D6
S21400397084F3080449488DF81840FCF7A7FF68460A
S214003980FFF7CEF83220FFF76DF94548FFF750FAFB
S214003990444C45482BF065F80020FFF769F9FFF71F
S2140039A0FDF9236F002023F0070343F0030323678A
S2140039B0FFF71EFA236F3D4923F4744323673C4BFD
S2140039C0D3F8FC2012F0807253D1C1F88020354B1A
S2140039D0D3F8202122F0030242F00202C3F820218D
S2140039E0D3F8242122F0070242F00202C3F8242171
S2140039F0D3F8802122F0030242F00102C3F88021AE
S214003A00D3F8402122F0030242F00102C3F840211D
S214003A10D3F8602122F0030242F00102C3F86021CD
S214003A20D3F8402222F0030242F00102C3F84022FB
S214003A30D3F8002222F0070242F00102C3F8002267
S214003A40D3F8202222F0030242F00102C3F820221B
S214003A50FFF724F84FF0E0220020136943F0040338
S214003A6013610BB030BD134B1C88FF2C88BF8C2411
S214003A7079E7D3F8FC2022F08072C3F8FC200022FD
S214003A80C1F88020D3F8FC2042F08072C3F8FC20F6
S214003A909DE700BF88EF02000080E00F00F04902BB
S214003AA000B4C40400800050BCEF02000090005038
S214003AB000ED00E00001E00F07B56B46054A106810
S214003AC0516803C36846FFF781FB002003B05DF82A
S214003AD004FB00BFB0EF02000028ACBF00F160405E
S214003AE0064B4FEA0111C9B2ABBF00F5614000F0CA
S214003AF00F0080F800131954704700BF14ED00E063
S214003B0008B52AF095FF0B4B1A7872B901221A7085
S214003B102AF089FF6FF0040210460132052152B2E6
S214003B20FFF7DAFF402AF7D108BDBDE808402AF0C3
S214003B307ABF00BF342A0020002807DB0123410992
S214003B40034A00F01F00834042F82130704700BF50
S214003B5000E100E0054B421153F8223000F01F0050
S214003B6023FA00F0C04300F00100704700E100E0D7
S214003B70002808DB01224309034900F01F008240A9
S214003B80603341F82320704700E100E013B5094C8C
S214003B90684600F037F8237853B9DDE900010222C1
S214003BA0054B1DF0DDFD08B90123237002B010BDE2
S214003BB01220FBE7352A0020D015002007B5009319
S214003BC013460A46014603481DF019FB03B05DF88C
S214003BD004FB00BFD015002013460A4601460148E4
S214003BE01DF0F9BBD015002007B5009313460A4612
S214003BF0014603481DF0E7FC03B05DF804FB00BF78
S214003C00D01500200249034A0160521A42607047EC
S214003C10603C002000800020BFF35F8F074B5A6A8D
S214003C2022F480325A62D3F8942022F00102C3F8BC
S214003C309420BFF34F8FBFF36F8F704700ED00E007
S214003C4038B5FFF7E9FF274A2748D2F8C030274D96
S214003C5023F0FF0343F0A003C2F8C030244B0468EF
S214003C609D4204F101011DD1224BC2F89840C2F8D2
S214003C709C3003F5FF437E33C2F8A0300160BFF3EB
S214003C805F8F0522174BC3F894205A6A42F480329D
S214003C905A62BFF34F8FBFF36F8FBFF34F8FBFF3E1
S214003CA06F8F38BD23F01F03203BB3F1005F09D3AD
S214003CB0C2F898400F4C43F00103C2F89C40C2F88B
S214003CC0A03001600C4B0168064A23F01F0343F046
S214003CD00303C2F89810C2F89C30084B0131C2F8B2
S214003CE0A030CBE700ED00E0F8150020202E0020E5
S214003CF0402C0020030000203F2E0020E17F002003
S214003D002DE9F0410D461146DFF8E080D8F8004076
S214003D10B4F5807F34BF00271A27FFF77DFF1F29E1
S214003D202ED90021C2061CBF20F01F0020302E4EC8
S214003D30EB0618BF25F01F05CBB29C4235D8D6F847
S214003D40C03020F01F0023F47F4343F48073C6F88E
S214003D50C03040F003042AF06BFED8F8003025F09F
S214003D601F0141F00301C6F89830C6F89C40C6F81B
S214003D70A0102AF058FED8F800300133C8F80030FA
S214003D80BFF35F8F0522184BC3F894205A6A42F49B
S214003D9080325A62BFF34F8FBFF36F8FBFF34F8FE0
S214003DA0BFF36F8F3846BDE8F081C6F89830D6F876
S214003DB09C30D6F8A02023F01F03984222F01F0262
S214003DC001D195420BD0904201D89D4209D2D6F837
S214003DD09830013123F0FF03C6F89830ACE700278F
S214003DE0CEE72827CCE700BF00ED00E0F81500205E
S214003DF0BFF34F8F0549064BCA6802F4E0621343CF
S214003E00CB60BFF34F8F00BFFDE700BF00ED00E0C3
S214003E100400FA0538B5416004462AF000FE05465F
S214003E20214604481CF07EFB2846BDE838402AF0B0
S214003E30F1BD00BFFC15002001481CF070BB00BFA0
S214003E40FC15002070B52AF0EAFD124D0446124813
S214003E502AF007FE2E7886B9FFF7EEFF2AF0C0FE9E
S214003E600E4B1E602AF09CFA0D4B0E4A1860536FDC
S214003E7043F0010353671DF093FC00F077F81DF044
S214003E80A6FC094B1860012320462B702AF0C2FDC1
S214003E90002070BD422A0020C0EF0200001600205D
S214003EA028160020004000500416002038B50446AE
S214003EB02AF0B5FD0F4D02462B78FF2B04D1B4B186
S214003EC0BDE838402AF0A6BD1BB9002CF8D0012169
S214003ED003E0002C0CBFFF2101210B44DBB22B704A
S214003EE0B3FA83F304495B0910460B70E8E71946FA
S214003EF0F3E700BF3F2A00203E2A0020054B1B6840
S214003F005843054B00F5742000F23F20B0FBF3F059
S214003F10704700BF2816002040420F0073B5114EB0
S214003F200446337883420FD04FF400730E4DADF83D
S214003F30043058B101A8FFF741F84020FFF7DEFF34
S214003F402B68181A2860347002B070BD8DF8050012
S214003F5001A8FFF733F84020FFF7D0FF2B6818447E
S214003F60F0E700BF523000206016002073B5002432
S214003F7001A88DF80440FFF7C3F82046FFF7CEFFF0
S214003F802C4B2D4AD3F8003103F0030313604FF493
S214003F9000222A4B5A664FF400325A6629F03CFF3C
S214003FA04FF4C870FFF7AAFF254B264A186026492B
S214003FB013680134E4B20A2C41F8040BF9D1034427
S214003FC000EBC00003441360204B214D1B7813B355
S214003FD0184BD3F8003103F00303022B23D0032B36
S214003FE024D0012B17D129F0BBFC024698B1194BFF
S214003FF0194EDC6800231946C4F30B04013404EBA5
S21400400084040138E4FB060105F0FAFCFFF776FFAE
S2140040102B6803442B601F20FFF770FF2B680344B8
S2140040202B6002B070BD29F0A5FCDEE729F09EFCEF
S214004030DBE700BF008000506C16002000900050A8
S2140040402C1600203016002034160020462A0020A9
S2140040506016002000C0015040420F000122154BA0
S21400406010B55A67144B154C1B7813B302202AF070
S214004070A8FDF0B12AF0F8F9D8B1A36DD90302D59E
S214004080E36D9A0715D40D4B9B6DDB0711D4012207
S2140040900B4B1A702AF089FDBDE81040094B0A4AFE
S2140040A01860136F23F0070343F00303136729F028
S2140040B03DBC10BD00D00050472A002000C0005074
S2140040C0442A00205C160020008000500122014B8C
S2140040D01A707047472A002070B52AF0A9FC144EC3
S2140040E005463478FCB9134B1C60134B1C60134B0D
S2140040F01C6000F047F801202AF09EFA2AF090FA99
S2140041000F4B0246186020B928462AF08CFC232064
S21400411070BD234640F2E7310A4805F071FC0A4BB1
S21400412018600123337028462AF07DFC0020EFE754
S2140041304A2A0020801600207C16002088160020C0
S2140041408416002018FCFFFF78160020012300B517
S2140041508DB08DF80F302AF029F900230146CDE9FD
S2140041600033074A0DF10F0304A82AF0FAFC18B929
S2140041709DF80F30002BFBD10DB05DF804FB00BF9F
S2140041801FEB02001FB50024194B18689A8802908E
S214004190D3F806009B7A00901648ADF80C208DF8F0
S2140041A004302AF05EFC02A88DF808408DF80C401A
S2140041B0FFF7ACFA694601208DF80040FFF762FA77
S2140041C040F2FF320C4B9A615A614FF0B042936A4C
S2140041D013F00803FBD113620120FFF76DFA0C20E1
S2140041E0FFF7C6FC0C20FFF7A7FC04B010BD00BF0D
S2140041F0D3EF0200B8EF02000020005810B52AF0F6
S21400420017FC4FF0B04304465B695A06074A03F0B2
S214004210010003F0510348BF40F0020053612AF04A
S21400422039F92046BDE810402AF0FDBB00200058B2
S21400423038B508460C4628F01EFD034620B994E81B
S2140042400700024D85E80700184638BD8C1600208A
S21400425070B5032916461C46049D01D9212070BD61
S21400426002D128F002FD01460C4B9A7A8A42F5D913
S214004270186809B201EB410100EB810116B1B1F9F2
S2140042800430338014B1B1F9063023800DB9002014
S214004290E5E7B1F908302B80F9E700BF8C1600205F
S2140042A02DE9F0432A48079F847A94424CD9066841
S2140042B002EB42024FEA820C16EB820246D050898D
S2140042C0002843D0B2F90440B2F906508C42B2F945
S2140042D008E02FDCA942A8BF2946BEF1000F35D062
S2140042E000F1FF381FFA88F80EFB08490A1B92FBFC
S2140042F0FEF24D45D8BF404692B2904202D3A94244
S21400430018BF104656F80C2052F8206002EB800CBE
S21400431018B15CF8048D46450ED08D421EBF1EFBBC
S21400432000F1091909B2994209DC00203E60B98003
S214004330BDE8F0832146D0E7013880B2E8E70028E0
S214004340F3D0013880B2DFE70E20F1E70220EFE776
S2140043508C16002008B506494FF0FF30FFF768FFBF
S214004360BDE8084001214FF0FF3028F086BC00BFB2
S214004370E0EF02007FB50022084B0949CDE9012392
S2140043804FF04073CDE90313032301A94FF0FF302C
S214004390059328F097FC07B05DF804FB006A180048
S2140043A0000302001B0603F0706300F00F00090212
S2140043B0034301F47061120402F470220B431343AA
S2140043C0014A1360704700BF0020025C60B50546D6
S2140043D019B10139B1F5806F0FD2094EF06810F4AB
S2140043E08030FBD143EA012312072B4302F08052B0
S2140043F0134343F00043736060BD0120FCE700BF39
S2140044000020025C0122054B9A60DA68D203FCD4D5
S214004410D86820F00F000004000C70470020025CF3
S214004420014B1868704700BF0040025C014B58689B
S214004430704700BF0010025C014B186B704700BF4E
S2140044400010025C014B1868704700BF0010025C49
S214004450014B9860704700BF0010025C014B186467
S214004460704700BF0010025C014B5864704700BFE5
S2140044700010025C014B5863704700BF0010025CDE
S2140044800022014B1A6070470010025C024A136853
S21400449043F00103136070470010025C024A136881
S2140044A023F00103136070470010025C43F204021D
S2140044B0014B1A60704700BF0010025C024A136886
S2140044C043F03003136070470010025C044B1A6818
S2140044D042F480721A601A6822F480721A6070477A
S2140044E00010025C024A136843F48063136070474E
S2140044F00010025C034A136823F4702343EA004367
S214004500136070470010025C044B1A6902605A6917
S21400451042609A698260DB69C36070470010025C83
S2140045200268044B1A6142685A6182689A61C268DE
S214004530DA6170470010025C024B1A6BD207FCD49B
S214004540186270470010025C0322024B1860196163
S2140045505A6370470000025C82B01FB507930A9B3F
S21400456004AC8B4228BF0B4604E907001048D10074
S214004570079948BF03330160099948BF23F0030336
S21400458023F0704301F0E041194341F0005181608F
S214004590002102F0E042019C1A4342F00052C16042
S2140045A004618261416304B0BDE8104002B0704708
S2140045B00000025C3F22034B1A631022DA610322DA
S2140045C09A6370470000025C024AD36B9B07FCD4D8
S2140045D0704700BF0000025C044B9B6A13F0240F78
S2140045E014BF012000208000704700BF0000025C5E
S2140045F008B5FFF7F1FF064BDB6B23F47F4323F090
S214004600EF0303431EBF0122024BC3F8FC2F08BD75
S2140046100000025C00F0FF3F4368182B0AD0202BF6
S2140046201DD0102B2BD1174BD3F80434DB010AD442
S21400463001207047134BD3F804349A01F8D50B6861
S21400464043F008030B6003680F4A934210D10B68CF
S21400465043F040030B600023436000207047094B83
S214004660D3F804345B01E3D50B6843F00403E9E7B1
S214004670064A9342F1D10B6843F08003EAE707202D
S214004680704700BF0000025C4C2A00204B2A002026
S2140046900B4607B50749D1F80414C90708D5002109
S2140046A000920246084600F05BF803B05DF804FB93
S2140046B00120FAE70000025C1346064AD2F80424FA
S2140046C0D20504D50A46014600201DF0F7BA01209F
S2140046D0704700BF0000025C13B5084CD4F80444D1
S2140046E0E40508D5009313460A460146002000F06C
S2140046F061F802B010BD0120FBE700BF0000025CBD
S21400470013B5084CD4F80444E40508D500931346C2
S2140047100A460146002000F071F802B010BD0120E4
S214004720FBE700BF0000025C70B504460D46164667
S2140047308CB00A4A09AB07CA83E807001A46214626
S214004740CDE90563CDE90333CDE9013300954FF498
S21400475080301DF0DFF90CB070BD00BF88F002009D
S214004760F0B51C465B6815468DB01A07129E1AD126
S214004770CBB17268934216D10C4B0D4A53F8217098
S21400478009AB07CA83E807001A462946CDE9053370
S214004790CDE90333CDE90163009447F480701DF042
S2140047A0B9F90DB0F0BD0720FBE700BF94F002009A
S2140047B088F00200F0B516465A688DB0102A0D46ED
S2140047C0129F15D17A68102A12D10A4A09AC07CA74
S2140047D084E8070022462946CDE90547CDE903448B
S2140047E0CDE90144044800961DF094F90DB0F0BDE3
S2140047F00720FBE788F0020030000100F0B51646FF
S2140048005A688DB0102A0D46129F15D17A68102A64
S21400481012D10A4A09AC07CA84E80700224629468C
S214004820CDE90574CDE90344CDE90144044800967A
S2140048301DF070F90DB0F0BD0720FBE788F0020010
S2140048401000010082B070B586B0149D03AE202D16
S21400485086E807000B9359D805EB85038B4203D0F7
S21400486006236B438B4253D10C9BAB4250D10F9B1C
S214004870B3EB450F4CD1129A934249D101222946F7
S2140048802220159BFFF7A2FD044630BB03460622F6
S2140048900E210C20FFF786FD0123CDE900332B46C1
S2140048A096E807001DF0B5F80E230BAA009307CA7A
S2140048B02B461CF0F9FF0C23164C00930EAA2B4631
S2140048C007CA1DF021F8636823F07F0343F0260330
S2140048D06360FFF797FD30B10624204606B0BDE8BA
S2140048E0704002B07047636823F07F0343F02203F2
S2140048F06360FFF787FD04460028EDD1062311AA62
S214004900009307CA2B461DF032F8E6E70124E4E7D9
S2140049100724E2E70020025C70B598B0002843D078
S2140049202C4C08AD0FCC0FC50FCC0FC50FCC0FC548
S21400493094E80F0085E80F006D4604AE04F11003FE
S21400494020340FCB85E80F0094E80F0086E80F00B0
S214004950FFF7BCFD0420FFF7CDFDFFF7A7FD3046AF
S214004960FFF7DEFD002408AE56F8040B0134FFF70F
S214004970E3FD102CF8D1FFF759FD0328FBD90024DE
S214004980FFF77EFD2646FFF74BFD55F8043B013644
S2140049905840042E44EA0004F5D12CB1012206202A
S2140049A00D4B1A7018B070BDFFF790FD0820FFF78A
S2140049B04FFD0020FFF752FD0720FFF755FD4FF48F
S2140049C00070FFF757FD0820FFF794FDFFF75EFD28
S2140049D00020E7E770F102004E2A002008B5FFF736
S2140049E075FD0122014B1A7008BD00BF4D2A00203C
S2140049F01FB51DF0E2FA044630B1012206240D4B25
S214004A001A70204604B010BDFFF70AFD0090FFF7AD
S214004A1007FD0190FFF704FD0290FFF701FD0390EC
S214004A206846FFF77DFDFFF7D9FFFFF747FDFFF765
S214004A3059FDE6E74E2A002006289ABF014B185C6F
S214004A4000207047D0F102004FF40052034B0020C4
S214004A509A660322C3F86022704700BF0090005099
S214004A604FF40052034B00209A660322C3F86022DC
S214004A70704700BF00A0005000F01F02A0F50620FF
S214004A80A0F55060812810D80123094940099340B9
S214004A9051F820201A4341F82020064951F82020DA
S214004AA022EA030241F8202070474FF0FF3070479B
S214004AB0B01600209C16002000F01F03A0F506206C
S214004AC0A0F55060812810B519D801210D4A40097B
S214004AD0994052F820300B430B4942F82030D1E978
S214004AE0004323448C682344CC68096923445B183C
S214004AF004D1C2E90033C2E90233136110BD4FF09E
S214004B00FF30FBE79C160020B01600202DE9F04F82
S214004B10A7B003921F4604460822CDE9040141408F
S214004B2021FA02F34B40980702F1080218BF9B00D7
S214004B30202A1C44F4D18123B4FBF3F303EBC31304
S214004B40E41A7F4B04F506241B7804F55064002B0A
S214004B5039D1FDF769FA054600286FD10146402293
S214004B6006A81EF0B5FC2946402216A81EF0B0FC8A
S214004B70744D754EA8461035AE4228BF2E46734873
S214004B80013E009643461022006806A91CF096F8DF
S214004B904FF0000B81460DF1180AD94541D16B48FC
S214004BA0009643461022006816A91CF090F84FF0B5
S214004BB00008834616AEC34546D1654B9D42D8D104
S214004BC001225F4B1A704FF081080026DFF894B17F
S214004BD0A4F50625A5F550635B095BF8232004F0D1
S214004BE01F01CA40D20746D45A4A52F82330CB4057
S214004BF0DB0732D58123002E08BF2646A5F6FF44E4
S214004C00B4FBF3F303EBC313E41A04F50624B8F17C
S214004C10010804F55064DBD1039B03B3FEB13446B0
S214004C2025E05AF8040BFFF727FF013009D10022D0
S214004C30434B1A70424B1B78002BC4D16FF0910087
S214004C400FE00BF1010BA8E756F8040BFFF734FF53
S214004C500130EFD008F10108ADE7039B23B96FF0F0
S214004C608B0027B0BDE8F08F002E18BF3446329B6D
S214004C7000201C60F5E7309B13B10023309A1360C8
S214004C80319B13B10023319A13604FF0100ADFF8FE
S214004C90BC90CDF800A000233A462146D9F8000083
S214004CA0FCF7C4FF002838D130993A682A4BE9B19E
S214004CB09A42C1F800A01CD02146D9F80000FDF7A2
S214004CC00FF90028CBD1D7E90223DDE9041083428F
S214004CD008BF8A422AD08123A5F6FF45B5FBF3F329
S214004CE003EBC313ED1A05F5062490E79A42EAD0C3
S214004CF0E2E7319B002BE6D02146D9F8000016AA41
S214004D00FCF7DAFF48B9319B309A1B681268934269
S214004D1094D39B1A319A1360D5E7104B9842CBD0A8
S214004D206328C9D00E4B9842CDD087E7039B002B53
S214004D309DD07B68012B9AD16FF0840091E700BF6D
S214004D404F2A0020006D0800816D0800502E0020BC
S214004D50906D08009C160020105D175EFFDF00F0C7
S214004D60FEDF00F0B01600202DE9F04F87B0824637
S214004D70894698461646DDF840B02AB1002B53D037
S214004D8040F26C739A4252D8BBF1010F52D80024FD
S214004D9006F110073946012005941CF030FC054644
S214004DA000284AD021463A461EF092FB05ABCDE9D4
S214004DB0014300942B46012250464946FFF7A6FEC3
S214004DC0044680B110F18C0F08BF6FF08D043A4690
S214004DD0002128461EF07CFB28461CF0F2FB2046ED
S214004DE007B0BDE8F08F164BC5E902A92B60C5F8E1
S214004DF004B02EB13246414605F110001EF070FB9D
S214004E00059E10483B462A4631460068FDF724F8C2
S214004E1038B93046FFF730FE013008BF6FF0860421
S214004E20D5E76FF09104D2E76FF08604D7E76FF00E
S214004E309104D4E76FF08504D1E76FF08C04CEE7D9
S214004E40105D175E502E00202DE9F0438DB0814690
S214004E50DDE914780E4615461C469BB1B8F1000FE6
S214004E6005D16FF0860630460DB0BDE8F083002F02
S214004E70F7D0B7F1005FF4D3C3F1005303F5004356
S214004E809F42EED81022002108A81EF021FB002227
S214004E9007AB029305AB019306AB31460093484639
S214004EA008ABCDE90522FFF731FE06460028DAD129
S214004EB0059BA4B1AB4215D853EA0504D1D1069B95
S214004EC00B48C8F8004000943A46079900682B44FF
S214004ED0FCF7ACFE002818BF6FF09106C3E7AB42A4
S214004EE0EDD2BEE75B1B9C4228BF1C46E7E700BF2F
S214004EF0502E002030B58DB00C46054610220021FD
S214004F0008A81EF0E5FA002207AB029305AB019352
S214004F1006AB21460093284608ABCDE90522FFF7ED
S214004F20F5FD044608BB099B012B21D0079D134BBA
S214004F3029461868FCF7D4FFE8B9A5F50623A3F5BB
S214004F405063812B05F01F020DD801210C485B0928
S214004F50914050F823204A4040F823202846FFF787
S214004F60ABFD013001D16FF0860420460DB030BD98
S214004F706FF08404F9E76FF09104F6E7502E0020F6
S214004F80B01600202DE9F04F89B00E4607461CF0FB
S214004F90ADFD04461CF0A2FD04420AD10425012002
S214004FA01DF018F8002834D0013DF8D16FF09200BB
S214004FB02CE0102200210DEB02001EF089FA04A856
S214004FC01CF096FD049B002BE8D0059B002BE5D03B
S214004FD0069B002BE2D0079B002BDFD00025DFF8D6
S214004FE0A08008F10409B54224D34FF48A751CF05A
S214004FF07BFD04461CF06AFD2040062836D11CF0D6
S2140050006AFD044201D01CF06BFD002009B0BDE82B
S214005010F08F1CF069FD04461CF058FD04EA0003FE
S21400502013F0FF03F5D0022BF3D01CF051FD044221
S214005030D4D0B9E71CF056FDA6EB050A840054450B
S21400504028BF544699E8030000238DE80300CDE905
S214005050054307EB050BCDF810B0029404AAD8F868
S214005060003007CA1CF0AFFE2544BCE71CF02EFD3E
S214005070204008289AD825FA00F0C30796D5B6E748
S214005080FCF102002DE9F0438BB01746DDE915452B
S214005090DDE913269C46DDE91738894621B96FF00D
S2140050A086000BB0BDE8F083002FF8D00EB9002CB8
S2140050B0F5D1129909B9002AF1D10DB9002BEED11C
S2140050C0B8F1000FEBD0244A944541D10288B2F5DE
S2140050D0105F3DD14288B7EBD20FE0D322F04001FB
S2140050E0802902D0B2F5807FD9D16CB3AE421CD2F3
S2140050F03219954219D29C42D1D8314622462846CA
S2140051001EF0CCF92E4614F00F03C8D1CDE9019756
S214005110CDE90336CDE90543CDE907540993FFF7FA
S21400512093FC38B16FF09200BBE79C42EBD96FF06E
S2140051308900B6E707AA04A901A8FFF7A9FA054659
S214005140FFF78EFC0543EDD10020C8F80040A8E725
S2140051506FF08500A5E700BF004440042DE9F04F3E
S214005160A9B0834617469A460E46DDF8C890DDF885
S214005170D88029B96FF08603184629B0BDE8F08FAD
S214005180002AF7D0B9F1000FF4D0349B002BF1D0F1
S214005190B8F1000FEED00024424B0CAD93E80700A8
S2140051A085E807003C22214619A818941EF090F9BD
S2140051B03388728803F4E040B0F5804FDAD03A4E78
S2140051C03A480BEA060646F01066864263D1B2F508
S2140051D0807F60D147F2121293425CD10620344A97
S2140051E0BAF11F0FD3680E940B931369126800FB75
S2140051F003F3CDE90C23BDD9339B402BBAD9359B9D
S2140052001F2B4BD909F1010220261292402299F851
S21400521000300F97042B18AFCDE91324CDE9157293
S214005220109611941794A5D1FFF70EFC034600289C
S214005230A2D10B9B15AACDE9086305AB07CA83E884
S214005240070002AB12AA07CA83E80700DDE91001CF
S2140052508DE803000F9B95E80700FFF7F3FA054675
S214005260FFF7FEFB55EA000384D13D46349A20AE94
S2140052702C4603CCB44210605160254602F1080269
S214005280F6D100221146B9540132402AFBD1202221
S214005290C8F8002070E76FF085036DE76FF08903AC
S2140052A06AE700BF88F002000000FFF6000002096F
S2140052B09CF00200F0B50E461D468BB0002853D079
S2140052C0002951D0002A4FD0002B4DD0048804F47A
S2140052D04F43B3F5824F03D06FF085000BB0F0BD9F
S2140052E0E3B224F0FF04B4F5E24FB0F802C0F3D105
S2140052F0122B01D0172BEFD10CF10701B2EBD10F17
S2140053004FEAD10733D31D4A04ACBCF5807F07CAE9
S21400531084E80700E0D1122B07D1194B1A691B68E5
S2140053201344CDE90432002306930023CDE9076732
S2140053300993FFF789FB0028D0D1124A02AB92E806
S214005340030083E803000AAB13E903008DE80300BB
S214005350079B94E807001CF0BBFC0446FFF780FBA5
S214005360204307D12F60B9E76FF08600B6E76FF0ED
S2140053708900B3E76FF09200B0E700BF88F0020044
S2140053809CF00200F4F102002DE9F0438FB01D46B8
S214005390DDE916C600B121B96FF086000FB0BDE892
S2140053A0F083002AF8D0002BF6D0BCF1000FF3D023
S2140053B0002EF1D0038803F44F44B4F5824F06D193
S2140053C0DCB223F0FF03B3F5824F408802D16FF0C2
S2140053D08500E3E7122C01D0172CF8D1C31DB2EBE1
S2140053E0D30F4FEAD308D7D34FEA4802571C674576
S2140053F03CD8B0F5807FEAD1122C18BF4FF00009D8
S2140054004FF0000308BF1B4CCDE9081805F1010159
S21400541014BF4C46D4F80C90CDE90B120A930D93AA
S214005420FFF712FB0028B9D1CDE9058902AB08AA1F
S21400543007CA83E807000EAB13E903008DE80300F4
S2140054400B9B94E807001CF062FC0446FFF708FB81
S21400545034B1012CBBD0072C9ED06FF092009DE794
S21400546000289BD104232B70376097E76FF08900E4
S21400547094E700BF9CF002002DE9F04389B00E4689
S21400548015461F46DDF8488020B96FF0860009B043
S214005490BDE8F0830029F8D0002AF6D0B8F1000F56
S2140054A0F3D0038803F44F42B2F5824F02D06FF078
S2140054B08500ECE7DAB2122A01D0172AF7D123F0DA
S2140054C0FF03B3F5E24F41D14488C8F8004044B921
S2140054D0EB00B3F5807FC8F80030E8D1122A0DD172
S2140054E008E0E31DB5EBD30FCFD1B4F5807FDED156
S2140054F0122A29D1354B1C681B691C440023194607
S21400550070192C4414F801CD10F8012D1143B2EB9C
S2140055100C020CBF4FF0FF3C4FF0000C86420CEA2A
S214005520030343EA0203EDD10029AED0002BACDA28
S214005530109B9D4246D82A46314638461DF0D0FF7D
S214005540119B00201D60A2E70024D7E73378042BC8
S2140055509BD16B1EDB005B08B3F5807FC8F800307C
S214005560A5D1122A06F1010318BF4FF000094FF02B
S214005570400205934FF000030ABF144C4C46D4F883
S2140055800C90CDE90623FFF75FFA00287FF47FAF83
S214005590CDF80C90D8F800300733DB08029308AB40
S2140055A013E903008DE80300059B94E807001CF050
S2140055B05BFC0446FFF754FA00287FF468AF002C23
S2140055C0B6D062E76FF0890061E700BF9CF002008A
S2140055D00388B3F5105F0ED14388DB08103B102B11
S2140055E00CD8084A22FA03F313F0010F14BF002068
S2140055F06FF0860070476FF0850070476FF086008A
S214005600704700BF010101002DE9F04F8FB015462D
S214005610DDE918A91E46DDF868801C9F09B300B3B3
S214005620B8F1000F1DD0E7B1BAF1000F02D1B9F101
S214005630000F16D1274B26F47E129A42B0F802B01D
S21400564044D1FFF7C5FF0446A8BBB5EBDB0F4FEA16
S214005650DB0306D316F47C1FC6F3054504D0102DD5
S21400566003D96FF0860426E010251B9A95422AD8A7
S214005670CDE9011300231022CDE905930DF1280989
S214005680CDE9033ACDE90823CDF81C90FFF7DCF905
S214005690044680B907AA04A901A8FFF70DF8064634
S2140056A0FFF7DEF9044656B958B92A464946404639
S2140056B01DF016FF3D6020460FB0BDE8F08F6FF07E
S2140056C092040025F6E76FF08904F4E76FF085048E
S2140056D0F1E700BF0002C0032DE9F041069F0C462B
S2140056E01646054610B309B302B9FBB96288B3EB98
S2140056F0D20F4FEAD20819D34C22002128461DF0BB
S214005700E7FE0D4B27F47E129A4212D12046FFF791
S2140057105FFF044638B942463146281D1DF0E0FEBC
S214005720C5F824802F602046BDE8F0816FF086041F
S214005730F9E76FF08504F6E70002C0032DE9F041B3
S2140057400E4614460546002840D000293ED092B1A9
S2140057500368214823F47E1383423AD1AF6BF7B136
S214005760C7F1100807F128004245284406D227440E
S2140057701DF0B6FEAF630020BDE8F08142461DF086
S214005780AFFE1022103C3C19AA63F4D0284605F15F
S21400579028011CF07FFC0028EED14644A863102C9C
S2140057A00CD9671E27F00F073A46314628461CF0EC
S2140057B071FC0028E0D1E41BDDD03E442246314691
S2140057C005F128001DF08CFEAC63D4E76FF0860070
S2140057D0D2E76FF08800CFE70002C0032DE9F04360
S2140057E088461F4605468BB070B169B163B1036841
S2140057F0234923F47E1088423ED113F47C1FC3F362
S214005800054604D0102E03D96FF086042AE0102631
S21400581096422BD8FFF718F9044618BBAB6B05F178
S2140058202802CDE901236B6A2A1DCDE90423102343
S214005830CDE9083007AB1A460390069005F13C09FF
S21400584001A904A8CDF81C90FEF75AFF0546FFF7FD
S21400585007F904466DB928B93246494640461DF058
S2140058603FFE3E6020460BB0BDE8F0836FF0890433
S214005870F8E76FF09204F5E76FF08504F2E700BFF3
S2140058800002C00310B50A46044619B1024B0021B7
S2140058901B68984710BD00BF602E00200E4B0340CB
S2140058A0B3F1607F06D1B1F5885F14BF6FF0860054
S2140058B000207047B3F1707F0BD101F4E043B3F5DD
S2140058C0005F06D111F4E06F0CBF6FF08600002079
S2140058D070476FF0860070470000C07F8A42F8B5B8
S2140058E007460C4600F019818F4922F4FF7323F017
S2140058F001038B420ED08D4B22F0FF01994209D056
S2140059008B4822F47F7323F00303834202D0894B33
S214005910994228D1884B24F0FF0199420FD114F008
S214005920FF000BD0854B40F00070984240F0F780A7
S21400593082EA0400FF288CBF00200120F8BD7B4BC4
S2140059409942ECD0A3F588539942E8D024F4FF732B
S21400595023F00103B3F1062FE1D076488142DED072
S21400596073498B42DBD004F0FE43B3F1A06F14D131
S21400597002F0FE43B3F1A06F40F0D18082EA040348
S21400598033F47E1340F0CB8014F40040D6D0C4F33A
S2140059900540C2F305429042CDE7B3F1407F40F0A8
S2140059A0A88002F0FE43B3F1407F40F0B88082EA60
S2140059B0040535F47E1540F0B28039462046FFF7E0
S2140059C06DFF002840F0AB805D4B12F47C1603EAB6
S2140059D0020319D0B3F1607FC2F3054679D1594965
S2140059E0D3B243F000738B4277D003F17E43043B7F
S2140059F00F2B5CD8DFE803F05A5A5B716567696B5A
S214005A0065675B5B6567696BB3F1607F34D14D4951
S214005A10D3B243F000738B4244D003F17E43043B81
S214005A200F2BDCD801A151F823F000BFA95A0000C3
S214005A30A95A0000DF590000A55A0000235B0000A9
S214005A406D5A0000715A0000755A0000235B000072
S214005A506D5A0000DF590000DF590000235B00008C
S214005A606D5A0000715A0000755A00002026B6E7ED
S214005A703026B4E74026B2E7B3F1707F17D107F4BB
S214005A80E043B3F5005F03D10126C7F302239E402F
S214005A9007F4E043B3F5005F09D10125C7F30221FF
S214005AA08D4004E010269AE7142698E7142514F48F
S214005AB07C1FC4F3054312D1B54214BF0020012059
S214005AC03CE71C25F3E72025F1E73025EFE74025E6
S214005AD0EDE7B3F1707FEAD1DAE71025E7E712F4D5
S214005AE07C1F01D1AB4218D022047FF527AFB3420A
S214005AF021E7B3F1106F12D124F01F6020F470205C
S214005B0068B902F0FE43B3F1106F7FF417AF0E488A
S214005B10104040F01060A042CFE701200EE70020C2
S214005B200CE71C265BE700BF000200060013000619
S214005B30000400060009000600030006FF0000023D
S214005B400000C07F030000020000FFF637B50D4DD1
S214005B500C466B78022B12D12B78072B0FD1002323
S214005B600A460193014601AB281D1CF0C4FA20B971
S214005B70019BA34218BF6FF0930003B030BD6FF0D7
S214005B808800FAE7C41600202DE9F8438846174631
S214005B901C4600F0D5FA054688BBD8F80060B6F873
S214005BA0009009F4E043B3F5804FB36808BF27F0D0
S214005BB0010737EA03031AD10CB3254B24F0FF0282
S214005BC09A421FD114F0FF0304D0224A43F0007318
S214005BD0934232D022464846F168FFF77FFE0746DA
S214005BE068B9224648463169FFF778FE70BB6FF009
S214005BF0840500233046C8F800301DF096F8284685
S214005C00BDE8F883144B9A42DCD0A3F588539A4239
S214005C10D8D024F4FF7323F00103B3F1062FD1D0BC
S214005C200E498A42CED00E4A9342CBD004F0FE43B1
S214005C30B3F1407F04D12304CCD56FF08605D8E7B6
S214005C40B3F1A06FF7D0034B9C42C2E73D46D6E7C0
S214005C5000030006FF00000200130006000900060D
S214005C600004000600F0FE43B3F1407F70B5044622
S214005C700E4619D1FFF712FE00285ED114F47C1FE1
S214005C8015D0C4F30543032B137054D9554D254046
S214005C90B5F1607F40F09380534AE4B244F000745C
S214005CA0944256D1102B48D96FF0860045E04D4BF4
S214005CB02340B3F1607F39D14B4BE4B244F000741B
S214005CC09C4202D11023137037E004F17E44043C5A
S214005CD00F2C2ED801A353F824F000BF1D5D000042
S214005CE01D5D0000335D0000C55C0000E15D000046
S214005CF0215D0000255D0000295D0000E15D0000DB
S214005D00215D0000335D0000335D0000E15D0000B2
S214005D10215D0000255D0000295D00001423D2E708
S214005D20202307E0302305E0402303E0B3F1707F33
S214005D3004D0002313706FF0850070BD01F4E043BB
S214005D40B3F5005FF5D10123C1F302218B40DBB22E
S214005D5099E704F17E44043C0F2CA5D801A252F822
S214005D6024F000BFB35D0000B35D0000A95C000036
S214005D70A55C0000DD5D0000A55D0000B75D0000CD
S214005D80BB5D0000DD5D0000A55D0000A95C0000B5
S214005D90A95C0000DD5D0000A55D0000B75D0000A9
S214005DA0BB5D000020218B423FF67EAF142BC4D98A
S214005DB0C1E7142B77E73021F5E74021F3E7B5F18B
S214005DC0707F7FF471AF06F4E042B2F5005F7FF4B7
S214005DD06BAF0121C6F302229140E4E71C21E2E703
S214005DE01C23A7E70000C07F030000022DE9F04F48
S214005DF09B460023924601F0FE428FB0B2F1806FC0
S214005E000E46DDE91878DDF86890099305D0184647
S214005E101CF08BFF6FF086052EE00B464FF4807269
S214005E2009A9FFF7B1FE0546099815B11CF07DFFDC
S214005E3022E0038803F4E042B2F5005F1FD113F4BA
S214005E40E06FC3F302211AD0364C26F48072A242C9
S214005E500AD004F50074A64206D0334CA64203D0FE
S214005E60A4F53F44A2420AD101248C40102C11D93B
S214005E701CF05BFF6FF083052E46002448E042F2DC
S214005E800402934202D1294B9E420AD0284B9E42DE
S214005E9011D10D24A04506D21CF047FF6FF08905EE
S214005EA0EAE70C24F6E721460AA8FFF74FFE054668
S214005EB010B10998BAE700240998D0E908126FB320
S214005EC007EB040C4568A8EB04032D0AA0D10DF1DE
S214005ED02808CDE90539CDE903BC3346CDE9014AAA
S214005EE0CDF80080FFF7CEF8054615F1860F099825
S214005EF09CD01CF01AFF0646002DBDD180B924B1F7
S214005F002246414638461DF0EBFAD9F800301C44CC
S214005F103046C9F800400FB0BDE8F08FBC46D1E768
S214005F200546A9E70010C00400FF400400018004F5
S214005F300013C004002307B51A46009102491CF05E
S214005F4066FD03B05DF804FB08F2020010B5114CC4
S214005F502378580744BF23F0040323702378990757
S214005F6005D500F093F8237823F0020323706378B6
S214005F701BB10023084A63605360002308210648CB
S214005F806370FFF77FFC2378DA0744BF23F0010332
S214005F90237010BDC4160020C816002038B51A4C51
S214005FA062782378022A01D1072B11D0DD0712D59B
S214005FB02378980707D400F061F82378054643F065
S214005FC00203237080B96278237882B15A0716D507
S214005FD00025284638BD1CF08CF82378054643F08B
S214005FE0010323700028E3D0FFF7B0FFF1E7D907DD
S214005FF0ECD5064962604A6002226270E6E743F02A
S21400600004032370E4E700BFC4160020C81600206F
S21400601000F14043032B70B505460E460CD82822E7
S214006020154C02FB0344237E022B02D16369834294
S21400603018D06FF08B001AE001211CF050FEB8B1AA
S2140060400D4B00221C46197E022902D15969A9422D
S21400605005D00132042A03F12803F4D1E9E7282306
S21400606003FB024420461CF02DFE00B9346070BDD0
S2140060706FF08700FBE700BFD01600200122024B1E
S214006080002083F8A0207047D01600202DE9F041AC
S2140060900A4C002526464FF0010803272046C4F880
S2140060A01C80277601351CF0EAF9042D04F128043B
S2140060B0F4D1002386F8A030BDE8F081D016002089
S2140060C0F8B51E4D064695F8A0300F4683B300245B
S2140060D02B462246197ED1B13CB9022905D1D96991
S2140060E019B91979002918BF1C460132042A03F190
S2140060F02803EFD114B96FF08C0006E020461CF0A0
S214006100E1FD20461CF0BBF910B100240EE01C4651
S214006110237E83B9012323763EB1651BED1003F180
S214006120CC335D4305F18045356000203C60F8BD0A
S2140061306FF08800E9E76FF09600E6E7D0160020DB
S214006140F7B500262C4B0E6093F8A03007460D4698
S214006150002B4ED0FFF75CFF10F18C0F044645D1A4
S21400616029463046FFF7ACFF044600283ED10123FF
S2140061702E68CDE90000694630467761736001AA53
S2140061801CF056FE044670B1DDE900011CF04EFE20
S21400619028681CF074F914F18C0F08BF6FF08704A0
S2140061A000232B6022E0DDE9001230461CF0F2F8F6
S2140061B00446DDE900011CF039FE002CE8D1286811
S2140061C08368D90444BF43F48063836083689A0479
S2140061D044BF43F400638360037E012B04BF0223A5
S2140061E003761CF06FFD04460028D9D1204603B084
S2140061F0F0BD6FF08804F9E7D016002030B40D4DDE
S2140062002C681C606C685C6000249C605468DC60D1
S21400621014881C8254885C8294685C61D4689C6193
S214006220126930BCDA6119620A46014603F124009D
S2140062301DF056B90CF202002DE9F8432329044656
S2140062400F4691469846089E04D86FF09805284653
S214006250BDE8F883082219491DF010F90546002804
S214006260F3D1A368002BF0D1216A243F8F42C8F8EF
S2140062700010EAD3B1F5005FE7D271B9C9F80000A3
S214006280E3687360238A3380638A73806369B360CC
S214006290A369F360E3693361D9E701201BF0AFF926
S2140062A0C9F8000030B1D8F8002004F124011DF030
S2140062B017F9E5E76FF08C05C9E700BF0CF202009E
S2140062C038B501460848FDF775F949F64144064DCC
S2140062D0012801D1013C03D1003818BF012038BD88
S2140062E02846FDF74DF8F3E700800650002310B56A
S2140062F01B4C88B08DF80730D02101230DF1070222
S21400630020701CF003FE58B99DF80730582B07D1B3
S21400631002AA1823882120781CF0F8FD024610B146
S214006320002008B010BD0F4B029920781960039921
S2140063305960049999600599D96006991961079979
S2140063405961F5211CF0C8FD0028E9D12722F42167
S21400635020781CF0C1FDB0FA80F04009E1E700BFEC
S2140063605430002074170020042330B5C9B0ADF8AF
S2140063701E306E4B0DF11E041B78002B00F0B5800E
S21400638010AB03930CAB029308AB019338AB0093AE
S21400639004942CAB1AAA20A914A803F0C7FA002864
S2140063A040F0A380BDF81E30002B00F09E80013B1D
S2140063B09BB248AA02EB031442F2107254F83C1C3B
S2140063C05B4881FB0215890F41EA8501018054F87C
S2140063D0381C9FED587A81FB0215890F41EA85012A
S2140063E0418054F8341C81FB0215890F41EA85016F
S2140063F0818054F8401C81FB0212890F41EA820119
S2140064000C22C18048A902FB031252ED287A67EEDF
S214006410877AFDEEE77A17EE902AB2F5004F66DA35
S21400642012F5004F66DB12B2434948A80A800C22D8
S21400643002FB030252ED277A67EE877AFDEEE77AD3
S21400644017EE902AB2F5004F56DA12F5004F56DBDB
S21400645012B24A800C2248A802FB030252ED267AAA
S21400646067EE877AFDEEE77A17EE902AB2F5004FD0
S21400647047DA12F5004F47DB12B28A800C2248A991
S21400648002FB031252ED1C7AFDEEE77A17EE902A15
S214006490B2F5004F3ADA12F5004F3ADB12B227494E
S2140064A048A80A800C2202FB030252ED1B7AFDEE7E
S2140064B0E77A17EE902AB2F5004F2CDA12F5004F65
S2140064C02CDB12B24A800C2248A802FB030353EDD1
S2140064D01A7AFDEEE77A17EE903AB3F5004F1FDA18
S2140064E013F5004F1FDB1BB28B8049B030BD47F65B
S2140064F0FF7299E7124A97E747F6FF72A9E7104A34
S214006500A7E747F6FF72B8E70D4AB6E747F6FF7209
S214006510C5E70B4AC3E747F6FF72D3E7084AD1E759
S21400652047F6FF73E0E7064BDEE700BF582A002079
S214006530C02F002000007A44E8290020E22900202D
S2140065400080FFFF2DE9F04F93B01A22002103A828
S2140065501CF0BEFF42F21073484DADF822302F7883
S214006560474B0AAC0FCB84E80F004FBB01213A2003
S214006570FCF796F801212F20FCF792F801230A2257
S21400658002210320FCF75CFE0321012608460123B6
S2140065900A22FCF755FE3B4B3B4A5E60A3F53833B8
S2140065A0C3F8A074C3F8A4244FF00312C3F8A824B9
S2140065B0032221463548C3F8A024FCF7BFFE2E7000
S2140065C00023DFF8DC908DF80B3099F80030002BB4
S2140065D037D12F4F3E78A6BBDFF8C8802D4D18F870
S2140065E0010B012375210DF10B0228701CF08EFCA7
S2140065F0002835D19DF80B30712B09D0683BDBB2F3
S2140066000B2B2DD840F6011222FA03F3D90727D513
S21400661001226B2128781CF05FFC824600BB0A2012
S214006620FDF794FD52461B2128781CF055FC0246C7
S214006630B0B91C2128781CF04FFC88B9012389F8D2
S2140066400030154D2B78002B40F0A981134B1A789B
S214006650002A00F095814FF0020830E00126BEE7E0
S214006660002EFBD068200E2322463B2128701CF00B
S2140066704DFCC8B901233B70E3E700BF532A002056
S21400668018F2020000A00650030002000080065028
S214006690502A002055300020582A0020572A002073
S2140066A0522A002014F2020069200E2322463B21C3
S2140066B028701CF02BFC0028DCD04FF00008D14DD1
S2140066C02B785BB97620FFF711FE28B97720FFF705
S2140066D00DFE002800F0E48001232B70CA48062334
S2140066E02246F72100781CF011FC002840F0878134
S2140066F09DF828309DF82C10C44E00939DF82B3042
S214006700090141EA03319DF82D20338841EA12122F
S214006710C3EB111149435B00C3EBD203B6F9022069
S21400672009135343B6F90420B6F90AB05143891346
S21400673001EBE321B161A1F5FA3181FB01CE0BFB40
S2140067400EF9B6F90C309DF829A001934FEAEB73C9
S2140067500CFB0399ABFB0C3BD9444FEA132BB6F961
S21400676008304BEA096B83FB01231B0343EA1253F1
S21400677012031BEB0202B6F806B043EB2923A2FB7A
S2140067800B2903F500430BFB03994FEAE9734FEA25
S214006790690253EA69099DF82A40B6F91070B6F9FD
S2140067A00E5048F0140878D007FB0EFE85FB01510A
S2140067B04FEAE7790CFB09EEA7FB0CC7490441EA50
S2140067C0D5316D0415EB0C05774447EB010724091A
S2140067D0009944EA0A1444EA0134C4F580144519C1
S2140067E004F00041019841EA5401E40707EBC007B2
S2140067F0601B40F63544A0FB040561EB070104FB73
S214006800015103F0ADF805460846B6F916306A0B96
S21400681042EAC142491303FB01F74FEAE37C02FB5D
S2140068200C77A3FB023C5943674402FB0711A3FB0A
S21400683002320A445B0E43EAC2135B1940EB626104
S214006840B6F914205043D71707FB0500A2FB052412
S2140068502044D20C42EA40329B184FEA1322B6F983
S214006860123041EBE041D817000142EA016240EAEB
S21400687013701B019B184FF00A0240EB21201B0AE5
S21400688043EA0063581D90FBF2F0614A934200F31E
S214006890B180604A9342C0F2B08000B2ADF81800F2
S2140068A05D4B8DF824801B78002B66D05B4B1878E8
S2140068B0FF2862D05A4A5B4BCDE90A2340F24913BF
S2140068C0594AADF830301378591C8DF83230BDF97E
S2140068D00C3011708DF83330C3F307238DF8343045
S2140068E0BDF90E301F228DF83530C3F307238DF81F
S2140068F03630BDF9103000218DF83730C3F307234A
S2140069008DF83830BDF912308DF83930C3F30723CF
S2140069108DF83A30BDF914308DF83B30C3F30723B9
S2140069208DF83C30BDF916308DF83D30C3F30723A3
S2140069308DF83E30BDF91C308DF83F30C3F3072389
S2140069408DF84030BDF91E308DF84130C3F3072373
S2140069508DF84230BDF920308DF84330C3F307235D
S2140069608DF84430BDF922308DF84530C3F3072347
S2140069708DF846300AAB11F033FE13B0BDE8F08F49
S21400698001261E70294B2A4A1B782A49692B14BFF8
S214006990D020D220284B02F0F1FC30BB2E70FFF73F
S2140069A0E3FC264B4FF00A081A88ADF80C205A88EC
S2140069B09B88ADF80E20ADF81030214B1A88ADF844
S2140069C012205A889B88ADF81420ADF816301D4B5F
S2140069D01A88ADF81C205A88ADF81E209A88DB88E5
S2140069E0ADF82020ADF8223069E62B78002B3FF476
S2140069F032AED4E747F6FF7050E713484EE748F04C
S214006A0004084DE7512A0020543000207417002057
S214006A10FAFF0400F2FFFAFF552A00205630002045
S214006A200201061BFFFF024D542A002055300020AD
S214006A308B300200893002008D300200E8290020E9
S214006A40E2290020C02F00200080FFFF08B527F0B5
S214006A50A7FC002808BF4FF40040054B45281860E7
S214006A608ABF46230120B0FBF3F0024B186008BD36
S214006A70642E0020682E002008B5094B1B786BB1E9
S214006A8028F093F8074A084913680968C31A8B4226
S214006A9004D3BDE808401060FFF754BD08BD00BF32
S214006AA0552A002090170020682E002030B5036875
S214006AB03D4A23F47F4323F00703934285B053D027
S214006AC002F1807293425FD0384A93426AD1384CC2
S214006AD0204611F02BFD034608B100BEFDE7A022BC
S214006AE000901146207811F03BFD08B100BEFDE78E
S214006AF0304B02AA029344F60323ADF80C30182359
S214006B00072120788DF80E3011F0A8FD024608B156
S214006B1000BEFDE70421207811F0B4FD08B100BEE8
S214006B20FDE7254D284611F001FD044668B1FF2318
S214006B302B700122214B1A7028F037F8204B186072
S214006B4005B0BDE83040FFF7FDBC287811F028FD01
S214006B502022009411462346287811F001FD214694
S214006B60287811F053FDE4E7164A13780133DBB2B8
S214006B70032B137016D8002204210D4B187805B08D
S214006B80BDE8304011F07EBD0E4C2378032B05D9AE
S214006B90074B00220421187811F074FD23780BB1FE
S214006BA0013B237005B030BDA0000600A000010028
S214006BB0573000200201060356300020552A0020D8
S214006BC090170020562A002000B5C3B011F05EFED4
S214006BD0094803F0CBFB60B11CF0BFF948B14FF495
S214006BE08271054801AA1CF06CFD10B901A81CF0C2
S214006BF0A6F943B05DF804FB242600207FB50368A1
S214006C00264A23F47F4323F00703934243D100210F
S214006C1006221620224B0CF079FD014608B100BE74
S214006C20FDE7082212201F4B0CF070FD014608B14C
S214006C3000BEFDE7032214201B4B0CF067FD08B1D5
S214006C4000BEFDE70DF1070102A811F031FD014677
S214006C5008B100BEFDE7BDF80C3008225BBAADF8FF
S214006C6010309DF80B3018208DF81230FF238DF869
S214006C701330FE238DF814309DF80A308DF8153049
S214006C80BDF808305BBAADF8163004AB0CF03EFD2C
S214006C9008B100BEFDE707B05DF804FBA0000100E8
S214006CA0EFF40200E7F40200E4F4020038B501460F
S214006CB00848FCF77FFC49F64144064D012801D1FF
S214006CC0013C03D1003818BF012038BD2846FCF728
S214006CD057FBF3E700800650F0B585B06C461A4DBA
S214006CE01A4B2F780FCB84E80F004FBB01213A20B8
S214006CF0FBF7D6FC01212F20FBF7D2FC01230A224A
S214006D0002210320FCF79CFA0321012608460123F2
S214006D100A22FCF795FA0E4B0E4A5E60A3F538334E
S214006D20C3F8A074C3F8A4244FF00312C3F8A82431
S214006D30032221460848C3F8A024FCF7FFFA2E7069
S214006D40002005B0F0BD00BF592A0020F8F402006C
S214006D5000A00650030002000080065013B5012371
S214006D6038210DF1050204461CF091F928B1A369FB
S214006D703B489847012002B010BD0123232120463E
S214006D800DF106021CF083F910B1A3693548F0E74F
S214006D9001236A2120460DF107021CF078F910B194
S214006DA0A3693148E5E78DF8040001233821204621
S214006DB001AA1CF074F910B1A3692C48D9E78DF824
S214006DC0040001232321204601AA1CF068F910B113
S214006DD0A3692748CDE79DF8073094F8292003F0EB
S214006DE03F03012A0CBF43F00C0343F004038DF865
S214006DF007306A21012320460DF107021CF04FF9E7
S214006E0010B1A3691B48B4E732206369984794F829
S214006E1029306A21012B9DF8073020460CBF43F02D
S214006E20C00343F040038DF807300DF1070201233D
S214006E301CF035F90028E4D10123382120460DF155
S214006E4005021CF02CF90028B6D101232321204688
S214006E500DF106021CF023F900288CD0B8E700BF1D
S214006E6008F5020033F502005FF5020089F502001E
S214006E70B5F50200E2F502002DE9F04F044687B0B2
S214006E80002857D090F82850012D55D190F8296049
S214006E903EB18369294898470425284607B0BDE8CF
S214006EA0F08F40F6F639DFF8A8A0A9EB0608B8F18F
S214006EB0100FA8BF4FF0100806EB0A0B1FFA88F752
S214006EC03B465A46314620461CF0F1F818B1A369F5
S214006ED01B489847E1E73B463146204602AA1CF08D
S214006EE008F910B1A3691748F3E74246584602A9C5
S214006EF01CF0C4FA20B1A369134898470525CCE7CF
S214006F0040F6F5333744BEB29E42CED904232569F7
S214006F10ADF8043070210223207801AAA847054660
S214006F2020B1A369094898470625B6E7012384F8E7
S214006F302930B2E70225B0E70325AEE70DF60200DA
S214006F4027F6020043F602005EF602007CF6020018
S214006F505830002037B5044600B390F82830012B8F
S214006F601ED190F82950012D05D083690D48984709
S214006F70042003B030BD1423B1FBF3F1042309BA97
S214006F8001910DEB03024FF471711CF090F800288C
S214006F90EFD00548A36998472846EAE70220E8E7C5
S214006FA00320E6E7A0F6020027F6020037B50446FF
S214006FB0E8B190F82830012B1BD190F82950012D0C
S214006FC005D083690C489847042003B030BD0423DD
S214006FD009BA01910DEB03024FF458711CF067F8E3
S214006FE00028F2D00548A36998472846EDE7022016
S214006FF0EBE70320E9E700BFA0F6020027F6020051
S21400700037B5044600B390F82830012B1ED190F80F
S2140070102950012D05D083690D489847042003B0F8
S21400702030BD0523B1FBF3F149BAADF804100223D5
S2140070304FF4AC7101AA1CF03AF80028EFD00548CE
S214007040A36998472846EAE70220E8E70320E6E730
S214007050A0F6020027F6020037B5044600B390F803
S2140070602830012B1ED190F82950012D05D08369B8
S2140070700D489847042003B030BD0523B1FBF3F15B
S21400708049BAADF8041002234FF4AD7101AA1CF002
S2140070900EF80028EFD00548A36998472846EAE787
S2140070A00220E8E70320E6E7A0F6020027F6020043
S2140070B037B5044600B390F82830012B1ED190F85F
S2140070C02950012D05D083690D489847042003B048
S2140070D030BD4BF202735943042309BA01910DEBFC
S2140070E003024FF4AE711BF0E2FF0028EFD0054814
S2140070F0A36998472846EAE70220E8E70320E6E780
S214007100A0F6020027F6020037B5044600B390F852
S2140071102830012B1ED190F82950012D05D0836907
S2140071200D489847042003B030BD0523B1FBF3F1AA
S21400713049BAADF8041002234FF4ED7101AA1BF012
S214007140B6FF0028EFD00548A36998472846EAE727
S2140071500220E8E70320E6E7A0F6020027F6020092
S21400716037B5044600B390F82830012B1ED190F8AE
S2140071702950012D05D083690D489847042003B097
S21400718030BD0523B1FBF3F149BAADF80410022374
S2140071904FF4EF7101AA1BF08AFF0028EFD00548D4
S2140071A0A36998472846EAE70220E8E70320E6E7CF
S2140071B0A0F6020027F6020037B5044630B390F872
S2140071C02830012B24D190F82950012D05D0836951
S2140071D010489847042003B030BD0139C9B20329CE
S2140071E004D983690C4898470520F4E78DF8071002
S2140071F02B4640F24F110DF107021BF058FF0028F6
S214007200E9D00648A36998472846E4E70220E2E763
S2140072100320E0E7A0F60200BDF6020027F6020013
S21400722030B5044685B038B390F82830012B25D108
S21400723090F82950012D05D08369114898470420FD
S21400724005B030BDB1B90F4A1068516801AB03C331
S2140072501189927A19809A7040F682210B23204673
S21400726001AA1BF024FF0028EAD00748A369984724
S2140072702846E5E7054AE7E70220E1E70320DFE7DF
S214007280A0F6020015F7020027F6020021F702001A
S214007290F7B5044600285ED090F82830012B5CD164
S2140072A090F82930012B05D083692D489847042093
S2140072B003B0F0BD428D2B4F02F00303C2F3C100B2
S2140072C051F82330550751F8206048BF5B429006BE
S2140072D048BF7642C2F38110D20583FB07324FEADD
S2140072E0937343EA82031BBA01934FF0040351F8E9
S2140072F020500DEB03024FF47471204648BF6D42D8
S2140073001BF0D5FE20B11848A36998470120CFE7A7
S21400731086FB0763B60F46EA8306042336BA4FF4A5
S214007320757120460DEB030201961BF0C0FE002887
S214007330E9D1042385FB0757AD0F45EA87052DBA2B
S2140073404FF4767120460DEB030201951BF0AFFE5D
S2140073500028ADD0D7E70220AAE70320A8E700BFA1
S214007360A0F6020009E3CA0227F602002DE9FF4153
S2140073708846054600287BD090F82830012B79D126
S21400738090F82930012B06D083693B4898470420A3
S21400739004B0BDE8F0811C210DF103021BF077FE5E
S2140073A0034620B1AB69354898470120F0E79DF8C1
S2140073B0031011F0180FC1F3C10252D0012A54D0A5
S2140073C0022A14BF4FF080664FF000666F8D07F0FC
S2140073D0030258F82200C7F3C10258F82240790782
S2140073E048BF4042BA0648BF6442F90500FB03F1B5
S2140073F0C7F381124FEAE07706FB0711A0FB0607EA
S21400740039444FEA907040EA810004FB03F100BA69
S21400741058F8222001904FEAE47006FB0011A4FB06
S214007420064048BF524253430144A40F44EA810435
S214007430D11706FB0133A2FB06210B44920F42EA4A
S214007440830212BA24BA03920C234FF425712846FD
S21400745001AA02941BF02BFE002899D0AB690848BD
S214007460A2E74FF000561346B0E74FF08056ADE760
S21400747002208DE703208BE7A0F602002DF702001E
S21400748027F60200F0B5574B574C87B0CDE90243BC
S21400749003F5930303F62A530493A3F11013A3F5FD
S2140074A0805304460593002800F0988090F8283012
S2140074B0012B40F0958090F82950012D06D0836965
S2140074C04A4898470425284607B0F0BD08461BF0F2
S2140074D0A6FF0246C81C1BF0A2FF0646881D1BF02E
S2140074E09EFF830143EAC603134303F0030101F141
S2140074F018020DEB020111F8102C1FB28DF80020B7
S214007500C3F3C10218326A449EB2C3F3811312F861
S214007510100C18336B4411F80C1C12F80C2C8DF858
S214007520010013F8100C13F80C3C8DF802008DF8CF
S21400753004108DF805208DF806306A46032340F2C5
S214007540264120461BF0B3FD18B1A369284898478A
S214007550B9E7032340F22A41204601AA1BF0A7FD03
S2140075600028F2D1049B7907ADF800304FEA1343A8
S2140075708DF80230059B4FF48861ADF804304FEA71
S21400758013438DF8063041BF37238DF8003027238C
S2140075908DF80430BA0641BF57238DF801304723D3
S2140075A08DF80530FB0542BF77238DF80230672340
S2140075B06A4648BF8DF80630204603231BF077FD49
S2140075C00028C2D1032340F23141204601AA1BF015
S2140075D06EFD0028B9D10546668574E7022572E778
S2140075E0032570E70CC92C004CCD6C00A0F60200F9
S2140075F027F60200F0B50D46044687B0002800F0D6
S214007600CA8190F82830012B40F0C78190F8296095
S214007610012E06D08369514898470426304607B0A5
S214007620F0BD4F4B6821039303AA04231BF03FFDD4
S21400763010B1A3694B488FE0A32315F0400F03BF9A
S21400764019461A461846C8211CBFC222C02015F487
S214007650C0778DF80C300CBFA323C4238DF80E1012
S2140076608DF80F2004BF19461A468DF810304FF0DB
S214007670A3031CBFCC21C6228DF813304AF2A333D5
S2140076808DF80D008DF811108DF81220ADF814301D
S21400769040F6A7210A23204603AA1BF008FD00286F
S2140076A0C7D115F0030F0CBFD823202340F6B62110
S2140076B08DF80C302046012303AA1BF0F8FC0028A6
S2140076C0B7D16B46A8064CBF274A284A10685168AF
S2140076D0127A03C34FF497611A70204609236A464C
S2140076E01BF0E5FC0028A4D1EFB105F48073002B55
S2140076F015BFB220C0208B21802115BFB622C22222
S2140077009B2390238DF80C008DF80D108DF80E201D
S2140077108DF80F3040F6A2210423204603AA1BF062
S214007720C6FC002885D1E90740F11081F8234FF404
S2140077300B618DF80C302046012303AA1BF0B7FC22
S21400774000287FF476AF01236A461C2120461BF0F2
S2140077509EFC78B1A369064898475FE7A0F602004A
S21400776002CAE30927F60200E4F60200EEF602007B
S2140077702DF702009DF8002012F0180FC2F3C10387
S21400778000F0DA80012B00F0DC80022B15BF4FF4EE
S214007790F0634FF470634FF420624FF4A052120A65
S2140077A08DF80C2000225BBA8DF80D20ADF80E3057
S2140077B04FF4EA710223204603AA1BF078FC002847
S2140077C07FF437AF02234FF4927120460DF10E027C
S2140077D01BF06DFC00287FF42CAF02234FF4EC71F5
S2140077E0204603AA1BF063FC00287FF422AF022386
S2140077F04FF4947120460DF10E021BF058FC002841
S2140078007FF417AF02234FF4EE71204603AA1BF055
S2140078104EFC00287FF40DAF02234FF496712046ED
S2140078200DF10E021BF043FC00287FF402AF3F234D
S2140078304FF4A4718DF80C302046012303AA1BF0E8
S21400784036FC00287FF4F5AE8DF80C00012340F2DC
S2140078504F11204603AA1BF02AFC00287FF4E9AE4D
S2140078604FF4A0534FF4EF71ADF80C3020460223CE
S21400787003AA1BF01CFC00287FF4DBAE4FF4205359
S2140078804FF4ED71ADF80C302046022303AA1BF02E
S2140078900EFC00287FF4CDAE414B4FF4AE7103933F
S2140078A02046042303AA1BF002FC00287FF4C1AE86
S2140078B04FF400634FF4AD71ADF80C302046022350
S2140078C003AA1BF0F4FB00287FF4B3AE4FF400735A
S2140078D04FF4AC71ADF80C30022303AA20461BF01F
S2140078E0E6FB00287FF4A5AE15F0020F0CBFD823E8
S2140078F0D92340F23D718DF80C302046012303AAAF
S2140079001BF0D5FB00287FF494AE6A0754BF4FF0F7
S2140079108B33244B6A46009340F698210423204676
S2140079201BF0C5FB00287FF484AE2046FFF716FA4E
S214007930A0B1A3691C480FE74FF470534FF4A04260
S2140079402DE74FF4F0534FF4205228E7D8234FF496
S2140079500B618DF80C3003AA0123BFE7EB0654BF7A
S2140079604FF0A333114B6A46009340F69E21042342
S21400797020461BF09CFB00287FF45BAE2046FFF7FA
S214007980EDF90028D5D145F008052046A585FFF776
S214007990E5F9064642E6022640E603263EE600BF36
S2140079A0008EF990C0C2C4C6F8F60200202830380F
S2140079B030B50446214D0A462868696885B001AB93
S2140079C003C3A8681860002C34D094F82830012B24
S2140079D032D194F82930012B05D01948A36998476D
S2140079E0042005B030BDC82A04D91648A3699847B4
S2140079F00520F6E7C821B1FBF2F1002301398DF826
S214007A0000308DF8011002236A4640F21621204607
S214007A101BF04DFB20B10C48A36998470120E0E716
S214007A200C2340F6C121204601AA1BF040FB00288B
S214007A30D7D0F0E70220D4E70320D2E76FF70200A2
S214007A40A0F6020059F7020027F6020073B50D46AD
S214007A5016460446002835D090F82830012B33D13E
S214007A6090F82930012B05D08369184898470420E0
S214007A7002B070BD4FF4A4710DF107021BF039FB84
S214007A8020B1A369124898470120F1E70321053D7C
S214007A906D009DF80730EDB2012E01FA05F10ABF20
S214007AA00B438B43DBB28DF807304FF4A4710123F0
S214007AB020460DF107021BF0FAFA0028D8D0A36979
S214007AC00448E0E70220D3E70320D1E7A0F602004F
S214007AD043F6020027F60200F7B50F4616460446A0
S214007AE0002800F0B28090F82830012B40F0AF80DC
S214007AF090F82950012D06D08369564898470425EA
S214007B00284603B0F0BDB2F5C86F04D98369524861
S214007B1098470525F4E72B461C210DF103021BF0C0
S214007B20B6FA18B1A3694D489847E9E707EE906A98
S214007B30DFED4B6AB8EE677A9DF80320C7EE267A2B
S214007B4012F0180FC2F3C10324D19FED467A27EE38
S214007B50877ABCEEC77A17EE103A9FED437A9AB250
S214007B6067EE877AFCEEE77A17EE903A9BB252BA47
S214007B705BBA072FADF80420ADF806303ED10223DD
S214007B804FF4EA71204601AA1BF091FA50B3A3699C
S214007B903648C9E7012B0BD19FED357A27EE877A59
S214007BA0BCEEC77A17EE103A9FED327A9AB2D7E754
S214007BB0022B0BD19FED307A27EE877ABCEEC77A80
S214007BC017EE103A9FED2D7A9AB2C9E79FED2C7A00
S214007BD027EE877ABCEEC77A17EE103A9FED297A21
S214007BE09AB2BDE702234FF492710DF106022046C9
S214007BF01BF05DFA0028CAD1002581E7062F0ED1BA
S214007C0002234FF4EC71204601AA1BF050FA00281C
S214007C10BDD102234FF494710DF10602E7E7052F5C
S214007C200ED102234FF4EE71204601AA1BF03FFA54
S214007C300028ACD102234FF496710DF10602D6E768
S214007C40A3691148984706255AE7022558E70325F1
S214007C5056E700BFA0F602007CF702002DF70200F0
S214007C6000004843000080460000404627F6020019
S214007C70000000460000C04500008045000040456A
S214007C80000000450000C04494F702002DE9F04FC4
S214007C902DED0A8B89B004460191049202930028C8
S214007CA000F0A88290F82830012B40F0A58290F8CA
S214007CB02930012B09D08369C648984704273846DF
S214007CC009B0BDEC0A8BBDE8F08F3A210DF11A021F
S214007CD01BF0DDF920B1A369BF4898470127EEE7FE
S214007CE09DF81A30D80607D5A369BC4898472046A1
S214007CF0FFF734F80627E2E7A38D13F0400518BF18
S214007D00062513F4C07F03F0140103F003020CD021
S214007D10063559B972B902237221204607AA1BF00C
S214007D20B6F990B1A369AE48D7E711B11035ADB238
S214007D30F0E712B10435ADB2EDE725B9A369A9485D
S214007D4098470827BBE70625E5E7BDF81C30219ACB
S214007D505BBA9BB2B3F5806F28BF4FF4806312887E
S214007D6074216A439342A8BF13469BB2B3FBF5F354
S214007D7013FB05F6219AB6B2138004F12E03039383
S214007D8020463346039A1BF082F9074610B1A369D2
S214007D909548A2E7AE4280F02482A36993489847AC
S214007DA007278CE707EE903AB8EEE78A07EE901AB8
S214007DB0B8EEE79A07EE902A28EE0A8AF8EEE78AE7
S214007DC007EE90CA29EE0A9A68EE8A8AF8EEE79AD3
S214007DD078EE08BAB8EE00CA69EE8A9A29EE0CCA9E
S214007DE02BEEA80A0CEE290A059001F0CFFF78EEDC
S214007DF0A87A20EE2A0A67EEA80A1E9BB7EE007A3B
S214007E0003EB860383ED000A5CEE090A2BEE890A73
S214007E1070EE870A07EEA90A01F0E4FF69EE090A88
S214007E2020EE2A0A1F9B4FEA8608434483ED000A89
S214007E3048EE080A28EE290A48EEE80A09EE280A5B
S214007E4049EEE90A30EE000A01F0CCFF20EE2A0ADD
S214007E50209B0598984488ED000A4FF010084FF0D4
S214007E60060909FB06F9019B10F0400003EB090A1E
S214007E7000F0CC8004EB080305FB063393F82E10C5
S214007E8093F82F2008F1060842EA012201992046BD
S214007E9021F8092093F8301093F831205FFA88F81B
S214007EA042EA0122AAF8022093F8322093F83330EF
S214007EB01C2143EA0223AAF804300DF11B02012319
S214007EC01BF0E5F8C0B1A369494806E71D998B5039
S214007ED0CEE90133CEF80C301E9B03EB860383ED10
S214007EE000BA1F9B03EB860383ED00BA209B03EBCF
S214007EF0860383ED00BAB2E701999DF81B2031F99D
S214007F000910049806EE901ABAF9021012F0180F2B
S214007F1007EE101ABAF90410F8EEE66A07EE901AA1
S214007F204FF00C01B8EEC77AF8EEE77A01FB0601CF
S214007F30C2F3C10342D19FED2F6A66EE866A27EE32
S214007F40067A67EE867AC1ED006A81ED017AC1EDA8
S214007F50027A029B03EB090AA38D13F4C07300F0A8
S214007F602E8104EB080305FB063393F82E1093F8D6
S214007F702F2008F1060842EA01220299204621F83D
S214007F80092093F8301093F831205FFA88F842EA17
S214007F900122AAF8022093F8322093F833301B21EE
S214007FA043EA0223AAF804300DF11B0201231BF05A
S214007FB06EF800283CD0A3690F488EE6012B02D14C
S214007FC09FED0E6AB9E7022B0CBF9FED0D6A9FED81
S214007FD00D6AB2E7A0F60200ACF70200CEF7020088
S214007FE0FAF70200E7F702001CF8020033F8020076
S214007FF072F802000000803896F80200000000398F
S214008000000080390000003A00000343019B049AF8
S21400801023F809000C2303FB0623AAF80200AAF89B
S214008020040083ED00BA83ED01BA83ED02BA90E74F
S21400803002999DF81B2031F909101C9806EE901A3B
S214008040BAF9021012F0180F07EE101ABAF9041057
S214008050F8EEE66A07EE901A4FF00C01B8EEC77A13
S214008060F8EEE77A01FB0601C2F3C10340F09B80FD
S2140080705FED1B5A86EEA56AC7EE256A87EEA57ADF
S21400808081ED006AC1ED016A81ED027AA38D990740
S21400809018D005FB0686039B1E44737896F803905B
S2140080A0DA0707D5236A2BB109F007010131C9F3B6
S2140080B0C200984773781B0704D5636A13B14FEA6A
S2140080C0991098470BF1010B219B1A881FFA8BF326
S2140080D09A427FF6F4AD1D9BA08D1FFA8BF603EB3C
S2140080E0061E10F014034FEA06123FF4EFAE05FB2F
S2140080F0064C9CF82E109CF8313043EA01639CF83D
S2140081002F1043EA01439CF8301043EA01231D99DF
S2140081108B509CF833209CF83210120442EA01621D
S2140081209CF8351011439CF8342041EA0221CEF821
S21400813004109CF837809CF836204FEA084848EA36
S21400814002689CF8392048EA02029CF8388042EA25
S2140081500822CEF808209CF83B809CF83A904FEA1C
S214008160084848EA09689CF83D909CF83CC048EAF4
S214008170090949EA0C2CCEF80CC011FB31FE13FBA2
S21400818033EE12FB32EE1CFB3CEE0EF1714EBEF1EE
S214008190007F7FF607AEA369184898472046FEF78B
S2140081A0DDFD05278BE5012B02D1DFED155A61E7D2
S2140081B0022B0CBFDFED135ADFED135A5AE7029A73
S2140081C022F80930AAF80230AAF804300C231C9AC8
S2140081D003FB062383ED00BA83ED01BA83ED02BAF2
S2140081E054E7804683469FED09BA9FED09AADFED66
S2140081F009AA69E7022762E5032760E556F8020048
S21400820000008342333303423333834100000000CF
S214008210000080303333654208B578B190F82830D6
S214008220012B0DD190F82930012B04D08369054825
S2140082309847042008BD01620020FBE70220F9E70A
S2140082400320F7E7A0F6020008B578B190F82830CA
S214008250012B0DD190F82930012B04D083690548F5
S2140082609847042008BD41620020FBE70220F9E79A
S2140082700320F7E7A0F6020073B50E46044668B37F
S21400828090F82830012B2BD190F82950012D05D0DD
S214008290836914489847042002B070BD2B466A21B3
S2140082A00DF107021AF0F3FE20B1A3690E489847B5
S2140082B00120F1E79DF807202B4602F07F0242EAF4
S2140082C0C6118DF8071020466A210DF107021AF034
S2140082D0E6FE0028E0D0A3690448E8E70220DBE7D2
S2140082E00320D9E7A0F60200B9F80200DAF8020087
S2140082F02DE9F7430A9E0D4617461C468046002881
S21400830000F0BC8090F82830012B40F0BA8090F83E
S2140083102990B9F1010F08D083695B4898474FF060
S2140083200409484603B0BDE8F0834B461C210DF116
S21400833006021AF0ACFE20B1D8F818305348984719
S214008340EFE74B461B2140460DF107021AF09FFE51
S21400835018B1D8F818304E48F1E7D7ED007A9DF8F6
S21400836006109DF8073011F0180FF8EEE77AC1F303
S214008370C102C3F3C10338D1FEEEC97AC6ED007A56
S214008380D7ED017AF8EEE77AFEEEC97AC6ED017A05
S214008390D7ED027AF8EEE77AFEEEC97AC6ED027AF3
S2140083A0D5ED007AF8EEE77A002B5BD19FED397AAF
S2140083B067EE877AFDEEE77AC4ED007AD5ED017AAE
S2140083C0F8EEE77A67EE877AFDEEE77AC4ED017A93
S2140083D0D5ED027AF8EEE77A67EE877AFDEEE77A71
S2140083E04FF00009C4ED027A9BE7012A12D1FEEE97
S2140083F0E97AC6ED007AD7ED017AF8EEE77AFEEE76
S214008400E97AC6ED017AD7ED027AF8EEE77AFEEE63
S214008410E97AC3E7022A12D1FEEECA7AC6ED007ADE
S214008420D7ED017AF8EEE77AFEEECA7AC6ED017A63
S214008430D7ED027AF8EEE77AFEEECA7AAEE7FEEEFF
S214008440EA7AC6ED007AD7ED017AF8EEE77AFEEE24
S214008450EA7AC6ED017AD7ED027AF8EEE77AFEEE12
S214008460EA7A9BE7012B02D19FED0B7AA0E7022B5D
S2140084700CBF9FED0A7A9FED0A7A99E74FF0020942
S2140084804FE74FF003094CE7A0F6020072F802002F
S21400849096F8020000000343000083423333034291
S2140084A03333834137B50446002867D083691BB150
S2140084B0426822B932489847032003B030BD81682D
S2140084C009B93048F7E7C16809B92F48F3E70169E9
S2140084D009B92E48EFE7416909B92D48EBE7C169AC
S2140084E009B92C48E7E7904720B12B48A36998477D
S2140084F00120E2E70123752120460DF107021AF05C
S214008500C6FD30B1A36925489847A368984705205B
S214008510D3E79DF80730682B02D0A3692048F3E71D
S21400852080236B218DF80730204601230DF10702CA
S2140085301AF0B5FD30B1A3691A489847A368984762
S2140085400420BAE764250A206369984701236B2153
S21400855020460DF107021AF09AFD10B1A3691248E1
S214008560EBE79DF90730002B02DB01232385A4E708
S214008570013DE8D1A3690D489847E1E702209CE752
S214008580FCF8020018F9020036F9020052F902005F
S2140085906FF902008BF90200AFF90200CAF9020077
S2140085A0EAF9020003FA020026FA020048FA02007C
S2140085B037B5044608B390F82850012D1FD14F2335
S2140085C06B218DF807300DF107022B461AF067FD78
S2140085D030B1A3690B4898470425284603B030BD40
S2140085E063690A209847A368984718B1A3690648A4
S2140085F09847F2E705462085EFE70225EDE70325D5
S214008600EBE700BF03FA020060FA020073B50E46FD
S214008610044620B390F82850012D22D12B466A211B
S2140086200DF107021AF033FD28B1A3690E489847EA
S214008630012002B070BD9DF807202B4622F04002B4
S21400864042EA86118DF8071020466A210DF10702CE
S2140086501AF025FD0028ECD0A3690448E7E70220BD
S214008660E7E70320E5E700BFB9F80200DAF8020002
S21400867038B5044658B190F82850012D09D1FEF7B8
S2140086806DFB18B10448A3699847284638BD0220F8
S214008690FCE70320FAE700BF7DFA020073B50E463A
S2140086A0044620B390F82850012D22D12B466A218B
S2140086B00DF107021AF0EBFC28B1A3690E489847A3
S2140086C0012002B070BD9DF807202B4622F0200244
S2140086D042EA46118DF8071020466A210DF107027E
S2140086E01AF0DDFC0028ECD0A3690448E7E7022076
S2140086F0E7E70320E5E700BFB9F80200DAF8020072
S21400870073B50D46044618B390F82860012E21D1A3
S21400871033466B210DF107021AF0B9FC28B1A369A4
S2140087200D489847012002B070BD9DF807306B21B8
S21400873023F007031D43204633460DF107028DF84C
S21400874007501AF0ACFC0028EDD0A3690348E8E710
S2140087500220E8E70320E6E7A0FA0200CAFA0200D1
S21400876073B50D46044638B390F82860012E25D11F
S21400877033466B210DF107021AF089FC28B1A36974
S2140087800F489847012002B070BDB5FA85F19DF8F4
S2140087900720490922F0080242EAC1028DF80720A4
S2140087A033466B2120460DF107021AF078FC0028AC
S2140087B0E9D0A3690348E4E70220E4E70320E2E700
S2140087C0A0FA0200CAFA020073B50E46044620B3A9
S2140087D090F82850012D22D12B466B210DF107026F
S2140087E01AF055FC28B1A3690E489847012002B03C
S2140087F070BD9DF807202B4622F0200242EA461163
S2140088008DF8071020466B210DF107021AF047FC81
S2140088100028ECD0A3690448E7E70220E7E7032036
S214008820E5E700BFA0FA0200CAFA020073B50E46DA
S214008830044620B390F82850012D22D12B466B21F8
S2140088400DF107021AF023FC28B1A3690E489847D9
S214008850012002B070BD9DF807202B4622F0400292
S21400886042EA86118DF8071020466B210DF10702AB
S2140088701AF015FC0028ECD0A3690448E7E70220AC
S214008880E7E70320E5E700BFA0FA0200CAFA020005
S214008890F7B50F461546044638B390F82860012E03
S2140088A025D133466C210DF107021AF0F0FB28B1F2
S2140088B0A36910489847012003B0F0BD9DF8070053
S2140088C006FA07F320EA0300BD4040EA05028DF8E9
S2140088D0072033466C2120460DF107021AF0DFFB15
S2140088E00028E9D0A3690448E4E70220E4E703206F
S2140088F0E2E700BFF5FA02001FFB020073B50E4662
S214008900044620B390F82850012D22D12B466C2126
S2140089100DF107021AF0BBFB28B1A3690E48984771
S214008920012002B070BD9DF807202B4602F03F02E2
S21400893042EA86118DF8071020466C210DF10702D9
S2140089401AF0ADFB0028ECD0A3690448E7E7022044
S214008950E7E70320E5E700BFF5FA02001FFB020089
S21400896037B504468DF8071080B190F82850012DD1
S2140089700ED12B4619210DF107021AF090FB18B103
S2140089800448A3699847284603B030BD0220FBE799
S2140089900320F9E74AFB020073B50E46044620B3EF
S2140089A090F82850012D22D12B461A210DF10702EE
S2140089B01AF06DFB28B1A3690E489847012002B053
S2140089C070BD9DF807202B4622F0380242EAC60109
S2140089D08DF8071020461A210DF107021AF05FFBEA
S2140089E00028ECD0A3690448E7E70220E7E7032065
S2140089F0E5E700BF6CFB02008AFB020073B50D467C
S214008A00044618B390F82860012E21D133461A2167
S214008A100DF107021AF03BFB28B1A3690D489847F1
S214008A20012002B070BD9DF807301A2123F007031D
S214008A301D43204633460DF107028DF807501AF005
S214008A402EFB0028EDD0A3690348E8E70220E8E7FC
S214008A500320E6E76CFB02008AFB0200F7B50F4630
S214008A601546044638B390F82860012E25D13346C3
S214008A701B210DF107021AF00AFB28B1A369104862
S214008A809847012003B0F0BD9DF8070006FA07F3EB
S214008A9020EA0300BD4040EA05028DF80720334671
S214008AA01B2120460DF107021AF0F9FA0028E9D03A
S214008AB0A3690448E4E70220E4E70320E2E700BFF6
S214008AC0A9FB0200D1FB020073B50E46044620B394
S214008AD090F82850012D22D12B461B210DF10702BC
S214008AE01AF0D5FA28B1A3690E489847012002B0BB
S214008AF070BD9DF807202B4622F0180242EAC601F8
S214008B008DF8071020461B210DF107021AF0C7FA50
S214008B100028ECD0A3690448E7E70220E7E7032033
S214008B20E5E700BFA9FB0200D1FB0200F7B50F4640
S214008B301546044638B390F82860012E25D13346F2
S214008B401C210DF107021AF0A2FA28B1A3691048F9
S214008B509847012003B0F0BD9DF8070006FA07F31A
S214008B6020EA0300BD4040EA05028DF807203346A0
S214008B701C2120460DF107021AF091FA0028E9D0D0
S214008B80A3690448E4E70220E4E70320E2E700BF25
S214008B902DF70200FAFB020073B50E46044620B31A
S214008BA090F82850012D22D12B461C210DF10702EA
S214008BB01AF06DFA28B1A3690E489847012002B052
S214008BC070BD9DF807202B4622F0180242EAC60127
S214008BD08DF8071020461C210DF107021AF05FFAE7
S214008BE00028ECD0A3690448E7E70220E7E7032063
S214008BF0E5E700BF2DF70200FAFB0200F7B50F46C7
S214008C001546044638B390F82860012E25D1334621
S214008C1023210DF107021AF03AFA28B1A369104889
S214008C209847012003B0F0BD9DF8070006FA07F349
S214008C3020EA0300BD4040EA05028DF807203346CF
S214008C40232120460DF107021AF029FA0028E9D060
S214008C50A3690448E4E70220E4E70320E2E700BF54
S214008C6027FC020051FC020073B50E46044620B3F2
S214008C7090F82850012D22D12B4637210DF10702FE
S214008C801AF005FA28B1A3690E489847012002B0E9
S214008C9070BD9DF807202B4602F07F0242EAC611FF
S214008CA08DF80710204637210DF107021AF0F7F964
S214008CB00028ECD0A3690448E7E70220E7E7032092
S214008CC0E5E700BF7CFC0200A1FC020073B50E467F
S214008CD0044620B390F82850012D22D12B46372188
S214008CE00DF107021AF0D3F928B1A3690E48984788
S214008CF0012002B070BD9DF807202B4622F04002EE
S214008D0042EA86118DF80710204637210DF107023A
S214008D101AF0C5F90028ECD0A3690448E7E702205A
S214008D20E7E70320E5E700BF7CFC0200A1FC0200A9
S214008D3073B50D46044638B390F82860012E25D149
S214008D40334637210DF107021AF0A1F928B1A369BD
S214008D500F489847012002B070BDB5FA85F19DF81E
S214008D600720490922F0200242EA41128DF8072026
S214008D703346372120460DF107021AF090F90028F5
S214008D80E9D0A3690348E4E70220E4E70320E2E72A
S214008D907CFC0200A1FC020073B50E46044620B31C
S214008DA090F82850012D22D12B4637210DF10702CD
S214008DB01AF06DF928B1A3690E489847012002B051
S214008DC070BD9DF807202B4622F0100242EA0611DD
S214008DD08DF80710204637210DF107021AF05FF9CB
S214008DE00028ECD0A3690448E7E70220E7E7032061
S214008DF0E5E700BF7CFC0200A1FC020073B50E464E
S214008E00044620B390F82850012D22D12B46372156
S214008E100DF107021AF03BF928B1A3690E489847EE
S214008E20012002B070BD9DF807202B4622F00802F4
S214008E3042EAC6018DF80710204637210DF10702D9
S214008E401AF02DF90028ECD0A3690448E7E70220C1
S214008E50E7E70320E5E700BF7CFC0200A1FC020078
S214008E6073B50E46044620B390F82850012D22D143
S214008E702B4637210DF107021AF009F928B1A3692C
S214008E800E489847012002B070BD9DF807202B467B
S214008E9022F0040242EA86018DF8071020463721A8
S214008EA00DF107021AF0FBF80028ECD0A36904487D
S214008EB0E7E70220E7E70320E5E700BF7CFC0200C7
S214008EC0A1FC020073B50E46044620B390F8285065
S214008ED0012D22D12B4637210DF107021AF0D7F8C3
S214008EE028B1A3690E489847012002B070BD9DF8CE
S214008EF007202B4622F0020242EA46018DF80710B0
S214008F00204637210DF107021AF0C9F80028ECD0E8
S214008F10A3690448E7E70220E7E70320E5E700BF88
S214008F207CFC0200A1FC0200F7B50F46154604467D
S214008F3038B390F82860012E25D1334638210DF13C
S214008F4007021AF0A4F828B1A36910489847012030
S214008F5003B0F0BD9DF8070006FA07F320EA030009
S214008F60BD4040EA05028DF80720334638212046EA
S214008F700DF107021AF093F80028E9D0A369044817
S214008F80E4E70220E4E70320E2E700BFC7FC0200B4
S214008F90EFFC020037B504468DF8071080B190F854
S214008FA02850012D0ED12B461F210DF107021AF075
S214008FB076F818B10448A3699847284603B030BD30
S214008FC00220FBE70320F9E718FD020070B190F8D5
S214008FD02830012B0CD1DFED077A20EE270AFCEEB5
S214008FE0C07A17EE903A00200B7070470220704748
S214008FF0032070470000003D37B504468DF8071083
S21400900080B190F82850012D0ED12B4620210DF16D
S21400901007021AF044F818B10448A369984728468E
S21400902003B030BD0220FBE70320F9E741FD020054
S21400903073B50D46044650B390F82860012E28D12B
S21400904043690520984733461C2120460DF1070248
S2140090501AF01DF828B1A3690F489847012002B0FE
S21400906070BD9DF80730012D0CBF43F0070303F0D9
S214009070F8038DF807301C21012320460DF1070266
S2140090801AF00DF80028EAD0A3690448E5E70220A4
S214009090E5E70320E3E700BF72F8020069FD02007F
S2140090A02DE9F0412DED028B0F46904604468CB01C
S2140090B0002800F0408190F82850012D40F03D81B6
S2140090C000231AF038F840B1A3699D48984701205C
S2140090D00CB0BDEC028BBDE8F0812B46204606AAFC
S2140090E003A91AF028F80028EED104230D21204603
S2140090F002AA19F0CCFF054600286DD19DF808306D
S2140091009DF80B20DB10C2F3011103F01C030B4388
S2140091108DF804309DF80930C2F38101DB1003F0AE
S2140091201C030B438DF805309DF80A3002F003024D
S214009130DB100DF1240C03F01C03134361462A4692
S21400914066469FED807A4FF0000E8DF8063001A837
S21400915010F8013B002B4DD1C1F800E00132D2B22D
S214009160032A01F10401F3D100239FED778A9FEDD6
S214009170776ADFED775A4FF0010EB7EE005ADFED53
S214009180754A06AAFCEC016AB0EEE67A52F8041BB1
S21400919058F82300B4EEC67A401A0028B8BF4042FA
S2140091A007EE900AF1EE10FAF8EEE77A67EE887AA4
S2140091B023DD87EEA67A77EE457AF0EEE77AF4EED0
S2140091C0E47AF1EE10FA03DD012199402943CDB28D
S2140091D00133032BD6D1FDB1A3695F4876E767EE6E
S2140091E0877A013B13F0FF03C1ED007AF7D100F850
S2140091F0013CB3E7DFED597AF3E7F4EEE57AF1EEFA
S21400920010FA06D49FED567AF4EEC77AF1EE10FA0D
S214009210DEDD0EFA03F1D9E732460D21204619F0BD
S21400922036FF00284BD19DF82620314602F01F025B
S2140092308DF8262003AA9646B2EE046A4FF0010C7B
S214009240DFED485ABDF8243023F4604323F0E003F2
S214009250ADF824305EF8043B57F82520D31A002BCF
S214009260B8BF5B4207EE903AF8EEE77A11F8013B9A
S21400927067EE887A33B3F3EE096A9FED3B7A01E036
S21400928066EE876A013B13F0FF03F9D187EEA67AF4
S214009290F7EE007A77EE677A9FED2E7AF0EEE77AB1
S2140092A0F4EEC77AF1EE10FA01F8013C03DD012373
S2140092B0AB400343D8B20135032DCBD178B1A369B7
S2140092C02A4803E7F4EEC67AF1EE10FA04D4F4EE78
S2140092D0E57AF1EE10FAEEDD0CFA05F3E9E7802305
S2140092E032468DF824306B210123204619F0D7FE34
S2140092F010B1A3691E48E9E6642063699847012314
S21400930032466B21204619F0C2FE10B1A3691948F7
S214009310DCE69DF82430324623F040038DF82430F6
S2140093206B210123204619F0BAFE00283FF4D0AE88
S214009330A3691148CAE60220CAE60320C8E600BFB1
S2140093408EFD02001D5A843F00008037BD378635EB
S2140093509A99993E295C0F3EAEFD02007B14AE3E04
S2140093603333733F0000D24254E3853FD0FD020002
S21400937003FA0200A0FA0200CAFA02002DE9F04140
S214009380074688461E469C4B92B01868596803AC40
S21400939003C41B7A00212370984C154620464FF4D0
S2140093A086621AF095F8964B39466360954B2046D0
S2140093B0A360954BE360954B2361954B6361954B9A
S2140093C0C4E906381AF048F830B1934819F059FE47
S2140093D0012012B0BDE8F0812046FFF763F807468B
S2140093E008B18E48F2E7642019F048FE3946204658
S2140093F0FFF71CFA30B18A4819F043FE2046FFF703
S214009400D7F8E5E7204609AA06A9FFF749FE08B1FE
S2140094108448F1E701212046FFF772F908B1824837
S214009420EAE713212046FFF79BFA014608B17F487A
S214009430E2E72046FFF7B0FB08B17D48DCE70321F2
S2140094402046FFF741FB08B17A48D5E703212046BE
S214009450FFF7D4FA08B17848CEE701212046FFF797
S2140094607FF920B1754819F00CFE6448C7E7002163
S2140094706248FFF7A9F9014608B17148F3E75F486B
S214009480FFF73CFA024608B16E48ECE705215B4858
S214009490FFF7FEF9024608B16B48E4E70421574897
S2140094A0FFF7F6F902460028F6D103215348FFF7E6
S2140094B0EFF902460028EFD102215048FFF7E8F9FD
S2140094C002460028E8D101214C48FFF7E1F90246A0
S2140094D00028E1D101464948FFF7DAF9024600289C
S2140094E0DAD107214548FFF7B9FA024608B15748CE
S2140094F0B9E706214148FFF7B1FA0028F7D1002264
S21400950005213E48FFF7AAFA02460028EFD10721B8
S2140095103A48FFF70BFB024608B14D48A3E7062181
S2140095203648FFF703FB02460028F6D105213348EC
S214009530FFF7FCFA02460028EFD107212F48FFF775
S2140095405DFB024608B143488DE706212B48FFF72E
S21400955055FB02460028F6D105212848FFF74EFBAA
S21400956002460028EFD104212448FFF747FB0246B5
S2140095700028E8D103212148FFF740FB0028E2D16C
S21400958001211E48FFF742F808B133486BE7012176
S2140095901A48FFF769FB014608B1304863E71748E9
S2140095A0FFF794FB08B12E485DE7002D6BD09FEDCA
S2140095B02D0A12480DF10B01FFF708FD08B12A48E5
S2140095C051E79DF80B100D48FFF7E4FC08B127485B
S2140095D049E7C82109480DF10B0219F043FF08B10D
S2140095E0234840E79DF80B100448FFF705FD0028C8
S2140095F042D0204837E700BF0B0603009417002030
S214009600D96C0000F32F0200F72F02002D30020065
S2140096107D30020083300200F1FD020010FE0200E1
S21400962027FE020043FE02005FFE020082FE0200EA
S214009630ACFE0200D6FE0200FCFE020022FF020084
S2140096404BFF02006FFF020097FF0200BAFF020006
S214009650DFFF0200080003002A00030045000300A5
S2140096606B0003000000484394000300CB00030097
S214009670F20003002801030001218C48FFF7D8FC04
S21400968008B18B48EFE6012206218848FFF74CFC1C
S21400969008B18848E7E6012204218448FFF744FC25
S2140096A002460028F5D101218048FFF73DFC02461E
S2140096B00028EED103217D48FFF736FC024600283D
S2140096C0E7D101467948FFF72FFC0028E1D10121B8
S2140096D07648FFF72DFB08B17748C4E601217348AA
S2140096E0FFF75AFB014608B17448BCE66F48FFF71F
S2140096F053F9014608B17248B5E66C48FFF7B0FB6F
S21400970008B17048AFE601216848FFF777FB08B15B
S2140097106D48A8E600216548FEF7C0FF014608B17F
S2140097206A48A0E66148FFF7CDFB08B168489AE6AC
S2140097305E48FDF7A1FB08B1664894E601220721C2
S2140097405A48FEF783F908B163488CE601220621E1
S2140097505648FEF77BF90028F6D10122052153482A
S214009760FEF774F90028EFD132215048FEF720F9B1
S214009770014608B1594876E64C48FDF751FD08B158
S214009780574870E6494803A9FDF77CFE08B15548DE
S21400979069E640F27B114548FDF72CFF08B15248B8
S2140097A061E629464148FEF737FD08B14F485AE6BC
S2140097B031463E48FEF748FD08B14D4853E6C821FD
S2140097C03A48FDF7C7FB014608B14A484BE637481A
S2140097D0FDF7ECFB08B1484845E60A213348FDF79B
S2140097E00FFC08B145483EE628213048FDF734FC1A
S2140097F008B1434837E6C8212C48FDF759FC08B1A4
S214009800404830E6C8212948FDF77EFC08B13E48AE
S21400981029E664212548FDF7A3FC08B13B4822E66B
S21400982001212248FDF7C8FC08B139481BE6FA2298
S21400983007211E48FEF750F908B1364813E6FA220B
S21400984006211A48FEF748F90028F6D1FA22052123
S2140098501648FEF741F90028EFD10FAC13480094E4
S2140098600CAB09AA06A9FEF743FD08B12A48FAE59B
S21400987021460E48FDF77AFD08B12848F3E50B4867
S2140098800CA9FDF705FD08B12548ECE501210748C0
S214009890FEF7F2FC08B12348E5E50448FEF7E8FECB
S2140098A000283FF496AD2048DDE500BF9417002061
S2140098B04E0103007701030097010300BD0103007A
S2140098C0E80103000A020300300203005C02030002
S2140098D07D0203009E020300C2020300E5020300AD
S2140098E00903030032030300580303007A0303004E
S2140098F0A1030300CB030300F903030028040300BD
S2140099005704030083040300B1040300DA040300D1
S214009910FD040300250503004A0503007E05030039
S214009920A3050300C7050300E805030010B586B0CD
S2140099300C9C05940B9C04940A9C0394099C02942A
S214009940089CCDE9003413460A4601460348FEF754
S2140099509DF9003818BF012006B010BD94170020EE
S2140099607BB972B90029BEBF00204FF0004106E067
S21400997008BF00281CBF6FF000414FF0FF3000F01A
S214009980CDB9ADF1080C6DE904CE002909DB002B3A
S2140099901ADB00F04DF8DDF804E0DDE9022304B040
S2140099A07047404261EB4101002B1BDB00F040F8A2
S2140099B0DDF804E0DDE9022304B0404261EB41013A
S2140099C0524263EB43037047524263EB430300F09B
S2140099D02FF8DDF804E0DDE9022304B0404261EB35
S2140099E041017047524263EB430300F021F8DDF873
S2140099F004E0DDE9022304B0524263EB4303704700
S214009A0053B94AB9002908BF00281CBF4FF0FF31E0
S214009A104FF0FF3000F082B9ADF1080C6DE904CECE
S214009A2000F006F8DDF804E0DDE9022304B0704734
S214009A302DE9F04F099D0C46002B4DD18A420F466A
S214009A4084469646B2FA82F360D94BB102FA03FE18
S214009A50C3F120029F4000FA03FC20FA02F21743EB
S214009A604FEA1E461FFA8EF44FEA1C42B7FBF6F189
S214009A7006FB117701FB04F042EA0742904208D940
S214009A801EEB020201F1FF3702D2904200F2318152
S214009A903946121A1FFA8CFCB2FBF6F006FB1022AF
S214009AA000FB04F44CEA024C644508D91EEB0C0C8F
S214009AB000F1FF3202D2644500F21E81104640EAF1
S214009AC00140ACEB040C002125B12CFA03F3002274
S214009AD0C5E90032BDE8F08F8B4205D90DB1C5E966
S214009AE0000100210846F5E7B3FA83F100294DD1BD
S214009AF0A342C0F0F380904280F0F08006462346F2
S214009B000846002DE6D0C5E90063E3E7002B40F0E9
S214009B10A3808A1A4FEA1E471FFA8EF60121B2FB6F
S214009B20F7F407FB14204FEA1C4242EA004206FB09
S214009B3004F090420FD91EEB020204F1FF382CBF4E
S214009B404FF001094FF00009904203D9B9F1000F18
S214009B5000F0CC804446121A1FFA8CFCB2FBF7F0D9
S214009B6007FB102200FB06F64CEA024C664508D9B5
S214009B701EEB0C0C00F1FF3202D2664500F2B380F9
S214009B801046ACEB060C40EA04409DE7C1F1200607
S214009B908B4004FA01FE22FA06F720FA06FCF4408F
S214009BA08A401F434EEA0C0300FA01FE4FEA1748AC
S214009BB04FEA13491FFA87FCB4FBF8F008FB104481
S214009BC049EA044400FB0CF9A1450ED93C1900F102
S214009BD0FF3A2CBF4FF0010B4FF0000BA14503D905
S214009BE0BBF1000F00F08B805046A4EB09041FFA6F
S214009BF083F9B4FBF8F308FB134403FB0CFC49EAB7
S214009C000444A44506D93C1903F1FF3801D2A44503
S214009C107BD8434643EA0040A4EB0C04A0FB029822
S214009C204445CC46434602D306D1CE4504D201383D
S214009C30B9EB020C68EB0703002D6CD0BEEB0C02F0
S214009C4064EB030422FA01F304FA06F6CC40002182
S214009C501E43C5E900643DE702FA03FEC3F1200196
S214009C6004FA03F200FA03FCCC404FEA1E4720FA3F
S214009C7001F11FFA8EF6B4FBF7F00A4307FB104417
S214009C80110C41EA044100FB06F48C420ED91EEB8F
S214009C90010100F1FF382CBF4FF001094FF0000919
S214009CA08C4202D9B9F1000F2CD04046091B92B263
S214009CB0B1FBF7F407FB141142EA014204FB06F17C
S214009CC0914207D91EEB020204F1FF3801D29142FD
S214009CD01ED84446521A44EA004120E7861A64EB2E
S214009CE0030301200DE7F44402384AE7023C7244BD
S214009CF031E702397244CCE6F4440238DFE6023833
S214009D003C4472E702387144D0E7023B3C4481E7AA
S214009D10023C7244DEE72946DCE600BF704700BF1F
S214009D2008B5064B044613B10021AFF30080044B80
S214009D301B6803B19847204616F0F8FB00000000A9
S214009D40FC1C002070B50D4D00260D4C641BA410A5
S214009D50A64209D10B4D00260B4C25F041F8641B9A
S214009D60A410A64205D170BD55F8043B01369847AD
S214009D70EEE755F8043B01369847F2E7583C0020DA
S214009D80583C0020583C00205C3C002008B52DEDD7
S214009D90028BB0EE408A00F035F8F0EE408AB4EE62
S214009DA0488AF1EE10FA0AD6B0EE480A00F01CF81F
S214009DB0F7EE007AB4EEE70AF1EE10FA04DCB0EE45
S214009DC0680ABDEC028B08BD15F0F0FE21220346A2
S214009DD00348BDEC028B1A60BDE8084000F00CB8E2
S214009DE01406030000F00CB910EE103A23F00043FE
S214009DF000EE103A704700BF9FED010A704700BFA3
S214009E000000C07F38B510EE105AF0EE407A25F00C
S214009E100044B4F17E5F2DED048B00F0828079D88B
S214009E20B4F17C5F0ED2B4F1485F80F094809FED71
S214009E30647AF7EE006A30EE077AB4EEE67AF1EE70
S214009E4010FA64DCB0EE670ADFED5E8AFFF7CCFF3F
S214009E50F7EE007AF6EE006A9FED5B3A9FED5B4AFE
S214009E6037EEC08ADFED5A3ADFED5A4A9FED5A5A6E
S214009E7028EE268ADFED595A9FED596ADFED596ABA
S214009E80A8EE034A9FED587AE8EE234AB0EE480A59
S214009E90A4EE085AE4EE885AA5EE086AE5EE886A4B
S214009EA0A6EE087AE6EE887AE7EE088AB0EE679ABB
S214009EB000F028FA4D4B9C4268EE888A3CD810EE9B
S214009EC0103ADFED4B7AB0EE006A9FED4A7A23F443
S214009ED07F6370EE004AF0EE675A23F00F0388EEB9
S214009EE0895A06EE903AA6EEE68A30EE260AE6EEA6
S214009EF0C65AC8EE006AA6EEC67A94EE857A37EEA3
S214009F00657A37EEC70A002D01DCB1EE400ABDECDB
S214009F10048B38BD70EE407ABDEC048B87EEA70A42
S214009F2038BD9FED340A9FED347A27EE800ABDECEB
S214009F30048BA7EE870A38BD88EE896A9FED2F7AD4
S214009F40DFED2D7AF0EE006AA0EE060AA0EE267A85
S214009F5037EEC70AD7E720EE007A9FED1B6ADFEDE3
S214009F601B2ADFED1D3AE7EE062ADFED196A9FEDA4
S214009F70193AB7EE006ADFED1A4AA7EE263A9FEDC9
S214009F80174ADFED195A9FED175AE2EE873ADFEDD2
S214009F900D6ABDEC048BA3EE074AE3EE874AA4EEF7
S214009FA0075AE4EE875AA5EE076AE5EE876A26EEBC
S214009FB0877AC7EE066AE0EE267AB0EE670A38BD04
S214009FC0CAF24971ABAA2A3E08EF1138047F4F3A0D
S214009FD02EC69D3D613330BF461124BD2D5701402E
S214009FE0A80A4E3E39D119C090B0A6BE9999793FBD
S214009FF0DB0F493F2EBD3BB3DB0FC93F2EBD3B33C6
S21400A00010EE903A30B523F0004583B0B5F1FF4F1F
S21400A0108DED010A01982CDC20F00041B1F1FF4FD4
S21400A02027DCB3F17E5F38D09C1704F0020444EAC4
S21400A030D07451B9022C2DD0DFED3E7A032C9DED65
S21400A040017A07FE870A03B030BDD5B1B5F1FF4FE0
S21400A05028D0B1F1FF4F14D0491BB1F1F45F4FEA9D
S21400A060E1502CDA002B43DA3C3041DA9FED320A1D
S21400A07027E007EE903A9DED017A37EE870A03B0A7
S21400A08030BDDFED2E7A00289FED2D0A20FE270A30
S21400A09003B030BD9FED2B0AD5E703B0BDE83040D6
S21400A0A000F05AB8B1F1FF4F04F1FF3418D0022C7B
S21400A0B039D8254B03EB840393ED000AC3E79FEDE5
S21400A0C0200A012C28D0022C1DD0002CBBD09FEDDE
S21400A0D01F7ADFED1C7A30EE070A30EE670AB2E729
S21400A0E0022C23D81A4B03EB840393ED000AAAE74D
S21400A0F0DDED017A07EE103A87EE870AFFF774FE69
S21400A10000F02AF8DDE79FED117ADFED0E7A30EEEB
S21400A110070A37EEC00A96E710EE103A03F100433E
S21400A12000EE103A8FE79FED040A8CE79FED090AD0
S21400A13089E700BFDB0F49C000000000DB0FC9BF86
S21400A140DB0FC93FDB0F4940180603002EBDBB33AB
S21400A15024060300DB0F493F38B510EE105AF0EE28
S21400A160407A25F00044B4F1A14F0AD3B4F1FF4F72
S21400A17058D8DFED517A002D9FED507A37FE270A2A
S21400A18038BD4F4B9C425CD8B4F1445F4DD34FF082
S21400A190FF3327EEA76ADFED4B1A9FED4B2A5A1CBA
S21400A1A0DFED4A5A26EE067A9FED493ADFED492A58
S21400A1B09FED494AA7EE212ADFED483AE7EE252A29
S21400A1C09FED475ADFED474ADFED476ADFED475A16
S21400A1D0A2EE073AE2EE873AA3EE074AE3EE874A94
S21400A1E0A4EE075AE4EE875AE5EE076A65EE875A4C
S21400A1F066EE866A3AD03E4976EEA56A3D4A002D5E
S21400A20001EB830102EB830391ED007A93ED006A84
S21400A21096EEA77A77EE677A36EE670AB0DAB1EE90
S21400A220400A38BD30EE000A38BD9FED337AF7EEAF
S21400A230006A30EE077AB4EEE67AF1EE10FAA6DDA2
S21400A24038BDFFF7D1FD2D4B9C4216D8A3F5D003A1
S21400A2509C4227D8F0EE007A0023BFEE007AA0EEEC
S21400A260277A30EE270AC7EE007A92E776EEA56ADE
S21400A270E6EEE77AB0EE670A38BD214B9C420BD873
S21400A280F7EE087A0223B7EE007AA0EE277A30EED1
S21400A290670AC0EE077A7CE7BFEE007A0323C7EEB4
S21400A2A0007A76E7F7EE007A012330EE677A30EE32
S21400A2B0270AC7EE007A6CE7DB0FC9BFDB0FC93F82
S21400A2C0FFFFDF3ED769853C59DA4B3D21A215BD1D
S21400A2D0356B883D6BF16EBD6E2EBA3D95879DBD84
S21400A2E02549123E388EE3BDABAAAA3ECDCC4CBE65
S21400A2F03006030040060300CAF24971FFFF973F8D
S21400A300FFFF1B40B1EEC00A704700BF30B583792F
S21400A31085B001901844C0680D4600F0380015F06E
S21400A32067FD044628B901A819F0BDFA022005B059
S21400A33030BD2946019819F0C0FA45220A490DF1A8
S21400A3400F0019F0F5F9019904F10C0019F080FBE3
S21400A350472205490DF10F0019F0EBF9204622F0CF
S21400A360E9FA0020E3E700BF5006030037B50446CD
S21400A370094DD92229460DF1070019F0D9F9E068F0
S21400A38019F0C9FA0446DB220DF10700294619F038
S21400A390D0F9204603B030BD5006030037B504465A
S21400A3A00B4D4FF4257229460DF1070019F0C0F940
S21400A3B004F10C0019F095FA044640F296220DF1CD
S21400A3C00700294619F0B5F9204603B030BD00BF96
S21400A3D050060300054B10B553F8204004B910BDD5
S21400A3E02046636898472468F8E700BF181D0020D9
S21400A3F00020134B10B51870124B134CC3E9000025
S21400A400124B206018706060A06000F03BFA80B2CB
S21400A410A0F10E036380A0F11403013060810C49A3
S21400A420201DE38016F0A9FE20460A4916F0A5FE78
S21400A43004F108000849BDE8104016F09EBE00BFB3
S21400A4405B2A0020181D0020EE2900205A2A002032
S21400A4509C060300A5060300AF06030070B504467D
S21400A46058B324F0E5FA637905466FF38203637107
S21400A470237913F0100605D010232371BDE8704031
S21400A48024F0D1BA0D4903F0030331F823203046F7
S21400A490013A21F823202146094C00F0E3F92378FD
S21400A4A01BB13046FFF796FF2670064B5B6813B16C
S21400A4B00120FFF78FFF2846E0E770BDEE29002059
S21400A4C05B2A0020181D002038B50446057A24F0C3
S21400A4D0AFFA054B53F82520226043F82540BDE827
S21400A4E0384024F0A0BA00BF181D002010B5064B57
S21400A4F000F0E0001A78541C1C70044B03F832007D
S21400A50003EBC203596010BD5A2A0020001D00202C
S21400A5100022F8B50E4C0F492378934214D951F80F
S21400A5203260551C86424FEAC2070ED15E1E0A48AC
S21400A530B21AD20007F1080101449D4288BF0022EA
S21400A540384418F0ABFF2670F8BD2A46E5E700BF92
S21400A5505A2A0020041D0020001D00202DE9F04F7F
S21400A560044689B00492420748BF00F0F7040291FF
S21400A57024F05EFA5E4D04F0030605EB860335F81C
S21400A58026205B8880469A4204F0EF094FEA860749
S21400A59033D2002000F048F9834650B335F8263011
S21400A5A04046013325F8263024F03DFA584619F087
S21400A5B008FB029B029A8BF80630049B8BF80490EB
S21400A5C013448BF807304B4B5B6843B124F030FAEA
S21400A5D004460120FFF7FEFE204624F024FA05EB91
S21400A5E086004522594616F0CDFD584609B0BDE80E
S21400A5F0F08F01224046404B1A7024F014FA2307CD
S21400A6001BD51F2C19D94FF0000A04F0E003039362
S21400A61024F00EFAEB195B8835F82670DFF8E08038
S21400A6209F422CBF0027012724F0FDF905EB860387
S21400A6300593324B1B789A4509D384F004004946AB
S21400A640C0F3800000F07AF84FF0000BC7E798F8E8
S21400A6500030039A1A4205D0D8F804300193019BC3
S21400A6601B6823B90AF1010A08F10808E1E7079315
S21400A6705A79D00707D51A79510704D547B989EA18
S21400A6800202920704D001931B68002BF0D1E6E784
S21400A690019819F026F90779079007A819F003F929
S21400A6A03946002000F04AF824F0C2F9059B35F838
S21400A6B026205B8883469A4234BF0127002709D2AA
S21400A6C0002000F0B1F8079068B135F82630013365
S21400A6D025F82630584624F0A6F9DDF81CB0BBF164
S21400A6E0000FBCD062E70122034B1A70F2E700BFEE
S21400A6F0EE290020181D00205B2A00205A2A002080
S21400A700001D00200022014B1A607047201D00200B
S21400A71010B5044624F08CF9074A13682BB9146068
S21400A7202360BDE8104024F07EB9A34202D01A464A
S21400A7301B68F3E710BD00BF201D002070B505465E
S21400A7400E46054B1C6804B970BD63683146284642
S21400A75098472468F7E700BF201D00202DE9F04742
S21400A7604FF6FC78002416461B4F03311B4B07EBB5
S21400A770001501EA08084FEA001A1B686A8081463D
S21400A78027F80A8002FB08F0EC60984718FB06F3EF
S21400A7909BB2024668602B81D8B11149284651F811
S21400A7A0291016F0ECFC21462A89686818F090FEFD
S21400A7B0214623469E4204DC002057447E80BDE8A6
S21400A7C0F0876A68E868541850500133EC604144DA
S21400A7D0F0E71A20F3E700BF001E0020241D00202B
S21400A7E06807030038B5094C04EB00156B682BB1FD
S21400A7F0284616F0C6FC686819F034FB2846BDE803
S21400A80038401022002118F063BE00BF001E002052
S21400A810034B0201C3E900100021024818F058BE9D
S21400A820241D0020001E002038B5094B020103EB52
S21400A8300015EC68284621469A5A16F0A3FC24B167
S21400A8402368EB606B88013B6B80204638BD00BFF9
S21400A850001E0020024B03EB00139878704700BFE1
S21400A860001E002030B4064C04EB0013DD685A8846
S21400A8700D600132184630BCD9605A8016F083BC91
S21400A880001E0020044A010102EB0013505A10B1CA
S21400A8901B89B3FBF0F07047001E002001490846F4
S21400A8A016F06BBC9C070300012838BF012038B5A2
S21400A8B0C41C24F00304204616F081FD054601461C
S21400A8C02246084816F05EFC2DB921460220FFF706
S21400A8D035FF284638BD22460021284618F0F8FDE8
S21400A8E0F7E700BF9C07030038B504460D4600F0A6
S21400A8F0C3FC044805F080F8A5733120BDE8384055
S21400A90005F0E0B8693E0200F0B5467B057B731C97
S21400A910B6EB951F044689B0437305D3002109B0F2
S21400A920BDE8F040FFF7E0BF00271C4805F064F8DC
S21400A93076001B491B4B3541CDE9041305F0030592
S21400A940E37A253504A88DF81830CDF81A70ADF8DE
S21400A9501E708DF8195000F07BFD2368CDE9027754
S21400A9600193A37A8DF809302389C3F3402252005D
S21400A9708DF80A20627B012A01D8DA0705D523F074
S21400A9800103238101238DF8083001A819F09BFCF0
S21400A99020691CF0FEFA09B0F0BD00BFD5A9000082
S21400A9A0D6BE898E5555550008B50346222B084657
S21400A9B006D0562B0BD1BDE808400121FFF794BF07
S21400A9C000F05AFCBDE80840014805F015B808BD7F
S21400A9D0693E0200512808B50B4605D0552814D00C
S21400A9E0BDE80840FFF7E0BF0A89920508D50120B8
S21400A9F0897A00F05DFABDE80840074804F0FCBF1D
S21400AA000846BDE80840FFF77FBF1846BDE8084087
S21400AA100121FFF769BF00BF1DAA00002DE9F04F16
S21400AA2053280C4685B006D0552879D005B0BDE829
S21400AA30F04FFFF7B9BF00F0BDFA83688046DD0728
S21400AA406CD543210DF10F0204F06CFF43780646E7
S21400AA50252B63D8057805F00F05032D01D0052DAD
S21400AA605CD120691CF090FA22890146C2F34002AC
S21400AA7030461CF0A6FA002850D1B34627891BF8AA
S21400AA8002AB19F011FA07F4C07980F00103B9F1AE
S21400AA900002CAF3801A594618BF01225046DBB29C
S21400AAA01CF09EFB014668B3032D18D12189304661
S21400AAB0C1F380011CF09CFA03283CD005282DD158
S21400AAC000254046A57300F0B3FA40461CF08FF907
S21400AAD02946204605B0BDE8F04FFFF705BF052D17
S21400AAE01CD1218904F118030193C1F3801300934C
S21400AAF0C1F30012C1F340033046C1F3C0011CF09D
S21400AB0080FAD9E719F0D6F940B9B9F1000FCBD0E1
S21400AB10FF43032DBFB209D13906C7D400F0ACFB02
S21400AB20204605B0BDE8F04FFFF7EEBE052DF5D187
S21400AB30FA05F3D5D5E70B4804F05EFFA17A0020AE
S21400AB4000F0A0F960691CF024FA23899B0605D55D
S21400AB50404605B0BDE8F04F1CF049B905B0BDE869
S21400AB60F08F00BF773E02000120014904F032BF9B
S21400AB70693E020021281FB50C4634D11C4804F05B
S21400AB803BFF04F1100000F063FC94F825001CF075
S21400AB90DEF894F82030626813F0010394F822106F
S21400ABA012D00023CDE90233A3686846134401930C
S21400ABB0012300928DF80A308DF80B108DF80C30BA
S21400ABC000F098F904B010BDCDE9013302236846C1
S21400ABD000928DF805108DF8063019F074FB2046AB
S21400ABE019F08AF9EEE704B0BDE8104019F067B92D
S21400ABF02F4002000320014904F0ECBE75AB0000B4
S21400AC00074B586940F20D1338B9002BC1BF4522D7
S21400AC104433B3FBF2F0C0B270470068453BF3E73D
S21400AC20280B00202DE9F0414FF0000882B0CDF847
S21400AC300480F8B10546154F01AC09E023601B6897
S21400AC407B612368C3F800802668002D344611DD3A
S21400AC507B69453D002BF1D1012018F0BEFF06466A
S21400AC6020600028F1D101A818F01DFE304602B081
S21400AC70BDE8F081102000F089FD019E3046737912
S21400AC8043F00103737102B0BDE8F081280B002089
S21400AC9037B5174D0446EB6993F87D2012B90020AE
S21400ACA003B030BD01281AD002280CBF02220122B0
S21400ACB08DF8042001228DF805209A6F286922F06D
S21400ACC044029A6701A921F06BFF0028E8D1012C05
S21400ACD007D1EA69936F43F040039367DFE70422E6
S21400ACE0E6E7022CDBD1EA69936F43F00403F4E74E
S21400ACF0280B002037B5184D0446EA6992F87D30D7
S21400AD0013B9002003B030BD01281CD002280CBFA8
S21400AD10022301238DF8043001238DF80530936F4C
S21400AD20286923F4805323F00203936701A921F0D6
S21400AD304DFF0028E6D1012C07D1EA69936F43F056
S21400AD4002039367DDE70423E4E7022CD9D1EA691E
S21400AD50936F43F48053F4E7280B00200422F0B5E9
S21400AD601D4E0546F36985B083F87C20407919F0BE
S21400AD7098FA2C79074694B1A879FFF789FF04461C
S21400AD8038BB01466A79012019F081FA3B46224613
S21400AD907179306905B0BDE8F04021F098BE2B68A7
S21400ADA068790394029319F07CFA00902246717930
S21400ADB0306902AB21F08DFE044650B9A879FFF742
S21400ADC067FF044628B9024601216B79286819F006
S21400ADD05FFA204605B0F0BD280B0020014B18692D
S21400ADE021F0E9BF280B0020014B186921F0E7BFCE
S21400ADF0280B00200C4B10B55A690023591C82B949
S21400AE004522DBB25343418B028B0A440A329342FB
S21400AE102CBF0124002402D2102000F0B7FC2046EC
S21400AE2010BD0B461268E9E7280B002008B505F0B0
S21400AE30E1F8024B1030D86108BD00BF280B002097
S21400AE4038B50446094DFFF7F1FFEB692A689A67A3
S21400AE5054B1A08804F042FD04F05CFD0122EB69C9
S21400AE60002083F87C2038BD0120F5E7280B002061
S21400AE70034BDA69936F43F480339367704700BFE0
S21400AE80280B0020042238B5084B0D46DB6983F8F2
S21400AE907C20FFF7FDFE044608B100F083FC2A463E
S21400AEA00021012019F0F3F9204638BD280B0020B8
S21400AEB0022238B5094B0D46DB6983F87C20FFF784
S21400AEC019FF044608B100F06DFC2A460021012057
S21400AED019F0DDF905F03AF9204638BD280B0020B8
S21400AEE0034A136823F40043136000F0F1BD00BF6B
S21400AEF0280B00207FB52E4D0446EE69102296F8EA
S21400AF007C300021022B14BF02230823684686F8F3
S21400AF107C3018F0DDFA237A03B301238DF8043071
S21400AF2063680293A37A53B196F87D0004F0C0FCE0
S21400AF30029B02881344029301238DF80D30637A36
S21400AF40207B8DF80E30FFF7D5FE50B1EA69936F7F
S21400AF5023F48033936700F025FC20E023680093F9
S21400AF60DEE7E07A19F09DF96A46034669792869B2
S21400AF7021F0B1FD0028E9D1EB69227AB3F87A1006
S21400AF80E37A01F0010162B11A46012019F07FF957
S21400AF9005F0DCF8EA69936F23F48033936704B016
S21400AFA070BD0A462068012119F072F9F0E700BF6B
S21400AFB0280B00202DE9F0431C4A87B0D56995F888
S21400AFC06C3003EBC3004FEA800855F8087005EBB9
S21400AFD080061FB1304607B0BDE8F08311791069CE
S21400AFE0717301AA0321B760B77321F04DFEDDE946
S21400AFF0031245F80800304608F11003E9501D44D6
S21400B0006A60BDF80630BDF80820B7839B1A328305
S21400B0109DF804207383072A08BFB368376204BF0D
S21400B02043F00103B36007B0BDE8F083280B0020AF
S21400B03083689B0700D5704730B5154D87B004462A
S21400B04001686A46286921F021FE50B9238B628B7D
S21400B0506946134403332869ADF8043021F018FE1E
S21400B06008B107B030BD009B9DF90E00636000F08C
S21400B07027FD2073EB699DF8111093F87D0004F00E
S21400B0800BFCA368A07343F00203A36007B030BDB7
S21400B090280B00202DE9F04F4FF6FF741F46A14203
S21400B0A0038B458B08BF818B1D4418BF8183A94243
S21400B0B0064683B059DA4FF6FF708242A5EB0105CB
S21400B0C002D09542A8BF15468B42ADB20BD84FF0C2
S21400B0D00008A8452AD345462846B38B2B44B3839D
S21400B0E003B0BDE8F08FA3EB0108A845A8BFA846AB
S21400B0F032691FFA88F802EB010BB8F1000F62D034
S21400B100002F5ED0B946C2465246452A594628BF49
S21400B1104522484618F0A3FB83B2AAEB0304A4B268
S21400B12083443CBB318B0B46A845D4D2C91A7369FD
S21400B130A5EB080913FA81F41FFA89F9002FCAD083
S21400B1404A46452A214628BF4522384618F087FB3E
S21400B1501FFA80F8A9EB08039BB20444002BBBD06F
S21400B1603A68CAB117469946EAE70025284603B06A
S21400B170BDE8F08FD9F8002012B19146A246C3E789
S21400B18099F80400019318F028FD019BC9F8000007
S21400B19060B18146A246B7E73879019318F01DFDE5
S21400B1A0386040B1019B07469946C9E7A3EB0A03FE
S21400B1B043449DB290E7A8EB0908A8441FFA88F517
S21400B1C08AE73D4688E719460B46ADE7F8B5124FC5
S21400B1D0FC6994F86D6006EBC60104EB810119F07A
S21400B1E07BF8054623F024FC242202FB06440026B6
S21400B1F0F969266291F86D305A438E500322013366
S21400B200B3FBF2F202EB42029B1A81F86D3023F098
S21400B2100AFC2846F8BD00BF280B0020044BD9695D
S21400B22091F86C3003EBC30301EB830119F054B8BB
S21400B230280B002010B5094CE369986F10F40070D5
S21400B2400AD0206921F03CFD30B90121206921F0A7
S21400B25035FD80F00100C0B210BD00BF280B0020F5
S21400B260044BDA69926F920503D50021186921F024
S21400B27025BD7047280B002010B5154CE36993F8E0
S21400B2807C30012B08D000221146104618F0FFFF34
S21400B2900122E36983F87C2000220321206921F043
S21400B2A011FC00220121206921F0F4FCFFF7D8FFF1
S21400B2B0002018F0FAFF18F0FAFF002018F0F8FF48
S21400B2C0E269936F23F4847343F4C043936710BD1D
S21400B2D0280B002010B523F0ABFB0446FFF7CCFF8D
S21400B2E0074B5620DA69B2F874300133A2F874308E
S21400B2F004F034FC2046BDE8104023F094BB00BFA9
S21400B300280B0020F8B51C4DEA69936F1C0704D57E
S21400B31023F008039367FFF7DDFFEB699B6FD80602
S21400B3200FD523F085FB0646FFF76AFC0446134F4D
S21400B33024B1012018F051FC0146B0B9304623F084
S21400B34072FBEA69936F990615D523F0200393677D
S21400B35004F062FE78B123F06BFB0446FFF7BAFFF9
S21400B3602046BDE8F84023F05EBB3846013C18F0A6
S21400B37079FBE4B2DCE7F8BD280B00203C0B00208C
S21400B38008B5FFF779FF00F0A3FB034A136823F420
S21400B3900043136008BD00BF280B0020014B18694E
S21400B3A021F09EBC280B0020002210B5094C104648
S21400B3B0114618F06CFF20690DF038FE18F074FF87
S21400B3C004F1140018F06FFAE269936F23F010038B
S21400B3D0936710BD280B0020014B186921F0EDBCC7
S21400B3E0280B0020024B1868C0F38020704700BF6F
S21400B3F0280B002038B5154C0546E36993F87D30D8
S21400B40083420ED0431E042B08D8DFE803F0030B5C
S21400B4100F14160020690EF0F1F910B9E36983F8ED
S21400B4207D5038BD206918F045FFF6E700212069F9
S21400B43018F042FFF1E70221F9E7FFF7D3FF0028F3
S21400B440ECD0206918F03AFFE7E700BF280B002091
S21400B4507FB50446114E407A0025307118F0F8FE8C
S21400B4607071207AFFF7C6FF636869460093236809
S21400B47030690193637A8DF80A50ADF80830ADF85C
S21400B4800C5021F0EEFC2A462946284604F042FEDF
S21400B490206818F00BFF04B070BD00BF280B00201A
S21400B4A038B50B4C05462368206923F48063236077
S21400B4B021F087FC38B10DB9002038BD236843F46D
S21400B4C080632360F8E7002DF6D00C20F5E700BF78
S21400B4D0280B0020F0B53E4C0746216889B011F0D5
S21400B4E001016BD12022204617F0F2FF394821F0E7
S21400B4F0FDFA064610B1102009B0F0BD364D374BA8
S21400B50001A82B6004F07AFD029B2846AB82019BC3
S21400B5102B62334B1B886B82324B1B68EB61324BC2
S21400B5201B882B82314B1B68AB6118F0B9FE204696
S21400B5304FF0FF333246294640F8103F0DF01AFD13
S21400B5400028D8D1BB68DB023AD4012000F0CCFA40
S21400B5500028D0D102224FF0FF31206921F065FB90
S21400B5600028C8D10120FFF79BFF206921F04EFC80
S21400B5700028C0D13C2394220393CDE901329623C0
S21400B5805022059001A92069CDE9062304930DF009
S21400B590F5FD0028AFD1012120690DF051FD0028EE
S21400B5A0A9D1134A1349206918F073FE00F028FA4F
S21400B5B00028A0D1236843F00103236000209BE706
S21400B5C00D4920690DF014FD0028BED093E700BF9A
S21400B5D0280B0020690345EC2C1D0020CDB7000089
S21400B5E0100C0300140C0300120C0300180C0300CC
S21400B5F04D4202007B420200A607030070B50546D6
S21400B6000E4614460AB104F0C9FD044823463246E5
S21400B6102946BDE87040006921F034BB280B0020A5
S21400B6202DE9F04105460E46FFF7C4FC2F68044698
S21400B630C7B9638B008B18440A30FFF7F3FA03464A
S21400B6402860C0B182790C321344A2681A71618BEB
S21400B650228BDF710A441A81084A0A2112799A71EC
S21400B66018F0F1F820462B68B2B24FF6FF71BDE82D
S21400B670F041FFF70FBDBDE8F08100BF280B0020AA
S21400B68070B505460D4BDC6994F86C6006EBC60099
S21400B69004EB8000FFF7CCFCAA790C32AB181979C2
S21400B6A041F002011971242101FB06446168A9508A
S21400B6B0227B5A71A27BDA7170BD00BF280B002076
S21400B6C038B502F03FF9C8B1847DC4B92A4DEB699C
S21400B6D093F87C20022A10D1B3F870205320013250
S21400B6E0A3F8702004F03AFA012018F0E1FD2421B6
S21400B6F0EA6992F86C304B43D45038BDFF2420469C
S21400B70004F070F9002832D01B4CE36993F87C20D3
S21400B710022AF2D1B3F8702053200132A3F8702029
S21400B72004F01CFA012018F0C3FD23681D0407D599
S21400B730E36993F87C30012B02D0522004F00EFA15
S21400B7402422E16991F86C305A4388188068C0F367
S21400B7508004400741BF03220133B3FBF2F202EB41
S21400B760420246BF9B1A81F86C308C50C5E73220E7
S21400B770BDE8384004F0F2B9280B0020024BDB6924
S21400B78093F87D00704700BF280B0020044BDA6951
S21400B790936F034393674FF000600DF009B900BF45
S21400B7A0280B002038B5054623F039F90446064B29
S21400B7B00820DB6983F87E50FFF7E8FF2046BDE8E7
S21400B7C0384023F027B900BF280B0020F8B51546EF
S21400B7D01C4606461946104618F065FD2A462346BE
S21400B7E0304618F0BFFD414FD7E9022300EA0204B5
S21400B7F001EA030554EA050339D0A4F108032B43F4
S21400B80027D0A4F58043083B2B4331D0A4F10C038A
S21400B8102B431BD0231F2B4346D0354B23402BB145
S21400B82024F0011323F4A0432B434DD004F17F43AF
S21400B8302B433CD0610129D5FB69996FCA0525D5F4
S21400B84021F4807193F87C20996707E0002018F0B7
S21400B8502FFDFFF735FFFB6993F87C20082A04BF0D
S21400B860022283F87C202046294618F013FDF8BDF6
S21400B870FFF726FFFB6993F87C20022AEED140F6FC
S21400B8800201986F814318BF012229E023F0C7F810
S21400B89064220646FB69082083F87E20FFF776FFC1
S21400B8A0304623F0B7F8D6E718F003FDD3E7FA6979
S21400B8B05120B2F86E300133A2F86E3004F04EF923
S21400B8C0012018F0F5FCC6E7FB6993F87C20012AF6
S21400B8D0C9D040F60202996F8A4314BF01220222A1
S21400B8E0552083F87C2004F039F9B4E7280B0020B3
S21400B8F00150010030B50C460021054685B00948C8
S21400B9000091006903AB0DF10E02F8F7A1FC15B12A
S21400B910BDF80E302B8014B1BDF80C30238005B076
S21400B92030BD00BF280B002013B504460DF10601FC
S21400B9300020FFF7DFFFBDF90600074BC828A8BFA9
S21400B940C820A042A8BF2046B3F902209042B8BF44
S21400B9501046188002B010BDFA29002070B586B0D7
S21400B960ADF80C20ADF80E304FF0C8124FF0821331
S21400B970ADF80800ADF80A1000200DF10601CDE97B
S21400B9800423FFF7B7FF02A804220346BDF90660AA
S21400B99004ACB0F9001034F9025BB142A8BF3146DE
S21400B9A0A942A8BF2946013A12F0FF0220F8021B5E
S21400B9B0EFD103CB024A5060916006B070BD00BF65
S21400B9C0FA29002013B5044600210DF10600FFF702
S21400B9D091FFBDF90600084A084B9042B8BF1046D2
S21400B9E0A042B8BF2046B3F900209042A8BF104638
S21400B9F0588002B010BD00BFD4FEFFFFFA29002019
S21400BA0010B500240C4B0021186915F035FF0B49C2
S21400BA10881C0C604C608C60FFF76CFFC820FFF73A
S21400BA2083FF0748FFF7CEFF642318461A461946D9
S21400BA30FFF794FF204610BD280B0020FA290020AF
S21400BA40D4FEFFFF084B10B5B3F9004030B903EB46
S21400BA504103B3F902309C42A8BF1C46A242A8BFCD
S21400BA602246104610BD00BFFA2900200346044AAD
S21400BA70B2F902001BB1034B1B8BC01A00B2704711
S21400BA80FA290020280B0020C82806DC034B1A8B56
S21400BA90801A01B218690DF0C7BC7047280B002049
S21400BAA08BB200294FF00A01B4BF053B05331BB229
S21400BAB093FBF1F3014A108353837047280B002051
S21400BAC0024B5B8BC01A40B2704700BF280B0020A9
S21400BAD00022044BDB691A605A629A64A3F86C2051
S21400BAE0704700BF280B002007B50A490A4AD1E96B
S21400BAF00203024343F02003C1E90223CDE90023F9
S21400BB004FF0FF324FF0FF33086921F061F803B0C1
S21400BB105DF804FB280B00200DD5015570B50546D1
S21400BB200C4CB0F85260237E216906F5FA7606FBC7
S21400BB301311A06800F0E6FB217E6B68002006FB70
S21400BB4001316A7D1BF0D3FAA068BDE8704004F0AE
S21400BB5091BB00BFD01E002038B50446104B0D46E2
S21400BB601B68627DD87AA9B19B781044984200DCA5
S21400BB70C3B22046A16A637518F01FFC20B10021ED
S21400BB8094F8850018F09CFF29462046BDE838400A
S21400BB901AF019BBDB78121A9A42A8BFD3B2E8E7AC
S21400BBA0401F002070B5002490260C4D2B79A34230
S21400BBB000DC70BD2B6806FB043393F85920FF2A7F
S21400BBC003D0986C18B118F05EFC0134EEE7586CA0
S21400BBD00028FAD01BF069FBF7E700BFD01E002054
S21400BBE02DE9F74F164688469946054602F0F6F8C0
S21400BBF00446284601F086FF00F02AFD01903046F4
S21400BC0098F8007017F0C2FEDFF844B10021BBF9C7
S21400BC101430C61A384600F057FB7B0748BF07307B
S21400BC2026EAE6763318FF2BC4BF47F01007C0F1AC
S21400BC30FC0617F0100A0CD018F008FB2523B0FB02
S21400BC40F3F101FB13010020C9B200F049FC85F8AE
S21400BC508500B9F1000F01D095F8509000234A46B0
S21400BC603946204618F01EFD2946204618F094FE58
S21400BC702946204618F040FD2046019918F065FD3B
S21400BC802946204618F0BCFDBAF1000F45D02046E4
S21400BC9095F8851095F8842000F0ECFA29462046A1
S21400BCA018F0BEFD40BBB5F98810204618F0BBFD65
S21400BCB02046019918F08BFD2946204618F0B0FD65
S21400BCC020B1A86C10B1214618F0D7FB31462046AB
S21400BCD018F0BDFDBAF1000F08D0FF2195F88400DA
S21400BCE018F029FE0146204600F00CFB304688F886
S21400BCF0007003B0BDE8F08F6B68DBF81010E279D7
S21400BD001944A379A86CD21A0C3353FA82F222444F
S21400BD1098B9686C04F0A4FC11E0204695F87510FC
S21400BD2095F8742000F0A6FA2946204618F078FD0B
S21400BD300028E1D1B5F97810B7E718F09CFBC1B23E
S21400BD40204617F080FDBAF1000FACD1F2E700BF35
S21400BD50D01E00202DE9F34704468DF8071016463E
S21400BD60002190F88520984690F88430B0F9540069
S21400BD7018F0A7FE04F17C050146284618F0F5FAEF
S21400BD8028461BF09DF900221146104604F0C2F921
S21400BD909DF807506B0709D5204601F0B3FE00F06A
S21400BDA057FC00210246042004F0B4F902F016F80D
S21400BDB025F010058146324620469DF828300DF1C4
S21400BDC007018DF80750FFF70BFFDFF858A007466E
S21400BDD0AAF81600B8F1000F17D19DF8075015F015
S21400BDE0100015D10C4B6168A361DAF81030627D43
S21400BDF019441BF07CF93B4631464846BAF91420F4
S21400BE0004F056FA02B0BDE8F0870220034BEAE7DA
S21400BE104046034BE7E700BFB3450200D3450200A8
S21400BE200DC00000D01E002073B5044690F86110C7
S21400BE3018F0FCFAB4F8502094F86130910703F03B
S21400BE40EF0505D1960601D4C10701D503F0EE052E
S21400BE50606C50BBA06C002832D1204645F0080626
S21400BE6001F050FE00F0F4FB48B1C3799B0606D5FE
S21400BE70636C23B9838845F00C0601338380002267
S21400BE800121124B20469A82B4F85030A26A13F071
S21400BE90020F18BF002213F0030318BF0B460091D1
S21400BEA03146FFF757FF02B070BD1BF06AFA002854
S21400BEB0D0D0B4F850309A07CFD145F02005CCE763
S21400BEC018F079FA0028F4D1C7E700BFD01E00208A
S21400BED038B51D4904460B7E4A7E0133DBB2B3EB10
S21400BEE0921F0B7603D3032300200B7638BD5B002E
S21400BEF01A4102F00302253280F87520B4F850503B
S21400BF0090F8743015F01001B0F9540016D118F0FE
S21400BF10D8FD04F16C050146284618F026FA284696
S21400BF201BF0CEF800221146104604F0F3F894F801
S21400BF307500002118F0C4FD0120D7E70246194617
S21400BF400020FFF77FFDE4E7D01E002010B5037D3C
S21400BF50044623F0080303750C4B8361FFF7B8FF14
S21400BF6020B12046BDE81040FFF7D8BD2046A16AA4
S21400BF7018F023FA20B12046BDE81040FFF754BF62
S21400BF802046BDE810400121FFF7E6BDC54502008A
S21400BF9037B504461AF0E5F828B12046A16A18F02D
S21400BFA02EFA84F86100174D94F8580019F04BFEED
S21400BFB0B4F852306A7E03F5FA739209534320466A
S21400BFC003F596732B61FFF783FF0F4B94F8611010
S21400BFD0A361237D204643F00103237518F026FA5B
S21400BFE001238DF80700002220460DF10701FFF718
S21400BFF0F7FD00222046AB681A6003B0BDE830406B
S21400C000FFF78CBDD01E0020C5450200512837B56D
S21400C0100C4620D1124DFF21AB8AEA8A94F88400A0
S21400C0201344AB8218F087FC2B6994F86110034424
S21400C0302B61B4F85030D4E90A0213F0020F4FF027
S21400C040000308BF02460093204601F04801FFF7B0
S21400C05081FE03B030BD03B0BDE8304018F07FBAB3
S21400C060D01E002000232DE9F04387B004464FF091
S21400C070FF3105A80593FFF7D3FA059D002D00F0C4
S21400C0809A80AB790C331D442B79D90740F1908008
S21400C090EB7A252B00F28C80724FB4F85020B968EA
S21400C0A005F10A088B7982F010020C334046C2F381
S21400C0B0001219441AF085FF002879D1266A95F8EF
S21400C0C00A9017F0F1FE06F0600680F00103321EBB
S21400C0D0C9F3801905F10C0118BF01224846DBB2EE
S21400C0E01BF07EF80146002854D0AB7A03F00F030D
S21400C0F0032B38D1B4F850104046C1F340011AF073
S21400C10077FF03285ED0052852D1059E617DB3795E
S21400C11000200C331E44FEF7B5FE534BB868A361EF
S21400C120B17A06F10C038679256A0644367BC5F398
S21400C130400CC5F3C00215F4005518BF04F15B05AA
S21400C140C6F38016CDE901C5C1F38011009618F03C
S21400C15040FC0023B868036004F08CF80598A063E0
S21400C160FFF78EFA75E0052B22D104F16202B4F8CF
S21400C17050100192226A81F01003C2F380020092EE
S21400C1804046C1F38002C3F3001301F001011AF028
S21400C19038FFB6E717F08EFE50B9AB7A03F00F0300
S21400C1A0002EA5D0032B86F0600606D1B206A1D4D9
S21400C1B005A817F078FB01204CE0052BF8D1B6094E
S21400C1C0F6D0D2E701F00AFE09230546617D00207D
S21400C1D08DF81330FEF756FE0123E26A0DF11301C7
S21400C1E02046FFF7FDFCAA7903461544AA7BE16AC0
S21400C1F06FF38712AA730022F882B868BA8204F036
S21400C20057F89DF81330194A13F0100F184B18BF43
S21400C21013460598A361FFF733FA059A93790C3312
S21400C220D0180189C079D5581AF0B2FF6368C3F1F7
S21400C23096032B4403443B61236ADB060DD5059920
S21400C24004F1400017F004FC4FF40031204619F0CA
S21400C250B3FF002007B0BDE8F08305A817F023FB66
S21400C260F7E700BFD01E0020AF4302000DC000005D
S21400C270B34502007FB50E4610210546144618F059
S21400C28004FAE0B10F4B18681B7902908DF80C3059
S21400C2900023ADF8043066F305038DF80430631808
S21400C2A00DEB03044FF0000314F8082C284662F345
S21400C2B0471301A903228DF8063017F0D0FA04B010
S21400C2C070BD00BFB107030003460D4A82B0106878
S21400C2D0009090889279ADF804008DF8062013B986
S21400C2E0481C02B070476A460220D90748BF11783A
S21400C2F002F1010248BF40185B08F6D1F1E700BF23
S21400C300A907030038B583790C460C33C518C35CFF
S21400C31003F00F03072B25D1AB789A0622D0E878D6
S21400C320C3061FD5012100F00F00FFF7CDFF0E4B0F
S21400C33002359C4295BF1E234FF4967300210121BF
S21400C34094BFB4FBF3F4B4FBF3F42B5C2A1861F34C
S21400C350C7132B549378547023F01F03C4F304249C
S21400C3602343937038BD00BFC3BF030070B5BDF84C
S21400C37010505B0805820025438005704570D1F893
S21400C38001309DF8186043604B799DF81C1003F04F
S21400C3901F0343EA41130372134653F8041B059C1C
S21400C3A0C0F809109288A0F80D209B78C373D6B900
S21400C3B0164B9C4216D8164B9C4203D9EBB243F060
S21400C3C020034370437813F0200F14BF4FF4967287
S21400C3D01E22B4FBF2F423F01F030470C4F30424FB
S21400C3E02343437070BD0B4B9C42FBD8084B9C42CA
S21400C3F0E8D94378B4F5161F43F020034370E1D321
S21400C400DBB2A4F5161443F04003DAE7D47E250029
S21400C410C3BF0300D4FE4A004840704700EB00103C
S21400C420084480B2704700BF90FAA0F000BA80B20D
S21400C430704700BF044BD3F8012002605B7903F01D
S21400C4401F030371704700BF5C2A0020234B2DE9B1
S21400C450F041002914BF0C461C4600250646174628
S21400C46013688AB0C4F801301379257063715FFAD7
S21400C47085F84146384618F017FB38B1237803F1A3
S21400C48028026A44013302F8288C23700135252DD2
S21400C490EDD194F800803EB142466946A01D17F0E3
S21400C4A01FF80AB0BDE8F081B8F1000FF9D00534E6
S21400C4B0F5B22946384618F0F7FA40B9B5FBF8F356
S21400C4C008FB13550AAB53FA85F515F8285C0136B8
S21400C4D0252E04F8015FEBD1E3E700BF5C2A0020BD
S21400C4E0034B002818BF03460B449879704700BFDB
S21400C4F05C2A0020F8B50D4682EA124296B2314612
S21400C50003462846FFF788FFFFF78EFFFFF786FFF4
S21400C510FFF78AFFFFF782FFFFF786FFFFF77EFF32
S21400C5200546FFF779FF164C002B14BF1F4627461B
S21400C5300446144B781CA3FB0423E21A03EB5203B5
S21400C5405B0903EBC30203EB8203E41AE4B2214661
S21400C55018F0AAFA40B93B786E40B6B206FB03F371
S21400C56007EB1347B879F8BD7B1D2A3701E09F42D9
S21400C57004D013F8010F8442F9D1F4E72046F8BD41
S21400C5805C2A00204D91CFBA084A08B5D36B9907AC
S21400C5900AD443F00203D36300F052FD18F0E8FE1D
S21400C5A000F0F2F803F076FD002008BD501D0020D4
S21400C5B038B5094D0446E86818B117F053FC002357
S21400C5C0EB602CB11420604317F047FCE86008B11C
S21400C5D0002038BD1920FCE7501D002038B5094D55
S21400C5E00446286918B117F03DFC00232B6124B1DE
S21400C5F0E00017F032FC286108B1002038BD192091
S21400C600FCE700BF501D0020044A0346D06818B15E
S21400C61003EB830300EB8300704700BF501D002030
S21400C620044A0346D06820B103EB830300EB830083
S21400C6300C307047501D0020044A0346506918B15C
S21400C64003EB430300EB8300704700BF501D002040
S21400C650034A0346106908B100EBC300704700BFE9
S21400C660501D002038B522F0E3F90023094CA56BD5
S21400C670A36322F0D8F9EA0701D500F0EFFBAB0779
S21400C68007D594F84210B4F84000BDE8384018F0DA
S21400C69071BF38BD501D00202DE9F74FDDF834B0CE
S21400C6A00F469BF8066081460C365E4406F10A018A
S21400C6B09A4618F0A3FA90460546C0B1B7B1BB7AC1
S21400C6C0DB0613D5012003F099FD98B1B9F1020FEE
S21400C6D00CD12C4B9A6BA3F8408042F0020283F8F0
S21400C6E042009A634FF400000CF062F9012003B098
S21400C6F0BDE8F08F234CB9F1040F84F858903ED172
S21400C70084F84A80DAF800305846C4F84B30BAF855
S21400C71004300CA9A4F84F3018F0D8F82B7884F819
S21400C7205630B37984F8523003F09CFD84F85400F8
S21400C73003F08AFDBDF83030E065A4F84830F379A0
S21400C74002AA84F857307379676484F85530BB7A48
S21400C750C3F303038DF8043001238DF8053002235C
S21400C7608DF8063094F8563002EB931313F8043C19
S21400C77084F85330A36B43F00103A363B2E7A4F835
S21400C7804A80CBE7501D00200022014B1A607047FC
S21400C790B01D0020294B2DE9F0411C6805460E46C9
S21400C7A00346AA27013BDBB2FF2B21D12CBB02207C
S21400C7B017F013FA0446B8B30146204817F048F9B4
S21400C7C0E91C2046C9B217F03EF82A46AA23A079EB
S21400C7D00C302044013AD2B2FF2A2AD1037001233A
S21400C7E0857043702A463146033016F079FE1BE00A
S21400C7F0F25C7F00FFB25740D4E7A3790C3304EB1A
S21400C8000308E35CBB4212D198F80230AB420ED16B
S21400C8102A46314608F1030016F030FE38B998F87B
S21400C8200130013388F801302046BDE8F0812468E5
S21400C830BCE7B15C5B00DBB24B40CBE7B01D002031
S21400C84098B182790C3202445378013BDBB25370C4
S21400C8505BB9064A13681BB1984203D1036813609C
S21400C860FDF7FCBD1A461B68F5E77047B01D0020B3
S21400C870064A08B59268824207D0427922F003023F
S21400C88042F0030242710CF0EDF808BDB41D002022
S21400C89010B5064C204617F006F8201D17F003F8D2
S21400C8A004F10800BDE8104016F0FDBFB41D0020DE
S21400C8B010B5022017F091F9034C6060022017F0C3
S21400C8C08CF9A06010BD00BFB41D002008B5FFF7AE
S21400C8D0DFFF0022024BDA60BDE80840FFF7E8BF42
S21400C8E0B41D0020014B5868704700BFB41D0020DF
S21400C8F0014B9868704700BFB41D002038B5104D36
S21400C900EB681BB1EB6898470023EB602B688BB194
S21400C9100B4816F0E6FF044660B12B681BB14FF0DB
S21400C92000400CF045F8204618F0EAF918B1204609
S21400C93018F0E8F938BD20461BF0CCF8FAE700BF3F
S21400C940B41D002010B5084CE0604FF000400CF01D
S21400C9502FF800BF00BF00BF00BFE3681BB1E3684D
S21400C96098470023E36010BDB41D002038B58379D6
S21400C970044603445B7B13F0300F437923F0030334
S21400C98008BF43F00103437122F052F805462146E2
S21400C990054817F05DF84FF000400CF009F82846FF
S21400C9A0BDE8384022F03FB8B41D00202DE9F04124
S21400C9B0244E00217468FE20A57901F0EBF90746A5
S21400C9C005F0E8F950B141F20C00C2B20023B0689D
S21400C9D042F20501BDE8F04118F0AAB905F01AFACE
S21400C9E00028F0D10C352C44237AE51C9B09022B39
S21400C9F0E9D0012B18D9237AA11C03F03F02073493
S21400CA0043F0C00311F8010F8C4242EA000203EA29
S21400CA100003F7D1002AD6D0FF2BD4D057B928462A
S21400CA201AF018FA0020D0E729461AF026FA00284D
S21400CA30E1D0C8E72946384619F0BDFA0028EED0FE
S21400CA40C3E700BFB41D002010B5084C60688379AA
S21400CA5018440F301AF0E2F90023A0681A46BDE821
S21400CA6010404FF6284118F063B900BFB41D0020EF
S21400CA70242816D80F2805D802280CD8B0FA80F03B
S21400CA8040097047084B103880B2C34003F00103DA
S21400CA9083F0010070470538012894BF002001206C
S21400CAA070470120704700BF2D2011002DE9F04F80
S21400CAB095B0FFF717FF42F23603867905460C3627
S21400CAC030F80680841998450ED1FFF70BFF022137
S21400CAD016F0B9FE7F22A3780233A370AA5500236E
S21400CAE020222377627063770121E07801F052F903
S21400CAF000230646002800F0CF80CDE91233E288F6
S21400CB00237AADF848208DF84A30B4F80920E37A45
S21400CB10ADF84C208DF84E30A288E37802F01C0168
S21400CB20FE2B4FF6FF7308BF4FF480431C2926D018
S21400CB30DDE91201884203D81F2801D999421ED97F
S21400CB40002541F21106FFF7D3FE01234146F2B25B
S21400CB50ACB218F0EDF8002DCCBF0534053C24B27D
S21400CB60002E40F09D800A2394FBF3F4E4B2FFF716
S21400CB70BFFEC3791844C47215B0BDE8F08FD20664
S21400CB80E57D677E1AD5012D14D1237B013B062B4C
S21400CB90D6D8E07817F041FD18B1A088FFF768FFF7
S21400CBA040B1404A237F12782AB3042B02D8637F11
S21400CBB0042B25D9002541F21206C4E705F0FD0333
S21400CBC0012BBDD17B1EDBB2022BB9D8237B013BE8
S21400CBD0062BB5D803F01EF9032D08BF0425054023
S21400CBE0EDB2002DACD0032F08BF04273840C0B2EA
S21400CBF00028CED1A4E7002BA2D1637F002B9FD1C3
S21400CC00A388DB0646D417F061FF012194F91620AD
S21400CC10084002EB82025200FEF714FF637BB4F872
S21400CC2004C00F93A37B677E109304F10F03119348
S21400CC30637FE188B4F8092094F80CE094F8159026
S21400CC4094F818B01FFA80FA0546E07D0C93237F0F
S21400CC5003280B93E37E08BF0420032F08BF042796
S21400CC60003B18BF01230A93A37ECDE9060BCDE94E
S21400CC700873119B30460293109BCDF80CE001938D
S21400CC800F9BCDE9049A00935FFA8CF318F0DDFF52
S21400CC90064658E70020B8E7054641F2070652E781
S21400CCA0002464E7872A00202DE9F341804601200E
S21400CCB00F46164616F091FF0190C8B34279EE2152
S21400CCC042F001024271132218F045F801981B4CFD
S21400CCD0837994F84A200C330344DA70D4F84B2056
S21400CCE039465A60B4F84F201A8194F857209A7241
S21400CCF094F85220DA72002294F955509A7394F8F8
S21400CD00562005EB8505C2F381126D00DA739D810E
S21400CD1094F8532083F811801A74B4F848201E75CE
S21400CD205A82324618F0EEFA30B901A816F0BBFD6A
S21400CD30002002B0BDE8F0810198FAE7501D0020FF
S21400CD402DE9F341804601200F46164616F045FFB2
S21400CD50019088B34279152142F0010242710D22FA
S21400CD6018F008F80198174C8379B4F84A200C3369
S21400CD700344A3F8032094F8522039465A7100223F
S21400CD8094F955501A7294F8562005EB8505C2F3AF
S21400CD9081126D005A72DD8094F8532083F80B8060
S21400CDA09A72B4F848209E739A81324618F0AAFA0E
S21400CDB030B901A816F077FD002002B0BDE8F0817A
S21400CDC00198FAE7501D00202DE9F3418046012026
S21400CDD00F46164616F001FF0190B0B342791621B1
S21400CDE042F0010242710E2217F0C4FF01981A4C5D
S21400CDF08379B4F84A200C330344A3F8032094F84C
S21400CE00572039465A7194F852209A71002294F9A4
S21400CE1055505A7294F8562005EB8505C2F38112D8
S21400CE206D009A72A3F8075094F8532083F80C808C
S21400CE30DA72B4F84820DE73A3F80D20324618F0F4
S21400CE4061FA30B901A816F02EFD002002B0BDE848
S21400CE50F0810198FAE700BF501D00202DE9F0434D
S21400CE60384D85B095F85830013BDBB2032B4BD8D4
S21400CE70354A402052F82370002395F854600393F7
S21400CE80D5F85C8002F038FF95F856308146DB0016
S21400CE9008B34246314603F0F80003F047FFDFF8D8
S21400CEA0AC9095F85630CDE90068DB006421484622
S21400CEB095F8532003F0F80303F0F6FE044630B36B
S21400CEC002464946FE20B847014698B303A82644C2
S21400CED016F0BEFDE5E7CDE90068642195F853201D
S21400CEE01A4803F0F80303F077FD0446484603F0BB
S21400CEF085F9164922460020B847014668B103A8BE
S21400CF0016F0A6FD039BBBB905B0BDE8F083064648
S21400CF10002003F073F9FF2EEBD103A816F0C3FC34
S21400CF2095F85830022BEFD10721B5F84A0018F0D3
S21400CF3021FBE9E7FF26EBE703A816F0D2FCFFF794
S21400CF4097FCDFE7501D0020B8070300882A002062
S21400CF50F8B507460D4616461C4623B9012016F0BE
S21400CF603CFE0446C8B106220C21204617F002FFFC
S21400CF70691EC9B2032988BF0022A37998BF074A51
S21400CF8003F10C0398BF525C234420469F80DE705A
S21400CF90DA719A71FFF76CFC0120F8BDC807030030
S21400CFA0F8B5FFF79FFC83791844B0F80F60B0B26D
S21400CFB001F05AFB0446C0B119F05DFC0138C0B25E
S21400CFC0032814D800270B4B1C5CFFF791FC054682
S21400CFD004233A4642F2300117F0AAFEAB790C332E
S21400CFE0E818C68004724472F8BD0227EDE70024F4
S21400CFF02746EAE7C8070300002273B50E46114627
S21400D000044617F052FE054638B14FF4005120464C
S21400D01019F0ABF9284602B070BD314620461AF02A
S21400D02038FE0321204619F0D6F921460346034A66
S21400D030012000951AF07BFEECE700BF9356020035
S21400D04010B5084C0849204600221AF0BFFF2046BB
S21400D05003F0C6FFBDE810404FF4C020002102F0E8
S21400D06051BE00BF501D0020DF5602002DE9F843D8
S21400D070054601F00DFBC0B2FFF7C6FA044660B1E4
S21400D080837A99060BD500222846114617F00DFE26
S21400D09028B1A37A6FF34513A372BDE8F883A37A89
S21400D0A09A06FAD528461AF0E1FE4028F5D0002167
S21400D0B0284619F090F9A38807461B1A1BB2002BC6
S21400D0C0EBDC21F0B5FC8046284694F8089019F071
S21400D0D046F983041ED4022016F07FFD0646C8B12A
S21400D0E04FF40051284619F03CF91A2130461AF040
S21400D0F0D2FD304603F0ECFF314680F801900C4A32
S21400D10028461AF0F8FE28B9E18841B9A37A61F3F7
S21400D1104513A3724046BDE8F84321F084BCA388BB
S21400D1200B449BB2DA1B12B2002AF9DDA380F1E7AA
S21400D130F9CF00002DE9F0411D46134307460C4683
S21400D1401646BDF8188006D12046BDE8F0411A46BE
S21400D150194618F064BB414620461AF0C2FD78B165
S21400D1602146384619F0ECF840238674C5742146EB
S21400D170069338464346BDE8F041024A1AF0D7BD4A
S21400D180BDE8F081FD580200F7B50E46054619F0D9
S21400D1906FFBB3790C3333445F789B781F4003787A
S21400D1A0C3F3030000EA1310384018F001FB0446EE
S21400D1B068B9284618F005FB384018F0F9FA044616
S21400D1C028B9284619F057FB02F05CFB04462846AF
S21400D1D0002119F0C9F9172130461AF05CFD3046D7
S21400D1E003F076FF31464470847028461AF051FDED
S21400D1F00321284619F0EFF84022034600922946FC
S21400D2000020024A1AF093FD03B0F0BDB1580200A8
S21400D210034B5B68C01A034B80105843C0B270477C
S21400D220C41D00208BAFF88A38B58368044613B156
S21400D230083003F025FE002504F17000A56116F005
S21400D24032FB606F256218F058FC074B656758681C
S21400D250064B201A80105843C0B2FFF7EDF9294656
S21400D26017F000FD38BD00BFC41D00208BAFF88A44
S21400D2702DE9F04700274FF08C08844C8AB094F8CC
S21400D28022309F4210DA42F22003656808FB0755F9
S21400D2902A6A93432CD1022016F09FFC064698B9C2
S21400D2A04FF080700BF084FB794FE668002E5BD160
S21400D2B04FF08C0844F2200994F822309E4263DB3B
S21400D2C000200AB0BDE8F08700222B6A696F23F4BD
S21400D2D0205343F4801322602B6259B1014628463E
S21400D2E000F022F92B6F1BB9022016F076FC286797
S21400D2F00137C4E795F83CE06268CDE90411CDE952
S21400D3000211DFF8949195F82EC0AA1A9210CDF863
S21400D31004C009FB02F26B6AD2B2C3F34F0CCDF81D
S21400D32000C0734618F0E4FB01460028DAD16368B3
S21400D330CDE90700CDE90500EA1A95F82E309210DF
S21400D34004936B6A09FB02F2C3F34F03039395F849
S21400D3503C30304602934F4BD2B20193E37E0093AB
S21400D360A37E17F03EFDBDE721F062FB0646384679
S21400D37016F0B7FA0546304621F055FB002D94D03E
S21400D380284617F0DCFD90E7656808FB06552B6A13
S21400D39039EA030314D1022016F01FFC07460028C2
S21400D3A071D02B6A13F480120CD061683A4B691A5C
S21400D3B089105943C9B217F0B3FD2846FFF734FF6A
S21400D3C0013679E7980322600DD419030DD413F4BF
S21400D3D0001F14BF07223E22696F41B13946284616
S21400D3E000F0A2F8E9E71A22F6E74422F4E76268BA
S21400D3F095F83C30CDE90411CDE90211DFF898A08C
S21400D40095F82E10AA1A92100AFB02F20191696A88
S21400D4103846C1F34F010091D2B23E2118F068FBA6
S21400D4200028CAD12B6A1B4813F4003229D113F402
S21400D430002F20D044210260828062836368EA1A4B
S21400D4400023CDE90733CDE9053395F82E30921049
S21400D45004936B6A0AFB02F2C3F34F03039395F837
S21400D4603C30D2B2CDE90103E37E38460093A37E7A
S21400D47017F0B7FCA1E713F4001F14BF07213E21E5
S21400D480DCE71A21DAE707201BE700BFC41D0020EF
S21400D490D01D0020E01D00208BAFF88A2DE9F04358
S21400D4A0056F04460E468DB0002D38D0AA7990F848
S21400D4B08B800C321544FFF7ABFE07462046B5F8C6
S21400D4C00490FFF7A5FE656F41462B6993F831304F
S21400D4D00A93AB7909936B7908932B79079394F8A1
S21400D4E02E300693626AC2F34F02059294F83C30DF
S21400D4F00C4A0493039212F8013C029312F8023C81
S21400D5003A46CDE900034B46304617F0B7FC04F127
S21400D510700016F0C8F901200DB0BDE8F08328466B
S21400D520FAE700BFE01D002070B58AB004460D463D
S21400D5301646FFF7B3FF002840D12046FFF768FEE7
S21400D540636F02461969284691F83110059199795A
S21400D5500491597903911B793146029394F82E3041
S21400D5600193636AC3F34F03009394F83C3018F0BA
S21400D570BFFA18BB2046FFF74BFE636F02461869DA
S21400D5800F4990F8310008909879079058790690DE
S21400D5901B792846059394F82E300493636AC3F3E8
S21400D5A04F03039394F83C30029301F11C0301935C
S21400D5B0CB7E00938B7E314617F013FC0AB070BD0D
S21400D5C0C41D002010B5074C2368DA0607D523F0E3
S21400D5D01003236018B90220A16816F05CFE002331
S21400D5E0A36010BDE81D0020F8B500230360037D8E
S21400D5F004469D070CD550F8081FC90C01F4FC71B1
S21400D60041F0050103F0EAFB237D23F002032375B6
S21400D610A06818F0AEFA237D0546180703D5FDF777
S21400D620BDFE28446060194F62683E4656F8041FE7
S21400D630AD1A79B921603460BB68E3B1607D597D6D
S21400D640884219D2217D09070FD5BDE8F840002091
S21400D650FFF7B8BF886818F08CFA4B682B441B1A83
S21400D660002BE7DA0E460968E3E759681B690B44A6
S21400D6709B1A002BE9DAF8BDD3E9011018F079FA05
S21400D680E3681A44521AC242F5D5DEE7E81D0020C8
S21400D690014610B50446032016F0FDFD054B1B6839
S21400D6A0D90305D4237D5A075CBF43F002032375D4
S21400D6B010BD00BFE81D0020014BD868DC3870475D
S21400D6C0E81D0020034B10B5DC68FDF767FEDC3C68
S21400D6D0201A10BDE81D002018220021014815F070
S21400D6E0F7BE00BFE81D0020034B1B6813EA00438B
S21400D6F014BF012000207047E81D002030B5C0B1DF
S21400D7004268B2B1104C25692B469BB945B1AB684F
S21400D710CB1A41BF5B42B3FBF2F303FB022289182C
S21400D7200A4A816013684BB903601060237D013399
S21400D730237530BD8342FCD01B68E6E79D686D1AF2
S21400D740002DF1DA1A46EDE7E81D0020F81D00204E
S21400D75040B1436833B1084B1A7D013A1A7553F845
S21400D760102F02B970479042116801D119607047B6
S21400D77013460A46F5E700BFE81D002038B5044604
S21400D780084D0846AB68A34201D1FFF71BFF6B6844
S21400D790054A1BB1A342196801D1116038BD1A466B
S21400D7A00B46F6E7E81D0020EC1D00202DE9F347A8
S21400D7B05E4D2B685A0700F18680AB68002B40F060
S21400D7C0828055E8003F43F0040345E80032002A13
S21400D7D0F7D16C689CB1FDF7E1FD01AA0146204631
S21400D7E0276918F0CEF908B920461EE0019B266886
S21400D7F0FF1AA6B96368DC371F44C5E9024755E837
S21400D800003F23F0040345E80032002AF7D1AC6855
S21400D810002C4CD102B0BDE8F047FDF7C5BD304640
S21400D82001AA18F0AEF918B93046FFF731FFD0E775
S21400D830D6E901A018F09DF9337DAAEB0000DB07BE
S21400D84005D4019A33699B1AF2689B1A18446268D9
S21400D850D3191B1A002B26DD9F4204D9E368801AD1
S21400D860DC3383421ED994F8149019F0010F0FD1BF
S21400D870A06818F07EF92369D6F80C801A44A2EB4B
S21400D8800A02E368A2EB0802121ADC339A420CDCA6
S21400D890727D637D9A4206D219F0080FA4D0F7680D
S21400D8A0344600E007463668A3E74746F8E7A3682D
S21400D8B013F4601F0AD121462B6843F010032B6037
S21400D8C0012016F0E8FC02B0BDE8F08704F1080677
S21400D8D0304603F091FA2B68214643F010032B6084
S21400D8E00028EDD1012016F0D6FCA36813F4601FC3
S21400D8F04FEAD341C3F3C2440ED0013CE4B201F474
S21400D900FC713046214303F069FA0321304603F0E8
S21400D910D1FA002CD7D103E00321304603F0CAFA2F
S21400D920304602B0BDE8F04703F0AABAE81D002072
S21400D93008B5034B996809B116F0ADFC08BD00BFE9
S21400D940E81D0020014B9868704700BFE81D0020C6
S21400D9500C4B70B59C68844212D12146022016F00A
S21400D9609AFCD4E9016018F004F90546FDF716FDA7
S21400D970801BE84221464CBF0120032016F08BFC9A
S21400D98070BD00BFE81D0020114B70B59D682E6964
S21400D9902C681CB96A6864B9B01870BD627D6B7D6E
S21400D9A09A42F7D9204618F039F90028F2D12468AF
S21400D9B0EFE7A06818F0DDF86FF0DB0361689B1AEC
S21400D9C00B4429691B1A8B42D4BFD0185018E4E7C1
S21400D9D0E81D0020542310B504680A490D20B4FB46
S21400D9E0F3F4FCF715FF0023A2B251211846FCF70A
S21400D9F0B5FE044618B9FCF7FBFC204610BD1924FA
S21400DA00FBE700BFA9A80000014B1878704700BFCD
S21400DA10502B0020437E0F4A1B01DBB282F81F33D7
S21400DA2082F8203382F8223382F8213382F82333B7
S21400DA3082F8243382F8253382F8263382F82A3394
S21400DA4082F82733037F23B9037E1B01DBB282F8FB
S21400DA50223C704700E100E037B5054602F05EF96B
S21400DA60044698B92846FFF7D5FFAB8A0DF10601A4
S21400DA70ADF80430EB8A01A8ADF8063018F0D4F8FB
S21400DA800122034B1A70204603B030BD0224FAE789
S21400DA90502B0020902238B50546164B00211C68F6
S21400DAA02D0202FB0044204615F012FD124B45F0F5
S21400DAB001051B6804F10800DB7800216375E58228
S21400DAC019F097FD4FF00823E3641323A4F85030B1
S21400DAD04FF60773A4F85830FF23084A84F85A30E4
S21400DAE0074B2046C4E91B32C4E91F32BDE8384064
S21400DAF018F01ABBD01E0020401F002055555500B8
S21400DB00D6BE898E034B1B68C01A034B00115843C0
S21400DB10C0B27047D01E0020398EE33830B5094BAE
S21400DB201C791A680023D9B28C4201D8C82008E0B4
S21400DB3011464D6C0133854202F19002F3D1B1F9E2
S21400DB40540030BDD01E00202DE9F0411E468369EA
S21400DB5004460F4615468BB169B920F069FF0546A5
S21400DB603946A06C16F086FC2046394618F06EFA48
S21400DB70284620F058FF0020BDE8F0810029FAD0A2
S21400DB80B0F85030DA0640F18380B4F85030DB0746
S21400DB9000F18A80204618F078FA0028ECD1B4F814
S21400DBA05030D90600F18D80D4E90A12204600F0E4
S21400DBB0E7FA012E11D040F27123B4F84C205A43F4
S21400DBC090420AD9B4F84E205A4390427BD800F5CA
S21400DBD01C70B0FBF3F0A4F84C003C4BE268A36169
S21400DBE022610023B4F8502084F8573012F0100F4A
S21400DBF00CBF4FF48C778C27236A84F8566023F486
S21400DC008073236207F2631755B140F27121B4F8AE
S21400DC104E2043F48073C2EB05124A4323626262CD
S21400DC20236A04F1080843F400632362284B1B6848
S21400DC30DB78637520F0FCFE237D064643F0080380
S21400DC4040463946237519F0D4FC0120FFF74CFDF9
S21400DC5028B9237D5A075CBF43F002032375A168E9
S21400DC604046C1F3C84141F0900103F0B7F825B132
S21400DC70FDF794FB636A03446362204617F0A6FF31
S21400DC80304620F0D0FE0121A06C16F0F3FB72E7C0
S21400DC9098077FF57AAFE06A15F078FE00287FF4E3
S21400DCA074AF41F20C0067E7E36B002B7FF472AFB2
S21400DCB000F048FFE06300287FF46CAF41F20900F3
S21400DCC05AE7044B8AE741F2450055E7C54502008E
S21400DCD0401F00200DE2000070B500249026094D7C
S21400DCE02B79A34200DC70BD286806FB040090F880
S21400DCF05930FF2B04D000231A461946FFF724FF9D
S21400DD000134EDE7D01E002038B50446002839D08F
S21400DD10083003F0B5F80025FF2304F1280084F846
S21400DD205930A56115F0BFFD04F12C0015F0BBFDC0
S21400DD3004F1300015F0B7FD04F1340015F0B3FD22
S21400DD4004F1400015F0AFFD104B1868104B201A78
S21400DD5000115843C0B2FEF77BFC0146284616F079
S21400DD6081FFE06B10B100F041FFE563606C18B115
S21400DD7019F0E5FA00236364A06C16F083FB00201C
S21400DD80A06438BD41F24200FBE700BFD01E002071
S21400DD90398EE338F0B5104B02461E6893F804C07F
S21400DDA035464FF0FF3400239C4508DC91B1631CD8
S21400DDB010D0902303FB046080F85920F0BD95F83E
S21400DDC0597028469742F9D0FF2F08BF1C46903559
S21400DDD00133E9E70020F1E7D01E0020014B9868E8
S21400DDE0704700BFD01E002070B500249026064D58
S21400DDF02B79A34201DC002070BD286806FB0400D6
S21400DE00FFF782FF0134F3E7D01E002038B50A4D35
S21400DE10FFF7EAFFAB6813B100221A60DA8017F04A
S21400DE2062F900242B79A34200DC38BD2046FFF7B8
S21400DE3031FE0134F6E700BFD01E0020F8B50546D7
S21400DE4000249027074E3279E3B29A4201D8002088
S21400DE50F8BD3068297807FB030018F0C5F80134D0
S21400DE60F1E700BFD01E002070B5344C0546A06810
S21400DE7018B1FCF7F3FA0023A360E06818B1FCF7CA
S21400DE80EDFA0023E360FFF7C1FF0020FEF7A6FBD4
S21400DE9055B90320257125606583FCF7A3FC20791E
S21400DEA0FEF79CFB28B970BD022015F096FEA06018
S21400DEB088B90025A06825712560002839D1E0685A
S21400DEC018B1FCF7CBFA0023E3600020FEF786FBD0
S21400DED041F20700E7E7022015F07FFEE060002829
S21400DEE0E7D000260320257126606683FCF77AFCBF
S21400DEF0B542D4DD05EBC5010901334601220320F6
S21400DF0089B2FCF72BFC06460028D2D10320FCF78A
S21400DF108BFC20600028CCD0902231466A4315F056
S21400DF20D7FA2379B342BADD3046FFF7B3FD0136A0
S21400DF30F7E7FCF793FAA560C1E700BFD01E002004
S21400DF402DE9F0410025354E8AB03379AB4203DC2B
S21400DF5001200AB0BDE8F0819023346803FB054435
S21400DF6094F85930FF2B0DD0236A980306D504F198
S21400DF704008404615F002FD074628B9226A12F40A
S21400DF80A02F1ED10135E0E7BB7908A90C333B442E
S21400DF90D8689A7A1B8AC2F38012ADF82430002320
S21400DFA08DF81F2008901A460DF11F0015F06FFF20
S21400DFB038469DF81F2094F8591008AB17F008F85B
S21400DFC0D7E7B4F8503003F01D031D2B16D13C23C1
S21400DFD0FF210020CDE90431CDE902000121CDE981
S21400DFE0000004F16203C2F3800219F018FC002856
S21400DFF0AFD0236A23F4A0232362C3E712F4803F42
S21400E00008BF3C214FF0000218BF432194F8573058
S21400E01094F8590017F03CF9E9E700BFD01E00203D
S21400E0202DE9F04304468F798BB00C370DF10409C7
S21400E030CD1901220E460DF10300494615F038FFB2
S21400E040E36B804603930023E363B4F85030E8792B
S21400E050C3F300138DF825302989F75919F098F87D
S21400E060204B07441B6805975B7905F1180263751A
S21400E070012306928DF8103005F10C03B8F1000F5D
S21400E08024D09DF80330CDF81C908DF820309DF8F4
S21400E090252094F859308DF821300123DAB98DF80F
S21400E0A0223094F884308DF823306B7903A88DF8ED
S21400E0B0243000F009FE0121204617F0C7FF304645
S21400E0C0FCF7CCF901200BB0BDE8F0830793AB7AE0
S21400E0D0C3F38013D9E7AA7AC2F340128DF8222040
S21400E0E0E1E700BF401F0020F7B5044616F0AEF883
S21400E0F0C0F30F23542B3ED9AA2B34BF012302238F
S21400E100C0B27E288CBF0222012203218DF8043083
S21400E1101344B3FBF1F000EB40001B1A8DF80530FA
S21400E1201344B3FBF1F202EB42029B1A8DF8063061
S21400E130002318461D461A46104901AF4B7617F8BD
S21400E140016B44FA06FC1CF0010F06D053009E40FB
S21400E150012330430132C0B2D2B20135EDB2032DF5
S21400E160EDD103B148764B7E43EA82134B76FF230C
S21400E1700B7603B0F0BD0023C2E700BFD01E002020
S21400E180F7B505466B461646174A0C4610685168A2
S21400E19003C395F8583008336B4413F8087CB5F879
S21400E1A05030DA0609D4334622463946284616F059
S21400E1B06BF900F5FA7003B0F0BD204615F0E6FBEB
S21400E1C0B5F8503000F10A049B074FEAC40405D0A6
S21400E1D0304615F0DBFB04F50C740444E823781E87
S21400E1E0584304FB0700E4E7CC070300064B1B6814
S21400E1F0D97ADA78437D5B1A9342A8BFDAB2002157
S21400E200427517F0E0BF00BF401F00202DE9F04F19
S21400E21003280C4685B000F0588107D8012820D086
S21400E220022800F0408105B0BDE8F08F312800F0EC
S21400E23041813228F7D1002303A80393FCF7C6FFD9
S21400E2400028F0D103998B790B449B7D03F00F03D4
S21400E250032B00F05581052BE5D12046FFF7E0FEA5
S21400E260E1E7B1F85020AB4BD7071D68C2F3400377
S21400E2704FEA830348BF43F008032B81560742BF8B
S21400E2802B8943F010032B810B6AD80642BF2A89DC
S21400E29042F020022A81590742BF2A8942F04002F2
S21400E2A02A819A0642BF2A8942F080022A815F06A6
S21400E2B042BF2B8943F480732B812B895E0701D4E0
S21400E2C0180702D543F400732B81D4F86230204639
S21400E2D0AB61B4F86630DFF84482AB8317F041FFD9
S21400E2E018F051FE0022D8F8083004F1620BDA80EC
S21400E2F0A06A15F04BFB0622D8F808608246B7796C
S21400E3000C37F35D06EB070903F04F03F355B4F83B
S21400E310503089F80120103B0D2B32D8DFE803F08F
S21400E320C031BC07310C313131313131310CF35D44
S21400E3306FF30303F35524E00123F25D206A63F3D1
S21400E3400302F2550C22010789F8012009F10802A0
S21400E3500DD501924FF0FF3259460092C0F380006F
S21400E3601A4615F09DFDF35D43F08003E2E7D4F80E
S21400E3706230C9F80830BBF804309380236A590726
S21400E380F1D4B4F85020F35D204662F34513F355FC
S21400E39009F1020116F0D7FAF35D60F38613F35520
S21400E3A0B37999F8012002331344F371B4F850306E
S21400E3B003F01403142B05D0BAF1000FC4BF524467
S21400E3C089F80120A36AD8F80800036018F0E0FD79
S21400E3D02B8928615A0732D50023D8F80C60F380C1
S21400E3E0E06A15F0D3FAB77981460C37F35D06EB91
S21400E3F0070A03F0400343F00403F35506230AF12B
S21400E40002018AF80130204616F09DFAF35DB9F154
S21400E410000F60F38613F355B3799AF8012003F1E1
S21400E42002031344F371D8F80C00E36AA4BF09F1A1
S21400E43006098AF80190036018F0AAFD686140F2A8
S21400E4407121B4F84C30B4F84E2094F85800D21A23
S21400E450E36803F59C53083301FB02332361FFF79F
S21400E46043FE98F819302B7300236B7394F87430BE
S21400E470EB726368B4F978002B60FDF705FB21208A
S21400E480237D1B0742BF2B8943F001032B8105B078
S21400E490BDE8F04F01F016BBF35D62F3030349E7F6
S21400E4A00222F35DF9E7FFF74DFA84427FF4BBAE34
S21400E4B02220ECE70B7D23F008030B75154B1B6839
S21400E4C09B7B43B1012B7FF4AEAE204605B0BDE882
S21400E4D0F04FFFF78BBE104B497D1A68D37A9278BF
S21400E4E00B449342D8BFDAB2A3696275002B3FF49F
S21400E4F09AAE0121204605B0BDE8F04F17F063BE86
S21400E50004F1400015F0A4FA4FF40031204617F04D
S21400E51053FE88E6841F0020401F0020D01E0020E7
S21400E52038B50446D0F8A400D0B194F8305115F0B0
S21400E530F2F981B20631284618F02AFE83B240F27C
S21400E54071200849B4F87C20098C424341438A4232
S21400E550B8BF0A4603F548709042B8BF104638BDAB
S21400E5600346ECE7EC1E002030B5174B826A1B68AA
S21400E570D206597926D5828F1C79836B1203B2FB9B
S21400E580F3F2631AB2FBF3F2B0F8A03003B1013B2A
S21400E590D0F8A45005B15B101B02B3FBF2F35B1876
S21400E5A00CD090F899200F2A08D91209B3EB820FE5
S21400E5B0B8BF00234FEA8201A8BF5B1A9C42A8BFDF
S21400E5C01C46E1B2417530BD401F002010B5044620
S21400E5D0FFF7B8F9A0420AD1054B1B6893F8203024
S21400E5E080F83430BDE81040222001F06BBA10BD30
S21400E5F0841F00202DE9F0411A4C06462368A3B973
S21400E6002EB100254FF4A478EFB2B74211DB0020FC
S21400E610BDE8F0812068013507FB030015F03FFEDA
S21400E620A27BEBB29A42F5D8EAE700254FF4A4772E
S21400E630F6E72068013508FB070015F02EFE0028D7
S21400E640E2D000254FF4A47605E0206806FB05001E
S21400E65015F025FE0135EBB2BB42F6D341F20700BA
S21400E660D6E700BFEC1E0020084B9A7B82420AD9F0
S21400E6704FF4A4721B6802FB0030836A13F0040F89
S21400E68008BF002070470020704700BFEC1E002027
S21400E690084A09491368C31AD810002B01FB00F07A
S21400E6A005DB937B8342D8BF4FF0FF3070474FF0B7
S21400E6B0FF307047EC1E0020199C8FC170B50446D1
S21400E6C00E4620F0B5F9054604F1300252E8003F48
S21400E6D0334342E800310029F8D12046FFF7D8FF3F
S21400E6E001230B4A03FA00F002F11C0353E8003F33
S21400E6F0034302F11C0444E800310029F4D14FF42E
S21400E70080700AF055F92846BDE8704020F08BB9B5
S21400E710EC1E002070B505460C46C2B90126204600
S21400E72016F0FFF9B5F84010441C284619F0ABFB6C
S21400E73014FB06F40028A4B207DD844205DB01289A
S21400E7400EBF044600F1FF3084B2204670BD836AD7
S21400E750DE07E3D5C28F002AE0D0D906DED5DA057B
S21400E760DCD4D0F8A430002BD8D10C4B1B6893F81F
S21400E770213013F00C0FD1D103F01202122ACDD1A2
S21400E7805B06CBD5FFF784FF80B216F0CCF90028E5
S21400E790C4D1EE8F0136B6B2C1E700BF841F002099
S21400E7A02DE9F04789466A490446CB8A63B98268F0
S21400E7B012F4601F4FEAD24301BFC3F3C40303EB56
S21400E7C0830302EB8302CA82B9F1000F02D120460E
S21400E7D017F0B4FDB4F8A050002D40F0A880A36A4E
S21400E7E013F0100F0CBF3E23082384F87B3020461E
S21400E7F0FFF7BAFEFFF74CFF86B20746304616F024
S21400E8009AF98246304616F094F930B1304616F042
S21400E81086F90021304616F08BF9236B580409D58B
S21400E8204FF4804104F1300017F01EFD0021204611
S21400E830FFF744FFFFB24A4639462046B4F8408008
S21400E840FFF768FFB4F84030A4F880001844A4F836
S21400E85040005DB1204604F0FFF9204616F0B2F9FC
S21400E8602046B4F8401019F0C2F90546304616F0B6
S21400E87062F9504510D0A36AD9070DD44A463946E6
S21400E8802046A4F84080FFF745FFB4F84030A4F8CF
S21400E89080001844A4F84000B4F84030434502D243
S21400E8A0304616F044F9304616F03AF9B4F880309F
S21400E8B0B4F8A02094F87410D21AA4F8A02094F803
S21400E8C0732003FB01222521B2FBF1F001FB10228D
S21400E8D084F873206DB3A26AD20712D5A26B2046C5
S21400E8E0534340F2712204F14401534394F842200A
S21400E8F002F028FB606C85082046FFF711FE2844CE
S21400E900E06040F27125A16B20460139694317F09B
S21400E910B4FCA36BB4F8802020465A4363680121F8
S21400E92005FB02336360BDE8F04717F06CB90125BC
S21400E9305DE72046082119F096F920460221FFF7E8
S21400E940BDFE29462046BDE8F04717F04BB900BF8C
S21400E950EC1E002008B501F05DFAFB22104B10F00B
S21400E960020FDA7344F290221A820CBF01220322AD
S21400E9704107197B48BF42F0040262F30301197392
S21400E9801A7BC2F3030161F307121A7303220421F0
S21400E9901A76002219755A82DA61DA8208BD00BF3B
S21400E9A0EC1E00202DE9F843564C0546A06818B129
S21400E9B0FBF754FD0023A360EEB2304616F0A9F92B
S21400E9C08046002839D1304617F08CFCA8BBFFF7EC
S21400E9D011FE07460220FBF705FF002D59D005EB78
S21400E9E0850105EBC101C90043460122022089B218
S21400E9F0FBF7B4FE0746002846D102204FF4A47960
S21400EA00A673FBF711FF394609FB05F2206014F0E8
S21400EA105FFD2368681EF9B2814209FB01F207F127
S21400EA2001072CDB0021284699506360FFF7E2FDC2
S21400EA3050BB304616F06EF888B30025002016F05E
S21400EA4068F9002017F04EFC0020FFF7D3FD0220E7
S21400EA50FBF7C8FE2846C4E90055A57316F05AF819
S21400EA60284604F025F8284617F032FC2846FDF71D
S21400EA709FFD0220FBF7B6FE4FF007083FE002F5C9
S21400EA80A47119449950C6E70023C4E90033A37360
S21400EA90D3E7C4E90055A573002FCAD0CDE73046AA
S21400EAA004F006F80028C8D12846FDF781FD0028A6
S21400EAB0C3D1304617F00CFC0028BED1304617F004
S21400EAC00BFC06460028B8D1002D18DD022015F0F4
S21400EAD084F80223A060C37183793146C3F1020231
S21400EAE00C33D2B2184414F0F3FC0121A3689A79CF
S21400EAF013441A7B61F301021A73FFF72BFF40469B
S21400EB00BDE8F883EC1E0020014B987B704700BFE1
S21400EB10EC1E002030B50A4B4FF4A4751A689C7B97
S21400EB20002318462832D9B28C4200D830BD05FBE7
S21400EB3003F151580133890644BF0130C0B2F2E7F1
S21400EB40EC1E00202DE9F0411FF072FF254D064611
S21400EB506C6824B91FF067FF2046BDE8F0814FF4CB
S21400EB60A47723683A4600212046D4F81C806B60C0
S21400EB7014F0AEFC20233046A362C4F81C801FF0BD
S21400EB8052FF0123237584F83031A3F10113E367A4
S21400EB90EB7BAA8984F842312B8A0021A4F8403105
S21400EBA0072384F88930104BA4F84421C4F88C302D
S21400EBB003F1CE5303F59813C4F8903041F61B3397
S21400EBC0A4F894301B2304F1080084F89630A4F8C7
S21400EBD08A7018F00EFD2046FFF75AFD80B215F039
S21400EBE09BFFB9E7EC1E00204801480170B50446BB
S21400EBF017F017FC04F1080002F042F91FF018FFA6
S21400EC004FF4A472054600212046E66914F060FC25
S21400EC10064BE66153F8042F2AB928461C60BDE867
S21400EC2070401FF000BF13461268F5E7EC1E002088
S21400EC302DE9F04106464FF480400F4601F05CF89F
S21400EC40044630B90E4B1D6893F80E807535A04506
S21400EC5002D80020BDE8F08155F84D3C5A0709D58A
S21400EC60C3F34003BB4205D106222946304614F0C2
S21400EC7005FC18B1013405F5A475E8E70B20E9E7B3
S21400EC80EC1E002010B5044610B9084B198410BDC0
S21400EC90A0F87C10A0F87E20FFF742FC2169E06017
S21400ECA02046BDE8104017F0E8BA00BFEC1E002072
S21400ECB0014BD87319827047EC1E0020014BD87B9D
S21400ECC0704700BFEC1E00202DE9F04FD0E90295FA
S21400ECD090F9181087B0027D0291417E0192046877
S21400ECE007790369427D90F816A090F817800029EE
S21400ECF040F0FC80A8F1030101298CBF0226032600
S21400ED000393B5F808B084F89F202A4652F8101BE3
S21400ED10BAF1000018BF0120C4F8281104F1480118
S21400ED20FDF794FB204618F097FF204617F0DCFA14
S21400ED3015F0CCFE41460246204615F0F1FFC822EB
S21400ED400DF116012046ADF8162017F0C7FA43F667
S21400ED50FF7104F5947015F008FBAA88039BA4F8CD
S21400ED602C21AA7984F82E211A68C4F875209B886D
S21400ED70A4F87930019B1BB1A36A43F00203A36297
S21400ED80BAF1000F03D0A36A43F40073A3624FF4F2
S21400ED90607000F0B1FFC0F3C01AC3054FEA8A1ACC
S21400EDA048BF4AF0800A810548BF4AF4807A1FF0BF
S21400EDB03FFEA36A43F00403A362E36A43EA0A033E
S21400EDC0E3621FF030FE94F8343043F0100384F80A
S21400EDD03430BB1E012B00F28B80A36A43F48043C1
S21400EDE0A36201212046FFF769FC0421204618F0A3
S21400EDF03AFF6B7D2046C3F3040384F874306A89B7
S21400EE0007F0FD075200A263697B2A7B42EA0122D3
S21400EE10E287E97BAA7B42EA0122A2876A7D84F820
S21400EE207330C2F3421284F8422000220523A4F86D
S21400EE3040200122A4F8A030A4F88020029917F000
S21400EE4058FA00F0E1FF20F40060C4E9080120460B
S21400EE50FFF78AFB414BB3F816A0BAF1000F05D1B5
S21400EE60002F40F2C71A18BF4FF4D77A2046FFF794
S21400EE700FFC3B4B000240F00300E082C4F8049015
S21400EE80A361002F3AD12046FFF74AFBB8F1010FE5
S21400EE90E06005D04146204684F8308117F064FBD8
S21400EEA004F108063046514618F0A3FB0120FEF791
S21400EEB01BFC28B9237D5A075CBF43F00203237569
S21400EEC0A1683046C1F3C84141F0880101F086FFD1
S21400EED040F271216B892046013B594317F0CDF96A
S21400EEE0204616F073FE07B0BDE8F08F012607E750
S21400EEF0012F7FF476AF40F2014173E740F27127AD
S21400EF00760006EB4B067E4309EB06036360A36AB6
S21400EF1004F1440943F00103A36294F834304946EF
S21400EF2043F00103204684F8343018F024FE3346BC
S21400EF304946204694F8422002F004F8EB79012274
S21400EF405B00494620467B4318F01BFE636C204658
S21400EF509E08FFF7E5FA304498E700BFEC1E002055
S21400EF6061F4000010B4C46A14F0080F11D144F024
S21400EF70080423F41053C46223F01003064C1B0449
S21400EF8014401B0CC0E9084340215DF8044BFFF712
S21400EF9095BB5DF8044B70472FCF87F700232DE90C
S21400EFA0F3474E790546B20758BF06F001060846F5
S21400EFB048BF0326ADF8043058BF01360C4615F09E
S21400EFC003FE074607F01F03002BEB6A15BF4FF042
S21400EFD001084FF000084FF003094FF002099B05A7
S21400EFE00CD59DF80430214666F3010368F34513FB
S21400EFF08DF804302846019A18F0CAFA204614F014
S21400F000C5FC82464946204614F094FC9DF8043020
S21400F010A27966F3010368F345138DF804308DF882
S21400F02005A0BDF804300C32A3529DF80430A11898
S21400F0309806637948BF8F7043F0010363711FF031
S21400F040F7FC2146074605F1A40014F001FD95F8EB
S21400F0504631013385F84631AB6ADA070ED52846C5
S21400F060FFF716FB80B215F058FD30B34388B5F8AD
S21400F07080209A4202D9284617F000FCFEF762FC70
S21400F080854214D10E4B20461E6817F081FF2C36A1
S21400F0900146304617F072FEAB6ADB0707D43046EF
S21400F0A017F067FE022802D8232000F00BFD384632
S21400F0B002B0BDE8F0471FF0B6BC0123D7E700BF9B
S21400F0C0841F00202DE9F04F85B0044601910846C4
S21400F0D061B34B799A071AD414F058FC019A60B9B8
S21400F0E0537901A8DB0742BFA36A43F40063A36217
S21400F0F014F0D9FB05B0BDE8F08FA36A1F0506D54E
S21400F10023F40063A362537943F001035371019E15
S21400F1101FF08EFC737931469E0705461ED504F116
S21400F120AC0014F0A4FC28461FF07DFCDFF890919C
S21400F1301FF07EFCA36A07465D0614D5D4F8AC30F3
S21400F14043B19A7913441B7B3A2B03D829FA03F36D
S21400F150D80711D438461FF066FCCBE704F1A800A8
S21400F16014F076FCDFE794F94631022BF2DCD4E9A2
S21400F1702A2372B9002BEDD004F1AC0014F0B1FBD9
S21400F180054638461FF04FFC29462046FFF706FF87
S21400F190CEE7002BF0D194F89680039304F1A80BE9
S21400F1A0D4F8A86096F807A0B379AAEB030A5FFA2A
S21400F1B08AFAC24527DC584614F0E0FB0546A8EB61
S21400F1C00A086B7929466FF3C3036B7103A814F022
S21400F1D03FFCD4F8A8302BB15B79990702D1B8F17F
S21400F1E0000FDDD1039B002BB4D09B79022B40D8B7
S21400F1F0002014F0F2FC014670BB039904F1A8004D
S21400F20014F035FCA6E7002014F0E7FC054630B9FC
S21400F210039904F1A80014F02AFC03959AE7807974
S21400F220B1790C300C3142463144284414F058F978
S21400F230EB7953FA88F3EB71B379727953FA88F362
S21400F240B3716B794FF0000862F300036B7173794A
S21400F2506FF300037371B4E7039B4A79587960F340
S21400F26000024A715A7903A86FF300025A7114F02B
S21400F270F9FBE36A9A0512D503980346006800284E
S21400F280FBD1DB79C3F14503DBB2032B07D814F0BF
S21400F290A4FC01460028B0D003A814F0D9FBD4F88B
S21400F2A0A83013B15B79DB0704D5039A537943F092
S21400F2B00803537138461FF0B6FB039965E700BF95
S21400F2C07C2C020000232DE9F041174D05F11C02AD
S21400F2D052E8006F42E80034002CF7D14FF00108E6
S21400F2E06EB9F4B105F11C0353E8003F234305F162
S21400F2F01C0242E800300028F4D1BDE8F08196FAFE
S21400F300A6F0B0FA80F008FA00F726EA0706FFF73C
S21400F310ABF90028E4D017F0ECFA0028E0D13C4323
S21400F320DEE70120E9E700BFEC1E00202DE9F74FDD
S21400F33004460190002860D0C5794FF000080C35CF
S21400F34005441FF075FB464600904FF4A47A4046ED
S21400F3502B4FBA7B5FFA88F94A4517D90AFB09FB97
S21400F3603A685A44916A4B0744D5B2F89820C2F3DB
S21400F3700B02002A3ED0E279C2F14502D2B2032A3D
S21400F38015D8022014F029FC044640B90023009842
S21400F3907B821FF048FB304603B0BDE8F08F014685
S21400F3A001A814F055FB0020E5790C35254404220D
S21400F3B00123002112FB003305F82090E9543B6836
S21400F3C002FB005C5B44B3F8983001368CF80230E0
S21400F3D0032312FB0032A9543B6801305B44B3F8A8
S21400F3E09820C0B261F30B02A3F89820E379F6B236
S21400F3F00433E37108F10108ABE70646CBE700BF2C
S21400F400EC1E0020F7B56846FDF714F800254FF40B
S21400F410A477124EB37BAB4201DC03B0F0BD346878
S21400F42007FB0544A36A03F00503042B13D105224A
S21400F430694604F1490014F021F860B10121204624
S21400F44018F0C9FD38B9012014F0C7FB014610B109
S21400F450204602F067F90135DCE700BFEC1E00200D
S21400F4602DE9F04F31280C4685B000F093810AD87C
S21400F470022800F0E380032800F0E680012847D049
S21400F48005B0BDE8F08F322800F0EE803328F7D1C3
S21400F49001F1A40014F025FA94F846310390013BDC
S21400F4A084F84631437903F00A03082B20D1B4F8D8
S21400F4B0983004205A1C62F30B03A4F8983000F02E
S21400F4C01BFCA8B12046FFF7E3F880B215F025FB39
S21400F4D0002800F057814188AB4A937C0B44DBB28E
S21400F4E09374127D9A4203D84FF0806009F060FA58
S21400F4F003A814F0D8F9D4F8A8301BB9D4F8AC3067
S21400F500002BBDD04FF480512046FFF7D7F8B7E761
S21400F51091F8993008466FF3071381F8993016F082
S21400F520C8FE84F83101204615F0EDFBB4F934012D
S21400F530FCF7AAFA954B20461D68FFF7A9F885F850
S21400F540250094F8343085F82030002385F82130E3
S21400F55085F82330E26A94F8933002F4C062B2F57C
S21400F560C06F03D10433FF2B28BFFF2385F8243058
S21400F57063684FF400306B60A36ADB0742BF636CBE
S21400F5809B08AB6000F0B8FB00284CD0FEF7FCF9F7
S21400F590D4F82831E8602B6194F831317A4E6B76D6
S21400F5A0D4F82C3105F12C076B6194F830312B76AA
S21400F5B0637D85F8223017F0E6FC384617F0D5FB59
S21400F5C0B06817F0E5FC0023A8620393D4F8A40003
S21400F5D003A917F0E7FD48BB212000F073FAD4F822
S21400F5E0A83013B9D4F8AC3023B14FF4805120467C
S21400F5F0FFF764F8042000F07FFB00283FF440AFDC
S21400F600B37C002B3FF43CAFF37C327E0133DBB29D
S21400F6109A42F3743FF634AF4FF0806005B0BDE811
S21400F620F04F09F0C5B9FEF747F8B1E7039817F0B1
S21400F630AFFC0146384617F0A1FBC7E7084605B001
S21400F640BDE8F04FFEF7C2BF91F89930C3F303123E
S21400F650013262F3071381F899300021204605B085
S21400F660BDE8F04FFFF79CB8002603A80396FBF70B
S21400F670ADFD2046FFF70CF8C0B2FCF7C5FF054607
S21400F6802046FFF705F8039B29460193B4F840305F
S21400F69082B2009302203346FCF7FEFF03998B7973
S21400F6A003F10C050D44AA7A0A3312F0200F14BF9A
S21400F6B00322022213448B71E36A5F050FD5AB7AEF
S21400F6C0EA7A204643EA022217F07BFF38B903A8FD
S21400F6D014F0E9F83D21204617F0E9FAD0E6A36ACF
S21400F6E095F80AB01E0603990BF00302C3F3C01088
S21400F6F012D5032A8B79EAD10B441A7B3A2AE6D82C
S21400F700234BD340D807E2D54B79204643F002037B
S21400F7104B7101F027FDB3E6032AF5D04B790BF0C9
S21400F720030B60F341034B71084695F8069095F974
S21400F73005A014F02BF9039E0746B5792046063D32
S21400F740EDB2B571FEF7A4FF0C35C0F3032306EB4C
S21400F750050843EA0B1388F803303346FFB288F8EF
S21400F7600200A8F8047006F805A088F801905A79F7
S21400F7706FF341025A711B68002BF8D1304615F022
S21400F78060FC7DE60121A7E6EC1E0020841F002019
S21400F7907C2C0200344B8E8F1D68360195F8203085
S21400F7A081F834308B6BE08FB6FBF3F6B1F8A0101F
S21400F7B0B3B21B1A994295F821204CDCD1064CBFF7
S21400F7C00021022194F8310115F07AF995F82130DC
S21400F7D0DB071BD5A36ADF0706D52B6820466360C8
S21400F7E004F1440118F0C7F995F82130D80602D480
S21400F7F0A36AD90606D4A4F8A060204695F9271077
S21400F80016F077FDA36A43F01003A36295F8202054
S21400F810E36A92064CBF43F0010323F00103E36260
S21400F82095F821309B0606D52046FEF731FF0121CC
S21400F83080B215F07DF995F82130204603F01203CA
S21400F840122B0ED116F07BFD95F82610204616F0EA
S21400F85074FD012102E79207B8D5032194F831011F
S21400F860B2E716F06BFDEFE7841F0020012838BFD3
S21400F8700120012938BF0121014B18751976704700
S21400F880EC1E00200138C0B203289ABF014B185C5A
S21400F89000207047D7070300431E012B05D9022915
S21400F8A002D8024B585C704700207047D40703000C
S21400F8B0431E042B054A07D8052808BF0320062147
S21400F8C0431E01FB032070471046704700080300E4
S21400F8D0014B53F820007047DC07030010B560B1F9
S21400F8E00022074CD3B2013354F82310134681424A
S21400F8F002F10102F6D2D8B210BD0120FCE700BF2B
S21400F900DC070300024BDB6993F87F00704700BFFB
S21400F910280B0020024BDB6983F87F00704700BF8E
S21400F920280B002070B51646028B04468A420D4608
S21400F9301DD2438B23B90EB1D5B23570206970BD88
S21400F9400C4B0169184613F0CBFD0346208B61690A
S21400F9502D1A1844638B9D42A8BF1D46EAB213F0C9
S21400F960BFFD16B1238B1D443570024870BD002EB6
S21400F970E3D1E3E7512B00200022024BC3E900222B
S21400F980704700BF341F002010B5074C242200210A
S21400F990204613F09DFD06232384044BE36100F00C
S21400F9A029FB9430206010BD101F00205B6F020002
S21400F9B010B504461FF033F80022044B5C60044B7D
S21400F9C0BDE81040DA611FF025B800BF341F0020E4
S21400F9D0101F0020024B03EB80035960704700BFE6
S21400F9E0101F0020034B03EB80035868003818BF35
S21400F9F001207047101F002010B504461FF00FF8B6
S21400FA000022044BDC61044BBDE810405A601FF036
S21400FA1001B800BF101F0020341F002070B5C6B20A
S21400FA20212E0446144D10D1FBF75AFA230CC4F3CA
S21400FA30074405EB84042B846368EB61EB69CBB168
S21400FA4030462968BDE870401847222EF6D11EF0D1
S21400FA50EFFFEB69044633B10020FFF7CDFFFF232D
S21400FA602B84FBF78DFC00F00FFA2046BDE87040B3
S21400FA701EF0D9BF70BD00BF101F002038B5104B58
S21400FA8004461A7812B100221A7038BDC5B2FDF7C6
S21400FA9059FF68B1C38AB3EB144F0BD1312D02D195
S21400FAA0012014F07FFC2846BDE83840FDF740BF33
S21400FAB0FF23F0E72846BDE8384017F031BA00BF0C
S21400FAC0341F002038B5A0F121030E2B04461AD8A7
S21400FAD0FDF738FFA8B3C08AFF2832D0212C4FEAA2
S21400FAE0004508D1002014F05DFC45F02100BDE87B
S21400FAF0384000F045BA222C44EA0500F7D1BDE8AC
S21400FB00384017F020BAA0F131031E2B0ED8114B47
S21400FB10188C44EA004000F047FA312C11D100203E
S21400FB20FFF76AFFBDE8384014F0CCBBA0F1110324
S21400FB300E2B06D8132C40F4C02003D006D9142C64
S21400FB40D5D038BD0122044B1A70D0E7BDE8384046
S21400FB5000F02ABA101F0020341F00200B4A10B5F0
S21400FB60D36904461BB11168BDE810401847084B1E
S21400FB705B6813B1BDE810401847FDF7E3FE014689
S21400FB8018B183690BB12046EEE710BD101F0020A8
S21400FB90341F0020024B186908B108F009BF7047EF
S21400FBA0480B00200C4B73B51C6804B10C340025C0
S21400FBB00A4B68461E68356000F020FA009B204617
S21400FBC07360FBF73DF9284617F028F9024802B0A3
S21400FBD0BDE8704013F067BE3C1F0020841F002065
S21400FBE0002310B5424A02F1100151E8001F02F14D
S21400FBF0100C4CE80034002CF5D140EA0104A002B9
S21400FC0001D5FDF7D3FD210101D5FBF77BFBE20310
S21400FC1001D500F06FF9002C01DAFCF76FFE6300E7
S21400FC2001D502F001FBE00007D5FEF789F920B9FF
S21400FC304FF080512F4817F049F9610107D516F0AB
S21400FC40E1FF20B94FF080612A4817F03FF9A20182
S21400FC5005D514F034FFFFF7D5FB14F00FFCE301D5
S21400FC6008D5FDF705FB072804D14FF08071214821
S21400FC7017F02CF9600201D5FBF794FF210201D59D
S21400FC80FCF7F0FCE20207D516F024FB20B94FF48F
S21400FC908011184817F01AF9A30507D501F0F8F9EE
S21400FCA020B94FF40071134817F010F9E00507D596
S21400FCB0FFF708FB20B94FF480710E4817F006F9DD
S21400FCC0610503D514F06FFB14F06EFB220501D519
S21400FCD015F068FCA30309D514F067FB30B9BDE83E
S21400FCE010404FF40031034817F0F0B810BD00BFC5
S21400FCF0480B0020580B0020014B1B68184070472B
S21400FD00480B002010B5044BD3E9064204430A43CF
S21400FD10C3E9064210BD00BF480B002038B50546B3
S21400FD20354CFDF7D9FC00212022204613F0D0FBED
S21400FD304CF20C000021FFF7E5FFC5B1AB684FF6AB
S21400FD40FF720020698B2360FEF79CFF022013F0F1
S21400FD5044FF2A4B186000284BD02B460C3005F188
S21400FD60200253F8041B934240F8041BF9D1244B9D
S21400FD702448A36000232373FAF7A6FB01F00AF8D1
S21400FD802846FBF7A7FB044670BBFBF727F820B115
S21400FD904FF480700021FFF7B5FFFBF725F820B180
S21400FDA04FF400600021FFF7ADFF2DB1B5F912103A
S21400FDB0B5F91000FBF774FE14F08CFE00F00CFC96
S21400FDC001F07AFF044678B9FCF780FD00F040F8B1
S21400FDD000F000F9FFF7D0FD00F074F830B900F03D
S21400FDE077F8044617F0CFF8204638BDFFF7DAFE5E
S21400FDF0F8E70124F8E700BF480B00203C1F00206E
S21400FE0095FB00004C0B0020014BD3E90601704720
S21400FE10480B0020054B9B69DA054CBF03200120E8
S21400FE201B0548BF40F00400704700BF480B002089
S21400FE30014B1860704700BF401F00202022034B74
S21400FE40C3E900229A6000221A767047681F0020D5
S21400FE5038B50025094C0A4B1C2229462046C3E922
S21400FE60005513F035FBFFF7E9FF30230122C4E904
S21400FE7003336361034B65761A7038BD681F002034
S21400FE80441F00204E3C002008B51EF0D1FDFFF7B1
S21400FE90D5FF3023084A0949D36013615361CB600C
S21400FEA00B614B610023537601224B76044B1A708C
S21400FEB0BDE808401EF0B7BD4C1F0020681F00209C
S21400FEC04E3C0020014B1878704700BF942B002052
S21400FED010B5044C23781BB917F037F801232370AC
S21400FEE0002010BD942B0020014B1868704700BFFF
S21400FEF0441F00202DE9F0411EF09AFD1C4F80465D
S21400FF003B7843B94FF4803008F052FD4046BDE8D8
S21400FF10F0411EF088BD174E174C35460FCD0FC466
S21400FF2095E80700002584E80700FFF787FF3023E1
S21400FF304046C6E90333736175763D701EF073FD67
S21400FF400E4E103CE068302804D07368C6E90030D6
S21400FF50FFF794FD54F8040B202801D0FFF75EFD50
S21400FF600135EDB2032DEDD101233B70BDE8F081E4
S21400FF704E3C0020681F00204C1F0020441F00201D
S21400FF8010B504461EF054FD064A137E42F8234080
S21400FF90013313761EF047FDBDE810404FF4803065
S21400FFA008F006BD681F002010B504461EF040FD90
S21400FFB0074A537E02EB83010133CC6053761EF072
S21400FFC032FDBDE810404FF4803008F0F1BC00BFB1
S21400FFD0681F0020F4220021014813F079BA00BF00
S21400FFE0881F0020014B024A1A607047841F0020B9
S21400FFF01C20002000487047881F0020024A02602C
S2140100004FF40072426070477C200020014B186E4E
S21401001080B2704700C001B80A4BD86800F0706023
S214010020B0F1106F0CD008D8B0F1E06F08D0B0F185
S214010030006F14BF002001207047B0F1406FF8E751
S21401004001207047000002B807B501AA0DF10301AF
S21401005014F04BFE044B019A9A609DF803201A7324
S21401006003B05DF804FB00BF80220020074A012888
S2140100701388064996BF23F0010343F001039BB2A0
S2140100801380034B18691CF001BF00BF80220020BB
S214010090280B002008B5074B18691CF0F9FE064B23
S2140100A01C220021184613F013FA044A4260042267
S2140100B0428008BD280B0020802200207C220020E0
S2140100C0014B5868704700BF8022002010B50B4CCA
S2140100D00B4B62689A420CD141F2AB30FAF7E4FB63
S2140100E0033020F003030328636004D941F2A833E8
S2140100F06380002010BD0720FCE700BF802200209F
S2140101007C2200200122024B00209A76704700BF15
S214010110802200200C4B10B59C7E24B121B91AB95F
S2140101201A7600221A8010BD0228187604D80028F4
S214010130F7D00420188002E00338012802D9C3E969
S2140101400412F0E70220F5E78022002070B5114C7A
S214010150A37EEBB1104EF36993F87D30013B012B82
S21401016016D82369A3B1257E45B19A7A12F01005F7
S21401017004D0186802F00F05FFF766FF2846FFF760
S21401018075FF617E21B93069BDE870401CF076BE0E
S21401019070BD00BF80220020280B002070B5154ED0
S2140101A00146B57E7DB1144BDB6993F87D30013B8A
S2140101B0012B1DD8756935B1307E30B9002425462E
S2140101C02046FFF753FF284670BD14F017FD0028A0
S2140101D0F4D0047804F01F05A409012C03D0A31E53
S2140101E05C425C41640073691868FFF72DFFE7E71E
S2140101F00025E8E780220020280B002070B5044681
S2140102001EF016FC0E4D06466B7E84B12BB11F24E4
S21401021030461EF008FC204670BD0A4B18691CF0DB
S2140102202FFE0028F3D001236B760024F0E7002B85
S214010230EDD0044B214618696C761CF01FFEF4E7DE
S21401024080220020280B002008B5044B18691CF0FA
S2140102501BFE034BB0FBF3F008BD00BF280B0020CC
S214010260A086010008B5024B18691CF00BFE08BDFC
S214010270280B002038B5044680790C4D0C302044FC
S214010280FFF78CFF0123A179E279521A0C31214440
S2140102902869D2B21CF0F6FC246804B938BDA179ED
S2140102A0E2790023521A0C31F1E700BF280B002037
S2140102B02DE9F041054680790C460C302844164657
S2140102C01F46FFF76BFFA979EA79DFF85C80521ABF
S2140102D00C310123D8F81000D2B229441CF0D2FC0C
S2140102E044B1E379A2799B1ADBB2B34204D30CB1D1
S2140102F0002F04DCBDE8F0812468F61AF0E7A17946
S214010300E57900236D1AEDB2AD1BBD42A8BF3D468F
S2140103100C3131442144D8F81000AAB21CF0B2FCCA
S214010320002624687F1BE2E7280B00202DE9F04F0A
S21401033087B0074692469B46ADF80C1013F026FB95
S214010340B0F1000945DD1EF073FB0290002F43D08B
S2140103503C464FF00008294EA279E57902F10C01DE
S214010360AD1AEDB2214406EB08002A4613F0B8F8A0
S2140103702468A844002CEFD19DF80C1020484A466A
S21401038001F023010DF1140900915B46C0F808A0A5
S2140103901A49CDF804901EF0E1FCBA469AF80630E8
S2140103A09AF8075003F10C00ED1AEDB231195044DA
S2140103B02A4613F095F8DAF800A02C44BAF1000F9B
S2140103C0ECD102981EF02FFB04224946384613F062
S2140103D002FD07B0BDE8F08F9DF80C1008484A46AC
S2140103E001F023010DF1140900915B46C0F808A045
S2140103F00249CDF804901EF0B1FCE2E79C220020F1
S214010400BC2E00202DE9F04784B090469946039013
S214010410ADF8081013F0BAFA071F002F25DD039D6B
S214010420002D40D04FF0000A204EAB79EC7903F155
S2140104300C01E41AE4B2294406EB0A00224613F042
S2140104404FF82D68A244002DEFD11948F119C0F8D4
S214010450088001919DF808104B4601F02301009198
S2140104603A4612491EF06EFC18B1002004B0BDE8F1
S214010470F087039D7DB10746AB79EC7903F10C005B
S214010480E41AE4B2F1192844224613F029F82D683B
S2140104902744002DF0D103A8042113F019FB0120F5
S2140104A004B0BDE8F087014ECFE700BF9C220020D4
S2140104B0BC2E002030B514460D460246064883B0D1
S2140104C0019580218360234600941EF053FCB0FA08
S2140104D080F0400903B030BDBC2E00200023F0B5EB
S2140104E00E46D1688BB009BA0291C17890F800C067
S2140104F061F3070381781A4D61F30F23417802AF48
S21401050061F317436CF31F630993936851681BBA31
S2140105100393836809BA1BBA0793136842681BBA28
S2140105200593C36812BA1BBA06AC0491AF60089271
S2140105300693234680222946012000941EF01DFCC6
S2140105400028F6D1DDE90810DDE9063200BA09BA5D
S21401055012BA1BBA30607160B260F3600BB0F0BDC6
S214010560BC2E00202DE9F84FDFF868908246D9F8B6
S21401057000B088461746BBF1000F28D0002699F830
S2140105800450B54207D13D7099F80400A84214BF43
S2140105900120022017E074196110C1EBC101594412
S2140105A08879C4F3470400F00100B8EB000003D1DA
S2140105B00622504612F062FF002806DB02D0661CB7
S2140105C0F6B2DEE73C70BDE8F88F2546D9E7032092
S2140105D0F9E700BFAC2300200022014B1A717047D7
S2140105E0AC230020F8B505461EF022FA104C85F320
S2140105F0070563790646AB4205D1002430461EF056
S21401060012FA2046F8BD002720686571277110B1DF
S21401061013F028FC27606379002BEED0C5EBC500EC
S214010620FAF742F920600028E7D160710724E5E770
S214010630AC230020002230B5084B1C791B6894427D
S21401064001DC002005E05D6C03F19001854201D1DB
S214010650184630BD0B460132F1E700BFD01E002020
S2140106602DE9F3410D4617460446002847D0036A94
S21401067013F0010346D083692BBB16F0FDFD224B18
S21401068004F13006A361FAF789FE00F5BB5010307D
S21401069043F6FF716060304613F067FE2046FDF7B3
S2140106A03DFA0146304613F060FE04F1200252E89E
S2140106B0003F43F0040342E800310029F7D14FF42C
S2140106C0800008F075F96368A68DA3EB050805F6AA
S2140106D0B835ED1A002D06DB40F27122636A013649
S2140106E002FB0388B6B2FFF70DF9002301900093D1
S2140106F0204643463246394616F00DFE122002B019
S214010700BDE8F0811846FAE7D50801002DE9F8435F
S21401071015460E4699460746FDF760FB04462846F1
S21401072013F034F9DFF890800021B8F80430C51AC8
S2140107303078FBF7C9FD25EAE5752B18FF2B08DD98
S214010740317801B90130033041F010013170C0F148
S214010750FF05089BC9F800001D603378DB060DD540
S21401076013F074FD2523B0FBF3F202FB130107F12E
S2140107704000C9B2FBF7B4FE88F806000023204605
S2140107801A46317813F08EFF2046099913F0DDFFE3
S21401079097F83820204698F80610FBF76BFD2046A0
S2140107A0B7F93C1014F03FF82046294614F04FF8EC
S2140107B02046BDE8F88300BFB42300202DE9F041B0
S2140107C086B0044616F050FD0746002504F13000B9
S2140107D016F076FC3A4600210320FFF79BFC2E4ECE
S2140107E08DF80F50002F50D0FB7913F020024ED019
S2140107F0F27903F01F039B1AAB4209DD012B14BFEC
S21401080014230423BD798DF80F3005F01F05ED0084
S214010810236A01979A0748BF9DF80F300DF10F0123
S21401082044BF43F040038DF80F3005AB0093E26EF2
S21401083004AB2046FFF76AFFDDE90417804639441A
S21401084094F8380014F077F89DF80F300544DB066D
S2140108501FD529464046FBF755FD104B6168A3613D
S2140108603368627D1944002016F041FC3B46404641
S214010870B288E16EFFF71CFDB3883B44B380336852
S2140108802B44336006B0BDE8F0813D46C0E715460F
S214010890BEE7034BE2E700BFB4230020B509010021
S2140108A0D50801000A4B5A8B22B9826812F4601FE0
S2140108B008BF5A8340F27121838D426A01338385D2
S2140108C0436801FB02330121436015F09CB900BF68
S2140108D0D01E0020032870B50C4609D004D8012884
S2140108E018D0022836D070BD51283BD05628FAD1F0
S2140108F0236A4FF4800043F0A003236208F058F8FF
S2140109002A4B1B68D97A5A79637D5B1A934246DB78
S214010910DAB244E000260B6A254D1A07AE802E6037
S21401092009D523F008030B6201F16C0012F0BBFF3E
S214010930236FC4E91B360023226BA18D04F140000E
S214010940EB71FBF7D7FD84F839002046BDE870400F
S214010950FFF734BFFCF7F6FF8442C4D1BDE8704010
S214010960FAF78ABC124DEB790133EB710B6ADB06A1
S2140109700DD5C86E13F00AF8AB88984207D1236AE2
S2140109804FF4800043F02003236208F011F8074B70
S214010990617D1A68D37A12790B449342B8DD627589
S2140109A02046BDE87040FFF77DBF00BF401F002016
S2140109B0B423002051280B4609D1064A1846D1799E
S2140109C00131D171927983F83920FFF7F7BEFFF72D
S2140109D081BF00BFB42300202DE9F04F1E4689B029
S2140109E0139C129D04EBD47C05EB85054FEA6C0C39
S2140109F00CEB4507894600928346FFF761FBA94940
S214010A00FB1781FB0752139CC3EBA203321FD2B222
S214010A1004FB02F2D21B81FB0251D217C2EBA102E8
S214010A20934200F33B81013200EB820C00224FEA35
S214010A30830800EB8305B5F90010B5F902E000293B
S214010A40B8BF4942BEF1000FB8BFCEF1000E09B2E1
S214010A500FFA8EFE7145B8BF714604358A42B8BF9B
S214010A600A466545E7D11399804401EB070C30F936
S214010A702310B8F90230A6F10C0EC3EB83135B000A
S214010A8093FBF2F30793009B5FFA8EFE5B00BEFBBF
S214010A90F3FEC1EB8111490091FBF2F10EF1080E54
S214010AA0CE45A8BFCE46139B139C069103EB0C01C3
S214010AB07C4B6618A71983FB015483FB07580294E5
S214010AC0139C01913D19FF17C7EBA80704EB050816
S214010AD083FB0C4A4FEAEC7CCCEBAA0CF24683FB78
S214010AE0069EF617C6EBAE0683FB059EED17C5EB15
S214010AF0AE0583FB089E4FEAE878C8EBAE084FEADE
S214010B00E17E029930F92590CEEBA10130F921E082
S214010B1000EB8101B1F90210CEEB8E1EC1EB811103
S214010B204FEA4E0E49009EFBF2F491FBF2FECDF821
S214010B300CE030F927E000EB8707CEEB8E1E4FEA7C
S214010B404E0E9EFBF2FEB7F90210CDF810E0C1EB97
S214010B508111490091FBF2FE00EB8505CDF814E00A
S214010B6030F926E000EB8606B6F90270B5F90260A8
S214010B7030F92C5000EB8C0CBCF9021000EB880C01
S214010B80BCF902C030F92880CCEB8C1C4FEA4C0C27
S214010B909CFBF2FC8BF80DC04FF0000CCEEB8E1ECA
S214010BA04FEA4E0EC7EB87179EFBF2FE7F0097FBC0
S214010BB0F2F70294029CC8EB881864F3070C039CB6
S214010BC04FEA480864F30F2C98FBF2F86EF3174CC3
S214010BD067F31F6C0027C9EB89194FEA4909C6EB71
S214010BE0861699FBF2F9760096FBF2F68BF80C80E6
S214010BF0CBF804C0049CC5EB851564F30707059C78
S214010C006D0064F30F2769F3174766F31F67002625
S214010C10C1EB811195FBF2F5490091FBF2F1CBF89E
S214010C200870069FBAF1070F67F30706079F67F379
S214010C300F2665F3174661F31F661399CBF800601C
S214010C4001EB810501990D4424DD5E46009F139951
S214010C50ABF10E0C01FB07F70CEB4A0C7F0083FB94
S214010C600514E917C1EBA40100EB8104B4F90240B5
S214010C7030F92110C4EB8414C1EB811164004900E2
S214010C8094FBF2F491FBF2F10236B4453D447473E1
S214010C903173E4D1504609B0BDE8F08F00224FEA27
S214010CA08308E0E667666666F8B50F46079D043B6F
S214010CB0DBB205FB03F31A4A1A4C82FB0312069EAB
S214010CC0DD17D4F800C0C5EBA205AD1B654404468C
S214010CD0FFF7F6F9AF42A8BF2F46002F1EDD4FF0F3
S214010CE0000C114B00EB8600B3F900E0861C651C76
S214010CF036F92C3030F92C20C3EB8313C2EB821269
S214010D005B00520093FBFEF392FBFEF204F81C20FC
S214010D1005F81C300CF1010C6745E9D13846F8BDE1
S214010D2067666666C4230020062A002038B502FBE3
S214010D3000F5154B154C83FB05234FEAE57C216036
S214010D40CCEBA304FFF7BCF9632D4FF0000118DDCF
S214010D5000EB840CACF1240CB0F90030B0F90220A1
S214010D60002BB8BF5B42002AB8BF52421BB212B278
S214010D709342B8BF134604309942B8BF194684451A
S214010D80EAD1034B198038BD67666666C423002026
S214010D90062A0020104B1A7842F0F0021A701A7CCC
S214010DA042F0F0021A7493F8202042F0F00283F821
S214010DB0202093F8302042F0F00283F8302093F898
S214010DC0402042F0F00283F8402093F8502042F091
S214010DD0F00283F850207047C82300200368054AB4
S214010DE023F07F6323F4002302EAC1421343036026
S214010DF0704700BF0000F80FF8B54488054604F0B8
S214010E000704072C1C4E28D11DF012FE00221101EA
S214010E10735C06EB02171B090F2B0AD00132062A58
S214010E20F5D1164A1388013313801DF0FCFD1920F5
S214010E30F8BD2B6894B27B80112373541DF0F3FD2B
S214010E40FAF7ACFA06EB0413D8602B68002023F4FB
S214010E50E02343EA04432B60EAE72301F15CC1F394
S214010E600312013202F00F02052A28BF002262F3A4
S214010E700711F154E4E700BFC8230020082A002028
S214010E8038B54488054604F00704072C0FD01DF03A
S214010E90CFFD074A2401135D43F0F00313552B6879
S214010EA043F4E0232B60BDE838401DF0BCBD38BDDF
S214010EB0C82300202DE9F0474588074605F00705B9
S214010EC0072D894637D01D4C4FEA051814F80860DF
S214010ED0FAF764FA04EB051ADAF80C30360906EB71
S214010EE0C506C01A04EB4606708014F8083003F0F5
S214010EF00F02042A9EBF013262F3030304F808308E
S214010F00B9F1030F14D114F8081004EB0514A01C52
S214010F1001F00F0117F0E7FA04461DF089FD3A6863
S214010F20074B134023433B60BDE8F0471DF07BBDF4
S214010F304FF6FF74F1E7BDE8F08700BFC823002035
S214010F400000FF7F2DE9F0411D4690460E460746FC
S214010F50FEF7D8FCFEF7BCFC04464046FEF7B8FC9C
S214010F60194B04449D4225D9184B9D4215D9184B5F
S214010F70013D93FBF4F3002BB8BF03339A1005EB46
S214010F80A305B5FBF2F379683268A1EB930102EB96
S214010F90430279603260BDE8F0810E4B0E4AA3FB36
S214010FA005535B0904FB03F303F6C313A2FB0323F8
S214010FB0DB0AE8E704FB05F3084A03F574338F33CD
S214010FC0A2FB03231B0CDEE74C62100013666606C9
S214010FD040420F001F85EB515917B7D183DE1B43E3
S214010FE0024B1A6802601860704700BF2C2400206C
S214010FF00022024B1A6000F00DBA00BF2C2400201C
S2140110002DE9F843064615F0B5F90446002835D013
S21401101045784DB91DF00CFD237863701B4B1B689A
S214011020257063601DF0FFFC4FF00108677837B943
S21401103023781BB34FF4007007F0BAFC1EE097FA52
S214011040A7F5B5FA85F508FA05F55FFA85F9636837
S21401105033B90E4B27EA050565701B686360E5E743
S2140110609B681BB963681B686360F0E749463046B6
S2140110709847012805D163681B6863600120BDE8B5
S214011080F8830228EED10020F9E700BF2C240020C7
S21401109070B500250D4EFDF737FDA84201D8012099
S2140110A012E03068FDF7E0FA50B93468FDF72CFD20
S2140110B00134B4FBF0F303FB104401353460EAE776
S2140110C0FFF79EFF0028F0D170BD00BF2824002046
S2140110D010B50446837903441B7B3A2B96BF044A1A
S2140110E0FF21D15C12F0AFFBA0790C30204410BD7B
S2140110F018080300F8B5174606460C461D4615F0B7
S2140111002EF9020713D50221304615F08BFD70B17A
S2140111101121204616F0BFFD2046FFF7D9FF457086
S214011120877021463046BDE8F840FDF7CBBF292041
S2140111300B49C5F12002A5F12003E94000FA02F2AD
S21401114020FA03F311431943CB07E1D40D212046BE
S21401115016F0A1FD2046FFF7BBFF4770E1E700BF91
S214011160000040842DE9F34105460C46019115F037
S214011170F0F8030705D501A812F095FB02B0BDE80B
S214011180F081019FBE790C36BB5D3A2B18D8164A02
S21401119012F80380B8F1FF0F12D0384612F0F6FBB2
S2140111A0013840450CD1114B1E6896B92146284698
S2140111B0A37923441A7B02B0BDE8F04116F07FBD47
S2140111C0019812F070FB2846BA5D019916F077FD7A
S2140111D0D4E773680BB93668E7E72146284698478F
S2140111E00028F8D0CAE700BF180803002C24002006
S2140111F037B504460D46082115F0ADF829462046B8
S21401120015F0E6F82146012016F000FE21460020E2
S21401121016F0FCFD012000232146034A009016F03B
S21401122086FD03B030BD00BFEB7B020037B5044638
S21401123016F068FF0321204615F0CDF80025034679
S21401124021460120034A009516F071FD284603B099
S21401125030BD00BFEB7F02002DE9F74F80460F46F9
S21401126015F07DF810F4801651D1022012F0B5FC6D
S214011270054600284DD0BB7931460C333B44B3F8C4
S2140112800490B3F806B0B3F808A016F004FD28469B
S214011290FFF71EFF02210446404615F09CF8A4F80D
S2140112A004906081A4F806B0A4F808A012F0CEFF5E
S2140112B009F10109B0FBF9F303FB19000223608071
S2140112C06370AB79BB71EA7903F10C00FA71D21A3B
S2140112D0D2B22918384412F003F94146012015F01C
S2140112E02FF81022C76063894146012000920A4AFE
S2140112F016F01DFD4FF48031404615F032F8404699
S214011300294616F0C6FC304603B0BDE8F08F232010
S214011310FAE70720F8E700BF418102002DE9F34113
S21401132004460D460146012015F00AF8012107463C
S214011330284616F0B0FC2846FFF7CAFE064600F11E
S21401134001084046FBF776F8D6F801300221C7F8C7
S214011350123073792046BB7515F03DF829460746CD
S214011360F080204616F095FC2023214600930120AC
S2140113703B46034A16F0DBFC002002B0BDE8F081D4
S214011380D18002007FB504460D4614F0E2FFC20785
S2140113903BD5204614F0E3FF430715D5002320462E
S2140113A01A460DF10F0115F04DFA9DF80F30062B78
S2140113B00AD82846F9F752F8012200232046FDF7FD
S2140113C0D1FD002004B070BD0E21284616F063FC46
S2140113D02846FFF77DFE0646FEF716FDC6F8051001
S2140113E0FEF712FD2946C6F80100204616F051FC0C
S2140113F00321204614F0EFFF002203460092214607
S2140114000120034A16F093FCDBE70821DDE700BF65
S214011410EF7F020010B5054C054A2046054916F037
S214011420D5FD2046BDE81040FFF7DABD3024002088
S214011430BF810200951501002DE9F04191F8068063
S2140114400F4686B008F10C080391044601EB080626
S2140114500146012014F074FF17F808300546023BD8
S2140114600F2B00F28E80DFE803F0088C8C8C8C63E7
S2140114708C6D8C8C2D5C8C8C8C4D1DF0D9FA717812
S2140114800546204614F0A4FF0821204614F063FF09
S2140114902146012016F0BAFC2146002016F0B6FCC3
S2140114A001230093002321461846374A16F03FFCD5
S2140114B003A812F0F8F928461DF0B5FA012006B087
S2140114C0BDE8F081B38820467288717815F0A5F9D9
S2140114D0204614F044FF830708D42046039916F0EB
S2140114E011FE0121204616F0BEFBE7E7AA68274B4E
S2140114F09A4203D12146012016F058FC03A812F0A7
S214011500D2F9EEE7836843B103AA0492B2780321C5
S2140115108DF8142004AA2046984703A812F0C3F9B0
S214011520CCE78368002BF8D003AA04927278EEE722
S2140115308368002BF1D00022059203AA04920421AD
S21401154004AAE8E7039D21460120AE7914F0F8FECF
S2140115500F4B82689A4203D02846F8F77FFFADE723
S214011560AB19D3F80D202046D3F81130FDF7FAFC5D
S2140115702846F8F773FF2146012016F017FC0221D2
S214011580B0E700209BE700BFF9800200EB7F020076
S214011590EF7F02002DE9F3410D46044614F0D9FE13
S2140115A010F0010FAB7974D00C3315F80380EE18E8
S2140115B0B8F1010F4AD0B8F1080F42D0B8F1000FC8
S2140115C05AD12046718916F0A0FBB38872889A42D8
S2140115D094BF07460027092B38BF09237278013BC1
S2140115E09BB29A4219D8002A08BF00272046FDF769
S2140115F04FF880B213F091FA88B14388B18800930E
S2140116000846F388328916F0C6FA50B92846F8F724
S21401161025FF012002B0BDE8F0814746E6E7012339
S214011620ECE7002FF2D02146002014F089FE1023AB
S214011630C560009373891B4A2146002016F077FB8C
S214011640E7E72946204616F0F5FCE2E72046F18852
S21401165016F05BFB0746701C13F04AFA0028D5D03B
S214011660002FD3D02146002014F06AFE2023C56047
S2140116700093F3880C4ADFE72946204614F026FA41
S2140116800028C6D12946204602B0BDE8F041FFF742
S214011690D3BE2B441B7B0E2BD3D02946204614F0F9
S2140116A004FAEDE7418102008980020038B504465C
S2140116B00D4614F054FE42070FD4204614F04FFE98
S2140116C083070AD42046022114F04BFE2946204601
S2140116D0BDE83840034A16F00EBC2846F8F7BEFEB1
S2140116E0002038BD2D12010038B504460D4614F011
S2140116F030FE00F0050004280CD1204614F02FFE21
S21401170010F4C02F06D129462046BDE83840044AC9
S21401171016F0F1BB2846F8F7A1FE0C2038BD00BF35
S21401172059120100014A16F0E6BB00BF1D13010065
S21401173070B505460C460146012014F001FE06462A
S214011740284614F00CFE010704D52046F8F786FE5D
S214011750002070BD33685A05F7D4284614F0F9FD09
S214011760C30708D521462846FFF7A0FF18B912F08F
S21401177034FA044670B156E8003F43F4806346E805
S2140117800032002AF7D121462846BDE87040024AB9
S21401179016F0B1BB0720DCE78513010073B50446DC
S2140117A00E4614F0D6FD00F00C0004284FF002009F
S2140117B031D112F012FA054678B34379022143F08B
S2140117C00203437116F067FA2846FFF781FC2946A3
S2140117D04670204616F05DFA1621204614F0F8FDF4
S2140117E00821204614F0B7FD2146012016F00EFB15
S2140117F02146002016F00AFB204616F0B1FB012117
S214011800204614F0E8FD0346012021460090044AD4
S21401181016F08DFA002002B070BD0720FBE700BF6E
S21401182019800200F0B589B00D46044614F091FD0A
S21401183010F00100AB7900F0A1800C33EA18EB5CE4
S214011840033B082B00F23381DFE813F00900310176
S214011850310182003101310131015C007C00D2F896
S2140118600100D2F8051003ABB2F8097003C302F108
S214011870130301210B32204615F003FE04212846EE
S21401188016F009FA2846FFF723FC06460C2105A8A0
S21401189000F026FA05AB03CB3346C6F80100C6F8BE
S2140118A00510079A002143F8092F2046721C15F0EF
S2140118B0E8FD2146002014F043FD034603AA4783B2
S2140118C003CAC3F81200C3F8161020460821FCF715
S2140118D0F5FE8021204614F03EFD204615F0EDFD74
S2140118E02946204616F0D5F90321204614F073FD4B
S2140118F00346002021466F4A009016F018FA012090
S21401190009B0F0BD0B21284616F0C5F92846FFF7A9
S214011910DFFB2946204616F0BCF91DF089F805467E
S214011920C021204614F017FD4FF48051204614F0D4
S21401193018FD28461DF077F84FF48061204614F014
S21401194014FDDCE72846F8F789FD4FF40071F5E74A
S2140119500621284616F09FF92846FFF7B9FB2046D0
S21401196014F081FF2946204616F093F9204615F01B
S214011970C9FD2146002016F019FAC0E72B441B7B4F
S214011980043B072BBCD801A252F823F0AD19010085
S214011990D1190100331A01000119010001190100D2
S2140119A00119010001190100491A01002046802190
S2140119B014F0D1FCAA7920460C322A4402F109031C
S2140119C00021013215F05DFD2846F8F747FD96E740
S2140119D04FF48060FEF790F9B0B100274FF4006134
S2140119E0204614F0BEFC2046CDE90577FCF750FEF4
S2140119F00646204614F0ABFC39460346009505AA78
S214011A00B0B215F0F6FF7AE72146012014F098FCF3
S214011A1000F11201204615F08AFD0621284616F02F
S214011A203AF92846FFF754FB2946204616F031F9C5
S214011A3065E72846F8F712FD2146012016F0E6F97B
S214011A40204615F05FFD5AE71CF0F2FF064680219E
S214011A50204614F080FC4FF48051204614F081FC9F
S214011A6030461CF0E0FF4FF4C061204614F07DFCC8
S214011A702946204616F00DF92146012014F060FC97
S214011A80C268054682B1937901210C331A4402F1EA
S214011A90130320460B3215F0F4FC204615F00DFD1D
S214011AA02046E96816F0F5F80023EB6027E70020EA
S214011AB026E700BFF981020010B5074C074920460A
S214011AC0002216F083FA2046FFF78AFABDE8104096
S214011AD001200021FEF716B93C240020251801003C
S214011AE038B50C468B7905460C331944E35C142B48
S214011AF003D0152B0FD0002038BD013116F052FC53
S214011B0015212846224616F095FC2146284616F051
S214011B10C0F80120F0E70146012014F011FC0B4B40
S214011B2082689A4203D02046F8F798FCF1E7A1793B
S214011B30284621440D3116F035FC2046F8F78EFC78
S214011B402946012016F032F9E3E700BF8984020036
S214011B5037B504460D460A46142116F06BFC294695
S214011B60204616F096F80321204614F034FC302265
S214011B700346009221460120024A16F0D8F80020BA
S214011B8003B030BD8984020010B5074C07492046D2
S214011B90074A16F01BFA2046FFF722FABDE8104066
S214011BA020200021FEF7AEB848240020E11A0100EB
S214011BB08D84020073B51E46ADF800208DF8023004
S214011BC0009B044601A801930D46114616F0D4FB6E
S214011BD09DF80630B34203D1BDF804308B4205D0E0
S214011BE02846F8F73BFC122002B070BD204614F0E0
S214011BF0B9FC9DF80230827A9A4209D18288BDF8F2
S214011C0000309A4204D12846F8F728FC0020EBE77A
S214011C106946204615F074F829462046014A16F012
S214011C206AF9E1E7511B01002DE9FF4107460E461F
S214011C301446DFF838804346694638460A4AFEF7B6
S214011C4039FC0028F7D0102C254628BF1025304631
S214011C502A46694611F044FC641B2F442E44EAD1FF
S214011C6004B0BDE8F08100BFA52B0020952B002015
S214011C7030B589B020226946FFF7D6FF6A460C4D7B
S214011C8004AB144603CC9C4228606960224605F1E9
S214011C900805F6D1074C08AD1A4603CAAA422060C9
S214011CA06160134604F10804F6D109B030BD00BFE7
S214011CB0952B0020A52B002010B588B06946202062
S214011CC00EF088FB044630B96846FFF7D1FF0122C3
S214011CD0024B83F82020204608B010BD952B00202B
S214011CE070B5134B054693F820300C468CB00BB9F3
S214011CF0FFF7E2FF0023CDE90033CDE9023354B903
S214011D001C22214605A8049411F0E2FB04A8FFF763
S214011D10AFFF0CB070BD102C264628BF10262946F2
S214011D2032466846FFF780FF3544A41BE7E700BF4D
S214011D30952B002001238340DB43064901F1240251
S214011D4052E8002F1A4001F1240C4CE8002000282C
S214011D50F4D17047542400200123074A03FA00F007
S214011D6002F1240353E8003F034302F1240C4CE83C
S214011D7000310029F4D1704754240020044A4FF062
S214011D808040536A43F40023536206F011BE00BF3D
S214011D9054240020024B586AC0F38000704700BFED
S214011DA05424002010B51A4CFFF7F4FF636A13F0B1
S214011DB0010313D1A8B994F85D3094F84910253B76
S214011DC0DBB20133DBB2032B28BF002341FA03F257
S214011DD0D207F6D5253384F85D3014E094F85030F8
S214011DE010B194F85120134303F00503052BE2D1FB
S214011DF0F9F7F8FA0028DED194F85C30012B03D10C
S214011E00032384F85C3010BD012384F85C30D2E7EC
S214011E1054240020024B586A00F00100704700BFAE
S214011E2054240020F8B540F271232F4CE36018B11A
S214011E30237D43F008032375F9F7B0FA40F27121C8
S214011E40B4F84620E66B151F4D43AE42236CB4F83A
S214011E50447018D2A3F5967301FB0733E768181A86
S214011E6023893B4483420EDA5143237D891B43F089
S214011E70080323758142D4BF216120611A48BDE859
S214011E80F84013F0A3BE40F271277A43A2F5E1723F
S214011E902261FFF787FFB4F84420236CAE4207FBAC
S214011EA00233636023644FF00003104AE3630DD3EB
S214011EB0FFF770FF136838B19A791B7B617D0B447D
S214011EC093420DDC6375D9E71A78F6E7FFF762FFF0
S214011ED0136838B1DA79197B637D5B1A9342F1DABC
S214011EE06275CBE75A78F6E754240020401F00209D
S214011EF0274B70B55A6A0D4609B3160747D503F145
S214011F004D0603F14A0428B3D1061FD52388012BB9
S214011F101CD95B0804202380FFF70CFF1020FFF775
S214011F2009FF12F093F92388B0FBF3F202FB1300CA
S214011F30307055B30320BDE87040FFF7FBBE940632
S214011F4025D503F1B10603F1B404DCE70420FFF75D
S214011F5003FFE3E7D20314D5B3F84A10B3F84E20D3
S214011F6091420ED222881020520092B22280B3F8FB
S214011F704E30934228BF13462380FFF7DBFE042032
S214011F80CDE71020FFF7E8FEF9E70520D3E770BD9F
S214011F905424002070B58AB005466B46484AAC7991
S214011FA010685168127A03C30C3408201A702C4446
S214011FB0FDF7A2FE20B101222846A11D11F04FFC1B
S214011FC00021A379CDF821108DF80F30A37AADF852
S214011FD0251003F00F0303F128026A4412F8282C97
S214011FE08DF82010ADF81020062B08D8DFE803F096
S214011FF0044F07075F074B000D20FFF7ADFEA37ADE
S2140120000DF11301C3F380138DF81230E3680DF15F
S2140120101200CDF81330238A09AEADF8173000232D
S2140120201A4611F034FFE3791C218DF819304FF46C
S2140120307F43ADF81A307F238DF81C30637928462C
S2140120408DF81D300023ADF81E30AB7903AC12338A
S214012050AB7111F06FFCAB792B440C33224603CAEB
S214012060B24218605960144603F10803F6D11068AD
S21401207029461860134811F0EBFC4FF0804006F03B
S21401208097FC0AB070BD0D20FFF754FEB7E7D4F8F1
S2140120901230CDF82130E38AADF82530EB79063BD6
S2140120A0EB71A37AC3F3C0138DF82030A7E7064B74
S2140120B05B6A9B0444BF42F00102ADF810209EE724
S2140120C053080300742400205424002070B583793B
S2140120D00C33C4182379DA0702D44FF0FF3070BDF1
S2140120E0A37AE27A03F00F05082DF6D8062D01D95A
S2140120F02846F4E7911F1F29EFD8012D1FD10C2A7E
S214012100EBD1244E736A13F0060F01D1DB05EFD431
S21401211011F0CAFE20B911F0BEFE0028E8D1DCE7B6
S214012120A37A96F84820C3F3C010B2EBD31FD4D1DC
S21401213004F1120100F0010014F09FFEEDE7042DFA
S214012140D6D11449144A486A0240002AC5D0096B00
S2140121500029CDD08A79C3F380130C3288188A5CA3
S214012160B3EBD21F08D011F09FFE0028C0D111F0AA
S21401217089FE0028BCDBB0E704F10C01062208301A
S21401218011F07CF9044611F08FFE0028B0D1002C26
S214012190AED0ECE75424002008000400F0B5214C32
S2140121A087B0A06A00B3E76ABE79FCF771FA02232A
S2140121B0FF210C36BA5DCDE90431BD1995F82330FF
S2140121C000215B090393AB8BD20902936B8B80B220
S2140121D001932B8B009305F1080315F020FBA06AF1
S2140121E0FCF704FD0023A362E06AF8F737F9002341
S2140121F0E362636A23F00402DB07626208D594F89F
S2140122005050052D06D1F9F7EDF818B184F85C5059
S21401221007B0F0BD94F8500016F0CEF984F85C00D3
S214012220F6E700BF5424002013B5154C1CF000FC43
S214012230236A0193002323621CF0F5FB019BA3B9DB
S214012240636A1A0406D512F0B6FEA0B1636A23F4D7
S21401225000436362636A1B0305D5FFF79FFF636A4A
S21401226023F40023636202B010BD01A811F039FB0C
S21401227012F015FFE2E74FF0804006F099FBE9E720
S2140122805424002038B50E4D044600F0F1F8286BB2
S21401229018B1F8F7E3F800232B6312F059FC09484C
S2140122A0FEF7EEFDEB6A0BB1FFF768FD044884F01C
S2140122B0010113F097FCBDE83840034811F0F3BA6A
S2140122C0542400205C24002074240020034B586A08
S2140122D010F0050001D1FFF7D5BF70475424002048
S2140122E038B51A4C0546237D23F00803237500F004
S2140122F0BFF8B4F8BC302BB9A36813F4601F08BF4D
S214012300A4F8BC300021114813F06CFC104BA361FB
S214012310636A5A0405D485F00100BDE83840FFF72A
S21401232081BD626B6168521A002AF4DA23F0010358
S21401233043F400436362FFF7C9FF4FF0804006F0A5
S21401234037FBFFF727FD0028E5D138BD54240020D0
S214012350CD85020008B5FFF71DFDB0B10B4B586ADD
S21401236020F0040210F001005A6203D1BDE80840D3
S214012370FFF788BF00F07CF812F0EAFBFFF7FEFCDF
S214012380BDE808400020FFF7ABBF08BD542400207D
S2140123902DE9F04F4FF0000B2E4C89B0E66AA36A88
S2140123A0B779C4E90ABB0C37F51901936B6A9046F5
S2140123B0824689460393F8F75FFFF35D05F1080748
S2140123C03946C3F3C01306A88DF8183011F074FD12
S2140123D0FF238DF81930636A01A8C3F380230E35F5
S2140123E08DF81A30CDE904578DF808B08DF81BA08A
S2140123F08DF81C908DF81D80FCF766FC3046F8F7CA
S2140124002DF8636A23F02402DB07626205D40120FB
S214012410FFF738FF09B0BDE8F08F0F4B94F8505026
S2140124201A68052D1378527813444FEA63036375CF
S2140124300AD094F8500016F0BFF80546012084F83B
S2140124405C50FFF74DFFE5E7F8F7CCFF0028F0D02A
S214012450F4E700BF54240020401F0020034B5B6AB2
S21401246013F0060F0CBFE220F12070475424002021
S21401247008B5FBF767FA054B834206D1F8F7FCFE71
S214012480BDE808400020FDF793BA08BD542400209B
S21401249070B51E4C1E48FDF78BFA94F85C3094F824
S2140124A05D200021C82012F00CFB014604F1540007
S2140124B011F05BFF04F1540014F002FE00221146F5
S2140124C01046FDF727FE6668F8F768FF0246FFF735
S2140124D0C5FFB61AB6F5FA6F05460BDCFBF7ECF846
S2140124E0627DA0F5E171284614F033FEBDE8704028
S2140124F0F8F7A0BE6668FBF7DFF83146A0F5E17293
S214012500637D284614F007FEF0E700BF5424002040
S2140125108D28010038B5F8F7AFFEFBF7D3F840F287
S214012520EE2398420E4C0EDDFFF798FF0546FBF7AB
S214012530C3F8627DA0F5E171284614F00AFEBDE8F5
S2140125403840F8F777BEF8F729FFE36B62689B1A05
S2140125500344E3630020BDE8384016F045B800BFE9
S21401256054240020F7B5104C064694F84D500F46FB
S2140125702DB10020013D84F84D5003B0F0BD0B4B4A
S21401258002201B685978F8F77DFC94F848303A46E3
S214012590CDE9005331460323206B16F056F8206B25
S2140125A0FDF768FE0120E8E754240020401F0020C4
S2140125B0094A02F1240353E8003F43F0080302F1FD
S2140125C0240040E800310029F3D1044B01201B68A8
S2140125D05978F8F76DBC00BF54240020401F002036
S2140125E070B50A4C636A5B070DD58B790C33CD1831
S2140125F050B9E879CE58298914F0CAFD0644A66375
S2140126006B7984F84C3070BD0120F3E75424002028
S2140126102DE9F04F16468DB0021E069108BF002127
S2140126201F46964B0592DD6A5B6AAC7938460C34D8
S2140126302A5DC3F3801B61F345122A55314603F028
S2140126404002039211F032FC05EB04080790285D66
S21401265008F108094946C00911F028FC039B824687
S214012660002B44D1002844D111F01EFC80F0010358
S214012670DBB25A463146384603F0010314F0B0FD8A
S2140126800490002800F08A80039B002B33D1BAF116
S214012690000F75D1079B002B72D011F0F6FB0028B6
S2140126A06ED001220AA90DF1270011F001FC0028C5
S2140126B074D09DF827302A5D591E4B424B41B3EB2F
S2140126C0D21F6BD1062248460AA910F0D7FE002871
S2140126D064D13368C8F80830B388A9F804302B5D94
S2140126E067F3C7132B554FF0000AD34619E00123B1
S2140126F0BFE7039BBDE7614B5B6A13F4007A1CD10D
S21401270015F804B0CBF3801B504611F0D6FB3368A6
S214012710C8F80830B388A9F804302B5D67F3C713EF
S2140127202B55059B554E002B3ED196F8B130002B0C
S2140127303AD0013B86F8B13030E011F0A3FB002817
S21401274006DA15F804B04FF0000ACBF3801BDBE77E
S21401275000221146104611F0A5FB15F804B082467A
S214012760CBF3801B0028CFD0002302211A4608EBAA
S214012770010015F042FF2B5D60F386132B55C3E76E
S2140127807A1E57422B5D5741B7EBD31F06D106225F
S2140127903146484610F072FE0028A4D00023049368
S2140127A004980DB0BDE8F08FF8F7F8FDF36A00F174
S2140127B096019A7908F10E0013441A6B059B009353
S2140127C09DF8583015F06BFF2D4B059A07461B6890
S2140127D0A2B959780220F8F755FBF06AFDF74AFDD1
S2140127E0F36A9A7913441F63FBF7ACF8254B8361B0
S2140127F0069BBBB9736A23F4806316E0D97900207F
S214012800F8F740FBF06AFDF735FDF36A1E489A7942
S21401281013441F63FDF7CCF8069BC3B9736A23F410
S214012820806317E0736A43F480637362039B9BB112
S214012830BAF1000FB4D0002359461A4608F1020037
S21401284015F0DBFE2B5D60F386132B55A8E7736A44
S21401285043F480637362EBE72B5D0022C3F3C0137E
S21401286049460AA88DF8283011F022FB2B5D9DF809
S214012870282062F3C7132B55DAE700BF5424002043
S214012880401F00204F4B0200592A01002DE9F04F4E
S214012890532885B01FD005D8512800F0CE8005B04A
S2140128A0BDE8F08FA0F15503012BF8D855384FF04D
S2140128B0010118BF0120FFF71BFBF8F76FFD644A03
S2140128C0D36B51685B1A03440020D36305B0BDE89F
S2140128D0F04F15F089BE002503A84FF0FF31039590
S2140128E0F8F79EFE03985A4E58B1FFF7EFFB0828FB
S2140128F0804603D8574B1F5C380709D403A810F04D
S214012900D2FF736A13F0060F15D0FFF703FE12E02D
S214012910B8F1070F16D1726A12F48012EED1304662
S214012920039912F00BF90028EBD012F012F910B14E
S2140129300120FFF777FA0121084605B0BDE8F04F00
S214012940FFF7D6BA039CFAF7BDFE736A814613F009
S214012950040343D017F0020340D0A0F56E73002B9A
S2140129600DDD0120A2790C322244917A0090C1F348
S21401297080130C32C1F34011FFF74AFE054620468C
S214012980F8F77EFE21460120FFF72AFE736AD90773
S2140129902ED503F0800A94F806B011F085FA0BF1F3
S2140129A00C0BA34480F001039BF80A00BAF1000265
S2140129B018BF0122DBB20BF10C01C0F3801014F03A
S2140129C00FFC68B155BB736A20469A073AD5FB07D8
S2140129D012D47B0739D5FFF7DDFA92E71D46CEE71D
S2140129E0BAF1000F04D1514611F064FA0028E9D07B
S2140129F02046F7F733FD1CE015F0C0FE70B1A9F2D2
S214012A001659B9F1000F09DDA0790C302044817AFE
S214012A100C30C1F38011FFF7A5FD0546B8F1040F90
S214012A2002D1736A9907E3D57A07E1D52046FFF705
S214012A30B1FA002D7FF47FAF63E705B0BDE8F04F34
S214012A40FFF7B6BDB8F1040FC3D1F7F707FD58E796
S214012A50542400205D080300512808B50BD108480E
S214012A60FCF7A6FF0122074B104693F94C10BDE870
S214012A700840FFF78DBCBDE80840FFF707BF00BF61
S214012A808D2801005424002010B5FCF73DF80622DD
S214012A900121064B0138DB6840B20333040600D53A
S214012AA010BD02FB00F401381955F7E71425002084
S214012AB038B5094D0446E86818B111F0D3F900237A
S214012AC0EB602CB10621204611F0C9F9E86008B187
S214012AD0002038BD1920FCE714250020820800F0EC
S214012AE0030030B5430003290FD8DFE801F0020FD9
S214012AF01A260120591C144C00FA01F1984041EAAB
S214012B000003A15C21EA0303A35430BD01200E4C4F
S214012B1000FA03F5A15C03442943984021EA000327
S214012B20F2E70120084C00FA03F5A15C21EA050151
S214012B300344984041EA0003E6E70120024C00FA0C
S214012B4003F5A15C2943F3E714250020F0B5164CE4
S214012B50054694E80700267C0127002485B001ABD2
S214012B6003C31A80C4F3C403EA5C04F0070307FA3C
S214012B7003F31A42E0B210D103210134FFF7AEFF8E
S214012B80252CEFD10A22084901A810F077FC48B19C
S214012B9005B0BDE8F040FFF777BF012E14BF002156
S214012BA03146EAE705B0F0BD1425002008B5FBF76D
S214012BB06FFD054B00B2DB6800EB400013F8100018
S214012BC0431E5842584108BD14250020F8B5054655
S214012BD0FBF75EFD144E03B2F26803EB43035F009E
S214012BE002EB4303DA78F2B19A88B5F880102846EA
S214012BF00A449A805B7803EB830303EB8303DC00D0
S214012C0013F058FC40F271234FF47A714343B3FB3F
S214012C10F1F3F2689BB23A449188A4B24B439C42CA
S214012C20BCBF0223D370F8BD1425002070B505463D
S214012C30FBF72EFD074E04463146284600F050F8B5
S214012C4038B9F26823B203EB430302EB4303D870AF
S214012C50988070BD1425002037B50446FFF7A6FFFF
S214012C6018B3204613F075FBC3071ED5104D2B7CF9
S214012C70012B05D16846F9F7DDFB6846FFF766FFCD
S214012C802046FFF7A3FF2046FBF702FDEB6800B2E4
S214012C9000EB400003EB4003DB78022B05D1204616
S214012CA003B0BDE83040FFF7C1BF03B030BD00BF81
S214012CB01425002013B5044614F0EBFF032120462B
S214012CC013F089FB02220346009221460120034AA3
S214012CD015F02DF8002002B010BD00BF5587020088
S214012CE070B5064600200D4610F077FF0446A8B1E1
S214012CF0292114F0D0FF2046FEF7EAF92B68214679
S214012D00C0F801306B68064AC0F805302B89A0F878
S214012D1009303046BDE8704015F0EDB8072070BDAB
S214012D20B52C01000022034B1A609A80FF229A718B
S214012D30704700BFD82B0020064A1379834207D973
S214012D40012312688340134214BF012000207047FC
S214012D500020704728250020054A034610680022F7
S214012D6008B91A607047C10748BF01324008F7E743
S214012D7028250020F0B541EA002087B040F49027CE
S214012D8006200E461546F1F757FE11F066F8044682
S214012D9040B901461A2002F055FF6FF08C0528460F
S214012DA007B0F0BD43684761DAB222B923F0FF03EA
S214012DB043F0010343600FF01CF90002062E1C4B82
S214012DC040F0010060600CBF40F201114FF48071C9
S214012DD0204615F0D5FCE360164B2A46236002AB6D
S214012DE01E4605F110071D4610685168083203C5D6
S214012DF0BA422B46F7D1102130461AF05BFD10225D
S214012E003146204601AB0FF047FC054620B101468E
S214012E1040F2074002F016FF102130461AF058FD26
S214012E2020460FF0CDFE204611F01CF8B7E700BF94
S214012E300044400400248000102A2DE9FF4706467E
S214012E400F46154623D800244FF00109DFF84480C9
S214012E50DFF844A0D8F8002009FA04F3134213D08F
S214012E6046EA042040EA0A006A46E9B280B205F062
S214012E7031FE48B92A463946684610F0FFFA18B9B5
S214012E8060B204B0BDE8F0870134202CE2D14FF0E7
S214012E90FF30F6E7282500200080FFFF2DE9F341EB
S214012EA01D4E054601460622304610F0E7FA20B9C7
S214012EB096F9060002B0BDE8F0810024A046EF1C9A
S214012EC02046FFF739FFD8B13B88CDF80080ADF832
S214012ED00330BB786946E0B28DF8053018F03CFB4C
S214012EE021280DD0A8B903222946684610F0C6FA53
S214012EF030B92B6860B23360AB88B071B380D9E764
S214012F000134202CDCD12B683360AB88B380FF23DF
S214012F10B3714FF0FF30CDE7D82B0020034B93F968
S214012F200630013301D1FFF7FDBE7047D82B0020D4
S214012F30F7B5044619F000FD631C58D1FFF7F2FE01
S214012F400024624E3379A3422CD84FF4004100246A
S214012F50084605F01FFE20224FF0FF315C48346022
S214012F6010F0B6FA204600F057FCFF260446594DED
S214012F705CBB59480FF0A0FA014630B110F1880F3A
S214012F8003D040F2074002F05DFE0C214F4A43F6A3
S214012F90FF7005F083FD202138204D4A05F07EFDA7
S214012FA000202AE02046FFF7C7FE60B165B2052182
S214012FB0284615F0E7FB0321284615F0E3FB06211A
S214012FC0284615F0DFFB0134BCE794F97530013370
S214012FD005D02B7843B91321204616F0CAF82046AF
S214012FE000F01AFC0446C3E784F87560F7E720464C
S214012FF0FFF7A2FE18B940F2064003B0F0BD6B46DB
S21401300006220021204615F013FC002845D049234E
S2140130108DF806304FF47F41304840EA04200840DE
S21401302005F0B8FD0521204615F0ACFB032120462E
S21401303015F0A8FB0621204615F0A4FB0122234922
S214013040E3B29A400B6823EA02030B60244B93F920
S2140130500630A34201D1FFF765FE002005460B7935
S2140130601B4A013BC1B2994221DBFF260020D65400
S21401307000F0D2FB0546174F002D86D095F9753026
S214013080A34205D13B78EBB91321284616F071F817
S214013090284600F0C1FB0546EEE76B4606220121F5
S2140130A0204615F0C5FB0028B4D07223B0E756566B
S2140130B0A64200D025B1551895F901505554012561
S2140130C00130CFE785F87560E2E700BF28250020CC
S2140130D0B82B0020B62B0020370004000080FFFF2D
S2140130E0D82B00202DE9FF41354C064601A8FFF7F5
S2140130F033FE2379019A93421ED86279012A40D180
S21401310000274FF0FF383D4610E02368EB40D90713
S2140131100BD5082202AB114668B215F089FB20B127
S214013120039B43453CBF2F469846013523799D4274
S214013130EBD378B2FFF7FCFE236813F0010529D024
S214013140002501220135202D18D002FA05F71F426D
S214013150F8D13B432360A3680C21013343F6FF708B
S214013160174A7361A36005F099FCA8B1236823EAA6
S21401317007032360A368013BA36073614FF0FF352B
S21401318019E0022AFAD10F4A134413F9010D421C21
S214013190FBD0CFE70127DCE722790A4C013A21462A
S2140131A0D2B2601C10F07AF96DB222462021382086
S2140131B0257005F073FC284604B0BDE8F08100BF19
S2140131C028250020B82B00202DE9F043002489B0E3
S2140131D0AF4D04213F2001AA2C7005F07BFC00B105
S2140131E00194019F002F4FD00026781E4742474189
S2140131F000242C70A74D0C212A4643F6FF7005F0DB
S21401320069FCC0B10D23AB80019B2C60032BAC6025
S21401321011D803AC2246142143F6FF7005F05AFC80
S21401322048B994E8070085E807002A460C2143F6CA
S214013230FF7005F033FC019B042B06D004213F20D0
S2140132400DEB0102019105F029FC20213820924A5C
S21401325005F040FC28B120224FF0FF318E4810F0D7
S21401326037F903222B795B00B3FBF2F38B4A137019
S214013270FFF758FDF2F792FE014618B140F20740FB
S21401328002F0E0FC002413E001263746B0E72B6885
S214013290E340D9070BD508224FFA84F81146404679
S2140132A003AB15F0C5FA10B94046FFF741FE0134ED
S2140132B02B799C42EBD38EB11021372003AA05F05F
S2140132C009FC002852D10620F1F7B6FB10F0C5FD27
S2140132D0044680B901461A2002F0B4FC3FB13D20F5
S2140132E005F014FC00242B799C42C0F0AB80002032
S2140132F009B0BDE8F0836A4A43684261DAB222B98E
S21401330023F0FF0343F0010343600EF072FE000258
S214013310644B40F0010040F201116060204615F058
S2140133202FFAE360604B1021236003A81AF0C2FA5B
S214013330102202AB03A920460FF0AEF90646102173
S21401334003A81AF0C5FA20460FF03AFC204610F002
S21401335089FD372005F0DAFB46B140F207403146D9
S21401336002F070FC4FF0FF30FFF7E2FD002623E08D
S2140133703046FFF7E1FCF0B174B21022032120467B
S21401338003AB15F055FA1028814620D103212046BB
S21401339003AAFFF7EFFC8046494603A81AF098FAFD
S2140133A0B8F1000F0CD040F20740414602F04AFC4B
S2140133B02046FFF7BDFD01362B799E42D8D38DE717
S2140133C048F2030040EA062080B205F09FFB102277
S2140133D00521204603AB15F02BFA1028814613D1A0
S2140133E00521204603AAFFF7C5FC8046494603A8E7
S2140133F01AF06EFAB8F1000FD5D148F2050040EA8E
S214013400062080B205F082FB10220621204603AB7F
S21401341015F00EFA10288146CDD10621204603AAC2
S214013420FFF7A8FC8046494603A81AF051FAB8F1FE
S214013430000FB8D148F2060040EA062080B205F037
S21401344065FBB8E72046FFF777FCF0B166B20422C9
S2140134500C21304602AB15F0EBF904280AD1029B89
S2140134600122C3F300238DF80C300C21304603AB48
S21401347015F09DF900231022CDE90333CDE905337C
S2140134800D21304603AB15F092F901342BE700BF4E
S214013490B62B002028250020B82B0020B72B0020B3
S2140134A0370004000044400400248000F8B5104BA7
S2140134B0044618790F4B00221D46D1B2884204D922
S2140134C013F9017B561CA74204D10B4B1B788B4288
S2140134D002D9F8BD3246F0E70649481C0FF0DEFF78
S2140134E02C702021BDE8F8403820024A05F0D6BAF3
S2140134F028250020B82B0020B72B002020F0004004
S214013500A0F20540F8B5032817D8DFE800F0021747
S21401351028330C790F78A4F11B02534253414E888D
S214013520CD8801F108021948990010F08FF820B1F2
S2140135300771A0F80560C4710581F8BD0E784D8845
S2140135408C8801F108021248002110F07FF800284B
S214013550F3D00671A0F80550A0F80740EDE70D4836
S2140135600D784C6810F03AF80028E6D00571A0F8FE
S2140135700540E2E707480C7810F030F80028DCD068
S21401358007234371002304718371D6E78008030083
S2140135907C08030078080300002110B5821D83888B
S2140135A00446084610F044FC024648B1618820886B
S2140135B016F095FE044603481AF0B4F8848010BD50
S2140135C01A24F8E720020A1737B5B0F80140C57883
S2140135D0007815F01BFF68B1002321462A46CDE985
S2140135E0003317F012F8044603481AF09BF884805B
S2140135F003B030BD2524F7E720020A0440F2055344
S21401360020F0004098422DE9F0410BD840F20153DA
S214013610984209D840F2014398420DD040F20A433D
S214013620984214D0BDE8F081A0F20350022816D8C3
S214013630DFE800F024495C000D784C882D480FF037
S214013640CDFF0028EED00571A0F80540EAE72A482C
S2140136500C780FF0C3FF0028E4D00471E2E7274896
S2140136600F784E880D79CC880FF0B8FF0028D9D096
S2140136700771A0F80560C5710481D3E78C684E8890
S2140136800D790F7884B1B1F8068001F108021C4863
S21401369000210FF0DBFF0028C4D00771A0F80560F9
S2140136A0C571A0F80880BDE7234622462146144886
S2140136B00FF0A5FF0028B5D00771A0F80560C57109
S2140136C004724472AEE70F4891F800804F880E7975
S2140136D0CD880C890FF082FF0028A3D080F80480E3
S2140136E0A0F80570C671058144819BE70D784C688A
S2140136F00548A4E7A808030094080300A4080300EB
S214013700A00803009C0803009808030030B587B0A2
S21401371005460C4600930749134603A802220CF0FF
S214013720E9FA28B9049B03A89D80DC8019F070FF94
S21401373007B030BDB40803007FB506460D4601A8A4
S214013740074914460CF0B6FA38B9029B01A81E7157
S214013750A3F80550DC7119F05BFF04B070BD00BF23
S214013760AC08030070B504460D461B4A13686BB3DC
S21401377093F87D10586811F0040129D110608C224D
S214013780184693F870600FF0A3FE034680F8706049
S2140137902268C0F85A20A288A0F85E20A27980F894
S2140137A060202868D864AA79A98883F85220FF2265
S2140137B083F8752083F8762040F6FF72A3F86E2012
S2140137C0064AA3F85010116813605960184670BD78
S2140137D01A1D0346CBE700BF3825002034250020FC
S2140137E0054A0346106800B97047B0F86E209A4241
S2140137F0FAD04068F7E700BF34250020054A0346A3
S214013800106800B9704790F870209A42FAD0406864
S214013810F7E700BF3425002010B9024B186870473F
S21401382040687047342500200023114A2DE9F041F5
S2140138308C211360804602460120F6F78FFF04466E
S21401384020B905460B4E3060454502D32046BDE8FB
S214013850F0810120F6F7E8FF07468C2200210135AA
S2140138600FF036FE87F8705037603E1DECE700BF5C
S2140138703425002038250020012310B58B4090F810
S2140138807110044621EA030149B280F8711000293B
S21401389049D119F04DF8204617F089FE102104F1A0
S2140138A018001AF015F8204601F0C4FE04F138009D
S2140138B00FF0F9FF204617F031FE214A13681BB1BD
S2140138C09C42596830D11160A36859050BD51A0579
S2140138D009D443F40063A18994F87000A36004F14D
S2140138E0780204F0CDFC00232046636019F0B5FF92
S2140138F014F0C8FF4FF48072B2FBF0F2424394F822
S21401390070300344B3FBF2F102FB1133DBB2591EF4
S214013910C9B2FD29F5D884F8703000236360094BDD
S2140139201A6852B91C6010BD1A465B68002BCBD0D2
S2140139309C42F9D163685360C6E7131D5268F0E7ED
S214013940342500203825002090F8743003F00B034E
S214013950013BDBB20A2B9ABF014AD05C00207047BC
S214013960BC0803001FB5014690F870308DF804308E
S214013970FFF7EAFFB1F862308DF80C00ADF80630BB
S214013980B1F8643001AAADF80A30B1F866300548DE
S21401399040F20311ADF8083019F073FF05B05DF879
S2140139A004FB00BF8025002007B590F870308DF825
S2140139B0051001AA40F2072103488DF8043019F0DA
S2140139C060FF03B05DF804FB8025002038B50A4B84
S2140139D004461B680D462BB143699B0702D515F0BB
S2140139E09CFC30B12A4620680421BDE8384017F017
S2140139F043BDA3699D6138BD3C250020014B18607D
S214013A00704700BF3C250020024B1868003818BFDD
S214013A10012070473C25002013B50446019120B9CA
S214013A2001A80FF040FF212012E008460029FAD035
S214013A300FF0ACFF80B20028F2D0094B20461B687D
S214013A4001994BB1984728B92046019900F096FF95
S214013A5002B010BD0020FBE701F0D2FBF3E700BF88
S214013A603C250020436A70B55904044616D4154A0D
S214013A7003F4004392F82420012A10D1826A9204AA
S214013A800DD4002B00F101010CBF5320142015F0BA
S214013A90EEFB18B9636A43F00803636270BD002B3E
S214013AA0FCD1094D661C2946304600F09FFB0028D4
S214013AB0F4D12B68C4F80130AB88A4F80530AB7993
S214013AC0E371E7E7842500208F2500202DE9F041EA
S214013AD01E4E3071C0B3334600224821F0F784F8F9
S214013AE038B905464FF0480807463379AB4202DC41
S214013AF00020BDE8F0813468002108FB054414224B
S214013B00A76104F134000FF0E3FCA0224FF4A07388
S214013B10C4E90723072304F1100084F83130E77362
S214013B20E7710FF0C0FE04F114000FF0BCFE204652
S214013B3015F027F840F20113E3857F23A76284F886
S214013B40323067620135D0E73060D1E7402500208A
S214013B50084A03461179814209D9106840B103EB3E
S214013B60C30300EBC300406A00F001007047002069
S214013B70704700BF4025002038B504460D46FFF7C4
S214013B80E7FF034640B10020044B04EBC4041B6866
S214013B9003EBC4032B6038BD2120FBE74025002042
S214013BA02DE9F04F0446344A93B0106851680FABC4
S214013BB003C3906812AA1860E37B94F82E7002EB98
S214013BC0430333F80C1C636A94F82F60DA0444D478
S214013BD00126374641F0100194F80E80C3F34049A0
S214013BE05B0348BF49F002098BB288F00808012F31
S214013BF094F800A094F831500B9304F1080BD4E923
S214013C000723C8F3C00894F9324005D0022F03D029
S214013C10042F14BF00270327012E05D0022E03D040
S214013C20042E14BF002603265046CDE90C2314F0BB
S214013C30B2FFDDE90C230121CDE90760CDE9005192
S214013C405046CDE90547CDE903B90B99CDF8088073
S214013C5001F02AFD13B0BDE8F08FA26A950648BFB1
S214013C6041F02001500648BF41F04001DA0348BF49
S214013C7041F00401B0E700BFC808030037B50446A9
S214013C8048B104782046FFF763FF10B9002003B05F
S214013C9030BD0134E4B2074D2B79A342F6D9204654
S214013CA001A9FFF769FF08B90198F0E70134E4B20A
S214013CB0F2E700BF4025002013B501A9FFF75CFF1E
S214013CC0B0B9019A536A13F0100013D159040FD5F5
S214013CD0094923F48043D1F80B4043F00803C2F8A6
S214013CE00140B1F80F40497CA2F80540D1715362FA
S214013CF002B010BD0220FBE78425002070B5144BEE
S214013D000546197918680023994201DC1A201AE041
S214013D10426AD60718D490F83940640714D4DCB246
S214013D2003460C4903F8014BD1F80B6042F0090237
S214013D30C0F80160B1F80F60497C9E8099714262BB
S214013D40FFF72EFF2C7070BD01334830DCE700BF53
S214013D50402500208425002073B50579C67801A981
S214013D602846FFF709FFE8B9019C636A23F01003B0
S214013D70636276B92946A069621C0F4B00F09CF875
S214013D80222231460C48A66102B0BDE870400FF011
S214013D909FBB204614F0F5FE636A5A0604D523F04D
S214013DA04003636202B070BD284604F1340102B0DC
S214013DB0BDE8704004F018B8AA25002037B50446BF
S214013DC00D4615F05AF96988204614F050FD6A7EB2
S214013DD02B7E204643EA0223A4F862306A7F2B7FBB
S214013DE043EA0223A4F86430EA7EAB7E43EA022368
S214013DF0A4F866301B23A4F86C302D4B5A8B9B8B92
S214013E00A4F86820A4F86A30022384F8723018F007
S214013E108EFD204617F0A6FB94F87330022B15D1C1
S214013E2001F06CFE70B194F9753001330AD10521A9
S214013E302046A36843F48053A36003B0BDE8304036
S214013E4015F097B90021204614F014FD00212046F4
S214013E5000F044FA4FF6FF73288C984225D000F004
S214013E60EFF9009400F0DAF96A46ADF8040040F282
S214013E700621104819F005FD002240F202212046D5
S214013E8019F0BBFC2046FFF76DFD204617F076FBC8
S214013E90204601F051FBA368012123F4804320460C
S214013EA0A36015F06AF903B030BD0020D9E700BF62
S214013EB08425002080250020F7B504460F461646C7
S214013EC068465A79991D1D4600F06EF92CB9694667
S214013ED03046FFF747FC0446A0B140F2032384F8BE
S214013EE07670A4F8723033682946C4F85A30B3881D
S214013EF02046A4F85E30B37984F86030FFF75EFFA1
S214013F0003B0F0BD032140F2064017F01AFA6B88A1
S214013F10A0F803300D2343710148F8F713FDEFE7CE
S214013F2095760200A0F11B03E02B10B5044618D8C5
S214013F30042142F2240017F004FA6FF06F03437174
S214013F404223A0F8034083710748F8F7FBFC17F0FB
S214013F5056FA407920B117F052FA407940F4805071
S214013F6010BD2120FCE700BFB177020007B590F82D
S214013F7070304FF4887101AA03488DF8043019F0A7
S214013F8080FC03B05DF804FB80250020F7B5C678F9
S214013F9005463C2E00F1020404D103B0BDE8F04012
S214013FA014F0EABF87792FBB214A156A1762D6B18A
S214013FB02146284646F4805615F05FF840F2012166
S214013FC06A462846EE6085F87270CDE9005619F00B
S214013FD058FCAB68394643F480632846AB60FFF76C
S214013FE04BFC03B0F0BD2146284603B0BDE8F040C7
S214013FF0FFF7E4BE4FF6FF73408C98420DD000F0F9
S2140140001FF950B100F08CF823460246FF2100202C
S21401401003B0BDE8F040FFF74FBF064B223554F81A
S214014020042BAC4243F8042BF9D122881A80D8E736
S21401403084250020AA2500201FB50446B0F80300F9
S214014040FFF7CEFB08B3B4F8053090F87020A0F85F
S2140140506C308DF80420ADF80630227AE37940F210
S214014060091143EA0223ADF80830A27A637A0848B8
S21401407043EA0223ADF80A30227BE37A43EA0223BD
S21401408001AAADF80C3019F0FCFB04B010BD00BF5E
S214014090802500201FB504468088FFF7A1FB80B16C
S2140140A090F870300E218DF80430D4F806300648AA
S2140140B0CDF80530D4F80A3001AACDF8093019F048
S2140140C0E0FB04B010BD00BF8025002013B50446F8
S2140140D08088FFF785FBD8B190F870306A468DF876
S2140140E00030E3784FF403718DF80130A379094865
S2140140F08DF80230E3798DF80330237A8DF8043099
S214014100637A8DF80530A37A8DF8063019F0B9FB7D
S21401411002B010BD80250020004870478F25002082
S214014120044890F8241000F10B020430012918BF4E
S214014130104670478425002038B58379044613F06D
S214014140280F25D00368134DC5F80B308388A5F8D2
S2140141500F30837900206B74FFF790FD40B92B6810
S214014160032043F002032B60BDE8384003F0A2BCF5
S214014170436A13F4404FEFD1226843F00803C0F8B6
S2140141800120A288A0F80520A2794362C271E3E764
S214014190212038BD842500204379024A9B09D05C42
S2140141A0704700BFE40803000B6810B503608B88F6
S2140141B0FF2A0446838002D10723A37109E0032A5C
S2140141C008D8054B9B5C072B837102D1FFF7E4FFF0
S2140141D0A07110BD0023F0E7E80803008379024AC6
S2140141E003F00703D05C7047DC08030010B5827942
S2140141F08B79094C02F0070203F00703A25CE35C2B
S2140142009A4206D106220FF039F9B0FA80F0400939
S21401421010BD0020FCE700BFD408030050B11422F3
S214014220064B1B68C31AB3FBF2F3007C40EA03207B
S21401423080B270474FF6FF70704700BFD02E002047
S214014240024609490B7A0968FF2B01D10020704705
S21401425003EB830301EB830031F82330C3F30B0335
S2140142609342F4D0437CEFE7D02E0020F722014B97
S2140142701A8070473630002010B5044658B30068DF
S214014280836CA3421FD1636883642246124919F0E6
S214014290C4FA04F10C0019F0E0FA04F144000FF03E
S2140142A002FBA06948B114300FF0FDFAA06918307E
S2140142B00FF0F9FAA0690FF0D5FD2046BDE81040D1
S2140142C00FF0D0BD1346002BDFD05A68A242F9D1B9
S2140142D062685A60D9E710BDAB93020070B5054617
S2140142E048200E460FF0B9FD044650B1FFF78CFB8F
S2140142F060B11C200FF0B1FDA06128B920460FF077
S214014300B1FD0024204670BD00230370032128461A
S21401431014F0B0FAAB6C22466360AC6417232681B6
S21401432000266381144928462560267766640BF0CB
S21401433099FF03F013FE3246014604F10C000BF020
S21401434091FF02232374FFF75FFB18B90B4B1B7811
S214014350002BD7D00A4B19881729D3D9204614F039
S21401436028FB0028CED11321204614F0E3FF636911
S21401437043F002036361C5E7AB930200DF2B002025
S21401438036300020F8B5054610B3002920DB114C65
S2140143902468247E8C421BDD3F2919DC032701F0AB
S2140143A0030600EBA10191F831407600B74002F018
S2140143B0030224EA0704B240224381F8312013B1F4
S2140143C0002115F071F82846BDE8F84015F0C9B887
S2140143D0F8BD00BF5025002070B5164600221A70A1
S2140143E032800A7A0D46072A4DD8DFE802F0040922
S2140143F00D111A1E304AE86830F8023B338043E05C
S214014400EB68981D5B88F9E7EB68981D9B88F5E7D4
S214014410697B15F096F802221C4B188018463280EC
S21401442032E002231A4833802EE01A4C2B7BE889AF
S21401443023702B88E11C013363702B8801331B1218
S214014440A37000F0D9F90330308020461CE0124CEE
S214014450A889EB89020AA3701B0A20706270E370B8
S21401446000F03CFA58B1C3681A88022A07D19A7834
S2140144702271DB78637106230748338004E0042346
S214014480FAE780221A70002070BD00BFF92B0020C9
S214014490EC080300E62B0020E02B0020054A064B23
S2140144A01860136843F001031360828B034B1A8074
S2140144B0704700BF48250020502500200A2A00200A
S2140144C000232DE9F04FDFF8B89191B0D9F80070CC
S2140144D0054617F00807CDE90633CDE908330AD0BB
S2140144E0644B03F1100253F8041B934245F8041B76
S2140144F0F9D1002015E0102239460EF0E9FF03201D
S214014500F0F79AFA0FF0A9FC804648B10620F0F7BA
S21401451093FA0FF0A2FC064630B940460FF0A2FC13
S2140145201A2011B0BDE8F08FCDE90477F1F736FD1A
S214014530044668B140460FF095FC30460FF092FCF9
S21401454040F20740214601F07DFB40F20740E8E7D4
S2140145500DF04FFD4FF4A053DFF828A10002C6E985
S214014560023A454B7060336010223046776104ABE7
S21401457006A90EF091F80446A0B9524640460499A1
S2140145800EF05DF9044668B9BB463C4BBAB21B68EF
S214014590D988914227D810222946404605AB0EF00D
S2140145A06CF9044640460EF0DCF840460FF05AFC23
S2140145B030460EF005FB30460FF054FC04980DF023
S2140145C07BFF002CBCD12B4B05F1100255F8041BC8
S2140145D0954243F8041BF9D1D9F8003043F008039B
S2140145E0C9F8003085E71A68BCB2210102EB041451
S2140145F02046ADF80EB00191009215F0B5FB82464B
S214014600204600F03FF930B3DDE90021AAF520503D
S21401461080B2032802D9BAF5245F1ED1525A00206F
S2140146202146ADF828200DF10D030DF10E02ADF86F
S2140146302AA0FFF7D1FEBDF80E2001460BA80EF00A
S2140146404FFFBDF80E20404604320AA90EF0FAF8D4
S21401465004460028A6D1013797E70AF55640FF30F1
S21401466080B20428F7D8525AADF82AA0ADF828200F
S214014670E7E700BFFB2B0020002480005025002028
S214014680482500200002C003134B01461B6870B585
S21401469013F0040306D00022104B1C68E38990B285
S2140146A0834209D80E4A14680022E58990B28542F1
S2140146B009D84FF6FF7005E0A56835F812500132AB
S2140146C08D42ECD170BDA66836F8126001328E427A
S2140146D0ECD1034498B2F5E7482500204C2500208C
S2140146E050250020094B1B685B070AD5084B1A6842
S2140146F0D389834203D9936833F810007047C01AF0
S21401470080B2044B1B689B68F6E700BF4825002073
S2140147104C2500205025002038B5046805460C229B
S214014720204608490EF0AAFE50B90222064904F1B5
S2140147300E000EF0A3FE18B902200C342C6038BD12
S2140147401020FCE7EF080300FD0803002DE9F743FE
S214014750102801910BD0022804D04FF6FF7003B049
S214014760BDE8F083019B1888FFF78EFFF7E701A8E5
S214014770FFF7D2FF0228F5D01028EED11B4B019F80
S2140147801E6816F0040608D00024194BD3F80080E2
S214014790B8F81660A5B2AE421AD80025154BD3F864
S2140147A00080B8F81690ACB24C45D6D2D8F81000B6
S2140147B0102200EB051039460EF060FE0135002888
S2140147C0F1D1A0196FEA40406FEA504080B2C6E7C7
S2140147D0D8F81000102200EB041039460EF04EFEF9
S2140147E001340028D6D145F40040B8E7482500201A
S2140147F04C25002050250020020408B51DD5124B7B
S214014800C0F30E001B685B0713D5104B1A68D38ADA
S21401481098420CD2136903EB001000F1100350F814
S214014820042B984241F8042BF9D1102008BDC01A78
S21401483080B2074B1B681B69EDE7FFF753FF087053
S214014840000A48700220F1E7482500204C25002088
S2140148505025002038B50446094B1B681D68A54243
S21401486009D2204621B915F089FA30B1103402E098
S21401487015F08DFA08B1204638BD103CEFE700BFB1
S21401488050250020437ADA0702D5C3F3800070472B
S214014890034BC2881B881A4214BF012000207047B0
S2140148A00A2A00200A4B1B68DB0708D570B1094BA2
S2140148B01B68DB88834234BF00200120704728B183
S2140148C0054B1B88834294BF00200120704700BF20
S2140148D048250020502500200C2A002070B50246ED
S2140148E0FFF7E0FFE8B10F4B1968CD88954209D371
S2140148F002F180500B680138040103EB00101B5BCA
S21401490093420ED0002398B2854201D8002008E0D9
S2140149100E681C01345B06EB0310944203F101039D
S214014920F1D170BD502500207FB5134B0E460546CC
S21401493004460393A0B114F0A0FD78B900223146D5
S214014940204614F0CAFE022807D180233146009380
S2140149502046042303AA15F0F1FA0DB104B070BD88
S214014960204614F059FD04460028F7D014F085FDC2
S2140149700028F5D1E2E700BF0100FFFF2DE9F04F67
S21401498097B08346099114F0BEFC099883790C33DD
S214014990C45CC5180EF0FAFF202C0646099F26D8DF
S2140149A0012C28D9C74BA21ED2B2D340DA0722D592
S2140149B0384697F806800EF0E9FFBBF80A2083B266
S2140149C09A4228D214F0010240F0A78004F07F0337
S2140149D0522B00F0A2801E2C00F09F80099B2146DE
S2140149E000935846042313F0F5FF21240CE004F04D
S2140149F07F03522BDCD0214606230022584600971F
S214014A0013F0E8FF41F20614584614F081FC2046E4
S214014A1017B0BDE8F08F47443A7B013B202A9BB292
S214014A2046D8012ACED9023A1E2ACBD801A151F87E
S214014A3022F000BFD14A0100C5490100D54A010054
S214014A40C5490100C94A0100C5490100BD4A010026
S214014A50C5490100D14A0100C5490100D54A0100F6
S214014A60C5490100D94A0100C5490100BD4A0100F6
S214014A70C5490100074B0100C5490100C5490100B0
S214014A80C54901000B4B0100C54901000F4B010050
S214014A90C5490100C5490100C5490100C5490100D4
S214014AA0C5490100134B0100C5490100D94A01005F
S214014AB0522A28D0D22A85D10D2B06E0062B11D0FA
S214014AC0142B7FF47FAF0DE0052B7FF67BAF09E05B
S214014AD0022BF6E7042BF4E7032B7FF673AFDB0715
S214014AE03FF570AF022C00F00281DBF800309B68C6
S214014AF09F0516D40BF144000EF0D5FE099BCBF8AA
S214014B004430002480E7012BDFE7032BDDE7012B90
S214014B10D7E7002B7FF456AFE4E709A80EF0C3FEF3
S214014B2063E71E2C00F03683584614F0A6FC0746B1
S214014B30002840F08280584614F09AFC00287CD069
S214014B4004F07F03522B00F0CE80082C68D1B6B259
S214014B50152E14BF02201020691D14F074FC0028C5
S214014B605ED0DBF81430D8074BBF23F0010343F0C7
S214014B7001033946012158464CBFCBF81430CBF817
S214014B80143014F091FC09980D9013F090FE044631
S214014B90B0F80180B0F803900D980EF0F7FE1528D6
S214014BA014BF02251025053421462846FFF7CEFD01
S214014BB021460390284614F046FC0490B8F1000FF5
S214014BC000F05281C84500F24F81022109200D9A5A
S214014BD013F090FEBBF80A708246023FBFB23E4613
S214014BE040464FF0FF354946039A14F041FF04460C
S214014BF0002800F07B8114F0F8FC002800F0938177
S214014C0001222146584614F097FD03468DF82E00E2
S214014C10002800F02E810D9A009222460821B2E06B
S214014C20DBF8143013F001064ED023F00103002107
S214014C305846CBF8143014F037FC202C72D8032CCD
S214014C4075D9231F1C2B72D801A252F823F000BF7E
S214014C503D4F01002F4D01002F5001002F4D010047
S214014C60874B01002F4D0100195101002F4D010006
S214014C70375101002F4D01004D5101002F4D01000C
S214014C803B4D01002F4D0100655101002F4D0100E4
S214014C902F4D01002F4D0100815101002F4D0100C4
S214014CA08B5101002F4D01002F4D01002F4D0100AA
S214014CB02F4D01002F4D0100955101002F4D010090
S214014CC05B5101005555515043F0010301215846EF
S214014CD0CBF8143014F0E8FB12233246214658462E
S214014CE0009613F077FE09A80EF0DDFD09E7099D91
S214014CF0BA4C284613F0DBFD2188B0F801602A463D
S214014D00584613F07CFE2388BBF80A10B34228BF2E
S214014D103346172BB8BF17235846ABF80A3014F0A2
S214014D20DEFAEEE6522C00F02482D22CDBD0099B70
S214014D30002200932146062325E0099F384613F0FA
S214014D40B6FD0546B0F80180B0F803A038460EF06F
S214014D501DFE15280CBF20460220691DFFF7F6FC34
S214014D60B5F8053004900793B8F1000F07D0D04589
S214014D7005D814F0DBFF50B91023009701E001239A
S214014D80009742461021584613F024FEB9E63A46EB
S214014D900221112013F0AEFD44464FF0FF35BBF85B
S214014DA00A3005909E1E0393063B9BB2B6B208934B
S214014DB051462046049A14F05BFE814668B351467C
S214014DC0079A14F0A2FE0446484614F00EFC40B9B9
S214014DD04FF6FF739C4201D00134A4B25445E7D983
S214014DE01BE04FF000030DAAADF8343049460CAB7A
S214014DF0584614F03EFD039ABDF83430053A9A42FF
S214014E00089A0690D8BF1346002DADF8343009DB5A
S214014E109D4202D1EB1CB34208DB691C1CD10A235C
S214014E200097AEE7351F9D42A8BF1D46042211A973
S214014E303846ADF84490ADF846400EF0CCFF2A4611
S214014E40384606990EF0C7FF4FF6FF73043E761BF1
S214014E509C42B6B2C0D1E0E73946059B04355D7089
S214014E605846FEF7B3FD4CE60D9B009301234246E0
S214014E70D4E6049B13B1204614F09BFB204614F0A5
S214014E80CCFBD8B1002D54DC0DA80EF00CFD082388
S214014E9058468BF81C3050F80C2B40F2025192F811
S214014EA070208DF8483000238DF8442011AAADF803
S214014EB04640ADF84A3018F0E4FC22E6ADF844006E
S214014EC00DF12E032146584611AA14F0D2FCBDF866
S214014ED044300590BB4228BF3B46002DADF8443018
S214014EE00ADBAB4202D16B1CB34209DB6A1C0D9B89
S214014EF01FD100930A23BAE7B51E9D42A8BF1D46DF
S214014F0002220CA90D98ADF830400EF064FF2A4637
S214014F1005990D980EF05FFF4FF6FF73023E761B64
S214014F209C42B6B2E2D0601C80B28145BFF45BAE53
S214014F30DCE702350D998AF8015091E7DDF82490F7
S214014F40484613F0B4FCB0F80330B0F8018004937F
S214014F50B8F1000F44D0984542D84FF6FF774A463D
S214014F600221052013F0C6FC4546BA46BBF80A40A6
S214014F700590023CA4B22946584614F05BFE504503
S214014F8006464CD04FF400622946584614F0D4FB2E
S214014F9000283FD1304614F0E5FE00280CBF02235E
S214014FA010235745039321D0304614F0DBFE0690BC
S214014FB0384614F0D7FE069B834203D1039B013388
S214014FC0A34214DB384614F0CDFE059B013019468A
S214014FD05870584613F0E7FC93E500BF36300020C2
S214014FE00123CDF8009042460421CCE637460DF168
S214014FF046013046ADF84450FFF7FEFB039B48469A
S2140150009A1C11A90EF0E7FE039B023CE41A5545D3
S214015010A4B2D7D0049B0135ADB2AB42ABD24FF6AA
S214015020FF739F42CED10A23CDF80090DBE7DDF86F
S21401503024900024484613F03AFCB0F80530B0F846
S21401504003A0B0F801600746484603930EF09EFCA5
S214015050C51FADB2102D0C945AD82A46F91D0DA8BD
S2140150600EF03EFA002E55D0564553D84A46012139
S214015070072013F03FFCA046074633460A249A450C
S214015080049307D93946BBF80A0013F016FC032827
S214015090049B04D8B8F1000F1CD0394699E7ADF847
S2140150A04430039B5846ADF848300DAB13930023AC
S2140150B00BAA009311A90DF12E03ADF846A0ADF889
S2140150C0505014F04EFD0A280446E3D0BDF82C30AB
S2140150D030B11E46234632460621CDF8009052E6F0
S2140150E0ADF83030BDF82E300CAAADF83230394666
S2140150F00423BBF80A0013F0EBFB4FF6FF72BDF872
S2140151002E309342C9D001334FF001089BB2B6E767
S2140151100424DFE70124DDE70A23099C8BF81C3011
S214015120204613F0C4FB23460022B0F8011058466F
S21401513014F0D4FFE5E4099C204613F0B8FB0C23D9
S2140151408BF81C30B0F803202346EEE75A460F21B1
S2140151500E20099B15F01BF8D3E45A462121202086
S214015160099BF7E75846099AB5F8011015F0FCF8BF
S214015170C7E45846099AB5F8011015F050F9C0E48D
S2140151805846099915F08AF9BBE45846697815F02E
S214015190F0F9A8E5584615F00CFAA4E57FB5174ACC
S2140151A00646136842F6052023F00803136014F040
S2140151B09AFC054650B16846FFF782F9002014F0C4
S2140151C02BF9044620B92946FFF7AEFB04B070BDA3
S2140151D01022684604F121010EF050F938B1012180
S2140151E0204614F061F9636923F0010363611EB17F
S2140151F03146204614F04FFD2046E0E748250020C2
S21401520037B58B790A460C33CD180191C95C044633
S21401521011F0010329D01D290AD101211E2013F006
S21401522069FB0146204613F0BEFB012003B030BDEA
S214015230032916D10E4BB5F801201B8841899342EC
S21401524028BF1346172BB8BF1723438114F047F81E
S214015250636940F2094123F002032046636114F0BA
S21401526066F801A80EF01FFBDFE71846DEE700BF71
S2140152703630002038B5124B04461B8842898B42D3
S21401528028BF0B46172BB8BF17231146438114F0CE
S21401529026F8636923F002036361A3699D693DB142
S2140152A00022294620469A61BDE83840FEF78EBBAB
S2140152B040F20941204614F03AF8A3691D7038BD42
S2140152C0363000200148FEF799BB00BFCD7A0100B9
S2140152D00022024BC3E900229A607047582500203D
S2140152E0014B1860704700BF5425002013B500F02D
S2140152F0B9F978B1019083790C33C418204603F0CC
S2140153003BFD034610B1204601A9984701A80EF0BF
S214015310CAFA08E000F0B2F9019020B1034B1B680D
S214015320002BF3D0984702B010BD00BF54250020D3
S21401533010B50446062142F2050016F002F823686D
S214015340C0F80330A388A0F807300648F7F7FAFA42
S21401535016F055F8407918B1BDE8104015F0CEBFEB
S21401536010BD00BFADC9000010B5044606214FF6BA
S214015370284015F0E6FF2368C0F80330A388A0F89C
S21401538007300648F7F7DEFA16F039F8407918B113
S214015390BDE8104015F0B2BF10BD00BF49CA0000FD
S2140153A038B505460C4669B9022142F21B0015F0D4
S2140153B0C8FFB5F86E30A0F803300D48BDE8384098
S2140153C0F7F7C0BA122142F21A0015F0BAFF2146C9
S2140153D0B5F86E30053020F8023C04F1100351F8A0
S2140153E0042B994240F8042BF9D10248E6E700BFA6
S2140153F0137602004F76020008B5002142F20E0035
S21401540015F09FFFBDE808400148F7F79BBA00BFBB
S2140154108177020038B590F872300446032B1546A2
S21401542006D1FFF7E9FF0123002084F8723019E066
S214015430C9B9012B2DD9032140F2064015F081FF91
S214015440B4F86E304571A0F803301348F7F77AFACE
S21401545015F0D5FF8378002BE5D015F0D0FF8078C6
S21401546040F4805038BDA3B102214FF6044015F038
S21401547068FFB4F86E30A0F803300848F7F762FA10
S21401548015F0BDFF4379002BCDD015F0B8FF40795C
S214015490E6E70220E6E700BF95760200CB7602003B
S2140154A0F8B507460E4642F213000E2115461C4675
S2140154B015F047FFB7F86E30A0F80560A0F8033086
S2140154C0BDF81830A0F80750A0F80B30BDF81C3016
S2140154D0A0F80940A0F80D30BDF82030A0F80F3034
S2140154E00648F7F72FFA15F08AFF807820B115F0F5
S2140154F086FF807840F48050F8BD00BF0D7702002B
S21401550070B506460D4642F27A000421144615F09F
S21401551018FFA0F80360457184710648F7F712FA80
S21401552015F06DFF407918B1BDE8704015F0EDBE7D
S21401553070BD00BF137B020010B50446022142F283
S214015540300015F0FEFEB4F86E30A0F803300B48BC
S214015550F7F7F8F915F053FF43792BB915F04FFF1C
S214015560017A2046FEF720FA15F049FF407920B16E
S21401557015F045FF407940F4805010BDA1CF0000E2
S21401558001480EF0AEB900BF5C25002040F6FF735F
S2140155902DE9F3410D46B0F86E100192994205D1FE
S2140155A001A80EF080F902B0BDE8F081114613465D
S2140155B001229BBB1E480EF04BFAFFF7E1FF0446A3
S2140155C00028F0D00EF0E2F96379074603F00108EF
S2140155D06FF30003637104212046A6680EF001FBF9
S2140155E04379044668F300034371DB438179B6F8D7
S2140155F06E200C31866003F001036254C2F303226D
S214015600084442EA03124270478022463046294641
S21401561017F08FF92046F7F7A9F9CEE75C7998607D
S21401562024F0030414435C7100221B68C1E700BF29
S2140156305C25002070B50546064C206800B970BD93
S2140156408368AB4204D10668F4F708FF2660F4E7E6
S2140156500446F2E75C250020014601480EF0F8B941
S2140156606025002001480EF03CB900BF60250020EF
S214015670014601480EF0ECB958250020034803689E
S2140156800BB10EF02EB91846704700BF5825002002
S214015690044B1A6822B99868003818BF0120704771
S2140156A001207047582500202DE9F0411546064691
S2140156B00F4642F2360019211C46DDF8248015F00B
S2140156C040FE2B0AC371230A83729DF81830857138
S2140156D003739DF81C30447243739DF820302D0CE3
S2140156E0240CC67087800572C4728373D8F80030A4
S2140156F0C0F80F30B8F804308676A0F813309DF85D
S214015700283043759DF92C3083759DF83030C3756C
S214015710002303769DF8343043769DF83830C376FF
S2140157200648F7F70FF915F06AFE407920B115F033
S21401573066FE407940F48050BDE8F081ADCA0000B5
S21401574038B505460C464FF61940052115F0F9FD0A
S214015750C57044600548F7F7F5F815F050FE407936
S21401576018B1BDE8384015F051BE38BD31520200BF
S21401577038B505460C464FF61A40052115F0E1FDF1
S214015780C57044600548F7F7DDF815F038FE407936
S21401579018B1BDE8384015F039BE38BD6152020077
S2140157A070B50D4606460121DAB1FFF7C9FF04467A
S2140157B0A8B9072142F2350015F0C3FDC6702B6863
S2140157C04360AB8803810848F7F7BCF815F017FE6D
S2140157D0437923B115F013FE447944F480542046EE
S2140157E070BDFFF7C5FFE2E7E95002000A4610B5B3
S2140157F00421044642F2370015F0DEFD032303714F
S2140158000023C470437183710548F7F79BF815F0C0
S214015810F6FD407918B1BDE8104015F0F7BD10BD92
S214015820215102000A4610B50421044642F238000E
S21401583015F0C2FD032303710023C4704371837105
S2140158400548F7F77FF815F0DAFD407918B1BDE89D
S214015850104015F0DBBD10BD6D510200F8B50646CF
S2140158600F4642F23900062114461D4615F069FD21
S21401587001238471240A0371C7704671C4710572CD
S2140158800548F7F75FF815F0BAFD407918B1BDE89D
S214015890F84015F0BBBDF8BDB95102000148FFF74D
S2140158A01FBD00BFA95801002DE9F04F867987B0CA
S2140158B00C3605900546805BC0F30B00FDF790FFA4
S2140158C0044618B905A80DF0EEFF4EE090F87230C8
S2140158D0022BF7D1AB5B059AC3F30B0103F44053DC
S2140158E0B3F5805F9060A95342D153796FF30003FB
S2140158F05371836B002BE5D0042105A804F138060B
S2140159000EF0BFF8304605990EF0A2F8A06B002302
S21401591001465A1CA9BBDBB2012B01D90EF009F9CD
S214015920A06B0EF033F803281FD9D4F838904846F8
S21401593099F806700EF02AF80C3709EB070539F8C6
S2140159400770A0F10408474522D9524FD4F838A071
S21401595007F1100957F804BB53464246294620462C
S214015960D8474F4510D00028F4D007B0BDE8F08FD7
S21401597038300DF098FF059A537943F001035371BF
S214015980BAE713460968C4E70028EED130469AE71D
S214015990A06B0DF0FBFF04378742F7D36988A1F1AE
S2140159A040033F2B0BD8042130460EF06AF8204600
S2140159B0A26B698815F0AAFD0023A363D5E7052924
S2140159C00BD0062961D00429E0D130460EF059F8F3
S2140159D0A16BA06CFEF720F8EEE72946204615F0ED
S2140159E093FD02460028D1D12B79122B06D0132B1A
S2140159F036D02046697915F05FFDC7E794F8733015
S214015A00022BF6D040F67A4029898B1F9BB283423F
S214015A1024D86A89931F9BB283421FD891421DD80E
S214015A20AB89B3F5FA7F19D240F6764CEF89A7F128
S214015A300A0080B2604511D8B4F86A000290B4F842
S214015A406800CDE900702046FFF72AFD021E18BF48
S214015A5001222046697915F0EBFC97E70122F8E769
S214015A6094F87330012B03D12046697915F024FD93
S214015A70A3681A048AD523F40043A3602B89012B5B
S214015A8084D12046FEF772FA80E72046A16B15F016
S214015A9067FD91E7000903000C4B01461A789AB995
S214015AA05B689B0710D490F97520013218BF01225C
S214015AB091F8523013F0400005D091F8600010F0D4
S214015AC0400018BFD0B270470122F1E764250020DC
S214015AD0024B586800F00200704700BF64250020A2
S214015AE0024B586800F00800704700BF642500208C
S214015AF0014B1B68184700BFDC2E002008B512F0CA
S214015B0054FE012809BF034B0020586800F010001E
S214015B1008BD00BF6425002007B5024608460428D4
S214015B2002F0010113D9B1B903200C4B5A6002F0FF
S214015B308003019302F04003009302F0200302F079
S214015B40040200F0ABFB002003B05DF804FB002963
S214015B50EBD00328E9D12120F6E700BF6425002019
S214015B6010B50D490D480AF025FC044690B90C4BBA
S214015B700C4A1A600C4A5A600C4A9A600C4ADA605F
S214015B8000F0EEFB032104460020FFF7C5FF0022CC
S214015B90084B1A70204610BDEFBEADDEBEBAFECA77
S214015BA0DC2E00209162010023B90200DD620100B3
S214015BB0157201006425002038B504460320F4F769
S214015BC073FE0546D0B194F87030037094F87530C2
S214015BD043702046FDF7B8FE2A46A87040F20261DF
S214015BE0074817F00AFE074B2046DB680121984755
S214015BF094F97500BDE83840FDF790B938BD00BF8F
S214015C0080250020DC2E002070B5054608200E46B3
S214015C10F4F74AFE044680B195F87030002103700F
S214015C20064B4660DB68284698472246BDE870402A
S214015C3040F20161024817F0E0BD70BDDC2E002085
S214015C408025002038B5054608200C46F4F72CFEC2
S214015C50024638B1C0E90054BDE838400D2102487B
S214015C6017F0CBBD38BD00BF8025002038B50546EE
S214015C7008200C46F4F718FE024650B195F870302D
S214015C8040F20561037044600248BDE8384017F0F1
S214015C90B4BD38BD8025002013B5044601911146D8
S214015CA012B301A904200AF095FB019B104A204675
S214015CB0B3FBF2F102FB113345F218020021019306
S214015CC001AB15F099FD0820F4F7EEFD024648B148
S214015CD094F8703040F204610370019B43600548FC
S214015CE017F08BFD02B010BD45F2180201ABE8E7D4
S214015CF040420F008025002010B504460120F4F72D
S214015D00D3FD024648B194F8703040F20361037047
S214015D10BDE81040014817F070BD10BD8025002079
S214015D2038B5054608200C46F4F7BEFD024650B1CC
S214015D3095F8703040F20761037044600248BDE890
S214015D40384017F05ABD38BD80250020014B5B68EE
S214015D50184700BFDC2E002010B50F4C2368D3B1C6
S214015D600022D3F8A0001A7783F83D2083F85E203E
S214015D700CF0A2FB20684421603017F0A9FD2068D2
S214015D8021211D3017F0A4FD20682121BDE8104017
S214015D903E3017F09DBD10BD70250020F0B50620E1
S214015DA087B0EEF749FE0EF058F8054640B90146B1
S214015DB01A20FFF747FF6FF08C04204607B0F0BDAE
S214015DC02F4E30680CF078FB044640B110F1880F76
S214015DD005D0014640F20740FFF734FFEDE712F029
S214015DE0E4FC0328074622D1002434600CF001F9B4
S214015DF0000268606C6140F20111284615F0F9FB5B
S214015E00204B6946EB60204B2B6000230093F0F794
S214015E1091F80446E0B1014640F20740FFF712FF51
S214015E2028460CF0CDFE28460EF01CF8C5E7326871
S214015E306B686A61DAB222B923F0FF0343F001030B
S214015E406B600CF0D6F8000240F001006860D2E703
S214015E50032FE5D101AB102202A900980CF097FBA5
S214015E601021044602A817F025FD02A9102016F0FD
S214015E70DBFB102102A817F02BFD009B3360CFE758
S214015E806C2500200044400400248000FF282DE9F2
S214015E90F84316BF1C4D1D4B45EA002581464FF0C1
S214015EA006008846174608BF1D68EEF7C5FD0DF0CB
S214015EB0D4FF064618B3014628460CF022FB0446DA
S214015EC030460CF07DFE30460DF0CCFF14F1880F05
S214015ED00FD1B9F1FF0F0ED1FFF760FF044660B98D
S214015EE00A4B1D680020C8F8005007B13C60BDE8A9
S214015EF0F883002CF6D02120F7E70025F2E71A20D8
S214015F006FF08C04F1E700BF068004006C250020CA
S214015F102DE9F0418AB006AC88461546034626466A
S214015F2000F11007224618685968083303C2BB42BD
S214015F301446F7D11021304617F0BCFC002306208A
S214015F400593EEF779FD0DF088FF044610B3102790
S214015F504FF4807115F04DFB194B1A49036005ABE0
S214015F60C160324628460293CDE900873B46EFF7EB
S214015F703DFF0546F0B93946404617F09BFC3946C9
S214015F80304617F0A5FC20460CF01AFE20460DF010
S214015F9069FF0BE06FF08C0140F20740FFF752FEFD
S214015FA01021304617F094FC6FF08C0528460AB095
S214015FB0BDE8F081014640F20740FFF743FEDEE709
S214015FC000248000004440042DE9FF4105460620D8
S214015FD088461646EEF730FD0DF03FFF044648B9F9
S214015FE001461A20FFF72EFE6FF08C05284604B0F6
S214015FF0BDE8F0810BF0FDFF2A466D4600232F46D3
S214016000000260606361204606F5807115F0F1FAC2
S214016010144BE360144B236002F110032E46106804
S2140160205168083203C69A423546F7D110213846E0
S21401603017F040FC43461022394620460CF02CFB54
S214016040054620B1014640F20740FFF7FBFD10214F
S214016050384617F03DFC20460CF0B2FD20460DF008
S21401606001FFC3E700444004002480002DE9F0430B
S2140160704FF0000987B0044606200E46174698469C
S214016080CDE90499EEF7D8FC0DF0E7FE054670B3AE
S2140160900BF0AFFF00024FF480516860C5F8149012
S2140160A0284615F0A6FADFF874901B4B21462B60A4
S2140160B01022C5F80C9004AB0CF0EEFA044628BB8F
S2140160C005AB029310233246CDE9008349463B4691
S2140160D004980CF011FC0446C0B904980CF0ECF9D5
S2140160E028460CF06DFD28460DF0BCFE0AE06FF068
S2140160F08C0140F20740FFF7A5FD04980CF0DCF98F
S2140161006FF08C04204607B0BDE8F083214640F2CC
S2140161100740FFF797FDE0E7002480000002C00378
S214016120F0B50E460446154693B020223046434944
S2140161300DF0A4F968B92022284641490DF09EF9D0
S21401614038B9404B1B681B7D002B64D040F20340DE
S2140161501BE0246C2022304604F151010DF08EF92B
S21401616038B92022284604F171010DF087F900287C
S214016170ECD00620EEF760FC0DF06FFE044630B959
S21401618001461A20FFF75EFD1A2013B0F0BD002766
S21401619000970BF02EFF000260604FF4804120460E
S2140161A0676115F026FA284B3046E360274B06F167
S2140161B02002236004238DF804300DF1050350F806
S2140161C0041B904243F8041BF9D10DF10500202170
S2140161D017F070FB28460DF1250305F1200250F853
S2140161E0041B904243F8041BF9D120210DF1250030
S2140161F017F060FB01A96B46412220460CF04CFAD1
S214016200014650B920460CF0DBFC20460DF02AFE74
S21401621000980CF051F90020B7E710F1870F03D072
S21401622040F20740FFF70EFD20460CF0C9FC204661
S2140162300DF018FE00980CF03FF987E7F00903000F
S214016240D009030070250020000002091241000158
S21401625000F0C003402B07D1094B1B6873B100F057
S2140162603F0053F820007047802B01D1054BF4E71F
S214016270054A0648C02B08BF1046704703487047BA
S214016280782500207425002025BA02006D670100DC
S214016290014B1B68187A704770250020003918BF1B
S2140162A00121003B18BF012310B50B4C003A2468AE
S2140162B018BF0122A3749DF808302070003B18BF58
S2140162C00123E3749DF80C302174003B18BF0123B1
S2140162D06274237510BD00BF7025002001280AD006
S2140162E002280ED098B90B4B1A68936943F0010344
S2140162F0002093617047074B1A68936943F00203C5
S214016300F6E7044B1A68936943F00403F0E721208B
S214016310704700BF7025002038B5094D2C685CB960
S214016320A4200DF09AFD286040B12246BDE8384011
S2140163300449054809F096BF002038BD1A20FCE73D
S2140163407025002041B602007C250020024B034A3E
S21401635000201A60704700BF7425002098090300CA
S21401636010B5144CFFF7F8FC2068A42117F0B0FA1A
S21401637003224FF0FF3123681A70D96000221021E2
S2140163801A7783F83D2083F85E201A829A74197270
S2140163909A61EFF703FE044648B912F006FA03289D
S2140163A0054B08BF00232046044A136010BD40F287
S2140163B00740FBE770250020370004006C2500200D
S2140163C02DE9F04383680446590687B040F1B18051
S2140163D023F04003836015F0D4F9802802D04028CA
S2140163E040F0AA8094F9758004F13409B8F1FF3FB2
S2140163F01DD112F0DAF9012871D1636B04201A88D5
S2140164008DF808201A4632F8021B090A8DF8091081
S214016410D3F8023002A9CDF80A3053680A22CDF823
S2140164200E30FCF709FDB0F1FF3F804657D0A56856
S21401643015F4807553D10620EEF7FEFA0DF00DFD2A
S214016440074698B901461A20FFF7FCFB204641F2A1
S2140164500601FFF7D9FB20460021FEF7A1FF04F154
S214016460340007B0BDE8F04315F0DBB9204615F05F
S21401647088F9802828D1494D394645EA0825284615
S2140164800CF03FF8064638460CF09AFB16F1880FDA
S2140164901BD1434D394645EA082528460CF031F80C
S2140164A0064638460CF08CFB38460DF0DBFC96B9F8
S2140164B0606B2A4602A90A30FFF72AFD70B3102145
S2140164C002A817F005FAC1E72E46204615F059F93D
S2140164D04028E9D1DDE7314640F20740B4E794F8B9
S2140164E07430DA0702D4A368DB05AFD5002201A910
S2140164F004F118000192FFF767FD18B101980BF03F
S214016500DBFFA3E7606B019A02A90A30FFF700FDE3
S214016510054601980BF0D0FF002DD0D1204602A9E8
S214016520FEF73EFF02A8102117F0D2F9484615F0F3
S21401653078F907B0BDE8F083636B1A88002A85D125
S214016540882801D04B2881D10021013313F8012F6F
S214016550002A7FF47BAF01310829F7D1206C01A90D
S21401656000F598700192FFF72FFD0028C6D1606BE9
S214016570019A02A90A30FFF7CBFC054601980BF0F9
S2140165809BFF002D9BD1204602A9FEF709FF02A81A
S214016590102117F09DF904F13400C8E705800400C6
S2140165A0038004002DE9F043804693B006200F4691
S2140165B016469946EEF740FA0DF04FFC044648B9E8
S2140165C001461A20FFF73EFB6FF08C05284613B0F4
S2140165D0BDE8F0830BF00DFD0023000260606361EF
S2140165E04FF48041204615F004F85A4BE3605A4BAD
S2140165F023605A4B1A68137F022B21D102F16003E4
S21401660002F1800153F8040B8B4247F8040BF9D1D1
S21401661002F1A00153F8040B8B4246F8040BF9D1A2
S214016620D2F8A0302046C9F800300CF0C9FA20464E
S2140166300DF018FCB8F1000F40F085800025C5E785
S2140166409369DB072DD5464B03F1200253F8041B53
S214016650934247F8041BF9D1424B03F1200253F849
S214016660041B934246F8041BF9D14B4620223E49AF
S21401667020460CF011F8054620460CF0A1FA2046FB
S2140166800DF0F0FB002DD5D0294640F20740FFF76C
S214016690D9FAB8F1000F99D00821404615F0A0F9B3
S2140166A094E74946EFF746FC054690B1014640F2AD
S2140166B00740FFF7C7FAB8F1000F03D0082140469C
S2140166C015F08EF920460CF07BFA20460DF0CAFB39
S2140166D07CE76B46412201A9D9F800000BF0B1FF17
S2140166E0054620460CF06CFA20460DF0BBFB4DB17A
S2140166F0294640F20740FFF7A5FAD9F800000BF04B
S214016700DBFEC6E73A460DF105030DF1250153F808
S214016710040B8B4242F8040BF9D132460DF14501C8
S21401672053F8040B8B4242F8040BF9D101A841211E
S21401673017F0CEF83846202117F0BCF82021304655
S21401674017F0B8F876E7002245F21601404615F034
S21401675043F873E70000020912710001702500205A
S2140167601009030031090300100A030045F206036D
S214016770994210B5044637D01FD840F203239942F8
S21401678007D045F2020399423FD040F201239942D5
S2140167901FD1244894F8701017F006F894F8733057
S2140167A04FF4A041012B14BF80204020FFF750FD7D
S2140167B000220346204698470BE045F2170399420C
S2140167C02ED045F21A03994205D045F20C039942A0
S2140167D01FD0482007E0C02114F0E3FF0721204620
S2140167E0FFF712FA002010BD93791A44517C41F448
S2140167F09051FFF709FA94F873302046012B14BF25
S2140168008021402114F0CDFFECE7052115F0E8F8D2
S214016810E8E714F0B6FF4128E4D005212046F5E765
S2140168200220E0E77C250020B1F5A04F2DE9F041DC
S2140168300446164600F01481A1F5A043DD1F042D81
S21401684000F215819279083B0C321644026C92F8DC
S2140168505021032B05D8DFE813F043009B00B90055
S2140168600001D10719D5771D1022394682480CF050
S21401687005FE002862D011F098FF0128206C0ED189
S21401688003213A4690F95E01FCF774FA1021054699
S214016890384617F01DF8002D4CD100276BE03B461B
S2140168A01022032190F95E0111F081FF94F87330F4
S2140168B00546012B0DD13B4604F11802153653F857
S2140168C0041BB34242F8041BF9D1A36843F4807356
S2140168D0A3601021384616F0FBFF002DDDD011E035
S2140168E012F00107D9D011F060FF01282DD1236CD9
S2140168F0062093F95E81EEF79FF80DF0AEFA054695
S21401690018B91A250021284612E001465B4840EADC
S21401691008200BF0F6FD804628460CF051F9284673
S2140169200DF0A0FAB8F1000F0FD0414640F2074033
S214016930FFF788F90821204615F052F8204608216D
S21401694015F04EF840F2034020E0206C06F10508F1
S21401695043460A22022190F95E0111F028FFD6F87B
S21401696005300546A362D6F80930E362B6F80D3065
S21401697023860028C6D1226C92F8503123EA0703F9
S21401698082F85031204615F0E9F80020BDE8F08184
S214016990920782D511F009FF012806F10506206C41
S2140169A009D10621324690F95E01FCF7E3F9102180
S2140169B0054630466DE706213346102290F95E0102
S2140169C011F0F5FE10210546304684E793077FF562
S2140169D064AF11F0EAFE01281AD1236C062093F960
S2140169E05E71EEF729F80DF038FA0546002888D0D2
S2140169F00146234840EA07200BF083FD0746284658
S214016A000CF0DEF828460DF02DFA0FB139468DE769
S214016A10717989B90A46731D13F8010F60B90132FD
S214016A20062AF9D194F85210206C81F0080104F17D
S214016A304C03C1F3C00106E000394FF0060218BF4F
S214016A400121206CB31D90F95E0111F0B0FE0546E0
S214016A5000287FF457AF02278DE702F004078AE784
S214016A6014F0FBFD0022236C83F85C218AE7BDE865
S214016A70F041FFF77BBE00BFC0090300038004009E
S214016A80068004002DE9F04F97B01546DDE9209801
S214016A9004AA06468C4692461C46524B229F03F198
S214016AA0100B9646186859680833AEE803005B4534
S214016AB07246F6D16B46202261465046FFF7D6FA5B
S214016AC08346002871D1484B05F1100208936523CF
S214016AD08DF824300DF12503184655F8041B954210
S214016AE043F8041BF9D1102116F0E4FE0DF135032D
S214016AF0184604F1100254F8041B944243F8041B90
S214016B00F9D1102116F0D6FE99F80630062183F049
S214016B100803C3F3C0038DF84530D9F800300DF1F2
S214016B204600CDF84630B9F804300124ADF84A30B5
S214016B3016F0C0FE98F80630062183F00803C3F36A
S214016B40C0038DF84C30D8F800300DF14D00CDF86B
S214016B504D30B8F80430ADF8513016F0ABFE0023D6
S214016B6035228DF854306846239B08A98DF853408A
S214016B70FFF77CFA8346C0B91021239816F09AFED7
S214016B803B463522684608A98DF82040FFF76EFA85
S214016B90834650B9B27C0146C2F1100238460CF069
S214016BA097FC1021384616F085FE1021684616F02F
S214016BB08FFE352108A816F08BFE1021504616F0E0
S214016BC087FEBBF1000F06D00821304614F008FFFF
S214016BD017B0BDE8F08F5A4645F21201304614F060
S214016BE0FBFDF5E7520903000062746C70B51E46A2
S214016BF00423054696B014468DF8143001F12002A0
S214016C000DF1150351F8040B914243F8040BF9D129
S214016C1020210DF1150016F04DFE22460DF135032B
S214016C2004F1200152F8040B8A4243F8040BF9D10F
S214016C3020210DF1350016F03DFE04AB0293202312
S214016C4001931A9B314600930E48412305AA0BF087
S214016C5066FE0446412105A816F03AFE54B12146C7
S214016C6040F20740FEF7EEFF0821284614F0B8FE72
S214016C7016B070BD224645F21501284614F0ACFD4B
S214016C80F6E700BF00000209F0B545F20E06B14274
S214016C90044615468DB00ED045F21306B1425CD0BF
S214016CA0B1F5A04F40F0BD8014F0D7FC236CD3F8AB
S214016CB05831190757D5236CD3F8582112070CD42D
S214016CC0AA7903F584730C3215446A1D153552F8FA
S214016CD0041BAA4243F8041BF9D10023256CCDE915
S214016CE00833CDE90A3385F85C3195F85D310DF14D
S214016CF0200C042B2AD14D4B1B6893F83D205AB12A
S214016D00674603F11D022D333E461068516808326E
S214016D1003C69A423746F7D105F5A073069304F1E8
S214016D205A03059304F1530304932B7905F1C80222
S214016D3003936B790293AB79CDE900C305F1B803F0
S214016D40204605F1F80115F065F80CE0013B022B31
S214016D509CBFD5F82C310893DEE7056C95F85C31BD
S214016D6023B1012B54D000200DB0F0BD102205F543
S214016D70A07105F584700CF081FB20B10B21204633
S214016D8014F02EFEEFE7D5F858310DF1200C9B07D5
S214016D9042BF94F8743043F0020384F87430012340
S214016DA085F85C310023CDE90833CDE90A3395F83F
S214016DB05D31042B25D11D4B1B6893F85E205AB11B
S214016DC0674603F13E024E333E461068516808326C
S214016DD003C69A423746F7D105F58C73069304F13C
S214016DE05303059304F15A030493EB7A05F1B802B1
S214016DF003932B7B02936B7BCDE900C305F1C8039C
S214016E009EE7013B022B9CBFD5F82C310893E3E7A4
S214016E1005F58C7114F03DFC8821204614F0C1FC68
S214016E20A1E70DB0BDE8F040FFF7A0BC702500203B
S214016E3045F21403994213B504462BD00CD8B1F58C
S214016E40A04F13D045F20E03994232D0204602B02D
S214016E50BDE81040FFF78ABC45F219039942F5D107
S214016E60137813BB0C2114F0BBFD10E014F0F5FBF6
S214016E70216C204601F59473019301F1B803009348
S214016E8001F1510201F1C803113115F064F8002037
S214016E9002B010BD036CD3F82821114BB2FBF3F1FD
S214016EA003FB1121FEF7E2FEF1E7872114F079FCDE
S214016EB0EDE79179036C0C310A44511D03F5847397
S214016EC0153251F8040B914243F8040BF9D1226CA8
S214016ED0D2F8583143F00803C2F85831D7E700BF5B
S214016EE040420F0045F2100330B59942044685B082
S214016EF000F0A6800CD8B1F5A04F27D045F20503C7
S214016F00994228D0204605B0BDE83040FFF72EBC98
S214016F1045F21103994200F0B08045F212039942FE
S214016F20F0D1016C91F85D3113B1043B012B03D80C
S214016F302046B83114F0C9FB236C93F85D31042B5D
S214016F4040F2DF80052B03D1862192E014F085FB09
S214016F50002005B030BD9179036C0C310A44511DF7
S214016F60C833153251F8040B914243F8040BF9D19A
S214016F70206CD0F8583113F0040354D090F85D31EA
S214016F80042B22D1604B1B6893F85E5065B100213B
S214016F9000F111020091114600F5A07001903E33F8
S214016FA0204614F06BFDD3E71021B83014F02FFC07
S214016FB058B10821204614F013FD40F20740294637
S214016FC0FEF740FE40F20740C3E7216C91F85D31C1
S214016FD001F1C80213B1043B012B12D801F1F803E9
S214016FE0039301F59873029304F15A03019304F194
S214016FF05303009301F1B8032046D831FFF742FD51
S214017000A6E701F5A073019391F85C01D1F82C3144
S214017010C34003F0010343F080030093134601F1DC
S21401702051021131BCE780F85C3100F1C8020093CF
S21401703000F5987100F5A073204615F000F887E773
S214017040056C102205F1980105F5A0700CF016FAF2
S21401705020B10421204614F0C3FC79E78821D5F835
S21401706058319B0742BF94F8743043F0020384F80A
S2140170707430204614F095FB6AE7056C95F85D318F
S21401708005F5A070042B1ED11F4B102219684E3136
S2140170900CF0F4F90028DCD1102105F1B80014F049
S2140170A0B6FB216C01F1F803039301F59873029383
S2140170B004F15A03019304F15303009301F1C8024A
S2140170C001F1B80398E70146102205F198000CF08B
S2140170D0D5F90028BDD105F1B801204614F0F5FA1E
S2140170E0216C91F85C310133DBB2142B81F85C31F1
S2140170F0D8D0D1F8583123F00103C1F85831842192
S214017100B7E78721B5E700BF7025002045F21503D4
S2140171109942F7B5044651D00CD8B1F5A04F19D015
S21401712045F20D0399421BD0204603B0BDE8F0405E
S214017130FFF71CBB45F216039942F5D1016C01F12C
S214017140D8030093D1F8943001F131021131FFF7E1
S2140171504DFD01E014F081FA0027384603B0F0BD7A
S21401716093790C331A44551D02F1250632462946F9
S214017170FEF7D6FF074620B10B21204614F030FC5F
S214017180EBE72946236C113351F8042BB14243F83F
S214017190042BF9D1236C01F12002313351F8040B91
S2140171A0914243F8040BF9D1216C204601F1940376
S2140171B001F171025131FFF7F5F9CDE714F0BDFA8F
S2140171C0236C93F85D31052BC6D8DFE803F019036D
S2140171D011111E192046822114F0E3FA0C4B2046A9
S2140171E01B68D9684B1C5A425A41FEF755FDB3E756
S2140171F02046822114F0D5FA2046FEF77DFDABE746
S2140172008321204614F0CDFAA6E78521F9E700BFD1
S21401721070250020204B10B51B6804469B6913F0AF
S214017220040310D141B180F8773090F87010BDE8B2
S21401723010401A4816F0B8BA90F87330012B03D1F3
S2140172408368580705D410BD022B02D183685907FD
S214017250F9D494F9772094F87730002AF3DBB3B9A0
S214017260012384F8773094F877305B08EBD04FF43D
S2140172707A7294F8701053430848002208F0D0FF41
S21401728094F8773063F07F0384F87730DBE75A06AB
S214017290E9D45B00E5E700BF702500207C250020CF
S2140172A045F21E0399422DE9F3410446154611D8CD
S2140172B045F21603994214D845F20103994200F0AB
S2140172C0438345F20203994200F09C80B1F5A04F3A
S2140172D000F040832A46204602B0BDE8F041FFF7A1
S2140172E045BAA1F5A043173B072BF3D801A252F8E4
S2140172F023F000BF15730100D5720100D57201009D
S214017300D572010003790100D5720100D574010020
S2140173109B740100874E33681A7F022A11D1DA7CEA
S2140173207AB193F85E3063B941F20221FEF76CFC44
S21401733020460121FFF76EFF41F2022002B0BDE8B0
S214017340F081A368590701D50220F7E72046FEF72A
S214017350A3FB3368051E1A7818BF0125032A07D038
S21401736019696AB211F0FF1F28D042F0040503E044
S21401737094F87420920729D49A69960723D41A7F21
S214017380012A20D045F0080502210B2014F075F9DA
S214017390024600B3837903445D7394F97530013373
S2140173A003D094F87430DD0703D5A36843F00203D5
S2140173B0A3600621204614F05FF80CE094F87410E0
S2140173C08F07D2D4D8E75B7C002BDDD041F20321B6
S2140173D02046FEF719FCA368224643F00403A36087
S2140173E05549204608F03EFF0221204611F042FA98
S2140173F047F23053002245F21A01204608F010FFEA
S21401740000209BE78368580703D494F97730002B54
S21401741005DB236C53B1D3F85831D90606D520467F
S214017420092114F0DDFA41F2092087E7204614F01D
S214017430E6F828B90821204614F0D2FA21207DE783
S214017440206CD0F8583143F01003C0F85831AB79AE
S2140174500C332B445A68C0F803201A89A0F8072079
S21401746001229B7A4372236CDA70A26812F004063A
S21401747010D122463049204608F0F4FE022120466B
S21401748011F0F8F947F23053324645F21A01204618
S21401749008F0C6FEA3689A05B2D5236C002BAFD0C0
S2140174A0D3F85831DB06ABD5FEF71AFB94F9751005
S2140174B030B1A3689F0703D42046FEF731FC9FE74F
S2140174C00846FBF739FC28B194F87430DE0701D47E
S2140174D00521B0E7236C002B3FF436AFD3F85831C3
S2140174E0D8067FF531AF99063FF52EAFFEF7F8FACD
S2140174F048B1A3689A0706D42B7823B905212046FC
S21401750014F06EFA7CE7A368256C23F00203A360EF
S214017510D5F85831074F43F02003C5F858313B687A
S214017520EA791B7A934202D8A37C934206D90621B4
S21401753081E700BF70250020F9B7020094F95210C8
S21401754094F852300029B2BF012383F00803C3F335
S214017550C003102A28BF10226B7094F860302046B2
S21401756083F00803C3F3C003AB70A274AE79FEF7D1
S21401757093FA90B3F30730D594F97530D4F8408078
S214017580581C20D088F85E3106F00D063B689A69D3
S214017590910704D41A7F012A01D0320701D406F0DC
S2140175A0F7061A78032A1BD01B6913F0FF1F01D0B8
S2140175B046F004060721022014F05FF80190A8B9EE
S2140175C040F20340BAE62046FBF78CFD88F85E01E0
S2140175D0236C93F95E310133D6D106F00C06D5E75C
S2140175E01B7F002BE6D106F0FB06E3E790F806C00A
S2140175F03A680CF10C0C137800EB0C014B70137FFE
S214017600012B06D0022B45D192F85E30003B18BF05
S21401761001238B701023CE7016F0010608BF324688
S2140176200B711FBF2B7A6A7A03F003034B71236C2D
S21401763014BF02F003024E718A7183F851214A7910
S21401764083F8502150F80C20C3F80A208A88DA8182
S2140176508A791A7406B3206C90F8501111F002065C
S2140176601AD194F85210062281F0080190F95E01B1
S21401767004F14C03C1F3C00111F099F860B1314631
S214017680FEF7E0FA2046082114F0AAF901A80CF04A
S2140176900AF995E70023BCE7019E002E90D0FEF77D
S2140176A017FA95F806C018B994F9753001330FD05A
S2140176B01CF0010F04D0236C93F95E31013307D11E
S2140176C00521204614F08CF93046F2F7C7FEB5E6E0
S2140176D03B680CF00802597C29B112B16A7B10078D
S2140176E003D40321EDE7002A70D06A7B11076DD51C
S2140176F0D5F8581141F00401C5F85811B5F85011E4
S21401770021F4807121F00101A5F85011187F6979E3
S21401771002280FD091B942EA0C0212F0040240D1BD
S21401772085F85D211B7C002BDBD194F8743098071B
S214017730D7D40DE021B993F85E203ABB0221C0E709
S214017740012283F83D20DA7C32BB042385F85D31C3
S21401775094F91330022B03D1D5F858315A07C0D506
S21401776011F023F801284DD194F97500431C49D036
S214017770002201A9C0B2FEF789FB002842D1236C82
S21401778093F85021910737D40A219AE783F83D10E0
S214017790DB7C002BD2D1D8E793F85E30002BD4D116
S2140177A0CCE72A791978052A28BF03227C4801EB01
S2140177B0810101448A5C85F85D211B7C1BB994F824
S2140177C074309907C4D5002AC2D18AE71A7F012AE4
S2140177D002D16A79002AB8D11CF0040F03D16A7B62
S2140177E012F004029CD02A791978052A28BF0322B0
S2140177F06C4801EB8101DCE793F851319A0701D41B
S2140178000A2118E694F97500431C18D0226C082149
S214017810D2F8583143F04003C2F8583110F0DEFF79
S214017820052194F9750010F0ADFF032194F9750058
S21401783010F0A8FF062194F9750010F0A3FF324658
S2140178400621204613F018FE95F85D31206C042BB6
S2140178501DD13B6800F5987003F11D022D3352F8D7
S214017860041B9A4240F8041BF9D1D5F8583195F813
S2140178705D2103F004018AB923F00203C5F85831EB
S214017880E274B9B18121204613F08BFFB8E51022CE
S214017890002100F598700BF01BFEE6E743F00203AB
S2140178A0C5F8583141B90123032AE37412D9042AD1
S2140178B07FF4A6AD8421E6E7A37C0F2B89BF94F85D
S2140178C07430012343F0080384F8743088BF022320
S2140178D0E374D7E7012A07D02046822113F061FF1F
S2140178E02046FEF709FA8BE52046822113F059FF60
S2140178F03B682046D9684D1C6A426A41FEF7CCF9BE
S2140179007EE590F87430D80707D48021204613F01E
S21401791048FF29462046FEF777F9A36859077FF501
S2140179206FAD45F21A01204615F03EFF224620466D
S2140179301D4915F072FFA36823F00403A36002211A
S2140179402046FBF799FF5BE502461749174808F002
S21401795089FC55E545F21A0115F026FFA36823F0C8
S2140179603E03A360236C6BB193F95E01421C09D000
S21401797094F97520013203D0D3F858315B0601D54E
S214017980FBF7D6FA22462046074915F046FF22465F
S2140179900549064815F041FF204613F081FFCEE762
S2140179A0630903007C090300F9B702008025002063
S2140179B00138C0B20A289ABF014B185C00207047F4
S2140179C0300A03000149024815F023BFEC2E0020BF
S2140179D0802500201022074B28215A826422C3E901
S2140179E005124FF6FF729A8300221A604FF47062F6
S2140179F09A8470478425002038B5114C94F82430B9
S214017A00EBB1226812F0010519D1201DFEF79EF98F
S214017A10236843F00203236014F009FE78B14EF6A2
S214017A20602294F825304FF48271534305482A4664
S214017A3008F0F6FB18B9236843F00103236038BD4C
S214017A40842500208025002022F00042B2F5827FA6
S214017A5010B511D1094B1A6893F8244022F001029F
S214017A60012C1A6006D111F090F9FFF7C5FF2046E8
S214017A7000F020F8012010BD0020FCE7842500203E
S214017A8010B50B4C23689A0701D4002010BDFCF7F3
S214017A9047FB83791B0708D5FDF766FC0028F5D15F
S214017AA0236823F002032360EFE7FDF741FCF5E7C7
S214017AB08425002008B5044A136843F002031360C6
S214017AC0FFF7DEFF08BD00BF8425002030B5044661
S214017AD085B00846039114F0B4FE830708D410F06D
S214017AE0010003D003A80BF0DEFE012005B030BD77
S214017AF003998B7903F10C0288188A5C013A202AD3
S214017B0000F21781DFE812F021001501B10015011E
S214017B10B4001501BD001501C4001501CC00150106
S214017B20D4001501DB001501E9001501F10015016E
S214017B3015011501F30015010101150103011501D8
S214017B400C01150115011501E20003790BB103F5CE
S214017B5088534278023A1E2AC4D801A151F822F06D
S214017B60DD7B0100E57A0100E77B0100E57A010093
S214017B70F37B0100E57A0100FF7B0100E57A010055
S214017B800B7C0100E57A01002F7C0100E57A0100FB
S214017B90177C0100E57A01003B7C0100E57A0100D3
S214017BA0477C0100E57A0100E57A0100E57A0100EB
S214017BB0517C0100E57A0100617C0100E57A010053
S214017BC0E57A0100E57A0100E57A0100E57A01002F
S214017BD0E57A0100E57A0100237C010017212046A1
S214017BE0FDF748FB7EE700222046114612F03EFFD5
S214017BF078E71A460021204612F0E5FF72E70022D8
S214017C002046114613F08FF96CE7002220461146F4
S214017C1013F038F866E71A460021204613F025F9D6
S214017C2060E71A460021204613F03EF95AE71A4645
S214017C300021204613F0FCF854E7002220461146A6
S214017C4013F064FA4EE71946204613F0C8FA49E7DE
S214017C500093002320461A46194613F0CAFA41E754
S214017C601946204613F017FB3CE7B0F80110B6E7BB
S214017C7002338B710A4600234178204612F0F6FE45
S214017C8033E70133002220468B7112F09CFF2CE76C
S214017C9002338B7142780023204613F044F924E71F
S214017CA001338B71002320461A4612F0EBFF1CE7C6
S214017CB00133002220468B7113F0BAF815E7013321
S214017CC0002220468B7113F0D0F80EE70133002214
S214017CD020468B7113F0E8F807E702338B71427880
S214017CE00023204613F012FAFFE60021ACE7053325
S214017CF08B710023B0F80320B0F8010000930B4607
S214017D000146204613F075FAEFE60021A9E7033392
S214017D108B710A46B0F80110204613F0DBFAE4E650
S214017D2003338B710A46B0F80110204613F0DBFAD4
S214017D30DBE60020DAE600BF38B5FCF7EDF90446CD
S214017D40FCF74CFA0546064815F0ECFC00230371D7
S214017D5043712368C0F80630A3880573438138BD94
S214017D602009020513B5C37A0093B0F80930D0F89C
S214017D700520D0F80110007811F01FF804460348DA
S214017D8015F0D0FC848002B010BD00BF20020403B1
S214017D9010B50078FBF790FF0446024815F0C2FCC8
S214017DA0848010BD20020411FF2337B50DF10700B2
S214017DB08DF80730FBF7A2FF044604489DF80750EC
S214017DC015F0B0FC8480857103B030BD200304013A
S214017DD010B5007811F088F80446024815F0A2FCA8
S214017DE0848010BD2002040A4B7937B55B0705462F
S214017DF00C460CD420461421064A0BF0BCFB01A805
S214017E0001940BF0E4FB10B9A3791C44257403B06C
S214017E1030BD00BF5C0A0300024B1B6803B1184764
S214017E20704700BFCC25002010B5837804461F2B71
S214017E3010D80021007814F05CFD68B1A378617851
S214017E402078E21C10F087FF0446044815F06AFC0F
S214017E50848010BD2124F8E70224F6E720025600AC
S214017E6010B54178007811F019F80446024815F06B
S214017E7059FC848010BD00BF2002560210461946E8
S214017E80F8B522F0004340F20A4293420ED8B3F509
S214017E90806F59D96FF480621344092B54D8DFE8F8
S214017EA003F00D101F3050505050530D40F2015248
S214017EB0934234D0A3F20253032B45D8FBF79EFB23
S214017EC00CE00D784C688A6901F108031F4800210F
S214017ED00BF095FB10B10571C0F805400120F8BD07
S214017EE00E784D880C798A6901F10803184800213B
S214017EF00BF085FB0028F1D00671A0F80550C4717F
S214017F00ECE70D784C884A690B1D124800210BF0EE
S214017F1076FB0028E2D00571A0F80540DEE70F7871
S214017F204E880D79CC8801F108020B4800210BF030
S214017F308DFB0028D2D00771A0F80560C5710481B9
S214017F40CCE7FBF7DBFAC9E70020C8E77C0A0300A9
S214017F50780A0300740A0300700A03000048704799
S214017F607D7E010030B5124B0D469942144689B00C
S214017F701BD1930011D505A906A808F001FA06231E
S214017F8000220393059BE1B20293069B2846CDE9A6
S214017F90003241F0005115F011FC06480BF01EFBB3
S214017FA000B10471012009B030BD0020FBE700BF1D
S214017FB0D0250020A00A030022F00042B2F1A04F13
S214017FC008B504D103480BF009FB012008BD0020C9
S214017FD0FCE700BFA40A030010B5047FD4B1102C3F
S214017FE028BF102415F064FC621C81B20023062011
S214017FF0D2B2F2F7B3FB044650B90749074815F069
S21401800008FC0748074915F004FC0748F2F780FB0F
S214018010204610BD0424E5E7042F0020D4250020C7
S214018020D0250020142F0020FC2E002022F0004234
S214018030B2F5887F2DE9F0471C4600F0E2800ED8A5
S21401804040F203139A423CD040F209139A4200F0E0
S214018050C2800E2A00F0B3800020BDE8F08740F20F
S21401806007239A4247D0B2F5037F56D040F2062343
S2140180709A42F1D120684C30FCF7B0F825680746E3
S214018080644895F8736095F870A095F9759095F821
S2140180907680A4880BF0A2FA0028DDD0EB6C436052
S2140180A0B5F8503087720381731E5E425E41C67218
S2140180B080F80CA080F80D9080F80E80A0F80F4094
S2140180C0CAE72078FBF79AFB0028C5D0524894F8F7
S2140180D000806788A688E588247A0BF07FFA002856
S2140180E0BAD080F80480A0F80570A0F80760A0F860
S2140180F00950C472B0E72078FBF780FB0028ABD0AC
S21401810060782578FFF754FC044644480BF066FA7D
S2140181100028A1D0057144719EE7A578012D1ED0D7
S214018120022D2DD0CDB9E37894F80080023BDBB266
S214018130022B8CBF01253A4A94F90470667998BFE0
S214018140D55C94F9064037480BF048FA28B180F818
S214018150048045718771C671047201207DE7E3785A
S21401816094F80080023BDBB2022B98BF2C4A94F9AC
S2140181700470667998BFD55C94F906402A48E3E70F
S214018180E3782A48023BDBB2022B94BF244A01253E
S21401819094F80180277898BFD55C94F904906679A5
S2140181A094F906400BF01AFA0028D6D0A0F80480FD
S2140181B08771C57180F8089046728472CDE72346B0
S2140181C00822002113F8014B19480BF018FA002871
S2140181D0C3D00471C1E7174894F800806788A68861
S2140181E0E58824890BF0FAF90028B6D080F80480D7
S2140181F0A0F80570A0F80760A0F80950A0F80B4099
S214018200ABE70D481C780BF0E9F900283FF424AFE2
S214018210047121E7E00A0300DC0A0300D40A030024
S214018220A80A0300CC0A0300C80A0300D00A030008
S214018230C40A0300C00A0300D80A03000022084B40
S21401824010B51A609A8002681A60187810F08FFFCD
S214018250044618B90349044815F0DBFA204610BD58
S2140182600E2A0020242F00208025002008B5034B6D
S2140182705888FBF757FE002008BD00BF0E2A0020D5
S21401828073B5144606460D4620461421094A0BF0DE
S21401829072F901A801940BF09AF948B9A3790C3345
S2140182A01C44054BA6711B79A5800BB114F03BFB52
S2140182B002B070BDBC0A03000E2A002022F0004264
S2140182C00D2A73B51C460ED06FF4C0631A440B2AF0
S2140182D012D80B2A10D8DFE802F03B12242C370FF5
S2140182E046505F84878E0422002153F8044B44488D
S2140182F00BF085F900B18480002002B070BD2078B3
S214018300FBF77CFA0028F7D03E48267894F901500E
S214018310A4780BF063F90028EED0067145718471DC
S214018320EAE7247838480BF059F90028E4D00471BC
S214018330E2E72578354864680BF050F90028DBD071
S2140183400571C0F80540D7E7257831486468F3E73A
S2140183503048257864680BF041F90028CCD00571C7
S214018360A0F80540C8E72C48257864680BF036F974
S2140183700028C1D005714471BEE7637827480D2BEC
S21401838096BF274A0125D55C24780BF027F90028EB
S214018390B2D004714571AFE7637800210D2B98BF09
S2140183A01F4A204898BFD55C6368A27888BF01251C
S2140183B026780BF024F908B1067145716378012B14
S2140183C09AD88DF807300122002116480DF10703CF
S2140183D024780BF014F900288ED001230471437120
S2140183E08AE7247810489EE70021636822780F48C0
S2140183F00BF005F980E70E480BF0F0F87CE700BFBC
S214018400240B0300100B0300180B03001C0B0300C6
S214018410140B03000C0B0300080B0300040B0300F2
S214018420E40A0300000B0300FC0A0300F40A03003D
S214018430F80A030073B5054616F0FAFA1D4C06460F
S21401844063795B070ED4204614211B4A0BF093F880
S21401845001A801940BF0BBF820B1304616F0E3FA00
S21401846002B070BDA3790C33234455B91A79FF2A9B
S21401847001D001321A71304602B0BDE8704016F0E4
S214018480D2BA012D05D15A79FF2AF4D001325A7198
S214018490F1E7022D05D19A79FF2AECD001329A71C3
S2140184A0E9E7032DE7D1DA79FF2A1CBF0132DA7139
S2140184B0E1E700BFD8250020200B030010B5827825
S2140184C04178007810F027FD0446024815F02AF995
S2140184D0848010BD2002570010B5012104460078A3
S2140184E014F007FA60B122466378002112F8020BF5
S2140184F010F031FC0446034815F014F9848010BDD1
S2140185000224F8E720025701002313B50093D0F8A0
S21401851002204178007810F04BFD0446024815F021
S21401852001F9848002B010BD2002570430B585B031
S21401853005460A4901A807F0BDFB044650B901A843
S21401854007F026FC044615B1029B9B792B7001A807
S21401855015F05AF8204605B030BD00BF500B030099
S2140185602DE9FF4180460F4601A80C4916461D46D7
S21401857007F0A0FB70B9029C9DF8283084F80480AF
S214018580C4F80570C4F80960A4F80D50E37301A897
S21401859015F03EF804B0BDE8F08100BF480B0300BB
S2140185A01FB50446054901A807F084FB20B9029BC4
S2140185B001A81C7115F02CF804B010BD400B030087
S2140185C01FB50446054901A807F074FB20B9029BB4
S2140185D001A81C7115F01CF804B010BD380B03007F
S2140185E030B587B005460C4600930749134603A8E5
S2140185F0012207F07FFB28B9049B03A81D715C715B
S21401860015F006F807B030BD600B030030B585B035
S21401861005460C4601A8064907F04CFB28B9029B03
S21401862001A81D715C7114F0F3FF05B030BD00BFE9
S214018630580B03007FB506460D4601A806491446A9
S21401864007F038FB30B9029B01A81E715D719C7161
S21401865014F0DEFF04B070BD780B030010B586B0D1
S21401866004460B4600920649012203A807F042FB86
S21401867020B9049B03A81C7114F0CAFF06B010BDF4
S214018680700B03007FB506460D4601A80749144640
S21401869007F010FB38B9029B01A81E715D71C3F883
S2140186A0064014F0B5FF04B070BD00BF680B0300B0
S2140186B07FB505460E4601A80C4907F0FBFA0446AD
S2140186C080B901A807F064FB029B044625B1D3F8E4
S2140186D006202A605A89AA800EB11B7B337001A836
S2140186E014F092FF204604B070BD00BF800B03005B
S2140186F010B50F4C88B02060F2F704F82168684680
S21401870014F037F96846F5F765F9044660B90A20AA
S214018710084A094907F066FD044628B907F090FBA8
S21401872007F0BEFEFFF756F9204608B010BD00BFA1
S214018730142600203BC902006DE3020070B58EB01E
S21401874007F0DAFE002302AD29460DF107008DF889
S2140187500E308DF80730E7F7CFFE00286BD128469C
S21401876013F054FF002866D0302864D09DF80730F7
S214018770012B17D172238DF80E30EBF791F8CDE966
S2140187800601030C8DF81230BDF81D30ADF810004F
S214018790ADF813309DF81F308DF8153049238DF84C
S2140187A016300AE049238DF80E3095E80300ADF83F
S2140187B01410090C04908DF816109DF80E3013F065
S2140187C0280F07D1DDE90401ADF80C10090C029061
S2140187D08DF80E10274E33681869002830D133689B
S2140187E05A690AB9244A126824490A609A690AB978
S2140187F0234A126823490A6093F82220D20727D415
S21401880004A814F0F1F80446F8B9316806A814F083
S214018810B0F806A8E7F70AFE0446B0B9BDF92E007F
S21401882013F0C1FE14F0E5F82846FBF785FC164860
S21401883007F0D2FC09E09DF80E3019079DD5B4E784
S21401884011F09EFF04460028C9D020460EB070BD28
S21401885093F8232000234FF0FF3006A9CDE9063315
S2140188608DF81A2014F0B6F90028C9D040F20C444D
S214018870EBE700BF1426002050EF0200F025002091
S2140188804CEF0200EC250020E188010070B50F488E
S21401889014F041FFC8B907F001FD0C4D05F10C06B7
S2140188A013F070FE07F008FB0446284614F02FFF6D
S2140188B010B930460AF0F7FF0AF0F7FE08B9002CA7
S2140188C0EED1BDE8704014F02FB870BD242600200C
S2140188D0024B1B6803B11847704700BFEC25002008
S2140188E050EA010337B504460D4604D103B0BDE88E
S2140188F03040FFF7EDBFB1F1FF3F08BFB0F1FF3FDA
S21401890013D015F033FD221845EB01030849094839
S214018910C1E9002300239D420CBF21464FF0FF31E1
S214018920CDE90033044A16F0FDF803B030BD00BFB0
S214018930680B0020F42500203D890100D3B516F010
S21401894077F8044615F012FD0B46104AD2E9006787
S214018950B04273EB070107D3FFF7BAFF204602B018
S214018960BDE8D04016F05FB8D2E900670022311AA0
S21401897067EB03039342CDE90022134618BF4FF07D
S214018980FF31034A034816F0CDF8E7E7680B0020ED
S2140189903D890100F42500200023044A52E8000F17
S2140189A042E800310029F9D1F7F71AB91826002054
S2140189B0054A52E8003F034342E800310029F8D156
S2140189C0024B1B68184700BF18260020F025002020
S2140189D037B51C68E10705D513F0C9FD16491748D8
S2140189E014F017FFA20723D5FCF752FED0B9144D99
S2140189F0019016F01DF8044628460AF072FF019011
S214018A00204616F010F8019890B143799B070CD4D4
S214018A1001A802210BF035F80198FCF729FEFCF7B6
S214018A2065FCE6E7FCF762FCDEE7FCF715FEF6E719
S214018A30002003B030BD00BF342F00208025002069
S214018A401C26002008B5054807F006FA044B01214C
S214018A501870BDE8084007F00FBA00BF442F002089
S214018A600B2C002038B5044648B115F0E1FF054649
S214018A70214608480AF0ECFF284615F0D4FF064BBD
S214018A80022193F9000007F0F7F9BDE83840FFF737
S214018A901FBF00BF1C2600200B2C00202DE9F04133
S214018AA00A4B0B4F04460E46386819681546E8F718
S214018AB0AFFF40B933462A46386844F48021BDE802
S214018AC0F041E9F7C9B9BDE8F08100BF302E0020BA
S214018AD0502E00202DE9F0410A4B0B4F04460E465E
S214018AE0386819681546E8F793FF40B933462A46B1
S214018AF0386844F48021BDE8F041E9F757B8BDE88D
S214018B00F08100BF302E0020502E002038B5084DD1
S214018B10084B044619682868E8F77AFF30B92868D0
S214018B2044F48021BDE83840E9F7DAB938BD00BF22
S214018B30502E0020302E00202DE9F043134B0E4618
S214018B401968134B05468DB018681746E8F760FF9D
S214018B5080B933460A222846009702A908F0AEF8E3
S214018B604FF0000804460DF10809444505D1002CD4
S214018B70EFD120460DB0BDE8F083284659F8041B16
S214018B80E9F7AEF908F10108EFE700BF302E002043
S214018B90502E0020F8B50B4B0B4F06460C46386896
S214018BA01968E8F735FF054648B9E24316FA82F236
S214018BB0386842F4802246F48021FFF7BDFF28463C
S214018BC0F8BD00BF302E0020502E0020F8B50E460E
S214018BD0074630B329B300F0BDF80446F8B9124D84
S214018BE00146182228460AF073FC20232B703369AD
S214018BF02E616B607369AB60F1F750FE07F0D8F831
S214018C00BE6A002E08BF4FF48076304607F03AF869
S214018C10044620B9054B28461E6007F0D5F82046C5
S214018C20F8BD2124FBE700BF2426002020260020D3
S214018C30014814F032BD00BF2426002010B50548B7
S214018C4014F03DFD044618B900F010F913F0EEFCDF
S214018C50204610BD2426002030B5044685B003A961
S214018C60084814F0DFFC2346054613F8050B01936C
S214018C7023790093E378A278617813F0F3FEA88055
S214018C8005B030BD2002440637B5054601A90548A2
S214018C9014F0C8FC0446287813F0D1FEA08003B077
S214018CA030BD00BF2002440137B5044601A906487D
S214018CB014F0B8FCA278054661782078E31C13F01E
S214018CC09CFEA88003B030BD2002440030B587B0BA
S214018CD005460C4600930749134603A8012207F0F0
S214018CE009F828B9049B03A81D715C7114F090FC67
S214018CF007B030BDA80B03001FB50446054901A8FF
S214018D0006F0D8FF20B9029B01A81C7114F080FC64
S214018D1004B010BDA00B03002DE9F04186B01D463E
S214018D200D9B80460F461646009301220C9B084970
S214018D3003A806F0DFFF40B9049C03A884F804806A
S214018D406771A671E57114F063FC06B0BDE8F081A9
S214018D50980B0300074BDA69D20407D51B6A40F269
S214018D60044013F0010F18BF0020704740F2044082
S214018D70704700BF0080E00F10B502783E2A4FEA28
S214018D80022302D18278134301E0FF2AFAD0094A6E
S214018D90094910780022904201D8002006E031F8F7
S214018DA0024BA34203D1054B53F8220010BDF4D366
S214018DB00132F0E7F6EE020030EF0200F8EE0200B4
S214018DC038B505460C4642F25700032112F0B9FAAF
S214018DD0A0F8035044710348F3F7B4FDBDE83840EA
S214018DE013F054BE235402001FB58DF80B209DF8D6
S214018DF01820ADF808008DF80A10009242F25500CE
S214018E00042202A912F0A8FA20B90448F3F79AFD41
S214018E1013F03CFE05B05DF804FB00BF735302007F
S214018E201FB58DF80B309DF818308DF808008DF8B9
S214018E300C309DF81C308DF809108DF80D309DF81A
S214018E4024308DF80A20009306224FF61540089B21
S214018E5002A912F081FA20B90348F3F773FD13F063
S214018E6015FE05B05DF804FBA554020030B50024DC
S214018E7085B002A8EAF7FEFC01A8BDF808500194E7
S214018E8007F036FB00B101940D48019C0AF0A6FBE1
S214018E90A0B1002343718371C3710372437283725D
S214018EA0C3726FF0070383740D23C3747C230B22F4
S214018EB0037564230271C4600582437505B030BD35
S214018EC0B00B03001046044A1368591E033102D83A
S214018ED00021116018477047542F0020034B186873
S214018EE0034B002808BF1846704700BF3C260020E9
S214018EF0DC0B0300014813F018BF00BF4426002016
S214018F0013B50B4C0229226005D10A4813F00DFF58
S214018F10002002B010BD0A4600930146064B0548E4
S214018F2013F0E4FE003818BF01204000F1E700BF4F
S214018F30542F002044260020C58E0100014813F05E
S214018F4005BF00BF442600200021014813F020BFC2
S214018F504426002008B5064B1B68013305D0FFF7F1
S214018F60EDFF80F00100C0B208BD0020FCE700BFA5
S214018F70542F00202DE9F843DFF860900646D9F813
S214018F80008008461746B8F1000F03D00E2420468D
S214018F90BDE8F88306B3336801331DD1E1B100F0B3
S214018FA075F805460028F1D0C9F8000000F0D4F89D
S214018FB0284613F0A2FD044640B14046C9F8008099
S214018FC000F0CAF8284613F093FDE0E73560002F5D
S214018FD0DDD02846B847DAE72124D8E74026002026
S214018FE0024B1868003818BF012070474026002041
S214018FF038B50C4601F008FCA3780B4A13705A1ECC
S21401900055425541A8420CD0012B04D02846BDE854
S214019010384001F0DBBB204601F0AAFB0028F5D062
S21401902038BD0020FCE700BF0C2C0020002108B54D
S214019030024B08465B689847002008BD702F002049
S21401904010B5FFF74BFF0D4B0C461A1A534253410E
S2140190508B4201D1002010BD094B1B683BB9094A60
S214019060064B002C08BF1346074A1360F2E713F0BD
S21401907078FF0028F3D00220EDE700BFB40B030011
S21401908040260020DC0B03003C260020F8B50446F1
S21401909015F0C5FC002607460E4B1B6893B19E686B
S2140190A0AEB196F82420D20711D435460FCC0FC5A1
S2140190B00FCC0FC523682B6096F8243043F00103CC
S2140190C086F82430384615F0A5FC3046F8BD1B68F6
S2140190D0E4E700BF642F0020431E033306D8044B89
S2140190E0984228BF1846642838BF6420704700BFDE
S2140190F040420F0038B505460C4641B10B6833B106
S2140191001B68013303D0CB680BB18B6843B914F0ED
S21401911066F900209122412100F0CCF9212038BDCA
S214019120084602F0B3FE0023094A85F83C31C5E93A
S2140191303A4313605360636943B1064A422110689B
S214019140B322C31A5842584100F0B4F90020E6E7AA
S214019150582F0020F428002010B5044618B9054BF6
S214019160054A136010BD00F0C1FDD4F8F430002BA1
S214019170F6D1F4E7DBCB0200682F002008B50246E3
S2140191800868FFF7A9FF08604868FFF7A5FF486071
S2140191908868FFF7A1FF8860C868FFF79DFF0B6925
S2140191A0C860581C03D00B48834228BF03460B6196
S2140191B04B69581C03D00748834228BF0346886979
S2140191C04B61FFF789FFBDE808408861104601F052
S2140191D05FBA00BF40420F00D0F8EC302DE9F041F5
S2140191E005460C4613B1838D8B424CD0D5F8E8303A
S2140191F0002B4BD09E68002E48D0D868002845D05A
S214019200013800B200281ADB002106E0128A591C38
S214019210A24217D209B2884211DB0B1803EBD373B3
S2140192205B1003EBC30206EB8202B2F80EC003F139
S214019230FF3EA445EAD90FFA8EF08842EDDA2120E6
S214019240BDE8F0814FF6FF7299B29142F7D09BB21A
S21401925003EBC30306EB83062846B6F9122095F8FE
S2140192603011D5F8FC8008F013FB0746B8F1000F63
S21401927004D00023324628461946C047AC85C5F8B7
S214019280EC6085F839710020BDE8F0810E20BDE85C
S214019290F08100BF2DE9F04782B004460F4616461E
S2140192A001F0B8FA002867D14C4D2B68D4F8E89045
S2140192B0D4F8EC800BB14B4572D04FF0000AAF608A
S2140192C001F022FF0128074604D0012100220846AA
S2140192D013F04EFC2B68D9F80010D8F8002013B113
S2140192E01868884267D0204613F0E3FF3C4BC5F868
S2140192F000901A78C5F804808DF807606ABBD4F828
S214019300FC50002D5ED0114620460DF10703A847FC
S214019310204601F003FD0546BAF1000F00D08EB1DC
S214019320B5FA85F04FF480623321400900F0C2F8A7
S2140193303146204601F01AFE2A4B05464146204694
S2140193401B689847D4F89430D3B9012F01D0F5B9EA
S2140193500025284602B0BDE8F087D4F8EC30B4F911
S214019360441023B1B3F912309942A8BF19463246C8
S214019370204601F027FCCBE70023184D6B6094E7ED
S21401938000224FF40073204600F0C0FCDDE7164BC8
S21401939000215B6803209847284602B0BDE8F087A5
S2140193A06B68002B89D0434587D1AB689F42CFD0ED
S2140193B04FF0010A83E7696811B10968914295D0B7
S2140193C0596890E794F8281094F839313246994252
S2140193D028BF1946204601F0C3FB99E7582F002005
S2140193E0DEEF0200682F0020702F0020F8B50E4631
S2140193F0054615F014FB314607462846FFF7ECFEF6
S214019400044620B1384615F005FB2046F8BD01F0AC
S2140194105BFE224631462846FFF73CFF04463846A7
S21401942015F0F8FA2046F8BD70B5044600200D4642
S21401943013F0D9FF094B1B784BB9D4F8FC6036B151
S21401944029462046B446BDE870401A46604729467C
S2140194502046BDE8704013F01BBF00BFDEEF0200E0
S21401946030B4064DBDF908402D781DB1029430BCCC
S21401947013F011BF0E2030BC704700BF182C00201F
S214019480024B1860024B1960FEE700BF5C28002003
S2140194906C2F002038B5044D044C054B2860216024
S2140194A01A60FFF7EDFF38BD5C2800206C2F002006
S2140194B06028002010B550B90548064B01600648E3
S2140194C002601868054B18601868FFF7E3FF10BDC7
S2140194D06C2F002040260020602800205C280020F9
S2140194E0054B1B680BB918467047834201D01B69B0
S2140194F0F8E70120704700BF68280020094A136872
S2140195000BB918467047834207D11B6901201360C7
S214019510054A1368013B1360704703F110021B698B
S214019520EEE700BF68280020642800202DE9F74FE9
S214019530064615F07DFADFF82881012398F800B079
S214019540DFF820910190BBF1000F06D089F80030BA
S21401955003B0BDE8F04F15F066BA3F4F88F800300B
S21401956089F800B013F050FC08B113F04BFC3D68CD
S2140195703A495DB9DFF8F0A0DAF800200024AA42E3
S2140195803B682ED84FF0FF3134483AE06B7D8BB103
S2140195902B68B34202D09A1B8A420BD96A681344DD
S2140195A02B60AB68003A18BF0122003B18BF0123AD
S2140195B06A75AB752D69DCE7907D20B1107D884218
S2140195C09CBF014614461269002AF5D1002CD9D059
S2140195D094E80B00A275411AE268204698470135C7
S2140195E0CAE71A46FF21EFE75A7D4AB11A68B24226
S2140195F024D0921B824221D8914201D311461C46A7
S2140196001B69002BF0D15CB12046FFF777FF38B11C
S2140196103B683C602361DAF800300133CAF8003059
S2140196203B685A7D6AB913F0EBFB064699F80030A1
S214019630002B95D1019888F8003089E71C46002157
S214019640DEE7186800F0D2F8044613F0D9FB0646A8
S214019650002C85D1EAE700BF68280020FCFFFFBF89
S2140196600E2C00200D2C00206428002038B505465D
S21401967008B31822002109F02BFF15F0D9F902468C
S2140196802846FFF72DFF20B1104615F0CCF9022031
S21401969038BD0A4B1C6854B909491D600B68104651
S2140196A001332C610B6015F0BEF92046F0E704F19A
S2140196B010032469EFE72120EAE700BF68280020AD
S2140196C06428002038B50446FFF70AFF15F0B0F904
S2140196D005462046FFF704FF637D23B9284615F0AB
S2140196E0A2F90E2038BD00236375064B1B68A34202
S2140196F003D113F085FBFFF719FF284615F093F900
S2140197000020EFE7682800202DE9F84FDDF82890C3
S214019710984604460D469246FFF7E2FEDDF830B065
S21401972015F086F9074613F06BFB06462046FFF751
S214019730D7FE637D23B12046FFF7C4FF0023A37540
S214019740BAF1010F21D175B9B8F1000F1FD1B9F1E6
S214019750000F03D05A4631462046C847384615F012
S21401976062F9002017E035440C4BAA1B9A420ED82A
S214019770012363759DF82C30304684E82003237559
S214019780C4F80CB0FFF7D2FEE8E7AE42ECD138469B
S21401979015F049F92120BDE8F88F00BFFCFFFFBF97
S2140197A02DE9F04107468846FFF79AFE15F040F985
S2140197B03D68064613F024FB7B7D7BB185420DD0C8
S2140197C0094B2C1A9C4209D8304615F02CF9B8F1F1
S2140197D0010F08BF25462846BDE8F081304615F042
S2140197E022F90025F7E700BFFCFFFFBF0023024A6E
S2140197F0194600F04DBB00BFCBCD0200024B002244
S214019800196813F06FBD00BFA40C0300024B0122C0
S214019810196813F067BD00BFD028002090F82530E6
S214019820FF2B0FD0012904D90239012906D921209D
S21401983070470222044B196813F054BD034B0322F0
S2140198401968F9E702207047980C0300940C03008E
S214019850024B0422196813F045BD00BF900C0300AB
S21401986070B5164E032804460D4633781ED023FAEB
S21401987004F202F00102AA421DD053B10122A24015
S214019880A54023EA02032B43DBB233704BB1012020
S21401989070BD2DB10A4B01201B6898473378EDE760
S2140198A03570074B00201B689847F0E79A07DED013
S2140198B003F0FC03E9E7002070BD00BF102C002078
S2140198C0A8280020F8B505460C4615F0A8F8104F54
S2140198D006463B7833B1012D04D01CB90D4814F06F
S2140198E0CBFC3C7021462846FFF7BAFF0A4B0446DC
S2140198F01B783BB93B782BB913F096FC10B1074B9C
S2140199001B689847304615F085F82046F8BD00BF1D
S214019910112C00207C280020102C0020702F002005
S214019920054A0B46117831B100211170034A012115
S2140199305268187810477047112C0020702F0020AD
S21401994038B5074D04462B78834207D000F096FFC2
S21401995020462C70BDE83840EAF7A8BA38BD00BFEB
S2140199600F2C002038B5044680B115F058F80121B7
S2140199700446084614F0C4F801210B4A084607F0CD
S21401998025FF2046BDE8384015F044B815F047F8E5
S21401999005462146012014F0B3F801202146024A6B
S2140199A007F014FF2846EDE71C0C03001B4B0229A9
S2140199B010B5187002D0032904D010BD184B1B78BF
S2140199C0002BFAD1FFF70CFB0028F6D04FF000521F
S2140199D0144BC3F88020BFF34F8FBFF36F8F00F097
S2140199E025FF0028E9D000F0D3FE0028E5D10E4B74
S2140199F01C6834B123689847BDE81040002000F089
S214019A0031BF13F06FF9094B186015F0CEF8084B0B
S214019A101860204600F012FFEEE700BF503C002021
S214019A200F2C002000E100E0CC280020A428002014
S214019A30A028002038B504460D46FFF7D1FA80B1BC
S214019A404FF00052124B1A6000F0F0FE48B9012D9B
S214019A5007D8012000F006FF0E4B1B6823B15B6898
S214019A6098470D4B1C7038BD15F09FF80B4B1A68C4
S214019A70801A186014F0CAFC4FF47A72084B1B68FF
S214019A8002FB003013F030F9012000F0D7FEE8E7C2
S214019A9000E100E0CC280020503C0020A028002057
S214019AA0A4280020F0B585B014F0B9FF344D044663
S214019AB02B7823B1334814F0DFFB002852D114F081
S214019AC06FFC02AA03A913F099FB0346002838D0BD
S214019AD013F0A8FB029B98421CD100202A4B039945
S214019AE01B682A4E9942307020D90027C91A0123D3
S214019AF024482B70264A33460197009715F031F813
S214019B00002837D1234A1378D90701D53178F9B11E
S214019B10204611E013F084FB029B984228D00023D4
S214019B2018461949194A0968137003910121FFF76C
S214019B3097FE002320462B7014F06CFF002005B022
S214019B40F0BD20462B7014F065FF212005B0F0BD56
S214019B5003F0FE031370002BDAD10F4B1B689847F6
S214019B602046E9E7204614F055FF0E2005B0F0BD6B
S214019B700220B3E7032320462F703370F3E700BFBC
S214019B80112C00207C2800209C2800204F3C00201F
S214019B9021990100102C0020A828002070B514F08F
S214019BA03EFF184D04462B7823BB174A17491370FE
S214019BB0174B184A18481A60184A194E5A60EAF79D
S214019BC029F918491848EAF725F9184B8020336017
S214019BD0E8F7CAFE052804BF154B3360154B5B6FCB
S214019BE003F44073B3F5007F02BF0222124B1A60E2
S214019BF001232B70EAF76AFA204614F00BFF0020C7
S214019C0070BD00BF122C0020112C0020240C030074
S214019C10702F0020A59A01006C280020C59801002D
S214019C20A82800202C0C030074280020419901006C
S214019C3065990100004000509C280020024BD8681E
S214019C40C0F30360704700BF000002B810B5054CB2
S214019C50237823B103F014FC0020207010BD0E20E1
S214019C60FCE700BF142C002008B503F0D7FB012247
S214019C70014B00201A7008BD142C0020F8B50446CC
S214019C800F46164614F0CBFE0546A047044620B103
S214019C90284614F0BFFE2046F8BD05F0C7FD042295
S214019CA00549D1F8EC3E23EA07033343C1F8EC3EFD
S214019CB0024B1A64ECE700BF003000B0002002B887
S214019CC000F01803182B0AD003070AD440F2011338
S214019CD010F0100018BF1846034B98677047002015
S214019CE0FAE70120F8E700BF003F00B038B103688B
S214019CF0044A002B08BF1346034A13607047014B02
S214019D00FAE700BF9DCE02007C2F002010B4D0E9F8
S214019D10544122400B4052EA030104D003495DF846
S214019D20044B096808475DF8044B70477C2F0020F8
S214019D300F2938B505460C460ED801F0E5F901287D
S214019D400CD1074A2846536E23F00F03234353666C
S214019D5013F0BEFA002038BD2120FCE70220FAE706
S214019D60003F00B008B50E4B1A6C12F0A00F01D0E0
S214019D70002008BD5B6C5B070FD40A4BD3F8EC3EA2
S214019D8023F07F4323F0FF033BB1FFF757FF09287A
S214019D90EED00C3818BF0120EBE70120E9E700BF41
S214019DA0000002B8003000B070B50D46064620B976
S214019DB01A4B1B68CBB10E2016E001F0A5F901285D
S214019DC02AD1174BD6F8F00093F9004013F02EFA7B
S214019DD0C4F12704241A641BC4F11C03002BB8BF6A
S214019DE05B42232B0CDD212070BDA1F10B03002B60
S214019DF0B8BF5B42232BF6DC094B19700020F3E752
S214019E0086F8265014F00BFE054660B200F0FEFD03
S214019E10284614F0FFFDF1E70220E5E74026002082
S214019E20132C002008B513F03AF88022024B58672D
S214019E30024B1A6108BD00BF003F00B0000002B827
S214019E40014B1868704700BFBC28002037B514F0D6
S214019E50E6FD01230022002400930023054619464F
S214019E601046019405F0B2FA022002F0EBFB064B15
S214019E7021461C60054B02205B689847284614F073
S214019E80C9FD204603B030BDC4280020702F002035
S214019E902DE9FF4102290D4616469846039004D146
S214019EA0FFF7D4FF04B0BDE8F08114F0B8FD1E4FF3
S214019EB004463B683BB1B34205D014F0ABFD00232A
S214019EC021203B60EEE7194B0022C3F800803E607C
S214019ED0002301264FF00008104619460196009609
S214019EE005F074FA124B022083F8008002F0AAFBF8
S214019EF043462A46022003A902F0C2FB0D4B039AF1
S214019F001A6008B92046D8E70B4D2B6898472128D8
S214019F1004D0204614F07EFD0020C3E731466B686E
S214019F2002209847F5E700BFC4280020C02800207B
S214019F30162C0020BC280020702F0020044B5B6EDE
S214019F405B054EBF0120034B187800F001007047F7
S214019F5000C001B8162C002090F82530023B022BD9
S214019F6005D84B7C2BB1012B05D0022B05D012F066
S214019F70FBBF03487047034870470348704700BF5C
S214019F8020A1070048E8010040420F000A78022A93
S214019F9011D0101F4242424152004B781201022B4F
S214019FA00BD0191F4B424B415B000549054842EA5D
S214019FB08312FFF763BE0122EFE70123F5E700BF37
S214019FC0F0FFFF0051B101000B78022B10D0181FD3
S214019FD0434243415B004A78022A0BD0111F4A4292
S214019FE04A4152000F21044843EA8202FFF746BE67
S214019FF00123F0E70122F5E77DB10100D0F8B0308A
S21401A00010B5994204460ED0C0F8B01001F0CAFF50
S21401A0100649A4F834010123054AD1F8FC1004F5D9
S21401A020827004F0C3F8002010BD00BF004F00B0DE
S21401A030A43F00B02DE9F74304460F4615461E46D9
S21401A040FFF790FE38B3A38A2BB3204612F02EFEFC
S21401A05078B96F4BD3F8EC2E1EB10E2003B0BDE8D5
S21401A060F08302F03003102BF7D002F0C002402A32
S21401A070F3D0DFF8C48103F0DDFFD8F81430DE0733
S21401A080EBD514F0CCFC0646032002F0E7FB20B12A
S21401A090304614F0BFFC0220E0E7D8F8142012F096
S21401A0A00608F5D1304614F0B5FC594B4FF4006163
S21401A0B02046D3F8EC9ED3F8CC6E05F025FD40B1D2
S21401A0C04FF400720121534B08461A64424612F0BF
S21401A0D04FFD39462046FFF789F94D4BC3F8EC9EF4
S21401A0E0C3F8CC6E0028B9D194F82430980601D470
S21401A0F0002D4DD0C5F3400004F066FB022315F495
S21401A100807F1FBF444A002113644FF03A420BBFC1
S21401A110404A91611364536305F088FB4FF48063F2
S21401A12015F0040F14BF3D4A3D4A3A4E53620423CC
S21401A13028463364FFF7C4FD204612F03DFF38B1D0
S21401A1404FF4807315F0010F16BF334A336413645E
S21401A150A90646D54FF6FF72E38F93420FD0314AD8
S21401A1603149526E100CC2F301120132B3FBF2F305
S21401A17008802A4A2A492D481B0448665366003D32
S21401A18018BF012594F8243065F3451384F824306C
S21401A190204613F09AF8F0B1204612F00DFFD0B128
S21401A1A04FF40031204605F0AFFC431C03229BB25E
S21401A1B01F4801A913F00AF99DF8042002F00703CD
S21401A1C0052B9DF8053015D112070DD443F4807385
S21401A1D0184AC2F8D430002003B0BDE8F04313F0AB
S21401A1E002B900F051FFCAE713F0040F09D19DF838
S21401A1F00630EBE703F03002202A05D113F0010FF9
S21401A200F4E74FF48073E3E79DF80630E0E700BF1C
S21401A210003000B0002002B8001002B8005001B8AB
S21401A220006001B8004001B8383000200000FFFF90
S21401A2300C0000BA003E00B000C001B82DE9F0479E
S21401A2400B460746154611B92120BDE8F087002ABE
S21401A250FAD0032905D8002201F066FD034600283E
S21401A260F2D01C889A78B4F5804F02F0070180F08E
S21401A270CA80A1F1070C187993F805A0DE88DCF1F5
S21401A280000343EB0C0305292B7394BF0023C2F391
S21401A2900013C2F3801C6B73930985F810C003F09A
S21401A2A00203C2F3C00C43EA0C03C2F34012E87483
S21401A2B06B74AA74D7F89C30AE82D80600F18F80F2
S21401A2C00639012900F28B80B7F81280D7F81C9066
S21401A2D008F1FF384D4B083C04EA08045B6D19F899
S21401A2E004300020802B0CBF6FF07F03323B04F15B
S21401A2F0010418BF5BB204EA0804AB73631D03EAEA
S21401A30008035A1CA86002EA080219F8036019F843
S21401A310022097F8253046EA0226FF2B36B228D1CE
S21401A320F10455D5D7F8F03013B11B68022B05D8C8
S21401A33041F2C9224C210020FFF7BCF8D7F8F030D3
S21401A340C6F30B0093F82430C0000BB1B0FBF3F05A
S21401A350824542D838B1CAEB0A2ABAFBF0FA6FEA4C
S21401A3600A0A5FFA8AF0D7F8F83013B195F90E1099
S21401A3709847631CE87303EA080319F8034001339E
S21401A38003EA080319F80320013303EA080344EA41
S21401A390022419F80320013303EA080319F80330ED
S21401A3A044EA024444EA036416F4804306D038467D
S21401A3B000F088FAB0FA80F35B095B002146384664
S21401A3C06A7C03F0A1FF06232860AB7100203CE7FE
S21401A3D019F804004000C0B2C5E70020C3E7002317
S21401A3E00020EB730A4BDA69C2F30723120448BF55
S21401A3F063F0FF035AB212F1800F1CBF323B5AB210
S21401A400AA730346E0E702201FE700BF004000B83A
S21401A41000C000B8F8B507460D4614468BB112F0D9
S21401A42046FF29463846BE8A01F02AF9B44228BFBB
S21401A4303446A4B222462946044801F03DFA204695
S21401A440F8BD12F01FFE0646F0E700BF0C0000BA8A
S21401A450082310B1024A13647047024AFBE700BFA3
S21401A460001002B8002002B8054A12681AB190F826
S21401A4702A1119B91047084602F060BD0148704715
S21401A480AC28002000FEFFFF354B2DE9F7431C6882
S21401A49001F4007900F00103174653EA0902064663
S21401A4A00D4637D04FF000084BB3002300220120A1
S21401A4B00021CDF80480CDF8008004F087FF4146E6
S21401A4C02046FFF7D1FF01224146E085DFF8A48050
S21401A4D0104612F04DFBD4F89C1094F8250002F0BB
S21401A4E0ABFDD8F8000000F0DFF94FF0FF33C8F8F5
S21401A4F0003094F8243043F0040384F82430B9F192
S21401A500000F07D00121204613F042F825F400750C
S21401A51006430D432B4632462046FFF7F7FBFB0763
S21401A5200FD51049104A08680021136811600121EF
S21401A5300E4A117003B198470D4B002102205B684B
S21401A540984717F00E0F08D040F2C7123B210020A3
S21401A55003B0BDE8F043FEF7ADBF03B0BDE8F0833E
S21401A56040260020C0280020C4280020162C0020E9
S21401A570702F0020782F002008B5582200210648A9
S21401A58008F0A6FF1022FF21044808F0A1FF05F0FD
S21401A590C5FA002008BD00BFF03E00B0343F00B051
S21401A5A073B52F4A2F49137809784FF0FF350B43BF
S21401A5B013700C23742280F83031A0F820216D230B
S21401A5C08222C0F80C31C0E944236423C0E9463333
S21401A5D06FF07C4383624FF40043A0F84430224B73
S21401A5E00026C36300F15003C3644FF6FF730446AD
S21401A5F080F8253003F58003C0E90C3580F8266025
S21401A600C0F8B050858503F04BFF2046FFF7B4FF36
S21401A61094F926102046FFF7C7FB6023134A40F63D
S21401A620FF71D3644FF03A4211631167104A29460D
S21401A630D36440220F4B20461A64D4F89C2012F0B3
S21401A64084FC0E2300220193009340F2022310465D
S21401A650194604F0BBFE01F075FC304602B070BD31
S21401A660182C0020DEEF02000700FFFF004000B8B4
S21401A670005000B8002002B8044BD3F8EC3E13F0AB
S21401A680806F14BF23200020704700BF003000B049
S21401A6900246F8B5B0F8344100F58275FFF7ECFFD5
S21401A6A00B688E68013304BFD2F80C310B604B681F
S21401A6B0013304BFD2F818314B60771C3FD1D2F872
S21401A6C01431CF688B607E1C40D1D2F810610F69BF
S21401A6D0CE60013704BFD2F804710F614F690137AC
S21401A6E004BFD2F808714F618F69013704BFD2F8F1
S21401A6F01C718F618F6987BBC0F1640408688C6127
S21401A70010B16D2838BF6D20C2F814314B68C2F8FD
S21401A7100C01C2F818310B692846C2F804314B699E
S21401A7201149C2F81061C2F81C41C2F80831D1F8CB
S21401A730FC1007230D4A03F039FD0020F8BD04F193
S21401A7406D031B1AB34238BF3346BAE704F17406E9
S21401A750361ABE4238BF3E46B9E76D34241ABC42AB
S21401A76038BF3C46CAE700BF004F00B0A43F00B068
S21401A77038B5054C054B417800782568236002F012
S21401A78069FD00B1256038BDC82800203C0C0300D7
S21401A79038B514F044F9054600F0B6FC012805D09A
S21401A7A0284614F037F90224204638BDFFF746FA4A
S21401A7B00028F1D1044BDC6814F08054ECD1284613
S21401A7C014F028F9F0E700BF000002B80A4B10B5F4
S21401A7D01B68044673B1094B48B10121084A1A6047
S21401A7E0022003F03BFC0020064B1C7010BD014606
S21401A7F01860F5E70220F9E7C8280020CC280020D9
S21401A800340C0300172C0020014B1878704700BF4A
S21401A810172C00204FF40022034B186C03F500534D
S21401A8201A64C0F3C0407047000002B8024B586972
S21401A83000F00100704700BF00C001B8084B5A691C
S21401A840D10707D508B901F0D9BE5B69DA0706D486
S21401A85001F0C6BE5B69DB0701D40028F8D170475A
S21401A86000C001B84FF0806310B1024A53617047CF
S21401A870014AFBE7001002B8002002B8202350B1BD
S21401A880064AC2F8F433064B196C11F0010104D1E3
S21401A890032003F0E3BB034AF3E77047001002B856
S21401A8A000C002B8002002B8431C07D06FF0FF02B8
S21401A8B0034B10405A62A3F580535862704700BF9D
S21401A8C000E000B8014B986E704700BF003F00B033
S21401A8D0014B002099667047003F00B003282DE920
S21401A8E0F74F0C46914679D83D4B13F800A03D4BE7
S21401A8F01E5C3D4B13F800B014F091F8804604F04E
S21401A9005FFF074640B10023002201930093012018
S21401A9100023002104F05AFD04F05AFF48B1002339
S21401A920002201930093002000234FF4004104F01D
S21401A9304DFD002E45D02D4BDD6C05F008050AEBCC
S21401A94006002B4B23305844DD64C0B201F0B0FD45
S21401A9503146504604F082FF5A463146504604F0CE
S21401A960EBFF244BDD6477B1234B1B68D3F89C10B7
S21401A97093F8250002F060FB20490868FFF794FF72
S21401A9804FF0FF330B60B9F1000F04D01C4B0021D0
S21401A99003205B689847B4B14FF48062194B1D6F72
S21401A9A003F50053C5F380251A67404614F032F8C4
S21401A9B000F0AAFB012808D15DB9002003B0BDE86C
S21401A9C0F08F3546BBE72546EFE7002CF0D1052092
S21401A9D0F4E74FF480620C4B1A67EEE72120EDE7AF
S21401A9E0540C0300500C03004C0C0300004000B84C
S21401A9F0006000B8005000B840260020782F0020E4
S21401AA00702F002000C001B800D001B8054AC0026E
S21401AA10136A00F4FF2023F4FF231843106200207A
S21401AA20704700BF00C000B8094B08465A6A910239
S21401AA300BD4D3F80021D20708D4D3F8803013F40E
S21401AA40706F14BF0120002070470120704700BFBF
S21401AA50004001B8F8B50D46144601F00B0323EA91
S21401AA600201394A2340D1646F07A2F58052064697
S21401AA70D36410D50121FFF7D7FF60B104F0D6FEED
S21401AA804FF4007314F0040F14BF304A304A536277
S21401AA900422304B1A64E90606D514F0100F14BFD1
S21401AAA000221B222C4B5A652A061DD5230616D5D5
S21401AAB04FF40012254B1A62012203F58053C3F8A6
S21401AAC0002113F0ACFF0E210746032002F024FA02
S21401AAD040F20122204B3846DA6213F09BFF2146F2
S21401AAE096F8250002F0A8FAEF0503D5E00524D56F
S21401AAF002F07CFAA90503D5A20521D502F082FA57
S21401AB0015F0600F04D03046D6F8F010FFF78AF93A
S21401AB102B0510D504F08AFE104A14F4006FD2F803
S21401AB20EC3E14BF43F0006323F00063C2F8EC3E32
S21401AB300422084B1A640020F8BD02F051FAD9E746
S21401AB4002F05AFADCE700BF006000B8005001B816
S21401AB50006001B8002002B8004000B8003000B024
S21401AB6070B5054690F830010C460C2822D0FF2916
S21401AB7001D1212070BD1AB14FF0FF320F4B1A6080
S21401AB8012F034FC064695F8300101F0FDF98442D6
S21401AB9028BF0446E4B2B44238BF3446E0B285F872
S21401ABA0290001F0FBFA064A0346107820B9FF2B6C
S21401ABB0E0D1DEE70220DDE70020DBE7802F002082
S21401ABC0DEEF02007FB51C4B04461B780E46154689
S21401ABD00BB3D0F8EC306BB302AAB3F91230009283
S21401ABE00022E9F75DFB02992046C1F3813112F09C
S21401ABF02BFB70B9BDF90C30029902460093C1F3E4
S21401AC000D0103462046FEF72BFC2946204612F08E
S21401AC10F6FB04B070BD02A912F032F832469DF878
S21401AC200810204606F034FE2A4601462046FFF765
S21401AC3097FFEEE71846ECE7DEEF0200F8B50D46A3
S21401AC4090F8301104460C29174603D12E4B1B7879
S21401AC50002B51D02A462046A4F8445006F018FE90
S21401AC60D4F8EC3084F82800002B41D0274A167817
S21401AC70D4F8FC204EB1002A40D1B4F94400B3F90F
S21401AC801210884206DC002607E0BABB94F8392188
S21401AC90824202D20126B3F91250002229462046EA
S21401ACA084F82B70FFF78EFF08BB76B1C4F8EC0072
S21401ACB0204611F0B8FF4FF6FF739842014615D0B3
S21401ACC02046BDE8F840FEF791BB114B1B7813F008
S21401ACD0FD0F0BD1204601F065F90E4901230E4AFE
S21401ACE0D1F8FC1004F5827003F060FA0020F8BD7C
S21401ACF0FF2384F82930F9E70220F8E7B4F9401079
S21401AD00B3F912209142BDE7DEEF0200182C0020B5
S21401AD103A300020004F00B0A43F00B0D0F8A43075
S21401AD20012B01D10020704770B5054650498EB001
S21401AD3012F0BFFBD5F8EC600146AC8DC5F8F0000B
S21401AD4026B1336813B15B68002B6CD113F067FE34
S21401AD5013F060FE0123D5F8F0108DF80E30B3899C
S21401AD60B0687268E31A9BB200FB03224148ADF853
S21401AD700C3003680292994202D02846FFF752F837
S21401AD803D4C3E4E00F0C0F90128FBD1236CDA079A
S21401AD90F8D4326C12F08072F4D1D5F8F010CDE907
S21401ADA00A2208920D9109920C9228469DF80E20CF
S21401ADB0029908AB02F0C4FE002831D100F0A4F9D4
S21401ADC00128FBD12D4A2C49136CDB01FCD40B6CFA
S21401ADD0DE07F9D408A901A803F0D4F800BBAA8DB0
S21401ADE0274B5A6495F8243060F3410385F82430E4
S21401ADF012F0ACFAD5F8EC3002465B691968431ECE
S21401AE00DBB2FD2B049114D9CC1C12D91D4B013198
S21401AE101B6815D0D81C10D8284604A904930AE04C
S21401AE2002200EB070BD1A68032A8FD99B6A5B0E8A
S21401AE3093E7284604A912F071FA00200EB070BDFF
S21401AE40D91C04D8284604A9049312F067FAD5F849
S21401AE5054319B0506D495F8243043F0020385F857
S21401AE602430EAE728464FF4803112F091FBE4E7FC
S21401AE70FC4F00B0B028002000C002B8000002B8A5
S21401AE80008001B88C2F0020F8B590F83C6104468C
S21401AE9066B313F0C4FD1F23154F013E7B621E40AF
S21401AEA0144B05465E62D4F84021A3F580539A669A
S21401AEB0D4F84421DA66D3F80031DB0711D52046F1
S21401AEC012F096F84FF0FF3318B1C0F1200293400C
S21401AED0DB43C7F80431D4F8A8201340054AC2F86A
S21401AEE004312846BDE8F84013F094BDF8BD00BF14
S21401AEF0006001B8005001B810B504234FF03A4184
S21401AF0001240A4AD1F81801C2F81831C2F81431DE
S21401AF104C634FF400511163410742BFC2F814312C
S21401AF20A2F58052C2F8183110BD00BF002000BA49
S21401AF3070B54FF03A434FF480640A4DD3F8186168
S21401AF400020C5F81841C5F8144104F0CDFC4FF4B3
S21401AF5000532B67730542BF034BC5F81441C3F872
S21401AF60184170BD002000BA001000BAF8B50446BA
S21401AF700E4619B990F824305A0647D44FF6FF7397
S21401AF80218ED4F8F070994204D0354B1B680BB172
S21401AF9020469847334D2B68BB4255D0324B1B6831
S21401AFA03BB11FB13A68002A50D0BF6839462046E7
S21401AFB098470727204600F0F5FF002E3AD004F008
S21401AFC0ADFD0620294B94F9262093F90030284937
S21401AFD0C3F127039B1A0A6ADB0222F4FF2203F459
S21401AFE0FF2313430B62D4F8F020224B2A609867A4
S21401AFF001F03CF9002501211F4A204B1170204623
S21401B00083F8805012F064F92846F8BD4FF6FF71B8
S21401B010144DD0F8F0702A6866F3861397420186BD
S21401B02080F8243017D0104B1B68002BB9D100F0E4
S21401B030B9FF072712493B46124AD1F8FC1004F51E
S21401B040827003F0B3F8BAE70127B3E71746204644
S21401B05039469847ADE700F0A5FF0127EAE700BFAC
S21401B060B8280020B0280020B4280020132C002087
S21401B07000C000B8006000B8152C0020003F00B0EA
S21401B080004F00B0A43F00B038B513F0C8FC4FF62F
S21401B090FF710A4A13888B4203D113F0BBFC0E20C2
S21401B0A038BD074C074D1B046566A4F580546366DE
S21401B0B0118013F0AFFC0020F2E700BF383000200B
S21401B0C0006001B80000FFFF08B50C4BD3F84C2117
S21401B0D0531C11D012F080420ED1094B1B681BB1D4
S21401B0E011460320FFF7FAFB4FF08062054BDA6446
S21401B0F001225A6102229A6208BD00BF0080E00F59
S21401B10040260020001002B80F4BDB68C3F3036330
S21401B110013B0B2B0FD8DFE803F006060C060606EC
S21401B12006080A0808080220704704207047052010
S21401B130704703207047054B5B6913F0060F0CBF81
S21401B14001200420704700BF000002B800C001B80B
S21401B150094AD368C3F303630B2B08D06FF49050EE
S21401B160184100F0010080F0010040007047106CAB
S21401B17010F48030EDD17047000002B80C4AD36855
S21401B180C3F30363062B07D8042BD8B20BD8C31E10
S21401B1905842584140007047072B06D1D2F8440167
S21401B1A00028ECD17047022070470020704700BF8E
S21401B1B0000002B8094BDB68C3F303639A1E012A39
S21401B1C08CBF00220122012B02701EBF4FF40262C7
S21401B1D022FA03F303F001030B707047000002B874
S21401B1E0F0B5CF072CD5002A14BFAA2555250E4643
S21401B1F01E24154F01F0030383F001033B449B78A3
S21401B20006F0070C17F80CC0013C63444FEA5606DB
S21401B210F6D10E4E73436FF481769B0C33448AB994
S21401B22091FAA1F195FAA5F54A082D0F490042EACF
S21401B230C57201F0020480F82740C0E92A23F0BD58
S21401B240AA25D4E7024AF6E7580C030036FC10009C
S21401B250B756351213B5019147F6FE711A4BC3F86E
S21401B2603012D0F8AC4001EA4401184CC4F8301250
S21401B2700F2159660199C90723D512BB01216166C1
S21401B2804FF0FF31C3F80411D0F8A8400F49C1F8B8
S21401B29004414FF0F044C3F8104190F82730DB0624
S21401B2A02340C1F8103152B10422C06C0DEB0201EB
S21401B2B008F016F94FF03A430222C3F8F42002B020
S21401B2C010BD0221DBE700BF006001B8005001B8E5
S21401B2D013B590F825100446FFF7FAFA012001F09D
S21401B2E0F3F84FF4F0620B4BDA644FF40072A3F5F7
S21401B2F08053DA6494F82530023B012B08D80421E8
S21401B300054B01229B6E0DEB0100019300F0A2FBA1
S21401B31002B010BD006000B8004001B838B5184B47
S21401B32005461C6844B1E36833B1206801F038FD76
S21401B330A368186801F034FD124B134A1B681360AA
S21401B3402BB1DA681AB19B68186801F029FD0F4B1A
S21401B3501B682BB1DA681AB19B68186801F020FDEA
S21401B3600B4B1B682BB1DA681AB19B68186801F0A1
S21401B37017FD21462846BDE83840002211F0B2BF2D
S21401B380A40C0300A00C0300D0280020980C030096
S21401B390940C0300F8B5D0F8403104468B420D46B4
S21401B3A0164603D190F83C31202B0ED03246294662
S21401B3B02046FFF715FF202384F83C310023C4F80C
S21401B3C04051C4F84431FFF75FFD4FF00077074B5B
S21401B3D032461F6429462046FFF73CFF8022044B75
S21401B3E01A6103F500531F64F8BD00BF001002B8D0
S21401B3F0000002B810B50724144BDC6331B94FF4D2
S21401B4008041A3F58053C3F8041115E04421104B85
S21401B41059631049096891F8251006291CBF40F0A8
S21401B4204000986301230C484FF48041C363074BE7
S21401B430002AE8D0C0F804114FF48042C3F808216E
S21401B440C3F80C21C3F8102110BD00BF006000B87E
S21401B450004000B840260020005000B838B50C4621
S21401B460054604F0E3F90422044B2846C3F8B0402D
S21401B470034B1A6411F050FF204638BD003E00B061
S21401B480002002B8034BD3F8B000003818BF0120E3
S21401B490704700BF003E00B090F825300248012BEF
S21401B4A088BF0020704700BF00127A00034BD3F814
S21401B4B0F80780F00070C0F340607047000002B8E3
S21401B4C0034BD3F8F80780F08070C0F30060704734
S21401B4D0000002B80020014630B50C4B0C4CD3F8E6
S21401B4E0983ED4F894500133AB4228BFD4F890303C
S21401B4F01A7802F03F028A4006311E2940EA02000D
S21401B500F1D1024AC2F8983E30BD00BF003000B00B
S21401B510003E00B008B51D4A1D491E4801F0EEFA6E
S21401B5201D4B4FF060511A681C4B4FF484701A6023
S21401B5304FF47A721A4B1B68B3FBF2F39B03B3FB0F
S21401B540F2F3184AC2F8BC304FF4E062164B1A62A6
S21401B5504FF40072A3F580531A6203F5104211628C
S21401B5604FF0005103F5004319621049C1F88C00F1
S21401B5704FF48041C2F848124FF4C022C3F850225B
S21401B58002220020C3F8502208BD00BF080D0300A8
S21401B590200D0300C00C03009C0C0300D0280020E3
S21401B5A0F4280020003E00B000E000B8004000B8DB
S21401B5B00B8870B503F00602062A06460C464FD0E5
S21401B5C0284DC5F8B8304B68C5F8A8304B88C5F883
S21401B5D0AC308B68C5F89030C5F89830FFF79AFF05
S21401B5E096F82530023BDBB2FC2B1F4B1FD80022FE
S21401B5F0C3F8C0201D4B1B4D1B7853B3A36843B340
S21401B600227B1344C5F89430FFF764FFC5F89C000D
S21401B610FFF760FFD5F89030C5F8A00003B11B789E
S21401B62043F4C0330020124AC2F8583270BD4FF0BE
S21401B630F071104AD160D5F8B82012F00402D7D0C4
S21401B6404FF400110C4AD1600222C3F8BC200B4A09
S21401B650CEE7D5F8903003B11B7843F48033E1E7A9
S21401B6600E20E3E7003E00B0004000B8192C002091
S21401B670004001B8006000B8005000B801A0010009
S21401B68010B590F82500FF2814D0304BD3F8B82019
S21401B69012F0060F01D001280DD94FF470622C4B21
S21401B6A0DA604FF48072A3F58053DA600022274BEC
S21401B6B0C3F8B42010BD02F0020412F0040202D056
S21401B6C00B789B0637D4002C39D00B7803F00F0388
S21401B6D0072B34D14B78022B31D98B7813F03E0FE0
S21401B6E02DD0CC7814F0040F29D014F0010F0CBF24
S21401B6F004230A23A40748BF0633CB5CFBB1002A08
S21401B70014BF02220122012840F6FF7003F01F0138
S21401B71008BF4900013940EA01310E4801654FF47E
S21401B72070600B491202C860A1F58051CA60074AD1
S21401B730C2F8B430BEE7002CC7D18B7823B90023FA
S21401B740044A13650122EAE70222DCE7003E00B064
S21401B750006000B8004000B80A68064B12F0802F5F
S21401B7601CBF42F20101C3F82812C3F88822C3F8AD
S21401B7708C227047004001B8F0B585B06C460E4685
S21401B7800B4B074615460FCB84E80F00094BD3F841
S21401B7904822009226B16B1EDBB2FD2B88BF3260B9
S21401B7A02A462146384611F0B9FD05B0F0BD00BF66
S21401B7B0600C03000080E00F30B50823054685B015
S21401B7C080B9094AC2F8FC3351B96C46074B0FCB16
S21401B7D084E80F00064B2A4621461868FFF7CCFF7F
S21401B7E005B030BD034AEDE7001002B8700C030047
S21401B7F040260020002002B84FF03A43D3F8142127
S21401B800D2031ED54FF480320E49C1F81421A1F59A
S21401B8108051C1F818215A6DD1B2C2F30722C3F87C
S21401B820A410C3F8A4200422C3F8A4200022C3F85D
S21401B830A420C3F8A420C3F8A420C3F8A420C3F806
S21401B840A4207047002000BAF0220B4B01219A6415
S21401B850A022A3F580539A644FF03A43C26CC3F812
S21401B860F410FC21C3F8CC10C3F8D0204FF40052DA
S21401B870C3F8F020704700BF006000B8F8B50D4669
S21401B8804FF03A441746064613F0C9F8012304213F
S21401B890074A6363E76026616561C2F81411054AC9
S21401B8A0C2F8843113F0B6F80DB102236363F8BD14
S21401B8B0002000BA00E100E02DE9F0410546012430
S21401B8C0006800F00700063004FA00F3A868EC6888
S21401B8D05E1EA04200F0928000EA06076C681044E3
S21401B8E01E430640D81B07EB040C8242644638D937
S21401B8F0D31AFA18A0B3431E062B74D941EA0C03D7
S21401B9009B0770D14B1CACEB0303022B6BD90B4688
S21401B91020F0030E8E44ACEB01071C68DC510433A7
S21401B9209E45FAD120F0030310F0030F01EB030E3E
S21401B930A0EB03040CEB030700F0888011F80380EA
S21401B940012C0CF8038000F081809EF80130022C57
S21401B9507B7018BF9EF80230084418BFBB700146C2
S21401B9606C685AB3531E062B01F101032FD9E01A56
S21401B97002282CD941EA0400800728D1234622F068
S21401B980030CA444081F50F8047F43F8047B634566
S21401B990F9D122F00303D01A920701EB030C04EB52
S21401B9A003070BD0CA5C0128E25407D09CF801308B
S21401B9B002287B7002D09CF80230BB7013F02FF87F
S21401B9C00223AE60AB62BDE8F04113F023B80A442F
S21401B9D004F1FF3C00E0013313F8011C93420CF81C
S21401B9E0011FF8D1EAE70B460844ACEB0107D91969
S21401B9F013F8014B83420C70F9D1B0E7042A0DD934
S21401BA000878043AA86148780431A86111F8020C54
S21401BA10A86111F8010CA861A8685DE7013A032A3C
S21401BA2012D8DFE802F00F1507020B4613F8012BB8
S21401BA301946AA610A4612F8013BAB61114611F894
S21401BA40013BAB610B78AB61BDE8F081084486E74A
S21401BA500A46F3E738B50B46154601464FF03A4419
S21401BA6068B101221048C4F8F4201A46FFF724FFF3
S21401BA7025B14FF03A430422C3F8F42038BD73B120
S21401BA80D4F8D8209A4284BF0122C4F8F4204FF09B
S21401BA903A42C2F8D4300223C2F8F430E8E7012370
S21401BAA0C4F8F430E4E700BFCC0000BA38B5044669
S21401BAB012F0B5FF4FF03A420121238F0546516738
S21401BAC04BB3B3FA83F3C3F11903DBB2A069C2F82F
S21401BAD0B410C2F88C300723C2F89000C2F8B03018
S21401BAE04FF4A02302F50052C2F81431A2F5805299
S21401BAF0C2F8183100220C4B1A600C4B1B6C5B020F
S21401BB0009D54FF480020A4B1A64D4F89C1094F8B5
S21401BB10250001F091FA0023638707232846A387AF
S21401BB20BDE8384012F076BFD4280020000002B8E5
S21401BB30002002B82DE9F84305460C46B1B1D0F80D
S21401BB401880078F12F06BFFB5F83AC0791E01EA2C
S21401BB500C0323F00702032C0646DFF8F8E0424404
S21401BB605ED1DEF8004024B912F054FF0E20BDE885
S21401BB70F88324F00104DEF8000020F00100A04262
S21401BB8053D10023CEF80030238894426FEA434312
S21401BB906FEA534323803ED1AB8F08EB0709184663
S21401BBA0083880B202F108044C4528BF44460828EC
S21401BBB004D9B4F800E0BEF5804F40D263440F4389
S21401BBC01B1A3B409BB26B87A887947811884FF06D
S21401BBD03A42C1F30C019165C2F89830C2F8B00040
S21401BBE04FF48022174B04F00704C3F814210122F6
S21401BBF0154BC3F88421FFF7FFFD042C0BD14FF43E
S21401BC008002124B1B6C124B1A64D5F89C1095F8E7
S21401BC10250001F011FA304612F0FCFE0020A6E7DE
S21401BC20601E012898BF1446A5E7A88F4344E31A6F
S21401BC3048BFDB1908389842A6DC304694E722460E
S21401BC40AEE700BF002000BA00E100E0000002B845
S21401BC50002002B8D4280020154B10B519688A8F29
S21401BC604B8F088F13440138073B8C69034023F040
S21401BC7007031C4402F108034FF03A429BB28B873C
S21401BC80C2F8B0304FF480220A4BC3F814210122C7
S21401BC90094BC3F88421A07800F00700042803D1DB
S21401BCA0064AD3681B03FCD4054B1C6010BD00BFBD
S21401BCB040260020002000BA00E100E0000002B8A3
S21401BCC0D428002010B5064C216839B1CB0703D41F
S21401BCD0044B1868FFF72EFF0023236010BD00BF3A
S21401BCE0D4280020402600204FF480320C4B0D490A
S21401BCF0C3F818214FF03A43C1F81421D3F8AC1019
S21401BD00D3F88C20012302F0070206329340C1F3D8
S21401BD100C01083B994201D8FFF76EBD704700BF82
S21401BD20002000BA001000BA2DE9F04780460C4604
S21401BD3016468769058F12F072FEB8F83A2005F1AB
S21401BD40FF3C02EA0C0323F00701032C8246394428
S21401BD50B8F83C0019D14A4C24689CB90244073A09
S21401BD6002EA0C0222F00702BC183B44E31A48BF61
S21401BD705B19834210DB504612F04CFE002420462D
S21401BD80BDE8F08724F00104EFE7012C02D0022C75
S21401BD90EBD108380C46E8E7002E3FD08C4241D163
S21401BDA04FF03A42D2F858904FF03A41D1F8AC20D1
S21401BDB0B8F81270C2F30C02934247DA2588B5F53B
S21401BDC0804FD8D2A378C5F30C0503F007037A1E7B
S21401BDD0A5EB09053A43052B337005EA02052DD874
S21401BDE02DB2E84340F245420421C00FFDF762FB45
S21401BDF07580E3783374D8F81C207B1E03EA0903A8
S21401BE00D118B160A9B213FA85F5AF422FBF00234E
S21401BE10FF1AB780F26024BFB180F360504612F07B
S21401BE20F9FDACE7A4F10802974284BFED0802EBE6
S21401BE30C502B2F80090C9F30C09B5E7114B5B6D6A
S21401BE40003B18BF0123A5EBC305C9E74B6D7A1E5E
S21401BE50A3EB09033A431A400B4915B2002DCB68F0
S21401BE600BDCC3F30363D81E43424341DB0033704C
S21401BE708B6C72801B0A3374BDE70823F7E700BF9B
S21401BE80D4280020004000B8000002B8054BA822C4
S21401BE90D3F84C013121431C0CBF0120C0F3807044
S21401BEA0FDF708BB0080E00F014B5880002070476B
S21401BEB03A30002038B5124D0446297819B92022A7
S21401BEC0104807F005FB002123780F4A022B137058
S21401BED00E4A0F4BC2F8CC104FF0FF010D4A4FF03F
S21401BEE0000011704FF007010B4AC2F8FC130CBF9B
S21401BEF004220122C3F8FC2301232B7038BD00BFA6
S21401BF001A2C0020E03F00B03A300020004001B873
S21401BF10001002B8533C0020002002B810B50446B9
S21401BF2000F050FE064BD3F8F83724B983F40033FB
S21401BF30C3F3404010BDA31E58425841FAE700BF64
S21401BF40000002B84FF63F720A4BD3F8FC37934213
S21401BF5006D0094AC3F301131370E022074B1A7087
S21401BF6041F66A02064B1B68B3FBF2F3054A1360FF
S21401BF70704700BF000002B8543C0020553C00202A
S21401BF80F4280020D828002020B1022804D1034B31
S21401BF9018787047024BFBE700207047543C00209E
S21401BFA0553C00202DE9F74FD0F8B0204C21022A4D
S21401BFB038BF0222064690F830B16B48013A036A50
S21401BFC0D0F8CC506948C3F38213D9400368DFF830
S21401BFD0C0A19342DFF8BC91654BDFF8BC8101F04C
S21401BFE0010116D11C788C4213D19AF800405C45A9
S21401BFF00FD1D6F8B44064B1AC420AD196F82950B4
S21401C00099F80040A54204D1B8F8040003B0BDE891
S21401C010F08F98F80040026020461970FFF7B4FFD1
S21401C020002900F0888004234FF07F400025514905
S21401C030C1F8B830504BC3F8B80096F829301B0643
S21401C040C1F8B8304FF080514A4B2C04C3F8B410F5
S21401C05040F27121494B1B68B3FBF1F3192153439D
S21401C060182BB3FBF1F173D8002C7BD0B4FA84F211
S21401C070C2F12002C2F10F03012B38BF0123D440C5
S21401C080A14201D2013B64086A1C03F01F01520061
S21401C0908A403B4F121B9208C7F8B0201A0242EAA8
S21401C0A003121343019305EB052305EB0325354BDB
S21401C0B040F6C20218682B21003818BF0120FDF790
S21401C0C0F9F9FA222F4B02FB04F01B6840F6FF72C7
S21401C0D0B0FBF3F00A2358432B4B00F57A74C3F8F0
S21401C0E0C420019AA3F58053C3F8C420A3F5805356
S21401C0F0C3F8CC50D3F8CC3000F58C50C7F8FC30E0
S21401C100C6F8B450214D14302C6001F0D9FF4FF41D
S21401C1107A72C7F8A400C7F8F8002B68B4FBF2F0EF
S21401C120B3FBF2F3A8F8043096F829308AF800B089
S21401C13089F800306AE7002C14BF1025202596F8F0
S21401C1402930834294BFED182D1805F0FF0579E7D5
S21401C150B1FA81F234B1B4FA84F3D21A002A89DC36
S21401C1600F238DE70F238FE7004001B8802F0020B3
S21401C1701B2C0020001002B8002002B8F428002072
S21401C180003F00B0D8280020006001B8DC2800205D
S21401C190523C0020513C00203A30002010B5114B93
S21401C1A001461B78104C0C2B02D1FF20207010BDCD
S21401C1B0184611F01BF902461846FFF7E5FE8842BD
S21401C1C028BF0846C0B2904238BF10462378C0B296
S21401C1D08342ECD0054B20701868FFF7E3FE207809
S21401C1E0E5E700BF3A300020533C002040260020FF
S21401C1F010B50446FCF7F4FE78B1154B1B786BB905
S21401C20064B1144B1B784BB1134B1B78013B012BCC
S21401C21004D84FF40042114BDA6410BD104BDB6CAE
S21401C2201B04FAD412F0FBFB044603F0FFFA4FF4AA
S21401C23000420C4B2046BDE81040DA6402220A4B4D
S21401C240C3F87C240422054B1A6412F0E3BB00BF3A
S21401C2501C2C00201D2C0020E0280020002002B805
S21401C260000002B8001002B800D003504FF480223C
S21401C270014B9A64704700BF005000B8F7B50646F8
S21401C280544C00F09FFC01213A20E6F709FA524B84
S21401C2902578524F1E7085BB2846FFF7A9FF2378E5
S21401C2A0013B012B19D8E37B01A88DF80430237CD0
S21401C2B08DF8053004F081F9C7F87C544FF6FF720B
S21401C2C0474BC3F88420F822A3F58053C3F8842093
S21401C2D00022424BC3F87C240DE04FF6FF72404B20
S21401C2E0C7F87C54C3F88420F822A3F58053C3F81A
S21401C2F08420C7F87C543B4B5BE00020FFF778FFB7
S21401C3002378013B012B08D8E37B01A88DF8043084
S21401C310237C8DF8053004F050F90023C7F87C34EF
S21401C320002ECBD062685AB32F4B1B6803EB520327
S21401C330B3FBF2F3013B1B0243F0F80326782849CE
S21401C340022E2A4A1ED0032E4FF6FF75234826D00A
S21401C350012E38D143F00203C1F88450C2F884306C
S21401C3600723C0F87C34E37B01A88DF80430237CD6
S21401C3708DF8053004F00FF90120FFF739FF17E0BB
S21401C380F823DBE74FF6FF7043F00103C1F88400A2
S21401C390C2F884300622114BC3F87C24E3E743F04D
S21401C3A00503C1F88450C2F884300423C0F87C34F5
S21401C3B00F4B4FF080420020DA644FF480220B4B83
S21401C3C09A6403B0F0BDC1F88450C2F884300023EB
S21401C3D0ECE700BFE02800201D2C002000C0035021
S21401C3E0006000B8002002B8F4280020005000B811
S21401C3F0001002B8F0B52B4F06463D4604460FCE58
S21401C4000FC5336885B02B6000F0DCFB01213A20B4
S21401C410E6F746F90022244BC3F87C24A17A627A17
S21401C42042EA0142C3F88824217CE27B42EA0142C7
S21401C430C3F88424217B627B41EA0240C3F880046E
S21401C4403B78032B2AD8DFE803F022020C178DF87D
S21401C450041004218DF805200DEB0100002204F0E4
S21401C46086F8E37B00228DF80830237C042102A89D
S21401C4708DF8093004F07BF8637A01228DF80C30D0
S21401C480A37A042103A88DF80D3004F070F8074B49
S21401C490187805B0BDE8F040FFF7F0BE212005B0E2
S21401C4A0F0BD00BFE028002000C003501D2C002076
S21401C4B0034BDB6C002BBCBF024BC3F888007047F4
S21401C4C0000002B8004000B84FF0006338B1064AD9
S21401C4D0D364064B4FF40032C3F884207047044AF5
S21401C4E0D364044BF6E700BF001002B8005000B852
S21401C4F0002002B8006000B82DE9F04700F0BCFB50
S21401C5004FF47A762D4BB0FBF6F618604FF4FA73BB
S21401C510734307462A48190E1B021818294A4FF07A
S21401C520000341F10001EDF76BFA274BA0F580728D
S21401C53005461A6320B94A222B21FCF7BBFF0125C9
S21401C5404FF47A724FF0000A6A435346500831029C
S21401C550EDF756FA1C4B1D4AB7F57A7F9A601C4BCD
S21401C5604FEA056819601B4B8946044618604FEA76
S21401C570152505D29D222B215046FCF79BFF01264F
S21401C5804FF47A73A8FB030103FB05117308C01867
S21401C59041F1000100233246EDF732FA0E4B023428
S21401C5A019600E4B49F10009A408186044EA897421
S21401C5B0054B013C9C63BDE8F08700BFF4280020D2
S21401C5C020A1070040420F0000C001B8021101007F
S21401C5D00429002000290020FC280020F82800203B
S21401C5E01022044BC3F884215A600122024BDA6000
S21401C5F0704700BF00E100E000C001B81022064B02
S21401C600C3F88421C3F88420BFF34F8FBFF36F8F25
S21401C6100422024BDA60704700E100E000C001B876
S21401C62010B50446A242A2EB0000A3EB010104D21E
S21401C630034B01399B6B0133184401F0030110BD14
S21401C64000C001B838B501250A4B02019D504FF4D0
S21401C65080730446084A8340536612F0E0F9074A9D
S21401C660A540137823EA05031370BDE8384012F09D
S21401C670D1B900BF00E101B800E001B8272C0020C5
S21401C6802DE9F84F164605468A461F4612F0C7F9A9
S21401C690022E00F09180804612F0CAF9604B614A82
S21401C6A0D3F8209092F88D405A6EE4B2520744BFF8
S21401C6B0D3F82090013404F0030412F0B4F948468C
S21401C6C0214600F03DF98446DAF80000012E04BF49
S21401C6D001306044ACEB000C08BFCAF80000BCF1A6
S21401C6E0804F7DD300F03EF98145A1EB040188BF60
S21401C6F04B4BDFF854C188BF01F1FF3101F0030154
S21401C70088BF9B6BA0EB090E0CF80510A1B1F907C9
S21401C71042BF41F61F72444B5A67BA0742BF424BAB
S21401C720424A5A677B0742BF00223D4B9A673C0745
S21401C73042BF00223A4B9A6511244FF0010A384B4A
S21401C74005F11002120103EB051BCBF80C01384969
S21401C7509C501A6A0AFA05F4586E0B78A2EB090285
S21401C760E4B2234372450B7025D34FF48073AB407C
S21401C770034220D11CF80520002A4CD10EB32D4AC5
S21401C780F807536607D541F61F7140F20110264B94
S21401C790596750675967B90706D5234B234A254978
S21401C7A025485A6748675A677A0742BF0122234BD2
S21401C7B01A613B071AD4404612F02CF90120BDE855
S21401C7C0F88F1F4A2D0142F805A042F89C3C12F052
S21401C7D026F917490B7823EA04030B7012F01AF9AD
S21401C7E0404612F017F90020BDE8F88F2120FFF728
S21401C7F05FFE4FF480310A4A124BD1601A78002A44
S21401C800D9D000222D201A70FFF752FE1022094BB4
S21401C81040465A66D0E7074A40465366CCE700BF13
S21401C82000C001B8003E00B000E001B800001F1FC4
S21401C830272C002000D001B800000101000002B83A
S21401C84000E101B81E2C00201F2C0020024B187896
S21401C850003818BF01207047272C0020034B1030EA
S21401C8600001185800F00100704700BF00C001B871
S21401C87070B50646FDF7DAFF044608B1FFF7BEFEBF
S21401C88000230A4D3046AB61EB612B6200F06AF87B
S21401C890074BC9B283F88D1028622CB1FFF7A0FEB2
S21401C8A04FF08062034B1A64002070BD00C001B8CF
S21401C8B0003E00B0002002B810B504462120FFF764
S21401C8C0F7FD1CB14FF48032064BDA60064B1A783E
S21401C8D03AB100222D201A70FFF7EAFD1022034B11
S21401C8E05A6610BD00C001B81E2C002000D001B849
S21401C8F038B512F09DF8084B084A1D6A92F88D402B
S21401C9005A6EE4B2520744BF1D6A013412F08BF826
S21401C910284604F0030138BD00C001B8003E00B04F
S21401C9200346064A103302EB00111B01D1F80C0135
S21401C930D158C1F3400110F080BD00BF00C001B85E
S21401C940064B1B68434303EB8171054B1B68A3FB36
S21401C950003013F1004341EB00007047FC28002033
S21401C960F82800200C4A20F04043014610B500206C
S21401C97014684FF00042E4FB0320084A890F12684E
S21401C98002FB0300064B9B6B984204D9013301312D
S21401C990C01A01F0030110BD00290020042900205F
S21401C9A000C001B8044B01F0F071103041F00301F2
S21401C9B000011950704700BF00C001B808B5222019
S21401C9C0FFF776FD4FF48022014BDA6008BD00BF09
S21401C9D000C001B870B51646054600B3F9B1F2B10C
S21401C9E04268104B006803321B68920800F1304021
S21401C9F09847044688B9EA68A8680332314692081F
S21401CA0000F1304010F039FD044630B9286921465E
S21401CA106A6900F1304006F05BFD204670BD2124B6
S21401CA20FBE700BF882F002070B50C68651C15D089
S21401CA30C4F302669E42C4F3074530D1A4B29442C1
S21401CA402DD804EB8506B24229D2141BA50824F082
S21401CA5003040E59340F04D0012C08D000222124DF
S21401CA6002E06B1C51F82320C0E9002470BD0E4C77
S21401CA7034F8133042EA03431A686B1C51F823401A
S21401CA8001EB83014B6822405E4036F0704404D1CE
S21401CA901B0F032B04BF8B681A430024E4E7013500
S21401CAA001EB8501C1E700BF880C030007B501A8AB
S21401CAB0E6F750FE9DF80530022B02BF40220B4BD5
S21401CAC0C3F8FC23C8220A4B5A650A4B0A4AD3F814
S21401CAD06032DBB2FF2B08BF03239B0043F47F5376
S21401CAE0C2F8F83303B05DF804FB00BF001002B8CB
S21401CAF0008001B80080E00F000002B8836810B41F
S21401CB00074C03F1304324681B689C4203D15DF84F
S21401CB10044BFFF75FBF00205DF8044B704700BF72
S21401CB209C2F00200022012108B51E4B1A645A646E
S21401CB309A641D4A516102219162DA68C2F3036266
S21401CB400D2A01D0002AF8D1112218499A631848F3
S21401CB50184AFFF73FFF01F029FC174A93685BB9B3
S21401CB60164A93689BB94FF080620F4B5A610122B7
S21401CB7003F580535A6108BD1149D268096803F16B
S21401CB803043032AECD943F8041B043AF9E70C496D
S21401CB90D268096803F13043032AE4D943F8041B39
S21401CBA0043AF9E7000002B8001002B800110300C9
S21401CBB0F00C03001C0D0300D80C0300C00C03008E
S21401CBC09C2F0020012341F6FF710D4AC2F88032E6
S21401CBD091660C4A53600C4A53600C4A5360A2F5A6
S21401CBE080425360A2F54042536002F5C032536062
S21401CBF002F580425360A2F500425360704700BFC1
S21401CC000090005000D000B8001000BA005001B8E3
S21401CC1010B50324FFF7D6FF114A124BDA64FFF76B
S21401CC2045FF114BC3F8E04000F0DAF901F002FAD3
S21401CC304FF460720D4B5A614FF40072DA6410F0D3
S21401CC4085FB0021FEF7B8FD8022094B1C64A3F585
S21401CC5080535C64074BC3F884215A6010BD00BF43
S21401CC600048F000000002B8005001B8001002B8F9
S21401CC7000A002B800E100E008B510F037FE044B52
S21401CC801B6FC3F300430133B0FBF3F008BD00BFD5
S21401CC90008000502DE9F04F044687B00290894687
S21401CCA059F8043B5A1C06D12360029BE01A8010F7
S21401CCB007B0BDE8F08F3748C3F301615FEA137B25
S21401CCC030F8110008BFC3F307429BB218BF012218
S21401CCD043EA004010F0DAFB4FEAC20A05460AF1C1
S21401CCE004032D48234483421BD807230127C84643
S21401CCF0CB4003F0010301939300049307FA0BF76B
S21401CD0005EB8203039307F0940304F108060593E9
S21401CD10039B08F10408AB4208D1049954444944E2
S21401CD20BDE71E4B9C42E0D80020C1E7059B53B9E6
S21401CD3017F0420F19D117F0280F0BD146F8085CEF
S21401CD4058F8042C21E040F6B70232210020FCF707
S21401CD50B1FBF3E740F6BB0232210198FCF7AAFBD0
S21401CD6005F5805246F8082CEAE74FF40C623221AA
S21401CD700198FCF79FFB05F50052BBF1010F46F841
S21401CD80082CDDD158F8042CD24346F8042C04357F
S21401CD900836BDE7800C0300DF4F00B0E04F00B05F
S21401CDA0F8B50646E0B10024144B25461F46144943
S21401CDB053F8042BAAB91348314600EB8500FFF758
S21401CDC069FF30B940F66C223621BDE8F840FCF721
S21401CDD071BB0D4B0135281847F8246023F8140061
S21401CDE0F8BDB242FCD001340C2C02D031F81450FC
S21401CDF0DEE740F6862236210020E6E708290020F5
S21401CE00122A0020404000B0142A002070B50446C3
S21401CE1098B1B1B13A4A52F8043B834213D1002388
S21401CE20384A116CC907FCD4374800EB830010F070
S21401CE302DFB364B106001221A6470BD01330C2B9A
S21401CE4002D1334D2CE0012352F8041BA142F5D147
S21401CE50304A32F81330E3E7C2F3016335F81300C2
S21401CE60110C93B211F0FE0F43EA0043606820D024
S21401CE700434CAB2022A216808D96668A068033A4F
S21401CE80C3E9001698600C340C33F3E704D16268EA
S21401CE90C3E90012083403E0012A01D10434196001
S21401CEA02268531CD8D10022164B1A6003F5805312
S21401CEB0C1E7120F072AEDD8DFE802F00704090DD3
S21401CEC01013181DC04303F500531860E2E71A68F3
S21401CED042401A60DEE703F58053F6E710F0A2FA47
S21401CEE0D8E7012203F580538240F2E7012203F5D9
S21401CEF000538240EDE71A6830EA0202FBD1C9E727
S21401CF000829002000C002B8404000B000D002B896
S21401CF10880C0300122A0020064BDB68C3F3036368
S21401CF20984206D1044A536E23F0F00343EA0111F6
S21401CF3051667047000002B8003F00B02DE9F74384
S21401CF40064610F068FA00248046DFF8909011F04B
S21401CF5066FD0DF1070105460DF10600FEF72AF9FB
S21401CF609DF806308BB9721C29D010F054FAA0EB4C
S21401CF700804284611F04EFD9DF8063013B99DF8B9
S21401CF8007303BB3A642E2D824E0D9F80C3013F4BC
S21401CF90603FE8D0D9F8180010F0CBFA731C0746AA
S21401CFA003D010F038FAA0EB0804284611F032FD41
S21401CFB017F5007FE0D0384603B0BDE8F083284679
S21401CFC011F028FD9DF80630002BC0D19DF80730E2
S21401CFD0002BBCD1004FEEE700FEFFFF00C000B8FB
S21401CFE00122014BDA647047001002B80122014B9E
S21401CFF0DA647047002002B84022014BDA647047B9
S21401D000002002B84022014BDA647047001002B8D3
S21401D0100122024B98611A61704700BF000001B8F7
S21401D020044BD3F8AC3010B1C3F30332027003F0F3
S21401D0300F007047000002B8094B01F080011B6C1D
S21401D04003F480030B430AD14FF40012054BFF286B
S21401D0501A621EBF0122A3F58053C3F80021704750
S21401D060000002B8006001B810B511F0D8FC084BFA
S21401D07004461B683BB1984728B1002200204FF4B4
S21401D080806101F0EDF92046BDE8104011F0C2BC08
S21401D090382900204FF604014FF60502044B012003
S21401D0A01B6C9BB28B4208BF1346024A136670473D
S21401D0B00080E00F00C001B8074BD3F8483203F0F8
S21401D0C00303012B03D0022B03D00020704711F07D
S21401D0D09BBC10F04FBC00BF008000502DE9F74FFD
S21401D0E081460F464FF0FF35FFF702FC0026019000
S21401D0F08A462C463046DFF8D8B006F110031B01ED
S21401D1005BF8033003F00308B8F1010F15D1304680
S21401D110FFF706FC02460B4601985146FFF780FAD8
S21401D120DBF8643006F10802D340DB0739D5002F5F
S21401D13040D000252C463E6040460136082EDCD104
S21401D14060B3234A0027D2F808C0916B0CF4403331
S21401D1500131A4FB0141641941F10001B3F5003F1F
S21401D16030D1536B0CF4405C013347F10006BCF53B
S21401D170805F22D1156B15F5807505FB06F647F124
S21401D180000203FB0266A5FB03323244594304FB4B
S21401D1900212A3FB04341444C9E9003403B0BDE809
S21401D1A0F08FA84271EB0403C6D207B13E60054674
S21401D1B00C46C1E73D463C46BEE7320242EA1362F0
S21401D1C01B02E3E7136B13F5807347F10002DDE7FB
S21401D1D000C001B8F8B5062010F040F9044610F07A
S21401D1E01AF942F21073041B9C42054618D94FF0F7
S21401D1F080624F240B4B1A6441F26F770A4E0BE0A4
S21401D20010F009F9401BB8424FF4837221468CBFD7
S21401D21000200120FCF74EF9336C5B01F0D5F8BD18
S21401D2201A24E9E7002002B8000002B808B510F099
S21401D23094F90122054B93F8893002335B00DBB287
S21401D24002FA03F3024A536108BD00BF003E00B074
S21401D250002000B8FF2870B505D1FF2931D007207E
S21401D26001292CD804E0FF2927D10B2827D8012132
S21401D2704C4B83F8880083F889104B4B5B689D05FF
S21401D280C3F340223BD44FF038435A60474A506EAE
S21401D290440205D5464B5B6803F00303022B13D10A
S21401D2A010F4001076D140F237121B21FCF702F978
S21401D2B001223E4BC3F8482209E00B28D0D9212091
S21401D2C067E001210720D3E70223C2F84832012292
S21401D2D0384B9A604FF038435A60DA60996A08070B
S21401D2E0FCD11969C907F8D540F2FF32324B9A6171
S21401D2F05A614FF400722C4BC3F884215A60294CB2
S21401D30001213B20E5F7CCF994F8893094F8882080
S21401D3102A4943F44023063243F4106341F822308D
S21401D320274B1D68FFF7C8FE6E08ED07024600236F
S21401D33028463146ECF764FB090241EA1061C0F366
S21401D340C05040EA41001F4BA067186B10F5807073
S21401D35005D14FF4D6722B21FCF7ACF80220024619
S21401D360002300200121ECF74BFBE067FFF7A4FE4A
S21401D37040F649435843000DFF2828BFFF200228E6
S21401D38038BF0220002184F88C00012000F066FEE0
S21401D390002070BD0C4B586800F00300023818BF1F
S21401D3A0012080E7003E00B000E100E00080005070
S21401D3B000000250001000B8002000B800800350A2
S21401D3C0F428002000C001B8004002502DE9F341C6
S21401D3D005460F4668461146FFF780FE0646B0B181
S21401D3E0AFB1DDE900321B0A43EA0263A5FB038401
S21401D3F0094B120A05FB02441A6812B9FFF73CFCF6
S21401D4000246002340462146ECF7FAFA38603046D9
S21401D41002B0BDE8F08100BFF428002070B5FFF728
S21401D420D9FE0021022000F019FE0FF0F4FF044699
S21401D4300F4D104ED5F8F4331B070BD511F0EFFA4C
S21401D440BDE8704002220C4BDA6001220B4B1A70C9
S21401D45011F0E0BA0FF0DFFF001BB0424FF4057287
S21401D4604FF045018CBF00200120FCF723F8E1E7CF
S21401D470000002B83F420F0000C001B8282C00206F
S21401D480244938B50B78002B42D00122224C234880
S21401D49094F8893002335B0002FA03F5DBB29A4056
S21401D4A0856142614FF400721D4BC3F8842100234D
S21401D4B00B701C4B40F2C322186C3921C0F38060FC
S21401D4C0FBF7F8FF4FF48041174B184AC3F8941046
S21401D4D00C2194F889304B4303F138435B6BD4F845
S21401D4E08010994202BFD2F86C31C4F88430D2F869
S21401D4F06431D4F8840008BFA4F88E30B4F88E10D6
S21401D50000F0DCF8BDE838400121022000F0A6BD9D
S21401D51038BD00BF282C0020003E00B0002000B817
S21401D52000E100E0000002B800E001B800C001B868
S21401D53010B50446FFF7C0FD6043044B00F5F42028
S21401D54000F59070B0FBF3F010BD00BF40420F0035
S21401D5502DE9F74FFFF7ECFF0446FFF73BFE11F00E
S21401D5605EFA0021DFF848810546684688F8001013
S21401D570FFF7B4FD4FF038431E6A03F50033DB684E
S21401D580074613F0706F1BD1444B5B6913F0060A14
S21401D59016D1D8B1424B611D1868A1FB00B9FFF73F
S21401D5A08BFD5346024649465846ECF729FA009B3E
S21401D5B0090241EA106100029842019B994105D394
S21401D5C0284603B0BDE8F04F11F024BA002102202E
S21401D5D000F044FD0FF01FFF8146DFF8D8B0DFF8FA
S21401D5E0D8A0DBF8F4331B0742D5002F4FD0DDE976
S21401D5F00079FFF761FD390A41EA09614FEA19230B
S21401D600A0FB019700FB0377254B1A6812B9FFF7B9
S21401D61033FB0246002339464846ECF7F1F94FF052
S21401D6200C0E844601211F4B013493F88920361BCA
S21401D630931C0EFB02F25B00DFB21B48664402F14C
S21401D640384201FA07F747615663184E01FA03F3A9
S21401D650B3614FF03846366A526BA4EB0C04B21A2B
S21401D660A24214D283614761022000F0F7FCA7E7CB
S21401D6700FF0D1FEA0EB0900504540F26A224FF0B0
S21401D68045018CBF00200120FBF714FFA9E7022209
S21401D690024BDA60012388F8003091E700C001B838
S21401D6A0F4280020003E00B0002000B8001000B8AA
S21401D6B0282C0020000002B83F420F002DE9F04F51
S21401D6C04FF00C0A0027B64A054692F8894088466C
S21401D6D00AFB04F303F138431F6392F88820B14B29
S21401D6E087B0C3F8B4204FF40032AF4B46461A61F8
S21401D6F00222A3F58053DA604FF03843AB4A1B6A27
S21401D70092F82413AB46C9B2059192F82913013455
S21401D710C9B20491012104F0010482F8247382F84D
S21401D7202973A21C0AFB04F4500001FA00F003F16D
S21401D730FF390290019004F13844A3EB0903002B52
S21401D74040F3FD800137022F63D9EC220D21002022
S21401D750FBF7B0FE4FF080539549944A4B66059B04
S21401D760944C03F0F00382F82433049B03F0F00397
S21401D77082F829338A4A4FF40033C4F86CB1C2E9FF
S21401D780209BC4F86461A2F88E6000260B61854B6D
S21401D790C3F8B4600C2392F889205A4302F1384248
S21401D7A0166311F03CF9334632464FF4807E276A01
S21401D7B0D4F864C003F110010901615801F00301B6
S21401D7C0012910D10EFA03F111EA0C0F0BD104EB6B
S21401D7D00316BD42D6F80C6100F2DC80B54202D2D7
S21401D7E0B74280F0DA800133082BE3D1724D2C6802
S21401D7F0012C40F2E7803AB16949B1F88A30134307
S21401D800A1F88A30684B5A6607B0BDE8F04F11F0B0
S21401D81001B94FF0000B624E96F889300AFB03F30C
S21401D82003F13843C3F830B011F0F9F84FF08051E6
S21401D8305F4B039059664FF0384396F889201B6A70
S21401D84000920AFB02F203F1010902F13842C2F822
S21401D8503490554A02331167C4F830B0029A6363B4
S21401D860564B54485A61019AA3F580539A61016B4D
S21401D8708368DB0340F18B80D6F88030B26FA9EB6A
S21401D8800303A3FB022CF36F01F58071ACFB03606D
S21401D890A2FB03E39B19A1FB03E640F1000001FB99
S21401D8A00066B2EB0E026CEB0606120A42EA06624C
S21401D8B04244B2EB112F4FEA112603D3013340F154
S21401D8C00000921B043E964228BF16463949344A48
S21401D8D08E6192F88D20D1F820C0EB18D2B2896BF8
S21401D8E040F10000654584BF02F1FF32D2B2B1F1CA
S21401D8F0FF3F0ED04FF0000E01F1010C99427EEB76
S21401D900000B08D20132B3EB0C03D2B260F1000077
S21401D910F4E70244D2B29B462149264B02F00302A9
S21401D92081F88D20C3F820B00222009B03980AFBE1
S21401D93003F303F138431A63226311F06BF84FF0D7
S21401D94038431B6A009311F06AF81D490A6922F0F0
S21401D95004020A61BFF34F8FBFF36F8F30BF4FF0E2
S21401D9608051019B154A936102F5E032116700224E
S21401D970102122630D4AC2F8841111F04BF80D4AAA
S21401D980009B526E12F0805F3FF4D7AEE2E6464649
S21401D990AB46C9E7B542BFF423AF11438AB222E7CB
S21401D9A0003E00B00080035000D001B800E100E066
S21401D9B000E001B800C001B89C280020002000B893
S21401D9C000ED00E011490B78142B01BF0023104E27
S21401D9D00B7033700B7801330B70002A3FF414AFD1
S21401D9E00C4EB6F88A301343A6F88A300A4B5A66AC
S21401D9F0074A13780133DBB2022B13707FF404AFAE
S21401DA00002301342C600B701370FDE62A2C0020D5
S21401DA10292C0020003E00B000D001B84FF0005283
S21401DA20014B1A60704700BF00E100E04FF0005262
S21401DA30034BC3F88020BFF34F8FBFF36F8F704740
S21401DA4000E100E037B50446FFF7BCF801213A20B3
S21401DA50E4F726FEE17822791B4841EA0243C0F842
S21401DA60DC34E579A37943EA0543C0F8E03423784A
S21401DA704BB18DF8041004218DF805200DEB010043
S21401DA80002202F074FD63785BB10421A3790022C1
S21401DA908DF80430E3790DEB01008DF8053002F0C6
S21401DAA066FD227801235AB1084AC2F8D834627852
S21401DAB002233AB1054A0020C2F8D83403B030BD7B
S21401DAC0034AF2E7024AF6E700C0035000D00350CB
S21401DAD000E00350F8B50B46002213F8044B9442BD
S21401DAE025D91D68854224D106245A791D79124B01
S21401DAF088181E6804FB0503104F33F8063C7B4369
S21401DB00B3420ED900238A5A7A43964202D804FBBE
S21401DB100300F8BD9D42FAD9013304FB03F2825A91
S21401DB20F2E740F247423D210020FBF7C3FC00200C
S21401DB30EFE708330132D2E73C29002040420F00CC
S21401DB4000202DE9F84FA2FB018BC74EC74F18EBFB
S21401DB50060699466BF10003B74270EB030307D242
S21401DB6040F23E220E21FBF7A5FC0220BDE8F88F0D
S21401DB70D9F814A00C461546BAF1000F04D0DAF80D
S21401DB800030032B00F21B81B94BBA4A9F6BA3F5F9
S21401DB908043D3F8EC30C7F314075E00B64B48BF9A
S21401DBA047F400171B6ED2F8FCA058074EBF4FF47F
S21401DBB040039B0503F0E0731F43B04BD3F8E430FA
S21401DBC0990748BF47F0807747EA45670FF0C8FED8
S21401DBD0012D0646C9D10028C7D0A94B984200F0AE
S21401DBE0FD8003F5122303F5F863984200F05A818D
S21401DBF0A44B984200F0A781002502462B46002040
S21401DC004FF00071EBF7FCFE2B46013008FB03F3E7
S21401DC10C7F3130100FB0B33A1FB0662A8FB0080D0
S21401DC2001FB0522034420339B09C9F80030F60C9A
S21401DC30954B46EA4236FA021C6058BF7642934B31
S21401DC40934D34441E602C60BAF1000F00F0088139
S21401DC50FB014FF000038F49C7F381528A5C1946D6
S21401DC6048BF6408002EB8BF764292066008C2FB21
S21401DC7006012246EBF7C4FEDAF800100E2908D991
S21401DC807D4B7B4A926BDE69D3F80C31F60600F1C8
S21401DC902881C0F3130017F40017C9F8040014BF55
S21401DCA0C42040F207107C4ADAF81860A2FB04C2CE
S21401DCB04FEA521200FB02F24FF4FA73B2FBF6F28D
S21401DCC018BF002702FB03F3A4FB00C0FA33A3FB33
S21401DCD0063604FB07006345864138BF0132D2B2DF
S21401DCE042F4006CC9F808C0002A00F0BB80DAF8DC
S21401DCF01C70A2FB070624B1B4FA84F30E2B40F382
S21401DD00D880E303002E40F0D180B3FBF0F670001C
S21401DD1000FB0220A0FB07834FEA044EC6454FEAEC
S21401DD20144474EB030309D352001044A7FB008389
S21401DD30C64574EB030306F10106F6D2C6F30E03DD
S21401DD404CEA033C4CF000630629C9F8083049D96F
S21401DD50DAF83030002B45D00023C9F80C30C9F86A
S21401DD6010300FF0FDFDDAF83010FFF7B3FE044671
S21401DD7018B18378002B40F0CC800FF0B1FDDAF8B3
S21401DD803010FFF7A7FE0446002869D08378002BE1
S21401DD9066D0407940F27352003818BF01203D2109
S21401DDA0FBF788FB207940F2745200384FF03D01B2
S21401DDB018BF0120FBF77EFB237962794BE0042B29
S21401DDC0DAF828707FF402AFFB014CBF4FF4400332
S21401DDD007F0E07327F0E0771F43F7E600232F48AC
S21401DDE01D4613E70FF0BCFD2C68002C00F0AF8039
S21401DDF0B4FA84F3D3F1020358BFDC40284B9C42AB
S21401DE0088BF6408002875D0B4FBF0F3642100FBDA
S21401DE10134201FB02F2904203F1FF3200F2A680A8
S21401DE205D085308013D1B0243EA0515C9F80C506D
S21401DE300FF05CFD002800F09080B4FBF0F2642146
S21401DE4000FB124401FB04F4A04200F28D80531E35
S21401DE5052085B08013A1B0243EA0213C9F8103064
S21401DE60002083E6212081E6006CCA88807C814AF6
S21401DE70008001B8004F00B0004001B8000002B8B1
S21401DE8000F04902005A620244290020402900207D
S21401DE903C290020A80C0300D34D62100A3BB2DFD8
S21401DEA03FBE4025002335481D46AFE610460026F6
S21401DEB030E7C3F10F0E03F1110806FA08F820FA4D
S21401DEC00EF040EA0800AEF1200826FA08F840EA0B
S21401DED0080026FA0EFE013004FA03F34EF100069E
S21401DEE010E702F4801203F400131A4308BFC0F5CA
S21401DEF08010CEE6631EA51E5B086D08013B2D0251
S21401DF0045EA031540F2C5422B210020FBF7D2FA61
S21401DF108CE740794FF4AB62003818BF01203D21F1
S21401DF20FBF7C8FA207940F25952003818BF012091
S21401DF303D21FBF7BFFA237962791B0243EA0213FC
S21401DF40C9F80C3019E700230D481D465EE66FF050
S21401DF501F0500287FF46AAFD4E74FF49D622B219A
S21401DF60FBF7A8FA621E72E71446FBE79D1E6D08D2
S21401DF705308013B2D0245EA031557E7313641DCCC
S21401DF80D694BFD610B5044686B059B9214B416820
S21401DF90D3F8FC30827A2048059300686B46FFF779
S21401DFA0CFFD69461D4B0A685A631A4BD3F8FC30FD
S21401DFB033B34B6843B11A4B1A4AC3F80C214A686B
S21401DFC0A3F58053C3F80C218B6843B1144B164A52
S21401DFD0C3F8EC208A68A3F58053C3F8EC20134AF3
S21401DFE0C868D2F8743123F4EE630343C2F874317F
S21401DFF0D2F86C31096923F4EE630B43C2F86C3135
S21401E000002022890A4B9A6203F5A033186406B0F1
S21401E01010BD00BF004F00B040260020008001B8B0
S21401E020006001B8FFFF0F00FFF8FF0F000002B805
S21401E030004000B8064B9A6E920607D55B6E002B21
S21401E0404FF48043B4BF034A034AD36400207047A9
S21401E05000800050002002B8001002B8064B1A6C6F
S21401E0609207FCD4022240EA01205860034B1A644E
S21401E0700122034B1A70704700C002B800D002B8E4
S21401E0802B2C002010B590B10468012C0FD9026921
S21401E0906AB11168094B102C196051685960916872
S21401E0A088BFD268996094BFD960DA6010BD10222B
S21401E0B00021024805F00CFAF8E700BF4C290020C1
S21401E0C0084BC1171A68A2FB000302FB013310F1CB
S21401E0D0807043F10003400E40EAC310803820EA06
S21401E0E0E07070475C2900200722194B70B5DA638F
S21401E0F0184B194A1D68194BEC08E005C0184FEA81
S21401E100153141F100010023EBF77AFC144B154E53
S21401E11018601548FFF7D4FF4042C6F8DC0049F600
S21401E1205800FFF7CDFFC6F8A8001048FEF71AFC06
S21401E130024660B1E301500818184FEA15714FF016
S21401E140000341F10001EBF75BFCC6F8B40070BDBB
S21401E150000002B8F428002065CD1D00B2E60E00CE
S21401E1605C290020003F00B07011010040420F0002
S21401E17010B5044698B10B4BD3F8FC00FFF782FFAD
S21401E1804FF47A7303FB04F0074BA0F57A60DA6864
S21401E1909B681044C01ABDE81040FFF791BF49F6CE
S21401E1A04040F8E7004F00B04C2900202DE9F84325
S21401E1B00546084614461E46FFF764FF9DB106F065
S21401E1C0020716F0040610D16FB1284600F0DEF8FB
S21401E1D020636B69002B7ED147F23050FFF770FF4A
S21401E1E0E062002E58D1BDE8F8832869002869D07E
S21401E1F04FF47A7358433F4BA0F57A609B68C01A78
S21401E200FFF75EFFA062A88B00285ED04FF47A73FA
S21401E2105843384BA0F57A609B68C01AFFF750FF49
S21401E220E061354BE968D3F80080002950D04FF4FF
S21401E2307A7359432F4BA1F57A619A685B68891AFC
S21401E240C91A2E4BC8171A68DFF8B890A2FB01133B
S21401E25002FB003311F1807143F10003490E41EADC
S21401E260C3118039264B2162D3F8C4306362D9F8D2
S21401E270003053B140460FF028F830B12246D9F8A5
S21401E28000301C49D8F8E40098470021A869FFF738
S21401E2906FFF6063002F98D1A86828BB47F2305003
S21401E2A0FFF70EFF60614FF47A702B6858432BB16D
S21401E2B0104B1B6803F51C5310331844FFF700FF7F
S21401E2C0A06190E749F640409AE749F64040A5E745
S21401E2D049F64041B5E7074AD0684FF47A7202FB27
S21401E2E00300A0F5FA5079E74FF47A735843A0F586
S21401E2F0FA50D5E74C290020402600205C29002052
S21401E300003F00B04829002070B5064608461C4666
S21401E3100FF0ABF80546D6F8F00000F011F84368A8
S21401E320054A002BA8BF4FF4FA721A44034B601932
S21401E33092FBF3F2104470BD0CFEFFFF18FCFFFFCA
S21401E34040B10368012B05D90069034B002808BFBB
S21401E3501846704700487047B00C030028B10948BA
S21401E36081420CBF2F20BC207047074A536E506A6B
S21401E370C3F301111B0C01FB033300F01F00013036
S21401E3801844704748E80100004001B843684FF45C
S21401E3907A7058432BB1044B1B6803F51C5310339A
S21401E3A01844FFF78DBE00BF4C29002070B588B019
S21401E3B06D46124C0FCC0FC594E80F0085E80F0090
S21401E3C0D82200210E4805F083F8B02200210D481E
S21401E3D005F07EF8202200210B4805F079F80FF0B1
S21401E3E0C7F80A4B1B783BB16D46044E0FCD0FC6DE
S21401E3F095E80F0084E80F0008B070BDE03F00B05C
S21401E400783E00B0503F00B0E04F00B01A2C00201C
S21401E410064BD3F8EC0E064B5B6C1A0103D4054B86
S21401E4209B6E1B0401D500F580707047003000B06C
S21401E430000002B8004000B810B510F0F0FA0E2146
S21401E44004460320FEF768FD40F20122034B2046F6
S21401E450BDE81040DA6210F0DDBA00BF004000B837
S21401E460012370B5074C2370074B1E68074B3240DB
S21401E470D3E9005319402840FCF706F8002323701F
S21401E48070BD00BF302C002064290020A00D0020A4
S21401E490024B5868C0F3C000704700BFA00D0020B3
S21401E4A010B50446FEF7B4FB00F022FF2046FDF748
S21401E4B0CBF9FEF737FBFEF71FF8FEF791F8FFF7EB
S21401E4C013FE13490723134AD1F8FC1004F5827092
S21401E4D0FFF76CFE4FF080710020FEF763FA4FF0F5
S21401E4E000720D4B4FF400110120C3F80021FEF716
S21401E4F059FAFEF7CFFD20B940F223121421FAF79C
S21401E500D9FF0FF033F8BDE810400120FDF7B6BE85
S21401E510004F00B0A43F00B000D001B88023074AE6
S21401E5201364082340B11364054AD2F8C43E23F0AD
S21401E5302003C2F8C43E7047024AF4E7001002B84E
S21401E540003000B0002002B810B510F068FA0121C2
S21401E55004460020FFF7E2FF044B1961044B5B6899
S21401E56098472046BDE8104010F054BA000002B8A3
S21401E570702F0020F0B583B014460646FFF75AFD0B
S21401E580FCF754F9002800F0A980594B5D6915F095
S21401E590060540F0A38010F042FA23790095022B7D
S21401E5A0054647D1237B022B33D00320FEF756F9CD
S21401E5B020B9504BDB685B0440F19280A37B277B3C
S21401E5C0003B18BF0123A2684B49012F01920B7033
S21401E5D06FD000F07FFE0420FEF734F80420444E8E
S21401E5E00223716F3A4621F0F85121F4F81141F0F7
S21401E5F0506141F4803171670DEB0001FEF740F880
S21401E6000446002860D0012030223C493C4B08706B
S21401E610DA643C4E336898472128044604D1012128
S21401E6200020736898470024284610F0F3F9204626
S21401E63003B0F0BD0320FEF711F9002850D122796E
S21401E640D6F80C31012A226830D0D01A009000206A
S21401E650274B2D4A2D495A679867637B2C4A23F02E
S21401E66040000028C3F380130B700CBF0123002366
S21401E6701370284B274AD3F8C43E4FF003000CBF53
S21401E68043F0200323F02003C2F8C43EFDF7DAFF6F
S21401E690174B214A03205A67694601232279FDF761
S21401E6A0EFFFF8B101221D4B1A707BE79A42CDD3DA
S21401E6B0CBE72379022B8CD0009BD6F80C110027D0
S21401E6C00B441344019384E70320FDF7BBFF284660
S21401E6D00D4A124B72671C7010F09CF90E24A6E7C7
S21401E6E02846F9E7284610F095F921249FE700BF50
S21401E6F000C001B8000002B8352C0020322C0020E2
S21401E700001002B8702F002000000101332C0020F9
S21401E710342C0020003000B0010C01002F2C00200A
S21401E7202DE9F3410D460024074610F078F9214BF8
S21401E73006462046DFF88C801C70FFF7EFFE1E4B66
S21401E740C8F87430C8F878406879431E5842584172
S21401E750FBF77EFE40F60143C8F878302A7929682F
S21401E760012AD7F8143101D1994200D3CC1A0423D7
S21401E77003200DEB03010194FDF782FF50B98822B7
S21401E7800E4B30461A6410F045F92124204602B09B
S21401E790BDE8F0810A4D2B6898472128044604D12C
S21401E7A0012100206B6898470024304610F032F9AA
S21401E7B0ECE700BF2F2C002000000101002002B86A
S21401E7C0702F002000C001B8F8B5194C0546207816
S21401E7D040F27D22B0FA80F03E214009FAF76AFE47
S21401E7E055B9607840F27D22BDE8F840B0FA80F075
S21401E7F03E214009FAF75EBE4FF440660D4F0E4DBE
S21401E800D7F8043140F27D22C3F381232370C5F883
S21401E810046160783E21B0FA80F04009FAF74AFEBA
S21401E820D7F80831C3F381236370C5F80861F8BDD2
S21401E8302C2C0020004000B8006000B8A82238B593
S21401E8401B4B1D6C03F500531A6410229A60A3F546
S21401E850804302F100521A675A6600F0C1FF154B59
S21401E8601B7813B90320FDF7EDFE0024124B9C67BD
S21401E87000F0DCFF114A124BD2F8EC1E0B40C2F836
S21401E880EC3E04220F4B1A640F4BAA06C3F8CC4089
S21401E89008D503F580735B6FB3F5817F22BF8022B5
S21401E8A0034B1A61FCF7F0FB0022084B1A7038BDC7
S21401E8B0000002B82F2C002000C001B8003000B0C4
S21401E8C0DF0000FF002002B8003E00B02E2C002022
S21401E8D00D4A10B5D2F8A030D2F8A4100B40B3F10F
S21401E8E0804F0CD34FF040400849094CC1F8A400B2
S21401E8F0D467C1F8A0004FF48021064AD161034ACB
S21401E900C2F8A03010BD00BF0040005000600050AB
S21401E9100000FF01001002B89D4B2DE9F04F9F6EDD
S21401E920DB6E85B01F409B4B9F664FF03A43D3F892
S21401E9301451D3F818311D40974BC3F81451974B17
S21401E940D3F80822D3F80C3202EA0309944BC3F831
S21401E950089203F52043DA691B6A02EA0308914B21
S21401E96008F47702DA61904BD3F80422D20605D474
S21401E970D3F80431C3F30016DB0653D510F04FF875
S21401E9808A4B5A695E6E1B6F12F0060F06EA030683
S21401E990874A26F0007314BF4FF0010A4FF0000AB1
S21401E9A023F400637407536606D5824A92F88D30C5
S21401E9B00133DBB282F88D3010F02CF8002F00F016
S21401E9C0E48017F4004300F0D58010F028F80146E3
S21401E9D0FFF71EFD0446784BD3F800B0DBF80020A5
S21401E9E0DBF800309A42FBD0DBF800209A42FBD0DD
S21401E9F0FFF70EFDA04217D1084610F00BF86F4B3B
S21401EA001C606F4BD3F840B01BF4E0520ED124F0DB
S21401EA107F4424F0DF040CB9FFF710FF4FF0807B32
S21401EA20002414E0B246C9E70446D7E70192FFF78F
S21401EA3005FF5C4B019A1BF480541A6440F09C80DD
S21401EA401BF4806F0CBF4FF0805B4FF0806BB807F4
S21401EA5015D55B4A5348126C02F4604101640029E3
S21401EA6000F08D80110400F18D8012F4005F0CBF60
S21401EA704FF000524FF0006200244BEA020BC7F33E
S21401EA8040377F004F4A2A40002A4BD015F4206FAA
S21401EA900AD040F2BC5206210020FAF70BFD0020F6
S21401EAA000F022FF25F48025EB0506D5FF213D4A1F
S21401EAB04BF4C06B9160FFF7BFFC15F0090F0BD04C
S21401EAC040F2D15208210020FAF7F4FC00F000FFD2
S21401EAD04FF03A420121516315F0106F0CD040F20D
S21401EAE0DA5209210020FAF7E5FC00F0F1FE0022D7
S21401EAF011461046FCF7AEFF15F4202F0AD040F25F
S21401EB00E25207210020FAF7D5FC002000F0ECFEC7
S21401EB1025F48025E80301D5FDF7E6F8002DB8BFFA
S21401EB2047F0080769070ED54FF03A42126B12F408
S21401EB30005F4FF4005217BF174923490A634BF48D
S21401EB40000B08BF0A636A0548BF4BF0040B15F4B7
S21401EB508023019300F0A480FDF77EF80138062893
S21401EB6034D8DFE810F02B012E012B0131013401DE
S21401EB70370137019B4653E74FF0804B50E74FF084
S21401EB80007279E74FF0004276E7BB463C4679E7EC
S21401EB90004000B8006000B8002000BA004001B88C
S21401EBA0006001B8002002B800E100E000C001B832
S21401EBB000E001B8003E00B0480C030060290020C8
S21401EBC0000002B8090B0B89001000BA40F213626C
S21401EBD003210020FAF76EFC4FF03A400121D0F8ED
S21401EBE08C20D0F8AC3002F00702063201FA02F2AD
S21401EBF0C3F30C0CA2EB0C0292B2072A12D97E4A7E
S21401EC00126C53020ED47D4BC26CC06E5B6D5BB151
S21401EC1002F0070206329140C0F30C00091A89B2CD
S21401EC20072901D84BF4007B754A1278002A37D0A1
S21401EC304FF03A42D2F8142112F4A02F30D1714A83
S21401EC40714912789AB9F20411D40A787AB14FEA66
S21401EC50DB026E4842EA447282F00102D0F8EC0E02
S21401EC6002F00102520020FA02F2930718D10420A2
S21401EC70FDF7E8FC664A6748506700F02BFB6249DF
S21401EC800A784AB9644A127832B1644A6449126809
S21401EC900BEA02020A4201D14BF4804B26F480565D
S21401ECA0B9F1000F2BD019F4805F18BF4BF4802BFD
S21401ECB019F4807F18BF4BF4002B19F4005F18BFBE
S21401ECC04BF0100B19F4007F18BF4BF0200B19F412
S21401ECD0806F08D04FF48061524A4BF0400BC2F867
S21401ECE00C12C2F8081219F4006F08D04FF4006134
S21401ECF04C4A4BF0800BC2F80C12C2F80812B8F15D
S21401ED00000F3AD018F4802F18BF44F4007418F49A
S21401ED10803F18BF4BF4805B18F4801F18BF4BF47C
S21401ED20003B18F4001F18BF4BF0020B18F4003F0D
S21401ED3018BF4BF4801B18F4800F18BF44F0100462
S21401ED4018F4002F19D0314AD2F8C42E12F0C00F91
S21401ED5013D02949CA68C2F30362032A01D0072ADD
S21401ED6005D14A6CD00602D48A6C120735D54FF409
S21401ED7000212D4A28F40028D161002E00F02481BC
S21401ED80330540F18A802948214990F80390284AA2
S21401ED90B9F1000F52D04FF4006309F1FF39536601
S21401EDA05FFA89F2C27032B9224A1278C2B140F6CD
S21401EDB00141214A5167002200216BE04BF4803B60
S21401EDC00AE74BF4006B07E74BF4806B04E74BF460
S21401EDD0807B01E74BF0080BFEE64BF4001BCCE70B
S21401EDE08A6F12F4A05F15BF4FF4807240F601429D
S21401EDF08A658A67DFE700BF000002B8004000B8F6
S21401EE00322C0020312C0020342C0020003000B0A1
S21401EE1000C001B800000101332C0020A00D002025
S21401EE20088D0100006001B8002002B81F2C0020E8
S21401EE3000E001B82F2C002000D001B80320FDF718
S21401EE4001FCA949A94A496911F0060F77D048463D
S21401EE50FDF732FD4FF40060A44AA34950664A69A3
S21401EE60A34B12F0060208BF8A67B3F88A20A148AE
S21401EE7012F4006167D022F40062A3F88A200278B7
S21401EE8002F0FF09002A62D1FDF798FDFFF7D6FCD4
S21401EE904A4620214BEA020B0C43B00009D52E202E
S21401EEA0FDF706FB4FF00051904A44F00804116745
S21401EEB05166F10608D52B20FDF7FAFA10218B4A88
S21401EEC044F400141167516616F0306F05D1F20450
S21401EED067D5BAF1000F00F0B280330115D52920AD
S21401EEE0FDF7E6FA844A8548D26802F48041C2F307
S21401EEF080320270FFF7CCFA28B1814A7B48814BF9
S21401EF0042661A6731BB44F0040416F0007A2ED02C
S21401EF100420FDF797FB2720FDF7CAFAFFF78EFCC2
S21401EF204FF00071714A5166774AD2F8EC1E4906D5
S21401EF307ED4764A0221916044F002042EE041F626
S21401EF401F71516786E702784FF40052A2E74FF42B
S21401EF50004231E7026742662020FDF7A9FA44F431
S21401EF6000142D2044F00C04FDF7A2FACDE716F0AC
S21401EF70807FDFF8749146D00420FDF763FB2820DC
S21401EF80FDF796FAD9F87820002A39D1FFF756FC12
S21401EF90564A5B4944F00104116751660021524A02
S21401EFA09165320405D55A4A126890474BEA000B20
S21401EFB00C43730508D557498A78002A00F08F80DC
S21401EFC0013A8A70002217433A4658462146FFF70F
S21401EFD047FA019B0BB1FCF775FE01224E4B05F07B
S21401EFE00435C3F814514D4B18F4002FC3F884218F
S21401EFF01EBF4FF40022454BDA6105B0BDE8F08F25
S21401F000C9F878A0C4E7F004C8D50420FDF71AFBB8
S21401F010434AC9F87420FDF7D1FCD9F8642012F0F0
S21401F020407FBBD12A20FDF743FAFFF707FC7BE7B9
S21401F030D2F8C42E93063FF57FAF3A4A7AE73549B0
S21401F0400A7952B1013AD2B20A7112B92D4A364939
S21401F050516700224BEA020BA3E70420FDF7F2FA00
S21401F0600320FDF7EFFA204A2D4951670FF0D7FC30
S21401F07081460DF10F00FDF7D3FF2C4A8246127828
S21401F0800AB1FFF7D9F9BAF1030F0ED1DFF868A07C
S21401F0900020FDF7C5FF032807D1DAF82820D0079E
S21401F0A0F6D4DAF84420D103F2D49DF80F20032ACF
S21401F0B006D101211E4A484611700FF0ABFCC8E785
S21401F0C04FF03A42D2F8142112F4A02FF1D100F0F9
S21401F0D001F948460FF09EFC4FF48042BAE7022041
S21401F0E0FDF7B0FA01226EE700C001B800E001B8F2
S21401F0F0003E00B02F2C0020000002B82E2C00206D
S21401F1001000002000D001B8003000B0002002B886
S21401F110842F00201F2C0020002000BA00E100E010
S21401F12000000101001002B80000010D352C00207E
S21401F130312C00200122024B1A62DA61704700BFAF
S21401F140002002B8094A08B5D369116A0B4008497C
S21401F15023F47F00DB07C86106D5D1684FF0FF3086
S21401F160C1F303610EF00DFA08BD00BF000002B83E
S21401F170002002B80C4A08B5536C926C13400B4A37
S21401F1805364DB070FD50A4B40F66D02187812213F
S21401F19000F00100FAF78EF9BDE8084000220120D0
S21401F1A00021FFF75DB908BD00C000B800E000B857
S21401F1B0A00D002070B5174D2C6C6B6C1C40164BC7
S21401F1C024F00202E1071A6405D540F6D4020020B5
S21401F1D02968FAF76FF9A2071AD502220E4B1A64AC
S21401F1E06B68DBB2A3B9FDF783FB04460D460B4EF5
S21401F1F0D6F8F433DB060BD5FDF77AFB02460B4651
S21401F20020462946FDF70CFA652871F10001EFD377
S21401F21070BD00BF008002B800A002B8000002B8AE
S21401F22038B50B4C0B4DD4F88430DB0706D4A36FEE
S21401F230D4F884201340084A936738BDD5F80431C2
S21401F2401A06F0D5FFF7B6FF8023C5F88431EAE742
S21401F250008001B800E100E000A001B808B50FF099
S21401F260DEFB0E4B1A78A2B90D4A126812F4843FDF
S21401F2700FD10C4A1021D1641B7863B9084B1B6867
S21401F280DB0508D4074B2022DA64BDE808400FF0FE
S21401F290C1BB054AEEE7044BF5E700BF322C002060
S21401F2A0A00D0020002002B8001002B810B50FF023
S21401F2B0B6FB0E2104460320FDF72EFE40F2012286
S21401F2C0034B2046BDE81040DA620FF0A3BB00BF37
S21401F2D0004000B80022044B1A70044B197811B193
S21401F2E01A70FFF7BBBF7047312C0020322C00206C
S21401F2F038B50FF094FB4FF00043244C0546C4F894
S21401F3008030BFF34F8FBFF36F8F0123C4F8843073
S21401F310BFF34F8FBFF36F8F0223C4F88430BFF360
S21401F3204F8FBFF36F8F0423C4F88430BFF34F8F22
S21401F330BFF36F8F0823C4F88430BFF34F8FBFF33A
S21401F3406F8FFEF773FB1023C4F88430BFF34F8F23
S21401F350BFF36F8F2023C4F88430BFF34F8FBFF302
S21401F3606F8F4023C4F88430BFF34F8FBFF36F8F86
S21401F3704FF48063C4F88430BFF34F8FBFF36F8FB1
S21401F3802846BDE838400FF045BB00BF00E100E06D
S21401F39038B50FF044FB05464FF000430A4C236096
S21401F3A0012363600423636008236360FEF736FB72
S21401F3B01023636020236360402363602846BDE812
S21401F3C038400FF027BB00BF00E100E02DE9F04711
S21401F3D0DDF820A003EA0108099B06460D4602EA6D
S21401F3E0000703EA0A09BAF1000F40F06C81031F17
S21401F3F00B4300F02C81052871F1000380F0028197
S21401F40050EA010300F0D781431E0B4300F042810E
S21401F410FFF76EFFC04AD2E9004323EA050324EA58
S21401F42006043C4343EA0807BC4BC2E900471E6892
S21401F43026EA0A0646EA09061E60FFF70FFF14F0E1
S21401F4402A4F14BF48F202034FF40043B44AB507EB
S21401F450D26EB44848BF43F4005383EA020122EA5D
S21401F4600302C266B04A0B408166D366C4F380428B
S21401F4701203200348BF42F48072E10648BF42F4FB
S21401F4800052AA49A30648BF42F4007214F0400F86
S21401F490D1F88830A64800F035815D0506D44FF4D2
S21401F4A080652B43C0F80852C1F8883014F0800FED
S21401F4B0D1F888309E4800F061811D0506D44FF4CE
S21401F4C000652B43C0F80852C1F88830994B98481C
S21401F4D0D3F80C3217F4007F82EA030123EA020311
S21401F4E0C0F80C32944B02EA0102C0F80812C3F8C5
S21401F4F00C228E4B07F4007200F0498101224FF472
S21401F500802583F88420E30448BF45F48035A003B2
S21401F51048BF45F48015A10748BF45F4001514F40B
S21401F520001FDFF8508206D0D8F800000EF045F82C
S21401F53008B945F40025E20248BF45F40035FB064C
S21401F5407E4B48BF45F480051A6A7D4985EA020369
S21401F55023F001031A400A621D40CB61794B16F075
S21401F560010F1D62784B794A18BF1A46784B7D0702
S21401F5701B6F48BF42F00062764882EA030123EA25
S21401F58002030367744B0A4041661A67734A04F024
S21401F5900103926CA0F5803083EA020122EA03029D
S21401F5A082646F4A0B4041649364D8F800202002BD
S21401F5B048BF6C4B92F8022158BF6B4B610748BF9E
S21401F5C043F4806322B114F4C06F18BF43F4807310
S21401F5D032074FF03A42BDE8F047D2F8181148BF5B
S21401F5E043F0004383EA010222F4A0225F4811405F
S21401F5F0C0F818111340C0F814215D4AC2F818313A
S21401F600FFF7C6BEA0F580630B4306D020F48063E7
S21401F610A3F500730B437FF4FBAE0FF000FA3E49EF
S21401F620D1E9003223EA060322EA050242EA080289
S21401F6303B43C1E900324F4A126892F802114B4A25
S21401F64009B313F4C06F1ED04FF4807311E00FF0AE
S21401F650E6F9314AD2E9003123F004033B4341EA9B
S21401F660080157EA0807C2E900314FF480633F4AB0
S21401F6700BD0C2F81431A2F58052C2F81831BDE899
S21401F680F0470FF0C7B94FF48073C2F81831C2F8CB
S21401F6901431F4E70FF0C3F91F4AD2E9003123F021
S21401F6A001033B4341EA0801C2E900310123324A22
S21401F6B057EA08071BBF5364A2F58052936493640C
S21401F6C008BF5364DBE750EA01037FF4A1AEBAF149
S21401F6D0010F7FF49DAE0FF0A2F9104A136823F0D4
S21401F6E0010343EA090313604FF48063194AB9F131
S21401F6F0000F04D05366A2F580521367BFE7136765
S21401F7005366BCE723F48063C1F888304FF4806306
S21401F710C0F80832CAE600BFA00D00206429002008
S21401F720004000B8006000B8005000B8003F00B0CC
S21401F730006001B8004001B8005001B8000002B8EE
S21401F740002002B8001002B8041C000304180003CD
S21401F75000C001B800E001B800D001B800C000B890
S21401F76000D000B80D0A0A09090A0A09002000BAE1
S21401F770001000BA4026002000E000B823F4006321
S21401F780C1F888304FF40063C0F808329EE693F85B
S21401F790841071B183F88420084BD3F8A41003F5C4
S21401F7A00053C3F8A410C3F8A0104FF05023C3F8B9
S21401F7B0A4200025A7E6BDE8F08700BF0040005062
S21401F7C0024B186800F00100704700BFA00D002032
S21401F7D0024B5868C0F3C030704700BFA00D002030
S21401F7E00A4B197801F0FF0229B100211970084966
S21401F7F09202C1F80421597801F0FF0229B10021D3
S21401F80059709302024AC2F8083170472C2C002026
S21401F810005000B84FF40062034B1A644FF40042E4
S21401F820A3F5E0339A667047001002B8F8B5084CA5
S21401F830084D236C0423084F2B64236C5B0300D410
S21401F840F8BD042602203E640DF0ECFD2E64F4E7BC
S21401F850000002B8001002B8002002B838B504460D
S21401F86079B948B1164BDB681B0E13F00E0F04D0A6
S21401F8704FF4C062134BDA6238BD134B1B6CD907C9
S21401F880F6D4FFF713FD0E4D0020FDF7C9FB032844
S21401F89001D0092805D1AB6ADA07F5D46B6CDB0316
S21401F8A0F2D4FFF7C3FF0122084B5A6102229A6283
S21401F8B0042203F580531A64002CDDD0D8E700BF7C
S21401F8C0000002B8006001B800C002B8001002B81B
S21401F8D008B503210920FDF71FFB2022014B1A6101
S21401F8E008BD00BF000002B838B505460FF097F80E
S21401F8F00E4B04461868FCF7D9F835B1FFF7EAFC59
S21401F9002046BDE838400FF085B8094B1B78002B20
S21401F910F6D0084B1D78002DF2D1FFF7DBFC2A4606
S21401F9204FF480400021FEF79BFDE9E740260020CA
S21401F930312C0020302C00202DE9F84F594B06467B
S21401F9400D4614461B6C002A40F0A98013F0A00F48
S21401F95014BF4FF001094FF00009FBF795FBA023F8
S21401F9604FF0000ADFF854810320C8F84030FCF756
S21401F97069FE0420FCF766FE4B4FFFF7ABFC4B4BD2
S21401F9804FF0040B7B67C7F878A0FFF74FFF484B93
S21401F9904FF48071D3F8C42E42F02002C3F8C42E6F
S21401F9A0FF22C8F808203F4A1161D3F8EC2E4149DE
S21401F9B01140C3F8EC1EC8F840B0C3F8CCAE7B6962
S21401F9C013F0060F04D0FCF7F9FF5846FCF73AFE91
S21401F9D0B9F1000F01D0FFF71DFF66B1364BDB6CA6
S21401F9E0180701D4FFF762FCFFF772FF0420FCF74B
S21401F9F029FEFFF7F5FE2B4B5A69D1074DD5DA687C
S21401FA0012F0706FFBD12D4B2D4A1A642D4A536E9E
S21401FA1023F0F003536615B12046FFF765FF2A4B26
S21401FA20D3F84C315A1C01D05B0002D50122234B7E
S21401FA305A61002C31D0204B2249DA6E03F500536F
S21401FA409A6603F5D0331B6A1C4A23F00103D3617F
S21401FA501E4BD1F88800D3F80C321D490343C1F878
S21401FA6008321C4BC1F80C02D3F8841003F500537E
S21401FA7099674FF03A43D3F8181103F50053C3F8CA
S21401FA801411154B996C03F500535964134903F58A
S21401FA90803359664FF608431364BDE8F88F4FF07C
S21401FAA000095AE7000002B800C001B800000101D1
S21401FAB0003000B0DF0000FF004000B8002002B8B0
S21401FAC010003000003F00B00080E00F004001B899
S21401FAD0006001B8008001B800C000B85000002FD7
S21401FAE038B514460D460EF09AFF064BD3F8C42ED1
S21401FAF054402C405440C3F8C44EBDE838400EF084
S21401FB0089BF00BF003000B0034BD3F8C43E994311
S21401FB100CBF012000207047003000B01E4BD3F808
S21401FB20C43E13F001001ED01C4B93F848001C4A3B
S21401FB3040F08073C2F8CC304FF480131949C1F8F5
S21401FB40B430A1F58051C1F8B830D2F80C31DBB22F
S21401FB50FF2B1FD0984294BF002001204FF4AD62C6
S21401FB603C21F9F7A7BC1A06E1D40F4A92F84711CF
S21401FB7021B1DB0602D592F84401D8E74FF4801292
S21401FB800020084B0649C3F8B820C1F8CC00C3F8DA
S21401FB90B42070470120E1E7003000B0003F00B01C
S21401FBA0004000B8006000B8003E00B0014B186885
S21401FBB0704700BF6C2E00202DE9F84F0F4688468F
S21401FBC057F8041B0546144600203A461E460DF01B
S21401FBD0F7FCD8F8008040460DF0F3FC20B19DB943
S21401FBE041684FEA186359B90F2133462246404609
S21401FBF00DF0FFFC0D461AE04A799A4204D008310E
S21401FC000D68002DF8D1EFE7DFF83490DFF8348087
S21401FC10D9F800B0D8F800A03846C9F80040C8F8AE
S21401FC200060A8470025C9F800B0C8F800A0224621
S21401FC30012052F8041B0DF0C3FC2846BDE8F88FDE
S21401FC406C2900206829002070B50C4B04020D4673
S21401FC5004F4E064C0F307211B680C43084A04342B
S21401FC609C42126807D91D210DF0C3FC00221346E1
S21401FC7010462B6070BD1060043BF9E76829002030
S21401FC806C290020094A10B5116851B9B0F5006F0A
S21401FC9009D2041D2046E3F79FFF08B9044B1C60F8
S21401FCA010BD1220FCE72120FAE700BF78290020CA
S21401FCB07429002038B5044608680D460DF039FD54
S21401FCC050B9094B1B6800202A68C4E900531A6022
S21401FCD0064B1B68A36038BD2028FCD1044B1B686B
S21401FCE0002BF0D10920F6E778290020742900209E
S21401FCF0702900202DE9F84F1D460C6816464FEA7C
S21401FD00042AC4F307230AF4E06A4AEA030A1F4BEB
S21401FD100AEB050B1B680BF104029A420746DDF855
S21401FD2028802DD80123F20093409D4228D215B198
S21401FD30B8F1000F27D03846FFF7BCFF8146E0B97F
S21401FD4024F47F4424F0C70444EA1B244FEA0B2B17
S21401FD507B681FFA8BFB44EA0B0443F8044B5344BD
S21401FD602DB118462A46414603F0BAFB0346012E3A
S21401FD700CBF03F8015C23F8025C4846BDE8F88F27
S21401FD804FF01D09F9E74FF02209F6E77429002024
S21401FD9038B50446054B00681D684068D4E9012360
S21401FDA01146A8476368988838BD00BFA82F002071
S21401FDB010B5044C23781BB90DF001FC0123237008
S21401FDC010BD00BF362C0020084A136833B94178AD
S21401FDD0436141F001014170106070471978027863
S21401FDE09142FAD003F114025B69EFE77C29002007
S21401FDF0044A0346106810B102789A4200D170474F
S21401FE004069F8E77C290020014B1868704700BF5D
S21401FE107C290020094A5168C84390FAA0F048B1ED
S21401FE20B0FA80F0042805DC012383400B435360BD
S21401FE3040B270474FF0FF30704700BFA82900203E
S21401FE400021034B28220348C3E9001103F040BBFD
S21401FE50A82900208029002038B50546FFF7DAFFDB
S21401FE6004460448294600EBC4000DF0D2FC2046A7
S21401FE7038BD00BF80290020C3B2042B10B515D8A9
S21401FE8004230B4A03EBC003134453E8002F0A4331
S21401FE9043E80024002CF8D101220649824051E8AB
S21401FEA0003F134341E800300028F8D110BD00BFE1
S21401FEB080290020A8290020F7B54FF0040C012660
S21401FEC00827184A1849194D106800B30B7806FA26
S21401FED003F420421DD0E04352E8004F044042E8BC
S21401FEE0004EBEF1000FF7D117FB03C32B4453E8B6
S21401FEF0000F43E800E4002CF9D1019048B10878DE
S21401FF0001AA0B4905EBC0000DF0BBFC012003B0B4
S21401FF10F0BD0B78506883422EBF00230133DBB25D
S21401FF200B70D1E7A8290020372C0020802900205B
S21401FF3078563412024B1868003818BF01207047F3
S21401FF40A82900202DE9F041164D06462B680C46DF
S21401FF502BB10EF06DFD2B6823B90EF064FD002069
S21401FF60BDE8F0812B68D3E904870EF05CFD58EA02
S21401FF70070315D056EA04030CD10B4DD5E90064EE
S21401FF8056EA040306D1094B1B68984706460C46F9
S21401FF90C5E900014645BC412CBF01200020DFE732
S21401FFA00120DDE7C0290020A80D0020B829002087
S21401FFB0F7B54FF0FF34274605460E460EF038FDDE
S21401FFC01A4B1B6883B90EF02EFDB7F1FF3F08BF31
S21401FFD0B4F1FF3F04D054EA070315D100242746A5
S21401FFE02046394603B0F0BD5969DA6801911969AE
S21401FFF05B685218019941F10001A24271EB070CAE
S2140200003CBF14460F46DDE755EA060304D1084B0B
S2140200101B68984705460E46AC4277EB0603DDD3CF
S214020020651B67EB06062C463746D9E7C029002033
S214020030B82900202DE9F74FDDF840A00E46DDE98D
S2140200400C7815469DF83CB008B1016891B9BAF132
S214020050000F07D029463046D04740F2034003B08F
S214020060BDE8F08F002DF8D0002EF6DB284603F010
S214020070F9FEF2E701900EF0DBFC81465846EAF7FD
S214020080D3FB044648460EF0CEFC019A9CB9BAF160
S214020090000F08D029463046D04703203146EAF7FB
S2140200A04DFB1A20DBE7002DF7D0002EF5DB2846A5
S2140200B003F0D8FEF1E70E9BC4E90678E36000235E
S2140200C0636057EA0803A6602562226084F824B0BB
S2140200D0C4F828A001D10E9B33B1184B1B68984771
S2140200E0C019074648EB01080EF0A2FC002205469E
S2140200F01349C4E904780B682BB1D3E904AB57451E
S21402010078EB0B0011D2A2B90B680C6063600D4B42
S2140201101C682CB1094B1B689847FFF749FFA0479C
S21402012028460EF080FC002099E758681A460346D7
S214020130E2E7536863605460E9E700BFB82900202D
S214020140C0290020B02900202DE9F74F4FF0000803
S21402015081460D4692461E460EF06AFC4746DFF87A
S21402016074B00190DBF8004084B9B8F1000F07D0F4
S214020170174B1C6824B100200021FFF719FFA04787
S214020180019803B0BDE8F04F0EF04DBC22684A4518
S21402019011D12DB1A268296822F000428A420AD102
S2140201A026B9626857B9CBF8002008E05146206AA3
S2140201B0B0470028F5D027466468D5E77A60D4F8B9
S2140201C0048020460DF0D1FA44464FF00108CBE7F2
S2140201D0B0290020C0290020014B1860704700BFDC
S2140201E0B029002070B50E46094904460846154651
S2140201F000F0C3FF0023074A30211360064A052099
S2140202001660064A15602246BDE87040EAF7A6BAAE
S214020210C24D0300C0290020B8290020B4290020BE
S21402022070B50446164618460022002386B0CDE96D
S21402023004230B4B0D461B6813B9212006B070BD74
S21402024004A998470028F8D1DDE904230290CDE9F5
S21402025000232946324620460DF0C1FAEEE700BFDB
S214020260B4290020F8B5054610200F461646EAF7D0
S2140202701BFB044601461022074800F083FF44B1E8
S21402028001230020E3602B68C4E9017623602C601A
S214020290F8BD1A20FCE700BFC24D03000020002173
S2140202A0014BC3E900017047A80D00202DE9F04775
S2140202B006460D464FF0000850EA010318BF2C4BC5
S2140202C0DFF8B89018BFC3E900012A4F3046294626
S2140202D0FFF738FEC0B9B8F1000F47D00EF0A8FB02
S2140202E0002104460020FFF763FEB1F1FF3F08BF7E
S2140202F0B0F1FF3F03D0204B1B6803B1984720465E
S214020300BDE8F0470EF08FBB0EF092FBD9F8004026
S2140203108CB16368C9F800300EF085FBA3683C60B8
S21402032033F000430BD138680DF01FFA00234FF06C
S21402033001083B60CAE70EF076FB3C60C6E723681E
S214020340002BF0D018680028EDD0A26832F00043E7
S214020350E9D0D0E9008A236A21688068D04700285D
S214020360E1D1B8F1000FDED04046EEE7BDE8F087F7
S214020370A80D0020BC290020B0290020C02900209A
S214020380F8B504460D460EF053FB094B1B684BB1FD
S214020390D3E90667C4E90067DB682B60BDE8F8406E
S2140203A00EF041BB00260027C4E90067F5E700BF50
S2140203B0BC29002010B5064C237823B9E5F7EEFDDC
S2140203C018B901232370002010BD40F20740FBE756
S2140203D0382C002038B50B4B04461B780D464BB123
S2140203E02146284602F002FB002840F2074008BFDA
S2140203F0002038BD04490548FFF7DCFF0028EFD08F
S214020400F7E700BF382C0020EFBEADDEBEBAFECA4C
S21402041007B5064803F065FA042101900DEB0100CA
S21402042003F02FFB019803B05DF804FBC4290020FB
S214020430F7B5186810F0020003D0164E316811B9ED
S214020440012003B0F0BD0024042223460DEB020077
S214020450019403F017FABDF80630DB0702D4FFF763
S214020460D7FF044600250C4F57F8043B23B121461C
S214020470BDF80400984748B13368002BE0D0074B1C
S214020480022193F90000FFF7F7FCD9E70135062DA4
S214020490EAD1F1E7C4290020C8290020392C00201F
S2140204A010B50948FFF7D8FC0024084B0849187015
S2140204B020200C60EAF71AF8064BC3E90044C3E9A9
S2140204C00244C3E9044410BDAC2F0020392C00209E
S2140204D0C4290020C8290020704708B5EAF744FB63
S2140204E0BDE80840EAF786BBF8F7A8BBF8F754BAA7
S2140204F0002303600E20704770470F2070470E20BF
S2140205007047FEE700239A4200D1704710B550F8B4
S214020510234041F8234001339A42F8D110BD00230C
S2140205200360704703680B6001607047FEE708B51A
S214020530082000F005F8BDE80840082000F00BB8D7
S2140205404FF060420123D2F8001E83400B43002086
S214020550C2F8003E70474FF060410122D1F8003EDB
S214020560824023EA02030020C1F8003E7047F8B535
S2140205700E461746044660B10EF05AFA05463A464B
S21402058031462046E3F712F928460EF04CFA0020D0
S214020590F8BD2220FCE770B10122417803788A4038
S2140205A030214B4341F2100103F1A04303F57033AF
S2140205B000205A5070472220704770B101224178BD
S2140205C003788A4030214B4342F2100103F1A043E4
S2140205D003F5703300205A50704722207047416C52
S2140205E0436910B5DA1CA1F11404B2FBF4F203EB72
S2140205F0C2000330B0FBF4F0B1F5805F00F10100F9
S21402060002D1012828BF0120013010BD38B50546A9
S2140206100C46FFF7E4FF6B6CA3F11402B3F5805FA0
S21402062002FB00F005D140F6E8736969994288BF7B
S214020630CC30E31DB3FBF2F3013304EBC3042044D6
S21402064038BD38B5054644692146FFF7DFFF6A6CB8
S214020650E31D143AB3FBF2F3013304EBC304204464
S21402066038BD73B506460D460024F36B01225B695E
S21402067001A928199847019B013309D1736C0434E8
S21402068062196A405B421A42EFD0204602B070BD41
S2140206900024FAE770B505460C46E1F7CFFCEB6B93
S2140206A02046BDE87040DB68184770B50025044652
S2140206B086B00562E369AB4202D8206A06B070BD16
S2140206C0666C2068E36B05225B6901A906FB0500E0
S2140206D0984701A800F080FC00F0A3FC10B1236A42
S2140206E0013323620135E5E738B50446456C0068F8
S2140206F004F1400305FB0101E06B00F09FFC054698
S2140207002046FFF7D2FF284638BD2DE9F0470025E0
S2140207104FF0FF384FF6FF730446C1462F46C0E936
S214020720085386B0E369BB420DD8A5EB0805012D38
S21402073006D94FF6FF7300256362E369AB4226D8FB
S21402074006B0BDE8F0872368E26B606C566900FB72
S2140207500730052201A9B04701A800F03DFC8246F9
S21402076001A800F010FC0646504600F05AFC60B1A4
S214020770B14588BF6762B04528BFB046B54238BFAC
S2140207803546B146236A013323620137CAE7666CEF
S2140207902068E36B052206FB05005B6901A9984702
S2140207A001A800F0F0FB0135C7E7F0B505460026C4
S2140207B087B0EC69013CB44203D80C46204607B029
S2140207C0F0BD01B14C1E6F6C2868EB6B05225B69AD
S2140207D001A907FB0400984701A800F0FDFB00F002
S2140207E020FC0028EAD121460136E2E7F0B50446AD
S2140207F00D46466CE36B006887B005225B6901A96B
S21402080006FB0500984701A800F0E6FB00F009FC8D
S21402081020B101A800F0B7FB07B0F0BD294620467C
S214020820FFF7C3FF0646676C2068E36B05225B6929
S21402083001A907FB0600984701A800F0A4FB431C89
S214020840EAD0B54238BF0130E6E72DE9F0434FF66D
S214020850FF79D0F8248004460E46C84514BF4546A4
S2140208600025002787B0E369BB4202D807B0BDE87F
S214020870F083E26B2368606CD2F814C000FB05308C
S214020880052201A9E04701A800F0A6FB022806D02F
S214020890C8450CD1721C29462046FFF725FFE3699E
S2140208A00135B5FBF3F2013703FB1255DBE72946A8
S2140208B02046FFF79BFFB0F1FF3F14BF02463246C9
S2140208C00132E8E70368F0B5CC1A436C0646B4FB7F
S2140208D0F3F4002587B0F36937685A1E9542706CA8
S2140208E008D3706C336800FB043007B0BDE8F040F4
S2140208F000F0A2BB0134B4FBF3F203FB1244F36B29
S21402090005225B6901A900FB0470984701A800F064
S21402091063FB00F086FB0028E3D10135DBE710B469
S21402092023F0030422449B070A44436C18BF043294
S2140209305B4282EA0104234203D05DF8044BFFF7D0
S214020940C1BF10465DF8044B70472DE9F041D0E96F
S2140209500A369E42044686B028D11422C3694568E8
S21402096002FB1355284606B0BDE8F0812068676C86
S214020970331AB3FBF7F3E26B07FB0300D2F81480DB
S21402098001A90522C04701A800F026FB012804D0D1
S214020990636C1D44013B3340ED1A31462046FFF797
S2140209A091FF0646A36AB342E0D1DBE70025F9E7EA
S2140209B008B508301346D1E90012E1F7C5FA01205E
S2140209C008BD13B50C4600212176009361681346D4
S2140209D02246E0F769F818B1E37D03B1A07EA07560
S2140209E0A07D02B010BD73B5164600F108050C4690
S2140209F0284609680DF1070200F0A1F9032E06D178
S214020A006368834203D12846216800F07FF90120FB
S214020A1002B070BDD01E009B42424241187E824206
S214020A2011D11A688A420ED85A688A420BD35A697A
S214020A3001325A61D3E9030282423FBF986840F806
S214020A40221001321A610120704710B5032A029C57
S214020A5007D1A26A5340626C5242134201D100F09F
S214020A6055F9012010BD08B5C36800209847BDE8B7
S214020A700840E1F7EBBA012814BF0420022070B543
S214020A80002442431C70CC7D101D02F002024CB9B9
S214020A901AB1012220F003001A7000F10803486818
S214020AA0184470BD1AB1012220F003001A70002308
S214020AB00C7E01F12005DAB2944201D80020F0E75C
S214020AC035F833205E1C824206D901EBC30300F1DF
S214020AD00802D8691044E4E73346801AEBE773B598
S214020AE0054690F842601C4630460DF10303FFF7B8
S214020AF0C2FFEB6B012E5B690DD1324601A9984706
S214020B009DF8033013B1BDF806300193BDF80430EA
S214020B10236002B070BD0122214602B0BDE87040DB
S214020B201847F0B5054600244868EB6B87B00E46BA
S214020B3001225B69029402A908309847274695F875
S214020B404230012B40F08480632C02D9029807B011
S214020B50F0BD612C08D805AB224631462846FFF781
S214020B60BEFF9DF814301BB305AB2246314628461D
S214020B708DF81070FFF7B3FF95F84230012B059BF6
S214020B8055D14FF6FF72934200F09680082205A9CF
S214020B9004A800F06DFA059B9DF81010C3F3072217
S214020BA0914240F08980DBB2029A1A44029283E0B4
S214020BB095F84230012B30D122463146284603AB07
S214020BC0FFF78DFF3146284604AB621CFFF787FF0E
S214020BD03146284605ABA21CFFF781FF10220823E8
S214020BE00DEB02010DF107008DF8073000F040FA18
S214020BF0102205A90DF1070000F03AFA039BDAB2BB
S214020C00002A52D19DF80720B2EB132F4DD1DDE911
S214020C10043203EB0243029347E0302C2BD944E024
S214020C209DF80720B2EB134F3FD1049BF3E7013345
S214020C3042D0102205A90DEB020000F019FA059B1E
S214020C409DF81010C3F30742914235D19BB2ABE731
S214020C50312C3FF67BAF87D005AB2246314628467D
S214020C60FFF73DFFBDF81430002B7FF47DAF95F8FB
S214020C704230012BA0D022463146284603ABFFF76E
S214020C802EFF3146284604AB621CFFF728FF1023CE
S214020C9020220DEB03010DF107008DF8073000F05E
S214020CA0E7F9039B9AB2002ABAD095F84230012B94
S214020CB014BF012302231C44013440E713B5002469
S214020CC00194049C0094E0F78FFB02B010BD13B5AC
S214020CD001240194049C0094E0F786FB02B010BD48
S214020CE000234FF0FF3230B544689C4202D1002305
S214020CF0037230BD016801EBC30541F833206A6018
S214020D000133F2E7C0E90012FFF7EABF0023F0B5AD
S214020D1045689D4210D00468DF0054F8332004EB87
S214020D20C306B2F1FF3F08D0C2F31302914204D1C8
S214020D304FF0FF33E3517360F0BD0133E9E7002360
S214020D40F0B545689D4202D14FF0FF300EE00468D0
S214020D50DE0054F83340671C09D0C4F31307B942C7
S214020D6005D1240D1470036833445868F0BD01336E
S214020D70E8E7704770B59400224605460E460EF028
S214020D803BF8431C0AD058B922463146284602F0A0
S214020D9075FB002814BF3D20002070BD6E20FCE7C6
S214020DA07120FAE713B5044601A8E2F7D3FC9DF8D2
S214020DB0063023804FF480736380E2F7E3FC6060C2
S214020DC0002002B010BDE2F74BBC08B5E2F738FCD3
S214020DD0002008BD10B5044644EA010313F00303DD
S214020DE0084609D1934201D1002010BD54F82310C1
S214020DF040F823100133F5E72146920002F070FB1B
S214020E00F2E710B504460DF0FFFF431C10D088B978
S214020E10E2F7B8FC234620F003002044984201D1B2
S214020E20002010BD53F8042B0132F7D03E20F8E71D
S214020E306E20F6E77120F4E70A4601390144E2F72C
S214020E405FBF13B50023044601461B220DF10700BF
S214020E508DF8073000F00CF922689DF80730B3EBE6
S214020E60D26F0CBF0120002002B010BD13B50023C4
S214020E700446014620220DF107008DF8073000F0E7
S214020E80F7F80DF107001A22211D00F0F1F862684A
S214020E909DF80730B3EB926F0CBF0120002002B022
S214020EA010BD0068431C584258417047006810F055
S214020EB07E0F0CBFC0F3C160002070470068C0F30D
S214020EC0D3107047006800F07F0001288CBF002016
S214020ED001207047036813F07E0F14BF0420082019
S214020EE07047036813F07E0F03D1406820F07C4001
S214020EF0704713F078001CBF03F07F03D81F7047BB
S214020F00006800F07F007047032809D0022803D14A
S214020F10C1F10201C8B2704700290CBF07200020A9
S214020F20704737B5054601F10C044369694601224C
S214020F3020469847BDF80030012201932046AB694F
S214020F4001A9984703B030BD37B501F10C044369D7
S214020F50012269460546204698474FF6FF72009BD7
S214020F6099B291420DD11B0C1B0443F4254343F066
S214020F70A503019301222046AB6901A9984703B055
S214020F8030BD0020FBE737B5044600251B22011DB5
S214020F900DF107008DF8075000F06AF860689DF8BA
S214020FA00720B2EBD06F03D120F0784003B030BDFB
S214020FB00DF107001B2204F108018DF8075000F01E
S214020FC057F8A0689DF80730B3EBD06F01D1C04345
S214020FD0EAE74FF0FF30E9E74BF29A22036810B5D2
S214020FE0B2EB134F044613D19BB2012B13D1FFF77A
S214020FF0CAFF01300CD04FF6FF72E068B2EB104F1A
S2140210004FEA104309D180B2C01A18BF012010BDA2
S2140210102368013303D00420F9E70220F7E7032010
S214021020F5E701288CBF002001207047033801280D
S2140210308CBF002001207047143070472DE9F04124
S21402104005469846036908460E46174698470446DC
S21402105038B943463A4631462846E1F767F8044629
S21402106018B131462846FFF75CFF2046BDE8F081FE
S2140210701F2A0B689EBF4FF0FF3191408B435908E1
S21402108001F055315B1A03F033319B0803F033331A
S2140210900B44017803EB13130A444FF0013103F0BB
S2140210A00F334B43A2EB13620270704708B50CF085
S2140210B04FFCBDE808400021E1F7CCBA0029CCBFBE
S2140210C001210021E1F7C6BA02214FF42070E1F7B0
S2140210D00FBE704770470020E1F71EBF0120E1F700
S2140210E01BBF704770B5054614460E460DF097FCBA
S2140210F02B685C4034405C402C60BDE870400DF0CC
S21402110089BC043021B100F580500123036070478A
S21402111000F50050F9E74FF0B0435A6812B19A6AE8
S214021120002AFAD1704770B5054614460E460DF0F1
S21402113076FC2B685C4034405C402C60BDE8704016
S2140211400DF068BC0122417803788A4030214B4377
S21402115042F2100103F1A04303F570335A50704770
S21402116000F005B809B1E2F7A1BB222070470020C3
S2140211707047E2F7E3BBDFF7B9BB0E2070470E20DD
S2140211807047704770477047F8B50C468D1807359C
S21402119052421540A5F108070646384600F039FACD
S2140211A0A188381B628801EBE00189B2A2EBE0025B
S2140211B025F8041C25F8062CA288C310AAB1A4EBB5
S2140211C0C202B2F802C0D18003EB0C015180E28861
S2140211D092B1D31A9BB204EBC20425F8023CA38058
S2140211E0B3680344B3603846F8BD15F8082C42F0DD
S2140211F0020205F8082CEAE725F8022CF0E72DE9AA
S214021200F04F17464FF0000887B07A1C109A054632
S21402121014BF3C460824CDF81480002A00F0C7808C
S214021220C2F80080002900F0C48042688A4240F278
S214021230C080073103F0010921F007060DF0F8FB24
S21402124005AACDE9008282463A464B4631462846F2
S21402125000F0E3F9059F834607B130B950460DF01A
S214021260E2FB192007B0BDE8F08FB7F802802969C3
S2140212704FEAC802C0EBC8080139B8F1270F296146
S2140212807AD9B9F1000F51D1864206F1080848D042
S214021290224639462846FFF777FF04460590059B07
S2140212A09844404600F0B5F9059906F10F004A88C1
S2140212B0C308A2EBD002A8F80220CA88A8F8043015
S2140212C0002A30D0D31A9BB201EBC202A8F806302D
S2140212D093808B88F608A380B8F804303A46E380F9
S2140212E0414600232846668000F004FAAB680833BD
S2140212F0AB60237843F0010323702B6901332B6123
S2140213006288AB68504603EBC203EA68AB6093425E
S21402131088BFEB600DF087FB109B083400201C6032
S214021320A0E73C46BBE7A8F80620D2E707EB08048E
S2140213302046039200F06DF90BF10703DB080599CE
S214021340638008F10703DB08A380CB8893B1DB0038
S214021350039AD81D821A5A44C2F3CF020B44E28083
S2140213609A80A38808F1FF384FEAD808A1F80280CD
S214021370CB80BBE7E380F4E7B9F1000F1BD007F19F
S2140213800803B3FBF4F204FB1233B3B12246394628
S2140213902846FFF7F9FE044623783A4643F001034F
S2140213A0237021460123284600F0A4F9A8E722204C
S2140213B058E7212056E78642E8D13C46ECE707B5D7
S2140213C000224FF0FF3101AB0192E2F7F7FB0198E2
S2140213D003B05DF804FB07B5009313464FF0FF32E7
S2140213E0FFF70DFF03B05DF804FB2DE9F74F0C463F
S2140213F0002900F0E08008460CF0ECFA0546D0E939
S21402140005680DF015FB14F8087C34F806CCFB07CB
S214021410009002D5BCF1000F06D100980DF003FB38
S214021420012003B0BDE8F08FAB68D5F8109034F811
S21402143004ECA3EBCC0B09F10103A4F108010CF1B7
S2140214400102C5F808B02B61BEF1000F39D0A1EB3E
S214021450CE03D888B3F802A00190187807F00207E6
S214021460C00723D41FBB0198A0EB0A07012F28D17F
S2140214700CF10202ABF108075244C5F81090AF60B7
S21402148034F802ECBEF1000F1DD114F8081C24F843
S21402149006EC6EF3000104F8081C013A5A801A782A
S2140214A06EF300021A700022DA8040E04FB114F8A0
S2140214B0087C72446FF3410704F8087C00279F807B
S2140214C0DEE70B46DCE701EBCE0AD5E9007007EB58
S2140214D00009CA450ED314F8081C013A6FF300013E
S2140214E004F8081C002124F8061C5A801A7861F3B6
S2140214F00002D7E711F83E10574611F001012FD02F
S21402150014F8081C013A6FF3000104F8081C0021C5
S21402151092B224F8061C5A801A7861F300021A70F6
S214021520C3F107023A44C2F3CF02DA80BA80002E31
S2140215303FD0B3423DD37288002A08BF1E46B8F198
S214021540000F06D0434504D8B8F80220002A18BF78
S21402155043460098C5E905630DF065FA002060E78A
S214021560AEEB0C0EBEF1010FCAD1BAF802C0AAF851
S21402157002109444BAF80620CAB10AEBC207002148
S2140215802A69013A2A61AA68083AAA6014F8082C5D
S21402159024F8061C6FF3000204F8082C1A78A3F845
S2140215A002C061F300021A70002FB9D17BE717461A
S2140215B0E5E71E46C3E7222033E701460020FFF791
S2140215C014BFFFF7FABF70B5049E15461A4696B1C9
S2140215D0002333608DB181B14D4333462946FFF770
S2140215E0FAFE044628B9306818B12A46214601F0A8
S2140215F06FFF204670BD2224FBE72124F9E707B5DA
S214021600002201AB0192E2F7EFFA019803B05DF80F
S21402161004FB0023036043607047F0B5D0E9054041
S214021620551C08BF0822002B4FF0000518BF0446C1
S214021630DDF818C0CCF80050002C37D09DF8147096
S2140216406588FF0007EBC505C2F1000E2078C007CB
S21402165008D51BBBE088A0B104EBC004658807EB85
S214021660C505F3E78D42F4D363B904F10806B6FB69
S214021670F2F002FB106670180EB1A842EAD8CCF857
S2140216800040F0BD082A0FD06088013004EBC0008D
S214021690461A06EA0E06801B8542F0D2A08800286B
S2140216A0EFD0A4EBC004D9E70846E8E72046E8E70F
S2140216B0034610461A69DAB108B921B918680378E0
S2140216C0DB0702D470479869F9E739B9C3887BB15A
S2140216D000EBC3000378DA07F8D47047012907D174
S2140216E083882BB1A0EBC3000378DB07F8D47047DE
S2140216F0002070472DE9F041D0E9054507468846A7
S2140217001646F3B194420FD042B1954215D14246E5
S21402171001213846FFF7CCFF05460EE00A46314661
S214021720FFF7C6FF0446F2E70A460021FFF7C0FFAE
S214021730B5420446EBD0002EE9D0C7E90545BDE820
S214021740F081944208D08C4228BF0C46B54205D0A0
S214021750454538BF4546F0E70C46F7E74546ECE711
S21402176070B500261C46C3E90001C3E90266C3E958
S21402177005001E611A775E62FFF74BFF2369013987
S214021780C908013341802361A36830460833A36049
S214021790E3680833E36070BD08B5E2F729FB08BDCD
S2140217A0002307B5684600938DF80430E1F746FC3F
S2140217B003B05DF804FB10B50DF031F904460CF0E9
S2140217C041F92046BDE810400DF024B970474FF4A9
S2140217D0C870E2F793BB7047704708B501F0C6FBC6
S2140217E001F0D0FB01F0D7FB01F0E6FBBDE80840B4
S2140217F001F0EDBB08B5E2F7C9F9E2F71DF8FFF70D
S214021800EAFFE2F77DF9E2F757F9FFF7B2FCE2F7F3
S21402181063FCE2F717FBE2F713FAFFF7DDFF00F0CF
S21402182007F801F0AEFBBDE80840FFF7D6BF7047E9
S21402183008B501F096FB01F095FB01F094FB01F070
S21402184094FBFFF7F4FF08BD08B501F0C1FB01F0F9
S214021850C0FB01F0BFFBBDE8084001F0BDBB00F0D5
S21402186000B807B512200DF10601FFF77BFCBDF8A4
S214021870060003B05DF804FB10B5044602210BF027
S214021880F6F94FF4E16120460BF0F3F9002010BDA3
S214021890FF207047F8F782B913B51AB100240094F6
S2140218A000F0F4F802B010BDF0B58DB005AC84E8D7
S2140218B007001C46A1420D4628BF2546129B0DB3C3
S2140218C004B311462846002603F53813CDE90A4626
S2140218D08DE8030003F241135F02C5EB432309932D
S2140218E002950CAA059B12E90700069500F06BFA12
S2140218F0A54207D23146621B381B0DB0BDE8F04048
S21402190000F05FBA0DB0F0BD30B591B001AC84E81E
S21402191007001C461346DA0049BF029A62000332E9
S21402192022F00302014604A8FFF7B6FF04A800F05F
S214021930C2F81499224601F5381101F241114D02FE
S21402194008A8C4EB41210023FFF7A6FF05F50071A6
S21402195000232246091B0CA8FFF79EFF0CA800F0E6
S214021960AAF808A904A800F086F811B030BD70B530
S21402197090B001AC84E807001C461499164601F59F
S214021980381101F2411122464D0208A8C4EB41214A
S2140219900023FFF781FF05F5007122460023091B8D
S2140219A00CA8FFF779FF0CA800F085F8F30048BFF3
S2140219B0029A334648BF033201994CBF22F0030213
S2140219C0620004A8FFF768FF04A800F074F804A9F0
S2140219D008A800F050F810B070BD10B58CB005AC79
S2140219E084E807000E9ADDE9060102F5381202F5D0
S2140219F0A0725202CDE9092300228DE803000B9261
S214021A0002930CAA059B12E9070000F0DCF90CB061
S214021A1010BD2DE9F04B4FF00008994607461646D2
S214021A2045468AB003AC84E8070002F0805B07AC48
S214021A30049A424502D80AB0BDE8F08B139B13B94C
S214021A40AA1E012A0AD9129BCDE9077909960095A2
S214021A505BB194E807004B46FFF726FFBBF1000F89
S214021A6000D14F440135C844E2E74B4694E80700EC
S214021A70FFF7B3FFF2E708B5E2F766FDE2F79AFD75
S214021A80E2F7A2FDBDE80840E2F7B2BD10B5044693
S214021A9022F07042103060602160A26039B1A26804
S214021AA003F070431343A360029BE36010BDA36878
S214021AB043F08043F7E701234360C36843F0200303
S214021AC0C360836843F00053836070470E207047FC
S214021AD04FF4806070474FF4807070470120704763
S214021AE0E2F7DCBCE2F7A2BCE2F7A6BCE2F7AABCCD
S214021AF0E2F70ABD37B515464A6804463AB18C681D
S214021B000093096845EA0403FFF7C0FF044620462F
S214021B1003B030BD2DE9F04FD3B0CDE90123DDE9A6
S214021B205D7BDDE95FA900230390042003ACCDE9C9
S214021B30050307C907AB83E8070021461846619EDE
S214021B400494E2F769FD8046002840F0B3805C9A70
S214021B500AAB07CADBF8045083E80700DAF8043059
S214021B604C421D44D9F804306D425B420093BB6878
S214021B7005F00F05DA0048BF7B6804F00F0442BF89
S214021B80033323F003037B60B368DB0041BF736853
S214021B90033323F0030373600023DBF80400DAF850
S214021BA00420CDE9153381182944CDE90E1379684E
S214021BB00D93494201F00F01CDE91031716812937D
S214021BC0494201F00F01CDE91331CDE917331993DC
S214021BD05C9B5B684BB9D9F804301343184301BFCA
S214021BE01024CDE90B4016AB0A9311234FF0005296
S214021BF004A932A8FFF77EFF40F611034FF0005209
S214021C0007A9FFF777FF42F611034FF00052029939
S214021C10FFF770FF44F611034FF000520199FFF7E9
S214021C2069FF412300225946FFF764FF2B024FF05B
S214021C300052514643F04103FFF75CFF23024FF088
S214021C40005243F001030AA9FFF754FF009B4FF02E
S214021C5000521B0203F47063494643F00103FFF788
S214021C6049FF1038FFF727FF00230DA91A461AA8C6
S214021C70FFF740FF002339461A46FFF73BFF0023D3
S214021C8010A91A46FFF736FF002331461A46FFF719
S214021C9031FF002313A91A46FFF72CFF002362998F
S214021CA01A46FFF727FF1038FFF705FF1AA932A8D2
S214021CB0FFF7E1FE404653B0BDE8F08F08461146F6
S214021CC01A465B68102B01D1E2F72EBD072070473B
S214021CD082B000B589B00DF1200C20290CE907006E
S214021CE00B9312D8DDE90E0102AB83E803005CE930
S214021CF002018DE803000BAA059B07CA00F0EAF86A
S214021D0009B05DF804EB02B070470120F8E782B034
S214021D1070B586B00B93119B03AD202B85E80700A8
S214021D203CD80C9AB2EB430F3AD10F9EB34237D14E
S214021D3006225A438A4203D003EB83038B422FD1F7
S214021D40012231462220129BE2F740FB0446F8B9F4
S214021D500123CDE9003395E807000E253346FFF749
S214021D6058FE00950EAA07CA3346FFF79DFD234686
S214021D70062229460220E2F715FBE2F743FB06237A
S214021D80044678B900930BAA334607CAFFF7EFFD5D
S214021D90204606B0BDE8704002B070470124F7E75F
S214021DA00724F5E71C46F3E7034610461944CA1A09
S214021DB0012A00D5704711F8012D02440A7010124C
S214021DC0F5E701F085BB82B02DE9F0438BB005AE96
S214021DD086E80700079D1F4615F080451393804648
S214021DE0DDE914328946169C16D18C4228BF0C4671
S214021DF0D20016D584B10F2C1AD8A9EB0502042AF4
S214021E003B6828BF042208EB050009A9043509939C
S214021E1001F066FBAC42F0D80BB0BDE8F04302B06E
S214021E2070479C4228BF1C46002CF5D00F2C13D9B5
S214021E30DDE914018DE803000294139B96E807007F
S214021E40E2F78AFBE2F7B6FBE2F7BEFB0BB0BDE8B1
S214021E50F04302B0E2F7CCBB224639460BB0BDE8EF
S214021E60F04302B001F03CBB82B070B586B00E9E65
S214021E700B930C9B03ADB3EB460F85E8070027D107
S214021E800122314626200F9BE2F7A0FA0446C8B983
S214021E900123CDE9003395E8070006253346FFF710
S214021EA0B8FD00950BAA07CA3346FFF72DFD234659
S214021EB0224621462846E2F775FAE2F7A3FA041EFE
S214021EC018BF0524204606B0BDE8704002B0704731
S214021ED00724F7E782B02DE9F04F89B01D46139329
S214021EE0149B01AC8B4284E8070006460C4605D0DC
S214021EF0072009B0BDE8F04F02B070476B1813F820
S214021F00013CDB07F4D50027EB5DB3B34FF0FF08C7
S214021F104FEA480111EA030A5FFA81F8F8D13A4615
S214021F20514606EB07093046E71B01F0D1FA04F1E9
S214021F30FF3BCDE9067ACDF814900DF1140A9AE823
S214021F400E00DDE91607B847002101278C46084631
S214021F5099F8003023EA080389F80030A1420ED12E
S214021F60BCF1000FC4D00028E9D1002FE7D101222E
S214021F703046FFF719FF3846BBE70137C4E76A5C0D
S214021F80735C8B4508BF02F0FE02A2EB030E5FEA0B
S214021F901E2E07F0010E08BF4FF0000E5340013B05
S214021FA01B0A07F0010740EA0E0008BF00270131AE
S214021FB0002A18BF4CF0010CD0E708B5E2F73CFA4D
S214021FC010F00E03FAD0022BF8D010F4806018BF7F
S214021FD0062008BD10B50446E2F752FA2046E2F79C
S214021FE09BFC18B9BDE81040E2F702BD10BD00F038
S214021FF071BF002070470020704770B506460D4638
S21402200014468CB0CAB11022002108A801F060FA6A
S214022010002207AB029305AB019306AB0093304652
S214022020294608ABCDE90522E2F770FD18B9099BEF
S2140220306360059B23600CB070BD6FF08600FAE704
S2140220401FB504A800E90E0011460198E2F79AFFB0
S21402205030B1E2F7C3FC05B05DF804EBFFF78BB8CE
S21402206005B05DF804FB70B505460E46E2F7ECFCDB
S214022070044648B931462846E2F784FF044628B1AA
S214022080E2F7ACFCE2F7ECFC204670BDBDE870401F
S214022090E2F7E6BC10B5436A8AB0041DCDE90143F7
S2140220A00023CDE9052310223C30CDE90331CDE9EA
S2140220B008230790E2F7C8FC60B907AB1A4604A9E2
S2140220C001A8E2F709FB0446E2F7CAFC002C18BF97
S2140220D06FF092000AB010BDE3F7FEBA08B528B159
S2140220E04C22002101F0F4F9002008BD6FF08600B2
S2140220F0FBE70020704738B51C46002308462360DD
S21402210011461546FFF7AFFF00B9256038BD08B582
S2140221100CF0D7FD002008BD10B5044608B1E3F761
S214022120B1FB2046BDE81040FFF74BBA00F4E04092
S214022130B0F5805F04D0A0F500535842584170476E
S21402214001207047F0B51F4600F0FE43B3F1106F52
S214022150164687B015D120F01F6424F4702484B983
S214022160D1E908234C68240A0BD10E9C00960494ED
S2140221700D9C03940C9CCDE90174E2F7EFFF07B0C7
S214022180F0BD6FF08500FAE73AB1002918BF0023C8
S2140221902121D21A184401F09BB9704738B5037949
S2140221A004460D464BB9636900202B60237E012B43
S2140221B00AD028606FF0960005E0D0E9081200F019
S2140221C0E5FD0028EFD038BD02232376FBE72DE994
S2140221D0F04F9B46002389B08DF81B30159B914625
S2140221E0DDE912A7002B0E460B460CBF4FF4006229
S2140221F04FF4806207A9DDF85080E3F7C5FC044679
S21402220000BB079D304629880DF11B02E3F72AFD25
S2140222100446B8B99DF81B30BB4225D8D5E908124A
S2140222206868000A23D1CDE9033828463346CDE94B
S21402223001BACDF80090E3F7E7F910F1860F0446ED
S21402224000D008B1C8F800703A4621465046D8F881
S2140222500030FFF799FF079800F067FD002C18BFC3
S214022260204609B0BDE8F08F6FF08904EAE76FF008
S2140222708604E7E700232DE9F3414668D0F8148088
S21402228004460F4630461146136000F050FD0546E0
S21402229088B9304600F04DFD054660B9F6B276B90B
S2140222A0B8F1000F05D1A06820F47F4020F00300AB
S2140222B060B16FF08605284602B0BDE8F08101469F
S2140222C0606900F00CFD0028EDD1F2E74FF6F873D6
S2140222D062889A4219D894F80480B8F1000F00D1A7
S2140222E001A83946E3F7ECFE05460028E3D10FCCF9
S2140222F03F683E460FC694E8030086E80300B8F13E
S214022300000FD8D1019B7B61D5E76FF08505D2E738
S21402231041F2052398421AD8B0F5905F09D241F2ED
S214022320010398420CD0B0F5885F09D06FF08500A3
S21402233070472923A0F5905080B2C340DB07F5D53D
S21402234011F0070F0CBF00206FF086007047B0F543
S214022350105FEBD121F04003802B06D0B1F5807FD1
S2140223600CBF00206FF0860070470020704770B5E3
S214022370046A05460E463CB90120FFF740F928627A
S21402238028B120466E6270BD6FF08A00FBE76FF0E0
S2140223908C00F8E7F8B50F46114606461546FFF7D5
S2140223A0E6FF044620B92A463946306A01F098F814
S2140223B02046F8BD2DE9F041089D88461F46048850
S2140223C002B32046FFF7B2FEE0B12B680BB9D3008A
S2140223D02B6020462968FFF79BFF044678B9CE1D7E
S2140223E0B2EBD60F11D1069B9A4211D84146384617
S2140223F001F076F82B68079A0733DB08136020464D
S214022400BDE8F0816FF08504F9E76FF08604F6E721
S2140224106FF08904F3E72DE9F04F476885B03F0A6D
S2140224200446DDE90E9A0D4616469846DDF840B09B
S21402243015D1CDE901ABCDF80090E3F71DF810F108
S214022440860F0ED14346324629462046CDE90FABCB
S214022450CDF8389005B0BDE8F04FFFF7ABBF6FF090
S214022460860005B0BDE8F08F10B50446006A10B1CC
S214022470616AFFF751FE0020C4E9080010BD38B5B6
S2140224800546FFF7F1FF2B7E0446012B0ED0023BDA
S214022490012B0ED8EB69012B18BF6FF09604282289
S2140224A00021284601F014F8204638BDEB69002BBF
S2140224B0F2E76FF09604F2E713B50446C0B101A93D
S2140224C0E3F73EFE044698B9019B1A7E022A12D111
S2140224D003221A761A79FF2A10D01AB1586900F028
S2140224E03AFC0446019800F00BFC002818BF04468C
S2140224F0204602B010BD6FF09604F3E76FF0840436
S214022500F0E773B5054608460C4600F059FB002373
S21402251028461A4601A9E3F737FB50B9019E35460D
S2140225200FCD0FC495E8030084E80300304600F0A0
S214022530FCFB02B070BD70B5144602881D461046FC
S214022540049EFFF7F3FD68B944F2010322F44050FB
S214022550984207D002F44F42B2F5824F02D0B2F54B
S214022560844F0ED1B4420FD82246284600F0B8FF58
S2140225700021321B281900F0ABFF0020059B1C60CF
S21402258070BD6FF08500FBE76FF08900F8E72DE974
S214022590FF4188461F46164622B3002301223B60AF
S2140225A003A9E3F7F1FA044650B9039D6B68D5E92F
S2140225B008121B0A08D0284600F0B7FB6FF0860404
S2140225C0204604B0BDE8F08143462846CDE90067C0
S2140225D0FFF7B1FF0446284600F0A7FB002C08BF11
S2140225E00446EDE76FF08904EAE770B51446028800
S2140225F0049D02F4E040B0F5804F1CD144F2010085
S21402260022F44056864207D002F44F42B2F5824F79
S21402261002D0B2F5844F0ED1AC420FD818462246ED
S21402262000F05EFF00212A1B204400F051FF00202C
S214022630059B1C6070BD6FF08500FBE76FF089009C
S214022640F8E7F0B50F461E46154685B00AB30023D6
S21402265003A91A463360E3F797FA044638B9039893
S21402266003885B0406D400F060FB6FF08604204605
S21402267005B0F0BDCDE900563B46D0E9081200F0A1
S214022680FFFA0446039800F050FB002C08BF0446ED
S214022690EDE76FF08904EAE72DE9F0411F460023D3
S2140226A088B0064688461546CDE905333B60002AC3
S2140226B051D0B2F1005F51D206AA05A9FFF7DAFDA2
S2140226C0044698B90598436AABB105982A464388EA
S2140226D04146079307AB029300F124030193436A32
S2140226E00093036AFFF797FE044688B1059840B345
S2140226F0FFF7C5FE25E073681B0A02D06FF086045A
S214022700F4E72946FFF733FE04460028DDD0EDE75E
S2140227100598079B4288C2B943804FF6F8729342E7
S21402272016D8338813B102889A42E7D1738813B158
S21402273042889A42E2D13946FFF730FD0446002825
S214022740D4D1204608B0BDE8F0819A42D6D1E4E75B
S2140227506FF08504CAE76FF08604F2E76FF085042F
S214022760EFE710B50446006868B106280CD104F1FC
S2140227700800FFF7B3FC00232360A38823F4FF734B
S21402278023F00103A38010BD6FF08600F3E72DE966
S214022790F043984600230C46016885B00546174666
S2140227A0039300293FD100F108094C22484600F065
S2140227B08FFEB8F1000F20463B4614BF4FF48062EE
S2140227C04FF4006203A9E3F7DFF9044668BB039EF1
S2140227D0384631882A1DE3F745FA044628BB6B794A
S2140227E068F300036B717168D6E90823090AB8F129
S2140227F0000F11D001BB314648460097E2F76CFF46
S214022800044690B9062303982B6000F08EFA04461D
S214022810204605B0BDE8F08371B9314648460097B8
S214022820FFF75AFCECE76FF088042846FFF799FF9B
S214022830039800F07AFAEBE76FF08604F5E70123D7
S214022840FFF7A5BF38B50546006898B112B900244F
S214022850204638BD06280AD105F10800E2F76EFFC9
S21402286004460028F3D02846FFF77BFFF0E76FF018
S2140228708604F8E76FF08804EAE72DE9F04105469A
S21402288000680E4617469846C8B16A79D20716D52A
S2140228902A79A2B1BA4215D8062816D105F108003F
S2140228A0E2F79CFF044698B10023C8F800702B712B
S2140228B0A6B92846FFF755FF2046BDE8F0816FF01F
S2140228C08804F1E76FF08904EEE76FF08604EBE721
S2140228D026B92846BDE8F041FFF743BF21463A46EF
S2140228E03046D8F80030FFF74FFC2846FFF739FF8E
S2140228F0002C08BF0446DFE71FB501240394089C9A
S2140229000294079C0194069C0094FFF760FC04B0B6
S21402291010BD036819430CBF0120002070472DE943
S214022920F04707469A46002386B0059307F0FE4313
S214022930B3F1106F0846DDE90E589146109E0BD093
S214022940002D48D12846356000F0EFF96FF0860476
S214022950204606B0BDE8F0873B464FF4804205A904
S214022960E3F712F9044628B175BB3560059800F006
S214022970DCF9EDE705990B8823F0FF03B3F5E24F88
S21402298002D0B3F5E44F0CD14B880733B8EBD30F24
S21402299007D21DBB0846356000F0C7F96FF0890400
S2140229A0D6E753464A463846CDE901860095FFF7F4
S2140229B0C9FB04463DB90598356000F0B6F9002C0F
S2140229C008BF0446C4E760B141462846E3F7BEF8AE
S2140229D0C6F80080CAE76FF08604F5E76FF0890450
S2140229E0F2E7059800F0A1F90446B1E7E3F7AEB8BE
S2140229F008B50088DDE90221FFF798FB20B1BDE8A3
S214022A0008401046E3F7A2B86FF0850008BD2DE92E
S214022A10F04F1E46002389B01746129ACDE90533B9
S214022A201360438881460D46002B00F0C68003885B
S214022A3003F4E043B3F5804F00F0BF8031462846EA
S214022A40FFF767FF002800F0B880484606AA05A9E7
S214022A50FFF710FC0446002840F08280059B5B6A64
S214022A6083B1DDF81490CA46D9F80430D9F820B0FC
S214022A701B0A5AF8248F78D06FF086040598FFF761
S214022A80F3FC6DE0D9F804301A0A62D1B9F800A056
S214022A90B9F802105046FFF749FB80B15046FFF7DF
S214022AA037FC044600285BD10AF4E043B3F5805FA6
S214022AB002D0B3F5005F0AD10731CA0817E02AF040
S214022AC0FF03B3F5E24F37D06FF0850448E00AF40F
S214022AD04F43B3F5844FEFD047F201039A450FD127
S214022AE049080131C90801EBC10101F13B02079215
S214022AF007990598FFF73BFC04460028B1D02FE063
S214022B0044F201039A4503D1C90801F11002EEE727
S214022B1047F202039A4505D1C90801EB410101F1CA
S214022B205A02E4E744F202039A4505D1C90801EBCA
S214022B30410101F14A02DAE72AF0FF00B0F5E24F5E
S214022B40BAD0B0F5824F01BFCC1DE4086400621C07
S214022B50CDE7484607A900F037F804460028C7D054
S214022B600598D8B1FFF78BFC18E0B9F800305B0483
S214022B7018D433463A4629464846CDE9018ACDF866
S214022B8000B0FFF735FF04460598002C7FF476AFB9
S214022B901299FFF703FB04460028E1D1204609B04C
S214022BA0BDE8F08F5346424659464846E2F782FB56
S214022BB010F1860F0446E7D1DBE76FF08604EDE7F7
S214022BC01822002100F084BC028843884068000A6C
S214022BD051D102F4E040B0F5805F02D0B0F5005F5C
S214022BE005D10733DB0840D16FF08500704702F449
S214022BF04F40B0F5844F03D10733DB080AD1F3E721
S214022C0047F20100824208D15B080133DB0803EB7E
S214022C10C3033B3300200B60704744F2010082423C
S214022C2002D1DB081033F5E747F20200824204D1F4
S214022C30DB0803EB43035A33ECE744F2020082421A
S214022C4004D1DB0803EB43034A33E3E722F0FF0237
S214022C50B2F5E24FD0D0B2F5824FC5D10733DB08CA
S214022C605B000133012BD5D1BEE722F0FF02B2F59D
S214022C70824FCFD1F6E700236FF086000B607047D5
S214022C802DE9F34747680446DDE90A9A3F0A0D46EE
S214022C901646984611D1CDE9009AE2F775FB10F177
S214022CA0860F0CD14346324629462046CDE90A9A7B
S214022CB002B0BDE8F047FFF798BC6FF0860002B09E
S214022CC0BDE8F087037E022B06D1C3695A1C03D0E7
S214022CD00133C361002070476FF0960070470346C9
S214022CE06FF040420846591E914207D338B103F1AD
S214022CF0404393428CBF002001207047012070475A
S214022D00034668B1017E8A1E012A0BD80329C269CE
S214022D1003D1012A01D1FFF7B2BB1AB1013ADA6137
S214022D20002070476FF096007047FFF7E9BF00205B
S214022D307047C0B2FF280CBF6FF0860000207047B5
S214022D4007B500216A46FFF758F98C3018BF0120F4
S214022D5003B05DF804FB13B500216A460446FFF78C
S214022D604CF98C3002D1002002B010BD0021204662
S214022D70E2F7C0F8014610B16FF09800F4E76A4631
S214022D802046FFF73AF98C30EDD0F5E72DE9FF4102
S214022D9007461446884600293FD0002A3DD0B2F5A1
S214022DA0005F3DD202F1240631460120FEF727FCE1
S214022DB00546C0B303463A4621464046E3F71EFAA6
S214022DC07F6900243846FFF7BBFF01281FD0214643
S214022DD02B46324638460094E1F7C6FF0146C8B98C
S214022DE0384602AAFFF709F9044620B9029B9E421A
S214022DF005D06FF0980438460021E2F77BF831469A
S214022E002846FFF789F9204604B0BDE8F0816FF046
S214022E108A04F4E76FF09804F1E76FF08604F2E7AD
S214022E206FF08D04EFE76FF08C04ECE7FFF774B9F0
S214022E302DE9F047D0F814A086B08146884617469A
S214022E405046002104AAFFF7D8F8044610BB049E99
S214022E5001203146FEF7D3FB0546002837D021462F
S214022E60504604AA0394FFF7C8F8044670B903ABA9
S214022E7002462146CDE9005350463346E1F7E4FFC9
S214022E80039B04469E4209D06FF0980431462846BA
S214022E90FFF742F9204606B0BDE8F0870028F5D1D4
S214022EA03B46424631462846CDF80090E3F7C4F941
S214022EB004460028EAD1D8F800302BB13B68002B34
S214022EC008BF6FF09104E1E76FF09104DEE76FF060
S214022ED08C04DFE7002070477FB50123ADF806308B
S214022EE00223ADF80C3000234000ADF8040001A820
S214022EF08DF800108DF80120CDF808D00493ADF8B7
S214022F001430E3F7DDF907B05DF804FB00B589B0CD
S214022F108DF807100421ADF80E100DF1070104918B
S214022F2001214000ADF80C0003A8ADF8141006927B
S214022F30ADF81C30E3F7C4F909B05DF804FB10B530
S214022F400446DDF703FB2046DDF734FB2046E3F7B5
S214022F5055FE2046E3F7AAFD10BD01207047FDF797
S214022F60CEBA70477047DDF7B1BA704708B5DDF7DD
S214022F702BFCFEF7F5F8DDF71DFCBDE80840DFF791
S214022F8053B8704708B5DDF7C3FCDDF751FDBDE861
S214022F900840FDF7CCBA08B5FDF7AFFAFFF727F8F9
S214022FA0E2F7FCFFFFF796FFFFF725F8FFF7AFF80B
S214022FB0BDE808400BF085BE08B5E1F7CBF9FEF791
S214022FC069FCE1F7D7F9BDE80840FDF78DBA70470E
S214022FD070477047E3F7F8BD704708B5FEF70AFC7E
S214022FE0E3F734FDFEF730FCE3F746FD0AF0E0FDBA
S214022FF0F8E70020704700B589B08DF80710042165
S214023000ADF80C000120ADF80E100DF10701049189
S214023010ADF814000692ADF81C3022B11BB103A81D
S214023020E3F744FEC0B209B05DF804FB10B58CB0FD
S2140230308DF8071008210446ADF808000120ADF807
S2140230400A100DF107010391ADF810000592ADF8D4
S21402305018307BB9ADF81E00ADF82400ADF81C4060
S21402306008910A93ADF82C3007A8E3F71FFEC0B20A
S2140230700CB010BD002AFBD002A8F6E780B2E1F73A
S21402308065B80FB404B0704770477047704710B504
S214023090C4680078A047003818BF012010BD10B5DC
S2140230A004690078A047003818BF012010BDF7B5A4
S2140230B01D464BBA55FA81F1B1F5807F0446164695
S2140230C0ADF8043011DC076902236D21007801AAED
S2140230D0B84760B92B4632466F2127692078B84731
S2140230E0003818BF012003B0F0BD0220FBE7012024
S2140230F0F9E7F7B51D464BBA55FA81F1B1F5807F6F
S21402310004461646ADF8043011DC076902236D2129
S214023110007801AAB84760B92B4632466F21E768A5
S2140231202078B847003818BF012003B0F0BD02204F
S214023130FBE70120F9E72DE9F043012785B00E46AB
S214023140154698466B21022301AA0446ADF8047080
S214023150FFF7A5FF814628B14FF00108404605B0AB
S214023160BDE8F083C820636998473B46382120466D
S21402317001AA8DF80490FFF792FF0028ECD13B4697
S2140231802321204601AAFFF78AFF0028E4D13B4606
S2140231906B21204601AAFFF782FF0028DCD13B46BE
S2140231A02421204601AAFFF77AFF0028D4D13B4605
S2140231B06A21204601AAFFF772FF0028CCD10C2311
S2140231C06A218DF8043020463B4601AAFFF767FFC6
S2140231D00028C1D10F20636998473B461A21204632
S2140231E001AA8DF80470FFF75AFF0028B4D18DF8B3
S2140231F004003B461921204601AAFFF750FF00288B
S214023200AAD1B8F1000F0CBF0023E0231B218DF8D2
S214023210043020463B4601AAFFF741FF00289BD117
S214023220B8F1000F0CBF1823F8231C218DF80430C8
S2140232302046012301AAFFF732FF00288CD1B8F1FD
S214023240000F02D0C8206369984740236A218DF890
S21402325004302046012301AAFFF721FF00287FF44D
S2140232607BAF782323218DF804302046012301AA60
S214023270FFF715FF074600287FF46EAF322063691A
S214023280984701232321204601AA8DF80470FFF7F0
S21402329006FF00287FF460AF02237221204601AAAF
S2140232A0FFF7F5FE804600287FF456AF0C23BDF8E4
S2140232B0047081467FBABFB2B7FBF3F7C6E90000D7
S2140232C0B060C5E90000A8601FFA89F3BB4273D359
S2140232D034688322E11709040023200441EA1441DA
S2140232E0E6F73EFB3A460023E6F73AFB746883228B
S2140232F0E11709040023306041EA14412004E6F78E
S2140233002FFB3A460023E6F72BFBB4688322E1172D
S21402331009040023706041EA14412004E6F720FB0A
S21402332000233A46E6F71CFBB0602B68D91709045F
S21402333051EA13414FEA034004D540F2FF73C01826
S21402334041F10001C00A002340EA41503A46C91240
S214023350E6F706FB6B682860D917090451EA1341A1
S2140233604FEA034004D540F2FF73C01841F1000152
S214023370C00A002340EA41503A46C912E6F7F0FA7C
S214023380AB686860D917090451EA13414FEA034053
S21402339004D540F2FF73C01841F10001C00A40EAAA
S2140233A041503A460023C912E6F7DAFA002833DD1E
S2140233B0A0F58030A860D1E60C237421204601AA2D
S2140233C0FFF765FE09F1010900287FF4C5AEBDF8D6
S2140233D004002B68C0BA0344BDF806102B606B6865
S2140233E0C9BA0B44BDF808206B60AB68D2BA134466
S2140233F0AB60BDF80A003368C0BA0344BDF80C10CF
S21402340033607368C9BA0B44BDF80E207360B368A4
S214023410D2BA1344B36057E700F58030CAE790F992
S2140234200030002B0CDC0DD190F90130002B0BDCA8
S2140234300CD190F90230002B0ADC0BD00620704724
S214023440002070470420704701207047052070470F
S214023450022070470720704710B1017000207047A5
S2140234600220704730B190F82830012B04D100209A
S21402347011707047022070470320704701390244DA
S21402348010B5904201D1002005E0037811F8014FF3
S214023490A34201D0181B10BD0130F2E7884210B5D6
S2140234A001EB020402D98442234607D8431EA142F6
S2140234B008D011F8012B03F8012FF8E70244014661
S2140234C08A4200D110BD13F8014D02F8014DF7E70C
S2140234D002440346934200D1704703F8011BF9E702
S2140234E00A44431E914200D1704710B511F8014BB1
S2140234F0914203F8014FF9D110BDF7B5044614F412
S214023500004C4FF6FF7608BFFF2620F40040050267
S21402351005F4E065C0F306209E42019145EA0005E7
S21402352004F0380E0846897904D201A800F0BBF9E7
S21402353000271AE0240C24044EF0800EEE1844EA0B
S2140235400E0444EA162436020C31B6B24718344347
S2140235504450391D2944BCF1000F09D021F8023C21
S2140235601146E6F7D3FE0028E2D1384603B0F0BD96
S21402357001F8013CF4E770B504460E4615680A46A3
S2140235800021FFF7A5FF25F40045204621223146FB
S21402359000F0D0F8290A04312046C9B200F053F9E7
S2140235A0A3791C44E56070BD026810B501F0040002
S2140235B022F40044C2F306220021043240F029001D
S2140235C000F0CCFB10B183790344DC6010BD0346E7
S2140235D0002200681A600179E6F798BE10B500214D
S2140235E0FFF7E2FF044608B9002010BD0179E6F7AE
S2140235F08DFE0028F8D1A3790C33E018F5E72DE903
S214023600F04117461A46036801F0040123F400430A
S2140236101C0204F4E064C3F306231C4341F02905AC
S214023620043406463B462146284600F001FC804606
S21402363050B1E1B200F07EF93B462A464146306878
S214023640BDE8F041FFF759BFBDE8F0812DE9F3412F
S214023650002401F004010668074641F029051068B7
S21402366029461460019000F028F9019800F08EF9BE
S21402367026F40046310201F4E061C6F30626314321
S21402368080460122043101A800F0E4FA30B101A814
S21402369000F009F9204602B0BDE8F08143462A460A
S2140236A001993868FFF729FFF5E708B5FCF7ACFB88
S2140236B008B1C3681BB1003818BF012008BD4069B5
S2140236C0F6E72DE9F0478846164658B352B3E6F7B2
S2140236D065FE074640B3B1460025BA469AF806107C
S2140236E09AF807403F68641AE4B2444584BF4446E9
S2140236F0012544B10C31484622465144FFF7F0FEFC
S214023700A144A8EB04085046E6F7A8FE002FE4D131
S21402371065B93246022052F8041B09F051FF2846CA
S214023720BDE8F0872220FBE71B20F9E71E20F7E71B
S2140237307047704738B5054614460A460021FFF71B
S214023740C7FE24F01C046B7944F0100443F0040313
S2140237502C716B7138BD2DE9F74F1F469DF830303E
S2140237608A4680460093002850D0002967D00C680D
S214023770002C66D04FF0000BE679A179761AF6B2E5
S214023780BE4208D30C31394408EB020945462144AF
S214023790F61BC84537E02068A346BF1B002835D075
S2140237A00446E9E7AB19994538BFA9EB0506324648
S2140237B02846FFF795FE009B002B3DD0E279A079C4
S2140237C0F3B237BB1844A071E279A37927689A420C
S2140237D032D1DAF80030A34208BFCAF80070BBF153
S2140237E0000F01D0CBF800702046E6F737FE3C46C5
S2140237F035444CB10027A379E67903F10C01F61A99
S2140238002144F6B24D45CDD3A5EB080003B0BDE882
S214023810F08F121AD2B2F918914209DA0C3020440B
S214023820D21BD21A014438440193FFF737FE019B9C
S214023830E279D31AE371C7E7A3462468D8E70846B5
S214023840E4E72046E2E710B5C4790246C4F1450330
S214023850D8B2884228BF08460444D47110BD38B591
S2140238600546C079C0F14504E4B2944288BFD4B29A
S2140238700C3022462844FFF733FEEB7920462344D9
S214023880EB7138BD1FB503910021009103A9FFF724
S21402389062FF05B05DF804FB13B501240094FFF740
S2140238A05AFF02B010BD38B50446206800B938BDCC
S2140238B00568E6F7D3FD2560F7E7034610B501F085
S2140238C0EC0103B910BD1A7902F013020A431A7109
S2140238D01A1A544254415A7964F300025A711B6808
S2140238E0EFE710B558B1016802685AB1136823B100
S2140238F05C79E40704D5002414600360084610BD12
S2140239000360F1E71346F8E720B1006810B1437987
S214023910DB07FAD57047034658B10020DA79997961
S2140239201B68521A50FA82F01BB15A79D207F5D5A3
S2140239307047704770B50D460446E8B186798E42E8
S21402394003D3751A8571012070BDC27906F145034D
S2140239509B1ADBB299420FD806F10C010144921B66
S214023960A81BD2B20844FFF799FD0023A371E3799E
S2140239701D44AD1BE571E6E70020E5E70346006857
S21402398018B102681A6000230360704703460020DD
S21402399003B97047DA7999791B68521A50FA82F09D
S2140239A0F6E72DE9F84F894614468246FFF7EEFF02
S2140239B005464846FFF7EAFFA542074601D3A0425E
S2140239C008D2BD4208D10024A346A046264647B9DF
S2140239D0384604E02746F6E738D24FF0FF30BDE817
S2140239E0F88F5EB99AF806809AF80760A6EB080682
S2140239F008F10C08D044DAF800A0F6B2BBF1000FCA
S214023A000BD199F8064099F807B0ABEB040B0C34CF
S214023A104C44D9F800905FFA8BFB5E45354628BFCA
S214023A205D46BD4228BF3D4621462A464046FFF730
S214023A3025FD0028D3D1A8442C447F1BEDB2761B6B
S214023A40ABEB0505F6B25FFA85FBC0E70120C6E7D9
S214023A5003680BB9016070471A461B68002BFBD13E
S214023A6011607047036803B10B600160704739B19B
S214023A700B461A461B68002BFBD1036813600160D5
S214023A80704770B5046806460D4644B12046FFF7F7
S214023A907DFFA84211D8236813B9E379A37170BDDC
S214023AA020463360E6F7DAFC3468F4E7ED1A23685A
S214023AB020463360E6F7D2FC3468002DEFD0A279B8
S214023AC0E3799B1ADBB2AB42F0D92A44A271E6E74D
S214023AD0F8B5066805460C4646B13046FFF756FF6F
S214023AE0A0421DD8336813B9F379B371F8BD3046D6
S214023AF02B60E6F7B3FC2E68F4E7064638460768FE
S214023B00002FFAD1C2798379D31ADBB2A34202D943
S214023B10121BC271EAE7E41AE6F7A0FC3EB1376070
S214023B20002CE3D028680028E0D00026E7E72E60C5
S214023B30F6E7F8B504460F46BC4200D1F8BDA179B7
S214023B40E5796D1AEDB2C5F14506B6B20EB924682E
S214023B50F2E749B10C312A46214404F10C00FFF782
S214023B609DFC0023E571A3712368BB42EFD05A790E
S214023B70D207ECD49979DD79A0796D1AEDB2B54207
S214023B8028BF3546E2790C3010440C312A461944D7
S214023B902044FFF7A5FCE379206853FA85F3E37126
S214023BA08379761B53FA85F5C379EDB2AB42B6B28A
S214023BB0857103D103682360E6F750FC002ED3D14B
S214023BC0C5E748B100230279436003608360437906
S214023BD0027143F004034371704700221146E6F770
S214023BE0BDBC38B504460D46FFF7A4FE98B984B1AD
S214023BF02079FFF7F2FF58B163794279C3F34003A5
S214023C0063F3410245235D1B04604271C3718571F3
S214023C1038BD0120EDE72046FAE738B503680446CA
S214023C200D469BB11879FFF7D8FF88B12368427911
S214023C3003605B79C3F3400363F3410245235D1BD4
S214023C404271C37185712060002038BD0120EAE709
S214023C501920FAE738B50C46054640B3006830B37B
S214023C6009B9002038BD4AB9C9B2FFF763FE002879
S214023C70F7D12B689A799871A41A06E0452918D8C4
S214023C80C9B2FFF757FE0028EBD1442C07D8002C08
S214023C90E7D02846E1B2BDE83840FFF7BEBF45216F
S214023CA02846FFF7BAFF0028DCD1453CEDE7222084
S214023CB0D8E72120D6E72DE9F84390F8078090F858
S214023CC006900446A8EB0907FFB2B9420D4602D396
S214023CD00020BDE8F8830079FFF77FFF064600283C
S214023CE0F6D0A17980790C317F1B29440C30BAB208
S214023CF021443044FFF7F4FBF37901203B44F3718F
S214023D00E37999444D442368A5EB0805E5713360D1
S214023D102660DEE7F8B5076806460D463C460023F1
S214023D2005B12CB90BB100221A6034603846F8BDD2
S214023D30E379A2799B1ADBB2AB4207D8E379A27980
S214023D409B1ADBB2ED1A23462468E9E72046E9B25D
S214023D50FFF7B1FF0028F1D10746E7E75318452BD6
S214023D6002DCC9B2E6F7FABB00207047F7B50026B8
S214023D7005460F4601960DB9019C09E00022384619
S214023D801146E6F7EBFB044628B901A8FFF78BFDC0
S214023D90204603B0F0BDAB798371EA79C2716879C7
S214023DA06179D21A60F30001617169796079C1F3B1
S214023DB0400161F34100607103F10C002918D2B290
S214023DC02044FFF78DFB019B03B9019406B13460D2
S214023DD026462D68CFE72DE9F8430D4614460646DB
S214023DE010B319B3DAB1034699461B68002BFBD110
S214023DF02746C8463A4629464046FFF730FDC145A3
S214023E00A7EB0007054418BFC9F8008037B10022A7
S214023E10B1793079E6F7A2FBC14618B9E41B204611
S214023E20BDE8F8838046E5E70446F8E70C46F6E781
S214023E3037B51546C9B200221C46E6F78FFB01903D
S214023E4040B122462946FFF7C6FF844202D901A89E
S214023E50FFF729FD019803B030BDE6F725BD4843BC
S214023E60E6F722BDFDF7ADBB212802D10846E6F7EC
S214023E704BBDE6F799BD512802D10846E6F744BD88
S214023E80E6F792BD4FF0FF3070470020704770474C
S214023E90704700207047002070474FF0FF30704791
S214023EA0112070470020704701207047002070479D
S214023EB0002070470020704770477047704708B56B
S214023EC0E7F7DAF9BDE808403120EBF7FBBD38B575
S214023ED000F12C050446284602F04BFF50B194F838
S214023EE0203013F0180F05D02846BDE838400021D0
S214023EF002F050BFA06A38BD38B504462C3002F036
S214023F0038FF94F8213001288CBF43F0080303F0F1
S214023F10F70384F821302046FFF7D9FF054603F061
S214023F2033F894F82030228CC3F38001C3F34003A5
S214023F309B0043EAC10394F8211042F40052C1F3F5
S214023F40C00143EA0113017842F0080201F023019E
S214023F500B430370437803B122842846BDE83840F9
S214023F6003F017B82DE9F04790F823300646012BE8
S214023F700C4602D90020BDE8F08790F8203003F006
S214023F80010369B993B996F8213013F00C0F4CD19E
S214023F9096F82030DA0744D5631E58425841EAE7BD
S214023FA0012903D113B1E7F7F9F9ECE73046357E7C
S214023FB0FFF78DFF02F0E8FF0778417817F0200739
S214023FC00CBF02310331284618BFA02702F0F9FEC3
S214023FD096F821308146590754BF022196F82410DC
S214023FE005F1FF3348BF0231012B9CBF013189B274
S214023FF0284694BF4FF0A0084FF0000802F0E1FEFA
S2140240008246F568E7F7CAF9A5F59673A3EB0903A6
S214024010DB1BA3EB0A03A3EB08031B1A002BB2DC81
S214024020A8E7B4FA84F04009A5E70120A3E75328DD
S214024030F8B50C4615D009D8232800F0EA80512896
S21402404000F0C880BDE8F840FFF739BF5628F9D11E
S21402405091F82030DA075CBF23F0100381F8203095
S214024060F0E7E6F7A7FF054600220221EBF75AFC27
S214024070AB680646D80735D494F82330013384F863
S214024080233094F82630013384F8263000260121A6
S2140240902046FFF767FF0746C0B194F82030D807DE
S2140240A040F1818094F8213059077CD404F12C0029
S2140240B002F05FFE012894BF00230123580094F803
S2140240C02210E6F7DFFE2046FFF716FF2846E6F741
S2140240D0AFFF032E69D1284602F089FE2B7B84F8B7
S2140240E0273064E0002394F8212084F8233042F03D
S2140240F0100384F82130317894F82030C1F380011F
S214024100C3F38000814218D083F0040343F0100109
S21402411084F8201042F05002090784F821200CD5BA
S21402412023F0080343F0100304F12C0084F8203037
S21402413002F037FE3320EBF7C5FC327894F82030D5
S214024140C2F3C001C3F34003994228D194F8213048
S214024150D2064CBF43F0040303F0FB0384F821307D
S2140241607378B3B994F8203083F0020384F82030D1
S214024170327897078AD072789AB143F0200384F88F
S214024180203094F82130032643F0200384F82130AF
S2140241907DE72846E6F72EFE0028E3D176E70126DD
S2140241A075E7022673E7022089E7002E96D194F877
S2140241B02130DA070AD494F8202043F00103D60708
S2140241C048BF6A6884F8213048BF2260002F3FF457
S2140241D039AFF8BD91F82030084623F0300381F855
S2140241E0203091F8213043F0020381F82130FFF7A6
S2140241F06EFE02F0C9FE00212046FFF7B3FE00283D
S2140242003FF420AF94F822100120BDE8F840E6F70C
S2140242104FBE91F82030DD06DBD518070BD4656853
S214024220E7F7BCF82D1AB5F57A7FD2DB2046BDE853
S214024230F840FFF761BE91F821301907EFD504F177
S2140242402C0002F096FD0128E9D9C2E7EBF7DEBEA4
S2140242500A2802D80130C0B27047242801D802309A
S214024260F9E7252805D0262805D0272818BFFF20DD
S2140242707047002070470C20704708B5EBF7CCFE5D
S21402428020B1BDE808402020E7F780BA08BD704795
S2140242907047704770478B69184700207047704711
S2140242A070470020704770477047704770477047E6
S2140242B070477047F5F7AABAF5F7B0BAF5F7C8BA75
S2140242C0DFF75ABA704708B5E6F748FD18B1BDE8F9
S2140242D00840E7F767BA08BD2DE9F8430E6A0546B7
S2140242E00C461EB106600020BDE8F883088B4B8B97
S2140242F01844E6F797FC286090B32046E6F798FE47
S214024300D5F800800A2198F806704046FFF79BFA17
S2140243100C37A37B08EB070989F80730637B314625
S21402432089F80630628B238B20461344A9F808309E
S214024330237B4FF6FF7289F80530636848F807302A
S2140243402B68E6F7A7FE238B628B1344984201D1B3
S2140243502660C8E72B681BB12846FFF7A4FA2E6032
S2140243601920C1E710461946704737B50C46054670
S2140243700DF1060101A8E7F7BDFA43F6FF739C426A
S2140243800DD047F6FF739C4209D0BDF904309C421B
S214024390B8BF1C46BDF906309C42A8BF1C46AC817D
S2140243A003B030BD7047704770470020704708461C
S2140243B0896BE9F735BE0020704710B5044609B18F
S2140243C0012010BD406C80B9A06C98B9B4F850308A
S2140243D09B07F5D12046E9F795FBE8F739F900285F
S2140243E0EFD0C079C0F34010EBE702F0CAFF002816
S2140243F0EAD0E5E7FFF7DFFF0028E7D0E0E710B5F1
S2140244000446FFF7DAFF002814BF18200020B4F88D
S2140244105030990658BF40F001005A0648BF40F097
S21402442040005B0748BF40F0020010BD38B50C469E
S21402443000210546FFF7C1FFD0B9E00615D504F006
S214024440180095F87430012B11D12B6AB5F850205C
S214024450190444BF02F04001084312F0230F06D1AC
S2140244605B0448BF40F0010001E004F05B0038BD89
S2140244701820E6E770470020704770470020704714
S21402448000207047704770472DE9F04705460F46F3
S214024490114691469A46FFF7B2FF95F88460804629
S2140244A0042E04D195F88E30032B18BF032695F8F8
S2140244B07440042C04D195F86930032B18BF0324EA
S2140244C041462846FFF7B2FF0021E7F7FDFEC11C72
S2140244D0204602F05DFE4FF4FA737C1E5C43A5F89C
S2140244E0520018F0100F80B207FB00440BD0B5F84C
S2140244F0503004F5487703F00303012B06D0022B55
S2140245001BD083B13C462046BDE8F08724213046C6
S21402451002F03EFE10210546304602F039FE04F552
S2140245208A672F4407444846FFF730FA3146024668
S214024530404600F0D6F93C18E5E70E21304602F078
S21402454027FE05465046FFF721FA31460246404608
S21402455000F0C7F904F58A642C440444D3E7032820
S21402456010B50C460DD004D8012810D0022813D05E
S21402457010BD552818D05628FAD10B7D23F0080313
S2140245800B752046BDE810400021E7F7E5BA08465D
S214024590BDE81040E7F7FCBCE9F7D4F98442E7D15E
S2140245A0BDE81040E6F768BE0846BDE81040E7F7EB
S2140245B0CDBC51280B4603D101211846E7F7CCBAE9
S2140245C0FFF7CDBF512802D10846E7F7BFBCFFF779
S2140245D0C6BF532810B50C4617D008D8322814D0B8
S2140245E051280CD02146BDE81040FFF7B8BF552829
S2140245F0F8D12046BDE810400121E7F7ADBA012008
S214024600BDE81040497DE6F753BC2046E7F72AFD91
S21402461010B1E6F731FEECE710BD70B504460AF0BD
S21402462007FA002106462046E9F7B4FB054628B9F4
S214024630002430460AF0F7F9204670BD406C30B9C7
S214024640A86C0028F4D0FFF7B6FE0446F1E702F0A5
S21402465098FE04460028ECD1F2E790F88430022B4C
S21402466007D8B0F8503013F0030F0CBF00200C2010
S21402467070470C20704708B500F035FDBDE80840CD
S2140246804FF480500021EBF73DBB83790C33C21800
S214024690937813F03F0004D0D378194214BF012058
S2140246A00020704773B54FF440758DF80710817976
S2140246B0C580002507260C314552455C441866F332
S2140246C00305455402F001019207A27848BF41F063
S2140246D0020161F38712A2709DF8072002B92BB17E
S2140246E001220DF10701FFF7BAF80123A27863F35E
S2140246F00502A27002B070BD70B50D4602210446D6
S214024700FFF7C3FF00B3A07900F10C02A35CA11867
S2140247106FF3C713A354E379D5F862601B1AD8B2B5
S2140247200E5051FA83F3B5F86610204699802B6A2C
S214024730062113F00C0F1EBFA35C43F08003A354A4
S214024740BDE87040FFF77FB870BD38B50D4604214E
S2140247500446FFF79AFF30B12046A91D0122BDE8A4
S2140247603840FFF77CB838BDF7B504460F46164604
S2140247701D460DF10701013301228DF80730FFF7C0
S2140247802AFB0DF10701012220468DF80770FFF77C
S21402479022FB2A463146204603B0BDE8F040FFF72A
S2140247A01ABBF0B5054614889C4208D228194778E9
S2140247B02E5D8F4205D1013434449C4205DD002033
S2140247C004E001363444A4B2EEE71480F0BD37B5F7
S2140247D00D4604210446FFF758FF78B140F2FF2346
S2140247E0ADF8003000238DF80230AB886A46ADF88B
S2140247F00330FF2105232046FFF7B6FF03B030BD86
S21402480038B50D4608210446FFF73FFF38B120466B
S21402481005F18C010222BDE83840FFF720B838BD0A
S2140248202021FFF732BF37B50C4640210546FFF779
S2140248302CFF50B10A2394FBF3F4012228460DF113
S21402484007018DF80740FFF70AF803B030BD10B530
S2140248508479C37904F10C021B1B02390244D8B2D4
S21402486051FA83F353709378033860F30503937019
S21402487010BDF7B583790E460C33C418237B174652
S2140248809B0602D1002003B0F0BD2546012115F893
S2140248900D0FE7F719FD0138ADF80600237BFF215F
S2140248A0284603F03F030DF10602FFF77AFF0028C1
S2140248B0E8D00378BB42E5D140F2FF2342889A4211
S2140248C0ECD10379B342E9D10230DCE710B5062217
S2140248D00C460021FFF7CDFF10B1B0F8033023805D
S2140248E010BD70B505460E4600F06B00002114465A
S2140248F0E7F7EAFC54FA80F4FF2C05D82146304646
S214024900BDE8704002F044BCFF21304602F040FC95
S21402491005F04005FC3D00F5487061190446FF2984
S21402492004EB000304D8304602F032FC204470BD8B
S2140249301C462944F3E708B50231C0B202F028FC4F
S21402494000F5FA7008BD37B50246136A084603F04A
S214024950020403F48055DB0705D47CB902F09DFA05
S214024960204603B030BD4CB9B5FA85F4D2F85B10D8
S21402497064090160B2F85F208280F1E7019092F943
S2140249805A30B5FA85F4009300231A46194618469B
S214024990FFF786FA6409E3E770B50E46012104467E
S2140249A0FFF773FEA0B1A279E37902F10C059B1A18
S2140249B0611951FA83F13046FFF7C5FF635D0621A0
S2140249C060F3861363552046BDE87040FEF73BBF92
S2140249D070BD2DE9F04F064685B015469DF8382085
S2140249E08B4603929A469DF83C40FFF7EAF803216D
S2140249F096F80680039A08F10C0806EB080707F1FA
S214024A000309F970381D82B9BCB902F046FA07F1FB
S214024A100A03BBF1000F15D1ADB9DAF80020C7F8CA
S214024A200A20BAF804209A801AE034B9109B33B1EF
S214024A301B687B60109B9B8883800124E7E702F05B
S214024A403CFAFAE775B30393FFF71CFA039B0021BF
S214024A50CDE90003012308461A46FFF721FA01258D
S214024A6007F11001A1EB090101F03F021146531CA8
S214024A707B7016F80830A40103F00F0344EAC5144D
S214024A801C4306F808403046BA700331FEF7DBFED8
S214024A90082216F8083062F3030306F8083005B059
S214024AA0BDE8F08F0125B8E7CB08C25C012301F010
S214024AB007018B401A4214BF01200020704770473E
S214024AC07047024619460020E6F7BCBF0020704732
S214024AD00020704707B500214FF0FF336A460846AC
S214024AE000938DF80430E7F7B1FC03B05DF804FBE1
S214024AF038B50546006808F025FE0446287900F019
S214024B001F0008F01FFE2044C0B2012894BF0020F8
S214024B10012038BD0020704770470020704770475C
S214024B2070470020704700207047704770477047F4
S214024B3070470020704700207047704707B501A8ED
S214024B400191FEF7B0FE002003B05DF804FB70474B
S214024B5070470020704708B5EBF756F910F4201F8F
S214024B600ED1E6F739FC40B14FF420100021EBF7E6
S214024B70C9F8BDE80840E7F707BD4FF40020F5E79F
S214024B80002008BD08B5FFF7E6FF18B1FFF7E3FF00
S214024B9040F4805008BD08B570B1EBF735F910F453
S214024BA0500F01D1112008BDEBF790FA0028FAD178
S214024BB0BDE80840EBF7A6BAEBF726F910F4201F7B
S214024BC0F6D1EFE7E8F752BA07B500228DF80420CF
S214024BD04279034692070CD58179C279521AD2B22B
S214024BE0012A06D10B441B7B1B2B02D101A900F024
S214024BF0CBFD9DF8040003B05DF804FB022801D843
S214024C0028B970470338012807D90020704708786A
S214024C1010F02000FAD0881C7047887810F03F0009
S214024C20F4D0CB7813F00400F0D013F0010F0CBFD1
S214024C30012007209B0748BF063003300844704710
S214024C4070B5044600680D46164608B1E7F7F8FD4B
S214024C5031462846E7F79EFD002820600CBF072055
S214024C60002070BD38B50C46054640B10068E7F72F
S214024C70E7FD0022AB7A2A6062F30413AB724CB1F2
S214024C802068E7F7DDFD0023E279236063F345122F
S214024C90E271A38038BD0238122804D8032934BF33
S214024CA00020122070471220704710B5044650B1FB
S214024CB000F0D9FE022814D8204601F0DCFD0228B6
S214024CC011D8002010BD31B1084602F05FFB022861
S214024CD0F7D90C20F6E7002AF3D0104600F00AFFB8
S214024CE0F5E72A20EEE71E20ECE738B183790C338D
S214024CF01844837803300B70106070470346FAE757
S214024D0000207047704708B501F0ABFB08BD0020D5
S214024D1070470020704770477047112070477047F1
S214024D20704708B501F0ECFB08BD002070477047DD
S214024D3010B5DC1D043383734379C47123F0030377
S214024D4043F003030E244371012344738371C37338
S214024D500182827410BDD31CC371FF23437343794F
S214024D60827323F0030343F0030343710123C173E9
S214024D7083717047D31CC3713E2343734379827396
S214024D8023F0030343F0030343710123C1738371CA
S214024D9070470F234373042383734379A0F81110DB
S214024DA023F0030343F00303437140F20173C3800D
S214024DB00123C27303747047D31CC37143794173D2
S214024DC023F0030343F003034371012382738371C9
S214024DD0704708B50023FFF7ABFFBDE80840E7F7CA
S214024DE047BD2DE9F3418846162117461E46099D02
S214024DF00190FEF728FD162805D001A8FEF753FD00
S214024E0002B0BDE8F0813E220198294644798379B2
S214024E1024F003040C3344F003044471C418C2544F
S214024E2014236370002308A81A46FFF730F82423D9
S214024E30A3709DF8203084F80380E3719DF8283033
S214024E40A780A373BDF82C30A671A4F80F309DF886
S214024E503030019863749DF83430A3749DF838306E
S214024E60E3749DF83C3023759DF8403063752B68DB
S214024E70A360AB88A381E7F7FBFCC1E72DE9F3410A
S214024E8088461A2117461E460B9D0190FEF7DBFC4C
S214024E901A2805D001A8FEF706FD02B0BDE8F0818B
S214024EA0019818224479EC2124F0030444F0030408
S214024EB04471FFF750FF019C0AA8A37929460C33D8
S214024EC01C4400231A46FEF7E2FF9DF8203084F8C1
S214024ED0038023819DF82430A780A3729DF8283092
S214024EE0E680E3729DF830300198A374BDF8343042
S214024EF0A4F813309DF8383063759DF83C30A375DE
S214024F009DF84030E3759DF8443023769DF848308E
S214024F1063762B68E360AB882382E7F7A9FCBCE7DD
S214024F2038B504460D4603221021FFF723FF837986
S214024F301C44A4F80F50BDE83840E7F799BC10B5FA
S214024F400446FEF723FD3E21A379C0B20C33E218D5
S214024F50E154831E537025230D3810739370204638
S214024F60BDE81040E7F784BC2DE9F84380460220EE
S214024F70894617461E46FEF730FED0B10C23437311
S214024F800823837340F601334579C38025F0030571
S214024F909DF8203045F003054571A0F8108080F892
S214024FA01290A0F81370A0F81560C373E7F760FCC0
S214024FB00120BDE8F88308B50220FEF70EFE30B1E8
S214024FC001221121FFF7D6FEE7F752FC012008BDA9
S214024FD0F8B504460F46164613211D460922FFF76A
S214024FE0C9FE83790C331C44A170E77026712B68C6
S214024FF0C4F80530AB88A4F80930BDE8F840E7F7F6
S21402500037BC70B5054602200E46FEF7E6FD04469E
S214025010B0B12846E9F728FB01F09BF9142100F00D
S21402502001000422A0602046FFF7A4FEA3790C33F9
S21402503023449970A3F803505E71E7F719FC012028
S21402504070BD08B507F0D7FC08BD2DE9F04107464C
S21402505002200D4690461E46FEF7BFFD0446E0B10E
S21402506009222121FFF786FE0A2283790C331C448B
S214025070BDF9183084F8038093FBF2F323729DF88F
S2140250801C30A7806372BDF92030A67193FBF2F341
S214025090E571A372E7F7ECFB0120BDE8F08137B5B6
S2140250A00446FEF773FCFF22A379C0B20C33E51860
S2140250B0E254831E6B700D23AB70AB791C38012B48
S2140250C0E8768DF8073009D10023E91D1A460DF15E
S2140250D00700FEF7DCFE9DF80730AB712046E7F7C7
S2140250E0C7FB03B030BD704710B5E7F7FBFB83790B
S2140250F000210C33C418E078E8F74CFE68B1211D95
S21402510000F059FF0446E7F7F3FBE2B20023BDE8DE
S214025110104042F23501FFF70BBE41F24204F2E7BD
S2140251202DE9F041E7F7DEFB837900250C33C4183E
S214025130E678E7F7D7FB0768E7F7D4FBA6F1FE03A6
S2140251405942594105603046E8F724FE3B46294657
S214025150227900F083FE0446E7F7CAFB2B46E2B24A
S21402516042F23701BDE8F041FFF7E2BD2DE9F0411A
S214025170E7F7B8FB837900250C33C418E678E7F71F
S214025180B1FB0768E7F7AEFBA6F1FE0359425941A9
S21402519005603046E8F7FEFD3B462279012100F025
S2140251A05DFE0446E7F7A4FB2B46E2B242F2380164
S2140251B0BDE8F041FFF7BCBD2DE9F047E7F792FBEB
S2140251C083790C33C418277994F8038027B9B8F189
S2140251D0010F27D0E8F780FD00260534BE420ADB21
S2140251E00025E7F785FBEAB20023BDE8F04742F266
S2140251F03901FFF79DBD2078B4F80150A0F1FE03F7
S2140252005942594194F803900434E8F7C3FD60B15B
S2140252102A464B464146E8F797FC05460028E0D169
S2140252200136DBE741F21205DBE741F24205D8E739
S21402523010B5E7F757FB837900210C33C418E078E2
S214025240E8F7A8FD616800F0CFFE0446E7F750FBDA
S214025250E2B20023BDE810404FF61941FFF768BDE1
S21402526010B5E7F73FFB837900210C33C418E078CA
S214025270E8F790FD616800F0D0FE0446E7F738FBD9
S214025280E2B20023BDE810404FF61A41FFF750BDC8
S214025290FE282DE9F8430646894690461F4616D054
S2140252A00220FEF79AFC044690B106221221FFF76E
S2140252B061FD1223A57920460C352544AB7085F88E
S2140252C003902E71A5F80580EF71E7F7D1FA012059
S2140252D0BDE8F883F8B5074602200E461546FEF7E7
S2140252E07CFC044668B10822FF21FFF734FDA3794F
S2140252F020460C332344DF705E601D81E7F7B8FA60
S2140253000120F8BD38B5044655002A46FEF763FD6F
S214025310A3790C331C4463782B4463702B1A5842CF
S214025320584138BDF8B51C46DDE90665431C0F46F4
S21402533004D00138012801D91220F8BD791C0AD1FF
S214025340631C0FD195B1731E4A2BF5D8332EB4BF0A
S21402535000201120F1E7D1B2F8B2FFF79CFC00283A
S214025360EED0EAE7013C0F2CECD9E5E72846E4E765
S21402537070472DE9F041E7F7B5FA85790446002033
S214025380FFF709FC064648B1E7F7B2FA00233246B1
S214025390BDE8F04142F25501FFF7CABC0C352C4479
S2140253A0B4F80300E9F760F9054620B9E7F7A0FA72
S2140253B02B460222ECE7B4F80300C0B2E7F730F956
S2140253C0C379054613F0400704D0E7F791FA33464F
S2140253D00C22DDE7637913F0060F0BD0A1794B1E82
S2140253E04A2B10D8322914D8E21DFFF729FC0646AC
S2140253F00028C9D163795A1E062A0CD9E7F778FA2B
S21402540000231222C4E71224E7F772FA0023224688
S214025410BEE71124F8E7AB71E7F76AFA00231A46EB
S214025420B6E72DE9F041E7F75DFA83790C33C41845
S214025430B4F80300E9F718F9054648B9E7F758FA49
S2140254402B460222BDE8F04142F25701FFF770BC3C
S214025450B4F80300C0B2E7F7E3F88779064627B93F
S214025460E7F746FA00230C22ECE7637933B1002211
S21402547028461146FFF719FC0028F1D16079F37926
S214025480002814BF0122002262F3861362F345133A
S214025490F37102D13146FFF7E5FBE7F729FA00235D
S2140254A01A46CFE7F7B5E7F71DFA857904460020D6
S2140254B0FFF771FB064620B1E7F71AFA00233246D9
S2140254C00BE00C352C440146E078E8F763FC07460F
S2140254D050B9E7F70DFA3B4642224FF6154103B0A4
S2140254E0BDE8F040FFF724BCE8F70CFBE7F7B0F89E
S2140254F02379054653B33846FFF7AFF8074620B17F
S214025500E7F7F6F933463A46E7E7A279002A2FD0BC
S21402551004F10900E37961790190207A00904FF056
S214025520FF30FFF7FFFE06460028C5D12846217A3F
S21402553004F10902FFF784FB07460028E0D16379ED
S214025540A27903F01F0343EA8213AB712079EB7949
S214025550002814BF0122002262F34513EB7102D128
S2140255602946FFF77FFBE7F7C3F900231A46B4E79D
S2140255701046CFE770B5054602200E46FEF72DFB15
S214025580044660B104221721FFF7F4FBA3792046F4
S2140255900C332344DE709D80E7F76AF9012070BD64
S2140255A000F0A5BA704738B50446FFF78FFA0546ED
S2140255B058B9C820E6F7B8F9C82202212846E6F705
S2140255C041FA8442A8BF044624B22046E6F7ACF964
S2140255D0FFF77CFABDE83840C8220221E6F732BA65
S2140255E0B0F90020B1F900302DE9F3479A4204469B
S2140255F00D464CDC09F01CFA8046E9F78BFA0028C7
S21402560042D1E6F733FA8246FFF760FAC822022151
S214025610E6F718FA0DF10601814601A8E6F76AF9DF
S21402562047F6FF73B5F900209A4204BFBDF806207C
S2140256302A80B4F900209A4204BFBDF804302380C1
S214025640B5F90000FFF7AFFFB4F900300746834212
S214025650C8BF2080B4F90000E6F7B4F9FFF757FB9D
S214025660064660B15046E6F7ADF94846E6F75CF9FD
S214025670404609F0D8F9304602B0BDE8F087E6F7B2
S214025680F5F920802F80F3E741F20C06F0E7212699
S214025690F1E7032938B5044608D004291DD00129AC
S2140256A019D1222100F094FE002038BD157912216E
S2140256B0204601F09DF82046E8F7EAFF294680B228
S2140256C0FFF758FF2146012002F0A0FB4FF40051DD
S2140256D0204600F04AFE0120E7E71A25E7E7F8B57C
S2140256E08B7905460C33CE5C0C461A2E01EB03076B
S2140256F003D01B2E38D00020F8BDE8F7C9FFC0B291
S214025700E6F78EFFC3795A0607D41A2320222146CB
S2140257102846EBF7EFFC0120EEE77A7883799109C9
S214025720CB40DB07F1D502F03F00FFF7B4FA0246A2
S2140257300028EAD101462846FFF7B7FA024608B122
S2140257403346E4E71B2120467E7802F0A4FA204680
S214025750EBF7BEFCA37906F0DF0623442146284673
S214025760DE7202F096FAD6E70846E4F777FE294696
S214025770012002F04BFB28464FF4005100F0F5FDE5
S2140257802846E7F773FCC6E783791844C37A0B709A
S214025790704708B5E8F77CFFC0B2E6F735FF20B1E0
S2140257A0837A9B0601D5808808BD4FF0FF30FBE761
S2140257B030B190FAA0F00123B0FA80F08340D8B25C
S2140257C0704770B5064600F0CAFD80F04004020637
S2140257D00546C4F3801406D40821304601F051FA77
S2140257E008B144F00204EB0506D40B21304601F062
S2140257F048FA08B144F00404204670BD4B1E032B41
S21402580010B50C4602D90023184610BD0329FAD05B
S214025810FFF7D7FF04EA00038443F4D1F4E72DE947
S214025820F743044688461746019300F098FDC0F3F6
S2140258304015204601F01CF821468146284600F015
S2140258407FFD064607B32046E8F722FF804620463D
S21402585001F011F83A460146019B1FFA88F0E7F775
S21402586077FB2146284602F0A1FA2021204600F0C6
S2140258707CFD56E8003F43F4805346E80032002A97
S214025880F7D103B0BDE8F08301A8FEF70CF899F84B
S2140258900110404601F00F0101F087FA062818BFF2
S2140258A001462A4608BF0021204600F07CFFD8E7C2
S2140258B0032970B506460D4614460CD0042919D0A5
S2140258C0012915D1222100F083FD2846314602F037
S2140258D09DFA002070BD136812791B680021FFF73D
S2140258E09EFF00222368314601201A6002F08EFADB
S2140258F00120EFE713680C221B68EFE7012910B5B9
S21402590004460CD100F02BFD2146C0F3401000F0F7
S21402591017FD0023817C1A462046FFF780FF0120F0
S21402592010BD2DE9F7430F46054600F018FD00F0BE
S2140259302009C0F34018284600F09AFFBB790C33C2
S2140259403B445E789B781E400378C3F3030000EA6C
S21402595013103040FFF72CFF044648B9B9F1000F88
S21402596006D12846FFF72DFF3040FFF721FF0446F9
S214025970284600F080FFE9F785FFA04223D01CB33B
S2140259800221284600F027FD00210646284600F0A0
S214025990EBFD1821384602F07EF93846EBF798FB05
S2140259A0B6B2394644708470A0F80360284602F006
S2140259B070F923462246294640460096E7F7BAFB88
S2140259C003B0BDE8F08300242646E2E770B504463D
S2140259D00D4602F04BFA28B929462046BDE870402B
S2140259E0FFF79FBF402829462046BDE870404FF08B
S2140259F0160314BF2A222322EBF77CBB38B50546D2
S214025A000C4600F0ACFC830604D42046BDE83840C1
S214025A10E4F724BD21462846BDE83840FFF781BF9B
S214025A202DE9F3418C7906460C340C440D4600F001
S214025A3096FCA17807463046FFF7E0FE617880467E
S214025A403046FFF7DBFEB4F8032003460092C7F3A6
S214025A50401042463146E7F76DFB284602B0BDE8E5
S214025A60F041E4F7FBBC38B501460546002000F0DD
S214025A7067FC29460446002002F0F1F940280DD0C2
S214025A802368DB040AD42946012000F059FC294683
S214025A900446012002F0E3F9402801D1A07C38BD7B
S214025AA0206810F48050FAD0F8E708B58B790B44DA
S214025AB01B7B162B03D0172B05D0002008BDFFF743
S214025AC085FF0120FAE7FFF799FFFAE708B58B7919
S214025AD00B441B7B162B03D0182B05D0002008BDC9
S214025AE0E7F752FB0120FAE7FFF79AFFFAE770475B
S214025AF00020704790F83C00704770B504460028B6
S214025B0036D008F095FF0646206998B1836A2BB115
S214025B102830FDF7C8FE002223699A622069436A8C
S214025B202BB12430FDF7BFFE002223695A62002201
S214025B3023691A620025E068256110B1FEF792F922
S214025B40E560A369257223B104F11800FDF7ABFEE8
S214025B50A561E06918B1E9F749F80023E361236813
S214025B60304623F002032360BDE8704008F05BBFB6
S214025B7070BDC0F3845303EB830300EB830080B253
S214025B807047F8B500231360047D05468068FFF76A
S214025B90F0FF14F00807034602D00B446B6004E0E3
S214025BA06E68701AB0EB030C01D40120F8BD14F035
S214025BB0010009D1D5E90374E41B14EB0C0FF5D4EC
S214025BC00B449E1B1660E9E73846EFE710B504461D
S214025BD0E7F70AFD6168E069E7F790FDBDE8104067
S214025BE001F098B938B50C46C94301F001010546E3
S214025BF0E7F7C4FDA30702D4E869E7F7A9FDBDE805
S214025C00384001F087B910B50446E7F7B7FD2046DD
S214025C10E7F7EAFCBDE8104001F07CB9007D00F031
S214025C200100704701F05AB9FFF7DABC431E032B96
S214025C3006D8DFE803F002040204032070470420BB
S214025C407047FFF750BAE8F74FBA2DE9F04F85B024
S214025C5016461D4682699DF8603004469DF83870E7
S214025C60DDF840809DF848B09DF850909DF858A009
S214025C7001910293002A40F0EE8005F01C021C2AD5
S214025C8004BF06260196E80600F19C8005F0030292
S214025C90032A08BF05F0FD0505F0F70505F0140216
S214025CA0142A40F09380A90600F19E80BDF94C109C
S214025CB09DF86400A4F85410FFF7B8FF19F0020F1D
S214025CC084F8690040F0938019F0040F00F0918088
S214025CD000F0FD00012814BF0323042384F8743067
S214025CE09DF868000393FFF7A1FF1AF0020F039BCB
S214025CF084F88E007FD11AF0040F7ED000F0FD00EB
S214025D00012814BF0322042284F8842000200A46B5
S214025D101946E5F797FE014604F16C00FEF725FBEF
S214025D2047F6FF7104F17C00FEF71FFB94F884101F
S214025D30606C01F02EFBFF22236A84F85A20029A36
S214025D4023F09F03236212B143F01003236205F08F
S214025D501803182B02BF236A43F080032362236AC8
S214025D606A0723F0600323620CD41BF0010F1CBFEA
S214025D7043F020032362236A1BF0020F1CBF43F08A
S214025D8040032362236AA4F8505023F007032362D9
S214025D9004F16202B8F1000F31D0D8F80010C4F84E
S214025DA06210B8F8041091809DF83C20012A02D1B6
S214025DB043F004032362012F26D1236A43F0010332
S214025DC023622EE04FF0010AD14667E70022204602
S214025DD0A16AE8F7D5F940F27122724390427FF643
S214025DE062AF41F2450033E005F0FC055EE70223B0
S214025DF074E7012372E7022286E7012284E7C4F8E9
S214025E006280A2F80480D6E7032F07D1236A43F004
S214025E1001032362236A43F00203D1E7023F012F04
S214025E20F8D9FEF713FA9DF85C30C0F30B0040EA8F
S214025E300330019BA4F88C00A4F84C309DF8443043
S214025E402046A4F84E6084F8583000F06DF9002021
S214025E5005B0BDE8F08F41F20C00F9E72DE9F341F9
S214025E60884617460446019338B901A8FDF71BFD7C
S214025E7041F2420002B0BDE8F081012922D0022997
S214025E8011D091B98369D3B900F128054FF4007691
S214025E90B4F85030D9061FD55A0728D501A8FDF701
S214025EA002FD0020E6E7406C28B901A8FDF7FBFCDE
S214025EB041F20C00DEE7194601F08EFADAE700F14D
S214025EC03005E3E7836923B900F12C054FF48066B9
S214025ED0DEE700F13405F9E79B0708D5B8F1000FB5
S214025EE005D101A8FDF7DFFC41F21200C2E7236AE2
S214025EF0F80723EA0603236202D52846FDF7D3FCF9
S214025F00019921B12846FDF7A3FD002301932868D5
S214025F10FDF73CFDB4F85030D90605D51F2801DC44
S214025F20032F18D02846DDE740F27262904205DD64
S214025F302846FDF7B8FC41F207009BE7B8F1000FD0
S214025F4009D1BF2807DD9A0705D02846FDF7ABFC26
S214025F5041F245008EE72046D4E90C12E8F710F924
S214025F60A36983B140F27122B4F84C30534398428D
S214025F7009D9B4F84E308342E7D300F51C70B0FB63
S214025F80F2F0A4F84C0008F053FDA369054673B17D
S214025F90BB070CD5236A334323626368C3F57A765C
S214025FA0E5F7FCF9F04202D52046E7F7D1FC284691
S214025FB008F039FD75E783693BB1B0F85030DB076E
S214025FC00FD490F85930FE2B0BD0036A43F40053DB
S214025FD003620B68C0F85B308B88A0F85F30002045
S214025FE0704741F20C007047A0B1CB0742BF036A6C
S214025FF043F4805303628A0742BF036A43F4804332
S21402600003624B0701D400207047036A43F400433F
S2140260100362F8E741F242007047A0B1CB0742BFE5
S214026020036A23F4805303628A0742BF036A23F497
S214026030804303624B0701D400207047036A23F4AF
S21402604000430362F8E741F24200704738B504465F
S21402605008300D46EAF714FFE7F774FC844202D1D3
S2140260602220E9F72FFD85F0010100252046FFF7E3
S214026070B9FDE06BA56110B1E8F7B8FDE56304F180
S2140260804000BDE83840FDF70EBC70B590F85930B8
S2140260900446FE2B09D15B3000F00FFF00F006FF2E
S2140260A018B1236A43F40053236242F20103256ABD
S2140260B02B40012B35D0AB072CD5C5F3800504F158
S2140260C06206002231462846FDF7E7FE002184F8E4
S2140260D05A00FDF7F3FE314600222846FDF7E2FE9F
S2140260E0B4F8501018B194F95A00002814DA236A4A
S2140260F023F002032362B4F8502002F00302012ABE
S21402610008D131462846FDF7CDFE18B1236A43F082
S21402611008032362002070BD01F00101FDF7CEFEE8
S214026120E9E741F21200F6E738B5044608F080FCCB
S214026130D4E90A1205462046E8F722F8B4F84C10CD
S214026140B4F84E20E060521A40F2712101FB0203BD
S21402615003F59C53083328462361BDE8384008F00F
S21402616062BC036A10B5044613F4606023D09A0535
S21402617007D504F12800FDF796FB236BA3620023E4
S2140261802363236A5B0507D504F12C00FDF78BFB1E
S214026190636BE36200236363236A204623F460632F
S2140261A02362FFF7C1FF0120B4F88C305A1C62F359
S2140261B00B03A4F88C3010BD036A0B4303624FF046
S2140261C08050F2F7F5BB10B5044619B390F8562086
S2140261D08AB190F857300133DBB29A4280F85730D2
S2140261E009D10121FFF732FF4FF480312046BDE886
S2140261F01040FFF7E1BF236ADA050BD5636A6268CF
S2140262009B1A002B06DA01212046FFF71FFF4FF4E8
S2140262108021EBE7236A1B0624D4FEF717F8112326
S214026220B0FBF3F394F9682003EB0313C01A83B2AE
S21402623012FA80F0102888BFC3F110035BB2083A46
S2140262401A4484F8682040F27121B4F84C202046A3
S2140262501A44636801FB023301216360BDE8104003
S214026260FFF7D1BC0023EEE7C94350E8003F0B40DE
S21402627040E80032002AF8D1704738B505460C4689
S214026280FEF726FC20B149F640439C4228BF1C4636
S214026290EA68A2420BD240F27121B5F87E304B4337
S2140262A0934238BF1346A34228BF23461A462A61A2
S2140262B038BD03469A6A4830920505D5D3F8282198
S2140262C0B3F84010E6F716B993F87310E6F708B974
S2140262D00020704701207047002070470120704759
S2140262E0C8207047002070477047012070477047EB
S2140262F0704790F8892010B5531C03F00F03072B44
S21402630028BF0023044663F30302034480F889206F
S21402631083F8821090F889306F2B4FEA13129EBFD3
S214026320013262F3071380F88930FFF7E1FF204657
S21402633094F83011FEF7F0FC10BD704770477047B6
S21402634010B101F1B000704701F1D4007047F83087
S2140263507047806A7047836A0B4383627047C06ADD
S2140263607047C36A0B43C3627047C36A23EA0103DA
S214026370C362704700F59C70704770B540F2712694
S21402638006FB01F345685643826A1D44D20704465B
S21402639045600ED500F14405294690F84220EAF7FA
S2140263A0D1FD334629462046BDE87040012201F061
S2140263B0E8BB05EB5605456070BDD0F8A40000B9F1
S2140263C0704743799B0701D40068F8E701207047BD
S2140263D080F87B10704738B504460D46E8F758F942
S2140263E080B2FEF79AFB80B14288022DB4F84000D4
S2140263F011D0032D0BD0012D06D1A38FA26B1B014A
S214026400B3FBF2F3184480B238BD0122EDE74FF435
S2140264107A43A26BF4E7E38F5B00073313FB0200B9
S214026420F1E738B5044601F09BFD04F1A400FDF740
S2140264303AFA04F1A800FDF736FA04F1AC00FDF7CB
S21402644032FA2046E8F724F9C4B22046E6F7DCF82A
S21402645005462046E6F7E4F801462846FEF702FC23
S21402646038BDB0F8343110B5A0F832310446E8F73A
S2140264700FF9C0B2FFF734FF94F8303194F83121A7
S21402648004F14801FEF71DFB014604F59470FDF782
S2140264906CFFB4F93221B4F934319A4209D0A36AB6
S2140264A0DB0406D52046BDE810404FF40041E8F76D
S2140264B005B910BD806B7047836A0A4600F1480131
S2140264C0C3F34020E5F7C2BF38B504460D4642B9CD
S2140264D0836A23F4405309B143F480530020A36235
S2140264E038BDFEF722FC48B1A36A23F440530DB12F
S2140264F043F48053A36243F40053EFE71120EFE71F
S2140265002DE9FF41836A0446DB0428D5B0F93481BD
S214026510B0F932710020E5F7A9FA8045CCBF002514
S2140265200125FEF7D3FAC82294F83011E5F78AFA65
S21402653006462046E8F7ACF8B045B4BF002601266A
S214026540002345EA4605CDE90085A8EB07073FB2DA
S21402655002971A4694F8301180B2FEF776FD04B020
S214026560BDE8F0818A307047F8B504460E46002929
S2140265705AD040F27123876B30465F43A7F28A27D0
S2140265807F08394600F026FC94F89230851FADB29B
S2140265909D4239463046A8BF1D4600F01BFC94F8C3
S2140265A09320831F9BB29342A8BF1346F21E012A72
S2140265B0B4F88A10B4F88C202BD8B1F5296F44F2BF
S2140265C09020B8BF4FF429618142A8BF0146B2F5B8
S2140265D0296FB8BF4FF429628242A8BF02461B2D1C
S2140265E0B8BF1B251B2BB8BF1B23304684F895303B
S2140265F084F89450A4F88E10A4F8902000F0EAFBD9
S214026600831F9BB2AB42A8BF2B46DBB284F8963000
S214026610F8BDB1F5A47FB8BF4FF4A471B2F5A47F5C
S214026620B8BF4FF4A472DAE71B23EFE72DE9F34174
S214026630876B490089B28F42044616461D4639D0FA
S21402664040F271224368816302FB073302FB113377
S2140266504360E8F71DF84FF0000887B2334642461B
S214026660012138460195CDF80080FEF75EFA3846DD
S214026670FEF763FA41463846FEF758FA0123E18FE1
S214026680A28FB14218D09542E68700D0A587A38F85
S214026690A26B1B01B3FBF2F3204694F83011A4F868
S2140266A0A030FFF761FF0421204602B0BDE8F041AA
S2140266B0E8F704B80023E2E79542E7D1A26AD207D8
S2140266C0E5D5002BE3D102B0BDE8F081F0B585B088
S2140266D004460E466A4600F18A0300F19207154602
S2140266E018685968083303C5BB422A46F7D11868AA
S2140266F0314628609B882046AB80FFF735FF9DF821
S2140267000B2094F895309A4211D1BDF80620B4F8C1
S21402671090309A420BD19DF80A2094F894309A420F
S21402672005D1BDF80420B4F88E309A4207D04FF453
S2140267308141204605B0BDE8F040E7F7BFBF05B08F
S214026740F0BD37B5044694F89250BDF818008D4255
S2140267500BD1B4F88A50954207D194F893509D42D3
S21402676003D1B4F88C5085421BD08DF80610ADF8D4
S2140267700420019D84F8921084F89330A4F88C00CB
S21402678094F830112046C4F84051A4F88A20FFF746
S2140267909DFFB4F88E30A4F88A30B4F89030A4F88E
S2140267A08C3003B030BD70B5044616460D4690F8E0
S2140267B03031B1B1994214D00122FEF7B0FA29461F
S2140267C000222046FEF7A9FA2946204684F83051D0
S2140267D0FFF77CFF2046BDE870404FF48441E7F7A0
S2140267E06DBF19462046FFF771FF002EF2D170BD2D
S2140267F0012210B5A1F12003C1F1200422FA04F40B
S21402680002FA03F323438A40D0E9084124EA020449
S21402681021EA0301C0E9084110BD30B4C56A15F08B
S214026820040F0DD145F00405C56280F89E10A0F84D
S2140268309A204FF4006130BCA0F89C30E7F73EBFC8
S21402684030BC704710B511B190F89E400C7012B172
S214026850B0F89A10118013B1B0F89C201A80C06A62
S214026860C0F3800010BD836A43F48063836270477E
S21402687000F5A270704790F830017047F8B50446EC
S21402688008F0D6F865680646E4F788FD2B1AB3F5D5
S214026890FA7304D53046BDE8F84008F0C4B840F2B2
S2140268A07122A16B94F874505143B3FBF1F3B4F820
S2140268B0402098B2121AA4F8402094F8732000FBE5
S2140268C01522252592FBF5F705FB1722002AB8BFED
S2140268D0521984F87320B4F8A020121AA4F8A02043
S2140268E0626800FB1122002120466260FFF78BF9E6
S2140268F0D0E7F0B5036B04469B0790F87B6087B041
S21402690001D5FFF78EFD236BDF0700F14081236B75
S2140269109D0411D52046E7F7BBFEA16AC0B2C1F3BB
S2140269204021FEF76EFB002800F056814FF400511E
S21402693004F13000FFF798FC236BD90409D5002137
S2140269402046E8F7BFFB4FF4805104F13000FFF712
S2140269508BFC236B5A0513D52046E7F799FE0023D6
S21402696094F89F50C2B219462846FEF791FC0028BA
S21402697000F032814FF4806104F13000FFF774FCBE
S214026980236B5B0712D52046E7F782FEA16BA38F27
S214026990E28FC1F34F0180B200F021FF002800F021
S2140269A01B81042104F13000FFF75EFC236B1F07F6
S2140269B00AD5204601F0B5FC002800F00D8108211A
S2140269C004F13000FFF750FC236BDD0617D5204696
S2140269D0E7F75EFEE16A80B211F4805100F00F81A3
S2140269E0002100F091FF002800F0F680E36A1021F3
S2140269F023F48053E36204F13000FFF735FC236B87
S214026A00580613D52046E7F743FE94F87B3080B24B
S214026A100093D4E9082300F05AFF002800F0DC8037
S214026A20402104F13000FFF71FFC0026236B1905F6
S214026A3016D52046E7F72CFE00230093B4F89C30C8
S214026A40B4F89A2094F89E1080B2FEF78DFA0028C9
S214026A5000F0C2804FF4006104F13000FFF704FC3E
S214026A60236B13F480452FD19A0513D52046E7F7FA
S214026A700FFE2B462A4694F8301180B2E6F768FAE3
S214026A80002800F0A9804FF4007104F13000FFF7EF
S214026A90EBFB2E46236B1B0616D52046E7F7F8FDC2
S214026AA0B4F8903080B2009394F89530B4F88E2003
S214026AB094F8941000F05AFF002800F08D80802190
S214026AC004F13000FFF7D0FB236B9F060FD520465C
S214026AD0E7F7DEFD94F87B1080B200F02CFF00286A
S214026AE07AD0202104F13000FFF7BEFB0026236B8C
S214026AF0DD0508D504F130004FF48071FFF7B4FBD2
S214026B00204601F047FA236B180408D504F130003A
S214026B104FF40041FFF7A8FB2046FEF702F9236B6D
S214026B20D90308D504F130004FF48031FFF79CFBFF
S214026B302046FEF7F0F8236B9A0308D504F13000DE
S214026B404FF40031FFF790FB2046FFF7D0FB236B94
S214026B509B0718D5002220461146FFF7C6FB2046A3
S214026B60FFF7C5FB2046E7F793FD94F87B1080B24B
S214026B7000F097FF80B304F130000221FFF774FBA8
S214026B802046E8F733F8012084F87B6025E0A76A00
S214026B90F807C7F3803522D5002D0CBF0125032543
S214026BA02046E7F775FD94F89F30294605930023A3
S214026BB0049394F84230C7F340020393A38F80B243
S214026BC00293E38F0193A36BC3F34F03009304F185
S214026BD0750300F024FE20B9002007B0F0BD6D005A
S214026BE0DEE7012104F13000FFF73EFB50E8003FEC
S214026BF043F4005340E80032002AF7D187E600F05B
S214026C009AFEF0E608B50220FCF7E7FF10B100F0A6
S214026C102EFF012008BD826A002122F0C002826295
S214026C20E8F750BA012310B5A1F12002C1F1200401
S214026C3023FA04F403FA02F222438B40D0E9084115
S214026C4023400A40134314BF0120002010BDC36A2C
S214026C5010B5044613F0080012D00123A1F1200259
S214026C60C1F1200023FA00F003FA02F202438B403D
S214026C70D4E9080103400A40134314BF0120002050
S214026C8010BD10B50C46C9B2FFF7E1FF70B1E9F7C7
S214026C90BBF8C4F12002A4F12003E04001FA02F29C
S214026CA0104321FA03F3184300F0010010BD70B53B
S214026CB004460E46EAF79CFA07F0BAFE054602219B
S214026CC0204684F87B60E7F7F9FC20460121FEF7B0
S214026CD089FF2846BDE8704007F0A5BE70B50D4690
S214026CE0044607F0A5FE06462046E7F76FFC304648
S214026CF007F099FE29462046BDE87040FFF7D7BF49
S214026D000B68C0F84031704738B540F64805D0F8F1
S214026D1040310C460B609BB2AB4204D90B21FFF705
S214026D20B0FF08B9258038BD44F290232380FAE7E5
S214026D3008B5E7F70FFE00F062FC00F0A1FBEAF7E9
S214026D4057F9EAF7B9FEBDE80840EAF71DBF38B5BD
S214026D500546E5F759FC04462846E5F761FC214658
S214026D6002460220E9F7D6F938BD14220021FCF7C4
S214026D70AFBB037C427C981AC0B2704710B5037C46
S214026D80427C5C1C9A1A047403F0030340F8231036
S214026D90D0B210BD437C194401F0030150F8210023
S214026DA07047437C013343747047022808D0042896
S214026DB003D0012818BF0620704701F00101C81C45
S214026DC0704710B50C46E8F773FD0279408804FB5D
S214026DD0020010BD10B50C46E8F76AFD4388A342D0
S214026DE09BBFE41A03790020B4FBF3F010BD002326
S214026DF037B5044601A80193E4F710FA054640B9F0
S214026E00A368322043F00403A360019B2362E8F7E1
S214026E1059FE284603B030BDE9F7C6B837B5054671
S214026E20E9F7E8F804462DB12B680360AB88A38027
S214026E3003B030BDFDF744FA0322CDE900010DF19F
S214026E4005010DEB0200FCF729FB0098BDF80430A3
S214026E502060ECE738B50546E9F7CCF8044607F0BB
S214026E60E7FD2B68A360AB88A381A37943F00103F7
S214026E70A37107F0D8FD012038BD38B50C4605468B
S214026E80E9F7B8F8014605B1083106222046FCF7B4
S214026E90F5FAB0FA80F0400938BD10B50446E9F7B5
S214026EA0A9F8036823608388A38010BD08B5E9F7B4
S214026EB0A1F8807900F0010008BD10B50446E9F794
S214026EC099F8836823608389A38010BD50E8003F49
S214026ED00B4340E80032002AF8D1704770B50E46E0
S214026EE01546E7F75FFD044648B93046E6F7BCFFAD
S214026EF0044620B92846E9F775FB044640B100204F
S214026F00E7F750FD0020E6F7AFFF0020E9F76AFB3F
S214026F10204670BD4FF40010F1F74ABDFFF77EBF62
S214026F20112808B502D0122805D008BD1320BDE8E6
S214026F300840E8F7C7BDE8F7D7FFE9F753F8E8F7E0
S214026F4031FE1420F3E7E8F769BD08B5E8F71CFD43
S214026F50BDE808401120E8F7B5BD132808B502D0F1
S214026F60142809D008BDE9F745F8FFF755FFBDE834
S214026F7008401220E8F7A6BD0020E8F73DFDBDE870
S214026F800840F9F7AABA704783790C331844704759
S214026F907047002337B5044601250193204601A910
S214026FA000F00EF908B903B030BD01982A4683797D
S214026FB0C1790025C91A0C33C9B21844E4F71EFB7E
S214026FC0ECE70B7810B40478C3F38013B3EBD41F4A
S214026FD009D132B9023106225DF8044B0830FCF7BB
S214026FE04DBA0431F7E74FF0FF305DF8044B7047B7
S214026FF029B143780C2B0CBF0320FF207047FF20DB
S214027000704770B586B004469DF828600B9D11B98E
S214027010FF2006B070BD62B9012204A90DF10F006F
S214027020FCF746FFD0B9204610F8021BC1F38011C8
S21402703017E0002BF0D129463046FCF72AFF00283D
S214027040EAD12378C3F38013B342E1D1062229465C
S214027050A01CFCF713FA0028DAD1DDE79DF80F1022
S21402706004A8E7F7E5FD0028D2D10123218B00937F
S2140270700846638BA28B00F08EFD0028C8D0627D86
S214027080531E072BC4D8238B9342C1D9E28A9A4255
S214027090BED8A37F5BB9E37F4BB994F8203033B9EF
S2140270A094F821301BB994F822300F2BB0D994F8FB
S2140270B023301B3303F01F030B2BA9D80520A8E7A8
S2140270C01FB50023CDF80A30ADF80E30D0E9002304
S2140270D0CDE900230389B0F90C00ADF80830E4F7D7
S2140270E0D3FC6846E4F7B4F905B05DF804FB1FB5B7
S2140270F0002300F00F008DF80A0001A801918DF818
S21402710008308DF809208DF80B300393FDF7DBF875
S21402711005B05DF804FB1FB5CDE9001200228DF81C
S2140271200B308DF8082000F00F03C0F340128DF8E4
S21402713009208DF80C30C0F3001243068DF80A20A1
S21402714001D5E3F795FE6846E3F7D4FE05B05DF891
S21402715004FB1FB50023CDE9003101238DF808306A
S214027160C0F340138DF80930C0F300138DF80A30CF
S21402717000F00F038DF80C3043068DF80B2001D576
S214027180E3F776FE6846E3F7B5FE05B05DF804FB66
S21402719010B50C4608B9E4F7F1FA2146BDE81040EE
S2140271A0FFF70FBE0B6803B11868086010B1437989
S2140271B0DB0703D5003818BF012070470068F4E7E4
S2140271C00B6813B90860012070471868086020B180
S2140271D0407900F00100C0F1010000F001007047A4
S2140271E0F0B587B00D4616468DF8070002B9A3B370
S2140271F029469DF80700FCF759FE0446B8B9294609
S2140272009DF80700FCF756FE40BB16B39DF8071024
S214027210003918BF012128460DF10F02E9F7A2F93D
S214027220F8B99DF80F40013418BF012416E004AFE8
S214027230012239460DF10700FCF73AFE04464EB12C
S2140272409DF80730191E18BF0121002818BF3D46B9
S214027250E1E70124FCF719FE00B90124204607B035
S214027260F0BD4FF0FF34DEE708B5E9F7E3F9E6F7DD
S21402727049FCE5F7EDF908BD70B50546FFF7F4FFE2
S21402728088B1C479C4F34014A400286F95F8386016
S214027290FCF77CFB314602462046FDF722FBC8304F
S2140272A0C5E9030070BD0446EFE7036A70B513F044
S2140272B0010604462ED0590712D507F0B9FB05463B
S2140272C004F1200252E8003F23F0040342E80031B2
S2140272D00029F7D12046FEF779FC284607F0A3FBE3
S2140272E0236A9A0616D513F080051CBF23F0800386
S2140272F02362236A204623F02003236218BF354602
S214027300E9F798F92946A28D90F85900BDE8704031
S214027310FDF7E0BF70BD1FB5044608469DF81C1079
S214027320009203919DF8181004F13002CDE9013164
S21402733004F14001636AE5F719F804B010BD036A68
S21402734070B513F00105044619D123F4A073036245
S2140273506C30FCF7A8FA04F17000FCF7A4FA204699
S214027360FFF782FF01462846FDF77CFC7422294679
S2140273702046E669FCF7ACF80120E66170BD002005
S214027380FCE710B1006A00F00100704790F8380080
S214027390704708B180F83810704770B5054607F098
S2140273A047FB06462846FFF767FF2B6ADB070ED524
S2140273B0E6F7C8FAA842044609D14568E3F7EEFFA5
S2140273C02D1AB5F5FA7F02DB2046E6F7C1FA3046FB
S2140273D0BDE8704007F027BB032AF8B504460E4600
S2140273E015464BD830B1036ADF0703D5032A03D00C
S2140273F00C2025E0E80703D504F17000FCF753FAE9
S21402740004F1700731463846FCF722FB0021206F54
S214027410FCF78FFB206FFCF7B9FA94F83810024697
S2140274200020FDF75EFA40F27122636A5343228916
S214027430C83B9B1A834204D83846FCF734FA4520E8
S214027440F8BD07F0F5FAE90705D5E36E1BB9236A1E
S21402745023F040032362AA07236A09D543F04803B0
S214027460236207F0E0FA2046FFF797FF0020E7E7DF
S21402747023F00803236207F0D6FAF7E71220DFE7C5
S214027480704770B515460E461C46FEF760FF2B6821
S2140274904EB103606B6843602368C0F825302368EA
S2140274A0C0F8153070BD83606B68C3602368C0F88F
S2140274B029302368C0F81930F4E770B50546FEF7A0
S2140274C046FF044607F0B4FA064640212846FEF771
S2140274D042FF4FF400612846FEF743FF304607F0AE
S2140274E0A2FA0023284623612375236284F82430F7
S2140274F0FEF72FFF802310F0010F14BF237584F8C8
S214027500243070BD10B50446FFF785FB2046BDE863
S21402751010401021E7F7D2B810B504464FF4606168
S214027520FEF723FF2046BDE81040FFF774BB7FB589
S21402753006460C46FEF70BFF4FF4C0610546304682
S214027540FEF70FFF4FF400613046FEF70EFF4FF4D2
S2140275508060E8F7D1FB224670B969462846E8F70C
S214027560BDFF6B4605F1100213F8011B02F8011D60
S214027570AA42F9D104B070BD6C4602F11006234649
S21402758010685168083203C3B2421C46F7D1E8E7D6
S21402759037B50D46ADF80420FEF7D9FE044600F1D5
S2140275A02003024601992846E8F7C0FE236A013303
S2140275B0236223B994F82430013384F8243003B0CC
S2140275C030BD37B50D46ADF80420FEF7C0FE019972
S2140275D00446024600F110032846E8F713FF30B1CE
S2140275E023690133236113B9237D0133237503B065
S2140275F030BD41F0004141F4E02101607047704720
S21402760010B5EAF7C7FB0446FCF73AFF2043C0B2C0
S21402761010BD70B5E5F766F983791844B0F80F60C7
S214027620B0B2E7F721F880B1002100F01FFE054650
S214027630E5F75EF9044602232A4642F21B01FDF7ED
S21402764077FBA3791C44668270BD0225F0E770B50D
S214027650E5F748F983790C33C418B4F80350284682
S214027660E7F702F8A0B1611D00F000FE0646E5F756
S2140276703FF904460223324642F21A01FDF758FB4E
S214027680E37923449D72E3792D0A1C44E57270BDAA
S2140276900226ECE710B5E5F725F983790C33184492
S2140276A04479B0F80300E6F7DFFF60B12146EAF757
S2140276B075F80446E5F71CF9E2B240F20641BDE869
S2140276C01040FDF766BB0224F4E770B5E5F70AF949
S2140276D083791844B0F80F5007F0AAF904462846F2
S2140276E0E6F7C2FF80B11621FFF7F8FA002520461A
S2140276F007F099F9E5F7FCF82A46BDE87040002342
S2140277004FF60441FDF714BB0225F0E7F8B5E5F79E
S214027710E9F8847905460C340444B4F80300E6F725
S214027720A3FF064640B9E5F7E3F80222BDE8F840B3
S21402773042F21301FDF72DBBAB79E97903F10C0296
S2140277400220CB1A2A440021FCF772FB014618B924
S214027750E5F7CEF80722E9E78379033383713046EB
S214027760B4F80D50B4F80F70E9F7BEFF04463A4677
S21402777029463046E7F786FAE5F7BAF82246D5E70D
S21402778038B507F055F90446FFF73AFF00280CBF54
S2140277900C250025E5F7ACF82A4642F20E01FDF765
S2140277A018FBEAF7D7FD2046BDE8384007F03BB99C
S2140277B010B5E5F797F883790C330344B3F8030062
S2140277C0B3F80510C0B2E7F773FAE5F791F8BDE82B
S2140277D01040002342F224011A46FDF7A9BA2DE909
S2140277E0F84381460220884617461E46FCF7F5F9FE
S2140277F0044690B10A220321FDF7BCFA0023A579BC
S21402780020460C352544EB70A5F80490A5F80680B2
S2140278102F816E81E5F72CF80120BDE8F8832DE96B
S214027820F043814685B002200E461F469DF84480EE
S2140278308DF80F20FCF7D1F90546002844D0222205
S2140278402921FDF797FA0022AC7930460C342C44F5
S21402785004F10E0304F11401C4F80E209A8062614A
S214027860228300913A460DF10F01FCF711FB9DF8B9
S2140278704030A4F80490E37006F00103A3719DF86B
S2140278800F3016F0FD0FE3713B68A360BB88A3813F
S2140278904FF6FF7304D0032E08BF43464FF0FF088F
S2140278A0BDF8302028466283BDF8342084F8218053
S2140278B0A283BDF838206384E2839DF83C2084F8D6
S2140278C02020E4F7D5FF012005B0BDE8F083F8B527
S2140278D00746022016461D46FCF77FF9044690B17D
S2140278E00C220421FDF746FAA1799DF818300C31D6
S2140278F0214420468F80C1F80660C1F80A50CB703A
S214027900E4F7B6FF0120F8BD70B5064602200D4624
S214027910FCF763F9044668B103223021FDF74CFAFE
S214027920A37920460C332344A3F803609D70E4F742
S2140279309FFF012070BD70B5064602200D46FCF77B
S2140279404CF9044688B104220821FDF735FAB5FA47
S21402795085F2A37952090C3323442046A3F8036028
S2140279605A719D70E4F784FF012070BD2DE9F8433B
S21402797081460220884617461E46FCF72EF9044624
S214027980B0B10B220721FDF7F5F9A579BDF8203035
S2140279900C3525442046A5F80390A5F80580A5F8E1
S2140279A00770A5F80960A5F80B30E4F761FF01201F
S2140279B0BDE8F883F8B5074602200E461546FCF7E2
S2140279C00CF90446A0B10D220521FDF7D3F9A379DF
S2140279D020460C332344A3F80370A3F80D602A68EC
S2140279E0C3F805206A68C3F80920E4F741FF0120BE
S2140279F0F8BD2DE9FF4116466A4680460F461546F3
S214027A000A9C03F1100E9446186859680833ACE8CD
S214027A10030073456246F6D124B90220FCF7DDF86E
S214027A20044608B31D22ED212046FDF794F9A379FA
S214027A300C332344A3F80380A3F80D702EB13268EA
S214027A40C3F805207268C3F809200F3304AE2A462D
S214027A5003CAB24218605960154603F10803F6D10C
S214027A602046E4F705FF012004B0BDE8F08113B517
S214027A701321827901900C32841881544FF440729B
S214027A80C280E7F753FCA07020B901A8FBF70BFFF2
S214027A9002B010BD8000013060700198E4F7E8FE85
S214027AA0F6E770B5064602200D46FCF796F8044641
S214027AB078B104220521FDF77FF90022A37920463A
S214027AC00C332344A3F803605D719A70E4F7D0FE8A
S214027AD0012070BD13B5837901900C33C418C05CC5
S214027AE0E6F7C2FD20B901A8FBF7DDFE02B010BD25
S214027AF06378019913F0300F0CBF012200228B79B4
S214027B0004338B714B7962F300034B71E7F7DAFAB1
S214027B10ECE72DE9F041E4F7E5FE83790C33C4186F
S214027B20B4F803801FFA88F0E6F79EFD054600B318
S214027B30A2796179FEF7C8FC0646E4F7D9FE074645
S214027B400223324642F27A01FDF7F2F8BB79384652
S214027B503B44A3F81280E4F78BFE46B9A37933B10F
S214027B602846FEF788FE01462846FDF7E0F8BDE8FF
S214027B70F0810226E1E74368143B4360A0230B60D2
S214027B8070471AB94268A2EB530242600A6802EBD7
S214027B9083020A607047884210B51BD8052819D997
S214027BA0B1F5486F16D8B3F5FA7F13D240F676448D
S214027BB0A2F10A0080B2A0420CD8BDF80800013338
S214027BC09BB243434B435B00B3EBC20F94BF01200F
S214027BD0002010BD0020FCE7C94350E8003F0B40E0
S214027BE040E80032002AF8D17047002070472DE99D
S214027BF0F04104460E4600250127214685F0010085
S214027C00FEF79EFB4FF48051FFF7E6FF836880463F
S214027C1033B938460DB1BDE8F08101250746ECE7D9
S214027C20028AB24206D10022012120469847002845
S214027C30EFD1EFE70268D10502D500221146F4E73C
S214027C409307E6D52046FEF7B8FB02460028E0D1A9
S214027C500521D8F80830E8E708B5FEF78BFB0023C5
S214027C600380436008BD70B506460C4606F0E0FE8B
S214027C7005463046FEF77EFB30B103781C4304709F
S214027C804FF40070F0F794FE2846BDE8704006F008
S214027C90CABEE7F717BA07B542798DF8071022F081
S214027CA0030242F00302427140F203320DF1070171
S214027CB0C2800122FBF7D3FD03B05DF804FB70B56A
S214027CC00C460546072120461646FFF7E4FF2046E7
S214027CD0E9F7FEF9214646702846BDE87040E7F708
S214027CE0F1B938B50C4600210546FEF774FB47F697
S214027CF0FE73241AA4B29C4205D928462821FEF710
S214027D00D6FF002038BD0120FCE738B504460D46F4
S214027D1001460020FEF714FB03689B0505D429469E
S214027D202046BDE83840FFF7DCBF002038BD2DE90D
S214027D30F04115461F469DF81880FEF701FB0446E3
S214027D4006F076FEB8F1010F064623D154E8003F4E
S214027D5043F4807344E80032002AF7D105B354E8AE
S214027D60002F42F4007244E80023002BF7D1FF21D3
S214027D702046FFF731FF54E8002F48EA020244E8A3
S214027D800023002BF7D13046A5602782BDE8F041DC
S214027D9006F049BE4FF480712046FFF71DFFDDE76F
S214027DA04FF400712046FFF717FFE0E773B506466B
S214027DB001200C46FEF7C4FA002305461A46009335
S214027DC021463046FFF7B3FF6B6863B14FF480710C
S214027DD02046E6F773FC55E8003F43F4007345E897
S214027DE00032002AF7D106F023FE05462046FEF7AB
S214027DF0C1FA28B103881BB14FF40070F0F7D8FD22
S214027E00284602B0BDE8704006F00DBE38B50546FD
S214027E100C46FEF795FA83684BB1022120460022F3
S214027E20984721462846BDE83840FFF7BFBF38BD11
S214027E30012938B505460C4608D0CC1E012C03D8BD
S214027E4001460120FFF7E2FF012038BD2221FEF79E
S214027E50BFFA20462946FFF7D9FF0020F5E708B506
S214027E60FEF76EFA006800F0F00008BD10B5014695
S214027E7004460120FFF7F3FF20B92146BDE8104073
S214027E80FFF7EDBF10BD70B506460D460146012050
S214027E90FEF756FA314604460020FEF751FA2268EB
S214027EA0036842EA0301C90523D4920549BF248A1E
S214027EB04FF6FF74641BA4B29B0554BF4FF6FF73C4
S214027EC0038A304644BF5B1B9BB29C42A8BF1C463B
S214027ED0FDF75FFC002804DB411B89B28C42A8BF79
S214027EE00C464FF6FF739C4208BF4FF0FF34204605
S214027EF070BD0124FBE72DE9F341044601910146DA
S214027F0001201546FEF71CFA214606460020FEF71B
S214027F1017FA80462046FEF71CFA010706D501A886
S214027F20FBF7C1FC0C2002B0BDE8F08106F080FD34
S214027F30336807469A0503D4D8F800309B0509D55E
S214027F400199301D8D60FBF783FD384606F06BFD08
S214027F500020E8E706F067FD20460199A847E2E719
S214027F6038B5014604460120FEF7EAF905460C300C
S214027F70FBF799FC281DFBF796FC21460020FEF72E
S214027F80DFF904460C30FBF78EFC201DBDE83840B6
S214027F90FBF789BC70B5014605460120FEF7D0F90D
S214027FA006460430FBF7EAFC044670B14FF4007153
S214027FB03046FFF711FE21462846A368984720B1AF
S214027FC02046BDE87040E2F749BA70BD00238260E1
S214027FD0C0E90031704708B50B4601461846FEF761
S214027FE0AFF90068C0F3402008BDFFF721BFCB1EE3
S214027FF0012B70B504460D46164606D81A21FEF722
S214028000E7F940212046E6F759FB32462946204644
S214028010BDE87040FFF70CBF38B504460D46FEF7C4
S214028020CCF928B1012D04D122212046FEF7D0F941
S214028030002038BDF8B50C468B7907460B44D3F8BA
S2140280400D60D3F811303246E6F78CFF0921204640
S214028050FFF721FE2046E9F73BF8A579E7F7D4FEBD
S2140280600C3566F0FF0625440640C5F80160E7F7C2
S214028070CBFE3846C5F805102146FFF70AFE022158
S2140280803846FFF7F0FDF8BD70B50E4605460146C8
S2140280900020FEF755F9012E044603D0022E11D019
S2140280A0012070BDC16828468B7919440D31FEF750
S2140280B003FAE068E2F7D2F900202946E060FFF70B
S2140280C075FEEDE7C068E2F7C9F90023E360E7E76B
S2140280D038B50D46044601460120FEF731F9012D5A
S2140280E008D100F112012046FEF7E6F9214628469D
S2140280F0FFF75CFE012038BD08B5FEF730F900F048
S214028100010008BD38B50C4602210546FEF729F9DE
S2140281100C212046FFF7BFFD2046E8F7D9FF4FF0B7
S214028120FF3383700223C3700F23437060230371EF
S2140281300623214643712846BDE83840FFF7A9BD0D
S214028140F8B50C460546FEF704F900F0010787F07D
S214028150010729463846FEF7F3F80646C068012CA2
S214028160837903D0022C20D00120F8BD0C33C4182A
S21402817023892846E288A188FEF758FA6188627841
S21402818049005200284689B2FEF7F7F8F068E2F78F
S21402819065F9002328464FF48031F360FEF7E5F8D0
S2140281A029463846FFF702FEDEE7E2F757F90023D4
S2140281B04FF480312846F360FEF7D7F8D4E7042957
S2140281C010B5044601D0002010BDFEF7C2F800F03C
S2140281D00100C0F10200E7F78FFD0028F3D1FBF79C
S2140281E0FCFC014608B90220EEE72046E9F7A0FAB1
S2140281F00028F8D10120E7E72DE9F0410F460446B2
S2140282009046FEF7A6F800F0010585F00105214626
S2140282102846FEF795F8012F064603D0032F0FD007
S21402822001200BE02046FFF777F922212046FEF7D1
S214028230CFF828462146FFF7E9FD0020BDE8F08189
S214028240C068E2F70BF900232046F360FFF764F9F3
S214028250204698F80410FEF7BBF820462021E6F7E1
S2140282602DFA21462846FFF7D1FDD9E737B5044651
S2140282700D46FEF774F800054FD50220FBF7ADFC5D
S214028280019000284BD0204655B3FEF762F8C1078E
S2140282900AD505210198FFF7FEFC0198E8F718FFBA
S2140282A020460199FFF7F5FC29462046FFF73FF9DD
S2140282B02046FEF74EF8C2070FD44FF40061204660
S2140282C0FEF753F806210198FFF7E5FC0198E8F758
S2140282D0FFFE20460199FFF7DCFC002003B030BD0C
S2140282E0FEF737F8C3070DD5019903230622204669
S2140282F0E8F700FF2046FFF70FF921462846FFF76A
S21402830085FDEAE701A8FBF7CEFA20463D21FEF7F7
S214028310CEFC2046FFF700F9DFE70C20DEE7072059
S214028320DCE7F7B5014604460020FEF709F80546E5
S21402833000F112074FF48060E7F7DEFC50B92046E2
S214028340E6F7A6F93A46698B80B203B0BDE8F0407C
S214028350FFF730BB2046E6F79BF9064620466D8BB4
S214028360FDF7F5FF00220346009229463A46B0B2D0
S214028370FFF73FFB03B0F0BD83781A2B09D81B2307
S21402838083700288B2F5A47F07D24FF4A4730380E9
S21402839007E0FB2BF5D9FB23F2E744F290239A423F
S2140283A0F5D87047F0B50446CA798B7987B043EAA8
S2140283B00223ADF80C308B8803A88DF80E30CA78ED
S2140283C08B7840F6480543EA0223ADF810300B8856
S2140283D005A98DF81230FFF7CFFF04A8FFF7CCFFF0
S2140283E02046FEF791FC0B212046FEF74AFC44F29B
S2140283F09023002818BF1D46BDF80C709DF80E305D
S214028400BDF81460BDF810209DF816009DF81210F5
S214028410AF42D4BF00970095FB2BA8BFFB23B24206
S214028420A8BF32468142A8BF01462046FEF789F918
S21402843007B0F0BD37B5144605461046FFF72BFCCD
S2140284402046E8F745FE01A904462846FEF75CFCEE
S2140284500B212846FEF715FC6FF004036370002319
S21402846044F29022A37040F64803002818BF134631
S214028470A4F803309DF80630A4F80530BDF80430A1
S214028480A4F8073003B030BDFFF7D2BC022973B59B
S21402849005460C4603D00024204602B070BD0521D6
S2140284A0FEF7C0FB0028F6D0E6F708FC1B28F2D938
S2140284B04FF40040E7F720FC0028ECD1FBF78DFBD9
S2140284C006460028E8D0284601A9FEF71DFC3146DC
S2140284D028469DF80630BDF80420E9F76BFB002815
S2140284E0D9D10124D8E71FB54A1E042A03460C46F2
S2140284F05FD8012902D1008804B010BD022905D137
S21402850000885B88984238BF1846F5E74A0001465D
S21402851001A8FAF7E5FF032C07D10023ADF80A30CD
S2140285204FF6FF73ADF80C3001E0042CF8D0BDF81E
S2140285300620BDF80430934284BFADF80630ADF88D
S2140285400420BDF80A30BDF80C20934288BFADF86F
S2140285500A20BDF80A2088BFADF80C30BDF80430FA
S214028560934288BFADF80A30BDF80620BDF80C303D
S2140285709A4288BFADF80630BDF80820BDF806302E
S214028580934284BFADF80830ADF80620BDF80A3035
S214028590BDF808209A4288BFADF80830BDF808201A
S2140285A0BDF806309A4238BFADF80830BDF808006C
S2140285B0A2E74FF6FF709FE7830705D410F0040F7B
S2140285C014BF03200120704702207047022805D0FE
S2140285D0032805D0012806D1E9F75ABFE9F748BFB4
S2140285E00020E9F77DBE704710B1012803D070471E
S2140285F00120E9F775BE0020FBE7F7B51F468B1E84
S214028600012B05460C46164613D8FBF73BFC002307
S214028610CDE90005F01A18BF01201A463946FBF7C5
S2140286203FFC80B1022C0BD12846FEF736FC002018
S21402863004E00029F8D0012902D0FF2003B0F0BDE3
S2140286402846FEF73AFC0120F8E770B50D460021F1
S2140286509DF810600446817106F10C014173111EEB
S21402866018BF012103F00F00237B40EAC11003F07C
S2140286704003184320732B469DF8141004F10E0095
S214028680FFF7BBFF237B0E3660F3861323732B683C
S2140286906361AB882383A3793344E37170BD2DE90C
S2140286A0F0410F460446242118461E4615469DF8FC
S2140286B01880FEF76DFDC319B8F1000F37D1033EDF
S2140286C0012E94BF0322022240F27126520006FBBC
S2140286D0023342F21072608941007143A1F2E2460F
S2140286E09642A8BF16466A1A921BD21A002AC2BF20
S2140286F0B2FBF1F202FB0112AD1AEA1A09D5524296
S214028700B2FBF1F707FB011C01FB1722654402B915
S2140287106D1AEB1A8B4240F2E2470AD8B3FBF7F324
S214028720022298B2E27120812846BDE8F081012239
S214028730CAE75B1ABB42B8BF3B46B342A8BF334642
S214028740B3FBF7F107FB1133CAB2002BEAD00132B2
S214028750D2B2E7E7012938B504460D4608D12221F0
S214028760FDF736FE28462146FFF750FB002038BDAF
S21402877001460120FFF71AFB0120F8E701207047A7
S2140287808160704741EA002008B540F49020F9F76E
S21402879093FE014640B110F1880F05D0BDE80840AF
S2140287A040F20740EDF74EBA08BD0120704770B59B
S2140287B00C46064611461D46EAF7BEFA58B144EA8A
S2140287C006206FEA40406FEA50402A46BDE87040F5
S2140287D080B2F0F763B940F2064070BD10B50446A9
S2140287E0EAF7AAFA50B141EA04206FEA4040BDE82F
S2140287F010406FEA504080B2F0F788B940F2064067
S21402880010BD837901461A0703D506220020EAF72F
S21402881013BB9B0602D506220120F8E74FF0FF3075
S21402882070478379532B01D1EAF738BBFFF7E9BFCC
S21402883070B5064614461D46EAF77EFA10B90024BD
S214028840204670BD41EA06206FEA40406FEA50407B
S2140288502A46214680B2F0F73DF90028F0D0EEE72E
S21402886008B5ECF72FFD002008BD00207047A0F8E1
S2140288706E10704701238B4090F87110194380F8F0
S2140288807110704708B50120E1F7FCFFC0B208BDC1
S21402889010B504460846EAF7B1FF20B1B0F86E30CC
S2140288A00020238010BD40F6FF732520F9E7837968
S2140288B00C33184470471438704710B50446A1F1BB
S2140288C01400FBF763F8201A20EAE07080B210BDAD
S2140288D070B51C460D461646FFF7EFFFA04207D3BB
S2140288E022463146A5F11400FBF775FA012070BD49
S2140288F00020FCE770B506460D4614467AB90A46CD
S21402890020460821FBF72AFA044690B92A4608218F
S2140289102920FBF723FA044658B9204670BD1046B4
S214028920FAF7C1FF2046FBF74CF908231D44A37152
S214028930E571A3790C331C442670EEE72DE9F0416D
S2140289401646069A074688461D46FFF7D3FF044694
S214028950F8B114382A4631460690FBF73CFA8542AF
S21402896018D9069B06A81C7904F02004FAF79BFF88
S2140289707CB9424608212920FBF7F0F9069040B15F
S2140289802A463146FBF727FA854206D906A8FAF7A1
S2140289908AFF00242046BDE8F081069A93790C33BC
S2140289A0D418D754F6E711B11439EBF70FB81A20DA
S2140289B0704738B5002204460D4602200321FFF711
S2140289C099FF014608B1A0F801502046BDE838409C
S2140289D0FFF7E9BFF8B504460F4616460521012003
S2140289E0069A1D46FFF786FF014638B14770468055
S2140289F005712046BDE8F840FFF7D5BFF8BD38B58B
S214028A000D46032104460846FFF774FFA0F80150FE
S214028A1001462046BDE83840FFF7C5BF73B5054698
S214028A20084611466C891A46641ABDF81830A4B274
S214028A309C4228BF1C46079B089E00932346FFF7CE
S214028A407DFF014630B12846348002B0BDE8704052
S214028A50FFF7A9BF1A2002B070BD012110B500228F
S214028A6004461320FFF746FF014620B12046BDE824
S214028A701040FFF798BF10BDF7B544890546184663
S214028A800F4616460193FAF781FF053CA4B28442CC
S214028A9003DA011B01A8FBF71BF805210198FBF777
S214028AA0A0F8014628B901A8FAF7FDFE1A2003B07D
S214028AB0F0BD83790C33C2181720C8542846A2F892
S214028AC00170A2F80360EAF781FFF0E7012110B512
S214028AD0002204461920FFF70DFF014620B120466A
S214028AE0BDE81040FFF75FBF10BD73B50E4600210C
S214028AF044890546033CA4B2A342009128BF2346FC
S214028B0003211B20FFF71AFF014670B1012210F85D
S214028B100F3CA0F8016062F3071300F80F3C2846EA
S214028B2002B0BDE87040FFF73EBF1A2002B070BD2B
S214028B3073B50E46002144890546033CA4B2A342FF
S214028B40009128BF234603211D20FFF7F7FE0146AA
S214028B5038B1A0F80160284602B0BDE87040FFF7C1
S214028B6022BF1A2002B070BD4B88042B07D1836C3B
S214028B7008885B8998428CBF00200120704700203D
S214028B80704710B50446806920B10021EAF774FEEA
S214028B900023A36110BD07B501A9EAF7EDFF30B9BE
S214028BA0019B586AC0F3C02003B05DF804FB0020A6
S214028BB0FAE7002008B5EBF761F808B9FF2006E0EF
S214028BC0C37B012BF7D1436ADB06F4D5007808BDD8
S214028BD073B50E4601A91546EAF7CEFF90B9019A7B
S214028BE0546A14F010030FD0C4F300343470D37BED
S214028BF05A1E042A02D8D81E18BF01202870012047
S214028C0002B070BD0020FBE71846F9E738B5436AA4
S214028C1004465B0705D5002300781A461946ECF78A
S214028C201DFE636A9D0706D52046EAF7B9FF636A0A
S214028C3023F002036362636A18070DD52146E279C0
S214028C4011F8010BC2F3C002ECF7AAFD0546E8B91B
S214028C50636A23F008036362204600F02DFB054694
S214028C60A0B9626AD10611D5D30404D5204600F015
S214028C70EDF940B11BE01206E37B09D4E37B626A9E
S214028C80023B012B15D9616A48071FD4284638BD16
S214028C9003F0FB03012BF6D021692078ECF7A6FD42
S214028CA0636A256123F0800363620028E6D00546E6
S214028CB0ECE7D305E7D561692078ECF7B3FD00232E
S214028CC06361636A23F480736362D2E7E37BA28DF7
S214028CD0012B03D1A2B1802A28BF802211F0400FB7
S214028CE094F830304FF0010118BF01232078ECF7DA
S214028CF0B5FD0028DBD1636A23F004036362C5E78F
S214028D004022EBE7F7B50E4601A91546EAF734FF0F
S214028D10F8B9019C2F689EB904F11000FAF7C3FD5A
S214028D20606A276140F080000023606210F0100045
S214028D302B600ED0204603B0BDE8F040FFF766BFBA
S214028D4004F11400FAF7AFFD606A676140F48070C0
S214028D50EAE703B0F0BD37B50D460021044601919F
S214028D605BB92046294601AAFFF7CCFF044601A8B4
S214028D70FAF799FD204603B030BD0846FBF758F8CF
S214028D8001900028EDD11A24F4E7002010B5EAF786
S214028D9075FF044600B910BD636ADA060BD55B049C
S214028DA009D42046EAF75EFE636A204643F00603CD
S214028DB06362FFF72BFF2046E9E7F7B50E4601A9E7
S214028DC015461F46EAF7D8FEF8B9019C626A930573
S214028DD00BD44FF6DF73A6F12001994217D8A5F1FE
S214028DE02001994213D8AE4211D8E369B34202D1A8
S214028DF0236AAB4204D0C4E9076542F0020262620B
S214028E009DF82030A78584F8303003B0F0BD2120CD
S214028E10FBE790F8393037B55B0704460D462AD48F
S214028E20EAF720FE6B1E042B14D8032D12D0E3792A
S214028E30142B22D0A3696BB9684600F038FAEBF718
S214028E406FF96946EAF78EFC18B91A25284603B068
S214028E5030BDA061636AE57343F016036362EEF702
S214028E60CBFD2046FFF7D2FE05460028EED0204670
S214028E70FFF787FEEAE70225E8E72125E6E707B5DA
S214028E8001A9EAF779FE30B90198C17B03B05DF813
S214028E9004EBFFF7BEBF03B05DF804FB37B50C4624
S214028EA001A9EAF769FE18B9052C019D02D921200D
S214028EB003B030BD2869FAF769FD1F28F7D868693C
S214028EC0FAF764FD1F28F2D8012CF0D0231F012BDD
S214028ED0EDD9214628466B6A23F482536B6203B0AF
S214028EE0BDE83040FFF795BF13B501A9EAF744FE87
S214028EF078B9019C636A204623F0500343F00403CA
S214028F006362FFF73EFE204602B0BDE81040FFF760
S214028F107DBE02B010BD73B50E4601A91546EAF72E
S214028F202BFE044618BB03F092FB064222D00542F3
S214028F3020D046EA050383431CD1012E01D0042E1D
S214028F4018D16B1E012B01D9042D13D1019B93F866
S214028F502E20B24203D193F82F20AA4207D05A6A93
S214028F6083F82E6042F0020283F82F505A6220469F
S214028F7002B070BD2124FAE737B5FFF71AFEFF28C4
S214028F80044613D001A9EAF7F7FD78B9019D6B6A8A
S214028F90284623F010036B62FFF7F3FD204605F127
S214028FA0340103B0BDE83040EEF71EBF03B030BD5B
S214028FB02DE9F3410D4601A990461E46089FEAF7A1
S214028FC0DBFD002836D1052D08D86B1E012B05D9EE
S214028FD0052D03D008F0010115B171B3212029E057
S214028FE0019A936A49B343F02003019C9362A36AF1
S214028FF018F0020F14BF43F0400323F04003F107BA
S214029000626AA3621ED5386842F48032A060BB79D9
S2140290106262BA88A373A281636AB2074CBF43F046
S214029020400323F0400343F48053294620466362FC
S214029030FFF7EFFE02B0BDE8F081019A936A23F0D3
S2140290402003D2E722F480326262E5E7436A10B573
S214029050044613F080000CD0E37B2078032B2169B2
S21402906008D1ECF7DFFB00232361636A23F0800359
S214029070636210BDECF7BAFBF5E773B56E460446BD
S2140290804A7930460D460631EBF78EF896E803002D
S214029090A4F85010090C11F0800FE06484F8521006
S2140290A004F1530312D00122184605F11201EBF720
S2140290B07BF80C35284603F0A9FA28B10122294686
S2140290C004F15A00EBF770F802B070BDB4F8501015
S2140290D094F85220C4F8530099809A71E9E7002365
S2140290E037B580F8723040F6FF73A0F86E308368AA
S2140290F00446DA040D46C16010D443F480636A461F
S214029100A36040F203212046CDE9004504F0B9FBF6
S21402911000212046EAF7B0FB03B030BD90F8760097
S214029120FFF7ADFEA36823F48053E8E71FB590F877
S2140291307420044602F0010301908DF808300BB14A
S21402914002F002038DF8093094F8753020468DF847
S2140291500A30039102F0EEF94FF4017101AA20469B
S21402916004F08FFB2046EAF7FDFB04B010BDEAF7D9
S2140291705BBB0A460021ECF74DB9826838B5C2F3EC
S21402918080320446B0F86E000D46ECF7B9F920B905
S214029190A3681DB143F40053A36038BD23F4005303
S2140291A0FAE710B50446B0F80300EAF719FB38B13F
S2140291B0617909B141F48051BDE81040FFF78FBFD5
S2140291C010BD10B50446B0F80300EAF709FB38B143
S2140291D0A17809B141F48051BDE81040FFF7A6BF5F
S2140291E010BD10B50446B0F80300EAF7F9FA90B1DC
S2140291F0627990F874305AB143F0010380F8743003
S214029200A17809B141F48051BDE81040FFF78EBF46
S21402921003F0FE03F2E710BD10B504468088EAF7B5
S214029220DFFAB8B1E278AAB9E179A27942EA012274
S214029230A0F86220E17AA27A42EA0122A0F864202B
S214029240227A617ABDE8104042EA0122A0F866203E
S214029250EAF788BB10BD10B504468088EAF7C0FA64
S21402926020B1A179BDE81040EAF79EBB10BD532895
S21402927038B505460C4604D1BDE838400846ECF73A
S21402928065BD0620F7F7A6F860B96379142D03F0DA
S2140292903F03637104D0722D07D163F03F036371FD
S2140292A0A57138BD40F20740FBE72120F9E700230D
S2140292B003608380837170470020704710B50446B0
S2140292C060B1806C50B1EAF7D7FFA06C0028FAD1E3
S2140292D02046BDE810400321EAF7CEBA10BD438906
S2140292E007B58B420CD050F80C2B40F2014192F895
S2140292F07020ADF806308DF8042001AA04F0C1FAF9
S21402930003B05DF804FB436943F00403436170470E
S214029310436923F00403436170474069C0F3800049
S214029320704747F2305300220068F6F779BF0068AC
S21402933004F03ABA38B5436904469B070D4603D58E
S21402934040F20941FFF7F3FFEAF75EFB08B1A369B3
S2140293501D702046BDE8384040F20941FFF7E1BFE4
S21402936007B5027C012A09D00122027440F20942A2
S214029370914206D040F20A4291420ED003B05DF806
S21402938004FB4FF4816150F80C3B01AA93F870304D
S2140293908DF8043004F075FAF0E750F80C3B01AA99
S2140293A093F870308DF80430F4E738B522F00043B5
S2140293B00D46114640F20322934204461AD0B3F5F4
S2140293C0017F09D240F20122934213D040F20222D8
S2140293D0934209D0002038BD6FF481621344012BFA
S2140293E0F8D8FFF7BDFFF5E700F020F9204601F0B8
S2140293F071F9EFE763699B0704D540F209412046FD
S214029400FFF795FF2846FFF759FFE3E708B5EAF7A7
S214029410F5F900B1806C08BD08B500B10068EAF73E
S214029420FBF908B9034602E0836C002BF7D0184616
S21402943008BD10B5044642F62A3000F054FB031B62
S2140294405842584110BD022806D142F62A330888EF
S214029450C31A5842584170470020704710B5044658
S21402946042F6293000F03FFB031B5842584110BD1C
S21402947090F8200000F0010070471FB504466846C9
S214029480EBF71EF81022694604F12100F9F7F6FF01
S214029490B0FA80F0400904B010BD08B5FFF7EDFF42
S2140294A0B0FA80F0400908BD70B5044600F1210507
S2140294B091B92846EBF704F8236893F97500E9F7A3
S2140294C03BFC78B120682B46BDE8704010220D2187
S2140294D090F97500FFF76BB9102200212846F9F7BC
S2140294E0F7FFE9E770BD38B50446002390F8202060
S2140294F041FA03F0C50703D442FA03F0C0071ED4AC
S2140295000133082BF4D101F0010523682A4384F8BD
S214029510202093F97500E9F70FFC40B1234653F873
S214029520200B01220C2190F97500FFF740F90DB9C6
S214029530002038BD00212046FFF7B6FFF8E71320CB
S214029540F7E768B13F290AD800EBA10090F831008E
S21402955001F003014900084100F0030070470020B3
S214029560704710B50368044693F97500E9F7E4FB03
S21402957050B12346BDE8104053F8310B10220B21A0
S21402958090F97500FFF713B910BD10B590F8743056
S214029590DB0706D490F97530013314BF0F2005207F
S2140295A010BD847CECF7A4FA844234BF0C20002061
S2140295B0F6E730B5044685B06846EAF781FF102123
S2140295C0684604F077F92046EBF788F96B46C268DE
S2140295D004AD06321C4603CCAC42106051602346F2
S2140295E002F10802F6D105B030BD08B5EBF776F900
S2140295F008B1EBF747F9C0B208BD013810B580B222
S214029600EBF76CF9044608B9002010BD408800F05C
S2140296109CFB0028F8D0207BF7E708B5EBF75EF94D
S21402962018B1007AC31F5842584108BD70B50546A6
S21402963055F8213B044693F97500E9F77DFB20B9FE
S2140296402846BDE87040EAF73BBF234653F8310B85
S21402965010220B2190F97500FFF7EAF8234653F81B
S214029660200B01220C2190F97500FFF7E1F8206823
S2140296702B46BDE8704010220D2190F97500FFF7C9
S214029680D7B801302DE9F04185B228460E46EBF7F1
S21402969025F942F60217044642F603089CB1204614
S2140296A0EBF7F0F878B1204600F05EFBB84205D141
S2140296B00EB123883380607BBDE8F081204600F03F
S2140296C053FB404502D14FF0FF30F5E70135ADB20E
S2140296D02846EBF703F90446E0E72DE9F04707468C
S2140296E00E4690460D4642F6021942F6030A013528
S2140296F0ADB22846EBF7F2F8044678B1EBF7C2F8BB
S21402970060B1204600F030FB484505D1237A072B8E
S21402971004D10320BDE8F0875045E8D141463046E3
S214029720FFF7AFFF431C014604D03846BDE8F047BA
S214029730FFF707BF0020EDE770B505460846164658
S214029740EBF7CCF8044608B9012070BDEBF79AF89F
S2140297500028F9D0F00713D4B10734D4720702D523
S214029760A3885B0732D516F0060F31D116F40060D7
S214029770EBD0A38813F4006F14BF00200620E4E7A2
S214029780A388DA0743D513F0700F0AD1980610D4CF
S2140297905806E1D52B6893F975300133DCD10820E1
S2140297A0D3E72868FFF7F1FEA388990608D50028B4
S2140297B0CBD12A6892F874209207E9D40520C4E730
S2140297C00028C2D1E4E7A3889907C7D40320BCE7E0
S2140297D0A38813F4E06F09D198050FD45B05C5D5AD
S2140297E02B6893F975300133C0D1D8E72868FFF7A4
S2140297F0CCFEA388990507D50028A6D12A6892F838
S21402980074209207EAD4D9E700289ED1E6E7022020
S2140298109BE738B504460846EBF760F8054608B9F4
S214029820012038BDEBF72EF80028F9D0AB8813F4E8
S214029830E04F0CD1980412D413F48040F1D0236880
S21402984093F97500431C58425841C000E9E7206866
S214029850FFF79BFEAB88990408D50028E1D1226861
S21402986092F874209207E7D40520DAE70028D8D1C8
S214029870E2E72DE9F0474FF00009044683F800902E
S2140298800846A2F80090884616461D46EBF726F8CC
S214029890074620B9012300202B70BDE8F08774B17B
S2140298A0EAF7F0FF0028F5D04046FFF7D7FD30B1C3
S2140298B0012385F8009004F120003380EDE72B4663
S2140298C0324639462046BDE8F047EAF785BDF8B588
S2140298D016461C460F46BDF9185009B90120F8BDB8
S2140298E050B93B7A072B0DD8DFE803F004181E2781
S2140298F02E0404160320F2E70846EAF7C3FF002800
S214029900EFD1EBE725EAE573B34214DBA0199842E0
S214029910CCBF0D200020E2E78020E0E7FB685B88F2
S214029920AB42B8BF2B46EFE7FA689388AB42B8BFA4
S2140299302B46B34206DA0720D1E7022D2B46B8BFE4
S2140299400223E1E75388E1E70620C8E72DE9FF474F
S21402995004460846894690460393EAF7BFFF054643
S21402996038B903A8F9F79FFF0127384604B0BDE8C7
S214029970F087EAF787FF0028F3D0039888B1FAF752
S21402998005F886B24FF0FF33424600932946334627
S2140299902046FFF79CFF074628B103A8F9F783FF86
S2140299A0E3E70646EEE795F808A0BAF1020F31D0D3
S2140299B0BAF1030F33D0BAF1010F08D0002C4ED102
S2140299C04FF0000A03A8F9F76EFF5746CDE7E8689E
S2140299D006303B46324603994044F9F753FF002CC3
S2140299E0EED02B7A032B3AD103A8F9F75CFF0021BD
S2140299F02846EAF72FFF70B30688697B2046FFF7F2
S214029A00A0FD0122034631462046CDF8009000F024
S214029A1093FCAAE7E86806EB08038380D8E7039B73
S214029A209A79D979891AC9B2481E012810D81344DE
S214029A3002291A7B04BF5B7B42EA03222B7B32EAB3
S214029A400303BFD101232046697BEAF79BFCC6E7E6
S214029A504FF00D0AB6E709F1FF36B6B2CDE7039B23
S214029A604946009320464346227F00F04BFC7CE7A3
S214029A70884270B504460D46164611D8012838BFEE
S214029A8001242046EAF72AFF10B14388B34208D0E1
S214029A900134A4B22046EAF705FF08B1A542F0D287
S214029AA00024204670BD70B50C4616461D4601467B
S214029AB0B8B1B3B1022C01D0102C12D1E0B2EAF741
S214029AC045FE4FF6FF718842024602D141F20A1065
S214029AD070BD3046FFF7CCFF0028F7D02880002064
S214029AE0F6E72120F4E7002307B50122ADF80400CB
S214029AF0ADF8063002210DF1060301A8FFF7D3FFE9
S214029B00BDF8060003B05DF804FBF8B50F4616462E
S214029B10441CA4B22046EAF7E1FE10B9013CA0B20A
S214029B20F8BD00F021F90546304600F0F9F820B1FC
S214029B30284600F0F5F80028F0D1304600F0E9F8A3
S214029B4020B1284600F0E5F80028E7D10134A4B297
S214029B502046EAF7A7FE08B1BC42DBD94FF6FF70F3
S214029B60DEE72DE9F04F9A4687B08B880D460C88C3
S214029B70814604A90220ADF810309046EAF7E6FDC9
S214029B80AB680090A888AF89059300F0C2F838B198
S214029B90102F05D105A8EAF7BFFD022808BF022745
S214029BA09DF840B00BF0010B38E02046009AFFF714
S214029BB05FFF0646A8B3AA886988FFF7A6FF044691
S214029BC03046FFF712FD40EA0B00C0B200B30DF1BB
S214029BD00F03314648460DF11202FFF74AFE9DF882
S214029BE00F302BB1A8F80060184607B0BDE8F08F1A
S214029BF0BDF81220BA420BD13A4605990193F9F7FD
S214029C003DFC019B20B9A8F80060AAF80040EBE7EB
S214029C104FF6FF739C4201D00134A4B26988A14278
S214029C20C3D20A23E0E708B5EAF758FEBDE80840C3
S214029C3000F09AB838B505460846EAF74FFE0446DD
S214029C4010B94FF6FF7038BD0DB96088FBE7EAF72A
S214029C5019FE0028F9D1F4E770B5044642F605204D
S214029C60FFF741FFB0B10021FFF70BFD05460146A5
S214029C702046FFF766FC06461022002104F131005A
S214029C80F9F726FC324629462046BDE870400023F6
S214029C90EAF778BB70BD7FB504460D461022002158
S214029CA06846F9F715FC0026AB575A1C1BD03146FE
S214029CB02046FFF746FC1946002BB8BFD91C04AA5B
S214029CC002EBA10100F00302584200F0030003F089
S214029CD0030358BF43425B0002FA03F311F8102C49
S214029CE0134301F8103C0136402EDDD16B4604F1D9
S214029CF0310504AE1A4603CAB242286069601346AA
S214029D0005F10805F6D1204604B0BDE87040FFF71D
S214029D1028BCA0F5205001288CBF002001207047E7
S214029D2042F60303C31A58425841704708B5030463
S214029D3009D4EAF7D7FCA0F5205080B201288CBFE0
S214029D400020012008BD0020FCE7020408B507D465
S214029D50EAF7C8FC42F60303C31A5842584108BD44
S214029D600020FCE7C00B70470346B3F90230408878
S214029D70002B01DBEAF7B6BC0020704708B5FFF7F8
S214029D80F3FF42F60303C31A5842584108BD08B50A
S214029D90FFF7EAFFA0F5205080B201288CBF002012
S214029DA0012008BD1FB550F80C4BADF80A3094F8E8
S214029DB07040069BADF806108DF8082040F203515D
S214029DC001AA8DF80440039303F05BFD10B906A8C0
S214029DD0F9F769FD04B010BD2DE9F04F4FF0000809
S214029DE089B005460E461446CDF8148000F14407A5
S214029DF012B305A8F9F757FD3846F9F754FD85F86A
S214029E001C80002332460093182123462846FEF77C
S214029E10E1FD04F58854284650F80C3B40F2055103
S214029E2093F8703006AA8DF81830079403F029FDCF
S214029E30002009B0BDE8F08F43691A070ED523F05B
S214029E400803436105A8F9F72EFD3846F9F72BFDFE
S214029E502C772846FEF73AFE0024DCE7406C059095
S214029E6048B980463846F9F73CFD03460590002877
S214029E7046D1044657E083794FF0FF3B0C33184433
S214029E80B0F80160B0F803A03046EAF727FD039069
S214029E900598F9F740FD6C6CA0F105081FFA88F8E2
S214029EA0059BA3420ED14346524628460399CDF857
S214029EB000B0FFF70CFD0446F0B14FF00008CDF8F5
S214029EC0148096E7A3790C3304EB0309B9F8012052
S214029ED0B2420CD12046F9F71EFDB9F80320431F03
S214029EE012FA83F35B45B8BF5B460FFA83FB204644
S214029EF0F9F70AFD0446D3E70598F9F705FDAEE73C
S214029F009979284601F10C021A44B2F8016005312B
S214029F10B2F8032099713146FFF718FDCDF8148088
S214029F20044600289ED005A8F9F7BDFC3846F9F786
S214029F30BAFC00232B77002C8BD062E72DE9F04782
S214029F40089C0E4617469846054610B1037C012B20
S214029F5061D02846FFF7D7F914F08009304614BFBF
S214029F604FF0200A4FF0100AFFF747FB1AEA000FDD
S214029F704DD03046FFF757FE42F6052398420FD1E2
S214029F8014F0010219D031462846FFF742FC08B306
S214029F9000F588542846FFF7BBF92046BDE8F0874F
S214029FA02846FFF765FA0028EAD02846FFF775FA32
S214029FB00028E5D041F21214ECE7B9F1000F314661
S214029FC0284614BF02240124FFF787FB2042DAD179
S214029FD00224DFE7B9F1000F11D0EB8BCBB9434671
S214029FE03A4631462846FEF7A3FD04460028D1D15C
S214029FF040F20A412846EE83FFF793F9CAE7434642
S21402A0003A4631462846FEF770FD0446C2E721244A
S21402A010C0E70524BEE70724BFE72DE9F047002581
S21402A02086B09DF8389090F81CA004460F469046DD
S21402A0300F9E0577B9F1000F09D00A464B465146E6
S21402A0400096FEF7C7FC284606B0BDE8F087BAF1D0
S21402A050080FADF8169026D145893246043DADB2BA
S21402A0609D424FF002014FF00900A8BF1D46FEF7C1
S21402A07041FC0222814605A93046ADF81470F9F774
S21402A080AAFE2A4641463046F9F7A5FE0546831C37
S21402A0903146204689F80130E9F798FCADF81650AB
S21402A0A0BDF81600D0E7BAF10A0F0DF116020CBF82
S21402A0B00B210D21CDE90162009301224346FEF7F2
S21402A0C0ADFC1A28ECD111233A4651462046CDF86B
S21402A0D00090ADF81690FEF77DFCE1E7F0B500259E
S21402A0E089B01746012204460E460393ADF8165071
S21402A0F0FFF722FB8DF81500002846D13046FFF701
S21402A10098F910B13046FFF754FA3046FFF785FA51
S21402A110B8B103A8F9F7C7FB204650F80C2B237FEB
S21402A12092F8702040F202518DF8182006AAADF877
S21402A1301A608DF81C30ADF81E7003F0A2FB09B051
S21402A140F0BD0DF115030DF1160231462046FFF75C
S21402A15090FB9DF8153002465BB9BDF81630BB423F
S21402A16035BF0723DB1B8DF81530D21928BFADF893
S21402A1701630039B314601939DF815302046009316
S21402A180BDF81630FFF749FFD9E72A46F1E72DE971
S21402A190F04F89B002901846154605930C46FEF716
S21402A1A086FB80460598F9F7F1FB0023B0F1010A19
S21402A1B0B5F80A908DF81D3000F089801AF0010774
S21402A1C040F085805046E0F76FFB0646002800F018
S21402A1D08480524608F10101F9F782F901212046EE
S21402A1E0059AFEF787FBB8460AEBDA7A09F1FF3BD7
S21402A1F003904FEA6A0ABA4544DD36F81740012250
S21402A20021462846FFF798FA8DF81D0068B92046C1
S21402A210FFF70FF910B12046FFF7CBF92046FFF7FC
S21402A220FCF978B180238DF81D303046F9F71AFE16
S21402A230059B2246009328469DF81D300299FEF79C
S21402A240C9FB26E00DF11D03214628460DF11E022C
S21402A250FFF70FFB9DF81D300490002BE5D1029B03
S21402A260202B1BD1ABEB0803012B0BDD0DF11E01DE
S21402A27002220598F9F7AFFD012801460CD805A879
S21402A280F9F726FC3046F9F7EDFD28460399FEF766
S21402A2908AFB09B0BDE8F08F08F10208BDF81E205F
S21402A2A0ABEB08039A42C2BF09F1FF33A3EB0803E4
S21402A2B0ADF81E30BDF81E20DDE90410F9F78BFD5F
S21402A2C0BDF81E309842DDD39844013793E7042345
S21402A2D000248DF81D302646A7E71123F8E770B54F
S21402A2E004460D461646FFF7A4F840B933462A46FA
S21402A2F02146FFF72BFB08B100F5885070BD41F2EE
S21402A3000310FBE71FB550F80C4BADF80A3094F873
S21402A3107040069BADF806108DF8082040F20151F9
S21402A32001AA8DF80440039303F0ABFA10B906A80D
S21402A330F9F7B9FA04B010BD1FB550F80C4BADF8DA
S21402A3400A3094F87040BDF81830ADF806108DF853
S21402A350082040F2045101AA8DF80440ADF80C30F2
S21402A36003F08FFA04B010BDF0B5122785B0039241
S21402A3700777022205460E46FFF7DEF9044668B165
S21402A38003A8F9F790FA00232B77002332460093AE
S21402A390122123462846FEF71DFB0FE0039A30469D
S21402A3A0937903339371FFF738F948B1039B3A4622
S21402A3B00093314623462846FFF7F4FC05B0F0BD6D
S21402A3C042F62930FFF78FFBB04220D1039830B90E
S21402A3D003A8F9F768FA00230D242B77D5E7F9F7D7
S21402A3E0D5FA80B20128F3D1039B28469A79134402
S21402A3F0197BFFF778F8044603A8F9F754FA002306
S21402A4002B77002CC1D12846FEF727FBD6E722463B
S21402A41031462846039BFFF799FA0446EFE72DE9F3
S21402A420FF410392042204460D46FFF785F90746CC
S21402A43028B103A8F9F737FA04B0BDE8F0814FF067
S21402A4405208039A284693790333937184F81C8042
S21402A450FFF7E3F8064640B1039B424600932946BF
S21402A4603B462046FFF79EFCE6E742F62930FFF71A
S21402A4703AFBA842039B0BD19A7920461344197BD8
S21402A480FFF731F803A8F9F70EFA00232377D3E78C
S21402A490324629462046FFF759FAF6E72DE9FF41EC
S21402A4A08B7904460C330B44B3F801700E463846DB
S21402A4B0B3F80380FFF799F8002858D002223946ED
S21402A4C02046FFF739F90546E8B93846FFF7A5F8FA
S21402A4D068B116222277B37939460533B37120461E
S21402A4E043460096FFF75EFC04B0BDE8F081E0F755
S21402A4F0B1F933461B680135EDB2002BFAD10635A9
S21402A500A8421DDC092504F14400F9F7CCF92B46D4
S21402A5103A46162120460096FEF75CFA092DE3D14C
S21402A520204650F80C3B40F2055193F8703002AAD0
S21402A5308DF8083041F20913039303F0A2F9D3E72A
S21402A54001213046F9F712FC01460028DAD004F160
S21402A5504400F9F77DFAB37942460533B3713946BA
S21402A5603346204604B0BDE8F041FEF785BA012521
S21402A570C9E713B5044641B94430F9F794F92046C1
S21402A58002B0BDE81040FEF7A1BA1822436902776E
S21402A59013F0080306D0002319460093FFF702FCC7
S21402A5A002B010BD1A46194602B0BDE81040FFF7C9
S21402A5B013BC7FB5C58B04462DB342F60520FFF7C4
S21402A5C092FAA84207D100212046FEF76DFF636982
S21402A5D023F001036361002640F20A412046FEF79B
S21402A5E0A6FE29460DF10E022046ADF80E60FFF7D4
S21402A5F074F8BDF80E200346009229460222204631
S21402A600FFF79AFEE68304B070BDF7B504461F4610
S21402A6100E461546FEF777FE237C012B58D0237F85
S21402A620182B2CD063691B0713D5217F16292DD032
S21402A63008D8122914D002252046FEF769FE2846BD
S21402A64003B0F0BD18291AD05229F4D1002323777B
S21402A65013E03046FEF7E1FF0028E6D12125EBE7BE
S21402A6600023237735B1009332462B462046FEF769
S21402A670B1F902E02046FEF7F0F90025DCE72A46AB
S21402A68031462046FFF7A8FB0546D5E70023237789
S21402A690002DE8D105211720BDF82430089A009530
S21402A6A0FEF74CF920B91123324612210095DDE758
S21402A6B0FEF701F96269034642F008026261827996
S21402A6C03146053282713A462046FEF7D5F9D4E77E
S21402A6D00725B1E72DE9F041054688B042F6052088
S21402A6E0FFF701FA064604A8E9F7EAFE102205F18A
S21402A6F021010DEB0200F8F7C1FE50B101212846F8
S21402A700FEF7D2FE2846FFF7A7FA6B6923F001038D
S21402A7106B6142F60303022003A9ADF80C30EAF798
S21402A72015F8012407464FF0000820463A464FF631
S21402A730FF71FFF79DF9044610B908B0BDE8F08135
S21402A740FEF753FF0134A4B20028EED0A64203D18E
S21402A75031462846EAF7E8F8214628460DF10E0269
S21402A760ADF80E80FEF7B9FF03460028DDD0BDF82F
S21402A7700E202146009228460122FFF7DDFDD4E78F
S21402A78008B5E9F78BFE0020EAF708FD002008BDB1
S21402A79010B5044680691430F9F785F8A069BDE85B
S21402A7A010401830F9F77FB82DE9F0410F461446ED
S21402A7B005461E46FFF7ECFF23463A4608210020D0
S21402A7C0D5F81880F9F734FBAA69C8F8140053695B
S21402A7D023B1002054811682BDE8F0811A20FBE7DF
S21402A7E070B504460846F9F7D1F8A16986B28A8997
S21402A7F04D8912B1521B96420CDA6389581E80B2FA
S21402A80025B90A78082A04BF043B98B2831B58422B
S21402A810584170BD0020FCE730B5044654F80C0BD6
S21402A8208DB09DF8405090F8700042EA01428DF8D3
S21402A83004001946029203A82A460795F8F750FE26
S21402A84040F20241204601AA03F01BF80DB030BDCB
S21402A85010B550F80C4B86B094F87040ADF80E1058
S21402A860ADF8102040F2064103AA01938DF80C4081
S21402A870059303F006F810B901A8F9F714F806B024
S21402A88010BD37B504460D46FFF782FF204640F25C
S21402A8900941FEF74CFD00222046A36940F207411B
S21402A8A01A7050F80C3B6A4693F8703001958DF892
S21402A8B0003002F0E6FF03B030BD13B5019100216F
S21402A8C0044601F0AEFF0422002320460DEB0201EF
S21402A8D0FFF76AFF02B010BDF0B504460F461E46EB
S21402A8E0154685B052B983691B78072B30D0082BE2
S21402A8F014BF15460925002E18BF0D250A98F9F72C
S21402A90045F8A3699A894AB15B8981B2D21A914203
S21402A91004DD92B2891A0AA8F9F7DAF8204650F846
S21402A9200C3B40F2054193F8703001AA8DF80430D2
S21402A9300A9BADF806708DF80850ADF80A600393CE
S21402A94002F09FFF10B90AA8F8F7ADFF05B0F0BDF8
S21402A9500B25D0E7B0F80AC02DE9F041ACF1020CA5
S21402A9609C4505460E4617461C4603DDBDE8F041EB
S21402A97001F004BF83692246198100233946FFF796
S21402A98013FF044658B9AB690246314628460E33D1
S21402A99001F00DFF044610B12846FFF7F9FE2046E7
S21402A9A0BDE8F0812DE9F043202A8FB00546174610
S21402A9B01C4603910BD941F2041421462846FFF7A0
S21402A9C060FF03A8F8F76FFF0FB0BDE8F083002B17
S21402A9D046D10846A2F10608F8F7D8FF4FF6FF76EA
S21402A9E05FFA88F81FFA80F94C4510D3AB69DA880B
S21402A9F0B24239D942F60203ADF814300223711C72
S21402AA000093284605AB89B201F061FE25E0234695
S21402AA103A46039906A8F8F735FFAB69BDF8186001
S21402AA209A88B242C7D8DA88B242C4D3BDF81A109E
S21402AA30BDF81C20B8F1000F09D02846CDF80080DA
S21402AA400DF11E033C44FFF7E7FEA4B2CCE728460E
S21402AA509E8019815A8101F053FE04460028B0D028
S21402AA6041F20A139C42A8D10024A6E72DE9F0473A
S21402AA701C4696B0836901921B780646062B03D0C5
S21402AA80112B60D001A81CE00129104614BF4FF01C
S21402AA9010084FF002080392002C4CD1F8F776FF0C
S21402AAA04FF6FF7508F1020987B2A7420ED8B369BE
S21402AAB0DA88AA4237D8002421463046FFF7E1FE5C
S21402AAC003A8F8F7F0FE16B0BDE8F08723464A461C
S21402AAD0039904A8F8F7D6FEB369BDF810509A8811
S21402AAE0AA422DD8DB88AB422AD39DF81330282BF6
S21402AAF0E1D0B2465AF80C3B424693F870300DF15C
S21402AB0012010DA88DF83030ADF83250CDF84480E1
S21402AB104C44F8F7E5FC40F2044150460CAA02F019
S21402AB20B0FEA4B2C1E7691C304689B201F09FFDAF
S21402AB3004460028C4D041F20A139C42BBD0BBE7AD
S21402AB4041F20414B8E70129104614BF122704275D
S21402AB50049284BBF8F71AFF42F602184FF6FF710A
S21402AB6085B2A5420DD8B369DB888B4221D9013163
S21402AB704FF6FF72304689B201F079FD0446A0B165
S21402AB8019E023463A4604990CA8F8F77BFEBDF86E
S21402AB903220BDF8301042459DF8333007D1B269F5
S21402ABA0022330460A32FFF7D5FE04A889E7282B8F
S21402ABB006D141F20A1421463046FFF762FEF4E758
S21402ABC03C44A4B2CDE7F0B5836987B003911B7805
S21402ABD00546022B144653D108460491002A47D153
S21402ABE0F8F7D4FE4FF6FF7687B2A7420DD8A869CB
S21402ABF0C288B2422BD8002421462846FFF741FEDF
S21402AC0004A8F8F750FE07B0F0BD042204992346C4
S21402AC1005A8F8F737FEAA69BDF814109088BDF8A3
S21402AC201660814229D3D388994226D8864224D3F5
S21402AC309E4222D85069927A837904340C33009269
S21402AC40034432462846FFF7E7FDA4B2CDE7436940
S21402AC504089711C0190987989B20C3003440093A4
S21402AC6028464FF4205301F016FD04460028C7D0AC
S21402AC7041F20A139C42BFD1BDE741F20414BBE77E
S21402AC8003A8BEE7F0B587B0054617461C460391F3
S21402AC9053B9FFF7A5FD38B101232246284603998A
S21402ACA000F084F807B0F0BDA9690B78082B05D828
S21402ACB0062B44D8032B0FD003A83DE00F2BFBD165
S21402ACC0039B0593002C6DD1002B6BD022462846A1
S21402ACD00989FFF7BDFD59E00398059018B3ECB952
S21402ACE0102683794A890C3309890344009628463C
S21402ACF0FFF792FDAB699988DA88914217D242F63D
S21402AD000203ADF8103002230131009328460DEB02
S21402AD10060389B201F0DBFC044660B141F20A1375
S21402AD209C4204D101E0002CF8D141F21F042146D6
S21402AD302846FFF7A6FD05A8F8F7B5FDB2E7039883
S21402AD4005907CBB70B3F8F721FE0FB386B2B7420C
S21402AD501ED2394605A8F8F7DDFF38B905A8F8F778
S21402AD60A2FD1A212846FFF78CFD9BE78379F61B86
S21402AD70C218023391898371AB6900225B89B6B22D
S21402AD8000902846FFF7A8FDB742E2D92146E9E738
S21402AD90AA69284653891189059A00920022FFF76C
S21402ADA09BFDF3E705A8F8F77EFDEFE7F0B585B063
S21402ADB006461F461446039132BB0846F8F7E6FDE0
S21402ADC0054608B3B1690B784A89082B0BD8062BBF
S21402ADD00BD9039B09893046009313462246FFF798
S21402ADE07BFD039401E00F2B19D0B1694B89EA1859
S21402ADF092B2B2F5007F4A8117D82FB13046098940
S21402AE0001F08FFC044628B1002223461146304644
S21402AE10FFF738FF03A8F8F746FD05B0F0BD304649
S21402AE20039B0989FFF714FDDBE741F20414EBE705
S21402AE3073B5836901911B780446082B15460ED814
S21402AE40062B0ED9019E20463146FFF7C9FC2A463C
S21402AE50034631462046FFF7A9FF02B070BD0F2B0E
S21402AE60F0D001A8F8F71FFDF7E730B5836987B081
S21402AE7003911B780546092B144611D105915AB940
S21402AE80134600910F222146FFF726FD214628464B
S21402AE90FFF7F7FC07B030BD05A8F8F704FDF5E7A5
S21402AEA003A8F8F700FDF5E770B5836986B003914D
S21402AEB01B7805460A2B144631D1059132BB0598FC
S21402AEC0F8F764FD08B9044620E00023022205A92B
S21402AED00DF11200F8F7E0FC012815D9BDF8126052
S21402AEE096B10598F8F752FD86420FD8BDF81210B3
S21402AEF005A8F8F70FFF48B1002300902122194653
S21402AF002846FFF7E9FCDAE741F20D1405A8F8F740
S21402AF10CAFC21462846FFF7B4FC06B070BD03A85B
S21402AF20F8F7C1FCF9E72DE9F04F87699FB0039166
S21402AF303F780546052F16461C4604D8032F16D81A
S21402AF4010D003A867E0082FFBD108461391002B08
S21402AF5000F0C28013A8F8F7A6FC21462846FFF7A1
S21402AF6090FC01E0FFF71EFD1FB0BDE8F08F202A1F
S21402AF700846049148D8002B40F0A880571FF8F7DF
S21402AF8005FD4FF6FF78FFB21FFA80FA0DF11C0B93
S21402AF90A24506D8AB69DA88424500F287800024CB
S21402AFA034E02346324604990BA8F8F76BFCAB69EB
S21402AFB0BDF82C809A88424526D8DA88424523D3A3
S21402AFC05969F1B9A94659F80C1BBDF82F2091F81A
S21402AFD070109DF82E308DF84C10ADF84E200DF105
S21402AFE031013A4615A88DF850301997F8F778FAD5
S21402AFF040F20341484613AA02F043FC3444A4B28A
S21402B000C6E75A89102A09D941F20414214628466D
S21402B010FFF737FC04A8F8F746FCA5E700235846D6
S21402B020F8F730FCAB690DF13101102FCDE9051BA5
S21402B03093F80A902BD1B9F1020F34D105A8E9F79B
S21402B0406BFB0228DAD14A46DDE90510F8F716FA54
S21402B0500028D3D12B4653F80C0BBDF82F1090F8CE
S21402B06070009DF82E208DF84C00ADF84E108DF82D
S21402B070502059464A4615A80293CDF86490F8F730
S21402B0802FFA029B40F20341184613AAB4E7022F96
S21402B09009D1B9F1100F06D106A8E9F73DFB02283F
S21402B0A0ACD13A46D0E73A465846CFE742F60303D3
S21402B0B0ADF84C30022308F101010093284613AB89
S21402B0C089B201F004FB04460028A3D041F20A1319
S21402B0D09C423FF464AF99E759B900210023AA695C
S21402B0E0284693815381118113993246FFF7CAFD90
S21402B0F03AE7F8F74BFC16B180B28642EDD1139AC6
S21402B1009379D118023389899371E7E72DE9F043E1
S21402B1101C468FB0836903911B780546012B1746A0
S21402B1205BD108460591F8F731FC202F0BD941F286
S21402B130041421462846FFF7A4FB05A8F8F7B3FB3C
S21402B1400FB0BDE8F083002C42D10598F8F71EFC3C
S21402B1504FF6FF76A7F104081FFA88F81FFA80F95F
S21402B1605FFA88F8A14505D8AB69DA88B24220D8DA
S21402B1700024DEE723463A46059906A8F8F782FB3E
S21402B180AB69BDF818109A88BDF81A609142CED302
S21402B190DB889942CBD89642C9D39E42C7D832465C
S21402B1A02846CDF8008007AB3C44FFF735FBA4B237
S21402B1B0D8E74FF42053ADF810300223711C0093E9
S21402B1C0284604AB89B201F0C0FA04460028B4D07F
S21402B1D041F20A139C42CBD0ABE703A8AEE78369E1
S21402B1E01B780B2B02D0103B012B01D8FFF749BB73
S21402B1F07047F0B585B00193836917461A780446FE
S21402B2000B3A0A9E072A42D8DFE802F00441304190
S21402B2104104412901980390F8F7B8FB85B203A8C8
S21402B220F8F741FB26B131462046FFF746FB0FE012
S21402B230A1697A194B8992B293420BD90A8201F11B
S21402B2400E032046098901F0B2FA01460028EBD126
S21402B25005B0F0BD0121204601F0E3FAF5E72EB96C
S21402B2601A8A0198BA420BD04FF48166019B03A852
S21402B2700393F8F718FB31462046FFF702FBE7E791
S21402B280DA895969F8F78DFB0028EDD1EEE701A8B7
S21402B290F8F709FBDCE738B58269044613780D46F1
S21402B2A00E2B12D0102B01D00B2B12D1536933B1B7
S21402B2B0997902F114000B44DD68F8F7F4FA29468E
S21402B2C02046BDE83840FFF78ABFBDE83840FFF7A2
S21402B2D0D8BA38BD07B5002300921B22FFF7FCFA46
S21402B2E003B05DF804FB07B583695980009200231A
S21402B2F01D22FFF7F1FA03B05DF804FB08B500F073
S21402B3007EF8407940F4805008BD08B500F077F822
S21402B310407940F4805008BD70B506460D46144686
S21402B320E1F7E0FA4379C57523F0030343F003031C
S21402B330437140F60943C380A0F8156020601530BB
S21402B34070BD13B50C4601AAFFF7E6FF019BDA793A
S21402B3501444DC7102B010BD2DE9F743144688464A
S21402B3609DF828701E4602EB07095FFA89F101AACA
S21402B370FFF7D2FF019D224641462846F8F72BFDED
S21402B38004462FB13A4631462846F8F724FD0444CF
S21402B390A14506D02846F8F786FA1A2003B0BDE87B
S21402B3A0F08328680028F9D0437923F0030343F09A
S21402B3B0020343710068F5E773B5064610460C466D
S21402B3C01546F8F7E3FA211801AA3046C9B2FFF784
S21402B3D0A3FF019B0646DA791444DC712B4633B987
S21402B3E001A82946F8F734FB304602B070BD5C79F6
S21402B3F024F0030444F002045C711B68EFE708B50E
S21402B400E1F776FA83790C33184408BD08B5FFF7DE
S21402B410F6FF407940F4805008BD4B88052B05D1D5
S21402B42008880E288CBF0020012070470020704735
S21402B430F8B505460F46164604210A220020F8F7FC
S21402B4408DFC0246B8B1847905210C3403194FF0FD
S21402B450060C00209970D87002F804C013241C71E0
S21402B46002245F715870D8719C7128461E81BDE80F
S21402B470F840EAF78BB8F8BD73B505461046019258
S21402B4800C46F8F783FA042186B20198F8F7A9FB6E
S21402B490024628B901A8F8F706FA1A2002B070BDCB
S21402B4A0837901900C33C1184C80C6522146284637
S21402B4B0EAF76CF80020F1E72DE9F04106468846E7
S21402B4C0174604210A220020F8F748FC0246B8B1C3
S21402B4D0857900240C354319052106209970DC7005
S21402B4E050550120187102205C70987183F805800F
S21402B4F03046DC711F81EAF749F82046BDE8F08144
S21402B5001A20FBE7002070470020704707B501A805
S21402B5100192F8F7C8F903B05DF804FB7047002003
S21402B52070470F2070470F2070477047EAF7F4BE47
S21402B530EAF70CBF38B545F21B020C460B46002153
S21402B540054600F059F930B92CB121462846BDE827
S21402B5503840EAF759BB38BD00F070B900F0E8BFD2
S21402B56000F0F1BF10B504464C30FDF75AF984F8E6
S21402B57075002046BDE8104000F0B5BF10B5044681
S21402B580FDF713F901280DD094F8733094F9700082
S21402B590012B14BF0521032184F83210BDE81040A8
S21402B5A001F041B8A36843F40073A36010BD00F035
S21402B5B077B910B50446B0F80300E8F711F930B1D0
S21402B5C0B4F80D10621DBDE8104000F0CFB910BDF2
S21402B5D010B50446B0F80300E8F702F940B1B4F833
S21402B5E00D1004F10F03621DBDE8104000F0C1B952
S21402B5F010BDCB0448BF41F480618160704710B52E
S21402B6000446006C30B94FF4B070F8F726FC20649C
S21402B61020B910BD4FF4B07102F05AF9FF23226C24
S21402B62082F85E31A3681B0603D5C023012013707F
S21402B630EFE794F87330012B14BF80234023F5E71D
S21402B64008B5D0B2E8F7DAF828B190F8773003F008
S21402B6507F0380F87730012008BD10B5044645F216
S21402B6601A0102F0A1F82046BDE8104047F2305316
S21402B670002245F21A01F4F7D3BD10B50A46044675
S21402B68008210020F8F76AFB10B1837903441C7383
S21402B69010BD38B505460C460D201121FFF7EDFF0B
S21402B6A0024688B12146837903440D3304F1100023
S21402B6B051F8044B814243F8044BF9D12846BDE8C1
S21402B6C038400621FFF7D8BE38BD38B505460C46C9
S21402B6D004201121FFF7D1FF024688B12146837963
S21402B6E003440D3304F1100051F8044B814243F831
S21402B6F0044BF9D12846BDE838400621FFF7BCBE08
S21402B70038BD38B505460C4603201121FFF7B5FFB4
S21402B710024688B12146837903440D3304F11000B2
S21402B72051F8044B814243F8044BF9D12846BDE850
S21402B73038400621FFF7A0BE38BD37B500220546C1
S21402B74008211046F8F70AFB0446C0B10C23012272
S21402B7500DF107018DF80730F8F73DFB296C202222
S21402B76051312046F8F737FB296C202271312046EA
S21402B770F8F731FB224606212846FFF77DFE03B086
S21402B78030BD036C4BB983681B0608D490F873303F
S21402B790012B14BF80204020704718787047C020C5
S21402B7A0704770B50446FFF7ECFFEAF751FD0D4609
S21402B7B00346002245F2010120469847236C03B156
S21402B7C01D702846EAF744FD4FF4A04103460022C6
S21402B7D02046BDE87040184770B51546044648B185
S21402B7E0FFF7CFFFEAF734FD2A4603462046BDE8B8
S21402B7F070401847022070BD114608B51A4621F05F
S21402B8000041FFF7E9FFB0FA80F0400908BD08B52D
S21402B8100B4601461846F4F7DDFD003818BF012036
S21402B82008BD10B50446006838B11A2102F050F877
S21402B8302068F8F717FB0023236010BD30B58BB0E5
S21402B8400D46002201A9C0B2EAF720FB044620BB3F
S21402B85001460D220DF10B00F7F73AFEB5F803206C
S21402B8606B79ADF8082006A9019A02A88DF80A306D
S21402B870EAF74EFB40F20343BDF81820002818BF33
S21402B8801C469DF81A30102102A82A80AB7002F0DE
S21402B8901FF8102106A802F01BF820460BB030BD98
S21402B8A010B50446EAF758FA04F13400FFF7B9FF78
S21402B8B0A3685A0606D523F0400300212046A3605B
S21402B8C0E9F76EFD236C63B1D3F89400F6F7F4FD46
S21402B8D00421206C01F0FCFF206CF8F7C3FA002369
S21402B8E0236410BDF7B50D4669461646EAF7CEFA4A
S21402B8F0044698B929461022009801ABF6F747FE8F
S21402B90007461021284601F0D5FF2FB11021284600
S21402B91001F0DEFF40F2074406B13760204603B06E
S21402B920F0BD38B50446C51C03212846FFF76FFF55
S21402B930C8B9E27863797AB922791A43F4D003F067
S21402B9407F0343F0400363715323A3712146BDE88E
S21402B9503840FF20FFF772BFFF2AF0D122791A4043
S21402B960FF2AE1D0EBE740F2074038BD0021E9F7B5
S21402B97017BDF8B51D46836804465B060F46164695
S21402B9802DD41A20F8F769FA0146606320B92046DA
S21402B990BDE8F840E9F704BD034623F8027B3268A7
S21402B9A005F11001C0F8022072685A602A46636BDD
S21402B9B00A3352F8040B8A4243F8040BF9D11021D9
S21402B9C0284601F085FFA36843F0400213F4407F47
S21402B9D0A26004D02046BDE8F840EAF7F1BCF8BD04
S21402B9E038B504460D4605200221FFF746FE0246FC
S21402B9F0B8B18379062103445D732046FFF73CFD08
S21402BA0045F490512046EAF7FFF894F87330204642
S21402BA10012B18BF8021BDE8384008BF4021FFF740
S21402BA20C0BE38BDB1F5A04F70B504460D461646E9
S21402BA300AD045F20603994218D0324629462046D5
S21402BA40BDE87040EAF792BE836843F080038360E5
S21402BA5090F87330012B14BF80204020EAF7F8FBE1
S21402BA60002203462046BDE87040184793791344E7
S21402BA70597C41F49051EAF7C7F8DEE72DE9F04128
S21402BA8096B0154605AA1C4606460B4690461D9FCE
S21402BA9001F1200E9446186859680833ACE8030092
S21402BAA073456246F6D12021404601F003FF0DABF6
S21402BAB02A469C4605F1200E1D461068516808323B
S21402BAC003C572452B46F7D12021604601F0F2FEEF
S21402BAD0AEB3336C93F85D31013B022B2FD89DF841
S21402BAE0703043F0800301AA8DF854301546234681
S21402BAF004F1100C144618685968083303C46345E9
S21402BB002246F7D11021284601F0D4FE3B464122B8
S21402BB1041462846EAF7AAFA04461021284601F0CA
S21402BB20D7FE4121404601F0D3FE54B11EB1082192
S21402BB303046FFF755FF204616B0BDE8F0810023D9
S21402BB40D1E71021384601F0B5FE002EF3D022468A
S21402BB5045F211013046FFF73FFEECE72DE9F347C9
S21402BB6090F873800446B8F1010F056C04D195F87D
S21402BB705031002B40F0A88095F85C3195F8519131
S21402BB80032B00F2ED80DFE803F00283ACD019F05D
S21402BB90010F78D011210620FFF76FFD824600289C
S21402BBA000F09280877910210C3707447E1C3046BD
S21402BBB0FFF72DFE014658B120460821FFF710FF79
S21402BBC0002140F2074002B0BDE8F047EAF73AB873
S21402BBD0A07CC0F110023044F7F77AFCFCF7E5FDD2
S21402BBE0012895F95E010BD132460521E7F7C2F826
S21402BBF010B30821204602B0BDE8F047FFF7F0BEBA
S21402BC00334610220521FCF7D2FD28B1002140F26E
S21402BC101B40EAF717F8ECE7B8F1010F0CD004F175
S21402BC201803113756F8042BBE4243F8042BF9D1F9
S21402BC30A36843F48073A360524606212046FFF7AA
S21402BC401BFC0B210720FFF718FD074600283BD0F8
S21402BC50867995F95E310C36064443F43F43082153
S21402BC60A6F80130F01CFFF7D2FD0A22042195F94E
S21402BC705E01731CFCF79BFD0028C7D13A460621DD
S21402BC802046FFF7F9FB95F85C31013385F85C3105
S21402BC9019F0020F20D011210820FFF7EEFC06460D
S21402BCA090B10023817901AA01440D31FF2001934E
S21402BCB0FFF718FE58B108212046FFF791FE40F222
S21402BCC007400199E9F7BEFF02B0BDE8F0873246A9
S21402BCD006212046FFF7D0FB95F85C31013385F844
S21402BCE05C3119F0020F1BD008210920FFF7C5FCB2
S21402BCF007460028E8D086790C360644E8F70CFAA0
S21402BD0083793A4683F00803C3F3C003737003686B
S21402BD100621C6F8023083882046F380FFF7ACFB84
S21402BD2095F85C31013385F85C3119F0040F12D0B6
S21402BD3011210A20FFF7A1FC06460028C4D080790C
S21402BD4010223044AB210D30F7F7C2FB32460621F3
S21402BD502046FFF791FB95F85C31013385F85C319C
S21402BD60B8F1010F08D0236C93F85031002BABD1F9
S21402BD7095F85C31042BA7D1A36C10220B2195F900
S21402BD805E013133FCF713FD78B140F21B412046C9
S21402BD90E9F73AFFB8F1010F14BF8021402120468F
S21402BDA002B0BDE8F047FFF7FCBCA36C01220C21F1
S21402BDB095F95E012033FCF7FAFC0028E5D1A36C66
S21402BDC010220D2195F95E012133FCF7F0FC0028C4
S21402BDD0DBD1082295F95E01114604F11003FCF747
S21402BDE0E6FC0028D1D1236C93F85E2184F87520F6
S21402BDF0FF2283F85E21FCF7D8FC012818BFA3684F
S21402BE0020461CBF43F48073A360E9F7D5FEC1E762
S21402BE10EAF70ABD2DE9F04796B01D46DDE92297FE
S21402BE2005AB06460C469E46DDF8908002F1100AE7
S21402BE309C46106851680832ACE8030052456346D7
S21402BE40F6D17046102101F035FD09AA2B4694461C
S21402BE5005F1100E154618685968083303C5734570
S21402BE602A46F7D16046102101F024FD0DAA944619
S21402BE701E9B03F1100E154618685968083303C551
S21402BE8073452A46F7D16046102101F013FD9DF84E
S21402BE907C30D9F800008DF844309DF880300621B9
S21402BEA08DF845309DF8843012908DF8463099F81A
S21402BEB0063012A883F00803C3F3C0038DF8473098
S21402BEC0B9F80430ADF84C3001F0F4FCBB79062129
S21402BED083F00803C3F3C0038DF84E303B680DF1C0
S21402BEE04F00CDF84F30BB8804F11007ADF8533041
S21402BEF001F0E0FC01AA2346154614461868596864
S21402BF00083303C4BB422246F7D11021284601F06B
S21402BF10D1FC4346412205A92846EAF7A7F804467B
S21402BF201021284601F0D4FC412105A801F0D0FCDE
S21402BF3034B108213046FFF753FD16B0BDE8F0874E
S21402BF404046102101F0B6FC224645F21301304667
S21402BF50FFF742FCF1E72DE9F0419CB0154608AA2E
S21402BF601C4606460B469046239F01F1200E944639
S21402BF70186859680833ACE8030073456246F6D180
S21402BF802021404601F096FC10AB2A469C4605F15D
S21402BF90200E1D4610685168083203C572452B46AE
S21402BFA0F7D16046202101F085FC18AA9446229B10
S21402BFB003F1100E154618685968083303C5734511
S21402BFC02A46F7D16046102101F074FC04AA2346E3
S21402BFD0154604F1100C144618685968083303C451
S21402BFE063452246F7D11021284601F063FC6B46D2
S21402BFF0502241462846EAF739F8044610212846D8
S21402C00001F066FC5021404601F062FC34B1082182
S21402C0103046FFF7E5FC1CB0BDE8F081039B3846CE
S21402C0203B60042101F046FC6846102101F050FCFA
S21402C030224645F214013046FFF7CEFBEBE72DE928
S21402C040F3411D46089B04468846164690F87370D0
S21402C0505BB110211046FFF7DAFB30B1082120460B
S21402C06002B0BDE8F041FFF7BBBC236C013E691E7F
S21402C07003F1100013F8012F16F801CF834282EA6B
S21402C0800C0201F8012FF5D10022404601A90192C7
S21402C090E9F79AFF48B10198F6F70EFA082120460A
S21402C0A0FFF79EFC02B0BDE8F08129462846019AB9
S21402C0B0E9F72EFF0028EED1022F0CBF002306233D
S21402C0C004F159022B4404F15F0012F8016F19784B
S21402C0D0904281EA060103F8011BF6D1022F14BF33
S21402C0E00023062304F152022B4404F1580012F8EE
S21402C0F0016F1978904281EA060103F8011BF6D116
S21402C10029462846019AE9F703FF05460198002DBD
S21402C110C2D1F6F7D1F92A4645F210012046FFF7BA
S21402C1205BFBBFE773B545F20406B142044615460B
S21402C1300DD045F21006B14222D0B1F5A04F38D14B
S21402C140FFF78BFA236CD3F85831D90720D5236C26
S21402C150D3F85821D2070BD4AA7998330C32154457
S21402C1606A1D153552F8041BAA4243F8041BF9D17E
S21402C170216CD1F8583113F004030CD0832104E06B
S21402C180016CA831FFF7BDFA85212046FFF709FBAF
S21402C190002002B070BD81F85C31012301F1B802C3
S21402C1A00093204601F1A80301F59871FFF747FFB7
S21402C1B0EEE702B0BDE87040EAF7D8BAB1F5A04F94
S21402C1C073B50446154677D045F21B06B14240F0D9
S21402C1D0F68090F87430DB0766D5056CB5F85031FA
S21402C1E02BB18921FFF7DDFA002002B070BDD5F829
S21402C1F058315E0747D5AB79D80744D56B7BD9074C
S21402C20041D5A36C10220B2195F95E013133FCF760
S21402C210CEFA38B140F21B412046E9F7F5FC40F26F
S21402C2201B40E2E7A36C206C01220C2190F95E0110
S21402C2302033FCF7BCFA0028ECD1A36C206C102249
S21402C2400D2190F95E012133FCF7B1FA0028E1D105
S21402C2500822206C114690F95E0104F11003FCF7E7
S21402C260A6FA0028D6D1236C93F85E2184F87520AE
S21402C270FF2283F85E2120468021FFF792FA2046AD
S21402C280E9F79AFCB0E705F5987304F1180205F58C
S21402C290A07553F8041BAB4242F8041BF9D1A368FD
S21402C2A043F48073A360E6E78021FFF77AFA294613
S21402C2B02046E9F7A9FC97E7036CD3F8582112F059
S21402C2C0040245D09A79D2078ED55B7BDB078BD5E5
S21402C2D0FCF76BFA0128206C0ED100F59872032148
S21402C2E090F95E01E6F746FD00283FF47DAF08218F
S21402C2F02046FFF775FB92E700F59873102203219C
S21402C30090F95E01FCF753FA28B1002140F21B4077
S21402C310E9F798FCEBE7206C102200F598730521EC
S21402C32090F95E01FCF743FA0028EED1236C04F183
S21402C330180103F5987203F5A07352F8040B9A429B
S21402C34041F8040BF9D1A36843F48073A3604BE76A
S21402C350D3F8B810C3F8D010D3F8BC100192C3F8C3
S21402C360D410006C01A900F59870E9F72DFE48B1CB
S21402C3700198F6F7A1F820460821FFF731FB40F2B4
S21402C380074032E7206C019A00F59871C830E9F749
S21402C390BFFD05460198002DEBD1F6F78DF8236C0C
S21402C3A0A07C03F598732946C0F110021844F7F7EB
S21402C3B08FF8216C2046B831FFF787F914E702B0F0
S21402C3C0BDE87040EAF7D2B9B1F5A04FF7B504461A
S21402C3D008D045F21105A94236D003B0BDE8F040B8
S21402C3E0EAF7C4B9006C1021B830FFF710FA60B152
S21402C3F008212046FFF7F4FA40F207400021E9F749
S21402C40021FC40F2074003B0F0BD256C95F85D6153
S21402C41005F1A807013E022E01979CBFD5F82C0114
S21402C42095F85C6105F151019EBFF04000F00100F5
S21402C43040F08000009005F11102204605F1B80395
S21402C440FFF71CFB0020DEE7016CA831FFF759F965
S21402C45085212046FFF7A5F9F4E770B545F20406F4
S21402C460B1420446134625D045F21806B14206D01C
S21402C470B1F5A04F33D1FFF7F0F8002070BD116878
S21402C4804D1C03D10121FFF7ABFAF6E7026CD2F896
S21402C4905801400743BF002182F85C111B68C2F8AE
S21402C4A0301120464FF0840148BFC2F82C31FFF706
S21402C4B078F9E2E79979026C0C310B44591D9832EF
S21402C4C0153351F8040B994242F8040BF9D1226C49
S21402C4D0D2F8583143F00103C2F85831CDE7BDE82F
S21402C4E07040EAF743B9002310B50364044690F996
S21402C4F07500431C13D0E6F7D9FF082204F1100397
S21402C500114694F97500FCF793F994F91330012B50
S21402C51007D194F8743043F0020384F87430002094
S21402C52010BD022BFBD194F8743043F00A03F4E7F3
S21402C5304B88062B05D1088841288CBF0020012095
S21402C54070470020704707B58B790A460B44019165
S21402C550197C4B1E0D2B04D801F5A0410131FFF7C3
S21402C5603BF901A8F7F79FF903B05DF804FB08B59D
S21402C570E8F7AEFEE9F792F9EBF724FABDE80840D1
S21402C580E7F774BE08B5E9F783F828B9BDE80840AE
S21402C59000200021F3F78ABE00200021F3F786FE72
S21402C5A0E8F7A4FEEFE737B5044642F60720FDF7A4
S21402C5B09AFA0546C0B10A23002CCBBF0534053CC7
S21402C5C0B4FBF3F494FBF3F40123002118460DF1B7
S21402C5D0070264B28DF80740F7F72AFC00220346EA
S21402C5E029461046FDF7B2F903B030BD430803F002
S21402C5F05503C01A00F03303C0F3850000F0330081
S21402C600184400EB101000F00F007047002110B520
S21402C610421D441E14F8010FFFF7E8FF944201443E
S21402C620F8D1084610BD70470E207047704710B507
S21402C63000F01BF8044628B10124204610BD436AC8
S21402C640DB06F9D4E7F71AFB0028F8D1F5E710B5B0
S21402C650DEF7C4FB002814BF03240124DEF7C4FB64
S21402C66008B144F00404204610BD0020704770B59F
S21402C67004460E461546052100220420FCF73AF928
S21402C680014618B1A0F80160A0F803502046BDE8A4
S21402C6907040FCF788B9F7B51D46002304460093A0
S21402C6A00F46164607210620BDF82430089AFCF7E6
S21402C6B045F9014628B1A0F80170A0F80360A0F879
S21402C6C00550204603B0BDE8F040FCF76CB973B5E0
S21402C6D015461A460023044600930E4608200521F6
S21402C6E09DF81830FCF72AF9014618B1A0F8016047
S21402C6F0A0F80350204602B0BDE87040FCF753B9DC
S21402C70038B5002204460D460A200321FCF7F2F84B
S21402C710014608B1A0F801502046BDE83840FCF7B3
S21402C72042B970B504460E461546052100220C2075
S21402C730FCF7E0F8014618B1A0F80160A0F8035033
S21402C7402046BDE87040FCF72EB973B515461A466A
S21402C7500023044600930E46102005219DF818304B
S21402C760FCF7ECF8014618B1A0F80160A0F80350F7
S21402C770204602B0BDE87040FCF715B973B50E4608
S21402C780002144890546033CA4B2A342009128BF77
S21402C790234603211220FCF7D1F8014608B1A0F87F
S21402C7A00160284602B0BDE87040FCF7FCB82DE9EF
S21402C7B0F3410546984683690F4658691646F7F7C9
S21402C7C0E5F86C8980B2053CA4B2844228BF0446D0
S21402C7D0A86921461430F7F79DFA009048B1052261
S21402C7E008210020F7F7BAFA019030B96846F7F741
S21402C7F05AF81A2002B0BDE8F081009901A8F7F7AE
S21402C80027F91620019A93790C33D118D054A8F838
S21402C81000402846A1F80170A1F80360FCF7C3F8AF
S21402C820E8E738B5002204460D4618200221FCF738
S21402C83061F8014600B145702046BDE83840FCF775
S21402C840B2B870B5857904460C354619F7F79EF8E6
S21402C850625D431E013A9BB2202A12D8DFE802F03C
S21402C860131118111A112B113111421142114211D2
S21402C8703511271111113B112711401140111111C9
S21402C8804200002070BD042B14BF01200320F9E7EC
S21402C890022BF9E743B37278022A0AD0012A23D17F
S21402C8A00222013B0232B3FBF2F102FB1133002BF0
S21402C8B0EAE71022F5E713F0030F14BF0120032066
S21402C8C0E0E78BB17278013BEDE76BB17278032A31
S21402C8D00AD9013BE7E7042B34BF01200320D1E746
S21402C8E0022BF9E70320CDE70120CBE70078E7F734
S21402C8F0EDB813B50C460DF107020DF10601FCF773
S21402C90067F930B19DF80600031B5842584102B041
S21402C91010BD0120FBE7FEF709BEE9F721B9EBF7E8
S21402C92089BDFEF705BE7047704700207047704706
S21402C93070477047EBF7CCBF704713B50C4601A99A
S21402C94001F046FD10B9019BC4E9003002B010BDEB
S21402C95008B5F3F7EFFA50B9F3F7A0FC0020002170
S21402C960F3F7F0FA18B9BDE80840F6F79EBE0120C4
S21402C97008BD38B504460D4620220021F6F7A8FD6C
S21402C980F4F76DFFD5E90232E260EA8B43F4806386
S21402C99022822A8CA0806282AA8CA282EA8CE282FE
S21402C9A06A68A3602260FFF7C0FF18B1A36843F06D
S21402C9B00403A360A36843F48032A2602A68920547
S21402C9C044BF43F41023A36038BD08B5FFF7C0FF89
S21402C9D080F00100C0B208BD08B5FFF7F6FF0028D8
S21402C9E00CBF0420012008BD08B5FAF797FA00200C
S21402C9F008BDECF727B8ECF735B87FB50E461D46EE
S21402CA00144602B1CBB140F6FF7301460DF10E009B
S21402CA10ADF80E30FBF73CFF68B92B463146BDF841
S21402CA200E000094E2B2ECF7DFF920B90121BDF85E
S21402CA300E00ECF7C5F904B070BD2220FBE740F605
S21402CA40FF7307B501460DF10600ADF80630FBF799
S21402CA501FFF20B90146BDF80600ECF7B1F903B096
S21402CA605DF804FB30B585B0DDE9084504B15DB17B
S21402CA70CDE90254E4B2CDE9003413460A46012158
S21402CA80ECF7CEF905B030BD2220FBE708B5FEF77D
S21402CA90B6FC03780E2B04D1407908B140F48050DE
S21402CAA008BD0F2B01D18078F7E741F21F00F7E7A8
S21402CAB0022070470220704700207047012070470E
S21402CAC00020704708461146012200F051B800F0D7
S21402CAD077BA00F07FBA00F0AAB8431E012B03D93A
S21402CAE0031F5842584170470120704700F079BC36
S21402CAF04FF4D8720021F6F7EBBC70B50446EDF79A
S21402CB004FFD0546A8B9A169F1B1238AD3B12046E3
S21402CB1004F1100200F037FB38BBE16919B3638AEF
S21402CB20A3B1204604F1120200F002FB78B10546DA
S21402CB3003E00023A3612361E361002328466361C7
S21402CB40236270BDA061E8E72082E6E7E361216A1E
S21402CB500029F2D0A28A002AEFD02046E38ABDE856
S21402CB60704000F0A4BA6182F1E76582E561DEE713
S21402CB70EDF7B4BE0A7838B505461046FFF7ADFFA6
S21402CB8060B14C782046FFF7A8FF38B1224353071E
S21402CB9004D42846BDE83840EDF7F8B9212038BD60
S21402CBA0FFF7E8BF10B504460878FFF796FF58B1BE
S21402CBB04A781046FFF791FF30B1042A04D0204687
S21402CBC0BDE81040EDF700BA212010BDFFF7EABF1E
S21402CBD000F07EB9084600F0B7BB7047F8B50646C7
S21402CBE00D46ECF787FAD8B94FF6FF734FF0240CD0
S21402CBF0EF68C1B28F4208D81C4621463046ECF791
S21402CC00F5FB00F0F2FB2046F8BDAA680CFB0122F9
S21402CC10D4899C4202D2002CEFD023460130E8E7AA
S21402CC204FF6FF74EFE7808D704700F08EB970B54F
S21402CC3004460D46164600F039F858B129462046F5
S21402CC40ECF7D4FB38B9324629462046BDE8704098
S21402CC50F1F790BC0E2070BD08B5ECF7C1F918B11B
S21402CC60BDE80840F1F7E6B908BD00F0E1BAEDF715
S21402CC70C5B900F095B900207047084600F0BEBB63
S21402CC8000F0D8BAEDF7C6BBEFF74EB8EDF7D6BA56
S21402CC9000F0BBB938B50446154609B100F007FBEB
S21402CCA015B12046EEF744F9002038BD0346408A07
S21402CCB018B1188A003818BF0120704700F08BBAE6
S21402CCC000F099BA0846EFF795BB10B5044600F097
S21402CCD07AF820B92046BDE81040ECF7C7BC10BD74
S21402CCE000F099BB00F097BBEFF7C2BD2DE9FF41FC
S21402CCF0984604460E46174601F09AFE054620461A
S21402CD00FFF7E3FF0A9B3A4602930023314601935C
S21402CD102046CDF80080ECF7F7FC0446284601F0E2
S21402CD2082FE204604B0BDE8F08138B5044601F024
S21402CD307FFE05462046FFF7C8FF2046ECF7C2FCFA
S21402CD400446284601F06FFE204638BD38B5044634
S21402CD5001F06EFE05462046FFF7B7FF204600F0BC
S21402CD6041F80446284601F05EFE204638BD38B536
S21402CD70044601F05DFE05462046FFF7A6FF204664
S21402CD8000F036F80446284601F04DFE204638BD2F
S21402CD9070B504460E4601F04BFE05462046FFF7E8
S21402CDA094FF31462046ECF7FBFC0446284601F089
S21402CDB03AFE204670BD01207047EEF781BBEEF7C3
S21402CDC075BB00F0A5BAECF78BBB10B501F030FED0
S21402CDD0044600F015F8ECF7A9FB2046BDE8104023
S21402CDE001F021BE024608B5ECF77AFB507D08BD7D
S21402CDF0024608B5ECF774FB507D80F0010008BDD2
S21402CE0000F009BBEDF722B800F0ABB838B5032145
S21402CE100546ECF78DFF04462846EEF77FFA2046D5
S21402CE2038BD38B590F825400D46FF2C17D0023C89
S21402CE30012C8CBF0024012449682246EEF7AAFA88
S21402CE40286890FAA0F0000AF0F7E2F8A97A288992
S21402CE50224681F00101EEF7CDFA002038BD02200D
S21402CE60FCE730B585B005460FC96C4684E80F006E
S21402CE7021462846FFF7D5FF05B030BDEEF7EEBADD
S21402CE80EEF700BB00F046BAEEF706BBEEF790BB35
S21402CE90EEF740BB00207047002070477047D0F87E
S21402CEA09C3003F06003402B0DD0602B03D0203B58
S21402CEB058425841704749B10B68012B06D9486958
S21402CEC040F00100704740F20110704700207047A2
S21402CED0F7B504461046D4E954C7DDE908268CEABD
S21402CEE0020587EA06010540194085EA0C057940E5
S21402CEF0C4E95451002523F4004106EA010320F058
S21402CF00010043F40073024043F0020301950095CA
S21402CF10F2F75CFA94F824309A0713D5D4F8543111
S21402CF209B050FD54FF48811204600F031FB94F88C
S21402CF302430024665F3410384F8243020460B462B
S21402CF40ECF7E4FE002003B0F0BD30B4D0F89C301D
S21402CF500A4023EA01031343C0F89C3030BCEDF7C5
S21402CF6079BD0220EFF77ABCD0F8F02008B57AB186
S21402CF701368022B0CD9536A13F47F4FC3F30721AD
S21402CF8006D0126ADBB253438B42B3FBF1F006D2F1
S21402CF90002040F607324C21ECF78CFA002008BD40
S21402CFA00346B3F8322108468A4203D0A3F8321168
S21402CFB0EEF77ABF002070474FF48071F2F7A4BDF7
S21402CFC010B50023EDF736F8044608B9F1F7BCFAB7
S21402CFD0204610BD38B51D4600230446EDF72AF854
S21402CFE028B929462046BDE83840F1F799BB38BD36
S21402CFF0D0F8F00040B10368122B04D9006D202847
S21402D00028BF2020704700207047F8B507460E4616
S21402D0108C88ECF7A1FF97F825700546042F737CE1
S21402D0200CD1012B0AD801460120F1F797F9421CD0
S21402D03001D10220F8BDE30003330EE0023FFFB247
S21402D040012F8CBF002001202946F1F787F9431CE7
S21402D050EFD0012F4FEAC403EED903220344B27184
S21402D060002DE6D0B3F5803FE3D84FF224416A099B
S21402D07001FB03232D09B3FBF5F332680020D21A15
S21402D0803260D7E738B54FF03A430546DC6A808A05
S21402D090C4F30C04A04234BF0020012041F2164221
S21402D0A00821ECF707FAA88A001B80B238BD2DE9E2
S21402D0B0F041884618F0030706461546194633D14E
S21402D0C0B2F5805F30D89A422ED33F2A28D9B2FAD8
S21402D0D082F401220120C4F11F03DBB29A4092B20D
S21402D0E0AA422CBFC4F11904C4F11A04E2B2931D79
S21402D0F0DBB2984080B2A84214D096F80131ABB9A0
S21402D100012096F8243060F3C71386F82430404690
S21402D110EEF7B4FBC6F82080B5823846BDE8F0814B
S21402D1203A46EAE70020ECE72127F6E70E27F4E77F
S21402D130F8B511F0030607460D46144621D102B390
S21402D14013883F2B1DD9B3FA83F3C3F11901C9B271
S21402D150062901D8192B12D0062928BF0621012339
S21402D1608A1DD2B293402846238000F025F92388F0
S21402D1703846FD617B82EEF799FC3046F8BD3146B3
S21402D180EDE72126F9E738B5148811F003054FEAD2
S21402D190C4041ED13F2C1CD9B4FA84F4C4F119037A
S21402D1A0DBB2052B01D8192C11D0052B28BF05237D
S21402D1B001240633DBB204FA03F3C3F3CF0414806C
S21402D1C0816104820387EEF771FC284638BD2B4640
S21402D1D0EEE72125F9E770B50E4610210546F2F76F
S21402D1E093FC0446102128463201F2F779FCF2F746
S21402D1F095FC204670BD1021F2F786BCF8B50446B1
S21402D2000E46174601F00BFC3A46054631462046C6
S21402D210F0F7DCF80446284601F0FCFB2046F8BD91
S21402D2200220704703207047EFF710BB00207047BC
S21402D2300020704708B50B46062200F5987118467E
S21402D240F6F74EF9002008BD0429F8B505460C4647
S21402D2500AD10026F7B23846EEF760FE08B13C4621
S21402D26002E00136042EF5D12046EEF757FE58B1FD
S21402D27095F83031A34209D085F8304105F598700B
S21402D280BDE8F840EEF716BE2120F8BD0020FCE708
S21402D2900022EDF7D3BCA0F84830BDF90030C0F844
S21402D2A09010A0F84620A0F84A3000207047EDF70C
S21402D2B023BE10B5144608460121EFF7A7FD204607
S21402D2C0BDE810400121EFF7A1BD8021F2F71CBC9A
S21402D2D010B50446EDF7F6FA01462046BDE81040C2
S21402D2E0EDF7F6BA10B5044681B1931E022B94BF31
S21402D2F04FF4BC73282380F82520C0F80831FFF7C6
S21402D3006DFC2046EDF7E4FF002010BD2120FCE76F
S21402D310EEF7CCB8002070470020704738B50546B7
S21402D32010460C46EEF718FA65B1D5F8EC304BB15C
S21402D3305B693BB12268013204BF6FF001022260D2
S21402D34022681A60002038BDF0F77CBB00207047C8
S21402D3502DE9F74F01251C469DF83030064601930D
S21402D3600368174603F0070306339D4005F1FF38AE
S21402D3700B46A1B1416804EA080BA5EB0B0A41F083
S21402D3800059524509EB0B0114D952461846F6F7D6
S21402D390A7F849467A1B5A445044F6F7A1F8019B6F
S21402D3A02BB13C4448EA050804EA0804F46003B0DA
S21402D3B0BDE8F08F1846F0E74FF03A4301225A676D
S21402D3C040F6FF72D96418651A67704737B50025AC
S21402D3D014460095FFF7BCFF204603B030BDEDF7BC
S21402D3E073BE0020704700207047704710F0FD0F94
S21402D3F014BF4FF0FF300020C0B2704770470A4695
S21402D40090F890107D2901D8EDF7AABB212070472D
S21402D41000200021704708B5EFF76AFABDE8084019
S21402D420EFF78EBA38B50446FFF7F5FF0546FFF765
S21402D430F2FF431BA342FAD338BD38B50D46044665
S21402D440EFF756FA35B1844200D90139204601F089
S21402D450030138BD844238BF0131F7E708B5EFF75C
S21402D4605FFABDE80840EFF76BBA08B50121FFF78F
S21402D470E4FFBDE80840EFF763BA08B521B19200B1
S21402D480F6F72EF8002008BD2120FCE700F06F43D7
S21402D490B3F1804F02D0B3F1204F02D120F070409A
S21402D4A0704700F06043B3F1204F08BF20F0805071
S21402D4B070470B0C23F48053B3F5284FF7B50D468F
S21402D4C08FB2064699B216D04AF60103994214D094
S21402D4D04AF60203994212D0B1F5204F14BF042433
S21402D4E00324D6F8EC300BB1196851B9D6F8E830F7
S21402D4F093B928680EE00024F3E70124F1E702243A
S21402D500EFE7234668463A46EFF78EFADDE9000370
S21402D510002BEBD103B0F0BD19680029E9D02346F1
S21402D52068463A46EFF780FADDE90003002BE0D1C1
S21402D530F0E70204C0F3891307D56FEA83536FEA54
S21402D540935313F5007F18B206D0A3F1C8006FF408
S21402D550FF739842B8BF184670474FF03843596970
S21402D5609A6903F500530A405A6170470E207047C5
S21402D5707047F1F7D1B9F1F7CFB9F1F7CDB9F1F7B5
S21402D580CBB908B50846F1F7D5FD08BDF1F7C4B921
S21402D59038B505460C4601F042FAD5F898301C40DC
S21402D5A0D5F894302343C5F8943001F033FA211E9F
S21402D5B018BF01210020490238BD0020704770477D
S21402D5C0704710B5044600F03800F2F711FC78B147
S21402D5D0D0E901324178C4F3074411F0020F08BFC4
S21402D5E01346043B53F8040F10B10278A242F9D155
S21402D5F010BD052B07D920F47F4020F0C70040F469
S21402D60000701060918070470368186800F099B83F
S21402D61038B50546F2F7BCFB04462846FFF7F4FF8A
S21402D620204638BDF2F710BB10B500F1080454F8D6
S21402D630083C0BB9184605E054F8040C9847083421
S21402D6400028F4D010BD70B504460C30DCF760FF3D
S21402D6500023666856F8232062B906EB8305B542B6
S21402D6600AD123697BB900236380637823F00E0313
S21402D670637070BD0133EDE755F8043DDB68002B9F
S21402D680EDD09847EBE7DD68002DECD0043D55F869
S21402D690043F002BE7D09847F9E738B503690546FB
S21402D6A00BB1186810B90024204638BDFFF7BCFF3E
S21402D6B004460028F7D02846FFF7C5FFF4E770B502
S21402D6C04378054623F00C0343F0020343700369D4
S21402D6D053B1586840B1FFF7A7FF044620B1284669
S21402D6E0FFF7B1FF204670BD6E68043E56F8044F41
S21402D6F02CB9202005F10C01DCF7F8FEF2E7A3684E
S21402D700002BF3D0984704460028EFD0E7E740788E
S21402D710C0F340007047437813F00E0F0CBF012091
S21402D7200020704707B501A9FFF77CFF03B05DF83C
S21402D73004FB08B500F024F9002814BF14200020CA
S21402D74008BD7047430803F05533C01A00F0333360
S21402D750800800F0333018444FF0013300EB10100D
S21402D76000F00F305843000E704710B5044688B1DB
S21402D770836A016A7BB180689847002394F8240084
S21402D78023620C28636005D82146DDF76BF80D236B
S21402D79084F8243010BD0029EFD08368002BECDB20
S21402D7A00846F6F75FFBE8E7002307B51A4601913D
S21402D7B001A9F2F7C9FC03B05DF804FB002330B5FB
S21402D7C087B004939DF83430DDE90A4503930C9B39
S21402D7D0CDE900450293F2F72DFC07B030BD0523D4
S21402D7E030B585B003930A9BDDE908450293CDE97F
S21402D7F00045FFF7E3FF05B030BD30B50023002437
S21402D800002585B0CDE900450293FFF7E8FF05B095
S21402D81030BD03680B60016070472DE9F0410E468B
S21402D820174600240546006808B9BDE8F081D0E92D
S21402D8300083B3420BD18368BB4208D154B9C5F802
S21402D8400080C368DB0701D5F6F70CFB20460446CA
S21402D8504046E9E7C4F80080F3E7002370B51A46AD
S21402D860194605460468F2F76FFC0CB92C6070BDC9
S21402D870E3682668DB0702D52046F6F7F3FA344655
S21402D880F3E72DE9F8430E461746054610B9002081
S21402D890BDE8F8830468002CF9D0D4E900893B4639
S21402D8A032462946A068C8470028F1D14446F2E726
S21402D8B030207047034610B501391A1A914200D833
S21402D8C010BD445C1A7803F8014B42540139F4E760
S21402D8D000230144884200D1704700F8013BF9E773
S21402D8E0014B1868704700BF242E00200A4B1B6F9E
S21402D8F003F00703013B032B03D8DFE803F00A0318
S21402D9000608FEE7054B18687047054BFBE7054817
S21402D91070470548704700BF00800050242E002044
S21402D9202C2E002080D54302002D310108B5FFF7CA
S21402D930DDFF054B1B6FC3F303330133B0FBF3F07C
S21402D940024B186008BD00BF00800050202E002049
S21402D9500048704700B4C40400487047002D3101E7
S21402D960014B1868704700BF2C2E002000487047F5
S21402D97080D54302014B1868704700BF282E00204E
S21402D980034B5868C0F30800003818BF01207047E0
S21402D99000ED00E0B8B1036813F4E07F03F03F0047
S21402D9A0C3F382120AD0012A0DD1084B41B103F506
S21402D9B08053012282401A6000207047044BF5E72C
S21402D9C003F50053F5E70E20704700BF688000504D
S21402D9D0648000500146064802688A4205D84368B9
S21402D9E01A44914228BF002070470020704700BFAB
S21402D9F0D01500200229F8B596BF104B00245C5CB7
S21402DA00012805460E4608D0022809D008B944F077
S21402DA1002040B4B1F6837B9F8BD44F00804F8E758
S21402DA2044F02004F5E77B681A68144203D03146B6
S21402DA3028465B6898473F68EDE700BFD0EF0200D4
S21402DA40FC15002038B5104D2B78ABB10F4C23785F
S21402DA501BB100F083FA00232370002001F05DF86A
S21402DA600B4C50B100F0CCFA0023012120782B7029
S21402DA70FFF7C0FF0123237038BD0122054B1A7041
S21402DA802278054B1A70F7E73B2A0020392A002035
S21402DA90412A00203C2A00203D2A00200C4A137806
S21402DAA0FF2B01D158B170470BB908B9704730B196
S21402DAB001331370074B1B78012B03D87047013BC9
S21402DAC013707047044B1B780BB9FFF7BBBF704748
S21402DAD0402A0020412A00203C2A002010B500F0EF
S21402DAE09EFF064B04461B781BB1BDE8104000F0B3
S21402DAF091BFFFF7A7FF2046F7E700BF382A0020AE
S21402DB000228F8B504D0244A1378FF2B01D1E9B1D4
S21402DB10F8BDD3B90029FBD0012313701F4B1B7825
S21402DB20012BF5D900F07BFF1D4E0446337893B9DE
S21402DB3020461A4C00F06EFF20780128E8D001211A
S21402DB40FFF758FF01232370E2E711B9013B137078
S21402DB50DEE70133E1E7134F3B781BB901223A7047
S21402DB60114A1370114D2B781BB100F0F7F9002300
S21402DB702B70204600F04EFF012000F0CEFF00F092
S21402DB804EFF3B7804461BB100F03AFA00233B7086
S21402DB9000233370CCE700BF402A0020412A002031
S21402DBA03B2A0020382A00203C2A0020392A00205E
S21402DBB02DE9FF47EFF3108572B6AFF3008001F050
S21402DBC0E3F8002870D0704E704F337823B10020EF
S21402DBD0FFF764FF00233370387870B903A900F0AA
S21402DBE095FB044648B96A4B039A1B689A4263D867
S21402DBF00120FFF753FF012333703B78654CDFF8B3
S21402DC00BC91002B72D02078012840F094802078B6
S21402DC1000F052F999F8003013B15F4B1B7823706D
S21402DC20AFF30080284600F073FFEFF3108572B65C
S21402DC305A4B1A7852B100221A70574B20781B782A
S21402DC40984203D101212170FFF7D4FE544800F018
S21402DC5013FB01F0A3F880460028B6D1514B524F71
S21402DC6018703B789BB189F80000DFF84C9199F860
S21402DC7000301BB100F072F989F80080002000F035
S21402DC804CFF002875D000F0BBF900233B703378B8
S21402DC9023B10020FFF702FF002333700021207813
S21402DCA0FFF7A8FE00232370AFF30080284604B0D7
S21402DCB0BDE8F04700F02CBF3C4BD3F8008000F0E4
S21402DCC0E9F8039B8044984592D200F0CDF9820091
S21402DCD0039942F0020292B2CDE900422346344A48
S21402DCE0A1EB08012E4800F01DFF86E72E4BDFF859
S21402DCF0B4801B780BB900F015F92078022831D1D0
S21402DD0098F8003023B10022264B1A7001F063F80F
S21402DD10DFF8948098F80030002B7FF478AF254B1C
S21402DD201B7823B900F014F90122234B1A70012341
S21402DD3088F800306BE74FF001080023DFF864A094
S21402DD408AF8003099F8003013B94146FFF752FEC0
S21402DD509AF8003084F800803BB1B8F1020F7FF4E5
S21402DD6056AFD0E74FF00208E7E7B8F1020FCFD080
S21402DD704DE7012000F0A0F8284600F0C9FEEFF3B8
S21402DD80108572B67AE700BF3A2A0020402A0020A1
S21402DD9004160020412A00203D2A0020362A0020B0
S21402DDA0081600203E2A00203B2A002000160020EB
S21402DDB0DDDA02003F2A0020392A00203C2A002011
S21402DDC010B500F02CFE0022054B1C781A7000F0ED
S21402DDD021FE00F03DFBE4B22043C0B210BD00BFFE
S21402DDE0372A002038B500F01AFE094B05461B7884
S21402DDF0012B04D800F00EFE0024204638BD054B49
S21402DE001C6800F047F80444284600F003FEF4E7D6
S21402DE10412A002000160020184B19491A6F10B527
S21402DE2002F007020A60196F164801F47441016095
S21402DE301549164C8969032A01F00200C1F3400114
S21402DE40134A21700FD0D3F8201101F003010229E2
S21402DE5009D0D3F8241101F00701022903D00021CA
S21402DE60117018B910BD01231370FBE7D3F8003107
S21402DE7003F00303591E4B424B41F5E70080005066
S21402DE80681600206416002000C00150462A0020B2
S21402DE90472A0020054B187818B1054B186800EB86
S21402DEA0D000044B1B681844704700BF472A002066
S21402DEB02C16002060160020012808B50BD0023868
S21402DEC0012807D80020D5F785F8124A136923F0EF
S21402DED00403136108BD104A137823B10F490B6F70
S21402DEE043F474430B670B490B6923F004030B617D
S21402DEF0BFF34F8FBFF36F8F30BF1378002BE9D07D
S21402DF00064A0749136F096823F474430B431367E1
S21402DF10E0E700BF00ED00E03A2A00200080005053
S21402DF2064160020074A0849D2F8203103F003039A
S21402DF300B60D2F82431054A03F007031360F3F7A7
S21402DF40CAB800BF00800050741600207016002069
S21402DF500122014B1A707047452A0020F8B51F4B64
S21402DF601B78002B39D01E4C2378B3B91D4B9A6D03
S21402DF70D10302D5DA6D92072FD49B6DDB072CD422
S21402DF8000F013FE184B194A1860136F23F00703AC
S21402DF9043F003031367FFF7C9FC00F006FE124BBB
S21402DFA0134D1B68134EC01A2B78134F56F82320B6
S21402DFB046F82300111A3A681048521A0A213A60A3
S21402DFC00932B2FBF1F20133DBB20260B3FBF1F2CB
S21402DFD001FB12332B7000232370F8BD472A002062
S21402DFE0442A002000C000505C160020008000502A
S21402DFF0432A002034160020301600202C1600205B
S21402E00008B5F3F76BF8124B12491A6F096822F03B
S21402E01007020A431A671049D3F82021096822F03A
S21402E02003020A43C3F820210C49D3F824210968C5
S21402E03022F007020A43C3F82421094B1B7813B1C6
S21402E0400122084B9A62BDE80840FFF76FBC00BF8A
S21402E05000800050681600207416002070160020FB
S21402E060472A002000E00050014B1878704700BF96
S21402E070472A002008B5104B1A78C2B100221A703F
S21402E0800E4B1A6F22F0070242F001021A67D3F80B
S21402E090202142F00302C3F82021D3F8242122F0E3
S21402E0A0070242F00302C3F82421FFF73FFC0122D5
S21402E0B0034B5A6708BD00BF452A00200080005067
S21402E0C000E000500D490B68A0B10022A3B18342C4
S21402E0D003D1836822B90B6003E01A469B68F5E712
S21402E0E0936083680BB9002070475A6941690A44F5
S21402E0F05A61F8E7222070470220704780160020F7
S21402E10038B500F06EFD0025084B094C1A682368E6
S21402E110C31A2AB123B15169994203D3C91A51616C
S21402E120206038BD55615B1A9268F2E780160020BF
S21402E1307C16002038B5154D2B682BB35B69A3B14E
S21402E140134A022014681C4400F076FA204600F0B7
S21402E15035FA00230F492A680B7022B1D08880074F
S21402E1600AD501230B70002038BD022000F064FAA5
S21402E170022000F083FAECE79268002AF3D0506996
S21402E1800344012BEAD9EEE72220EDE780160020B1
S21402E1907C160020492A0020C38870B504460D4626
S21402E1A03BB9FFF71FFE8542064602D2F3F703FB92
S21402E1B035460E4965610B688BB90C60A3600DE0AD
S21402E1C0AD1A9A68184665616AB113465A69AA4238
S21402E1D0F6D930B18460521BA3605A6170BD00202C
S21402E1E0F4E70C60F7E79C60A260F7E78016002071
S21402E1F070B516469DF81420C0E903360271049ADB
S21402E200BDF818300260002204460D468260C380C4
S21402E210EEB900F0E6FC2844A0619DB12E4600F05F
S21402E220FEFB0546FFF76CFF31462046FFF7B4FFBC
S21402E230104B1B68A34201D1FFF77CFF284600F073
S21402E240E9FB02E0E36865617BB9002070BD00F07F
S21402E250C8FC3044A061002DE0D1E3686561002B64
S21402E260DDD0204621689847D9E72046216898479E
S21402E270EBE700BF8016002038B5044618B300F05E
S21402E280CEFB0546FFF73CFF104B1868A04209D0AC
S21402E2902046FFF717FF044680B1284600F0BAFB77
S21402E2A0204638BDFFF70EFF04460028F5D1FFF7DB
S21402E2B041FF222802D1022000F0CAF9284600F0C7
S21402E2C0A9FB0024ECE72224EAE700BF8016002020
S21402E2D038B50C460546A8B1A1B100230B7000F074
S21402E2E0A7FB0121084B1B6833B900F09CFB0020FA
S21402E2F038BD9D4204D121702278002AF9D0F4E775
S21402E3009B68F1E72220F3E780160020F8B5064660
S21402E3100F4600F08DFB00250446124B1B6823B9FE
S21402E320204600F080FB1B2011E05A691544DA886B
S21402E330B2420DD100F055FC0B4E3368C01AA8420B
S21402E3400AD3002320463B6000F06DFB0020F8BD98
S21402E350FF2EEFD09B68E2E700F043FC33682B44C5
S21402E3601B1AEFE7801600207C16002070B500F01E
S21402E3705FFB064600F035FC084B044601201D688C
S21402E38000F01FFC18B100F02CFC044601353046A4
S21402E39000F049FB2046294670BD00BF88160020C3
S21402E3A0014B1868704700BF8416002038B500215C
S21402E3B0044640F2E730054B4FF47A721D6800239C
S21402E3C0E5FB0401DBF71CFB38BD00BF841600200A
S21402E3D0F8B50C4B05461B680E4683420FD3002445
S21402E3E040F2E7302146084B4FF47A721F6800234A
S21402E3F0E5FB0701DBF704FB30602046F8BD212071
S21402E400FCE700BF78160020841600200F4B10B5DC
S21402E4101A689AB14FF47A71531E1342A0FB010197
S21402E4200ED1B2FA82F2C2F11F04531CD243E0406C
S21402E43001FA03F3184321FA02F20243104610BD12
S21402E4400023DBF7DDFA0246F8E700BF8416002059
S21402E45010B500F0EDFA034B1C7800F0E4FAE4B2D3
S21402E460204610BD482A002008B5084B1B7803F04A
S21402E470FF004BB100F099FB054B1B689B69C01A65
S21402E48002288CBF0020012008BD00BF492A0020B8
S21402E49080160020C2072DE9F843044607D5444AF1
S21402E4A0136801331360FFF72BFEFFF743FEA30743
S21402E4B07CD500F0BDFA4FF0000805464646FFF749
S21402E4C01FFE3C4F3C680CB16369A3B100223A4B75
S21402E4D0012E1A7003D118F0020F18BF1E70FFF734
S21402E4E029FE222802D1022000F0B2F82846BDE812
S21402E4F0F84300F098BA23465A693AB91A7921794C
S21402E500914288BF1C469B68002BF5D1284600F036
S21402E5108AFA2569DDB100F064FBA269A0EB020865
S21402E5204FEAE873A84573F1000311DB236913442D
S21402E530A361E36813B1204621689847B4F80680C1
S21402E54000F076FA01360546FFF7DAFDBAE7A84686
S21402E55000F06EFA81462046FFF7B4FD484600F00A
S21402E56062FA2369002BE4D0A38BB5EB080533B11E
S21402E570E28B13449BB2B3F57A7F0FD2E38300F0AB
S21402E58057FA804629462046FFF706FEA369226907
S21402E59040461344A36100F046FACAE7A3F57A732D
S21402E5A0E383A369013D013BA361E8E7BDE8F88385
S21402E5B08816002080160020482A002010B504463F
S21402E5C000F02DFA4FF0B042936A1907FCD4136A92
S21402E5D0116C5269520604D4CA1A032A01D8994207
S21402E5E00ED1E21A022A98BFDC1CB4F1FF3F38BFF4
S21402E5F0013C4FF0B04340221C6403F580539A61FD
S21402E60000F008FA054A13783BB14FF0B041CB6BE5
S21402E61043F00203CB630023137010BD5330002077
S21402E62007B5044B01A9187900F016FA019803B051
S21402E6305DF804FBC4EF020000F001038207034A00
S21402E64048BF43F040039361704700BF0010005874
S21402E650820700F001030AD50121064A43F040036F
S21402E66011704FF0B041CA6B22F00302CA63024A2D
S21402E670936170475330002000200058830742BF42
S21402E6804022014B5A6170470010005830B5154BB6
S21402E69087B00293144B0390049346F611030D467B
S21402E6A0059300F077F91428044616D1684600F060
S21402E6B02DFB4FF0A843032202A95A6319601D617D
S21402E6C09A63DA6B9207FCD1142C02D1684600F0EA
S21402E6D02BFB00F093F9044601E00028E9D020461F
S21402E6E007B030BD98160020040000202DE9F04F38
S21402E6F0B1B005468C469E46E8466F4EDDF8EC9075
S21402E700409C06F1100A474630687168083603C70F
S21402E7105645B846F7D13E9B03EB0208C8F1000AFD
S21402E7200AF00F0AB9F1000F00F09D80C9F1000748
S21402E73007F00F070121DDF8FCB044F00050C4F1E9
S21402E7401006CDF810B005910690300200F4F8508D
S21402E75040F021000790B9F1000F40F08680CDF816
S21402E76020D047F00050002D00F08480099121212E
S21402E7700A9041EA07210B9142F00050CDF830C0D2
S21402E7803D9B08A94FEA0A2C0D910E904CF04100D1
S21402E7900F901093002A75D13E9B119143F00053BF
S21402E7A012933C9B1390149310AB1593434B444A1D
S21402E7B0169340F611031793424B0021002D08BF13
S21402E7C01346189314AB19933F4B10221A93112336
S21402E7D01B931CAB1846F4F77BFE01221D92002207
S21402E7E046F0804603461E96239205B9EB46102C49
S21402E7F0CDF880B024AE4BD101232246002130460C
S21402E80021932294F4F764FE20AB002125938F42D5
S21402E81018BF334647F0804226923A9A2CA828928E
S21402E8202993B2FA82F35B0949EA837310222B9189
S21402E8302A93F4F74DFEB9F1000F00D028AED0446B
S21402E84048F080432CA918A82D962E93FFF71EFF9A
S21402E85030B92DB90346A34225D1002818BF2C2073
S21402E86031B0BDE8F08F102764E7CDF820E049F01C
S21402E870005078E7002C3FF479AF04A909910121F2
S21402E8800A9076E73E9B0CAA11924120129388E7E3
S21402E89010220021304621932294F4F719FE002C10
S21402E8A0B2D10123B1E703F1C0026A4412F8C02CC8
S21402E8B001331043CFE700BFD7F10200100000205B
S21402E8C0ECF10200F0F1020004000020F0B5C029CD
S21402E8D09FB0DDE9244557D0B1F5807F04D080296A
S21402E8E048D029201FB0F0BD01265CB140F2344763
S21402E8F00294102403960494212401970594069505
S21402E90002AC0AE040F214470294102403960494E0
S21402E91021240594012401970695079401251024C5
S21402E920089409950A9221220B950C940D92174A87
S21402E9300AAD0E92164A0F95109242F611021192E5
S21402E940129313951494159201AA1692D3B112AB90
S21402E9501793042318931123199316AB1A901B933B
S21402E96040F61103C9081C911AA806A91D93FFF7C1
S21402E9708DFEB7E7012614B94FF48267C4E74FF459
S21402E9808667B5E70EABE3E70F20ABE7E8F10200D8
S21402E9901000001038B5164B5A6E42F004025A6642
S21402E9A0D3F8802242F00102C3F88022114B5B6842
S21402E9B0C3F3080343B14FF0A842D36B13F0430FDF
S21402E9C0FBD11424204638BD4FF0A843DC6B14F06C
S21402E9D04304FBD1084D2B681BB904212846F4F7E3
S21402E9E005F82B68013343F000432B60EAE700BFCB
S21402E9F00080005000ED00E098160020014B002039
S21402EA005B68704700ED00E04FF4004070474FF43B
S21402EA107A70704710B962B6BFF36F8F7047EFF324
S21402EA20108072B6704780F31188BFF36F8F7047FD
S21402EA30EFF31180302383F3118870470122417867
S21402EA4003788A4030214B4341F2100103F1A04380
S21402EA5003F570335A50704709B100F005B822200A
S21402EA6070470121FEF796BF70B506460D46FFF7C2
S21402EA70DFFF04461D2E48D8DFE806F00F18471DB4
S21402EA8020234726292C47472F32473538473B470E
S21402EA903E474744474747474741FEF727FF00267A
S21402EAA028602046FFF7BFFF304670BD4FF4C070A7
S21402EAB0D3F716FEF3E74FF42070F9E74FF44070F1
S21402EAC0F6E74FF46070F3E74FF40070F0E74FF4A8
S21402EAD08060EDE74FF49060EAE74FF4C060E7E746
S21402EAE04FF4F060E4E74FF4B060E1E74FF4D06033
S21402EAF0DEE74FF4E060DBE74FF4A060D8E74FF4C0
S21402EB008070D5E74FF40860D2E700202126C7E7D9
S21402EB1010B962B6BFF36F8F7047012070470023AB
S21402EB200B7070472DE9FF410D4616461F460446F8
S21402EB30A8B14FF00008C0F81C80FFF79DFBBDF897
S21402EB402C30424602939DF828302946CDE90073C0
S21402EB5020463346FFF74CFB04B0BDE8F081222086
S21402EB60FAE7F0B51F46002387B00D461646044660
S21402EB708DF81730A8B1C3610DF11701FFF7A8FB96
S21402EB809DF817207AB9BDF83430294602939DF8CD
S21402EB9030302046CDE900733346FFF729FB07B035
S21402EBA0F0BD2220FBE70320F9E738B5FFF740FF68
S21402EBB0054600F016F804462846FFF734FF2046BE
S21402EBC038BD4FF0B04301285B6904D0022805D156
S21402EBD0C3F38010704703F00100704700207047AF
S21402EBE070474FF0B0439A6A1207FCD4186A70470F
S21402EBF0F0B5154649228FB0149C8DF8242004F1F6
S21402EC000C060DF1250254F8047BB44242F8047B4C
S21402EC10F9D1247814704FF48074ADF834409DF81E
S21402EC20544000228DF8364004240694169CCDE902
S21402EC30001505941324049409ACCDE902340B465E
S21402EC4011468DF832208DF83350FFF74FFD0FB086
S21402EC50F0BD30B5C02A93B02FD0B2F5807F29D050
S21402EC60802A2CD14FF4807480F00100204301905A
S21402EC7016980125029010242120039504940590ED
S21402EC80069301AB0795089409900A9306AB0B937B
S21402EC9004230C9311230D930AAB0E910F9340F6A7
S21402ECA01103D20802A90EA810921193FFF7EEFCE8
S21402ECB013B030BD4FF48274D6E70F20F8E7292050
S21402ECC0F6E708B5FFF766FEBDE80840FFF796BE12
S21402ECD01FB5079C02949DF81840CDE900341346F0
S21402ECE00A4601460020FFF783FF04B010BD1FB599
S21402ECF0079C02949DF81840CDE9003413460A4654
S21402ED0001460120FFF774FF04B010BD10B504469B
S21402ED10FFF785FE4FF0A8431A6822601B696360FE
S21402ED20FFF778FE002010BD10B50446FFF777FE09
S21402ED304FF0A84322681A6062681A61FFF76AFEFB
S21402ED40002010BD10B40446084611469DF8042063
S21402ED500192A2685DF8044BFFF7BABF10B40446EE
S21402ED60084611469DF804200192A2685DF8044BFD
S21402ED70FFF7BDBF8068FFF7A9BD8968FFF769BFC7
S21402ED80012070470120704710B5FDF71EFE0446AD
S21402ED90FFF7F6FF002818BF204610BD38B5FFF76C
S21402EDA00FF80446FDF718FE042810D002284FF08C
S21402EDB0000508BF0124FFF7E5FF042809D0022852
S21402EDC008BF0124002D18BF0024204638BD0125A7
S21402EDD0F1E70024F9E702210120EAF7E7BD000087
S21402EDE0F8B500BFF8BC08BC9E467047F8B500BF31
S21402EDF0F8BC08BC9E4670475FF800F0A92D0020BC
S21402EE005FF800F0412C00205FF800F0012D002092
S21402EE107CEE020054EE020000000000000000003B
S21402EE2028EE020000000000900A03003C0A0300DD
S21402EE30800A03004C0A0300600A0300280B030042
S21402EE40AC0A03006808030084080300880B03006A
S21402EE50000000003D870100C4EE0200C931010037
S21402EE60000000001BC90200000000006D820100C5
S21402EE70F2EE02000000000000000000F186010031
S21402EE80C4EE0200D97F0100C4EE020017C90200D8
S21402EE9000000000EDC80200F0EE02003D82010014
S21402EEA0F2EE020023C902000000000061880200A0
S21402EEB0000000006B880200000000000000000056
S21402EEC000000000000000004E0C000000000000E1
S21402EED00000000028F2020000000000000000000F
S21402EEE00400000000000000E2FF500000010000E5
S21402EEF003000400FB000D00A3910200E391020050
S21402EF00C39102001992020095400100B3B50200B7
S21402EF103940010057920200593D0100197E010056
S21402EF20CD4001008D3F0100D1B502000000000077
S21402EF30000500080030033E043E053E073E0C3E38
S21402EF40123E133E213E293EEDFFFFFF0000000069
S21402EF50E90400000201060020000000CB0D0200BA
S21402EF60C70D0200A50D0200730D0200030E02007B
S21402EF70D50D0200750D02002C00000002020203ED
S21402EF8000000008091108000B0000000B0000003A
S21402EF900200000000002020000000000300000025
S21402EFA08C8C3C0000000000000000000000000006
S21402EFB001030401010109031E0000001500000000
S21402EFC01A0000000000005812000000B8EF02000D
S21402EFD00104100100000005000200000300010009
S21402EFE0542E0020000000000000010000800000F7
S21402EFF0008000000080000000800000008000000A
S21402F00000800000008000000080000000800000F9
S21402F01000800000008000000080000001800000E8
S21402F02001800000018000000180000001800000D5
S21402F03001800000028000000280000002800000C2
S21402F04003800000038000000480000005800000AA
S21402F0500580000007800000088000000A8000008B
S21402F0601000000012000000150000001900000049
S21402F0701F000000270000003100000044000000CE
S21402F0806B00000079000000000000000000000095
S21402F090000000400000000001000000B0F0020086
S21402F0A0C000000000000000000010002000000069
S21402F0B0FFFFFFFF0000000100000000000000004C
S21402F0C000000000FFFFFFFFFFFFFFFFFFFFFFFF45
S21402F0D0FFFFFFFF00000000FFFFFFFFFFFFFFFF35
S21402F0E0BCE6FAADA7179E84F3B9CAC2FC632551E3
S21402F0F06B17D1F2E12C4247F8BCE6E563A440F276
S21402F10077037D812DEB33A0F4A13945D898C296BA
S21402F1104FE342E2FE1A7F9B8EE7EB4A7C0F9E1677
S21402F1202BCE33576B315ECECBB6406837BF51F528
S21402F130FFFFFFFF000000010000000000000000CB
S21402F14000000000FFFFFFFFFFFFFFFFFFFFFFFCC7
S21402F1505AC635D8AA3A93E7B3EBBD55769886BC1D
S21402F160651D06B0CC53B0F63BCE3C3E27D2604B74
S21402F1706BC0BCE12A459991E134741A7F9E192529
S21402F180AE2D8A571E03AC9C9EB76FAC45AF8E5110
S21402F19030C81C46A35CE411E5FBC1191A0A52EFFB
S21402F1A0F69F2445DF4F9B17AD2B417BE66C37104D
S21402F1B03FF1CAA1681FAC09120ECA307586E1A7D4
S21402F1C02B7E151628AED2A6ABF7158809CF4F3C74
S21402F1D06C5C4C54801018FFFFFFFFFFFFFFFFFF21
S21402F1E0FFFFFFFFFFFFFF000000000001200000FE
S21402F1F00020000000000000412002000040025CE7
S21402F2000000000000000010000000005053410003
S21402F2104B4559006869000001010000000000002B
S21402F220A08601000000000048F20200250025002A
S21402F230BCF4020014001400BAF40200000000003D
S21402F2400100FFFFFFFF0000010000000108FFFFB2
S21402F2500000000098F40200020002000108FFFF0E
S21402F2600500000020001000030010000008FFFF49
S21402F27001000000C82F0020040013000308FFFF4F
S21402F2800300000002000000050002000108FFFF64
S21402F2900500000002001100060011000108FFFF31
S21402F2A001000000D22F0020070002000108FFFF25
S21402F2B0050000000A001200080012000308FFFF03
S21402F2C001000000E82F0020090000000108FFFFEF
S21402F2D0000000009CF402000A0002000108FFFF82
S21402F2E0050000000A0003000B0003000308FFFFEE
S21402F2F001000000F02F00200C0002000108FFFFB2
S21402F30005000000020004000D0004000108FFFFD3
S21402F31000000000A0F402000E0000000108FFFF3B
S21402F32000000000A4F402000F0002000108FFFF24
S21402F3300500000002000500100005000108FFFF9E
S21402F34000000000A8F40200110002000108FFFFFE
S21402F3500500000002000600120006000108FFFF7A
S21402F36002000000FE2F0020130002000108FFFF2B
S21402F3700500000002000700140007000108FFFF56
S21402F380020000000E300020150002000108FFFFF8
S21402F3900500000002000800160008000108FFFF32
S21402F3A0020000001A300020170002000108FFFFCA
S21402F3B00500000002000900180009000108FFFF0E
S21402F3C00100000028300020190000000188FFFF1D
S21402F3D000000000B6F402001A0002000108FFFF57
S21402F3E00500000008000A001B000A000208FFFFD2
S21402F3F007000000000000001C0002000108FFFFDA
S21402F4000500000008000B001D000B000208FFFFAD
S21402F41007000000000000001E0002000108FFFFB7
S21402F4200500000008000C001F000C000208FFFF89
S21402F4300700000000000000200002000108FFFF95
S21402F4400500000008000D0021000D000208FFFF65
S21402F4500700000000000000220002000108FFFF73
S21402F4600500000008000E0023000E000208FFFF41
S21402F4700700000000000000240002000108FFFF51
S21402F4800500000008000F0025000F000208FFFF1D
S21402F4900700000000000000020001180200001829
S21402F4A00200000002000A180C0053696C69636FC0
S21402F4B06E204C61627302004A1800000028012880
S21402F4C00328002A012A292A242A272A262A232A26
S21402F4D0AD2BAE2BAF2BB02BB12BB22B052A2A2B82
S21402F4E0292B0229413033425244343139314131D9
S21402F4F0312E302E30000000010100000000000016
S21402F500A0860100000000006D7075363035303A76
S21402F510207265616420696E7420656E61626C6536
S21402F520207265676973746572206661696C6564CA
S21402F5302E0A006D7075363035303A207265616479
S21402F540206669666F20656E61626C65207265670B
S21402F5506973746572206661696C65642E0A006D53
S21402F5607075363035303A20726561642075736581
S21402F57072206374726C2072656769737465722098
S21402F5806661696C65642E0A006D707536303530BA
S21402F5903A20777269746520696E7420656E6162BE
S21402F5A06C65207265676973746572206661696C42
S21402F5B065642E0A006D7075363035303A207772E3
S21402F5C0697465206669666F20656E61626C652087
S21402F5D07265676973746572206661696C65642E0C
S21402F5E00A006D7075363035303A20777269746568
S21402F5F02075736572206374726C20726567697316
S21402F600746572206661696C65642E0A006D707599
S21402F610363035303A20646D702069732072756E0C
S21402F6206E696E672E0A006D7075363035303A2078
S21402F6307772697465206D656D206661696C6564B4
S21402F6402E0A006D7075363035303A207265616468
S21402F650206D656D206661696C65642E0A006D70AA
S21402F66075363035303A20636F646520636F6D708F
S21402F670617265206572726F722E0A006D70753641
S21402F6803035303A207365742070726F6772616D20
S21402F690207374617274206661696C65642E0A0058
S21402F6A06D7075363035303A20646D70206973207F
S21402F6B06E6F7420696E697465642E0A006D7075CB
S21402F6C0363035303A20636E74206D75737420625E
S21402F6D065206265747765656E203120616E6420F0
S21402F6E0342E0A00B8AAB38DB4980D355D00B8AAB8
S21402F6F0AAAAB088C3C5C7006D7075363035303AD1
S21402F700207265736574206669666F206661696C2F
S21402F71065642E0A00D8B1B9F38BA391B609B4D9A1
S21402F72000DAB1B9F38BA391B6DAB4DA006D70756C
S21402F730363035303A207265616420616363656CE9
S21402F74065726F6D6574657220636F6E6669672099
S21402F7506661696C65642E0A006D707536303530E8
S21402F7603A2072617465203E203230302E0A00FE46
S21402F770F2ABC4AAF1DFDFBBAFDFDF006D70753618
S21402F7803035303A206D672F6D73203E203136308B
S21402F790302E0A006D7075363035303A20696E7636
S21402F7A0616C696420617869732E0A006D70753623
S21402F7B03035303A207265616420696E7420737445
S21402F7C061747573206661696C65642E0A006D70DB
S21402F7D075363035303A206669666F206F76657208
S21402F7E0666C6F772E0A006D7075363035303A20AB
S21402F7F06E6F20646174612E0A006D707536303546
S21402F800303A2072656164206669666F20636F75A0
S21402F8106E74206661696C65642E0A006D707536BA
S21402F8203035303A2072656164206661696C6564C1
S21402F8302E0A006D7075363035303A206669666F6E
S21402F840206461746120697320746F6F206C697420
S21402F850746C652E0A006D7075363035303A20713C
S21402F86075617420636865636B206572726F722EB1
S21402F8700A006D7075363035303A20726561642044
S21402F880616363656C20636F6E6669672066616993
S21402F8906C65642E0A006D7075363035303A20720B
S21402F8A0656164206779726F20636F6E6669672090
S21402F8B06661696C65642E0A006D70753630353087
S21402F8C03A20726561642075736572206374726C87
S21402F8D0206661696C65642E0A006D707536303577
S21402F8E0303A207772697465207573657220637486
S21402F8F0726C206661696C65642E0A006D707536DE
S21402F9003035303A206969635F696E6974206973BD
S21402F910206E756C6C2E0A006D7075363035303A76
S21402F920206969635F6465696E6974206973206E15
S21402F930756C6C2E0A006D7075363035303A20695B
S21402F94069635F72656164206973206E756C6C2EE4
S21402F9500A006D7075363035303A206969635F7714
S21402F96072697465206973206E756C6C2E0A006D60
S21402F9707075363035303A2064656C61795F6D7328
S21402F980206973206E756C6C2E0A006D70753630A9
S21402F99035303A20726563656976655F63616C6CC3
S21402F9A06261636B206973206E756C6C2E0A006D43
S21402F9B07075363035303A2069696320696E69742D
S21402F9C0206661696C65642E0A006D707536303586
S21402F9D0303A20726561642077686F20616D206915
S21402F9E0206661696C65642E0A006D707536303566
S21402F9F0303A20696420697320696E76616C6964A6
S21402FA002E0A006D7075363035303A20777269747A
S21402FA106520707772206D676D742031206661698B
S21402FA206C65642E0A006D7075363035303A207279
S21402FA3065616420707772206D676D742031206670
S21402FA4061696C65642E0A006D7075363035303A21
S21402FA50207265736574206661696C65642E0A009F
S21402FA606D7075363035303A206969632064656991
S21402FA706E6974206661696C65642E0A006D707525
S21402FA80363035303A20666F72636520726573656C
S21402FA9074206669666F206661696C65642E0A006A
S21402FAA06D7075363035303A207265616420706F3D
S21402FAB0776572206D616E6167656D656E74203163
S21402FAC0206661696C65642E0A006D707536303585
S21402FAD0303A20777269746520706F776572206D90
S21402FAE0616E6167656D656E742031206661696C52
S21402FAF065642E0A006D7075363035303A207265B0
S21402FB00616420706F776572206D616E6167656DE6
S21402FB10656E742032206661696C65642E0A006D1B
S21402FB207075363035303A20777269746520706F9A
S21402FB30776572206D616E6167656D656E742032E1
S21402FB40206661696C65642E0A006D707536303504
S21402FB50303A20777269746520736D70727420640F
S21402FB606976206661696C65642E0A006D7075366A
S21402FB703035303A207265616420636F6E6669675D
S21402FB80206661696C65642E0A006D7075363035C4
S21402FB90303A20777269746520636F6E66696720F3
S21402FBA06661696C65642E0A006D70753630353094
S21402FBB03A2072656164206779726F73636F70654D
S21402FBC020636F6E666967206661696C65642E0ADB
S21402FBD0006D7075363035303A207772697465205C
S21402FBE06779726F73636F706520636F6E6669679D
S21402FBF0206661696C65642E0A006D707536303554
S21402FC00303A20777269746520616363656C657249
S21402FC106F6D6574657220636F6E666967206661D4
S21402FC20696C65642E0A006D7075363035303A2080
S21402FC3072656164206669666F20656E61626C65D6
S21402FC4020636F6E666967206661696C65642E0A5A
S21402FC50006D7075363035303A20777269746520DB
S21402FC606669666F20656E61626C6520636F6E669C
S21402FC706967206661696C65642E0A006D70753668
S21402FC803035303A207265616420696E746572722E
S21402FC907570742070696E206661696C65642E0AE0
S21402FCA0006D7075363035303A207772697465208B
S21402FCB0696E746572727570742070696E20666102
S21402FCC0696C65642E0A006D7075363035303A20E0
S21402FCD07265616420696E746572727570742065EF
S21402FCE06E61626C65206661696C65642E0A006DE1
S21402FCF07075363035303A20777269746520696ED1
S21402FD007465727275707420656E61626C652066C9
S21402FD1061696C65642E0A006D7075363035303A4E
S21402FD20207772697465206D6F74696F6E207468CF
S21402FD30726573686F6C64206661696C65642E0A0E
S21402FD40006D7075363035303A20777269746520EA
S21402FD506D6F74696F6E206475726174696F6E2060
S21402FD606661696C65642E0A006D707536303530D2
S21402FD703A20777269746520616363656C20636FED
S21402FD806E666967206661696C65642E0A006D702E
S21402FD9075363035303A2067657420737420626990
S21402FDA061736573206661696C65642E0A006D7006
S21402FDB075363035303A20616363656C2073656C46
S21402FDC0662074657374206661696C65642E0A0029
S21402FDD06D7075363035303A206779726F207365EC
S21402FDE06C662074657374206661696C65642E0A9D
S21402FDF0006D7075363035303A2073657420616454
S21402FE0064722070696E206661696C65642E0A00F1
S21402FE106D7075363035303A20696E6974206661C9
S21402FE20696C65642E0A006D7075363035303A207E
S21402FE3073657420736C656570206661696C6564B1
S21402FE402E0A006D7075363035303A2073656C6652
S21402FE502074657374206661696C65642E0A006D91
S21402FE607075363035303A2073657420636C6F6374
S21402FE706B20736F75726365206661696C65642EAC
S21402FE800A006D7075363035303A2073657420730B
S21402FE90616D706C65207261746520646976696450
S21402FEA06572206661696C65642E0A006D7075362F
S21402FEB03035303A2073657420616363656C657211
S21402FEC06F6D657465722072616E67652066616922
S21402FED06C65642E0A006D7075363035303A2073C4
S21402FEE06574206779726F73636F70652072616ED6
S21402FEF06765206661696C65642E0A006D707536EA
S21402FF003035303A20736574206C6F7720706173D9
S21402FF10732066696C746572206661696C65642E0E
S21402FF200A006D7075363035303A20736574207469
S21402FF30656D70657261747572652073656E736F38
S21402FF4072206661696C65642E0A006D70753630C3
S21402FF5035303A20736574206379636C6520776167
S21402FF606B65207570206661696C65642E0A006D8B
S21402FF707075363035303A207365742077616B655C
S21402FF80207570206672657175656E63792066618C
S21402FF90696C65642E0A006D7075363035303A200D
S21402FFA0736574207374616E646279206D6F646524
S21402FFB0206661696C65642E0A006D707536303590
S21402FFC0303A20736574206779726F73636F706559
S21402FFD02074657374206661696C65642E0A006D10
S21402FFE07075363035303A20736574206163636508
S21402FFF06C65726F6D6574657220746573742066C5
S21403000061696C65642E0A006D7075363035303A5A
S21403001020736574206669666F20656E61626C6521
S214030020206661696C65642E0A006D70753630351E
S214030030303A20736574206669666F206661696C62
S21403004065642E0A006D7075363035303A20736558
S2140300507420696E74657272757074206C6576654B
S2140300606C206661696C65642E0A006D70753630A7
S21403007035303A2073657420696E746572727570D4
S214030080742070696E2074797065206661696C658A
S214030090642E0A006D7075363035303A206D6F74F5
S2140300A0696F6E207468726573686F6C6420636F23
S2140300B06E7665727420746F2072656769737465F3
S2140300C072206661696C65642E0A006D7075363041
S2140300D035303A20736574206D6F74696F6E2074C3
S2140300E068726573686F6C64206661696C65642EFC
S2140300F00A006D7075363035303A206D6F74696F4F
S2140301006E206475726174696F6E20636F6E7665B8
S214030110727420746F2072656769737465722066E3
S21403012061696C65642E0A006D7075363035303A39
S21403013020736574206D6F74696F6E2064757261C9
S21403014074696F6E206661696C65642E0A006D7053
S21403015075363035303A2073657420666F72636582
S21403016020616363656C2073616D706C65206661E6
S214030170696C65642E0A006D7075363035303A202A
S21403018073657420696E7465727275707420666127
S214030190696C65642E0A006D7075363035303A200A
S2140301A073657420696E74657272757074206C6101
S2140301B0746368206661696C65642E0A006D7075E9
S2140301C0363035303A2073657420696E7465727202
S2140301D0757074207265616420636C656172206655
S2140301E061696C65642E0A006D7075363035303A79
S2140301F0207365742065787465726E2073796E63F8
S214030200206661696C65642E0A006D70753630353C
S214030210303A20736574206673796E6320696E7452
S214030220657272757074206661696C65642E0A0067
S2140302306D7075363035303A207365742066737981
S2140302406E6320696E74657272757074206C657661
S214030250656C206661696C65642E0A006D70753680
S2140302603035303A2073657420696963206D617395
S214030270746572206661696C65642E0A006D70751C
S214030280363035303A2073657420696963206279A5
S21403029070617373206661696C65642E0A006D7005
S2140302A075363035303A20646D70206C6F6164208B
S2140302B06669726D77617265206661696C65642E26
S2140302C00A006D7075363035303A20646D702073D1
S2140302D06574207461702061786573206661696C4B
S2140302E065642E0A006D7075363035303A20646DBD
S2140302F07020736574206669666F2072617465206A
S2140303006661696C65642E0A006D7075363035302B
S2140303103A20646D702073657420696E746572721A
S214030320757074206D6F6465206661696C65642EF4
S2140303300A006D7075363035303A20646D70207360
S2140303406574206F7269656E746174696F6E20667A
S21403035061696C65642E0A006D7075363035303A07
S21403036020646D70207365742066656174757265AC
S214030370206661696C65642E0A006D7075363035CB
S214030380303A20646D702073657420746170206346
S214030390616C6C6261636B206661696C65642E0ACE
S2140303A0006D7075363035303A20646D7020736595
S2140303B074206F7269656E742063616C6C6261632E
S2140303C06B206661696C65642E0A006D7075363045
S2140303D035303A20646D7020736574207065646FE1
S2140303E06D657465722077616C6B2074696D65202A
S2140303F06661696C65642E0A006D7075363035303B
S2140304003A20646D7020736574207065646F6D6543
S214030410746572207374657020636F756E742066DE
S21403042061696C65642E0A006D7075363035303A36
S21403043020646D7020736574207368616B65207229
S214030440656A6563742074696D656F75742066618B
S214030450696C65642E0A006D7075363035303A2047
S214030460646D7020736574207368616B65207265B4
S2140304706A6563742074696D65206661696C65647A
S2140304802E0A006D7075363035303A20646D702054
S214030490736574207368616B652072656A6563743F
S2140304A020746872657368206661696C65642E0AD9
S2140304B0006D7075363035303A20646D7020736584
S2140304C074207461702074696D65206D756C746931
S2140304D0206661696C65642E0A006D70753630356A
S2140304E0303A20646D7020736574207461702074D4
S2140304F0696D65206661696C65642E0A006D7075AA
S214030500363035303A20646D7020736574206D691B
S2140305106E2074617020636F756E74206661696CFB
S21403052065642E0A006D7075363035303A20646D7A
S21403053070207365742074617020746872657368C4
S214030540206661696C65642E0A006D7075363035F9
S214030550303A20646D70206779726F20616363653B
S2140305606C20726177206F666673657420636F6EA6
S21403057076657274206661696C65642E0A006D7018
S21403058075363035303A20646D702073657420619B
S2140305906363656C2062696173206661696C656478
S2140305A02E0A006D7075363035303A20646D702033
S2140305B0736574206779726F206269617320666160
S2140305C0696C65642E0A006D7075363035303A20D6
S2140305D0646D702073657420656E61626C65206659
S2140305E061696C65642E0A006D7075363035303A75
S2140305F020666F726365206669666F207265736531
S21403060074206661696C65642E0A000100000001AF
S214030610000000010000000000000080DB0F4940DE
S214030620DB0F49C0DB0F49BFE4CB1640E4CB16C053
S2140306306937AC3168212233B40F14336821A233EF
S2140306403863ED3EDA0F493F5E987B3FDA0FC93FCA
S2140306502F7661722F6C69622F6A656E6B696E7393
S2140306602F6769746875622F62676170695F70725D
S2140306706F746F636F6C2F70726F746F636F6C2F12
S2140306806576656E742F7372632F736C695F62672A
S2140306906170695F6576656E742E63006267627566
S2140306A0665F696E0062676275665F6F7574006287
S2140306B0676275665F6E6F666C6F770062676275FA
S2140306C0660061636C006C6C5F636F6E6E6563746B
S2140306D0696F6E006C6C5F6164765F736574006C43
S2140306E06C5F76616C696461746F720062675F6DDC
S2140306F065737361676500736F66745F74696D65B0
S214030700725F6D657373616765006C6C5F616476B9
S2140307105F73796E63006C6C5F7363616E5F73798E
S2140307206E63006761705F706572696F6469635FAB
S214030730616476006761705F706572696F64696390
S2140307405F73796E63006C326361705F636F635FC0
S2140307506368616E6E656C006D626564746C735F6E
S214030760636F6E7465787400BC060300C2060300EC
S214030770C6060300D4060300DF060300EC060300E8
S214030780F70603000A070300160703002307030000
S21403079034070300460703005807030062675F6DCC
S2140307A0616C6C6F6300FFFF010606010203120112
S2140307B0000000010202000041CD0000C9CD000088
S2140307C041CD0000A9CC00000102070B0001010285
S2140307D0010202030403010102040400F401000001
S2140307E0FA00000096000000640000004B000000C2
S2140307F0320000001E00000014000000000000008D
S21403080050004000080050002400040090015002ED
S21403081040009001AE0110000B0701160C0000010A
S21403082008080000050108FFFF02FFFF0808020290
S21403083004FF010022FFFF23080F030304040A0A30
S214030840030A2AFFFF1419191B011C15120400487A
S2140308500C1404131510801A80128080000F0E0CDF
S214030860080C080D18100000090000000000000026
S2140308700000000000000000A0030906A087090886
S214030880A08809070A00000000000000000000001E
S21403089000000000A0010A05A0030A04A0080A033A
S2140308A0A0880A08A0060A01A003090020040A0477
S2140308B0C935010020060A17993501000100020018
S2140308C0000000000000030000000D00030002000B
S2140308D0010005000049725314497207FF00010224
S2140308E0030405FF145300724907CDF6000000FB0E
S2140308F0349B5F80000080001000000000000000B2
S2140309001BB40200698B02005DB5020005B5020048
S214030910E69D350E480103CCDBFDF4AC1191F4EFF4
S214030920B9A5F9E9A7832C5E2CBE97F2D203B020B3
S214030930008BD28915D08E1C742430ED8FC245638C
S214030940765C15525ABF9A32636DEB2A65499C80D2
S214030950DC006C888391AAF5A53860370BDB5A60F8
S21403096083BE00000001000100050100050202032A
S214030970000200000000000205010005000001005F
S2140309800100000100010202030002000000000053
S2140309900202010002000000A17201000D710100B5
S2140309A05BC40200C9C3020025C10200E56E010054
S2140309B0316E0100896C0100BDC1020011BE020048
S2140309C0BF01FB9D4EF3BC36D874F5394138684CED
S2140309D08BD28915D08E1C742430ED8FC245637676
S2140309E05C15525ABF9A32636DEB2A65499C80DCCC
S2140309F0E69D350E480103CCDBFDF4AC1191F4EF14
S214030A00B9A5F9E9A7832C5E2CBE97F2D203B020D2
S214030A103F49F6D4A3C55F3874C9B3E3D2103F5039
S214030A204AFF607BEB40B7995899B8A6CD3C1ABDF0
S214030A3001020C0000000400000008000200000091
S214030A40000000000000000000000000040000009A
S214030A50000000000000000000000000A0010401E8
S214030A605600000000000000000000000000000028
S214030A70A0880A07A0040903A0050902A006090125
S214030A800F0000000000000000000000000000004F
S214030A90010000000000000000000000000000004D
S214030AA0A0010107A00001040204080006000000DC
S214030AB0000000000000000000000000A003060184
S214030AC0A0090609A0020608A0050607A005060653
S214030AD0A0070605A0020604A0010610A008060249
S214030AE0A00D060000000402050306010701010825
S214030AF0090A0000A0015C04A0005C03A0015C02DC
S214030B00A0035C01A0025C00A0020F09A0030F046F
S214030B10A0030F03A0050F02A0010F01A0050F00FD
S214030B20A0040108A003010657000000000000000F
S214030B3000000000000000002001040AD17D01002F
S214030B4020010411917D0100200C0403657D010042
S214030B5020000401A97D010020025602617E0100E7
S214030B6020035600297E010020065704098501004C
S214030B7020025701D984010020035700BD840100D9
S214030B8020000205397D010044000000000000003B
S214030B90000000000000000020054406598C0100F8
S214030BA020014401898C010020034400A98C010024
S214030BB0A0120100018F0100498F0100F58E01008C
S214030BC0558F01003D8F0100EDCC02002BCD0200B6
S214030BD04DCD02006FCD020091CD0200919E010023
S214030BE0419E01004D9E01003D9F010063CF020020
S214030BF0B1CA0200B5CA0200B9CA0200BDCA0200E1
S214030C00C1CA020000000000B0010000700B002003
S214030C10000210005C260020200D00205241494CA3
S214030C200000000020000000359A010010000000BC
S214030C30AD990100699C01004D9C010055D201004D
S214030C4051D5010081D4010020C001B80000000185
S214030C5000000101000101011F150F15150F151FD7
S214030C60FFFFFFFFFFFFFFFFFFFFFFFFFFFFFFFF8C
S214030C70FFFFFFFFFFFFFFFFFFFFFFFFFFFFFFFF7C
S214030C8000A801A802A8000000B801B802B800B086
S214030C906C400300844003009C400300B440030000
S214030CA0B4400300CC400300030404080805000016
S214030CB0000000000000000000000000000000002C
S214030CC064340000E0030000443800001400000011
S214030CD0343E0000080000006C2F0000F8040000FB
S214030CE05838000004000000303E000003000000F7
S214030CF0000000006C2F00005C38000001000000BC
S214030D003C3E000039000000E13600007F3400005E
S214030D100B350000513600007F360000010000004E
S214030D200006800F70478F4909684143880B704758
S214030D308D4800680104C80F70478B480168090492
S214030D4007D58A490A688A4B1A604A6842618868E6
S214030D50C8607047F1B582B00F001600C006000EDB
S214030D600090103891282DD2FFF7E2FF002829D0F3
S214030D70002501240298FFF7D3FF002802D002289B
S214030D8004D004E07B480068204000D0012501968B
S214030D90794E38000C30FFF7C6FF019940183060D3
S214030DA000983818FFF7BFFF019940187060C020FD
S214030DB0800172490860280371490860FDF76AF9E3
S214030DC070480470F7BDFEB56F4A704DC0208004AE
S214030DD00290F02000050190D068022805D228680A
S214030DE00199014002988142F0D069490868C01C05
S214030DF0684B0343B0480360674C042320691842DA
S214030E0004D0107C8006C30F5B0022E0800722D547
S214030E10D068042805D22868019E064002988642B8
S214030E20F6D0107C0007000F072814D1507C022848
S214030E3011DD907C8006800E02280CDBD07C0090AF
S214030E40184208D0C00700D50A230098800700D5AB
S214030E509B1D002B0AD19948974908600020106013
S214030E6080218902964A1160A061F7BD581CD66896
S214030E70864205D22F68019E3E40029FBE42F6D0B0
S214030E809048C05C0090A0610098C300F82018400A
S214030E9002D08023DB04136040005060A068002863
S214030EA033D100980202F820400110406268824263
S214030EB000D210002268131F4A621818086282487C
S214030EC00268002A01D1BF2600E093267A4A1368F7
S214030ED06769BF00BF0BF61936039B059B0D3343AB
S214030EE0136080225201CA600099890908D10068FC
S214030EF0002801D1282200E019220098FFF72AFFD4
S214030F00207C000701D40120A060F7BD18494A6879
S214030F100020002A02D06D4B1A6048606649674A73
S214030F200A60194A106080229202654B1A60684A6A
S214030F308A60CA60134908707047062065490860CE
S214030F40002065490860F0210901644A1160802188
S214030F504900634A116008495D4A0A604A600949C4
S214030F6008707047BC3E0000584201A8983E000037
S214030F70343E0000B83E00005C4201A8586201A857
S214030F80585201A8743E0000C44000A80C0002A8F2
S214030F90204000A800F0FF3FA83E0000F0B581B057
S214030FA00400A00321D54848006800287DD147489F
S214030FB001684C4A5160CAB2FF239943D30702D54E
S214030FC0EC23DB02C91852080A4302600E20FEF720
S214030FD061FD4548806E0007C10F44480170082034
S214030FE043490860C0033649086042480168424DD9
S214030FF0090435D5696941613A4A1068401C6B6833
S214031000984200D3286801788E06B60E401C984294
S21403101000D3286801788F01FC2109013940314348
S214031020461C9E4200D32E6830780703FC208002BD
S21403103038400843761C9E4200D32E6831788F04CE
S214031040FC21090439400143701C984200D32868E8
S21403105003781E06FC239B0533400B4310606B612D
S214031060A00727D58020C00215490860FDF72CF895
S21403107000281FD0686AC0B2002802D006211F4A83
S2140310801160810916D018490A68012AFBD94968F4
S2140310900905090D091DC9000B4A1268012A00D16A
S2140310A04908002A03D1282202E008208FE71922E4
S2140310B0FFF750FE01B0F0BD544201A8FFF3FF3F17
S2140310C04C6201A8D44000A8683F0000EC4001A889
S2140310D0FFFF0300846201A8504000A80C6000A82C
S2140310E00C5000A8343E00001C4000A85C380000EA
S2140310F0846000A8584201A8903E0000845201A8CC
S214031100303E00002D2A0000452A0000452A000034
S214031110452A0000452A0000452A0000000000007A
S214031120000000000000000000000000452A000048
S214031130452A0000452A0000812E0000452A0000AB
S21403114091230000A12300002D2400008324000027
S2140311500D250000852600002D2500002D27000004
S21403116079250000C92500004526000099280000BF
S2140311706929000063230000CF2B000085200000B0
S214031180ED2B0000612C0000452A0000412D0000D5
S214031190092D0000452A0000452A00008D2D000079
S2140311A0452A0000452A0000452A00009110000049
S2140311B087100000A1100000AB100000B51000005F
S2140311C08C488068000200D4704780B58020800277
S2140311D0A8490860CF2000F045FA01BDF8B5864857
S2140311E00068864C802292032260854E316809058A
S2140311F01DD5110BA023034001D0216017E0024048
S2140312003FD180277F4A17607F4A1760084038D04F
S214031210784D287A400705D501207C4908600002EE
S2140312207B4908602878002801D0062801DB0020C7
S214031230F2BD00F051FB716889684E68297805296C
S21403124007D1B905A1606E60B668CC218901704AE2
S214031250116000F04AFB012E00DA0226BC2080054E
S2140312608549086094208005844908606548002104
S214031270C94301647142416481490F6040210160A2
S214031280D5E7AE480160FFF79BFF0120F2BD5A4841
S2140312900168890504D5C06E0004000F022801D03A
S2140312A0002070470120704738B5802455480460F5
S2140312B000F012FB05007348006800F05FF9280091
S2140312C000F013FBFFF77CFF4A48007A000705D5BA
S2140312D0A0004A49086000F004FC31BD600397494A
S2140312E00860AD48046031BDFEB50500CC20800122
S2140312F093494860012693480660FFF7C8FF002815
S21403130077D03C4C2078002873D03102019505280D
S21403131002D02A460A406CD1CC27BF01884A176000
S2140313209E4A126853075B0F022805D1022B5ED331
S214031330080137490860F7BD4D01032804D1022B85
S21403134055D933480560F7BD042802D111404ED065
S214031350F7BD05284BD10198002848D0C005C10F1A
S214031360684641700198C004C10F6846017000F0DA
S214031370B3FA0290606869464978002903D0066884
S2140313808021214A11602C04A7496A461278002A54
S2140313900CD0C2680B68D21AA44B1B68234001D03A
S2140313A0066800E04668964200DD16006846407808
S2140313B06A461278024308D008684242B01E824248
S2140313C002DA7042886000E00026029800F08DFA88
S2140313D00198800501D5964804600198054001D020
S2140313E094480460002E02D009480760F7BDFFF753
S2140313F05BFFF7BD3C3E0000400002A8402002A869
S214031400C43E00000CC001A890E001A894D000A838
S214031410505201A838B58024874804600120494902
S2140314200860864D2878052802D060008449086045
S214031430FFF72DFF002812D012480068000A80210B
S2140314404140A868000EC9B2814208D253480068DA
S2140314504007400F022802D2FFF726FF31BD794826
S2140314600168C0220A4002D1C06F204001D0044860
S214031470046031BD1C1002A808E001A808D001A82A
S21403148094D001A818C000A8F1B582B00F0080263A
S214031490B600A020384002D06B4806604CE000F04F
S2140314A01BFA009069480468F80202D5A068006930
S2140314B0029000F065FBB102606800F069F92178DC
S2140314C020000022491C43788B4200D200211823B7
S2140314D04B43C5180C352B78082BF3DA0C00017038
S2140314E085605648297801703E4007D057490968F9
S2140314F08968CA68F90201D403218A4382600126F7
S2140315001046304003D100F0FCFB00F0D1FFF1049D
S214031510686900F03DF93C2000F0A4F8E0B200F062
S214031520A1F8009800F0E1F93005474908604848FB
S21403153006603002024908600298FEBD401002A809
S2140315404C6201A894E000A810B5424800688005E4
S21403155001D4FE2010BDC02080033F49086000F080
S214031560BBF93A4909688A78D20702D589688C7824
S21403157000E00C7800F0B9F9200010BD3349096883
S2140315808A688B78DB0704D5927818235A438A181F
S2140315900C32906070470000100002A8084001A8B3
S2140315A0F1B582B02D4F3C680026200F000702D10C
S2140315B0E00102902AE000F07BFF00F08DF9019035
S2140315C080210903606800F0E3F825786D1C6078D5
S2140315D0A84200D20025E80020180C3000900068CE
S2140315E00290802109030098406800F0D1F83D205E
S2140315F000F038F8E8B200F035F825700098A060DF
S214031600019800F072F902A800F0B6FF14480068CB
S214031610800407D5786901F06CFC029908180290DB
S21403162000D502960298FEBD48C001A8480002A84D
S214031630481002A8482002A894E001A83C3E0000F7
S214031640506201A814C001A8402002A8C83E0000AA
S21403165090E000A8400002A8401002A8CC3E00007C
S214031660FC0302A841490968002901D540490860DE
S2140316707047F3B581B03F4FB9683F4C4A004CD52D
S2140316800125090100D5212501003C4A106856684A
S21403169022689206920E94463A689300802213407C
S2140316A062461343802252001A4300920A0023D054
S2140316B0890601D5012008E0F021014007D16946DB
S2140316C0097A0C220A4002D0022000F03FF82C4987
S2140316D0096809040AD53968090701D5022605E011
S2140316E03968490301D5002600E003264835009AE9
S2140316F024490968890003E0009A2249C96909094F
S2140317004023194011439A00002E02D01643266642
S21403171008352166024322662566E06D4407640F9A
S21403172000F0C4F8A0070BD0052C09D0B868000455
S21403173006D400F0D1F80221134A116000F0D5F860
S21403174000F0BDF8002000F001F8F7BD0B490A6869
S214031750F0239A43000110430860C0B2704780200C
S214031760C0020A4908607047000000004C0002A847
S214031770884000A8440002A8284000A8643F000050
S214031780384101A8084001A87CD40350485000A85B
S21403179080B5664A116001F0D7FBFFF7E0FF01BD95
S2140317A0FEB500F099F80190102061490860002208
S2140317B0604802600220604908606048C0684005CF
S2140317C0C30DD52B01D2D52304E0D120400083429C
S2140317D000D9030018000100594C0094843C246887
S2140317E064011DD5574C2478022C03D2564E062787
S2140317F07C4333530024009D2D7CE540ED070CD538
S214031800524D06266643AD19AD888FB2BD4200D24F
S214031810290086B2AE4200D22800641C022CEAD30A
S21403182089B2463109044A4C0C404638C005C00DFF
S214031830204342490860C0200006464908604048E5
S214031840017D00290CD04449D52B02D98024E40518
S2140318500C60D1246400A34202D2802424060C60C8
S21403186010213E4C21603E490A604188002900D180
S2140318700380019800F039F8F7BD80B539483A4936
S21403188008603A48C1680902090A192251434160AF
S21403189005210160FFF784FF01BD34480068C003DB
S2140318A000D4704780B5FFF77BFF01BD8020C002E0
S2140318B01E4908602E4800684007FBD47047802006
S2140318C0C0022C490860704701E02B4908602B4989
S2140318D009680140F9D17047294800682021294A40
S2140318E011601021284A116070473021014002D14F
S2140318F010202449086070472148006830210140C1
S214031900102901D101207047002070471F48007836
S2140319100621014007D01E480068022803D003288A
S21403192001D001207047002070470000401002A835
S214031930F41302A8048002A8409002A87C4000503A
S214031940703F00005C3E0000643E0000603E000006
S2140319500000FF01A0600050A4500050F42302A82A
S21403196018E000E07F1A0601500002A810E000E02D
S214031970400002A8402002A8282002A8280002A8A7
S2140319805C0002A85C2002A85C1002A8B83E000017
S214031990683F0000FEB55548802149028161022157
S2140319A0534A51600021534A1160534A1180032160
S2140319B04F4A1160022101602020504908608020B0
S2140319C04F490860CC2080014E49086001204E49EB
S2140319D008604848806F01900F26000B3040009047
S2140319E04A480068C505ED0D103DC0202843C0B227
S2140319F0FFF738FE3F48006980030BD50098092897
S214031A0008D0FFF783FF002802D0414800688047CC
S214031A1001F0F0F83F480468032D43D001980640D0
S214031A200196032E04D0022E07D10098032839D03E
S214031A3000F000FA0198032804D00098062831D154
S214031A40062D2FD0344800680127C00B384001D03C
S214031A5001F098FB31480068000108D5052D06D132
S214031A6001252F4807606805FFF72EFF00E00025D5
S214031A702100009800F0E0F904002A4E002D05D05E
S214031A8000F0A0FB376002202749086078057065E0
S214031A90800926490860FFF739FF002802D024484A
S214031AA000688047124880214902C16100990029D5
S214031AB008D10221416000200E490861C020C00001
S214031AC01C4908602000FEBD80B5FFF7EFFE1A48EC
S214031AD00078800602D4022018490860FFF7EFFE5C
S214031AE001BD022016490860704700002C1002A8AA
S214031AF0282002A8340002A8703E000094E001A843
S214031B000CC001A8506201A894E000A804ED00E010
S214031B1054380000B44000A800E200E0EC3E0000A9
S214031B20645000A8646000A82C4000A880E200E08F
S214031B30503800002C6001A8C43E0000081002A81C
S214031B40082002A87B480068800700D4704730B599
S214031B5081480421904A0123E024E4008568254057
S214031B6002D01360D160D3600068044002D01360D3
S214031B705160536030BD8948012181600160704720
S214031B8010B5012075498A680240FCD1844A0423B3
S214031B90D3600C680440FCD15360106010BD8149CB
S214031BA008680122104200D1704710B5E023DB001D
S214031BB00340FF24A41CA34204D37B4B1B689B0651
S214031BC000D54868024001D000F0B6F810BDFEB557
S214031BD00700C820754908600620754908608020FC
S214031BE040037449086074480168744A0A408021B7
S214031BF0090111430160724CC020C0002060022519
S214031C00A56168036F4908606F4E7048F0664C2004
S214031C106F49C86638686F498968814201D2009166
S214031C2000E000900099401A38600121380000F067
S214031C306CFB01903868009940183860FFF782FF04
S214031C40634800686349086063480168490601D52C
S214031C50624900E0624931670199002908D10321EE
S214031C60E16100683068054002D080208002206170
S214031C700198FEBDF1B55B4C8020C00120605A4D33
S214031C800126AE62594F3E601D20286056206866C6
S214031C90072001F021FB022028600621296654490B
S214031CA00968002902D4082129666966514929650D
S214031CB0C021C900504A1268F823DB01134001D142
S214031CC0A96700E07961E16B314008D0216BC90751
S214031CD005D44A490968084001D101F005FB484884
S214031CE048490860206B064001D1FFF72BFF009898
S214031CF001F0E0FA206B8001FCD4206A42490860B8
S214031D00F1BD30B53748414B0121026B0A4001D182
S214031D105961D9603E4A3F4C54663F4C14650324D0
S214031D201C600023CE4D2B6014609162C9030160D2
S214031D3030BD00004C0002A8F0210901374A1160AB
S214031D400140374801602020364908603649096853
S214031D500840C949086070476C0102A8700102A8D0
S214031D6080B532480821324A13680B4001D001611E
S214031D7041611178C90602D5862109010160FFF782
S214031D800EFF1420B7490860BC480168490701D014
S214031D90FF21416101BD0000681102A86C2102A861
S214031DA0682102A8743F0000400002A8548001A8DE
S214031DB00C9001A8942002A8680102A8FFF1FFFF77
S214031DC0441102A8A01002A8E40002A8294E0600A7
S214031DD0300002A8A03F0000FC0302A8CC3F00008E
S214031DE0C43F0000100002A8E01002A8442102A885
S214031DF028C000A80C3E0000A88001A8443E0000AE
S214031E00FFFF7F7FB46000A89C3F0000602102A80C
S214031E10E02002A85E0600000C1E00002C6001A84D
S214031E202C5001A8442002A8084001A8301102A89B
S214031E30F84F000070470000F8B586B005000C00A8
S214031E408F48866AFFF748FD0590B00503D58D4891
S214031E500068FFF793FB0020019001227306DB0F57
S214031E6089498F688860B8204000884E30606608CD
S214031E70B82030400978F0260E40402E02D10100EB
S214031E80402008430D2D02D1390004270F4379075C
S214031E9004D501001420084310218C437C490968AB
S214031EA06D462A70049305007A4EC80506D5802031
S214031EB04000794908602800012505430498002856
S214031EC011D10C20284008280DD028006C49496BF6
S214031ED0CA0601D410229043890601D420218843E0
S214031EE0B121014068D068460078002866D0B26BFE
S214031EF0B06D012101235207520F921D9340C00477
S214031F00C00C181A80B2082809D2802506205C4A1D
S214031F1010600804A14A106000206A4610708120F1
S214031F2028404ED00820049A002A00D130623A0096
S214031F300827174310208443042003900005A54A6E
S214031F40106040089E4A1060A34801606846007807
S214031F50002833D0039806283AD3A048806BC006DF
S214031F6036D59F480068000E01909C48006880B2F2
S214031F7002909B48006A000604D00298802149011B
S214031F8001430291FFF7C2FC00280AD0FB20800120
S214031F900078C00605D002988021C901014389B2A2
S214031FA00291029830610298001230613848016845
S214031FB0C80500D579E70BE0082030620094049743
S214031FC033E000BF9AA06906C90E405C0390BDE7E4
S214031FD00094049703982A49CB6A814A12683468A6
S214031FE06F463C8128241C400443980CC0012043C0
S214031FF01C001B0E23401024234003439000402262
S2140320001040184302AA9070086B000A02A9C87011
S214032010FFF79AFA02A90871019848717148006897
S214032020C8800298F0660398F0660598FFF75DFC93
S21403203008240098400601D566488460FFF766FCCE
S214032040002805D068480078002801D06748046057
S2140320500498C1B2E8B2FFF70CFB009807B0F0BDD6
S214032060400102A86C3F0000081A03D260490968C1
S2140320704018401C70470000441002A80C4000A8FB
S214032080180002A81CC000A8643F0000B46000A8A3
S2140320901C0100AA540000AA1C2100AAF8B5554F3B
S2140320A00F240125544910265448406B30401BD05A
S2140320B001200870524800687969FFF7D5FF514937
S2140320C00968401801285DDB01F0BAF94E49096832
S2140320D0090B0C40022C53D169054C4A11604C493C
S2140320E0CE6346490D604BE02E024448C06BC000E9
S2140320F01ED548480068E0218905014042D0424D7C
S214032100286821030140700181423BD1FFF7E4FBBD
S214032110414A42490968314002D041490968116081
S2140321202968090B21400229F3D0FFF7DEFBF1BD36
S2140321303C480068002825D00D7001F0BBF8002845
S21403214020D101F07DF930490968090B21400229A5
S21403215016D12F4A11606902396028490E602A4A4F
S2140321601168090B21400229FAD01168090B0C40AB
S214032170032C02D02904254A11600021294A116044
S21403218001F062F9F1BD802080042749086070479A
S214032190802040042449086070470000141100AAF8
S2140321A08020C004204908607047802000051E492F
S2140321B008607047802040051B4908607047000090
S2140321C0205001A819480168490701D0FF21416141
S2140321D070470000401002A8006101A81C4000A838
S2140321E0084001A8448001A85C380000845000A879
S2140321F038C001A80CC001A8733E0000100002A856
S2140322001CC101A8DC3E0000AC0002A81C1002A8FA
S214032210082002A8204001A8800000AA084000A8C1
S214032220904000A8483E0000382002A80C4000A8B2
S2140322300301070603010706050106060501060650
S214032240030207060302070605020606050206063C
S214032250FF2808D0032806D2FE2189010978C14049
S214032260C807C00F7047002070470000F0B58020F5
S21403227000020821A44A11600A230121A34A01246B
S2140322809C400443B6A5ED5C25439560F025A04E1F
S21403229035609D4DB5A6F65C022737432F600426AE
S2140322A02E609C4D2D680D4006D1CD026D1E03D0C9
S2140322B0966C3603FAD401E00220F0BD956CD66C1A
S2140322C06D036D0BAE4200D220005B1ED7D50823EC
S2140322D08F4C23609060904B1B685B0113D58F4C2B
S2140322E063785D1C01262E4066701D000626754326
S2140322F065191268AA80E8802370FE2080010278A0
S2140323009940114301700020F0BDF1B582B0FFF78C
S21403231032FC002480480068400102D4012001906A
S2140323201DE07F48826B00207C49C3B206256B43C1
S214032330CB189B8895B2AB4204D0401CC3B2022B89
S214032340F3D3FF2008700120019073480068400112
S21403235005D50878FFF77CFF002800D00194714864
S214032360006871498861714D02980068296D4618A6
S214032370002E15DD00F071FD2860C001301A00281C
S2140323800EDDFFF7FDFB00F093F802980068296D59
S214032390401800F08FFF050002D00298046085E025
S2140323A0634E8020800030605F4A106807282ED076
S2140323B005210840052805D011600C2000F08CFF8D
S2140323C0050073D15B4D5C482862FFF7D9FB0220FA
S2140323D02860E020C0025949086000025849486056
S2140323E080208004706002203060012000F074FFBB
S2140323F0802040002862022000F06EFF90204001FB
S2140324002862022000F068FF8020C00028624D4E3C
S214032410E02040003060042000F05EFF05003CD161
S2140324200220474908608002B062C001B0621020F3
S2140324303B4908600127F76540264348006830405B
S2140324401BD135480068400113D5344800786946E7
S214032450087068460078FFF7FBFE002809D02F486F
S21403246069460978062251434018C0882C490864F7
S21403247003E0FFF7FBFE05000FD129480760C4679A
S214032480022000F029FF314C2660B00020600220B5
S21403249000F022FF8120C002A0620198002805D028
S2140324A029480068800101D4FFF7F7F92800FEBD2C
S2140324B070B5FFF760FBFFF763FB0226184806605C
S2140324C0234DF0022862C4082C62012000F004FFAA
S2140324D0600828622E601F482862E02040001B49DF
S2140324E00860174D2E60FFF7E1F91B4E3078002881
S2140324F000D005200C490860FFF7E1F92C60174867
S2140325000068B06370BD0000889001A8448001A8ED
S21403251088A001A8140002A8EC3E00005C3E000060
S2140325200C8001A8F80302A83C0102A88C3F000017
S214032530941002A83C1102A8BD080000142102A8AA
S214032540942002A82C9001A84C0002A82CA001A855
S2140325503C2102A8FD6800005C3F0000300002A892
S21403256000000001010204081020200050505040D3
S2140325704040403020202000F8B50400FFF700FB61
S2140325802948C021C900294A1268F823DB011340F1
S21403259002D1274A116000E0016000942549AC226D
S2140325A052008A640A220A602349802252030A6080
S2140325B0224C626A224B13408022D2001A43626284
S2140325C080222260022242605003C8601D48E060F9
S2140325D01D4E4C20F0661D4D68699621C9014718AB
S2140325E000980068874200D30700C01B0099086064
S2140325F000210098FFF789FE00990968C919009A17
S21403260011603168296012490968490601D51149E4
S21403261000E011492161F2BD802000010F490860E6
S21403262000010F4908607047582102A8AC8001A832
S214032630581102A80C8001A8941002A8440102A80D
S214032640FFF1FFFF286E0600300002A8903F00004F
S214032650FC0302A8CC3F0000C43F0000401002A8C1
S214032660685000A8F1B584B0B44800680390B44835
S214032670406B9621C90140180499884205D2081A6E
S21403268000F018FE002800D013E2AE4C6068C007C6
S21403269000D50EE20420AC4988628003AB49486249
S2140326A0AB480568606B8607B60F032E03D0102071
S2140326B0A549886224E00846802189024162A16B0D
S2140326C0890601D5012062E0290610D5A26B0221F6
S2140326D00A400CD19F4A05231360A36B10273B4087
S2140326E01943116000211160616B090A116004210E
S2140326F08162A06B002803D5C8039349486200266D
S214032700606B400705D5606BC00080214900084018
S21403271003E08B488068C10701D5FFF70DFB012254
S214032720154008D0B748B1014018006AC004C00C71
S214032730401EB549086000200021B44BDB6E1B0425
S21403274017D5B34B1B68002B13D40121AE4B5B6923
S214032750002B0ED0AF4B1A70AF4A10601022AF4B4F
S2140327601A60CA06AE4B9A670723AD4D2B60AB4B78
S2140327705A65AC4AC0239B0013603502002901D07A
S214032780190000E02900CC4E316053607560E16BA0
S214032790942292050A40150000D0012580263602B1
S2140327A0284300062CD06A482821405CC0210140FB
S2140327B0402902D1FFF788F901E0FFF792F92020BC
S2140327C020602D0600D174E1944D606B400708D558
S2140327D070085E4948620220686000F059FA0028D3
S2140327E006D00420584988624002584948626E6001
S2140327F057480078000600D45BE130015249FEE0FA
S2140328000125606828405AD1AC480068C005400FCF
S214032810022803D0032801D0062802D169464D704A
S21403282005E0002069464870A548A6494860680444
S21403283046498862FFF73AF87348406EE16B0E40EC
S21403284008D1C00606D5FFF747F802219E4A116055
S214032850FFF74BF8FFF733F8280320609B4EC020A2
S21403286000067060280497490860606B4007C10F34
S214032870684601703020039949072CD54021A24AA7
S2140328801162904F4901396603219164002111605A
S21403289030607D6580207060062000F01DFD0028F6
S2140328A00DD12802F866022000F016FD280297498B
S2140328B0886618207060082000F00EFD002800D0FF
S2140328C0F7E024207060E020C0029049C865A0208D
S2140328D0C00238666FE0E16BC90246D5BE49496857
S2140328E00902090E01914909022901DB884A01E020
S2140328F0B32292000199302937D311490B88E72B6D
S21403290033D395277F00BB4205D8FB1A1B095A43CE
S214032910920A534204E07F4FDB191B095A43930A7A
S2140329205BB2019AD2184F6BBC460F6C7B4367466B
S214032930FB184B639F2A0FD39F2210E0FC0302A8C9
S214032940703F0000100002A81C2002A81C1002A85A
S214032950C43E0000E40000AA202A00D82122110267
S214032960114312040A4329490A606749AA020A6204
S2140329709A4A8A6414220A603060524F7D65E020CA
S214032980C0026249C865A803B866400270600620A4
S21403299000F0A2FC002833D12D06FD66022000F0CD
S2140329A09BFC5A48856668097060082000F094FC12
S2140329B0002825D17560032000F08EFC884818494E
S2140329C0886700F04AFA874D401DC001696B4018BE
S2140329D001908548406F8021C9010840029008464F
S2140329E0824908600198049988421FD20846696B99
S2140329F0401A00F05FFC002816D002987C49086055
S214032A0057E000BF0C0000AA204000A8CC4001A855
S214032A10784201A8723E00006C3E0000645000A895
S214032A203C6000A8046100A804980190206A28630B
S214032A3004270398384001D0402002E0F805706070
S214032A40C0087060012000F047FCB8011D4908600B
S214032A50019800F02FFC8A4E68460078002805D1BE
S214032A6061480068F0613805864908600298604945
S214032A7008608548854908602448790241666946A6
S214032A804978002900D10760206AA8626846007862
S214032A90002808D0012000F01FFC3078000602D57D
S214032AA0780492490860E06BC00202D54A48006881
S214032AB0686305B0F0BD00BF045100A8204001A81C
S214032AC0040000FFB41002A87CE40350441102A8DB
S214032AD010B5FEF701FF864900240C600A22CA617E
S214032AE0FEF703FF8348C0218902016082494160E3
S214032AF0824810210160C90541654020804908606D
S214032B008048047010BD0000400102A8B82002A847
S214032B1033070000D6FEFFFF7B48406B800300D4DC
S214032B207047F8B5794804680027002000257849DF
S214032B30E20706D5C02080028025ED03EA0A0A6074
S214032B4003E0A20701D4032040252843C8620120DE
S214032B5000F0C2FB802040006E49086708206E49DB
S214032B6008606E490968090203D46D490968014083
S214032B70FBD0012000F0B0FB6A4EE00702D58020B0
S214032B80800430643564042000F0A6FB600702D599
S214032B90E020C002F06064483064012000F09CFB33
S214032BA062483064C320000630645A4880214902D4
S214032BB001671021B163890271615D490F600122CB
S214032BC032603022F2638F62802189014E4A11609F
S214032BD009010160F1BD0000F83F0000F3070000A3
S214032BE0FFFF7F7F703F000020C001A894E001A88C
S214032BF094D001A8F8B54F4800680D270740042471
S214032C00002F00D104274C481025660308214B4AA1
S214032C104B4B1B682340126814D04260394004D0E3
S214032C200220FEF793FD474806603C4007D046481F
S214032C300068054344480560B0084249086002201E
S214032C40424915E00260394005D00220FEF77EFDBA
S214032C50A0023C4908603C4006D03B4801680D434F
S214032C60056070093749086038480660300329490B
S214032C700860FFF751FF00210020FEF7FAFCF1BDC4
S214032C80C43E00001C1002A803000300482102A84B
S214032C9010B580202E490A6802400AD02D4B1A68C8
S214032CA00624144005D15C6E2B4A22401B6D9C0102
S214032CB001D5002010BD096808400DD02748824280
S214032CC003D1180501D5012010BD25480068C107AA
S214032CD0C90F481E8041C00F10BD22480321C1639F
S214032CE0A821816310210160704700001C2002A800
S214032CF0D80000AA402002A804000080646000A850
S214032D002C4000A8723E0000100002A8FC0302A894
S214032D101C1102A8442002A84C6201A8C44001A8C2
S214032D204C4201A8082102A824000001980088004C
S214032D30600102A8B44000A8E43E00001CC101A83C
S214032D40440002A8401002A8643F0000685000A890
S214032D50400002A814C001A81F1F0000010C0000B9
S214032D6030C101A8082002A86C4800680121084267
S214032D7009D16B4A12686B4B000C1840F032914035
S214032D800B40984201D00220704700207047F8B5E8
S214032D9007000F386A461080604CA0680A0004D10A
S214032DA06B461B8882B29A423AD200226B461A803E
S214032DB0012502263A0013D02268324007D00029A4
S214032DC02ED059480088401C5749088000203900F7
S214032DD0E16056490E6080B2B84201D369460D8061
S214032DE05348456000E030BF2068304003D1FFF70A
S214032DF0BBFF0028F7D04D484560390010D0216846
S214032E00314005D048490A886B461B88D2180A8089
S214032E1006600020E060A068B84201D2444806601D
S214032E20FFF7A2FFF2BD38B5050000F009FB04006A
S214032E30012199204543A8093E4A12688018123892
S214032E4080B2FFF7A4FF05008020C0013A4908605E
S214032E50200000F0F9FA280032BD334803883549CC
S214032E60096802889342F9D1100408187047FEB522
S214032E701238070C6946088000F0E2FA0190274CE6
S214032E80294D2888B8421ADA01202C490860274EB3
S214032E9030BF02202168014006D030604003264937
S214032EA008602888401C2880FFF75EFF002802D1B0
S214032EB02988B942ECDB0121716000280DD12888EE
S214032EC0B8420AD1A06869460988884205D200211B
S214032ED068460088FFF75BFF01E0FFF745FF040045
S214032EE08020C00114490860019800F0ADFA200064
S214032EF0FEBD10B512490A680E4B1B680C68944257
S214032F00FAD0DB014033141A02D288692418641CF1
S214032F100C4800684443181B10BD0000280002A894
S214032F2004ED00E0FF3F0000703E0000282002A8EA
S214032F30281002A8300002A880E200E02C1002A8A5
S214032F4020C001A8B43F0000F0B502E00A601C6090
S214032F502E607EC84F1C07D05F1C04D06F1CF5D1B3
S214032F600A601C60F0BD0A60F0BD000080B5FEF785
S214032F70EDFB01207F49086001BD80B5EB2000F022
S214032F8001F801BD30B57C490B6818401022134286
S214032F9010D07A4B7A4C2468224008D0A84A14688A
S214032FA02402FF252D022540DD62002414608022C2
S214032FB052031A60086030BDF3B5010016001C000A
S214032FC0002500959F48019A330000270BE0BC4676
S214032FD04F5D4743AE009E597E40575D474337409B
S214032FE0664637436D1CA542F1D3390939438A082F
S214032FF00A43510811430840C10901430F208A0BB5
S2140330000A4302405040F6BDF1B582B00E000020E0
S2140330108B4908608C4DEF7AA87A01900F213940CE
S21403302000910ED00B46894A89490298FFF7C4FFE0
S214033030019901408248016086484143864808401A
S21403304001D1012400E04401380915D032003B09C0
S21403305029000298009E6D7A75194019FFF7ACFF98
S214033060019909110140764802680B011343036076
S214033070002901D04800444378480068204001D125
S2140330800420FEBD0020FEBD80B50A00002111808D
S214033090734952888018FFF7B7FF02BD70B50F2239
S2140330A0704B5C7905780F202040C54020092840E6
S2140330B001259C79C4402C4001D1032070BD304CBF
S2140330C02468254005D09D684600AD5B6D1E664EA0
S2140330D03560DD78DE79C640F00711D5E0060FD5FA
S2140330E0002D0DD0614848600888488008881C7801
S2140330F000192A4080185A7880182A09801800E098
S21403310000200880002070BD80B559480168594AE0
S2140331100820014201D050611061C90602D58621FC
S214033120090111605449554A126812040CD5544AD1
S2140331301268530401D5C00305E0C0239B01134066
S2140331404202934200D008600D480078C022024035
S21403315002D18020400508604A48006820221040BB
S214033160086049480068C00101D4FFF706FF01BDA7
S214033170000000002C4000A86C3F00001C1002A8B2
S214033180C43E0000F8B5414F38687E6806404048A4
S2140331903040404908608024A4033F4DF00227D501
S2140331A03E48016801200A0605D53D490968A9601D
S2140331B02870022014E0014202D03A49A9600FE0C9
S2140331C00020C9060CD52949A960374A91780B0710
S2140331D01B0F12789A1809095118A980E880A88845
S2140331E0A880A888002801D0264301E0FFF7C5FE83
S2140331F0264023D0274E74603460A88800280BD05E
S214033200F969814208D3291D2848AA689047010016
S214033210F3D0FFF7ABFEF1BD01000CD0FC21890211
S214033220B161234902038A6134604C60FA698242C1
S21403323004D30C60F1BDEB20FFF7A4FEF1BD000044
S2140332404C3E0000010101013C3F0000F43E00003B
S214033250343F00001111000021840000F03E0000FE
S214033260143F0000443F0000204000A8891F0000D0
S214033270F84F0000302102A8441002A8384101A8E4
S214033280204201A8084001A8CC4000A8B44000A8EA
S214033290FFFFDFFFB46000A8503E0000C43E0000FE
S2140332A0583800009D1F0000453F0000D44000A88A
S2140332B0B45000A810B5C409FFF7CFFD201A312873
S2140332C006DAC000183801D4C01EFDD5002010BD94
S2140332D02000FFF7CCFD10BDC32148436F3801D44F
S2140332E01E38FDD500207047FEB5C020C004364901
S2140332F0086036483649C8651024364804601020EE
S214033300FFF7EAFF00285ED1FF2000053249086078
S21403331032483349086033482D49086025042E484F
S2140333200560314807680820FFF7D6FF00284AD112
S21403333008262E4806600120FFF7CEFF2A4880683D
S21403334002902B4806602B482149086022480560F6
S2140333500820FFF7C1FF002835D124480660012066
S214033360FFF7BAFF204DA868019021480660184E63
S214033370214830600299019800F046F80104FC20C9
S2140333808003084000900298C10B0198C00B00F020
S2140333903BF80006FC2189050140009801431748C5
S2140333A00A0C4240FF239B1CD2181040084330608F
S2140333B02F60E00308490860286828601048046006
S2140333C0104981640020FEBD20E000A8F717000026
S2140333D02C0102A8401102A8B02002A80000380E53
S2140333E0B01002A810103030E04001A8E05001A849
S2140333F0E06001A830301010202020203F3F00005E
S214033400402102A8F7FFF00010B54904CA10400493
S214033410C310991A00209A18D30F9A1852105218EC
S2140334208B115B0E5B18DB11D2182023541A01D4C0
S21403343022001843CC0F611849105B08F6D110BD63
S214033440EFF3108072B67047002800D162B670475B
S21403345080B5FEF75BFA002802D0B74800688047BD
S21403346001BD80B5FEF796FAC048006800030AD48B
S214033470FEF7E0FCFFF750FBFEF743FC0120FFF7E7
S21403348027FBFFF715F880208005FEF71DFA01BD20
S21403349080B5FEF77FFA80204002FEF715FA01BDDD
S2140334A0F8B5FEF703FA052083490860FEF707FA26
S2140334B0824806680124264201D1FEF75CFBFEF72C
S2140334C069FA7F48016800917E4A40681060B1053A
S2140334D0C80F002126420FD00091984B5D681560F7
S2140334E01D68974A17687B1BBD4202D39769DB1991
S2140334F05B1C9F4FBB42F5D39E4D2960002804D02A
S21403350031000098FDF7C0FF00902868204004D1E2
S2140335106846FEF75CFB002802D10098FEF7AAFB7C
S214033520B44804606004FEF7CFF9F1BD38B5924C99
S214033530E06BC00506D580200006206000BF00BFF4
S21403354040082060FEF70CFC8C480068C021090187
S21403355081438B480160FEF71DFAFDF73FFE050029
S214033560A548A6490860FFF773FF8020C002FEF750
S214033570ABF9002D01D0802020600120A0490870FF
S21403358031BDF8B59F4800689F49096801409F48C8
S2140335900160FEF7FFF9FB27BF012C20385C0521ED
S2140335A0014002D0FEF790FA01E0FEF79AFA724C59
S2140335B00225F86A284001D0012020601020C0436D
S2140335C0934908600026A66392480660FEF79EF9B4
S2140335D0002803D090480068804700E03E60FEF76E
S2140335E065F98E480068E16B090407D4000705D522
S2140335F0FEF772F98A490D60FEF777F9FEF75FF971
S214033600FFF782FDA804FEF75FF9F1BD80B5FEF76C
S214033610C1F956480068000303D4FEF772FBFEF7B1
S21403362047FF80204003FEF74FF901BD38B5FEF78C
S214033630B1F9514C2025FFF72BFB002806D0206B51
S214033640000704D5FFF749FBFEF7E6FF2560FEF704
S21403365058FBFEF72DFF734800780C210140042920
S21403366002D1FEF731FA01E0FEF73BFA6804FEF7F3
S2140336702BF94020206031BD1CB5FEF717F9052055
S2140336800D490860FEF71BF9FEF784F9FFF725FBE3
S214033690BC48006800906846FEF76EFF0400FFF71C
S2140336A0D7FE002C02D10098FEF7DCFF80204004F2
S2140336B0FEF70AF913BD00003C1102A8400002A859
S2140336C0B83F0000483E0000F8B5FEF763F9564CD5
S2140336D0256A5020284002D0FEF7F6F901E0FEF7EF
S2140336E000FA254FFFF7D4FA00281BD1786B400762
S2140336F01DD4386BE0214901014018D1A80611D426
S214033700FEF7D4F8256AA04E354207D0FF20C04303
S2140337102D182562802000059C490860FEF7CFF827
S2140337202E4002D00120386001E000202060802077
S2140337308004FEF7C9F8F1BD48380000D03E00000B
S21403374020C001A880B5FEF725F991480068400619
S21403375001D5FEF7D6FA0120FFF7BAF9FEF7A8FE61
S2140337608020C004FEF7B0F801BD00000C0002A8DC
S21403377001FF0000443E0000100002A80C4201A80E
S214033780086201A810B527480468FEF703F98149C3
S2140337900968090328D40321C00601D5214001E0A6
S2140337A0A0080140012902D1FEF78EF90BE02001A3
S2140337B007D50E20FFF7DAFBA7480421016008218E
S2140337C00160FEF78EF9A54C2069A5490860FFF74E
S2140337D03FFE2068002807D04000122802D2FFF7D9
S2140337E07BFD01E0FFF71FFB80208003FEF76CF8EC
S2140337F010BD0000402002A870012000B46000A89D
S214033800733E0000084201A8883F00000C5201A83E
S214033810442002A84C3E00004C380000844000A818
S2140338207CE40350EC3E0000CC3E0000F8B584B0C8
S21403383001266846067000270297FEF7ABF803904A
S214033840544C2068000300D596E00320A649C863BD
S21403385084480068A54D0F210F220240032A03D097
S214033860000B014006294DD1A1480068A149CE6D41
S214033870E16B890701D59F490E6EFFF73AFB861960
S214033880FEF744F800280ED02879C1060BD0286826
S214033890090D4143890B761896490968002902D118
S2140338A00002400C3618002E01D5019700E0019661
S2140338B0606B0107C80F03212A6B0A40022A1BD13B
S2140338C0039AD20618D5AA68D30513D5A66B8A4BD6
S2140338D01E409E4203D11021834AD1630CE0920519
S2140338E00AD4E26B2823134006D16B461F70274A7F
S2140338F0116001E06A461770029068460678002E4B
S21403390003D10FE07B48806D0190FFF7C1F90028D3
S21403391008D0FFF7E2F90298002802D0FEF77CFEF3
S21403392000E00026022070490860002E10D03020E8
S214033930285C0C210140042902D0A06BC00602D5E6
S214033940FEF7C2F801E0FEF7CCF82020606013E033
S214033950FEF7D7F9802000060C49086067486849D7
S214033960086001A8FEF708FE0400FFF771FD002CAF
S21403397002D10198FEF776FE80200004FDF7A4FF2F
S21403398005B0F0BDCC3F000000FFFF00441002A8C6
S214033990440102A80C0002A8FEB500240194FDF71A
S2140339A0F9FFFFF755FD574EF06E574D0007000F12
S2140339B0072807D17068002804D40020FFF788F88A
S2140339C0286841E001210320504A73685B070BD443
S2140339D04F4B1B680B4007D01368DF050BD55B0501
S2140339E002D43368DB0503D40191916A890904E0A4
S2140339F01021484B1960916A09090840009000207D
S214033A00FFF766F80098002805D17068C00602D450
S214033A10FEF767F801E0FEF757F800200199002942
S214033A2003D13D480068FFF764FA6969401801D579
S214033A30009400E000906846FEF7C9F8002805D118
S214033A400098FEF717F9A869054908608020000565
S214033A50FDF73AFFF7BD000080E200E0AC3F000050
S214033A60483E0000AC0002A8F8B5FDF793FF00241B
S214033A7000252A48066B80277F05300606D53007C3
S214033A8009D5FFF72AF9FEF7C7FD29E001252048E7
S214033A900068284019D00020FFF71AF802200640D5
S214033AA002D01F490C60C8611E480468002D03D06D
S214033AB02000FDF775FD0400FFF70FF92000FEF761
S214033AC0D1FD3800FDF700FFF1BD17480078C0218F
S214033AD00140402902D1FDF7F7FF01E0FEF701F8A8
S214033AE020200E490860ECE7082002A8BC3E000030
S214033AF00CC101A8683F000010000010FFFF7F7F85
S214033B00B46000A8400002A8BC3F0000C43E00000A
S214033B10B44000A8441002A81CC101A8100002A8C3
S214033B20180000AAD83F0000EC3E000000F03CF866
S214033B3002480349486000F052F800BFDF2A00003D
S214033B400000000080B5EFF305800B2801D23A2170
S214033B5000E0292192225200002000F041FAFEE7FD
S214033B6010B5C20018231340FF249C40E243890784
S214033B70090E9940030004D470489B089B00C018A4
S214033B8006E0AD4B0007000F0838800880001818C1
S214033B9003681A401143016010BD80B57422542196
S214033BA0002000F01DFA01BD10B5FFF749FC012106
S214033BB0634A1160634B644A1360644A13600323C9
S214033BC0634C2360634C2360634B1960634B19603B
S214033BD08023A44C2360D160FFF736FC10BDFFF7AB
S214033BE02FFC05000024012160B2FFF7B9FF641C17
S214033BF00E2CF8D301210F20FFF7B2FF012111206D
S214033C00FFF7AEFF01211320FFF7AAFF01211720BC
S214033C10FFF7A6FF03210120C043FFF7A1FF012101
S214033C201B20FFF79DFF7348734908607348C16AFA
S214033C30C1620168016002207149086001208A4957
S214033C40086047046F4C20693840FCD02068800128
S214033C5001D4FDF712FE2800FFF7F6FB774D0AE0C6
S214033C6000281BD0FDF738FE18E020693840FCD04A
S214033C703000FFF7E9FB206E0004000F022801D195
S214033C80FEF70CFAFFF7DCFB0600FDF735FE00280F
S214033C90A878E5D0002801D1FDF727FE0120697832
S214033CA0002909D12978002905D1704909688906B0
S214033CB001D45349086030BF002169702978002970
S214033CC0D6D102214E4A116067490860CDE768489D
S214033CD0016842680A40674810401B49086080072D
S214033CE003D5A4480188491C0180704770B5624813
S214033CF0016840680840000E0006604980221205ED
S214033D00104218D05E4B1C68641C1C605D4C5E4DF4
S214033D102D682D0407D5A568002D04D007250D6052
S214033D200125AC4E3560402525601B68012B02D962
S214033D3010238B62CA67886770BD000000E400E04A
S214033D40040002A80000FF3F282002A82C1002A8A7
S214033D5040E002A844C002A804C001A8044001A889
S214033D60F8B5854C206B616B01400091834D084686
S214033D70286000989849014007D0FDF7C7FD002842
S214033D8003D0009895490968884780200099014028
S214033D901CD0F821C90123680B4017D0C02212019A
S214033DA0934213D880231B06EB6226680E40954F7A
S214033DB03F683F043F0F022F01D0032F03D1002E8D
S214033DC001D09642F1D390490B6028608F48007863
S214033DD006280DDA0098CC218901014008D0FFF7A8
S214033DE02FFB04000098FDF77FFA2000FFF72CFB5B
S214033DF0F1BD0000FFFF9B0800E100E0E04001A8E2
S214033E005C2002A84C0002A810B5814801684468EB
S214033E100C408048046080210C4205D041607E48F7
S214033E2001600020FDF760FA600403D5802040059A
S214033E307A49086010BD00001CED00E0723E0000E9
S214033E4038B57748016844680C40E00707D5FFF7A4
S214033E50F7FA0500FDF7DEFA2800FFF7F5FA7148D2
S214033E60046031BD505201A85C1002A8F40302A8F6
S214033E70280002A8FFFF00C0B44000A83C6000A8CA
S214033E806C3E00002C4000A8384101A8FEB5664CE5
S214033E90206C666C064001273E4216D03D066348FA
S214033EA00560206862490F60002802D00021FDF7F4
S214033EB06FFC60480068A021C90188428041C04366
S214033EC0C00F5D4988705D480560FDF705FD0290EB
S214033ED002210E4049D06068C2B20192000A0090E7
S214033EE008224C4B4C03564D0020019E012E27D032
S214033EF0022E38D1009E012E24D1EE780096514E24
S214033F002F780C2047430020F0512878400590274F
S214033F107F04C719032038434B4F38601C604B4857
S214033F200460301D2B780C246343494C2468009F9F
S214033F30E419C45028780C2358433150454811E0FF
S214033F400091DCE7002E0ED1434E37603D4E361D02
S214033F502D780C277D4370515C601C60C8043F4B72
S214033F6018603F480260324801600298FDF7BDFCC6
S214033F70F7BD0000703E00001C4201A84C6201A879
S214033F8070B5FDF7A9FC0400FFF75AFA2E490A6834
S214033F90D20718D52B4A121DFA239B015D7A0C26ED
S214033FA0754356592A4D2D681E60CE685E60496873
S214033FB0D9818021C9041D4E3160197B69185B7A4B
S214033FC00C256B43D150FFF73FFA2000FDF78DFC1D
S214033FD070BD00003C5000A80200060044380000F4
S214033FE0002800D0704710B50C00FDF775FC1D497E
S214033FF00C6001221C4B1A600B6C1340FCD1FDF7BE
S21403400074FC10BDAC0002A8785201A83C3E000028
S21403401090C001A890E001A80CC001A804ED00E040
S21403402090C000A890E000A800C002A8401002A814
S21403403040E002A8404000A8723E0000402002A8CC
S214034040893E0000300000A860C101A894D001A8F2
S214034050200000A8F42302A860E101A880E200E0A3
S214034060F41302A8008002A8409002A82449030083
S21403407000000000E4400300010000000000000010
S21403408000F0490224490300000000000841030031
S214034090010000000000000000F04902244903006C
S2140340A0000000002C410300010000000000000097
S2140340B000F04902244903000000000050410300B9
S2140340C0060000000000000000F049022449030037
S2140340D0000000002842030001000000000000006A
S2140340E000F049024C420300809C2B8F80841E0004
S2140340F0000000002700FF7FA02F00200000000024
S214034100EC4C030000000000AC430300809C2B8FA4
S21403411080841E00000000002700FF7FA02F0020E1
S21403412000000000F04C0300000000000C450300F4
S214034130809C2B8F80841E00000000002700FF7FDA
S214034140A02F002000000000F44C03000000000035
S2140341506C460300809C2B8F80841E0000000000AA
S21403416022002C01A02F002000000000F84C0300C2
S214034170000000006C460300809C2B8F80841E008A
S214034180000023002300B600A02F0020000000003C
S214034190F84C0300000000006C460300809C2B8F45
S2140341A080841E000000240024009D00A02F002011
S2140341B000000000F84C0300000000006C460300FB
S2140341C0809C2B8F80841E000000250025007D0028
S2140341D0A02F002000000000F84C030000000000A1
S2140341E06C460300809C2B8F80841E0000002600F4
S2140341F026003A00A02F002000000000F84C030021
S214034200000000006C460300809C2B8F80841E00F9
S2140342100000270027002C01A02F0020000000002C
S214034220F84C030000000000C8470300809C2B8F57
S21403423080841E00000000002700FF7FA02F0020C0
S21403424000000000FC4C030000000000FC4F0103CC
S214034250484B030010400100004100003C400100B1
S2140342600000000048400100200700005040010005
S214034270000000005C4001000D0F00000441010037
S214034280FF4C000020400301000000861FC0010011
S21403429000200000384001010000000058400401DF
S2140342A01800050040080000090000009200040002
S2140342B080400F018C002C02000000001200120048
S2140342C000808C19000000000002050E1C2F4353CB
S2140342D0626968615543320416100E0E0D0C0A0807
S2140342E0070605040303020202010101010101009E
S2140342F0EC40010180B0B18CFC4003019C200B0014
S214034300055B60804737414A0C410301B8551200EC
S2140343102A1949290908404028410101FFDD000008
S214034320384107014CD4E83B04196F10080E141AE1
S21403433020262C32383E10325476980A1D00000090
S21403434070410101C0030000344201010008000E61
S2140343504842010158AA1EC07842010100000080AD
S21403436038800101114910009C800301EB400200D4
S21403437070380300D0000000A8800111F00100008F
S214034380A8800131055AFD01AC800111F00100003F
S214034390AC800131053EFD00E40001026C2C511196
S2140343A054010102C43F0000FFFFFFFFFC4F01035F
S2140343B09C4B030010400100004100003C400100FC
S2140343C01000000048400100201700005040010084
S2140343D0010400005C4001000D0F000004410100D1
S2140343E003C0010020400301300000461FC801003F
S2140343F0002000103840010100000000584004016E
S21403440018000500400800000900000092000A009A
S21403441080400F018C002C020000000012001200E6
S2140344205B808C1B000000000002050E1C2F43530C
S214034430626968615543320416100E0E0D0C0A08A5
S214034440070605040303020202010101010101003C
S214034450EC40010180B0B18CFC4003019C200A00B3
S21403446001612080B75635120C410301B85512007E
S214034470A01B0429088840402841010100000000D1
S214034480384107014CD4E83B04196F300A10161C58
S21403449022282E343A4010325476980A1D5F80A4A0
S2140344A07041010100000000344201010008000EC3
S2140344B048420101F4811F00784201010000000018
S2140344C038800101114910009C800301EB40020073
S2140344D070380300D0000000A8800111F00100002E
S2140344E0A8800131055AFD01AC800111F0010000DE
S2140344F0AC800131053EFD00E40001026C2C511135
S21403450054010102C43F0000FFFFFFFFFC4F0103FD
S214034510F04B030010400100004100003C40010046
S2140345201000000048400100200700005040010032
S214034530000400005C4001000D0F00000441010070
S21403454003C0010020400301300000461FC80100DD
S214034550002000103840010100000000584004010C
S21403456018000500400800000900000092000A0039
S21403457080400F018C002C02000000001200120085
S2140345805B808C1B000000000002050E1C2F4353AB
S214034590626968615543320416100E0E0D0C0A0844
S2140345A007060504030302020201010101010100DB
S2140345B0EC40010180B0B18CFC4003019C200A0052
S2140345C001612080B75635120C410301B85512001D
S2140345D0A01B042908884040284101010000000070
S2140345E0384107014CD4E83B04196F30080E141AFF
S2140345F020262C32383E10325476980A1D5F00006F
S2140346007041010100000000344201010008000E61
S21403461048420101F4811F007842010100000000B6
S21403462038800101114910009C800301EB40020011
S21403463070380300D0000000A8800111F0010000CC
S214034640A8800131055AFD01AC800111F00100007C
S214034650AC800131053EFD00E40001026C2C5111D3
S21403466054010102C43F0000FFFFFFFFFC4F01039C
S214034670444C030010400100014100003C4001008F
S2140346800000000048400100A00700005040010061
S214034690000000005C40010000000000044101002F
S2140346A0FF4C000020400301000000861FC00100ED
S2140346B0006000003840010100000040584004013B
S2140346C06402FF004008000001000000920008009A
S2140346D080400F018C000C0200000000D70322006C
S2140346E000000000000000000002050D1A2D3F50D8
S2140346F06068696357463525150D090807060505DD
S214034700040404030303030202020202010101017B
S214034710EC40010190382C8CFC4003019C200A00DD
S214034720055B58804737414A0C410301B855520090
S2140347302A194929893B404028410101FFDD000031
S21403474038410701E853FA000000000000000000AB
S2140347500000000000000000000000000000000051
S21403476070410101C1030000344201010000000E44
S2140347704842010158AA1EC0784201010000000009
S2140347803880010111491000A080020170780300EF
S214034790FFC00200A8800111F0010000A8800131CB
S2140347A00542CB01AC800111F0010000AC80013161
S2140347B0050A0D00E40001026C2C5111540101029C
S2140347C0C43F0000FFFFFFFFFC4F0103984C0300AC
S2140347D010400100014100003C40010000000000C1
S2140347E048400100A0070000504001000000000000
S2140347F05C4001000000000004410100FF4C000083
S21403480020400301000000861FC001000060000076
S214034810384001010000004058400401C804FF006E
S21403482040080000010000009200040080400F01D1
S2140348308C000C0200000000B603220000000000FB
S214034840000000000002050E1C2F435362696861D6
S2140348505543320416100E0E0D0C0A0807060504FF
S214034860030302020201010101010100EC40010100
S21403487090E82B8CFC40030190200A00055B5880CF
S2140348804737414A0C410301F56252002A19492968
S214034890893B404028410101FFDD00003841070104
S2140348A0E853FA00000000000000000000000000CB
S2140348B0000000000000000000000000704101013D
S2140348C0C1030000344201010000000E484201010A
S2140348D058AA1EC07842010100000000388001017A
S2140348E055251000A080020170780300D000000058
S2140348F0A8800111F0010000A88001310542CB0118
S214034900AC800111F0010000AC800131053EFD00D2
S214034910E40001026E2C511354010102C43F02004D
S214034920FFFFFFFF0C400100018101002040020051
S21403493000000000010000003040030000000000FB
S21403494000000000000000004040020000000000DD
S214034950004000006040010001010000A840010083
S21403496007000000BC400400000000000000000038
S214034970000000000000000008410300FF4C000098
S214034980FF4D0000FF4D000020C0011000F8070097
S21403499020C00130F502080024C00110FF0000000B
S2140349A024C001300013000028C00700EC80B38346
S2140349B043754051A00F004830400000000000003F
S2140349C0000000002E02000050C004005111300405
S2140349D00E2D09E654060708D1B6020064C00A0085
S2140349E00430001C403018090D647920EBFCFB01F1
S2140349F07FF6E803BD4B721511A3180510325476E3
S214034A00980A0000000000000800010108070000E3
S214034A1018000101AAAAAA00200001010060DA001A
S214034A201C400101100000002C4003010080000020
S214034A30000000030000000068400201294176716F
S214034A4000000000BC40020100000000000000005F
S214034A50E04002013300000000000000F4400201C1
S214034A60640483078813C83A244101010000000048
S214034A70344101010C010000544101010101000011
S214034A8068410201640483078813820030420101EF
S214034A900000000038420201000000000000000091
S214034AA044420101000000005442090100000000D6
S214034AB000003C000000000000000000555555555E
S214034AC0170000000000000000000000AAAA06006D
S214034AD07C4202010000000000000000108001017B
S214034AE0030000003C80010101000000B0800201C9
S214034AF0000300023700000198000202000C0004C5
S214034B004C000000A400010200040000D0000202D2
S214034B10050040AA88010000F4000202000000001D
S214034B203D210811FC0001123F000000FC00013289
S214034B3000540400300101026000510268010102C2
S214034B4000040000FFFFFFFF1400000000008000C9
S214034B5000000000A84D0300584D030000000000AD
S214034B60802596000048E80140420F000108F50042
S214034B701149500200000000004D03000000000031
S214034B8000000000000000003E420F00000000008E
S214034B9000000000000000000000000014000000F9
S214034BA00000800000000000A84D0300684D0300CD
S214034BB000000000802596000048E80140420F00F0
S214034BC00102F5001149500200000000004D0300E9
S214034BD00000000000000000000000003E420F003E
S214034BE000000000000000000000000000000000BD
S214034BF0140000000000800000000000A84D030021
S214034C00784D030000000000802596000048E80168
S214034C1040420F000108F500114950020000000051
S214034C20004D03000000000000000000000000002C
S214034C303E420F00000000000000000000000000DD
S214034C4000000000140000000000800000000000C8
S214034C50A84D0300884D03000000000000478600AF
S214034C600048E80180841E000101F5001149500246
S214034C7000000000004D03000000000000000000DC
S214034C800000000055841E00000000000000000025
S214034C900000000000000000140000000000800078
S214034CA000000000A84D0300984D0300000000001C
S214034CB0841743000024F40040420F000101F5006E
S214034CC05525500300000000004D030000000000BF
S214034CD0000000000000000038420F000000000043
S214034CE000000000000000000000000003050000B4
S214034CF00304000003030000030200000301000096
S214034D000200000000F049020614000000E09304CD
S214034D1005380000A0080000000058090104070633
S214034D20100A01040707C80A00040807800B0004DA
S214034D300808380C00040908610800000000680829
S214034D4000000000C709010404032C0B010404043B
S214034D50920C01040504000050C30000E62D000079
S214034D60D0070000D0070000E5BF000010270000B2
S214034D70C2010000C2010000F5DA0200102700009D
S214034D802C0100002C01000050C30000501400004A
S214034D90FA000000FA00000050C30000FC210000E7
S214034DA0B3010000B3010000193F0106041001001F
S214034DB00001010600102700000C000000000000A0
S214034DC0000062675F6D6573736167652072656374
S20C034DD0656976657273000045
S20C034DD8D8B5FC7F01000000C2
S210034DE0EC4D0300202E00209003000082
S214034DECC0EA2101C0EA21010080000000F049025C
S214034DFC342E00200040070000A00000C00E002048
S214034E0CC8000000FE000000000000005CEF02007B
S214034E1CC00A0020ECEF0200E1FE55000A00270052
S214034E2CD13402000080000001000000702E002028
S214034E3C00000000C41B00202C1C0020941C002027
S214034E4C000000000000000000000000000000004E
S214034E5C000000000000000000000000000000003E
S214034E6C000000000000000000000000000000002E
S214034E7C000000000000000000000000000000001E
S214034E8C01000000000000001000000010000000ED
S214034E9C0000000000FFFFFFFF0000001FB502002C
S214034EAC23B5020027B502002BB502000000000054
S214034EBC497A01000000000000000000000000001A
S214034ECC1FC9020000000000B97F010000000000AB
S214034EDC0000000000000000657F010000000000D9
S214034EEC00000000000000002D8001000000000000
S214034EFC0000000000000000BD820100000000005E
S214034F0C0000000000000000D18901000000000032
S214034F1C00000000FFFFFFFF000000000000000081
S214034F2CFFFF0000040C0300DBCB0200FFFFFFFFB8
S214034F3C99CE020095CE0200FFFFFFFF9DCE020026
S214034F4CFFFFFFFF11D402007BD40200FFFFFFFF1D
S214034F5CFFFFFFFFFFFFFFFFFFFFFFFF9B2A000084
S214034F6CFFFFFFFF00000000B9FB0100000000007C
S214034F7C310402000000000000000000FFFFFFFFEA
S214034F8C00000000000010272000040000000000B2
S214034F9C00000200100000000000000000000000EB
S214034FAC00000000000000000A00010000000000E2
S214034FBC0A000800000041737365745461670200AD
S214034FCC0A00080030303030303030300000020039
S214034FDC0500030030303000000002000800050016
S214034FEC302E302E300000000200080000000000B7
S214034FFC0000000000001700FFFF0C00000000007C
S21403500CBF8FAF7F8700370F10100004040F0514F3
S21403501C0AFF01017668FFFF000070000000002401
S21403502C000000020003000000650054FFEF0000C0
S21403503CFA80000B12820001030C30C30E8C8CE931
S21403504C14D5400213710F8E3883F8833000F8831F
S21403505C258EF8833000F883FFFFFFFF0FFEA9D6DB
S21403506C240004001A8279A10000003CFFFF000014
S21403507C0010000038836FA2003E0330400000008F
S21403508C02CAE3093E800000200000000000000076
S21403509C4000000060000000000C0000000C186EBE
S2140350AC000006920A16C0DFFFFF0256FD8CD3776C
S2140350BCFFE1C496E0C5BEAA00000000FFFF0B2B61
S2140350CC00001657000003594000000000001DFAAC
S2140350DC00026C1D000000003FFFDFEB003EB3B682
S2140350EC000D227800002F3C00000000001942B58A
S2140350FC000039A20000B365D90E9FC91DCF4C34EE
S21403510C30000000500000003BB67AE80064000054
S21403511C00C8000000000000100000001000FA9207
S21403512C1000225E000D229F0001000000320000DA
S21403513CFF46000063D400001000000004D60000F5
S21403514C04CC000004CC00000000107200000040E9
S21403515C0000000000000000000600020005000727
S21403516C00000000006400000000000000000005C2
S21403517C0005006400200000000000000000000092
S21403518C000040000000030000000032F898000006
S21403519CFF650000830F0000FF9BFC00000000006F
S2140351AC00000000000000000000000000000000EB
S2140351BC00000000000000000000000000000000DB
S2140351CC0000000000001000400000000000000675
S2140351DC0000B26A000200000001FB8300680000B6
S2140351EC00D9FC007CF1FF83000000000065000082
S2140351FC006403E80064002800000025000000009B
S21403520C16A000000000100000001000002F000085
S21403521C000001F40000100000280000FFFF458189
S21403522CFFFFFA72000000000000000000440005B7
S21403523C0005BAC6004778A2000000010000000073
S21403524C00000600000000140000254D002F706DB2
S21403525C000005AE000C02D00000000000000000A9
S21403526C0000000000000000001B0000000000000F
S21403527C00000000000000000064000000080000AE
S21403528C000000000000000000000000000000000A
S21403529C00000000000000000000000000000000FA
S2140352AC00000000000000000000000000000000EA
S2140352BC00000000000000000000000000000000DA
S2140352CC00000000000000000000000000000000CA
S2140352DC0000000000000000001B0000000000009F
S2140352EC00000000000E000E00000AC700040000B9
S2140352FC00000032FFFFFF9C00000B2B0000000297
S21403530C0000000100000064FFE500000000000040
S21403531C0000000000000000000000010000000078
S21403532C0001000000000000000180000001800066
S21403533C00018000002426D30000000000000000BB
S21403534C000600100096003C000000000000000061
S21403535C00000000000000000C0A4E68CDCF770951
S21403536C50166759C619CE820000000000000000D4
S21403537C0000000000000000000000000000000019
S21403538C17D7840003000000000000000000000094
S21403539CC7938F9D1E1B1C19000000000000000005
S2140353AC00000000000000000000000000000000E9
S2140353BC02031885000040000000000300000003F1
S2140353CC0000000000000000400000000000000089
S2140353DC00000000000000000000000000000000B9
S2140353EC00000000000000000000000000000000A9
S2140353FC000000000000000000000000677DDF7E58
S21403540C72902E554CF6E688000000000000000053
S21403541C0000000000000000D8DCB4B8B0D8B9AB6C
S21403542CF3F8FAB3B7BB8E9EAEF132F51BF1B4B8F4
S21403543CB08097F1A9DFDFDFAADFDFDFF2AAC5CDE5
S21403544CC7A90CC92C97F1A989264666B28999A9CE
S21403545C2D557DB0B08AA896365676F1BAA3B4B25B
S21403546C80C0B8A89711B28398BAA3F02408441046
S21403547C6418B2B9B49883F1A329557DBAB5B1A310
S21403548C8393F0002850F5B2B6AA839328547CF184
S21403549CB9A3829361BAA2DADEDFDB819AB9AEF5E1
S2140354AC606870F1DABAA2DFD9BAA2FAB9A382920B
S2140354BCDB31BAA2D9BAA2F8DF85A4D0C1BBAD83BF
S2140354CCC2C5C7B8A2DFDFDFBAA0DFDFDFD8D8F1EB
S2140354DCB8AAB38DB4980D355DB2B6BAAF8C96191F
S2140354EC8F9FA70E161EB49AB8AA872C547CBAA400
S2140354FCB08AB691325676B28494A4C808CDD8B87E
S21403550CB4B0F19982A82D557D98A80E161EA22C20
S21403551C547C92A4F02C5078F184A898C4CDFCD873
S21403552C0DDBA8FC2DF3D9BAA6F8DABAA6DED8BAE0
S21403553CB2B68696A6D0F3C841DAA6C8F8D8B0B4E5
S21403554CB882A892F52C548898F135D9F418D8F16A
S21403555CA2D0F8F9A884D9C7DFF8F883C5DADF69CF
S21403556CDF83C1D8F40114F1A8824EA884F311D1B9
S21403557C82F5D992289788F109F41C1CD884A8F3D1
S21403558CC0F9D1D99782F129F40DD8F3F9F9D1D909
S21403559C82F4C203D8DEDF1AD8F1A2FAF9A88498EB
S2140355ACD9C7DFF8F8F883C7DADF69DFF883C3D81F
S2140355BCF40114F198A8822EA884F311D182F5D99C
S2140355CC92509788F109F41CD884A8F3C0F8F9D143
S2140355DCD99782F149F40DD8F3F9F9D1D982F4C4E9
S2140355EC03D8DEDFD8F1AD8898CCA809F9D9829216
S2140355FCA8F57CF1883ACF944A6E98DB6931DAAD1C
S21403560CF2DEF9D88795A8F221D1DAA5F9F417D9E1
S21403561CF1AE8ED0C0C3AE82C684C3A88595C8A58A
S21403562C88F2C0F1F4010EF18E9EA8C63E56F554D0
S21403563CF18872F40115F19845856EF58E9E0488F3
S21403564CF142985A8E9E068869F4011CF1981E1135
S21403565C08D0F504F11E970202983625DBF9D98596
S21403566CA5F3C1DA85A5F3DFD88595A8F309DAA5E2
S21403567CFAD88292A8F578F1881A849F26889821FE
S21403568CDAF41DF3D8879F39D1AFD9DFDFFBF9F4F2
S21403569C0CF3D8FAD0F8DAF9F9D0DFD9F9D8F40B39
S2140356ACD8F3879F39D1AFD9DFDFF41DF3D8FAFCD3
S2140356BCA869F9F9AFD0DADEFAD9F88F9FA8F1CC3E
S2140356CCF398DB45D9AFDFD0F8D8F18F9FA8CAF390
S2140356DC8809DAAF8FCBF8D8F2AD978D0CD9A5DF46
S2140356ECF9BAA6F3FAF412F2D8950DD1D9BAA6F3F1
S2140356FCFADAA5F2C1BAA6F3DFD8F1BAB2B6869631
S21403570CA6D0CAF349DAA6CBF8D8B0B4B8D8AD84C9
S21403571CF2C0DFF18FCBC3A8B2B68696C8C1CBC393
S21403572CF3B0B48898A821DB718D9D71859521D92A
S21403573CADF2FAD88597A828D9F408D8F28D29DAC9
S21403574CF405D9F285A4C2F2D8A88D9401D1D9F464
S21403575C11F2D88721D8F40AD8F28498A8C801D1B4
S21403576CD9F411D8F3A4C8BBAFD0F2DEF8F8F8F826
S21403577CF8F8F8F8D8F1B8F6B5B9B08A95A3DE3CC4
S21403578CA3D9F8D85CA3D9F8D87CA3D9F8D8F8F958
S21403579CD1A5D9DFDAFAD8B18530F7D9DED8F83007
S2140357ACADDADED8F2B48C99A32D557DA083DFDF5A
S2140357BCDFB591A0F629D9FBD8A0FC29D9FAD8A035
S2140357CCD051D9F8D8FC51D9F9D879D9FBD8A0D06F
S2140357DCFC79D9FAD8A1F9F9F9F9F9A0DADFDFDF00
S2140357ECD8A1F8F8F8F8F8ACDEF8ADDE8393AC2C59
S2140357FC547CF1A8DFDFDFF69D2CDAA0DFD9FADBC9
S21403580C2DF8D8A850DAA0D0DED9D0F8F8F8DB55A6
S21403581CF8D8A878DAA0D0DFD9D0FAF8F8F8F8DBFD
S21403582C7DF8D89CA88CF530DB38D9D0DEDFA0D039
S21403583CDEDFD8A848DB58D9DFD0DEA0DFD0DED831
S21403584CA868DB70D9DFDFA0DFDFD8F1A888902C3F
S21403585C547C98A8D05C38D1DAF2AE8CDFF9D8B089
S21403586C87A8C1C1B188A8C6F9F9DA36D8A8F9DA77
S21403587C36D8A8F9DA36D8A8F9DA36D8A8F9DA3643
S21403588CD8F78D9DADF818DAF2AEDFD8F7ADFA304F
S21403589CD9A4DEF9D8F2AEDEFAF983A7D9C3C5C705
S2140358ACF1889BA77AADF7DEDFA4F8849408A79754
S2140358BCF300AEF29819A488C6A39488F632DFF2E6
S2140358CC8393DB09D9F2AADFD8D8AEF8F9D1DAF389
S2140358DCA4DEA7F1889B7AD8F38494AE19F9DAAAD6
S2140358ECF1DFD8A881C0C3C5C7A39283F628ADDE63
S2140358FCD9F8D8A350ADD9F8D8A378ADD9F8D8F839
S21403590CF9D1A1DADEC3C5C7D8A18194F818F2B0D1
S21403591C89ACC3C5C7F1D8B8B4B09786A8319B0673
S21403592C9907AB9728889BF00C201440B0B4B8F0BA
S21403593CA88A9A285078B79BA82951792470594479
S21403594C6938644831F1BBAB88002C547CF0B38BBC
S21403595CB8A804285078F1B088B49726A85998BBF1
S21403596CABB38B02264666B0B8F08A9CA82951794D
S21403597C8B2951798A2470598B2058718A4469383B
S21403598C8B3940688A6448318B30496088F1AC00A7
S21403599C2C547CF08CA804285078F1889726A859A8
S2140359AC98AC8C02264666F0899CA82951792470FB
S2140359BC59446938644831A98809205970AB1138A1
S2140359CC4069A8193148608CA83C415C207C00F1E6
S2140359DC87981986A86E767EA999882D557DD8B199
S2140359ECB5B9A3DFDFDFAED0DFAAD0DEF2ABF8F9B2
S2140359FCD9B087C4AAF1DFDFBBAFDFDFB9D8B1F10B
S214035A0CA3978E60DFB084F2C8F8F9D9DED89385F5
S214035A1CF14AB183A308B5839A0810B79F10D8F13F
S214035A2CB0BAAEB08AC2B2B68E9EF1FBD9F41DD80C
S214035A3CF9D90CF1D8F8F8AD61D9AEFBD8F40CF162
S214035A4CD8F8F8AD19D9AEFBDFD8F416F1D8F8AD03
S214035A5C8D61D9F4F4ACF59C9C8DDF2BBAB6AEFAFB
S214035A6CF8F40BD8F1AED0F8AD51DAAEFAF8F1D8AB
S214035A7CB9B1B6A3839C08B9B1839AB5AAC0FD3055
S214035A8C83B79F10B58B93F20202D1ABDADED8F153
S214035A9CB080BAABC0C3B284C1C3D8B1B9F38BA3BD
S214035AAC91B609B4D9ABDEB0879CB9A3DDF1B38B41
S214035ABC8B8B8B8BB087A3A3A3A3B28BB69BF2A3C0
S214035ACCA3A3A3A3A3A3A3A3A3F1B087B59AA3F3FA
S214035ADC9BA3A3DCBAACDFB9A3A3A3A3A3A3A3A3DF
S214035AECA3A3A3A3A3A3A3A3D8D8D8BBB3B7F1AA42
S214035AFCF9DAFFD9809AAA28B48098A720B7978793
S214035B0CA86688F07951F1902C870CA7819762933D
S214035B1CF071716085940129517990A5F1284C6C2C
S214035B2C870C95188578A38390284C6C886CD8F3CF
S214035B3CA28200F210A8921980A2F2D926D8F18874
S214035B4CA84DD948D896A83980D93CD89580A83979
S214035B5CA68698D92CDA87A72CD8A8899519A98054
S214035B6CD938D8A88939A980DA3CD8A82EA8399070
S214035B7CD90CD8A8953198D90CD8A809D9FFD8012F
S214035B8CDAFFD89539A9DA26FFD890A80D8999A8F3
S214035B9C10809821DA2ED88999A83180DA2ED8A8C5
S214035BAC86963180DA2ED8A8873180DA2ED8A8824A
S214035BBC92F34180F1D92ED8A882F31980F1D92E0D
S214035BCCD882ACF3C0A28022F1A62EA72EA92298C7
S214035BDCA829DAACDEFFD8A2F22AF1A92E8292A863
S214035BECF23180A696F1D900AC8C9C0C30ACDED08E
S214035BFCDEFFD88C9CACD010ACDE8092A2F24C822A
S214035C0CA8F1CAF235F19688A6D900D8F1FF01039C
S214035C1C01FF0CFF0F7F00008D03000065030000DF
S8040007F103
